/*******************************************************************************
 * Size: 42 px
 * Bpp: 4
 * Opts: --no-prefilter --bpp 4 --size 42 --font src/fonts/HankenGrotesk-Medium.ttf -r 0x20-0x3FF,0x1E00-0x1EFF,0x2000-0x20CF,0x2100-0x21FF,0x2200-0x22FF,0x25A0-0x25FF,0xFB00-0xFB02 --format lvgl -o src/fonts/ori_font_hanken_42.c
 ******************************************************************************/

#ifdef LV_LVGL_H_INCLUDE_SIMPLE
#include "lvgl.h"
#else
#include "lvgl/lvgl.h"
#endif

#ifndef ORI_FONT_HANKEN_42
#define ORI_FONT_HANKEN_42 1
#endif

#if ORI_FONT_HANKEN_42

/*-----------------
 *    BITMAPS
 *----------------*/

/*Store the image of the glyphs*/
static LV_ATTRIBUTE_LARGE_CONST const uint8_t glyph_bitmap[] = {
    /* U+0020 " " */

    /* U+0021 "!" */
    0xe, 0xff, 0x88, 0x37, 0xfe, 0x20, 0xdf, 0xf8,
    0x83, 0x7f, 0xe1, 0xc, 0xff, 0x84, 0x33, 0xfe,
    0x0, 0x67, 0xfc, 0x0, 0xbf, 0xf8, 0x1, 0x7f,
    0xf0, 0x2, 0xbf, 0xe0, 0x5, 0x7f, 0xc0, 0xa,
    0xff, 0x70, 0x2, 0x7f, 0xdc, 0x0, 0x9f, 0xf7,
    0x0, 0x27, 0xfd, 0xa0, 0x8, 0xff, 0x68, 0x2,
    0x3f, 0xd8, 0x0, 0x8f, 0xf6, 0x0, 0x1f, 0xfd,
    0x80, 0x7, 0xff, 0x58, 0x1, 0x26, 0x4c, 0x1,
    0xff, 0xc2, 0x11, 0xc0, 0x7f, 0xf9, 0xcf, 0xff,
    0x39, 0xff, 0xe7, 0x3f, 0xfc, 0xe7, 0xff, 0x9c,

    /* U+0022 "\"" */
    0xff, 0xa0, 0x2, 0xff, 0xa3, 0xfe, 0x80, 0xb,
    0xfe, 0x8f, 0xfa, 0x0, 0x2f, 0xfa, 0x3f, 0xe8,
    0x0, 0xbf, 0xe8, 0xff, 0xa0, 0x2, 0xff, 0xa3,
    0xfe, 0x80, 0xb, 0xfe, 0x8f, 0xfa, 0x0, 0x2f,
    0xfa, 0x3f, 0xe8, 0x0, 0xbf, 0xe8, 0xff, 0xa0,
    0x2, 0xff, 0xa3, 0xfe, 0x80, 0xb, 0xfe, 0x8f,
    0xfa, 0x0, 0x2f, 0xfa, 0x37, 0xb8, 0xe0, 0x16,
    0xf7, 0x1c,

    /* U+0023 "#" */
    0x0, 0xfe, 0x9f, 0xf5, 0x0, 0x72, 0xff, 0xb8,
    0x3, 0xff, 0x83, 0xbf, 0xe6, 0x0, 0xe9, 0xff,
    0x50, 0x7, 0xff, 0x0, 0x7f, 0xe3, 0x0, 0xec,
    0xff, 0x38, 0x7, 0xff, 0x1, 0x3f, 0xe0, 0xf,
    0x7f, 0xc6, 0x1, 0xff, 0xc0, 0x8f, 0xf5, 0x80,
    0x72, 0x7f, 0xc0, 0x1f, 0xfc, 0x1c, 0xff, 0x38,
    0x7, 0x3f, 0xfb, 0x0, 0x3f, 0xf8, 0x3f, 0xf2,
    0x0, 0x75, 0xff, 0xa0, 0x3, 0xe1, 0x1e, 0x4f,
    0xf8, 0x84, 0x7b, 0xbf, 0xcc, 0x23, 0x80, 0x5,
    0xff, 0xff, 0xcb, 0x20, 0x2f, 0xff, 0xfe, 0x59,
    0x1, 0x7f, 0xff, 0xf2, 0xc8, 0x3, 0xc3, 0xff,
    0x10, 0x7, 0x67, 0xf9, 0xc0, 0x3f, 0xf8, 0x9,
    0xff, 0x0, 0x7b, 0xfe, 0x30, 0xf, 0xfe, 0x4,
    0x7f, 0xac, 0x3, 0x8f, 0xfe, 0x0, 0xff, 0xe0,
    0xdf, 0xfa, 0x0, 0x39, 0xff, 0xd8, 0x1, 0xff,
    0xc1, 0xff, 0x90, 0x3, 0xab, 0xfd, 0x0, 0x1f,
    0xfc, 0x3, 0xff, 0x84, 0x3, 0xb7, 0xfc, 0x80,
    0x1f, 0x6f, 0xff, 0xff, 0x29, 0xc0, 0x1d, 0xff,
    0xff, 0xca, 0x80, 0x7, 0x7f, 0xff, 0xf2, 0xa0,
    0x3, 0xef, 0xf8, 0x80, 0x3b, 0x3f, 0xce, 0x1,
    0xff, 0xc0, 0x3f, 0xf8, 0x3, 0xdf, 0xf2, 0x0,
    0x7f, 0xf0, 0x1f, 0xfd, 0x60, 0x1c, 0x5f, 0xf0,
    0x7, 0xff, 0x6, 0xbf, 0xd0, 0x1, 0xcd, 0xfe,
    0xd0, 0xf, 0xfe, 0xe, 0xff, 0x94, 0x3, 0xa7,
    0xfd, 0x40, 0x1f, 0xfc, 0x1, 0xff, 0x88, 0x3,
    0xb7, 0xfc, 0xc0, 0x1f, 0xfc, 0x4, 0xff, 0x70,
    0x7, 0xbf, 0xe3, 0x0, 0xff, 0xe0, 0x3f, 0xfa,
    0xc0, 0x38, 0xff, 0xe0, 0xf, 0xfe, 0xd, 0xff,
    0xa0, 0x3, 0x9f, 0xfd, 0x80, 0x1f, 0xe0,

    /* U+0024 "$" */
    0x0, 0xfe, 0x9f, 0xf3, 0x0, 0x7f, 0xf1, 0xa7,
    0xfc, 0xc0, 0x1f, 0xfc, 0x69, 0xff, 0x30, 0x7,
    0xff, 0x1a, 0x7f, 0xcc, 0x1, 0xff, 0xc6, 0x9f,
    0xf3, 0x0, 0x7f, 0xf1, 0x16, 0xff, 0xf5, 0xb8,
    0x80, 0x7f, 0xcd, 0xdf, 0xff, 0xd0, 0x1, 0xfd,
    0x5f, 0xff, 0xfc, 0xb, 0x0, 0xfa, 0x3f, 0xfb,
    0xaf, 0x3b, 0xff, 0xa8, 0x3, 0x8b, 0xff, 0x72,
    0x0, 0x65, 0xdf, 0xfc, 0xa0, 0x19, 0xff, 0xf1,
    0x0, 0x78, 0x77, 0xfd, 0x42, 0x1, 0xab, 0xfe,
    0xa0, 0xf, 0xc5, 0x88, 0x1, 0xeb, 0xff, 0xa0,
    0x3, 0xff, 0x8b, 0x5f, 0xf5, 0x80, 0x7f, 0xf1,
    0x5f, 0xff, 0x20, 0x7, 0xff, 0x10, 0x7f, 0xf9,
    0x80, 0x3f, 0xf8, 0x91, 0xff, 0xda, 0xc0, 0x1f,
    0xfc, 0x3a, 0xff, 0xfa, 0x4c, 0x3, 0xff, 0x82,
    0xff, 0xff, 0xb1, 0x0, 0x3f, 0xf8, 0x3, 0x3f,
    0xff, 0xb0, 0x80, 0x3f, 0xf8, 0x2, 0xfd, 0xff,
    0xf3, 0x0, 0x7f, 0xf0, 0x92, 0xff, 0xfc, 0xa0,
    0x1f, 0xfc, 0x33, 0xcf, 0xfe, 0x20, 0xf, 0xfe,
    0x23, 0xff, 0xe9, 0x0, 0xff, 0xe2, 0xdf, 0xfd,
    0xa0, 0x3, 0x7a, 0x90, 0xf, 0xf9, 0x7f, 0xf0,
    0x3f, 0xfd, 0xc0, 0x1f, 0xf2, 0x7f, 0xe0, 0x3f,
    0xfc, 0xa0, 0x1f, 0xe7, 0xff, 0xb8, 0x1, 0xbf,
    0xf7, 0x10, 0x7, 0xe1, 0xef, 0xfa, 0x80, 0xd,
    0xff, 0xb9, 0x40, 0x3c, 0x39, 0xff, 0x8c, 0x2,
    0xbf, 0xfe, 0xd8, 0x55, 0x35, 0x7f, 0xf5, 0x0,
    0x76, 0x7f, 0xff, 0xf0, 0xb0, 0x3, 0xe9, 0xff,
    0xff, 0xe0, 0x50, 0x7, 0xf1, 0xd7, 0xff, 0xec,
    0x40, 0xf, 0xfe, 0x9, 0xff, 0xda, 0x82, 0x1,
    0xff, 0xc4, 0x9f, 0xf3, 0x0, 0x7f, 0xf1, 0xa7,
    0xfc, 0xc0, 0x1f, 0xfc, 0x69, 0xff, 0x30, 0x7,
    0xff, 0x19, 0x22, 0x6, 0x1, 0xfc,

    /* U+0025 "%" */
    0x0, 0x92, 0xfb, 0xf6, 0x4c, 0x3, 0xfe, 0xef,
    0xf0, 0x80, 0x75, 0x7f, 0xfd, 0x0, 0x1f, 0xd3,
    0xfe, 0x60, 0xe, 0xaf, 0xfb, 0xb7, 0xff, 0x38,
    0x7, 0xc7, 0xfe, 0xc0, 0xe, 0x4f, 0xf9, 0x40,
    0x28, 0xff, 0x84, 0x3, 0xdb, 0xfe, 0x20, 0xe,
    0xbf, 0xf2, 0x80, 0x74, 0xff, 0xa0, 0x3, 0xa3,
    0xfc, 0xe0, 0x1e, 0xef, 0xe0, 0xf, 0x17, 0xfa,
    0xc0, 0x31, 0x7f, 0xb0, 0x3, 0xef, 0xf6, 0x0,
    0x7d, 0xfe, 0xc0, 0xd, 0x9f, 0xe2, 0x0, 0xfb,
    0x7f, 0x80, 0x3c, 0x5f, 0xeb, 0x0, 0x9f, 0xfd,
    0x0, 0x1f, 0xab, 0xfc, 0xc0, 0x1d, 0x5f, 0xe7,
    0x0, 0x17, 0xfb, 0x40, 0x3f, 0x8f, 0xfe, 0x82,
    0x2, 0xaf, 0xf7, 0x8, 0x2, 0xff, 0xc6, 0x1,
    0xfe, 0x8f, 0xff, 0xe5, 0x0, 0x37, 0xfa, 0x40,
    0x3f, 0xf8, 0xf, 0xff, 0xf2, 0x80, 0x7, 0xfd,
    0xc0, 0x1f, 0xfc, 0x21, 0x7b, 0xca, 0x71, 0x0,
    0xab, 0xfc, 0x80, 0x1f, 0xfc, 0xb5, 0xff, 0x50,
    0x7, 0xff, 0x2c, 0x7b, 0xf8, 0x40, 0x3f, 0xf9,
    0x75, 0xfe, 0x50, 0x9, 0x66, 0xe9, 0xc4, 0x3,
    0xff, 0x84, 0x9f, 0xeb, 0x0, 0x16, 0xff, 0xf9,
    0xc0, 0x3f, 0xf8, 0x3b, 0xfe, 0x10, 0x1e, 0xff,
    0xfd, 0x0, 0x1f, 0xf4, 0xff, 0x98, 0x1, 0x7f,
    0xed, 0x40, 0x18, 0xff, 0x8c, 0x3, 0xf8, 0xff,
    0xd8, 0x0, 0x2f, 0xf7, 0x8, 0x6, 0x6f, 0xf5,
    0x0, 0x7f, 0x6f, 0xf8, 0x80, 0xf, 0xfe, 0x70,
    0xf, 0x6f, 0xf8, 0x3, 0xf4, 0x7f, 0x9c, 0x2,
    0x9f, 0xf1, 0x80, 0x7a, 0xbf, 0xc2, 0x1, 0xe2,
    0xff, 0x60, 0x6, 0x9f, 0xf1, 0x80, 0x7a, 0xbf,
    0xc4, 0x1, 0xec, 0xff, 0x10, 0x6, 0x7f, 0xf3,
    0x0, 0x7b, 0x7f, 0xc0, 0x1e, 0x7f, 0xf4, 0x0,
    0x71, 0xff, 0xb4, 0x3, 0x93, 0xfd, 0x60, 0x1c,
    0x5f, 0xed, 0x0, 0xfb, 0x3f, 0xd6, 0x20, 0x4,
    0xef, 0xf2, 0x80, 0x75, 0xff, 0x8c, 0x3, 0xe2,
    0xff, 0xdb, 0xdf, 0xf5, 0x0, 0x73, 0x7f, 0xa4,
    0x3, 0xf9, 0x3b, 0xff, 0xd4, 0x1, 0xc3, 0xdf,
    0xc0, 0x1f, 0xf0, 0xc6, 0xff, 0x5a, 0x80, 0x60,

    /* U+0026 "&" */
    0x0, 0xf8, 0x5f, 0x3b, 0xfb, 0x64, 0xc0, 0x3f,
    0xf8, 0x8f, 0xff, 0xfd, 0x20, 0x1f, 0xfc, 0x29,
    0xff, 0xff, 0xa8, 0x3, 0xff, 0x80, 0xdf, 0xfb,
    0x19, 0x16, 0xbf, 0xf2, 0x0, 0x7f, 0xdd, 0xff,
    0x40, 0x7, 0x4f, 0xfd, 0x40, 0x1f, 0xe2, 0xff,
    0xb8, 0x3, 0xc3, 0xff, 0x60, 0x7, 0xf9, 0x3f,
    0xeb, 0x0, 0xfb, 0xfe, 0xd0, 0xf, 0xf1, 0xff,
    0xd6, 0x1, 0xe2, 0xff, 0xac, 0x3, 0xfe, 0xff,
    0xc0, 0x1e, 0xaf, 0xfa, 0x0, 0x3f, 0xeb, 0xff,
    0xa4, 0x3, 0x3f, 0xfe, 0x10, 0xf, 0xf8, 0xbf,
    0xf1, 0x80, 0x27, 0xff, 0x30, 0x7, 0xff, 0x6,
    0x7f, 0xee, 0x5d, 0xff, 0xd0, 0x1, 0xff, 0xc3,
    0xcf, 0xff, 0xcc, 0x1, 0xff, 0xc4, 0x2f, 0xff,
    0x69, 0x80, 0x7f, 0xf1, 0x17, 0xbf, 0xfc, 0x60,
    0x1e, 0x4e, 0xb9, 0x30, 0xc, 0x35, 0xff, 0xfb,
    0x88, 0x3, 0xa3, 0xfe, 0x40, 0x8, 0xb7, 0xff,
    0x73, 0xf7, 0xfd, 0xa2, 0x1, 0xb3, 0xfe, 0x10,
    0x0, 0xf7, 0xfe, 0x90, 0x1, 0xff, 0xec, 0x0,
    0x87, 0xfe, 0xd0, 0xa, 0xff, 0xf2, 0x0, 0x65,
    0xff, 0xd6, 0x0, 0x7f, 0xfa, 0x0, 0x9, 0xff,
    0x90, 0x3, 0xcf, 0xff, 0xa4, 0x3b, 0xfe, 0x30,
    0x4, 0xff, 0xd6, 0x1, 0xfa, 0x7f, 0xf7, 0x7f,
    0xd8, 0x1, 0x67, 0xfc, 0xe0, 0x1f, 0xd7, 0xff,
    0xf2, 0x80, 0x5b, 0xff, 0x38, 0x7, 0xfb, 0x3f,
    0xfb, 0x0, 0x36, 0x7f, 0xd6, 0x1, 0xfe, 0x2f,
    0xfe, 0x60, 0xd, 0x1f, 0xf9, 0x80, 0x3f, 0x1e,
    0xff, 0xf7, 0x10, 0x4, 0x3f, 0xfd, 0x48, 0x20,
    0x24, 0xd7, 0xff, 0xfb, 0x44, 0x2, 0x5f, 0xff,
    0xfe, 0x26, 0x7f, 0xec, 0x0, 0xcb, 0xff, 0xff,
    0xc1, 0xc3, 0x7, 0xff, 0xd4, 0x1, 0x86, 0x3b,
    0xff, 0xf5, 0xa0, 0x6, 0x9f, 0xf9, 0xc0, 0x3e,
    0x25, 0x67, 0x73, 0x18, 0x7, 0xeb, 0xf5, 0x0,
    0xff, 0xe6, 0x18, 0x4,

    /* U+0027 "'" */
    0xff, 0xa3, 0xfe, 0x8f, 0xfa, 0x3f, 0xe8, 0xff,
    0xa3, 0xfe, 0x8f, 0xfa, 0x3f, 0xe8, 0xff, 0xa3,
    0xfe, 0x8f, 0xfa, 0x37, 0xb8, 0xe0,

    /* U+0028 "(" */
    0x0, 0xc3, 0xff, 0x50, 0x6, 0xaf, 0xf7, 0x8,
    0x4, 0x7f, 0xf2, 0x80, 0x6b, 0xff, 0x68, 0x6,
    0x2f, 0xf9, 0x80, 0x34, 0x7f, 0xb8, 0x3, 0xb7,
    0xfd, 0x20, 0x18, 0xbf, 0xe4, 0x0, 0xcf, 0xfe,
    0xe0, 0xe, 0xbf, 0xf5, 0x0, 0x77, 0x7f, 0x98,
    0x3, 0x17, 0xfc, 0x60, 0x19, 0x7f, 0xe0, 0xe,
    0x7f, 0xf7, 0x0, 0x74, 0x7f, 0xb0, 0x3, 0xab,
    0xfd, 0x40, 0x1d, 0x7f, 0xe8, 0x0, 0xec, 0xff,
    0x40, 0x7, 0x67, 0xf9, 0xc0, 0x3b, 0x7f, 0xce,
    0x1, 0xd9, 0xfe, 0x80, 0xe, 0xbf, 0xf4, 0x0,
    0x75, 0x7f, 0xa8, 0x3, 0xa7, 0xfd, 0x60, 0x1c,
    0xff, 0xed, 0x0, 0xe4, 0xff, 0x80, 0x38, 0xbf,
    0xe3, 0x0, 0xee, 0xff, 0x38, 0x7, 0x5f, 0xfa,
    0x80, 0x39, 0xff, 0xdc, 0x1, 0xc7, 0xff, 0x20,
    0x7, 0x77, 0xfa, 0x40, 0x3a, 0x3f, 0xe0, 0xe,
    0x2f, 0xf9, 0x80, 0x3b, 0x3f, 0xda, 0x1, 0xc9,
    0xff, 0x30, 0x7, 0x67, 0xfb, 0x80, 0x38, 0xbf,
    0xe9,

    /* U+0029 ")" */
    0x8f, 0xf8, 0x80, 0x3b, 0x7f, 0xd8, 0x1, 0xc9,
    0xff, 0x28, 0x7, 0x67, 0xfb, 0x40, 0x39, 0x3f,
    0xe3, 0x0, 0xed, 0xff, 0x50, 0x7, 0x3f, 0xfc,
    0x1, 0xc5, 0xff, 0x20, 0x7, 0x6f, 0xfa, 0x40,
    0x3a, 0x3f, 0xd8, 0x1, 0xcb, 0xff, 0x0, 0x70,
    0xff, 0xc6, 0x1, 0xdd, 0xfe, 0x60, 0xe, 0xcf,
    0xf4, 0x0, 0x75, 0x7f, 0xa8, 0x3, 0xa3, 0xfd,
    0x60, 0x1c, 0xff, 0xec, 0x0, 0xe7, 0xff, 0x68,
    0x7, 0x37, 0xfb, 0x80, 0x39, 0xbf, 0xdc, 0x1,
    0xcd, 0xfe, 0xd0, 0xe, 0x7f, 0xf6, 0x80, 0x74,
    0xff, 0xac, 0x3, 0xab, 0xfd, 0x40, 0x1d, 0x9f,
    0xe8, 0x0, 0xef, 0xf9, 0x40, 0x31, 0x7f, 0xc6,
    0x1, 0x97, 0xfe, 0x0, 0xe9, 0xff, 0x60, 0x7,
    0x6f, 0xfa, 0x0, 0x31, 0xff, 0xc8, 0x1, 0xa3,
    0xfe, 0x0, 0xee, 0xff, 0x50, 0x6, 0x4f, 0xf9,
    0x0, 0x36, 0x7f, 0xb4, 0x3, 0x27, 0xfc, 0xc0,
    0x1b, 0x3f, 0xda, 0x1, 0x9f, 0xfe, 0x30, 0xc,

    /* U+002A "*" */
    0x0, 0xf6, 0xfc, 0x80, 0x7f, 0xf0, 0x33, 0xdc,
    0x3, 0xff, 0x81, 0x5e, 0xc0, 0x1f, 0x29, 0x0,
    0x53, 0xea, 0x1, 0x22, 0x0, 0x1f, 0xeb, 0x50,
    0x7f, 0x30, 0x6d, 0xfb, 0x3, 0xff, 0xdd, 0x7f,
    0x5f, 0xfb, 0x80, 0x23, 0x7b, 0xef, 0xfb, 0x69,
    0x88, 0x3, 0xe4, 0xff, 0x70, 0x80, 0x7f, 0x17,
    0x7b, 0x7e, 0x0, 0x7e, 0x1d, 0xf6, 0xb, 0xfb,
    0x0, 0xfb, 0x3f, 0x0, 0x3, 0xfe, 0x90, 0xe,
    0x4f, 0xf1, 0x80, 0x4f, 0xfc, 0x20, 0x1c, 0x4e,
    0x1, 0xd0, 0x20, 0x10,

    /* U+002B "+" */
    0x0, 0xfe, 0xef, 0xf3, 0x0, 0x7f, 0xf1, 0x7b,
    0xfc, 0xc0, 0x1f, 0xfc, 0x5e, 0xff, 0x30, 0x7,
    0xff, 0x17, 0xbf, 0xcc, 0x1, 0xff, 0xc5, 0xef,
    0xf3, 0x0, 0x7f, 0xf1, 0x7b, 0xfc, 0xc0, 0x1f,
    0xfc, 0x5e, 0xff, 0x30, 0x7, 0xff, 0x17, 0xbf,
    0xcc, 0x1, 0xff, 0xc5, 0xef, 0xf3, 0x0, 0x7e,
    0x5f, 0xff, 0xfe, 0x3f, 0x2f, 0xff, 0xff, 0x1f,
    0x97, 0xff, 0xff, 0x8f, 0xc2, 0x67, 0xfb, 0xbf,
    0xd0, 0x67, 0xf8, 0x3, 0xfb, 0xbf, 0xcc, 0x1,
    0xff, 0xc5, 0xef, 0xf3, 0x0, 0x7f, 0xf1, 0x7b,
    0xfc, 0xc0, 0x1f, 0xfc, 0x5e, 0xff, 0x30, 0x7,
    0xff, 0x17, 0xbf, 0xcc, 0x1, 0xff, 0xc5, 0xef,
    0xf3, 0x0, 0x7f, 0xf1, 0x7b, 0xfc, 0xc0, 0x1f,
    0xfc, 0x5e, 0xff, 0x30, 0x7, 0xe0,

    /* U+002C "," */
    0x0, 0x8e, 0x22, 0x70, 0xd, 0x7f, 0xf5, 0x80,
    0x6f, 0xfc, 0x80, 0x12, 0x7f, 0xda, 0x1, 0xa7,
    0xfe, 0x60, 0xd, 0xbf, 0xf0, 0x6, 0x2f, 0xfa,
    0x40, 0x33, 0x7f, 0xc4, 0x1, 0xaf, 0xfd, 0x60,
    0x1d, 0xff, 0x20, 0x6, 0x4f, 0xf6, 0x80, 0x74,
    0x7f, 0x98, 0x3, 0xb7, 0xfc, 0x1, 0xe0,

    /* U+002D "-" */
    0x0, 0xff, 0xe0, 0x2f, 0xff, 0xf8, 0x57, 0xff,
    0xfc, 0x2b, 0xff, 0xfe, 0x10,

    /* U+002E "." */
    0x1, 0x1c, 0x9, 0xff, 0x95, 0x3f, 0xf2, 0xa7,
    0xfe, 0x54, 0xff, 0xca, 0x9f, 0xf9, 0x40,

    /* U+002F "/" */
    0x0, 0xff, 0xe1, 0x17, 0xfc, 0x1, 0xff, 0xc3,
    0x8f, 0xf4, 0x80, 0x7f, 0xf0, 0xfb, 0xfc, 0x60,
    0x1f, 0xfc, 0x25, 0xff, 0x68, 0x7, 0xff, 0xe,
    0xff, 0xcc, 0x1, 0xff, 0xc2, 0x1f, 0xf8, 0x40,
    0x3f, 0xf8, 0x51, 0xfe, 0xa0, 0xf, 0xfe, 0x1f,
    0x7f, 0x8c, 0x3, 0xff, 0x84, 0x9f, 0xed, 0x0,
    0xff, 0xe1, 0xdf, 0xf9, 0xc0, 0x3f, 0xf8, 0x43,
    0xff, 0x8, 0x7, 0xff, 0x9, 0xff, 0xd4, 0x1,
    0xff, 0xc3, 0xdf, 0xf2, 0x0, 0x7f, 0xf0, 0x93,
    0xfd, 0xa0, 0x1f, 0xfc, 0x3a, 0xff, 0x38, 0x7,
    0xff, 0x8, 0x7f, 0xe1, 0x0, 0xff, 0xe1, 0x3f,
    0xfa, 0x80, 0x3f, 0xf8, 0x7b, 0xfe, 0x40, 0xf,
    0xfe, 0x12, 0x7f, 0xb4, 0x3, 0xff, 0x87, 0x5f,
    0xe7, 0x0, 0xff, 0xe1, 0xf, 0xfc, 0x20, 0x1f,
    0xfc, 0x27, 0xff, 0x50, 0x7, 0xff, 0xf, 0x7f,
    0xc8, 0x1, 0xff, 0xc2, 0x3f, 0xf7, 0x0, 0x7f,
    0xf0, 0xeb, 0xfc, 0xe0, 0x1f, 0xfc, 0x3f, 0xf8,
    0x40, 0x3f, 0xf8, 0x4d, 0xfe, 0xb0, 0xf, 0xfe,
    0x1e, 0xff, 0x90, 0x3, 0xff, 0x84, 0x7f, 0xee,
    0x0, 0xff, 0xe1, 0xcf, 0xfa, 0x0, 0x3f, 0xf8,
    0x7f, 0xf0, 0x80, 0x7f, 0xf0, 0x9b, 0xfd, 0x60,
    0x1f, 0xfc, 0x3c, 0xff, 0x28, 0x7, 0xff, 0x8,
    0xff, 0xdc, 0x1, 0xff, 0xc3, 0x9f, 0xf4, 0x0,
    0x7f, 0xf0, 0xff, 0xe2, 0x0, 0xff, 0xe1, 0x37,
    0xfa, 0xc0, 0x3f, 0xf8, 0x79, 0xfe, 0x50, 0xf,
    0xfe, 0x18,

    /* U+0030 "0" */
    0x0, 0xe1, 0x7c, 0xef, 0xed, 0x94, 0x0, 0xff,
    0x3f, 0xff, 0xf5, 0x90, 0x7, 0xd5, 0xff, 0xff,
    0x71, 0x0, 0x73, 0xff, 0xff, 0xf0, 0x74, 0x3,
    0x17, 0xff, 0x38, 0x80, 0x13, 0x3f, 0xf4, 0x0,
    0x53, 0xff, 0x90, 0x3, 0xd9, 0xff, 0x84, 0x1,
    0xff, 0xa4, 0x3, 0xe3, 0xff, 0xcc, 0x9, 0xff,
    0x88, 0x3, 0xf5, 0xff, 0xd6, 0xf, 0xff, 0x68,
    0x7, 0xf3, 0x7f, 0xe0, 0xaf, 0xfa, 0x80, 0x3f,
    0x8b, 0xff, 0xe, 0x7f, 0xce, 0x1, 0xfe, 0xff,
    0xc9, 0xbf, 0xf2, 0x80, 0x7f, 0xb7, 0xfe, 0x5e,
    0xff, 0x90, 0x3, 0xfd, 0x9f, 0xf3, 0x7f, 0xe3,
    0x0, 0xff, 0x5f, 0xfc, 0xff, 0xf8, 0xc0, 0x3f,
    0xd5, 0xff, 0x3f, 0x7f, 0xc8, 0x1, 0xfe, 0xbf,
    0xf9, 0xfb, 0xfe, 0x50, 0xf, 0xf5, 0xff, 0xcd,
    0xbf, 0xf3, 0x0, 0x7f, 0xb3, 0xfe, 0x5c, 0xff,
    0x9c, 0x3, 0xfd, 0xff, 0x92, 0x7f, 0xea, 0x0,
    0xfe, 0x1f, 0xfc, 0x2f, 0xff, 0x68, 0x7, 0xf2,
    0xff, 0xe0, 0x3f, 0xfc, 0x60, 0x1f, 0xab, 0xfe,
    0xb0, 0x7, 0x7f, 0xd4, 0x1, 0xf1, 0x7f, 0xe6,
    0x0, 0x47, 0xfe, 0x50, 0xf, 0x67, 0xfe, 0x0,
    0x87, 0xff, 0xa0, 0x40, 0x7, 0x7f, 0xfa, 0x0,
    0x33, 0xff, 0xff, 0xf0, 0x78, 0x3, 0xd3, 0xff,
    0xff, 0x71, 0x0, 0x7c, 0xff, 0xff, 0xd8, 0x40,
    0x1f, 0xc2, 0xf9, 0xdf, 0xed, 0xa4, 0x0, 0xf0,

    /* U+0031 "1" */
    0x0, 0xf8, 0x7f, 0xf0, 0x80, 0x7c, 0x3f, 0xf8,
    0x40, 0x3e, 0x2f, 0xfc, 0x20, 0x1f, 0x2f, 0xfe,
    0x12, 0x44, 0xe7, 0xef, 0xfc, 0x35, 0xff, 0xff,
    0xd, 0x7f, 0xff, 0xc3, 0x5f, 0xff, 0xf0, 0x80,
    0x7c, 0x3f, 0xf8, 0x40, 0x3e, 0x1f, 0xfc, 0x20,
    0x1f, 0xf, 0xfe, 0x10, 0xf, 0x87, 0xff, 0x8,
    0x7, 0xc3, 0xff, 0x84, 0x3, 0xe1, 0xff, 0xc2,
    0x1, 0xf0, 0xff, 0xe1, 0x0, 0xf8, 0x7f, 0xf0,
    0x80, 0x7c, 0x3f, 0xf8, 0x40, 0x3e, 0x1f, 0xfc,
    0x20, 0x1f, 0xf, 0xfe, 0x10, 0xf, 0x87, 0xff,
    0x8, 0x7, 0xc3, 0xff, 0x84, 0x3, 0xe1, 0xff,
    0xc2, 0x1, 0xf0, 0xff, 0xe1, 0x0, 0xf8, 0x7f,
    0xf0, 0x80, 0x7c, 0x3f, 0xf8, 0x40, 0x3e, 0x1f,
    0xfc, 0x20, 0x1f, 0xf, 0xfe, 0x10, 0xf, 0x87,
    0xff, 0x8, 0x7, 0xc3, 0xff, 0x84,

    /* U+0032 "2" */
    0x0, 0xf1, 0xc6, 0x77, 0xfb, 0x64, 0xc0, 0x3f,
    0xc3, 0x5f, 0xff, 0xd4, 0x20, 0x1f, 0x17, 0x7f,
    0xff, 0xdc, 0x40, 0x1c, 0x3d, 0xff, 0xff, 0xc1,
    0xc0, 0xe, 0xbf, 0xfd, 0x88, 0x20, 0x29, 0x9f,
    0xfa, 0x0, 0x23, 0xff, 0xd2, 0x1, 0xf5, 0xff,
    0xdc, 0x1, 0x4f, 0xfd, 0xa0, 0x1f, 0x87, 0xff,
    0x18, 0x3, 0x7f, 0xe6, 0x0, 0xfe, 0xbf, 0xf9,
    0x80, 0x1f, 0xf8, 0x40, 0x3f, 0xa7, 0xfe, 0x70,
    0x2f, 0xfb, 0x80, 0x3f, 0xd1, 0xff, 0x30, 0x0,
    0xd1, 0x54, 0x1, 0xfe, 0xaf, 0xf9, 0x40, 0x3f,
    0xf8, 0x9d, 0xff, 0x10, 0x7, 0xff, 0xd, 0x3f,
    0xee, 0x0, 0xff, 0xe2, 0x67, 0xfd, 0x0, 0x1f,
    0xfc, 0x36, 0xff, 0xc2, 0x1, 0xff, 0xc2, 0x2f,
    0xfd, 0x0, 0x1f, 0xfc, 0x21, 0xdf, 0xfb, 0x40,
    0x3f, 0xf8, 0x43, 0x9f, 0xf8, 0xc0, 0x3f, 0xf8,
    0x23, 0x9f, 0xf9, 0x0, 0x3f, 0xf8, 0x25, 0xbf,
    0xf9, 0x40, 0x3f, 0xf8, 0x27, 0xdf, 0xf9, 0x40,
    0x3f, 0xf8, 0x2f, 0xff, 0xb8, 0xc0, 0x3f, 0xf8,
    0x35, 0xff, 0xb0, 0x40, 0x3f, 0xf8, 0x7, 0xbf,
    0xfa, 0x0, 0x3f, 0xf8, 0x2f, 0xff, 0xb0, 0xc0,
    0x3f, 0xf8, 0x37, 0xff, 0xdb, 0xbf, 0xfc, 0x18,
    0x1f, 0xff, 0xfe, 0x3d, 0xf, 0xff, 0xff, 0x1e,
    0x87, 0xff, 0xff, 0x8f, 0x40,

    /* U+0033 "3" */
    0x0, 0xf9, 0x27, 0x3b, 0xfb, 0x69, 0x0, 0x3f,
    0xf8, 0x5, 0x9f, 0xff, 0xda, 0x80, 0x1f, 0xcb,
    0xff, 0xff, 0xc1, 0x70, 0xf, 0x8f, 0xff, 0xee,
    0xff, 0xf9, 0x40, 0x3d, 0xbf, 0xfa, 0x8, 0x2,
    0x3a, 0xff, 0xdc, 0x1, 0xcb, 0xff, 0x90, 0x3,
    0xe7, 0xff, 0xc8, 0x1, 0xa7, 0xfe, 0xa0, 0xf,
    0xed, 0xff, 0x9c, 0x3, 0x5f, 0xfc, 0xa0, 0x1f,
    0xd5, 0xff, 0x38, 0x7, 0x8, 0xc0, 0x1f, 0xeb,
    0xff, 0x94, 0x3, 0xff, 0x8a, 0x3f, 0xf8, 0x40,
    0x3f, 0xf8, 0x85, 0x9f, 0xf3, 0x80, 0x7f, 0xf0,
    0x51, 0x5e, 0xff, 0xf3, 0x0, 0x7f, 0xf0, 0xbf,
    0xfd, 0x44, 0x1, 0xff, 0xc3, 0xff, 0xf6, 0xb8,
    0x80, 0x7f, 0xf0, 0xbf, 0xff, 0x98, 0x3, 0xff,
    0x84, 0x26, 0xb3, 0xdf, 0xf9, 0xc0, 0x3f, 0xf8,
    0xd5, 0xff, 0x8c, 0x3, 0xff, 0x8d, 0x7f, 0xf5,
    0x0, 0x7f, 0xf1, 0x8f, 0xff, 0x0, 0x1d, 0xf0,
    0x7, 0xff, 0x7, 0xff, 0x8, 0x7f, 0xe1, 0x0,
    0xff, 0xe0, 0x7f, 0xe1, 0xe, 0xff, 0x94, 0x3,
    0xfe, 0x3f, 0xfc, 0x0, 0xaf, 0xfb, 0x40, 0x3f,
    0xeb, 0xff, 0xb0, 0x0, 0x9f, 0xfa, 0xc4, 0x3,
    0xf4, 0x7f, 0xe6, 0x0, 0xb3, 0xff, 0x73, 0x90,
    0x4, 0x2b, 0x9f, 0xfb, 0x40, 0x31, 0x77, 0xff,
    0xff, 0x10, 0xc0, 0x38, 0xbb, 0xff, 0xff, 0x83,
    0xc8, 0x1, 0xf0, 0xcf, 0xff, 0xfd, 0x42, 0x1,
    0xfe, 0x16, 0xad, 0xff, 0xb6, 0xdc, 0x40, 0x3c,

    /* U+0034 "4" */
    0x0, 0xff, 0xe1, 0x67, 0xfc, 0xa0, 0x1f, 0xfc,
    0x58, 0xff, 0xca, 0x1, 0xff, 0xc4, 0x4f, 0xfe,
    0x50, 0xf, 0xfe, 0x18, 0xf7, 0xff, 0x28, 0x7,
    0xff, 0xf, 0x3f, 0xfc, 0xa0, 0x1f, 0xfc, 0x28,
    0xff, 0xf9, 0x40, 0x3f, 0xf8, 0x29, 0xff, 0x36,
    0xff, 0xca, 0x1, 0xff, 0xc0, 0x1e, 0xff, 0x58,
    0x6f, 0xfc, 0xa0, 0x1f, 0xfc, 0xc, 0xff, 0x70,
    0x86, 0xff, 0xca, 0x1, 0xff, 0x47, 0xfc, 0x80,
    0xd, 0xff, 0x94, 0x3, 0xfc, 0x9f, 0xf4, 0x0,
    0x5b, 0xff, 0x28, 0x7, 0xf0, 0xf7, 0xfb, 0x0,
    0x36, 0xff, 0xca, 0x1, 0xfd, 0x7f, 0xf1, 0x0,
    0x6d, 0xff, 0x94, 0x3, 0xf4, 0x7f, 0xca, 0x1,
    0xdb, 0xff, 0x28, 0x7, 0xc9, 0xff, 0x48, 0x7,
    0xb7, 0xfe, 0x50, 0xf, 0xf, 0x7f, 0xb4, 0x3,
    0xed, 0xff, 0x94, 0x3, 0xd7, 0xff, 0x18, 0x7,
    0xdb, 0xff, 0x28, 0x7, 0x3f, 0xfc, 0xe0, 0x1f,
    0xb7, 0xfe, 0x50, 0xc, 0x7f, 0xfb, 0x77, 0xfb,
    0xff, 0x76, 0xee, 0x7f, 0xff, 0xfe, 0x53, 0xff,
    0xff, 0xf2, 0x9f, 0xff, 0xff, 0x94, 0x1, 0xff,
    0xc2, 0xdf, 0xf9, 0x40, 0x3f, 0xf8, 0xdb, 0xff,
    0x28, 0x7, 0xff, 0x1b, 0x7f, 0xe5, 0x0, 0xff,
    0xe3, 0x6f, 0xfc, 0xa0, 0x1f, 0xfc, 0x6d, 0xff,
    0x94, 0x3, 0xff, 0x8d, 0xbf, 0xf2, 0x80, 0x7f,
    0xf1, 0xb7, 0xfe, 0x50, 0xc,

    /* U+0035 "5" */
    0x0, 0x87, 0xff, 0xff, 0x87, 0x80, 0x1c, 0x9f,
    0xff, 0xfc, 0x3c, 0x0, 0xe7, 0xff, 0xff, 0xe1,
    0xe0, 0x7, 0x57, 0xfe, 0xdd, 0xff, 0xa8, 0x3,
    0xb7, 0xfe, 0x30, 0xf, 0xfe, 0x2f, 0xfe, 0x0,
    0xff, 0xe2, 0x9f, 0xfd, 0xa0, 0x1f, 0xfc, 0x56,
    0xff, 0xa8, 0x3, 0xff, 0x8b, 0x3f, 0xf3, 0x80,
    0x7f, 0xf1, 0x73, 0xfe, 0x42, 0x7c, 0xef, 0xec,
    0x82, 0x0, 0xfd, 0xff, 0xab, 0xff, 0xfa, 0x40,
    0x3c, 0x5f, 0xff, 0xfc, 0x3c, 0x20, 0xc, 0xbf,
    0xff, 0xbb, 0x9f, 0xfe, 0xd0, 0xd, 0x1f, 0xfd,
    0x68, 0x1, 0x9b, 0xbf, 0xf4, 0x80, 0x55, 0xff,
    0x9c, 0x3, 0xe1, 0xcf, 0xfc, 0x60, 0x11, 0x35,
    0x38, 0x7, 0xf1, 0x7f, 0xe9, 0x0, 0xff, 0xe2,
    0xd7, 0xfd, 0xa0, 0x1f, 0xfc, 0x55, 0xff, 0xc0,
    0x1f, 0xfc, 0x54, 0xff, 0xc2, 0x1, 0x8, 0x80,
    0x3f, 0xe5, 0xff, 0xc0, 0xb7, 0xdf, 0x20, 0x1f,
    0xf4, 0x7f, 0xdc, 0xb, 0xff, 0x70, 0x7, 0xfd,
    0xbf, 0xf5, 0x0, 0xff, 0xe8, 0x0, 0xfe, 0x7f,
    0xfc, 0xa0, 0x9, 0xff, 0xcc, 0x1, 0xf2, 0xff,
    0xed, 0x0, 0x87, 0xbf, 0xf5, 0xa0, 0x4, 0x75,
    0xff, 0xc8, 0x1, 0x8f, 0xff, 0xff, 0x86, 0xe0,
    0x1e, 0x4e, 0xff, 0xff, 0xe0, 0x38, 0x7, 0xe1,
    0xaf, 0xff, 0xec, 0x40, 0xf, 0xf8, 0xa3, 0x3b,
    0xfb, 0x65, 0x0, 0x3e,

    /* U+0036 "6" */
    0x0, 0xff, 0x1f, 0xfe, 0x70, 0xf, 0xfe, 0x26,
    0xff, 0xd8, 0x1, 0xff, 0xc4, 0x7f, 0xfc, 0x40,
    0x1f, 0xfc, 0x32, 0xff, 0xce, 0x1, 0xff, 0xc4,
    0xbf, 0xfb, 0x0, 0x3f, 0xf8, 0x8b, 0xff, 0x88,
    0x3, 0xff, 0x86, 0x3d, 0xff, 0x38, 0x7, 0xff,
    0x12, 0x7f, 0xec, 0x0, 0xff, 0xe2, 0x1f, 0xfe,
    0x20, 0xf, 0xfe, 0x26, 0xff, 0xd6, 0xf3, 0xc,
    0x40, 0x1f, 0xf3, 0xff, 0xff, 0xb5, 0x40, 0x3f,
    0x17, 0xff, 0xff, 0x6, 0x80, 0x3e, 0xbf, 0xff,
    0xfe, 0x16, 0x0, 0x72, 0xff, 0xf4, 0x98, 0x81,
    0x3f, 0x7f, 0xe9, 0x0, 0xdd, 0xff, 0x71, 0x80,
    0x78, 0x6f, 0xff, 0x20, 0x1, 0xbf, 0xf1, 0x0,
    0x7f, 0x6f, 0xfd, 0x80, 0xd, 0xff, 0xa0, 0x3,
    0xfc, 0xbf, 0xf8, 0x45, 0xff, 0x88, 0x3, 0xfe,
    0xff, 0xc8, 0x7f, 0xf8, 0x3, 0xff, 0x81, 0x9f,
    0xf3, 0x27, 0xfe, 0x0, 0xff, 0xe0, 0x67, 0xfc,
    0xc7, 0xff, 0x84, 0x3, 0xfe, 0xef, 0xf9, 0x3,
    0xff, 0x38, 0x7, 0xf9, 0x3f, 0xf1, 0x5, 0xff,
    0xdc, 0x20, 0x1f, 0xd9, 0xff, 0x68, 0x1, 0x3f,
    0xf6, 0x8, 0x7, 0xd5, 0xff, 0x98, 0x2, 0xaf,
    0xfd, 0xce, 0x20, 0x1, 0x6d, 0xff, 0xd6, 0x1,
    0xd9, 0xff, 0xff, 0xc2, 0xd1, 0x0, 0xe1, 0xbf,
    0xff, 0xfe, 0x6, 0x10, 0x7, 0xe7, 0xff, 0xff,
    0x40, 0x7, 0xff, 0x1, 0xaf, 0xbf, 0xdd, 0x6e,
    0x20, 0x1e,

    /* U+0037 "7" */
    0xdf, 0xff, 0xfe, 0x41, 0xef, 0xff, 0xff, 0x20,
    0xf7, 0xff, 0xff, 0x90, 0x75, 0xbb, 0xff, 0xc3,
    0xff, 0xe1, 0x0, 0xff, 0xe1, 0x8f, 0xfe, 0x70,
    0xf, 0xfe, 0x24, 0x7f, 0xdc, 0x1, 0xff, 0xc4,
    0x1f, 0xfc, 0xe0, 0x1f, 0xfc, 0x49, 0xff, 0xb8,
    0x3, 0xff, 0x88, 0x5f, 0xf9, 0x80, 0x3f, 0xf8,
    0x95, 0xff, 0x68, 0x7, 0xff, 0x10, 0xbf, 0xf2,
    0x80, 0x7f, 0xf1, 0x2f, 0xfe, 0xd0, 0xf, 0xfe,
    0x21, 0xff, 0xe4, 0x0, 0xff, 0xe2, 0x5f, 0xfd,
    0x80, 0x1f, 0xfc, 0x44, 0xff, 0xc8, 0x1, 0xff,
    0xc4, 0xcf, 0xfa, 0xc0, 0x3f, 0xf8, 0x8b, 0xff,
    0x8c, 0x3, 0xff, 0x89, 0xbf, 0xf5, 0x80, 0x7f,
    0xf1, 0x1b, 0xff, 0x10, 0x7, 0xff, 0x13, 0x7f,
    0xea, 0x0, 0xff, 0xe2, 0x37, 0xfe, 0x20, 0xf,
    0xfe, 0x27, 0x7f, 0xd2, 0x1, 0xff, 0xc4, 0x7f,
    0xfc, 0x20, 0x1f, 0xfc, 0x31, 0xef, 0xfa, 0x0,
    0x3f, 0xf8, 0x91, 0xff, 0x84, 0x3, 0xff, 0x86,
    0x3f, 0xfa, 0x0, 0x3f, 0xf8, 0x93, 0xff, 0x70,
    0x7, 0xff, 0x10, 0xbf, 0xf3, 0x80, 0x7f, 0xf1,
    0x2b, 0xfe, 0xe0, 0xf, 0xfe, 0x10,

    /* U+0038 "8" */
    0x0, 0xf0, 0xbd, 0xef, 0xf6, 0xd2, 0x80, 0x7f,
    0xc3, 0x3f, 0xff, 0xdc, 0xa0, 0x1f, 0x8b, 0x7f,
    0xff, 0xf8, 0x10, 0x1, 0xe1, 0xef, 0xff, 0x77,
    0xff, 0xce, 0x1, 0xd3, 0xff, 0xb1, 0x40, 0x21,
    0x7f, 0xfe, 0x10, 0xd, 0xdf, 0xf5, 0x80, 0x7c,
    0x7f, 0xf9, 0x80, 0x21, 0xff, 0xc4, 0x1, 0xfa,
    0x7f, 0xe9, 0x0, 0x87, 0xff, 0x0, 0x7f, 0x37,
    0xfd, 0x20, 0x1b, 0xff, 0x8, 0x7, 0xe8, 0xff,
    0x9c, 0x3, 0x57, 0xfd, 0x20, 0x1f, 0xf, 0x7f,
    0xc4, 0x1, 0x8b, 0xbf, 0xeb, 0x30, 0xc, 0xdd,
    0xff, 0x48, 0x7, 0x8f, 0xbf, 0xfb, 0x7b, 0xff,
    0xa8, 0x3, 0xf2, 0xff, 0xff, 0xd8, 0x20, 0x1f,
    0x57, 0xff, 0xff, 0x7, 0x90, 0x3, 0xaf, 0xff,
    0x5a, 0x88, 0x9, 0xc7, 0x7f, 0xe4, 0x0, 0x9f,
    0xff, 0x28, 0x7, 0xc3, 0x7f, 0xf7, 0x8, 0x3,
    0xff, 0x30, 0x7, 0xfb, 0x7f, 0xe7, 0x5, 0xff,
    0xb4, 0x3, 0xfe, 0x5f, 0xfb, 0x42, 0x3f, 0xe9,
    0x0, 0xff, 0x87, 0xff, 0x5, 0x7f, 0xce, 0x1,
    0xff, 0xc0, 0xff, 0xc5, 0x3f, 0xf4, 0x80, 0x7f,
    0xf0, 0x3f, 0xf1, 0x47, 0xfd, 0x80, 0x1f, 0xf2,
    0x7f, 0xe0, 0x5f, 0xfc, 0x80, 0x1f, 0xec, 0xff,
    0xb4, 0x1, 0xdf, 0xf8, 0xc0, 0x3f, 0x4f, 0xfe,
    0x70, 0x3, 0xff, 0xf4, 0x98, 0x4, 0x2d, 0xbf,
    0xfb, 0x80, 0x34, 0xff, 0xfd, 0xdf, 0xff, 0x71,
    0x80, 0x74, 0xff, 0xff, 0xf0, 0x78, 0xc0, 0x3e,
    0x4d, 0xff, 0xff, 0x48, 0x80, 0x7f, 0x92, 0x73,
    0xbf, 0xdd, 0x6e, 0x20, 0x1e,

    /* U+0039 "9" */
    0x0, 0xf1, 0x46, 0x77, 0xfb, 0x69, 0x40, 0x3f,
    0xe1, 0xaf, 0xff, 0xee, 0x40, 0xf, 0xc9, 0xdf,
    0xff, 0xfc, 0x9, 0x0, 0xf1, 0xff, 0xfd, 0xdf,
    0xff, 0x50, 0x6, 0x1e, 0xff, 0xd6, 0x80, 0x11,
    0x47, 0xff, 0x38, 0x5, 0x5f, 0xf9, 0x80, 0x3e,
    0x2d, 0xff, 0xc4, 0x3, 0xff, 0xa0, 0x3, 0xf8,
    0xbf, 0xf4, 0x2, 0xff, 0xe0, 0xf, 0xfa, 0x7f,
    0xed, 0x8, 0xff, 0xac, 0x3, 0xfe, 0x4f, 0xfc,
    0x13, 0xff, 0x48, 0x7, 0xfc, 0x5f, 0xf8, 0x63,
    0xfe, 0xa0, 0xf, 0xf8, 0xff, 0xf0, 0x37, 0xfd,
    0xa0, 0x1f, 0xf3, 0xff, 0xdc, 0x5, 0xff, 0x94,
    0x3, 0xfd, 0xdf, 0xf5, 0x0, 0x33, 0xff, 0x10,
    0x7, 0xea, 0xff, 0xc8, 0x0, 0x3f, 0xfe, 0x60,
    0xe, 0x3c, 0xff, 0xd8, 0x1, 0x9b, 0xff, 0xd7,
    0x54, 0xdf, 0xff, 0x18, 0x7, 0x3f, 0xff, 0xff,
    0xa, 0x0, 0x3e, 0x4e, 0xff, 0xff, 0xb8, 0x3,
    0xfc, 0xb5, 0xbf, 0xed, 0xef, 0xfc, 0x80, 0x1f,
    0xfc, 0x31, 0xef, 0xfa, 0x80, 0x3f, 0xf8, 0x95,
    0xff, 0x84, 0x3, 0xff, 0x86, 0x9f, 0xf9, 0x80,
    0x3f, 0xf8, 0x9b, 0xff, 0x60, 0x7, 0xff, 0x12,
    0x3f, 0xf1, 0x0, 0x7f, 0xf0, 0xcb, 0xff, 0x40,
    0x7, 0xff, 0x13, 0x3f, 0xed, 0x0, 0xff, 0xe2,
    0x37, 0xfe, 0x40, 0xf, 0xfe, 0x18, 0xff, 0xea,
    0x0, 0xff, 0xe2, 0x57, 0xfd, 0xc2, 0x1, 0xfe,

    /* U+003A ":" */
    0x5f, 0xfc, 0xcb, 0xff, 0x99, 0x7f, 0xf3, 0x2f,
    0xfe, 0x65, 0xff, 0xcc, 0x2, 0x38, 0x3, 0xff,
    0xcc, 0x23, 0x81, 0x7f, 0xf3, 0x2f, 0xfe, 0x65,
    0xff, 0xcc, 0xbf, 0xf9, 0x97, 0xff, 0x30,

    /* U+003B ";" */
    0x0, 0xc2, 0x38, 0x3, 0x57, 0xfe, 0x10, 0xa,
    0xbf, 0xf0, 0x80, 0x55, 0xff, 0x84, 0x2, 0xaf,
    0xfc, 0x20, 0x15, 0x7f, 0xe1, 0x0, 0xff, 0xff,
    0x80, 0x7f, 0x16, 0xee, 0x30, 0x9, 0xff, 0xed,
    0x0, 0xd9, 0xff, 0x30, 0x4, 0x3f, 0xf7, 0x0,
    0x66, 0xff, 0xa0, 0x3, 0x5f, 0xfc, 0x20, 0x1b,
    0xfe, 0x90, 0xc, 0xbf, 0xf1, 0x0, 0x6a, 0xff,
    0x58, 0x7, 0x77, 0xf8, 0xc0, 0x31, 0xff, 0xb0,
    0x3, 0xa3, 0xfc, 0xa0, 0x1c,

    /* U+003C "<" */
    0x0, 0xff, 0xe3, 0x8b, 0x80, 0x7f, 0xf1, 0x92,
    0xbf, 0xc0, 0x1f, 0xfc, 0x31, 0x7d, 0xff, 0xc0,
    0x1f, 0xfc, 0x14, 0xaf, 0xff, 0x80, 0x3f, 0xc2,
    0xfb, 0xff, 0xec, 0x60, 0xf, 0xe4, 0xaf, 0xff,
    0x74, 0x90, 0x7, 0xe1, 0x7d, 0xff, 0xf6, 0x28,
    0x7, 0xf1, 0xd7, 0xff, 0xba, 0x8, 0x3, 0xf9,
    0xb7, 0xff, 0xd6, 0xa0, 0x1f, 0xfc, 0xf, 0xfe,
    0xe8, 0x20, 0xf, 0xfe, 0x17, 0xfe, 0x50, 0xf,
    0xfe, 0x2f, 0xfe, 0xe9, 0x20, 0xf, 0xfe, 0x1d,
    0xff, 0xfb, 0x18, 0x3, 0xff, 0x84, 0x53, 0xff,
    0xf4, 0x98, 0x7, 0xff, 0x9, 0xb3, 0xff, 0xd8,
    0xc0, 0x1f, 0xfc, 0x22, 0x9f, 0xff, 0xa4, 0xc0,
    0x3f, 0xf8, 0x4d, 0x9f, 0xfe, 0xd6, 0x10, 0xf,
    0xfe, 0x9, 0x4f, 0xff, 0xd4, 0x1, 0xff, 0xc3,
    0x6c, 0xff, 0xe0, 0xf, 0xfe, 0x29, 0xcf, 0xfc,
    0x1, 0xff, 0xc8, 0x6c, 0x0,

    /* U+003D "=" */
    0x24, 0x4f, 0xfe, 0x20, 0xdf, 0xff, 0xff, 0x11,
    0x2f, 0xff, 0xff, 0x88, 0x97, 0xff, 0xff, 0xc4,
    0x40, 0xf, 0xff, 0xf8, 0x7, 0xff, 0xc, 0x91,
    0x3f, 0xf8, 0x83, 0x7f, 0xff, 0xfc, 0x44, 0xbf,
    0xff, 0xfe, 0x22, 0x5f, 0xff, 0xff, 0x11, 0x0,

    /* U+003E ">" */
    0x44, 0x0, 0x7f, 0xf2, 0x1f, 0xf5, 0xc4, 0x3,
    0xff, 0x8a, 0xff, 0xfa, 0x90, 0x3, 0xff, 0x86,
    0xdf, 0xfe, 0xd7, 0x10, 0xf, 0xfe, 0x9, 0x4f,
    0x7f, 0xfa, 0x90, 0x3, 0xff, 0x84, 0xb9, 0xff,
    0xed, 0x71, 0x0, 0xff, 0xe0, 0x94, 0x77, 0xff,
    0xa9, 0x0, 0x3f, 0xf8, 0x4b, 0x7f, 0xfe, 0xd7,
    0x10, 0xf, 0xfe, 0x9, 0x47, 0x7f, 0xfa, 0x88,
    0x3, 0xff, 0x84, 0xb7, 0xff, 0xce, 0x1, 0xff,
    0xc4, 0x1a, 0xff, 0x9c, 0x3, 0xff, 0x86, 0xb9,
    0xff, 0x9c, 0x3, 0xff, 0x80, 0x53, 0xff, 0xf2,
    0x80, 0x7f, 0x9b, 0x3f, 0xfd, 0x8c, 0x1, 0xfc,
    0x73, 0xff, 0xf4, 0x90, 0x7, 0xf3, 0x67, 0xff,
    0xb1, 0x80, 0x3f, 0x8e, 0x7f, 0xfe, 0x93, 0x0,
    0xfe, 0x4d, 0xff, 0xf6, 0x30, 0x7, 0xff, 0x1,
    0xff, 0xfa, 0x4c, 0x3, 0xff, 0x84, 0xff, 0xec,
    0x60, 0xf, 0xfe, 0x2b, 0xc9, 0x80, 0x7f, 0xf1,
    0xc0,

    /* U+003F "?" */
    0x0, 0xe2, 0x8c, 0xef, 0xf6, 0xdb, 0x8, 0x7,
    0xe9, 0xff, 0xff, 0x40, 0x7, 0xe, 0xff, 0xff,
    0xf0, 0x2c, 0x3, 0x67, 0xfe, 0xc8, 0x77, 0x4e,
    0xff, 0xe9, 0x0, 0x3f, 0xfd, 0xc8, 0x1, 0xe6,
    0xff, 0xc4, 0x1b, 0xff, 0x10, 0x7, 0xe6, 0xff,
    0x98, 0x7f, 0xea, 0x0, 0xff, 0x7f, 0xd2, 0x9f,
    0xf3, 0x0, 0x7f, 0xbb, 0xfd, 0x45, 0x33, 0x10,
    0x7, 0xfb, 0xfe, 0x90, 0xf, 0xfe, 0x13, 0x7f,
    0xcc, 0x1, 0xff, 0xc1, 0x3f, 0xfc, 0x20, 0x1f,
    0xfc, 0x6, 0xff, 0xd0, 0x1, 0xff, 0xc0, 0xaf,
    0xfd, 0x60, 0x1f, 0xf0, 0xe7, 0xfe, 0x90, 0xf,
    0xfe, 0x6, 0x7f, 0xe5, 0x0, 0xff, 0xe0, 0x37,
    0xfd, 0xa4, 0x1, 0xff, 0xc1, 0xdf, 0xf8, 0x80,
    0x3f, 0xf8, 0x5f, 0xf5, 0x0, 0x7f, 0xf0, 0x87,
    0xfe, 0x70, 0xf, 0xfe, 0x10, 0xff, 0xce, 0x1,
    0xff, 0xc3, 0x99, 0x90, 0x3, 0xff, 0xd2, 0x23,
    0x80, 0x3f, 0xf8, 0x53, 0xff, 0x84, 0x3, 0xff,
    0x83, 0x3f, 0xf8, 0x40, 0x3f, 0xf8, 0x33, 0xff,
    0x84, 0x3, 0xff, 0x83, 0x3f, 0xf8, 0x40, 0x3f,
    0xf8, 0x33, 0xff, 0x84, 0x3, 0xc0,

    /* U+0040 "@" */
    0x0, 0xff, 0x92, 0x33, 0xbf, 0xed, 0xb8, 0x30,
    0xf, 0xfe, 0x43, 0xf7, 0xff, 0xfd, 0xcc, 0x1,
    0xff, 0xc4, 0x6e, 0xff, 0xff, 0xe1, 0xf2, 0x80,
    0x7f, 0xf0, 0x6b, 0xff, 0x75, 0x29, 0x88, 0x9,
    0xad, 0x77, 0xfe, 0x90, 0xf, 0xf0, 0xe7, 0xfd,
    0xcc, 0x1, 0xff, 0x37, 0x7f, 0xd8, 0x1, 0xfd,
    0x7f, 0xf4, 0x80, 0x7f, 0xf0, 0xeb, 0xfe, 0xa0,
    0xf, 0xa3, 0xfe, 0x70, 0xf, 0xfe, 0x2b, 0xff,
    0xce, 0x1, 0xc7, 0xff, 0x40, 0x7, 0xff, 0x1e,
    0x3f, 0xe2, 0x0, 0xd7, 0xfe, 0xb0, 0xe, 0x17,
    0xce, 0xfd, 0x92, 0x0, 0x5d, 0xc4, 0x0, 0xcf,
    0xf5, 0x0, 0x49, 0xff, 0x10, 0x6, 0x5f, 0xff,
    0xcc, 0x3f, 0xf1, 0x80, 0xf, 0xfe, 0x20, 0x5,
    0x7f, 0xa8, 0x3, 0x37, 0xff, 0xfa, 0x7f, 0xe3,
    0x0, 0xaf, 0xfd, 0x0, 0xf, 0xf8, 0xc0, 0x22,
    0xff, 0xdd, 0x8, 0x87, 0xef, 0xfe, 0x30, 0x9,
    0x7f, 0xda, 0x7, 0xff, 0x0, 0x6a, 0xff, 0xb4,
    0x80, 0x30, 0xef, 0xfe, 0x30, 0x8, 0x7f, 0xe1,
    0x6f, 0xf5, 0x80, 0x6f, 0xfc, 0x60, 0x1e, 0x3f,
    0xfc, 0x60, 0x1b, 0x7f, 0xc7, 0x1f, 0xe9, 0x0,
    0x8f, 0xfe, 0xc0, 0xf, 0xd9, 0xff, 0x18, 0x6,
    0xcf, 0xf2, 0x4f, 0xfa, 0x0, 0x24, 0xff, 0xa8,
    0x3, 0xf4, 0xff, 0xc6, 0x1, 0xaf, 0xfc, 0xb3,
    0xfe, 0x70, 0x9, 0x7f, 0xe9, 0x0, 0xfd, 0x3f,
    0xf1, 0x80, 0x6b, 0xff, 0x24, 0x7f, 0xa4, 0x2,
    0x3f, 0xfa, 0xc0, 0x3f, 0x5f, 0xfc, 0x60, 0x1b,
    0x3f, 0xc6, 0xff, 0xea, 0x0, 0x87, 0xff, 0x8,
    0x7, 0x87, 0xff, 0x18, 0x6, 0xff, 0x85, 0x3f,
    0xdc, 0x1, 0xab, 0xfe, 0xb0, 0xf, 0x5f, 0xfe,
    0x50, 0x9, 0x7f, 0xda, 0x0, 0xff, 0x8c, 0x2,
    0x3f, 0xfd, 0x88, 0x20, 0x99, 0xff, 0xda, 0x40,
    0x7d, 0xfe, 0x70, 0x5, 0xff, 0xa4, 0x3, 0x3f,
    0xff, 0xfb, 0x6f, 0xff, 0xf7, 0x0, 0x4b, 0xff,
    0x10, 0x6, 0x7f, 0xff, 0xda, 0x43, 0xbf, 0xff,
    0x18, 0x6, 0xcf, 0xf5, 0x80, 0x71, 0xd7, 0xfe,
    0xc6, 0x0, 0x86, 0x7b, 0xfe, 0xb2, 0x0, 0xe3,
    0xff, 0xa0, 0x3, 0xe1, 0x10, 0x7, 0xf0, 0x88,
    0x3, 0xfa, 0x3f, 0xe7, 0x0, 0xff, 0xe8, 0xdf,
    0xfd, 0x40, 0x1f, 0xfd, 0x1c, 0xff, 0xb9, 0x80,
    0x3f, 0xc3, 0x32, 0x0, 0xff, 0xe1, 0xcf, 0xfe,
    0xea, 0x53, 0x10, 0x13, 0x6b, 0xff, 0x88, 0x3,
    0xff, 0x86, 0xbd, 0xff, 0xff, 0xc3, 0x80, 0xf,
    0xfe, 0x2b, 0xf7, 0xff, 0xfd, 0x8a, 0x1, 0xff,
    0xc8, 0x48, 0xbe, 0xff, 0x76, 0xd3, 0x90, 0x7,
    0xfc,

    /* U+0041 "A" */
    0x0, 0xff, 0x8f, 0xfe, 0x70, 0xf, 0xfe, 0x54,
    0xff, 0xda, 0x1, 0xff, 0xca, 0xff, 0xe4, 0x0,
    0xff, 0xe4, 0x37, 0xff, 0x50, 0x7, 0xff, 0x23,
    0x3f, 0xfc, 0x20, 0x1f, 0xfc, 0x63, 0xff, 0xf9,
    0x80, 0x3f, 0xf8, 0xd3, 0xff, 0x67, 0xfd, 0xa0,
    0x1f, 0xfc, 0x6e, 0xff, 0x8f, 0xbf, 0xe3, 0x0,
    0xff, 0xe2, 0x2f, 0xfd, 0xa1, 0x1f, 0xf4, 0x80,
    0x7f, 0xf1, 0x33, 0xfe, 0x70, 0x2f, 0xfc, 0x1,
    0xff, 0xc3, 0x2f, 0xfc, 0x20, 0xc, 0xff, 0x98,
    0x3, 0xff, 0x85, 0x1f, 0xf5, 0x80, 0x4d, 0xff,
    0x60, 0x7, 0xff, 0xb, 0xbf, 0xe5, 0x0, 0x87,
    0xff, 0x10, 0x7, 0xff, 0x1, 0x7f, 0xf0, 0x7,
    0x5f, 0xfd, 0x0, 0x1f, 0xfc, 0xb, 0xff, 0xa4,
    0x3, 0x97, 0xfe, 0xe0, 0xf, 0xf8, 0x7f, 0xf2,
    0x0, 0x7b, 0xbf, 0xe5, 0x0, 0xff, 0x47, 0xfd,
    0xc0, 0x1f, 0x4f, 0xfd, 0x60, 0x1f, 0xee, 0xff,
    0xa0, 0x3, 0xe3, 0xff, 0xc4, 0x1, 0xf9, 0x3f,
    0xf1, 0x0, 0x7e, 0xdf, 0xfa, 0x0, 0x3f, 0x57,
    0xff, 0xff, 0x17, 0x80, 0x3e, 0x1f, 0xff, 0xfe,
    0x3a, 0x0, 0x79, 0xff, 0xff, 0xf8, 0xf6, 0x1,
    0xed, 0xff, 0xdb, 0xbf, 0xf7, 0xff, 0x8, 0x6,
    0x4f, 0xfc, 0xa0, 0x1f, 0xf0, 0xff, 0xe7, 0x0,
    0xd5, 0xff, 0x70, 0x7, 0xff, 0x6, 0xbf, 0xed,
    0x0, 0x87, 0xff, 0x48, 0x7, 0xff, 0x5, 0x3f,
    0xf2, 0x0, 0x1b, 0xff, 0x18, 0x7, 0xff, 0xb,
    0xbf, 0xea, 0x0, 0x6f, 0xfd, 0xa0, 0x1f, 0xfc,
    0x39, 0xff, 0xc2, 0x7f, 0xf9, 0xc0, 0x3f, 0xf8,
    0x67, 0xff, 0x98,

    /* U+0042 "B" */
    0xdf, 0xff, 0xf7, 0x5c, 0x10, 0x7, 0xb7, 0xff,
    0xff, 0x85, 0x62, 0x1, 0xb7, 0xff, 0xff, 0x87,
    0xc4, 0x1, 0x6f, 0xff, 0xff, 0x13, 0x40, 0x2d,
    0xff, 0x9c, 0x3, 0xc4, 0xff, 0xfc, 0xa0, 0xd,
    0xff, 0x9c, 0x3, 0xf1, 0x7f, 0xea, 0x0, 0x6f,
    0xfc, 0xe0, 0x1f, 0xd3, 0xff, 0x60, 0x3, 0x7f,
    0xe7, 0x0, 0xfe, 0x6f, 0xfb, 0x40, 0x1b, 0xff,
    0x38, 0x7, 0xf3, 0x7f, 0xd6, 0x0, 0xdf, 0xf9,
    0xc0, 0x3f, 0xab, 0xfe, 0x80, 0x6, 0xff, 0xce,
    0x1, 0xf9, 0x3f, 0xf0, 0x80, 0x37, 0xfe, 0x70,
    0xf, 0x13, 0xff, 0xe7, 0x0, 0xb7, 0xff, 0xff,
    0x87, 0x0, 0x1b, 0x7f, 0xff, 0xf8, 0x58, 0x60,
    0x1b, 0x7f, 0xff, 0xf8, 0x94, 0x1, 0x6f, 0xfd,
    0xd9, 0x9e, 0xde, 0xff, 0xeb, 0x0, 0x6f, 0xfc,
    0xe0, 0x1f, 0x8e, 0xff, 0xf3, 0x6, 0xff, 0xce,
    0x1, 0xfe, 0xbf, 0xfb, 0x43, 0x7f, 0xe7, 0x0,
    0xff, 0x1f, 0xfe, 0x2d, 0xff, 0x9c, 0x3, 0xfe,
    0xef, 0xf9, 0x77, 0xfe, 0x70, 0xf, 0xfb, 0x7f,
    0xe5, 0xdf, 0xf9, 0xc0, 0x3f, 0xef, 0xfc, 0xbb,
    0xff, 0x38, 0x7, 0xf8, 0xff, 0xf1, 0xef, 0xfc,
    0xe0, 0x1f, 0xec, 0xff, 0xc1, 0xbf, 0xf3, 0x80,
    0x7c, 0x2d, 0xbf, 0xfa, 0x43, 0x7f, 0xff, 0xf8,
    0xbc, 0x21, 0xbf, 0xff, 0xfc, 0x53, 0x0, 0x6f,
    0xff, 0xff, 0xf, 0x8, 0x2, 0xdf, 0xff, 0xfb,
    0xb2, 0xc, 0x3, 0x80,

    /* U+0043 "C" */
    0x0, 0xfe, 0x16, 0xad, 0xef, 0xf7, 0x5c, 0x18,
    0x7, 0xff, 0xc, 0xab, 0xff, 0xfe, 0xd5, 0x0,
    0xff, 0xe0, 0x3f, 0xff, 0xff, 0xe, 0xc4, 0x3,
    0xfa, 0xbf, 0xff, 0xf8, 0xbc, 0x40, 0x1f, 0x57,
    0xff, 0x74, 0x20, 0x8c, 0x6f, 0x9f, 0xfd, 0xc2,
    0x1, 0xcd, 0xff, 0xce, 0x1, 0xfc, 0x9d, 0xff,
    0xac, 0x3, 0xf, 0xff, 0x20, 0x7, 0xfc, 0x3b,
    0xff, 0x94, 0x2, 0x9f, 0xfc, 0xa0, 0x1f, 0xfc,
    0x11, 0xef, 0xfb, 0x0, 0x2f, 0xfd, 0x40, 0x1f,
    0xfc, 0x36, 0xff, 0x63, 0x80, 0x17, 0xff, 0x18,
    0x7, 0xff, 0x11, 0xc8, 0x3, 0x4f, 0xfd, 0xa0,
    0x1f, 0xfc, 0xbc, 0xff, 0xa0, 0x3, 0xff, 0x97,
    0xdf, 0xf3, 0x0, 0x7f, 0xf2, 0xff, 0xf2, 0x0,
    0x7f, 0xf2, 0xff, 0xf1, 0x80, 0x7f, 0xf2, 0xff,
    0xf2, 0x0, 0x7f, 0xf2, 0xff, 0xf2, 0x80, 0x7f,
    0xf2, 0xf7, 0xfe, 0x70, 0xf, 0xfe, 0x5d, 0xff,
    0xd4, 0x1, 0xff, 0xcb, 0x7f, 0xfc, 0x1, 0xff,
    0xcb, 0x2f, 0xfc, 0xc0, 0x1f, 0xfc, 0x32, 0xfa,
    0x50, 0xd, 0x9f, 0xf7, 0x8, 0x7, 0xff, 0xa,
    0xff, 0xee, 0x0, 0x97, 0xff, 0x58, 0x7, 0xff,
    0x5, 0xff, 0xf4, 0x0, 0x6b, 0xff, 0xd6, 0x20,
    0x1f, 0xe7, 0xff, 0xdc, 0x20, 0x18, 0xbb, 0xff,
    0x73, 0x8, 0x7, 0x93, 0x3f, 0xf9, 0x40, 0x3c,
    0x9f, 0xff, 0x65, 0x4c, 0xaf, 0xbf, 0xfc, 0xe0,
    0x1f, 0x8f, 0xbf, 0xff, 0xf8, 0x8c, 0x1, 0xfe,
    0x1a, 0xff, 0xff, 0xe0, 0xe1, 0x80, 0x7f, 0xf0,
    0x4e, 0x7b, 0xff, 0xf5, 0xa8, 0x7, 0xff, 0x18,
    0x95, 0xde, 0x63, 0x0, 0xff, 0x0,

    /* U+0044 "D" */
    0xdf, 0xff, 0xdd, 0xb9, 0x2a, 0x20, 0x1f, 0xdb,
    0xff, 0xff, 0xc2, 0xb3, 0x0, 0xfb, 0x7f, 0xff,
    0xf8, 0x96, 0x20, 0x1d, 0xbf, 0xff, 0xfc, 0x5e,
    0x30, 0xd, 0xbf, 0xf3, 0x80, 0x70, 0x9b, 0xe7,
    0xff, 0x88, 0x2, 0xdf, 0xf9, 0xc0, 0x3f, 0x8b,
    0x3f, 0xf6, 0x88, 0x3, 0x7f, 0xe7, 0x0, 0xff,
    0xa7, 0xff, 0x48, 0x3, 0x7f, 0xe7, 0x0, 0xff,
    0xe0, 0x5f, 0xfe, 0x10, 0xdf, 0xf9, 0xc0, 0x3f,
    0xf8, 0x3, 0xff, 0xa0, 0x37, 0xfe, 0x70, 0xf,
    0xfe, 0xc, 0xff, 0xd8, 0x1b, 0xff, 0x38, 0x7,
    0xff, 0x5, 0x3f, 0xf0, 0xef, 0xfc, 0xe0, 0x1f,
    0xfc, 0x2f, 0xfc, 0x9b, 0xff, 0x38, 0x7, 0xff,
    0xb, 0xbf, 0xe6, 0xdf, 0xf9, 0xc0, 0x3f, 0xf8,
    0x5b, 0xff, 0x3e, 0xff, 0xce, 0x1, 0xff, 0xc2,
    0xcf, 0xfa, 0x37, 0xfe, 0x70, 0xf, 0xfe, 0x16,
    0xff, 0xcf, 0xbf, 0xf3, 0x80, 0x7f, 0xf0, 0xbb,
    0xfe, 0x6d, 0xff, 0x9c, 0x3, 0xff, 0x85, 0xff,
    0x97, 0x7f, 0xe7, 0x0, 0xff, 0xe0, 0x9f, 0xfe,
    0x2d, 0xff, 0x9c, 0x3, 0xff, 0x83, 0x1f, 0xf7,
    0x6, 0xff, 0xce, 0x1, 0xff, 0xc1, 0xff, 0xd4,
    0x1b, 0xff, 0x38, 0x7, 0xff, 0x2, 0x7f, 0xf1,
    0x86, 0xff, 0xce, 0x1, 0xff, 0x47, 0xfe, 0xb0,
    0x6, 0xff, 0xce, 0x1, 0xfc, 0x57, 0xff, 0xc4,
    0x0, 0xdf, 0xf9, 0xc0, 0x38, 0x4d, 0xef, 0xff,
    0xca, 0x1, 0x6f, 0xff, 0xff, 0x19, 0x80, 0x36,
    0xff, 0xff, 0xf1, 0x34, 0x80, 0x3b, 0x7f, 0xff,
    0xf8, 0x58, 0xa0, 0x1f, 0x6f, 0xff, 0xee, 0xdc,
    0x96, 0x20, 0xf, 0xe0,

    /* U+0045 "E" */
    0xdf, 0xff, 0xfe, 0x34, 0x6f, 0xff, 0xff, 0x1a,
    0x37, 0xff, 0xff, 0x8d, 0x1b, 0xff, 0x76, 0xef,
    0xff, 0x9, 0xb7, 0xfe, 0x70, 0xf, 0xfe, 0x1e,
    0xff, 0xce, 0x1, 0xff, 0xc3, 0xdf, 0xf9, 0xc0,
    0x3f, 0xf8, 0x7b, 0xff, 0x38, 0x7, 0xff, 0xf,
    0x7f, 0xe7, 0x0, 0xff, 0xe1, 0xef, 0xfc, 0xe0,
    0x1f, 0xfc, 0x3d, 0xff, 0x9c, 0x3, 0xff, 0x87,
    0xbf, 0xf3, 0x80, 0x7f, 0xf0, 0xf7, 0xfe, 0xed,
    0xdf, 0xfe, 0x9, 0x86, 0xff, 0xff, 0xf1, 0x50,
    0x37, 0xff, 0xff, 0x8a, 0x81, 0xbf, 0xff, 0xfc,
    0x54, 0xd, 0xff, 0x9c, 0x3, 0xff, 0x87, 0xbf,
    0xf3, 0x80, 0x7f, 0xf0, 0xf7, 0xfe, 0x70, 0xf,
    0xfe, 0x1e, 0xff, 0xce, 0x1, 0xff, 0xc3, 0xdf,
    0xf9, 0xc0, 0x3f, 0xf8, 0x7b, 0xff, 0x38, 0x7,
    0xff, 0xf, 0x7f, 0xe7, 0x0, 0xff, 0xe1, 0xef,
    0xfc, 0xe0, 0x1f, 0xfc, 0x3d, 0xff, 0x9c, 0x3,
    0xff, 0x87, 0xbf, 0xf7, 0x6e, 0xff, 0xf0, 0x9b,
    0x7f, 0xff, 0xf8, 0xd1, 0xbf, 0xff, 0xfc, 0x68,
    0xdf, 0xff, 0xfe, 0x34, 0x0,

    /* U+0046 "F" */
    0xdf, 0xff, 0xfe, 0x33, 0xef, 0xff, 0xff, 0x19,
    0xf7, 0xff, 0xff, 0x8c, 0xfb, 0xff, 0x76, 0xef,
    0xff, 0x9, 0xb7, 0xfe, 0x70, 0xf, 0xfe, 0x1e,
    0xff, 0xce, 0x1, 0xff, 0xc3, 0xdf, 0xf9, 0xc0,
    0x3f, 0xf8, 0x7b, 0xff, 0x38, 0x7, 0xff, 0xf,
    0x7f, 0xe7, 0x0, 0xff, 0xe1, 0xef, 0xfc, 0xe0,
    0x1f, 0xfc, 0x3d, 0xff, 0x9c, 0x3, 0xff, 0x87,
    0xbf, 0xf3, 0x80, 0x7f, 0xf0, 0xf7, 0xfe, 0xed,
    0xdf, 0xfe, 0x3, 0x0, 0x37, 0xff, 0xff, 0x89,
    0x0, 0xd, 0xff, 0xff, 0xe2, 0x40, 0x3, 0x7f,
    0xff, 0xf8, 0x90, 0x0, 0xdf, 0xf9, 0xc0, 0x3f,
    0xf8, 0x7b, 0xff, 0x38, 0x7, 0xff, 0xf, 0x7f,
    0xe7, 0x0, 0xff, 0xe1, 0xef, 0xfc, 0xe0, 0x1f,
    0xfc, 0x3d, 0xff, 0x9c, 0x3, 0xff, 0x87, 0xbf,
    0xf3, 0x80, 0x7f, 0xf0, 0xf7, 0xfe, 0x70, 0xf,
    0xfe, 0x1e, 0xff, 0xce, 0x1, 0xff, 0xc3, 0xdf,
    0xf9, 0xc0, 0x3f, 0xf8, 0x7b, 0xff, 0x38, 0x7,
    0xff, 0xf, 0x7f, 0xe7, 0x0, 0xff, 0xe1, 0xef,
    0xfc, 0xe0, 0x1f, 0xfc, 0x3d, 0xff, 0x9c, 0x3,
    0xff, 0x86,

    /* U+0047 "G" */
    0x0, 0xfe, 0x16, 0xad, 0xef, 0xf7, 0x5c, 0x18,
    0x7, 0xff, 0xc, 0xab, 0xff, 0xfe, 0xd6, 0x0,
    0xff, 0xe0, 0x3f, 0xff, 0xff, 0xf, 0x8, 0x3,
    0xfa, 0xbf, 0xff, 0xf8, 0xc6, 0x1, 0xf5, 0x7f,
    0xf7, 0x42, 0x8, 0xc6, 0xd7, 0xff, 0xe3, 0x0,
    0xe6, 0xff, 0xe7, 0x0, 0xfe, 0x3d, 0xff, 0xda,
    0x1, 0x87, 0xff, 0x90, 0x3, 0xff, 0x81, 0x7f,
    0xf9, 0xc0, 0x29, 0xff, 0xca, 0x1, 0xff, 0xc2,
    0xdf, 0xfb, 0x80, 0x2f, 0xfd, 0x40, 0x1f, 0xfc,
    0x33, 0xfc, 0x72, 0x0, 0x2f, 0xfe, 0x30, 0xf,
    0xfe, 0x20, 0x80, 0x74, 0xff, 0xda, 0x1, 0xff,
    0xcb, 0xcf, 0xfa, 0x0, 0x3f, 0xf9, 0x7d, 0xff,
    0x30, 0x7, 0xff, 0x2f, 0xff, 0x20, 0x7, 0xfb,
    0x37, 0x7f, 0xc2, 0x1f, 0xf8, 0xc0, 0x3f, 0xdf,
    0xff, 0xf1, 0x7, 0xfe, 0x40, 0xf, 0xf7, 0xff,
    0xfc, 0x41, 0xff, 0x94, 0x3, 0xfd, 0xff, 0xff,
    0x10, 0x6f, 0xfc, 0xe0, 0x1f, 0xfc, 0x5b, 0xff,
    0x88, 0x2f, 0xfe, 0xa0, 0xf, 0xfe, 0x2e, 0xff,
    0xc4, 0xf, 0xff, 0x80, 0x3f, 0xf8, 0xbf, 0xf8,
    0x80, 0xbf, 0xf3, 0x0, 0x7f, 0xf0, 0xd7, 0xff,
    0x10, 0x3, 0x3f, 0xee, 0x10, 0xf, 0xfe, 0x16,
    0xff, 0xe2, 0x0, 0x2f, 0xfe, 0xb0, 0xf, 0xfe,
    0xc, 0x7f, 0xf1, 0x0, 0x57, 0xff, 0xac, 0x40,
    0x3f, 0xd1, 0xff, 0xe2, 0x0, 0x8b, 0xbf, 0xf7,
    0x30, 0x80, 0x79, 0x33, 0xff, 0xe2, 0x0, 0xc9,
    0xff, 0xf6, 0x54, 0xca, 0xff, 0xfa, 0xff, 0xf1,
    0x0, 0x72, 0x77, 0xff, 0xff, 0xb, 0x47, 0xbf,
    0xe2, 0x0, 0xf0, 0xdf, 0xff, 0xff, 0x2, 0xc4,
    0x33, 0xfe, 0x20, 0xf, 0xc7, 0x5f, 0xff, 0xb1,
    0x40, 0x2b, 0xff, 0x88, 0x3, 0xfe, 0x36, 0x77,
    0x32, 0x88, 0x7, 0xf8,

    /* U+0048 "H" */
    0xdf, 0xf9, 0xc0, 0x3f, 0xf8, 0x39, 0xff, 0x46,
    0xff, 0xce, 0x1, 0xff, 0xc1, 0xcf, 0xfa, 0x37,
    0xfe, 0x70, 0xf, 0xfe, 0xe, 0x7f, 0xd1, 0xbf,
    0xf3, 0x80, 0x7f, 0xf0, 0x73, 0xfe, 0x8d, 0xff,
    0x9c, 0x3, 0xff, 0x83, 0x9f, 0xf4, 0x6f, 0xfc,
    0xe0, 0x1f, 0xfc, 0x1c, 0xff, 0xa3, 0x7f, 0xe7,
    0x0, 0xff, 0xe0, 0xe7, 0xfd, 0x1b, 0xff, 0x38,
    0x7, 0xff, 0x7, 0x3f, 0xe8, 0xdf, 0xf9, 0xc0,
    0x3f, 0xf8, 0x39, 0xff, 0x46, 0xff, 0xce, 0x1,
    0xff, 0xc1, 0xcf, 0xfa, 0x37, 0xfe, 0x70, 0xf,
    0xfe, 0xe, 0x7f, 0xd1, 0xbf, 0xf3, 0x80, 0x7f,
    0xf0, 0x73, 0xfe, 0x8d, 0xff, 0xff, 0xe4, 0xc6,
    0xff, 0xff, 0xf2, 0x63, 0x7f, 0xff, 0xf9, 0x31,
    0xbf, 0xff, 0xfc, 0x98, 0xdf, 0xf9, 0xc0, 0x3f,
    0xf8, 0x39, 0xff, 0x46, 0xff, 0xce, 0x1, 0xff,
    0xc1, 0xcf, 0xfa, 0x37, 0xfe, 0x70, 0xf, 0xfe,
    0xe, 0x7f, 0xd1, 0xbf, 0xf3, 0x80, 0x7f, 0xf0,
    0x73, 0xfe, 0x8d, 0xff, 0x9c, 0x3, 0xff, 0x83,
    0x9f, 0xf4, 0x6f, 0xfc, 0xe0, 0x1f, 0xfc, 0x1c,
    0xff, 0xa3, 0x7f, 0xe7, 0x0, 0xff, 0xe0, 0xe7,
    0xfd, 0x1b, 0xff, 0x38, 0x7, 0xff, 0x7, 0x3f,
    0xe8, 0xdf, 0xf9, 0xc0, 0x3f, 0xf8, 0x39, 0xff,
    0x46, 0xff, 0xce, 0x1, 0xff, 0xc1, 0xcf, 0xfa,
    0x37, 0xfe, 0x70, 0xf, 0xfe, 0xe, 0x7f, 0xd1,
    0xbf, 0xf3, 0x80, 0x7f, 0xf0, 0x73, 0xfe, 0x8d,
    0xff, 0x9c, 0x3, 0xff, 0x83, 0x9f, 0xf4, 0x0,

    /* U+0049 "I" */
    0xdf, 0xf9, 0xf7, 0xfe, 0x7d, 0xff, 0x9f, 0x7f,
    0xe7, 0xdf, 0xf9, 0xf7, 0xfe, 0x7d, 0xff, 0x9f,
    0x7f, 0xe7, 0xdf, 0xf9, 0xf7, 0xfe, 0x7d, 0xff,
    0x9f, 0x7f, 0xe7, 0xdf, 0xf9, 0xf7, 0xfe, 0x7d,
    0xff, 0x9f, 0x7f, 0xe7, 0xdf, 0xf9, 0xf7, 0xfe,
    0x7d, 0xff, 0x9f, 0x7f, 0xe7, 0xdf, 0xf9, 0xf7,
    0xfe, 0x7d, 0xff, 0x9f, 0x7f, 0xe7, 0xdf, 0xf9,
    0xf7, 0xfe, 0x7d, 0xff, 0x9f, 0x7f, 0xe7, 0xdf,
    0xf9, 0xc0,

    /* U+004A "J" */
    0x0, 0x93, 0xff, 0xff, 0x86, 0xc0, 0x12, 0x7f,
    0xff, 0xf0, 0xd8, 0x2, 0x4f, 0xff, 0xfe, 0x1b,
    0x0, 0x47, 0xbb, 0xff, 0x7f, 0xe6, 0x0, 0xff,
    0xe1, 0xf7, 0xfc, 0xc0, 0x1f, 0xfc, 0x3e, 0xff,
    0x98, 0x3, 0xff, 0x87, 0xdf, 0xf3, 0x0, 0x7f,
    0xf0, 0xfb, 0xfe, 0x60, 0xf, 0xfe, 0x1f, 0x7f,
    0xcc, 0x1, 0xff, 0xc3, 0xef, 0xf9, 0x80, 0x3f,
    0xf8, 0x7d, 0xff, 0x30, 0x7, 0xff, 0xf, 0xbf,
    0xe6, 0x0, 0xff, 0xe1, 0xf7, 0xfc, 0xc0, 0x1f,
    0xfc, 0x3e, 0xff, 0x98, 0x3, 0xff, 0x87, 0xdf,
    0xf3, 0x0, 0x7f, 0xf0, 0xfb, 0xfe, 0x60, 0xf,
    0xfe, 0x1f, 0x7f, 0xcc, 0x1, 0xff, 0xc3, 0xef,
    0xf9, 0x80, 0x3f, 0xf8, 0x7d, 0xff, 0x28, 0x0,
    0x8c, 0x40, 0x3f, 0xdf, 0xf9, 0x73, 0xfe, 0x60,
    0xf, 0xf7, 0xfe, 0x4b, 0xff, 0xa4, 0x3, 0xf8,
    0xff, 0xf1, 0x47, 0xfd, 0xc0, 0x1f, 0xd1, 0xff,
    0x70, 0x1f, 0xfe, 0x60, 0xf, 0x87, 0xff, 0x48,
    0x3, 0x3f, 0xf3, 0x0, 0x70, 0xe7, 0xfe, 0x30,
    0x1, 0xff, 0xf6, 0xcb, 0xba, 0xbf, 0xfa, 0x80,
    0x33, 0x7f, 0xff, 0xf0, 0x74, 0x40, 0x39, 0xbf,
    0xff, 0xec, 0x10, 0xf, 0x8a, 0x7f, 0xfe, 0xd6,
    0x0, 0xff, 0xe0, 0x23, 0x3b, 0x94, 0x80, 0x3e,

    /* U+004B "K" */
    0xdf, 0xf9, 0xc0, 0x3f, 0xe1, 0xdf, 0xfd, 0x61,
    0xbf, 0xf3, 0x80, 0x7f, 0x87, 0x7f, 0xf5, 0x80,
    0x37, 0xfe, 0x70, 0xf, 0xe1, 0xcf, 0xfd, 0x60,
    0x16, 0xff, 0xce, 0x1, 0xfd, 0x9f, 0xfa, 0xc0,
    0x36, 0xff, 0xce, 0x1, 0xfb, 0x3f, 0xf6, 0x0,
    0x76, 0xff, 0xce, 0x1, 0xf5, 0xff, 0xec, 0x0,
    0xf6, 0xff, 0xce, 0x1, 0xeb, 0xff, 0xd8, 0x1,
    0xf6, 0xff, 0xce, 0x1, 0xd5, 0xff, 0xb0, 0x3,
    0xf6, 0xff, 0xce, 0x1, 0xab, 0xff, 0x60, 0x7,
    0xf6, 0xff, 0xce, 0x1, 0x4f, 0xfe, 0xc0, 0xf,
    0xf6, 0xff, 0xce, 0x0, 0x9f, 0xfd, 0x82, 0x1,
    0xfe, 0xdf, 0xf9, 0xc2, 0x3f, 0xf9, 0x0, 0x3f,
    0xed, 0xff, 0x9e, 0x3f, 0xfd, 0xa0, 0x1f, 0xf6,
    0xff, 0xdd, 0xff, 0xfa, 0x0, 0x3f, 0xdb, 0xff,
    0xf6, 0xff, 0xf1, 0x0, 0x7f, 0x6f, 0xff, 0xb4,
    0x53, 0xff, 0x60, 0x7, 0xf6, 0xff, 0xf6, 0x88,
    0x2, 0xbf, 0xf3, 0x0, 0x7e, 0xdf, 0xfd, 0xa2,
    0x1, 0xf, 0x7f, 0xe1, 0x0, 0xfb, 0x7f, 0xf0,
    0x80, 0x72, 0xff, 0xea, 0x0, 0xfb, 0x7f, 0xe8,
    0x0, 0xfa, 0xff, 0xf2, 0x0, 0x7b, 0x7f, 0xe7,
    0x0, 0xf8, 0xbf, 0xf7, 0x0, 0x7b, 0x7f, 0xe7,
    0x0, 0xfc, 0xff, 0xfa, 0x40, 0x3b, 0x7f, 0xe7,
    0x0, 0xfe, 0xcf, 0xfc, 0x60, 0x1b, 0x7f, 0xe7,
    0x0, 0xfe, 0x3f, 0xfd, 0xa0, 0x1b, 0x7f, 0xe7,
    0x0, 0xff, 0x47, 0xfe, 0x70, 0xb, 0x7f, 0xe7,
    0x0, 0xff, 0xb7, 0xff, 0x10, 0x3, 0x7f, 0xe7,
    0x0, 0xff, 0x93, 0xff, 0x58, 0x3, 0x7f, 0xe7,
    0x0, 0xff, 0xe0, 0x4f, 0xfe, 0x60, 0xdf, 0xf9,
    0xc0, 0x3f, 0xf8, 0x3, 0xdf, 0xf7, 0x8,

    /* U+004C "L" */
    0xdf, 0xf9, 0xc0, 0x3f, 0xf8, 0x3b, 0xff, 0x38,
    0x7, 0xff, 0x7, 0x7f, 0xe7, 0x0, 0xff, 0xe0,
    0xef, 0xfc, 0xe0, 0x1f, 0xfc, 0x1d, 0xff, 0x9c,
    0x3, 0xff, 0x83, 0xbf, 0xf3, 0x80, 0x7f, 0xf0,
    0x77, 0xfe, 0x70, 0xf, 0xfe, 0xe, 0xff, 0xce,
    0x1, 0xff, 0xc1, 0xdf, 0xf9, 0xc0, 0x3f, 0xf8,
    0x3b, 0xff, 0x38, 0x7, 0xff, 0x7, 0x7f, 0xe7,
    0x0, 0xff, 0xe0, 0xef, 0xfc, 0xe0, 0x1f, 0xfc,
    0x1d, 0xff, 0x9c, 0x3, 0xff, 0x83, 0xbf, 0xf3,
    0x80, 0x7f, 0xf0, 0x77, 0xfe, 0x70, 0xf, 0xfe,
    0xe, 0xff, 0xce, 0x1, 0xff, 0xc1, 0xdf, 0xf9,
    0xc0, 0x3f, 0xf8, 0x3b, 0xff, 0x38, 0x7, 0xff,
    0x7, 0x7f, 0xe7, 0x0, 0xff, 0xe0, 0xef, 0xfc,
    0xe0, 0x1f, 0xfc, 0x1d, 0xff, 0x9c, 0x3, 0xff,
    0x83, 0xbf, 0xf3, 0x80, 0x7f, 0xf0, 0x77, 0xfe,
    0x70, 0xf, 0xfe, 0xe, 0xff, 0xce, 0x1, 0xff,
    0xc1, 0xdf, 0xf9, 0xc0, 0x3f, 0xf8, 0x3b, 0xff,
    0x76, 0xef, 0xff, 0x1, 0x37, 0xff, 0xff, 0x88,
    0xbb, 0xff, 0xff, 0xc4, 0x5d, 0xff, 0xff, 0xe2,
    0x28,

    /* U+004D "M" */
    0xdf, 0xfe, 0xa0, 0xf, 0xfe, 0x18, 0xff, 0xf9,
    0x77, 0xff, 0xc2, 0x1, 0xff, 0xc2, 0x8f, 0xff,
    0x2e, 0xff, 0xf9, 0x80, 0x3f, 0xf8, 0x5d, 0xff,
    0xe5, 0xdf, 0xff, 0x68, 0x7, 0xff, 0x5, 0x3f,
    0xfe, 0x5d, 0xff, 0xf8, 0xc0, 0x3f, 0xf8, 0x15,
    0xff, 0xf2, 0xef, 0xff, 0xd2, 0x1, 0xff, 0xf,
    0xff, 0xe5, 0xdf, 0xfb, 0x3f, 0xf0, 0x7, 0xfc,
    0xff, 0xf6, 0xff, 0xe5, 0xdf, 0xf9, 0xfb, 0xfe,
    0x50, 0xf, 0xf6, 0xff, 0xcd, 0xff, 0x97, 0x7f,
    0xe7, 0x8f, 0xfb, 0x0, 0x3f, 0x8f, 0xff, 0xf,
    0xfe, 0x5d, 0xff, 0x9c, 0xbf, 0xf1, 0x0, 0x7e,
    0x9f, 0xfa, 0x83, 0xff, 0x2e, 0xff, 0xce, 0x17,
    0xff, 0x40, 0x7, 0xef, 0xfc, 0x61, 0xff, 0x97,
    0x7f, 0xe7, 0x5, 0xff, 0xb8, 0x3, 0xe6, 0xff,
    0xb4, 0x1, 0xff, 0x97, 0x7f, 0xe7, 0x0, 0x77,
    0xfc, 0xa0, 0x1e, 0xcf, 0xf9, 0x80, 0x1f, 0xf9,
    0x77, 0xfe, 0x70, 0x4, 0x7f, 0xd6, 0x1, 0xc5,
    0xff, 0x84, 0x1, 0xff, 0x97, 0x7f, 0xe7, 0x0,
    0x17, 0xfe, 0x10, 0xd, 0x3f, 0xf5, 0x0, 0x5f,
    0xf9, 0x77, 0xfe, 0x70, 0xa, 0xff, 0xe7, 0x0,
    0xdd, 0xff, 0x18, 0x5, 0xff, 0x97, 0x7f, 0xe7,
    0x0, 0x97, 0xfe, 0xd0, 0x9, 0x7f, 0xed, 0x0,
    0xdf, 0xf9, 0x77, 0xfe, 0x70, 0xd, 0xdf, 0xf2,
    0x0, 0x2f, 0xfe, 0x60, 0xd, 0xff, 0x97, 0x7f,
    0xe7, 0x0, 0xd1, 0xff, 0x50, 0x17, 0xfe, 0x10,
    0xd, 0xff, 0x97, 0x7f, 0xe7, 0x0, 0xc5, 0xff,
    0x86, 0x3f, 0xea, 0x0, 0xef, 0xfc, 0xbb, 0xff,
    0x38, 0x7, 0x5f, 0xfc, 0xfd, 0xff, 0x18, 0x7,
    0x7f, 0xe5, 0xdf, 0xf9, 0xc0, 0x39, 0x7f, 0xfe,
    0xd0, 0xf, 0x7f, 0xe5, 0xdf, 0xf9, 0xc0, 0x3d,
    0xdf, 0xfe, 0x60, 0xf, 0x7f, 0xe5, 0xdf, 0xf9,
    0xc0, 0x3d, 0x1f, 0xfe, 0x10, 0xf, 0x7f, 0xe5,
    0xdf, 0xf9, 0xc0, 0x3c, 0x5f, 0xfd, 0x40, 0x1f,
    0x7f, 0xe5, 0xdf, 0xf9, 0xc0, 0x3e, 0xbf, 0xfc,
    0x60, 0x1f, 0x7f, 0xe5, 0xdf, 0xf9, 0xc0, 0x3e,
    0x38, 0x89, 0xc0, 0x3f, 0x7f, 0xe5, 0xdf, 0xf9,
    0xc0, 0x3f, 0xf9, 0x1f, 0xf9, 0x77, 0xfe, 0x70,
    0xf, 0xfe, 0x47, 0xfe, 0x50,

    /* U+004E "N" */
    0xdf, 0xfb, 0x40, 0x3f, 0xf8, 0x3b, 0xff, 0x36,
    0xff, 0xe8, 0x0, 0xff, 0xe0, 0x6f, 0xfc, 0xdb,
    0xff, 0xc4, 0x1, 0xff, 0x6f, 0xfc, 0xdb, 0xff,
    0xd8, 0x1, 0xff, 0x6f, 0xfc, 0xdb, 0xff, 0xe6,
    0x0, 0xff, 0x6f, 0xfc, 0xdb, 0xff, 0xee, 0x10,
    0xf, 0xed, 0xff, 0x9b, 0x7f, 0xfe, 0x90, 0xf,
    0xed, 0xff, 0x9b, 0x7f, 0xea, 0xff, 0xc6, 0x1,
    0xfb, 0x7f, 0xe6, 0xdf, 0xf9, 0xeb, 0xfe, 0xd0,
    0xf, 0xdb, 0xff, 0x36, 0xff, 0xce, 0x3d, 0xff,
    0x38, 0x7, 0xdb, 0xff, 0x36, 0xff, 0xce, 0xd,
    0xff, 0x84, 0x3, 0xdb, 0xff, 0x36, 0xff, 0xce,
    0x0, 0xcf, 0xfa, 0xc0, 0x3d, 0xbf, 0xf3, 0x6f,
    0xfc, 0xe0, 0x3, 0xff, 0xc8, 0x1, 0xdb, 0xff,
    0x36, 0xff, 0xce, 0x1, 0x4f, 0xfd, 0xc0, 0x1d,
    0xbf, 0xf3, 0x6f, 0xfc, 0xe0, 0x10, 0xf7, 0xfd,
    0x0, 0x1b, 0x7f, 0xe6, 0xdf, 0xf9, 0xc0, 0x32,
    0xff, 0xe2, 0x0, 0xb7, 0xfe, 0x6d, 0xff, 0x9c,
    0x3, 0xb3, 0xfe, 0xc0, 0xb, 0x7f, 0xe6, 0xdf,
    0xf9, 0xc0, 0x38, 0xbf, 0xf3, 0x0, 0x37, 0xfe,
    0x6d, 0xff, 0x9c, 0x3, 0xd1, 0xff, 0x70, 0x86,
    0xff, 0xcd, 0xbf, 0xf3, 0x80, 0x7d, 0xdf, 0xf4,
    0x86, 0xff, 0xcd, 0xbf, 0xf3, 0x80, 0x7c, 0xbf,
    0xf8, 0xf7, 0xfe, 0x6d, 0xff, 0x9c, 0x3, 0xf5,
    0xff, 0xdb, 0xaf, 0xf9, 0xb7, 0xfe, 0x70, 0xf,
    0xc5, 0xff, 0xf9, 0xb7, 0xfe, 0x70, 0xf, 0xe7,
    0xff, 0xf9, 0xb7, 0xfe, 0x70, 0xf, 0xf6, 0xff,
    0xf9, 0xb7, 0xfe, 0x70, 0xf, 0xf2, 0x7f, 0xf9,
    0xb7, 0xfe, 0x70, 0xf, 0xfa, 0xbf, 0xf9, 0xb7,
    0xfe, 0x70, 0xf, 0xf8, 0x7f, 0xf9, 0xb7, 0xfe,
    0x70, 0xf, 0xfe, 0x3, 0x7f, 0xe6,

    /* U+004F "O" */
    0x0, 0xfe, 0x16, 0xad, 0xef, 0xf7, 0x5c, 0x18,
    0x7, 0xff, 0x10, 0xab, 0xff, 0xfe, 0xd5, 0x0,
    0xff, 0xe0, 0xbf, 0xff, 0xff, 0xe, 0xc4, 0x3,
    0xfd, 0x5f, 0xff, 0xfc, 0x5e, 0x20, 0xf, 0xd5,
    0xff, 0xdd, 0x8, 0x23, 0x1b, 0x67, 0xff, 0x70,
    0x80, 0x79, 0xbf, 0xf9, 0xc0, 0x3f, 0x93, 0xbf,
    0xf6, 0x0, 0x70, 0xff, 0xf1, 0x80, 0x7f, 0xc3,
    0xbf, 0xf9, 0x80, 0x34, 0xff, 0xe5, 0x0, 0xff,
    0xe0, 0x8f, 0x7f, 0xdc, 0x1, 0xbf, 0xf5, 0x0,
    0x7f, 0xf0, 0xdb, 0xff, 0x28, 0x1, 0x7f, 0xf1,
    0x80, 0x7f, 0xf1, 0x3b, 0xfe, 0xb0, 0x4, 0xff,
    0xda, 0x1, 0xff, 0xc5, 0x8f, 0xfc, 0x0, 0xcf,
    0xfa, 0x0, 0x3f, 0xf8, 0xa7, 0xff, 0x88, 0x3b,
    0xfe, 0x60, 0xf, 0xfe, 0x28, 0xff, 0xe4, 0xf,
    0xfc, 0x80, 0x1f, 0xfc, 0x6f, 0xfc, 0xa1, 0xff,
    0x8c, 0x3, 0xff, 0x8d, 0xdf, 0xf3, 0x7, 0xfe,
    0x40, 0xf, 0xfe, 0x37, 0x7f, 0xcc, 0x1f, 0xf9,
    0x40, 0x3f, 0xf8, 0xdf, 0xf9, 0x43, 0x7f, 0xe7,
    0x0, 0xff, 0xe2, 0x97, 0xfe, 0x30, 0xbf, 0xfa,
    0x80, 0x3f, 0xf8, 0xad, 0xff, 0x84, 0x1f, 0xff,
    0x0, 0x7f, 0xf1, 0x6f, 0xfe, 0xd0, 0x1, 0x7f,
    0xe6, 0x0, 0xff, 0xe1, 0x97, 0xfe, 0x80, 0xb,
    0x3f, 0xee, 0x10, 0xf, 0xfe, 0x15, 0xff, 0xe2,
    0x0, 0x97, 0xff, 0x58, 0x7, 0xff, 0x5, 0xff,
    0xf5, 0x0, 0x75, 0xff, 0xeb, 0x10, 0xf, 0xf4,
    0x7f, 0xf0, 0x80, 0x71, 0x77, 0xfe, 0xe6, 0x0,
    0xf9, 0x33, 0xff, 0x98, 0x3, 0xe4, 0xff, 0xfb,
    0x2a, 0x65, 0x7d, 0xff, 0xe8, 0x0, 0xfe, 0x3e,
    0xff, 0xff, 0xe2, 0x38, 0x7, 0xfc, 0x35, 0xff,
    0xff, 0xc1, 0xd3, 0x0, 0xff, 0xe1, 0x1c, 0xf7,
    0xff, 0xeb, 0x50, 0xf, 0xfe, 0x39, 0x2b, 0xbc,
    0xc6, 0x1, 0xff, 0x0,

    /* U+0050 "P" */
    0xdf, 0xff, 0xee, 0xda, 0x61, 0x0, 0xed, 0xff,
    0xff, 0xe1, 0x48, 0x6, 0xdf, 0xff, 0xfe, 0x1e,
    0x88, 0x3, 0x7f, 0xee, 0xdd, 0xef, 0xff, 0xac,
    0x1, 0xbf, 0xf3, 0x0, 0x78, 0xa3, 0xff, 0x90,
    0x37, 0xfe, 0x60, 0xf, 0xc7, 0xff, 0xa4, 0x37,
    0xfe, 0x60, 0xf, 0xe9, 0xff, 0xb4, 0x37, 0xfe,
    0x60, 0xf, 0xe5, 0xff, 0xc1, 0xbf, 0xf3, 0x0,
    0x7f, 0x27, 0xfe, 0xd, 0xff, 0x98, 0x3, 0xf9,
    0x7f, 0xee, 0xd, 0xff, 0x98, 0x3, 0xfa, 0xff,
    0xec, 0xd, 0xff, 0x98, 0x3, 0xf3, 0x7f, 0xe8,
    0xd, 0xff, 0x98, 0x3, 0x89, 0x6f, 0xff, 0x84,
    0x37, 0xff, 0xff, 0x88, 0xe0, 0xd, 0xff, 0xff,
    0xe1, 0xc0, 0x5, 0xbf, 0xff, 0xfc, 0x1c, 0x40,
    0xd, 0xbf, 0xf6, 0xe6, 0x6b, 0xb4, 0xb1, 0x0,
    0x7b, 0x7f, 0xe6, 0x0, 0xff, 0xe1, 0xef, 0xfc,
    0xc0, 0x1f, 0xfc, 0x3d, 0xff, 0x98, 0x3, 0xff,
    0x87, 0xbf, 0xf3, 0x0, 0x7f, 0xf0, 0xf7, 0xfe,
    0x60, 0xf, 0xfe, 0x1e, 0xff, 0xcc, 0x1, 0xff,
    0xc3, 0xdf, 0xf9, 0x80, 0x3f, 0xf8, 0x7b, 0xff,
    0x30, 0x7, 0xff, 0xf, 0x7f, 0xe6, 0x0, 0xff,
    0xe1, 0xef, 0xfc, 0xc0, 0x1f, 0xfc, 0x3d, 0xff,
    0x98, 0x3, 0xff, 0x87, 0xbf, 0xf3, 0x0, 0x7f,
    0xf0, 0xc0,

    /* U+0051 "Q" */
    0x0, 0xfe, 0x16, 0xad, 0xef, 0xf7, 0x5c, 0x18,
    0x7, 0xff, 0x14, 0xab, 0xff, 0xfe, 0xd5, 0x0,
    0xff, 0xe1, 0x3f, 0xff, 0xff, 0xe, 0xc4, 0x3,
    0xfe, 0xaf, 0xff, 0xfe, 0x2f, 0x10, 0x7, 0xf5,
    0x7f, 0xf7, 0x42, 0x8, 0xc6, 0xd9, 0xff, 0xdc,
    0x20, 0x1f, 0x37, 0xff, 0x38, 0x7, 0xf2, 0x77,
    0xfe, 0xc0, 0xf, 0xf, 0xff, 0x18, 0x7, 0xfc,
    0x3b, 0xff, 0x98, 0x3, 0xa7, 0xff, 0x28, 0x7,
    0xff, 0x4, 0x7b, 0xfe, 0xe0, 0xe, 0xff, 0xd4,
    0x1, 0xff, 0xc3, 0x6f, 0xfc, 0xa0, 0x12, 0xff,
    0xe3, 0x0, 0xff, 0xe2, 0x77, 0xfd, 0x60, 0x14,
    0xff, 0xda, 0x1, 0xff, 0xc5, 0x8f, 0xfc, 0x1,
    0x67, 0xfd, 0x0, 0x1f, 0xfc, 0x53, 0xff, 0xc4,
    0x0, 0xef, 0xf9, 0x80, 0x3f, 0xf8, 0xa3, 0xff,
    0x90, 0x1, 0xff, 0x90, 0x3, 0xff, 0x8d, 0xff,
    0x94, 0x1, 0xff, 0x8c, 0x3, 0xff, 0x8d, 0xdf,
    0xf3, 0x0, 0x3f, 0xf2, 0x0, 0x7f, 0xf1, 0xbb,
    0xfe, 0x60, 0x7, 0xfe, 0x50, 0xf, 0xfe, 0x37,
    0xfe, 0x50, 0x6, 0xff, 0xce, 0x1, 0xff, 0x9,
    0x80, 0x62, 0xff, 0xc6, 0x0, 0xbf, 0xfa, 0x80,
    0x3f, 0xc3, 0xbe, 0x60, 0x13, 0x7f, 0xe1, 0x0,
    0x3f, 0xfe, 0x0, 0xfe, 0x1d, 0xff, 0x90, 0x1,
    0x7f, 0xf6, 0x80, 0x45, 0xff, 0x98, 0x3, 0xf0,
    0xef, 0xfe, 0x42, 0xff, 0xd0, 0x1, 0xb3, 0xfe,
    0xe1, 0x0, 0xfc, 0x39, 0xff, 0xfc, 0x40, 0x19,
    0x3f, 0xf5, 0x80, 0x7f, 0xb3, 0xff, 0xea, 0x0,
    0xf5, 0xff, 0xeb, 0x10, 0xf, 0xeb, 0xff, 0xf0,
    0x80, 0x78, 0x7b, 0xff, 0x73, 0x0, 0x7c, 0x9b,
    0xff, 0xdc, 0x1, 0xf8, 0xff, 0xfe, 0xca, 0x99,
    0x5f, 0x7f, 0xfe, 0x80, 0xf, 0xc7, 0xdf, 0xff,
    0xfc, 0x89, 0x0, 0xfc, 0x35, 0xff, 0xff, 0xc1,
    0xd3, 0x9f, 0xfd, 0x40, 0x1f, 0xc5, 0x3d, 0xff,
    0xfa, 0xd4, 0x2, 0x8f, 0xfc, 0xe0, 0x1f, 0xf1,
    0x2b, 0xbc, 0xc6, 0x1, 0xf3, 0xff, 0xa8, 0x3,
    0xff, 0x9e, 0xd2, 0x0,

    /* U+0052 "R" */
    0xdf, 0xff, 0xf6, 0xdb, 0x88, 0x7, 0xdb, 0xff,
    0xff, 0xc2, 0x90, 0xf, 0x6f, 0xff, 0xff, 0xf,
    0x44, 0x3, 0x6f, 0xfd, 0xdb, 0xbd, 0xff, 0xf5,
    0x80, 0x6d, 0xff, 0x9c, 0x3, 0xc5, 0x1f, 0xfc,
    0x80, 0x16, 0xff, 0xce, 0x1, 0xf9, 0x3f, 0xf4,
    0x80, 0x5b, 0xff, 0x38, 0x7, 0xf4, 0xff, 0xda,
    0x1, 0x6f, 0xfc, 0xe0, 0x1f, 0xcb, 0xff, 0x80,
    0x2d, 0xff, 0x9c, 0x3, 0xf9, 0x3f, 0xf0, 0x5,
    0xbf, 0xf3, 0x80, 0x7f, 0x37, 0xfd, 0xc0, 0x16,
    0xff, 0xce, 0x1, 0xfd, 0x7f, 0xf6, 0x0, 0x5b,
    0xff, 0x38, 0x7, 0xe7, 0xff, 0xd0, 0x1, 0x6f,
    0xfc, 0xe0, 0x1c, 0x4b, 0x9f, 0xfc, 0x20, 0x16,
    0xff, 0xff, 0xf1, 0x1c, 0x3, 0x6f, 0xff, 0xff,
    0xe, 0x40, 0x3b, 0x7f, 0xff, 0xf8, 0x3a, 0x80,
    0x1e, 0xdf, 0xfb, 0x73, 0x37, 0xfe, 0xe0, 0xf,
    0xdb, 0xff, 0x38, 0x6, 0x6f, 0xfc, 0x80, 0x1f,
    0x6f, 0xfc, 0xe0, 0x1d, 0xbf, 0xf6, 0x80, 0x7d,
    0xbf, 0xf3, 0x80, 0x72, 0x7f, 0xe8, 0x0, 0xf6,
    0xff, 0xce, 0x1, 0xea, 0xff, 0xc4, 0x1, 0xdb,
    0xff, 0x38, 0x7, 0x87, 0xff, 0x58, 0x7, 0x6f,
    0xfc, 0xe0, 0x1f, 0x3f, 0xfe, 0x50, 0xd, 0xbf,
    0xf3, 0x80, 0x7e, 0xdf, 0xfb, 0x80, 0x36, 0xff,
    0xce, 0x1, 0xf9, 0x3f, 0xf4, 0x0, 0x5b, 0xff,
    0x38, 0x7, 0xf5, 0xff, 0xe2, 0x0, 0x6f, 0xfc,
    0xe0, 0x1f, 0xc5, 0xff, 0xb0, 0x1, 0xbf, 0xf3,
    0x80, 0x7f, 0xa3, 0xff, 0x28, 0x6f, 0xfc, 0xe0,
    0x1f, 0xf7, 0x7f, 0xdc, 0x20,

    /* U+0053 "S" */
    0x0, 0xf9, 0x6b, 0x7b, 0xfa, 0xdc, 0x40, 0x3f,
    0xe5, 0xef, 0xff, 0xe8, 0x0, 0xfe, 0x8f, 0xff,
    0xfe, 0x6, 0x8, 0x7, 0x9b, 0xff, 0xdb, 0xaf,
    0xff, 0x58, 0x7, 0xf, 0xff, 0x30, 0x6, 0x5e,
    0xff, 0xcc, 0x1, 0x9b, 0xff, 0x20, 0x7, 0x87,
    0x3f, 0xd8, 0x60, 0x1a, 0x7f, 0xec, 0x0, 0xfc,
    0x5a, 0xc0, 0x1e, 0xaf, 0xfa, 0x80, 0x3f, 0xf8,
    0xb3, 0xff, 0x60, 0x7, 0xff, 0x15, 0xbf, 0xf2,
    0x0, 0x7f, 0xf1, 0x7, 0xff, 0x98, 0x3, 0xff,
    0x88, 0xff, 0xfd, 0xac, 0x1, 0xff, 0xc3, 0x9f,
    0xff, 0x74, 0x90, 0x7, 0xff, 0x5, 0xbf, 0xff,
    0x62, 0x0, 0x7f, 0xf0, 0x6, 0x7f, 0xff, 0x61,
    0x80, 0x7f, 0xf0, 0x5, 0xf7, 0xff, 0xe6, 0x0,
    0xff, 0xe1, 0x25, 0x7f, 0xf9, 0x80, 0x3f, 0xf8,
    0x65, 0x7f, 0xfc, 0x60, 0x1f, 0xfc, 0x46, 0xff,
    0xd4, 0x1, 0xff, 0xc5, 0x9f, 0xfb, 0x80, 0x4,
    0xd5, 0x20, 0x1f, 0xf2, 0x7f, 0xe0, 0x6f, 0xfc,
    0x1, 0xff, 0x1f, 0xfe, 0x12, 0xff, 0xce, 0x1,
    0xfe, 0x6f, 0xfc, 0x0, 0xcf, 0xfc, 0x60, 0x1f,
    0xdb, 0xff, 0x58, 0x1, 0x7f, 0xf9, 0x40, 0x3c,
    0x37, 0xff, 0x94, 0x2, 0xaf, 0xfe, 0xd8, 0x65,
    0x6a, 0xff, 0xeb, 0x0, 0xeb, 0xff, 0xff, 0xe1,
    0x68, 0x80, 0x7a, 0x3f, 0xff, 0xf8, 0x16, 0x20,
    0x1f, 0x8a, 0x7f, 0xff, 0x62, 0x80, 0x7f, 0xf0,
    0x4d, 0x9d, 0xe5, 0x10, 0xf, 0x80,

    /* U+0054 "T" */
    0x6f, 0xff, 0xfe, 0x58, 0x37, 0xff, 0xff, 0x2c,
    0x1b, 0xff, 0xff, 0x96, 0xb, 0xbb, 0xfd, 0xff,
    0xbb, 0x77, 0xf8, 0x3, 0xfe, 0xdf, 0xf9, 0xc0,
    0x3f, 0xf9, 0x1b, 0xff, 0x38, 0x7, 0xff, 0x23,
    0x7f, 0xe7, 0x0, 0xff, 0xe4, 0x6f, 0xfc, 0xe0,
    0x1f, 0xfc, 0x8d, 0xff, 0x9c, 0x3, 0xff, 0x91,
    0xbf, 0xf3, 0x80, 0x7f, 0xf2, 0x37, 0xfe, 0x70,
    0xf, 0xfe, 0x46, 0xff, 0xce, 0x1, 0xff, 0xc8,
    0xdf, 0xf9, 0xc0, 0x3f, 0xf9, 0x1b, 0xff, 0x38,
    0x7, 0xff, 0x23, 0x7f, 0xe7, 0x0, 0xff, 0xe4,
    0x6f, 0xfc, 0xe0, 0x1f, 0xfc, 0x8d, 0xff, 0x9c,
    0x3, 0xff, 0x91, 0xbf, 0xf3, 0x80, 0x7f, 0xf2,
    0x37, 0xfe, 0x70, 0xf, 0xfe, 0x46, 0xff, 0xce,
    0x1, 0xff, 0xc8, 0xdf, 0xf9, 0xc0, 0x3f, 0xf9,
    0x1b, 0xff, 0x38, 0x7, 0xff, 0x23, 0x7f, 0xe7,
    0x0, 0xff, 0xe4, 0x6f, 0xfc, 0xe0, 0x1f, 0xfc,
    0x8d, 0xff, 0x9c, 0x3, 0xff, 0x91, 0xbf, 0xf3,
    0x80, 0x7f, 0xf2, 0x37, 0xfe, 0x70, 0xf, 0xfe,
    0x46, 0xff, 0xce, 0x1, 0xff, 0xc8, 0xdf, 0xf9,
    0xc0, 0x3f, 0xc0,

    /* U+0055 "U" */
    0x2f, 0xfc, 0x40, 0x1f, 0xfc, 0x9, 0xff, 0xa8,
    0xbf, 0xf1, 0x0, 0x7f, 0xf0, 0x27, 0xfe, 0xa2,
    0xff, 0xc4, 0x1, 0xff, 0xc0, 0x9f, 0xfa, 0x8b,
    0xff, 0x10, 0x7, 0xff, 0x2, 0x7f, 0xea, 0x2f,
    0xfc, 0x40, 0x1f, 0xfc, 0x9, 0xff, 0xa8, 0xbf,
    0xf1, 0x0, 0x7f, 0xf0, 0x27, 0xfe, 0xa2, 0xff,
    0xc4, 0x1, 0xff, 0xc0, 0x9f, 0xfa, 0x8b, 0xff,
    0x10, 0x7, 0xff, 0x2, 0x7f, 0xea, 0x2f, 0xfc,
    0x40, 0x1f, 0xfc, 0x9, 0xff, 0xa8, 0xbf, 0xf1,
    0x0, 0x7f, 0xf0, 0x27, 0xfe, 0xa2, 0xff, 0xc4,
    0x1, 0xff, 0xc0, 0x9f, 0xfa, 0x8b, 0xff, 0x10,
    0x7, 0xff, 0x2, 0x7f, 0xea, 0x2f, 0xfc, 0x40,
    0x1f, 0xfc, 0x9, 0xff, 0xa8, 0xbf, 0xf1, 0x0,
    0x7f, 0xf0, 0x27, 0xfe, 0xa2, 0xff, 0xc4, 0x1,
    0xff, 0xc0, 0x9f, 0xfa, 0x8b, 0xff, 0x10, 0x7,
    0xff, 0x2, 0x7f, 0xea, 0x2f, 0xfc, 0x40, 0x1f,
    0xfc, 0x9, 0xff, 0xa8, 0xbf, 0xf1, 0x0, 0x7f,
    0xf0, 0x27, 0xfe, 0xa2, 0xff, 0xc4, 0x1, 0xff,
    0xc0, 0xaf, 0xfa, 0x87, 0xff, 0x18, 0x7, 0xff,
    0x2, 0xff, 0xe9, 0xf, 0xfc, 0xa0, 0x1f, 0xfc,
    0xd, 0xff, 0xa0, 0x37, 0xfe, 0x90, 0xf, 0xf8,
    0x7f, 0xf2, 0x85, 0x7f, 0xdc, 0x1, 0xff, 0x37,
    0xfe, 0x10, 0x5f, 0xfd, 0x0, 0x1f, 0xc3, 0xdf,
    0xf6, 0x0, 0x5b, 0xff, 0xa4, 0x3, 0xe3, 0xef,
    0xfc, 0xa0, 0x12, 0xff, 0xfa, 0xa1, 0x9e, 0x77,
    0xff, 0xac, 0x3, 0xa3, 0xff, 0xff, 0x87, 0xa2,
    0x1, 0xe6, 0xff, 0xff, 0xe0, 0xd8, 0x80, 0x7e,
    0x18, 0xef, 0xff, 0xd6, 0x80, 0x1f, 0xfc, 0x12,
    0x56, 0x77, 0x32, 0x0, 0x7e,

    /* U+0056 "V" */
    0x3f, 0xfc, 0xe0, 0x1f, 0xfc, 0x4b, 0xff, 0xb8,
    0x1, 0x9f, 0xf6, 0x80, 0x7f, 0xf0, 0xc7, 0xff,
    0x48, 0x1, 0xbf, 0xf2, 0x0, 0x7f, 0xf0, 0x9f,
    0xff, 0x10, 0x5, 0xff, 0xa8, 0x3, 0xff, 0x85,
    0xbf, 0xf6, 0x0, 0x69, 0xff, 0xc2, 0x1, 0xff,
    0xc0, 0x4f, 0xfc, 0xa0, 0x18, 0xbf, 0xf3, 0x0,
    0x7f, 0xf0, 0x2b, 0xfe, 0xe0, 0xf, 0x67, 0xfd,
    0xa0, 0x1f, 0xf0, 0xff, 0xe9, 0x0, 0xf3, 0x7f,
    0xe3, 0x0, 0xff, 0x37, 0xfe, 0x20, 0xf, 0xbb,
    0xfe, 0x90, 0xf, 0xf6, 0x7f, 0xd8, 0x1, 0xfa,
    0x7f, 0xf0, 0x7, 0xf1, 0x7f, 0xe5, 0x0, 0xfc,
    0x5f, 0xf9, 0x80, 0x3f, 0x4f, 0xfd, 0xc0, 0x1f,
    0xec, 0xff, 0xb0, 0x3, 0xf7, 0x7f, 0xd0, 0x1,
    0xfe, 0x5f, 0xfc, 0x40, 0x1e, 0x5f, 0xfc, 0x40,
    0x1f, 0xf7, 0x7f, 0xd0, 0x1, 0xeb, 0xff, 0xb0,
    0x3, 0xff, 0x81, 0x1f, 0xf7, 0x0, 0x70, 0xff,
    0xe5, 0x0, 0xff, 0xe0, 0x17, 0xfe, 0x50, 0xc,
    0xff, 0xf7, 0x0, 0x7f, 0xf0, 0xaf, 0xfe, 0xb0,
    0xd, 0xbf, 0xf4, 0x0, 0x7f, 0xf0, 0x97, 0xff,
    0x8, 0x1, 0x3f, 0xf1, 0x0, 0x7f, 0xf0, 0xfb,
    0xfe, 0x70, 0x5, 0x7f, 0xd8, 0x1, 0xff, 0xc4,
    0x8f, 0xfb, 0x80, 0x1f, 0xf9, 0x40, 0x3f, 0xf8,
    0x85, 0xff, 0x91, 0xbf, 0xee, 0x0, 0xff, 0xe3,
    0x5f, 0xfd, 0x59, 0xff, 0x40, 0x7, 0xff, 0x19,
    0x7f, 0xff, 0x10, 0x7, 0xff, 0x1f, 0xbf, 0xfd,
    0x80, 0x1f, 0xfc, 0x88, 0xff, 0xf2, 0x80, 0x7f,
    0xf2, 0x7, 0xff, 0xb8, 0x3, 0xff, 0x95, 0x7f,
    0xfa, 0x0, 0x3f, 0xf9, 0x49, 0xff, 0x88, 0x3,
    0xff, 0x97, 0xdf, 0xeb, 0x0, 0xff, 0xe0, 0x0,

    /* U+0057 "W" */
    0xf, 0xfc, 0xe0, 0x1f, 0xfd, 0x1e, 0xff, 0xa0,
    0x2f, 0xfe, 0xb0, 0xf, 0xfe, 0x2, 0xb3, 0x44,
    0x1, 0xff, 0x1f, 0xfe, 0x30, 0x6f, 0xfc, 0x1,
    0xff, 0xf, 0xfe, 0xa0, 0xf, 0xfa, 0x3f, 0xee,
    0x0, 0xf, 0xfe, 0x50, 0xf, 0xf3, 0x7f, 0xee,
    0x0, 0xff, 0xb3, 0xfe, 0xa0, 0xb, 0x7f, 0xe9,
    0x0, 0xff, 0x5f, 0xff, 0x20, 0x7, 0xf0, 0xff,
    0xe5, 0x0, 0xa3, 0xfe, 0xe0, 0xf, 0xf7, 0xff,
    0xa0, 0x3, 0xf9, 0xbf, 0xf0, 0x80, 0x47, 0xff,
    0x88, 0x3, 0xf2, 0xff, 0xfb, 0x40, 0x3f, 0xab,
    0xfe, 0xb0, 0xe, 0xef, 0xf9, 0xc0, 0x3f, 0x57,
    0xff, 0xc4, 0x1, 0xfb, 0xff, 0x38, 0x7, 0x57,
    0xfd, 0x80, 0x1f, 0xbb, 0xfe, 0x9f, 0xf9, 0xc0,
    0x3e, 0x4f, 0xfc, 0x40, 0x1c, 0xbf, 0xf8, 0x40,
    0x3c, 0x7f, 0xf5, 0x9f, 0xfd, 0x80, 0x1f, 0x47,
    0xfd, 0xa0, 0x1f, 0x7f, 0xe5, 0x0, 0xf4, 0x7f,
    0xcc, 0x1d, 0xff, 0x8, 0x7, 0xb7, 0xfe, 0x80,
    0xf, 0xaf, 0xfe, 0xa0, 0xf, 0x6f, 0xfc, 0x21,
    0x3f, 0xf2, 0x80, 0x70, 0xff, 0xe4, 0x0, 0xf9,
    0xbf, 0xee, 0x0, 0xe2, 0xff, 0xb0, 0x0, 0x9f,
    0xf5, 0x0, 0x73, 0x7f, 0xdc, 0x1, 0xf8, 0xbf,
    0xf1, 0x80, 0x66, 0xff, 0x9c, 0x2, 0xff, 0xc0,
    0x1d, 0x7f, 0xf5, 0x0, 0x7f, 0x6f, 0xfd, 0x0,
    0x1a, 0xff, 0xe3, 0x0, 0xab, 0xfe, 0x40, 0xd,
    0xff, 0x94, 0x3, 0xfa, 0x3f, 0xec, 0x0, 0xdf,
    0xf7, 0x0, 0x65, 0xff, 0xa4, 0x2, 0x4f, 0xfc,
    0x20, 0x1f, 0xc7, 0xff, 0x84, 0x0, 0xbf, 0xf4,
    0x80, 0x77, 0xfd, 0xa0, 0x14, 0xff, 0xd8, 0x1,
    0xff, 0x77, 0xfc, 0xc0, 0xa, 0xff, 0x90, 0x3,
    0xaf, 0xfe, 0x20, 0x6, 0xff, 0xce, 0x1, 0xff,
    0x57, 0xfd, 0x40, 0xe, 0xff, 0x70, 0x7, 0x9b,
    0xfe, 0x70, 0x2f, 0xfc, 0x40, 0x1f, 0xf2, 0xff,
    0xe0, 0x3f, 0xfa, 0x80, 0x3c, 0x3f, 0xf6, 0x3,
    0x7f, 0xda, 0x1, 0xff, 0xc0, 0x1f, 0xfc, 0x71,
    0xff, 0x28, 0x7, 0xd9, 0xff, 0xd, 0xff, 0xd2,
    0x1, 0xff, 0xc1, 0xcf, 0xfa, 0x37, 0xfe, 0x0,
    0xfc, 0xff, 0xf3, 0x7f, 0xe4, 0x0, 0xff, 0xe0,
    0xbf, 0xfd, 0xdf, 0xf5, 0x80, 0x7e, 0x2f, 0xfb,
    0xbf, 0xf0, 0x7, 0xff, 0x8, 0xbf, 0xfe, 0x60,
    0xf, 0xed, 0xff, 0xf5, 0x0, 0x7f, 0xf0, 0xf7,
    0xff, 0xc2, 0x1, 0xfd, 0x1f, 0xfe, 0x50, 0xf,
    0xfe, 0x1c, 0x7f, 0xf6, 0x0, 0x7f, 0x8f, 0xff,
    0xc2, 0x1, 0xff, 0xc3, 0x4f, 0xfe, 0x70, 0xf,
    0xfb, 0xbf, 0xf6, 0x0, 0x7f, 0xf1, 0x7f, 0xf8,
    0x80, 0x3f, 0xe9, 0xff, 0xce, 0x1, 0xff, 0xc5,
    0xaf, 0xfb, 0x40, 0x3f, 0xf8, 0xb, 0xff, 0x88,
    0x3, 0xf0,

    /* U+0058 "X" */
    0xc, 0xff, 0xc8, 0x1, 0xff, 0xc1, 0x1e, 0xff,
    0xc4, 0x5, 0xff, 0xb8, 0x40, 0x3f, 0xf8, 0x15,
    0xff, 0x98, 0x2, 0x6f, 0xfd, 0x40, 0x1f, 0xf2,
    0xff, 0xeb, 0x0, 0xeb, 0xff, 0xca, 0x1, 0xfc,
    0x3d, 0xff, 0x84, 0x3, 0x8b, 0xff, 0x70, 0x80,
    0x7e, 0xaf, 0xfc, 0xc0, 0x1f, 0x37, 0xfe, 0xa0,
    0xf, 0x97, 0xff, 0x58, 0x7, 0xf5, 0xff, 0xe5,
    0x0, 0xe1, 0xef, 0xfb, 0x84, 0x3, 0xf8, 0x7b,
    0xfe, 0xe1, 0x0, 0xd5, 0xff, 0x94, 0x3, 0xfe,
    0x5f, 0xfd, 0x40, 0x12, 0xff, 0xea, 0x0, 0xff,
    0xe0, 0xd7, 0xfe, 0x50, 0x1e, 0xff, 0xb8, 0x40,
    0x3f, 0xf8, 0x23, 0xdf, 0xf7, 0xd, 0x7f, 0xe4,
    0x0, 0xff, 0xe1, 0xaf, 0xfe, 0xdf, 0xfd, 0x20,
    0x1f, 0xfc, 0x5a, 0xff, 0xfb, 0x80, 0x3f, 0xf8,
    0xc3, 0xdf, 0xfe, 0x40, 0xf, 0xfe, 0x3b, 0xff,
    0xf6, 0x0, 0x7f, 0xf1, 0xc7, 0xbf, 0xfc, 0x80,
    0x1f, 0xfc, 0x6a, 0xff, 0xfb, 0x84, 0x3, 0xff,
    0x88, 0xbf, 0xfb, 0x7f, 0xf5, 0x0, 0x7f, 0xf0,
    0xc7, 0xbf, 0xee, 0x1b, 0xff, 0xca, 0x1, 0xff,
    0xc2, 0xbf, 0xfc, 0xa0, 0x3d, 0xff, 0x70, 0x80,
    0x7f, 0xf0, 0x1b, 0xff, 0x50, 0x4, 0xbf, 0xfa,
    0xc0, 0x3f, 0xe2, 0xff, 0xdc, 0x20, 0x1a, 0xbf,
    0xf3, 0x0, 0x7f, 0xb3, 0xff, 0x20, 0x7, 0xf,
    0x7f, 0xe2, 0x0, 0xfc, 0xff, 0xfa, 0x40, 0x3e,
    0x4f, 0xfd, 0x80, 0x1f, 0x17, 0xfe, 0xd0, 0xf,
    0xe9, 0xff, 0xce, 0x1, 0xec, 0xff, 0xc6, 0x1,
    0xfe, 0xdf, 0xfc, 0x60, 0x19, 0xff, 0xf4, 0x0,
    0x7f, 0xc7, 0xff, 0xb4, 0x2, 0x3f, 0xfd, 0xa0,
    0x1f, 0xfc, 0x18, 0xff, 0xd0, 0x0, 0xdf, 0xfc,
    0x60, 0x1f, 0xfc, 0x2d, 0xff, 0xc8,

    /* U+0059 "Y" */
    0x5f, 0xfd, 0x0, 0x1f, 0xfc, 0x2e, 0xff, 0xb8,
    0x1, 0x9f, 0xf8, 0x40, 0x3f, 0xf8, 0xf, 0xff,
    0x94, 0x0, 0x5f, 0xfa, 0x80, 0x3f, 0xe1, 0xff,
    0xd8, 0x1, 0xa7, 0xff, 0x18, 0x7, 0xfa, 0x7f,
    0xf1, 0x80, 0x61, 0xef, 0xfa, 0xc0, 0x3f, 0x8b,
    0xff, 0x48, 0x7, 0x9b, 0xff, 0x20, 0x7, 0xeb,
    0xff, 0xc2, 0x1, 0xf6, 0xff, 0xda, 0x1, 0xf2,
    0x7f, 0xe7, 0x0, 0xfc, 0x9f, 0xf9, 0x80, 0x3d,
    0xbf, 0xf6, 0x80, 0x7f, 0xab, 0xfe, 0xe0, 0xe,
    0x7f, 0xfc, 0xa0, 0x1f, 0xe2, 0xff, 0xce, 0x1,
    0xf, 0x7f, 0xd6, 0x1, 0xff, 0xc0, 0x8f, 0xfc,
    0x20, 0x9, 0xff, 0xc4, 0x1, 0xff, 0xc1, 0xef,
    0xfa, 0x40, 0xbf, 0xf4, 0x80, 0x7f, 0xf0, 0x97,
    0xff, 0x15, 0xff, 0xe1, 0x0, 0xff, 0xe1, 0xe7,
    0xfd, 0xbf, 0xf9, 0xc0, 0x3f, 0xf8, 0x87, 0xff,
    0xf6, 0x80, 0x7f, 0xf1, 0xa7, 0xff, 0xc8, 0x1,
    0xff, 0xc6, 0x1f, 0xfe, 0xb0, 0xf, 0xfe, 0x43,
    0xff, 0xe2, 0x0, 0xff, 0xe4, 0x27, 0xfe, 0x0,
    0xff, 0xe4, 0xa7, 0xfe, 0x0, 0xff, 0xe4, 0xa7,
    0xfe, 0x0, 0xff, 0xe4, 0xa7, 0xfe, 0x0, 0xff,
    0xe4, 0xa7, 0xfe, 0x0, 0xff, 0xe4, 0xa7, 0xfe,
    0x0, 0xff, 0xe4, 0xa7, 0xfe, 0x0, 0xff, 0xe4,
    0xa7, 0xfe, 0x0, 0xff, 0xe4, 0xa7, 0xfe, 0x0,
    0xff, 0xe4, 0xa7, 0xfe, 0x0, 0xff, 0xe4, 0xa7,
    0xfe, 0x0, 0xff, 0x80,

    /* U+005A "Z" */
    0xb, 0xff, 0xff, 0xe4, 0x0, 0x2f, 0xff, 0xff,
    0x90, 0x0, 0xbf, 0xff, 0xfe, 0x40, 0x2, 0x77,
    0x7f, 0xf8, 0x5f, 0xfd, 0xa0, 0x1f, 0xfc, 0x5d,
    0xff, 0xc6, 0x1, 0xff, 0xc4, 0x9f, 0xfc, 0xe0,
    0x1f, 0xfc, 0x45, 0xff, 0xd6, 0x1, 0xff, 0xc4,
    0x2f, 0xfd, 0xc2, 0x1, 0xff, 0xc4, 0xdf, 0xfc,
    0x60, 0x1f, 0xfc, 0x4a, 0xff, 0xcc, 0x1, 0xff,
    0xc4, 0x6f, 0xfd, 0x40, 0x1f, 0xfc, 0x43, 0xff,
    0xda, 0x1, 0xff, 0xc5, 0xdf, 0xfc, 0x60, 0x1f,
    0xfc, 0x4a, 0xff, 0xcc, 0x1, 0xff, 0xc4, 0x6f,
    0xfd, 0x40, 0x1f, 0xfc, 0x43, 0xff, 0xda, 0x1,
    0xff, 0xc4, 0x1d, 0xff, 0xc4, 0x1, 0xff, 0xc4,
    0xbf, 0xfc, 0xa0, 0x1f, 0xfc, 0x47, 0xff, 0xd2,
    0x1, 0xff, 0xc4, 0x3f, 0xfd, 0x80, 0x1f, 0xfc,
    0x41, 0xef, 0xfc, 0x40, 0x1f, 0xfc, 0x4b, 0xff,
    0xca, 0x1, 0xff, 0xc4, 0x7f, 0xfd, 0x20, 0x1f,
    0xfc, 0x44, 0xff, 0xd8, 0x1, 0xff, 0xc4, 0x1e,
    0xff, 0xb8, 0x40, 0x3f, 0xf8, 0x95, 0xff, 0xdb,
    0xbf, 0xfc, 0x45, 0xbf, 0xff, 0xfe, 0x4b, 0xdf,
    0xff, 0xff, 0x25, 0xef, 0xff, 0xff, 0x92, 0xe0,

    /* U+005B "[" */
    0x7f, 0xff, 0xc0, 0xff, 0xff, 0x81, 0xff, 0xeb,
    0xbe, 0x7, 0xff, 0x70, 0x7, 0x9f, 0xfd, 0xc0,
    0x1e, 0x7f, 0xf7, 0x0, 0x79, 0xff, 0xdc, 0x1,
    0xe7, 0xff, 0x70, 0x7, 0x9f, 0xfd, 0xc0, 0x1e,
    0x7f, 0xf7, 0x0, 0x79, 0xff, 0xdc, 0x1, 0xe7,
    0xff, 0x70, 0x7, 0x9f, 0xfd, 0xc0, 0x1e, 0x7f,
    0xf7, 0x0, 0x79, 0xff, 0xdc, 0x1, 0xe7, 0xff,
    0x70, 0x7, 0x9f, 0xfd, 0xc0, 0x1e, 0x7f, 0xf7,
    0x0, 0x79, 0xff, 0xdc, 0x1, 0xe7, 0xff, 0x70,
    0x7, 0x9f, 0xfd, 0xc0, 0x1e, 0x7f, 0xf7, 0x0,
    0x79, 0xff, 0xdc, 0x1, 0xe7, 0xff, 0x70, 0x7,
    0x9f, 0xfd, 0xc0, 0x1e, 0x7f, 0xf7, 0x0, 0x79,
    0xff, 0xdc, 0x1, 0xe7, 0xff, 0x70, 0x7, 0x9f,
    0xfd, 0xc0, 0x1e, 0x7f, 0xf7, 0x0, 0x79, 0xff,
    0xdc, 0x1, 0xe7, 0xff, 0x70, 0x7, 0x9f, 0xfd,
    0xc0, 0x1e, 0x7f, 0xf7, 0x0, 0x79, 0xff, 0xdc,
    0x1, 0xe7, 0xff, 0x70, 0x7, 0x9f, 0xfd, 0xc0,
    0x1e, 0x7f, 0xf7, 0x0, 0x79, 0xff, 0xeb, 0xbe,
    0x7, 0xff, 0xfc, 0xf, 0xff, 0xf8, 0x0,

    /* U+005C "\\" */
    0xe, 0xff, 0x18, 0x7, 0xff, 0x12, 0x3f, 0xd2,
    0x1, 0xff, 0xc4, 0x2f, 0xf8, 0x3, 0xff, 0x8b,
    0x9f, 0xe6, 0x0, 0xff, 0xe2, 0x2f, 0xfb, 0x0,
    0x3f, 0xf8, 0xbd, 0xfe, 0x20, 0xf, 0xfe, 0x24,
    0xff, 0xa4, 0x3, 0xff, 0x88, 0x5f, 0xee, 0x0,
    0xff, 0xe2, 0xe7, 0xf9, 0x40, 0x3f, 0xf8, 0x8b,
    0xfe, 0xc0, 0xf, 0xfe, 0x2f, 0x7f, 0x88, 0x3,
    0xff, 0x89, 0x3f, 0xe8, 0x0, 0xff, 0xe2, 0x17,
    0xfb, 0x80, 0x3f, 0xf8, 0xb9, 0xfe, 0x50, 0xf,
    0xfe, 0x23, 0x7f, 0xb0, 0x3, 0xff, 0x8b, 0xff,
    0x10, 0x7, 0xff, 0x12, 0x7f, 0xd0, 0x1, 0xff,
    0xc4, 0x3f, 0xf7, 0x0, 0x7f, 0xf1, 0x73, 0xfc,
    0xa0, 0x1f, 0xfc, 0x46, 0xff, 0x58, 0x7, 0xff,
    0x17, 0xfe, 0x20, 0xf, 0xfe, 0x24, 0xff, 0xa0,
    0x3, 0xff, 0x88, 0x7f, 0xee, 0x0, 0xff, 0xe2,
    0xef, 0xf9, 0x40, 0x3f, 0xf8, 0x8d, 0xfe, 0xb0,
    0xf, 0xfe, 0x2f, 0xfc, 0x40, 0x1f, 0xfc, 0x4a,
    0xff, 0x40, 0x7, 0xff, 0x10, 0xff, 0xdc, 0x1,
    0xff, 0xc5, 0xdf, 0xf2, 0x0, 0x7f, 0xf1, 0x1f,
    0xfd, 0x60, 0x1f, 0xfc, 0x41, 0xff, 0x84, 0x3,
    0xff, 0x89, 0x5f, 0xe7, 0x0, 0xff, 0xe2, 0x1f,
    0xfb, 0x80, 0x3f, 0xf8, 0xbb, 0xfe, 0x40, 0xf,
    0xfe, 0x23, 0xff, 0xac, 0x3, 0xff, 0x88, 0x3f,
    0xf0, 0x80, 0x7f, 0xf1, 0x2b, 0xfc, 0xe0, 0x1f,
    0xfc, 0x44, 0xff, 0x68, 0x0,

    /* U+005D "]" */
    0xaf, 0xff, 0xb6, 0xbf, 0xfe, 0xd7, 0xbb, 0xdb,
    0xfe, 0xd0, 0xe, 0x8f, 0xf6, 0x80, 0x74, 0x7f,
    0xb4, 0x3, 0xa3, 0xfd, 0xa0, 0x1d, 0x1f, 0xed,
    0x0, 0xe8, 0xff, 0x68, 0x7, 0x47, 0xfb, 0x40,
    0x3a, 0x3f, 0xda, 0x1, 0xd1, 0xfe, 0xd0, 0xe,
    0x8f, 0xf6, 0x80, 0x74, 0x7f, 0xb4, 0x3, 0xa3,
    0xfd, 0xa0, 0x1d, 0x1f, 0xed, 0x0, 0xe8, 0xff,
    0x68, 0x7, 0x47, 0xfb, 0x40, 0x3a, 0x3f, 0xda,
    0x1, 0xd1, 0xfe, 0xd0, 0xe, 0x8f, 0xf6, 0x80,
    0x74, 0x7f, 0xb4, 0x3, 0xa3, 0xfd, 0xa0, 0x1d,
    0x1f, 0xed, 0x0, 0xe8, 0xff, 0x68, 0x7, 0x47,
    0xfb, 0x40, 0x3a, 0x3f, 0xda, 0x1, 0xd1, 0xfe,
    0xd0, 0xe, 0x8f, 0xf6, 0x80, 0x74, 0x7f, 0xb4,
    0x3, 0xa3, 0xfd, 0xa0, 0x1d, 0x1f, 0xed, 0x0,
    0xe8, 0xff, 0x68, 0x7, 0x47, 0xfb, 0x40, 0x3a,
    0x3f, 0xda, 0x1, 0xd1, 0xfe, 0xd0, 0xe, 0x8f,
    0xf6, 0x80, 0x74, 0x7f, 0xb4, 0x3, 0xa3, 0xfd,
    0xaf, 0x77, 0xb7, 0xfd, 0xb5, 0xff, 0xf6, 0xd7,
    0xff, 0xda,

    /* U+005E "^" */
    0x0, 0xfd, 0x5f, 0xfb, 0x80, 0x3f, 0xf8, 0x63,
    0xff, 0xe5, 0x0, 0xff, 0xe1, 0x47, 0xff, 0xac,
    0x3, 0xff, 0x85, 0xdf, 0xff, 0x10, 0x7, 0xff,
    0x1, 0x7f, 0xeb, 0x8f, 0xfa, 0x0, 0x3f, 0xf8,
    0x17, 0xff, 0x28, 0xff, 0xdc, 0x1, 0xff, 0x17,
    0xfd, 0xc0, 0xb, 0xff, 0x98, 0x3, 0xfd, 0x3f,
    0xf4, 0x0, 0x17, 0xfe, 0xc0, 0xf, 0xf7, 0xfe,
    0x20, 0xb, 0xbf, 0xe3, 0x0, 0xfc, 0xdf, 0xf5,
    0x80, 0x68, 0xff, 0xa8, 0x3, 0xf6, 0x7f, 0xca,
    0x1, 0x8b, 0xff, 0x8, 0x7, 0x8f, 0xfe, 0xe0,
    0xf, 0x5f, 0xfc, 0xe0, 0x1e, 0xaf, 0xfa, 0x40,
    0x3c, 0xbf, 0xf6, 0x80, 0x70, 0xff, 0xe2, 0x0,
    0xfb, 0xbf, 0xe4, 0x0, 0xcf, 0xff, 0x60, 0x7,
    0xe8, 0xff, 0xac, 0x3, 0x6f, 0xfc, 0xc0, 0x1f,
    0x8b, 0xff, 0x8, 0x1, 0x3f, 0xf0, 0x7, 0xfb,
    0x3f, 0xe8, 0x0, 0x5f, 0xfd, 0x20, 0x1f, 0xe6,
    0xff, 0xb8, 0xb, 0xff, 0x18, 0x7, 0xfd, 0xff,
    0x96, 0x3f, 0xed, 0x0, 0xff, 0xe0, 0x4f, 0xfd,
    0x80,

    /* U+005F "_" */
    0x12, 0x2f, 0xfe, 0x20, 0xc7, 0xff, 0xff, 0x12,
    0xe3, 0xff, 0xff, 0x89, 0x71, 0xff, 0xff, 0xc4,
    0xb0,

    /* U+0060 "`" */
    0xa, 0xff, 0xa8, 0x3, 0xd5, 0xff, 0x28, 0x7,
    0xaf, 0xfe, 0x20, 0xf, 0x67, 0xfb, 0x0, 0x3e,
    0xcf, 0xf4, 0x0, 0x78, 0x77, 0xfc, 0x80,

    /* U+0061 "a" */
    0x0, 0xe1, 0x5a, 0xde, 0xfe, 0xd9, 0x40, 0xf,
    0xc3, 0x3f, 0xff, 0xed, 0x20, 0xe, 0x4e, 0xff,
    0xff, 0xe0, 0x98, 0x4, 0x9f, 0xfd, 0xd5, 0x31,
    0x5d, 0xff, 0xb8, 0x3, 0x57, 0xfb, 0x50, 0x3,
    0xcf, 0xff, 0x9c, 0x3, 0x44, 0x80, 0x7f, 0x4f,
    0xfd, 0x80, 0x1f, 0xfc, 0x32, 0xff, 0xc0, 0x1f,
    0xfc, 0x4f, 0xfc, 0x20, 0x19, 0x27, 0x3b, 0xff,
    0xfe, 0x20, 0x0, 0xdf, 0xff, 0xff, 0xc, 0x80,
    0x1b, 0xff, 0xff, 0xc4, 0x20, 0x7f, 0xfd, 0x68,
    0x42, 0x3e, 0xff, 0xc4, 0x1b, 0xff, 0x50, 0x7,
    0xf7, 0xfe, 0x20, 0xff, 0xc4, 0x1, 0xf8, 0xff,
    0xf1, 0x7, 0xfe, 0x10, 0xf, 0xd5, 0xff, 0x88,
    0x3b, 0xfe, 0x40, 0xf, 0x97, 0xff, 0x88, 0x2b,
    0xfe, 0xd2, 0x0, 0xe6, 0xff, 0xf1, 0x1, 0xff,
    0xf4, 0xbb, 0x46, 0xff, 0xfc, 0x40, 0x7, 0xff,
    0xff, 0x97, 0x7f, 0xe2, 0x0, 0x9b, 0xff, 0xf7,
    0x20, 0x5f, 0xfc, 0x40, 0x18, 0x5e, 0xfb, 0xfb,
    0x1c, 0x40, 0x15, 0xff, 0x10,

    /* U+0062 "b" */
    0x2f, 0xfc, 0x1, 0xff, 0xc4, 0x2f, 0xfc, 0x1,
    0xff, 0xc4, 0x2f, 0xfc, 0x1, 0xff, 0xc4, 0x2f,
    0xfc, 0x1, 0xff, 0xc4, 0x2f, 0xfc, 0x1, 0xff,
    0xc4, 0x2f, 0xfc, 0x1, 0xff, 0xc4, 0x2f, 0xfc,
    0x1, 0xff, 0xc4, 0x2f, 0xfc, 0x1, 0xff, 0xc4,
    0x2f, 0xfc, 0x1, 0x36, 0x77, 0xf5, 0xb0, 0x7,
    0x8b, 0xff, 0x1, 0xef, 0xff, 0xdc, 0xc0, 0x18,
    0xbf, 0xf2, 0x7f, 0xff, 0xd0, 0x1, 0x17, 0xfe,
    0xef, 0xfb, 0xb3, 0xbf, 0xfc, 0xc0, 0x2, 0xff,
    0xf4, 0x88, 0x4, 0x53, 0xff, 0xc4, 0x5, 0xff,
    0xca, 0x1, 0xf3, 0x7f, 0xe9, 0x2, 0xff, 0xd2,
    0x1, 0xfd, 0x5f, 0xf8, 0xb, 0xff, 0x10, 0x7,
    0xf1, 0x7f, 0xe3, 0x2f, 0xfb, 0x40, 0x3f, 0xec,
    0xff, 0x98, 0xbf, 0xeb, 0x0, 0xff, 0xab, 0xfe,
    0x72, 0xff, 0xa4, 0x3, 0xfe, 0x9f, 0xfa, 0xb,
    0xfe, 0xb0, 0xf, 0xfa, 0xbf, 0xe7, 0x2f, 0xfb,
    0x40, 0x3f, 0xed, 0xff, 0x98, 0xbf, 0xf1, 0x0,
    0x7f, 0x17, 0xfe, 0x32, 0xff, 0xd4, 0x1, 0xfd,
    0x5f, 0xf7, 0x1, 0x7f, 0xf3, 0x0, 0x7c, 0xdf,
    0xfa, 0x0, 0xbf, 0xfd, 0x24, 0x1, 0x14, 0xff,
    0xf0, 0x81, 0x7f, 0xfe, 0xec, 0xef, 0xff, 0x30,
    0x0, 0xbf, 0xf3, 0x7f, 0xff, 0xd0, 0x1, 0x17,
    0xfe, 0x6, 0xff, 0xfe, 0x60, 0xc, 0x5f, 0xf8,
    0x0, 0x2f, 0x9d, 0xfd, 0x8e, 0x20, 0x1c,

    /* U+0063 "c" */
    0x0, 0xf1, 0x3e, 0x77, 0xfb, 0x65, 0x0, 0x3f,
    0x86, 0x7f, 0xff, 0xb0, 0x80, 0x3c, 0x3b, 0xff,
    0xff, 0xc0, 0x30, 0xe, 0xdf, 0xfd, 0xd7, 0x32,
    0xdf, 0xfd, 0xc2, 0x1, 0x47, 0xfe, 0x90, 0xe,
    0x5f, 0xfd, 0x20, 0x1, 0xff, 0xd0, 0x1, 0xf2,
    0xff, 0xe0, 0x3, 0xff, 0xdc, 0x1, 0xfd, 0x7a,
    0xe2, 0x0, 0xbf, 0xf9, 0xc0, 0x3f, 0xf8, 0x7f,
    0xf8, 0xc0, 0x3f, 0xf8, 0x7f, 0xf8, 0x40, 0x3f,
    0xf8, 0x43, 0xff, 0x80, 0x3f, 0xf8, 0x9f, 0xf8,
    0x40, 0x3f, 0xf8, 0x7f, 0xf8, 0xc0, 0x3f, 0xf8,
    0x77, 0xff, 0x38, 0x7, 0xf0, 0x80, 0x73, 0xff,
    0xdc, 0x1, 0xfd, 0x9b, 0x4, 0x0, 0x1f, 0xfd,
    0x20, 0x1f, 0x2f, 0xfe, 0x0, 0xa3, 0xff, 0x48,
    0x80, 0x66, 0xff, 0xd2, 0x1, 0xb3, 0xff, 0xb2,
    0xaf, 0xbf, 0xf7, 0x8, 0x6, 0x1d, 0xff, 0xff,
    0xe0, 0x18, 0x7, 0xd3, 0xff, 0xfd, 0x84, 0x1,
    0xfc, 0x4f, 0x9d, 0xfe, 0xd9, 0x40, 0xe,

    /* U+0064 "d" */
    0x0, 0xff, 0xe2, 0x3f, 0xfd, 0x20, 0x1f, 0xfc,
    0x47, 0xff, 0xa4, 0x3, 0xff, 0x88, 0xff, 0xf4,
    0x80, 0x7f, 0xf1, 0x1f, 0xfe, 0x90, 0xf, 0xfe,
    0x23, 0xff, 0xd2, 0x1, 0xff, 0xc4, 0x7f, 0xfa,
    0x40, 0x3f, 0xf8, 0x8f, 0xff, 0x48, 0x7, 0xff,
    0x11, 0xff, 0xe9, 0x0, 0xf1, 0xce, 0xff, 0xb6,
    0x4c, 0x0, 0xff, 0xf4, 0x80, 0x61, 0xbf, 0xff,
    0xd2, 0xf, 0xff, 0x48, 0x4, 0x5d, 0xff, 0xfe,
    0xb8, 0xff, 0xa4, 0x0, 0x3d, 0xff, 0xed, 0xd7,
    0xff, 0xe9, 0x0, 0x57, 0xfe, 0xd5, 0x0, 0xcb,
    0xbf, 0xfd, 0x20, 0x5f, 0xfb, 0x0, 0x3e, 0x1c,
    0xff, 0xd2, 0x11, 0xff, 0x84, 0x3, 0xf1, 0x7f,
    0xe9, 0xc, 0xff, 0xa4, 0x3, 0xfd, 0x5f, 0xf4,
    0x87, 0xfe, 0x40, 0xf, 0xf2, 0xff, 0xd2, 0x3f,
    0xf8, 0x80, 0x3f, 0xc7, 0xff, 0x48, 0xff, 0xe1,
    0x0, 0xff, 0x17, 0xfd, 0x21, 0xff, 0x88, 0x3,
    0xfc, 0x7f, 0xf4, 0x87, 0xfe, 0x40, 0xf, 0xf2,
    0xff, 0xd2, 0x19, 0xff, 0x48, 0x7, 0xfa, 0xbf,
    0xe9, 0x7, 0xff, 0xc4, 0x1, 0xf8, 0xbf, 0xf4,
    0x80, 0xff, 0xec, 0x10, 0xf, 0xe, 0xff, 0xe9,
    0x0, 0x4f, 0xfe, 0xd5, 0x0, 0xcb, 0xbf, 0xfd,
    0x20, 0x1, 0xdf, 0xff, 0x6e, 0xbf, 0xff, 0x48,
    0x4, 0x5d, 0xff, 0xfe, 0xd8, 0xff, 0xa4, 0x3,
    0xe, 0x7f, 0xfe, 0xb1, 0x7f, 0xfa, 0x40, 0x3c,
    0x95, 0xbf, 0xed, 0xa4, 0x0, 0x3f, 0xfd, 0x20,

    /* U+0065 "e" */
    0x0, 0xf1, 0xc6, 0x77, 0xf6, 0x41, 0x80, 0x7f,
    0xd, 0x7f, 0xff, 0x50, 0x80, 0x78, 0xbb, 0xff,
    0xfe, 0xd1, 0x0, 0xed, 0xff, 0xdb, 0xf, 0x19,
    0xff, 0xb0, 0x3, 0x47, 0xfe, 0x50, 0xe, 0x3e,
    0xff, 0x98, 0x0, 0x3f, 0xf9, 0x0, 0x3e, 0x3f,
    0xfb, 0x40, 0xf, 0xff, 0x50, 0x7, 0xf4, 0xff,
    0xc6, 0x17, 0xff, 0x20, 0x7, 0xf2, 0x7f, 0xce,
    0x1d, 0xff, 0x8, 0x7, 0xf1, 0xff, 0xd4, 0x1f,
    0xff, 0xfc, 0x6b, 0x1f, 0xff, 0xfe, 0x36, 0x7,
    0xff, 0xff, 0x1a, 0xc3, 0xff, 0x8, 0x7, 0xff,
    0xf, 0x3f, 0xe3, 0x0, 0xff, 0xe1, 0xbf, 0xfd,
    0x40, 0x1f, 0xfc, 0x31, 0xff, 0xca, 0x1, 0xf8,
    0x68, 0x40, 0x34, 0xff, 0xe8, 0x10, 0xc, 0x2f,
    0xdf, 0xc4, 0x1, 0xbb, 0xff, 0xb6, 0xed, 0xbf,
    0xfd, 0xa0, 0x18, 0xbb, 0xff, 0xff, 0x81, 0xa4,
    0x1, 0xc3, 0x5f, 0xff, 0xe9, 0x0, 0xfe, 0x38,
    0xce, 0xff, 0x75, 0xb8, 0x80, 0x60,

    /* U+0066 "f" */
    0x0, 0xf9, 0xaf, 0xbf, 0xd8, 0xe2, 0x1, 0xc3,
    0xbf, 0xff, 0x10, 0x7, 0x57, 0xff, 0xd4, 0x1,
    0xc3, 0xff, 0xb6, 0x1e, 0xcc, 0x3, 0x93, 0xff,
    0x8, 0x7, 0xf3, 0x7f, 0xd6, 0x1, 0xfe, 0x6f,
    0xfa, 0x80, 0x3f, 0xcd, 0xff, 0x50, 0x7, 0xa7,
    0xff, 0xff, 0x80, 0xa1, 0x3f, 0xff, 0xfc, 0x5,
    0x9, 0xff, 0xff, 0xe0, 0x28, 0x9, 0x15, 0x1f,
    0xf5, 0x91, 0x60, 0xf, 0x3f, 0xfd, 0x40, 0x1f,
    0xe7, 0xff, 0xa8, 0x3, 0xfc, 0xff, 0xf5, 0x0,
    0x7f, 0x9f, 0xfe, 0xa0, 0xf, 0xf3, 0xff, 0xd4,
    0x1, 0xfe, 0x7f, 0xfa, 0x80, 0x3f, 0xcf, 0xff,
    0x50, 0x7, 0xf9, 0xff, 0xea, 0x0, 0xff, 0x3f,
    0xfd, 0x40, 0x1f, 0xe7, 0xff, 0xa8, 0x3, 0xfc,
    0xff, 0xf5, 0x0, 0x7f, 0x9f, 0xfe, 0xa0, 0xf,
    0xf3, 0xff, 0xd4, 0x1, 0xfe, 0x7f, 0xfa, 0x80,
    0x3f, 0xcf, 0xff, 0x50, 0x7, 0xf9, 0xff, 0xea,
    0x0, 0xff, 0x3f, 0xfd, 0x40, 0x1e,

    /* U+0067 "g" */
    0x0, 0xff, 0xec, 0x8d, 0xd0, 0x7, 0xe5, 0xbd,
    0xfe, 0xc8, 0x20, 0x2d, 0xff, 0x38, 0x7, 0x27,
    0x7f, 0xfe, 0xef, 0xfd, 0xa0, 0x19, 0xbf, 0xff,
    0xf8, 0x56, 0x20, 0x11, 0xff, 0xee, 0x85, 0x6b,
    0xff, 0xe9, 0x0, 0xec, 0xff, 0xb0, 0x3, 0x97,
    0xff, 0x18, 0x6, 0x2f, 0xfc, 0x20, 0x1e, 0x9f,
    0xfa, 0x40, 0x32, 0xff, 0xd8, 0x1, 0xf2, 0x7f,
    0xd8, 0x1, 0x9b, 0xfe, 0xa0, 0xf, 0x8f, 0xfe,
    0xe0, 0xc, 0xbf, 0xf6, 0x0, 0x7c, 0x9f, 0xf6,
    0x80, 0x63, 0xff, 0xc2, 0x1, 0xe9, 0xff, 0xac,
    0x3, 0xb7, 0xfe, 0xb0, 0xe, 0x4f, 0xfc, 0xc0,
    0x1c, 0x9f, 0xfb, 0x5d, 0x16, 0x7f, 0xf6, 0x80,
    0x7d, 0xbf, 0xff, 0xf7, 0x10, 0x7, 0xa3, 0xff,
    0xfe, 0xc2, 0x0, 0xf2, 0xff, 0xcc, 0xcb, 0xdf,
    0xf6, 0xd2, 0x0, 0x7e, 0xbf, 0xf7, 0x0, 0x7f,
    0xf1, 0x7b, 0xfe, 0x10, 0xf, 0xfe, 0x26, 0x7f,
    0xda, 0xc4, 0x1, 0xff, 0xc2, 0x6f, 0xff, 0xb2,
    0x9d, 0x4, 0x3, 0xf9, 0xff, 0xff, 0xee, 0x93,
    0x0, 0xf9, 0xbf, 0xff, 0xf8, 0x34, 0x1, 0xd1,
    0xff, 0x33, 0x2b, 0x7f, 0xff, 0x50, 0x0, 0x73,
    0xfe, 0x50, 0xe, 0x25, 0x9f, 0xfe, 0x20, 0x6f,
    0xfa, 0x40, 0x3f, 0x87, 0xbf, 0xe4, 0x5, 0xff,
    0xa0, 0x3, 0xfd, 0x7f, 0xf2, 0x81, 0x7f, 0xdc,
    0x40, 0x1f, 0xdd, 0xff, 0x10, 0x2, 0xbf, 0xf4,
    0xa0, 0x80, 0x44, 0xdb, 0xff, 0x60, 0x4, 0x39,
    0xff, 0xff, 0xc2, 0xe2, 0x0, 0xe8, 0xff, 0xff,
    0xe0, 0x59, 0x0, 0x7c, 0x2b, 0x39, 0xdf, 0xf7,
    0x5c, 0x18, 0x7, 0x0,

    /* U+0068 "h" */
    0x2f, 0xfc, 0x1, 0xff, 0xc2, 0x2f, 0xfc, 0x1,
    0xff, 0xc2, 0x2f, 0xfc, 0x1, 0xff, 0xc2, 0x2f,
    0xfc, 0x1, 0xff, 0xc2, 0x2f, 0xfc, 0x1, 0xff,
    0xc2, 0x2f, 0xfc, 0x1, 0xff, 0xc2, 0x2f, 0xfc,
    0x1, 0xff, 0xc2, 0x2f, 0xfc, 0x1, 0xff, 0xc2,
    0x2f, 0xfc, 0x0, 0x17, 0xce, 0xfe, 0xb6, 0x0,
    0xc5, 0xff, 0x81, 0x7f, 0xff, 0x69, 0x0, 0xb,
    0xff, 0x37, 0xff, 0xfb, 0x84, 0xb, 0xff, 0xec,
    0x99, 0x5f, 0xff, 0x50, 0x17, 0xff, 0x71, 0x80,
    0x63, 0xef, 0xfc, 0x25, 0xff, 0xc6, 0x1, 0xe4,
    0xff, 0xca, 0x5f, 0xfa, 0x80, 0x3f, 0x77, 0xfc,
    0xe5, 0xff, 0x94, 0x3, 0xf5, 0x7f, 0xd0, 0x5f,
    0xf8, 0x80, 0x3f, 0x4f, 0xfd, 0x25, 0xff, 0x84,
    0x3, 0xf4, 0x7f, 0xd2, 0x5f, 0xf8, 0x3, 0xfa,
    0x3f, 0xe9, 0x2f, 0xfc, 0x1, 0xfd, 0x1f, 0xf4,
    0x97, 0xfe, 0x0, 0xfe, 0x8f, 0xfa, 0x4b, 0xff,
    0x0, 0x7f, 0x47, 0xfd, 0x25, 0xff, 0x80, 0x3f,
    0xa3, 0xfe, 0x92, 0xff, 0xc0, 0x1f, 0xd1, 0xff,
    0x49, 0x7f, 0xe0, 0xf, 0xe8, 0xff, 0xa4, 0xbf,
    0xf0, 0x7, 0xf4, 0x7f, 0xd2, 0x5f, 0xf8, 0x3,
    0xfa, 0x3f, 0xe9, 0x2f, 0xfc, 0x1, 0xfd, 0x1f,
    0xf4, 0x97, 0xfe, 0x0, 0xfe, 0x8f, 0xfa, 0x40,

    /* U+0069 "i" */
    0x7f, 0xfc, 0x6f, 0xff, 0x8d, 0xff, 0xf1, 0xbf,
    0xfe, 0x37, 0xff, 0xc4, 0x1, 0xff, 0xc6, 0x3f,
    0xfc, 0x7, 0xff, 0x80, 0xff, 0xf0, 0x1f, 0xfe,
    0x3, 0xff, 0xc0, 0x7f, 0xf8, 0xf, 0xff, 0x1,
    0xff, 0xe0, 0x3f, 0xfc, 0x7, 0xff, 0x80, 0xff,
    0xf0, 0x1f, 0xfe, 0x3, 0xff, 0xc0, 0x7f, 0xf8,
    0xf, 0xff, 0x1, 0xff, 0xe0, 0x3f, 0xfc, 0x7,
    0xff, 0x80, 0xff, 0xf0, 0x1f, 0xfe, 0x3, 0xff,
    0xc0,

    /* U+006A "j" */
    0x0, 0xcf, 0xff, 0x8c, 0x3, 0x3f, 0xfe, 0x30,
    0xc, 0xff, 0xf8, 0xc0, 0x33, 0xff, 0xe3, 0x0,
    0xcd, 0xff, 0x8c, 0x3, 0xff, 0xac, 0x7f, 0xf8,
    0x3, 0x8f, 0xff, 0x0, 0x71, 0xff, 0xe0, 0xe,
    0x3f, 0xfc, 0x1, 0xc7, 0xff, 0x80, 0x38, 0xff,
    0xf0, 0x7, 0x1f, 0xfe, 0x0, 0xe3, 0xff, 0xc0,
    0x1c, 0x7f, 0xf8, 0x3, 0x8f, 0xff, 0x0, 0x71,
    0xff, 0xe0, 0xe, 0x3f, 0xfc, 0x1, 0xc7, 0xff,
    0x80, 0x38, 0xff, 0xf0, 0x7, 0x1f, 0xfe, 0x0,
    0xe3, 0xff, 0xc0, 0x1c, 0x7f, 0xf8, 0x3, 0x8f,
    0xff, 0x0, 0x71, 0xff, 0xe0, 0xe, 0x3f, 0xfc,
    0x1, 0xc7, 0xff, 0x80, 0x38, 0xff, 0xf0, 0x7,
    0x1f, 0xfe, 0x0, 0xe3, 0xff, 0xc0, 0x1c, 0x9f,
    0xf7, 0x0, 0x75, 0x7f, 0xdc, 0x0, 0xfd, 0xef,
    0xfd, 0x80, 0xf, 0xff, 0x9c, 0x1, 0xff, 0xec,
    0x0, 0xa3, 0x3b, 0xf6, 0x0, 0x20,

    /* U+006B "k" */
    0x2f, 0xfc, 0x1, 0xff, 0xc3, 0x2f, 0xfc, 0x1,
    0xff, 0xc3, 0x2f, 0xfc, 0x1, 0xff, 0xc3, 0x2f,
    0xfc, 0x1, 0xff, 0xc3, 0x2f, 0xfc, 0x1, 0xff,
    0xc3, 0x2f, 0xfc, 0x1, 0xff, 0xc3, 0x2f, 0xfc,
    0x1, 0xff, 0xc3, 0x2f, 0xfc, 0x1, 0xff, 0xc3,
    0x2f, 0xfc, 0x1, 0xf0, 0xef, 0xfe, 0x50, 0x2f,
    0xfc, 0x1, 0xf6, 0x7f, 0xe6, 0x0, 0x17, 0xfe,
    0x0, 0xf6, 0x7f, 0xe6, 0x0, 0x8b, 0xff, 0x0,
    0x75, 0xff, 0xe7, 0x0, 0xc5, 0xff, 0x80, 0x35,
    0xff, 0xe8, 0x0, 0xe2, 0xff, 0xc0, 0x15, 0x7f,
    0xe8, 0x0, 0xf1, 0x7f, 0xe0, 0x5, 0x7f, 0xe9,
    0x0, 0xf8, 0xbf, 0xf0, 0x4f, 0xfe, 0xa0, 0xf,
    0xc5, 0xff, 0xa3, 0xff, 0xb0, 0x3, 0xf1, 0x7f,
    0xff, 0xce, 0x1, 0xf1, 0x7f, 0xfd, 0xdf, 0xf8,
    0x80, 0x3c, 0x5f, 0xfe, 0x81, 0xff, 0xd6, 0x1,
    0xe2, 0xff, 0xea, 0x0, 0x37, 0xfe, 0x60, 0xe,
    0x2f, 0xfd, 0x60, 0x1b, 0x3f, 0xee, 0x10, 0xc,
    0x5f, 0xf8, 0x3, 0x8b, 0xff, 0x50, 0x6, 0x2f,
    0xfc, 0x1, 0xe8, 0xff, 0xc8, 0x1, 0x17, 0xfe,
    0x0, 0xfb, 0x7f, 0xee, 0x0, 0x8b, 0xff, 0x0,
    0x7c, 0x9f, 0xfa, 0x40, 0x5, 0xff, 0x80, 0x3f,
    0x4f, 0xfe, 0x30, 0x2f, 0xfc, 0x1, 0xf8, 0x7b,
    0xfe, 0xd0, 0x2f, 0xfc, 0x1, 0xfc, 0xbf, 0xfa,
    0x0,

    /* U+006C "l" */
    0x3f, 0xfb, 0x40, 0x31, 0xff, 0xda, 0x1, 0x8f,
    0xfe, 0xd0, 0xc, 0x7f, 0xf6, 0x80, 0x63, 0xff,
    0xb4, 0x3, 0x1f, 0xfd, 0xa0, 0x18, 0xff, 0xed,
    0x0, 0xc7, 0xff, 0x68, 0x6, 0x3f, 0xfb, 0x40,
    0x31, 0xff, 0xda, 0x1, 0x8f, 0xfe, 0xd0, 0xc,
    0x7f, 0xf6, 0x80, 0x63, 0xff, 0xb4, 0x3, 0x1f,
    0xfd, 0xa0, 0x18, 0xff, 0xed, 0x0, 0xc7, 0xff,
    0x68, 0x6, 0x3f, 0xfb, 0x40, 0x31, 0xff, 0xda,
    0x1, 0x8f, 0xfe, 0xd0, 0xc, 0x7f, 0xf6, 0x80,
    0x63, 0xff, 0xb4, 0x3, 0x1f, 0xfd, 0xa0, 0x18,
    0xff, 0xed, 0x0, 0xc7, 0xff, 0x70, 0x6, 0x3f,
    0xfc, 0x60, 0x10, 0xff, 0xf6, 0x6a, 0x6, 0x7f,
    0xf9, 0x0, 0xff, 0xfc, 0x80, 0x3, 0xae, 0xfd,
    0xa2,

    /* U+006D "m" */
    0x2f, 0xfc, 0x0, 0x29, 0xdf, 0xed, 0x81, 0x0,
    0xc3, 0x1b, 0xdf, 0xd4, 0x80, 0x18, 0xbf, 0xf0,
    0x37, 0xff, 0xe5, 0x0, 0x2f, 0xff, 0xe9, 0x0,
    0x8b, 0xff, 0x2f, 0xff, 0xf9, 0x17, 0xff, 0xfd,
    0x20, 0x2, 0xff, 0xdd, 0xfe, 0xb9, 0xaf, 0xff,
    0xee, 0xa9, 0xcf, 0xfe, 0x30, 0x2f, 0xfe, 0xd1,
    0x0, 0x87, 0x3f, 0xfd, 0x0, 0x19, 0x3f, 0xf5,
    0x1, 0x7f, 0xf0, 0x80, 0x71, 0x7f, 0xf5, 0x80,
    0x7a, 0x3f, 0xf0, 0x17, 0xfe, 0x90, 0xf, 0xaf,
    0xff, 0x18, 0x7, 0x87, 0xff, 0x11, 0x3f, 0xf2,
    0x0, 0x7d, 0x1f, 0xf8, 0x3, 0xf7, 0x7f, 0xc8,
    0x5f, 0xf8, 0x80, 0x3e, 0x7f, 0xfb, 0x0, 0x3f,
    0x67, 0xfc, 0xa5, 0xff, 0x80, 0x3f, 0x37, 0xfd,
    0x60, 0x1f, 0xaf, 0xfe, 0x52, 0xff, 0xc0, 0x1f,
    0x9b, 0xfe, 0xb0, 0xf, 0xd7, 0xff, 0x29, 0x7f,
    0xe0, 0xf, 0xcd, 0xff, 0x58, 0x7, 0xeb, 0xff,
    0x94, 0xbf, 0xf0, 0x7, 0xe6, 0xff, 0xac, 0x3,
    0xf5, 0xff, 0xca, 0x5f, 0xf8, 0x3, 0xf3, 0x7f,
    0xd6, 0x1, 0xfa, 0xff, 0xe5, 0x2f, 0xfc, 0x1,
    0xf9, 0xbf, 0xeb, 0x0, 0xfd, 0x7f, 0xf2, 0x97,
    0xfe, 0x0, 0xfc, 0xdf, 0xf5, 0x80, 0x7e, 0xbf,
    0xf9, 0x4b, 0xff, 0x0, 0x7e, 0x6f, 0xfa, 0xc0,
    0x3f, 0x5f, 0xfc, 0xa5, 0xff, 0x80, 0x3f, 0x37,
    0xfd, 0x60, 0x1f, 0xaf, 0xfe, 0x52, 0xff, 0xc0,
    0x1f, 0x9b, 0xfe, 0xb0, 0xf, 0xd7, 0xff, 0x29,
    0x7f, 0xe0, 0xf, 0xcd, 0xff, 0x58, 0x7, 0xeb,
    0xff, 0x94, 0xbf, 0xf0, 0x7, 0xe6, 0xff, 0xac,
    0x3, 0xf5, 0xff, 0xca,

    /* U+006E "n" */
    0x2f, 0xfc, 0x0, 0x17, 0xce, 0xfe, 0xb6, 0x0,
    0xc5, 0xff, 0x81, 0x7f, 0xff, 0x69, 0x0, 0xb,
    0xff, 0x37, 0xff, 0xfb, 0x84, 0xb, 0xff, 0xec,
    0x99, 0x5f, 0xff, 0x50, 0x17, 0xff, 0x71, 0x80,
    0x63, 0xef, 0xfc, 0x25, 0xff, 0xc6, 0x1, 0xe4,
    0xff, 0xca, 0x5f, 0xfa, 0xc0, 0x3f, 0x77, 0xfc,
    0xe5, 0xff, 0x98, 0x3, 0xf5, 0x7f, 0xd0, 0x5f,
    0xf8, 0x80, 0x3f, 0x4f, 0xfd, 0x25, 0xff, 0x84,
    0x3, 0xf4, 0x7f, 0xd2, 0x5f, 0xf8, 0x3, 0xfa,
    0x3f, 0xe9, 0x2f, 0xfc, 0x1, 0xfd, 0x1f, 0xf4,
    0x97, 0xfe, 0x0, 0xfe, 0x8f, 0xfa, 0x4b, 0xff,
    0x0, 0x7f, 0x47, 0xfd, 0x25, 0xff, 0x80, 0x3f,
    0xa3, 0xfe, 0x92, 0xff, 0xc0, 0x1f, 0xd1, 0xff,
    0x49, 0x7f, 0xe0, 0xf, 0xe8, 0xff, 0xa4, 0xbf,
    0xf0, 0x7, 0xf4, 0x7f, 0xd2, 0x5f, 0xf8, 0x3,
    0xfa, 0x3f, 0xe9, 0x2f, 0xfc, 0x1, 0xfd, 0x1f,
    0xf4, 0x97, 0xfe, 0x0, 0xfe, 0x8f, 0xfa, 0x40,

    /* U+006F "o" */
    0x0, 0xf9, 0xaf, 0xbf, 0xdd, 0x6e, 0x20, 0x1f,
    0xf3, 0x77, 0xff, 0xf4, 0x0, 0x7f, 0x57, 0xff,
    0xff, 0x3, 0x4, 0x3, 0xd7, 0xff, 0xd9, 0x54,
    0xcf, 0xfe, 0xc0, 0xe, 0x7f, 0xfd, 0x64, 0x1,
    0x86, 0x7f, 0xf4, 0x80, 0x43, 0xff, 0xa8, 0x3,
    0xf4, 0x7f, 0xe2, 0x0, 0x3f, 0xfd, 0xc0, 0x1f,
    0xec, 0xff, 0xa4, 0x1, 0x7f, 0xf4, 0x0, 0x7f,
    0x97, 0xfe, 0xe0, 0x7, 0xfe, 0x30, 0xf, 0xf0,
    0xff, 0xe1, 0xf, 0xfc, 0x20, 0x1f, 0xf7, 0xfe,
    0x31, 0xff, 0xc0, 0x1f, 0xfc, 0xe, 0xff, 0x90,
    0x3f, 0xf0, 0x80, 0x7f, 0xdf, 0xf8, 0xc3, 0xbf,
    0xe3, 0x0, 0xff, 0xf, 0xfe, 0x10, 0xbf, 0xfa,
    0x0, 0x3f, 0xcd, 0xff, 0x70, 0x1, 0xbf, 0xee,
    0x10, 0xf, 0xed, 0xff, 0xa0, 0x2, 0xef, 0xfa,
    0x80, 0x3f, 0x4f, 0xfe, 0x20, 0x9, 0xbf, 0xf5,
    0x98, 0x6, 0x2a, 0xff, 0xce, 0x1, 0xd5, 0xff,
    0xdb, 0x76, 0xdf, 0xfe, 0xb0, 0xf, 0xab, 0xff,
    0xff, 0x81, 0x40, 0x1f, 0xcd, 0xdf, 0xff, 0xce,
    0x1, 0xff, 0xc0, 0x6b, 0xef, 0xf7, 0x5b, 0x88,
    0x7, 0x80,

    /* U+0070 "p" */
    0x2f, 0xfc, 0x0, 0x18, 0xce, 0xfe, 0xb7, 0x10,
    0xe, 0x2f, 0xfc, 0xf, 0xff, 0xfb, 0x98, 0x3,
    0x17, 0xfe, 0x7f, 0xff, 0xfa, 0x0, 0x22, 0xff,
    0xfd, 0xd9, 0xdf, 0xfe, 0x60, 0x1, 0x7f, 0xfa,
    0x48, 0x2, 0x29, 0xff, 0xe1, 0x2, 0xff, 0xe6,
    0x0, 0xf9, 0xbf, 0xf4, 0x1, 0x7f, 0xea, 0x0,
    0xfe, 0xaf, 0xfb, 0x80, 0xbf, 0xf1, 0x0, 0x7f,
    0x17, 0xfe, 0x32, 0xff, 0xb4, 0x3, 0xfe, 0xdf,
    0xf9, 0x8b, 0xfe, 0xb0, 0xf, 0xfa, 0xbf, 0xe7,
    0x2f, 0xfa, 0x40, 0x3f, 0xe9, 0xff, 0xa0, 0xbf,
    0xeb, 0x0, 0xff, 0xab, 0xfe, 0x72, 0xff, 0xb4,
    0x3, 0xfe, 0xcf, 0xf9, 0x8b, 0xff, 0x10, 0x7,
    0xf1, 0x7f, 0xe3, 0x2f, 0xfd, 0x40, 0x1f, 0xd5,
    0xff, 0x80, 0xbf, 0xf9, 0x40, 0x3e, 0x6f, 0xfd,
    0x20, 0x5f, 0xfe, 0x91, 0x0, 0x8a, 0x7f, 0xf8,
    0x40, 0xbf, 0xff, 0x76, 0x77, 0xff, 0x98, 0x0,
    0x5f, 0xf9, 0xbf, 0xff, 0xe8, 0x0, 0x8b, 0xff,
    0x2, 0xf7, 0xff, 0xdc, 0xc0, 0x18, 0xbf, 0xf0,
    0x0, 0x5f, 0x3b, 0xfa, 0xdc, 0x40, 0x38, 0xbf,
    0xf0, 0x7, 0xff, 0x10, 0xbf, 0xf0, 0x7, 0xff,
    0x10, 0xbf, 0xf0, 0x7, 0xff, 0x10, 0xbf, 0xf0,
    0x7, 0xff, 0x10, 0xbf, 0xf0, 0x7, 0xff, 0x10,
    0xbf, 0xf0, 0x7, 0xff, 0x10, 0xbf, 0xf0, 0x7,
    0xff, 0x10, 0xbf, 0xf0, 0x7, 0xff, 0x10, 0xbf,
    0xf0, 0x7, 0xff, 0x10,

    /* U+0071 "q" */
    0x0, 0xf2, 0x56, 0xff, 0xb6, 0x90, 0x0, 0xff,
    0xf4, 0x80, 0x61, 0xcf, 0xff, 0xd8, 0x2f, 0xff,
    0x48, 0x4, 0x5d, 0xff, 0xfe, 0xd9, 0xff, 0xa4,
    0x0, 0x3d, 0xff, 0xed, 0xd7, 0xff, 0xe9, 0x0,
    0x4f, 0xfe, 0xd5, 0x0, 0xcb, 0xdf, 0xfd, 0x20,
    0x3f, 0xfb, 0x4, 0x3, 0xc3, 0xbf, 0xfa, 0x41,
    0xff, 0xf1, 0x0, 0x7e, 0x3f, 0xfd, 0x21, 0x9f,
    0xf4, 0x80, 0x7f, 0xab, 0xfe, 0x90, 0xff, 0xc8,
    0x1, 0xfe, 0x5f, 0xfa, 0x43, 0xff, 0x10, 0x7,
    0xf8, 0xff, 0xe9, 0x1f, 0xfc, 0x20, 0x1f, 0xe2,
    0xff, 0xa4, 0x7f, 0xf1, 0x0, 0x7f, 0x8f, 0xfe,
    0x90, 0xff, 0xc8, 0x1, 0xfe, 0x5f, 0xfa, 0x43,
    0x3f, 0xe9, 0x0, 0xff, 0x57, 0xfd, 0x21, 0x1f,
    0xf8, 0x80, 0x3f, 0x17, 0xfe, 0x90, 0x2f, 0xfd,
    0x80, 0x1f, 0xe, 0x7f, 0xe9, 0x0, 0x57, 0xfe,
    0xd5, 0x0, 0xcb, 0xbf, 0xfd, 0x20, 0x1, 0xef,
    0xff, 0x6e, 0xbf, 0xff, 0x48, 0x4, 0x5d, 0xff,
    0xfe, 0xd8, 0xff, 0xa4, 0x3, 0xd, 0xff, 0xfe,
    0xb1, 0x7f, 0xfa, 0x40, 0x3c, 0x93, 0xbf, 0xed,
    0xa4, 0x0, 0x3f, 0xfd, 0x20, 0x1f, 0xfc, 0x47,
    0xff, 0xa4, 0x3, 0xff, 0x88, 0xff, 0xf4, 0x80,
    0x7f, 0xf1, 0x1f, 0xfe, 0x90, 0xf, 0xfe, 0x23,
    0xff, 0xd2, 0x1, 0xff, 0xc4, 0x7f, 0xfa, 0x40,
    0x3f, 0xf8, 0x8f, 0xff, 0x48, 0x7, 0xff, 0x11,
    0xff, 0xe9, 0x0, 0xff, 0xe2, 0x3f, 0xfd, 0x20,
    0x1f, 0xfc, 0x47, 0xff, 0xa4,

    /* U+0072 "r" */
    0x2f, 0xfc, 0x1, 0x36, 0x7f, 0xb6, 0x8c, 0xbf,
    0xf0, 0x1e, 0xff, 0xf8, 0x89, 0xff, 0x93, 0xff,
    0xea, 0x2, 0xff, 0xdd, 0xff, 0xf1, 0x1, 0x7f,
    0xfb, 0x14, 0x88, 0x8e, 0x0, 0x2f, 0xfe, 0x90,
    0xf, 0xc5, 0xff, 0xb4, 0x3, 0xf8, 0xbf, 0xf3,
    0x0, 0x7f, 0x17, 0xfe, 0x20, 0xf, 0xe2, 0xff,
    0xc2, 0x1, 0xfc, 0x5f, 0xf8, 0x3, 0xfc, 0x5f,
    0xf8, 0x3, 0xfc, 0x5f, 0xf8, 0x3, 0xfc, 0x5f,
    0xf8, 0x3, 0xfc, 0x5f, 0xf8, 0x3, 0xfc, 0x5f,
    0xf8, 0x3, 0xfc, 0x5f, 0xf8, 0x3, 0xfc, 0x5f,
    0xf8, 0x3, 0xfc, 0x5f, 0xf8, 0x3, 0xfc, 0x5f,
    0xf8, 0x3, 0xfc, 0x5f, 0xf8, 0x3, 0xfc,

    /* U+0073 "s" */
    0x0, 0xc5, 0x19, 0xdf, 0xd9, 0x6, 0x1, 0xf4,
    0xff, 0xff, 0x58, 0x80, 0x6a, 0xff, 0xff, 0xb8,
    0x40, 0x9, 0xff, 0xa9, 0x4d, 0x63, 0xbf, 0xec,
    0x0, 0x4f, 0xfc, 0xc0, 0x1e, 0x9f, 0xe5, 0x0,
    0x67, 0xfc, 0x20, 0x1f, 0x41, 0x0, 0x57, 0xff,
    0x38, 0x7, 0xff, 0x1, 0xff, 0xf5, 0xa8, 0x7,
    0xf8, 0x77, 0xff, 0xd9, 0x8, 0x1, 0xf1, 0x6f,
    0xff, 0xed, 0x70, 0xf, 0x97, 0x7f, 0xff, 0x71,
    0x80, 0x7c, 0x4f, 0x9f, 0xfe, 0xe1, 0x0, 0xfe,
    0x15, 0xdf, 0xfd, 0x0, 0x1f, 0xfc, 0xa, 0xff,
    0xb0, 0x0, 0xa6, 0x1, 0xf8, 0xff, 0xed, 0x8,
    0xfe, 0x10, 0xf, 0x93, 0xfe, 0xc8, 0xff, 0xb9,
    0x0, 0x38, 0x73, 0xfe, 0x82, 0xff, 0xed, 0x97,
    0x74, 0xff, 0xf1, 0x1, 0xf7, 0xff, 0xff, 0x1,
    0x40, 0x21, 0xaf, 0xff, 0xee, 0x40, 0xf, 0x14,
    0x67, 0x7f, 0xb6, 0x94, 0x3, 0x0,

    /* U+0074 "t" */
    0x0, 0xfc, 0x80, 0x1f, 0xf2, 0xf5, 0x80, 0x7f,
    0x1e, 0x7f, 0xac, 0x3, 0xf9, 0xff, 0xeb, 0x0,
    0xfe, 0x7f, 0xfa, 0xc0, 0x3f, 0x9f, 0xfe, 0xb0,
    0xf, 0xe7, 0xff, 0xac, 0x3, 0xf9, 0xff, 0xeb,
    0x0, 0xe9, 0xff, 0xff, 0xe0, 0x34, 0xff, 0xff,
    0xf0, 0x1a, 0x7f, 0xff, 0xf8, 0xc, 0x24, 0x55,
    0x7f, 0xda, 0x45, 0x84, 0x3, 0x3f, 0xfd, 0x60,
    0x1f, 0xcf, 0xff, 0x58, 0x7, 0xf3, 0xff, 0xd6,
    0x1, 0xfc, 0xff, 0xf5, 0x80, 0x7f, 0x3f, 0xfd,
    0x60, 0x1f, 0xcf, 0xff, 0x58, 0x7, 0xf3, 0xff,
    0xd6, 0x1, 0xfc, 0xff, 0xf5, 0x80, 0x7f, 0x3f,
    0xfd, 0x60, 0x1f, 0xcf, 0xff, 0x58, 0x7, 0xf3,
    0xff, 0xd6, 0x1, 0xfc, 0xdf, 0xf6, 0x80, 0x7f,
    0x2f, 0xfe, 0x30, 0xf, 0xc3, 0xff, 0xba, 0x1a,
    0x50, 0x3, 0xaf, 0xff, 0xe6, 0x0, 0xe1, 0xdf,
    0xff, 0x30, 0x7, 0xcf, 0x9f, 0xed, 0xa2,

    /* U+0075 "u" */
    0x6f, 0xfa, 0xc0, 0x3f, 0xb3, 0xfe, 0x46, 0xff,
    0xac, 0x3, 0xfb, 0x3f, 0xe4, 0x6f, 0xfa, 0xc0,
    0x3f, 0xb3, 0xfe, 0x46, 0xff, 0xac, 0x3, 0xfb,
    0x3f, 0xe4, 0x6f, 0xfa, 0xc0, 0x3f, 0xb3, 0xfe,
    0x46, 0xff, 0xac, 0x3, 0xfb, 0x3f, 0xe4, 0x6f,
    0xfa, 0xc0, 0x3f, 0xb3, 0xfe, 0x46, 0xff, 0xac,
    0x3, 0xfb, 0x3f, 0xe4, 0x6f, 0xfa, 0xc0, 0x3f,
    0xb3, 0xfe, 0x46, 0xff, 0xac, 0x3, 0xfb, 0x3f,
    0xe4, 0x6f, 0xfa, 0xc0, 0x3f, 0xb7, 0xfe, 0x46,
    0xff, 0xac, 0x3, 0xfb, 0xbf, 0xe4, 0x6f, 0xfb,
    0x0, 0x3f, 0xbf, 0xf2, 0x2f, 0xfd, 0xa0, 0x1f,
    0x8f, 0xff, 0x22, 0x3f, 0xf0, 0x80, 0x7d, 0x3f,
    0xf9, 0x7, 0xff, 0x40, 0x7, 0x8b, 0xff, 0x90,
    0x33, 0xff, 0x30, 0x6, 0x3d, 0xff, 0xe4, 0x6,
    0xff, 0xed, 0xaa, 0x67, 0xff, 0xc8, 0x0, 0xbf,
    0xff, 0xf5, 0xe7, 0xfc, 0x80, 0x15, 0x7f, 0xfe,
    0xa0, 0xcf, 0xf9, 0x0, 0x32, 0x56, 0xff, 0xb6,
    0x4c, 0x1, 0x9f, 0xf2, 0x0,

    /* U+0076 "v" */
    0xe, 0xff, 0xa0, 0x3, 0xfc, 0xff, 0xf7, 0x0,
    0x23, 0xfe, 0xe0, 0xf, 0xf6, 0xff, 0xd2, 0x0,
    0x2f, 0xfc, 0x80, 0x1f, 0x8f, 0xff, 0x10, 0x5,
    0x7f, 0xf5, 0x0, 0x7e, 0x9f, 0xfb, 0x0, 0x32,
    0xff, 0xe0, 0xf, 0xdd, 0xff, 0x28, 0x7, 0x77,
    0xfc, 0xa0, 0x1e, 0x4f, 0xfb, 0x80, 0x3d, 0x1f,
    0xf5, 0x80, 0x7a, 0xbf, 0xe9, 0x0, 0xf1, 0x7f,
    0xe1, 0x0, 0xc3, 0xff, 0x88, 0x3, 0xeb, 0xff,
    0x9c, 0x3, 0x37, 0xfd, 0x80, 0x1f, 0x97, 0xfe,
    0xc0, 0xd, 0x9f, 0xf2, 0x80, 0x7f, 0x77, 0xfc,
    0x40, 0x2, 0xff, 0xb8, 0x3, 0xfd, 0x1f, 0xf4,
    0x0, 0x23, 0xfe, 0x90, 0xf, 0xf0, 0xff, 0xdc,
    0x0, 0xdf, 0xf8, 0x80, 0x3f, 0xeb, 0xff, 0x8c,
    0xdf, 0xf6, 0x0, 0x7f, 0xf0, 0x13, 0xfe, 0x99,
    0x7f, 0xca, 0x1, 0xff, 0xc1, 0xef, 0xf7, 0x73,
    0xfd, 0xc0, 0x1f, 0xfc, 0x27, 0xff, 0xf4, 0x80,
    0x7f, 0xf0, 0x87, 0xff, 0xc4, 0x1, 0xff, 0xc3,
    0xaf, 0xfd, 0x80, 0x1f, 0xfc, 0x44, 0xff, 0xca,
    0x1, 0xff, 0xc5, 0xdf, 0xf7, 0x0, 0x7f, 0x0,

    /* U+0077 "w" */
    0xcf, 0xfa, 0x0, 0x3e, 0x3f, 0xfa, 0x80, 0x3e,
    0x1f, 0xfc, 0x91, 0xff, 0x68, 0x7, 0xd1, 0xff,
    0x80, 0x3e, 0x5f, 0xfc, 0x7, 0xff, 0x84, 0x3,
    0xdb, 0xff, 0x90, 0x3, 0xd3, 0xff, 0x58, 0x3,
    0xbf, 0xe5, 0x0, 0xe2, 0xff, 0xe9, 0x0, 0xf7,
    0x7f, 0xcc, 0x0, 0x9f, 0xfa, 0x80, 0x39, 0xff,
    0xfb, 0x80, 0x38, 0xbf, 0xf0, 0x80, 0x17, 0xfe,
    0xe0, 0xe, 0xcf, 0xff, 0x18, 0x6, 0x6f, 0xfb,
    0x0, 0x37, 0xfe, 0x20, 0x8, 0x7f, 0xe9, 0xff,
    0xa0, 0x3, 0x5f, 0xfd, 0x0, 0x1a, 0xff, 0xe6,
    0x0, 0x9b, 0xfe, 0x3b, 0xff, 0x68, 0x6, 0xff,
    0xc6, 0x1, 0x9f, 0xfe, 0xb0, 0xa, 0xff, 0xdc,
    0xd, 0xff, 0x10, 0x1, 0x3f, 0xee, 0x0, 0xe2,
    0xff, 0xc0, 0x17, 0xfd, 0x20, 0x3f, 0xf4, 0x0,
    0x23, 0xfe, 0x90, 0xf, 0x6f, 0xfc, 0x60, 0xbf,
    0xf2, 0x0, 0x33, 0xfd, 0xa0, 0xc, 0xff, 0x94,
    0x3, 0xd1, 0xff, 0x40, 0x57, 0xfc, 0x1, 0x3f,
    0xfc, 0x43, 0xff, 0x80, 0x3e, 0x4f, 0xfb, 0x3,
    0xfe, 0xa0, 0x8, 0xbf, 0xe7, 0x5f, 0xfa, 0xc0,
    0x3f, 0x7f, 0xe5, 0xff, 0x94, 0x3, 0x6f, 0xfb,
    0x27, 0xfe, 0x60, 0xf, 0xd5, 0xff, 0x6f, 0xfc,
    0x20, 0x1a, 0x7f, 0xee, 0xff, 0x88, 0x3, 0xf2,
    0xff, 0xfb, 0x0, 0x39, 0x3f, 0xfd, 0xa0, 0x1f,
    0xc3, 0xff, 0xe7, 0x0, 0xf7, 0x7f, 0xf4, 0x0,
    0x7f, 0xb3, 0xff, 0x88, 0x3, 0xd5, 0xff, 0xc6,
    0x1, 0xfe, 0x7f, 0xfd, 0xa0, 0x1f, 0x2f, 0xfe,
    0xe0, 0xf, 0xf8, 0xbf, 0xf4, 0x0, 0x7e, 0xff,
    0xd4, 0x1, 0xff, 0xc0, 0xef, 0xf8, 0xc0, 0x3f,
    0x5f, 0xfc, 0xa0, 0x1e,

    /* U+0078 "x" */
    0x9f, 0xfc, 0xa0, 0x1f, 0x8b, 0xff, 0x60, 0x3,
    0x7f, 0xee, 0x10, 0xf, 0xb3, 0xff, 0x8, 0x0,
    0xff, 0xf5, 0x0, 0x79, 0xff, 0xf2, 0x80, 0x68,
    0xff, 0xca, 0x1, 0x8b, 0xff, 0x50, 0x7, 0xb3,
    0xfe, 0xe1, 0x0, 0xb3, 0xfe, 0xe0, 0xf, 0x8b,
    0xff, 0x50, 0x1, 0xff, 0xf1, 0x80, 0x7e, 0x6f,
    0xfc, 0xa5, 0xff, 0xa0, 0x3, 0xfd, 0x7f, 0xf7,
    0x6f, 0xfd, 0x80, 0x1f, 0xf0, 0xf7, 0xff, 0xc4,
    0x1, 0xff, 0xc0, 0x4f, 0xff, 0x30, 0x7, 0xff,
    0xb, 0x7f, 0xf7, 0x0, 0x7f, 0xf0, 0x9b, 0xff,
    0xce, 0x1, 0xff, 0xc0, 0x1f, 0xff, 0xc6, 0x1,
    0xff, 0x67, 0xfd, 0xd9, 0xff, 0x68, 0x7, 0xf9,
    0xff, 0xf2, 0x17, 0xfe, 0x90, 0xf, 0xc5, 0xff,
    0xa4, 0x0, 0xff, 0xf9, 0x0, 0x3e, 0xdf, 0xfb,
    0x80, 0x36, 0x7f, 0xdc, 0x20, 0x1d, 0x1f, 0xf9,
    0x0, 0x31, 0x7f, 0xea, 0x0, 0xc7, 0xff, 0xa4,
    0x3, 0xd1, 0xff, 0x94, 0x2, 0xdf, 0xfb, 0x80,
    0x3f, 0x6f, 0xfe, 0x20, 0x9f, 0xfc, 0x80, 0x1f,
    0x8f, 0xff, 0x60, 0x0,

    /* U+0079 "y" */
    0xe, 0xff, 0xa0, 0x3, 0xfc, 0xff, 0xf7, 0x0,
    0x27, 0xfe, 0xe0, 0xf, 0xf6, 0xff, 0xd2, 0x0,
    0x2f, 0xfc, 0x80, 0x1f, 0x8f, 0xff, 0x10, 0x5,
    0x9f, 0xf4, 0x80, 0x7e, 0x8f, 0xfb, 0x0, 0x32,
    0xff, 0xe0, 0xf, 0xdd, 0xff, 0x30, 0x7, 0x77,
    0xfc, 0xa0, 0x1e, 0x4f, 0xfc, 0x1, 0xe9, 0xff,
    0xac, 0x3, 0xd5, 0xff, 0x48, 0x7, 0x8b, 0xff,
    0x8, 0x7, 0x7f, 0xe3, 0x0, 0xfb, 0x3f, 0xe6,
    0x0, 0xcb, 0xff, 0x60, 0x7, 0xe6, 0xff, 0xb0,
    0x3, 0x5f, 0xfc, 0xc0, 0x1f, 0xdd, 0xff, 0x8,
    0x0, 0x7f, 0xf0, 0x7, 0xfa, 0x7f, 0xe7, 0x0,
    0x3f, 0xfd, 0x20, 0x1f, 0xe2, 0xff, 0xb4, 0x1,
    0xbf, 0xf1, 0x80, 0x7f, 0xd9, 0xff, 0x11, 0x3f,
    0xed, 0x0, 0xff, 0xe0, 0x37, 0xfd, 0x10, 0xff,
    0x98, 0x3, 0xff, 0x83, 0xff, 0x77, 0x3f, 0xe1,
    0x0, 0xff, 0xe0, 0xcf, 0xff, 0xa8, 0x3, 0xff,
    0x84, 0x5f, 0xfe, 0x30, 0xf, 0xfe, 0x1e, 0x7f,
    0xed, 0x0, 0xff, 0xe2, 0x37, 0xfe, 0x70, 0xf,
    0xfe, 0x23, 0x7f, 0xe1, 0x0, 0xff, 0xe2, 0x67,
    0xfd, 0x40, 0x1f, 0xfc, 0x43, 0xff, 0xc8, 0x1,
    0xff, 0xc4, 0x9f, 0xfb, 0x40, 0x3f, 0xf8, 0xbf,
    0xf9, 0xc0, 0x3f, 0xf8, 0x8d, 0xff, 0x84, 0x3,
    0xff, 0x89, 0x9f, 0xf5, 0x0, 0x7f, 0xf1, 0xf,
    0xff, 0x20, 0x7, 0xff, 0x12, 0x7f, 0xed, 0x0,
    0xff, 0xe2, 0xff, 0xe7, 0x0, 0xff, 0xe0, 0x0,

    /* U+007A "z" */
    0xf, 0xff, 0xfe, 0x20, 0x87, 0xff, 0xff, 0x10,
    0x43, 0xff, 0xff, 0x88, 0x20, 0xab, 0xfe, 0x6f,
    0xfd, 0x60, 0x1f, 0xfc, 0xa, 0xff, 0xb4, 0x40,
    0x3f, 0xe7, 0xff, 0xc6, 0x1, 0xff, 0x27, 0xfe,
    0x60, 0xf, 0xf8, 0x7b, 0xfe, 0x90, 0xf, 0xfe,
    0x6, 0x7f, 0xd8, 0x1, 0xff, 0xc0, 0x9f, 0xfb,
    0x84, 0x3, 0xfe, 0x6f, 0xfc, 0x80, 0x1f, 0xf1,
    0xff, 0xe7, 0x0, 0xff, 0x87, 0xbf, 0xea, 0x0,
    0xff, 0xe0, 0x67, 0xfd, 0xa0, 0x1f, 0xfc, 0x9,
    0xff, 0xc4, 0x1, 0xff, 0x37, 0xfe, 0x50, 0xf,
    0xf8, 0xff, 0xf4, 0x0, 0x7f, 0xc3, 0xdf, 0xf9,
    0x57, 0xfe, 0x7, 0xff, 0xff, 0xe2, 0xb, 0xff,
    0xff, 0xf1, 0x5, 0xff, 0xff, 0xf8, 0x82,

    /* U+007B "{" */
    0x0, 0xc3, 0x3d, 0xff, 0x28, 0x4, 0x3d, 0xff,
    0xca, 0x1, 0x47, 0xfd, 0xd7, 0x46, 0x1, 0x77,
    0xfb, 0x84, 0x3, 0xdf, 0xf4, 0x80, 0x78, 0x7f,
    0xe7, 0x0, 0xf0, 0xff, 0xcc, 0x1, 0xe1, 0xff,
    0x98, 0x3, 0xc3, 0xff, 0x30, 0x7, 0x87, 0xfe,
    0x60, 0xf, 0xf, 0xfc, 0xc0, 0x1e, 0x1f, 0xf9,
    0x80, 0x3c, 0x3f, 0xf3, 0x0, 0x78, 0x7f, 0xe6,
    0x0, 0xf0, 0xff, 0xcc, 0x1, 0xe1, 0xff, 0x98,
    0x3, 0xc7, 0xff, 0x28, 0x7, 0x9f, 0xfe, 0x30,
    0xe, 0x6f, 0xfb, 0x0, 0x3a, 0xff, 0xec, 0x10,
    0xe, 0xcf, 0xf6, 0x0, 0x7d, 0x7f, 0xf6, 0x8,
    0x7, 0x97, 0xfe, 0xc0, 0xf, 0x9f, 0xfe, 0x30,
    0xf, 0x17, 0xfc, 0xa0, 0x1e, 0x1f, 0xf9, 0x80,
    0x3c, 0x3f, 0xf3, 0x0, 0x78, 0x7f, 0xe6, 0x0,
    0xf0, 0xff, 0xcc, 0x1, 0xe1, 0xff, 0x98, 0x3,
    0xc3, 0xff, 0x30, 0x7, 0x87, 0xfe, 0x60, 0xf,
    0xf, 0xfc, 0xc0, 0x1e, 0x1f, 0xf9, 0x80, 0x3c,
    0x3f, 0xf3, 0x0, 0x78, 0x7f, 0xe6, 0x0, 0xfb,
    0xfe, 0x80, 0xf, 0xbb, 0xfd, 0xc2, 0x1, 0xe8,
    0xff, 0xba, 0xa8, 0x60, 0x10, 0xf7, 0xff, 0x28,
    0x6, 0x19, 0xef, 0xf9, 0x40,

    /* U+007C "|" */
    0xf, 0xf8, 0x43, 0xfe, 0x10, 0xff, 0x84, 0x3f,
    0xe1, 0xf, 0xf8, 0x43, 0xfe, 0x10, 0xff, 0x84,
    0x3f, 0xe1, 0xf, 0xf8, 0x43, 0xfe, 0x10, 0xff,
    0x84, 0x3f, 0xe1, 0xf, 0xf8, 0x43, 0xfe, 0x10,
    0xff, 0x84, 0x3f, 0xe1, 0xf, 0xf8, 0x43, 0xfe,
    0x10, 0xff, 0x84, 0x3f, 0xe1, 0xf, 0xf8, 0x43,
    0xfe, 0x10, 0xff, 0x84, 0x3f, 0xe1, 0xf, 0xf8,
    0x43, 0xfe, 0x10, 0xff, 0x84, 0x3f, 0xe1, 0xf,
    0xf8, 0x43, 0xfe, 0x10, 0xff, 0x84, 0x3f, 0xe1,
    0xf, 0xf8, 0x43, 0xfe, 0x10, 0xff, 0x84, 0x3f,
    0xe1, 0xf, 0xf8, 0x43, 0xfe, 0x10, 0xff, 0x84,
    0x3f, 0xe1, 0xf, 0xf8, 0x43, 0xfe, 0x10,

    /* U+007D "}" */
    0xaf, 0xfb, 0x58, 0x3, 0xab, 0xff, 0xa4, 0x3,
    0x35, 0x67, 0xfe, 0x30, 0xf, 0x2f, 0xfd, 0x0,
    0x1f, 0x77, 0xfa, 0xc0, 0x3e, 0xcf, 0xf6, 0x0,
    0x7d, 0x9f, 0xec, 0x0, 0xfb, 0x3f, 0xd8, 0x1,
    0xf6, 0x7f, 0xb0, 0x3, 0xec, 0xff, 0x60, 0x7,
    0xd9, 0xfe, 0xc0, 0xf, 0xb3, 0xfd, 0x80, 0x1f,
    0x67, 0xfb, 0x0, 0x3e, 0xcf, 0xf6, 0x0, 0x7d,
    0x9f, 0xec, 0x0, 0xfb, 0x3f, 0xd8, 0x1, 0xf5,
    0xff, 0xb4, 0x3, 0xe8, 0xff, 0x88, 0x3, 0xc5,
    0xff, 0x69, 0x80, 0x79, 0x7f, 0xf2, 0x80, 0x78,
    0xbf, 0xe6, 0x0, 0xe5, 0xff, 0xca, 0x1, 0x8b,
    0xfe, 0xc2, 0x0, 0xe8, 0xff, 0x88, 0x3, 0xd7,
    0xfe, 0xd0, 0xf, 0xb3, 0xfd, 0x80, 0x1f, 0x67,
    0xfb, 0x0, 0x3e, 0xcf, 0xf6, 0x0, 0x7d, 0x9f,
    0xec, 0x0, 0xfb, 0x3f, 0xd8, 0x1, 0xf6, 0x7f,
    0xb0, 0x3, 0xec, 0xff, 0x60, 0x7, 0xd9, 0xfe,
    0xc0, 0xf, 0xb3, 0xfd, 0x80, 0x1f, 0x67, 0xfb,
    0x0, 0x3e, 0xcf, 0xf6, 0x0, 0x7d, 0xdf, 0xeb,
    0x0, 0xf2, 0xff, 0xd0, 0x1, 0x35, 0x5f, 0xfe,
    0x30, 0xa, 0xbf, 0xfa, 0x40, 0x35, 0x7f, 0xda,
    0xc0, 0x1c,

    /* U+007E "~" */
    0x0, 0x92, 0xfb, 0xf1, 0x80, 0x3c, 0x2a, 0xa4,
    0x0, 0x3f, 0xff, 0xa8, 0x3, 0x9b, 0xfd, 0xa0,
    0x7f, 0xff, 0x9c, 0x3, 0x47, 0xfb, 0x2, 0xff,
    0xda, 0x43, 0x3f, 0xf1, 0x80, 0x5b, 0xfe, 0x81,
    0xff, 0x94, 0x2, 0xaf, 0xf7, 0x10, 0x37, 0xfc,
    0x69, 0xff, 0x0, 0x77, 0x7f, 0xdd, 0xff, 0x58,
    0x26, 0xec, 0x1, 0xc7, 0xff, 0xed, 0x10, 0xf,
    0xf8, 0xab, 0xbf, 0x60, 0x2,

    /* U+00A0 " " */

    /* U+00A1 "¡" */
    0x3f, 0xfc, 0xe7, 0xff, 0x9c, 0xff, 0xf3, 0x9f,
    0xfe, 0x73, 0xff, 0xce, 0x2, 0x38, 0x3, 0xff,
    0x90, 0x93, 0x26, 0x0, 0x3f, 0xfa, 0xc0, 0x11,
    0xfe, 0xb0, 0x4, 0x7f, 0xac, 0x1, 0x3f, 0xec,
    0x0, 0x4f, 0xfb, 0x0, 0x13, 0xfe, 0xc0, 0x5,
    0x7f, 0xb4, 0x1, 0x5f, 0xed, 0x0, 0x57, 0xfb,
    0x80, 0x17, 0xfe, 0xe0, 0x5, 0xff, 0xb8, 0x1,
    0x7f, 0xf0, 0x3, 0x3f, 0xe0, 0x6, 0x7f, 0xc0,
    0xd, 0xff, 0x80, 0x1b, 0xff, 0x0, 0x37, 0xfe,
    0x0, 0x77, 0xfc, 0x21, 0xdf, 0xf0, 0x87, 0x7f,
    0xc4,

    /* U+00A2 "¢" */
    0x0, 0xfc, 0x31, 0x6, 0x0, 0xff, 0xe2, 0x17,
    0xfb, 0x0, 0x3f, 0xf8, 0x85, 0xfe, 0xc0, 0xf,
    0xfe, 0x21, 0x7f, 0xb0, 0x3, 0xff, 0x88, 0x5f,
    0xec, 0x0, 0xff, 0xe1, 0x1c, 0x7f, 0xec, 0x83,
    0x0, 0xfe, 0x1a, 0xff, 0xfe, 0xa1, 0x0, 0xf1,
    0x77, 0xff, 0xfd, 0xa2, 0x1, 0x87, 0xbf, 0xf7,
    0x5c, 0xd7, 0x7f, 0xed, 0x0, 0xd5, 0xff, 0x9c,
    0x3, 0x9f, 0xff, 0x38, 0x0, 0xbf, 0xf3, 0x0,
    0x7c, 0xff, 0xf7, 0x0, 0x27, 0xfe, 0xc0, 0xf,
    0xed, 0xc6, 0x10, 0x6, 0xff, 0xca, 0x1, 0xff,
    0xc2, 0x1f, 0xfc, 0x20, 0x1f, 0xfc, 0x22, 0xff,
    0xb8, 0x3, 0xff, 0x86, 0x7f, 0xf6, 0x80, 0x7f,
    0xf0, 0xcb, 0xfe, 0xe0, 0xf, 0xfe, 0x18, 0xff,
    0xe1, 0x0, 0xff, 0xe1, 0xef, 0xfc, 0xa0, 0x1f,
    0xc2, 0x1, 0xd3, 0xff, 0x60, 0x7, 0xf6, 0xe9,
    0xc4, 0x0, 0x5f, 0xf9, 0xc0, 0x3e, 0x7f, 0xfb,
    0x80, 0x2a, 0xff, 0xd0, 0x1, 0xd1, 0xff, 0x9c,
    0x2, 0x1e, 0xff, 0xdd, 0x75, 0x7d, 0xff, 0xb0,
    0x3, 0x8b, 0xbf, 0xff, 0xee, 0x10, 0xf, 0xd,
    0x7f, 0xff, 0x50, 0x80, 0x7f, 0x1c, 0x7f, 0xec,
    0x93, 0x0, 0xff, 0xe0, 0x97, 0xfb, 0x0, 0x3f,
    0xf8, 0x85, 0xfe, 0xc0, 0xf, 0xfe, 0x21, 0x7f,
    0xb0, 0x3, 0xff, 0x88, 0x5f, 0xec, 0x0, 0xff,
    0xe2, 0xc, 0x41, 0x80, 0x3f, 0x0,

    /* U+00A3 "£" */
    0x0, 0xf8, 0xe7, 0x7f, 0xdd, 0x90, 0x40, 0x1f,
    0xea, 0xff, 0xfe, 0x90, 0xf, 0x87, 0x7f, 0xff,
    0xec, 0x0, 0xf5, 0xff, 0xed, 0x98, 0x9d, 0xff,
    0xd4, 0x1, 0x97, 0xfe, 0xe4, 0x0, 0xe5, 0xef,
    0xf8, 0xc0, 0x2b, 0xff, 0x8c, 0x3, 0xe2, 0xff,
    0xa8, 0x2, 0xff, 0xa8, 0x3, 0xfa, 0x7a, 0x4c,
    0x0, 0x3f, 0xf3, 0x0, 0x7f, 0xf0, 0xc7, 0xfe,
    0x50, 0xf, 0xfe, 0x27, 0xfc, 0xc0, 0x1f, 0xfc,
    0x4d, 0xff, 0x48, 0x7, 0xff, 0x12, 0x7f, 0xda,
    0x1, 0xff, 0xc1, 0x67, 0x75, 0x7f, 0xd0, 0xef,
    0xf2, 0x80, 0x6d, 0xff, 0xff, 0xe1, 0x58, 0x6,
    0xdf, 0xff, 0xfe, 0x15, 0x80, 0x6d, 0xff, 0xff,
    0xe1, 0x58, 0x7, 0xe6, 0xff, 0x84, 0x3, 0xff,
    0x86, 0x3f, 0xf3, 0x0, 0x7f, 0xf1, 0x33, 0xfd,
    0x40, 0x1f, 0xfc, 0x4b, 0xff, 0x58, 0x7, 0xff,
    0x13, 0x7f, 0xd4, 0x1, 0xff, 0xc3, 0x3f, 0xf9,
    0xc0, 0x3f, 0xf8, 0x7b, 0xff, 0x10, 0x7, 0xff,
    0x4, 0x73, 0xfe, 0x80, 0xf, 0xfe, 0xa, 0xf7,
    0xfd, 0x0, 0x1f, 0xfc, 0x1d, 0xff, 0xd4, 0xef,
    0xff, 0xc1, 0x5f, 0xff, 0xfe, 0x3e, 0x7f, 0xff,
    0xf1, 0xf3, 0xff, 0xff, 0x8f, 0x80,

    /* U+00A4 "¤" */
    0x0, 0x31, 0x0, 0x7f, 0xf0, 0x8d, 0x0, 0x26,
    0xfe, 0x20, 0x3, 0x5f, 0xfe, 0xb5, 0x0, 0x1f,
    0xf9, 0x0, 0xbf, 0xee, 0x6e, 0xff, 0xfd, 0xaf,
    0xff, 0x84, 0x1b, 0xff, 0xff, 0x8c, 0x80, 0x13,
    0x7f, 0xee, 0x83, 0x1, 0x39, 0xff, 0xe4, 0x0,
    0xc9, 0xff, 0x58, 0x80, 0x78, 0xb7, 0xfe, 0x20,
    0xd, 0xbf, 0xec, 0x0, 0xfe, 0x1e, 0xff, 0x58,
    0x4, 0x7f, 0xf1, 0x0, 0x7f, 0x93, 0xfe, 0x20,
    0x3, 0xff, 0xac, 0x3, 0xff, 0x81, 0xbf, 0xe6,
    0x0, 0x57, 0xf9, 0xc0, 0x3f, 0xf8, 0x13, 0xfe,
    0x80, 0x5, 0xff, 0x98, 0x3, 0xff, 0x81, 0x1f,
    0xe9, 0x0, 0x57, 0xf9, 0xc0, 0x3f, 0xf8, 0x13,
    0xfe, 0x80, 0x3, 0xff, 0xa8, 0x3, 0xff, 0x81,
    0xbf, 0xe5, 0x0, 0x17, 0xfc, 0x40, 0x1f, 0xe5,
    0xff, 0x84, 0x2, 0xcf, 0xf6, 0x0, 0x7f, 0x17,
    0x7f, 0xa8, 0x3, 0x1f, 0xfd, 0x82, 0x1, 0xe3,
    0xef, 0xf8, 0x80, 0x33, 0xff, 0xf4, 0xa1, 0x11,
    0x2b, 0xff, 0x94, 0x2, 0x7f, 0xff, 0xfe, 0x32,
    0x81, 0x7f, 0xda, 0xbb, 0xff, 0xfb, 0x17, 0xbf,
    0xdc, 0x20, 0xbf, 0xa2, 0x0, 0x5a, 0xdf, 0xf6,
    0xd2, 0x0, 0xb, 0xbc, 0xc0, 0x25, 0x10, 0xf,
    0xfe, 0x11, 0x20, 0x0,

    /* U+00A5 "¥" */
    0x9f, 0xfb, 0x80, 0x3f, 0xf8, 0x2b, 0xff, 0x90,
    0x7f, 0xf3, 0x80, 0x7f, 0xf0, 0x37, 0xfe, 0xb0,
    0x4, 0x7f, 0xdc, 0x1, 0xff, 0x37, 0xfe, 0x30,
    0x0, 0xff, 0xe7, 0x0, 0xff, 0x77, 0xfd, 0x40,
    0x19, 0xff, 0xee, 0x10, 0xf, 0xcd, 0xff, 0x88,
    0x3, 0xbb, 0xfe, 0x80, 0xf, 0xdd, 0xff, 0x48,
    0x7, 0x9b, 0xff, 0x8, 0x7, 0x9f, 0xff, 0x8,
    0x7, 0xdd, 0xff, 0x40, 0x7, 0xbb, 0xfe, 0x90,
    0xf, 0xcb, 0xff, 0x84, 0x3, 0x3f, 0xfe, 0x10,
    0xf, 0xed, 0xff, 0xa0, 0x2, 0x1e, 0xff, 0xa0,
    0x3, 0xfc, 0xbf, 0xf8, 0x40, 0x11, 0xff, 0x70,
    0x7, 0xff, 0x3, 0x3f, 0xe9, 0x1, 0xff, 0xce,
    0x1, 0xff, 0xc0, 0x4f, 0xfc, 0x31, 0xff, 0x70,
    0x7, 0xff, 0xa, 0xff, 0xea, 0xff, 0xcc, 0x1,
    0xfc, 0x2a, 0xba, 0x3f, 0xff, 0x2a, 0xf0, 0x7,
    0x2f, 0xff, 0xff, 0x17, 0x80, 0x39, 0x7f, 0xff,
    0xf8, 0xbc, 0x1, 0xcb, 0xff, 0xff, 0xc5, 0xe0,
    0xf, 0xfe, 0x2, 0x7f, 0xe0, 0xf, 0xfe, 0x3a,
    0x7f, 0xe0, 0xf, 0xfe, 0x3a, 0x7f, 0xe0, 0xf,
    0xfe, 0x2, 0xff, 0xff, 0xf1, 0x78, 0x3, 0x97,
    0xff, 0xff, 0x8b, 0xc0, 0x1c, 0xbf, 0xff, 0xfc,
    0x5e, 0x0, 0xe1, 0x44, 0xf4, 0x7f, 0xe4, 0x4f,
    0x80, 0x3f, 0xf8, 0x9, 0xff, 0x80, 0x3f, 0xf8,
    0xe9, 0xff, 0x80, 0x3f, 0xf8, 0xe9, 0xff, 0x80,
    0x3f, 0xf8, 0xe9, 0xff, 0x80, 0x3f, 0xc0,

    /* U+00A6 "¦" */
    0xf, 0xf8, 0x43, 0xfe, 0x10, 0xff, 0x84, 0x3f,
    0xe1, 0xf, 0xf8, 0x43, 0xfe, 0x10, 0xff, 0x84,
    0x3f, 0xe1, 0xf, 0xf8, 0x43, 0xfe, 0x10, 0xff,
    0x84, 0x3f, 0xe1, 0xf, 0xf8, 0x43, 0xfe, 0x10,
    0xff, 0x84, 0x3f, 0xe1, 0xf, 0xf8, 0x41, 0x9a,
    0x0, 0xff, 0xea, 0x8, 0xc0, 0xf, 0xf8, 0x43,
    0xfe, 0x10, 0xff, 0x84, 0x3f, 0xe1, 0xf, 0xf8,
    0x43, 0xfe, 0x10, 0xff, 0x84, 0x3f, 0xe1, 0xf,
    0xf8, 0x43, 0xfe, 0x10, 0xff, 0x84, 0x3f, 0xe1,
    0xf, 0xf8, 0x43, 0xfe, 0x10, 0xff, 0x84, 0x3f,
    0xe1, 0xf, 0xf8, 0x40,

    /* U+00A7 "§" */
    0x0, 0xf1, 0x46, 0x77, 0xfb, 0x65, 0x0, 0x3f,
    0xc3, 0x5f, 0xff, 0xd8, 0x40, 0x1f, 0x17, 0x7f,
    0xff, 0xf0, 0x10, 0x3, 0x87, 0x7f, 0xfb, 0xb7,
    0xff, 0xe3, 0x0, 0xd1, 0xff, 0xac, 0x80, 0x23,
    0xbf, 0xfd, 0xa0, 0x1b, 0xbf, 0xeb, 0x0, 0xfa,
    0x7f, 0xdc, 0xa0, 0x11, 0x7f, 0xe4, 0x0, 0xfd,
    0x92, 0x1, 0xc7, 0xff, 0x84, 0x3, 0xff, 0x86,
    0x7f, 0xf8, 0xc0, 0x3f, 0xf8, 0x9f, 0xfa, 0xc0,
    0x3f, 0xf8, 0x97, 0xff, 0xac, 0x40, 0x3f, 0xf8,
    0x23, 0xbf, 0xfe, 0x82, 0x0, 0xff, 0xab, 0xff,
    0xfa, 0xd4, 0x3, 0xf1, 0xff, 0xee, 0xff, 0xfb,
    0x9c, 0x3, 0xd1, 0xff, 0x68, 0x47, 0xff, 0xee,
    0x60, 0xd, 0x9f, 0xf4, 0x0, 0x5, 0xf7, 0xff,
    0xec, 0x10, 0x6, 0xff, 0xcc, 0x1, 0xc9, 0x5f,
    0xfe, 0xd0, 0x6, 0xff, 0xd0, 0x1, 0xf1, 0x57,
    0xff, 0x48, 0x5f, 0xfd, 0xc2, 0x1, 0xf9, 0x3f,
    0xf8, 0x5b, 0xff, 0x60, 0x80, 0x7e, 0x5f, 0xfc,
    0xa1, 0xdf, 0xfb, 0x9c, 0x3, 0xf7, 0x7f, 0xce,
    0x9, 0xff, 0xee, 0x71, 0x0, 0xec, 0xff, 0xa0,
    0x0, 0x9d, 0xff, 0xf5, 0x20, 0x5, 0xdf, 0xf3,
    0x0, 0x43, 0x5f, 0xff, 0xb5, 0x11, 0xff, 0x88,
    0x3, 0x8a, 0x7f, 0xff, 0xf8, 0x1a, 0x1, 0xfc,
    0xdb, 0xff, 0xfc, 0x80, 0x1f, 0xf1, 0xd7, 0xff,
    0xa4, 0x3, 0xff, 0x84, 0x7d, 0xff, 0x94, 0x3,
    0xff, 0x86, 0x3d, 0xff, 0x50, 0x7, 0xff, 0x12,
    0x3f, 0xed, 0x0, 0xff, 0xe2, 0x37, 0xfd, 0xc0,
    0x1c, 0x78, 0xc0, 0x1f, 0xa7, 0xfe, 0xc0, 0x8,
    0x67, 0xfe, 0x40, 0xf, 0x17, 0xfe, 0x90, 0x9,
    0x3f, 0xfa, 0x4, 0x2, 0x5e, 0xff, 0xc6, 0x1,
    0xa7, 0xff, 0xdd, 0xbf, 0xfe, 0x90, 0xf, 0x57,
    0xff, 0xff, 0x2, 0x80, 0x3f, 0x37, 0x7f, 0xff,
    0x38, 0x7, 0xfc, 0xd5, 0xdf, 0xed, 0xb6, 0x10,
    0xf, 0x0,

    /* U+00A8 "¨" */
    0x1f, 0xfd, 0x0, 0x2, 0xff, 0xce, 0x3f, 0xfa,
    0x0, 0x5, 0xff, 0x9c, 0x7f, 0xf4, 0x0, 0xb,
    0xff, 0x38, 0xff, 0xe8, 0x0, 0x17, 0xfe, 0x71,
    0xff, 0xd0, 0x0, 0x2f, 0xfc, 0xe0,

    /* U+00A9 "©" */
    0x0, 0xff, 0x1b, 0xde, 0xf7, 0xf6, 0x4a, 0x80,
    0x7f, 0xf1, 0xd3, 0x3f, 0xff, 0xe8, 0x0, 0xff,
    0xe1, 0x95, 0xff, 0xba, 0x50, 0x80, 0x2, 0x6d,
    0x7f, 0xee, 0x50, 0xf, 0xfe, 0x2, 0x77, 0xf3,
    0x0, 0x7f, 0x8a, 0xff, 0xd2, 0x1, 0xfe, 0x5f,
    0xf5, 0x0, 0x7f, 0xf0, 0x97, 0xfd, 0x60, 0x1f,
    0x8f, 0xfc, 0xe0, 0x1f, 0xfc, 0x42, 0xef, 0x90,
    0xf, 0xf, 0x7c, 0x0, 0x71, 0x4e, 0xff, 0xba,
    0xd4, 0x3, 0x8b, 0xfc, 0xc0, 0x1d, 0x3f, 0x60,
    0x1d, 0x1f, 0xff, 0xb4, 0xc0, 0x32, 0x7f, 0x0,
    0x62, 0xff, 0x10, 0x6, 0x9f, 0xff, 0xf8, 0xc0,
    0x35, 0xfc, 0x0, 0x53, 0xf2, 0x1, 0x97, 0xfe,
    0xe7, 0x32, 0x5c, 0xff, 0xb4, 0x3, 0x17, 0xf8,
    0x2, 0xff, 0x18, 0x6, 0xef, 0xf6, 0x88, 0x7,
    0x57, 0xfc, 0xe0, 0x1a, 0xfd, 0x40, 0xff, 0x80,
    0x32, 0xff, 0xc8, 0x1, 0xf6, 0xe9, 0xc4, 0x3,
    0x37, 0xd0, 0x37, 0xd0, 0x6, 0xaf, 0xf6, 0x80,
    0x7e, 0x10, 0xf, 0x8b, 0xf4, 0x23, 0xe0, 0x3,
    0x6f, 0xfa, 0x40, 0x3f, 0xf8, 0xbf, 0xe0, 0x9f,
    0x60, 0xd, 0xff, 0x38, 0x7, 0xff, 0x17, 0xfc,
    0x13, 0xec, 0x1, 0xbf, 0xe6, 0x0, 0xff, 0xe2,
    0xff, 0x82, 0x3e, 0x0, 0x37, 0x7f, 0xa0, 0x3,
    0xff, 0x8b, 0xfe, 0x6, 0xfa, 0x0, 0xd7, 0xfe,
    0xc0, 0xf, 0xfe, 0x21, 0x7e, 0x81, 0xff, 0x0,
    0x66, 0xff, 0x88, 0x3, 0xed, 0xb5, 0x0, 0xe6,
    0xfa, 0x0, 0x7f, 0x8c, 0x2, 0x1f, 0xfb, 0x0,
    0x3d, 0x1f, 0xf2, 0x0, 0x6b, 0xf5, 0x0, 0x4f,
    0xc8, 0x6, 0x7f, 0xfb, 0x54, 0x40, 0xeb, 0xfe,
    0xc0, 0xc, 0x5f, 0xe0, 0x8, 0xbf, 0xc4, 0x1,
    0xaf, 0xff, 0xfd, 0xc4, 0x1, 0xaf, 0xe0, 0x3,
    0x4f, 0xd8, 0x7, 0x57, 0xff, 0xed, 0x20, 0xc,
    0xbf, 0xc2, 0x1, 0x87, 0xbe, 0x0, 0x39, 0x2b,
    0xbf, 0xec, 0x70, 0xe, 0x2f, 0xf3, 0x0, 0x78,
    0xff, 0xce, 0x1, 0xf0, 0x88, 0x3, 0xe2, 0xef,
    0x90, 0xf, 0xcd, 0xfe, 0xa0, 0xf, 0xfe, 0x12,
    0xff, 0xac, 0x3, 0xfc, 0x9f, 0xee, 0x60, 0xf,
    0xf1, 0x5f, 0xfa, 0x40, 0x3f, 0xf8, 0x5, 0x9f,
    0xee, 0x84, 0x10, 0x0, 0x9b, 0x5f, 0xfb, 0x98,
    0x3, 0xff, 0x86, 0xbb, 0xff, 0xff, 0x40, 0x80,
    0x7f, 0xf1, 0x8e, 0x2f, 0xbf, 0xdd, 0xb4, 0xa0,
    0x1f, 0xf0,

    /* U+00AA "ª" */
    0x0, 0x8a, 0x37, 0xfd, 0xb2, 0x40, 0x1c, 0xdf,
    0xff, 0x94, 0x2, 0x5f, 0xf7, 0x3a, 0x21, 0xfb,
    0xfc, 0x40, 0x7, 0xfc, 0x10, 0xc, 0x3d, 0xf4,
    0x1, 0x10, 0x80, 0x7a, 0x3f, 0x80, 0x3f, 0xe5,
    0xff, 0x0, 0x43, 0x1b, 0xff, 0xf8, 0x0, 0x9f,
    0xff, 0xf0, 0x3, 0xfe, 0x94, 0x22, 0xcf, 0xfe,
    0x4, 0xff, 0x40, 0x7, 0xa3, 0xfc, 0xb, 0xfe,
    0x40, 0xf, 0x6f, 0xf8, 0xf, 0xfd, 0x20, 0x1d,
    0x3f, 0xf0, 0x3, 0x7f, 0xd4, 0xca, 0xfb, 0xfb,
    0xfe, 0x0, 0x1f, 0x7f, 0xfa, 0xcf, 0xfc, 0x1,
    0xc, 0xef, 0xf5, 0xa8, 0xd, 0x50, 0x0,

    /* U+00AB "«" */
    0x0, 0xfe, 0x60, 0xf, 0xe6, 0x0, 0xfd, 0x1e,
    0x1, 0xfa, 0xb8, 0x3, 0xeb, 0xff, 0x0, 0x78,
    0x73, 0xf8, 0x3, 0x8b, 0x7f, 0xe0, 0xe, 0x3e,
    0xff, 0x70, 0x6, 0x4e, 0xff, 0xb4, 0x3, 0x2f,
    0xfe, 0xc0, 0x9, 0xbf, 0xf5, 0x0, 0x68, 0xff,
    0xd2, 0x1, 0x4f, 0xfe, 0x70, 0xd, 0x5f, 0xf9,
    0x80, 0x2b, 0xff, 0xb8, 0xc0, 0x21, 0xcf, 0xfb,
    0x48, 0x2, 0x9f, 0xfc, 0x80, 0x1a, 0xff, 0xf1,
    0x80, 0x74, 0xff, 0xe6, 0x0, 0xd5, 0xff, 0x94,
    0x3, 0x9b, 0xff, 0x48, 0x6, 0x8f, 0xfd, 0x0,
    0x1c, 0x9d, 0xff, 0x61, 0x0, 0x4b, 0xff, 0xac,
    0x40, 0x31, 0x6f, 0xfd, 0xc0, 0x18, 0xfb, 0xfe,
    0xd0, 0xe, 0x1b, 0xff, 0x80, 0x38, 0x77, 0xfd,
    0xc0, 0x1f, 0x4f, 0xf8, 0x3, 0xeb, 0xfe, 0x0,
    0xfc, 0xfe, 0x1, 0xfa, 0x38, 0x3, 0xf9, 0x0,
    0x3f, 0x94,

    /* U+00AC "¬" */
    0x23, 0x3f, 0xfe, 0x30, 0x67, 0xff, 0xff, 0x18,
    0xb3, 0xff, 0xff, 0x8c, 0x59, 0xff, 0xff, 0xc6,
    0x20, 0xf, 0xfe, 0x19, 0x7f, 0xc4, 0x1, 0xff,
    0xc3, 0x2f, 0xf8, 0x80, 0x3f, 0xf8, 0x65, 0xff,
    0x10, 0x7, 0xff, 0xc, 0xbf, 0xe2, 0x0, 0xff,
    0xe1, 0x97, 0xfc, 0x40, 0x1f, 0xfc, 0x32, 0xff,
    0x88, 0x3, 0xff, 0x86, 0x5f, 0xf1, 0x0, 0x7f,
    0xf0, 0xcb, 0xfe, 0x20,

    /* U+00AD "­" */
    0x0, 0xff, 0xe0, 0x2f, 0xff, 0xf8, 0x57, 0xff,
    0xfc, 0x2b, 0xff, 0xfe, 0x10,

    /* U+00AE "®" */
    0x0, 0xf9, 0x67, 0x37, 0x59, 0x2a, 0x1, 0xff,
    0xc0, 0x6e, 0xff, 0xfd, 0xce, 0x1, 0xf8, 0x6f,
    0xfd, 0x6a, 0x40, 0x2, 0x5a, 0xff, 0x60, 0x80,
    0x70, 0xef, 0xe9, 0x80, 0x7e, 0x2d, 0xfd, 0x10,
    0xd, 0x7f, 0x60, 0x1f, 0xfc, 0xb, 0xfc, 0x0,
    0x9b, 0xf8, 0x40, 0x9, 0xff, 0xba, 0x88, 0x2,
    0xdf, 0x60, 0x6, 0xfa, 0x0, 0x49, 0xfb, 0x57,
    0xbf, 0xc0, 0x11, 0xff, 0x1, 0xfe, 0x0, 0x64,
    0xf9, 0x0, 0xab, 0xd8, 0x2, 0xbf, 0x48, 0xf7,
    0x0, 0xc9, 0xf2, 0x1, 0x2f, 0xc0, 0x4, 0xdf,
    0x15, 0xe6, 0x1, 0x93, 0xe4, 0x2, 0x9f, 0x60,
    0x8, 0xfe, 0xf3, 0xc8, 0x3, 0x27, 0xed, 0x5e,
    0xfe, 0x80, 0x61, 0xfc, 0xc7, 0x90, 0x6, 0x4f,
    0xfe, 0x81, 0x0, 0xc3, 0xf9, 0x7e, 0x60, 0x19,
    0x3e, 0x2, 0x3d, 0x40, 0x38, 0xfe, 0xe3, 0xd8,
    0x3, 0x27, 0xc0, 0xf, 0xf0, 0x7, 0x37, 0xc2,
    0x7d, 0x80, 0x64, 0xf8, 0x0, 0x3f, 0xb8, 0x6,
    0xbf, 0x40, 0xef, 0x30, 0x9, 0x3e, 0x0, 0x2e,
    0xf1, 0x0, 0x17, 0xf0, 0x1, 0xff, 0x40, 0x24,
    0xf8, 0x0, 0x9b, 0xe4, 0x1, 0xbe, 0xe0, 0x16,
    0x7d, 0x80, 0x46, 0x20, 0x18, 0xc8, 0x2b, 0xf4,
    0x3, 0xf, 0x7e, 0x90, 0x7, 0xe1, 0xcf, 0xe2,
    0x0, 0xe2, 0xdf, 0xf4, 0xa0, 0x6, 0x49, 0xff,
    0x69, 0x0, 0x7e, 0x8f, 0xff, 0xf4, 0x80, 0x7f,
    0xc2, 0xf7, 0xdf, 0xee, 0xb7, 0x10, 0xf, 0x0,

    /* U+00AF "¯" */
    0x7, 0x7f, 0xf8, 0x87, 0xff, 0xfe, 0x51, 0xff,
    0xff, 0x94,

    /* U+00B0 "°" */
    0x0, 0x85, 0xf7, 0xfa, 0xd0, 0x3, 0x8f, 0xbf,
    0xfd, 0x40, 0x10, 0xf7, 0xfd, 0xbd, 0xff, 0x48,
    0x2, 0xbf, 0xd6, 0x20, 0x4, 0xff, 0x8c, 0x3f,
    0xdc, 0x1, 0xcb, 0xfe, 0x92, 0xff, 0x50, 0x7,
    0xbf, 0xd8, 0x5f, 0xea, 0x0, 0xf7, 0xfb, 0x3,
    0xfd, 0xc2, 0x1, 0x9b, 0xfd, 0x21, 0x5f, 0xec,
    0x20, 0x2, 0xff, 0xc6, 0x3, 0xdf, 0xf6, 0xf7,
    0xfd, 0x20, 0x11, 0xf7, 0xff, 0xa8, 0x3, 0x86,
    0x37, 0xfa, 0xd4, 0x2,

    /* U+00B1 "±" */
    0x0, 0xfe, 0xce, 0xe2, 0x80, 0x7f, 0xf1, 0xbb,
    0xfc, 0xc0, 0x1f, 0xfc, 0x6e, 0xff, 0x30, 0x7,
    0xff, 0x1b, 0xbf, 0xcc, 0x1, 0xff, 0xc6, 0xef,
    0xf3, 0x0, 0x7f, 0xf1, 0xbb, 0xfc, 0xc0, 0x1f,
    0xfc, 0x6e, 0xff, 0x30, 0x7, 0xf5, 0x7f, 0xff,
    0xf2, 0xa, 0xbf, 0xff, 0xf9, 0x5, 0x5f, 0xff,
    0xfc, 0x82, 0x22, 0x27, 0xee, 0xff, 0x42, 0x27,
    0xe0, 0xf, 0xf7, 0x7f, 0x98, 0x3, 0xff, 0x8d,
    0xdf, 0xe6, 0x0, 0xff, 0xe3, 0x77, 0xf9, 0x80,
    0x3f, 0xf8, 0xdd, 0xfe, 0x60, 0xf, 0xfe, 0x37,
    0x7f, 0x98, 0x3, 0xff, 0x8d, 0xdf, 0xe6, 0x0,
    0xff, 0xff, 0x92, 0x27, 0xff, 0x20, 0x2b, 0xff,
    0xff, 0x90, 0x55, 0xff, 0xff, 0xc8, 0x2a, 0xff,
    0xff, 0xe4, 0x10,

    /* U+00B2 "²" */
    0x0, 0x86, 0x37, 0xfd, 0x8c, 0x1, 0xe3, 0xef,
    0xff, 0x60, 0x7, 0x77, 0xea, 0x89, 0x3f, 0xfa,
    0x40, 0x27, 0xfe, 0x10, 0xd, 0x1f, 0xe0, 0xb,
    0x3e, 0x0, 0x38, 0xbf, 0xc4, 0x0, 0xdf, 0x50,
    0xe, 0x2f, 0xf1, 0x0, 0x7f, 0x97, 0xfc, 0x1,
    0xff, 0x5f, 0xd0, 0x7, 0xf9, 0x7f, 0xc6, 0x1,
    0xfc, 0x7f, 0xe8, 0x0, 0xfe, 0x3e, 0xfa, 0x0,
    0xfe, 0x6f, 0xf5, 0x0, 0x7f, 0x57, 0xf9, 0xc0,
    0x3f, 0x26, 0xff, 0x20, 0x7, 0xc3, 0x5f, 0xe9,
    0x10, 0xf, 0xd5, 0xff, 0xff, 0xc0, 0x1b, 0xff,
    0xff, 0xe0, 0x8,

    /* U+00B3 "³" */
    0x0, 0x92, 0xfb, 0xfa, 0x90, 0x3, 0xab, 0xff,
    0xe9, 0x0, 0x9f, 0xfd, 0x48, 0x49, 0x7f, 0xe5,
    0x0, 0x6f, 0xc8, 0x7, 0x5f, 0xd0, 0x2, 0x6c,
    0xc0, 0x39, 0xfe, 0xc0, 0x3f, 0xd3, 0xee, 0x1,
    0xf8, 0xa3, 0xec, 0x3, 0xe5, 0xff, 0xa4, 0x3,
    0xf1, 0xd5, 0xff, 0xb4, 0x80, 0x3f, 0xd1, 0xfc,
    0x20, 0x1f, 0xeb, 0xf7, 0x58, 0x30, 0xf, 0x9f,
    0xea, 0x9f, 0x0, 0x1f, 0x4f, 0xcb, 0x7f, 0x10,
    0x7, 0xf, 0x7b, 0x7, 0x7f, 0x39, 0x89, 0x3f,
    0x7f, 0x0, 0xb, 0x7f, 0xfe, 0xd2, 0x0, 0xcd,
    0x7d, 0xfd, 0x6c, 0x1, 0x0,

    /* U+00B4 "´" */
    0x0, 0xed, 0xff, 0x98, 0x3, 0x57, 0xfc, 0xc0,
    0x19, 0xbf, 0xe6, 0x0, 0xc7, 0xff, 0x38, 0x6,
    0x1e, 0xff, 0x38, 0x7, 0x5f, 0xf9, 0xc0, 0x38,

    /* U+00B5 "µ" */
    0x6f, 0xfa, 0xc0, 0x3f, 0xb3, 0xfe, 0x46, 0xff,
    0xac, 0x3, 0xfb, 0x3f, 0xe4, 0x6f, 0xfa, 0xc0,
    0x3f, 0xb3, 0xfe, 0x46, 0xff, 0xac, 0x3, 0xfb,
    0x3f, 0xe4, 0x6f, 0xfa, 0xc0, 0x3f, 0xb3, 0xfe,
    0x46, 0xff, 0xac, 0x3, 0xfb, 0x3f, 0xe4, 0x6f,
    0xfa, 0xc0, 0x3f, 0xb3, 0xfe, 0x46, 0xff, 0xac,
    0x3, 0xfb, 0x3f, 0xe4, 0x6f, 0xfa, 0xc0, 0x3f,
    0xb3, 0xfe, 0x46, 0xff, 0xac, 0x3, 0xfb, 0x3f,
    0xe4, 0x6f, 0xfa, 0xc0, 0x3f, 0xb7, 0xfe, 0x46,
    0xff, 0xac, 0x3, 0xfb, 0xbf, 0xe4, 0x6f, 0xfa,
    0xc0, 0x3f, 0xf, 0xfe, 0x46, 0xff, 0xb4, 0x3,
    0xf2, 0x7f, 0xe4, 0x6f, 0xfc, 0x20, 0x1f, 0x4f,
    0xfe, 0x46, 0xff, 0xce, 0x1, 0xe2, 0xff, 0xe4,
    0x6f, 0xfe, 0x50, 0xc, 0x5b, 0xff, 0xc8, 0xdf,
    0xfe, 0xda, 0x9b, 0xff, 0xf9, 0x1b, 0xff, 0xff,
    0x81, 0x39, 0xff, 0x23, 0x7f, 0xdd, 0xff, 0xf4,
    0x6, 0x7f, 0xc8, 0xdf, 0xf5, 0xa6, 0x7f, 0xb6,
    0x4c, 0x1, 0x9f, 0xf2, 0x37, 0xfd, 0x60, 0x1f,
    0xfc, 0x26, 0xff, 0xac, 0x3, 0xff, 0x84, 0xdf,
    0xf5, 0x80, 0x7f, 0xf0, 0x9b, 0xfe, 0xb0, 0xf,
    0xfe, 0x13, 0x7f, 0xd6, 0x1, 0xff, 0xc2, 0x6f,
    0xfa, 0xc0, 0x3f, 0xf8, 0x47, 0x33, 0x38, 0x7,
    0xff, 0x8,

    /* U+00B6 "¶" */
    0x0, 0xf2, 0x4e, 0xf7, 0xfa, 0x80, 0x36, 0x7c,
    0x80, 0x64, 0xdf, 0xff, 0x50, 0x6, 0xcf, 0x90,
    0xa, 0x3f, 0xff, 0x50, 0x6, 0xcf, 0x90, 0x4,
    0x7f, 0xff, 0x50, 0x6, 0xcf, 0x90, 0x3f, 0xff,
    0xf5, 0x0, 0x6c, 0xf9, 0xa, 0xff, 0xff, 0x50,
    0x6, 0xcf, 0x90, 0xef, 0xff, 0xf5, 0x0, 0x6c,
    0xf9, 0x1f, 0xff, 0xfa, 0x80, 0x36, 0x7c, 0x8f,
    0xff, 0xfd, 0x40, 0x1b, 0x3e, 0x43, 0xff, 0xfe,
    0xa0, 0xd, 0x9f, 0x21, 0x9f, 0xff, 0xea, 0x0,
    0xd9, 0xf2, 0xd, 0xff, 0xfe, 0xa0, 0xd, 0x9f,
    0x20, 0xc, 0xff, 0xfe, 0xa0, 0xd, 0x9f, 0x20,
    0x1, 0xcf, 0xff, 0xd4, 0x1, 0xb3, 0xe4, 0x2,
    0x1a, 0xff, 0xfa, 0x80, 0x36, 0x7c, 0x80, 0x71,
    0xd7, 0x7f, 0xea, 0x0, 0xd9, 0xf2, 0x1, 0xf8,
    0x93, 0x7e, 0x80, 0x36, 0x7c, 0x80, 0x7f, 0xb3,
    0xe8, 0x3, 0x67, 0xc8, 0x7, 0xfb, 0x3e, 0x80,
    0x36, 0x7c, 0x80, 0x7f, 0xb3, 0xe8, 0x3, 0x67,
    0xc8, 0x7, 0xfb, 0x3e, 0x80, 0x36, 0x7c, 0x80,
    0x7f, 0xb3, 0xe8, 0x3, 0x67, 0xc8, 0x7, 0xfb,
    0x3e, 0x80, 0x36, 0x7c, 0x80, 0x7f, 0xb3, 0xe8,
    0x3, 0x67, 0xc8, 0x7, 0xfb, 0x3e, 0x80, 0x36,
    0x7c, 0x80, 0x7f, 0xb3, 0xe8, 0x3, 0x67, 0xc8,
    0x7, 0xfb, 0x3e, 0x80, 0x36, 0x7c, 0x80, 0x7f,
    0xb3, 0xe8, 0x3, 0x67, 0xc8, 0x7, 0xfb, 0x3e,
    0x80, 0x36, 0x7c, 0x80, 0x7f, 0xb3, 0xe8, 0x3,
    0x67, 0xc8, 0x7, 0xfb, 0x3e, 0x80, 0x36, 0x7c,
    0x80, 0x7f, 0xb3, 0xe8, 0x3, 0x67, 0xc8, 0x7,
    0xfb, 0x3e, 0x80, 0x36, 0x7c, 0x80, 0x7f, 0xb3,
    0xe8, 0x3, 0x67, 0xc8, 0x7, 0xf8, 0x8c, 0x80,
    0x31, 0x19, 0x0,

    /* U+00B7 "·" */
    0x11, 0xeb, 0xff, 0xb6, 0xff, 0xed, 0xbf, 0xfb,
    0x6f, 0xfe, 0xdb, 0xff, 0xb4,

    /* U+00B8 "¸" */
    0x0, 0x87, 0xbd, 0xc0, 0x3d, 0x3f, 0x60, 0x1e,
    0x3f, 0xf5, 0x28, 0x7, 0x67, 0xfe, 0xe3, 0x0,
    0xe2, 0x7f, 0xf7, 0x8, 0x7, 0x97, 0xfc, 0xa0,
    0x1f, 0x7f, 0x9c, 0x0, 0xc8, 0x0, 0x3f, 0xf2,
    0x86, 0xff, 0xa1, 0xfb, 0xf8, 0x0, 0x9f, 0xfe,
    0x50, 0x8, 0xef, 0xb9, 0x66, 0x0,

    /* U+00B9 "¹" */
    0x0, 0xc5, 0xfe, 0x0, 0xc9, 0xfe, 0x5b, 0xbb,
    0xfe, 0x7f, 0xff, 0x0, 0x63, 0xff, 0x0, 0x63,
    0xff, 0x0, 0x63, 0xff, 0x0, 0x63, 0xff, 0x0,
    0x63, 0xff, 0x0, 0x63, 0xff, 0x0, 0x63, 0xff,
    0x0, 0x63, 0xff, 0x0, 0x63, 0xff, 0x0, 0x63,
    0xff, 0x0, 0x63, 0xff, 0x0, 0x63, 0xff, 0x0,
    0x63, 0xff, 0x0,

    /* U+00BA "º" */
    0x0, 0xc5, 0x3b, 0xfe, 0xc7, 0x10, 0xf, 0x9f,
    0xff, 0xee, 0x40, 0xe, 0x8f, 0xf6, 0xba, 0xaa,
    0x7f, 0xe4, 0x0, 0x93, 0xfd, 0x60, 0x1c, 0x5d,
    0xfc, 0x20, 0xc, 0xfe, 0x10, 0xf, 0x2f, 0xf9,
    0x80, 0xbf, 0xd2, 0x1, 0xfb, 0xbf, 0x1, 0x7f,
    0xcc, 0x1, 0xfa, 0xff, 0xc0, 0xdf, 0xe5, 0x0,
    0xfd, 0x5f, 0xe0, 0x5f, 0xf3, 0x0, 0x7e, 0xbf,
    0xf0, 0x17, 0xfa, 0x40, 0x3f, 0x77, 0xe0, 0x3,
    0x3f, 0x84, 0x3, 0xcd, 0xfe, 0x70, 0x2, 0x7f,
    0xac, 0x3, 0x8f, 0xbf, 0x84, 0x2, 0x8f, 0xf7,
    0x42, 0xb5, 0x7f, 0xc8, 0x1, 0xd1, 0xff, 0xf7,
    0x20, 0x7, 0xc7, 0x5d, 0xfe, 0xd8, 0x10, 0xc,

    /* U+00BB "»" */
    0x41, 0x0, 0xfc, 0xa2, 0x1, 0xfc, 0xfc, 0x60,
    0x1f, 0x4e, 0x90, 0x7, 0xe7, 0xff, 0x28, 0x7,
    0xa7, 0xfc, 0x80, 0x1f, 0x3f, 0xfd, 0x0, 0x1d,
    0x3f, 0xf3, 0x80, 0x79, 0x7f, 0xf5, 0x80, 0x67,
    0xff, 0xd2, 0x1, 0xe4, 0xef, 0xfb, 0x48, 0x2,
    0x5f, 0xfd, 0x82, 0x1, 0xc3, 0x9f, 0xf7, 0x20,
    0x4, 0x5b, 0xff, 0x69, 0x0, 0x7a, 0x3f, 0xf3,
    0x0, 0x6a, 0xff, 0xc8, 0x1, 0xeb, 0xff, 0xc6,
    0x1, 0xb7, 0xff, 0x8, 0x4, 0x37, 0xff, 0x72,
    0x0, 0x45, 0x9f, 0xf7, 0x10, 0x4, 0x7d, 0xff,
    0x69, 0x0, 0x49, 0xdf, 0xf6, 0x8, 0x4, 0xdf,
    0xfa, 0xc0, 0x34, 0x7f, 0xea, 0x0, 0xcd, 0xff,
    0xa4, 0x3, 0x47, 0xfe, 0x70, 0xe, 0x7f, 0xf9,
    0x80, 0x3a, 0x7f, 0xe5, 0x0, 0xf3, 0xff, 0x20,
    0x7, 0xa7, 0xf8, 0xc0, 0x3e, 0x7d, 0x20, 0xf,
    0xa7, 0x4, 0x3, 0xf2, 0x8, 0x7, 0xe4, 0x0,
    0xff, 0x0,

    /* U+00BC "¼" */
    0x0, 0xea, 0xff, 0x10, 0x7, 0xff, 0x1, 0x3f,
    0xd4, 0x1, 0xfe, 0xbf, 0xf1, 0x0, 0x7f, 0xf0,
    0x37, 0xfc, 0x20, 0x1e, 0x44, 0x9f, 0xfe, 0x20,
    0xf, 0xf9, 0xff, 0xce, 0x1, 0xe2, 0xff, 0xf8,
    0x80, 0x3f, 0xc3, 0xfe, 0xd0, 0xf, 0x8b, 0xff,
    0xe2, 0x0, 0xff, 0x57, 0xf9, 0x0, 0x3f, 0xf8,
    0x15, 0xfe, 0x20, 0xf, 0xe3, 0xff, 0x58, 0x7,
    0xff, 0x6, 0xbf, 0xc4, 0x1, 0xfd, 0xbf, 0xe2,
    0x0, 0xff, 0xe0, 0xd7, 0xf8, 0x80, 0x3f, 0x37,
    0xfa, 0x0, 0x3f, 0xf8, 0x55, 0xfe, 0x20, 0xf,
    0x87, 0xbf, 0x80, 0x3f, 0xf8, 0x75, 0xfe, 0x20,
    0xf, 0xa7, 0xfc, 0xa0, 0x1f, 0xfc, 0x3a, 0xff,
    0x10, 0x7, 0x8f, 0xfd, 0x60, 0x1f, 0xfc, 0x4a,
    0xff, 0x10, 0x7, 0xb3, 0xfc, 0x40, 0x1c, 0xce,
    0xc0, 0x1f, 0xab, 0xfc, 0x40, 0x1c, 0xdf, 0xe8,
    0x0, 0xe6, 0xff, 0x68, 0x7, 0xea, 0xff, 0x10,
    0x6, 0x1e, 0xfe, 0x0, 0xe2, 0xff, 0xb4, 0x3,
    0xf5, 0x7f, 0x88, 0x3, 0x4f, 0xf9, 0x40, 0x3b,
    0x7f, 0xed, 0x0, 0xfd, 0x5f, 0xe2, 0x0, 0x8b,
    0xfd, 0x80, 0x1d, 0x3f, 0xbd, 0xfa, 0x1, 0xfa,
    0xbf, 0xc4, 0x1, 0x67, 0xf8, 0x80, 0x32, 0xff,
    0x8b, 0xbf, 0x40, 0x3f, 0x23, 0x30, 0x2, 0x5f,
    0xf4, 0x80, 0x61, 0xef, 0x60, 0xef, 0xd0, 0xf,
    0xfe, 0x17, 0x7f, 0x8, 0x6, 0xcf, 0xb0, 0x7,
    0x7e, 0x80, 0x7f, 0xf0, 0x63, 0xfc, 0xc0, 0x1a,
    0x3f, 0x84, 0x1, 0xdf, 0xa0, 0x1f, 0xfc, 0x2,
    0xff, 0x60, 0x6, 0x3f, 0xf2, 0x80, 0x5d, 0xfa,
    0x1, 0xff, 0xc0, 0xbf, 0xf1, 0x80, 0x43, 0xdf,
    0x20, 0x1b, 0xbf, 0x40, 0x3f, 0xe5, 0xff, 0x48,
    0x6, 0xaf, 0xf3, 0xb3, 0x6e, 0xfe, 0x66, 0x20,
    0x7, 0xee, 0xff, 0x8, 0x6, 0xef, 0xff, 0xfe,
    0x5, 0x0, 0x7d, 0x1f, 0xe6, 0x0, 0xee, 0xff,
    0xff, 0xe0, 0x50, 0x7, 0x8b, 0xfd, 0xa0, 0x1f,
    0xfc, 0x2f, 0xf6, 0x80, 0x7f, 0x5f, 0xf8, 0xc0,
    0x3f, 0xf8, 0x5f, 0xed, 0x0, 0xfc, 0x9f, 0xea,
    0x0, 0xff, 0xe1, 0xff, 0xb4, 0x3, 0xf6, 0xff,
    0x84, 0x3, 0xff, 0x87, 0xfe, 0xd0, 0x8,

    /* U+00BD "½" */
    0x0, 0xea, 0xff, 0x10, 0x7, 0xff, 0x1, 0x3f,
    0xd4, 0x1, 0xff, 0x5f, 0xf8, 0x80, 0x3f, 0xf8,
    0x1b, 0xfe, 0x10, 0xf, 0x91, 0x27, 0xff, 0x88,
    0x3, 0xfe, 0x7f, 0xf3, 0x80, 0x7c, 0x5f, 0xff,
    0x10, 0x7, 0xf8, 0x7f, 0xda, 0x1, 0xf8, 0xbf,
    0xfe, 0x20, 0xf, 0xf5, 0x7f, 0x90, 0x3, 0xff,
    0x83, 0x5f, 0xe2, 0x0, 0xfe, 0x3f, 0xf5, 0x80,
    0x7f, 0xf0, 0xab, 0xfc, 0x40, 0x1f, 0xdb, 0xfe,
    0x20, 0xf, 0xfe, 0x15, 0x7f, 0x88, 0x3, 0xf3,
    0x7f, 0xa0, 0x3, 0xff, 0x87, 0x5f, 0xe2, 0x0,
    0xf8, 0x7b, 0xf8, 0x3, 0xff, 0x89, 0x5f, 0xe2,
    0x0, 0xfa, 0x7f, 0xca, 0x1, 0xff, 0xc4, 0xaf,
    0xf1, 0x0, 0x78, 0xff, 0xd6, 0x1, 0xff, 0xc5,
    0xaf, 0xf1, 0x0, 0x7b, 0x3f, 0xc4, 0x1, 0x1c,
    0x55, 0x1c, 0x40, 0x3f, 0x57, 0xf8, 0x80, 0x39,
    0xbf, 0xd0, 0x1, 0x57, 0xff, 0x98, 0x3, 0xea,
    0xff, 0x10, 0x6, 0x1e, 0xfe, 0x0, 0xaf, 0xff,
    0xf2, 0x80, 0x7a, 0xbf, 0xc4, 0x1, 0xa7, 0xfc,
    0xa0, 0x5, 0xff, 0x72, 0x0, 0xcf, 0xfb, 0x40,
    0x3d, 0x5f, 0xe2, 0x0, 0x8b, 0xfd, 0x80, 0x16,
    0x7f, 0x8c, 0x3, 0x6f, 0xf8, 0x80, 0x3a, 0xbf,
    0xc4, 0x1, 0x67, 0xf8, 0x80, 0x2f, 0xf6, 0x80,
    0x74, 0xff, 0x90, 0x3, 0x8d, 0x10, 0x1, 0x2f,
    0xfa, 0x40, 0x34, 0xd3, 0x80, 0x75, 0x7f, 0x8c,
    0x3, 0xfe, 0xef, 0xe1, 0x0, 0xff, 0xe0, 0x6f,
    0xf8, 0x40, 0x3f, 0xd1, 0xfe, 0x60, 0xf, 0xfe,
    0x2, 0x7f, 0xac, 0x3, 0xfc, 0x5f, 0xec, 0x0,
    0xff, 0xe0, 0xef, 0xf9, 0x0, 0x3f, 0xd7, 0xfe,
    0x30, 0xf, 0xfe, 0x5, 0x7f, 0xac, 0x3, 0xfc,
    0xbf, 0xe9, 0x0, 0xff, 0xe0, 0x4f, 0xfb, 0x44,
    0x3, 0xfd, 0xdf, 0xe1, 0x0, 0xff, 0xaf, 0xfd,
    0xa4, 0x1, 0xfe, 0x8f, 0xf3, 0x0, 0x7f, 0x8b,
    0x7f, 0xd8, 0x20, 0x1f, 0xe2, 0xff, 0x68, 0x7,
    0xf9, 0x3b, 0xfd, 0x0, 0x1f, 0xfc, 0xb, 0xff,
    0x18, 0x7, 0xf4, 0x7f, 0xd9, 0x33, 0xf0, 0x7,
    0x27, 0xfa, 0x80, 0x3f, 0xdf, 0xff, 0xfc, 0x0,
    0xe, 0xdf, 0xf0, 0x80, 0x7f, 0xbf, 0xff, 0xf8,
    0x0,

    /* U+00BE "¾" */
    0x0, 0xc7, 0x13, 0x26, 0x10, 0xf, 0xfe, 0x14,
    0x55, 0x4, 0x3, 0xe1, 0xbf, 0xff, 0x30, 0x7,
    0xff, 0x1, 0x3f, 0xd4, 0x1, 0xfb, 0x7f, 0xff,
    0x28, 0x7, 0xfd, 0xbf, 0xe1, 0x0, 0xf9, 0xff,
    0xda, 0x60, 0x55, 0xfe, 0xd0, 0xf, 0xf3, 0xff,
    0x9c, 0x3, 0xf6, 0x7f, 0x88, 0x3, 0x6f, 0xf8,
    0x40, 0x3f, 0xf, 0xfb, 0x80, 0x3f, 0xa6, 0xa4,
    0x3, 0xab, 0xfc, 0x40, 0x1f, 0xa7, 0xfc, 0xa0,
    0x1f, 0xfc, 0x5d, 0xfe, 0x0, 0xfc, 0x7f, 0xec,
    0x0, 0xff, 0xe1, 0x89, 0xdf, 0xf9, 0x40, 0x3f,
    0x67, 0xf8, 0x80, 0x3f, 0xf8, 0x47, 0xff, 0x94,
    0x3, 0xf2, 0xff, 0xa4, 0x3, 0xff, 0x86, 0x7f,
    0xfb, 0x50, 0x3, 0xee, 0xfe, 0x10, 0xf, 0xfe,
    0x22, 0xb5, 0xff, 0xc8, 0x1, 0xd1, 0xfe, 0x60,
    0xf, 0xfe, 0x41, 0xff, 0xb4, 0x3, 0xf, 0xfb,
    0x40, 0x3f, 0xf8, 0x4, 0x66, 0x0, 0xfa, 0xff,
    0xc0, 0x1a, 0xbf, 0xc8, 0x1, 0xc8, 0xee, 0x10,
    0xa, 0xbf, 0xc4, 0x1, 0xeb, 0xff, 0x8, 0x0,
    0xff, 0xd6, 0x1, 0xc5, 0xff, 0x18, 0x4, 0xff,
    0xe9, 0x0, 0xe2, 0xff, 0x70, 0x5, 0xbf, 0xe2,
    0x0, 0xec, 0xff, 0x8c, 0x2, 0x1f, 0xfa, 0x8c,
    0x5, 0x77, 0xfd, 0x0, 0x6, 0xff, 0x40, 0x7,
    0x47, 0xfe, 0x30, 0xc, 0xdf, 0xff, 0xda, 0x0,
    0x1e, 0xfe, 0x0, 0xe4, 0xff, 0x67, 0xf8, 0xc0,
    0x39, 0x7b, 0xff, 0xd4, 0x20, 0x9, 0xff, 0x28,
    0x6, 0x1e, 0xf8, 0x87, 0xf8, 0xc0, 0x3e, 0x58,
    0x99, 0x31, 0x0, 0x45, 0xfe, 0xc0, 0xe, 0xbf,
    0xc0, 0x8f, 0xf1, 0x80, 0x7f, 0xf1, 0x2f, 0xfc,
    0x60, 0x19, 0xbf, 0xc4, 0x11, 0xfe, 0x30, 0xf,
    0xfe, 0x1a, 0x7f, 0xa8, 0x3, 0x17, 0xf9, 0x80,
    0x11, 0xfe, 0x30, 0xf, 0xfe, 0x1e, 0xff, 0x84,
    0x3, 0x6f, 0xd0, 0x5, 0x1f, 0xe3, 0x0, 0xff,
    0xe1, 0x3f, 0xf9, 0xc0, 0x34, 0xff, 0x8, 0x5,
    0x1f, 0xe3, 0x0, 0xff, 0xe0, 0x8f, 0xfb, 0x40,
    0x32, 0x7f, 0xad, 0x9b, 0x5f, 0xfa, 0x19, 0x80,
    0x1f, 0xf5, 0x7f, 0x94, 0x3, 0x47, 0xff, 0xff,
    0x4, 0x3, 0xfc, 0x7f, 0xeb, 0x0, 0xe8, 0xff,
    0xff, 0xe0, 0x80, 0x7f, 0xb3, 0xfc, 0x40, 0x1f,
    0xfc, 0x19, 0xff, 0x18, 0x7, 0xfc, 0xbf, 0xe9,
    0x0, 0xff, 0xe1, 0x4f, 0xf8, 0xc0, 0x3f, 0xee,
    0xfe, 0x10, 0xf, 0xfe, 0x14, 0xff, 0x8c, 0x3,
    0xfd, 0x1f, 0xe6, 0x0, 0xff, 0xe1, 0xcf, 0xf8,
    0xc0, 0x20,

    /* U+00BF "¿" */
    0x0, 0xf2, 0xff, 0xe5, 0x0, 0xff, 0xe0, 0xaf,
    0xfe, 0x50, 0xf, 0xfe, 0xa, 0xff, 0xe5, 0x0,
    0xff, 0xe0, 0xaf, 0xfe, 0x50, 0xf, 0xfe, 0xa,
    0xff, 0xe5, 0x0, 0xff, 0xe1, 0x8, 0xe0, 0xf,
    0xff, 0x4a, 0xbb, 0x94, 0x3, 0xff, 0x87, 0x7f,
    0xec, 0x0, 0xff, 0xe1, 0xdf, 0xfb, 0x0, 0x3f,
    0xf8, 0x7b, 0xfe, 0xb0, 0xf, 0xfe, 0x11, 0xff,
    0xd2, 0x1, 0xff, 0xc1, 0x1d, 0xff, 0x90, 0x3,
    0xff, 0x80, 0x5b, 0xff, 0x68, 0x7, 0xff, 0x1,
    0xbf, 0xf8, 0x80, 0x3f, 0xe8, 0xff, 0xdc, 0x40,
    0x1f, 0xf3, 0xff, 0xec, 0x10, 0xf, 0xf8, 0xbf,
    0xf4, 0x80, 0x7f, 0xf0, 0x63, 0xfe, 0x90, 0xf,
    0xfe, 0x16, 0x7f, 0xc0, 0x1f, 0xfc, 0x3e, 0xff,
    0x58, 0x7, 0xfa, 0x37, 0x60, 0xef, 0xf5, 0x0,
    0x7f, 0xaf, 0xfe, 0xd, 0xff, 0x68, 0x7, 0xfb,
    0xfe, 0xc0, 0xaf, 0xf8, 0xc0, 0x3f, 0x47, 0xfd,
    0x0, 0xbf, 0xf7, 0x18, 0x7, 0x9f, 0xff, 0x10,
    0x3, 0x3f, 0xf6, 0x43, 0xba, 0x7b, 0xff, 0x30,
    0x4, 0x3b, 0xff, 0xff, 0xc0, 0x90, 0xe, 0x1a,
    0xff, 0xfe, 0xe5, 0x0, 0xfc, 0x51, 0x9d, 0xfe,
    0xeb, 0x60, 0xf, 0x0,

    /* U+00C0 "À" */
    0x0, 0xf1, 0x44, 0x4e, 0x1, 0xff, 0xcb, 0x8f,
    0xfa, 0x40, 0x3f, 0xf9, 0x71, 0xff, 0x30, 0x7,
    0xff, 0x2d, 0xff, 0xe3, 0x0, 0xff, 0xe5, 0xbf,
    0xfb, 0x84, 0x3, 0xff, 0x96, 0xdf, 0xeb, 0x0,
    0xff, 0xff, 0x80, 0x7f, 0xf4, 0x4f, 0xfe, 0x70,
    0xf, 0xfe, 0x54, 0xff, 0xda, 0x1, 0xff, 0xca,
    0xff, 0xe4, 0x0, 0xff, 0xe4, 0x37, 0xff, 0x50,
    0x7, 0xff, 0x23, 0x3f, 0xfc, 0x20, 0x1f, 0xfc,
    0x63, 0xff, 0xf9, 0x80, 0x3f, 0xf8, 0xd3, 0xff,
    0x67, 0xfd, 0xa0, 0x1f, 0xfc, 0x6e, 0xff, 0x8f,
    0xbf, 0xe3, 0x0, 0xff, 0xe2, 0x2f, 0xfd, 0xa1,
    0x1f, 0xf4, 0x80, 0x7f, 0xf1, 0x33, 0xfe, 0x70,
    0x2f, 0xfc, 0x1, 0xff, 0xc3, 0x2f, 0xfc, 0x20,
    0xc, 0xff, 0x98, 0x3, 0xff, 0x85, 0x1f, 0xf5,
    0x80, 0x4d, 0xff, 0x60, 0x7, 0xff, 0xb, 0xbf,
    0xe5, 0x0, 0x87, 0xff, 0x10, 0x7, 0xff, 0x1,
    0x7f, 0xf0, 0x7, 0x5f, 0xfd, 0x0, 0x1f, 0xfc,
    0xb, 0xff, 0xa4, 0x3, 0x97, 0xfe, 0xe0, 0xf,
    0xf8, 0x7f, 0xf2, 0x0, 0x7b, 0xbf, 0xe5, 0x0,
    0xff, 0x47, 0xfd, 0xc0, 0x1f, 0x4f, 0xfd, 0x60,
    0x1f, 0xee, 0xff, 0xa0, 0x3, 0xe3, 0xff, 0xc4,
    0x1, 0xf9, 0x3f, 0xf1, 0x0, 0x7e, 0xdf, 0xfa,
    0x0, 0x3f, 0x57, 0xff, 0xff, 0x17, 0x80, 0x3e,
    0x1f, 0xff, 0xfe, 0x3a, 0x0, 0x79, 0xff, 0xff,
    0xf8, 0xf6, 0x1, 0xed, 0xff, 0xdb, 0xbf, 0xf7,
    0xff, 0x8, 0x6, 0x4f, 0xfc, 0xa0, 0x1f, 0xf0,
    0xff, 0xe7, 0x0, 0xd5, 0xff, 0x70, 0x7, 0xff,
    0x6, 0xbf, 0xed, 0x0, 0x87, 0xff, 0x48, 0x7,
    0xff, 0x5, 0x3f, 0xf2, 0x0, 0x1b, 0xff, 0x18,
    0x7, 0xff, 0xb, 0xbf, 0xea, 0x0, 0x6f, 0xfd,
    0xa0, 0x1f, 0xfc, 0x39, 0xff, 0xc2, 0x7f, 0xf9,
    0xc0, 0x3f, 0xf8, 0x67, 0xff, 0x98,

    /* U+00C1 "Á" */
    0x0, 0xff, 0xe2, 0x1c, 0x44, 0xc0, 0x1f, 0xfc,
    0x92, 0xff, 0xb8, 0x80, 0x3f, 0xf9, 0x3, 0xdf,
    0xed, 0x10, 0xf, 0xfe, 0x4e, 0x7f, 0xb0, 0x40,
    0x3f, 0xf9, 0x35, 0xfe, 0xb0, 0xf, 0xfe, 0x53,
    0xff, 0xa8, 0x3, 0xff, 0xfe, 0x1, 0xff, 0xd0,
    0x3f, 0xf9, 0xc0, 0x3f, 0xf9, 0x53, 0xff, 0x68,
    0x7, 0xff, 0x2b, 0xff, 0x90, 0x3, 0xff, 0x90,
    0xdf, 0xfd, 0x40, 0x1f, 0xfc, 0x8c, 0xff, 0xf0,
    0x80, 0x7f, 0xf1, 0x8f, 0xff, 0xe6, 0x0, 0xff,
    0xe3, 0x4f, 0xfd, 0x9f, 0xf6, 0x80, 0x7f, 0xf1,
    0xbb, 0xfe, 0x3e, 0xff, 0x8c, 0x3, 0xff, 0x88,
    0xbf, 0xf6, 0x84, 0x7f, 0xd2, 0x1, 0xff, 0xc4,
    0xcf, 0xf9, 0xc0, 0xbf, 0xf0, 0x7, 0xff, 0xc,
    0xbf, 0xf0, 0x80, 0x33, 0xfe, 0x60, 0xf, 0xfe,
    0x14, 0x7f, 0xd6, 0x1, 0x37, 0xfd, 0x80, 0x1f,
    0xfc, 0x2e, 0xff, 0x94, 0x2, 0x1f, 0xfc, 0x40,
    0x1f, 0xfc, 0x5, 0xff, 0xc0, 0x1d, 0x7f, 0xf4,
    0x0, 0x7f, 0xf0, 0x2f, 0xfe, 0x90, 0xe, 0x5f,
    0xfb, 0x80, 0x3f, 0xe1, 0xff, 0xc8, 0x1, 0xee,
    0xff, 0x94, 0x3, 0xfd, 0x1f, 0xf7, 0x0, 0x7d,
    0x3f, 0xf5, 0x80, 0x7f, 0xbb, 0xfe, 0x80, 0xf,
    0x8f, 0xff, 0x10, 0x7, 0xe4, 0xff, 0xc4, 0x1,
    0xfb, 0x7f, 0xe8, 0x0, 0xfd, 0x5f, 0xff, 0xfc,
    0x5e, 0x0, 0xf8, 0x7f, 0xff, 0xf8, 0xe8, 0x1,
    0xe7, 0xff, 0xff, 0xe3, 0xd8, 0x7, 0xb7, 0xff,
    0x6e, 0xff, 0xdf, 0xfc, 0x20, 0x19, 0x3f, 0xf2,
    0x80, 0x7f, 0xc3, 0xff, 0x9c, 0x3, 0x57, 0xfd,
    0xc0, 0x1f, 0xfc, 0x1a, 0xff, 0xb4, 0x2, 0x1f,
    0xfd, 0x20, 0x1f, 0xfc, 0x14, 0xff, 0xc8, 0x0,
    0x6f, 0xfc, 0x60, 0x1f, 0xfc, 0x2e, 0xff, 0xa8,
    0x1, 0xbf, 0xf6, 0x80, 0x7f, 0xf0, 0xe7, 0xff,
    0x9, 0xff, 0xe7, 0x0, 0xff, 0xe1, 0x9f, 0xfe,
    0x60,

    /* U+00C2 "Â" */
    0x0, 0xff, 0xe0, 0x90, 0x7, 0xff, 0x34, 0xfe,
    0x0, 0x3f, 0xf9, 0x67, 0xff, 0x38, 0x7, 0xff,
    0x24, 0xbb, 0xff, 0x30, 0x7, 0xff, 0x1c, 0x7b,
    0xfc, 0xdb, 0xfe, 0x50, 0xf, 0xfe, 0x28, 0xef,
    0xf9, 0x80, 0xbb, 0xfc, 0x80, 0x1f, 0xfc, 0x4c,
    0xff, 0x40, 0x4, 0x7f, 0xf1, 0x80, 0x7f, 0xf0,
    0x92, 0x20, 0xc0, 0x1c, 0x91, 0x6, 0x0, 0xff,
    0xfe, 0x1f, 0xfc, 0xe0, 0x1f, 0xfc, 0xa9, 0xff,
    0xb4, 0x3, 0xff, 0x95, 0xff, 0xc8, 0x1, 0xff,
    0xc8, 0x6f, 0xfe, 0xa0, 0xf, 0xfe, 0x46, 0x7f,
    0xf8, 0x40, 0x3f, 0xf8, 0xc7, 0xff, 0xf3, 0x0,
    0x7f, 0xf1, 0xa7, 0xfe, 0xcf, 0xfb, 0x40, 0x3f,
    0xf8, 0xdd, 0xff, 0x1f, 0x7f, 0xc6, 0x1, 0xff,
    0xc4, 0x5f, 0xfb, 0x42, 0x3f, 0xe9, 0x0, 0xff,
    0xe2, 0x67, 0xfc, 0xe0, 0x5f, 0xf8, 0x3, 0xff,
    0x86, 0x5f, 0xf8, 0x40, 0x19, 0xff, 0x30, 0x7,
    0xff, 0xa, 0x3f, 0xeb, 0x0, 0x9b, 0xfe, 0xc0,
    0xf, 0xfe, 0x17, 0x7f, 0xca, 0x1, 0xf, 0xfe,
    0x20, 0xf, 0xfe, 0x2, 0xff, 0xe0, 0xe, 0xbf,
    0xfa, 0x0, 0x3f, 0xf8, 0x17, 0xff, 0x48, 0x7,
    0x2f, 0xfd, 0xc0, 0x1f, 0xf0, 0xff, 0xe4, 0x0,
    0xf7, 0x7f, 0xca, 0x1, 0xfe, 0x8f, 0xfb, 0x80,
    0x3e, 0x9f, 0xfa, 0xc0, 0x3f, 0xdd, 0xff, 0x40,
    0x7, 0xc7, 0xff, 0x88, 0x3, 0xf2, 0x7f, 0xe2,
    0x0, 0xfd, 0xbf, 0xf4, 0x0, 0x7e, 0xaf, 0xff,
    0xfe, 0x2f, 0x0, 0x7c, 0x3f, 0xff, 0xfc, 0x74,
    0x0, 0xf3, 0xff, 0xff, 0xf1, 0xec, 0x3, 0xdb,
    0xff, 0xb7, 0x7f, 0xef, 0xfe, 0x10, 0xc, 0x9f,
    0xf9, 0x40, 0x3f, 0xe1, 0xff, 0xce, 0x1, 0xab,
    0xfe, 0xe0, 0xf, 0xfe, 0xd, 0x7f, 0xda, 0x1,
    0xf, 0xfe, 0x90, 0xf, 0xfe, 0xa, 0x7f, 0xe4,
    0x0, 0x37, 0xfe, 0x30, 0xf, 0xfe, 0x17, 0x7f,
    0xd4, 0x0, 0xdf, 0xfb, 0x40, 0x3f, 0xf8, 0x73,
    0xff, 0x84, 0xff, 0xf3, 0x80, 0x7f, 0xf0, 0xcf,
    0xff, 0x30,

    /* U+00C3 "Ã" */
    0x0, 0xff, 0x19, 0x80, 0x3c, 0x88, 0x20, 0xf,
    0xfe, 0x13, 0xff, 0xdc, 0x80, 0x10, 0xff, 0x9c,
    0x3, 0xff, 0x82, 0xdf, 0xfe, 0x60, 0x2, 0xff,
    0x90, 0x3, 0xff, 0x83, 0xdf, 0xa2, 0x7b, 0xfe,
    0x84, 0xdf, 0xf0, 0x7, 0xff, 0x4, 0xbf, 0xca,
    0x0, 0x1d, 0xff, 0xe6, 0x0, 0xff, 0xe0, 0x96,
    0x60, 0x80, 0x21, 0x9e, 0xfd, 0x60, 0xf, 0xff,
    0xe9, 0xff, 0xce, 0x1, 0xff, 0xca, 0x9f, 0xfb,
    0x40, 0x3f, 0xf9, 0x5f, 0xfc, 0x80, 0x1f, 0xfc,
    0x86, 0xff, 0xea, 0x0, 0xff, 0xe4, 0x67, 0xff,
    0x84, 0x3, 0xff, 0x8c, 0x7f, 0xff, 0x30, 0x7,
    0xff, 0x1a, 0x7f, 0xec, 0xff, 0xb4, 0x3, 0xff,
    0x8d, 0xdf, 0xf1, 0xf7, 0xfc, 0x60, 0x1f, 0xfc,
    0x45, 0xff, 0xb4, 0x23, 0xfe, 0x90, 0xf, 0xfe,
    0x26, 0x7f, 0xce, 0x5, 0xff, 0x80, 0x3f, 0xf8,
    0x65, 0xff, 0x84, 0x1, 0x9f, 0xf3, 0x0, 0x7f,
    0xf0, 0xa3, 0xfe, 0xb0, 0x9, 0xbf, 0xec, 0x0,
    0xff, 0xe1, 0x77, 0xfc, 0xa0, 0x10, 0xff, 0xe2,
    0x0, 0xff, 0xe0, 0x2f, 0xfe, 0x0, 0xeb, 0xff,
    0xa0, 0x3, 0xff, 0x81, 0x7f, 0xf4, 0x80, 0x72,
    0xff, 0xdc, 0x1, 0xff, 0xf, 0xfe, 0x40, 0xf,
    0x77, 0xfc, 0xa0, 0x1f, 0xe8, 0xff, 0xb8, 0x3,
    0xe9, 0xff, 0xac, 0x3, 0xfd, 0xdf, 0xf4, 0x0,
    0x7c, 0x7f, 0xf8, 0x80, 0x3f, 0x27, 0xfe, 0x20,
    0xf, 0xdb, 0xff, 0x40, 0x7, 0xea, 0xff, 0xff,
    0xe2, 0xf0, 0x7, 0xc3, 0xff, 0xff, 0xc7, 0x40,
    0xf, 0x3f, 0xff, 0xff, 0x1e, 0xc0, 0x3d, 0xbf,
    0xfb, 0x77, 0xfe, 0xff, 0xe1, 0x0, 0xc9, 0xff,
    0x94, 0x3, 0xfe, 0x1f, 0xfc, 0xe0, 0x1a, 0xbf,
    0xee, 0x0, 0xff, 0xe0, 0xd7, 0xfd, 0xa0, 0x10,
    0xff, 0xe9, 0x0, 0xff, 0xe0, 0xa7, 0xfe, 0x40,
    0x3, 0x7f, 0xe3, 0x0, 0xff, 0xe1, 0x77, 0xfd,
    0x40, 0xd, 0xff, 0xb4, 0x3, 0xff, 0x87, 0x3f,
    0xf8, 0x4f, 0xff, 0x38, 0x7, 0xff, 0xc, 0xff,
    0xf3, 0x0,

    /* U+00C4 "Ä" */
    0x0, 0xfa, 0xbf, 0xf0, 0x5, 0x7f, 0xf8, 0x3,
    0xff, 0x85, 0x5f, 0xf8, 0x2, 0xbf, 0xfc, 0x1,
    0xff, 0xc2, 0xaf, 0xfc, 0x1, 0x5f, 0xfe, 0x0,
    0xff, 0xe1, 0x57, 0xfe, 0x0, 0xaf, 0xff, 0x0,
    0x7f, 0xf0, 0xab, 0xff, 0x0, 0x57, 0xff, 0x80,
    0x3f, 0xff, 0xe0, 0x1f, 0xfe, 0x73, 0xff, 0x9c,
    0x3, 0xff, 0x95, 0x3f, 0xf6, 0x80, 0x7f, 0xf2,
    0xbf, 0xf9, 0x0, 0x3f, 0xf9, 0xd, 0xff, 0xd4,
    0x1, 0xff, 0xc8, 0xcf, 0xff, 0x8, 0x7, 0xff,
    0x18, 0xff, 0xfe, 0x60, 0xf, 0xfe, 0x34, 0xff,
    0xd9, 0xff, 0x68, 0x7, 0xff, 0x1b, 0xbf, 0xe3,
    0xef, 0xf8, 0xc0, 0x3f, 0xf8, 0x8b, 0xff, 0x68,
    0x47, 0xfd, 0x20, 0x1f, 0xfc, 0x4c, 0xff, 0x9c,
    0xb, 0xff, 0x0, 0x7f, 0xf0, 0xcb, 0xff, 0x8,
    0x3, 0x3f, 0xe6, 0x0, 0xff, 0xe1, 0x47, 0xfd,
    0x60, 0x13, 0x7f, 0xd8, 0x1, 0xff, 0xc2, 0xef,
    0xf9, 0x40, 0x21, 0xff, 0xc4, 0x1, 0xff, 0xc0,
    0x5f, 0xfc, 0x1, 0xd7, 0xff, 0x40, 0x7, 0xff,
    0x2, 0xff, 0xe9, 0x0, 0xe5, 0xff, 0xb8, 0x3,
    0xfe, 0x1f, 0xfc, 0x80, 0x1e, 0xef, 0xf9, 0x40,
    0x3f, 0xd1, 0xff, 0x70, 0x7, 0xd3, 0xff, 0x58,
    0x7, 0xfb, 0xbf, 0xe8, 0x0, 0xf8, 0xff, 0xf1,
    0x0, 0x7e, 0x4f, 0xfc, 0x40, 0x1f, 0xb7, 0xfe,
    0x80, 0xf, 0xd5, 0xff, 0xff, 0xc5, 0xe0, 0xf,
    0x87, 0xff, 0xff, 0x8e, 0x80, 0x1e, 0x7f, 0xff,
    0xfe, 0x3d, 0x80, 0x7b, 0x7f, 0xf6, 0xef, 0xfd,
    0xff, 0xc2, 0x1, 0x93, 0xff, 0x28, 0x7, 0xfc,
    0x3f, 0xf9, 0xc0, 0x35, 0x7f, 0xdc, 0x1, 0xff,
    0xc1, 0xaf, 0xfb, 0x40, 0x21, 0xff, 0xd2, 0x1,
    0xff, 0xc1, 0x4f, 0xfc, 0x80, 0x6, 0xff, 0xc6,
    0x1, 0xff, 0xc2, 0xef, 0xfa, 0x80, 0x1b, 0xff,
    0x68, 0x7, 0xff, 0xe, 0x7f, 0xf0, 0x9f, 0xfe,
    0x70, 0xf, 0xfe, 0x19, 0xff, 0xe6,

    /* U+00C5 "Å" */
    0x0, 0xff, 0x97, 0x3f, 0xa0, 0x3, 0xff, 0x93,
    0x1f, 0xfd, 0xa2, 0x1, 0xff, 0xc6, 0x4f, 0xf5,
    0x23, 0xff, 0xa4, 0x3, 0xff, 0x8d, 0x5f, 0x80,
    0x12, 0xff, 0x80, 0x3f, 0xf8, 0xd9, 0xf0, 0x1,
    0xf, 0xf8, 0x40, 0x3f, 0xf8, 0xb5, 0xf4, 0x1,
    0x27, 0xf8, 0x3, 0xff, 0x8c, 0xbf, 0xe6, 0x3,
    0xdf, 0xb0, 0xf, 0xfe, 0x3d, 0x7f, 0xf7, 0x10,
    0x7, 0xff, 0x23, 0xff, 0x88, 0x3, 0xff, 0x93,
    0xff, 0xc8, 0x1, 0xff, 0xc8, 0x6f, 0xfe, 0xa0,
    0xf, 0xfe, 0x46, 0x7f, 0xf8, 0x40, 0x3f, 0xf8,
    0xc7, 0xff, 0xf3, 0x0, 0x7f, 0xf1, 0xa7, 0xfe,
    0xcf, 0xfb, 0x40, 0x3f, 0xf8, 0xdd, 0xff, 0x1f,
    0x7f, 0xc6, 0x1, 0xff, 0xc4, 0x5f, 0xfb, 0x42,
    0x3f, 0xe9, 0x0, 0xff, 0xe2, 0x67, 0xfc, 0xe0,
    0x5f, 0xf8, 0x3, 0xff, 0x86, 0x5f, 0xf8, 0x40,
    0x19, 0xff, 0x30, 0x7, 0xff, 0xa, 0x3f, 0xeb,
    0x0, 0x9b, 0xfe, 0xc0, 0xf, 0xfe, 0x17, 0x7f,
    0xca, 0x1, 0xf, 0xfe, 0x20, 0xf, 0xfe, 0x2,
    0xff, 0xe0, 0xe, 0xbf, 0xfa, 0x0, 0x3f, 0xf8,
    0x17, 0xff, 0x48, 0x7, 0x2f, 0xfd, 0xc0, 0x1f,
    0xf0, 0xff, 0xe4, 0x0, 0xf7, 0x7f, 0xca, 0x1,
    0xfe, 0x8f, 0xfb, 0x80, 0x3e, 0x9f, 0xfa, 0xc0,
    0x3f, 0xdd, 0xff, 0x40, 0x7, 0xc7, 0xff, 0x88,
    0x3, 0xf2, 0x7f, 0xe2, 0x0, 0xfd, 0xbf, 0xf4,
    0x0, 0x7e, 0xaf, 0xff, 0xfe, 0x2f, 0x0, 0x7c,
    0x3f, 0xff, 0xfc, 0x74, 0x0, 0xf3, 0xff, 0xff,
    0xf1, 0xec, 0x3, 0xdb, 0xff, 0xb7, 0x7f, 0xef,
    0xfe, 0x10, 0xc, 0x9f, 0xf9, 0x40, 0x3f, 0xe1,
    0xff, 0xce, 0x1, 0xab, 0xfe, 0xe0, 0xf, 0xfe,
    0xd, 0x7f, 0xda, 0x1, 0xf, 0xfe, 0x90, 0xf,
    0xfe, 0xa, 0x7f, 0xe4, 0x0, 0x37, 0xfe, 0x30,
    0xf, 0xfe, 0x17, 0x7f, 0xd4, 0x0, 0xdf, 0xfb,
    0x40, 0x3f, 0xf8, 0x73, 0xff, 0x84, 0xff, 0xf3,
    0x80, 0x7f, 0xf0, 0xcf, 0xff, 0x30,

    /* U+00C6 "Æ" */
    0x0, 0xff, 0x8f, 0xff, 0xff, 0x98, 0x40, 0x1f,
    0xf4, 0xff, 0xff, 0xf3, 0x8, 0x3, 0xfe, 0xff,
    0xff, 0xe6, 0x90, 0x7, 0xf9, 0xbf, 0xee, 0xdd,
    0x7f, 0xed, 0xdf, 0xfe, 0x18, 0x80, 0x7f, 0xb3,
    0xfe, 0x50, 0x5f, 0xfc, 0x1, 0xff, 0xcd, 0x3f,
    0xfb, 0x80, 0xb, 0xff, 0x80, 0x3f, 0xf9, 0xb3,
    0xff, 0x48, 0x1, 0x7f, 0xf0, 0x7, 0xff, 0x37,
    0xbf, 0xe3, 0x0, 0x2f, 0xfe, 0x0, 0xff, 0xe6,
    0x2f, 0xfd, 0xa0, 0x12, 0xff, 0xe0, 0xf, 0xfe,
    0x66, 0x7f, 0xce, 0x1, 0x2f, 0xfe, 0x0, 0xff,
    0xe5, 0x97, 0xfe, 0x10, 0x9, 0x7f, 0xf0, 0x7,
    0xff, 0x2e, 0x3f, 0xeb, 0x0, 0xcb, 0xff, 0x80,
    0x3f, 0xf9, 0x7d, 0xff, 0x30, 0x6, 0x5f, 0xfd,
    0xbb, 0xff, 0xc1, 0x20, 0xf, 0xcb, 0xff, 0x80,
    0x39, 0x7f, 0xff, 0xf8, 0xa6, 0x1, 0xfa, 0xff,
    0xea, 0x0, 0xe5, 0xff, 0xff, 0xe2, 0x98, 0x7,
    0xc3, 0xff, 0x90, 0x3, 0x97, 0xff, 0xff, 0x8a,
    0x60, 0x1f, 0x47, 0xfd, 0xc0, 0x1e, 0x5f, 0xfc,
    0x1, 0xff, 0xc9, 0xef, 0xfa, 0x0, 0x3c, 0xbf,
    0xf8, 0x3, 0xff, 0x90, 0x9f, 0xf8, 0x80, 0x3c,
    0xbf, 0xf8, 0x3, 0xff, 0x91, 0x5f, 0xff, 0xfc,
    0x40, 0xf, 0xfe, 0x38, 0xff, 0xff, 0xf1, 0x40,
    0x3f, 0xf8, 0xef, 0xff, 0xff, 0xc5, 0x0, 0xff,
    0xe3, 0xef, 0xfe, 0xee, 0xfd, 0xff, 0xc0, 0x1f,
    0xfc, 0x64, 0xff, 0xca, 0x1, 0xf9, 0x7f, 0xf0,
    0x7, 0xff, 0x1a, 0xbf, 0xee, 0x0, 0xfe, 0x5f,
    0xfc, 0x1, 0xff, 0xc5, 0x1f, 0xfd, 0x20, 0x1f,
    0xcb, 0xff, 0xb7, 0x7f, 0xf8, 0x62, 0xd, 0xff,
    0x8c, 0x3, 0xf9, 0x7f, 0xff, 0xf8, 0xe4, 0x1b,
    0xff, 0x68, 0x7, 0xf9, 0x7f, 0xff, 0xf8, 0xe4,
    0x7f, 0xf9, 0xc0, 0x3f, 0xcb, 0xff, 0xff, 0xc7,
    0x20,

    /* U+00C7 "Ç" */
    0x0, 0xfe, 0x16, 0xad, 0xef, 0xf7, 0x5c, 0x18,
    0x7, 0xff, 0xc, 0xab, 0xff, 0xfe, 0xd5, 0x0,
    0xff, 0xe0, 0x3f, 0xff, 0xff, 0xe, 0xc4, 0x3,
    0xfa, 0xbf, 0xff, 0xf8, 0xbc, 0x40, 0x1f, 0x57,
    0xff, 0x74, 0x20, 0x8c, 0x6f, 0x9f, 0xfd, 0xc2,
    0x1, 0xcd, 0xff, 0xce, 0x1, 0xfc, 0x9d, 0xff,
    0xac, 0x3, 0xf, 0xff, 0x20, 0x7, 0xfc, 0x3b,
    0xff, 0x94, 0x2, 0x9f, 0xfc, 0xa0, 0x1f, 0xfc,
    0x11, 0xef, 0xfb, 0x0, 0x2f, 0xfd, 0x40, 0x1f,
    0xfc, 0x36, 0xff, 0x63, 0x80, 0x17, 0xff, 0x18,
    0x7, 0xff, 0x11, 0xc8, 0x3, 0x4f, 0xfd, 0xa0,
    0x1f, 0xfc, 0xbc, 0xff, 0xa0, 0x3, 0xff, 0x97,
    0xdf, 0xf3, 0x0, 0x7f, 0xf2, 0xff, 0xf2, 0x0,
    0x7f, 0xf2, 0xff, 0xf1, 0x80, 0x7f, 0xf2, 0xff,
    0xf2, 0x0, 0x7f, 0xf2, 0xff, 0xf2, 0x80, 0x7f,
    0xf2, 0xf7, 0xfe, 0x70, 0xf, 0xfe, 0x5d, 0xff,
    0xd4, 0x1, 0xff, 0xcb, 0x7f, 0xfc, 0x1, 0xff,
    0xcb, 0x2f, 0xfc, 0xc0, 0x1f, 0xfc, 0x32, 0xfa,
    0x50, 0xd, 0x9f, 0xf7, 0x8, 0x7, 0xff, 0xa,
    0xff, 0xee, 0x0, 0x97, 0xff, 0x58, 0x7, 0xff,
    0x5, 0xff, 0xf4, 0x0, 0x6b, 0xff, 0xd6, 0x20,
    0x1f, 0xe7, 0xff, 0xdc, 0x20, 0x18, 0xbb, 0xff,
    0x73, 0x8, 0x7, 0x93, 0x3f, 0xf9, 0x40, 0x3c,
    0x9f, 0xff, 0x65, 0x4c, 0xaf, 0xbf, 0xfc, 0xe0,
    0x1f, 0x8f, 0xbf, 0xff, 0xf8, 0x8c, 0x1, 0xfe,
    0x1a, 0xff, 0xff, 0xe0, 0xe1, 0x80, 0x7f, 0xf0,
    0x4e, 0x7b, 0xff, 0xf5, 0xa8, 0x7, 0xff, 0x18,
    0xbb, 0xfc, 0xec, 0x60, 0x1f, 0xfc, 0x93, 0xfe,
    0x0, 0xff, 0xe6, 0xef, 0xfb, 0xa0, 0x40, 0x3f,
    0xf9, 0x24, 0xf3, 0x9f, 0xee, 0x10, 0xf, 0xfe,
    0x61, 0xff, 0x9c, 0x3, 0xff, 0x9b, 0xdf, 0x20,
    0x1f, 0xfc, 0x8b, 0x82, 0x17, 0xff, 0x30, 0x7,
    0xff, 0x1d, 0xbf, 0xfd, 0x80, 0x1f, 0xfc, 0x96,
    0xbe, 0xfd, 0x70, 0xf, 0xfe, 0x0,

    /* U+00C8 "È" */
    0x0, 0xb, 0xc4, 0x42, 0x1, 0xff, 0xc3, 0x5f,
    0xfb, 0x0, 0x3f, 0xf8, 0x8b, 0xff, 0x48, 0x7,
    0xff, 0x11, 0x3f, 0xe6, 0x0, 0xff, 0xe2, 0x27,
    0xfc, 0x60, 0x1f, 0xfc, 0x44, 0xff, 0x70, 0x80,
    0x7f, 0xfe, 0x37, 0xff, 0xff, 0x8d, 0x1b, 0xff,
    0xff, 0xc6, 0x8d, 0xff, 0xff, 0xe3, 0x46, 0xff,
    0xdd, 0xbb, 0xff, 0xc2, 0x6d, 0xff, 0x9c, 0x3,
    0xff, 0x87, 0xbf, 0xf3, 0x80, 0x7f, 0xf0, 0xf7,
    0xfe, 0x70, 0xf, 0xfe, 0x1e, 0xff, 0xce, 0x1,
    0xff, 0xc3, 0xdf, 0xf9, 0xc0, 0x3f, 0xf8, 0x7b,
    0xff, 0x38, 0x7, 0xff, 0xf, 0x7f, 0xe7, 0x0,
    0xff, 0xe1, 0xef, 0xfc, 0xe0, 0x1f, 0xfc, 0x3d,
    0xff, 0xbb, 0x77, 0xff, 0x82, 0x61, 0xbf, 0xff,
    0xfc, 0x54, 0xd, 0xff, 0xff, 0xe2, 0xa0, 0x6f,
    0xff, 0xff, 0x15, 0x3, 0x7f, 0xe7, 0x0, 0xff,
    0xe1, 0xef, 0xfc, 0xe0, 0x1f, 0xfc, 0x3d, 0xff,
    0x9c, 0x3, 0xff, 0x87, 0xbf, 0xf3, 0x80, 0x7f,
    0xf0, 0xf7, 0xfe, 0x70, 0xf, 0xfe, 0x1e, 0xff,
    0xce, 0x1, 0xff, 0xc3, 0xdf, 0xf9, 0xc0, 0x3f,
    0xf8, 0x7b, 0xff, 0x38, 0x7, 0xff, 0xf, 0x7f,
    0xe7, 0x0, 0xff, 0xe1, 0xef, 0xfd, 0xdb, 0xbf,
    0xfc, 0x26, 0xdf, 0xff, 0xfe, 0x34, 0x6f, 0xff,
    0xff, 0x1a, 0x37, 0xff, 0xff, 0x8d, 0x0,

    /* U+00C9 "É" */
    0x0, 0xff, 0xe0, 0x14, 0x44, 0xe0, 0x1f, 0xfc,
    0x21, 0xdf, 0xf9, 0x0, 0x3f, 0xf8, 0x57, 0xfe,
    0xe3, 0x0, 0xff, 0xe1, 0x4f, 0xfb, 0x88, 0x3,
    0xff, 0x84, 0xff, 0xed, 0x20, 0xf, 0xfe, 0x12,
    0x7f, 0xb0, 0x40, 0x3f, 0xfe, 0xfb, 0xff, 0xff,
    0xc6, 0x8d, 0xff, 0xff, 0xe3, 0x46, 0xff, 0xff,
    0xf1, 0xa3, 0x7f, 0xee, 0xdd, 0xff, 0xe1, 0x36,
    0xff, 0xce, 0x1, 0xff, 0xc3, 0xdf, 0xf9, 0xc0,
    0x3f, 0xf8, 0x7b, 0xff, 0x38, 0x7, 0xff, 0xf,
    0x7f, 0xe7, 0x0, 0xff, 0xe1, 0xef, 0xfc, 0xe0,
    0x1f, 0xfc, 0x3d, 0xff, 0x9c, 0x3, 0xff, 0x87,
    0xbf, 0xf3, 0x80, 0x7f, 0xf0, 0xf7, 0xfe, 0x70,
    0xf, 0xfe, 0x1e, 0xff, 0xdd, 0xbb, 0xff, 0xc1,
    0x30, 0xdf, 0xff, 0xfe, 0x2a, 0x6, 0xff, 0xff,
    0xf1, 0x50, 0x37, 0xff, 0xff, 0x8a, 0x81, 0xbf,
    0xf3, 0x80, 0x7f, 0xf0, 0xf7, 0xfe, 0x70, 0xf,
    0xfe, 0x1e, 0xff, 0xce, 0x1, 0xff, 0xc3, 0xdf,
    0xf9, 0xc0, 0x3f, 0xf8, 0x7b, 0xff, 0x38, 0x7,
    0xff, 0xf, 0x7f, 0xe7, 0x0, 0xff, 0xe1, 0xef,
    0xfc, 0xe0, 0x1f, 0xfc, 0x3d, 0xff, 0x9c, 0x3,
    0xff, 0x87, 0xbf, 0xf3, 0x80, 0x7f, 0xf0, 0xf7,
    0xfe, 0xed, 0xdf, 0xfe, 0x13, 0x6f, 0xff, 0xff,
    0x1a, 0x37, 0xff, 0xff, 0x8d, 0x1b, 0xff, 0xff,
    0xc6, 0x80,

    /* U+00CA "Ê" */
    0x0, 0xfe, 0x20, 0xf, 0xfe, 0x30, 0xf5, 0x80,
    0x7f, 0xf1, 0x7, 0x7f, 0xd4, 0x1, 0xff, 0xc3,
    0xcf, 0xfd, 0x20, 0x1f, 0xfc, 0x1c, 0xff, 0x45,
    0xff, 0xa0, 0x3, 0xfe, 0xbf, 0xf4, 0x80, 0x37,
    0xfc, 0xc0, 0x1f, 0xd5, 0xfe, 0xb0, 0x8, 0x7b,
    0xfc, 0xa0, 0x1f, 0x14, 0x41, 0xc0, 0x38, 0xa2,
    0xe, 0x1, 0xff, 0xe0, 0xdf, 0xff, 0xfe, 0x34,
    0x6f, 0xff, 0xff, 0x1a, 0x37, 0xff, 0xff, 0x8d,
    0x1b, 0xff, 0x76, 0xef, 0xff, 0x9, 0xb7, 0xfe,
    0x70, 0xf, 0xfe, 0x1e, 0xff, 0xce, 0x1, 0xff,
    0xc3, 0xdf, 0xf9, 0xc0, 0x3f, 0xf8, 0x7b, 0xff,
    0x38, 0x7, 0xff, 0xf, 0x7f, 0xe7, 0x0, 0xff,
    0xe1, 0xef, 0xfc, 0xe0, 0x1f, 0xfc, 0x3d, 0xff,
    0x9c, 0x3, 0xff, 0x87, 0xbf, 0xf3, 0x80, 0x7f,
    0xf0, 0xf7, 0xfe, 0xed, 0xdf, 0xfe, 0x9, 0x86,
    0xff, 0xff, 0xf1, 0x50, 0x37, 0xff, 0xff, 0x8a,
    0x81, 0xbf, 0xff, 0xfc, 0x54, 0xd, 0xff, 0x9c,
    0x3, 0xff, 0x87, 0xbf, 0xf3, 0x80, 0x7f, 0xf0,
    0xf7, 0xfe, 0x70, 0xf, 0xfe, 0x1e, 0xff, 0xce,
    0x1, 0xff, 0xc3, 0xdf, 0xf9, 0xc0, 0x3f, 0xf8,
    0x7b, 0xff, 0x38, 0x7, 0xff, 0xf, 0x7f, 0xe7,
    0x0, 0xff, 0xe1, 0xef, 0xfc, 0xe0, 0x1f, 0xfc,
    0x3d, 0xff, 0x9c, 0x3, 0xff, 0x87, 0xbf, 0xf7,
    0x6e, 0xff, 0xf0, 0x9b, 0x7f, 0xff, 0xf8, 0xd1,
    0xbf, 0xff, 0xfc, 0x68, 0xdf, 0xff, 0xfe, 0x34,
    0x0,

    /* U+00CB "Ë" */
    0x0, 0x9f, 0xff, 0x18, 0x2, 0x3f, 0xf1, 0x0,
    0x79, 0xff, 0xf1, 0x80, 0x23, 0xff, 0x10, 0x7,
    0x9f, 0xff, 0x18, 0x2, 0x3f, 0xf1, 0x0, 0x79,
    0xff, 0xf1, 0x80, 0x23, 0xff, 0x10, 0x7, 0x9f,
    0xff, 0x18, 0x2, 0x3f, 0xf1, 0x0, 0x7f, 0xff,
    0xc0, 0x3f, 0x6f, 0xff, 0xff, 0x1a, 0x37, 0xff,
    0xff, 0x8d, 0x1b, 0xff, 0xff, 0xc6, 0x8d, 0xff,
    0xbb, 0x77, 0xff, 0x84, 0xdb, 0xff, 0x38, 0x7,
    0xff, 0xf, 0x7f, 0xe7, 0x0, 0xff, 0xe1, 0xef,
    0xfc, 0xe0, 0x1f, 0xfc, 0x3d, 0xff, 0x9c, 0x3,
    0xff, 0x87, 0xbf, 0xf3, 0x80, 0x7f, 0xf0, 0xf7,
    0xfe, 0x70, 0xf, 0xfe, 0x1e, 0xff, 0xce, 0x1,
    0xff, 0xc3, 0xdf, 0xf9, 0xc0, 0x3f, 0xf8, 0x7b,
    0xff, 0x76, 0xef, 0xff, 0x4, 0xc3, 0x7f, 0xff,
    0xf8, 0xa8, 0x1b, 0xff, 0xff, 0xc5, 0x40, 0xdf,
    0xff, 0xfe, 0x2a, 0x6, 0xff, 0xce, 0x1, 0xff,
    0xc3, 0xdf, 0xf9, 0xc0, 0x3f, 0xf8, 0x7b, 0xff,
    0x38, 0x7, 0xff, 0xf, 0x7f, 0xe7, 0x0, 0xff,
    0xe1, 0xef, 0xfc, 0xe0, 0x1f, 0xfc, 0x3d, 0xff,
    0x9c, 0x3, 0xff, 0x87, 0xbf, 0xf3, 0x80, 0x7f,
    0xf0, 0xf7, 0xfe, 0x70, 0xf, 0xfe, 0x1e, 0xff,
    0xce, 0x1, 0xff, 0xc3, 0xdf, 0xfb, 0xb7, 0x7f,
    0xf8, 0x4d, 0xbf, 0xff, 0xfc, 0x68, 0xdf, 0xff,
    0xfe, 0x34, 0x6f, 0xff, 0xff, 0x1a, 0x0,

    /* U+00CC "Ì" */
    0x58, 0x89, 0x40, 0x38, 0x73, 0xfe, 0x40, 0xf,
    0x67, 0xfb, 0x88, 0x3, 0xd9, 0xfe, 0xd0, 0xf,
    0xaf, 0xfd, 0x40, 0x1f, 0x5f, 0xf9, 0xc0, 0x3f,
    0xfb, 0x1b, 0xff, 0x38, 0x7, 0x6f, 0xfc, 0xe0,
    0x1d, 0xbf, 0xf3, 0x80, 0x76, 0xff, 0xce, 0x1,
    0xdb, 0xff, 0x38, 0x7, 0x6f, 0xfc, 0xe0, 0x1d,
    0xbf, 0xf3, 0x80, 0x76, 0xff, 0xce, 0x1, 0xdb,
    0xff, 0x38, 0x7, 0x6f, 0xfc, 0xe0, 0x1d, 0xbf,
    0xf3, 0x80, 0x76, 0xff, 0xce, 0x1, 0xdb, 0xff,
    0x38, 0x7, 0x6f, 0xfc, 0xe0, 0x1d, 0xbf, 0xf3,
    0x80, 0x76, 0xff, 0xce, 0x1, 0xdb, 0xff, 0x38,
    0x7, 0x6f, 0xfc, 0xe0, 0x1d, 0xbf, 0xf3, 0x80,
    0x76, 0xff, 0xce, 0x1, 0xdb, 0xff, 0x38, 0x7,
    0x6f, 0xfc, 0xe0, 0x1d, 0xbf, 0xf3, 0x80, 0x76,
    0xff, 0xce, 0x1, 0xdb, 0xff, 0x38, 0x7, 0x6f,
    0xfc, 0xe0, 0x1d, 0xbf, 0xf3, 0x80, 0x76, 0xff,
    0xce, 0x1, 0xdb, 0xff, 0x38,

    /* U+00CD "Í" */
    0x0, 0xe6, 0x88, 0x90, 0x3, 0x37, 0xfd, 0x60,
    0x19, 0x3f, 0xea, 0x0, 0xc5, 0xff, 0x40, 0x6,
    0x1d, 0xff, 0x38, 0x7, 0x67, 0xf9, 0x80, 0x3f,
    0xfa, 0xfb, 0xff, 0x38, 0x7, 0x6f, 0xfc, 0xe0,
    0x1d, 0xbf, 0xf3, 0x80, 0x76, 0xff, 0xce, 0x1,
    0xdb, 0xff, 0x38, 0x7, 0x6f, 0xfc, 0xe0, 0x1d,
    0xbf, 0xf3, 0x80, 0x76, 0xff, 0xce, 0x1, 0xdb,
    0xff, 0x38, 0x7, 0x6f, 0xfc, 0xe0, 0x1d, 0xbf,
    0xf3, 0x80, 0x76, 0xff, 0xce, 0x1, 0xdb, 0xff,
    0x38, 0x7, 0x6f, 0xfc, 0xe0, 0x1d, 0xbf, 0xf3,
    0x80, 0x76, 0xff, 0xce, 0x1, 0xdb, 0xff, 0x38,
    0x7, 0x6f, 0xfc, 0xe0, 0x1d, 0xbf, 0xf3, 0x80,
    0x76, 0xff, 0xce, 0x1, 0xdb, 0xff, 0x38, 0x7,
    0x6f, 0xfc, 0xe0, 0x1d, 0xbf, 0xf3, 0x80, 0x76,
    0xff, 0xce, 0x1, 0xdb, 0xff, 0x38, 0x7, 0x6f,
    0xfc, 0xe0, 0x1d, 0xbf, 0xf3, 0x80, 0x76, 0xff,
    0xce, 0x1, 0xdb, 0xff, 0x38, 0x7, 0x0,

    /* U+00CE "Î" */
    0x0, 0xf8, 0x80, 0x3f, 0xf8, 0x11, 0xe6, 0x1,
    0xfe, 0x7f, 0xf8, 0x80, 0x3f, 0x37, 0xfe, 0xe2,
    0x0, 0xf2, 0xff, 0xb5, 0xbf, 0xda, 0x20, 0x19,
    0x3f, 0xdc, 0x40, 0xdf, 0xed, 0x10, 0x1, 0xff,
    0xc6, 0x1, 0x3f, 0xfb, 0x0, 0xd, 0x10, 0x30,
    0xe, 0x68, 0x82, 0x0, 0x7f, 0xf5, 0x77, 0xfe,
    0x70, 0xf, 0xed, 0xff, 0x9c, 0x3, 0xfb, 0x7f,
    0xe7, 0x0, 0xfe, 0xdf, 0xf9, 0xc0, 0x3f, 0xb7,
    0xfe, 0x70, 0xf, 0xed, 0xff, 0x9c, 0x3, 0xfb,
    0x7f, 0xe7, 0x0, 0xfe, 0xdf, 0xf9, 0xc0, 0x3f,
    0xb7, 0xfe, 0x70, 0xf, 0xed, 0xff, 0x9c, 0x3,
    0xfb, 0x7f, 0xe7, 0x0, 0xfe, 0xdf, 0xf9, 0xc0,
    0x3f, 0xb7, 0xfe, 0x70, 0xf, 0xed, 0xff, 0x9c,
    0x3, 0xfb, 0x7f, 0xe7, 0x0, 0xfe, 0xdf, 0xf9,
    0xc0, 0x3f, 0xb7, 0xfe, 0x70, 0xf, 0xed, 0xff,
    0x9c, 0x3, 0xfb, 0x7f, 0xe7, 0x0, 0xfe, 0xdf,
    0xf9, 0xc0, 0x3f, 0xb7, 0xfe, 0x70, 0xf, 0xed,
    0xff, 0x9c, 0x3, 0xfb, 0x7f, 0xe7, 0x0, 0xfe,
    0xdf, 0xf9, 0xc0, 0x3f, 0xb7, 0xfe, 0x70, 0xf,
    0xed, 0xff, 0x9c, 0x3, 0xfb, 0x7f, 0xe7, 0x0,
    0xfe, 0xdf, 0xf9, 0xc0, 0x3f, 0xb7, 0xfe, 0x70,
    0xc,

    /* U+00CF "Ï" */
    0xff, 0xd6, 0x1, 0x7f, 0xea, 0xff, 0xd6, 0x1,
    0x7f, 0xea, 0xff, 0xd6, 0x1, 0x7f, 0xea, 0xff,
    0xd6, 0x1, 0x7f, 0xea, 0xff, 0xd6, 0x1, 0x7f,
    0xea, 0x0, 0xff, 0xf6, 0x6f, 0xfc, 0xe0, 0x1f,
    0xb7, 0xfe, 0x70, 0xf, 0xdb, 0xff, 0x38, 0x7,
    0xed, 0xff, 0x9c, 0x3, 0xf6, 0xff, 0xce, 0x1,
    0xfb, 0x7f, 0xe7, 0x0, 0xfd, 0xbf, 0xf3, 0x80,
    0x7e, 0xdf, 0xf9, 0xc0, 0x3f, 0x6f, 0xfc, 0xe0,
    0x1f, 0xb7, 0xfe, 0x70, 0xf, 0xdb, 0xff, 0x38,
    0x7, 0xed, 0xff, 0x9c, 0x3, 0xf6, 0xff, 0xce,
    0x1, 0xfb, 0x7f, 0xe7, 0x0, 0xfd, 0xbf, 0xf3,
    0x80, 0x7e, 0xdf, 0xf9, 0xc0, 0x3f, 0x6f, 0xfc,
    0xe0, 0x1f, 0xb7, 0xfe, 0x70, 0xf, 0xdb, 0xff,
    0x38, 0x7, 0xed, 0xff, 0x9c, 0x3, 0xf6, 0xff,
    0xce, 0x1, 0xfb, 0x7f, 0xe7, 0x0, 0xfd, 0xbf,
    0xf3, 0x80, 0x7e, 0xdf, 0xf9, 0xc0, 0x3f, 0x6f,
    0xfc, 0xe0, 0x1f, 0xb7, 0xfe, 0x70, 0xf, 0xdb,
    0xff, 0x38, 0x7, 0xed, 0xff, 0x9c, 0x3, 0xf6,
    0xff, 0xce, 0x1, 0x80,

    /* U+00D0 "Ð" */
    0x0, 0xb7, 0xff, 0xf7, 0x6e, 0x4a, 0x88, 0x7,
    0xff, 0x3, 0x7f, 0xff, 0xf8, 0x56, 0x60, 0x1f,
    0xed, 0xff, 0xff, 0xe2, 0x58, 0x80, 0x7e, 0xdf,
    0xff, 0xfe, 0x2f, 0x18, 0x7, 0xdb, 0xff, 0x38,
    0x7, 0x9, 0xbe, 0x7f, 0xf8, 0x80, 0x3d, 0xbf,
    0xf3, 0x80, 0x7f, 0x16, 0x7f, 0xed, 0x10, 0xe,
    0xdf, 0xf9, 0xc0, 0x3f, 0xe9, 0xff, 0xd2, 0x1,
    0xdb, 0xff, 0x38, 0x7, 0xff, 0x2, 0xff, 0xf0,
    0x80, 0x6d, 0xff, 0x9c, 0x3, 0xff, 0x80, 0x3f,
    0xfa, 0x0, 0x36, 0xff, 0xce, 0x1, 0xff, 0xc1,
    0x9f, 0xfb, 0x0, 0x36, 0xff, 0xce, 0x1, 0xff,
    0xc1, 0x4f, 0xfc, 0x20, 0x16, 0xff, 0xce, 0x1,
    0xff, 0xc2, 0xff, 0xc8, 0x1, 0x6f, 0xfc, 0xe0,
    0x1f, 0xfc, 0x2e, 0xff, 0x9b, 0x7f, 0xff, 0xec,
    0x0, 0xfe, 0xdf, 0xf9, 0xf7, 0xff, 0xfe, 0xc0,
    0xf, 0xec, 0xff, 0xa2, 0xb3, 0x1f, 0xfd, 0x99,
    0xa4, 0x3, 0xfb, 0x7f, 0xe7, 0x0, 0xb7, 0xfe,
    0x70, 0xf, 0xfe, 0x17, 0x7f, 0xcc, 0x1, 0x6f,
    0xfc, 0xe0, 0x1f, 0xfc, 0x2f, 0xfc, 0xa0, 0x16,
    0xff, 0xce, 0x1, 0xff, 0xc1, 0x3f, 0xfc, 0x40,
    0x16, 0xff, 0xce, 0x1, 0xff, 0xc1, 0x8f, 0xfb,
    0x80, 0x36, 0xff, 0xce, 0x1, 0xff, 0xc1, 0xff,
    0xd4, 0x1, 0xb7, 0xfe, 0x70, 0xf, 0xfe, 0x4,
    0xff, 0xe3, 0x0, 0xdb, 0xff, 0x38, 0x7, 0xfd,
    0x1f, 0xfa, 0xc0, 0x3b, 0x7f, 0xe7, 0x0, 0xfe,
    0x2b, 0xff, 0xe2, 0x0, 0xed, 0xff, 0x9c, 0x3,
    0x84, 0xde, 0xff, 0xfc, 0xa0, 0x1e, 0xdf, 0xff,
    0xfe, 0x33, 0x0, 0x7d, 0xbf, 0xff, 0xfc, 0x4d,
    0x20, 0xf, 0xdb, 0xff, 0xff, 0xc2, 0xc5, 0x0,
    0xff, 0x6f, 0xff, 0xee, 0xdc, 0x96, 0x20, 0xf,
    0xe0,

    /* U+00D1 "Ñ" */
    0x0, 0xf8, 0x90, 0x80, 0x38, 0x91, 0x0, 0x1f,
    0xe2, 0xdf, 0xfa, 0x84, 0x2, 0x9f, 0xf0, 0x7,
    0xfb, 0x7f, 0xfb, 0x4, 0x1, 0xbf, 0x80, 0x1f,
    0xcd, 0xfe, 0x60, 0x8f, 0xf6, 0xa4, 0x7f, 0xa0,
    0x3, 0xfa, 0xbf, 0x40, 0x27, 0xff, 0xee, 0x10,
    0xf, 0xe8, 0xc8, 0x0, 0xc9, 0x9f, 0xea, 0x10,
    0xf, 0xff, 0x46, 0xff, 0xda, 0x1, 0xff, 0xc1,
    0xdf, 0xf9, 0xb7, 0xff, 0x40, 0x7, 0xff, 0x3,
    0x7f, 0xe6, 0xdf, 0xfe, 0x20, 0xf, 0xfb, 0x7f,
    0xe6, 0xdf, 0xfe, 0xc0, 0xf, 0xfb, 0x7f, 0xe6,
    0xdf, 0xff, 0x30, 0x7, 0xfb, 0x7f, 0xe6, 0xdf,
    0xff, 0x70, 0x80, 0x7f, 0x6f, 0xfc, 0xdb, 0xff,
    0xf4, 0x80, 0x7f, 0x6f, 0xfc, 0xdb, 0xff, 0x57,
    0xfe, 0x30, 0xf, 0xdb, 0xff, 0x36, 0xff, 0xcf,
    0x5f, 0xf6, 0x80, 0x7e, 0xdf, 0xf9, 0xb7, 0xfe,
    0x71, 0xef, 0xf9, 0xc0, 0x3e, 0xdf, 0xf9, 0xb7,
    0xfe, 0x70, 0x6f, 0xfc, 0x20, 0x1e, 0xdf, 0xf9,
    0xb7, 0xfe, 0x70, 0x6, 0x7f, 0xd6, 0x1, 0xed,
    0xff, 0x9b, 0x7f, 0xe7, 0x0, 0x1f, 0xfe, 0x40,
    0xe, 0xdf, 0xf9, 0xb7, 0xfe, 0x70, 0xa, 0x7f,
    0xee, 0x0, 0xed, 0xff, 0x9b, 0x7f, 0xe7, 0x0,
    0x87, 0xbf, 0xe8, 0x0, 0xdb, 0xff, 0x36, 0xff,
    0xce, 0x1, 0x97, 0xff, 0x10, 0x5, 0xbf, 0xf3,
    0x6f, 0xfc, 0xe0, 0x1d, 0x9f, 0xf6, 0x0, 0x5b,
    0xff, 0x36, 0xff, 0xce, 0x1, 0xc5, 0xff, 0x98,
    0x1, 0xbf, 0xf3, 0x6f, 0xfc, 0xe0, 0x1e, 0x8f,
    0xfb, 0x84, 0x37, 0xfe, 0x6d, 0xff, 0x9c, 0x3,
    0xee, 0xff, 0xa4, 0x37, 0xfe, 0x6d, 0xff, 0x9c,
    0x3, 0xe5, 0xff, 0xc7, 0xbf, 0xf3, 0x6f, 0xfc,
    0xe0, 0x1f, 0xaf, 0xfe, 0xdd, 0x7f, 0xcd, 0xbf,
    0xf3, 0x80, 0x7e, 0x2f, 0xff, 0xcd, 0xbf, 0xf3,
    0x80, 0x7f, 0x3f, 0xff, 0xcd, 0xbf, 0xf3, 0x80,
    0x7f, 0xb7, 0xff, 0xcd, 0xbf, 0xf3, 0x80, 0x7f,
    0x93, 0xff, 0xcd, 0xbf, 0xf3, 0x80, 0x7f, 0xd5,
    0xff, 0xcd, 0xbf, 0xf3, 0x80, 0x7f, 0xc3, 0xff,
    0xcd, 0xbf, 0xf3, 0x80, 0x7f, 0xf0, 0x1b, 0xff,
    0x30,

    /* U+00D2 "Ò" */
    0x0, 0xf8, 0xbb, 0xfe, 0x30, 0xf, 0xfe, 0x61,
    0xff, 0xda, 0x1, 0xff, 0xcd, 0x3f, 0xfa, 0x80,
    0x3f, 0xf9, 0xa9, 0xff, 0x28, 0x7, 0xff, 0x35,
    0x7f, 0xe2, 0x0, 0xff, 0xe6, 0xaf, 0xfb, 0x0,
    0x3f, 0xff, 0xe0, 0x1f, 0xfd, 0x61, 0x6a, 0xde,
    0xff, 0x75, 0xc1, 0x80, 0x7f, 0xf1, 0xa, 0xbf,
    0xff, 0xed, 0x50, 0xf, 0xfe, 0xb, 0xff, 0xff,
    0xf0, 0xec, 0x40, 0x3f, 0xd5, 0xff, 0xff, 0xc5,
    0xe2, 0x0, 0xfd, 0x5f, 0xfd, 0xd0, 0x82, 0x31,
    0xb6, 0x7f, 0xf7, 0x8, 0x7, 0x9b, 0xff, 0x9c,
    0x3, 0xf9, 0x3b, 0xff, 0x60, 0x7, 0xf, 0xff,
    0x18, 0x7, 0xfc, 0x3b, 0xff, 0x98, 0x3, 0x4f,
    0xfe, 0x50, 0xf, 0xfe, 0x8, 0xf7, 0xfd, 0xc0,
    0x1b, 0xff, 0x50, 0x7, 0xff, 0xd, 0xbf, 0xf2,
    0x80, 0x17, 0xff, 0x18, 0x7, 0xff, 0x13, 0xbf,
    0xeb, 0x0, 0x4f, 0xfd, 0xa0, 0x1f, 0xfc, 0x58,
    0xff, 0xc0, 0xc, 0xff, 0xa0, 0x3, 0xff, 0x8a,
    0x7f, 0xf8, 0x83, 0xbf, 0xe6, 0x0, 0xff, 0xe2,
    0x8f, 0xfe, 0x40, 0xff, 0xc8, 0x1, 0xff, 0xc6,
    0xff, 0xca, 0x1f, 0xf8, 0xc0, 0x3f, 0xf8, 0xdd,
    0xff, 0x30, 0x7f, 0xe4, 0x0, 0xff, 0xe3, 0x77,
    0xfc, 0xc1, 0xff, 0x94, 0x3, 0xff, 0x8d, 0xff,
    0x94, 0x37, 0xfe, 0x70, 0xf, 0xfe, 0x29, 0x7f,
    0xe3, 0xb, 0xff, 0xa8, 0x3, 0xff, 0x8a, 0xdf,
    0xf8, 0x41, 0xff, 0xf0, 0x7, 0xff, 0x16, 0xff,
    0xed, 0x0, 0x17, 0xfe, 0x60, 0xf, 0xfe, 0x19,
    0x7f, 0xe8, 0x0, 0xb3, 0xfe, 0xe1, 0x0, 0xff,
    0xe1, 0x5f, 0xfe, 0x20, 0x9, 0x7f, 0xf5, 0x80,
    0x7f, 0xf0, 0x5f, 0xff, 0x50, 0x7, 0x5f, 0xfe,
    0xb1, 0x0, 0xff, 0x47, 0xff, 0x8, 0x7, 0x17,
    0x7f, 0xee, 0x60, 0xf, 0x93, 0x3f, 0xf9, 0x80,
    0x3e, 0x4f, 0xff, 0xb2, 0xa6, 0x57, 0xdf, 0xfe,
    0x80, 0xf, 0xe3, 0xef, 0xff, 0xfe, 0x23, 0x80,
    0x7f, 0xc3, 0x5f, 0xff, 0xfc, 0x1d, 0x30, 0xf,
    0xfe, 0x11, 0xcf, 0x7f, 0xfe, 0xb5, 0x0, 0xff,
    0xe3, 0x92, 0xbb, 0xcc, 0x60, 0x1f, 0xf0,

    /* U+00D3 "Ó" */
    0x0, 0xff, 0xe2, 0xd7, 0xfd, 0x40, 0x1f, 0xfc,
    0xb6, 0xff, 0xa8, 0x3, 0xff, 0x96, 0x7f, 0xf5,
    0x0, 0x7f, 0xf2, 0xc7, 0xbf, 0xd4, 0x1, 0xff,
    0xcc, 0xbf, 0xf5, 0x0, 0x7f, 0xf3, 0x23, 0xfd,
    0x40, 0x1f, 0xff, 0xf0, 0xf, 0xfe, 0xa8, 0xb5,
    0x6f, 0x7f, 0xba, 0xe0, 0xc0, 0x3f, 0xf8, 0x85,
    0x5f, 0xff, 0xf6, 0xa8, 0x7, 0xff, 0x5, 0xff,
    0xff, 0xf8, 0x76, 0x20, 0x1f, 0xea, 0xff, 0xff,
    0xe2, 0xf1, 0x0, 0x7e, 0xaf, 0xfe, 0xe8, 0x41,
    0x18, 0xdb, 0x3f, 0xfb, 0x84, 0x3, 0xcd, 0xff,
    0xce, 0x1, 0xfc, 0x9d, 0xff, 0xb0, 0x3, 0x87,
    0xff, 0x8c, 0x3, 0xfe, 0x1d, 0xff, 0xcc, 0x1,
    0xa7, 0xff, 0x28, 0x7, 0xff, 0x4, 0x7b, 0xfe,
    0xe0, 0xd, 0xff, 0xa8, 0x3, 0xff, 0x86, 0xdf,
    0xf9, 0x40, 0xb, 0xff, 0x8c, 0x3, 0xff, 0x89,
    0xdf, 0xf5, 0x80, 0x27, 0xfe, 0xd0, 0xf, 0xfe,
    0x2c, 0x7f, 0xe0, 0x6, 0x7f, 0xd0, 0x1, 0xff,
    0xc5, 0x3f, 0xfc, 0x41, 0xdf, 0xf3, 0x0, 0x7f,
    0xf1, 0x47, 0xff, 0x20, 0x7f, 0xe4, 0x0, 0xff,
    0xe3, 0x7f, 0xe5, 0xf, 0xfc, 0x60, 0x1f, 0xfc,
    0x6e, 0xff, 0x98, 0x3f, 0xf2, 0x0, 0x7f, 0xf1,
    0xbb, 0xfe, 0x60, 0xff, 0xca, 0x1, 0xff, 0xc6,
    0xff, 0xca, 0x1b, 0xff, 0x38, 0x7, 0xff, 0x14,
    0xbf, 0xf1, 0x85, 0xff, 0xd4, 0x1, 0xff, 0xc5,
    0x6f, 0xfc, 0x20, 0xff, 0xf8, 0x3, 0xff, 0x8b,
    0x7f, 0xf6, 0x80, 0xb, 0xff, 0x30, 0x7, 0xff,
    0xc, 0xbf, 0xf4, 0x0, 0x59, 0xff, 0x70, 0x80,
    0x7f, 0xf0, 0xaf, 0xff, 0x10, 0x4, 0xbf, 0xfa,
    0xc0, 0x3f, 0xf8, 0x2f, 0xff, 0xa8, 0x3, 0xaf,
    0xff, 0x58, 0x80, 0x7f, 0xa3, 0xff, 0x84, 0x3,
    0x8b, 0xbf, 0xf7, 0x30, 0x7, 0xc9, 0x9f, 0xfc,
    0xc0, 0x1f, 0x27, 0xff, 0xd9, 0x53, 0x2b, 0xef,
    0xff, 0x40, 0x7, 0xf1, 0xf7, 0xff, 0xff, 0x11,
    0xc0, 0x3f, 0xe1, 0xaf, 0xff, 0xfe, 0xe, 0x98,
    0x7, 0xff, 0x8, 0xe7, 0xbf, 0xff, 0x5a, 0x80,
    0x7f, 0xf1, 0xc9, 0x5d, 0xe6, 0x30, 0xf, 0xf8,

    /* U+00D4 "Ô" */
    0x0, 0xff, 0xe1, 0x10, 0x7, 0xff, 0x3c, 0xfe,
    0x0, 0x3f, 0xf9, 0xa7, 0xff, 0x38, 0x7, 0xff,
    0x2c, 0xbb, 0xff, 0x30, 0x7, 0xff, 0x24, 0x77,
    0xfc, 0xdb, 0xfe, 0x50, 0xf, 0xfe, 0x38, 0xef,
    0xf9, 0x80, 0xbb, 0xfc, 0x80, 0x1f, 0xfc, 0x6c,
    0xff, 0x40, 0x4, 0x7f, 0xf1, 0x80, 0x7f, 0xf1,
    0x12, 0x20, 0xc0, 0x1c, 0x71, 0x6, 0x0, 0xff,
    0xff, 0x8b, 0x56, 0xf7, 0xfb, 0xae, 0xc, 0x3,
    0xff, 0x88, 0x55, 0xff, 0xff, 0x6a, 0x80, 0x7f,
    0xf0, 0x5f, 0xff, 0xff, 0x87, 0x62, 0x1, 0xfe,
    0xaf, 0xff, 0xfe, 0x2f, 0x10, 0x7, 0xea, 0xff,
    0xee, 0x84, 0x11, 0x8d, 0xb3, 0xff, 0xb8, 0x40,
    0x3c, 0xdf, 0xfc, 0xe0, 0x1f, 0xc9, 0xdf, 0xfb,
    0x0, 0x38, 0x7f, 0xf8, 0xc0, 0x3f, 0xe1, 0xdf,
    0xfc, 0xc0, 0x1a, 0x7f, 0xf2, 0x80, 0x7f, 0xf0,
    0x47, 0xbf, 0xee, 0x0, 0xdf, 0xfa, 0x80, 0x3f,
    0xf8, 0x6d, 0xff, 0x94, 0x0, 0xbf, 0xf8, 0xc0,
    0x3f, 0xf8, 0x9d, 0xff, 0x58, 0x2, 0x7f, 0xed,
    0x0, 0xff, 0xe2, 0xc7, 0xfe, 0x0, 0x67, 0xfd,
    0x0, 0x1f, 0xfc, 0x53, 0xff, 0xc4, 0x1d, 0xff,
    0x30, 0x7, 0xff, 0x14, 0x7f, 0xf2, 0x7, 0xfe,
    0x40, 0xf, 0xfe, 0x37, 0xfe, 0x50, 0xff, 0xc6,
    0x1, 0xff, 0xc6, 0xef, 0xf9, 0x83, 0xff, 0x20,
    0x7, 0xff, 0x1b, 0xbf, 0xe6, 0xf, 0xfc, 0xa0,
    0x1f, 0xfc, 0x6f, 0xfc, 0xa1, 0xbf, 0xf3, 0x80,
    0x7f, 0xf1, 0x4b, 0xff, 0x18, 0x5f, 0xfd, 0x40,
    0x1f, 0xfc, 0x56, 0xff, 0xc2, 0xf, 0xff, 0x80,
    0x3f, 0xf8, 0xb7, 0xff, 0x68, 0x0, 0xbf, 0xf3,
    0x0, 0x7f, 0xf0, 0xcb, 0xff, 0x40, 0x5, 0x9f,
    0xf7, 0x8, 0x7, 0xff, 0xa, 0xff, 0xf1, 0x0,
    0x4b, 0xff, 0xac, 0x3, 0xff, 0x82, 0xff, 0xfa,
    0x80, 0x3a, 0xff, 0xf5, 0x88, 0x7, 0xfa, 0x3f,
    0xf8, 0x40, 0x38, 0xbb, 0xff, 0x73, 0x0, 0x7c,
    0x99, 0xff, 0xcc, 0x1, 0xf2, 0x7f, 0xfd, 0x95,
    0x32, 0xbe, 0xff, 0xf4, 0x0, 0x7f, 0x1f, 0x7f,
    0xff, 0xf1, 0x1c, 0x3, 0xfe, 0x1a, 0xff, 0xff,
    0xe0, 0xe9, 0x80, 0x7f, 0xf0, 0x8e, 0x7b, 0xff,
    0xf5, 0xa8, 0x7, 0xff, 0x1c, 0x95, 0xde, 0x63,
    0x0, 0xff, 0x80,

    /* U+00D5 "Õ" */
    0x0, 0xfe, 0x2b, 0xff, 0x48, 0x7, 0x7f, 0x9c,
    0x3, 0xff, 0x86, 0x5d, 0xff, 0xb0, 0x2, 0x2f,
    0xf3, 0x0, 0x7f, 0xf0, 0xeb, 0xfc, 0xd1, 0xfe,
    0xa0, 0x3, 0x7f, 0x8c, 0x3, 0xff, 0x87, 0xfe,
    0x90, 0x3, 0xff, 0xa5, 0x3b, 0xf8, 0x3, 0xff,
    0x86, 0x5f, 0xe5, 0x0, 0xab, 0xff, 0x90, 0x3,
    0xff, 0x86, 0x59, 0x82, 0x0, 0xcf, 0xdf, 0xaa,
    0x1, 0xff, 0xff, 0x1, 0x6a, 0xde, 0xff, 0x75,
    0xc1, 0x80, 0x7f, 0xf1, 0xa, 0xbf, 0xff, 0xed,
    0x50, 0xf, 0xfe, 0xb, 0xff, 0xff, 0xf0, 0xec,
    0x40, 0x3f, 0xd5, 0xff, 0xff, 0xc5, 0xe2, 0x0,
    0xfd, 0x5f, 0xfd, 0xd0, 0x82, 0x31, 0xb6, 0x7f,
    0xf7, 0x8, 0x7, 0x9b, 0xff, 0x9c, 0x3, 0xf9,
    0x3b, 0xff, 0x60, 0x7, 0xf, 0xff, 0x18, 0x7,
    0xfc, 0x3b, 0xff, 0x98, 0x3, 0x4f, 0xfe, 0x50,
    0xf, 0xfe, 0x8, 0xf7, 0xfd, 0xc0, 0x1b, 0xff,
    0x50, 0x7, 0xff, 0xd, 0xbf, 0xf2, 0x80, 0x17,
    0xff, 0x18, 0x7, 0xff, 0x13, 0xbf, 0xeb, 0x0,
    0x4f, 0xfd, 0xa0, 0x1f, 0xfc, 0x58, 0xff, 0xc0,
    0xc, 0xff, 0xa0, 0x3, 0xff, 0x8a, 0x7f, 0xf8,
    0x83, 0xbf, 0xe6, 0x0, 0xff, 0xe2, 0x8f, 0xfe,
    0x40, 0xff, 0xc8, 0x1, 0xff, 0xc6, 0xff, 0xca,
    0x1f, 0xf8, 0xc0, 0x3f, 0xf8, 0xdd, 0xff, 0x30,
    0x7f, 0xe4, 0x0, 0xff, 0xe3, 0x77, 0xfc, 0xc1,
    0xff, 0x94, 0x3, 0xff, 0x8d, 0xff, 0x94, 0x37,
    0xfe, 0x70, 0xf, 0xfe, 0x29, 0x7f, 0xe3, 0xb,
    0xff, 0xa8, 0x3, 0xff, 0x8a, 0xdf, 0xf8, 0x41,
    0xff, 0xf0, 0x7, 0xff, 0x16, 0xff, 0xed, 0x0,
    0x17, 0xfe, 0x60, 0xf, 0xfe, 0x19, 0x7f, 0xe8,
    0x0, 0xb3, 0xfe, 0xe1, 0x0, 0xff, 0xe1, 0x5f,
    0xfe, 0x20, 0x9, 0x7f, 0xf5, 0x80, 0x7f, 0xf0,
    0x5f, 0xff, 0x50, 0x7, 0x5f, 0xfe, 0xb1, 0x0,
    0xff, 0x47, 0xff, 0x8, 0x7, 0x17, 0x7f, 0xee,
    0x60, 0xf, 0x93, 0x3f, 0xf9, 0x80, 0x3e, 0x4f,
    0xff, 0xb2, 0xa6, 0x57, 0xdf, 0xfe, 0x80, 0xf,
    0xe3, 0xef, 0xff, 0xfe, 0x23, 0x80, 0x7f, 0xc3,
    0x5f, 0xff, 0xfc, 0x1d, 0x30, 0xf, 0xfe, 0x11,
    0xcf, 0x7f, 0xfe, 0xb5, 0x0, 0xff, 0xe3, 0x92,
    0xbb, 0xcc, 0x60, 0x1f, 0xf0,

    /* U+00D6 "Ö" */
    0x0, 0xfd, 0x5f, 0xf8, 0x2, 0xbf, 0xfc, 0x1,
    0xff, 0xc4, 0xaf, 0xfc, 0x1, 0x5f, 0xfe, 0x0,
    0xff, 0xe2, 0x57, 0xfe, 0x0, 0xaf, 0xff, 0x0,
    0x7f, 0xf1, 0x2b, 0xff, 0x0, 0x57, 0xff, 0x80,
    0x3f, 0xf8, 0x95, 0xff, 0x80, 0x2b, 0xff, 0xc0,
    0x1f, 0xff, 0xf0, 0xf, 0xff, 0x70, 0xb5, 0x6f,
    0x7f, 0xba, 0xe0, 0xc0, 0x3f, 0xf8, 0x85, 0x5f,
    0xff, 0xf6, 0xa8, 0x7, 0xff, 0x5, 0xff, 0xff,
    0xf8, 0x76, 0x20, 0x1f, 0xea, 0xff, 0xff, 0xe2,
    0xf1, 0x0, 0x7e, 0xaf, 0xfe, 0xe8, 0x41, 0x18,
    0xdb, 0x3f, 0xfb, 0x84, 0x3, 0xcd, 0xff, 0xce,
    0x1, 0xfc, 0x9d, 0xff, 0xb0, 0x3, 0x87, 0xff,
    0x8c, 0x3, 0xfe, 0x1d, 0xff, 0xcc, 0x1, 0xa7,
    0xff, 0x28, 0x7, 0xff, 0x4, 0x7b, 0xfe, 0xe0,
    0xd, 0xff, 0xa8, 0x3, 0xff, 0x86, 0xdf, 0xf9,
    0x40, 0xb, 0xff, 0x8c, 0x3, 0xff, 0x89, 0xdf,
    0xf5, 0x80, 0x27, 0xfe, 0xd0, 0xf, 0xfe, 0x2c,
    0x7f, 0xe0, 0x6, 0x7f, 0xd0, 0x1, 0xff, 0xc5,
    0x3f, 0xfc, 0x41, 0xdf, 0xf3, 0x0, 0x7f, 0xf1,
    0x47, 0xff, 0x20, 0x7f, 0xe4, 0x0, 0xff, 0xe3,
    0x7f, 0xe5, 0xf, 0xfc, 0x60, 0x1f, 0xfc, 0x6e,
    0xff, 0x98, 0x3f, 0xf2, 0x0, 0x7f, 0xf1, 0xbb,
    0xfe, 0x60, 0xff, 0xca, 0x1, 0xff, 0xc6, 0xff,
    0xca, 0x1b, 0xff, 0x38, 0x7, 0xff, 0x14, 0xbf,
    0xf1, 0x85, 0xff, 0xd4, 0x1, 0xff, 0xc5, 0x6f,
    0xfc, 0x20, 0xff, 0xf8, 0x3, 0xff, 0x8b, 0x7f,
    0xf6, 0x80, 0xb, 0xff, 0x30, 0x7, 0xff, 0xc,
    0xbf, 0xf4, 0x0, 0x59, 0xff, 0x70, 0x80, 0x7f,
    0xf0, 0xaf, 0xff, 0x10, 0x4, 0xbf, 0xfa, 0xc0,
    0x3f, 0xf8, 0x2f, 0xff, 0xa8, 0x3, 0xaf, 0xff,
    0x58, 0x80, 0x7f, 0xa3, 0xff, 0x84, 0x3, 0x8b,
    0xbf, 0xf7, 0x30, 0x7, 0xc9, 0x9f, 0xfc, 0xc0,
    0x1f, 0x27, 0xff, 0xd9, 0x53, 0x2b, 0xef, 0xff,
    0x40, 0x7, 0xf1, 0xf7, 0xff, 0xff, 0x11, 0xc0,
    0x3f, 0xe1, 0xaf, 0xff, 0xfe, 0xe, 0x98, 0x7,
    0xff, 0x8, 0xe7, 0xbf, 0xff, 0x5a, 0x80, 0x7f,
    0xf1, 0xc9, 0x5d, 0xe6, 0x30, 0xf, 0xf8,

    /* U+00D7 "×" */
    0x0, 0xff, 0xe4, 0xa7, 0x10, 0x7, 0xfa, 0x6c,
    0x2, 0x4f, 0xf7, 0x10, 0x7, 0xe9, 0xff, 0x50,
    0x3, 0x7f, 0xee, 0x20, 0xf, 0x57, 0xfe, 0x50,
    0x2e, 0xff, 0xb8, 0x80, 0x35, 0x7f, 0xe7, 0x0,
    0x8b, 0xbf, 0xee, 0x20, 0x5, 0x7f, 0xe7, 0x0,
    0xe2, 0xef, 0xfb, 0x8a, 0xbf, 0xf3, 0x80, 0x7c,
    0x5d, 0xff, 0xf9, 0xc0, 0x3f, 0x8b, 0xbf, 0xfc,
    0xe0, 0x1f, 0xf1, 0x7f, 0xf4, 0x80, 0x7f, 0xf0,
    0x27, 0xff, 0xb8, 0x80, 0x3f, 0xd3, 0xff, 0xf7,
    0x10, 0x7, 0xe9, 0xff, 0xcf, 0xdf, 0xf7, 0x10,
    0x7, 0xa7, 0xff, 0x30, 0x17, 0x7f, 0xdc, 0x40,
    0x1a, 0x7f, 0xf3, 0x0, 0x45, 0xdf, 0xf7, 0x10,
    0x2, 0x7f, 0xf3, 0x0, 0x70, 0xef, 0xfd, 0xc4,
    0x13, 0xff, 0x30, 0x7, 0xc3, 0xbf, 0xee, 0x20,
    0x4, 0xfb, 0x0, 0x7f, 0xe, 0xf1, 0x0, 0x63,
    0x0, 0xff, 0x84, 0x80, 0x0,

    /* U+00D8 "Ø" */
    0x0, 0xfe, 0x16, 0xad, 0xef, 0xf7, 0x5c, 0x18,
    0x4, 0xff, 0xe6, 0x0, 0xfe, 0x2a, 0xff, 0xff,
    0xb5, 0x4f, 0xfd, 0x40, 0x1f, 0xcf, 0xff, 0xff,
    0xc5, 0xd0, 0xf, 0xea, 0xff, 0xff, 0xe3, 0x30,
    0x7, 0xea, 0xff, 0xee, 0x84, 0x11, 0x8d, 0xb3,
    0xff, 0xb8, 0x40, 0x3c, 0xdf, 0xfc, 0xe0, 0x1f,
    0xcf, 0xff, 0xd8, 0x1, 0xc3, 0xff, 0xc6, 0x1,
    0xfe, 0xdf, 0xff, 0x30, 0x6, 0x9f, 0xfc, 0xa0,
    0x1f, 0xe9, 0xff, 0x37, 0x7f, 0xdc, 0x1, 0xbf,
    0xf5, 0x0, 0x7f, 0x97, 0xfd, 0x0, 0xdf, 0xf9,
    0x40, 0xb, 0xff, 0x8c, 0x3, 0xf8, 0xbf, 0xd8,
    0x1, 0x77, 0xfd, 0x60, 0x9, 0xff, 0xb4, 0x3,
    0xfd, 0x9f, 0xc2, 0x1, 0x47, 0xfe, 0x0, 0x67,
    0xfd, 0x0, 0x1f, 0xd1, 0xfe, 0x50, 0xc, 0x7f,
    0xf8, 0x83, 0xbf, 0xe6, 0x0, 0xfc, 0x9f, 0xe9,
    0x0, 0xe1, 0xff, 0xc8, 0x1f, 0xf9, 0x0, 0x3e,
    0x1e, 0xfd, 0x0, 0xfb, 0xff, 0x28, 0x7f, 0xe3,
    0x0, 0xfb, 0x3f, 0xc4, 0x1, 0xf7, 0x7f, 0xcc,
    0x1f, 0xf9, 0x0, 0x3d, 0x1f, 0xe6, 0x0, 0xfd,
    0xdf, 0xf3, 0x7, 0xfe, 0x50, 0xe, 0x3f, 0xf5,
    0x0, 0x7f, 0x7f, 0xe5, 0xd, 0xff, 0x9c, 0x3,
    0xf, 0x7e, 0x80, 0x7f, 0x17, 0xfe, 0x30, 0xbf,
    0xfa, 0x80, 0x35, 0xff, 0x8c, 0x3, 0xf9, 0xbf,
    0xf0, 0x83, 0xff, 0xe0, 0x9, 0xff, 0xce, 0x1,
    0xfe, 0xbf, 0xfb, 0x40, 0x5, 0xff, 0x98, 0xf,
    0xfd, 0x60, 0x1f, 0xe2, 0xff, 0xd0, 0x1, 0x67,
    0xfd, 0xc3, 0xbf, 0xc2, 0x1, 0xfe, 0xbf, 0xfc,
    0x40, 0x12, 0xff, 0xfc, 0x80, 0x1f, 0xe7, 0xff,
    0xd4, 0x1, 0xd7, 0xff, 0xd2, 0x1, 0xfe, 0x8f,
    0xfe, 0x10, 0xe, 0x2e, 0xff, 0xdc, 0xc0, 0x1f,
    0x26, 0x7f, 0xf3, 0x0, 0x7c, 0x9f, 0xff, 0x65,
    0x4c, 0xaf, 0xbf, 0xfd, 0x0, 0x1f, 0xa7, 0xff,
    0xff, 0x8c, 0xe0, 0x1f, 0x97, 0xfd, 0x54, 0xff,
    0xff, 0xe0, 0xe9, 0x80, 0x7e, 0x2f, 0xf6, 0x0,
    0xe, 0x7b, 0xff, 0xf5, 0xa8, 0x7, 0xff, 0x1c,
    0x95, 0xde, 0x63, 0x0, 0xff, 0x80,

    /* U+00D9 "Ù" */
    0x0, 0xc3, 0xbf, 0xf2, 0x80, 0x7f, 0xf1, 0x87,
    0xbf, 0xdc, 0x20, 0x1f, 0xfc, 0x62, 0xef, 0xf6,
    0x0, 0x7f, 0xf1, 0xcb, 0xbf, 0xd0, 0x1, 0xff,
    0xc7, 0x3f, 0xf8, 0xc0, 0x3f, 0xf8, 0xe7, 0xfe,
    0xe1, 0x0, 0xff, 0xff, 0x80, 0x45, 0xff, 0x88,
    0x3, 0xff, 0x81, 0x3f, 0xf5, 0x17, 0xfe, 0x20,
    0xf, 0xfe, 0x4, 0xff, 0xd4, 0x5f, 0xf8, 0x80,
    0x3f, 0xf8, 0x13, 0xff, 0x51, 0x7f, 0xe2, 0x0,
    0xff, 0xe0, 0x4f, 0xfd, 0x45, 0xff, 0x88, 0x3,
    0xff, 0x81, 0x3f, 0xf5, 0x17, 0xfe, 0x20, 0xf,
    0xfe, 0x4, 0xff, 0xd4, 0x5f, 0xf8, 0x80, 0x3f,
    0xf8, 0x13, 0xff, 0x51, 0x7f, 0xe2, 0x0, 0xff,
    0xe0, 0x4f, 0xfd, 0x45, 0xff, 0x88, 0x3, 0xff,
    0x81, 0x3f, 0xf5, 0x17, 0xfe, 0x20, 0xf, 0xfe,
    0x4, 0xff, 0xd4, 0x5f, 0xf8, 0x80, 0x3f, 0xf8,
    0x13, 0xff, 0x51, 0x7f, 0xe2, 0x0, 0xff, 0xe0,
    0x4f, 0xfd, 0x45, 0xff, 0x88, 0x3, 0xff, 0x81,
    0x3f, 0xf5, 0x17, 0xfe, 0x20, 0xf, 0xfe, 0x4,
    0xff, 0xd4, 0x5f, 0xf8, 0x80, 0x3f, 0xf8, 0x13,
    0xff, 0x51, 0x7f, 0xe2, 0x0, 0xff, 0xe0, 0x4f,
    0xfd, 0x45, 0xff, 0x88, 0x3, 0xff, 0x81, 0x3f,
    0xf5, 0x17, 0xfe, 0x20, 0xf, 0xfe, 0x4, 0xff,
    0xd4, 0x5f, 0xf8, 0x80, 0x3f, 0xf8, 0x15, 0xff,
    0x50, 0xff, 0xe3, 0x0, 0xff, 0xe0, 0x5f, 0xfd,
    0x21, 0xff, 0x94, 0x3, 0xff, 0x81, 0xbf, 0xf4,
    0x6, 0xff, 0xd2, 0x1, 0xff, 0xf, 0xfe, 0x50,
    0xaf, 0xfb, 0x80, 0x3f, 0xe6, 0xff, 0xc2, 0xb,
    0xff, 0xa0, 0x3, 0xf8, 0x7b, 0xfe, 0xc0, 0xb,
    0x7f, 0xf4, 0x80, 0x7c, 0x7d, 0xff, 0x94, 0x2,
    0x5f, 0xff, 0x54, 0x33, 0xce, 0xff, 0xf5, 0x80,
    0x74, 0x7f, 0xff, 0xf0, 0xf4, 0x40, 0x3c, 0xdf,
    0xff, 0xfc, 0x1b, 0x10, 0xf, 0xc3, 0x1d, 0xff,
    0xfa, 0xd0, 0x3, 0xff, 0x82, 0x4a, 0xce, 0xe6,
    0x40, 0xf, 0xc0,

    /* U+00DA "Ú" */
    0x0, 0xff, 0xe1, 0x47, 0xfd, 0x60, 0x1f, 0xfc,
    0x55, 0xff, 0xac, 0x3, 0xff, 0x8a, 0x5f, 0xf5,
    0x80, 0x7f, 0xf1, 0xb7, 0xfd, 0x60, 0x1f, 0xfc,
    0x6a, 0xff, 0x58, 0x7, 0xff, 0x19, 0xbf, 0xd6,
    0x1, 0xff, 0xff, 0x0, 0x8b, 0xff, 0x10, 0x7,
    0xff, 0x2, 0x7f, 0xea, 0x2f, 0xfc, 0x40, 0x1f,
    0xfc, 0x9, 0xff, 0xa8, 0xbf, 0xf1, 0x0, 0x7f,
    0xf0, 0x27, 0xfe, 0xa2, 0xff, 0xc4, 0x1, 0xff,
    0xc0, 0x9f, 0xfa, 0x8b, 0xff, 0x10, 0x7, 0xff,
    0x2, 0x7f, 0xea, 0x2f, 0xfc, 0x40, 0x1f, 0xfc,
    0x9, 0xff, 0xa8, 0xbf, 0xf1, 0x0, 0x7f, 0xf0,
    0x27, 0xfe, 0xa2, 0xff, 0xc4, 0x1, 0xff, 0xc0,
    0x9f, 0xfa, 0x8b, 0xff, 0x10, 0x7, 0xff, 0x2,
    0x7f, 0xea, 0x2f, 0xfc, 0x40, 0x1f, 0xfc, 0x9,
    0xff, 0xa8, 0xbf, 0xf1, 0x0, 0x7f, 0xf0, 0x27,
    0xfe, 0xa2, 0xff, 0xc4, 0x1, 0xff, 0xc0, 0x9f,
    0xfa, 0x8b, 0xff, 0x10, 0x7, 0xff, 0x2, 0x7f,
    0xea, 0x2f, 0xfc, 0x40, 0x1f, 0xfc, 0x9, 0xff,
    0xa8, 0xbf, 0xf1, 0x0, 0x7f, 0xf0, 0x27, 0xfe,
    0xa2, 0xff, 0xc4, 0x1, 0xff, 0xc0, 0x9f, 0xfa,
    0x8b, 0xff, 0x10, 0x7, 0xff, 0x2, 0x7f, 0xea,
    0x2f, 0xfc, 0x40, 0x1f, 0xfc, 0x9, 0xff, 0xa8,
    0xbf, 0xf1, 0x0, 0x7f, 0xf0, 0x2b, 0xfe, 0xa1,
    0xff, 0xc6, 0x1, 0xff, 0xc0, 0xbf, 0xfa, 0x43,
    0xff, 0x28, 0x7, 0xff, 0x3, 0x7f, 0xe8, 0xd,
    0xff, 0xa4, 0x3, 0xfe, 0x1f, 0xfc, 0xa1, 0x5f,
    0xf7, 0x0, 0x7f, 0xcd, 0xff, 0x84, 0x17, 0xff,
    0x40, 0x7, 0xf0, 0xf7, 0xfd, 0x80, 0x16, 0xff,
    0xe9, 0x0, 0xf8, 0xfb, 0xff, 0x28, 0x4, 0xbf,
    0xfe, 0xa8, 0x67, 0x9d, 0xff, 0xeb, 0x0, 0xe8,
    0xff, 0xff, 0xe1, 0xe8, 0x80, 0x79, 0xbf, 0xff,
    0xf8, 0x36, 0x20, 0x1f, 0x86, 0x3b, 0xff, 0xf5,
    0xa0, 0x7, 0xff, 0x4, 0x95, 0x9d, 0xcc, 0x80,
    0x1f, 0x80,

    /* U+00DB "Û" */
    0x0, 0xff, 0x88, 0x3, 0xff, 0x92, 0x5d, 0x40,
    0x1f, 0xfc, 0x71, 0xef, 0xf4, 0x80, 0x7f, 0xf1,
    0x47, 0x7f, 0xf3, 0x80, 0x7f, 0xf1, 0x33, 0xfc,
    0xf9, 0xfe, 0x60, 0xf, 0xfe, 0x16, 0x7f, 0xa0,
    0x7, 0x7f, 0xca, 0x1, 0xff, 0xc0, 0xbf, 0xf5,
    0x0, 0x45, 0xdf, 0xe4, 0x0, 0xff, 0x1c, 0x41,
    0xc0, 0x38, 0xe2, 0xe, 0x1, 0xff, 0xe7, 0x2f,
    0xfc, 0x40, 0x1f, 0xfc, 0x9, 0xff, 0xa8, 0xbf,
    0xf1, 0x0, 0x7f, 0xf0, 0x27, 0xfe, 0xa2, 0xff,
    0xc4, 0x1, 0xff, 0xc0, 0x9f, 0xfa, 0x8b, 0xff,
    0x10, 0x7, 0xff, 0x2, 0x7f, 0xea, 0x2f, 0xfc,
    0x40, 0x1f, 0xfc, 0x9, 0xff, 0xa8, 0xbf, 0xf1,
    0x0, 0x7f, 0xf0, 0x27, 0xfe, 0xa2, 0xff, 0xc4,
    0x1, 0xff, 0xc0, 0x9f, 0xfa, 0x8b, 0xff, 0x10,
    0x7, 0xff, 0x2, 0x7f, 0xea, 0x2f, 0xfc, 0x40,
    0x1f, 0xfc, 0x9, 0xff, 0xa8, 0xbf, 0xf1, 0x0,
    0x7f, 0xf0, 0x27, 0xfe, 0xa2, 0xff, 0xc4, 0x1,
    0xff, 0xc0, 0x9f, 0xfa, 0x8b, 0xff, 0x10, 0x7,
    0xff, 0x2, 0x7f, 0xea, 0x2f, 0xfc, 0x40, 0x1f,
    0xfc, 0x9, 0xff, 0xa8, 0xbf, 0xf1, 0x0, 0x7f,
    0xf0, 0x27, 0xfe, 0xa2, 0xff, 0xc4, 0x1, 0xff,
    0xc0, 0x9f, 0xfa, 0x8b, 0xff, 0x10, 0x7, 0xff,
    0x2, 0x7f, 0xea, 0x2f, 0xfc, 0x40, 0x1f, 0xfc,
    0x9, 0xff, 0xa8, 0xbf, 0xf1, 0x0, 0x7f, 0xf0,
    0x27, 0xfe, 0xa2, 0xff, 0xc4, 0x1, 0xff, 0xc0,
    0xaf, 0xfa, 0x87, 0xff, 0x18, 0x7, 0xff, 0x2,
    0xff, 0xe9, 0xf, 0xfc, 0xa0, 0x1f, 0xfc, 0xd,
    0xff, 0xa0, 0x37, 0xfe, 0x90, 0xf, 0xf8, 0x7f,
    0xf2, 0x85, 0x7f, 0xdc, 0x1, 0xff, 0x37, 0xfe,
    0x10, 0x5f, 0xfd, 0x0, 0x1f, 0xc3, 0xdf, 0xf6,
    0x0, 0x5b, 0xff, 0xa4, 0x3, 0xe3, 0xef, 0xfc,
    0xa0, 0x12, 0xff, 0xfa, 0xa1, 0x9e, 0x77, 0xff,
    0xac, 0x3, 0xa3, 0xff, 0xff, 0x87, 0xa2, 0x1,
    0xe6, 0xff, 0xff, 0xe0, 0xd8, 0x80, 0x7e, 0x18,
    0xef, 0xff, 0xd6, 0x80, 0x1f, 0xfc, 0x12, 0x56,
    0x77, 0x32, 0x0, 0x7e,

    /* U+00DC "Ü" */
    0x0, 0xe7, 0xff, 0xc4, 0x0, 0x8f, 0xfc, 0x20,
    0x1f, 0xcf, 0xff, 0x8c, 0x1, 0x1f, 0xf8, 0x80,
    0x3f, 0x9f, 0xff, 0x18, 0x2, 0x3f, 0xf1, 0x0,
    0x7f, 0x3f, 0xfe, 0x30, 0x4, 0x7f, 0xe2, 0x0,
    0xfe, 0x7f, 0xfc, 0x60, 0x8, 0xff, 0xc4, 0x1,
    0xff, 0xff, 0x0, 0xff, 0xe4, 0x97, 0xfe, 0x20,
    0xf, 0xfe, 0x4, 0xff, 0xd4, 0x5f, 0xf8, 0x80,
    0x3f, 0xf8, 0x13, 0xff, 0x51, 0x7f, 0xe2, 0x0,
    0xff, 0xe0, 0x4f, 0xfd, 0x45, 0xff, 0x88, 0x3,
    0xff, 0x81, 0x3f, 0xf5, 0x17, 0xfe, 0x20, 0xf,
    0xfe, 0x4, 0xff, 0xd4, 0x5f, 0xf8, 0x80, 0x3f,
    0xf8, 0x13, 0xff, 0x51, 0x7f, 0xe2, 0x0, 0xff,
    0xe0, 0x4f, 0xfd, 0x45, 0xff, 0x88, 0x3, 0xff,
    0x81, 0x3f, 0xf5, 0x17, 0xfe, 0x20, 0xf, 0xfe,
    0x4, 0xff, 0xd4, 0x5f, 0xf8, 0x80, 0x3f, 0xf8,
    0x13, 0xff, 0x51, 0x7f, 0xe2, 0x0, 0xff, 0xe0,
    0x4f, 0xfd, 0x45, 0xff, 0x88, 0x3, 0xff, 0x81,
    0x3f, 0xf5, 0x17, 0xfe, 0x20, 0xf, 0xfe, 0x4,
    0xff, 0xd4, 0x5f, 0xf8, 0x80, 0x3f, 0xf8, 0x13,
    0xff, 0x51, 0x7f, 0xe2, 0x0, 0xff, 0xe0, 0x4f,
    0xfd, 0x45, 0xff, 0x88, 0x3, 0xff, 0x81, 0x3f,
    0xf5, 0x17, 0xfe, 0x20, 0xf, 0xfe, 0x4, 0xff,
    0xd4, 0x5f, 0xf8, 0x80, 0x3f, 0xf8, 0x13, 0xff,
    0x51, 0x7f, 0xe2, 0x0, 0xff, 0xe0, 0x57, 0xfd,
    0x43, 0xff, 0x8c, 0x3, 0xff, 0x81, 0x7f, 0xf4,
    0x87, 0xfe, 0x50, 0xf, 0xfe, 0x6, 0xff, 0xd0,
    0x1b, 0xff, 0x48, 0x7, 0xfc, 0x3f, 0xf9, 0x42,
    0xbf, 0xee, 0x0, 0xff, 0x9b, 0xff, 0x8, 0x2f,
    0xfe, 0x80, 0xf, 0xe1, 0xef, 0xfb, 0x0, 0x2d,
    0xff, 0xd2, 0x1, 0xf1, 0xf7, 0xfe, 0x50, 0x9,
    0x7f, 0xfd, 0x50, 0xcf, 0x3b, 0xff, 0xd6, 0x1,
    0xd1, 0xff, 0xff, 0xc3, 0xd1, 0x0, 0xf3, 0x7f,
    0xff, 0xf0, 0x6c, 0x40, 0x3f, 0xc, 0x77, 0xff,
    0xeb, 0x40, 0xf, 0xfe, 0x9, 0x2b, 0x3b, 0x99,
    0x0, 0x3f, 0x0,

    /* U+00DD "Ý" */
    0x0, 0xff, 0xe1, 0x94, 0x44, 0xe0, 0x1f, 0xfc,
    0x81, 0xdf, 0xf9, 0x0, 0x3f, 0xf9, 0x17, 0xfe,
    0xe3, 0x0, 0xff, 0xe4, 0x4f, 0xfb, 0x88, 0x3,
    0xff, 0x90, 0xff, 0xed, 0x20, 0xf, 0xfe, 0x42,
    0x7f, 0xb0, 0x40, 0x3f, 0xff, 0xe0, 0x1f, 0xfc,
    0x15, 0xff, 0xd0, 0x1, 0xff, 0xc2, 0xef, 0xfb,
    0x80, 0x19, 0xff, 0x84, 0x3, 0xff, 0x80, 0xff,
    0xf9, 0x40, 0x5, 0xff, 0xa8, 0x3, 0xfe, 0x1f,
    0xfd, 0x80, 0x1a, 0x7f, 0xf1, 0x80, 0x7f, 0xa7,
    0xff, 0x18, 0x6, 0x1e, 0xff, 0xac, 0x3, 0xf8,
    0xbf, 0xf4, 0x80, 0x79, 0xbf, 0xf2, 0x0, 0x7e,
    0xbf, 0xfc, 0x20, 0x1f, 0x6f, 0xfd, 0xa0, 0x1f,
    0x27, 0xfe, 0x70, 0xf, 0xc9, 0xff, 0x98, 0x3,
    0xdb, 0xff, 0x68, 0x7, 0xfa, 0xbf, 0xee, 0x0,
    0xe7, 0xff, 0xca, 0x1, 0xfe, 0x2f, 0xfc, 0xe0,
    0x10, 0xf7, 0xfd, 0x60, 0x1f, 0xfc, 0x8, 0xff,
    0xc2, 0x0, 0x9f, 0xfc, 0x40, 0x1f, 0xfc, 0x1e,
    0xff, 0xa4, 0xb, 0xff, 0x48, 0x7, 0xff, 0x9,
    0x7f, 0xf1, 0x5f, 0xfe, 0x10, 0xf, 0xfe, 0x1e,
    0x7f, 0xdb, 0xff, 0x9c, 0x3, 0xff, 0x88, 0x7f,
    0xff, 0x68, 0x7, 0xff, 0x1a, 0x7f, 0xfc, 0x80,
    0x1f, 0xfc, 0x61, 0xff, 0xeb, 0x0, 0xff, 0xe4,
    0x3f, 0xfe, 0x20, 0xf, 0xfe, 0x42, 0x7f, 0xe0,
    0xf, 0xfe, 0x4a, 0x7f, 0xe0, 0xf, 0xfe, 0x4a,
    0x7f, 0xe0, 0xf, 0xfe, 0x4a, 0x7f, 0xe0, 0xf,
    0xfe, 0x4a, 0x7f, 0xe0, 0xf, 0xfe, 0x4a, 0x7f,
    0xe0, 0xf, 0xfe, 0x4a, 0x7f, 0xe0, 0xf, 0xfe,
    0x4a, 0x7f, 0xe0, 0xf, 0xfe, 0x4a, 0x7f, 0xe0,
    0xf, 0xfe, 0x4a, 0x7f, 0xe0, 0xf, 0xfe, 0x4a,
    0x7f, 0xe0, 0xf, 0xf8,

    /* U+00DE "Þ" */
    0xdf, 0xf8, 0x40, 0x3f, 0xf8, 0x5b, 0xff, 0x8,
    0x7, 0xff, 0xb, 0x7f, 0xe1, 0x0, 0xff, 0xe1,
    0x6f, 0xfc, 0x20, 0x1f, 0xfc, 0x2d, 0xff, 0xff,
    0x6d, 0x30, 0x7, 0x6f, 0xff, 0xff, 0x9, 0x80,
    0x2d, 0xff, 0xff, 0xe1, 0xc8, 0x3, 0x7f, 0xe6,
    0x55, 0xcd, 0x17, 0xff, 0xcc, 0x1b, 0xff, 0x8,
    0x7, 0xc5, 0xbf, 0xf7, 0x6, 0xff, 0xc2, 0x1,
    0xf8, 0x7b, 0xfe, 0x4d, 0xff, 0x84, 0x3, 0xfa,
    0x3f, 0xe8, 0xdf, 0xf8, 0x40, 0x3f, 0x97, 0xfe,
    0xad, 0xff, 0x84, 0x3, 0xf9, 0x3f, 0xea, 0xdf,
    0xf8, 0x40, 0x3f, 0x9b, 0xfe, 0x9d, 0xff, 0x84,
    0x3, 0xfb, 0x3f, 0xe5, 0xdf, 0xf8, 0x40, 0x3f,
    0x47, 0xfe, 0x1d, 0xff, 0x84, 0x3, 0x89, 0xb3,
    0xff, 0x40, 0x6f, 0xff, 0xff, 0xf, 0x0, 0x1b,
    0xff, 0xff, 0xc2, 0xa0, 0xb, 0x7f, 0xff, 0xf8,
    0x16, 0x80, 0x1b, 0x7f, 0xe8, 0x8e, 0x76, 0x40,
    0xf, 0xb7, 0xfe, 0x10, 0xf, 0xfe, 0x16, 0xff,
    0xc2, 0x1, 0xff, 0xc2, 0xdf, 0xf8, 0x40, 0x3f,
    0xf8, 0x5b, 0xff, 0x8, 0x7, 0xff, 0xb, 0x7f,
    0xe1, 0x0, 0xff, 0xe1, 0x6f, 0xfc, 0x20, 0x1f,
    0xfc, 0x2d, 0xff, 0x84, 0x3, 0xff, 0x85, 0xbf,
    0xf0, 0x80, 0x7f, 0xf0, 0x80,

    /* U+00DF "ß" */
    0x0, 0xf1, 0xc6, 0x77, 0xfd, 0xb7, 0x6, 0x1,
    0xff, 0x1e, 0x7f, 0xff, 0xd8, 0x60, 0x1f, 0x97,
    0xff, 0xff, 0x86, 0xa0, 0x1e, 0x4f, 0xff, 0xbb,
    0x75, 0xff, 0xf1, 0x0, 0x76, 0xff, 0xec, 0x51,
    0x0, 0xc7, 0x3f, 0xfa, 0x0, 0x32, 0xff, 0xea,
    0x0, 0xfe, 0x8f, 0xfa, 0xc0, 0x35, 0x7f, 0xda,
    0x1, 0xfe, 0x5f, 0xfa, 0xc0, 0x36, 0xff, 0xce,
    0x1, 0xfc, 0x5b, 0xff, 0x40, 0x6, 0xff, 0xc8,
    0x1, 0xf2, 0xdf, 0xff, 0x10, 0x4, 0x3f, 0xf8,
    0x80, 0x30, 0xc7, 0xff, 0xca, 0x1, 0x8b, 0xff,
    0x10, 0x4, 0x9d, 0xff, 0xea, 0x20, 0xe, 0x2f,
    0xfc, 0x40, 0x1, 0xff, 0xee, 0x82, 0x0, 0xf8,
    0xbf, 0xf1, 0x0, 0x23, 0xff, 0x30, 0x7, 0xf8,
    0xbf, 0xf1, 0x0, 0x2b, 0xfe, 0x70, 0xf, 0xf8,
    0xbf, 0xf1, 0x0, 0x2f, 0xfe, 0x60, 0xf, 0xf8,
    0xbf, 0xf1, 0x0, 0x23, 0xff, 0x38, 0x80, 0x7f,
    0x17, 0xfe, 0x20, 0x1, 0x7f, 0xfb, 0x21, 0x0,
    0x3c, 0x5f, 0xf8, 0x80, 0x25, 0xff, 0xfe, 0xa3,
    0x0, 0x8b, 0xff, 0x10, 0x6, 0x29, 0xff, 0xfe,
    0x80, 0x1, 0x7f, 0xe2, 0x0, 0xf0, 0xb5, 0x77,
    0xff, 0x9c, 0xb, 0xff, 0x10, 0x7, 0xf8, 0xe7,
    0xff, 0x80, 0xbf, 0xf1, 0x0, 0x7f, 0xf0, 0xf,
    0xff, 0x21, 0x7f, 0xe2, 0x0, 0x1c, 0xc0, 0x7,
    0xeb, 0xff, 0x94, 0xbf, 0xf1, 0x5, 0xff, 0xc4,
    0x1, 0xf6, 0x7f, 0xc8, 0x5f, 0xf8, 0x82, 0x3f,
    0xee, 0x30, 0xe, 0x6f, 0xfc, 0x25, 0xff, 0x88,
    0x1, 0xbf, 0xfb, 0x21, 0xe3, 0x3f, 0xf5, 0x1,
    0x7f, 0xe2, 0x0, 0xe, 0xff, 0xff, 0xda, 0x20,
    0x5f, 0xf8, 0x80, 0x34, 0xff, 0xff, 0x58, 0x80,
    0xb, 0xff, 0x10, 0x7, 0x13, 0xe7, 0x7f, 0xb2,
    0x4c, 0x3, 0x0,

    /* U+00E0 "à" */
    0x0, 0x8f, 0xfe, 0xe2, 0x0, 0xff, 0xe1, 0x9f,
    0xfd, 0x80, 0x1f, 0xfc, 0x44, 0xff, 0xa4, 0x3,
    0xff, 0x88, 0x9f, 0xf2, 0x80, 0x7f, 0xf1, 0x13,
    0xfe, 0x20, 0xf, 0xfe, 0x22, 0x66, 0x24, 0x3,
    0xff, 0xd2, 0x2b, 0x5b, 0xdf, 0xdb, 0x28, 0x1,
    0xf8, 0x67, 0xff, 0xfd, 0xa4, 0x1, 0xc9, 0xdf,
    0xff, 0xfc, 0x13, 0x0, 0x93, 0xff, 0xba, 0xa6,
    0x2b, 0xbf, 0xf7, 0x0, 0x6a, 0xff, 0x6a, 0x0,
    0x79, 0xff, 0xf3, 0x80, 0x68, 0x90, 0xf, 0xe9,
    0xff, 0xb0, 0x3, 0xff, 0x86, 0x5f, 0xf8, 0x3,
    0xff, 0x89, 0xff, 0x84, 0x3, 0x24, 0xe7, 0x7f,
    0xff, 0xc4, 0x0, 0x1b, 0xff, 0xff, 0xe1, 0x90,
    0x3, 0x7f, 0xff, 0xf8, 0x84, 0xf, 0xff, 0xad,
    0x8, 0x47, 0xdf, 0xf8, 0x83, 0x7f, 0xea, 0x0,
    0xfe, 0xff, 0xc4, 0x1f, 0xf8, 0x80, 0x3f, 0x1f,
    0xfe, 0x20, 0xff, 0xc2, 0x1, 0xfa, 0xbf, 0xf1,
    0x7, 0x7f, 0xc8, 0x1, 0xf2, 0xff, 0xf1, 0x5,
    0x7f, 0xda, 0x40, 0x1c, 0xdf, 0xfe, 0x20, 0x3f,
    0xfe, 0x97, 0x68, 0xdf, 0xff, 0x88, 0x0, 0xff,
    0xff, 0xf2, 0xef, 0xfc, 0x40, 0x13, 0x7f, 0xfe,
    0xe4, 0xb, 0xff, 0x88, 0x3, 0xb, 0xdf, 0x7f,
    0x63, 0x88, 0x2, 0xbf, 0xe2,

    /* U+00E1 "á" */
    0x0, 0xff, 0xe0, 0xe7, 0xfc, 0xe0, 0x1f, 0xfc,
    0x29, 0xff, 0x9c, 0x3, 0xff, 0x84, 0xdf, 0xf3,
    0x0, 0x7f, 0xf0, 0x8f, 0xfe, 0x60, 0xf, 0xfe,
    0x10, 0xf7, 0xf9, 0x40, 0x3f, 0xf8, 0x73, 0x98,
    0x50, 0xf, 0xff, 0x40, 0xad, 0x6f, 0x7f, 0x6c,
    0xa0, 0x7, 0xe1, 0x9f, 0xff, 0xf6, 0x90, 0x7,
    0x27, 0x7f, 0xff, 0xf0, 0x4c, 0x2, 0x4f, 0xfe,
    0xea, 0x98, 0xae, 0xff, 0xdc, 0x1, 0xab, 0xfd,
    0xa8, 0x1, 0xe7, 0xff, 0xce, 0x1, 0xa2, 0x40,
    0x3f, 0xa7, 0xfe, 0xc0, 0xf, 0xfe, 0x19, 0x7f,
    0xe0, 0xf, 0xfe, 0x27, 0xfe, 0x10, 0xc, 0x93,
    0x9d, 0xff, 0xff, 0x10, 0x0, 0x6f, 0xff, 0xff,
    0x86, 0x40, 0xd, 0xff, 0xff, 0xe2, 0x10, 0x3f,
    0xfe, 0xb4, 0x21, 0x1f, 0x7f, 0xe2, 0xd, 0xff,
    0xa8, 0x3, 0xfb, 0xff, 0x10, 0x7f, 0xe2, 0x0,
    0xfc, 0x7f, 0xf8, 0x83, 0xff, 0x8, 0x7, 0xea,
    0xff, 0xc4, 0x1d, 0xff, 0x20, 0x7, 0xcb, 0xff,
    0xc4, 0x15, 0xff, 0x69, 0x0, 0x73, 0x7f, 0xf8,
    0x80, 0xff, 0xfa, 0x5d, 0xa3, 0x7f, 0xfe, 0x20,
    0x3, 0xff, 0xff, 0xcb, 0xbf, 0xf1, 0x0, 0x4d,
    0xff, 0xfb, 0x90, 0x2f, 0xfe, 0x20, 0xc, 0x2f,
    0x7d, 0xfd, 0x8e, 0x20, 0xa, 0xff, 0x88,

    /* U+00E2 "â" */
    0x0, 0xfe, 0x1a, 0x10, 0xf, 0xfe, 0x2e, 0x7e,
    0x0, 0x7f, 0xf1, 0x2f, 0xfe, 0xb0, 0xf, 0xfe,
    0x15, 0x7f, 0xb7, 0xfd, 0x40, 0x1f, 0xfc, 0x9,
    0xff, 0x50, 0x57, 0xfa, 0x40, 0x3f, 0xd1, 0xfe,
    0xc0, 0xa, 0xff, 0xd0, 0x1, 0xf9, 0xff, 0xda,
    0x20, 0x1b, 0x3f, 0xce, 0x1, 0xff, 0xe4, 0x15,
    0xad, 0xef, 0xed, 0x94, 0x0, 0xfc, 0x33, 0xff,
    0xfe, 0xd2, 0x0, 0xe4, 0xef, 0xff, 0xfe, 0x9,
    0x80, 0x49, 0xff, 0xdd, 0x53, 0x15, 0xdf, 0xfb,
    0x80, 0x35, 0x7f, 0xb5, 0x0, 0x3c, 0xff, 0xf9,
    0xc0, 0x34, 0x48, 0x7, 0xf4, 0xff, 0xd8, 0x1,
    0xff, 0xc3, 0x2f, 0xfc, 0x1, 0xff, 0xc4, 0xff,
    0xc2, 0x1, 0x92, 0x73, 0xbf, 0xff, 0xe2, 0x0,
    0xd, 0xff, 0xff, 0xf0, 0xc8, 0x1, 0xbf, 0xff,
    0xfc, 0x42, 0x7, 0xff, 0xd6, 0x84, 0x23, 0xef,
    0xfc, 0x41, 0xbf, 0xf5, 0x0, 0x7f, 0x7f, 0xe2,
    0xf, 0xfc, 0x40, 0x1f, 0x8f, 0xff, 0x10, 0x7f,
    0xe1, 0x0, 0xfd, 0x5f, 0xf8, 0x83, 0xbf, 0xe4,
    0x0, 0xf9, 0x7f, 0xf8, 0x82, 0xbf, 0xed, 0x20,
    0xe, 0x6f, 0xff, 0x10, 0x1f, 0xff, 0x4b, 0xb4,
    0x6f, 0xff, 0xc4, 0x0, 0x7f, 0xff, 0xf9, 0x77,
    0xfe, 0x20, 0x9, 0xbf, 0xff, 0x72, 0x5, 0xff,
    0xc4, 0x1, 0x85, 0xef, 0xbf, 0xb1, 0xc4, 0x1,
    0x5f, 0xf1, 0x0,

    /* U+00E3 "ã" */
    0x0, 0xe4, 0xcf, 0xea, 0x20, 0x8, 0xff, 0xca,
    0x1, 0xe5, 0xff, 0xf2, 0x80, 0x1f, 0xfc, 0x60,
    0x1e, 0xef, 0xf5, 0x67, 0xfd, 0x73, 0xfe, 0xe0,
    0xf, 0x1f, 0xf9, 0x80, 0xf, 0xff, 0xe5, 0x0,
    0xf2, 0xff, 0x84, 0x2, 0x3b, 0xff, 0x62, 0x80,
    0x7f, 0xfe, 0x45, 0x6b, 0x7b, 0xfb, 0x65, 0x0,
    0x3f, 0xc, 0xff, 0xff, 0xb4, 0x80, 0x39, 0x3b,
    0xff, 0xff, 0x82, 0x60, 0x12, 0x7f, 0xf7, 0x54,
    0xc5, 0x77, 0xfe, 0xe0, 0xd, 0x5f, 0xed, 0x40,
    0xf, 0x3f, 0xfe, 0x70, 0xd, 0x12, 0x1, 0xfd,
    0x3f, 0xf6, 0x0, 0x7f, 0xf0, 0xcb, 0xff, 0x0,
    0x7f, 0xf1, 0x3f, 0xf0, 0x80, 0x64, 0x9c, 0xef,
    0xff, 0xf8, 0x80, 0x3, 0x7f, 0xff, 0xfc, 0x32,
    0x0, 0x6f, 0xff, 0xff, 0x10, 0x81, 0xff, 0xf5,
    0xa1, 0x8, 0xfb, 0xff, 0x10, 0x6f, 0xfd, 0x40,
    0x1f, 0xdf, 0xf8, 0x83, 0xff, 0x10, 0x7, 0xe3,
    0xff, 0xc4, 0x1f, 0xf8, 0x40, 0x3f, 0x57, 0xfe,
    0x20, 0xef, 0xf9, 0x0, 0x3e, 0x5f, 0xfe, 0x20,
    0xaf, 0xfb, 0x48, 0x3, 0x9b, 0xff, 0xc4, 0x7,
    0xff, 0xd2, 0xed, 0x1b, 0xff, 0xf1, 0x0, 0x1f,
    0xff, 0xfe, 0x5d, 0xff, 0x88, 0x2, 0x6f, 0xff,
    0xdc, 0x81, 0x7f, 0xf1, 0x0, 0x61, 0x7b, 0xef,
    0xec, 0x71, 0x0, 0x57, 0xfc, 0x40,

    /* U+00E4 "ä" */
    0x0, 0xd9, 0xff, 0x70, 0x5, 0xbf, 0xf6, 0x80,
    0x7d, 0x9f, 0xf7, 0x0, 0x5b, 0xff, 0x68, 0x7,
    0xd9, 0xff, 0x70, 0x5, 0xbf, 0xf6, 0x80, 0x7d,
    0x9f, 0xf7, 0x0, 0x5b, 0xff, 0x68, 0x7, 0xd7,
    0xff, 0x70, 0x5, 0x9f, 0xf6, 0x80, 0x7f, 0xfe,
    0x5, 0x6b, 0x7b, 0xfb, 0x65, 0x0, 0x3f, 0xc,
    0xff, 0xff, 0xb4, 0x80, 0x39, 0x3b, 0xff, 0xff,
    0x82, 0x60, 0x12, 0x7f, 0xf7, 0x54, 0xc5, 0x77,
    0xfe, 0xe0, 0xd, 0x5f, 0xed, 0x40, 0xf, 0x3f,
    0xfe, 0x70, 0xd, 0x12, 0x1, 0xfd, 0x3f, 0xf6,
    0x0, 0x7f, 0xf0, 0xcb, 0xff, 0x0, 0x7f, 0xf1,
    0x3f, 0xf0, 0x80, 0x64, 0x9c, 0xef, 0xff, 0xf8,
    0x80, 0x3, 0x7f, 0xff, 0xfc, 0x32, 0x0, 0x6f,
    0xff, 0xff, 0x10, 0x81, 0xff, 0xf5, 0xa1, 0x8,
    0xfb, 0xff, 0x10, 0x6f, 0xfd, 0x40, 0x1f, 0xdf,
    0xf8, 0x83, 0xff, 0x10, 0x7, 0xe3, 0xff, 0xc4,
    0x1f, 0xf8, 0x40, 0x3f, 0x57, 0xfe, 0x20, 0xef,
    0xf9, 0x0, 0x3e, 0x5f, 0xfe, 0x20, 0xaf, 0xfb,
    0x48, 0x3, 0x9b, 0xff, 0xc4, 0x7, 0xff, 0xd2,
    0xed, 0x1b, 0xff, 0xf1, 0x0, 0x1f, 0xff, 0xfe,
    0x5d, 0xff, 0x88, 0x2, 0x6f, 0xff, 0xdc, 0x81,
    0x7f, 0xf1, 0x0, 0x61, 0x7b, 0xef, 0xec, 0x71,
    0x0, 0x57, 0xfc, 0x40,

    /* U+00E5 "å" */
    0x0, 0xfe, 0x13, 0x20, 0xf, 0xfe, 0x19, 0x5f,
    0xfd, 0x84, 0x1, 0xff, 0xc0, 0x1e, 0xff, 0xf1,
    0x0, 0x7f, 0xd3, 0xfc, 0x80, 0x7b, 0xf4, 0x1,
    0xff, 0x6f, 0xb0, 0x4, 0xbf, 0xc0, 0x1f, 0xf6,
    0xfb, 0x80, 0x4b, 0xfc, 0x1, 0xff, 0x4f, 0xf2,
    0x1, 0xf7, 0xd0, 0x7, 0xfc, 0x3d, 0xff, 0xdc,
    0x40, 0x1f, 0xfc, 0x1, 0xbf, 0xfb, 0x8, 0x3,
    0xff, 0x86, 0x26, 0x20, 0x1f, 0xfd, 0x51, 0x5a,
    0xde, 0xfe, 0xd9, 0x40, 0xf, 0xc3, 0x3f, 0xff,
    0xed, 0x20, 0xe, 0x4e, 0xff, 0xff, 0xe0, 0x98,
    0x4, 0x9f, 0xfd, 0xd5, 0x31, 0x5d, 0xff, 0xb8,
    0x3, 0x57, 0xfb, 0x50, 0x3, 0xcf, 0xff, 0x9c,
    0x3, 0x44, 0x80, 0x7f, 0x4f, 0xfd, 0x80, 0x1f,
    0xfc, 0x32, 0xff, 0xc0, 0x1f, 0xfc, 0x4f, 0xfc,
    0x20, 0x19, 0x27, 0x3b, 0xff, 0xfe, 0x20, 0x0,
    0xdf, 0xff, 0xff, 0xc, 0x80, 0x1b, 0xff, 0xff,
    0xc4, 0x20, 0x7f, 0xfd, 0x68, 0x42, 0x3e, 0xff,
    0xc4, 0x1b, 0xff, 0x50, 0x7, 0xf7, 0xfe, 0x20,
    0xff, 0xc4, 0x1, 0xf8, 0xff, 0xf1, 0x7, 0xfe,
    0x10, 0xf, 0xd5, 0xff, 0x88, 0x3b, 0xfe, 0x40,
    0xf, 0x97, 0xff, 0x88, 0x2b, 0xfe, 0xd2, 0x0,
    0xe6, 0xff, 0xf1, 0x1, 0xff, 0xf4, 0xbb, 0x46,
    0xff, 0xfc, 0x40, 0x7, 0xff, 0xff, 0x97, 0x7f,
    0xe2, 0x0, 0x9b, 0xff, 0xf7, 0x20, 0x5f, 0xfc,
    0x40, 0x18, 0x5e, 0xfb, 0xfb, 0x1c, 0x40, 0x15,
    0xff, 0x10,

    /* U+00E6 "æ" */
    0x0, 0xf2, 0xce, 0x77, 0xf6, 0xd2, 0x0, 0x70,
    0xc6, 0x7f, 0xbb, 0x20, 0x80, 0x3f, 0x9f, 0xbf,
    0xff, 0xb0, 0x80, 0x9, 0xdf, 0xff, 0xa4, 0x3,
    0xc5, 0x9f, 0xff, 0xfc, 0xe, 0x15, 0xff, 0xff,
    0xb0, 0x3, 0x17, 0x7f, 0xf6, 0x54, 0xd7, 0x7f,
    0xea, 0xff, 0xdb, 0x53, 0x7f, 0xfd, 0x20, 0x1a,
    0xff, 0xea, 0x20, 0xe, 0x7f, 0xff, 0x71, 0x80,
    0x61, 0xbf, 0xfc, 0x60, 0x1a, 0x3d, 0x80, 0x3f,
    0x47, 0xff, 0x10, 0x7, 0xd7, 0xff, 0x48, 0x7,
    0x10, 0x7, 0xf0, 0xff, 0xe7, 0x0, 0xfc, 0x5f,
    0xf7, 0x0, 0x7f, 0xf1, 0x3b, 0xfe, 0x10, 0xf,
    0xeb, 0xff, 0x88, 0x3, 0xff, 0x87, 0xdf, 0xee,
    0x0, 0xff, 0x47, 0xfc, 0x80, 0x18, 0xe7, 0x3f,
    0xff, 0xf9, 0xca, 0x0, 0x2c, 0xff, 0xff, 0xe8,
    0xa8, 0xf, 0x7f, 0xff, 0xf4, 0x90, 0x27, 0xff,
    0x5a, 0x90, 0x7, 0xbf, 0xf0, 0x7, 0xff, 0x13,
    0xbf, 0xe9, 0x0, 0xfc, 0x7f, 0xf8, 0x80, 0x3f,
    0xf8, 0x7f, 0xf8, 0x80, 0x3f, 0x5f, 0xfe, 0x80,
    0xf, 0xfe, 0x1f, 0xfe, 0x50, 0xf, 0x9b, 0xff,
    0xc6, 0x1, 0xf9, 0x20, 0x3, 0x67, 0xfd, 0xc8,
    0x1, 0x8a, 0xbf, 0xdc, 0xbf, 0xf9, 0x80, 0x38,
    0xeb, 0xfd, 0x20, 0x13, 0x7f, 0xf7, 0x66, 0x3b,
    0xff, 0x28, 0x57, 0xff, 0x65, 0xe7, 0x7f, 0xf3,
    0x80, 0x57, 0xff, 0xff, 0x40, 0x5, 0x9f, 0xff,
    0xfc, 0xb, 0x0, 0xea, 0xff, 0xfe, 0x60, 0xe,
    0xaf, 0xff, 0xee, 0x60, 0xf, 0x8e, 0x77, 0xfe,
    0xc7, 0x10, 0xf, 0x8e, 0x77, 0xfe, 0xdb, 0x60,
    0xe,

    /* U+00E7 "ç" */
    0x0, 0xf1, 0x3e, 0x77, 0xfb, 0x65, 0x0, 0x3f,
    0x86, 0x7f, 0xff, 0xb0, 0x80, 0x3c, 0x3b, 0xff,
    0xff, 0xc0, 0x30, 0xe, 0xdf, 0xfd, 0xd7, 0x32,
    0xdf, 0xfd, 0xc2, 0x1, 0x47, 0xfe, 0x90, 0xe,
    0x5f, 0xfd, 0x20, 0x1, 0xff, 0xd0, 0x1, 0xf2,
    0xff, 0xe0, 0x3, 0xff, 0xdc, 0x1, 0xfd, 0x7a,
    0xe2, 0x0, 0xbf, 0xf9, 0xc0, 0x3f, 0xf8, 0x7f,
    0xf8, 0xc0, 0x3f, 0xf8, 0x7f, 0xf8, 0x40, 0x3f,
    0xf8, 0x43, 0xff, 0x80, 0x3f, 0xf8, 0x9f, 0xf8,
    0x40, 0x3f, 0xf8, 0x7f, 0xf8, 0xc0, 0x3f, 0xf8,
    0x77, 0xff, 0x38, 0x7, 0xf0, 0x80, 0x73, 0xff,
    0xdc, 0x1, 0xfd, 0x9b, 0x4, 0x0, 0x1f, 0xfd,
    0x20, 0x1f, 0x2f, 0xfe, 0x0, 0xa3, 0xff, 0x48,
    0x80, 0x66, 0xff, 0xd2, 0x1, 0xb3, 0xff, 0xb2,
    0xaf, 0xbf, 0xf7, 0x8, 0x6, 0x1d, 0xff, 0xff,
    0xe0, 0x18, 0x7, 0xd3, 0xff, 0xfd, 0x84, 0x1,
    0xfc, 0x4f, 0x9f, 0xf7, 0x4a, 0x0, 0x7f, 0xf0,
    0xb3, 0xd8, 0x3, 0xff, 0x88, 0xff, 0xa2, 0x1,
    0xff, 0xc3, 0x2f, 0xfd, 0x64, 0x1, 0xff, 0xc1,
    0x24, 0x7a, 0xff, 0x88, 0x3, 0xff, 0x88, 0x7f,
    0xe7, 0x0, 0xff, 0xe2, 0xff, 0xa0, 0x3, 0xff,
    0x81, 0x8e, 0x43, 0x1f, 0xe4, 0x0, 0xff, 0x9f,
    0xff, 0xd6, 0x1, 0xff, 0xc1, 0x6c, 0xef, 0xd7,
    0x0, 0xf8,

    /* U+00E8 "è" */
    0x0, 0x93, 0xfe, 0xe1, 0x0, 0xff, 0xe1, 0xa7,
    0xfd, 0x80, 0x1f, 0xfc, 0x44, 0xff, 0xa0, 0x3,
    0xff, 0x88, 0x9f, 0xf2, 0x0, 0x7f, 0xf1, 0x17,
    0xfd, 0xc2, 0x1, 0xff, 0xc4, 0x5c, 0xc4, 0x80,
    0x7f, 0xfa, 0x8e, 0x33, 0xbf, 0xb2, 0xc, 0x3,
    0xf8, 0x6b, 0xff, 0xfa, 0x84, 0x3, 0xc5, 0xdf,
    0xff, 0xf6, 0x88, 0x7, 0x6f, 0xfe, 0xd8, 0x78,
    0xcf, 0xfd, 0x80, 0x1a, 0x3f, 0xf2, 0x80, 0x71,
    0xf7, 0xfc, 0xc0, 0x1, 0xff, 0xc8, 0x1, 0xf1,
    0xff, 0xda, 0x0, 0x7f, 0xfa, 0x80, 0x3f, 0xa7,
    0xfe, 0x30, 0xbf, 0xf9, 0x0, 0x3f, 0x93, 0xfe,
    0x70, 0xef, 0xf8, 0x40, 0x3f, 0x8f, 0xfe, 0xa0,
    0xff, 0xff, 0xe3, 0x58, 0xff, 0xff, 0xf1, 0xb0,
    0x3f, 0xff, 0xf8, 0xd6, 0x1f, 0xf8, 0x40, 0x3f,
    0xf8, 0x79, 0xff, 0x18, 0x7, 0xff, 0xd, 0xff,
    0xea, 0x0, 0xff, 0xe1, 0x8f, 0xfe, 0x50, 0xf,
    0xc3, 0x42, 0x1, 0xa7, 0xff, 0x40, 0x80, 0x61,
    0x7e, 0xfe, 0x20, 0xd, 0xdf, 0xfd, 0xb7, 0x6d,
    0xff, 0xed, 0x0, 0xc5, 0xdf, 0xff, 0xfc, 0xd,
    0x20, 0xe, 0x1a, 0xff, 0xff, 0x48, 0x7, 0xf1,
    0xc6, 0x77, 0xfb, 0xad, 0xc4, 0x3, 0x0,

    /* U+00E9 "é" */
    0x0, 0xff, 0xe0, 0xef, 0xfc, 0xc0, 0x1f, 0xfc,
    0x2a, 0xff, 0x98, 0x3, 0xff, 0x84, 0xff, 0xf2,
    0x80, 0x7f, 0xf0, 0x93, 0xfe, 0x50, 0xf, 0xfe,
    0x11, 0x77, 0xf9, 0x40, 0x3f, 0xf8, 0x73, 0x98,
    0x40, 0xf, 0xff, 0x49, 0xc6, 0x77, 0xf6, 0x41,
    0x80, 0x7f, 0xd, 0x7f, 0xff, 0x50, 0x80, 0x78,
    0xbb, 0xff, 0xfe, 0xd1, 0x0, 0xed, 0xff, 0xdb,
    0xf, 0x19, 0xff, 0xb0, 0x3, 0x47, 0xfe, 0x50,
    0xe, 0x3e, 0xff, 0x98, 0x0, 0x3f, 0xf9, 0x0,
    0x3e, 0x3f, 0xfb, 0x40, 0xf, 0xff, 0x50, 0x7,
    0xf4, 0xff, 0xc6, 0x17, 0xff, 0x20, 0x7, 0xf2,
    0x7f, 0xce, 0x1d, 0xff, 0x8, 0x7, 0xf1, 0xff,
    0xd4, 0x1f, 0xff, 0xfc, 0x6b, 0x1f, 0xff, 0xfe,
    0x36, 0x7, 0xff, 0xff, 0x1a, 0xc3, 0xff, 0x8,
    0x7, 0xff, 0xf, 0x3f, 0xe3, 0x0, 0xff, 0xe1,
    0xbf, 0xfd, 0x40, 0x1f, 0xfc, 0x31, 0xff, 0xca,
    0x1, 0xf8, 0x68, 0x40, 0x34, 0xff, 0xe8, 0x10,
    0xc, 0x2f, 0xdf, 0xc4, 0x1, 0xbb, 0xff, 0xb6,
    0xed, 0xbf, 0xfd, 0xa0, 0x18, 0xbb, 0xff, 0xff,
    0x81, 0xa4, 0x1, 0xc3, 0x5f, 0xff, 0xe9, 0x0,
    0xfe, 0x38, 0xce, 0xff, 0x75, 0xb8, 0x80, 0x60,

    /* U+00EA "ê" */
    0x0, 0xfe, 0x1a, 0x0, 0xff, 0xe3, 0x67, 0xe0,
    0x7, 0xff, 0x13, 0x3f, 0xeb, 0x0, 0xff, 0xe1,
    0x5f, 0xfb, 0x7f, 0xd4, 0x1, 0xff, 0xc0, 0xaf,
    0xf5, 0x5, 0x7f, 0xa4, 0x3, 0xfd, 0x3f, 0xeb,
    0x0, 0xb3, 0xfd, 0x0, 0x1f, 0x9f, 0xfd, 0x80,
    0x1d, 0xbf, 0xe6, 0x0, 0xff, 0xf2, 0x9c, 0x67,
    0x7f, 0x64, 0x18, 0x7, 0xf0, 0xd7, 0xff, 0xf5,
    0x8, 0x7, 0x8b, 0xbf, 0xff, 0xed, 0x10, 0xe,
    0xdf, 0xfd, 0xb0, 0xf1, 0x9f, 0xfb, 0x0, 0x34,
    0x7f, 0xe5, 0x0, 0xe3, 0xef, 0xf9, 0x80, 0x3,
    0xff, 0x90, 0x3, 0xe3, 0xff, 0xb4, 0x0, 0xff,
    0xf5, 0x0, 0x7f, 0x4f, 0xfc, 0x61, 0x7f, 0xf2,
    0x0, 0x7f, 0x27, 0xfc, 0xe1, 0xdf, 0xf0, 0x80,
    0x7f, 0x1f, 0xfd, 0x41, 0xff, 0xff, 0xc6, 0xb1,
    0xff, 0xff, 0xe3, 0x60, 0x7f, 0xff, 0xf1, 0xac,
    0x3f, 0xf0, 0x80, 0x7f, 0xf0, 0xf3, 0xfe, 0x30,
    0xf, 0xfe, 0x1b, 0xff, 0xd4, 0x1, 0xff, 0xc3,
    0x1f, 0xfc, 0xa0, 0x1f, 0x86, 0x84, 0x3, 0x4f,
    0xfe, 0x81, 0x0, 0xc2, 0xfd, 0xfc, 0x40, 0x1b,
    0xbf, 0xfb, 0x6e, 0xdb, 0xff, 0xda, 0x1, 0x8b,
    0xbf, 0xff, 0xf8, 0x1a, 0x40, 0x1c, 0x35, 0xff,
    0xfe, 0x90, 0xf, 0xe3, 0x8c, 0xef, 0xf7, 0x5b,
    0x88, 0x6,

    /* U+00EB "ë" */
    0x0, 0xd9, 0xff, 0x70, 0x5, 0xbf, 0xf6, 0x80,
    0x7d, 0x9f, 0xf7, 0x0, 0x5b, 0xff, 0x68, 0x7,
    0xd9, 0xff, 0x70, 0x5, 0xbf, 0xf6, 0x80, 0x7d,
    0x9f, 0xf7, 0x0, 0x5b, 0xff, 0x68, 0x7, 0xd9,
    0xff, 0x68, 0x5, 0xbf, 0xf6, 0x0, 0x7f, 0xfe,
    0x4e, 0x33, 0xbf, 0xb2, 0xc, 0x3, 0xf8, 0x6b,
    0xff, 0xfa, 0x84, 0x3, 0xc5, 0xdf, 0xff, 0xf6,
    0x88, 0x7, 0x6f, 0xfe, 0xd8, 0x78, 0xcf, 0xfd,
    0x80, 0x1a, 0x3f, 0xf2, 0x80, 0x71, 0xf7, 0xfc,
    0xc0, 0x1, 0xff, 0xc8, 0x1, 0xf1, 0xff, 0xda,
    0x0, 0x7f, 0xfa, 0x80, 0x3f, 0xa7, 0xfe, 0x30,
    0xbf, 0xf9, 0x0, 0x3f, 0x93, 0xfe, 0x70, 0xef,
    0xf8, 0x40, 0x3f, 0x8f, 0xfe, 0xa0, 0xff, 0xff,
    0xe3, 0x58, 0xff, 0xff, 0xf1, 0xb0, 0x3f, 0xff,
    0xf8, 0xd6, 0x1f, 0xf8, 0x40, 0x3f, 0xf8, 0x79,
    0xff, 0x18, 0x7, 0xff, 0xd, 0xff, 0xea, 0x0,
    0xff, 0xe1, 0x8f, 0xfe, 0x50, 0xf, 0xc3, 0x42,
    0x1, 0xa7, 0xff, 0x40, 0x80, 0x61, 0x7e, 0xfe,
    0x20, 0xd, 0xdf, 0xfd, 0xb7, 0x6d, 0xff, 0xed,
    0x0, 0xc5, 0xdf, 0xff, 0xfc, 0xd, 0x20, 0xe,
    0x1a, 0xff, 0xff, 0x48, 0x7, 0xf1, 0xc6, 0x77,
    0xfb, 0xad, 0xc4, 0x3, 0x0,

    /* U+00EC "ì" */
    0x1c, 0xff, 0x98, 0x3, 0xd9, 0xff, 0x18, 0x7,
    0xb3, 0xfd, 0xc2, 0x1, 0xeb, 0xff, 0x60, 0x7,
    0xd7, 0xfe, 0x90, 0xf, 0x9e, 0x20, 0x20, 0x1f,
    0xfc, 0xd3, 0xff, 0xc0, 0x1c, 0x7f, 0xf8, 0x3,
    0x8f, 0xff, 0x0, 0x71, 0xff, 0xe0, 0xe, 0x3f,
    0xfc, 0x1, 0xc7, 0xff, 0x80, 0x38, 0xff, 0xf0,
    0x7, 0x1f, 0xfe, 0x0, 0xe3, 0xff, 0xc0, 0x1c,
    0x7f, 0xf8, 0x3, 0x8f, 0xff, 0x0, 0x71, 0xff,
    0xe0, 0xe, 0x3f, 0xfc, 0x1, 0xc7, 0xff, 0x80,
    0x38, 0xff, 0xf0, 0x7, 0x1f, 0xfe, 0x0, 0xe3,
    0xff, 0xc0, 0x1c, 0x7f, 0xf8, 0x3, 0x8f, 0xff,
    0x0, 0x71, 0xff, 0xe0, 0xe, 0x3f, 0xfc,

    /* U+00ED "í" */
    0x0, 0xe7, 0xff, 0xb0, 0x3, 0x97, 0xfe, 0xb0,
    0xe, 0x3f, 0xfa, 0x80, 0x38, 0x7b, 0xfd, 0x20,
    0x1e, 0xcf, 0xf4, 0x0, 0x78, 0xe2, 0xa, 0x1,
    0xff, 0xd0, 0x3f, 0xfc, 0x1, 0xe3, 0xff, 0xc0,
    0x1e, 0x3f, 0xfc, 0x1, 0xe3, 0xff, 0xc0, 0x1e,
    0x3f, 0xfc, 0x1, 0xe3, 0xff, 0xc0, 0x1e, 0x3f,
    0xfc, 0x1, 0xe3, 0xff, 0xc0, 0x1e, 0x3f, 0xfc,
    0x1, 0xe3, 0xff, 0xc0, 0x1e, 0x3f, 0xfc, 0x1,
    0xe3, 0xff, 0xc0, 0x1e, 0x3f, 0xfc, 0x1, 0xe3,
    0xff, 0xc0, 0x1e, 0x3f, 0xfc, 0x1, 0xe3, 0xff,
    0xc0, 0x1e, 0x3f, 0xfc, 0x1, 0xe3, 0xff, 0xc0,
    0x1e, 0x3f, 0xfc, 0x1, 0xe3, 0xff, 0xc0, 0x1e,
    0x3f, 0xfc, 0x1, 0xe0,

    /* U+00EE "î" */
    0x0, 0xf4, 0x20, 0x7, 0xfc, 0xff, 0xe3, 0x0,
    0xfe, 0x6f, 0xfc, 0x60, 0x1f, 0x2f, 0xfb, 0xbf,
    0xdc, 0x40, 0x1c, 0x9f, 0xee, 0x24, 0xff, 0x70,
    0x80, 0x47, 0xff, 0x18, 0x1, 0xbf, 0xda, 0x20,
    0x5d, 0xfe, 0x40, 0xc, 0xff, 0xec, 0x0, 0xff,
    0xea, 0x9f, 0xfe, 0x0, 0xfe, 0x3f, 0xfc, 0x1,
    0xfc, 0x7f, 0xf8, 0x3, 0xf8, 0xff, 0xf0, 0x7,
    0xf1, 0xff, 0xe0, 0xf, 0xe3, 0xff, 0xc0, 0x1f,
    0xc7, 0xff, 0x80, 0x3f, 0x8f, 0xff, 0x0, 0x7f,
    0x1f, 0xfe, 0x0, 0xfe, 0x3f, 0xfc, 0x1, 0xfc,
    0x7f, 0xf8, 0x3, 0xf8, 0xff, 0xf0, 0x7, 0xf1,
    0xff, 0xe0, 0xf, 0xe3, 0xff, 0xc0, 0x1f, 0xc7,
    0xff, 0x80, 0x3f, 0x8f, 0xff, 0x0, 0x7f, 0x1f,
    0xfe, 0x0, 0xfe, 0x3f, 0xfc, 0x1, 0xfc, 0x7f,
    0xf8, 0x3, 0xf8, 0xff, 0xf0, 0x7, 0xf1, 0xff,
    0xe0, 0xe,

    /* U+00EF "ï" */
    0x6f, 0xfc, 0x60, 0x7, 0xff, 0xc4, 0xdf, 0xf8,
    0xc0, 0xf, 0xff, 0x89, 0xbf, 0xf1, 0x80, 0x1f,
    0xff, 0x13, 0x7f, 0xe3, 0x0, 0x3f, 0xfe, 0x26,
    0xff, 0xc6, 0x0, 0x7f, 0xfc, 0x40, 0x1f, 0xfe,
    0x23, 0xff, 0xc0, 0x1f, 0xc7, 0xff, 0x80, 0x3f,
    0x8f, 0xff, 0x0, 0x7f, 0x1f, 0xfe, 0x0, 0xfe,
    0x3f, 0xfc, 0x1, 0xfc, 0x7f, 0xf8, 0x3, 0xf8,
    0xff, 0xf0, 0x7, 0xf1, 0xff, 0xe0, 0xf, 0xe3,
    0xff, 0xc0, 0x1f, 0xc7, 0xff, 0x80, 0x3f, 0x8f,
    0xff, 0x0, 0x7f, 0x1f, 0xfe, 0x0, 0xfe, 0x3f,
    0xfc, 0x1, 0xfc, 0x7f, 0xf8, 0x3, 0xf8, 0xff,
    0xf0, 0x7, 0xf1, 0xff, 0xe0, 0xf, 0xe3, 0xff,
    0xc0, 0x1f, 0xc7, 0xff, 0x80, 0x3f, 0x8f, 0xff,
    0x0, 0x7f, 0x1f, 0xfe, 0x0, 0xfe, 0x3f, 0xfc,
    0x1, 0xc0,

    /* U+00F0 "ð" */
    0x0, 0xf9, 0xea, 0x90, 0xc4, 0x1, 0xff, 0xc5,
    0xcf, 0xfe, 0xe8, 0x20, 0xf, 0xfe, 0x16, 0xff,
    0xfe, 0x90, 0xc, 0x8a, 0x1, 0xf8, 0x49, 0x23,
    0x7f, 0xfa, 0x2f, 0xfd, 0xa0, 0x1f, 0xfc, 0x14,
    0xff, 0xf6, 0xca, 0x0, 0x7f, 0x89, 0xaf, 0xff,
    0xd8, 0x1, 0xff, 0x36, 0xff, 0xdb, 0x29, 0x5f,
    0xf2, 0x0, 0x7f, 0x9f, 0xed, 0x88, 0x3, 0x77,
    0xfa, 0xc0, 0x3f, 0xf8, 0xef, 0xff, 0x8, 0x7,
    0xff, 0x18, 0x7f, 0xe6, 0x0, 0xfc, 0x4f, 0x9d,
    0xfe, 0xc7, 0x0, 0xb7, 0xfd, 0x20, 0x1e, 0x2a,
    0xff, 0xfd, 0xc6, 0x15, 0xfe, 0xc0, 0xe, 0x5f,
    0xff, 0xfe, 0x1, 0x47, 0xfb, 0x80, 0x33, 0x7f,
    0xf6, 0x43, 0x32, 0x37, 0xfd, 0x8f, 0xff, 0x0,
    0x49, 0xff, 0xb4, 0xc0, 0x3c, 0xbf, 0xeb, 0xff,
    0x80, 0x2e, 0xff, 0xac, 0x3, 0xf9, 0x7f, 0xf8,
    0x0, 0xff, 0xf6, 0x80, 0x7f, 0xd9, 0xff, 0x80,
    0x1b, 0xff, 0x20, 0x7, 0xfc, 0xdf, 0xf7, 0x1,
    0x7f, 0xdc, 0x1, 0xff, 0xc0, 0x3f, 0xfb, 0x1,
    0x7f, 0xe8, 0x0, 0xff, 0xe0, 0x17, 0xfd, 0x20,
    0xff, 0xf3, 0x0, 0x7f, 0xf0, 0x13, 0xfe, 0x60,
    0x8f, 0xf9, 0x40, 0x3f, 0xf8, 0xf, 0xff, 0x18,
    0x47, 0xfc, 0xc0, 0x1f, 0xfc, 0xd, 0xff, 0x68,
    0x1, 0xbf, 0xe9, 0x0, 0xff, 0x93, 0xfe, 0x70,
    0x1, 0xff, 0xdc, 0x1, 0xfe, 0x1e, 0xff, 0x84,
    0x2, 0xdf, 0xfa, 0x80, 0x3f, 0xe, 0x7f, 0xce,
    0x1, 0x9b, 0xff, 0x58, 0x80, 0x72, 0xf7, 0xfd,
    0xa0, 0x1e, 0xbf, 0xfe, 0xca, 0x9a, 0xef, 0xfd,
    0xc4, 0x1, 0xe1, 0xcf, 0xff, 0xfe, 0x6, 0x90,
    0x7, 0xf4, 0x7f, 0xff, 0xa4, 0x3, 0xff, 0x80,
    0x4f, 0x9d, 0xfe, 0xeb, 0x71, 0x0, 0xfc,

    /* U+00F1 "ñ" */
    0x0, 0xcb, 0xbf, 0xd0, 0x1, 0x9b, 0xfc, 0x40,
    0x1c, 0xdf, 0xfd, 0x80, 0x14, 0x7f, 0x84, 0x3,
    0xbf, 0xea, 0xef, 0xf6, 0x11, 0x3b, 0xf4, 0x3,
    0x97, 0xfc, 0x80, 0xc, 0xff, 0xf3, 0x0, 0x73,
    0xff, 0x80, 0x35, 0x7f, 0xe9, 0x0, 0xf2, 0x43,
    0x80, 0x71, 0xbb, 0x8c, 0x3, 0xff, 0xbe, 0x5f,
    0xf8, 0x0, 0x2f, 0x9d, 0xfd, 0x6c, 0x1, 0x8b,
    0xff, 0x2, 0xff, 0xfe, 0xd2, 0x0, 0x17, 0xfe,
    0x6f, 0xff, 0xf7, 0x8, 0x17, 0xff, 0xd9, 0x32,
    0xbf, 0xfe, 0xa0, 0x2f, 0xfe, 0xe3, 0x0, 0xc7,
    0xdf, 0xf8, 0x4b, 0xff, 0x8c, 0x3, 0xc9, 0xff,
    0x94, 0xbf, 0xf5, 0x80, 0x7e, 0xef, 0xf9, 0xcb,
    0xff, 0x30, 0x7, 0xea, 0xff, 0xa0, 0xbf, 0xf1,
    0x0, 0x7e, 0x9f, 0xfa, 0x4b, 0xff, 0x8, 0x7,
    0xe8, 0xff, 0xa4, 0xbf, 0xf0, 0x7, 0xf4, 0x7f,
    0xd2, 0x5f, 0xf8, 0x3, 0xfa, 0x3f, 0xe9, 0x2f,
    0xfc, 0x1, 0xfd, 0x1f, 0xf4, 0x97, 0xfe, 0x0,
    0xfe, 0x8f, 0xfa, 0x4b, 0xff, 0x0, 0x7f, 0x47,
    0xfd, 0x25, 0xff, 0x80, 0x3f, 0xa3, 0xfe, 0x92,
    0xff, 0xc0, 0x1f, 0xd1, 0xff, 0x49, 0x7f, 0xe0,
    0xf, 0xe8, 0xff, 0xa4, 0xbf, 0xf0, 0x7, 0xf4,
    0x7f, 0xd2, 0x5f, 0xf8, 0x3, 0xfa, 0x3f, 0xe9,
    0x2f, 0xfc, 0x1, 0xfd, 0x1f, 0xf4, 0x80,

    /* U+00F2 "ò" */
    0x0, 0xd5, 0xff, 0x48, 0x7, 0xff, 0x1a, 0xbf,
    0xe5, 0x0, 0xff, 0xe3, 0x57, 0xfc, 0x40, 0x1f,
    0xfc, 0x6a, 0xff, 0x68, 0x7, 0xff, 0x1e, 0xff,
    0xd4, 0x1, 0xff, 0xc7, 0xac, 0xc1, 0x80, 0x7f,
    0xfc, 0x1a, 0xfb, 0xfd, 0xd6, 0xe2, 0x1, 0xff,
    0x37, 0x7f, 0xff, 0x40, 0x7, 0xf5, 0x7f, 0xff,
    0xf0, 0x30, 0x40, 0x3d, 0x7f, 0xfd, 0x95, 0x4c,
    0xff, 0xec, 0x0, 0xe7, 0xff, 0xd6, 0x40, 0x18,
    0x67, 0xff, 0x48, 0x4, 0x3f, 0xfa, 0x80, 0x3f,
    0x47, 0xfe, 0x20, 0x3, 0xff, 0xdc, 0x1, 0xfe,
    0xcf, 0xfa, 0x40, 0x17, 0xff, 0x40, 0x7, 0xf9,
    0x7f, 0xee, 0x0, 0x7f, 0xe3, 0x0, 0xff, 0xf,
    0xfe, 0x10, 0xff, 0xc2, 0x1, 0xff, 0x7f, 0xe3,
    0x1f, 0xfc, 0x1, 0xff, 0xc0, 0xef, 0xf9, 0x3,
    0xff, 0x8, 0x7, 0xfd, 0xff, 0x8c, 0x3b, 0xfe,
    0x30, 0xf, 0xf0, 0xff, 0xe1, 0xb, 0xff, 0xa0,
    0x3, 0xfc, 0xdf, 0xf7, 0x0, 0x1b, 0xfe, 0xe1,
    0x0, 0xfe, 0xdf, 0xfa, 0x0, 0x2e, 0xff, 0xa8,
    0x3, 0xf4, 0xff, 0xe2, 0x0, 0x9b, 0xff, 0x59,
    0x80, 0x62, 0xaf, 0xfc, 0xe0, 0x1d, 0x5f, 0xfd,
    0xb7, 0x6d, 0xff, 0xeb, 0x0, 0xfa, 0xbf, 0xff,
    0xf8, 0x14, 0x1, 0xfc, 0xdd, 0xff, 0xfc, 0xe0,
    0x1f, 0xfc, 0x6, 0xbe, 0xff, 0x75, 0xb8, 0x80,
    0x78,

    /* U+00F3 "ó" */
    0x0, 0xff, 0xe0, 0xa7, 0xfd, 0xc4, 0x1, 0xff,
    0xc3, 0x1e, 0xff, 0x71, 0x0, 0x7f, 0xf1, 0x33,
    0xfd, 0xa4, 0x1, 0xff, 0xc4, 0xaf, 0xf6, 0x88,
    0x7, 0xff, 0x11, 0xbf, 0xda, 0x20, 0x1f, 0xfc,
    0x42, 0xcc, 0x58, 0x80, 0x7f, 0xfb, 0xda, 0xfb,
    0xfd, 0xd6, 0xe2, 0x1, 0xff, 0x37, 0x7f, 0xff,
    0x40, 0x7, 0xf5, 0x7f, 0xff, 0xf0, 0x30, 0x40,
    0x3d, 0x7f, 0xfd, 0x95, 0x4c, 0xff, 0xec, 0x0,
    0xe7, 0xff, 0xd6, 0x40, 0x18, 0x67, 0xff, 0x48,
    0x4, 0x3f, 0xfa, 0x80, 0x3f, 0x47, 0xfe, 0x20,
    0x3, 0xff, 0xdc, 0x1, 0xfe, 0xcf, 0xfa, 0x40,
    0x17, 0xff, 0x40, 0x7, 0xf9, 0x7f, 0xee, 0x0,
    0x7f, 0xe3, 0x0, 0xff, 0xf, 0xfe, 0x10, 0xff,
    0xc2, 0x1, 0xff, 0x7f, 0xe3, 0x1f, 0xfc, 0x1,
    0xff, 0xc0, 0xef, 0xf9, 0x3, 0xff, 0x8, 0x7,
    0xfd, 0xff, 0x8c, 0x3b, 0xfe, 0x30, 0xf, 0xf0,
    0xff, 0xe1, 0xb, 0xff, 0xa0, 0x3, 0xfc, 0xdf,
    0xf7, 0x0, 0x1b, 0xfe, 0xe1, 0x0, 0xfe, 0xdf,
    0xfa, 0x0, 0x2e, 0xff, 0xa8, 0x3, 0xf4, 0xff,
    0xe2, 0x0, 0x9b, 0xff, 0x59, 0x80, 0x62, 0xaf,
    0xfc, 0xe0, 0x1d, 0x5f, 0xfd, 0xb7, 0x6d, 0xff,
    0xeb, 0x0, 0xfa, 0xbf, 0xff, 0xf8, 0x14, 0x1,
    0xfc, 0xdd, 0xff, 0xfc, 0xe0, 0x1f, 0xfc, 0x6,
    0xbe, 0xff, 0x75, 0xb8, 0x80, 0x78,

    /* U+00F4 "ô" */
    0x0, 0xff, 0x2b, 0x80, 0x7f, 0xf1, 0xd3, 0xfc,
    0xc0, 0x1f, 0xfc, 0x53, 0xff, 0xca, 0x1, 0xff,
    0xc3, 0x2e, 0xff, 0x77, 0xf9, 0x0, 0x3f, 0xf8,
    0x23, 0xdf, 0xe4, 0x2e, 0xff, 0x18, 0x7, 0xfc,
    0x3b, 0xfe, 0x60, 0x1, 0xff, 0xc6, 0x1, 0xfe,
    0xcf, 0xf3, 0x80, 0x64, 0xff, 0x71, 0x0, 0x7f,
    0xfa, 0xda, 0xfb, 0xfd, 0xd6, 0xe2, 0x1, 0xff,
    0x37, 0x7f, 0xff, 0x40, 0x7, 0xf5, 0x7f, 0xff,
    0xf0, 0x30, 0x40, 0x3d, 0x7f, 0xfd, 0x95, 0x4c,
    0xff, 0xec, 0x0, 0xe7, 0xff, 0xd6, 0x40, 0x18,
    0x67, 0xff, 0x48, 0x4, 0x3f, 0xfa, 0x80, 0x3f,
    0x47, 0xfe, 0x20, 0x3, 0xff, 0xdc, 0x1, 0xfe,
    0xcf, 0xfa, 0x40, 0x17, 0xff, 0x40, 0x7, 0xf9,
    0x7f, 0xee, 0x0, 0x7f, 0xe3, 0x0, 0xff, 0xf,
    0xfe, 0x10, 0xff, 0xc2, 0x1, 0xff, 0x7f, 0xe3,
    0x1f, 0xfc, 0x1, 0xff, 0xc0, 0xef, 0xf9, 0x3,
    0xff, 0x8, 0x7, 0xfd, 0xff, 0x8c, 0x3b, 0xfe,
    0x30, 0xf, 0xf0, 0xff, 0xe1, 0xb, 0xff, 0xa0,
    0x3, 0xfc, 0xdf, 0xf7, 0x0, 0x1b, 0xfe, 0xe1,
    0x0, 0xfe, 0xdf, 0xfa, 0x0, 0x2e, 0xff, 0xa8,
    0x3, 0xf4, 0xff, 0xe2, 0x0, 0x9b, 0xff, 0x59,
    0x80, 0x62, 0xaf, 0xfc, 0xe0, 0x1d, 0x5f, 0xfd,
    0xb7, 0x6d, 0xff, 0xeb, 0x0, 0xfa, 0xbf, 0xff,
    0xf8, 0x14, 0x1, 0xfc, 0xdd, 0xff, 0xfc, 0xe0,
    0x1f, 0xfc, 0x6, 0xbe, 0xff, 0x75, 0xb8, 0x80,
    0x78,

    /* U+00F5 "õ" */
    0x0, 0xf4, 0x77, 0xeb, 0x80, 0x6a, 0xfe, 0x0,
    0xfe, 0xcf, 0xfe, 0xc1, 0x0, 0x77, 0xe0, 0x7,
    0xe5, 0xff, 0x6d, 0x77, 0xfb, 0xa7, 0x3f, 0xce,
    0x1, 0xfa, 0xbf, 0x80, 0x3, 0x9f, 0xfd, 0xa0,
    0x1f, 0xd9, 0xf6, 0x1, 0x9f, 0x7f, 0xa8, 0x40,
    0x3f, 0xff, 0xe0, 0x13, 0x5f, 0x7f, 0xba, 0xdc,
    0x40, 0x3f, 0xe6, 0xef, 0xff, 0xe8, 0x0, 0xfe,
    0xaf, 0xff, 0xfe, 0x6, 0x8, 0x7, 0xaf, 0xff,
    0xb2, 0xa9, 0x9f, 0xfd, 0x80, 0x1c, 0xff, 0xfa,
    0xc8, 0x3, 0xc, 0xff, 0xe9, 0x0, 0x87, 0xff,
    0x50, 0x7, 0xe8, 0xff, 0xc4, 0x0, 0x7f, 0xfb,
    0x80, 0x3f, 0xd9, 0xff, 0x48, 0x2, 0xff, 0xe8,
    0x0, 0xff, 0x2f, 0xfd, 0xc0, 0xf, 0xfc, 0x60,
    0x1f, 0xe1, 0xff, 0xc2, 0x1f, 0xf8, 0x40, 0x3f,
    0xef, 0xfc, 0x63, 0xff, 0x80, 0x3f, 0xf8, 0x1d,
    0xff, 0x20, 0x7f, 0xe1, 0x0, 0xff, 0xbf, 0xf1,
    0x87, 0x7f, 0xc6, 0x1, 0xfe, 0x1f, 0xfc, 0x21,
    0x7f, 0xf4, 0x0, 0x7f, 0x9b, 0xfe, 0xe0, 0x3,
    0x7f, 0xdc, 0x20, 0x1f, 0xdb, 0xff, 0x40, 0x5,
    0xdf, 0xf5, 0x0, 0x7e, 0x9f, 0xfc, 0x40, 0x13,
    0x7f, 0xeb, 0x30, 0xc, 0x55, 0xff, 0x9c, 0x3,
    0xab, 0xff, 0xb6, 0xed, 0xbf, 0xfd, 0x60, 0x1f,
    0x57, 0xff, 0xff, 0x2, 0x80, 0x3f, 0x9b, 0xbf,
    0xff, 0x9c, 0x3, 0xff, 0x80, 0xd7, 0xdf, 0xee,
    0xb7, 0x10, 0xf, 0x0,

    /* U+00F6 "ö" */
    0x0, 0xc7, 0xff, 0x9c, 0x0, 0x9f, 0xf9, 0x80,
    0x3f, 0x1f, 0xfe, 0x70, 0x2, 0x7f, 0xe6, 0x0,
    0xfc, 0x7f, 0xf9, 0xc0, 0x9, 0xff, 0x98, 0x3,
    0xf1, 0xff, 0xe7, 0x0, 0x27, 0xfe, 0x60, 0xf,
    0xc7, 0xff, 0x9c, 0x0, 0x9f, 0xf9, 0x80, 0x3f,
    0xff, 0xe0, 0x6, 0xbe, 0xff, 0x75, 0xb8, 0x80,
    0x7f, 0xcd, 0xdf, 0xff, 0xd0, 0x1, 0xfd, 0x5f,
    0xff, 0xfc, 0xc, 0x10, 0xf, 0x5f, 0xff, 0x65,
    0x53, 0x3f, 0xfb, 0x0, 0x39, 0xff, 0xf5, 0x90,
    0x6, 0x19, 0xff, 0xd2, 0x1, 0xf, 0xfe, 0xa0,
    0xf, 0xd1, 0xff, 0x88, 0x0, 0xff, 0xf7, 0x0,
    0x7f, 0xb3, 0xfe, 0x90, 0x5, 0xff, 0xd0, 0x1,
    0xfe, 0x5f, 0xfb, 0x80, 0x1f, 0xf8, 0xc0, 0x3f,
    0xc3, 0xff, 0x84, 0x3f, 0xf0, 0x80, 0x7f, 0xdf,
    0xf8, 0xc7, 0xff, 0x0, 0x7f, 0xf0, 0x3b, 0xfe,
    0x40, 0xff, 0xc2, 0x1, 0xff, 0x7f, 0xe3, 0xe,
    0xff, 0x8c, 0x3, 0xfc, 0x3f, 0xf8, 0x42, 0xff,
    0xe8, 0x0, 0xff, 0x37, 0xfd, 0xc0, 0x6, 0xff,
    0xb8, 0x40, 0x3f, 0xb7, 0xfe, 0x80, 0xb, 0xbf,
    0xea, 0x0, 0xfd, 0x3f, 0xf8, 0x80, 0x26, 0xff,
    0xd6, 0x60, 0x18, 0xab, 0xff, 0x38, 0x7, 0x57,
    0xff, 0x6d, 0xdb, 0x7f, 0xfa, 0xc0, 0x3e, 0xaf,
    0xff, 0xfe, 0x5, 0x0, 0x7f, 0x37, 0x7f, 0xff,
    0x38, 0x7, 0xff, 0x1, 0xaf, 0xbf, 0xdd, 0x6e,
    0x20, 0x1e,

    /* U+00F7 "÷" */
    0x0, 0xfa, 0xbf, 0xf1, 0x0, 0x7f, 0xf0, 0x6b,
    0xff, 0x10, 0x7, 0xff, 0x6, 0xbf, 0xf1, 0x0,
    0x7f, 0xf0, 0x6b, 0xff, 0x10, 0x7, 0xff, 0x6,
    0xbf, 0xf1, 0x0, 0x7f, 0xf0, 0x44, 0x78, 0x3,
    0xff, 0xc2, 0xdf, 0xff, 0xfc, 0x5e, 0x6f, 0xff,
    0xfe, 0x2f, 0x37, 0xff, 0xff, 0x17, 0x84, 0xcf,
    0xff, 0x8c, 0x1, 0xff, 0xce, 0x12, 0x2c, 0x1,
    0xff, 0xc2, 0xaf, 0xfc, 0x40, 0x1f, 0xfc, 0x1a,
    0xff, 0xc4, 0x1, 0xff, 0xc1, 0xaf, 0xfc, 0x40,
    0x1f, 0xfc, 0x1a, 0xff, 0xc4, 0x1, 0xff, 0xc1,
    0xaf, 0xfc, 0x40, 0x1e,

    /* U+00F8 "ø" */
    0x0, 0xff, 0xe2, 0xdf, 0xa8, 0x7, 0xff, 0x19,
    0x7e, 0xc0, 0x3f, 0xcd, 0x7d, 0xfe, 0xeb, 0x72,
    0xef, 0x20, 0xf, 0xcd, 0xdf, 0xff, 0xe8, 0x0,
    0xfd, 0x5f, 0xff, 0xfc, 0xc, 0x10, 0xf, 0x5f,
    0xff, 0x65, 0x53, 0x3f, 0xfb, 0x0, 0x39, 0xff,
    0xf5, 0x90, 0x6, 0x8f, 0xfe, 0x90, 0x8, 0x7f,
    0xf5, 0x0, 0x70, 0xff, 0x4f, 0xfe, 0x20, 0x3,
    0xff, 0xdc, 0x1, 0xea, 0xf6, 0xc, 0xff, 0xa4,
    0x1, 0x7f, 0xf4, 0x0, 0x72, 0x7e, 0x0, 0x17,
    0xfe, 0xe0, 0x7, 0xfe, 0x30, 0xe, 0xdf, 0x30,
    0x0, 0xff, 0xe1, 0xf, 0xfc, 0x20, 0x19, 0xfe,
    0x40, 0x37, 0xfe, 0x31, 0xff, 0xc0, 0x18, 0xbf,
    0x80, 0x3b, 0xbf, 0xe4, 0xf, 0xfc, 0x20, 0x15,
    0xfa, 0x80, 0x77, 0xfe, 0x30, 0xef, 0xf8, 0xc0,
    0xb, 0xf6, 0x1, 0xc3, 0xff, 0x84, 0x2f, 0xfe,
    0x80, 0x7, 0x79, 0x0, 0x73, 0x7f, 0xdc, 0x0,
    0x6f, 0xfb, 0x86, 0x7e, 0x0, 0x3d, 0xbf, 0xf4,
    0x0, 0x5d, 0xff, 0x6f, 0xe8, 0x7, 0xa7, 0xff,
    0x10, 0x4, 0xdf, 0xfc, 0xe0, 0x18, 0xab, 0xff,
    0x38, 0x7, 0x57, 0xff, 0x6d, 0xdb, 0x7f, 0xfa,
    0xc0, 0x3e, 0xcf, 0xff, 0xfe, 0x5, 0x0, 0x7e,
    0xaf, 0xff, 0xf9, 0xc0, 0x3f, 0x1f, 0xe0, 0x35,
    0xf7, 0xfb, 0xad, 0xc4, 0x3, 0xfb, 0x7c, 0xc0,
    0x3f, 0xf8, 0xc5, 0xa, 0x1, 0xff, 0xc5,

    /* U+00F9 "ù" */
    0x0, 0x27, 0xfd, 0xc2, 0x1, 0xff, 0xc2, 0x4f,
    0xfa, 0xc0, 0x3f, 0xf8, 0x69, 0xff, 0x40, 0x7,
    0xff, 0xd, 0x3f, 0xe5, 0x0, 0xff, 0xe1, 0x9f,
    0xfc, 0x40, 0x1f, 0xfc, 0x33, 0x88, 0x30, 0x7,
    0xff, 0x89, 0xbf, 0xeb, 0x0, 0xfe, 0xcf, 0xf9,
    0x1b, 0xfe, 0xb0, 0xf, 0xec, 0xff, 0x91, 0xbf,
    0xeb, 0x0, 0xfe, 0xcf, 0xf9, 0x1b, 0xfe, 0xb0,
    0xf, 0xec, 0xff, 0x91, 0xbf, 0xeb, 0x0, 0xfe,
    0xcf, 0xf9, 0x1b, 0xfe, 0xb0, 0xf, 0xec, 0xff,
    0x91, 0xbf, 0xeb, 0x0, 0xfe, 0xcf, 0xf9, 0x1b,
    0xfe, 0xb0, 0xf, 0xec, 0xff, 0x91, 0xbf, 0xeb,
    0x0, 0xfe, 0xcf, 0xf9, 0x1b, 0xfe, 0xb0, 0xf,
    0xec, 0xff, 0x91, 0xbf, 0xeb, 0x0, 0xfe, 0xdf,
    0xf9, 0x1b, 0xfe, 0xb0, 0xf, 0xee, 0xff, 0x91,
    0xbf, 0xec, 0x0, 0xfe, 0xff, 0xc8, 0xbf, 0xf6,
    0x80, 0x7e, 0x3f, 0xfc, 0x88, 0xff, 0xc2, 0x1,
    0xf4, 0xff, 0xe4, 0x1f, 0xfd, 0x0, 0x1e, 0x2f,
    0xfe, 0x40, 0xcf, 0xfc, 0xc0, 0x18, 0xf7, 0xff,
    0x90, 0x1b, 0xff, 0xb6, 0xa9, 0x9f, 0xff, 0x20,
    0x2, 0xff, 0xff, 0xd7, 0x9f, 0xf2, 0x0, 0x55,
    0xff, 0xfa, 0x83, 0x3f, 0xe4, 0x0, 0xc9, 0x5b,
    0xfe, 0xd9, 0x30, 0x6, 0x7f, 0xc8,

    /* U+00FA "ú" */
    0x0, 0xff, 0x87, 0x7f, 0xe6, 0x0, 0xff, 0xe0,
    0xdf, 0xfc, 0xa0, 0x1f, 0xfc, 0x19, 0xff, 0x90,
    0x3, 0xff, 0x82, 0xdf, 0xee, 0x30, 0xf, 0xfe,
    0xa, 0x7f, 0xb8, 0x80, 0x3f, 0xf8, 0x4f, 0x10,
    0x10, 0xf, 0xff, 0xb, 0x7f, 0xd6, 0x1, 0xfd,
    0x9f, 0xf2, 0x37, 0xfd, 0x60, 0x1f, 0xd9, 0xff,
    0x23, 0x7f, 0xd6, 0x1, 0xfd, 0x9f, 0xf2, 0x37,
    0xfd, 0x60, 0x1f, 0xd9, 0xff, 0x23, 0x7f, 0xd6,
    0x1, 0xfd, 0x9f, 0xf2, 0x37, 0xfd, 0x60, 0x1f,
    0xd9, 0xff, 0x23, 0x7f, 0xd6, 0x1, 0xfd, 0x9f,
    0xf2, 0x37, 0xfd, 0x60, 0x1f, 0xd9, 0xff, 0x23,
    0x7f, 0xd6, 0x1, 0xfd, 0x9f, 0xf2, 0x37, 0xfd,
    0x60, 0x1f, 0xd9, 0xff, 0x23, 0x7f, 0xd6, 0x1,
    0xfd, 0xbf, 0xf2, 0x37, 0xfd, 0x60, 0x1f, 0xdd,
    0xff, 0x23, 0x7f, 0xd8, 0x1, 0xfd, 0xff, 0x91,
    0x7f, 0xed, 0x0, 0xfc, 0x7f, 0xf9, 0x11, 0xff,
    0x84, 0x3, 0xe9, 0xff, 0xc8, 0x3f, 0xfa, 0x0,
    0x3c, 0x5f, 0xfc, 0x81, 0x9f, 0xf9, 0x80, 0x31,
    0xef, 0xff, 0x20, 0x37, 0xff, 0x6d, 0x53, 0x3f,
    0xfe, 0x40, 0x5, 0xff, 0xff, 0xaf, 0x3f, 0xe4,
    0x0, 0xab, 0xff, 0xf5, 0x6, 0x7f, 0xc8, 0x1,
    0x92, 0xb7, 0xfd, 0xb2, 0x60, 0xc, 0xff, 0x90,

    /* U+00FB "û" */
    0x0, 0xfc, 0x34, 0x1, 0xff, 0xc4, 0x1d, 0xfb,
    0x0, 0xff, 0xe1, 0xe7, 0xfd, 0x40, 0x1f, 0xfc,
    0x1b, 0xff, 0x6f, 0xfa, 0x40, 0x3f, 0xea, 0xff,
    0x48, 0x5f, 0xfa, 0x0, 0x3f, 0xa7, 0xfd, 0x60,
    0x16, 0x7f, 0x9c, 0x3, 0xe8, 0xff, 0x60, 0x6,
    0x1d, 0xff, 0x30, 0x7, 0xff, 0x75, 0xbf, 0xeb,
    0x0, 0xfe, 0xcf, 0xf9, 0x1b, 0xfe, 0xb0, 0xf,
    0xec, 0xff, 0x91, 0xbf, 0xeb, 0x0, 0xfe, 0xcf,
    0xf9, 0x1b, 0xfe, 0xb0, 0xf, 0xec, 0xff, 0x91,
    0xbf, 0xeb, 0x0, 0xfe, 0xcf, 0xf9, 0x1b, 0xfe,
    0xb0, 0xf, 0xec, 0xff, 0x91, 0xbf, 0xeb, 0x0,
    0xfe, 0xcf, 0xf9, 0x1b, 0xfe, 0xb0, 0xf, 0xec,
    0xff, 0x91, 0xbf, 0xeb, 0x0, 0xfe, 0xcf, 0xf9,
    0x1b, 0xfe, 0xb0, 0xf, 0xec, 0xff, 0x91, 0xbf,
    0xeb, 0x0, 0xfe, 0xdf, 0xf9, 0x1b, 0xfe, 0xb0,
    0xf, 0xee, 0xff, 0x91, 0xbf, 0xec, 0x0, 0xfe,
    0xff, 0xc8, 0xbf, 0xf6, 0x80, 0x7e, 0x3f, 0xfc,
    0x88, 0xff, 0xc2, 0x1, 0xf4, 0xff, 0xe4, 0x1f,
    0xfd, 0x0, 0x1e, 0x2f, 0xfe, 0x40, 0xcf, 0xfc,
    0xc0, 0x18, 0xf7, 0xff, 0x90, 0x1b, 0xff, 0xb6,
    0xa9, 0x9f, 0xff, 0x20, 0x2, 0xff, 0xff, 0xd7,
    0x9f, 0xf2, 0x0, 0x55, 0xff, 0xfa, 0x83, 0x3f,
    0xe4, 0x0, 0xc9, 0x5b, 0xfe, 0xd9, 0x30, 0x6,
    0x7f, 0xc8,

    /* U+00FC "ü" */
    0x0, 0xbb, 0xfe, 0xc0, 0xb, 0xff, 0x58, 0x7,
    0xbb, 0xfe, 0xc0, 0xb, 0xff, 0x58, 0x7, 0xbb,
    0xfe, 0xc0, 0xb, 0xff, 0x58, 0x7, 0xbb, 0xfe,
    0xc0, 0xb, 0xff, 0x58, 0x7, 0xb7, 0xfe, 0xc0,
    0xb, 0xbf, 0xeb, 0x0, 0xff, 0xf8, 0x37, 0xfd,
    0x60, 0x1f, 0xd9, 0xff, 0x23, 0x7f, 0xd6, 0x1,
    0xfd, 0x9f, 0xf2, 0x37, 0xfd, 0x60, 0x1f, 0xd9,
    0xff, 0x23, 0x7f, 0xd6, 0x1, 0xfd, 0x9f, 0xf2,
    0x37, 0xfd, 0x60, 0x1f, 0xd9, 0xff, 0x23, 0x7f,
    0xd6, 0x1, 0xfd, 0x9f, 0xf2, 0x37, 0xfd, 0x60,
    0x1f, 0xd9, 0xff, 0x23, 0x7f, 0xd6, 0x1, 0xfd,
    0x9f, 0xf2, 0x37, 0xfd, 0x60, 0x1f, 0xd9, 0xff,
    0x23, 0x7f, 0xd6, 0x1, 0xfd, 0x9f, 0xf2, 0x37,
    0xfd, 0x60, 0x1f, 0xdb, 0xff, 0x23, 0x7f, 0xd6,
    0x1, 0xfd, 0xdf, 0xf2, 0x37, 0xfd, 0x80, 0x1f,
    0xdf, 0xf9, 0x17, 0xfe, 0xd0, 0xf, 0xc7, 0xff,
    0x91, 0x1f, 0xf8, 0x40, 0x3e, 0x9f, 0xfc, 0x83,
    0xff, 0xa0, 0x3, 0xc5, 0xff, 0xc8, 0x19, 0xff,
    0x98, 0x3, 0x1e, 0xff, 0xf2, 0x3, 0x7f, 0xf6,
    0xd5, 0x33, 0xff, 0xe4, 0x0, 0x5f, 0xff, 0xfa,
    0xf3, 0xfe, 0x40, 0xa, 0xbf, 0xff, 0x50, 0x67,
    0xfc, 0x80, 0x19, 0x2b, 0x7f, 0xdb, 0x26, 0x0,
    0xcf, 0xf9, 0x0,

    /* U+00FD "ý" */
    0x0, 0xff, 0xe0, 0xaf, 0xfd, 0xa2, 0x1, 0xff,
    0xc3, 0x3f, 0xfb, 0x4, 0x3, 0xff, 0x86, 0x3d,
    0xfe, 0xc0, 0xf, 0xfe, 0x2e, 0x7f, 0xac, 0x3,
    0xff, 0x8b, 0x5f, 0xea, 0x0, 0xff, 0xe2, 0x94,
    0x41, 0xc0, 0x3f, 0xfd, 0x5d, 0xff, 0x40, 0x7,
    0xf9, 0xff, 0xee, 0x0, 0x4f, 0xfd, 0xc0, 0x1f,
    0xed, 0xff, 0xa4, 0x0, 0x5f, 0xf9, 0x0, 0x3f,
    0x1f, 0xfe, 0x20, 0xb, 0x3f, 0xe9, 0x0, 0xfd,
    0x1f, 0xf6, 0x0, 0x65, 0xff, 0xc0, 0x1f, 0xbb,
    0xfe, 0x60, 0xe, 0xef, 0xf9, 0x40, 0x3c, 0x9f,
    0xf8, 0x3, 0xd3, 0xff, 0x58, 0x7, 0xab, 0xfe,
    0x90, 0xf, 0x17, 0xfe, 0x10, 0xe, 0xff, 0xc6,
    0x1, 0xf6, 0x7f, 0xcc, 0x1, 0x97, 0xfe, 0xc0,
    0xf, 0xcd, 0xff, 0x60, 0x6, 0xbf, 0xf9, 0x80,
    0x3f, 0xbb, 0xfe, 0x10, 0x0, 0xff, 0xe0, 0xf,
    0xf4, 0xff, 0xce, 0x0, 0x7f, 0xfa, 0x40, 0x3f,
    0xc5, 0xff, 0x68, 0x3, 0x7f, 0xe3, 0x0, 0xff,
    0xb3, 0xfe, 0x22, 0x7f, 0xda, 0x1, 0xff, 0xc0,
    0x6f, 0xfa, 0x21, 0xff, 0x30, 0x7, 0xff, 0x7,
    0xfe, 0xee, 0x7f, 0xc2, 0x1, 0xff, 0xc1, 0x9f,
    0xff, 0x50, 0x7, 0xff, 0x8, 0xbf, 0xfc, 0x60,
    0x1f, 0xfc, 0x3c, 0xff, 0xda, 0x1, 0xff, 0xc4,
    0x6f, 0xfc, 0xe0, 0x1f, 0xfc, 0x46, 0xff, 0xc2,
    0x1, 0xff, 0xc4, 0xcf, 0xfa, 0x80, 0x3f, 0xf8,
    0x87, 0xff, 0x90, 0x3, 0xff, 0x89, 0x3f, 0xf6,
    0x80, 0x7f, 0xf1, 0x7f, 0xf3, 0x80, 0x7f, 0xf1,
    0x1b, 0xff, 0x8, 0x7, 0xff, 0x13, 0x3f, 0xea,
    0x0, 0xff, 0xe2, 0x1f, 0xfe, 0x40, 0xf, 0xfe,
    0x24, 0xff, 0xda, 0x1, 0xff, 0xc5, 0xff, 0xce,
    0x1, 0xff, 0xc0,

    /* U+00FE "þ" */
    0xdf, 0xf9, 0x0, 0x3f, 0xf8, 0x7b, 0xff, 0x20,
    0x7, 0xff, 0xf, 0x7f, 0xe4, 0x0, 0xff, 0xe1,
    0xef, 0xfc, 0x80, 0x1f, 0xfc, 0x3d, 0xff, 0x90,
    0x3, 0xff, 0x87, 0xbf, 0xf2, 0x0, 0x7f, 0xf0,
    0xf7, 0xfe, 0x40, 0xf, 0xfe, 0x1e, 0xff, 0xc8,
    0x1, 0xff, 0xc3, 0xdf, 0xf9, 0x0, 0x7, 0x3b,
    0xfe, 0xda, 0x40, 0xe, 0xdf, 0xf9, 0x2, 0xbf,
    0xff, 0x50, 0x6, 0xdf, 0xf9, 0x77, 0xff, 0xfd,
    0x60, 0x16, 0xff, 0xfd, 0x95, 0x4c, 0xff, 0xe9,
    0x0, 0x6f, 0xff, 0x50, 0x80, 0x63, 0xcf, 0xfc,
    0x61, 0xbf, 0xfa, 0x0, 0x3f, 0x6f, 0xfd, 0x41,
    0xbf, 0xf6, 0x80, 0x7f, 0x27, 0xfe, 0xd, 0xff,
    0x98, 0x3, 0xfd, 0xdf, 0xf1, 0xef, 0xfc, 0x20,
    0x1f, 0xeb, 0xff, 0x9b, 0x7f, 0xe0, 0xf, 0xfa,
    0x7f, 0xe7, 0xdf, 0xf7, 0x0, 0x7f, 0xd1, 0xff,
    0x46, 0xff, 0xc0, 0x1f, 0xf4, 0xff, 0xd1, 0xbf,
    0xf0, 0x80, 0x7f, 0xaf, 0xfe, 0x6d, 0xff, 0x98,
    0x3, 0xfd, 0xff, 0x93, 0x7f, 0xed, 0x0, 0xfe,
    0x5f, 0xfc, 0x1b, 0xff, 0xa4, 0x3, 0xe1, 0xdf,
    0xfa, 0x83, 0x7f, 0xfa, 0x88, 0x3, 0x1e, 0xff,
    0xe3, 0xd, 0xff, 0xbb, 0xfe, 0xca, 0xa6, 0x7f,
    0xf5, 0x0, 0x37, 0xfe, 0x5c, 0xff, 0xff, 0x60,
    0x5, 0xbf, 0xf2, 0x4, 0xff, 0xfe, 0xa0, 0xd,
    0xbf, 0xf2, 0x0, 0xa, 0x77, 0xfd, 0xb2, 0x60,
    0x1d, 0xbf, 0xf2, 0x0, 0x7f, 0xf0, 0xf7, 0xfe,
    0x40, 0xf, 0xfe, 0x1e, 0xff, 0xc8, 0x1, 0xff,
    0xc3, 0xdf, 0xf9, 0x0, 0x3f, 0xf8, 0x7b, 0xff,
    0x20, 0x7, 0xff, 0xf, 0x7f, 0xe4, 0x0, 0xff,
    0xe1, 0xef, 0xfc, 0x80, 0x1f, 0xfc, 0x3d, 0xff,
    0x90, 0x3, 0xff, 0x87, 0xbf, 0xf2, 0x0, 0x7f,
    0xf0, 0xc0,

    /* U+00FF "ÿ" */
    0x0, 0xc7, 0xff, 0x9c, 0x0, 0x9f, 0xf9, 0x80,
    0x3f, 0x1f, 0xfe, 0x70, 0x2, 0x7f, 0xe6, 0x0,
    0xfc, 0x7f, 0xf9, 0xc0, 0x9, 0xff, 0x98, 0x3,
    0xf1, 0xff, 0xe7, 0x0, 0x27, 0xfe, 0x60, 0xf,
    0xc7, 0xff, 0x9c, 0x0, 0x9f, 0xf9, 0x80, 0x3f,
    0xff, 0x7d, 0xff, 0x40, 0x7, 0xf9, 0xff, 0xee,
    0x0, 0x4f, 0xfd, 0xc0, 0x1f, 0xed, 0xff, 0xa4,
    0x0, 0x5f, 0xf9, 0x0, 0x3f, 0x1f, 0xfe, 0x20,
    0xb, 0x3f, 0xe9, 0x0, 0xfd, 0x1f, 0xf6, 0x0,
    0x65, 0xff, 0xc0, 0x1f, 0xbb, 0xfe, 0x60, 0xe,
    0xef, 0xf9, 0x40, 0x3c, 0x9f, 0xf8, 0x3, 0xd3,
    0xff, 0x58, 0x7, 0xab, 0xfe, 0x90, 0xf, 0x17,
    0xfe, 0x10, 0xe, 0xff, 0xc6, 0x1, 0xf6, 0x7f,
    0xcc, 0x1, 0x97, 0xfe, 0xc0, 0xf, 0xcd, 0xff,
    0x60, 0x6, 0xbf, 0xf9, 0x80, 0x3f, 0xbb, 0xfe,
    0x10, 0x0, 0xff, 0xe0, 0xf, 0xf4, 0xff, 0xce,
    0x0, 0x7f, 0xfa, 0x40, 0x3f, 0xc5, 0xff, 0x68,
    0x3, 0x7f, 0xe3, 0x0, 0xff, 0xb3, 0xfe, 0x22,
    0x7f, 0xda, 0x1, 0xff, 0xc0, 0x6f, 0xfa, 0x21,
    0xff, 0x30, 0x7, 0xff, 0x7, 0xfe, 0xee, 0x7f,
    0xc2, 0x1, 0xff, 0xc1, 0x9f, 0xff, 0x50, 0x7,
    0xff, 0x8, 0xbf, 0xfc, 0x60, 0x1f, 0xfc, 0x3c,
    0xff, 0xda, 0x1, 0xff, 0xc4, 0x6f, 0xfc, 0xe0,
    0x1f, 0xfc, 0x46, 0xff, 0xc2, 0x1, 0xff, 0xc4,
    0xcf, 0xfa, 0x80, 0x3f, 0xf8, 0x87, 0xff, 0x90,
    0x3, 0xff, 0x89, 0x3f, 0xf6, 0x80, 0x7f, 0xf1,
    0x7f, 0xf3, 0x80, 0x7f, 0xf1, 0x1b, 0xff, 0x8,
    0x7, 0xff, 0x13, 0x3f, 0xea, 0x0, 0xff, 0xe2,
    0x1f, 0xfe, 0x40, 0xf, 0xfe, 0x24, 0xff, 0xda,
    0x1, 0xff, 0xc5, 0xff, 0xce, 0x1, 0xff, 0xc0,

    /* U+0100 "Ā" */
    0x0, 0xfc, 0xef, 0xff, 0x10, 0x7, 0xff, 0x8,
    0x7f, 0xff, 0xe5, 0x0, 0xff, 0xe1, 0xf, 0xff,
    0xfc, 0xa0, 0x1f, 0xff, 0xf0, 0xf, 0xff, 0x39,
    0xff, 0xce, 0x1, 0xff, 0xca, 0x9f, 0xfb, 0x40,
    0x3f, 0xf9, 0x5f, 0xfc, 0x80, 0x1f, 0xfc, 0x86,
    0xff, 0xea, 0x0, 0xff, 0xe4, 0x67, 0xff, 0x84,
    0x3, 0xff, 0x8c, 0x7f, 0xff, 0x30, 0x7, 0xff,
    0x1a, 0x7f, 0xec, 0xff, 0xb4, 0x3, 0xff, 0x8d,
    0xdf, 0xf1, 0xf7, 0xfc, 0x60, 0x1f, 0xfc, 0x45,
    0xff, 0xb4, 0x23, 0xfe, 0x90, 0xf, 0xfe, 0x26,
    0x7f, 0xce, 0x5, 0xff, 0x80, 0x3f, 0xf8, 0x65,
    0xff, 0x84, 0x1, 0x9f, 0xf3, 0x0, 0x7f, 0xf0,
    0xa3, 0xfe, 0xb0, 0x9, 0xbf, 0xec, 0x0, 0xff,
    0xe1, 0x77, 0xfc, 0xa0, 0x10, 0xff, 0xe2, 0x0,
    0xff, 0xe0, 0x2f, 0xfe, 0x0, 0xeb, 0xff, 0xa0,
    0x3, 0xff, 0x81, 0x7f, 0xf4, 0x80, 0x72, 0xff,
    0xdc, 0x1, 0xff, 0xf, 0xfe, 0x40, 0xf, 0x77,
    0xfc, 0xa0, 0x1f, 0xe8, 0xff, 0xb8, 0x3, 0xe9,
    0xff, 0xac, 0x3, 0xfd, 0xdf, 0xf4, 0x0, 0x7c,
    0x7f, 0xf8, 0x80, 0x3f, 0x27, 0xfe, 0x20, 0xf,
    0xdb, 0xff, 0x40, 0x7, 0xea, 0xff, 0xff, 0xe2,
    0xf0, 0x7, 0xc3, 0xff, 0xff, 0xc7, 0x40, 0xf,
    0x3f, 0xff, 0xff, 0x1e, 0xc0, 0x3d, 0xbf, 0xfb,
    0x77, 0xfe, 0xff, 0xe1, 0x0, 0xc9, 0xff, 0x94,
    0x3, 0xfe, 0x1f, 0xfc, 0xe0, 0x1a, 0xbf, 0xee,
    0x0, 0xff, 0xe0, 0xd7, 0xfd, 0xa0, 0x10, 0xff,
    0xe9, 0x0, 0xff, 0xe0, 0xa7, 0xfe, 0x40, 0x3,
    0x7f, 0xe3, 0x0, 0xff, 0xe1, 0x77, 0xfd, 0x40,
    0xd, 0xff, 0xb4, 0x3, 0xff, 0x87, 0x3f, 0xf8,
    0x4f, 0xff, 0x38, 0x7, 0xff, 0xc, 0xff, 0xf3,
    0x0,

    /* U+0101 "ā" */
    0x0, 0xc9, 0xff, 0xff, 0x18, 0x7, 0xc9, 0xff,
    0xff, 0x18, 0x7, 0xc2, 0xef, 0xff, 0x8, 0x7,
    0xff, 0xe0, 0x56, 0xb7, 0xbf, 0xb6, 0x50, 0x3,
    0xf0, 0xcf, 0xff, 0xfb, 0x48, 0x3, 0x93, 0xbf,
    0xff, 0xf8, 0x26, 0x1, 0x27, 0xff, 0x75, 0x4c,
    0x57, 0x7f, 0xee, 0x0, 0xd5, 0xfe, 0xd4, 0x0,
    0xf3, 0xff, 0xe7, 0x0, 0xd1, 0x20, 0x1f, 0xd3,
    0xff, 0x60, 0x7, 0xff, 0xc, 0xbf, 0xf0, 0x7,
    0xff, 0x13, 0xff, 0x8, 0x6, 0x49, 0xce, 0xff,
    0xff, 0x88, 0x0, 0x37, 0xff, 0xff, 0xc3, 0x20,
    0x6, 0xff, 0xff, 0xf1, 0x8, 0x1f, 0xff, 0x5a,
    0x10, 0x8f, 0xbf, 0xf1, 0x6, 0xff, 0xd4, 0x1,
    0xfd, 0xff, 0x88, 0x3f, 0xf1, 0x0, 0x7e, 0x3f,
    0xfc, 0x41, 0xff, 0x84, 0x3, 0xf5, 0x7f, 0xe2,
    0xe, 0xff, 0x90, 0x3, 0xe5, 0xff, 0xe2, 0xa,
    0xff, 0xb4, 0x80, 0x39, 0xbf, 0xfc, 0x40, 0x7f,
    0xfd, 0x2e, 0xd1, 0xbf, 0xff, 0x10, 0x1, 0xff,
    0xff, 0xe5, 0xdf, 0xf8, 0x80, 0x26, 0xff, 0xfd,
    0xc8, 0x17, 0xff, 0x10, 0x6, 0x17, 0xbe, 0xfe,
    0xc7, 0x10, 0x5, 0x7f, 0xc4,

    /* U+0102 "Ă" */
    0x0, 0xf9, 0xa2, 0x2, 0x1, 0xe7, 0x88, 0x0,
    0x7f, 0xf0, 0xaf, 0xfc, 0xa0, 0x1e, 0xff, 0x80,
    0x3f, 0xf8, 0x51, 0xfe, 0xd1, 0x0, 0xd3, 0xfe,
    0xc0, 0xf, 0xfe, 0x10, 0xff, 0xea, 0x89, 0xdf,
    0xf9, 0x40, 0x3f, 0xf8, 0x69, 0xff, 0xfd, 0x0,
    0x1f, 0xfc, 0x51, 0x8c, 0xef, 0xf6, 0xc9, 0x80,
    0x7f, 0xff, 0x8f, 0xfe, 0x70, 0xf, 0xfe, 0x54,
    0xff, 0xda, 0x1, 0xff, 0xca, 0xff, 0xe4, 0x0,
    0xff, 0xe4, 0x37, 0xff, 0x50, 0x7, 0xff, 0x23,
    0x3f, 0xfc, 0x20, 0x1f, 0xfc, 0x63, 0xff, 0xf9,
    0x80, 0x3f, 0xf8, 0xd3, 0xff, 0x67, 0xfd, 0xa0,
    0x1f, 0xfc, 0x6e, 0xff, 0x8f, 0xbf, 0xe3, 0x0,
    0xff, 0xe2, 0x2f, 0xfd, 0xa1, 0x1f, 0xf4, 0x80,
    0x7f, 0xf1, 0x33, 0xfe, 0x70, 0x2f, 0xfc, 0x1,
    0xff, 0xc3, 0x2f, 0xfc, 0x20, 0xc, 0xff, 0x98,
    0x3, 0xff, 0x85, 0x1f, 0xf5, 0x80, 0x4d, 0xff,
    0x60, 0x7, 0xff, 0xb, 0xbf, 0xe5, 0x0, 0x87,
    0xff, 0x10, 0x7, 0xff, 0x1, 0x7f, 0xf0, 0x7,
    0x5f, 0xfd, 0x0, 0x1f, 0xfc, 0xb, 0xff, 0xa4,
    0x3, 0x97, 0xfe, 0xe0, 0xf, 0xf8, 0x7f, 0xf2,
    0x0, 0x7b, 0xbf, 0xe5, 0x0, 0xff, 0x47, 0xfd,
    0xc0, 0x1f, 0x4f, 0xfd, 0x60, 0x1f, 0xee, 0xff,
    0xa0, 0x3, 0xe3, 0xff, 0xc4, 0x1, 0xf9, 0x3f,
    0xf1, 0x0, 0x7e, 0xdf, 0xfa, 0x0, 0x3f, 0x57,
    0xff, 0xff, 0x17, 0x80, 0x3e, 0x1f, 0xff, 0xfe,
    0x3a, 0x0, 0x79, 0xff, 0xff, 0xf8, 0xf6, 0x1,
    0xed, 0xff, 0xdb, 0xbf, 0xf7, 0xff, 0x8, 0x6,
    0x4f, 0xfc, 0xa0, 0x1f, 0xf0, 0xff, 0xe7, 0x0,
    0xd5, 0xff, 0x70, 0x7, 0xff, 0x6, 0xbf, 0xed,
    0x0, 0x87, 0xff, 0x48, 0x7, 0xff, 0x5, 0x3f,
    0xf2, 0x0, 0x1b, 0xff, 0x18, 0x7, 0xff, 0xb,
    0xbf, 0xea, 0x0, 0x6f, 0xfd, 0xa0, 0x1f, 0xfc,
    0x39, 0xff, 0xc2, 0x7f, 0xf9, 0xc0, 0x3f, 0xf8,
    0x67, 0xff, 0x98,

    /* U+0103 "ă" */
    0x0, 0xdd, 0xfa, 0x1, 0xf6, 0x7f, 0x0, 0x7d,
    0x9f, 0xe2, 0x0, 0xe1, 0xff, 0x60, 0x7, 0xcf,
    0xfe, 0xe5, 0x10, 0x15, 0xdf, 0xf4, 0x0, 0x7e,
    0xdf, 0xff, 0xed, 0x0, 0xfe, 0x19, 0xff, 0xfa,
    0x84, 0x3, 0xff, 0x80, 0x6a, 0xca, 0x80, 0x1f,
    0xfe, 0x81, 0x5a, 0xde, 0xfe, 0xd9, 0x40, 0xf,
    0xc3, 0x3f, 0xff, 0xed, 0x20, 0xe, 0x4e, 0xff,
    0xff, 0xe0, 0x98, 0x4, 0x9f, 0xfd, 0xd5, 0x31,
    0x5d, 0xff, 0xb8, 0x3, 0x57, 0xfb, 0x50, 0x3,
    0xcf, 0xff, 0x9c, 0x3, 0x44, 0x80, 0x7f, 0x4f,
    0xfd, 0x80, 0x1f, 0xfc, 0x32, 0xff, 0xc0, 0x1f,
    0xfc, 0x4f, 0xfc, 0x20, 0x19, 0x27, 0x3b, 0xff,
    0xfe, 0x20, 0x0, 0xdf, 0xff, 0xff, 0xc, 0x80,
    0x1b, 0xff, 0xff, 0xc4, 0x20, 0x7f, 0xfd, 0x68,
    0x42, 0x3e, 0xff, 0xc4, 0x1b, 0xff, 0x50, 0x7,
    0xf7, 0xfe, 0x20, 0xff, 0xc4, 0x1, 0xf8, 0xff,
    0xf1, 0x7, 0xfe, 0x10, 0xf, 0xd5, 0xff, 0x88,
    0x3b, 0xfe, 0x40, 0xf, 0x97, 0xff, 0x88, 0x2b,
    0xfe, 0xd2, 0x0, 0xe6, 0xff, 0xf1, 0x1, 0xff,
    0xf4, 0xbb, 0x46, 0xff, 0xfc, 0x40, 0x7, 0xff,
    0xff, 0x97, 0x7f, 0xe2, 0x0, 0x9b, 0xff, 0xf7,
    0x20, 0x5f, 0xfc, 0x40, 0x18, 0x5e, 0xfb, 0xfb,
    0x1c, 0x40, 0x15, 0xff, 0x10,

    /* U+0104 "Ą" */
    0x0, 0xff, 0x8f, 0xfe, 0x70, 0xf, 0xfe, 0x5c,
    0xff, 0xda, 0x1, 0xff, 0xcb, 0xff, 0xe4, 0x0,
    0xff, 0xe4, 0xb7, 0xff, 0x50, 0x7, 0xff, 0x27,
    0x3f, 0xfc, 0x20, 0x1f, 0xfc, 0x73, 0xff, 0xf9,
    0x80, 0x3f, 0xf8, 0xf3, 0xff, 0x6f, 0xfd, 0xa0,
    0x1f, 0xfc, 0x7e, 0xff, 0x8f, 0xbf, 0xe3, 0x0,
    0xff, 0xe2, 0xaf, 0xfd, 0xa1, 0x1f, 0xf4, 0x80,
    0x7f, 0xf1, 0x73, 0xfe, 0x70, 0x2f, 0xfc, 0x1,
    0xff, 0xc4, 0x2f, 0xfc, 0x20, 0xc, 0xff, 0x98,
    0x3, 0xff, 0x87, 0x1f, 0xf5, 0x80, 0x4f, 0xff,
    0x60, 0x7, 0xff, 0xf, 0xbf, 0xe5, 0x0, 0x87,
    0xff, 0x10, 0x7, 0xff, 0x5, 0x7f, 0xf0, 0x7,
    0x5f, 0xfd, 0x0, 0x1f, 0xfc, 0x1b, 0xff, 0xa8,
    0x3, 0x97, 0xfe, 0xe0, 0xf, 0xfe, 0x0, 0xff,
    0xe4, 0x0, 0xf7, 0xfe, 0x50, 0xf, 0xfa, 0x3f,
    0xee, 0x0, 0xfa, 0x7f, 0xeb, 0x0, 0xff, 0xbb,
    0xfe, 0x80, 0xf, 0x8f, 0xff, 0x10, 0x7, 0xf2,
    0x7f, 0xe2, 0x0, 0xfd, 0xbf, 0xf4, 0x0, 0x7f,
    0x57, 0xfe, 0xdd, 0xfe, 0xff, 0xdc, 0x1, 0xf8,
    0x7f, 0xff, 0xf8, 0xe8, 0x1, 0xf3, 0xff, 0xff,
    0xf1, 0xec, 0x3, 0xed, 0xff, 0xff, 0xe4, 0x8,
    0x7, 0x27, 0xfe, 0x50, 0xf, 0xf8, 0x7f, 0xf3,
    0x80, 0x75, 0x7f, 0xdc, 0x1, 0xff, 0xc1, 0xaf,
    0xfb, 0x40, 0x30, 0xff, 0xe9, 0x0, 0xff, 0xe0,
    0xaf, 0xfe, 0x40, 0x9, 0xbf, 0xf1, 0x80, 0x7f,
    0xf0, 0xbb, 0xfe, 0xa0, 0xb, 0x7f, 0xed, 0x0,
    0xff, 0xe1, 0xcf, 0xfe, 0x10, 0x3f, 0xfc, 0xe0,
    0x1f, 0xfc, 0x33, 0xff, 0xcc, 0x1, 0xff, 0xca,
    0x2c, 0xfe, 0x50, 0xf, 0xfe, 0x51, 0x77, 0xd8,
    0x80, 0x7f, 0xf2, 0xf7, 0xf0, 0x3, 0xff, 0x98,
    0xdf, 0xe1, 0x0, 0xff, 0xe6, 0x57, 0xe0, 0x7,
    0xff, 0x36, 0xff, 0x40, 0x22, 0x60, 0xf, 0xfe,
    0x44, 0x7f, 0xa5, 0x63, 0xfc, 0x80, 0x1f, 0xfc,
    0x71, 0xef, 0xfe, 0xe3, 0x0, 0xff, 0xe4, 0xc,
    0xef, 0xec, 0x8, 0x0,

    /* U+0105 "ą" */
    0x0, 0xe1, 0x5a, 0xde, 0xfe, 0xd9, 0x40, 0xf,
    0xe1, 0x9f, 0xff, 0xf6, 0x90, 0x7, 0x93, 0xbf,
    0xff, 0xf8, 0x26, 0x1, 0x93, 0xff, 0xd7, 0x31,
    0x5d, 0xff, 0xb8, 0x3, 0xb3, 0xfe, 0x70, 0xf,
    0x3f, 0xfe, 0x70, 0xc, 0x3b, 0xc4, 0x1, 0xfa,
    0x7f, 0xec, 0x0, 0xe1, 0x20, 0xf, 0xe2, 0xff,
    0xc0, 0x1f, 0xfc, 0x5f, 0xfc, 0x20, 0x1f, 0xfc,
    0x4f, 0xfc, 0x40, 0x1c, 0xb5, 0x9d, 0xff, 0xff,
    0x10, 0x4, 0x5b, 0xff, 0xff, 0xc3, 0x20, 0x0,
    0xf7, 0xff, 0xff, 0x10, 0x80, 0x13, 0xff, 0xa5,
    0x8, 0x47, 0xdf, 0xf8, 0x80, 0x1d, 0xff, 0x38,
    0x7, 0xe1, 0xff, 0xc4, 0x0, 0xff, 0xc2, 0x1,
    0xf9, 0xbf, 0xf1, 0x0, 0x3f, 0xf1, 0x0, 0x7c,
    0x3d, 0xff, 0x88, 0x1, 0x9f, 0xf5, 0x80, 0x78,
    0xf7, 0xff, 0x88, 0x0, 0xbf, 0xfb, 0xa5, 0x98,
    0xf9, 0xff, 0xf1, 0x0, 0x55, 0xff, 0xff, 0x3e,
    0xff, 0xc4, 0x1, 0xa3, 0xff, 0xf9, 0xc2, 0xff,
    0xe2, 0x0, 0xe2, 0x7c, 0xef, 0xec, 0x82, 0x0,
    0x57, 0xfc, 0x40, 0x1f, 0xfc, 0x32, 0xcf, 0xe5,
    0x0, 0xff, 0xe1, 0x97, 0x7e, 0x8, 0x7, 0xff,
    0x13, 0x7f, 0x0, 0x3f, 0xf8, 0xab, 0xfe, 0x20,
    0xf, 0xfe, 0x2c, 0xfe, 0x80, 0x7f, 0xf1, 0xab,
    0xf8, 0x2, 0x28, 0x0, 0xff, 0xe0, 0xbf, 0xfa,
    0x96, 0x3f, 0xca, 0x1, 0xff, 0xc0, 0x1d, 0xff,
    0xf2, 0x0, 0x7f, 0xf0, 0x46, 0x37, 0xf6, 0x44,
    0x0,

    /* U+0106 "Ć" */
    0x0, 0xff, 0xe2, 0x1f, 0xfd, 0xc4, 0x1, 0xff,
    0xc9, 0x1e, 0xff, 0x71, 0x0, 0x7f, 0xf2, 0xaf,
    0xfd, 0xc4, 0x1, 0xff, 0xca, 0x8f, 0xf7, 0x10,
    0x7, 0xff, 0x29, 0x3f, 0xdc, 0x60, 0x1f, 0xfc,
    0xa1, 0xef, 0xe3, 0x0, 0xff, 0xff, 0x80, 0x7f,
    0xf4, 0x45, 0xab, 0x7b, 0xfd, 0xd7, 0x6, 0x1,
    0xff, 0xc3, 0x2a, 0xff, 0xff, 0xb5, 0x40, 0x3f,
    0xf8, 0xf, 0xff, 0xff, 0xc3, 0xb1, 0x0, 0xfe,
    0xaf, 0xff, 0xfe, 0x2f, 0x10, 0x7, 0xd5, 0xff,
    0xdd, 0x8, 0x23, 0x1b, 0xe7, 0xff, 0x70, 0x80,
    0x73, 0x7f, 0xf3, 0x80, 0x7f, 0x27, 0x7f, 0xeb,
    0x0, 0xc3, 0xff, 0xc8, 0x1, 0xff, 0xe, 0xff,
    0xe5, 0x0, 0xa7, 0xff, 0x28, 0x7, 0xff, 0x4,
    0x7b, 0xfe, 0xc0, 0xb, 0xff, 0x50, 0x7, 0xff,
    0xd, 0xbf, 0xd8, 0xe0, 0x5, 0xff, 0xc6, 0x1,
    0xff, 0xc4, 0x72, 0x0, 0xd3, 0xff, 0x68, 0x7,
    0xff, 0x2f, 0x3f, 0xe8, 0x0, 0xff, 0xe5, 0xf7,
    0xfc, 0xc0, 0x1f, 0xfc, 0xbf, 0xfc, 0x80, 0x1f,
    0xfc, 0xbf, 0xfc, 0x60, 0x1f, 0xfc, 0xbf, 0xfc,
    0x80, 0x1f, 0xfc, 0xbf, 0xfc, 0xa0, 0x1f, 0xfc,
    0xbd, 0xff, 0x9c, 0x3, 0xff, 0x97, 0x7f, 0xf5,
    0x0, 0x7f, 0xf2, 0xdf, 0xff, 0x0, 0x7f, 0xf2,
    0xcb, 0xff, 0x30, 0x7, 0xff, 0xc, 0xbe, 0x94,
    0x3, 0x67, 0xfd, 0xc2, 0x1, 0xff, 0xc2, 0xbf,
    0xfb, 0x80, 0x25, 0xff, 0xd6, 0x1, 0xff, 0xc1,
    0x7f, 0xfd, 0x0, 0x1a, 0xff, 0xf5, 0x88, 0x7,
    0xf9, 0xff, 0xf7, 0x8, 0x6, 0x2e, 0xff, 0xdc,
    0xc2, 0x1, 0xe4, 0xcf, 0xfe, 0x50, 0xf, 0x27,
    0xff, 0xd9, 0x53, 0x2b, 0xef, 0xff, 0x38, 0x7,
    0xe3, 0xef, 0xff, 0xfe, 0x23, 0x0, 0x7f, 0x86,
    0xbf, 0xff, 0xf8, 0x38, 0x60, 0x1f, 0xfc, 0x13,
    0x9e, 0xff, 0xfd, 0x6a, 0x1, 0xff, 0xc6, 0x25,
    0x77, 0x98, 0xc0, 0x3f, 0xc0,

    /* U+0107 "ć" */
    0x0, 0xff, 0xe0, 0x17, 0xfe, 0x30, 0xf, 0xfe,
    0x8, 0xef, 0xfb, 0x8c, 0x3, 0xff, 0x85, 0x7f,
    0xee, 0x30, 0xf, 0xfe, 0x14, 0x7f, 0xb8, 0x80,
    0x3f, 0xf8, 0x4b, 0xfe, 0xe2, 0x0, 0xff, 0xe1,
    0xd, 0xe5, 0x90, 0x7, 0xff, 0xa4, 0x9f, 0x3b,
    0xfd, 0xb2, 0x80, 0x1f, 0xc3, 0x3f, 0xff, 0xd8,
    0x40, 0x1e, 0x1d, 0xff, 0xff, 0xe0, 0x18, 0x7,
    0x6f, 0xfe, 0xeb, 0x99, 0x6f, 0xfe, 0xe1, 0x0,
    0xa3, 0xff, 0x48, 0x7, 0x2f, 0xfe, 0x90, 0x0,
    0xff, 0xe8, 0x0, 0xf9, 0x7f, 0xf0, 0x1, 0xff,
    0xee, 0x0, 0xfe, 0xbd, 0x71, 0x0, 0x5f, 0xfc,
    0xe0, 0x1f, 0xfc, 0x3f, 0xfc, 0x60, 0x1f, 0xfc,
    0x3f, 0xfc, 0x20, 0x1f, 0xfc, 0x21, 0xff, 0xc0,
    0x1f, 0xfc, 0x4f, 0xfc, 0x20, 0x1f, 0xfc, 0x3f,
    0xfc, 0x60, 0x1f, 0xfc, 0x3b, 0xff, 0x9c, 0x3,
    0xf8, 0x40, 0x39, 0xff, 0xee, 0x0, 0xfe, 0xcd,
    0x82, 0x0, 0xf, 0xfe, 0x90, 0xf, 0x97, 0xff,
    0x0, 0x51, 0xff, 0xa4, 0x40, 0x33, 0x7f, 0xe9,
    0x0, 0xd9, 0xff, 0xd9, 0x57, 0xdf, 0xfb, 0x84,
    0x3, 0xe, 0xff, 0xff, 0xf0, 0xc, 0x3, 0xe9,
    0xff, 0xfe, 0xc2, 0x0, 0xfe, 0x27, 0xce, 0xff,
    0x6c, 0xa0, 0x7, 0x0,

    /* U+0108 "Ĉ" */
    0x0, 0xff, 0xe1, 0x10, 0x7, 0xff, 0x3a, 0xf8,
    0x40, 0x3f, 0xf9, 0x95, 0xfe, 0xd1, 0x0, 0xff,
    0xe5, 0x4f, 0xfe, 0xc0, 0xf, 0xfe, 0x4c, 0x7f,
    0xae, 0x3f, 0xd6, 0x1, 0xff, 0xc7, 0x7f, 0xf6,
    0x80, 0x27, 0xfd, 0x40, 0x1f, 0xfc, 0x56, 0xff,
    0x70, 0x80, 0x57, 0xfe, 0x90, 0xf, 0xfe, 0x23,
    0xc4, 0x8, 0x3, 0x9e, 0x20, 0x40, 0x1f, 0xff,
    0xc1, 0x6a, 0xde, 0xff, 0x75, 0xc1, 0x80, 0x7f,
    0xf0, 0xca, 0xbf, 0xff, 0xed, 0x50, 0xf, 0xfe,
    0x3, 0xff, 0xff, 0xf0, 0xec, 0x40, 0x3f, 0xab,
    0xff, 0xff, 0x8b, 0xc4, 0x1, 0xf5, 0x7f, 0xf7,
    0x42, 0x8, 0xc6, 0xf9, 0xff, 0xdc, 0x20, 0x1c,
    0xdf, 0xfc, 0xe0, 0x1f, 0xc9, 0xdf, 0xfa, 0xc0,
    0x30, 0xff, 0xf2, 0x0, 0x7f, 0xc3, 0xbf, 0xf9,
    0x40, 0x29, 0xff, 0xca, 0x1, 0xff, 0xc1, 0x1e,
    0xff, 0xb0, 0x2, 0xff, 0xd4, 0x1, 0xff, 0xc3,
    0x6f, 0xf6, 0x38, 0x1, 0x7f, 0xf1, 0x80, 0x7f,
    0xf1, 0x1c, 0x80, 0x34, 0xff, 0xda, 0x1, 0xff,
    0xcb, 0xcf, 0xfa, 0x0, 0x3f, 0xf9, 0x7d, 0xff,
    0x30, 0x7, 0xff, 0x2f, 0xff, 0x20, 0x7, 0xff,
    0x2f, 0xff, 0x18, 0x7, 0xff, 0x2f, 0xff, 0x20,
    0x7, 0xff, 0x2f, 0xff, 0x28, 0x7, 0xff, 0x2f,
    0x7f, 0xe7, 0x0, 0xff, 0xe5, 0xdf, 0xfd, 0x40,
    0x1f, 0xfc, 0xb7, 0xff, 0xc0, 0x1f, 0xfc, 0xb2,
    0xff, 0xcc, 0x1, 0xff, 0xc3, 0x2f, 0xa5, 0x0,
    0xd9, 0xff, 0x70, 0x80, 0x7f, 0xf0, 0xaf, 0xfe,
    0xe0, 0x9, 0x7f, 0xf5, 0x80, 0x7f, 0xf0, 0x5f,
    0xff, 0x40, 0x6, 0xbf, 0xfd, 0x62, 0x1, 0xfe,
    0x7f, 0xfd, 0xc2, 0x1, 0x8b, 0xbf, 0xf7, 0x30,
    0x80, 0x79, 0x33, 0xff, 0x94, 0x3, 0xc9, 0xff,
    0xf6, 0x54, 0xca, 0xfb, 0xff, 0xce, 0x1, 0xf8,
    0xfb, 0xff, 0xff, 0x88, 0xc0, 0x1f, 0xe1, 0xaf,
    0xff, 0xfe, 0xe, 0x18, 0x7, 0xff, 0x4, 0xe7,
    0xbf, 0xff, 0x5a, 0x80, 0x7f, 0xf1, 0x89, 0x5d,
    0xe6, 0x30, 0xf, 0xf0,

    /* U+0109 "ĉ" */
    0x0, 0xfe, 0x48, 0x0, 0xff, 0xe2, 0x9f, 0xfa,
    0x0, 0x3f, 0xf8, 0x65, 0xdf, 0xf3, 0x0, 0x7f,
    0xf0, 0x47, 0xbf, 0xdb, 0xfe, 0x50, 0xf, 0xf8,
    0x77, 0xfc, 0xa3, 0xdf, 0xe4, 0x0, 0xff, 0x67,
    0xf9, 0xc0, 0x5, 0xdf, 0xe3, 0x0, 0xfd, 0x9f,
    0xe8, 0x0, 0xc7, 0xff, 0x18, 0x7, 0xff, 0x94,
    0x9f, 0x3b, 0xfd, 0xb2, 0x80, 0x1f, 0xc3, 0x3f,
    0xff, 0xd8, 0x40, 0x1e, 0x1d, 0xff, 0xff, 0xe0,
    0x18, 0x7, 0x6f, 0xfe, 0xeb, 0x99, 0x6f, 0xfe,
    0xe1, 0x0, 0xa3, 0xff, 0x48, 0x7, 0x2f, 0xfe,
    0x90, 0x0, 0xff, 0xe8, 0x0, 0xf9, 0x7f, 0xf0,
    0x1, 0xff, 0xee, 0x0, 0xfe, 0xbd, 0x71, 0x0,
    0x5f, 0xfc, 0xe0, 0x1f, 0xfc, 0x3f, 0xfc, 0x60,
    0x1f, 0xfc, 0x3f, 0xfc, 0x20, 0x1f, 0xfc, 0x21,
    0xff, 0xc0, 0x1f, 0xfc, 0x4f, 0xfc, 0x20, 0x1f,
    0xfc, 0x3f, 0xfc, 0x60, 0x1f, 0xfc, 0x3b, 0xff,
    0x9c, 0x3, 0xf8, 0x40, 0x39, 0xff, 0xee, 0x0,
    0xfe, 0xcd, 0x82, 0x0, 0xf, 0xfe, 0x90, 0xf,
    0x97, 0xff, 0x0, 0x51, 0xff, 0xa4, 0x40, 0x33,
    0x7f, 0xe9, 0x0, 0xd9, 0xff, 0xd9, 0x57, 0xdf,
    0xfb, 0x84, 0x3, 0xe, 0xff, 0xff, 0xf0, 0xc,
    0x3, 0xe9, 0xff, 0xfe, 0xc2, 0x0, 0xfe, 0x27,
    0xce, 0xff, 0x6c, 0xa0, 0x7, 0x0,

    /* U+010A "Ċ" */
    0x0, 0xff, 0x8f, 0xff, 0x30, 0x7, 0xff, 0x28,
    0xff, 0xf3, 0x80, 0x7f, 0xf2, 0x8f, 0xff, 0x38,
    0x7, 0xff, 0x28, 0xff, 0xf3, 0x80, 0x7f, 0xf2,
    0x8f, 0xff, 0x38, 0x7, 0xff, 0xfc, 0x3, 0xff,
    0xda, 0x2d, 0x5b, 0xdf, 0xee, 0xb8, 0x30, 0xf,
    0xfe, 0x19, 0x57, 0xff, 0xfd, 0xaa, 0x1, 0xff,
    0xc0, 0x7f, 0xff, 0xfe, 0x1d, 0x88, 0x7, 0xf5,
    0x7f, 0xff, 0xf1, 0x78, 0x80, 0x3e, 0xaf, 0xfe,
    0xe8, 0x41, 0x18, 0xdf, 0x3f, 0xfb, 0x84, 0x3,
    0x9b, 0xff, 0x9c, 0x3, 0xf9, 0x3b, 0xff, 0x58,
    0x6, 0x1f, 0xfe, 0x40, 0xf, 0xf8, 0x77, 0xff,
    0x28, 0x5, 0x3f, 0xf9, 0x40, 0x3f, 0xf8, 0x23,
    0xdf, 0xf6, 0x0, 0x5f, 0xfa, 0x80, 0x3f, 0xf8,
    0x6d, 0xfe, 0xc7, 0x0, 0x2f, 0xfe, 0x30, 0xf,
    0xfe, 0x23, 0x90, 0x6, 0x9f, 0xfb, 0x40, 0x3f,
    0xf9, 0x79, 0xff, 0x40, 0x7, 0xff, 0x2f, 0xbf,
    0xe6, 0x0, 0xff, 0xe5, 0xff, 0xe4, 0x0, 0xff,
    0xe5, 0xff, 0xe3, 0x0, 0xff, 0xe5, 0xff, 0xe4,
    0x0, 0xff, 0xe5, 0xff, 0xe5, 0x0, 0xff, 0xe5,
    0xef, 0xfc, 0xe0, 0x1f, 0xfc, 0xbb, 0xff, 0xa8,
    0x3, 0xff, 0x96, 0xff, 0xf8, 0x3, 0xff, 0x96,
    0x5f, 0xf9, 0x80, 0x3f, 0xf8, 0x65, 0xf4, 0xa0,
    0x1b, 0x3f, 0xee, 0x10, 0xf, 0xfe, 0x15, 0xff,
    0xdc, 0x1, 0x2f, 0xfe, 0xb0, 0xf, 0xfe, 0xb,
    0xff, 0xe8, 0x0, 0xd7, 0xff, 0xac, 0x40, 0x3f,
    0xcf, 0xff, 0xb8, 0x40, 0x31, 0x77, 0xfe, 0xe6,
    0x10, 0xf, 0x26, 0x7f, 0xf2, 0x80, 0x79, 0x3f,
    0xfe, 0xca, 0x99, 0x5f, 0x7f, 0xf9, 0xc0, 0x3f,
    0x1f, 0x7f, 0xff, 0xf1, 0x18, 0x3, 0xfc, 0x35,
    0xff, 0xff, 0xc1, 0xc3, 0x0, 0xff, 0xe0, 0x9c,
    0xf7, 0xff, 0xeb, 0x50, 0xf, 0xfe, 0x31, 0x2b,
    0xbc, 0xc6, 0x1, 0xfe,

    /* U+010B "ċ" */
    0x0, 0xf8, 0xbf, 0xf4, 0x0, 0x7f, 0xf0, 0x8b,
    0xff, 0x40, 0x7, 0xff, 0x8, 0xbf, 0xf4, 0x0,
    0x7f, 0xf0, 0x8b, 0xff, 0x40, 0x7, 0xff, 0x8,
    0xbf, 0xf4, 0x0, 0x7f, 0xff, 0x49, 0xf3, 0xbf,
    0xdb, 0x28, 0x1, 0xfc, 0x33, 0xff, 0xfd, 0x84,
    0x1, 0xe1, 0xdf, 0xff, 0xfe, 0x1, 0x80, 0x76,
    0xff, 0xee, 0xb9, 0x96, 0xff, 0xee, 0x10, 0xa,
    0x3f, 0xf4, 0x80, 0x72, 0xff, 0xe9, 0x0, 0xf,
    0xfe, 0x80, 0xf, 0x97, 0xff, 0x0, 0x1f, 0xfe,
    0xe0, 0xf, 0xeb, 0xd7, 0x10, 0x5, 0xff, 0xce,
    0x1, 0xff, 0xc3, 0xff, 0xc6, 0x1, 0xff, 0xc3,
    0xff, 0xc2, 0x1, 0xff, 0xc2, 0x1f, 0xfc, 0x1,
    0xff, 0xc4, 0xff, 0xc2, 0x1, 0xff, 0xc3, 0xff,
    0xc6, 0x1, 0xff, 0xc3, 0xbf, 0xf9, 0xc0, 0x3f,
    0x84, 0x3, 0x9f, 0xfe, 0xe0, 0xf, 0xec, 0xd8,
    0x20, 0x0, 0xff, 0xe9, 0x0, 0xf9, 0x7f, 0xf0,
    0x5, 0x1f, 0xfa, 0x44, 0x3, 0x37, 0xfe, 0x90,
    0xd, 0x9f, 0xfd, 0x95, 0x7d, 0xff, 0xb8, 0x40,
    0x30, 0xef, 0xff, 0xff, 0x0, 0xc0, 0x3e, 0x9f,
    0xff, 0xec, 0x20, 0xf, 0xe2, 0x7c, 0xef, 0xf6,
    0xca, 0x0, 0x70,

    /* U+010C "Č" */
    0x0, 0xfd, 0x9f, 0xe5, 0x0, 0xc5, 0xdf, 0xc4,
    0x1, 0xff, 0xc4, 0xcf, 0xf1, 0x80, 0x7, 0x7f,
    0x88, 0x3, 0xff, 0x8a, 0x3b, 0xfc, 0x21, 0x7f,
    0xe3, 0x0, 0xff, 0xe3, 0x8e, 0xfe, 0xd7, 0xf8,
    0xc0, 0x3f, 0xf9, 0x23, 0xbf, 0xf1, 0x80, 0x7f,
    0xf2, 0xc7, 0xbd, 0x0, 0x3f, 0xf9, 0xa4, 0x80,
    0x1f, 0xff, 0xf0, 0x8, 0x5a, 0xb7, 0xbf, 0xdd,
    0x70, 0x60, 0x1f, 0xfc, 0x32, 0xaf, 0xff, 0xfb,
    0x54, 0x3, 0xff, 0x80, 0xff, 0xff, 0xfc, 0x3b,
    0x10, 0xf, 0xea, 0xff, 0xff, 0xe2, 0xf1, 0x0,
    0x7d, 0x5f, 0xfd, 0xd0, 0x82, 0x31, 0xbe, 0x7f,
    0xf7, 0x8, 0x7, 0x37, 0xff, 0x38, 0x7, 0xf2,
    0x77, 0xfe, 0xb0, 0xc, 0x3f, 0xfc, 0x80, 0x1f,
    0xf0, 0xef, 0xfe, 0x50, 0xa, 0x7f, 0xf2, 0x80,
    0x7f, 0xf0, 0x47, 0xbf, 0xec, 0x0, 0xbf, 0xf5,
    0x0, 0x7f, 0xf0, 0xdb, 0xfd, 0x8e, 0x0, 0x5f,
    0xfc, 0x60, 0x1f, 0xfc, 0x47, 0x20, 0xd, 0x3f,
    0xf6, 0x80, 0x7f, 0xf2, 0xf3, 0xfe, 0x80, 0xf,
    0xfe, 0x5f, 0x7f, 0xcc, 0x1, 0xff, 0xcb, 0xff,
    0xc8, 0x1, 0xff, 0xcb, 0xff, 0xc6, 0x1, 0xff,
    0xcb, 0xff, 0xc8, 0x1, 0xff, 0xcb, 0xff, 0xca,
    0x1, 0xff, 0xcb, 0xdf, 0xf9, 0xc0, 0x3f, 0xf9,
    0x77, 0xff, 0x50, 0x7, 0xff, 0x2d, 0xff, 0xf0,
    0x7, 0xff, 0x2c, 0xbf, 0xf3, 0x0, 0x7f, 0xf0,
    0xcb, 0xe9, 0x40, 0x36, 0x7f, 0xdc, 0x20, 0x1f,
    0xfc, 0x2b, 0xff, 0xb8, 0x2, 0x5f, 0xfd, 0x60,
    0x1f, 0xfc, 0x17, 0xff, 0xd0, 0x1, 0xaf, 0xff,
    0x58, 0x80, 0x7f, 0x9f, 0xff, 0x70, 0x80, 0x62,
    0xef, 0xfd, 0xcc, 0x20, 0x1e, 0x4c, 0xff, 0xe5,
    0x0, 0xf2, 0x7f, 0xfd, 0x95, 0x32, 0xbe, 0xff,
    0xf3, 0x80, 0x7e, 0x3e, 0xff, 0xff, 0xe2, 0x30,
    0x7, 0xf8, 0x6b, 0xff, 0xff, 0x83, 0x86, 0x1,
    0xff, 0xc1, 0x39, 0xef, 0xff, 0xd6, 0xa0, 0x1f,
    0xfc, 0x62, 0x57, 0x79, 0x8c, 0x3, 0xfc,

    /* U+010D "č" */
    0x0, 0xd7, 0xfe, 0x70, 0xc, 0x5d, 0xfc, 0x40,
    0x1f, 0xb3, 0xfc, 0xc0, 0x2, 0xef, 0xf1, 0x80,
    0x7f, 0xb3, 0xfc, 0xc5, 0xdf, 0xe3, 0x0, 0xff,
    0x87, 0x3f, 0xdd, 0xfe, 0x40, 0xf, 0xfe, 0x8,
    0xef, 0xfc, 0x80, 0x1f, 0xfc, 0x31, 0xdf, 0x40,
    0xf, 0xfe, 0x28, 0xa0, 0x7, 0xff, 0x5c, 0x9f,
    0x3b, 0xfd, 0xb2, 0x80, 0x1f, 0xc3, 0x3f, 0xff,
    0xd8, 0x40, 0x1e, 0x1d, 0xff, 0xff, 0xe0, 0x18,
    0x7, 0x6f, 0xfe, 0xeb, 0x99, 0x6f, 0xfe, 0xe1,
    0x0, 0xa3, 0xff, 0x48, 0x7, 0x2f, 0xfe, 0x90,
    0x0, 0xff, 0xe8, 0x0, 0xf9, 0x7f, 0xf0, 0x1,
    0xff, 0xee, 0x0, 0xfe, 0xbd, 0x71, 0x0, 0x5f,
    0xfc, 0xe0, 0x1f, 0xfc, 0x3f, 0xfc, 0x60, 0x1f,
    0xfc, 0x3f, 0xfc, 0x20, 0x1f, 0xfc, 0x21, 0xff,
    0xc0, 0x1f, 0xfc, 0x4f, 0xfc, 0x20, 0x1f, 0xfc,
    0x3f, 0xfc, 0x60, 0x1f, 0xfc, 0x3b, 0xff, 0x9c,
    0x3, 0xf8, 0x40, 0x39, 0xff, 0xee, 0x0, 0xfe,
    0xcd, 0x82, 0x0, 0xf, 0xfe, 0x90, 0xf, 0x97,
    0xff, 0x0, 0x51, 0xff, 0xa4, 0x40, 0x33, 0x7f,
    0xe9, 0x0, 0xd9, 0xff, 0xd9, 0x57, 0xdf, 0xfb,
    0x84, 0x3, 0xe, 0xff, 0xff, 0xf0, 0xc, 0x3,
    0xe9, 0xff, 0xfe, 0xc2, 0x0, 0xfe, 0x27, 0xce,
    0xff, 0x6c, 0xa0, 0x7, 0x0,

    /* U+010E "Ď" */
    0x0, 0xc5, 0x10, 0x60, 0xe, 0x17, 0x87, 0x0,
    0xff, 0xe0, 0x57, 0xfa, 0x40, 0x21, 0xdf, 0xf2,
    0x0, 0x7f, 0xf0, 0x6b, 0xfd, 0x0, 0x39, 0xfe,
    0x50, 0xf, 0xfe, 0x1d, 0xff, 0x9f, 0x3f, 0xca,
    0x1, 0xff, 0xc5, 0xbf, 0xfc, 0xc0, 0x1f, 0xfc,
    0x7c, 0xff, 0x30, 0x7, 0xff, 0x27, 0x1c, 0x3,
    0xff, 0xe1, 0xbf, 0xff, 0xbb, 0x72, 0x54, 0x40,
    0x3f, 0xb7, 0xff, 0xff, 0x85, 0x66, 0x1, 0xf6,
    0xff, 0xff, 0xf1, 0x2c, 0x40, 0x3b, 0x7f, 0xff,
    0xf8, 0xbc, 0x60, 0x1b, 0x7f, 0xe7, 0x0, 0xe1,
    0x37, 0xcf, 0xff, 0x10, 0x5, 0xbf, 0xf3, 0x80,
    0x7f, 0x16, 0x7f, 0xed, 0x10, 0x6, 0xff, 0xce,
    0x1, 0xff, 0x4f, 0xfe, 0x90, 0x6, 0xff, 0xce,
    0x1, 0xff, 0xc0, 0xbf, 0xfc, 0x21, 0xbf, 0xf3,
    0x80, 0x7f, 0xf0, 0x7, 0xff, 0x40, 0x6f, 0xfc,
    0xe0, 0x1f, 0xfc, 0x19, 0xff, 0xb0, 0x37, 0xfe,
    0x70, 0xf, 0xfe, 0xa, 0x7f, 0xe1, 0xdf, 0xf9,
    0xc0, 0x3f, 0xf8, 0x5f, 0xf9, 0x37, 0xfe, 0x70,
    0xf, 0xfe, 0x17, 0x7f, 0xcd, 0xbf, 0xf3, 0x80,
    0x7f, 0xf0, 0xb7, 0xfe, 0x7d, 0xff, 0x9c, 0x3,
    0xff, 0x85, 0x9f, 0xf4, 0x6f, 0xfc, 0xe0, 0x1f,
    0xfc, 0x2d, 0xff, 0x9f, 0x7f, 0xe7, 0x0, 0xff,
    0xe1, 0x77, 0xfc, 0xdb, 0xff, 0x38, 0x7, 0xff,
    0xb, 0xff, 0x2e, 0xff, 0xce, 0x1, 0xff, 0xc1,
    0x3f, 0xfc, 0x5b, 0xff, 0x38, 0x7, 0xff, 0x6,
    0x3f, 0xee, 0xd, 0xff, 0x9c, 0x3, 0xff, 0x83,
    0xff, 0xa8, 0x37, 0xfe, 0x70, 0xf, 0xfe, 0x4,
    0xff, 0xe3, 0xd, 0xff, 0x9c, 0x3, 0xfe, 0x8f,
    0xfd, 0x60, 0xd, 0xff, 0x9c, 0x3, 0xf8, 0xaf,
    0xff, 0x88, 0x1, 0xbf, 0xf3, 0x80, 0x70, 0x9b,
    0xdf, 0xff, 0x94, 0x2, 0xdf, 0xff, 0xfe, 0x33,
    0x0, 0x6d, 0xff, 0xff, 0xe2, 0x69, 0x0, 0x76,
    0xff, 0xff, 0xf0, 0xb1, 0x40, 0x3e, 0xdf, 0xff,
    0xdd, 0xb9, 0x2c, 0x40, 0x1f, 0xc0,

    /* U+010F "ď" */
    0x0, 0xff, 0xe2, 0x3f, 0xfd, 0x20, 0x11, 0x7f,
    0xe1, 0x0, 0xff, 0xe2, 0x3f, 0xfd, 0x20, 0x13,
    0x7f, 0xd2, 0x1, 0xff, 0xc5, 0x7f, 0xfa, 0x40,
    0x2a, 0xff, 0x88, 0x3, 0xff, 0x8a, 0xff, 0xf4,
    0x80, 0x5d, 0xfe, 0xa0, 0xf, 0xfe, 0x33, 0xff,
    0xd2, 0x0, 0x3f, 0xf8, 0xc0, 0x3f, 0xf8, 0xcf,
    0xff, 0x48, 0x1, 0xff, 0xd6, 0x1, 0xff, 0xc7,
    0x7f, 0xfa, 0x40, 0x17, 0xfe, 0x30, 0xf, 0xfe,
    0x3b, 0xff, 0xd2, 0x0, 0xff, 0x60, 0x7, 0xf8,
    0xe7, 0x7f, 0xdb, 0x26, 0x0, 0x7f, 0xfa, 0x40,
    0xfb, 0x88, 0x1, 0xf8, 0x6f, 0xff, 0xf4, 0x83,
    0xff, 0xd2, 0x1, 0xff, 0xc0, 0x2e, 0xff, 0xff,
    0x5c, 0x7f, 0xd2, 0x1, 0xff, 0xf, 0x7f, 0xfb,
    0x75, 0xff, 0xfa, 0x40, 0x3f, 0xea, 0xff, 0xda,
    0xa0, 0x19, 0x77, 0xff, 0xa4, 0x3, 0xfc, 0x5f,
    0xfb, 0x0, 0x3e, 0x1c, 0xff, 0xd2, 0x1, 0xfe,
    0x8f, 0xfc, 0x20, 0x1f, 0x8b, 0xff, 0x48, 0x7,
    0xfb, 0x3f, 0xe9, 0x0, 0xff, 0x57, 0xfd, 0x20,
    0x1f, 0xef, 0xfc, 0x80, 0x1f, 0xe5, 0xff, 0xa4,
    0x3, 0xf8, 0x7f, 0xf1, 0x0, 0x7f, 0x8f, 0xfe,
    0x90, 0xf, 0xe1, 0xff, 0xc2, 0x1, 0xfe, 0x2f,
    0xfa, 0x40, 0x3f, 0xdf, 0xf8, 0x80, 0x3f, 0xc7,
    0xff, 0x48, 0x7, 0xfb, 0xff, 0x20, 0x7, 0xf9,
    0x7f, 0xe9, 0x0, 0xff, 0x67, 0xfd, 0x20, 0x1f,
    0xea, 0xff, 0xa4, 0x3, 0xfc, 0xff, 0xf8, 0x80,
    0x3f, 0x17, 0xfe, 0x90, 0xf, 0xf0, 0xff, 0xec,
    0x10, 0xf, 0xe, 0xff, 0xe9, 0x0, 0xff, 0xa7,
    0xff, 0x6a, 0x80, 0x65, 0xdf, 0xfe, 0x90, 0xf,
    0xf8, 0x77, 0xff, 0xdb, 0xaf, 0xff, 0xd2, 0x1,
    0xff, 0xc0, 0x2e, 0xff, 0xff, 0x6c, 0x7f, 0xd2,
    0x1, 0xff, 0xc1, 0x1c, 0xff, 0xfd, 0x62, 0xff,
    0xf4, 0x80, 0x7f, 0xf0, 0xd2, 0xb7, 0xfd, 0xb4,
    0x80, 0x7, 0xff, 0xa4, 0x3, 0xf8,

    /* U+0110 "Đ" */
    0x0, 0xb7, 0xff, 0xf7, 0x6e, 0x4a, 0x88, 0x7,
    0xff, 0x3, 0x7f, 0xff, 0xf8, 0x56, 0x60, 0x1f,
    0xed, 0xff, 0xff, 0xe2, 0x58, 0x80, 0x7e, 0xdf,
    0xff, 0xfe, 0x2f, 0x18, 0x7, 0xdb, 0xff, 0x38,
    0x7, 0x9, 0xbe, 0x7f, 0xf8, 0x80, 0x3d, 0xbf,
    0xf3, 0x80, 0x7f, 0x16, 0x7f, 0xed, 0x10, 0xe,
    0xdf, 0xf9, 0xc0, 0x3f, 0xe9, 0xff, 0xd2, 0x1,
    0xdb, 0xff, 0x38, 0x7, 0xff, 0x2, 0xff, 0xf0,
    0x80, 0x6d, 0xff, 0x9c, 0x3, 0xff, 0x80, 0x3f,
    0xfa, 0x0, 0x36, 0xff, 0xce, 0x1, 0xff, 0xc1,
    0x9f, 0xfb, 0x0, 0x36, 0xff, 0xce, 0x1, 0xff,
    0xc1, 0x4f, 0xfc, 0x20, 0x16, 0xff, 0xce, 0x1,
    0xff, 0xc2, 0xff, 0xc8, 0x1, 0x6f, 0xfc, 0xe0,
    0x1f, 0xfc, 0x2e, 0xff, 0x9b, 0x7f, 0xff, 0xec,
    0x0, 0xfe, 0xdf, 0xf9, 0xf7, 0xff, 0xfe, 0xc0,
    0xf, 0xec, 0xff, 0xa2, 0xb3, 0x1f, 0xfd, 0x99,
    0xa4, 0x3, 0xfb, 0x7f, 0xe7, 0x0, 0xb7, 0xfe,
    0x70, 0xf, 0xfe, 0x17, 0x7f, 0xcc, 0x1, 0x6f,
    0xfc, 0xe0, 0x1f, 0xfc, 0x2f, 0xfc, 0xa0, 0x16,
    0xff, 0xce, 0x1, 0xff, 0xc1, 0x3f, 0xfc, 0x40,
    0x16, 0xff, 0xce, 0x1, 0xff, 0xc1, 0x8f, 0xfb,
    0x80, 0x36, 0xff, 0xce, 0x1, 0xff, 0xc1, 0xff,
    0xd4, 0x1, 0xb7, 0xfe, 0x70, 0xf, 0xfe, 0x4,
    0xff, 0xe3, 0x0, 0xdb, 0xff, 0x38, 0x7, 0xfd,
    0x1f, 0xfa, 0xc0, 0x3b, 0x7f, 0xe7, 0x0, 0xfe,
    0x2b, 0xff, 0xe2, 0x0, 0xed, 0xff, 0x9c, 0x3,
    0x84, 0xde, 0xff, 0xfc, 0xa0, 0x1e, 0xdf, 0xff,
    0xfe, 0x33, 0x0, 0x7d, 0xbf, 0xff, 0xfc, 0x4d,
    0x20, 0xf, 0xdb, 0xff, 0xff, 0xc2, 0xc5, 0x0,
    0xff, 0x6f, 0xff, 0xee, 0xdc, 0x96, 0x20, 0xf,
    0xe0,

    /* U+0111 "đ" */
    0x0, 0xff, 0xe2, 0x3f, 0xfd, 0x20, 0x1f, 0xfc,
    0x77, 0xff, 0xa4, 0x3, 0xff, 0x82, 0x5f, 0xff,
    0xfc, 0x7, 0x0, 0xff, 0x17, 0xff, 0xff, 0x1,
    0xc0, 0x3f, 0xc3, 0x99, 0xdf, 0xfd, 0x98, 0x50,
    0xf, 0xfe, 0x23, 0xff, 0xd2, 0x1, 0xff, 0xc7,
    0x7f, 0xfa, 0x40, 0x3f, 0xf8, 0xef, 0xff, 0x48,
    0x7, 0xf1, 0xce, 0xff, 0xb6, 0x4c, 0x0, 0xff,
    0xf4, 0x80, 0x7c, 0x37, 0xff, 0xfa, 0x41, 0xff,
    0xe9, 0x0, 0xf1, 0x77, 0xff, 0xfa, 0xe3, 0xfe,
    0x90, 0xe, 0x1e, 0xff, 0xf6, 0xeb, 0xff, 0xf4,
    0x80, 0x75, 0x7f, 0xed, 0x50, 0xc, 0xbb, 0xff,
    0xd2, 0x1, 0x8b, 0xff, 0x60, 0x7, 0xc3, 0x9f,
    0xfa, 0x40, 0x34, 0x7f, 0xe1, 0x0, 0xfc, 0x5f,
    0xfa, 0x40, 0x36, 0x7f, 0xd2, 0x1, 0xfe, 0xaf,
    0xfa, 0x40, 0x37, 0xfe, 0x40, 0xf, 0xf2, 0xff,
    0xd2, 0x1, 0xf, 0xfe, 0x20, 0xf, 0xf1, 0xff,
    0xd2, 0x1, 0xf, 0xfe, 0x10, 0xf, 0xf1, 0x7f,
    0xd2, 0x1, 0xbf, 0xf1, 0x0, 0x7f, 0x8f, 0xfe,
    0x90, 0xd, 0xff, 0x90, 0x3, 0xfc, 0xbf, 0xf4,
    0x80, 0x6c, 0xff, 0xa4, 0x3, 0xfd, 0x5f, 0xf4,
    0x80, 0x67, 0xff, 0xc4, 0x1, 0xf8, 0xbf, 0xf4,
    0x80, 0x61, 0xff, 0xd8, 0x20, 0x1e, 0x1d, 0xff,
    0xd2, 0x1, 0xd3, 0xff, 0xb5, 0x40, 0x32, 0xef,
    0xff, 0x48, 0x7, 0xe, 0xff, 0xfb, 0x75, 0xff,
    0xfa, 0x40, 0x3c, 0x5d, 0xff, 0xfe, 0xd8, 0xff,
    0xa4, 0x3, 0xe1, 0xcf, 0xff, 0xd6, 0x2f, 0xff,
    0x48, 0x7, 0xf2, 0x56, 0xff, 0xb6, 0x90, 0x0,
    0xff, 0xf4, 0x80, 0x40,

    /* U+0112 "Ē" */
    0x0, 0xcc, 0xef, 0xfe, 0x40, 0xf, 0xdd, 0xff,
    0xfe, 0x90, 0xf, 0xdd, 0xff, 0xfe, 0x90, 0xf,
    0xff, 0xf8, 0x7, 0xf6, 0xff, 0xff, 0xf1, 0xa3,
    0x7f, 0xff, 0xf8, 0xd1, 0xbf, 0xff, 0xfc, 0x68,
    0xdf, 0xfb, 0xb7, 0x7f, 0xf8, 0x4d, 0xbf, 0xf3,
    0x80, 0x7f, 0xf0, 0xf7, 0xfe, 0x70, 0xf, 0xfe,
    0x1e, 0xff, 0xce, 0x1, 0xff, 0xc3, 0xdf, 0xf9,
    0xc0, 0x3f, 0xf8, 0x7b, 0xff, 0x38, 0x7, 0xff,
    0xf, 0x7f, 0xe7, 0x0, 0xff, 0xe1, 0xef, 0xfc,
    0xe0, 0x1f, 0xfc, 0x3d, 0xff, 0x9c, 0x3, 0xff,
    0x87, 0xbf, 0xf7, 0x6e, 0xff, 0xf0, 0x4c, 0x37,
    0xff, 0xff, 0x8a, 0x81, 0xbf, 0xff, 0xfc, 0x54,
    0xd, 0xff, 0xff, 0xe2, 0xa0, 0x6f, 0xfc, 0xe0,
    0x1f, 0xfc, 0x3d, 0xff, 0x9c, 0x3, 0xff, 0x87,
    0xbf, 0xf3, 0x80, 0x7f, 0xf0, 0xf7, 0xfe, 0x70,
    0xf, 0xfe, 0x1e, 0xff, 0xce, 0x1, 0xff, 0xc3,
    0xdf, 0xf9, 0xc0, 0x3f, 0xf8, 0x7b, 0xff, 0x38,
    0x7, 0xff, 0xf, 0x7f, 0xe7, 0x0, 0xff, 0xe1,
    0xef, 0xfc, 0xe0, 0x1f, 0xfc, 0x3d, 0xff, 0xbb,
    0x77, 0xff, 0x84, 0xdb, 0xff, 0xff, 0xc6, 0x8d,
    0xff, 0xff, 0xe3, 0x46, 0xff, 0xff, 0xf1, 0xa0,

    /* U+0113 "ē" */
    0x0, 0xc9, 0xff, 0xff, 0x10, 0x7, 0xc9, 0xff,
    0xff, 0x10, 0x7, 0xc4, 0xef, 0xff, 0x8, 0x7,
    0xff, 0xe4, 0xe3, 0x3b, 0xfb, 0x20, 0xc0, 0x3f,
    0x86, 0xbf, 0xff, 0xa8, 0x40, 0x3c, 0x5d, 0xff,
    0xff, 0x68, 0x80, 0x76, 0xff, 0xed, 0x87, 0x8c,
    0xff, 0xd8, 0x1, 0xa3, 0xff, 0x28, 0x7, 0x1f,
    0x7f, 0xcc, 0x0, 0x1f, 0xfc, 0x80, 0x1f, 0x1f,
    0xfd, 0xa0, 0x7, 0xff, 0xa8, 0x3, 0xfa, 0x7f,
    0xe3, 0xb, 0xff, 0x90, 0x3, 0xf9, 0x3f, 0xe7,
    0xe, 0xff, 0x84, 0x3, 0xf8, 0xff, 0xea, 0xf,
    0xff, 0xfe, 0x35, 0x8f, 0xff, 0xff, 0x1b, 0x3,
    0xff, 0xff, 0x8d, 0x61, 0xff, 0x84, 0x3, 0xff,
    0x87, 0x9f, 0xf1, 0x80, 0x7f, 0xf0, 0xdf, 0xfe,
    0xa0, 0xf, 0xfe, 0x18, 0xff, 0xe5, 0x0, 0xfc,
    0x34, 0x20, 0x1a, 0x7f, 0xf4, 0x8, 0x6, 0x17,
    0xef, 0xe2, 0x0, 0xdd, 0xff, 0xdb, 0x76, 0xdf,
    0xfe, 0xd0, 0xc, 0x5d, 0xff, 0xff, 0xc0, 0xd2,
    0x0, 0xe1, 0xaf, 0xff, 0xf4, 0x80, 0x7f, 0x1c,
    0x67, 0x7f, 0xba, 0xdc, 0x40, 0x30,

    /* U+0114 "Ĕ" */
    0x0, 0x92, 0x20, 0x40, 0x1e, 0x58, 0x81, 0x0,
    0x7a, 0x3f, 0xd0, 0x1, 0xed, 0xff, 0x18, 0x7,
    0x93, 0xfe, 0x20, 0xc, 0xdf, 0xf0, 0x7, 0xed,
    0xff, 0xaa, 0x21, 0x9f, 0xf4, 0x0, 0x7e, 0x2e,
    0xff, 0xfd, 0x60, 0x1f, 0xf3, 0xe7, 0x7f, 0xba,
    0x94, 0x3, 0xff, 0xc5, 0xbf, 0xff, 0xfc, 0x68,
    0xdf, 0xff, 0xfe, 0x34, 0x6f, 0xff, 0xff, 0x1a,
    0x37, 0xfe, 0xed, 0xdf, 0xfe, 0x13, 0x6f, 0xfc,
    0xe0, 0x1f, 0xfc, 0x3d, 0xff, 0x9c, 0x3, 0xff,
    0x87, 0xbf, 0xf3, 0x80, 0x7f, 0xf0, 0xf7, 0xfe,
    0x70, 0xf, 0xfe, 0x1e, 0xff, 0xce, 0x1, 0xff,
    0xc3, 0xdf, 0xf9, 0xc0, 0x3f, 0xf8, 0x7b, 0xff,
    0x38, 0x7, 0xff, 0xf, 0x7f, 0xe7, 0x0, 0xff,
    0xe1, 0xef, 0xfd, 0xdb, 0xbf, 0xfc, 0x13, 0xd,
    0xff, 0xff, 0xe2, 0xa0, 0x6f, 0xff, 0xff, 0x15,
    0x3, 0x7f, 0xff, 0xf8, 0xa8, 0x1b, 0xff, 0x38,
    0x7, 0xff, 0xf, 0x7f, 0xe7, 0x0, 0xff, 0xe1,
    0xef, 0xfc, 0xe0, 0x1f, 0xfc, 0x3d, 0xff, 0x9c,
    0x3, 0xff, 0x87, 0xbf, 0xf3, 0x80, 0x7f, 0xf0,
    0xf7, 0xfe, 0x70, 0xf, 0xfe, 0x1e, 0xff, 0xce,
    0x1, 0xff, 0xc3, 0xdf, 0xf9, 0xc0, 0x3f, 0xf8,
    0x7b, 0xff, 0x38, 0x7, 0xff, 0xf, 0x7f, 0xee,
    0xdd, 0xff, 0xe1, 0x36, 0xff, 0xff, 0xf1, 0xa3,
    0x7f, 0xff, 0xf8, 0xd1, 0xbf, 0xff, 0xfc, 0x68,

    /* U+0115 "ĕ" */
    0x0, 0xdd, 0xfa, 0x1, 0xf6, 0xff, 0x0, 0x7d,
    0x9f, 0xe2, 0x0, 0xe2, 0xff, 0x60, 0x7, 0xcf,
    0xfe, 0xd5, 0x10, 0x15, 0xdf, 0xf3, 0x80, 0x7e,
    0xdf, 0xff, 0xed, 0x0, 0xfe, 0x1a, 0xff, 0xfa,
    0x44, 0x3, 0xff, 0x80, 0x8a, 0xca, 0x80, 0x1f,
    0xfe, 0x93, 0x8c, 0xef, 0xec, 0x83, 0x0, 0xfe,
    0x1a, 0xff, 0xfe, 0xa1, 0x0, 0xf1, 0x77, 0xff,
    0xfd, 0xa2, 0x1, 0xdb, 0xff, 0xb6, 0x1e, 0x33,
    0xff, 0x60, 0x6, 0x8f, 0xfc, 0xa0, 0x1c, 0x7d,
    0xff, 0x30, 0x0, 0x7f, 0xf2, 0x0, 0x7c, 0x7f,
    0xf6, 0x80, 0x1f, 0xfe, 0xa0, 0xf, 0xe9, 0xff,
    0x8c, 0x2f, 0xfe, 0x40, 0xf, 0xe4, 0xff, 0x9c,
    0x3b, 0xfe, 0x10, 0xf, 0xe3, 0xff, 0xa8, 0x3f,
    0xff, 0xf8, 0xd6, 0x3f, 0xff, 0xfc, 0x6c, 0xf,
    0xff, 0xfe, 0x35, 0x87, 0xfe, 0x10, 0xf, 0xfe,
    0x1e, 0x7f, 0xc6, 0x1, 0xff, 0xc3, 0x7f, 0xfa,
    0x80, 0x3f, 0xf8, 0x63, 0xff, 0x94, 0x3, 0xf0,
    0xd0, 0x80, 0x69, 0xff, 0xd0, 0x20, 0x18, 0x5f,
    0xbf, 0x88, 0x3, 0x77, 0xff, 0x6d, 0xdb, 0x7f,
    0xfb, 0x40, 0x31, 0x77, 0xff, 0xff, 0x3, 0x48,
    0x3, 0x86, 0xbf, 0xff, 0xd2, 0x1, 0xfc, 0x71,
    0x9d, 0xfe, 0xeb, 0x71, 0x0, 0xc0,

    /* U+0116 "Ė" */
    0x0, 0xf9, 0xff, 0xf1, 0x0, 0x7f, 0xf0, 0xa3,
    0xff, 0x10, 0x7, 0xff, 0xa, 0x3f, 0xf1, 0x0,
    0x7f, 0xf0, 0xa3, 0xff, 0x10, 0x7, 0xff, 0xa,
    0x3f, 0xf1, 0x0, 0x7f, 0xff, 0xc0, 0x3f, 0xf8,
    0x1b, 0xff, 0xff, 0xc6, 0x8d, 0xff, 0xff, 0xe3,
    0x46, 0xff, 0xff, 0xf1, 0xa3, 0x7f, 0xee, 0xdd,
    0xff, 0xe1, 0x36, 0xff, 0xce, 0x1, 0xff, 0xc3,
    0xdf, 0xf9, 0xc0, 0x3f, 0xf8, 0x7b, 0xff, 0x38,
    0x7, 0xff, 0xf, 0x7f, 0xe7, 0x0, 0xff, 0xe1,
    0xef, 0xfc, 0xe0, 0x1f, 0xfc, 0x3d, 0xff, 0x9c,
    0x3, 0xff, 0x87, 0xbf, 0xf3, 0x80, 0x7f, 0xf0,
    0xf7, 0xfe, 0x70, 0xf, 0xfe, 0x1e, 0xff, 0xdd,
    0xbb, 0xff, 0xc1, 0x30, 0xdf, 0xff, 0xfe, 0x2a,
    0x6, 0xff, 0xff, 0xf1, 0x50, 0x37, 0xff, 0xff,
    0x8a, 0x81, 0xbf, 0xf3, 0x80, 0x7f, 0xf0, 0xf7,
    0xfe, 0x70, 0xf, 0xfe, 0x1e, 0xff, 0xce, 0x1,
    0xff, 0xc3, 0xdf, 0xf9, 0xc0, 0x3f, 0xf8, 0x7b,
    0xff, 0x38, 0x7, 0xff, 0xf, 0x7f, 0xe7, 0x0,
    0xff, 0xe1, 0xef, 0xfc, 0xe0, 0x1f, 0xfc, 0x3d,
    0xff, 0x9c, 0x3, 0xff, 0x87, 0xbf, 0xf3, 0x80,
    0x7f, 0xf0, 0xf7, 0xfe, 0xed, 0xdf, 0xfe, 0x13,
    0x6f, 0xff, 0xff, 0x1a, 0x37, 0xff, 0xff, 0x8d,
    0x1b, 0xff, 0xff, 0xc6, 0x80,

    /* U+0117 "ė" */
    0x0, 0xfd, 0xbf, 0xf6, 0x80, 0x7f, 0xf0, 0xf7,
    0xfe, 0xd0, 0xf, 0xfe, 0x1e, 0xff, 0xda, 0x1,
    0xff, 0xc3, 0xdf, 0xfb, 0x40, 0x3f, 0xf8, 0x7b,
    0xff, 0x60, 0x7, 0xff, 0xf4, 0xe3, 0x3b, 0xfb,
    0x20, 0xc0, 0x3f, 0x86, 0xbf, 0xff, 0xa8, 0x40,
    0x3c, 0x5d, 0xff, 0xff, 0x68, 0x80, 0x76, 0xff,
    0xed, 0x87, 0x8c, 0xff, 0xd8, 0x1, 0xa3, 0xff,
    0x28, 0x7, 0x1f, 0x7f, 0xcc, 0x0, 0x1f, 0xfc,
    0x80, 0x1f, 0x1f, 0xfd, 0xa0, 0x7, 0xff, 0xa8,
    0x3, 0xfa, 0x7f, 0xe3, 0xb, 0xff, 0x90, 0x3,
    0xf9, 0x3f, 0xe7, 0xe, 0xff, 0x84, 0x3, 0xf8,
    0xff, 0xea, 0xf, 0xff, 0xfe, 0x35, 0x8f, 0xff,
    0xff, 0x1b, 0x3, 0xff, 0xff, 0x8d, 0x61, 0xff,
    0x84, 0x3, 0xff, 0x87, 0x9f, 0xf1, 0x80, 0x7f,
    0xf0, 0xdf, 0xfe, 0xa0, 0xf, 0xfe, 0x18, 0xff,
    0xe5, 0x0, 0xfc, 0x34, 0x20, 0x1a, 0x7f, 0xf4,
    0x8, 0x6, 0x17, 0xef, 0xe2, 0x0, 0xdd, 0xff,
    0xdb, 0x76, 0xdf, 0xfe, 0xd0, 0xc, 0x5d, 0xff,
    0xff, 0xc0, 0xd2, 0x0, 0xe1, 0xaf, 0xff, 0xf4,
    0x80, 0x7f, 0x1c, 0x67, 0x7f, 0xba, 0xdc, 0x40,
    0x30,

    /* U+0118 "Ę" */
    0xdf, 0xff, 0xfe, 0x34, 0x0, 0x37, 0xff, 0xff,
    0x8d, 0x0, 0xd, 0xff, 0xff, 0xe3, 0x40, 0x3,
    0x7f, 0xee, 0xdd, 0xff, 0xe1, 0x30, 0x3, 0x7f,
    0xe7, 0x0, 0xff, 0xe2, 0xef, 0xfc, 0xe0, 0x1f,
    0xfc, 0x5d, 0xff, 0x9c, 0x3, 0xff, 0x8b, 0xbf,
    0xf3, 0x80, 0x7f, 0xf1, 0x77, 0xfe, 0x70, 0xf,
    0xfe, 0x2e, 0xff, 0xce, 0x1, 0xff, 0xc5, 0xdf,
    0xf9, 0xc0, 0x3f, 0xf8, 0xbb, 0xff, 0x38, 0x7,
    0xff, 0x17, 0x7f, 0xe7, 0x0, 0xff, 0xe2, 0xef,
    0xff, 0xff, 0x15, 0x0, 0x2d, 0xff, 0xff, 0xe2,
    0xa0, 0x5, 0xbf, 0xff, 0xfc, 0x54, 0x0, 0xb7,
    0xfe, 0xed, 0xdf, 0xfe, 0x9, 0x80, 0x5b, 0xff,
    0x38, 0x7, 0xff, 0x17, 0x7f, 0xe7, 0x0, 0xff,
    0xe2, 0xef, 0xfc, 0xe0, 0x1f, 0xfc, 0x5d, 0xff,
    0x9c, 0x3, 0xff, 0x8b, 0xbf, 0xf3, 0x80, 0x7f,
    0xf1, 0x77, 0xfe, 0x70, 0xf, 0xfe, 0x2e, 0xff,
    0xce, 0x1, 0xff, 0xc5, 0xdf, 0xf9, 0xc0, 0x3f,
    0xf8, 0xbb, 0xff, 0x76, 0xef, 0xff, 0x9, 0x80,
    0x1b, 0xff, 0xff, 0xc6, 0x80, 0x6, 0xff, 0xff,
    0xf1, 0xa0, 0x1, 0xbf, 0xff, 0xfc, 0x68, 0x0,
    0xff, 0xe2, 0xc7, 0xfa, 0x0, 0x3f, 0xf8, 0xb7,
    0xfc, 0x80, 0x1f, 0xfc, 0x58, 0xff, 0x18, 0x7,
    0xff, 0x1b, 0xfc, 0xe0, 0x1f, 0xfc, 0x63, 0xff,
    0x18, 0x7, 0xff, 0x19, 0x3f, 0xc8, 0x1, 0x38,
    0x7, 0xff, 0x8, 0x7f, 0xda, 0xad, 0xbf, 0x40,
    0x1f, 0xfc, 0x29, 0xff, 0xf4, 0x0, 0x7f, 0xf0,
    0xd7, 0x3f, 0xad, 0x0, 0x0,

    /* U+0119 "ę" */
    0x0, 0xf1, 0xc6, 0x77, 0xf6, 0x41, 0x80, 0x7f,
    0xd, 0x7f, 0xff, 0x50, 0x80, 0x78, 0xbb, 0xff,
    0xfe, 0xd1, 0x0, 0xed, 0xff, 0xdb, 0xf, 0x19,
    0xff, 0xb0, 0x3, 0x47, 0xfe, 0x50, 0xe, 0x3e,
    0xff, 0x98, 0x0, 0x3f, 0xf9, 0x0, 0x3e, 0x3f,
    0xfb, 0x40, 0xf, 0xff, 0x50, 0x7, 0xf4, 0xff,
    0xc6, 0x17, 0xff, 0x20, 0x7, 0xf2, 0x7f, 0xce,
    0x1d, 0xff, 0x0, 0x7f, 0x8b, 0xfe, 0xa0, 0xff,
    0xff, 0xe3, 0x58, 0xff, 0xff, 0xf1, 0xb0, 0x3f,
    0xff, 0xf8, 0xd6, 0x1f, 0xf8, 0x40, 0x3f, 0xf8,
    0x79, 0xff, 0x18, 0x7, 0xff, 0xd, 0xff, 0xea,
    0x0, 0xff, 0xe1, 0x8f, 0xfe, 0x50, 0xf, 0xc3,
    0x42, 0x1, 0xa7, 0xff, 0x40, 0x80, 0x61, 0x7e,
    0xfe, 0x20, 0xd, 0xdf, 0xfd, 0xb7, 0x6d, 0xff,
    0xed, 0x0, 0xc5, 0xdf, 0xff, 0xfc, 0xd, 0x20,
    0xe, 0x1a, 0xff, 0xff, 0x48, 0x7, 0xf1, 0xc6,
    0x77, 0xfd, 0xce, 0x20, 0x1f, 0xfc, 0x1b, 0xff,
    0x30, 0x7, 0xff, 0xe, 0xff, 0x8c, 0x3, 0xff,
    0x86, 0xff, 0xe3, 0x0, 0xff, 0xe2, 0x6f, 0xd0,
    0x7, 0xff, 0x17, 0xfc, 0xc0, 0x1f, 0xfc, 0x41,
    0xff, 0x40, 0x4, 0xe6, 0x1, 0xff, 0xc0, 0xdf,
    0xf3, 0xad, 0xfe, 0x80, 0x7f, 0xf0, 0x17, 0xff,
    0xd6, 0x1, 0xff, 0xc1, 0x4b, 0xff, 0x63, 0x0,
    0x78,

    /* U+011A "Ě" */
    0x0, 0x8a, 0x20, 0xe0, 0x1c, 0x2f, 0xe, 0x1,
    0xfa, 0x7f, 0xd2, 0x1, 0xb3, 0xfc, 0xa0, 0x1f,
    0xd5, 0xfe, 0x80, 0x6, 0x7f, 0x94, 0x3, 0xfe,
    0xaf, 0xf4, 0x5f, 0xf9, 0x80, 0x3f, 0xf8, 0x37,
    0xff, 0x98, 0x3, 0xff, 0x87, 0x7f, 0xe7, 0x0,
    0xff, 0xe2, 0xdb, 0x80, 0x7f, 0xf9, 0x77, 0xff,
    0xff, 0x8d, 0x1b, 0xff, 0xff, 0xc6, 0x8d, 0xff,
    0xff, 0xe3, 0x46, 0xff, 0xdd, 0xbb, 0xff, 0xc2,
    0x6d, 0xff, 0x9c, 0x3, 0xff, 0x87, 0xbf, 0xf3,
    0x80, 0x7f, 0xf0, 0xf7, 0xfe, 0x70, 0xf, 0xfe,
    0x1e, 0xff, 0xce, 0x1, 0xff, 0xc3, 0xdf, 0xf9,
    0xc0, 0x3f, 0xf8, 0x7b, 0xff, 0x38, 0x7, 0xff,
    0xf, 0x7f, 0xe7, 0x0, 0xff, 0xe1, 0xef, 0xfc,
    0xe0, 0x1f, 0xfc, 0x3d, 0xff, 0xbb, 0x77, 0xff,
    0x82, 0x61, 0xbf, 0xff, 0xfc, 0x54, 0xd, 0xff,
    0xff, 0xe2, 0xa0, 0x6f, 0xff, 0xff, 0x15, 0x3,
    0x7f, 0xe7, 0x0, 0xff, 0xe1, 0xef, 0xfc, 0xe0,
    0x1f, 0xfc, 0x3d, 0xff, 0x9c, 0x3, 0xff, 0x87,
    0xbf, 0xf3, 0x80, 0x7f, 0xf0, 0xf7, 0xfe, 0x70,
    0xf, 0xfe, 0x1e, 0xff, 0xce, 0x1, 0xff, 0xc3,
    0xdf, 0xf9, 0xc0, 0x3f, 0xf8, 0x7b, 0xff, 0x38,
    0x7, 0xff, 0xf, 0x7f, 0xe7, 0x0, 0xff, 0xe1,
    0xef, 0xfd, 0xdb, 0xbf, 0xfc, 0x26, 0xdf, 0xff,
    0xfe, 0x34, 0x6f, 0xff, 0xff, 0x1a, 0x37, 0xff,
    0xff, 0x8d, 0x0,

    /* U+011B "ě" */
    0x0, 0xcf, 0xfe, 0xb0, 0xe, 0xbf, 0xf3, 0x0,
    0x7e, 0x8f, 0xf5, 0x80, 0x57, 0xfe, 0x70, 0xf,
    0xf4, 0x7f, 0xa8, 0x2f, 0xfc, 0xe0, 0x1f, 0xfc,
    0x9, 0xff, 0x77, 0xfa, 0x0, 0x3f, 0xf8, 0x53,
    0xff, 0x40, 0x7, 0xff, 0x12, 0xbe, 0x40, 0x3f,
    0xf8, 0xcc, 0x1, 0xff, 0xd7, 0x38, 0xce, 0xfe,
    0xc8, 0x30, 0xf, 0xe1, 0xaf, 0xff, 0xea, 0x10,
    0xf, 0x17, 0x7f, 0xff, 0xda, 0x20, 0x1d, 0xbf,
    0xfb, 0x61, 0xe3, 0x3f, 0xf6, 0x0, 0x68, 0xff,
    0xca, 0x1, 0xc7, 0xdf, 0xf3, 0x0, 0x7, 0xff,
    0x20, 0x7, 0xc7, 0xff, 0x68, 0x1, 0xff, 0xea,
    0x0, 0xfe, 0x9f, 0xf8, 0xc2, 0xff, 0xe4, 0x0,
    0xfe, 0x4f, 0xf9, 0xc3, 0xbf, 0xe1, 0x0, 0xfe,
    0x3f, 0xfa, 0x83, 0xff, 0xff, 0x8d, 0x63, 0xff,
    0xff, 0xc6, 0xc0, 0xff, 0xff, 0xe3, 0x58, 0x7f,
    0xe1, 0x0, 0xff, 0xe1, 0xe7, 0xfc, 0x60, 0x1f,
    0xfc, 0x37, 0xff, 0xa8, 0x3, 0xff, 0x86, 0x3f,
    0xf9, 0x40, 0x3f, 0xd, 0x8, 0x6, 0x9f, 0xfd,
    0x2, 0x1, 0x85, 0xfb, 0xf8, 0x80, 0x37, 0x7f,
    0xf6, 0xdd, 0xb7, 0xff, 0xb4, 0x3, 0x17, 0x7f,
    0xff, 0xf0, 0x34, 0x80, 0x38, 0x6b, 0xff, 0xfd,
    0x20, 0x1f, 0xc7, 0x19, 0xdf, 0xee, 0xb7, 0x10,
    0xc,

    /* U+011C "Ĝ" */
    0x0, 0xff, 0xe1, 0x10, 0x7, 0xff, 0x39, 0x3d,
    0xc0, 0x3f, 0xf9, 0x87, 0xff, 0x30, 0x7, 0xff,
    0x28, 0xbb, 0xff, 0x28, 0x7, 0xff, 0x20, 0xbb,
    0xfc, 0xbd, 0xfe, 0x40, 0xf, 0xfe, 0x30, 0xef,
    0xf9, 0x40, 0xbb, 0xfc, 0x60, 0x1f, 0xfc, 0x5c,
    0xff, 0x38, 0x4, 0x7f, 0xee, 0x20, 0xf, 0xfe,
    0x1a, 0x44, 0x18, 0x3, 0x8e, 0x20, 0xc0, 0x1f,
    0xff, 0xc1, 0x6a, 0xde, 0xff, 0x75, 0xc1, 0x80,
    0x7f, 0xf0, 0xca, 0xbf, 0xff, 0xed, 0x60, 0xf,
    0xfe, 0x3, 0xff, 0xff, 0xf0, 0xf0, 0x80, 0x3f,
    0xab, 0xff, 0xff, 0x8c, 0x60, 0x1f, 0x57, 0xff,
    0x74, 0x20, 0x8c, 0x6d, 0x7f, 0xfe, 0x30, 0xe,
    0x6f, 0xfe, 0x70, 0xf, 0xe3, 0xdf, 0xfd, 0xa0,
    0x18, 0x7f, 0xf9, 0x0, 0x3f, 0xf8, 0x17, 0xff,
    0x9c, 0x2, 0x9f, 0xfc, 0xa0, 0x1f, 0xfc, 0x2d,
    0xff, 0xb8, 0x2, 0xff, 0xd4, 0x1, 0xff, 0xc3,
    0x3f, 0xc7, 0x20, 0x2, 0xff, 0xe3, 0x0, 0xff,
    0xe2, 0x8, 0x7, 0x4f, 0xfd, 0xa0, 0x1f, 0xfc,
    0xbc, 0xff, 0xa0, 0x3, 0xff, 0x97, 0xdf, 0xf3,
    0x0, 0x7f, 0xf2, 0xff, 0xf2, 0x0, 0x7f, 0xb3,
    0x77, 0xfc, 0x21, 0xff, 0x8c, 0x3, 0xfd, 0xff,
    0xff, 0x10, 0x7f, 0xe4, 0x0, 0xff, 0x7f, 0xff,
    0xc4, 0x1f, 0xf9, 0x40, 0x3f, 0xdf, 0xff, 0xf1,
    0x6, 0xff, 0xce, 0x1, 0xff, 0xc5, 0xbf, 0xf8,
    0x82, 0xff, 0xea, 0x0, 0xff, 0xe2, 0xef, 0xfc,
    0x40, 0xff, 0xf8, 0x3, 0xff, 0x8b, 0xff, 0x88,
    0xb, 0xff, 0x30, 0x7, 0xff, 0xd, 0x7f, 0xf1,
    0x0, 0x33, 0xfe, 0xe1, 0x0, 0xff, 0xe1, 0x6f,
    0xfe, 0x20, 0x2, 0xff, 0xeb, 0x0, 0xff, 0xe0,
    0xc7, 0xff, 0x10, 0x5, 0x7f, 0xfa, 0xc4, 0x3,
    0xfd, 0x1f, 0xfe, 0x20, 0x8, 0xbb, 0xff, 0x73,
    0x8, 0x7, 0x93, 0x3f, 0xfe, 0x20, 0xc, 0x9f,
    0xff, 0x65, 0x4c, 0xaf, 0xff, 0xaf, 0xff, 0x10,
    0x7, 0x27, 0x7f, 0xff, 0xf0, 0xb4, 0x7b, 0xfe,
    0x20, 0xf, 0xd, 0xff, 0xff, 0xf0, 0x2c, 0x43,
    0x3f, 0xe2, 0x0, 0xfc, 0x75, 0xff, 0xfb, 0x14,
    0x2, 0xbf, 0xf8, 0x80, 0x3f, 0xe3, 0x67, 0x73,
    0x28, 0x80, 0x7f, 0x80,

    /* U+011D "ĝ" */
    0x0, 0xfe, 0x10, 0xf, 0xfe, 0x38, 0xee, 0x0,
    0x7f, 0xf1, 0xb3, 0xfd, 0x60, 0x1f, 0xfc, 0x4c,
    0xff, 0xd4, 0x1, 0xff, 0xc2, 0xbf, 0xf4, 0x57,
    0xfa, 0x40, 0x3f, 0xf8, 0x15, 0xfe, 0xa0, 0x6,
    0x7f, 0x9c, 0x3, 0xfd, 0x3f, 0xeb, 0x0, 0xdb,
    0xfe, 0x60, 0xf, 0xc5, 0x10, 0x70, 0xe, 0x17,
    0x87, 0x10, 0xf, 0xfe, 0x4c, 0x40, 0x3, 0xf2,
    0xde, 0xff, 0x64, 0x10, 0xe, 0x7f, 0x98, 0x3,
    0x93, 0xbf, 0xff, 0x6f, 0xfe, 0xd0, 0xc, 0xdf,
    0xff, 0xfc, 0x2b, 0x10, 0x8, 0xff, 0xf7, 0x42,
    0xb5, 0xff, 0xf4, 0x80, 0x76, 0x7f, 0xd8, 0x1,
    0xcb, 0xff, 0x8c, 0x3, 0x17, 0xfe, 0x10, 0xf,
    0x4f, 0xfd, 0x20, 0x19, 0x7f, 0xec, 0x0, 0xf9,
    0x3f, 0xec, 0x0, 0xcd, 0xff, 0x50, 0x7, 0xc7,
    0xff, 0x70, 0x6, 0x5f, 0xfb, 0x0, 0x3e, 0x4f,
    0xfb, 0x40, 0x31, 0xff, 0xe1, 0x0, 0xf4, 0xff,
    0xd6, 0x1, 0xdb, 0xff, 0x58, 0x7, 0x27, 0xfe,
    0x60, 0xe, 0x4f, 0xfd, 0xae, 0x8b, 0x3f, 0xfb,
    0x40, 0x3e, 0xdf, 0xff, 0xfb, 0x88, 0x3, 0xd1,
    0xff, 0xff, 0x61, 0x0, 0x79, 0x7f, 0xe6, 0x65,
    0xef, 0xfb, 0x69, 0x0, 0x3f, 0x5f, 0xfb, 0x80,
    0x3f, 0xf8, 0xbd, 0xff, 0x8, 0x7, 0xff, 0x13,
    0x3f, 0xed, 0x62, 0x0, 0xff, 0xe1, 0x37, 0xff,
    0xd9, 0x4e, 0x82, 0x1, 0xfc, 0xff, 0xff, 0xf7,
    0x49, 0x80, 0x7c, 0xdf, 0xff, 0xfc, 0x1a, 0x0,
    0xe8, 0xff, 0x99, 0x95, 0xbf, 0xff, 0xa8, 0x0,
    0x39, 0xff, 0x28, 0x7, 0x12, 0xcf, 0xff, 0x10,
    0x37, 0xfd, 0x20, 0x1f, 0xc3, 0xdf, 0xf2, 0x2,
    0xff, 0xd0, 0x1, 0xfe, 0xbf, 0xf9, 0x40, 0xbf,
    0xee, 0x20, 0xf, 0xee, 0xff, 0x88, 0x1, 0x5f,
    0xfa, 0x50, 0x40, 0x22, 0x6d, 0xff, 0xb0, 0x2,
    0x1c, 0xff, 0xff, 0xe1, 0x71, 0x0, 0x74, 0x7f,
    0xff, 0xf0, 0x2c, 0x80, 0x3e, 0x15, 0x9c, 0xef,
    0xfb, 0xae, 0xc, 0x3, 0x80,

    /* U+011E "Ğ" */
    0x0, 0xfc, 0xd1, 0x1, 0x0, 0xf3, 0xc4, 0x0,
    0x3f, 0xf8, 0x79, 0xfe, 0x40, 0xf, 0x7f, 0xc0,
    0x1f, 0xfc, 0x38, 0xff, 0x60, 0x7, 0x4f, 0xfa,
    0xc0, 0x3f, 0xf8, 0x63, 0xff, 0x74, 0xc4, 0xef,
    0xfc, 0xa0, 0x1f, 0xfc, 0x45, 0xff, 0xfe, 0x80,
    0xf, 0xfe, 0x31, 0x46, 0x77, 0xfb, 0x64, 0xc0,
    0x3f, 0xff, 0xc2, 0xd5, 0xbd, 0xfe, 0xeb, 0x83,
    0x0, 0xff, 0xe1, 0x95, 0x7f, 0xff, 0xda, 0xc0,
    0x1f, 0xfc, 0x7, 0xff, 0xff, 0xe1, 0xe1, 0x0,
    0x7f, 0x57, 0xff, 0xff, 0x18, 0xc0, 0x3e, 0xaf,
    0xfe, 0xe8, 0x41, 0x18, 0xda, 0xff, 0xfc, 0x60,
    0x1c, 0xdf, 0xfc, 0xe0, 0x1f, 0xc7, 0xbf, 0xfb,
    0x40, 0x30, 0xff, 0xf2, 0x0, 0x7f, 0xf0, 0x2f,
    0xff, 0x38, 0x5, 0x3f, 0xf9, 0x40, 0x3f, 0xf8,
    0x5b, 0xff, 0x70, 0x5, 0xff, 0xa8, 0x3, 0xff,
    0x86, 0x7f, 0x8e, 0x40, 0x5, 0xff, 0xc6, 0x1,
    0xff, 0xc4, 0x10, 0xe, 0x9f, 0xfb, 0x40, 0x3f,
    0xf9, 0x79, 0xff, 0x40, 0x7, 0xff, 0x2f, 0xbf,
    0xe6, 0x0, 0xff, 0xe5, 0xff, 0xe4, 0x0, 0xff,
    0x66, 0xef, 0xf8, 0x43, 0xff, 0x18, 0x7, 0xfb,
    0xff, 0xfe, 0x20, 0xff, 0xc8, 0x1, 0xfe, 0xff,
    0xff, 0x88, 0x3f, 0xf2, 0x80, 0x7f, 0xbf, 0xff,
    0xe2, 0xd, 0xff, 0x9c, 0x3, 0xff, 0x8b, 0x7f,
    0xf1, 0x5, 0xff, 0xd4, 0x1, 0xff, 0xc5, 0xdf,
    0xf8, 0x81, 0xff, 0xf0, 0x7, 0xff, 0x17, 0xff,
    0x10, 0x17, 0xfe, 0x60, 0xf, 0xfe, 0x1a, 0xff,
    0xe2, 0x0, 0x67, 0xfd, 0xc2, 0x1, 0xff, 0xc2,
    0xdf, 0xfc, 0x40, 0x5, 0xff, 0xd6, 0x1, 0xff,
    0xc1, 0x8f, 0xfe, 0x20, 0xa, 0xff, 0xf5, 0x88,
    0x7, 0xfa, 0x3f, 0xfc, 0x40, 0x11, 0x77, 0xfe,
    0xe6, 0x10, 0xf, 0x26, 0x7f, 0xfc, 0x40, 0x19,
    0x3f, 0xfe, 0xca, 0x99, 0x5f, 0xff, 0x5f, 0xfe,
    0x20, 0xe, 0x4e, 0xff, 0xff, 0xe1, 0x68, 0xf7,
    0xfc, 0x40, 0x1e, 0x1b, 0xff, 0xff, 0xe0, 0x58,
    0x86, 0x7f, 0xc4, 0x1, 0xf8, 0xeb, 0xff, 0xf6,
    0x28, 0x5, 0x7f, 0xf1, 0x0, 0x7f, 0xc6, 0xce,
    0xe6, 0x51, 0x0, 0xff, 0x0,

    /* U+011F "ğ" */
    0x0, 0xa3, 0xfc, 0x40, 0x1e, 0x5f, 0xf2, 0x0,
    0x7c, 0xdf, 0xe5, 0x0, 0xf4, 0x7f, 0x8c, 0x3,
    0xe2, 0xff, 0x68, 0x80, 0x63, 0xff, 0x80, 0x3f,
    0xaf, 0xfe, 0xa7, 0x75, 0x7f, 0xd0, 0x1, 0xfc,
    0x3b, 0xff, 0xfa, 0xc0, 0x3f, 0xf8, 0xd, 0x7d,
    0xfe, 0xea, 0x50, 0xf, 0xff, 0xd, 0x50, 0x3,
    0xf2, 0xde, 0xff, 0x64, 0x10, 0x16, 0xff, 0x9c,
    0x3, 0x93, 0xbf, 0xff, 0x6f, 0xfe, 0xd0, 0xc,
    0xdf, 0xff, 0xfc, 0x2b, 0x10, 0x8, 0xff, 0xf7,
    0x42, 0xb5, 0xff, 0xf4, 0x80, 0x76, 0x7f, 0xd8,
    0x1, 0xcb, 0xff, 0x8c, 0x3, 0x17, 0xfe, 0x10,
    0xf, 0x4f, 0xfd, 0x20, 0x19, 0x7f, 0xec, 0x0,
    0xf9, 0x3f, 0xec, 0x0, 0xcd, 0xff, 0x50, 0x7,
    0xc7, 0xff, 0x70, 0x6, 0x5f, 0xfb, 0x0, 0x3e,
    0x4f, 0xfb, 0x40, 0x31, 0xff, 0xe1, 0x0, 0xf4,
    0xff, 0xd6, 0x1, 0xdb, 0xff, 0x58, 0x7, 0x27,
    0xfe, 0x60, 0xe, 0x4f, 0xfd, 0xae, 0x8b, 0x3f,
    0xfb, 0x40, 0x3e, 0xdf, 0xff, 0xfb, 0x88, 0x3,
    0xd1, 0xff, 0xff, 0x61, 0x0, 0x79, 0x7f, 0xe6,
    0x65, 0xef, 0xfb, 0x69, 0x0, 0x3f, 0x5f, 0xfb,
    0x80, 0x3f, 0xf8, 0xbd, 0xff, 0x8, 0x7, 0xff,
    0x13, 0x3f, 0xed, 0x62, 0x0, 0xff, 0xe1, 0x37,
    0xff, 0xd9, 0x4e, 0x82, 0x1, 0xfc, 0xff, 0xff,
    0xf7, 0x49, 0x80, 0x7c, 0xdf, 0xff, 0xfc, 0x1a,
    0x0, 0xe8, 0xff, 0x99, 0x95, 0xbf, 0xff, 0xa8,
    0x0, 0x39, 0xff, 0x28, 0x7, 0x12, 0xcf, 0xff,
    0x10, 0x37, 0xfd, 0x20, 0x1f, 0xc3, 0xdf, 0xf2,
    0x2, 0xff, 0xd0, 0x1, 0xfe, 0xbf, 0xf9, 0x40,
    0xbf, 0xee, 0x20, 0xf, 0xee, 0xff, 0x88, 0x1,
    0x5f, 0xfa, 0x50, 0x40, 0x22, 0x6d, 0xff, 0xb0,
    0x2, 0x1c, 0xff, 0xff, 0xe1, 0x71, 0x0, 0x74,
    0x7f, 0xff, 0xf0, 0x2c, 0x80, 0x3e, 0x15, 0x9c,
    0xef, 0xfb, 0xae, 0xc, 0x3, 0x80,

    /* U+0120 "Ġ" */
    0x0, 0xff, 0xe0, 0x5f, 0xfd, 0xc0, 0x1f, 0xfc,
    0xbb, 0xff, 0xc0, 0x1f, 0xfc, 0xbb, 0xff, 0xc0,
    0x1f, 0xfc, 0xbb, 0xff, 0xc0, 0x1f, 0xfc, 0xbb,
    0xff, 0xc0, 0x1f, 0xff, 0xf0, 0xf, 0xff, 0x68,
    0xb5, 0x6f, 0x7f, 0xba, 0xe0, 0xc0, 0x3f, 0xf8,
    0x65, 0x5f, 0xff, 0xf6, 0xb0, 0x7, 0xff, 0x1,
    0xff, 0xff, 0xf8, 0x78, 0x40, 0x1f, 0xd5, 0xff,
    0xff, 0xc6, 0x30, 0xf, 0xab, 0xff, 0xba, 0x10,
    0x46, 0x36, 0xbf, 0xff, 0x18, 0x7, 0x37, 0xff,
    0x38, 0x7, 0xf1, 0xef, 0xfe, 0xd0, 0xc, 0x3f,
    0xfc, 0x80, 0x1f, 0xfc, 0xb, 0xff, 0xce, 0x1,
    0x4f, 0xfe, 0x50, 0xf, 0xfe, 0x16, 0xff, 0xdc,
    0x1, 0x7f, 0xea, 0x0, 0xff, 0xe1, 0x9f, 0xe3,
    0x90, 0x1, 0x7f, 0xf1, 0x80, 0x7f, 0xf1, 0x4,
    0x3, 0xa7, 0xfe, 0xd0, 0xf, 0xfe, 0x5e, 0x7f,
    0xd0, 0x1, 0xff, 0xcb, 0xef, 0xf9, 0x80, 0x3f,
    0xf9, 0x7f, 0xf9, 0x0, 0x3f, 0xd9, 0xbb, 0xfe,
    0x10, 0xff, 0xc6, 0x1, 0xfe, 0xff, 0xff, 0x88,
    0x3f, 0xf2, 0x0, 0x7f, 0xbf, 0xff, 0xe2, 0xf,
    0xfc, 0xa0, 0x1f, 0xef, 0xff, 0xf8, 0x83, 0x7f,
    0xe7, 0x0, 0xff, 0xe2, 0xdf, 0xfc, 0x41, 0x7f,
    0xf5, 0x0, 0x7f, 0xf1, 0x77, 0xfe, 0x20, 0x7f,
    0xfc, 0x1, 0xff, 0xc5, 0xff, 0xc4, 0x5, 0xff,
    0x98, 0x3, 0xff, 0x86, 0xbf, 0xf8, 0x80, 0x19,
    0xff, 0x70, 0x80, 0x7f, 0xf0, 0xb7, 0xff, 0x10,
    0x1, 0x7f, 0xf5, 0x80, 0x7f, 0xf0, 0x63, 0xff,
    0x88, 0x2, 0xbf, 0xfd, 0x62, 0x1, 0xfe, 0x8f,
    0xff, 0x10, 0x4, 0x5d, 0xff, 0xb9, 0x84, 0x3,
    0xc9, 0x9f, 0xff, 0x10, 0x6, 0x4f, 0xff, 0xb2,
    0xa6, 0x57, 0xff, 0xd7, 0xff, 0x88, 0x3, 0x93,
    0xbf, 0xff, 0xf8, 0x5a, 0x3d, 0xff, 0x10, 0x7,
    0x86, 0xff, 0xff, 0xf8, 0x16, 0x21, 0x9f, 0xf1,
    0x0, 0x7e, 0x3a, 0xff, 0xfd, 0x8a, 0x1, 0x5f,
    0xfc, 0x40, 0x1f, 0xf1, 0xb3, 0xb9, 0x94, 0x40,
    0x3f, 0xc0,

    /* U+0121 "ġ" */
    0x0, 0xf9, 0xff, 0xf1, 0x80, 0x7f, 0xf0, 0xdf,
    0xff, 0x18, 0x7, 0xff, 0xd, 0xff, 0xf1, 0x80,
    0x7f, 0xf0, 0xdf, 0xff, 0x18, 0x7, 0xff, 0xd,
    0xbf, 0xf1, 0x80, 0x7f, 0xfd, 0xea, 0x80, 0x1f,
    0x96, 0xf7, 0xfb, 0x20, 0x80, 0xb7, 0xfc, 0xe0,
    0x1c, 0x9d, 0xff, 0xfb, 0xbf, 0xf6, 0x80, 0x66,
    0xff, 0xff, 0xe1, 0x58, 0x80, 0x47, 0xff, 0xba,
    0x15, 0xaf, 0xff, 0xa4, 0x3, 0xb3, 0xfe, 0xc0,
    0xe, 0x5f, 0xfc, 0x60, 0x18, 0xbf, 0xf0, 0x80,
    0x7a, 0x7f, 0xe9, 0x0, 0xcb, 0xff, 0x60, 0x7,
    0xc9, 0xff, 0x60, 0x6, 0x6f, 0xfa, 0x80, 0x3e,
    0x3f, 0xfb, 0x80, 0x32, 0xff, 0xd8, 0x1, 0xf2,
    0x7f, 0xda, 0x1, 0x8f, 0xff, 0x8, 0x7, 0xa7,
    0xfe, 0xb0, 0xe, 0xdf, 0xfa, 0xc0, 0x39, 0x3f,
    0xf3, 0x0, 0x72, 0x7f, 0xed, 0x74, 0x59, 0xff,
    0xda, 0x1, 0xf6, 0xff, 0xff, 0xdc, 0x40, 0x1e,
    0x8f, 0xff, 0xfb, 0x8, 0x3, 0xcb, 0xff, 0x33,
    0x2f, 0x7f, 0xdb, 0x48, 0x1, 0xfa, 0xff, 0xdc,
    0x1, 0xff, 0xc5, 0xef, 0xf8, 0x40, 0x3f, 0xf8,
    0x99, 0xff, 0x6b, 0x10, 0x7, 0xff, 0x9, 0xbf,
    0xfe, 0xca, 0x74, 0x10, 0xf, 0xe7, 0xff, 0xff,
    0xba, 0x4c, 0x3, 0xe6, 0xff, 0xff, 0xe0, 0xd0,
    0x7, 0x47, 0xfc, 0xcc, 0xad, 0xff, 0xfd, 0x40,
    0x1, 0xcf, 0xf9, 0x40, 0x38, 0x96, 0x7f, 0xf8,
    0x81, 0xbf, 0xe9, 0x0, 0xfe, 0x1e, 0xff, 0x90,
    0x17, 0xfe, 0x80, 0xf, 0xf5, 0xff, 0xca, 0x5,
    0xff, 0x71, 0x0, 0x7f, 0x77, 0xfc, 0x40, 0xa,
    0xff, 0xd2, 0x82, 0x1, 0x13, 0x6f, 0xfd, 0x80,
    0x10, 0xe7, 0xff, 0xff, 0xb, 0x88, 0x3, 0xa3,
    0xff, 0xff, 0x81, 0x64, 0x1, 0xf0, 0xac, 0xe7,
    0x7f, 0xdd, 0x70, 0x60, 0x1c,

    /* U+0122 "Ģ" */
    0x0, 0xfe, 0x16, 0xad, 0xef, 0xf7, 0x5c, 0x18,
    0x7, 0xff, 0xc, 0xab, 0xff, 0xfe, 0xd5, 0x0,
    0xff, 0xe0, 0x3f, 0xff, 0xff, 0xe, 0xc4, 0x3,
    0xfa, 0xbf, 0xff, 0xf8, 0xbc, 0x40, 0x1f, 0x57,
    0xff, 0x74, 0x20, 0x8c, 0x6f, 0x9f, 0xfd, 0xa2,
    0x1, 0xcd, 0xff, 0xce, 0x1, 0xfc, 0xbd, 0xff,
    0xac, 0x3, 0xf, 0xff, 0x20, 0x7, 0xfc, 0x3b,
    0xff, 0x94, 0x2, 0x9f, 0xfc, 0xa0, 0x1f, 0xfc,
    0x12, 0xff, 0xd8, 0x1, 0x7f, 0xea, 0x0, 0xff,
    0xe1, 0xbf, 0xfb, 0x5c, 0x0, 0xbf, 0xf8, 0xc0,
    0x3f, 0xf8, 0x90, 0x60, 0x1a, 0x7f, 0xed, 0x0,
    0xff, 0xe5, 0xe7, 0xfd, 0x0, 0x1f, 0xfc, 0xbe,
    0xff, 0x98, 0x3, 0xff, 0x97, 0xff, 0x90, 0x3,
    0xff, 0x97, 0xff, 0x8c, 0x3, 0xfd, 0xff, 0xff,
    0x10, 0x7f, 0xe4, 0x0, 0xff, 0x7f, 0xff, 0xc4,
    0x1f, 0xf9, 0x40, 0x3f, 0xdf, 0xff, 0xf1, 0x6,
    0xff, 0xce, 0x1, 0xfe, 0xcd, 0xdf, 0x7f, 0xe2,
    0xb, 0xff, 0xa8, 0x3, 0xff, 0x8b, 0x9f, 0xf1,
    0x3, 0xff, 0xe0, 0xf, 0xfe, 0x2f, 0x7f, 0xc4,
    0x5, 0xff, 0x98, 0x3, 0xff, 0x86, 0x9f, 0xf8,
    0x80, 0x19, 0xff, 0x70, 0x80, 0x7f, 0xf0, 0xaf,
    0xff, 0x10, 0x1, 0x7f, 0xf5, 0x80, 0x7f, 0xf0,
    0x57, 0xff, 0x88, 0x2, 0xbf, 0xfd, 0x62, 0x1,
    0xfe, 0x6f, 0xff, 0x10, 0x4, 0x5d, 0xff, 0xb9,
    0x84, 0x3, 0xc9, 0x7f, 0xff, 0x10, 0x6, 0x4f,
    0xff, 0xb2, 0xa6, 0x57, 0xdf, 0xfb, 0x7f, 0xf1,
    0x0, 0x72, 0x77, 0xff, 0xff, 0xb, 0x87, 0xbf,
    0xe2, 0x0, 0xf0, 0xdf, 0xff, 0xff, 0x3, 0x8,
    0x33, 0xfe, 0x20, 0xf, 0xc7, 0x5f, 0xff, 0xb1,
    0x80, 0x2b, 0xff, 0x88, 0x3, 0xfe, 0x36, 0x77,
    0x32, 0x88, 0x7, 0xff, 0x99, 0xea, 0xa5, 0x0,
    0xff, 0xe5, 0x17, 0xfd, 0xa0, 0x1f, 0xfc, 0xb9,
    0xff, 0x88, 0x3, 0xff, 0x94, 0x3f, 0xf2, 0x80,
    0x7f, 0xf2, 0xe3, 0xfd, 0x20, 0x1f, 0xfc, 0xb1,
    0xff, 0x68, 0x7, 0xff, 0x32, 0x3f, 0xc4, 0x1,
    0xff, 0xc3,

    /* U+0123 "ģ" */
    0x0, 0xff, 0x1f, 0xf9, 0x80, 0x3f, 0xf8, 0x85,
    0xdf, 0xc0, 0x1f, 0xfc, 0x5d, 0xff, 0x28, 0x7,
    0xff, 0x12, 0xff, 0xda, 0x1, 0xff, 0xc4, 0x9f,
    0xf9, 0x0, 0x3f, 0xf8, 0x6d, 0xff, 0x60, 0x7,
    0xff, 0x92, 0xa8, 0x1, 0xf9, 0x6f, 0x7f, 0xb2,
    0x8, 0xb, 0x7f, 0xce, 0x1, 0xc9, 0xdf, 0xff,
    0xb7, 0xff, 0x68, 0x6, 0x6f, 0xff, 0xfe, 0x15,
    0x88, 0x4, 0x7f, 0xfb, 0xa1, 0x5a, 0xff, 0xfa,
    0x40, 0x3b, 0x3f, 0xec, 0x0, 0xe5, 0xff, 0xc6,
    0x1, 0x8b, 0xff, 0x8, 0x7, 0xa7, 0xfe, 0x90,
    0xc, 0xbf, 0xf6, 0x0, 0x7c, 0x9f, 0xf6, 0x0,
    0x66, 0xff, 0xa8, 0x3, 0xe3, 0xff, 0xb8, 0x3,
    0x2f, 0xfd, 0x80, 0x1f, 0x27, 0xfd, 0xa0, 0x18,
    0xff, 0xf0, 0x80, 0x7a, 0x7f, 0xeb, 0x0, 0xed,
    0xff, 0xac, 0x3, 0x93, 0xff, 0x30, 0x7, 0x27,
    0xfe, 0xd7, 0x45, 0x9f, 0xfd, 0xa0, 0x1f, 0x6f,
    0xff, 0xfd, 0xc4, 0x1, 0xe8, 0xff, 0xff, 0xb0,
    0x80, 0x3c, 0xbf, 0xf3, 0x32, 0xf7, 0xfd, 0xb4,
    0x80, 0x1f, 0xaf, 0xfd, 0xc0, 0x1f, 0xfc, 0x5e,
    0xff, 0x84, 0x3, 0xff, 0x89, 0x9f, 0xf6, 0xb1,
    0x0, 0x7f, 0xf0, 0x9b, 0xff, 0xec, 0xa7, 0x41,
    0x0, 0xfe, 0x7f, 0xff, 0xfb, 0xa4, 0xc0, 0x3e,
    0x6f, 0xff, 0xfe, 0xd, 0x0, 0x74, 0x7f, 0xcc,
    0xca, 0xdf, 0xff, 0xd4, 0x0, 0x1c, 0xff, 0x94,
    0x3, 0x89, 0x67, 0xff, 0x88, 0x1b, 0xfe, 0x90,
    0xf, 0xe1, 0xef, 0xf9, 0x1, 0x7f, 0xe8, 0x0,
    0xff, 0x5f, 0xfc, 0xa0, 0x5f, 0xf7, 0x10, 0x7,
    0xf7, 0x7f, 0xc4, 0x0, 0xaf, 0xfd, 0x28, 0x20,
    0x11, 0x36, 0xff, 0xd8, 0x1, 0xe, 0x7f, 0xff,
    0xf0, 0xb8, 0x80, 0x3a, 0x3f, 0xff, 0xf8, 0x16,
    0x40, 0x1f, 0xa, 0xce, 0x77, 0xfd, 0xd7, 0x6,
    0x1, 0xc0,

    /* U+0124 "Ĥ" */
    0x0, 0xff, 0x88, 0x3, 0xff, 0x93, 0x1e, 0x60,
    0x1f, 0xfc, 0x77, 0xff, 0x71, 0x0, 0x7f, 0xf1,
    0x5b, 0xff, 0x71, 0x0, 0x7f, 0xf0, 0xd7, 0xfd,
    0xad, 0xfe, 0xd1, 0x0, 0xff, 0xe0, 0xa7, 0xfb,
    0x88, 0x1b, 0xfd, 0xa2, 0x1, 0xff, 0x1f, 0xfc,
    0x60, 0x13, 0xff, 0xb0, 0x3, 0xfe, 0x68, 0x81,
    0x80, 0x73, 0x44, 0x10, 0x3, 0xff, 0xcf, 0xbf,
    0xf3, 0x80, 0x7f, 0xf0, 0x73, 0xfe, 0x8d, 0xff,
    0x9c, 0x3, 0xff, 0x83, 0x9f, 0xf4, 0x6f, 0xfc,
    0xe0, 0x1f, 0xfc, 0x1c, 0xff, 0xa3, 0x7f, 0xe7,
    0x0, 0xff, 0xe0, 0xe7, 0xfd, 0x1b, 0xff, 0x38,
    0x7, 0xff, 0x7, 0x3f, 0xe8, 0xdf, 0xf9, 0xc0,
    0x3f, 0xf8, 0x39, 0xff, 0x46, 0xff, 0xce, 0x1,
    0xff, 0xc1, 0xcf, 0xfa, 0x37, 0xfe, 0x70, 0xf,
    0xfe, 0xe, 0x7f, 0xd1, 0xbf, 0xf3, 0x80, 0x7f,
    0xf0, 0x73, 0xfe, 0x8d, 0xff, 0x9c, 0x3, 0xff,
    0x83, 0x9f, 0xf4, 0x6f, 0xfc, 0xe0, 0x1f, 0xfc,
    0x1c, 0xff, 0xa3, 0x7f, 0xe7, 0x0, 0xff, 0xe0,
    0xe7, 0xfd, 0x1b, 0xff, 0xff, 0xc9, 0x8d, 0xff,
    0xff, 0xe4, 0xc6, 0xff, 0xff, 0xf2, 0x63, 0x7f,
    0xff, 0xf9, 0x31, 0xbf, 0xf3, 0x80, 0x7f, 0xf0,
    0x73, 0xfe, 0x8d, 0xff, 0x9c, 0x3, 0xff, 0x83,
    0x9f, 0xf4, 0x6f, 0xfc, 0xe0, 0x1f, 0xfc, 0x1c,
    0xff, 0xa3, 0x7f, 0xe7, 0x0, 0xff, 0xe0, 0xe7,
    0xfd, 0x1b, 0xff, 0x38, 0x7, 0xff, 0x7, 0x3f,
    0xe8, 0xdf, 0xf9, 0xc0, 0x3f, 0xf8, 0x39, 0xff,
    0x46, 0xff, 0xce, 0x1, 0xff, 0xc1, 0xcf, 0xfa,
    0x37, 0xfe, 0x70, 0xf, 0xfe, 0xe, 0x7f, 0xd1,
    0xbf, 0xf3, 0x80, 0x7f, 0xf0, 0x73, 0xfe, 0x8d,
    0xff, 0x9c, 0x3, 0xff, 0x83, 0x9f, 0xf4, 0x6f,
    0xfc, 0xe0, 0x1f, 0xfc, 0x1c, 0xff, 0xa3, 0x7f,
    0xe7, 0x0, 0xff, 0xe0, 0xe7, 0xfd, 0x1b, 0xff,
    0x38, 0x7, 0xff, 0x7, 0x3f, 0xe8,

    /* U+0125 "ĥ" */
    0x0, 0xf0, 0x88, 0x3, 0xff, 0x90, 0x3b, 0x80,
    0x1f, 0xfc, 0x8c, 0xff, 0x58, 0x7, 0xff, 0x1a,
    0xff, 0xf5, 0x0, 0x7f, 0xf1, 0x2b, 0xfd, 0x35,
    0xfe, 0x90, 0xf, 0xfe, 0x14, 0xff, 0xac, 0x1,
    0x7f, 0xe8, 0x0, 0xff, 0xe0, 0x47, 0xfb, 0x0,
    0x36, 0xff, 0x9c, 0x3, 0xfc, 0x31, 0x7, 0x10,
    0xc, 0x2f, 0xe, 0x20, 0x1f, 0xfe, 0xf2, 0xff,
    0xc0, 0x1f, 0xfc, 0x62, 0xff, 0xc0, 0x1f, 0xfc,
    0x62, 0xff, 0xc0, 0x1f, 0xfc, 0x62, 0xff, 0xc0,
    0x1f, 0xfc, 0x62, 0xff, 0xc0, 0x1f, 0xfc, 0x62,
    0xff, 0xc0, 0x1f, 0xfc, 0x62, 0xff, 0xc0, 0x1f,
    0xfc, 0x62, 0xff, 0xc0, 0x1f, 0xfc, 0x62, 0xff,
    0xc0, 0x1, 0x7c, 0xef, 0xeb, 0x60, 0xf, 0xc5,
    0xff, 0x81, 0x7f, 0xff, 0x69, 0x0, 0x78, 0xbf,
    0xf3, 0x7f, 0xff, 0xb8, 0x40, 0x38, 0xbf, 0xfe,
    0xc9, 0x95, 0xff, 0xf5, 0x0, 0x71, 0x7f, 0xf7,
    0x18, 0x6, 0x3e, 0xff, 0xc2, 0x1, 0x8b, 0xff,
    0x8c, 0x3, 0xc9, 0xff, 0x94, 0x3, 0x17, 0xfe,
    0xa0, 0xf, 0xdd, 0xff, 0x38, 0x6, 0x2f, 0xfc,
    0xa0, 0x1f, 0xab, 0xfe, 0x80, 0xc, 0x5f, 0xf8,
    0x80, 0x3f, 0x4f, 0xfd, 0x20, 0x18, 0xbf, 0xf0,
    0x80, 0x7e, 0x8f, 0xfa, 0x40, 0x31, 0x7f, 0xe0,
    0xf, 0xe8, 0xff, 0xa4, 0x3, 0x17, 0xfe, 0x0,
    0xfe, 0x8f, 0xfa, 0x40, 0x31, 0x7f, 0xe0, 0xf,
    0xe8, 0xff, 0xa4, 0x3, 0x17, 0xfe, 0x0, 0xfe,
    0x8f, 0xfa, 0x40, 0x31, 0x7f, 0xe0, 0xf, 0xe8,
    0xff, 0xa4, 0x3, 0x17, 0xfe, 0x0, 0xfe, 0x8f,
    0xfa, 0x40, 0x31, 0x7f, 0xe0, 0xf, 0xe8, 0xff,
    0xa4, 0x3, 0x17, 0xfe, 0x0, 0xfe, 0x8f, 0xfa,
    0x40, 0x31, 0x7f, 0xe0, 0xf, 0xe8, 0xff, 0xa4,
    0x3, 0x17, 0xfe, 0x0, 0xfe, 0x8f, 0xfa, 0x40,
    0x31, 0x7f, 0xe0, 0xf, 0xe8, 0xff, 0xa4,

    /* U+0126 "Ħ" */
    0x0, 0xb7, 0xfe, 0x70, 0xf, 0xfe, 0xe, 0x7f,
    0xd0, 0x1, 0xdb, 0xff, 0x38, 0x7, 0xff, 0x7,
    0x3f, 0xe8, 0x0, 0xed, 0xff, 0x9c, 0x3, 0xff,
    0x83, 0x9f, 0xf4, 0x0, 0x76, 0xff, 0xce, 0x1,
    0xff, 0xc1, 0xcf, 0xfa, 0x0, 0x3b, 0x7f, 0xe7,
    0x0, 0xff, 0xe0, 0xe7, 0xfd, 0x0, 0x4, 0xff,
    0xff, 0xe7, 0xa7, 0xff, 0xff, 0x3c, 0x5d, 0xdf,
    0xfb, 0x9d, 0xff, 0xf8, 0x3f, 0xfc, 0xec, 0x1,
    0x6f, 0xfc, 0xe0, 0x1f, 0xfc, 0x1c, 0xff, 0xa0,
    0x3, 0xb7, 0xfe, 0x70, 0xf, 0xfe, 0xe, 0x7f,
    0xd0, 0x1, 0xdb, 0xff, 0x38, 0x7, 0xff, 0x7,
    0x3f, 0xe8, 0x0, 0xed, 0xff, 0x9c, 0x3, 0xff,
    0x83, 0x9f, 0xf4, 0x0, 0x76, 0xff, 0xff, 0xf2,
    0x60, 0x3, 0xb7, 0xff, 0xff, 0x93, 0x0, 0x1d,
    0xbf, 0xff, 0xfc, 0x98, 0x0, 0xed, 0xff, 0xff,
    0xe4, 0xc0, 0x7, 0x6f, 0xfc, 0xe0, 0x1f, 0xfc,
    0x1c, 0xff, 0xa0, 0x3, 0xb7, 0xfe, 0x70, 0xf,
    0xfe, 0xe, 0x7f, 0xd0, 0x1, 0xdb, 0xff, 0x38,
    0x7, 0xff, 0x7, 0x3f, 0xe8, 0x0, 0xed, 0xff,
    0x9c, 0x3, 0xff, 0x83, 0x9f, 0xf4, 0x0, 0x76,
    0xff, 0xce, 0x1, 0xff, 0xc1, 0xcf, 0xfa, 0x0,
    0x3b, 0x7f, 0xe7, 0x0, 0xff, 0xe0, 0xe7, 0xfd,
    0x0, 0x1d, 0xbf, 0xf3, 0x80, 0x7f, 0xf0, 0x73,
    0xfe, 0x80, 0xe, 0xdf, 0xf9, 0xc0, 0x3f, 0xf8,
    0x39, 0xff, 0x40, 0x7, 0x6f, 0xfc, 0xe0, 0x1f,
    0xfc, 0x1c, 0xff, 0xa0, 0x3, 0xb7, 0xfe, 0x70,
    0xf, 0xfe, 0xe, 0x7f, 0xd0, 0x1, 0xdb, 0xff,
    0x38, 0x7, 0xff, 0x7, 0x3f, 0xe8, 0x0, 0xed,
    0xff, 0x9c, 0x3, 0xff, 0x83, 0x9f, 0xf4, 0x0,
    0x76, 0xff, 0xce, 0x1, 0xff, 0xc1, 0xcf, 0xfa,
    0x0, 0x0,

    /* U+0127 "ħ" */
    0x0, 0x17, 0xfe, 0x0, 0xff, 0xe2, 0x17, 0xfe,
    0x0, 0xff, 0xe2, 0x17, 0xfe, 0x0, 0xff, 0xe1,
    0x2f, 0xff, 0xff, 0x1, 0x0, 0x3e, 0x5f, 0xff,
    0xfe, 0x2, 0x0, 0x7c, 0x99, 0xdf, 0xfb, 0x33,
    0xc6, 0x1, 0xfc, 0x5f, 0xf8, 0x3, 0xff, 0x88,
    0x5f, 0xf8, 0x3, 0xff, 0x88, 0x5f, 0xf8, 0x0,
    0x2f, 0x9d, 0xfd, 0x6c, 0x1, 0xe2, 0xff, 0xc0,
    0xbf, 0xff, 0xb4, 0x80, 0x31, 0x7f, 0xe6, 0xff,
    0xff, 0x70, 0x80, 0x45, 0xff, 0xf6, 0x4c, 0xaf,
    0xff, 0xa8, 0x2, 0x2f, 0xfe, 0xe3, 0x0, 0xc7,
    0xdf, 0xf8, 0x40, 0x5, 0xff, 0xc6, 0x1, 0xe4,
    0xff, 0xca, 0x0, 0x2f, 0xfd, 0x40, 0x1f, 0xbb,
    0xfe, 0x70, 0x1, 0x7f, 0xe5, 0x0, 0xfd, 0x5f,
    0xf4, 0x0, 0xb, 0xff, 0x10, 0x7, 0xe9, 0xff,
    0xa4, 0x0, 0x5f, 0xf8, 0x40, 0x3f, 0x47, 0xfd,
    0x20, 0x2, 0xff, 0xc0, 0x1f, 0xd1, 0xff, 0x48,
    0x0, 0xbf, 0xf0, 0x7, 0xf4, 0x7f, 0xd2, 0x0,
    0x2f, 0xfc, 0x1, 0xfd, 0x1f, 0xf4, 0x80, 0xb,
    0xff, 0x0, 0x7f, 0x47, 0xfd, 0x20, 0x2, 0xff,
    0xc0, 0x1f, 0xd1, 0xff, 0x48, 0x0, 0xbf, 0xf0,
    0x7, 0xf4, 0x7f, 0xd2, 0x0, 0x2f, 0xfc, 0x1,
    0xfd, 0x1f, 0xf4, 0x80, 0xb, 0xff, 0x0, 0x7f,
    0x47, 0xfd, 0x20, 0x2, 0xff, 0xc0, 0x1f, 0xd1,
    0xff, 0x48, 0x0, 0xbf, 0xf0, 0x7, 0xf4, 0x7f,
    0xd2, 0x0, 0x2f, 0xfc, 0x1, 0xfd, 0x1f, 0xf4,
    0x80,

    /* U+0128 "Ĩ" */
    0x0, 0x89, 0x8, 0x3, 0x85, 0x10, 0x0, 0x1b,
    0xff, 0xb0, 0x40, 0x27, 0xff, 0x8, 0x67, 0xff,
    0x71, 0x0, 0x2b, 0xfc, 0x9, 0xfe, 0x80, 0x6f,
    0xf7, 0x2b, 0x7f, 0xa8, 0x1f, 0xfc, 0x1, 0x2f,
    0xff, 0x71, 0x3, 0x65, 0x0, 0x63, 0xcf, 0xf5,
    0x90, 0x7, 0xff, 0x67, 0x7f, 0xe7, 0x0, 0xff,
    0x6f, 0xfc, 0xe0, 0x1f, 0xed, 0xff, 0x9c, 0x3,
    0xfd, 0xbf, 0xf3, 0x80, 0x7f, 0xb7, 0xfe, 0x70,
    0xf, 0xf6, 0xff, 0xce, 0x1, 0xfe, 0xdf, 0xf9,
    0xc0, 0x3f, 0xdb, 0xff, 0x38, 0x7, 0xfb, 0x7f,
    0xe7, 0x0, 0xff, 0x6f, 0xfc, 0xe0, 0x1f, 0xed,
    0xff, 0x9c, 0x3, 0xfd, 0xbf, 0xf3, 0x80, 0x7f,
    0xb7, 0xfe, 0x70, 0xf, 0xf6, 0xff, 0xce, 0x1,
    0xfe, 0xdf, 0xf9, 0xc0, 0x3f, 0xdb, 0xff, 0x38,
    0x7, 0xfb, 0x7f, 0xe7, 0x0, 0xff, 0x6f, 0xfc,
    0xe0, 0x1f, 0xed, 0xff, 0x9c, 0x3, 0xfd, 0xbf,
    0xf3, 0x80, 0x7f, 0xb7, 0xfe, 0x70, 0xf, 0xf6,
    0xff, 0xce, 0x1, 0xfe, 0xdf, 0xf9, 0xc0, 0x3f,
    0xdb, 0xff, 0x38, 0x7, 0xfb, 0x7f, 0xe7, 0x0,
    0xff, 0x6f, 0xfc, 0xe0, 0x1f, 0xed, 0xff, 0x9c,
    0x3, 0xfd, 0xbf, 0xf3, 0x80, 0x7f, 0xb7, 0xfe,
    0x70, 0xe,

    /* U+0129 "ĩ" */
    0x0, 0xc, 0xf7, 0xe1, 0x80, 0x6d, 0xfb, 0x0,
    0x6f, 0xff, 0x28, 0x5, 0xfe, 0x90, 0x7f, 0xf6,
    0x5f, 0xfc, 0xe1, 0x1f, 0xe5, 0xc, 0xfd, 0x0,
    0x2f, 0xff, 0xb8, 0x1, 0xfe, 0x80, 0x9, 0x3b,
    0xfe, 0xe3, 0x0, 0x3c, 0x18, 0x6, 0x15, 0x76,
    0x10, 0xf, 0xfe, 0xc9, 0xff, 0xe0, 0xf, 0xf1,
    0xff, 0xe0, 0xf, 0xf1, 0xff, 0xe0, 0xf, 0xf1,
    0xff, 0xe0, 0xf, 0xf1, 0xff, 0xe0, 0xf, 0xf1,
    0xff, 0xe0, 0xf, 0xf1, 0xff, 0xe0, 0xf, 0xf1,
    0xff, 0xe0, 0xf, 0xf1, 0xff, 0xe0, 0xf, 0xf1,
    0xff, 0xe0, 0xf, 0xf1, 0xff, 0xe0, 0xf, 0xf1,
    0xff, 0xe0, 0xf, 0xf1, 0xff, 0xe0, 0xf, 0xf1,
    0xff, 0xe0, 0xf, 0xf1, 0xff, 0xe0, 0xf, 0xf1,
    0xff, 0xe0, 0xf, 0xf1, 0xff, 0xe0, 0xf, 0xf1,
    0xff, 0xe0, 0xf, 0xf1, 0xff, 0xe0, 0xf, 0xf1,
    0xff, 0xe0, 0xf, 0xf1, 0xff, 0xe0, 0xe,

    /* U+012A "Ī" */
    0x37, 0x7f, 0xf8, 0x1b, 0xff, 0xfe, 0x6, 0xff,
    0xff, 0x80, 0x3f, 0xfd, 0xbb, 0xff, 0x38, 0x7,
    0xed, 0xff, 0x9c, 0x3, 0xf6, 0xff, 0xce, 0x1,
    0xfb, 0x7f, 0xe7, 0x0, 0xfd, 0xbf, 0xf3, 0x80,
    0x7e, 0xdf, 0xf9, 0xc0, 0x3f, 0x6f, 0xfc, 0xe0,
    0x1f, 0xb7, 0xfe, 0x70, 0xf, 0xdb, 0xff, 0x38,
    0x7, 0xed, 0xff, 0x9c, 0x3, 0xf6, 0xff, 0xce,
    0x1, 0xfb, 0x7f, 0xe7, 0x0, 0xfd, 0xbf, 0xf3,
    0x80, 0x7e, 0xdf, 0xf9, 0xc0, 0x3f, 0x6f, 0xfc,
    0xe0, 0x1f, 0xb7, 0xfe, 0x70, 0xf, 0xdb, 0xff,
    0x38, 0x7, 0xed, 0xff, 0x9c, 0x3, 0xf6, 0xff,
    0xce, 0x1, 0xfb, 0x7f, 0xe7, 0x0, 0xfd, 0xbf,
    0xf3, 0x80, 0x7e, 0xdf, 0xf9, 0xc0, 0x3f, 0x6f,
    0xfc, 0xe0, 0x1f, 0xb7, 0xfe, 0x70, 0xf, 0xdb,
    0xff, 0x38, 0x7, 0xed, 0xff, 0x9c, 0x3, 0xf6,
    0xff, 0xce, 0x1, 0xfb, 0x7f, 0xe7, 0x0, 0xfd,
    0xbf, 0xf3, 0x80, 0x60,

    /* U+012B "ī" */
    0xef, 0xff, 0xf4, 0xf7, 0xff, 0xfa, 0x59, 0xdf,
    0xfc, 0x80, 0x1f, 0xfd, 0xb3, 0xff, 0xc0, 0x1f,
    0x1f, 0xfe, 0x0, 0xf8, 0xff, 0xf0, 0x7, 0xc7,
    0xff, 0x80, 0x3e, 0x3f, 0xfc, 0x1, 0xf1, 0xff,
    0xe0, 0xf, 0x8f, 0xff, 0x0, 0x7c, 0x7f, 0xf8,
    0x3, 0xe3, 0xff, 0xc0, 0x1f, 0x1f, 0xfe, 0x0,
    0xf8, 0xff, 0xf0, 0x7, 0xc7, 0xff, 0x80, 0x3e,
    0x3f, 0xfc, 0x1, 0xf1, 0xff, 0xe0, 0xf, 0x8f,
    0xff, 0x0, 0x7c, 0x7f, 0xf8, 0x3, 0xe3, 0xff,
    0xc0, 0x1f, 0x1f, 0xfe, 0x0, 0xf8, 0xff, 0xf0,
    0x7, 0xc7, 0xff, 0x80, 0x3e, 0x3f, 0xfc, 0x1,
    0x80,

    /* U+012C "Ĭ" */
    0x8, 0x83, 0x0, 0x78, 0x62, 0xa, 0x1f, 0xf0,
    0x7, 0x97, 0xfd, 0x41, 0xbf, 0xe9, 0x0, 0xc3,
    0xbf, 0xe7, 0x6, 0xff, 0xb6, 0x62, 0xbf, 0xf0,
    0x80, 0x27, 0xff, 0xf9, 0x0, 0x31, 0xd6, 0xff,
    0xbb, 0x20, 0x40, 0x3f, 0xfa, 0xfb, 0xff, 0x38,
    0x7, 0xf6, 0xff, 0xce, 0x1, 0xfd, 0xbf, 0xf3,
    0x80, 0x7f, 0x6f, 0xfc, 0xe0, 0x1f, 0xdb, 0xff,
    0x38, 0x7, 0xf6, 0xff, 0xce, 0x1, 0xfd, 0xbf,
    0xf3, 0x80, 0x7f, 0x6f, 0xfc, 0xe0, 0x1f, 0xdb,
    0xff, 0x38, 0x7, 0xf6, 0xff, 0xce, 0x1, 0xfd,
    0xbf, 0xf3, 0x80, 0x7f, 0x6f, 0xfc, 0xe0, 0x1f,
    0xdb, 0xff, 0x38, 0x7, 0xf6, 0xff, 0xce, 0x1,
    0xfd, 0xbf, 0xf3, 0x80, 0x7f, 0x6f, 0xfc, 0xe0,
    0x1f, 0xdb, 0xff, 0x38, 0x7, 0xf6, 0xff, 0xce,
    0x1, 0xfd, 0xbf, 0xf3, 0x80, 0x7f, 0x6f, 0xfc,
    0xe0, 0x1f, 0xdb, 0xff, 0x38, 0x7, 0xf6, 0xff,
    0xce, 0x1, 0xfd, 0xbf, 0xf3, 0x80, 0x7f, 0x6f,
    0xfc, 0xe0, 0x1f, 0xdb, 0xff, 0x38, 0x7, 0xf6,
    0xff, 0xce, 0x1, 0xfd, 0xbf, 0xf3, 0x80, 0x7f,
    0x6f, 0xfc, 0xe0, 0x1f, 0xdb, 0xff, 0x38, 0x6,

    /* U+012D "ĭ" */
    0x9f, 0xf1, 0x0, 0x79, 0xbf, 0xc8, 0xff, 0xe5,
    0x0, 0xf4, 0xff, 0x88, 0xff, 0xda, 0x20, 0x18,
    0xff, 0xdc, 0x0, 0xcf, 0xfa, 0x5e, 0x2f, 0xfe,
    0x70, 0x1, 0x6f, 0xff, 0xea, 0x0, 0xe6, 0xbe,
    0xff, 0x6d, 0x20, 0x7, 0xff, 0x5c, 0xff, 0xf0,
    0x7, 0xf1, 0xff, 0xe0, 0xf, 0xe3, 0xff, 0xc0,
    0x1f, 0xc7, 0xff, 0x80, 0x3f, 0x8f, 0xff, 0x0,
    0x7f, 0x1f, 0xfe, 0x0, 0xfe, 0x3f, 0xfc, 0x1,
    0xfc, 0x7f, 0xf8, 0x3, 0xf8, 0xff, 0xf0, 0x7,
    0xf1, 0xff, 0xe0, 0xf, 0xe3, 0xff, 0xc0, 0x1f,
    0xc7, 0xff, 0x80, 0x3f, 0x8f, 0xff, 0x0, 0x7f,
    0x1f, 0xfe, 0x0, 0xfe, 0x3f, 0xfc, 0x1, 0xfc,
    0x7f, 0xf8, 0x3, 0xf8, 0xff, 0xf0, 0x7, 0xf1,
    0xff, 0xe0, 0xf, 0xe3, 0xff, 0xc0, 0x1f, 0xc7,
    0xff, 0x80, 0x3f, 0x8f, 0xff, 0x0, 0x70,

    /* U+012E "Į" */
    0x0, 0xb7, 0xfe, 0x70, 0xd, 0xbf, 0xf3, 0x80,
    0x6d, 0xff, 0x9c, 0x3, 0x6f, 0xfc, 0xe0, 0x1b,
    0x7f, 0xe7, 0x0, 0xdb, 0xff, 0x38, 0x6, 0xdf,
    0xf9, 0xc0, 0x36, 0xff, 0xce, 0x1, 0xb7, 0xfe,
    0x70, 0xd, 0xbf, 0xf3, 0x80, 0x6d, 0xff, 0x9c,
    0x3, 0x6f, 0xfc, 0xe0, 0x1b, 0x7f, 0xe7, 0x0,
    0xdb, 0xff, 0x38, 0x6, 0xdf, 0xf9, 0xc0, 0x36,
    0xff, 0xce, 0x1, 0xb7, 0xfe, 0x70, 0xd, 0xbf,
    0xf3, 0x80, 0x6d, 0xff, 0x9c, 0x3, 0x6f, 0xfc,
    0xe0, 0x1b, 0x7f, 0xe7, 0x0, 0xdb, 0xff, 0x38,
    0x6, 0xdf, 0xf9, 0xc0, 0x36, 0xff, 0xce, 0x1,
    0xb7, 0xfe, 0x70, 0xd, 0xbf, 0xf3, 0x80, 0x6d,
    0xff, 0x9c, 0x3, 0x6f, 0xfc, 0xe0, 0x1b, 0x7f,
    0xe7, 0x0, 0xd3, 0xfe, 0x80, 0xd, 0x9f, 0xc6,
    0x1, 0xa7, 0xfc, 0x40, 0x18, 0x7f, 0xcc, 0x1,
    0xcb, 0xfe, 0x10, 0xe, 0x6f, 0xf1, 0x0, 0x50,
    0x7, 0xfe, 0xc5, 0x6d, 0xf9, 0xa, 0xff, 0xf3,
    0x80, 0x1b, 0x3f, 0xa8, 0xc0,

    /* U+012F "į" */
    0x0, 0x3f, 0xfe, 0x30, 0x9, 0xff, 0xf1, 0x80,
    0x4f, 0xff, 0x8c, 0x2, 0x7f, 0xfc, 0x60, 0x13,
    0xff, 0xe2, 0x0, 0xff, 0xe9, 0x1f, 0xfe, 0x0,
    0xc7, 0xff, 0x80, 0x31, 0xff, 0xe0, 0xc, 0x7f,
    0xf8, 0x3, 0x1f, 0xfe, 0x0, 0xc7, 0xff, 0x80,
    0x31, 0xff, 0xe0, 0xc, 0x7f, 0xf8, 0x3, 0x1f,
    0xfe, 0x0, 0xc7, 0xff, 0x80, 0x31, 0xff, 0xe0,
    0xc, 0x7f, 0xf8, 0x3, 0x1f, 0xfe, 0x0, 0xc7,
    0xff, 0x80, 0x31, 0xff, 0xe0, 0xc, 0x7f, 0xf8,
    0x3, 0x1f, 0xfe, 0x0, 0xc7, 0xff, 0x80, 0x31,
    0xff, 0xe0, 0xc, 0x7f, 0xf8, 0x3, 0x1f, 0xfe,
    0x0, 0xc9, 0xdf, 0xa6, 0x1, 0x2f, 0xfa, 0x40,
    0x31, 0x7f, 0xa4, 0x3, 0xa7, 0xf8, 0x3, 0xdb,
    0xf2, 0x1, 0xee, 0xfa, 0x0, 0x91, 0x42, 0xff,
    0xd0, 0xb5, 0xfe, 0x23, 0xff, 0xf6, 0x88, 0x15,
    0x77, 0xeb, 0x80, 0x0,

    /* U+0130 "İ" */
    0xf, 0xfd, 0x41, 0xff, 0xa8, 0x3f, 0xf5, 0x7,
    0xfe, 0xa0, 0xff, 0xd4, 0x1, 0xff, 0xcd, 0xdf,
    0xf9, 0xc3, 0x7f, 0xe7, 0xd, 0xff, 0x9c, 0x37,
    0xfe, 0x70, 0xdf, 0xf9, 0xc3, 0x7f, 0xe7, 0xd,
    0xff, 0x9c, 0x37, 0xfe, 0x70, 0xdf, 0xf9, 0xc3,
    0x7f, 0xe7, 0xd, 0xff, 0x9c, 0x37, 0xfe, 0x70,
    0xdf, 0xf9, 0xc3, 0x7f, 0xe7, 0xd, 0xff, 0x9c,
    0x37, 0xfe, 0x70, 0xdf, 0xf9, 0xc3, 0x7f, 0xe7,
    0xd, 0xff, 0x9c, 0x37, 0xfe, 0x70, 0xdf, 0xf9,
    0xc3, 0x7f, 0xe7, 0xd, 0xff, 0x9c, 0x37, 0xfe,
    0x70, 0xdf, 0xf9, 0xc3, 0x7f, 0xe7, 0xd, 0xff,
    0x9c, 0x37, 0xfe, 0x70, 0xdf, 0xf9, 0xc0,

    /* U+0131 "ı" */
    0x3f, 0xfc, 0x7f, 0xf8, 0xff, 0xf1, 0xff, 0xe3,
    0xff, 0xc7, 0xff, 0x8f, 0xff, 0x1f, 0xfe, 0x3f,
    0xfc, 0x7f, 0xf8, 0xff, 0xf1, 0xff, 0xe3, 0xff,
    0xc7, 0xff, 0x8f, 0xff, 0x1f, 0xfe, 0x3f, 0xfc,
    0x7f, 0xf8, 0xff, 0xf1, 0xff, 0xe3, 0xff, 0xc0,

    /* U+0132 "Ĳ" */
    0xdf, 0xf9, 0xc0, 0x3e, 0xbf, 0xff, 0xfe, 0x1e,
    0xff, 0xce, 0x1, 0xf5, 0xff, 0xff, 0xf0, 0xf7,
    0xfe, 0x70, 0xf, 0xaf, 0xff, 0xff, 0x87, 0xbf,
    0xf3, 0x80, 0x7d, 0x3b, 0xbf, 0xf7, 0xfe, 0xdf,
    0xf9, 0xc0, 0x3f, 0xf8, 0xcb, 0xff, 0xb7, 0xfe,
    0x70, 0xf, 0xfe, 0x32, 0xff, 0xed, 0xff, 0x9c,
    0x3, 0xff, 0x8c, 0xbf, 0xfb, 0x7f, 0xe7, 0x0,
    0xff, 0xe3, 0x2f, 0xfe, 0xdf, 0xf9, 0xc0, 0x3f,
    0xf8, 0xcb, 0xff, 0xb7, 0xfe, 0x70, 0xf, 0xfe,
    0x32, 0xff, 0xed, 0xff, 0x9c, 0x3, 0xff, 0x8c,
    0xbf, 0xfb, 0x7f, 0xe7, 0x0, 0xff, 0xe3, 0x2f,
    0xfe, 0xdf, 0xf9, 0xc0, 0x3f, 0xf8, 0xcb, 0xff,
    0xb7, 0xfe, 0x70, 0xf, 0xfe, 0x32, 0xff, 0xed,
    0xff, 0x9c, 0x3, 0xff, 0x8c, 0xbf, 0xfb, 0x7f,
    0xe7, 0x0, 0xff, 0xe3, 0x2f, 0xfe, 0xdf, 0xf9,
    0xc0, 0x3f, 0xf8, 0xcb, 0xff, 0xb7, 0xfe, 0x70,
    0xf, 0xfe, 0x32, 0xff, 0xed, 0xff, 0x9c, 0x3,
    0xff, 0x8c, 0xbf, 0xfb, 0x7f, 0xe7, 0x0, 0xf1,
    0x20, 0x7, 0xf9, 0xbf, 0xee, 0xdf, 0xf9, 0xc0,
    0x23, 0xff, 0xc0, 0x1f, 0xe7, 0xff, 0xb7, 0x5f,
    0xf3, 0x80, 0x45, 0xff, 0x88, 0x3, 0xfa, 0xbf,
    0xeb, 0xdf, 0xf9, 0xc0, 0x37, 0x7f, 0xce, 0x1,
    0xfd, 0xff, 0x9f, 0x7f, 0xe7, 0x0, 0xd3, 0xff,
    0x70, 0x80, 0x7c, 0xff, 0xf8, 0xf7, 0xfe, 0x70,
    0xc, 0x7f, 0xfb, 0x48, 0x3, 0x97, 0xff, 0x60,
    0x6f, 0xfc, 0xe0, 0x1d, 0x5f, 0xfd, 0x70, 0xf1,
    0x9f, 0xfc, 0x61, 0xbf, 0xf3, 0x80, 0x7b, 0x3f,
    0xff, 0xf8, 0x2e, 0x0, 0xdf, 0xf9, 0xc0, 0x3c,
    0x37, 0xff, 0xff, 0x38, 0x5, 0xbf, 0xf3, 0x80,
    0x7e, 0x5c, 0xff, 0xfa, 0xcc, 0x3, 0xff, 0x8e,
    0x2a, 0xce, 0xe4, 0x10, 0xf, 0x0,

    /* U+0133 "ĳ" */
    0x7f, 0xfc, 0x60, 0x1a, 0xbf, 0xf0, 0x3f, 0xfe,
    0x30, 0xd, 0x5f, 0xf8, 0x1f, 0xff, 0x18, 0x6,
    0xaf, 0xfc, 0xf, 0xff, 0x8c, 0x3, 0x57, 0xfe,
    0x7, 0xff, 0xc4, 0x1, 0xab, 0xff, 0x0, 0x7f,
    0xf9, 0x4f, 0xff, 0x0, 0x73, 0xff, 0xd4, 0x7,
    0xff, 0x80, 0x39, 0xff, 0xea, 0x3, 0xff, 0xc0,
    0x1c, 0xff, 0xf5, 0x1, 0xff, 0xe0, 0xe, 0x7f,
    0xfa, 0x80, 0xff, 0xf0, 0x7, 0x3f, 0xfd, 0x40,
    0x7f, 0xf8, 0x3, 0x9f, 0xfe, 0xa0, 0x3f, 0xfc,
    0x1, 0xcf, 0xff, 0x50, 0x1f, 0xfe, 0x0, 0xe7,
    0xff, 0xa8, 0xf, 0xff, 0x0, 0x73, 0xff, 0xd4,
    0x7, 0xff, 0x80, 0x39, 0xff, 0xea, 0x3, 0xff,
    0xc0, 0x1c, 0xff, 0xf5, 0x1, 0xff, 0xe0, 0xe,
    0x7f, 0xfa, 0x80, 0xff, 0xf0, 0x7, 0x3f, 0xfd,
    0x40, 0x7f, 0xf8, 0x3, 0x9f, 0xfe, 0xa0, 0x3f,
    0xfc, 0x1, 0xcf, 0xff, 0x50, 0x1f, 0xfe, 0x0,
    0xe7, 0xff, 0xa8, 0xf, 0xff, 0x0, 0x73, 0xff,
    0xd4, 0x7, 0xff, 0x80, 0x39, 0xff, 0xea, 0x3,
    0xff, 0xc0, 0x1c, 0xff, 0xf5, 0x1, 0xff, 0xe0,
    0xe, 0x7f, 0xfa, 0x80, 0xff, 0xf0, 0x7, 0x3f,
    0xfd, 0x40, 0x1f, 0xf3, 0xff, 0xd4, 0x1, 0xff,
    0x3f, 0xfd, 0x40, 0x1f, 0xf3, 0xff, 0xd4, 0x1,
    0xff, 0x47, 0xfd, 0x40, 0x1f, 0xe1, 0xdf, 0xfa,
    0x80, 0x3e, 0x5f, 0xdf, 0xfe, 0x70, 0xf, 0x97,
    0xff, 0xe3, 0x0, 0xf9, 0x7f, 0xfd, 0x20, 0x1f,
    0x8a, 0x77, 0xfd, 0x8c, 0x1, 0x0,

    /* U+0134 "Ĵ" */
    0x0, 0xff, 0x88, 0x3, 0xff, 0x8c, 0xbe, 0xc0,
    0x1f, 0xfc, 0x44, 0xff, 0x94, 0x3, 0xff, 0x84,
    0x7f, 0xfc, 0x80, 0x1f, 0xfc, 0x3, 0xff, 0x97,
    0xbf, 0xc6, 0x1, 0xfe, 0x2e, 0xff, 0x20, 0x1f,
    0xfb, 0x88, 0x3, 0xf0, 0xef, 0xf9, 0x40, 0x24,
    0xff, 0x70, 0x80, 0x7c, 0xb1, 0x5, 0x0, 0xe4,
    0x88, 0x28, 0x7, 0xff, 0x85, 0x3f, 0xff, 0xf8,
    0x6c, 0x1, 0x27, 0xff, 0xff, 0xd, 0x80, 0x24,
    0xff, 0xff, 0xe1, 0xb0, 0x4, 0x7b, 0xbf, 0xf7,
    0xfe, 0x60, 0xf, 0xfe, 0x1f, 0x7f, 0xcc, 0x1,
    0xff, 0xc3, 0xef, 0xf9, 0x80, 0x3f, 0xf8, 0x7d,
    0xff, 0x30, 0x7, 0xff, 0xf, 0xbf, 0xe6, 0x0,
    0xff, 0xe1, 0xf7, 0xfc, 0xc0, 0x1f, 0xfc, 0x3e,
    0xff, 0x98, 0x3, 0xff, 0x87, 0xdf, 0xf3, 0x0,
    0x7f, 0xf0, 0xfb, 0xfe, 0x60, 0xf, 0xfe, 0x1f,
    0x7f, 0xcc, 0x1, 0xff, 0xc3, 0xef, 0xf9, 0x80,
    0x3f, 0xf8, 0x7d, 0xff, 0x30, 0x7, 0xff, 0xf,
    0xbf, 0xe6, 0x0, 0xff, 0xe1, 0xf7, 0xfc, 0xc0,
    0x1f, 0xfc, 0x3e, 0xff, 0x98, 0x3, 0xff, 0x87,
    0xdf, 0xf2, 0x80, 0x8, 0xc4, 0x3, 0xfd, 0xff,
    0x97, 0x3f, 0xe6, 0x0, 0xff, 0x7f, 0xe4, 0xbf,
    0xfa, 0x40, 0x3f, 0x8f, 0xff, 0x14, 0x7f, 0xdc,
    0x1, 0xfd, 0x1f, 0xf7, 0x1, 0xff, 0xe6, 0x0,
    0xf8, 0x7f, 0xf4, 0x80, 0x33, 0xff, 0x30, 0x7,
    0xe, 0x7f, 0xe3, 0x0, 0x1f, 0xff, 0x6c, 0xbb,
    0xab, 0xff, 0xa8, 0x3, 0x37, 0xff, 0xff, 0x7,
    0x44, 0x3, 0x9b, 0xff, 0xfe, 0xc1, 0x0, 0xf8,
    0xa7, 0xff, 0xed, 0x60, 0xf, 0xfe, 0x2, 0x33,
    0xb9, 0x48, 0x3, 0xe0,

    /* U+0135 "ĵ" */
    0x0, 0xf1, 0x0, 0x7f, 0xf0, 0x7, 0x6c, 0x3,
    0xfc, 0x3b, 0xfe, 0xb0, 0xf, 0xec, 0xff, 0xd4,
    0x1, 0xf5, 0xff, 0xa2, 0xff, 0xd0, 0x1, 0xd5,
    0xfe, 0xa0, 0x6, 0x7f, 0x9c, 0x2, 0x9f, 0xf5,
    0x80, 0x43, 0xbf, 0xe6, 0x2, 0x88, 0x38, 0x7,
    0xb, 0xc3, 0x88, 0x7, 0xff, 0x18, 0xff, 0xf0,
    0x7, 0xf1, 0xff, 0xe0, 0xf, 0xe3, 0xff, 0xc0,
    0x1f, 0xc7, 0xff, 0x80, 0x3f, 0x8f, 0xff, 0x0,
    0x7f, 0x1f, 0xfe, 0x0, 0xfe, 0x3f, 0xfc, 0x1,
    0xfc, 0x7f, 0xf8, 0x3, 0xf8, 0xff, 0xf0, 0x7,
    0xf1, 0xff, 0xe0, 0xf, 0xe3, 0xff, 0xc0, 0x1f,
    0xc7, 0xff, 0x80, 0x3f, 0x8f, 0xff, 0x0, 0x7f,
    0x1f, 0xfe, 0x0, 0xfe, 0x3f, 0xfc, 0x1, 0xfc,
    0x7f, 0xf8, 0x3, 0xf8, 0xff, 0xf0, 0x7, 0xf1,
    0xff, 0xe0, 0xf, 0xe3, 0xff, 0xc0, 0x1f, 0xc7,
    0xff, 0x80, 0x3f, 0x8f, 0xff, 0x0, 0x7f, 0x1f,
    0xfe, 0x0, 0xfe, 0x3f, 0xfc, 0x1, 0xfc, 0x7f,
    0xf8, 0x3, 0xf9, 0x3f, 0xee, 0x0, 0xfe, 0xaf,
    0xfb, 0x80, 0x3d, 0xfb, 0xdf, 0xfb, 0x0, 0x3d,
    0xff, 0xf3, 0x80, 0x7b, 0xff, 0xd8, 0x1, 0xf4,
    0x67, 0x7e, 0xc0, 0x7, 0xc0,

    /* U+0136 "Ķ" */
    0xdf, 0xf9, 0xc0, 0x3f, 0xe1, 0xdf, 0xfd, 0x61,
    0xbf, 0xf3, 0x80, 0x7f, 0x87, 0x7f, 0xf5, 0x80,
    0x37, 0xfe, 0x70, 0xf, 0xe1, 0xcf, 0xfd, 0x60,
    0x16, 0xff, 0xce, 0x1, 0xfd, 0x9f, 0xfa, 0xc0,
    0x36, 0xff, 0xce, 0x1, 0xfb, 0x3f, 0xf6, 0x0,
    0x76, 0xff, 0xce, 0x1, 0xf5, 0xff, 0xec, 0x0,
    0xf6, 0xff, 0xce, 0x1, 0xeb, 0xff, 0xd8, 0x1,
    0xf6, 0xff, 0xce, 0x1, 0xd5, 0xff, 0xb0, 0x3,
    0xf6, 0xff, 0xce, 0x1, 0xab, 0xff, 0x60, 0x7,
    0xf6, 0xff, 0xce, 0x1, 0x4f, 0xfe, 0xc0, 0xf,
    0xf6, 0xff, 0xce, 0x0, 0x9f, 0xfd, 0x82, 0x1,
    0xfe, 0xdf, 0xf9, 0xc2, 0x3f, 0xf9, 0x0, 0x3f,
    0xed, 0xff, 0x9e, 0x3f, 0xfd, 0xa0, 0x1f, 0xf6,
    0xff, 0xdd, 0xff, 0xfa, 0x0, 0x3f, 0xdb, 0xff,
    0xf6, 0xff, 0xf1, 0x0, 0x7f, 0x6f, 0xff, 0xb4,
    0x53, 0xff, 0x60, 0x7, 0xf6, 0xff, 0xf6, 0x88,
    0x2, 0xbf, 0xf3, 0x0, 0x7e, 0xdf, 0xfd, 0xa2,
    0x1, 0xf, 0x7f, 0xe1, 0x0, 0xfb, 0x7f, 0xf0,
    0x80, 0x72, 0xff, 0xea, 0x0, 0xfb, 0x7f, 0xe8,
    0x0, 0xfa, 0xff, 0xf2, 0x0, 0x7b, 0x7f, 0xe7,
    0x0, 0xf8, 0xbf, 0xf7, 0x0, 0x7b, 0x7f, 0xe7,
    0x0, 0xfc, 0xff, 0xfa, 0x40, 0x3b, 0x7f, 0xe7,
    0x0, 0xfe, 0xcf, 0xfc, 0x60, 0x1b, 0x7f, 0xe7,
    0x0, 0xfe, 0x3f, 0xfd, 0xa0, 0x1b, 0x7f, 0xe7,
    0x0, 0xff, 0x47, 0xfe, 0x70, 0xb, 0x7f, 0xe7,
    0x0, 0xff, 0xb7, 0xff, 0x10, 0x3, 0x7f, 0xe7,
    0x0, 0xff, 0x93, 0xff, 0x58, 0x3, 0x7f, 0xe7,
    0x0, 0xff, 0xe0, 0x4f, 0xfe, 0x60, 0xdf, 0xf9,
    0xc0, 0x3f, 0xf8, 0x3, 0xdf, 0xf7, 0x8, 0x7,
    0xff, 0xb1, 0xe6, 0x64, 0x0, 0xff, 0xe3, 0x17,
    0xfd, 0xa0, 0x1f, 0xfc, 0x7a, 0xff, 0x88, 0x3,
    0xff, 0x8c, 0x5f, 0xf2, 0x80, 0x7f, 0xf1, 0xe7,
    0xfd, 0x20, 0x1f, 0xfc, 0x71, 0xff, 0x60, 0x7,
    0xff, 0x22, 0x7f, 0x84, 0x3, 0xff, 0x86,

    /* U+0137 "ķ" */
    0x2f, 0xfc, 0x1, 0xff, 0xc3, 0x2f, 0xfc, 0x1,
    0xff, 0xc3, 0x2f, 0xfc, 0x1, 0xff, 0xc3, 0x2f,
    0xfc, 0x1, 0xff, 0xc3, 0x2f, 0xfc, 0x1, 0xff,
    0xc3, 0x2f, 0xfc, 0x1, 0xff, 0xc3, 0x2f, 0xfc,
    0x1, 0xff, 0xc3, 0x2f, 0xfc, 0x1, 0xff, 0xc3,
    0x2f, 0xfc, 0x1, 0xf0, 0xef, 0xfe, 0x50, 0x2f,
    0xfc, 0x1, 0xf6, 0x7f, 0xe6, 0x0, 0x17, 0xfe,
    0x0, 0xf6, 0x7f, 0xe6, 0x0, 0x8b, 0xff, 0x0,
    0x75, 0xff, 0xe7, 0x0, 0xc5, 0xff, 0x80, 0x35,
    0xff, 0xe8, 0x0, 0xe2, 0xff, 0xc0, 0x15, 0x7f,
    0xe8, 0x0, 0xf1, 0x7f, 0xe0, 0x5, 0x7f, 0xe9,
    0x0, 0xf8, 0xbf, 0xf0, 0x4f, 0xfe, 0xa0, 0xf,
    0xc5, 0xff, 0xa3, 0xff, 0xb0, 0x3, 0xf1, 0x7f,
    0xff, 0xce, 0x1, 0xf1, 0x7f, 0xfd, 0xdf, 0xf8,
    0x80, 0x3c, 0x5f, 0xfe, 0x81, 0xff, 0xd6, 0x1,
    0xe2, 0xff, 0xea, 0x0, 0x37, 0xfe, 0x60, 0xe,
    0x2f, 0xfd, 0x60, 0x1b, 0x3f, 0xee, 0x10, 0xc,
    0x5f, 0xf8, 0x3, 0x8b, 0xff, 0x50, 0x6, 0x2f,
    0xfc, 0x1, 0xe8, 0xff, 0xc8, 0x1, 0x17, 0xfe,
    0x0, 0xfb, 0x7f, 0xee, 0x0, 0x8b, 0xff, 0x0,
    0x7c, 0x9f, 0xfa, 0x40, 0x5, 0xff, 0x80, 0x3f,
    0x4f, 0xfe, 0x30, 0x2f, 0xfc, 0x1, 0xf8, 0x7b,
    0xfe, 0xd0, 0x2f, 0xfc, 0x1, 0xfc, 0xbf, 0xfa,
    0x0, 0x3f, 0xfc, 0x6f, 0x33, 0x20, 0x7, 0xff,
    0x8, 0xbf, 0xed, 0x0, 0xff, 0xe1, 0xcf, 0xfc,
    0x40, 0x1f, 0xfc, 0x21, 0xff, 0x94, 0x3, 0xff,
    0x87, 0x3f, 0xe9, 0x0, 0xff, 0xe1, 0x8f, 0xfb,
    0x0, 0x3f, 0xf8, 0x91, 0xfc, 0x40, 0x1f, 0xfc,
    0x0,

    /* U+0138 "ĸ" */
    0x2f, 0xfc, 0x1, 0xf0, 0xef, 0xfe, 0x50, 0x2f,
    0xfc, 0x1, 0xe1, 0xdf, 0xfc, 0xa0, 0x2, 0xff,
    0xc0, 0x1e, 0xcf, 0xfc, 0xc0, 0x11, 0x7f, 0xe0,
    0xe, 0xcf, 0xfc, 0xe0, 0x18, 0xbf, 0xf0, 0x6,
    0xbf, 0xfd, 0x0, 0x1c, 0x5f, 0xf8, 0x2, 0xaf,
    0xfd, 0x0, 0x1e, 0x2f, 0xfc, 0x0, 0xaf, 0xfd,
    0x20, 0x1f, 0x17, 0xfe, 0x9, 0xff, 0xd4, 0x1,
    0xf8, 0xbf, 0xf4, 0x7f, 0xf6, 0x0, 0x7e, 0x2f,
    0xff, 0xf9, 0xc0, 0x3e, 0x2f, 0xff, 0xbb, 0xff,
    0x10, 0x7, 0x8b, 0xff, 0xd0, 0x5f, 0xfa, 0xc0,
    0x3c, 0x5f, 0xfd, 0x20, 0x7, 0xff, 0xca, 0x1,
    0xc5, 0xff, 0xac, 0x3, 0x6f, 0xfd, 0xc2, 0x1,
    0x8b, 0xff, 0x0, 0x71, 0xff, 0xea, 0x0, 0xc5,
    0xff, 0x80, 0x3d, 0x3f, 0xf9, 0x0, 0x22, 0xff,
    0xc0, 0x1f, 0x77, 0xfd, 0xc0, 0x11, 0x7f, 0xe0,
    0xf, 0x93, 0xff, 0x40, 0x0, 0xbf, 0xf0, 0x7,
    0xea, 0xff, 0xc6, 0x5, 0xff, 0x80, 0x3f, 0xf,
    0x7f, 0xda, 0x5, 0xff, 0x80, 0x3f, 0x9b, 0xff,
    0x38,

    /* U+0139 "Ĺ" */
    0x0, 0xe6, 0x88, 0x90, 0x3, 0xff, 0x80, 0xdf,
    0xf5, 0x80, 0x7f, 0xf0, 0x13, 0xfe, 0xa0, 0xf,
    0xfe, 0x1, 0x7f, 0xd0, 0x1, 0xff, 0xc0, 0x1d,
    0xff, 0x38, 0x7, 0xff, 0x7, 0x3f, 0xcc, 0x1,
    0xff, 0xf7, 0xdf, 0xf9, 0xc0, 0x3f, 0xf8, 0x3b,
    0xff, 0x38, 0x7, 0xff, 0x7, 0x7f, 0xe7, 0x0,
    0xff, 0xe0, 0xef, 0xfc, 0xe0, 0x1f, 0xfc, 0x1d,
    0xff, 0x9c, 0x3, 0xff, 0x83, 0xbf, 0xf3, 0x80,
    0x7f, 0xf0, 0x77, 0xfe, 0x70, 0xf, 0xfe, 0xe,
    0xff, 0xce, 0x1, 0xff, 0xc1, 0xdf, 0xf9, 0xc0,
    0x3f, 0xf8, 0x3b, 0xff, 0x38, 0x7, 0xff, 0x7,
    0x7f, 0xe7, 0x0, 0xff, 0xe0, 0xef, 0xfc, 0xe0,
    0x1f, 0xfc, 0x1d, 0xff, 0x9c, 0x3, 0xff, 0x83,
    0xbf, 0xf3, 0x80, 0x7f, 0xf0, 0x77, 0xfe, 0x70,
    0xf, 0xfe, 0xe, 0xff, 0xce, 0x1, 0xff, 0xc1,
    0xdf, 0xf9, 0xc0, 0x3f, 0xf8, 0x3b, 0xff, 0x38,
    0x7, 0xff, 0x7, 0x7f, 0xe7, 0x0, 0xff, 0xe0,
    0xef, 0xfc, 0xe0, 0x1f, 0xfc, 0x1d, 0xff, 0x9c,
    0x3, 0xff, 0x83, 0xbf, 0xf3, 0x80, 0x7f, 0xf0,
    0x77, 0xfe, 0x70, 0xf, 0xfe, 0xe, 0xff, 0xce,
    0x1, 0xff, 0xc1, 0xdf, 0xf9, 0xc0, 0x3f, 0xf8,
    0x3b, 0xff, 0x76, 0xef, 0xff, 0x1, 0x37, 0xff,
    0xff, 0x88, 0xbb, 0xff, 0xff, 0xc4, 0x5d, 0xff,
    0xff, 0xe2, 0x28,

    /* U+013A "ĺ" */
    0x0, 0xe7, 0xff, 0xb0, 0x3, 0x93, 0xfe, 0xc0,
    0xe, 0x1e, 0xff, 0x60, 0x7, 0xb3, 0xfd, 0x80,
    0x1e, 0x9f, 0xf6, 0x0, 0x79, 0x7f, 0xd8, 0x1,
    0xff, 0xdb, 0x3f, 0xfb, 0x40, 0x3c, 0x7f, 0xf6,
    0x80, 0x78, 0xff, 0xed, 0x0, 0xf1, 0xff, 0xda,
    0x1, 0xe3, 0xff, 0xb4, 0x3, 0xc7, 0xff, 0x68,
    0x7, 0x8f, 0xfe, 0xd0, 0xf, 0x1f, 0xfd, 0xa0,
    0x1e, 0x3f, 0xfb, 0x40, 0x3c, 0x7f, 0xf6, 0x80,
    0x78, 0xff, 0xed, 0x0, 0xf1, 0xff, 0xda, 0x1,
    0xe3, 0xff, 0xb4, 0x3, 0xc7, 0xff, 0x68, 0x7,
    0x8f, 0xfe, 0xd0, 0xf, 0x1f, 0xfd, 0xa0, 0x1e,
    0x3f, 0xfb, 0x40, 0x3c, 0x7f, 0xf6, 0x80, 0x78,
    0xff, 0xed, 0x0, 0xf1, 0xff, 0xda, 0x1, 0xe3,
    0xff, 0xb4, 0x3, 0xc7, 0xff, 0x68, 0x7, 0x8f,
    0xfe, 0xd0, 0xf, 0x1f, 0xfd, 0xc0, 0x1e, 0x3f,
    0xfc, 0x60, 0x1c, 0x3f, 0xfd, 0x9a, 0x80, 0x16,
    0x7f, 0xf9, 0x0, 0x23, 0xff, 0xf2, 0x0, 0x63,
    0xae, 0xfd, 0xa2, 0x0, 0x0,

    /* U+013B "Ļ" */
    0xdf, 0xf9, 0xc0, 0x3f, 0xf8, 0x3b, 0xff, 0x38,
    0x7, 0xff, 0x7, 0x7f, 0xe7, 0x0, 0xff, 0xe0,
    0xef, 0xfc, 0xe0, 0x1f, 0xfc, 0x1d, 0xff, 0x9c,
    0x3, 0xff, 0x83, 0xbf, 0xf3, 0x80, 0x7f, 0xf0,
    0x77, 0xfe, 0x70, 0xf, 0xfe, 0xe, 0xff, 0xce,
    0x1, 0xff, 0xc1, 0xdf, 0xf9, 0xc0, 0x3f, 0xf8,
    0x3b, 0xff, 0x38, 0x7, 0xff, 0x7, 0x7f, 0xe7,
    0x0, 0xff, 0xe0, 0xef, 0xfc, 0xe0, 0x1f, 0xfc,
    0x1d, 0xff, 0x9c, 0x3, 0xff, 0x83, 0xbf, 0xf3,
    0x80, 0x7f, 0xf0, 0x77, 0xfe, 0x70, 0xf, 0xfe,
    0xe, 0xff, 0xce, 0x1, 0xff, 0xc1, 0xdf, 0xf9,
    0xc0, 0x3f, 0xf8, 0x3b, 0xff, 0x38, 0x7, 0xff,
    0x7, 0x7f, 0xe7, 0x0, 0xff, 0xe0, 0xef, 0xfc,
    0xe0, 0x1f, 0xfc, 0x1d, 0xff, 0x9c, 0x3, 0xff,
    0x83, 0xbf, 0xf3, 0x80, 0x7f, 0xf0, 0x77, 0xfe,
    0x70, 0xf, 0xfe, 0xe, 0xff, 0xce, 0x1, 0xff,
    0xc1, 0xdf, 0xf9, 0xc0, 0x3f, 0xf8, 0x3b, 0xff,
    0x76, 0xef, 0xff, 0x1, 0x37, 0xff, 0xff, 0x88,
    0xbb, 0xff, 0xff, 0xc4, 0x5d, 0xff, 0xff, 0xe2,
    0x28, 0x7, 0xff, 0x75, 0xa6, 0x65, 0x0, 0xff,
    0xe0, 0xf, 0xfd, 0xc2, 0x1, 0xff, 0xc0, 0x8f,
    0xf8, 0xc0, 0x3f, 0xf8, 0x3, 0xff, 0x30, 0x7,
    0xff, 0x6, 0x3f, 0xd4, 0x1, 0xff, 0xc2, 0xef,
    0xd0, 0xf, 0xfe, 0x13, 0xff, 0x88, 0x3, 0xff,
    0x80,

    /* U+013C "ļ" */
    0x0, 0x1f, 0xfd, 0xa0, 0x1e, 0x3f, 0xfb, 0x40,
    0x3c, 0x7f, 0xf6, 0x80, 0x78, 0xff, 0xed, 0x0,
    0xf1, 0xff, 0xda, 0x1, 0xe3, 0xff, 0xb4, 0x3,
    0xc7, 0xff, 0x68, 0x7, 0x8f, 0xfe, 0xd0, 0xf,
    0x1f, 0xfd, 0xa0, 0x1e, 0x3f, 0xfb, 0x40, 0x3c,
    0x7f, 0xf6, 0x80, 0x78, 0xff, 0xed, 0x0, 0xf1,
    0xff, 0xda, 0x1, 0xe3, 0xff, 0xb4, 0x3, 0xc7,
    0xff, 0x68, 0x7, 0x8f, 0xfe, 0xd0, 0xf, 0x1f,
    0xfd, 0xa0, 0x1e, 0x3f, 0xfb, 0x40, 0x3c, 0x7f,
    0xf6, 0x80, 0x78, 0xff, 0xed, 0x0, 0xf1, 0xff,
    0xda, 0x1, 0xe3, 0xff, 0xb4, 0x3, 0xc7, 0xff,
    0x68, 0x7, 0x8f, 0xfe, 0xe0, 0xf, 0x1f, 0xfe,
    0x30, 0xe, 0x1f, 0xfe, 0xcd, 0x40, 0xb, 0x3f,
    0xfc, 0x80, 0x11, 0xff, 0xf9, 0x0, 0x31, 0xd7,
    0x7e, 0xd1, 0x0, 0x7f, 0xf3, 0x63, 0xba, 0x90,
    0xf, 0x7f, 0xdc, 0x20, 0x1c, 0xff, 0xf1, 0x80,
    0x7b, 0xbf, 0xce, 0x1, 0xe6, 0xff, 0x60, 0x7,
    0xdb, 0xfc, 0x20, 0x1e, 0x4f, 0xf2, 0x0, 0x7c,

    /* U+013D "Ľ" */
    0xdf, 0xf9, 0xc0, 0x3f, 0x57, 0xfd, 0x1b, 0xff,
    0x38, 0x7, 0xee, 0xff, 0x87, 0x7f, 0xe7, 0x0,
    0xf8, 0xff, 0xe9, 0xd, 0xff, 0x9c, 0x3, 0xe7,
    0xff, 0x88, 0x37, 0xfe, 0x70, 0xf, 0xaf, 0xfd,
    0x40, 0xd, 0xff, 0x9c, 0x3, 0xef, 0xf8, 0xc0,
    0x1b, 0xff, 0x38, 0x7, 0x93, 0xfd, 0x60, 0x16,
    0xff, 0xce, 0x1, 0xe8, 0xff, 0x20, 0x5, 0xbf,
    0xf3, 0x80, 0x7b, 0x3f, 0x0, 0x36, 0xff, 0xce,
    0x1, 0xff, 0xc1, 0xdf, 0xf9, 0xc0, 0x3f, 0xf8,
    0x3b, 0xff, 0x38, 0x7, 0xff, 0x7, 0x7f, 0xe7,
    0x0, 0xff, 0xe0, 0xef, 0xfc, 0xe0, 0x1f, 0xfc,
    0x1d, 0xff, 0x9c, 0x3, 0xff, 0x83, 0xbf, 0xf3,
    0x80, 0x7f, 0xf0, 0x77, 0xfe, 0x70, 0xf, 0xfe,
    0xe, 0xff, 0xce, 0x1, 0xff, 0xc1, 0xdf, 0xf9,
    0xc0, 0x3f, 0xf8, 0x3b, 0xff, 0x38, 0x7, 0xff,
    0x7, 0x7f, 0xe7, 0x0, 0xff, 0xe0, 0xef, 0xfc,
    0xe0, 0x1f, 0xfc, 0x1d, 0xff, 0x9c, 0x3, 0xff,
    0x83, 0xbf, 0xf3, 0x80, 0x7f, 0xf0, 0x77, 0xfe,
    0x70, 0xf, 0xfe, 0xe, 0xff, 0xdd, 0xbb, 0xff,
    0xc0, 0x4d, 0xff, 0xff, 0xe2, 0x2e, 0xff, 0xff,
    0xf1, 0x17, 0x7f, 0xff, 0xf8, 0x8a,

    /* U+013E "ľ" */
    0x3f, 0xfb, 0x40, 0x35, 0xff, 0xd0, 0x7f, 0xf6,
    0x80, 0x6f, 0xfc, 0x27, 0xff, 0x68, 0x4, 0x9f,
    0xf4, 0x81, 0xff, 0xda, 0x1, 0x47, 0xfc, 0x20,
    0x7f, 0xf6, 0x80, 0x59, 0xfe, 0x90, 0x1, 0xff,
    0xda, 0x0, 0x1f, 0xf8, 0x80, 0x7, 0xff, 0x68,
    0x1, 0x7f, 0xd4, 0x1, 0x1f, 0xfd, 0xa0, 0x9,
    0xff, 0x18, 0x4, 0x7f, 0xf6, 0x80, 0x33, 0xa8,
    0x3, 0x1f, 0xfd, 0xa0, 0x1f, 0xc7, 0xff, 0x68,
    0x7, 0xf1, 0xff, 0xda, 0x1, 0xfc, 0x7f, 0xf6,
    0x80, 0x7f, 0x1f, 0xfd, 0xa0, 0x1f, 0xc7, 0xff,
    0x68, 0x7, 0xf1, 0xff, 0xda, 0x1, 0xfc, 0x7f,
    0xf6, 0x80, 0x7f, 0x1f, 0xfd, 0xa0, 0x1f, 0xc7,
    0xff, 0x68, 0x7, 0xf1, 0xff, 0xda, 0x1, 0xfc,
    0x7f, 0xf6, 0x80, 0x7f, 0x1f, 0xfd, 0xa0, 0x1f,
    0xc7, 0xff, 0x68, 0x7, 0xf1, 0xff, 0xdc, 0x1,
    0xfc, 0x7f, 0xf8, 0xc0, 0x3f, 0xf, 0xff, 0x66,
    0xa0, 0x7, 0xb3, 0xff, 0xc8, 0x1, 0xe3, 0xff,
    0xf2, 0x0, 0x7c, 0x75, 0xdf, 0xb4, 0x40, 0x1c,

    /* U+013F "Ŀ" */
    0xdf, 0xf9, 0xc0, 0x3f, 0xf8, 0x7b, 0xff, 0x38,
    0x7, 0xff, 0xf, 0x7f, 0xe7, 0x0, 0xff, 0xe1,
    0xef, 0xfc, 0xe0, 0x1f, 0xfc, 0x3d, 0xff, 0x9c,
    0x3, 0xff, 0x87, 0xbf, 0xf3, 0x80, 0x7f, 0xf0,
    0xf7, 0xfe, 0x70, 0xf, 0xfe, 0x1e, 0xff, 0xce,
    0x1, 0xff, 0xc3, 0xdf, 0xf9, 0xc0, 0x3f, 0xf8,
    0x7b, 0xff, 0x38, 0x7, 0xff, 0xf, 0x7f, 0xe7,
    0x0, 0xff, 0xe1, 0xef, 0xfc, 0xe0, 0x1f, 0xe1,
    0x1c, 0x1b, 0xff, 0x38, 0x7, 0xfb, 0xff, 0x46,
    0xff, 0xce, 0x1, 0xfe, 0xff, 0xd1, 0xbf, 0xf3,
    0x80, 0x7f, 0xbf, 0xf4, 0x6f, 0xfc, 0xe0, 0x1f,
    0xef, 0xfd, 0x1b, 0xff, 0x38, 0x7, 0xfb, 0xff,
    0x46, 0xff, 0xce, 0x1, 0xff, 0xc3, 0xdf, 0xf9,
    0xc0, 0x3f, 0xf8, 0x7b, 0xff, 0x38, 0x7, 0xff,
    0xf, 0x7f, 0xe7, 0x0, 0xff, 0xe1, 0xef, 0xfc,
    0xe0, 0x1f, 0xfc, 0x3d, 0xff, 0x9c, 0x3, 0xff,
    0x87, 0xbf, 0xf3, 0x80, 0x7f, 0xf0, 0xf7, 0xfe,
    0x70, 0xf, 0xfe, 0x1e, 0xff, 0xdd, 0xbb, 0xff,
    0xc0, 0x40, 0x6, 0xff, 0xff, 0xf1, 0x14, 0x1,
    0xbf, 0xff, 0xfc, 0x45, 0x0, 0x6f, 0xff, 0xff,
    0x11, 0x40, 0x0,

    /* U+0140 "ŀ" */
    0x3f, 0xfb, 0x40, 0x3f, 0x8f, 0xfe, 0xd0, 0xf,
    0xe3, 0xff, 0xb4, 0x3, 0xf8, 0xff, 0xed, 0x0,
    0xfe, 0x3f, 0xfb, 0x40, 0x3f, 0x8f, 0xfe, 0xd0,
    0xf, 0xe3, 0xff, 0xb4, 0x3, 0xf8, 0xff, 0xed,
    0x0, 0xfe, 0x3f, 0xfb, 0x40, 0x3f, 0x8f, 0xfe,
    0xd0, 0xf, 0xe3, 0xff, 0xb4, 0x3, 0xf8, 0xff,
    0xed, 0x0, 0xc2, 0x38, 0xf, 0xfe, 0xd0, 0x9,
    0x7f, 0xf1, 0x9b, 0xfe, 0xd0, 0x9, 0x7f, 0xf1,
    0x9b, 0xfe, 0xd0, 0x9, 0x7f, 0xf1, 0x9b, 0xfe,
    0xd0, 0x9, 0x7f, 0xf1, 0x9b, 0xfe, 0xd0, 0x9,
    0x7f, 0xf1, 0x9b, 0xfe, 0xd0, 0xf, 0xe3, 0xff,
    0xb4, 0x3, 0xf8, 0xff, 0xed, 0x0, 0xfe, 0x3f,
    0xfb, 0x40, 0x3f, 0x8f, 0xfe, 0xd0, 0xf, 0xe3,
    0xff, 0xb4, 0x3, 0xf8, 0xff, 0xee, 0x0, 0xfe,
    0x3f, 0xfc, 0x40, 0x1f, 0x87, 0xff, 0xaf, 0x10,
    0x3, 0xd9, 0xff, 0xe4, 0x0, 0xf1, 0xff, 0xf9,
    0x0, 0x3e, 0x3a, 0xef, 0xda, 0x20, 0xe,

    /* U+0141 "Ł" */
    0x0, 0xb7, 0xfe, 0x70, 0xf, 0xfe, 0x26, 0xff,
    0xce, 0x1, 0xff, 0xc4, 0xdf, 0xf9, 0xc0, 0x3f,
    0xf8, 0x9b, 0xff, 0x38, 0x7, 0xff, 0x13, 0x7f,
    0xe7, 0x0, 0xff, 0xe2, 0x6f, 0xfc, 0xe0, 0x1f,
    0xfc, 0x4d, 0xff, 0x9c, 0x3, 0xff, 0x89, 0xbf,
    0xf3, 0x80, 0x7f, 0xf1, 0x37, 0xfe, 0x70, 0x8,
    0xf0, 0x3, 0xfe, 0xdf, 0xf9, 0xc0, 0xd, 0xfa,
    0x1, 0xff, 0x6f, 0xfc, 0xe1, 0x5f, 0xed, 0x0,
    0xff, 0xb7, 0xfe, 0x9d, 0xff, 0xb4, 0x3, 0xfe,
    0xdf, 0xff, 0xb8, 0xc0, 0x3f, 0xed, 0xff, 0xf5,
    0x88, 0x7, 0xff, 0x3, 0xbf, 0xfa, 0x0, 0x3f,
    0xf8, 0x27, 0xff, 0xca, 0x1, 0xff, 0xc1, 0x6f,
    0xfe, 0x90, 0xf, 0xfe, 0xb, 0x7f, 0xf9, 0xc0,
    0x3f, 0xf8, 0x2f, 0xff, 0xe7, 0x0, 0xff, 0xe0,
    0xbf, 0xf7, 0xfe, 0x70, 0xf, 0xfe, 0xb, 0xe0,
    0xef, 0xfc, 0xe0, 0x1f, 0xfc, 0x12, 0x0, 0x6f,
    0xfc, 0xe0, 0x1f, 0xfc, 0x4d, 0xff, 0x9c, 0x3,
    0xff, 0x89, 0xbf, 0xf3, 0x80, 0x7f, 0xf1, 0x37,
    0xfe, 0x70, 0xf, 0xfe, 0x26, 0xff, 0xdd, 0xbb,
    0xff, 0xc0, 0x40, 0xb, 0x7f, 0xff, 0xf8, 0x8a,
    0x1, 0x6f, 0xff, 0xff, 0x11, 0x40, 0x2d, 0xff,
    0xff, 0xe2, 0x28,

    /* U+0142 "ł" */
    0x0, 0x1f, 0xfd, 0xa0, 0x1e, 0x3f, 0xfb, 0x40,
    0x3c, 0x7f, 0xf6, 0x80, 0x78, 0xff, 0xed, 0x0,
    0xf1, 0xff, 0xda, 0x1, 0xe3, 0xff, 0xb4, 0x3,
    0xc7, 0xff, 0x68, 0x7, 0x8f, 0xfe, 0xd0, 0xf,
    0x1f, 0xfd, 0xa0, 0x34, 0xa0, 0x3, 0xff, 0xb4,
    0xf7, 0xd4, 0x0, 0x7f, 0xff, 0x28, 0x0, 0xff,
    0xfe, 0x30, 0x1, 0xff, 0xf7, 0x18, 0x5, 0x5f,
    0xfa, 0xc4, 0x2, 0xaf, 0xfe, 0x0, 0xcd, 0xff,
    0xda, 0x1, 0x9b, 0xff, 0xb4, 0x3, 0x37, 0xe7,
    0xfd, 0xa0, 0x19, 0x50, 0xff, 0xed, 0x0, 0xf1,
    0xff, 0xda, 0x1, 0xe3, 0xff, 0xb4, 0x3, 0xc7,
    0xff, 0x68, 0x7, 0x8f, 0xfe, 0xd0, 0xf, 0x1f,
    0xfd, 0xc0, 0x1e, 0x3f, 0xfc, 0x60, 0x1c, 0x3f,
    0xfd, 0x9a, 0x80, 0x16, 0x7f, 0xf9, 0x0, 0x23,
    0xff, 0xf2, 0x0, 0x63, 0xae, 0xfd, 0xa2,

    /* U+0143 "Ń" */
    0x0, 0xff, 0xe1, 0x3c, 0x44, 0x40, 0x1f, 0xfc,
    0x59, 0xff, 0xa0, 0x3, 0xff, 0x8a, 0xff, 0xf3,
    0x80, 0x7f, 0xf1, 0x53, 0xfe, 0x60, 0xf, 0xfe,
    0x29, 0xff, 0xca, 0x1, 0xff, 0xc5, 0x1e, 0xff,
    0x20, 0x7, 0xff, 0xfc, 0x2, 0xdf, 0xfb, 0x40,
    0x3f, 0xf8, 0x3b, 0xff, 0x36, 0xff, 0xe8, 0x0,
    0xff, 0xe0, 0x6f, 0xfc, 0xdb, 0xff, 0xc4, 0x1,
    0xff, 0x6f, 0xfc, 0xdb, 0xff, 0xd8, 0x1, 0xff,
    0x6f, 0xfc, 0xdb, 0xff, 0xe6, 0x0, 0xff, 0x6f,
    0xfc, 0xdb, 0xff, 0xee, 0x10, 0xf, 0xed, 0xff,
    0x9b, 0x7f, 0xfe, 0x90, 0xf, 0xed, 0xff, 0x9b,
    0x7f, 0xea, 0xff, 0xc6, 0x1, 0xfb, 0x7f, 0xe6,
    0xdf, 0xf9, 0xeb, 0xfe, 0xd0, 0xf, 0xdb, 0xff,
    0x36, 0xff, 0xce, 0x3d, 0xff, 0x38, 0x7, 0xdb,
    0xff, 0x36, 0xff, 0xce, 0xd, 0xff, 0x84, 0x3,
    0xdb, 0xff, 0x36, 0xff, 0xce, 0x0, 0xcf, 0xfa,
    0xc0, 0x3d, 0xbf, 0xf3, 0x6f, 0xfc, 0xe0, 0x3,
    0xff, 0xc8, 0x1, 0xdb, 0xff, 0x36, 0xff, 0xce,
    0x1, 0x4f, 0xfd, 0xc0, 0x1d, 0xbf, 0xf3, 0x6f,
    0xfc, 0xe0, 0x10, 0xf7, 0xfd, 0x0, 0x1b, 0x7f,
    0xe6, 0xdf, 0xf9, 0xc0, 0x32, 0xff, 0xe2, 0x0,
    0xb7, 0xfe, 0x6d, 0xff, 0x9c, 0x3, 0xb3, 0xfe,
    0xc0, 0xb, 0x7f, 0xe6, 0xdf, 0xf9, 0xc0, 0x38,
    0xbf, 0xf3, 0x0, 0x37, 0xfe, 0x6d, 0xff, 0x9c,
    0x3, 0xd1, 0xff, 0x70, 0x86, 0xff, 0xcd, 0xbf,
    0xf3, 0x80, 0x7d, 0xdf, 0xf4, 0x86, 0xff, 0xcd,
    0xbf, 0xf3, 0x80, 0x7c, 0xbf, 0xf8, 0xf7, 0xfe,
    0x6d, 0xff, 0x9c, 0x3, 0xf5, 0xff, 0xdb, 0xaf,
    0xf9, 0xb7, 0xfe, 0x70, 0xf, 0xc5, 0xff, 0xf9,
    0xb7, 0xfe, 0x70, 0xf, 0xe7, 0xff, 0xf9, 0xb7,
    0xfe, 0x70, 0xf, 0xf6, 0xff, 0xf9, 0xb7, 0xfe,
    0x70, 0xf, 0xf2, 0x7f, 0xf9, 0xb7, 0xfe, 0x70,
    0xf, 0xfa, 0xbf, 0xf9, 0xb7, 0xfe, 0x70, 0xf,
    0xf8, 0x7f, 0xf9, 0xb7, 0xfe, 0x70, 0xf, 0xfe,
    0x3, 0x7f, 0xe6,

    /* U+0144 "ń" */
    0x0, 0xff, 0x87, 0xbf, 0xe5, 0x0, 0xff, 0xe0,
    0xe7, 0xfc, 0x80, 0x1f, 0xfc, 0x19, 0xff, 0x90,
    0x3, 0xff, 0x82, 0xdf, 0xf2, 0x0, 0x7f, 0xf0,
    0x4f, 0xfe, 0x30, 0xf, 0xfe, 0x15, 0x66, 0xc,
    0x3, 0xff, 0xc2, 0x5f, 0xf8, 0x0, 0x2f, 0x9d,
    0xfd, 0x6c, 0x1, 0x8b, 0xff, 0x2, 0xff, 0xfe,
    0xd2, 0x0, 0x17, 0xfe, 0x6f, 0xff, 0xf7, 0x8,
    0x17, 0xff, 0xd9, 0x32, 0xbf, 0xfe, 0xa0, 0x2f,
    0xfe, 0xe3, 0x0, 0xc7, 0xdf, 0xf8, 0x4b, 0xff,
    0x8c, 0x3, 0xc9, 0xff, 0x94, 0xbf, 0xf5, 0x80,
    0x7e, 0xef, 0xf9, 0xcb, 0xff, 0x30, 0x7, 0xea,
    0xff, 0xa0, 0xbf, 0xf1, 0x0, 0x7e, 0x9f, 0xfa,
    0x4b, 0xff, 0x8, 0x7, 0xe8, 0xff, 0xa4, 0xbf,
    0xf0, 0x7, 0xf4, 0x7f, 0xd2, 0x5f, 0xf8, 0x3,
    0xfa, 0x3f, 0xe9, 0x2f, 0xfc, 0x1, 0xfd, 0x1f,
    0xf4, 0x97, 0xfe, 0x0, 0xfe, 0x8f, 0xfa, 0x4b,
    0xff, 0x0, 0x7f, 0x47, 0xfd, 0x25, 0xff, 0x80,
    0x3f, 0xa3, 0xfe, 0x92, 0xff, 0xc0, 0x1f, 0xd1,
    0xff, 0x49, 0x7f, 0xe0, 0xf, 0xe8, 0xff, 0xa4,
    0xbf, 0xf0, 0x7, 0xf4, 0x7f, 0xd2, 0x5f, 0xf8,
    0x3, 0xfa, 0x3f, 0xe9, 0x2f, 0xfc, 0x1, 0xfd,
    0x1f, 0xf4, 0x80,

    /* U+0145 "Ņ" */
    0xdf, 0xfb, 0x40, 0x3f, 0xf8, 0x3b, 0xff, 0x36,
    0xff, 0xe8, 0x0, 0xff, 0xe0, 0x6f, 0xfc, 0xdb,
    0xff, 0xc4, 0x1, 0xff, 0x6f, 0xfc, 0xdb, 0xff,
    0xd8, 0x1, 0xff, 0x6f, 0xfc, 0xdb, 0xff, 0xe6,
    0x0, 0xff, 0x6f, 0xfc, 0xdb, 0xff, 0xee, 0x10,
    0xf, 0xed, 0xff, 0x9b, 0x7f, 0xfe, 0x90, 0xf,
    0xed, 0xff, 0x9b, 0x7f, 0xea, 0xff, 0xc6, 0x1,
    0xfb, 0x7f, 0xe6, 0xdf, 0xf9, 0xeb, 0xfe, 0xd0,
    0xf, 0xdb, 0xff, 0x36, 0xff, 0xce, 0x3d, 0xff,
    0x38, 0x7, 0xdb, 0xff, 0x36, 0xff, 0xce, 0xd,
    0xff, 0x84, 0x3, 0xdb, 0xff, 0x36, 0xff, 0xce,
    0x0, 0xcf, 0xfa, 0xc0, 0x3d, 0xbf, 0xf3, 0x6f,
    0xfc, 0xe0, 0x3, 0xff, 0xc8, 0x1, 0xdb, 0xff,
    0x36, 0xff, 0xce, 0x1, 0x4f, 0xfd, 0xc0, 0x1d,
    0xbf, 0xf3, 0x6f, 0xfc, 0xe0, 0x10, 0xf7, 0xfd,
    0x0, 0x1b, 0x7f, 0xe6, 0xdf, 0xf9, 0xc0, 0x32,
    0xff, 0xe2, 0x0, 0xb7, 0xfe, 0x6d, 0xff, 0x9c,
    0x3, 0xb3, 0xfe, 0xc0, 0xb, 0x7f, 0xe6, 0xdf,
    0xf9, 0xc0, 0x38, 0xbf, 0xf3, 0x0, 0x37, 0xfe,
    0x6d, 0xff, 0x9c, 0x3, 0xd1, 0xff, 0x70, 0x86,
    0xff, 0xcd, 0xbf, 0xf3, 0x80, 0x7d, 0xdf, 0xf4,
    0x86, 0xff, 0xcd, 0xbf, 0xf3, 0x80, 0x7c, 0xbf,
    0xf8, 0xf7, 0xfe, 0x6d, 0xff, 0x9c, 0x3, 0xf5,
    0xff, 0xdb, 0xaf, 0xf9, 0xb7, 0xfe, 0x70, 0xf,
    0xc5, 0xff, 0xf9, 0xb7, 0xfe, 0x70, 0xf, 0xe7,
    0xff, 0xf9, 0xb7, 0xfe, 0x70, 0xf, 0xf6, 0xff,
    0xf9, 0xb7, 0xfe, 0x70, 0xf, 0xf2, 0x7f, 0xf9,
    0xb7, 0xfe, 0x70, 0xf, 0xfa, 0xbf, 0xf9, 0xb7,
    0xfe, 0x70, 0xf, 0xf8, 0x7f, 0xf9, 0xb7, 0xfe,
    0x70, 0xf, 0xfe, 0x3, 0x7f, 0xe6, 0x0, 0xff,
    0xf5, 0xc, 0xce, 0x0, 0xff, 0xe3, 0x4f, 0xfc,
    0xe0, 0x1f, 0xfc, 0x51, 0xff, 0xa8, 0x3, 0xff,
    0x8d, 0x1f, 0xed, 0x0, 0xff, 0xe3, 0xf, 0xfc,
    0x60, 0x1f, 0xfc, 0x67, 0xff, 0x30, 0x7, 0xff,
    0x1f, 0xbe, 0x80, 0x3f, 0xf8, 0x40,

    /* U+0146 "ņ" */
    0x2f, 0xfc, 0x0, 0x17, 0xce, 0xfe, 0xb6, 0x0,
    0xc5, 0xff, 0x81, 0x7f, 0xff, 0x69, 0x0, 0xb,
    0xff, 0x37, 0xff, 0xfb, 0x84, 0xb, 0xff, 0xec,
    0x99, 0x5f, 0xff, 0x50, 0x17, 0xff, 0x71, 0x80,
    0x63, 0xef, 0xfc, 0x25, 0xff, 0xc6, 0x1, 0xe4,
    0xff, 0xca, 0x5f, 0xfa, 0xc0, 0x3f, 0x77, 0xfc,
    0xe5, 0xff, 0x98, 0x3, 0xf5, 0x7f, 0xd0, 0x5f,
    0xf8, 0x80, 0x3f, 0x4f, 0xfd, 0x25, 0xff, 0x84,
    0x3, 0xf4, 0x7f, 0xd2, 0x5f, 0xf8, 0x3, 0xfa,
    0x3f, 0xe9, 0x2f, 0xfc, 0x1, 0xfd, 0x1f, 0xf4,
    0x97, 0xfe, 0x0, 0xfe, 0x8f, 0xfa, 0x4b, 0xff,
    0x0, 0x7f, 0x47, 0xfd, 0x25, 0xff, 0x80, 0x3f,
    0xa3, 0xfe, 0x92, 0xff, 0xc0, 0x1f, 0xd1, 0xff,
    0x49, 0x7f, 0xe0, 0xf, 0xe8, 0xff, 0xa4, 0xbf,
    0xf0, 0x7, 0xf4, 0x7f, 0xd2, 0x5f, 0xf8, 0x3,
    0xfa, 0x3f, 0xe9, 0x2f, 0xfc, 0x1, 0xfd, 0x1f,
    0xf4, 0x97, 0xfe, 0x0, 0xfe, 0x8f, 0xfa, 0x40,
    0x3f, 0xfc, 0x31, 0x33, 0x18, 0x7, 0xff, 0x5,
    0x3f, 0xeb, 0x0, 0xff, 0xe1, 0x5f, 0xfb, 0x84,
    0x3, 0xff, 0x82, 0x7f, 0xf1, 0x80, 0x7f, 0xf0,
    0xaf, 0xfc, 0xe0, 0x1f, 0xfc, 0x22, 0xff, 0x58,
    0x7, 0xff, 0xe, 0xbf, 0x84, 0x3, 0xfe,

    /* U+0147 "Ň" */
    0x0, 0xe7, 0x87, 0x10, 0xe, 0x68, 0x81, 0x0,
    0x7f, 0x97, 0xfd, 0xa2, 0x1, 0x4f, 0xfa, 0x40,
    0x3f, 0xf8, 0xb, 0xfe, 0xc0, 0x4, 0x7f, 0xa8,
    0x3, 0xff, 0x84, 0xdf, 0xec, 0x8f, 0xf5, 0x0,
    0x7f, 0xf1, 0x1b, 0xff, 0x58, 0x7, 0xff, 0x19,
    0xff, 0xd6, 0x1, 0xff, 0xc8, 0x7c, 0x0, 0xff,
    0xf6, 0xef, 0xfd, 0xa0, 0x1f, 0xfc, 0x1d, 0xff,
    0x9b, 0x7f, 0xf4, 0x0, 0x7f, 0xf0, 0x37, 0xfe,
    0x6d, 0xff, 0xe2, 0x0, 0xff, 0xb7, 0xfe, 0x6d,
    0xff, 0xec, 0x0, 0xff, 0xb7, 0xfe, 0x6d, 0xff,
    0xf3, 0x0, 0x7f, 0xb7, 0xfe, 0x6d, 0xff, 0xf7,
    0x8, 0x7, 0xf6, 0xff, 0xcd, 0xbf, 0xff, 0x48,
    0x7, 0xf6, 0xff, 0xcd, 0xbf, 0xf5, 0x7f, 0xe3,
    0x0, 0xfd, 0xbf, 0xf3, 0x6f, 0xfc, 0xf5, 0xff,
    0x68, 0x7, 0xed, 0xff, 0x9b, 0x7f, 0xe7, 0x1e,
    0xff, 0x9c, 0x3, 0xed, 0xff, 0x9b, 0x7f, 0xe7,
    0x6, 0xff, 0xc2, 0x1, 0xed, 0xff, 0x9b, 0x7f,
    0xe7, 0x0, 0x67, 0xfd, 0x60, 0x1e, 0xdf, 0xf9,
    0xb7, 0xfe, 0x70, 0x1, 0xff, 0xe4, 0x0, 0xed,
    0xff, 0x9b, 0x7f, 0xe7, 0x0, 0xa7, 0xfe, 0xe0,
    0xe, 0xdf, 0xf9, 0xb7, 0xfe, 0x70, 0x8, 0x7b,
    0xfe, 0x80, 0xd, 0xbf, 0xf3, 0x6f, 0xfc, 0xe0,
    0x19, 0x7f, 0xf1, 0x0, 0x5b, 0xff, 0x36, 0xff,
    0xce, 0x1, 0xd9, 0xff, 0x60, 0x5, 0xbf, 0xf3,
    0x6f, 0xfc, 0xe0, 0x1c, 0x5f, 0xf9, 0x80, 0x1b,
    0xff, 0x36, 0xff, 0xce, 0x1, 0xe8, 0xff, 0xb8,
    0x43, 0x7f, 0xe6, 0xdf, 0xf9, 0xc0, 0x3e, 0xef,
    0xfa, 0x43, 0x7f, 0xe6, 0xdf, 0xf9, 0xc0, 0x3e,
    0x5f, 0xfc, 0x7b, 0xff, 0x36, 0xff, 0xce, 0x1,
    0xfa, 0xff, 0xed, 0xd7, 0xfc, 0xdb, 0xff, 0x38,
    0x7, 0xe2, 0xff, 0xfc, 0xdb, 0xff, 0x38, 0x7,
    0xf3, 0xff, 0xfc, 0xdb, 0xff, 0x38, 0x7, 0xfb,
    0x7f, 0xfc, 0xdb, 0xff, 0x38, 0x7, 0xf9, 0x3f,
    0xfc, 0xdb, 0xff, 0x38, 0x7, 0xfd, 0x5f, 0xfc,
    0xdb, 0xff, 0x38, 0x7, 0xfc, 0x3f, 0xfc, 0xdb,
    0xff, 0x38, 0x7, 0xff, 0x1, 0xbf, 0xf3, 0x0,

    /* U+0148 "ň" */
    0x0, 0xa7, 0xfd, 0x20, 0x18, 0x77, 0xfc, 0x80,
    0x1f, 0x57, 0xfa, 0x40, 0x3, 0x9f, 0xe5, 0x0,
    0xfe, 0xaf, 0xf4, 0x6, 0x7f, 0x94, 0x3, 0xfe,
    0xbf, 0xf7, 0x7f, 0x98, 0x3, 0xff, 0x83, 0x7f,
    0xf3, 0x0, 0x7f, 0xf0, 0xef, 0xdc, 0x3, 0xff,
    0x8a, 0xa0, 0x1f, 0xfd, 0x2, 0xff, 0xc0, 0x1,
    0x7c, 0xef, 0xeb, 0x60, 0xc, 0x5f, 0xf8, 0x17,
    0xff, 0xf6, 0x90, 0x0, 0xbf, 0xf3, 0x7f, 0xff,
    0xb8, 0x40, 0xbf, 0xfe, 0xc9, 0x95, 0xff, 0xf5,
    0x1, 0x7f, 0xf7, 0x18, 0x6, 0x3e, 0xff, 0xc2,
    0x5f, 0xfc, 0x60, 0x1e, 0x4f, 0xfc, 0xa5, 0xff,
    0xac, 0x3, 0xf7, 0x7f, 0xce, 0x5f, 0xf9, 0x80,
    0x3f, 0x57, 0xfd, 0x5, 0xff, 0x88, 0x3, 0xf4,
    0xff, 0xd2, 0x5f, 0xf8, 0x40, 0x3f, 0x47, 0xfd,
    0x25, 0xff, 0x80, 0x3f, 0xa3, 0xfe, 0x92, 0xff,
    0xc0, 0x1f, 0xd1, 0xff, 0x49, 0x7f, 0xe0, 0xf,
    0xe8, 0xff, 0xa4, 0xbf, 0xf0, 0x7, 0xf4, 0x7f,
    0xd2, 0x5f, 0xf8, 0x3, 0xfa, 0x3f, 0xe9, 0x2f,
    0xfc, 0x1, 0xfd, 0x1f, 0xf4, 0x97, 0xfe, 0x0,
    0xfe, 0x8f, 0xfa, 0x4b, 0xff, 0x0, 0x7f, 0x47,
    0xfd, 0x25, 0xff, 0x80, 0x3f, 0xa3, 0xfe, 0x92,
    0xff, 0xc0, 0x1f, 0xd1, 0xff, 0x49, 0x7f, 0xe0,
    0xf, 0xe8, 0xff, 0xa4,

    /* U+0149 "ŉ" */
    0x0, 0xa3, 0xff, 0x10, 0x7, 0xff, 0x23, 0x7f,
    0xea, 0x0, 0xff, 0xe4, 0x17, 0xfe, 0x30, 0xf,
    0xfe, 0x43, 0x7f, 0xd6, 0x1, 0xff, 0xc9, 0xbf,
    0xf9, 0x0, 0x3f, 0xf9, 0x3f, 0xf6, 0x0, 0x7f,
    0xf2, 0x57, 0xfe, 0x50, 0xf, 0xfe, 0x4c, 0xff,
    0xb4, 0x3, 0xff, 0x95, 0xdf, 0xe6, 0x0, 0xb7,
    0xfe, 0x50, 0x2, 0xdf, 0x7f, 0x64, 0x8, 0x4,
    0x7f, 0xee, 0x0, 0xdb, 0xff, 0x29, 0x6f, 0xff,
    0xe6, 0x0, 0x47, 0xf9, 0xc0, 0x36, 0xff, 0xcf,
    0xdf, 0xff, 0xe5, 0x7, 0x99, 0x0, 0x76, 0xff,
    0xfb, 0xae, 0x6f, 0xff, 0xb8, 0x3, 0xfb, 0x7f,
    0xfa, 0x0, 0x30, 0xdf, 0xfe, 0x60, 0xf, 0xdb,
    0xff, 0xa4, 0x3, 0xc3, 0xdf, 0xf5, 0x0, 0x7e,
    0xdf, 0xfc, 0x20, 0x1f, 0x4f, 0xfd, 0xa0, 0x1f,
    0xb7, 0xfe, 0xc0, 0xf, 0xcb, 0xff, 0x70, 0x7,
    0xed, 0xff, 0xa0, 0x3, 0xf1, 0xff, 0xdc, 0x1,
    0xfb, 0x7f, 0xe6, 0x0, 0xfc, 0x7f, 0xf7, 0x0,
    0x7e, 0xdf, 0xf9, 0x40, 0x3f, 0x1f, 0xfd, 0xc0,
    0x1f, 0xb7, 0xfe, 0x50, 0xf, 0xc7, 0xff, 0x70,
    0x7, 0xed, 0xff, 0x94, 0x3, 0xf1, 0xff, 0xdc,
    0x1, 0xfb, 0x7f, 0xe5, 0x0, 0xfc, 0x7f, 0xf7,
    0x0, 0x7e, 0xdf, 0xf9, 0x40, 0x3f, 0x1f, 0xfd,
    0xc0, 0x1f, 0xb7, 0xfe, 0x50, 0xf, 0xc7, 0xff,
    0x70, 0x7, 0xed, 0xff, 0x94, 0x3, 0xf1, 0xff,
    0xdc, 0x1, 0xfb, 0x7f, 0xe5, 0x0, 0xfc, 0x7f,
    0xf7, 0x0, 0x7e, 0xdf, 0xf9, 0x40, 0x3f, 0x1f,
    0xfd, 0xc0, 0x1f, 0xb7, 0xfe, 0x50, 0xf, 0xc7,
    0xff, 0x70, 0x7, 0xed, 0xff, 0x94, 0x3, 0xf1,
    0xff, 0xdc,

    /* U+014A "Ŋ" */
    0xdf, 0xfb, 0x80, 0x3f, 0xf8, 0x3b, 0xff, 0x36,
    0xff, 0xe8, 0x0, 0xff, 0xe0, 0x6f, 0xfc, 0xdb,
    0xff, 0xc4, 0x1, 0xff, 0x6f, 0xfc, 0xdb, 0xff,
    0xd8, 0x1, 0xff, 0x6f, 0xfc, 0xdb, 0xff, 0xe6,
    0x0, 0xff, 0x6f, 0xfc, 0xdb, 0xff, 0xee, 0x10,
    0xf, 0xed, 0xff, 0x9b, 0x7f, 0xfe, 0xa0, 0xf,
    0xed, 0xff, 0x9b, 0x7f, 0xee, 0xff, 0xc8, 0x1,
    0xfb, 0x7f, 0xe6, 0xdf, 0xf9, 0xf7, 0xfe, 0xd0,
    0xf, 0xdb, 0xff, 0x36, 0xff, 0xce, 0x7f, 0xfa,
    0x0, 0x3e, 0xdf, 0xf9, 0xb7, 0xfe, 0x70, 0x9f,
    0xfc, 0x40, 0x1e, 0xdf, 0xf9, 0xb7, 0xfe, 0x70,
    0x1e, 0xff, 0xb0, 0x3, 0xdb, 0xff, 0x36, 0xff,
    0xce, 0x0, 0x6f, 0xfc, 0xc0, 0x1d, 0xbf, 0xf3,
    0x6f, 0xfc, 0xe0, 0x16, 0x7f, 0xdc, 0x20, 0x1b,
    0x7f, 0xe6, 0xdf, 0xf9, 0xc0, 0x22, 0xff, 0xd4,
    0x1, 0xb7, 0xfe, 0x6d, 0xff, 0x9c, 0x3, 0x47,
    0xfe, 0x40, 0xb, 0x7f, 0xe6, 0xdf, 0xf9, 0xc0,
    0x3b, 0xbf, 0xed, 0x0, 0xb7, 0xfe, 0x6d, 0xff,
    0x9c, 0x3, 0x97, 0xff, 0x40, 0x3, 0x7f, 0xe6,
    0xdf, 0xf9, 0xc0, 0x3d, 0x7f, 0xf8, 0x83, 0x7f,
    0xe6, 0xdf, 0xf9, 0xc0, 0x3c, 0x5f, 0xfa, 0xc3,
    0x7f, 0xe6, 0xdf, 0xf9, 0xc0, 0x3e, 0x8f, 0xfc,
    0xbb, 0xff, 0x36, 0xff, 0xce, 0x1, 0xfb, 0x7f,
    0xee, 0xe7, 0xfc, 0xdb, 0xff, 0x38, 0x7, 0xe4,
    0xff, 0xfc, 0xdb, 0xff, 0x38, 0x7, 0xf5, 0x7f,
    0xfc, 0xdb, 0xff, 0x38, 0x7, 0xf0, 0xff, 0xfc,
    0xdb, 0xff, 0x38, 0x7, 0xf9, 0xff, 0xfc, 0xdb,
    0xff, 0x38, 0x7, 0xfd, 0xbf, 0xfc, 0xdb, 0xff,
    0x38, 0x7, 0xfc, 0x7f, 0xfc, 0xdb, 0xff, 0x38,
    0x7, 0xff, 0x2, 0xbf, 0xf3, 0x0, 0x7f, 0xf1,
    0x47, 0xff, 0x30, 0x7, 0xff, 0x1a, 0xff, 0xe5,
    0x0, 0xff, 0xe3, 0x6f, 0xfc, 0x60, 0x1f, 0xfc,
    0x53, 0xff, 0xb8, 0x3, 0xff, 0x84, 0x20, 0x2b,
    0xdf, 0xf4, 0x0, 0x7f, 0xf0, 0x53, 0xff, 0xed,
    0x0, 0xff, 0xe1, 0x27, 0xff, 0xb4, 0x40, 0x3f,
    0xf8, 0x45, 0x59, 0xb9, 0x4c, 0x1, 0x80,

    /* U+014B "ŋ" */
    0xef, 0xf8, 0xc0, 0x5f, 0x3b, 0xfb, 0x20, 0x40,
    0x2e, 0xff, 0x8d, 0xbf, 0xff, 0x98, 0x1, 0xdf,
    0xf4, 0xff, 0xff, 0xca, 0x1d, 0xff, 0xed, 0xa9,
    0xbf, 0xff, 0xf, 0x7f, 0xf2, 0x80, 0x61, 0xbf,
    0xfc, 0xdd, 0xff, 0x94, 0x3, 0xc3, 0xff, 0xab,
    0xbf, 0xed, 0x0, 0xfd, 0x3f, 0xf6, 0x77, 0xfd,
    0x20, 0x1f, 0x9b, 0xfe, 0xde, 0xff, 0x98, 0x3,
    0xf2, 0x7f, 0xdb, 0xdf, 0xf2, 0x80, 0x7e, 0x4f,
    0xfb, 0x7b, 0xfe, 0x40, 0xf, 0xc9, 0xff, 0x6f,
    0x7f, 0xc6, 0x1, 0xf9, 0x3f, 0xed, 0xef, 0xf8,
    0xc0, 0x3f, 0x27, 0xfd, 0xbd, 0xff, 0x18, 0x7,
    0xe4, 0xff, 0xb7, 0xbf, 0xe3, 0x0, 0xfc, 0x9f,
    0xf6, 0xf7, 0xfc, 0x60, 0x1f, 0x93, 0xfe, 0xde,
    0xff, 0x8c, 0x3, 0xf2, 0x7f, 0xdb, 0xdf, 0xf1,
    0x80, 0x7e, 0x4f, 0xfb, 0x7b, 0xfe, 0x30, 0xf,
    0xc9, 0xff, 0x6f, 0x7f, 0xc6, 0x1, 0xf9, 0x3f,
    0xed, 0xef, 0xf8, 0xc0, 0x3f, 0x27, 0xfd, 0xa0,
    0x1f, 0xfc, 0x14, 0xff, 0xb4, 0x3, 0xff, 0x82,
    0x9f, 0xf6, 0x80, 0x7f, 0xf0, 0x53, 0xfe, 0xd0,
    0xf, 0xfe, 0xa, 0x7f, 0xda, 0x1, 0xff, 0xc1,
    0x7f, 0xfb, 0x0, 0x3f, 0xd1, 0x35, 0xff, 0xa8,
    0x3, 0xfd, 0x5f, 0xfe, 0x60, 0xf, 0xf5, 0x7f,
    0xf6, 0x0, 0x7f, 0xcb, 0x7d, 0xfb, 0x0, 0x0,

    /* U+014C "Ō" */
    0x0, 0xfe, 0x77, 0xff, 0x88, 0x3, 0xff, 0x88,
    0x3f, 0xff, 0xf3, 0x0, 0x7f, 0xf1, 0x7, 0xff,
    0xfe, 0x60, 0xf, 0xff, 0xf8, 0x7, 0xff, 0xb8,
    0x5a, 0xb7, 0xbf, 0xdd, 0x70, 0x60, 0x1f, 0xfc,
    0x42, 0xaf, 0xff, 0xfb, 0x54, 0x3, 0xff, 0x82,
    0xff, 0xff, 0xfc, 0x3b, 0x10, 0xf, 0xf5, 0x7f,
    0xff, 0xf1, 0x78, 0x80, 0x3f, 0x57, 0xff, 0x74,
    0x20, 0x8c, 0x6d, 0x9f, 0xfd, 0xc2, 0x1, 0xe6,
    0xff, 0xe7, 0x0, 0xfe, 0x4e, 0xff, 0xd8, 0x1,
    0xc3, 0xff, 0xc6, 0x1, 0xff, 0xe, 0xff, 0xe6,
    0x0, 0xd3, 0xff, 0x94, 0x3, 0xff, 0x82, 0x3d,
    0xff, 0x70, 0x6, 0xff, 0xd4, 0x1, 0xff, 0xc3,
    0x6f, 0xfc, 0xa0, 0x5, 0xff, 0xc6, 0x1, 0xff,
    0xc4, 0xef, 0xfa, 0xc0, 0x13, 0xff, 0x68, 0x7,
    0xff, 0x16, 0x3f, 0xf0, 0x3, 0x3f, 0xe8, 0x0,
    0xff, 0xe2, 0x9f, 0xfe, 0x20, 0xef, 0xf9, 0x80,
    0x3f, 0xf8, 0xa3, 0xff, 0x90, 0x3f, 0xf2, 0x0,
    0x7f, 0xf1, 0xbf, 0xf2, 0x87, 0xfe, 0x30, 0xf,
    0xfe, 0x37, 0x7f, 0xcc, 0x1f, 0xf9, 0x0, 0x3f,
    0xf8, 0xdd, 0xff, 0x30, 0x7f, 0xe5, 0x0, 0xff,
    0xe3, 0x7f, 0xe5, 0xd, 0xff, 0x9c, 0x3, 0xff,
    0x8a, 0x5f, 0xf8, 0xc2, 0xff, 0xea, 0x0, 0xff,
    0xe2, 0xb7, 0xfe, 0x10, 0x7f, 0xfc, 0x1, 0xff,
    0xc5, 0xbf, 0xfb, 0x40, 0x5, 0xff, 0x98, 0x3,
    0xff, 0x86, 0x5f, 0xfa, 0x0, 0x2c, 0xff, 0xb8,
    0x40, 0x3f, 0xf8, 0x57, 0xff, 0x88, 0x2, 0x5f,
    0xfd, 0x60, 0x1f, 0xfc, 0x17, 0xff, 0xd4, 0x1,
    0xd7, 0xff, 0xac, 0x40, 0x3f, 0xd1, 0xff, 0xc2,
    0x1, 0xc5, 0xdf, 0xfb, 0x98, 0x3, 0xe4, 0xcf,
    0xfe, 0x60, 0xf, 0x93, 0xff, 0xec, 0xa9, 0x95,
    0xf7, 0xff, 0xa0, 0x3, 0xf8, 0xfb, 0xff, 0xff,
    0x88, 0xe0, 0x1f, 0xf0, 0xd7, 0xff, 0xff, 0x7,
    0x4c, 0x3, 0xff, 0x84, 0x73, 0xdf, 0xff, 0xad,
    0x40, 0x3f, 0xf8, 0xe4, 0xae, 0xf3, 0x18, 0x7,
    0xfc,

    /* U+014D "ō" */
    0x0, 0xea, 0xff, 0xff, 0x68, 0x7, 0xfa, 0xbf,
    0xff, 0xda, 0x1, 0xfe, 0x47, 0x7f, 0xf3, 0x0,
    0x7f, 0xff, 0xc0, 0x26, 0xbe, 0xff, 0x75, 0xb8,
    0x80, 0x7f, 0xcd, 0xdf, 0xff, 0xd0, 0x1, 0xfd,
    0x5f, 0xff, 0xfc, 0xc, 0x10, 0xf, 0x5f, 0xff,
    0x65, 0x53, 0x3f, 0xfb, 0x0, 0x39, 0xff, 0xf5,
    0x90, 0x6, 0x19, 0xff, 0xd2, 0x1, 0xf, 0xfe,
    0xa0, 0xf, 0xd1, 0xff, 0x88, 0x0, 0xff, 0xf7,
    0x0, 0x7f, 0xb3, 0xfe, 0x90, 0x5, 0xff, 0xd0,
    0x1, 0xfe, 0x5f, 0xfb, 0x80, 0x1f, 0xf8, 0xc0,
    0x3f, 0xc3, 0xff, 0x84, 0x3f, 0xf0, 0x80, 0x7f,
    0xdf, 0xf8, 0xc7, 0xff, 0x0, 0x7f, 0xf0, 0x3b,
    0xfe, 0x40, 0xff, 0xc2, 0x1, 0xff, 0x7f, 0xe3,
    0xe, 0xff, 0x8c, 0x3, 0xfc, 0x3f, 0xf8, 0x42,
    0xff, 0xe8, 0x0, 0xff, 0x37, 0xfd, 0xc0, 0x6,
    0xff, 0xb8, 0x40, 0x3f, 0xb7, 0xfe, 0x80, 0xb,
    0xbf, 0xea, 0x0, 0xfd, 0x3f, 0xf8, 0x80, 0x26,
    0xff, 0xd6, 0x60, 0x18, 0xab, 0xff, 0x38, 0x7,
    0x57, 0xff, 0x6d, 0xdb, 0x7f, 0xfa, 0xc0, 0x3e,
    0xaf, 0xff, 0xfe, 0x5, 0x0, 0x7f, 0x37, 0x7f,
    0xff, 0x38, 0x7, 0xff, 0x1, 0xaf, 0xbf, 0xdd,
    0x6e, 0x20, 0x1e,

    /* U+014E "Ŏ" */
    0x0, 0xfc, 0xd1, 0x1, 0x0, 0xf3, 0x44, 0x0,
    0x3f, 0xf8, 0x97, 0xfe, 0x50, 0xf, 0x7f, 0xc0,
    0x1f, 0xfc, 0x47, 0xff, 0x68, 0x80, 0x69, 0xff,
    0x60, 0x7, 0xff, 0x10, 0x7f, 0xf5, 0x44, 0xef,
    0xfc, 0xa0, 0x1f, 0xfc, 0x54, 0xff, 0xfe, 0x80,
    0xf, 0xfe, 0x38, 0xc6, 0x77, 0xfb, 0x64, 0xc0,
    0x3f, 0xff, 0xe0, 0x1, 0x6a, 0xde, 0xff, 0x75,
    0xc1, 0x80, 0x7f, 0xf1, 0xa, 0xbf, 0xff, 0xed,
    0x50, 0xf, 0xfe, 0xb, 0xff, 0xff, 0xf0, 0xec,
    0x40, 0x3f, 0xd5, 0xff, 0xff, 0xc5, 0xe2, 0x0,
    0xfd, 0x5f, 0xfd, 0xd0, 0x82, 0x31, 0xb6, 0x7f,
    0xf7, 0x8, 0x7, 0x9b, 0xff, 0x9c, 0x3, 0xf9,
    0x3b, 0xff, 0x60, 0x7, 0xf, 0xff, 0x18, 0x7,
    0xfc, 0x3b, 0xff, 0x98, 0x3, 0x4f, 0xfe, 0x50,
    0xf, 0xfe, 0x8, 0xf7, 0xfd, 0xc0, 0x1b, 0xff,
    0x50, 0x7, 0xff, 0xd, 0xbf, 0xf2, 0x80, 0x17,
    0xff, 0x18, 0x7, 0xff, 0x13, 0xbf, 0xeb, 0x0,
    0x4f, 0xfd, 0xa0, 0x1f, 0xfc, 0x58, 0xff, 0xc0,
    0xc, 0xff, 0xa0, 0x3, 0xff, 0x8a, 0x7f, 0xf8,
    0x83, 0xbf, 0xe6, 0x0, 0xff, 0xe2, 0x8f, 0xfe,
    0x40, 0xff, 0xc8, 0x1, 0xff, 0xc6, 0xff, 0xca,
    0x1f, 0xf8, 0xc0, 0x3f, 0xf8, 0xdd, 0xff, 0x30,
    0x7f, 0xe4, 0x0, 0xff, 0xe3, 0x77, 0xfc, 0xc1,
    0xff, 0x94, 0x3, 0xff, 0x8d, 0xff, 0x94, 0x37,
    0xfe, 0x70, 0xf, 0xfe, 0x29, 0x7f, 0xe3, 0xb,
    0xff, 0xa8, 0x3, 0xff, 0x8a, 0xdf, 0xf8, 0x41,
    0xff, 0xf0, 0x7, 0xff, 0x16, 0xff, 0xed, 0x0,
    0x17, 0xfe, 0x60, 0xf, 0xfe, 0x19, 0x7f, 0xe8,
    0x0, 0xb3, 0xfe, 0xe1, 0x0, 0xff, 0xe1, 0x5f,
    0xfe, 0x20, 0x9, 0x7f, 0xf5, 0x80, 0x7f, 0xf0,
    0x5f, 0xff, 0x50, 0x7, 0x5f, 0xfe, 0xb1, 0x0,
    0xff, 0x47, 0xff, 0x8, 0x7, 0x17, 0x7f, 0xee,
    0x60, 0xf, 0x93, 0x3f, 0xf9, 0x80, 0x3e, 0x4f,
    0xff, 0xb2, 0xa6, 0x57, 0xdf, 0xfe, 0x80, 0xf,
    0xe3, 0xef, 0xff, 0xfe, 0x23, 0x80, 0x7f, 0xc3,
    0x5f, 0xff, 0xfc, 0x1d, 0x30, 0xf, 0xfe, 0x11,
    0xcf, 0x7f, 0xfe, 0xb5, 0x0, 0xff, 0xe3, 0x92,
    0xbb, 0xcc, 0x60, 0x1f, 0xf0,

    /* U+014F "ŏ" */
    0x0, 0xcb, 0xfe, 0x60, 0xf, 0x1f, 0xf9, 0xc0,
    0x3f, 0x1f, 0xfa, 0xc0, 0x3d, 0x1f, 0xe5, 0x0,
    0xfe, 0xef, 0xf5, 0x18, 0x81, 0x47, 0xfc, 0x20,
    0x1f, 0xcb, 0xff, 0xfe, 0x70, 0xf, 0xf9, 0x37,
    0xff, 0xda, 0xa0, 0x1f, 0xfc, 0x22, 0x56, 0x62,
    0x90, 0x7, 0xff, 0xbd, 0xaf, 0xbf, 0xdd, 0x6e,
    0x20, 0x1f, 0xf3, 0x77, 0xff, 0xf4, 0x0, 0x7f,
    0x57, 0xff, 0xff, 0x3, 0x4, 0x3, 0xd7, 0xff,
    0xd9, 0x54, 0xcf, 0xfe, 0xc0, 0xe, 0x7f, 0xfd,
    0x64, 0x1, 0x86, 0x7f, 0xf4, 0x80, 0x43, 0xff,
    0xa8, 0x3, 0xf4, 0x7f, 0xe2, 0x0, 0x3f, 0xfd,
    0xc0, 0x1f, 0xec, 0xff, 0xa4, 0x1, 0x7f, 0xf4,
    0x0, 0x7f, 0x97, 0xfe, 0xe0, 0x7, 0xfe, 0x30,
    0xf, 0xf0, 0xff, 0xe1, 0xf, 0xfc, 0x20, 0x1f,
    0xf7, 0xfe, 0x31, 0xff, 0xc0, 0x1f, 0xfc, 0xe,
    0xff, 0x90, 0x3f, 0xf0, 0x80, 0x7f, 0xdf, 0xf8,
    0xc3, 0xbf, 0xe3, 0x0, 0xff, 0xf, 0xfe, 0x10,
    0xbf, 0xfa, 0x0, 0x3f, 0xcd, 0xff, 0x70, 0x1,
    0xbf, 0xee, 0x10, 0xf, 0xed, 0xff, 0xa0, 0x2,
    0xef, 0xfa, 0x80, 0x3f, 0x4f, 0xfe, 0x20, 0x9,
    0xbf, 0xf5, 0x98, 0x6, 0x2a, 0xff, 0xce, 0x1,
    0xd5, 0xff, 0xdb, 0x76, 0xdf, 0xfe, 0xb0, 0xf,
    0xab, 0xff, 0xff, 0x81, 0x40, 0x1f, 0xcd, 0xdf,
    0xff, 0xce, 0x1, 0xff, 0xc0, 0x6b, 0xef, 0xf7,
    0x5b, 0x88, 0x7, 0x80,

    /* U+0150 "Ő" */
    0x0, 0xff, 0xe0, 0x94, 0xcc, 0x60, 0x13, 0x4c,
    0xcc, 0x1, 0xff, 0xc4, 0xdf, 0xf5, 0x80, 0x47,
    0xff, 0x68, 0x80, 0x7f, 0xf0, 0xe7, 0xfd, 0xc2,
    0x1, 0x6f, 0xfb, 0x88, 0x3, 0xff, 0x86, 0x9f,
    0xf1, 0x80, 0x53, 0xff, 0x18, 0x7, 0xff, 0xc,
    0x7b, 0xfc, 0xa0, 0x12, 0x7f, 0xc8, 0x1, 0xff,
    0xc4, 0xaf, 0xf4, 0x0, 0x43, 0xdf, 0xe5, 0x0,
    0xff, 0xe2, 0x2f, 0xfa, 0xc0, 0x35, 0xff, 0x9c,
    0x3, 0xff, 0xfe, 0x2d, 0x5b, 0xdf, 0xee, 0xb8,
    0x30, 0xf, 0xfe, 0x21, 0x57, 0xff, 0xfd, 0xaa,
    0x1, 0xff, 0xc1, 0x7f, 0xff, 0xfe, 0x1d, 0x88,
    0x7, 0xfa, 0xbf, 0xff, 0xf8, 0xbc, 0x40, 0x1f,
    0xab, 0xff, 0xba, 0x10, 0x46, 0x36, 0xcf, 0xfe,
    0xe1, 0x0, 0xf3, 0x7f, 0xf3, 0x80, 0x7f, 0x27,
    0x7f, 0xec, 0x0, 0xe1, 0xff, 0xe3, 0x0, 0xff,
    0x87, 0x7f, 0xf3, 0x0, 0x69, 0xff, 0xca, 0x1,
    0xff, 0xc1, 0x1e, 0xff, 0xb8, 0x3, 0x7f, 0xea,
    0x0, 0xff, 0xe1, 0xb7, 0xfe, 0x50, 0x2, 0xff,
    0xe3, 0x0, 0xff, 0xe2, 0x77, 0xfd, 0x60, 0x9,
    0xff, 0xb4, 0x3, 0xff, 0x8b, 0x1f, 0xf8, 0x1,
    0x9f, 0xf4, 0x0, 0x7f, 0xf1, 0x4f, 0xff, 0x10,
    0x77, 0xfc, 0xc0, 0x1f, 0xfc, 0x51, 0xff, 0xc8,
    0x1f, 0xf9, 0x0, 0x3f, 0xf8, 0xdf, 0xf9, 0x43,
    0xff, 0x18, 0x7, 0xff, 0x1b, 0xbf, 0xe6, 0xf,
    0xfc, 0x80, 0x1f, 0xfc, 0x6e, 0xff, 0x98, 0x3f,
    0xf2, 0x80, 0x7f, 0xf1, 0xbf, 0xf2, 0x86, 0xff,
    0xce, 0x1, 0xff, 0xc5, 0x2f, 0xfc, 0x61, 0x7f,
    0xf5, 0x0, 0x7f, 0xf1, 0x5b, 0xff, 0x8, 0x3f,
    0xfe, 0x0, 0xff, 0xe2, 0xdf, 0xfd, 0xa0, 0x2,
    0xff, 0xcc, 0x1, 0xff, 0xc3, 0x2f, 0xfd, 0x0,
    0x16, 0x7f, 0xdc, 0x20, 0x1f, 0xfc, 0x2b, 0xff,
    0xc4, 0x1, 0x2f, 0xfe, 0xb0, 0xf, 0xfe, 0xb,
    0xff, 0xea, 0x0, 0xeb, 0xff, 0xd6, 0x20, 0x1f,
    0xe8, 0xff, 0xe1, 0x0, 0xe2, 0xef, 0xfd, 0xcc,
    0x1, 0xf2, 0x67, 0xff, 0x30, 0x7, 0xc9, 0xff,
    0xf6, 0x54, 0xca, 0xfb, 0xff, 0xd0, 0x1, 0xfc,
    0x7d, 0xff, 0xff, 0xc4, 0x70, 0xf, 0xf8, 0x6b,
    0xff, 0xff, 0x83, 0xa6, 0x1, 0xff, 0xc2, 0x39,
    0xef, 0xff, 0xd6, 0xa0, 0x1f, 0xfc, 0x72, 0x57,
    0x79, 0x8c, 0x3, 0xfe,

    /* U+0151 "ő" */
    0x0, 0xfe, 0x1e, 0xff, 0x50, 0x4, 0xbf, 0xf6,
    0x88, 0x7, 0xf5, 0xff, 0xb4, 0x2, 0x1e, 0xff,
    0x71, 0x0, 0x7f, 0x37, 0xfb, 0x88, 0x2, 0xbf,
    0xf8, 0xc0, 0x3f, 0x8b, 0xfe, 0x40, 0x9, 0xff,
    0xe4, 0x0, 0xff, 0x67, 0xf9, 0xc0, 0x22, 0xff,
    0x94, 0x3, 0xfc, 0xff, 0xea, 0x0, 0xdb, 0xfe,
    0x70, 0xf, 0xfa, 0x6a, 0x40, 0x32, 0x55, 0x1c,
    0x3, 0xff, 0xb0, 0xd7, 0xdf, 0xee, 0xb7, 0x10,
    0xf, 0xfe, 0x3, 0x77, 0xff, 0xf4, 0x0, 0x7f,
    0xab, 0xff, 0xff, 0x81, 0x82, 0x1, 0xf5, 0xff,
    0xf6, 0x55, 0x33, 0xff, 0xb0, 0x3, 0xcf, 0xff,
    0xac, 0x80, 0x30, 0xcf, 0xfe, 0x90, 0xc, 0x3f,
    0xfa, 0x80, 0x3f, 0x47, 0xfe, 0x20, 0x9, 0xff,
    0xee, 0x0, 0xff, 0x67, 0xfd, 0x20, 0x15, 0xff,
    0xd0, 0x1, 0xfe, 0x5f, 0xfb, 0x80, 0x2f, 0xfc,
    0x60, 0x1f, 0xe1, 0xff, 0xc2, 0x0, 0xff, 0xc2,
    0x1, 0xff, 0x7f, 0xe3, 0x1, 0xff, 0xc0, 0x1f,
    0xfc, 0xe, 0xff, 0x90, 0x1, 0xff, 0x84, 0x3,
    0xfe, 0xff, 0xc6, 0x0, 0xef, 0xf8, 0xc0, 0x3f,
    0xc3, 0xff, 0x84, 0x1, 0x7f, 0xf4, 0x0, 0x7f,
    0x9b, 0xfe, 0xe0, 0x9, 0xbf, 0xee, 0x10, 0xf,
    0xed, 0xff, 0xa0, 0x3, 0x77, 0xfd, 0x40, 0x1f,
    0xa7, 0xff, 0x10, 0x6, 0x6f, 0xfd, 0x66, 0x1,
    0x8a, 0xbf, 0xf3, 0x80, 0x7a, 0xbf, 0xfb, 0x6e,
    0xdb, 0xff, 0xd6, 0x1, 0xfa, 0xbf, 0xff, 0xf8,
    0x14, 0x1, 0xfe, 0x6e, 0xff, 0xfe, 0x70, 0xf,
    0xfe, 0xb, 0x5f, 0x7f, 0xba, 0xdc, 0x40, 0x3e,

    /* U+0152 "Œ" */
    0x0, 0xff, 0x1b, 0xde, 0xf7, 0xff, 0xff, 0x31,
    0x80, 0x3e, 0x18, 0xef, 0xff, 0xfe, 0x8b, 0x0,
    0x79, 0xbf, 0xff, 0xfa, 0x8c, 0x1, 0xd3, 0xff,
    0xfb, 0xb7, 0x7b, 0xff, 0x6e, 0xff, 0xf0, 0xd4,
    0x3, 0x57, 0xff, 0x6b, 0x98, 0x7, 0xdf, 0xf9,
    0x40, 0x3f, 0xf8, 0xcf, 0xff, 0xb9, 0x40, 0x3f,
    0xdf, 0xf9, 0x40, 0x3f, 0xf8, 0xa3, 0xff, 0xb4,
    0x40, 0x3f, 0xef, 0xfc, 0xa0, 0x1f, 0xfc, 0x59,
    0xff, 0xc4, 0x1, 0xff, 0xc0, 0xff, 0xca, 0x1,
    0xff, 0xc4, 0x1f, 0xfd, 0x0, 0x1f, 0xfc, 0x1f,
    0xfc, 0xa0, 0x1f, 0xfc, 0x45, 0xff, 0xc2, 0x1,
    0xff, 0xc1, 0xff, 0xca, 0x1, 0xff, 0xc4, 0x9f,
    0xfa, 0xc0, 0x3f, 0xf8, 0x5f, 0xf9, 0x40, 0x3f,
    0xf8, 0x99, 0xff, 0x40, 0x7, 0xff, 0xb, 0xff,
    0x28, 0x7, 0xff, 0x13, 0xbf, 0xe6, 0x0, 0xff,
    0xe1, 0x7f, 0xed, 0xdf, 0xfe, 0x10, 0x80, 0x3f,
    0xf2, 0x0, 0x7f, 0xf0, 0xbf, 0xff, 0xf8, 0xc2,
    0x0, 0xff, 0xc8, 0x1, 0xff, 0xc2, 0xff, 0xff,
    0xe3, 0x8, 0x3, 0xff, 0x20, 0x7, 0xff, 0xb,
    0xff, 0xff, 0x8c, 0x20, 0xe, 0xff, 0x94, 0x3,
    0xff, 0x85, 0xff, 0x94, 0x3, 0xff, 0x89, 0xbf,
    0xf4, 0x0, 0x7f, 0xf0, 0xbf, 0xf2, 0x80, 0x7f,
    0xf1, 0x2f, 0xfe, 0xb0, 0xf, 0xfe, 0x17, 0xfe,
    0x50, 0xf, 0xfe, 0x23, 0x7f, 0xe0, 0xf, 0xfe,
    0x17, 0xfe, 0x50, 0xf, 0xfe, 0x21, 0x7f, 0xe6,
    0x0, 0xff, 0xe0, 0xff, 0xe5, 0x0, 0xff, 0xe2,
    0xe7, 0xfd, 0xc2, 0x1, 0xff, 0xc0, 0xff, 0xca,
    0x1, 0xff, 0xc5, 0x4f, 0xfd, 0x82, 0x1, 0xff,
    0x7f, 0xe5, 0x0, 0xff, 0xe3, 0x57, 0xfe, 0xd4,
    0x0, 0xff, 0x7f, 0xe5, 0x0, 0xff, 0xe3, 0xe7,
    0xff, 0x63, 0x98, 0x7, 0xdf, 0xf9, 0x40, 0x3f,
    0xf8, 0xe3, 0x9f, 0xff, 0xbb, 0x77, 0xbf, 0xf6,
    0xef, 0xff, 0xd, 0x40, 0x3d, 0x1f, 0xff, 0xfd,
    0x46, 0x0, 0xf8, 0xa7, 0xff, 0xff, 0xa4, 0xc0,
    0x1f, 0xe4, 0x8b, 0xde, 0xff, 0xff, 0xe6, 0x30,

    /* U+0153 "œ" */
    0x0, 0xf9, 0xaf, 0xbf, 0xdd, 0x6e, 0x20, 0x1e,
    0x27, 0xce, 0xfe, 0xd9, 0x40, 0xf, 0xf3, 0x77,
    0xff, 0xf4, 0x0, 0x68, 0xff, 0xfe, 0xc2, 0x0,
    0xfa, 0xbf, 0xff, 0xf8, 0x18, 0x21, 0x9f, 0xff,
    0xf7, 0x10, 0x7, 0x5f, 0xff, 0x53, 0xba, 0x7b,
    0xff, 0x66, 0x3f, 0xf7, 0x4b, 0xba, 0xff, 0xf7,
    0x0, 0x67, 0xff, 0xd2, 0x1, 0xe7, 0xff, 0xfc,
    0xe0, 0x1c, 0x5b, 0xff, 0x48, 0x0, 0x7f, 0xf4,
    0x0, 0x7e, 0x6f, 0xff, 0x30, 0x7, 0xc3, 0xdf,
    0xf0, 0x83, 0xff, 0xda, 0x1, 0xfe, 0xbf, 0xfd,
    0x80, 0x1f, 0xcf, 0xff, 0x30, 0x5f, 0xfc, 0xe0,
    0x1f, 0xe5, 0xff, 0xcc, 0x1, 0xfc, 0x5f, 0xf5,
    0x7, 0xfe, 0x30, 0xf, 0xfb, 0xff, 0x28, 0x7,
    0xfb, 0xfe, 0xd0, 0xff, 0xc2, 0x1, 0xff, 0x7f,
    0xff, 0xf1, 0xb8, 0x7f, 0xf0, 0x7, 0xff, 0x3,
    0xff, 0xff, 0x8e, 0x1f, 0xf8, 0x40, 0x3f, 0xef,
    0xff, 0xfe, 0x37, 0x7, 0x7f, 0xc6, 0x1, 0xfe,
    0x1f, 0xfc, 0xa0, 0x1f, 0xfc, 0x3b, 0xff, 0xa0,
    0x3, 0xfc, 0xdf, 0xf9, 0x80, 0x3f, 0xf8, 0x6d,
    0xff, 0x70, 0x80, 0x7f, 0x6f, 0xfe, 0xc0, 0xf,
    0xfe, 0x27, 0x7f, 0xd6, 0x1, 0xfa, 0x7f, 0xfc,
    0xe0, 0x1f, 0xd2, 0x60, 0x19, 0xbf, 0xf6, 0x20,
    0x6, 0x3b, 0xff, 0xfd, 0x44, 0x1, 0xcb, 0xbf,
    0xe3, 0x0, 0xd5, 0xff, 0xdd, 0x97, 0xbf, 0xfd,
    0x79, 0xff, 0xdb, 0x76, 0xcf, 0xfe, 0xe1, 0x0,
    0xd5, 0xff, 0xff, 0xc0, 0xa0, 0x1c, 0xff, 0xff,
    0xe0, 0x72, 0x0, 0x79, 0xbb, 0xff, 0xf9, 0xc0,
    0x34, 0xff, 0xff, 0xa8, 0x40, 0x3f, 0x9a, 0xfb,
    0xfd, 0xd6, 0xe2, 0x1, 0xe2, 0x7c, 0xef, 0xf7,
    0x64, 0x10, 0x6,

    /* U+0154 "Ŕ" */
    0x0, 0xff, 0x86, 0xae, 0xe3, 0x0, 0xff, 0xe2,
    0x5f, 0xfc, 0xc0, 0x1f, 0xfc, 0x47, 0xff, 0x98,
    0x3, 0xff, 0x88, 0x9f, 0xf3, 0x80, 0x7f, 0xf1,
    0x7, 0xbf, 0xce, 0x1, 0xff, 0xc5, 0xcf, 0xf3,
    0x80, 0x7f, 0xf1, 0x45, 0x54, 0x80, 0x1f, 0xfe,
    0xbd, 0xff, 0xff, 0x6d, 0xb8, 0x80, 0x7d, 0xbf,
    0xff, 0xfc, 0x29, 0x0, 0xf6, 0xff, 0xff, 0xf0,
    0xf4, 0x40, 0x36, 0xff, 0xdd, 0xbb, 0xdf, 0xff,
    0x58, 0x6, 0xdf, 0xf9, 0xc0, 0x3c, 0x51, 0xff,
    0xc8, 0x1, 0x6f, 0xfc, 0xe0, 0x1f, 0x93, 0xff,
    0x48, 0x5, 0xbf, 0xf3, 0x80, 0x7f, 0x4f, 0xfd,
    0xa0, 0x16, 0xff, 0xce, 0x1, 0xfc, 0xbf, 0xf8,
    0x2, 0xdf, 0xf9, 0xc0, 0x3f, 0x93, 0xff, 0x0,
    0x5b, 0xff, 0x38, 0x7, 0xf3, 0x7f, 0xdc, 0x1,
    0x6f, 0xfc, 0xe0, 0x1f, 0xd7, 0xff, 0x60, 0x5,
    0xbf, 0xf3, 0x80, 0x7e, 0x7f, 0xfd, 0x0, 0x16,
    0xff, 0xce, 0x1, 0xc4, 0xb9, 0xff, 0xc2, 0x1,
    0x6f, 0xff, 0xff, 0x11, 0xc0, 0x36, 0xff, 0xff,
    0xf0, 0xe4, 0x3, 0xb7, 0xff, 0xff, 0x83, 0xa8,
    0x1, 0xed, 0xff, 0xb7, 0x33, 0x7f, 0xee, 0x0,
    0xfd, 0xbf, 0xf3, 0x80, 0x66, 0xff, 0xc8, 0x1,
    0xf6, 0xff, 0xce, 0x1, 0xdb, 0xff, 0x68, 0x7,
    0xdb, 0xff, 0x38, 0x7, 0x27, 0xfe, 0x80, 0xf,
    0x6f, 0xfc, 0xe0, 0x1e, 0xaf, 0xfc, 0x40, 0x1d,
    0xbf, 0xf3, 0x80, 0x78, 0x7f, 0xf5, 0x80, 0x76,
    0xff, 0xce, 0x1, 0xf3, 0xff, 0xe5, 0x0, 0xdb,
    0xff, 0x38, 0x7, 0xed, 0xff, 0xb8, 0x3, 0x6f,
    0xfc, 0xe0, 0x1f, 0x93, 0xff, 0x40, 0x5, 0xbf,
    0xf3, 0x80, 0x7f, 0x5f, 0xfe, 0x20, 0x6, 0xff,
    0xce, 0x1, 0xfc, 0x5f, 0xfb, 0x0, 0x1b, 0xff,
    0x38, 0x7, 0xfa, 0x3f, 0xf2, 0x86, 0xff, 0xce,
    0x1, 0xff, 0x77, 0xfd, 0xc2,

    /* U+0155 "ŕ" */
    0x0, 0xfc, 0x9f, 0xf7, 0x10, 0x7, 0xe2, 0xef,
    0xf6, 0x90, 0x7, 0xf6, 0xff, 0xb4, 0x40, 0x3f,
    0xab, 0xfd, 0xa2, 0x1, 0xfc, 0xff, 0xed, 0x10,
    0xf, 0xe2, 0xcc, 0x58, 0x80, 0x7f, 0xf6, 0xb,
    0xff, 0x0, 0x4d, 0x9f, 0xed, 0xa3, 0x2f, 0xfc,
    0x7, 0xbf, 0xfe, 0x22, 0x7f, 0xe4, 0xff, 0xfa,
    0x80, 0xbf, 0xf7, 0x7f, 0xfc, 0x40, 0x5f, 0xfe,
    0xc5, 0x22, 0x23, 0x80, 0xb, 0xff, 0xa4, 0x3,
    0xf1, 0x7f, 0xed, 0x0, 0xfe, 0x2f, 0xfc, 0xc0,
    0x1f, 0xc5, 0xff, 0x88, 0x3, 0xf8, 0xbf, 0xf0,
    0x80, 0x7f, 0x17, 0xfe, 0x0, 0xff, 0x17, 0xfe,
    0x0, 0xff, 0x17, 0xfe, 0x0, 0xff, 0x17, 0xfe,
    0x0, 0xff, 0x17, 0xfe, 0x0, 0xff, 0x17, 0xfe,
    0x0, 0xff, 0x17, 0xfe, 0x0, 0xff, 0x17, 0xfe,
    0x0, 0xff, 0x17, 0xfe, 0x0, 0xff, 0x17, 0xfe,
    0x0, 0xff, 0x17, 0xfe, 0x0, 0xff, 0x0,

    /* U+0156 "Ŗ" */
    0xdf, 0xff, 0xf6, 0xdb, 0x8, 0x7, 0xdb, 0xff,
    0xff, 0xc2, 0x80, 0xf, 0x6f, 0xff, 0xff, 0xf,
    0x0, 0x3b, 0x7f, 0xee, 0xdd, 0xef, 0xff, 0xa8,
    0x3, 0x6f, 0xfc, 0xe0, 0x1e, 0x29, 0xff, 0xe3,
    0x0, 0xb7, 0xfe, 0x70, 0xf, 0xc9, 0xff, 0xa4,
    0x2, 0xdf, 0xf9, 0xc0, 0x3f, 0xab, 0xfe, 0xd0,
    0xb, 0x7f, 0xe7, 0x0, 0xfe, 0x5f, 0xfc, 0x1,
    0x6f, 0xfc, 0xe0, 0x1f, 0xc9, 0xff, 0x80, 0x2d,
    0xff, 0x9c, 0x3, 0xf9, 0x7f, 0xee, 0x0, 0xb7,
    0xfe, 0x70, 0xf, 0xea, 0xff, 0xb4, 0x2, 0xdf,
    0xf9, 0xc0, 0x3f, 0x27, 0xfe, 0x90, 0xb, 0x7f,
    0xe7, 0x0, 0xf1, 0x47, 0xff, 0x10, 0x5, 0xbf,
    0xf6, 0xe6, 0x6d, 0xef, 0xff, 0x48, 0x6, 0xdf,
    0xff, 0xfe, 0x1e, 0x0, 0x76, 0xff, 0xff, 0xf0,
    0xa0, 0x3, 0xdb, 0xff, 0xff, 0xc1, 0x10, 0xf,
    0xb7, 0xfe, 0x70, 0xd, 0x1f, 0xf8, 0xc0, 0x3e,
    0xdf, 0xf9, 0xc0, 0x3b, 0xbf, 0xec, 0x0, 0xfb,
    0x7f, 0xe7, 0x0, 0xe5, 0xff, 0xcc, 0x1, 0xed,
    0xff, 0x9c, 0x3, 0xd9, 0xff, 0x70, 0x80, 0x76,
    0xff, 0xce, 0x1, 0xe2, 0xff, 0xd4, 0x1, 0xdb,
    0xff, 0x38, 0x7, 0xd1, 0xff, 0x90, 0x3, 0x6f,
    0xfc, 0xe0, 0x1f, 0xbb, 0xfe, 0xd0, 0xd, 0xbf,
    0xf3, 0x80, 0x7e, 0x5f, 0xfd, 0x0, 0x16, 0xff,
    0xce, 0x1, 0xfd, 0x7f, 0xf8, 0x80, 0x1b, 0xff,
    0x38, 0x7, 0xf1, 0x7f, 0xeb, 0x0, 0x6f, 0xfc,
    0xe0, 0x1f, 0xe8, 0xff, 0xca, 0x1b, 0xff, 0x38,
    0x7, 0xfd, 0xdf, 0xf7, 0x8, 0x7, 0xff, 0x98,
    0x66, 0x70, 0x7, 0xff, 0x16, 0x7f, 0xe6, 0x0,
    0xff, 0xe2, 0xf, 0xfd, 0x40, 0x1f, 0xfc, 0x58,
    0xff, 0x68, 0x7, 0xff, 0x14, 0x7f, 0xe2, 0x0,
    0xff, 0xe2, 0xc7, 0xf9, 0x80, 0x3f, 0xf8, 0xdd,
    0xf2, 0x1, 0xff, 0xc3,

    /* U+0157 "ŗ" */
    0x2f, 0xfc, 0x1, 0x36, 0x7f, 0xb6, 0x8c, 0xbf,
    0xf0, 0x1e, 0xff, 0xf8, 0x89, 0xff, 0x93, 0xff,
    0xea, 0x2, 0xff, 0xdd, 0xff, 0xf1, 0x1, 0x7f,
    0xfb, 0x14, 0x88, 0x8e, 0x0, 0x2f, 0xfe, 0x90,
    0xf, 0xc5, 0xff, 0xb4, 0x3, 0xf8, 0xbf, 0xf3,
    0x0, 0x7f, 0x17, 0xfe, 0x20, 0xf, 0xe2, 0xff,
    0xc2, 0x1, 0xfc, 0x5f, 0xf8, 0x3, 0xfc, 0x5f,
    0xf8, 0x3, 0xfc, 0x5f, 0xf8, 0x3, 0xfc, 0x5f,
    0xf8, 0x3, 0xfc, 0x5f, 0xf8, 0x3, 0xfc, 0x5f,
    0xf8, 0x3, 0xfc, 0x5f, 0xf8, 0x3, 0xfc, 0x5f,
    0xf8, 0x3, 0xfc, 0x5f, 0xf8, 0x3, 0xfc, 0x5f,
    0xf8, 0x3, 0xfc, 0x5f, 0xf8, 0x3, 0xff, 0xbe,
    0x53, 0x38, 0x3, 0xfd, 0x5f, 0xf2, 0x80, 0x7f,
    0x17, 0xfd, 0x20, 0x1f, 0xea, 0xff, 0x60, 0x7,
    0xf8, 0xbf, 0xe2, 0x0, 0xff, 0x4f, 0xf9, 0x40,
    0x3f, 0xc3, 0xfe, 0x80, 0xf, 0xf8,

    /* U+0158 "Ř" */
    0x0, 0x9e, 0x1c, 0x40, 0x39, 0xa2, 0x4, 0x1,
    0xfc, 0xbf, 0xed, 0x10, 0xa, 0x7f, 0xd2, 0x1,
    0xff, 0x2f, 0xfb, 0x0, 0x11, 0xfe, 0xa0, 0xf,
    0xfe, 0xb, 0x7f, 0xb2, 0x3f, 0xd4, 0x1, 0xff,
    0xc3, 0x6f, 0xfd, 0x40, 0x1f, 0xfc, 0x57, 0xff,
    0x58, 0x7, 0xff, 0x1d, 0xec, 0x3, 0xff, 0xd9,
    0xbf, 0xff, 0xed, 0xb7, 0x10, 0xf, 0xb7, 0xff,
    0xff, 0x85, 0x20, 0x1e, 0xdf, 0xff, 0xfe, 0x1e,
    0x88, 0x6, 0xdf, 0xfb, 0xb7, 0x7b, 0xff, 0xeb,
    0x0, 0xdb, 0xff, 0x38, 0x7, 0x8a, 0x3f, 0xf9,
    0x0, 0x2d, 0xff, 0x9c, 0x3, 0xf2, 0x7f, 0xe9,
    0x0, 0xb7, 0xfe, 0x70, 0xf, 0xe9, 0xff, 0xb4,
    0x2, 0xdf, 0xf9, 0xc0, 0x3f, 0x97, 0xff, 0x0,
    0x5b, 0xff, 0x38, 0x7, 0xf2, 0x7f, 0xe0, 0xb,
    0x7f, 0xe7, 0x0, 0xfe, 0x6f, 0xfb, 0x80, 0x2d,
    0xff, 0x9c, 0x3, 0xfa, 0xff, 0xec, 0x0, 0xb7,
    0xfe, 0x70, 0xf, 0xcf, 0xff, 0xa0, 0x2, 0xdf,
    0xf9, 0xc0, 0x38, 0x97, 0x3f, 0xf8, 0x40, 0x2d,
    0xff, 0xff, 0xe2, 0x38, 0x6, 0xdf, 0xff, 0xfe,
    0x1c, 0x80, 0x76, 0xff, 0xff, 0xf0, 0x75, 0x0,
    0x3d, 0xbf, 0xf6, 0xe6, 0x6f, 0xfd, 0xc0, 0x1f,
    0xb7, 0xfe, 0x70, 0xc, 0xdf, 0xf9, 0x0, 0x3e,
    0xdf, 0xf9, 0xc0, 0x3b, 0x7f, 0xed, 0x0, 0xfb,
    0x7f, 0xe7, 0x0, 0xe4, 0xff, 0xd0, 0x1, 0xed,
    0xff, 0x9c, 0x3, 0xd5, 0xff, 0x88, 0x3, 0xb7,
    0xfe, 0x70, 0xf, 0xf, 0xfe, 0xb0, 0xe, 0xdf,
    0xf9, 0xc0, 0x3e, 0x7f, 0xfc, 0xa0, 0x1b, 0x7f,
    0xe7, 0x0, 0xfd, 0xbf, 0xf7, 0x0, 0x6d, 0xff,
    0x9c, 0x3, 0xf2, 0x7f, 0xe8, 0x0, 0xb7, 0xfe,
    0x70, 0xf, 0xeb, 0xff, 0xc4, 0x0, 0xdf, 0xf9,
    0xc0, 0x3f, 0x8b, 0xff, 0x60, 0x3, 0x7f, 0xe7,
    0x0, 0xff, 0x47, 0xfe, 0x50, 0xdf, 0xf9, 0xc0,
    0x3f, 0xee, 0xff, 0xb8, 0x40,

    /* U+0159 "ř" */
    0x1c, 0xff, 0x28, 0x6, 0x3f, 0xf7, 0x8, 0x4,
    0x3b, 0xfe, 0x50, 0x1, 0xff, 0xb8, 0x80, 0x38,
    0x77, 0xfc, 0x87, 0xdf, 0xc4, 0x1, 0xf0, 0xef,
    0xfb, 0xbf, 0x88, 0x3, 0xf8, 0xbb, 0xfe, 0x30,
    0xf, 0xf8, 0xbb, 0xcc, 0x3, 0xff, 0x82, 0x46,
    0x1, 0xff, 0xcd, 0x2f, 0xfc, 0x1, 0x36, 0x7f,
    0xb6, 0x8c, 0xb, 0xff, 0x1, 0xef, 0xff, 0x88,
    0xb, 0xff, 0x27, 0xff, 0xd4, 0x0, 0x2f, 0xfd,
    0xdf, 0xff, 0x10, 0x0, 0xbf, 0xfd, 0x8a, 0x44,
    0x47, 0x0, 0x8b, 0xff, 0xa4, 0x3, 0xf8, 0xbf,
    0xf6, 0x80, 0x7f, 0x8b, 0xff, 0x30, 0x7, 0xf8,
    0xbf, 0xf1, 0x0, 0x7f, 0x8b, 0xff, 0x8, 0x7,
    0xf8, 0xbf, 0xf0, 0x7, 0xfc, 0x5f, 0xf8, 0x3,
    0xfe, 0x2f, 0xfc, 0x1, 0xff, 0x17, 0xfe, 0x0,
    0xff, 0x8b, 0xff, 0x0, 0x7f, 0xc5, 0xff, 0x80,
    0x3f, 0xe2, 0xff, 0xc0, 0x1f, 0xf1, 0x7f, 0xe0,
    0xf, 0xf8, 0xbf, 0xf0, 0x7, 0xfc, 0x5f, 0xf8,
    0x3, 0xfe, 0x2f, 0xfc, 0x1, 0xfe,

    /* U+015A "Ś" */
    0x0, 0xff, 0xe0, 0x8c, 0x44, 0xe2, 0x1, 0xff,
    0xc4, 0xcf, 0xf9, 0x40, 0x3f, 0xf8, 0x95, 0xff,
    0x20, 0x7, 0xff, 0x12, 0x3f, 0xdc, 0x60, 0x1f,
    0xfc, 0x45, 0xff, 0x71, 0x0, 0x7f, 0xf1, 0xf,
    0xfd, 0xa4, 0x1, 0xff, 0xff, 0x0, 0xf2, 0xd6,
    0xf7, 0xf5, 0xb8, 0x80, 0x7f, 0xcb, 0xdf, 0xff,
    0xd0, 0x1, 0xfd, 0x1f, 0xff, 0xfc, 0xc, 0x10,
    0xf, 0x37, 0xff, 0xb7, 0x5f, 0xfe, 0xb0, 0xe,
    0x1f, 0xfe, 0x60, 0xc, 0xbd, 0xff, 0x98, 0x3,
    0x37, 0xfe, 0x40, 0xf, 0xe, 0x7f, 0xb0, 0xc0,
    0x34, 0xff, 0xd8, 0x1, 0xf8, 0xb5, 0x80, 0x3d,
    0x5f, 0xf5, 0x0, 0x7f, 0xf1, 0x67, 0xfe, 0xc0,
    0xf, 0xfe, 0x2b, 0x7f, 0xe4, 0x0, 0xff, 0xe2,
    0xf, 0xff, 0x30, 0x7, 0xff, 0x11, 0xff, 0xfb,
    0x58, 0x3, 0xff, 0x87, 0x3f, 0xfe, 0xe9, 0x20,
    0xf, 0xfe, 0xb, 0x7f, 0xfe, 0xc4, 0x0, 0xff,
    0xe0, 0xc, 0xff, 0xfe, 0xc3, 0x0, 0xff, 0xe0,
    0xb, 0xef, 0xff, 0xcc, 0x1, 0xff, 0xc2, 0x4a,
    0xff, 0xf3, 0x0, 0x7f, 0xf0, 0xca, 0xff, 0xf8,
    0xc0, 0x3f, 0xf8, 0x8d, 0xff, 0xa8, 0x3, 0xff,
    0x8b, 0x3f, 0xf7, 0x0, 0x9, 0xaa, 0x40, 0x3f,
    0xe4, 0xff, 0xc0, 0xdf, 0xf8, 0x3, 0xfe, 0x3f,
    0xfc, 0x25, 0xff, 0x9c, 0x3, 0xfc, 0xdf, 0xf8,
    0x1, 0x9f, 0xf8, 0xc0, 0x3f, 0xb7, 0xfe, 0xb0,
    0x2, 0xff, 0xf2, 0x80, 0x78, 0x6f, 0xff, 0x28,
    0x5, 0x5f, 0xfd, 0xb0, 0xca, 0xd5, 0xff, 0xd6,
    0x1, 0xd7, 0xff, 0xff, 0xc2, 0xd1, 0x0, 0xf4,
    0x7f, 0xff, 0xf0, 0x2c, 0x40, 0x3f, 0x14, 0xff,
    0xfe, 0xc5, 0x0, 0xff, 0xe0, 0x9b, 0x3b, 0xca,
    0x20, 0x1f, 0x0,

    /* U+015B "ś" */
    0x0, 0xff, 0xa3, 0xfe, 0xb0, 0xf, 0xf9, 0x7f,
    0xeb, 0x0, 0xff, 0x8b, 0xfe, 0xa0, 0xf, 0xf8,
    0x77, 0xfd, 0x40, 0x1f, 0xfc, 0xb, 0xff, 0x48,
    0x7, 0xff, 0x1, 0x73, 0x10, 0x1, 0xff, 0xe0,
    0x28, 0xce, 0xfe, 0xc8, 0x30, 0xf, 0xa7, 0xff,
    0xfa, 0xc4, 0x3, 0x57, 0xff, 0xfd, 0xc2, 0x0,
    0x4f, 0xfd, 0x4a, 0x6b, 0x1d, 0xff, 0x60, 0x2,
    0x7f, 0xe6, 0x0, 0xf4, 0xff, 0x28, 0x3, 0x3f,
    0xe1, 0x0, 0xfa, 0x8, 0x2, 0xbf, 0xf9, 0xc0,
    0x3f, 0xf8, 0xf, 0xff, 0xad, 0x40, 0x3f, 0xc3,
    0xbf, 0xfe, 0xc8, 0x40, 0xf, 0x8b, 0x7f, 0xff,
    0x6b, 0x80, 0x7c, 0xbb, 0xff, 0xfb, 0x8c, 0x3,
    0xe2, 0x7c, 0xff, 0xf7, 0x8, 0x7, 0xf0, 0xae,
    0xff, 0xe8, 0x0, 0xff, 0xe0, 0x57, 0xfd, 0x80,
    0x5, 0x30, 0xf, 0xc7, 0xff, 0x68, 0x47, 0xf0,
    0x80, 0x7c, 0x9f, 0xf6, 0x47, 0xfd, 0xc8, 0x1,
    0xc3, 0x9f, 0xf4, 0x17, 0xff, 0x6c, 0xbb, 0xa7,
    0xff, 0x88, 0xf, 0xbf, 0xff, 0xf8, 0xa, 0x1,
    0xd, 0x7f, 0xff, 0x72, 0x0, 0x78, 0xa3, 0x3b,
    0xfd, 0xb4, 0xa0, 0x18,

    /* U+015C "Ŝ" */
    0x0, 0xff, 0x8, 0x7, 0xff, 0x20, 0x77, 0x0,
    0x3f, 0xf8, 0xf9, 0xfe, 0xb0, 0xf, 0xfe, 0x2e,
    0x7f, 0xea, 0x0, 0xff, 0xe1, 0xdf, 0xfa, 0x2f,
    0xfd, 0x20, 0x1f, 0xfc, 0x1a, 0xff, 0x50, 0x3,
    0x3f, 0xd0, 0x1, 0xff, 0x4f, 0xfb, 0x0, 0x21,
    0xdf, 0xf3, 0x0, 0x7f, 0x14, 0x41, 0xc4, 0x3,
    0xc, 0x41, 0xc4, 0x3, 0xff, 0xd6, 0xb5, 0xbd,
    0xfd, 0x6e, 0x20, 0x1f, 0xf2, 0xf7, 0xff, 0xf4,
    0x0, 0x7f, 0x47, 0xff, 0xff, 0x3, 0x4, 0x3,
    0xcd, 0xff, 0xed, 0xd7, 0xff, 0xac, 0x3, 0x87,
    0xff, 0x98, 0x3, 0x2f, 0x7f, 0xe6, 0x0, 0xcd,
    0xff, 0x90, 0x3, 0xc3, 0x9f, 0xec, 0x30, 0xd,
    0x3f, 0xf6, 0x0, 0x7e, 0x2d, 0x60, 0xf, 0x57,
    0xfd, 0x40, 0x1f, 0xfc, 0x59, 0xff, 0xb0, 0x3,
    0xff, 0x8a, 0xdf, 0xf9, 0x0, 0x3f, 0xf8, 0x83,
    0xff, 0xcc, 0x1, 0xff, 0xc4, 0x7f, 0xfe, 0xd6,
    0x0, 0xff, 0xe1, 0xcf, 0xff, 0xba, 0x48, 0x3,
    0xff, 0x82, 0xdf, 0xff, 0xb1, 0x0, 0x3f, 0xf8,
    0x3, 0x3f, 0xff, 0xb0, 0xc0, 0x3f, 0xf8, 0x2,
    0xfb, 0xff, 0xf3, 0x0, 0x7f, 0xf0, 0x92, 0xbf,
    0xfc, 0xc0, 0x1f, 0xfc, 0x32, 0xbf, 0xfe, 0x30,
    0xf, 0xfe, 0x23, 0x7f, 0xea, 0x0, 0xff, 0xe2,
    0xcf, 0xfd, 0xc0, 0x2, 0x6a, 0x90, 0xf, 0xf9,
    0x3f, 0xf0, 0x37, 0xfe, 0x0, 0xff, 0x8f, 0xff,
    0x9, 0x7f, 0xe7, 0x0, 0xff, 0x37, 0xfe, 0x0,
    0x67, 0xfe, 0x30, 0xf, 0xed, 0xff, 0xac, 0x0,
    0xbf, 0xfc, 0xa0, 0x1e, 0x1b, 0xff, 0xca, 0x1,
    0x57, 0xff, 0x6c, 0x32, 0xb5, 0x7f, 0xf5, 0x80,
    0x75, 0xff, 0xff, 0xf0, 0xb4, 0x40, 0x3d, 0x1f,
    0xff, 0xfc, 0xb, 0x10, 0xf, 0xc5, 0x3f, 0xff,
    0xb1, 0x40, 0x3f, 0xf8, 0x26, 0xce, 0xf2, 0x88,
    0x7, 0xc0,

    /* U+015D "ŝ" */
    0x0, 0xfd, 0x26, 0x1, 0xff, 0xc2, 0x8f, 0xe2,
    0x0, 0xff, 0xe0, 0x3f, 0xfd, 0xc4, 0x1, 0xfe,
    0x6f, 0xf6, 0xff, 0xb4, 0x40, 0x3f, 0x2f, 0xfb,
    0x45, 0xbf, 0xda, 0x20, 0x1e, 0x4f, 0xf7, 0x10,
    0x1, 0xff, 0xd8, 0x1, 0xc7, 0xff, 0x18, 0x6,
    0x9f, 0xf5, 0x80, 0x7f, 0xf7, 0xa, 0x33, 0xbf,
    0xb2, 0xc, 0x3, 0xe9, 0xff, 0xfe, 0xb1, 0x0,
    0xd5, 0xff, 0xff, 0x70, 0x80, 0x13, 0xff, 0x52,
    0x9a, 0xc7, 0x7f, 0xd8, 0x0, 0x9f, 0xf9, 0x80,
    0x3d, 0x3f, 0xca, 0x0, 0xcf, 0xf8, 0x40, 0x3e,
    0x82, 0x0, 0xaf, 0xfe, 0x70, 0xf, 0xfe, 0x3,
    0xff, 0xeb, 0x50, 0xf, 0xf0, 0xef, 0xff, 0xb2,
    0x10, 0x3, 0xe2, 0xdf, 0xff, 0xda, 0xe0, 0x1f,
    0x2e, 0xff, 0xfe, 0xe3, 0x0, 0xf8, 0x9f, 0x3f,
    0xfd, 0xc2, 0x1, 0xfc, 0x2b, 0xbf, 0xfa, 0x0,
    0x3f, 0xf8, 0x15, 0xff, 0x60, 0x1, 0x4c, 0x3,
    0xf1, 0xff, 0xda, 0x11, 0xfc, 0x20, 0x1f, 0x27,
    0xfd, 0x91, 0xff, 0x72, 0x0, 0x70, 0xe7, 0xfd,
    0x5, 0xff, 0xdb, 0x2e, 0xe9, 0xff, 0xe2, 0x3,
    0xef, 0xff, 0xfe, 0x2, 0x80, 0x43, 0x5f, 0xff,
    0xdc, 0x80, 0x1e, 0x28, 0xce, 0xff, 0x6d, 0x28,
    0x6,

    /* U+015E "Ş" */
    0x0, 0xf9, 0x6b, 0x7b, 0xfa, 0xdc, 0x40, 0x3f,
    0xe5, 0xef, 0xff, 0xe8, 0x0, 0xfe, 0x8f, 0xff,
    0xfe, 0x6, 0x8, 0x7, 0x9b, 0xff, 0xdb, 0xaf,
    0xff, 0x58, 0x7, 0xf, 0xff, 0x30, 0x6, 0x5e,
    0xff, 0xcc, 0x1, 0x9b, 0xff, 0x20, 0x7, 0x87,
    0x3f, 0xd8, 0x60, 0x1a, 0x7f, 0xec, 0x0, 0xfc,
    0x5a, 0xc0, 0x1e, 0xaf, 0xfa, 0x80, 0x3f, 0xf8,
    0xb3, 0xff, 0x60, 0x7, 0xff, 0x15, 0xbf, 0xf2,
    0x0, 0x7f, 0xf1, 0x7, 0xff, 0x98, 0x3, 0xff,
    0x88, 0xff, 0xfd, 0xac, 0x1, 0xff, 0xc3, 0x9f,
    0xff, 0x74, 0x90, 0x7, 0xff, 0x5, 0xbf, 0xff,
    0x62, 0x0, 0x7f, 0xf0, 0x6, 0x7f, 0xff, 0x61,
    0x80, 0x7f, 0xf0, 0x5, 0xf7, 0xff, 0xe6, 0x0,
    0xff, 0xe1, 0x25, 0x7f, 0xf9, 0x80, 0x3f, 0xf8,
    0x65, 0x7f, 0xfc, 0x60, 0x1f, 0xfc, 0x46, 0xff,
    0xd4, 0x1, 0xff, 0xc5, 0x9f, 0xfb, 0x80, 0x4,
    0xd5, 0x20, 0x1f, 0xf2, 0x7f, 0xe0, 0x6f, 0xfc,
    0x1, 0xff, 0x1f, 0xfe, 0x12, 0xff, 0xce, 0x1,
    0xfe, 0x6f, 0xfc, 0x0, 0xcf, 0xfc, 0x60, 0x1f,
    0xdb, 0xff, 0x58, 0x1, 0x7f, 0xf9, 0x40, 0x3c,
    0x37, 0xff, 0x94, 0x2, 0xaf, 0xfe, 0xd8, 0x65,
    0x6a, 0xff, 0xeb, 0x0, 0xeb, 0xff, 0xff, 0xe1,
    0x68, 0x80, 0x7a, 0x3f, 0xff, 0xf8, 0x16, 0x20,
    0x1f, 0x8a, 0x7f, 0xff, 0x62, 0x80, 0x7f, 0xf0,
    0x4f, 0xfe, 0x75, 0x10, 0xf, 0xfe, 0x1b, 0x7e,
    0x0, 0x7f, 0xf1, 0x87, 0xfe, 0xd6, 0x0, 0xff,
    0xe2, 0x24, 0x56, 0xff, 0xb0, 0x3, 0xff, 0x8e,
    0xdf, 0xe4, 0x0, 0xff, 0xe3, 0xf, 0xf9, 0x40,
    0x3f, 0xf8, 0x23, 0x8c, 0x43, 0x3f, 0xe3, 0x0,
    0xff, 0xe0, 0xcf, 0xff, 0xa4, 0x3, 0xff, 0x86,
    0xf9, 0xfe, 0xc5, 0x0, 0xfe,

    /* U+015F "ş" */
    0x0, 0xc5, 0x19, 0xdf, 0xd9, 0x6, 0x1, 0xf4,
    0xff, 0xff, 0x58, 0x80, 0x6a, 0xff, 0xff, 0xb8,
    0x40, 0x9, 0xff, 0xa9, 0x4d, 0x63, 0xbf, 0xec,
    0x0, 0x4f, 0xfc, 0xc0, 0x1e, 0x9f, 0xe5, 0x0,
    0x67, 0xfc, 0x20, 0x1f, 0x41, 0x0, 0x57, 0xff,
    0x38, 0x7, 0xff, 0x1, 0xff, 0xf5, 0xa8, 0x7,
    0xf8, 0x77, 0xff, 0xd9, 0x8, 0x1, 0xf1, 0x6f,
    0xff, 0xed, 0x70, 0xf, 0x97, 0x7f, 0xff, 0x71,
    0x80, 0x7c, 0x4f, 0x9f, 0xfe, 0xe1, 0x0, 0xfe,
    0x15, 0xdf, 0xfd, 0x0, 0x1f, 0xfc, 0xa, 0xff,
    0xb0, 0x0, 0xa6, 0x1, 0xf8, 0xff, 0xed, 0x8,
    0xfe, 0x10, 0xf, 0x93, 0xfe, 0xc8, 0xff, 0xb9,
    0x0, 0x38, 0x73, 0xfe, 0x82, 0xff, 0xed, 0x97,
    0x74, 0xff, 0xf1, 0x1, 0xf7, 0xff, 0xff, 0x1,
    0x40, 0x21, 0xaf, 0xff, 0xee, 0x40, 0xf, 0x14,
    0x67, 0xfd, 0xb4, 0xa0, 0x1f, 0xe1, 0xff, 0x10,
    0x7, 0xff, 0x6, 0xfe, 0x80, 0x3f, 0xf8, 0x2d,
    0xff, 0xa4, 0x40, 0x3f, 0xc6, 0xaf, 0x7f, 0xec,
    0x0, 0xff, 0xe1, 0x3f, 0xf8, 0x80, 0x3f, 0xf8,
    0x27, 0xfe, 0x30, 0xf, 0xc5, 0xaa, 0x25, 0x7f,
    0xe0, 0xf, 0xec, 0xff, 0xf3, 0x80, 0x7f, 0xc,
    0x6f, 0xfb, 0x10, 0x3, 0xc0,

    /* U+0160 "Š" */
    0x0, 0xc5, 0x10, 0x70, 0xf, 0x3c, 0x38, 0x80,
    0x7f, 0x47, 0xfa, 0x40, 0x35, 0xff, 0x98, 0x3,
    0xfe, 0x9f, 0xf4, 0x0, 0x2b, 0xfc, 0xc0, 0x1f,
    0xfc, 0x19, 0xff, 0x34, 0x7f, 0x9c, 0x3, 0xff,
    0x87, 0x5f, 0xf9, 0xc0, 0x3f, 0xf8, 0xb5, 0xfe,
    0x80, 0xf, 0xfe, 0x3d, 0xc0, 0x7, 0xff, 0xc5,
    0x6b, 0x7b, 0xfa, 0xdc, 0x40, 0x3f, 0xe5, 0xef,
    0xff, 0xe8, 0x0, 0xfe, 0x8f, 0xff, 0xfe, 0x6,
    0x8, 0x7, 0x9b, 0xff, 0xdb, 0xaf, 0xff, 0x58,
    0x7, 0xf, 0xff, 0x30, 0x6, 0x5e, 0xff, 0xcc,
    0x1, 0x9b, 0xff, 0x20, 0x7, 0x87, 0x3f, 0xd8,
    0x60, 0x1a, 0x7f, 0xec, 0x0, 0xfc, 0x5a, 0xc0,
    0x1e, 0xaf, 0xfa, 0x80, 0x3f, 0xf8, 0xb3, 0xff,
    0x60, 0x7, 0xff, 0x15, 0xbf, 0xf2, 0x0, 0x7f,
    0xf1, 0x7, 0xff, 0x98, 0x3, 0xff, 0x88, 0xff,
    0xfd, 0xac, 0x1, 0xff, 0xc3, 0x9f, 0xff, 0x74,
    0x90, 0x7, 0xff, 0x5, 0xbf, 0xff, 0x62, 0x0,
    0x7f, 0xf0, 0x6, 0x7f, 0xff, 0x61, 0x80, 0x7f,
    0xf0, 0x5, 0xf7, 0xff, 0xe6, 0x0, 0xff, 0xe1,
    0x25, 0x7f, 0xf9, 0x80, 0x3f, 0xf8, 0x65, 0x7f,
    0xfc, 0x60, 0x1f, 0xfc, 0x46, 0xff, 0xd4, 0x1,
    0xff, 0xc5, 0x9f, 0xfb, 0x80, 0x4, 0xd5, 0x20,
    0x1f, 0xf2, 0x7f, 0xe0, 0x6f, 0xfc, 0x1, 0xff,
    0x1f, 0xfe, 0x12, 0xff, 0xce, 0x1, 0xfe, 0x6f,
    0xfc, 0x0, 0xcf, 0xfc, 0x60, 0x1f, 0xdb, 0xff,
    0x58, 0x1, 0x7f, 0xf9, 0x40, 0x3c, 0x37, 0xff,
    0x94, 0x2, 0xaf, 0xfe, 0xd8, 0x65, 0x6a, 0xff,
    0xeb, 0x0, 0xeb, 0xff, 0xff, 0xe1, 0x68, 0x80,
    0x7a, 0x3f, 0xff, 0xf8, 0x16, 0x20, 0x1f, 0x8a,
    0x7f, 0xff, 0x62, 0x80, 0x7f, 0xf0, 0x4d, 0x9d,
    0xe5, 0x10, 0xf, 0x80,

    /* U+0161 "š" */
    0x0, 0x1f, 0xfb, 0x88, 0x3, 0x3f, 0xfa, 0xc0,
    0x38, 0xff, 0xdc, 0x40, 0x7, 0xff, 0x58, 0x7,
    0xc9, 0xfe, 0xd1, 0x6f, 0xf6, 0x0, 0x7f, 0x27,
    0xfb, 0xbf, 0xd8, 0x1, 0xff, 0x2f, 0xfd, 0x82,
    0x1, 0xff, 0xc0, 0x5f, 0xd1, 0x0, 0xff, 0xe1,
    0x28, 0x80, 0x7f, 0xf4, 0xa, 0x33, 0xbf, 0xb2,
    0xc, 0x3, 0xe9, 0xff, 0xfe, 0xb1, 0x0, 0xd5,
    0xff, 0xff, 0x70, 0x80, 0x13, 0xff, 0x52, 0x9a,
    0xc7, 0x7f, 0xd8, 0x0, 0x9f, 0xf9, 0x80, 0x3d,
    0x3f, 0xca, 0x0, 0xcf, 0xf8, 0x40, 0x3e, 0x82,
    0x0, 0xaf, 0xfe, 0x70, 0xf, 0xfe, 0x3, 0xff,
    0xeb, 0x50, 0xf, 0xf0, 0xef, 0xff, 0xb2, 0x10,
    0x3, 0xe2, 0xdf, 0xff, 0xda, 0xe0, 0x1f, 0x2e,
    0xff, 0xfe, 0xe3, 0x0, 0xf8, 0x9f, 0x3f, 0xfd,
    0xc2, 0x1, 0xfc, 0x2b, 0xbf, 0xfa, 0x0, 0x3f,
    0xf8, 0x15, 0xff, 0x60, 0x1, 0x4c, 0x3, 0xf1,
    0xff, 0xda, 0x11, 0xfc, 0x20, 0x1f, 0x27, 0xfd,
    0x91, 0xff, 0x72, 0x0, 0x70, 0xe7, 0xfd, 0x5,
    0xff, 0xdb, 0x2e, 0xe9, 0xff, 0xe2, 0x3, 0xef,
    0xff, 0xfe, 0x2, 0x80, 0x43, 0x5f, 0xff, 0xdc,
    0x80, 0x1e, 0x28, 0xce, 0xff, 0x6d, 0x28, 0x6,

    /* U+0162 "Ţ" */
    0x6f, 0xff, 0xfe, 0x58, 0x37, 0xff, 0xff, 0x2c,
    0x1b, 0xff, 0xff, 0x96, 0xb, 0xbb, 0xfd, 0xff,
    0xbb, 0x77, 0xf8, 0x3, 0xfe, 0xdf, 0xf9, 0xc0,
    0x3f, 0xf9, 0x1b, 0xff, 0x38, 0x7, 0xff, 0x23,
    0x7f, 0xe7, 0x0, 0xff, 0xe4, 0x6f, 0xfc, 0xe0,
    0x1f, 0xfc, 0x8d, 0xff, 0x9c, 0x3, 0xff, 0x91,
    0xbf, 0xf3, 0x80, 0x7f, 0xf2, 0x37, 0xfe, 0x70,
    0xf, 0xfe, 0x46, 0xff, 0xce, 0x1, 0xff, 0xc8,
    0xdf, 0xf9, 0xc0, 0x3f, 0xf9, 0x1b, 0xff, 0x38,
    0x7, 0xff, 0x23, 0x7f, 0xe7, 0x0, 0xff, 0xe4,
    0x6f, 0xfc, 0xe0, 0x1f, 0xfc, 0x8d, 0xff, 0x9c,
    0x3, 0xff, 0x91, 0xbf, 0xf3, 0x80, 0x7f, 0xf2,
    0x37, 0xfe, 0x70, 0xf, 0xfe, 0x46, 0xff, 0xce,
    0x1, 0xff, 0xc8, 0xdf, 0xf9, 0xc0, 0x3f, 0xf9,
    0x1b, 0xff, 0x38, 0x7, 0xff, 0x23, 0x7f, 0xe7,
    0x0, 0xff, 0xe4, 0x6f, 0xfc, 0xe0, 0x1f, 0xfc,
    0x8d, 0xff, 0x9c, 0x3, 0xff, 0x91, 0xbf, 0xf3,
    0x80, 0x7f, 0xf2, 0x37, 0xfe, 0x70, 0xf, 0xfe,
    0x46, 0xff, 0xce, 0x1, 0xff, 0xc8, 0xdf, 0xf9,
    0xc0, 0x3f, 0xf9, 0x9, 0xfa, 0x1, 0xff, 0xc9,
    0x1e, 0xf2, 0x0, 0xff, 0xe4, 0xd7, 0xfb, 0xa4,
    0x40, 0x3f, 0xf8, 0xc3, 0x13, 0x9f, 0xf1, 0x80,
    0x7f, 0xf2, 0x4b, 0xbe, 0x80, 0x3f, 0xf9, 0x57,
    0xf8, 0x1, 0xff, 0xc5, 0x99, 0x18, 0xaf, 0xfa,
    0x40, 0x3f, 0xf8, 0x87, 0xff, 0xee, 0x10, 0xf,
    0xfe, 0x2a, 0x57, 0x7e, 0xc0, 0x80, 0x7f, 0x80,

    /* U+0163 "ţ" */
    0x0, 0xfc, 0x80, 0x1f, 0xf2, 0xf5, 0x80, 0x7f,
    0x1e, 0x7f, 0xac, 0x3, 0xf9, 0xff, 0xeb, 0x0,
    0xfe, 0x7f, 0xfa, 0xc0, 0x3f, 0x9f, 0xfe, 0xb0,
    0xf, 0xe7, 0xff, 0xac, 0x3, 0xf9, 0xff, 0xeb,
    0x0, 0xe9, 0xff, 0xff, 0xe0, 0x34, 0xff, 0xff,
    0xf0, 0x1a, 0x7f, 0xff, 0xf8, 0xc, 0x24, 0x55,
    0x7f, 0xda, 0x45, 0x84, 0x3, 0x3f, 0xfd, 0x60,
    0x1f, 0xcf, 0xff, 0x58, 0x7, 0xf3, 0xff, 0xd6,
    0x1, 0xfc, 0xff, 0xf5, 0x80, 0x7f, 0x3f, 0xfd,
    0x60, 0x1f, 0xcf, 0xff, 0x58, 0x7, 0xf3, 0xff,
    0xd6, 0x1, 0xfc, 0xff, 0xf5, 0x80, 0x7f, 0x3f,
    0xfd, 0x60, 0x1f, 0xcf, 0xff, 0x58, 0x7, 0xf3,
    0xff, 0xd6, 0x1, 0xfc, 0xdf, 0xf6, 0x80, 0x7f,
    0x2f, 0xfe, 0x30, 0xf, 0xc3, 0xff, 0xba, 0x1a,
    0x50, 0x3, 0xaf, 0xff, 0xe6, 0x0, 0xe1, 0xdf,
    0xff, 0x30, 0x7, 0xdf, 0xfb, 0x68, 0x80, 0x3c,
    0x9f, 0xa0, 0x1f, 0xf7, 0x7b, 0x80, 0x7f, 0xa7,
    0xff, 0x38, 0x7, 0xe4, 0x58, 0xdf, 0xf4, 0x80,
    0x7f, 0xd5, 0xfe, 0x0, 0xff, 0x9b, 0xfc, 0x1,
    0xe5, 0xc4, 0x13, 0xdf, 0xc0, 0xf, 0x77, 0xff,
    0x8c, 0x3, 0xc5, 0x3b, 0xfd, 0x46, 0x1, 0x0,

    /* U+0164 "Ť" */
    0x0, 0xf3, 0xc4, 0x8, 0x3, 0x96, 0x20, 0x60,
    0x1f, 0xfc, 0x3, 0xff, 0x71, 0x0, 0x4f, 0xfe,
    0xb0, 0xf, 0xfe, 0x12, 0x7f, 0xb4, 0x41, 0xbf,
    0xd6, 0x1, 0xff, 0xc4, 0x4f, 0xf6, 0xbf, 0xfb,
    0x0, 0x3f, 0xf8, 0xcb, 0xff, 0xb0, 0x3, 0xff,
    0x90, 0xbf, 0xec, 0x0, 0xff, 0xe5, 0x36, 0x88,
    0x7, 0xff, 0xc5, 0xbf, 0xff, 0xf9, 0x60, 0xdf,
    0xff, 0xfc, 0xb0, 0x6f, 0xff, 0xfe, 0x58, 0x2e,
    0xef, 0xf7, 0xfe, 0xed, 0xdf, 0xe0, 0xf, 0xfb,
    0x7f, 0xe7, 0x0, 0xff, 0xe4, 0x6f, 0xfc, 0xe0,
    0x1f, 0xfc, 0x8d, 0xff, 0x9c, 0x3, 0xff, 0x91,
    0xbf, 0xf3, 0x80, 0x7f, 0xf2, 0x37, 0xfe, 0x70,
    0xf, 0xfe, 0x46, 0xff, 0xce, 0x1, 0xff, 0xc8,
    0xdf, 0xf9, 0xc0, 0x3f, 0xf9, 0x1b, 0xff, 0x38,
    0x7, 0xff, 0x23, 0x7f, 0xe7, 0x0, 0xff, 0xe4,
    0x6f, 0xfc, 0xe0, 0x1f, 0xfc, 0x8d, 0xff, 0x9c,
    0x3, 0xff, 0x91, 0xbf, 0xf3, 0x80, 0x7f, 0xf2,
    0x37, 0xfe, 0x70, 0xf, 0xfe, 0x46, 0xff, 0xce,
    0x1, 0xff, 0xc8, 0xdf, 0xf9, 0xc0, 0x3f, 0xf9,
    0x1b, 0xff, 0x38, 0x7, 0xff, 0x23, 0x7f, 0xe7,
    0x0, 0xff, 0xe4, 0x6f, 0xfc, 0xe0, 0x1f, 0xfc,
    0x8d, 0xff, 0x9c, 0x3, 0xff, 0x91, 0xbf, 0xf3,
    0x80, 0x7f, 0xf2, 0x37, 0xfe, 0x70, 0xf, 0xfe,
    0x46, 0xff, 0xce, 0x1, 0xff, 0xc8, 0xdf, 0xf9,
    0xc0, 0x3f, 0xf9, 0x1b, 0xff, 0x38, 0x7, 0xff,
    0x23, 0x7f, 0xe7, 0x0, 0xff, 0x0,

    /* U+0165 "ť" */
    0x0, 0xff, 0xe0, 0xef, 0xfc, 0xa0, 0x1f, 0xfc,
    0x2, 0xff, 0xb4, 0x3, 0xff, 0x82, 0xdf, 0xf3,
    0x0, 0x7e, 0x26, 0x0, 0xab, 0xfd, 0xc0, 0x1f,
    0xc, 0xfd, 0x80, 0x5d, 0xfe, 0x70, 0xf, 0x27,
    0xfd, 0x60, 0x3, 0xff, 0x80, 0x3e, 0x7f, 0xfa,
    0xc0, 0xf, 0xfe, 0x80, 0xf, 0x9f, 0xfe, 0xb0,
    0x5, 0xff, 0x84, 0x3, 0xe7, 0xff, 0xac, 0x1,
    0xfe, 0x90, 0xf, 0xcf, 0xff, 0x58, 0x7, 0xff,
    0x5, 0xff, 0xeb, 0x0, 0xfe, 0x9f, 0xff, 0xfe,
    0x3, 0x0, 0x69, 0xff, 0xff, 0xe0, 0x30, 0x6,
    0x9f, 0xff, 0xfe, 0x3, 0x0, 0x61, 0x22, 0xab,
    0xfe, 0xd2, 0x2c, 0x20, 0x1f, 0x9f, 0xfe, 0xb0,
    0xf, 0xfe, 0xb, 0xff, 0xd6, 0x1, 0xff, 0xc1,
    0x7f, 0xfa, 0xc0, 0x3f, 0xf8, 0x2f, 0xff, 0x58,
    0x7, 0xff, 0x5, 0xff, 0xeb, 0x0, 0xff, 0xe0,
    0xbf, 0xfd, 0x60, 0x1f, 0xfc, 0x17, 0xff, 0xac,
    0x3, 0xff, 0x82, 0xff, 0xf5, 0x80, 0x7f, 0xf0,
    0x5f, 0xfe, 0xb0, 0xf, 0xfe, 0xb, 0xff, 0xd6,
    0x1, 0xff, 0xc1, 0x7f, 0xfa, 0xc0, 0x3f, 0xf8,
    0x2d, 0xff, 0x68, 0x7, 0xff, 0x5, 0x7f, 0xf1,
    0x80, 0x7f, 0xf0, 0x7, 0xff, 0x74, 0x34, 0xa0,
    0x7, 0xf5, 0x7f, 0xfc, 0xc0, 0x1f, 0xc3, 0xbf,
    0xfe, 0x60, 0xf, 0xf9, 0xf3, 0xfd, 0xb4, 0x40,
    0x18,

    /* U+0166 "Ŧ" */
    0x6f, 0xff, 0xfe, 0x58, 0x37, 0xff, 0xff, 0x2c,
    0x1b, 0xff, 0xff, 0x96, 0xb, 0xbb, 0xfd, 0xff,
    0xbb, 0x77, 0xf8, 0x3, 0xfe, 0xdf, 0xf9, 0xc0,
    0x3f, 0xf9, 0x1b, 0xff, 0x38, 0x7, 0xff, 0x23,
    0x7f, 0xe7, 0x0, 0xff, 0xe4, 0x6f, 0xfc, 0xe0,
    0x1f, 0xfc, 0x8d, 0xff, 0x9c, 0x3, 0xff, 0x91,
    0xbf, 0xf3, 0x80, 0x7f, 0xf2, 0x37, 0xfe, 0x70,
    0xf, 0xfe, 0x46, 0xff, 0xce, 0x1, 0xff, 0xc8,
    0xdf, 0xf9, 0xc0, 0x3f, 0xf8, 0x9f, 0xff, 0xfc,
    0x9, 0x0, 0xff, 0xe0, 0x7f, 0xff, 0xf0, 0x24,
    0x3, 0xff, 0x81, 0x99, 0xbf, 0xfb, 0x32, 0x60,
    0xf, 0xfe, 0x26, 0xff, 0xce, 0x1, 0xff, 0xc8,
    0xdf, 0xf9, 0xc0, 0x3f, 0xf9, 0x1b, 0xff, 0x38,
    0x7, 0xff, 0x23, 0x7f, 0xe7, 0x0, 0xff, 0xe4,
    0x6f, 0xfc, 0xe0, 0x1f, 0xfc, 0x8d, 0xff, 0x9c,
    0x3, 0xff, 0x91, 0xbf, 0xf3, 0x80, 0x7f, 0xf2,
    0x37, 0xfe, 0x70, 0xf, 0xfe, 0x46, 0xff, 0xce,
    0x1, 0xff, 0xc8, 0xdf, 0xf9, 0xc0, 0x3f, 0xf9,
    0x1b, 0xff, 0x38, 0x7, 0xff, 0x23, 0x7f, 0xe7,
    0x0, 0xff, 0xe4, 0x6f, 0xfc, 0xe0, 0x1f, 0xe0,

    /* U+0167 "ŧ" */
    0x0, 0xfc, 0x62, 0x1, 0xfe, 0x2a, 0xf3, 0x0,
    0xfe, 0x8f, 0xf8, 0xc0, 0x3f, 0xbf, 0xf1, 0x80,
    0x7f, 0x7f, 0xe3, 0x0, 0xfe, 0xff, 0xc6, 0x1,
    0xfd, 0xff, 0x8c, 0x3, 0xfb, 0xff, 0x18, 0x6,
    0x2f, 0xff, 0xfe, 0x6, 0x97, 0xff, 0xff, 0x3,
    0x4b, 0xff, 0xff, 0x81, 0xa0, 0x45, 0xbf, 0xf3,
    0x11, 0x60, 0xe, 0xff, 0xc6, 0x1, 0xfd, 0xff,
    0x8c, 0x3, 0xfb, 0xff, 0x18, 0x7, 0xf7, 0xfe,
    0x30, 0xf, 0xef, 0xfc, 0x60, 0x18, 0xbf, 0xff,
    0xf8, 0x1a, 0x5f, 0xff, 0xfc, 0xd, 0x1c, 0xcd,
    0xff, 0xd9, 0x95, 0x0, 0x77, 0xfe, 0x30, 0xf,
    0xef, 0xfc, 0x60, 0x1f, 0xdf, 0xf8, 0xc0, 0x3f,
    0xbf, 0xf2, 0x80, 0x7f, 0x6f, 0xfd, 0x60, 0x1f,
    0xd5, 0xff, 0xad, 0xdd, 0x20, 0x1c, 0x7f, 0xff,
    0x68, 0x7, 0x9f, 0xff, 0xda, 0x1, 0xf1, 0xd7,
    0x7f, 0x63, 0x80,

    /* U+0168 "Ũ" */
    0x0, 0xf0, 0xd7, 0x7d, 0x0, 0x77, 0x7c, 0x80,
    0x7f, 0xe, 0xff, 0xed, 0x10, 0xb, 0xfd, 0x0,
    0x1f, 0xd1, 0xfe, 0x77, 0x7f, 0xac, 0x0, 0x9f,
    0xe5, 0x0, 0xfe, 0xdf, 0xa0, 0x3, 0x7f, 0xad,
    0x37, 0xfc, 0x1, 0xfe, 0xff, 0x30, 0x5, 0x1f,
    0xfc, 0xc0, 0x1f, 0xc3, 0x98, 0x40, 0xc, 0xdb,
    0xfa, 0xc0, 0x1f, 0xfe, 0x82, 0xff, 0xc4, 0x1,
    0xff, 0xc0, 0x9f, 0xfa, 0x8b, 0xff, 0x10, 0x7,
    0xff, 0x2, 0x7f, 0xea, 0x2f, 0xfc, 0x40, 0x1f,
    0xfc, 0x9, 0xff, 0xa8, 0xbf, 0xf1, 0x0, 0x7f,
    0xf0, 0x27, 0xfe, 0xa2, 0xff, 0xc4, 0x1, 0xff,
    0xc0, 0x9f, 0xfa, 0x8b, 0xff, 0x10, 0x7, 0xff,
    0x2, 0x7f, 0xea, 0x2f, 0xfc, 0x40, 0x1f, 0xfc,
    0x9, 0xff, 0xa8, 0xbf, 0xf1, 0x0, 0x7f, 0xf0,
    0x27, 0xfe, 0xa2, 0xff, 0xc4, 0x1, 0xff, 0xc0,
    0x9f, 0xfa, 0x8b, 0xff, 0x10, 0x7, 0xff, 0x2,
    0x7f, 0xea, 0x2f, 0xfc, 0x40, 0x1f, 0xfc, 0x9,
    0xff, 0xa8, 0xbf, 0xf1, 0x0, 0x7f, 0xf0, 0x27,
    0xfe, 0xa2, 0xff, 0xc4, 0x1, 0xff, 0xc0, 0x9f,
    0xfa, 0x8b, 0xff, 0x10, 0x7, 0xff, 0x2, 0x7f,
    0xea, 0x2f, 0xfc, 0x40, 0x1f, 0xfc, 0x9, 0xff,
    0xa8, 0xbf, 0xf1, 0x0, 0x7f, 0xf0, 0x27, 0xfe,
    0xa2, 0xff, 0xc4, 0x1, 0xff, 0xc0, 0x9f, 0xfa,
    0x8b, 0xff, 0x10, 0x7, 0xff, 0x2, 0x7f, 0xea,
    0x2f, 0xfc, 0x40, 0x1f, 0xfc, 0xa, 0xff, 0xa8,
    0x7f, 0xf1, 0x80, 0x7f, 0xf0, 0x2f, 0xfe, 0x90,
    0xff, 0xca, 0x1, 0xff, 0xc0, 0xdf, 0xfa, 0x3,
    0x7f, 0xe9, 0x0, 0xff, 0x87, 0xff, 0x28, 0x57,
    0xfd, 0xc0, 0x1f, 0xf3, 0x7f, 0xe1, 0x5, 0xff,
    0xd0, 0x1, 0xfc, 0x3d, 0xff, 0x60, 0x5, 0xbf,
    0xfa, 0x40, 0x3e, 0x3e, 0xff, 0xca, 0x1, 0x2f,
    0xff, 0xaa, 0x19, 0xe7, 0x7f, 0xfa, 0xc0, 0x3a,
    0x3f, 0xff, 0xf8, 0x7a, 0x20, 0x1e, 0x6f, 0xff,
    0xfe, 0xd, 0x88, 0x7, 0xe1, 0x8e, 0xff, 0xfd,
    0x68, 0x1, 0xff, 0xc1, 0x25, 0x67, 0x73, 0x20,
    0x7, 0xe0,

    /* U+0169 "ũ" */
    0x0, 0xcb, 0xbf, 0xd4, 0x20, 0x12, 0x7f, 0x8c,
    0x3, 0x9f, 0xff, 0xb9, 0x0, 0x13, 0xfe, 0x10,
    0xc, 0x3f, 0xf5, 0x6f, 0xfd, 0x53, 0xfe, 0xd0,
    0xe, 0x5f, 0xf2, 0x0, 0x23, 0xff, 0xc8, 0x1,
    0xcf, 0xfe, 0x0, 0xc9, 0x9f, 0xec, 0x40, 0xf,
    0xff, 0x8b, 0x7f, 0xd6, 0x1, 0xfd, 0x9f, 0xf2,
    0x37, 0xfd, 0x60, 0x1f, 0xd9, 0xff, 0x23, 0x7f,
    0xd6, 0x1, 0xfd, 0x9f, 0xf2, 0x37, 0xfd, 0x60,
    0x1f, 0xd9, 0xff, 0x23, 0x7f, 0xd6, 0x1, 0xfd,
    0x9f, 0xf2, 0x37, 0xfd, 0x60, 0x1f, 0xd9, 0xff,
    0x23, 0x7f, 0xd6, 0x1, 0xfd, 0x9f, 0xf2, 0x37,
    0xfd, 0x60, 0x1f, 0xd9, 0xff, 0x23, 0x7f, 0xd6,
    0x1, 0xfd, 0x9f, 0xf2, 0x37, 0xfd, 0x60, 0x1f,
    0xd9, 0xff, 0x23, 0x7f, 0xd6, 0x1, 0xfd, 0xbf,
    0xf2, 0x37, 0xfd, 0x60, 0x1f, 0xdd, 0xff, 0x23,
    0x7f, 0xd8, 0x1, 0xfd, 0xff, 0x91, 0x7f, 0xed,
    0x0, 0xfc, 0x7f, 0xf9, 0x11, 0xff, 0x84, 0x3,
    0xe9, 0xff, 0xc8, 0x3f, 0xfa, 0x0, 0x3c, 0x5f,
    0xfc, 0x81, 0x9f, 0xf9, 0x80, 0x31, 0xef, 0xff,
    0x20, 0x37, 0xff, 0x6d, 0x53, 0x3f, 0xfe, 0x40,
    0x5, 0xff, 0xff, 0xaf, 0x3f, 0xe4, 0x0, 0xab,
    0xff, 0xf5, 0x6, 0x7f, 0xc8, 0x1, 0x92, 0xb7,
    0xfd, 0xb2, 0x60, 0xc, 0xff, 0x90,

    /* U+016A "Ū" */
    0x0, 0xf3, 0xbf, 0xfc, 0x60, 0x1f, 0xf7, 0xff,
    0xfc, 0xe0, 0x1f, 0xf7, 0xff, 0xfc, 0xe0, 0x1f,
    0xff, 0xf0, 0xf, 0xfe, 0x51, 0x7f, 0xe2, 0x0,
    0xff, 0xe0, 0x4f, 0xfd, 0x45, 0xff, 0x88, 0x3,
    0xff, 0x81, 0x3f, 0xf5, 0x17, 0xfe, 0x20, 0xf,
    0xfe, 0x4, 0xff, 0xd4, 0x5f, 0xf8, 0x80, 0x3f,
    0xf8, 0x13, 0xff, 0x51, 0x7f, 0xe2, 0x0, 0xff,
    0xe0, 0x4f, 0xfd, 0x45, 0xff, 0x88, 0x3, 0xff,
    0x81, 0x3f, 0xf5, 0x17, 0xfe, 0x20, 0xf, 0xfe,
    0x4, 0xff, 0xd4, 0x5f, 0xf8, 0x80, 0x3f, 0xf8,
    0x13, 0xff, 0x51, 0x7f, 0xe2, 0x0, 0xff, 0xe0,
    0x4f, 0xfd, 0x45, 0xff, 0x88, 0x3, 0xff, 0x81,
    0x3f, 0xf5, 0x17, 0xfe, 0x20, 0xf, 0xfe, 0x4,
    0xff, 0xd4, 0x5f, 0xf8, 0x80, 0x3f, 0xf8, 0x13,
    0xff, 0x51, 0x7f, 0xe2, 0x0, 0xff, 0xe0, 0x4f,
    0xfd, 0x45, 0xff, 0x88, 0x3, 0xff, 0x81, 0x3f,
    0xf5, 0x17, 0xfe, 0x20, 0xf, 0xfe, 0x4, 0xff,
    0xd4, 0x5f, 0xf8, 0x80, 0x3f, 0xf8, 0x13, 0xff,
    0x51, 0x7f, 0xe2, 0x0, 0xff, 0xe0, 0x4f, 0xfd,
    0x45, 0xff, 0x88, 0x3, 0xff, 0x81, 0x3f, 0xf5,
    0x17, 0xfe, 0x20, 0xf, 0xfe, 0x5, 0x7f, 0xd4,
    0x3f, 0xf8, 0xc0, 0x3f, 0xf8, 0x17, 0xff, 0x48,
    0x7f, 0xe5, 0x0, 0xff, 0xe0, 0x6f, 0xfd, 0x1,
    0xbf, 0xf4, 0x80, 0x7f, 0xc3, 0xff, 0x94, 0x2b,
    0xfe, 0xe0, 0xf, 0xf9, 0xbf, 0xf0, 0x82, 0xff,
    0xe8, 0x0, 0xfe, 0x1e, 0xff, 0xb0, 0x2, 0xdf,
    0xfd, 0x20, 0x1f, 0x1f, 0x7f, 0xe5, 0x0, 0x97,
    0xff, 0xd5, 0xc, 0xf3, 0xbf, 0xfd, 0x60, 0x1d,
    0x1f, 0xff, 0xfc, 0x3d, 0x10, 0xf, 0x37, 0xff,
    0xff, 0x6, 0xc4, 0x3, 0xf0, 0xc7, 0x7f, 0xfe,
    0xb4, 0x0, 0xff, 0xe0, 0x92, 0xb3, 0xb9, 0x90,
    0x3, 0xf0,

    /* U+016B "ū" */
    0x0, 0x97, 0xff, 0xfe, 0x20, 0xf, 0x2f, 0xff,
    0xfc, 0x40, 0x1e, 0x27, 0x7f, 0xf8, 0x40, 0x3f,
    0xfe, 0xd, 0xff, 0x58, 0x7, 0xf6, 0x7f, 0xc8,
    0xdf, 0xf5, 0x80, 0x7f, 0x67, 0xfc, 0x8d, 0xff,
    0x58, 0x7, 0xf6, 0x7f, 0xc8, 0xdf, 0xf5, 0x80,
    0x7f, 0x67, 0xfc, 0x8d, 0xff, 0x58, 0x7, 0xf6,
    0x7f, 0xc8, 0xdf, 0xf5, 0x80, 0x7f, 0x67, 0xfc,
    0x8d, 0xff, 0x58, 0x7, 0xf6, 0x7f, 0xc8, 0xdf,
    0xf5, 0x80, 0x7f, 0x67, 0xfc, 0x8d, 0xff, 0x58,
    0x7, 0xf6, 0x7f, 0xc8, 0xdf, 0xf5, 0x80, 0x7f,
    0x67, 0xfc, 0x8d, 0xff, 0x58, 0x7, 0xf6, 0xff,
    0xc8, 0xdf, 0xf5, 0x80, 0x7f, 0x77, 0xfc, 0x8d,
    0xff, 0x60, 0x7, 0xf7, 0xfe, 0x45, 0xff, 0xb4,
    0x3, 0xf1, 0xff, 0xe4, 0x47, 0xfe, 0x10, 0xf,
    0xa7, 0xff, 0x20, 0xff, 0xe8, 0x0, 0xf1, 0x7f,
    0xf2, 0x6, 0x7f, 0xe6, 0x0, 0xc7, 0xbf, 0xfc,
    0x80, 0xdf, 0xfd, 0xb5, 0x4c, 0xff, 0xf9, 0x0,
    0x17, 0xff, 0xfe, 0xbc, 0xff, 0x90, 0x2, 0xaf,
    0xff, 0xd4, 0x19, 0xff, 0x20, 0x6, 0x4a, 0xdf,
    0xf6, 0xc9, 0x80, 0x33, 0xfe, 0x40,

    /* U+016C "Ŭ" */
    0x0, 0xe5, 0x88, 0x10, 0x7, 0x96, 0x20, 0x20,
    0x1f, 0xd3, 0xfe, 0x70, 0xf, 0x6f, 0xf8, 0x80,
    0x3f, 0x97, 0xfd, 0xc4, 0x1, 0x9f, 0xfe, 0x0,
    0xff, 0xb7, 0xfe, 0xa8, 0x86, 0x7f, 0xd0, 0x1,
    0xff, 0x17, 0x7f, 0xfe, 0xa0, 0xf, 0xfe, 0x8,
    0xbe, 0x77, 0xfb, 0x69, 0x0, 0x3f, 0xfd, 0x25,
    0xff, 0x88, 0x3, 0xff, 0x81, 0x3f, 0xf5, 0x17,
    0xfe, 0x20, 0xf, 0xfe, 0x4, 0xff, 0xd4, 0x5f,
    0xf8, 0x80, 0x3f, 0xf8, 0x13, 0xff, 0x51, 0x7f,
    0xe2, 0x0, 0xff, 0xe0, 0x4f, 0xfd, 0x45, 0xff,
    0x88, 0x3, 0xff, 0x81, 0x3f, 0xf5, 0x17, 0xfe,
    0x20, 0xf, 0xfe, 0x4, 0xff, 0xd4, 0x5f, 0xf8,
    0x80, 0x3f, 0xf8, 0x13, 0xff, 0x51, 0x7f, 0xe2,
    0x0, 0xff, 0xe0, 0x4f, 0xfd, 0x45, 0xff, 0x88,
    0x3, 0xff, 0x81, 0x3f, 0xf5, 0x17, 0xfe, 0x20,
    0xf, 0xfe, 0x4, 0xff, 0xd4, 0x5f, 0xf8, 0x80,
    0x3f, 0xf8, 0x13, 0xff, 0x51, 0x7f, 0xe2, 0x0,
    0xff, 0xe0, 0x4f, 0xfd, 0x45, 0xff, 0x88, 0x3,
    0xff, 0x81, 0x3f, 0xf5, 0x17, 0xfe, 0x20, 0xf,
    0xfe, 0x4, 0xff, 0xd4, 0x5f, 0xf8, 0x80, 0x3f,
    0xf8, 0x13, 0xff, 0x51, 0x7f, 0xe2, 0x0, 0xff,
    0xe0, 0x4f, 0xfd, 0x45, 0xff, 0x88, 0x3, 0xff,
    0x81, 0x3f, 0xf5, 0x17, 0xfe, 0x20, 0xf, 0xfe,
    0x4, 0xff, 0xd4, 0x5f, 0xf8, 0x80, 0x3f, 0xf8,
    0x15, 0xff, 0x50, 0xff, 0xe3, 0x0, 0xff, 0xe0,
    0x5f, 0xfd, 0x21, 0xff, 0x94, 0x3, 0xff, 0x81,
    0xbf, 0xf4, 0x6, 0xff, 0xd2, 0x1, 0xff, 0xf,
    0xfe, 0x50, 0xaf, 0xfb, 0x80, 0x3f, 0xe6, 0xff,
    0xc2, 0xb, 0xff, 0xa0, 0x3, 0xf8, 0x7b, 0xfe,
    0xc0, 0xb, 0x7f, 0xf4, 0x80, 0x7c, 0x7d, 0xff,
    0x94, 0x2, 0x5f, 0xff, 0x54, 0x33, 0xce, 0xff,
    0xf5, 0x80, 0x74, 0x7f, 0xff, 0xf0, 0xf4, 0x40,
    0x3c, 0xdf, 0xff, 0xfc, 0x1b, 0x10, 0xf, 0xc3,
    0x1d, 0xff, 0xfa, 0xd0, 0x3, 0xff, 0x82, 0x4a,
    0xce, 0xe6, 0x40, 0xf, 0xc0,

    /* U+016D "ŭ" */
    0x0, 0xbf, 0xd6, 0x1, 0xf7, 0x7e, 0x0, 0x7b,
    0xbf, 0x84, 0x3, 0x8f, 0xfd, 0x40, 0x1e, 0x9f,
    0xf6, 0xa8, 0x80, 0xb7, 0x7f, 0x98, 0x3, 0xc3,
    0xdf, 0xff, 0xd8, 0x1, 0xf8, 0x6b, 0xff, 0xe9,
    0x0, 0xff, 0x85, 0x19, 0x8a, 0x60, 0x1f, 0xfe,
    0x16, 0xff, 0xac, 0x3, 0xfb, 0x3f, 0xe4, 0x6f,
    0xfa, 0xc0, 0x3f, 0xb3, 0xfe, 0x46, 0xff, 0xac,
    0x3, 0xfb, 0x3f, 0xe4, 0x6f, 0xfa, 0xc0, 0x3f,
    0xb3, 0xfe, 0x46, 0xff, 0xac, 0x3, 0xfb, 0x3f,
    0xe4, 0x6f, 0xfa, 0xc0, 0x3f, 0xb3, 0xfe, 0x46,
    0xff, 0xac, 0x3, 0xfb, 0x3f, 0xe4, 0x6f, 0xfa,
    0xc0, 0x3f, 0xb3, 0xfe, 0x46, 0xff, 0xac, 0x3,
    0xfb, 0x3f, 0xe4, 0x6f, 0xfa, 0xc0, 0x3f, 0xb3,
    0xfe, 0x46, 0xff, 0xac, 0x3, 0xfb, 0x7f, 0xe4,
    0x6f, 0xfa, 0xc0, 0x3f, 0xbb, 0xfe, 0x46, 0xff,
    0xb0, 0x3, 0xfb, 0xff, 0x22, 0xff, 0xda, 0x1,
    0xf8, 0xff, 0xf2, 0x23, 0xff, 0x8, 0x7, 0xd3,
    0xff, 0x90, 0x7f, 0xf4, 0x0, 0x78, 0xbf, 0xf9,
    0x3, 0x3f, 0xf3, 0x0, 0x63, 0xdf, 0xfe, 0x40,
    0x6f, 0xfe, 0xda, 0xa6, 0x7f, 0xfc, 0x80, 0xb,
    0xff, 0xff, 0x5e, 0x7f, 0xc8, 0x1, 0x57, 0xff,
    0xea, 0xc, 0xff, 0x90, 0x3, 0x25, 0x6f, 0xfb,
    0x64, 0xc0, 0x19, 0xff, 0x20,

    /* U+016E "Ů" */
    0x0, 0xff, 0x9, 0x90, 0x7, 0xff, 0x1e, 0x7f,
    0xee, 0x50, 0xf, 0xfe, 0x25, 0xff, 0xf9, 0x40,
    0x3f, 0xf8, 0x4b, 0xfe, 0x60, 0x2b, 0xfe, 0x0,
    0xff, 0xe1, 0x4f, 0xd8, 0x6, 0xff, 0x18, 0x7,
    0xff, 0x6, 0x7e, 0xc0, 0x21, 0xff, 0x18, 0x7,
    0xff, 0x5, 0x7f, 0xce, 0x5, 0x7f, 0xc0, 0x1f,
    0xfc, 0x3b, 0xff, 0xf2, 0x80, 0x7f, 0xf1, 0x27,
    0xfe, 0xd5, 0x0, 0xfc, 0x5f, 0xf8, 0x80, 0x38,
    0x88, 0x1, 0xd3, 0xff, 0x51, 0x7f, 0xe2, 0x0,
    0xff, 0xe0, 0x4f, 0xfd, 0x45, 0xff, 0x88, 0x3,
    0xff, 0x81, 0x3f, 0xf5, 0x17, 0xfe, 0x20, 0xf,
    0xfe, 0x4, 0xff, 0xd4, 0x5f, 0xf8, 0x80, 0x3f,
    0xf8, 0x13, 0xff, 0x51, 0x7f, 0xe2, 0x0, 0xff,
    0xe0, 0x4f, 0xfd, 0x45, 0xff, 0x88, 0x3, 0xff,
    0x81, 0x3f, 0xf5, 0x17, 0xfe, 0x20, 0xf, 0xfe,
    0x4, 0xff, 0xd4, 0x5f, 0xf8, 0x80, 0x3f, 0xf8,
    0x13, 0xff, 0x51, 0x7f, 0xe2, 0x0, 0xff, 0xe0,
    0x4f, 0xfd, 0x45, 0xff, 0x88, 0x3, 0xff, 0x81,
    0x3f, 0xf5, 0x17, 0xfe, 0x20, 0xf, 0xfe, 0x4,
    0xff, 0xd4, 0x5f, 0xf8, 0x80, 0x3f, 0xf8, 0x13,
    0xff, 0x51, 0x7f, 0xe2, 0x0, 0xff, 0xe0, 0x4f,
    0xfd, 0x45, 0xff, 0x88, 0x3, 0xff, 0x81, 0x3f,
    0xf5, 0x17, 0xfe, 0x20, 0xf, 0xfe, 0x4, 0xff,
    0xd4, 0x5f, 0xf8, 0x80, 0x3f, 0xf8, 0x13, 0xff,
    0x51, 0x7f, 0xe2, 0x0, 0xff, 0xe0, 0x4f, 0xfd,
    0x45, 0xff, 0x88, 0x3, 0xff, 0x81, 0x5f, 0xf5,
    0xf, 0xfe, 0x30, 0xf, 0xfe, 0x5, 0xff, 0xd2,
    0x1f, 0xf9, 0x40, 0x3f, 0xf8, 0x1b, 0xff, 0x40,
    0x6f, 0xfd, 0x20, 0x1f, 0xf0, 0xff, 0xe5, 0xa,
    0xff, 0xb8, 0x3, 0xfe, 0x6f, 0xfc, 0x20, 0xbf,
    0xfa, 0x0, 0x3f, 0x87, 0xbf, 0xec, 0x0, 0xb7,
    0xff, 0x48, 0x7, 0xc7, 0xdf, 0xf9, 0x40, 0x25,
    0xff, 0xf5, 0x43, 0x3c, 0xef, 0xff, 0x58, 0x7,
    0x47, 0xff, 0xff, 0xf, 0x44, 0x3, 0xcd, 0xff,
    0xff, 0xc1, 0xb1, 0x0, 0xfc, 0x31, 0xdf, 0xff,
    0xad, 0x0, 0x3f, 0xf8, 0x24, 0xac, 0xee, 0x64,
    0x0, 0xfc,

    /* U+016F "ů" */
    0x0, 0xfc, 0x46, 0x20, 0x1f, 0xfc, 0x23, 0xcf,
    0xfa, 0xc4, 0x3, 0xfe, 0x2f, 0xff, 0x70, 0x80,
    0x7f, 0xaf, 0xf4, 0xc1, 0x3b, 0xe0, 0x3, 0xfd,
    0xfe, 0x40, 0x9, 0xff, 0x0, 0x3f, 0xdf, 0xe5,
    0x0, 0x9f, 0xf0, 0x3, 0xfd, 0x7f, 0xa6, 0x9,
    0xdf, 0x0, 0x1f, 0xe2, 0xff, 0xf7, 0x8, 0x7,
    0xfc, 0x79, 0xff, 0x58, 0x80, 0x7f, 0xf0, 0x84,
    0xc4, 0x3, 0xff, 0x9e, 0xdf, 0xf5, 0x80, 0x7f,
    0x67, 0xfc, 0x8d, 0xff, 0x58, 0x7, 0xf6, 0x7f,
    0xc8, 0xdf, 0xf5, 0x80, 0x7f, 0x67, 0xfc, 0x8d,
    0xff, 0x58, 0x7, 0xf6, 0x7f, 0xc8, 0xdf, 0xf5,
    0x80, 0x7f, 0x67, 0xfc, 0x8d, 0xff, 0x58, 0x7,
    0xf6, 0x7f, 0xc8, 0xdf, 0xf5, 0x80, 0x7f, 0x67,
    0xfc, 0x8d, 0xff, 0x58, 0x7, 0xf6, 0x7f, 0xc8,
    0xdf, 0xf5, 0x80, 0x7f, 0x67, 0xfc, 0x8d, 0xff,
    0x58, 0x7, 0xf6, 0x7f, 0xc8, 0xdf, 0xf5, 0x80,
    0x7f, 0x6f, 0xfc, 0x8d, 0xff, 0x58, 0x7, 0xf7,
    0x7f, 0xc8, 0xdf, 0xf6, 0x0, 0x7f, 0x7f, 0xe4,
    0x5f, 0xfb, 0x40, 0x3f, 0x1f, 0xfe, 0x44, 0x7f,
    0xe1, 0x0, 0xfa, 0x7f, 0xf2, 0xf, 0xfe, 0x80,
    0xf, 0x17, 0xff, 0x20, 0x67, 0xfe, 0x60, 0xc,
    0x7b, 0xff, 0xc8, 0xd, 0xff, 0xdb, 0x54, 0xcf,
    0xff, 0x90, 0x1, 0x7f, 0xff, 0xeb, 0xcf, 0xf9,
    0x0, 0x2a, 0xff, 0xfd, 0x41, 0x9f, 0xf2, 0x0,
    0x64, 0xad, 0xff, 0x6c, 0x98, 0x3, 0x3f, 0xe4,

    /* U+0170 "Ű" */
    0x0, 0xff, 0xc, 0xcc, 0xa0, 0x12, 0x4c, 0xd0,
    0x1, 0xff, 0x5f, 0xfb, 0x40, 0x21, 0xef, 0xf7,
    0x10, 0x7, 0xf9, 0xbf, 0xe2, 0x0, 0xaf, 0xfe,
    0x30, 0xf, 0xf1, 0x7f, 0xca, 0x1, 0x3f, 0xfc,
    0xa0, 0x1f, 0xf6, 0x7f, 0xa0, 0x2, 0x2f, 0xf9,
    0x80, 0x3f, 0xe8, 0xff, 0x58, 0x6, 0xdf, 0xf4,
    0x0, 0x7f, 0xc7, 0xfe, 0xd0, 0xd, 0x1f, 0xe9,
    0x0, 0xff, 0xf5, 0x17, 0xfe, 0x20, 0xf, 0xfe,
    0x4, 0xff, 0xd4, 0x5, 0xff, 0x88, 0x3, 0xff,
    0x81, 0x3f, 0xf5, 0x1, 0x7f, 0xe2, 0x0, 0xff,
    0xe0, 0x4f, 0xfd, 0x40, 0x5f, 0xf8, 0x80, 0x3f,
    0xf8, 0x13, 0xff, 0x50, 0x17, 0xfe, 0x20, 0xf,
    0xfe, 0x4, 0xff, 0xd4, 0x5, 0xff, 0x88, 0x3,
    0xff, 0x81, 0x3f, 0xf5, 0x1, 0x7f, 0xe2, 0x0,
    0xff, 0xe0, 0x4f, 0xfd, 0x40, 0x5f, 0xf8, 0x80,
    0x3f, 0xf8, 0x13, 0xff, 0x50, 0x17, 0xfe, 0x20,
    0xf, 0xfe, 0x4, 0xff, 0xd4, 0x5, 0xff, 0x88,
    0x3, 0xff, 0x81, 0x3f, 0xf5, 0x1, 0x7f, 0xe2,
    0x0, 0xff, 0xe0, 0x4f, 0xfd, 0x40, 0x5f, 0xf8,
    0x80, 0x3f, 0xf8, 0x13, 0xff, 0x50, 0x17, 0xfe,
    0x20, 0xf, 0xfe, 0x4, 0xff, 0xd4, 0x5, 0xff,
    0x88, 0x3, 0xff, 0x81, 0x3f, 0xf5, 0x1, 0x7f,
    0xe2, 0x0, 0xff, 0xe0, 0x4f, 0xfd, 0x40, 0x5f,
    0xf8, 0x80, 0x3f, 0xf8, 0x13, 0xff, 0x50, 0x17,
    0xfe, 0x20, 0xf, 0xfe, 0x4, 0xff, 0xd4, 0x5,
    0xff, 0x88, 0x3, 0xff, 0x81, 0x3f, 0xf5, 0x1,
    0x7f, 0xe2, 0x0, 0xff, 0xe0, 0x57, 0xfd, 0x40,
    0x3f, 0xf8, 0xc0, 0x3f, 0xf8, 0x17, 0xff, 0x48,
    0x3, 0xff, 0x28, 0x7, 0xff, 0x3, 0x7f, 0xe8,
    0x0, 0x6f, 0xfd, 0x20, 0x1f, 0xf0, 0xff, 0xe5,
    0x0, 0x57, 0xfd, 0xc0, 0x1f, 0xf3, 0x7f, 0xe1,
    0x0, 0x2f, 0xfe, 0x80, 0xf, 0xe1, 0xef, 0xfb,
    0x0, 0x36, 0xff, 0xe9, 0x0, 0xf8, 0xfb, 0xff,
    0x28, 0x6, 0x5f, 0xff, 0x54, 0x33, 0xce, 0xff,
    0xf5, 0x80, 0x7a, 0x3f, 0xff, 0xf8, 0x7a, 0x20,
    0x1f, 0x37, 0xff, 0xff, 0x6, 0xc4, 0x3, 0xf8,
    0x63, 0xbf, 0xff, 0x5a, 0x0, 0x7f, 0xf0, 0x89,
    0x59, 0xdc, 0xc8, 0x1, 0xfc,

    /* U+0171 "ű" */
    0x0, 0xfd, 0x5f, 0xee, 0x10, 0x0, 0xf7, 0xfc,
    0x80, 0x1f, 0x37, 0xfc, 0x60, 0x15, 0xff, 0xca,
    0x1, 0xf1, 0x7f, 0xcc, 0x1, 0x37, 0xfc, 0xe0,
    0x1f, 0xb3, 0xfd, 0x20, 0x11, 0x7f, 0xd2, 0x1,
    0xf9, 0xff, 0xd8, 0x1, 0xb3, 0xfd, 0x40, 0x1f,
    0x8f, 0xfd, 0xc2, 0x1, 0x47, 0xfa, 0xc0, 0x3f,
    0x9e, 0xa8, 0x60, 0x10, 0xcd, 0x48, 0x7, 0xff,
    0x3d, 0xbf, 0xeb, 0x0, 0xfe, 0xcf, 0xf9, 0x0,
    0xd, 0xff, 0x58, 0x7, 0xf6, 0x7f, 0xc8, 0x0,
    0x6f, 0xfa, 0xc0, 0x3f, 0xb3, 0xfe, 0x40, 0x3,
    0x7f, 0xd6, 0x1, 0xfd, 0x9f, 0xf2, 0x0, 0x1b,
    0xfe, 0xb0, 0xf, 0xec, 0xff, 0x90, 0x0, 0xdf,
    0xf5, 0x80, 0x7f, 0x67, 0xfc, 0x80, 0x6, 0xff,
    0xac, 0x3, 0xfb, 0x3f, 0xe4, 0x0, 0x37, 0xfd,
    0x60, 0x1f, 0xd9, 0xff, 0x20, 0x1, 0xbf, 0xeb,
    0x0, 0xfe, 0xcf, 0xf9, 0x0, 0xd, 0xff, 0x58,
    0x7, 0xf6, 0x7f, 0xc8, 0x0, 0x6f, 0xfa, 0xc0,
    0x3f, 0xb7, 0xfe, 0x40, 0x3, 0x7f, 0xd6, 0x1,
    0xfd, 0xdf, 0xf2, 0x0, 0x1b, 0xfe, 0xc0, 0xf,
    0xef, 0xfc, 0x80, 0x5, 0xff, 0xb4, 0x3, 0xf1,
    0xff, 0xe4, 0x0, 0x27, 0xfe, 0x10, 0xf, 0xa7,
    0xff, 0x20, 0x0, 0x7f, 0xf4, 0x0, 0x78, 0xbf,
    0xf9, 0x0, 0x2c, 0xff, 0xcc, 0x1, 0x8f, 0x7f,
    0xf9, 0x0, 0x26, 0xff, 0xed, 0xaa, 0x67, 0xff,
    0xc8, 0x1, 0xaf, 0xff, 0xfd, 0x79, 0xff, 0x20,
    0x7, 0x57, 0xff, 0xea, 0xc, 0xff, 0x90, 0x3,
    0xc9, 0x5b, 0xfe, 0xd9, 0x30, 0x6, 0x7f, 0xc8,
    0x0,

    /* U+0172 "Ų" */
    0x2f, 0xfc, 0x40, 0x1f, 0xfc, 0x9, 0xff, 0xa8,
    0xbf, 0xf1, 0x0, 0x7f, 0xf0, 0x27, 0xfe, 0xa2,
    0xff, 0xc4, 0x1, 0xff, 0xc0, 0x9f, 0xfa, 0x8b,
    0xff, 0x10, 0x7, 0xff, 0x2, 0x7f, 0xea, 0x2f,
    0xfc, 0x40, 0x1f, 0xfc, 0x9, 0xff, 0xa8, 0xbf,
    0xf1, 0x0, 0x7f, 0xf0, 0x27, 0xfe, 0xa2, 0xff,
    0xc4, 0x1, 0xff, 0xc0, 0x9f, 0xfa, 0x8b, 0xff,
    0x10, 0x7, 0xff, 0x2, 0x7f, 0xea, 0x2f, 0xfc,
    0x40, 0x1f, 0xfc, 0x9, 0xff, 0xa8, 0xbf, 0xf1,
    0x0, 0x7f, 0xf0, 0x27, 0xfe, 0xa2, 0xff, 0xc4,
    0x1, 0xff, 0xc0, 0x9f, 0xfa, 0x8b, 0xff, 0x10,
    0x7, 0xff, 0x2, 0x7f, 0xea, 0x2f, 0xfc, 0x40,
    0x1f, 0xfc, 0x9, 0xff, 0xa8, 0xbf, 0xf1, 0x0,
    0x7f, 0xf0, 0x27, 0xfe, 0xa2, 0xff, 0xc4, 0x1,
    0xff, 0xc0, 0x9f, 0xfa, 0x8b, 0xff, 0x10, 0x7,
    0xff, 0x2, 0x7f, 0xea, 0x2f, 0xfc, 0x40, 0x1f,
    0xfc, 0x9, 0xff, 0xa8, 0xbf, 0xf1, 0x0, 0x7f,
    0xf0, 0x27, 0xfe, 0xa2, 0xff, 0xc4, 0x1, 0xff,
    0xc0, 0xaf, 0xfa, 0x87, 0xff, 0x18, 0x7, 0xff,
    0x2, 0xff, 0xe9, 0xf, 0xfc, 0xa0, 0x1f, 0xfc,
    0xd, 0xff, 0xa0, 0x37, 0xfe, 0x90, 0xf, 0xf8,
    0x7f, 0xf2, 0x85, 0x7f, 0xdc, 0x1, 0xff, 0x37,
    0xfe, 0x10, 0x5f, 0xfd, 0x0, 0x1f, 0xc3, 0xdf,
    0xf6, 0x0, 0x5b, 0xff, 0xa4, 0x3, 0xe3, 0xef,
    0xfc, 0xa0, 0x12, 0xff, 0xfa, 0xa1, 0x9e, 0x77,
    0xff, 0xac, 0x3, 0xa3, 0xff, 0xff, 0x87, 0xa2,
    0x1, 0xe6, 0xff, 0xff, 0xe0, 0xd8, 0x80, 0x7e,
    0x18, 0xef, 0xff, 0xd6, 0x80, 0x1f, 0xfc, 0x12,
    0x59, 0xff, 0xa0, 0x3, 0xff, 0x8a, 0x5d, 0xf6,
    0x20, 0x1f, 0xfc, 0x6d, 0xfc, 0x0, 0xff, 0xe3,
    0xb7, 0xf8, 0x80, 0x3f, 0xf8, 0xf5, 0xfa, 0x1,
    0xff, 0xc8, 0xaf, 0xe0, 0x8, 0x9c, 0x3, 0xff,
    0x86, 0xff, 0xea, 0x58, 0xff, 0x20, 0x7, 0xff,
    0x8, 0x7b, 0xff, 0xb8, 0xc0, 0x3f, 0xf8, 0x63,
    0x3b, 0xfb, 0x22, 0x1, 0xf0,

    /* U+0173 "ų" */
    0x6f, 0xfa, 0xc0, 0x3f, 0xb3, 0xfe, 0x40, 0x6f,
    0xfa, 0xc0, 0x3f, 0xb3, 0xfe, 0x40, 0x6f, 0xfa,
    0xc0, 0x3f, 0xb3, 0xfe, 0x40, 0x6f, 0xfa, 0xc0,
    0x3f, 0xb3, 0xfe, 0x40, 0x6f, 0xfa, 0xc0, 0x3f,
    0xb3, 0xfe, 0x40, 0x6f, 0xfa, 0xc0, 0x3f, 0xb3,
    0xfe, 0x40, 0x6f, 0xfa, 0xc0, 0x3f, 0xb3, 0xfe,
    0x40, 0x6f, 0xfa, 0xc0, 0x3f, 0xb3, 0xfe, 0x40,
    0x6f, 0xfa, 0xc0, 0x3f, 0xb3, 0xfe, 0x40, 0x6f,
    0xfa, 0xc0, 0x3f, 0xb3, 0xfe, 0x40, 0x6f, 0xfa,
    0xc0, 0x3f, 0xb7, 0xfe, 0x40, 0x6f, 0xfa, 0xc0,
    0x3f, 0xbb, 0xfe, 0x40, 0x6f, 0xfb, 0x0, 0x3f,
    0xbf, 0xf2, 0x2, 0xff, 0xda, 0x1, 0xf8, 0xff,
    0xf2, 0x2, 0x7f, 0xe1, 0x0, 0xfa, 0x7f, 0xf2,
    0x0, 0xff, 0xe8, 0x0, 0xf1, 0x7f, 0xf2, 0x0,
    0x33, 0xff, 0x30, 0x6, 0x3d, 0xff, 0xe4, 0x0,
    0x37, 0xff, 0x6d, 0x53, 0x3f, 0xfe, 0x40, 0xa,
    0xff, 0xff, 0xd7, 0x9f, 0xf2, 0x0, 0x6a, 0xff,
    0xfd, 0x41, 0x9f, 0xf2, 0x0, 0x72, 0x56, 0xff,
    0xb6, 0x4c, 0x1, 0x9f, 0xf2, 0x0, 0x7f, 0xf0,
    0x86, 0xff, 0xcc, 0x1, 0xff, 0xc2, 0x1d, 0xfd,
    0x20, 0xf, 0xfe, 0x1d, 0xfe, 0x88, 0x7, 0xff,
    0xc, 0xff, 0xc8, 0x1, 0xff, 0xc4, 0x7f, 0xf0,
    0x7, 0xff, 0x16, 0x3f, 0xc0, 0x10, 0xc8, 0x7,
    0xff, 0x1, 0x7f, 0xd6, 0xaf, 0xde, 0xe0, 0x1f,
    0xfc, 0xc, 0xff, 0xf2, 0x80, 0x7f, 0xf0, 0x5f,
    0x7f, 0xa4, 0x80,

    /* U+0174 "Ŵ" */
    0x0, 0xff, 0xe4, 0x10, 0x7, 0xff, 0x6a, 0x78,
    0x80, 0x3f, 0xfb, 0x11, 0xfe, 0xe2, 0x0, 0xff,
    0xeb, 0x3f, 0xfe, 0xd1, 0x0, 0xff, 0xea, 0x37,
    0xfb, 0x5b, 0xfd, 0xa2, 0x1, 0xff, 0xd2, 0x5f,
    0xf7, 0x8, 0x3f, 0xfb, 0x0, 0x3f, 0xfa, 0x29,
    0xfe, 0xe2, 0x0, 0xa7, 0xfd, 0x60, 0x1f, 0xfd,
    0x7, 0x88, 0x18, 0x7, 0x3c, 0x40, 0xc0, 0x3f,
    0xff, 0xe0, 0x1f, 0xfc, 0x7f, 0xfc, 0xe0, 0x1f,
    0xfd, 0x1e, 0xff, 0xa0, 0x2f, 0xfe, 0xb0, 0xf,
    0xfe, 0x2, 0xb3, 0x44, 0x1, 0xff, 0x1f, 0xfe,
    0x30, 0x6f, 0xfc, 0x1, 0xff, 0xf, 0xfe, 0xa0,
    0xf, 0xfa, 0x3f, 0xee, 0x0, 0xf, 0xfe, 0x50,
    0xf, 0xf3, 0x7f, 0xee, 0x0, 0xff, 0xb3, 0xfe,
    0xa0, 0xb, 0x7f, 0xe9, 0x0, 0xff, 0x5f, 0xff,
    0x20, 0x7, 0xf0, 0xff, 0xe5, 0x0, 0xa3, 0xfe,
    0xe0, 0xf, 0xf7, 0xff, 0xa0, 0x3, 0xf9, 0xbf,
    0xf0, 0x80, 0x47, 0xff, 0x88, 0x3, 0xf2, 0xff,
    0xfb, 0x40, 0x3f, 0xab, 0xfe, 0xb0, 0xe, 0xef,
    0xf9, 0xc0, 0x3f, 0x57, 0xff, 0xc4, 0x1, 0xfb,
    0xff, 0x38, 0x7, 0x57, 0xfd, 0x80, 0x1f, 0xbb,
    0xfe, 0x9f, 0xf9, 0xc0, 0x3e, 0x4f, 0xfc, 0x40,
    0x1c, 0xbf, 0xf8, 0x40, 0x3c, 0x7f, 0xf5, 0x9f,
    0xfd, 0x80, 0x1f, 0x47, 0xfd, 0xa0, 0x1f, 0x7f,
    0xe5, 0x0, 0xf4, 0x7f, 0xcc, 0x1d, 0xff, 0x8,
    0x7, 0xb7, 0xfe, 0x80, 0xf, 0xaf, 0xfe, 0xa0,
    0xf, 0x6f, 0xfc, 0x21, 0x3f, 0xf2, 0x80, 0x70,
    0xff, 0xe4, 0x0, 0xf9, 0xbf, 0xee, 0x0, 0xe2,
    0xff, 0xb0, 0x0, 0x9f, 0xf5, 0x0, 0x73, 0x7f,
    0xdc, 0x1, 0xf8, 0xbf, 0xf1, 0x80, 0x66, 0xff,
    0x9c, 0x2, 0xff, 0xc0, 0x1d, 0x7f, 0xf5, 0x0,
    0x7f, 0x6f, 0xfd, 0x0, 0x1a, 0xff, 0xe3, 0x0,
    0xab, 0xfe, 0x40, 0xd, 0xff, 0x94, 0x3, 0xfa,
    0x3f, 0xec, 0x0, 0xdf, 0xf7, 0x0, 0x65, 0xff,
    0xa4, 0x2, 0x4f, 0xfc, 0x20, 0x1f, 0xc7, 0xff,
    0x84, 0x0, 0xbf, 0xf4, 0x80, 0x77, 0xfd, 0xa0,
    0x14, 0xff, 0xd8, 0x1, 0xff, 0x77, 0xfc, 0xc0,
    0xa, 0xff, 0x90, 0x3, 0xaf, 0xfe, 0x20, 0x6,
    0xff, 0xce, 0x1, 0xff, 0x57, 0xfd, 0x40, 0xe,
    0xff, 0x70, 0x7, 0x9b, 0xfe, 0x70, 0x2f, 0xfc,
    0x40, 0x1f, 0xf2, 0xff, 0xe0, 0x3f, 0xfa, 0x80,
    0x3c, 0x3f, 0xf6, 0x3, 0x7f, 0xda, 0x1, 0xff,
    0xc0, 0x1f, 0xfc, 0x71, 0xff, 0x28, 0x7, 0xd9,
    0xff, 0xd, 0xff, 0xd2, 0x1, 0xff, 0xc1, 0xcf,
    0xfa, 0x37, 0xfe, 0x0, 0xfc, 0xff, 0xf3, 0x7f,
    0xe4, 0x0, 0xff, 0xe0, 0xbf, 0xfd, 0xdf, 0xf5,
    0x80, 0x7e, 0x2f, 0xfb, 0xbf, 0xf0, 0x7, 0xff,
    0x8, 0xbf, 0xfe, 0x60, 0xf, 0xed, 0xff, 0xf5,
    0x0, 0x7f, 0xf0, 0xf7, 0xff, 0xc2, 0x1, 0xfd,
    0x1f, 0xfe, 0x50, 0xf, 0xfe, 0x1c, 0x7f, 0xf6,
    0x0, 0x7f, 0x8f, 0xff, 0xc2, 0x1, 0xff, 0xc3,
    0x4f, 0xfe, 0x70, 0xf, 0xfb, 0xbf, 0xf6, 0x0,
    0x7f, 0xf1, 0x7f, 0xf8, 0x80, 0x3f, 0xe9, 0xff,
    0xce, 0x1, 0xff, 0xc5, 0xaf, 0xfb, 0x40, 0x3f,
    0xf8, 0xb, 0xff, 0x88, 0x3, 0xf0,

    /* U+0175 "ŵ" */
    0x0, 0xff, 0xe1, 0x49, 0x80, 0x7f, 0xf3, 0xe7,
    0xf8, 0x80, 0x3f, 0xf9, 0xb1, 0xff, 0x70, 0x80,
    0x7f, 0xf2, 0xdb, 0xfd, 0xbf, 0xed, 0x10, 0xf,
    0xfe, 0x4a, 0xff, 0xb4, 0x5b, 0xfd, 0x80, 0x1f,
    0xfc, 0x84, 0xff, 0x71, 0x0, 0x23, 0xfd, 0x80,
    0x1f, 0xfc, 0x63, 0xff, 0x8c, 0x3, 0x4f, 0xfa,
    0xc0, 0x3f, 0xff, 0x39, 0xff, 0x40, 0x7, 0xc7,
    0xff, 0x50, 0x7, 0xc3, 0xff, 0x92, 0x3f, 0xed,
    0x0, 0xfa, 0x3f, 0xf0, 0x7, 0xcb, 0xff, 0x80,
    0xff, 0xf0, 0x80, 0x7b, 0x7f, 0xf2, 0x0, 0x7a,
    0x7f, 0xeb, 0x0, 0x77, 0xfc, 0xa0, 0x1c, 0x5f,
    0xfd, 0x20, 0x1e, 0xef, 0xf9, 0x80, 0x13, 0xff,
    0x50, 0x7, 0x3f, 0xff, 0x70, 0x7, 0x17, 0xfe,
    0x10, 0x2, 0xff, 0xdc, 0x1, 0xd9, 0xff, 0xe3,
    0x0, 0xcd, 0xff, 0x60, 0x6, 0xff, 0xc4, 0x1,
    0xf, 0xfd, 0x3f, 0xf4, 0x0, 0x6b, 0xff, 0xa0,
    0x3, 0x5f, 0xfc, 0xc0, 0x13, 0x7f, 0xc7, 0x7f,
    0xed, 0x0, 0xdf, 0xf8, 0xc0, 0x33, 0xff, 0xd6,
    0x1, 0x5f, 0xfb, 0x81, 0xbf, 0xe2, 0x0, 0x27,
    0xfd, 0xc0, 0x1c, 0x5f, 0xf8, 0x2, 0xff, 0xa4,
    0x7, 0xfe, 0x80, 0x4, 0x7f, 0xd2, 0x1, 0xed,
    0xff, 0x8c, 0x17, 0xfe, 0x40, 0x6, 0x7f, 0xb4,
    0x1, 0x9f, 0xf2, 0x80, 0x7a, 0x3f, 0xe8, 0xa,
    0xff, 0x80, 0x27, 0xff, 0x88, 0x7f, 0xf0, 0x7,
    0xc9, 0xff, 0x60, 0x7f, 0xd4, 0x1, 0x17, 0xfc,
    0xeb, 0xff, 0x58, 0x7, 0xef, 0xfc, 0xbf, 0xf2,
    0x80, 0x6d, 0xff, 0x64, 0xff, 0xcc, 0x1, 0xfa,
    0xbf, 0xed, 0xff, 0x84, 0x3, 0x4f, 0xfd, 0xdf,
    0xf1, 0x0, 0x7e, 0x5f, 0xff, 0x60, 0x7, 0x27,
    0xff, 0xb4, 0x3, 0xf8, 0x7f, 0xfc, 0xe0, 0x1e,
    0xef, 0xfe, 0x80, 0xf, 0xf6, 0x7f, 0xf1, 0x0,
    0x7a, 0xbf, 0xf8, 0xc0, 0x3f, 0xcf, 0xff, 0xb4,
    0x3, 0xe5, 0xff, 0xdc, 0x1, 0xff, 0x17, 0xfe,
    0x80, 0xf, 0xdf, 0xfa, 0x80, 0x3f, 0xf8, 0x1d,
    0xff, 0x18, 0x7, 0xeb, 0xff, 0x94, 0x3, 0xc0,

    /* U+0176 "Ŷ" */
    0x0, 0xff, 0xe0, 0x10, 0x7, 0xff, 0x30, 0x7a,
    0xc0, 0x3f, 0xf9, 0x43, 0xbf, 0xea, 0x0, 0xff,
    0xe4, 0xe7, 0xfe, 0x90, 0xf, 0xfe, 0x3e, 0x7f,
    0xa2, 0xff, 0xd0, 0x1, 0xff, 0xc5, 0xbf, 0xf4,
    0x80, 0x37, 0xfc, 0xc0, 0x1f, 0xfc, 0x3a, 0xff,
    0x58, 0x4, 0x3d, 0xfe, 0x50, 0xf, 0xfe, 0x9,
    0x44, 0x1c, 0x3, 0x8a, 0x20, 0xe0, 0x1f, 0xfe,
    0xf5, 0xff, 0xd0, 0x1, 0xff, 0xc2, 0xef, 0xfb,
    0x80, 0x19, 0xff, 0x84, 0x3, 0xff, 0x80, 0xff,
    0xf9, 0x40, 0x5, 0xff, 0xa8, 0x3, 0xfe, 0x1f,
    0xfd, 0x80, 0x1a, 0x7f, 0xf1, 0x80, 0x7f, 0xa7,
    0xff, 0x18, 0x6, 0x1e, 0xff, 0xac, 0x3, 0xf8,
    0xbf, 0xf4, 0x80, 0x79, 0xbf, 0xf2, 0x0, 0x7e,
    0xbf, 0xfc, 0x20, 0x1f, 0x6f, 0xfd, 0xa0, 0x1f,
    0x27, 0xfe, 0x70, 0xf, 0xc9, 0xff, 0x98, 0x3,
    0xdb, 0xff, 0x68, 0x7, 0xfa, 0xbf, 0xee, 0x0,
    0xe7, 0xff, 0xca, 0x1, 0xfe, 0x2f, 0xfc, 0xe0,
    0x10, 0xf7, 0xfd, 0x60, 0x1f, 0xfc, 0x8, 0xff,
    0xc2, 0x0, 0x9f, 0xfc, 0x40, 0x1f, 0xfc, 0x1e,
    0xff, 0xa4, 0xb, 0xff, 0x48, 0x7, 0xff, 0x9,
    0x7f, 0xf1, 0x5f, 0xfe, 0x10, 0xf, 0xfe, 0x1e,
    0x7f, 0xdb, 0xff, 0x9c, 0x3, 0xff, 0x88, 0x7f,
    0xff, 0x68, 0x7, 0xff, 0x1a, 0x7f, 0xfc, 0x80,
    0x1f, 0xfc, 0x61, 0xff, 0xeb, 0x0, 0xff, 0xe4,
    0x3f, 0xfe, 0x20, 0xf, 0xfe, 0x42, 0x7f, 0xe0,
    0xf, 0xfe, 0x4a, 0x7f, 0xe0, 0xf, 0xfe, 0x4a,
    0x7f, 0xe0, 0xf, 0xfe, 0x4a, 0x7f, 0xe0, 0xf,
    0xfe, 0x4a, 0x7f, 0xe0, 0xf, 0xfe, 0x4a, 0x7f,
    0xe0, 0xf, 0xfe, 0x4a, 0x7f, 0xe0, 0xf, 0xfe,
    0x4a, 0x7f, 0xe0, 0xf, 0xfe, 0x4a, 0x7f, 0xe0,
    0xf, 0xfe, 0x4a, 0x7f, 0xe0, 0xf, 0xfe, 0x4a,
    0x7f, 0xe0, 0xf, 0xf8,

    /* U+0177 "ŷ" */
    0x0, 0xff, 0x8, 0x80, 0x3f, 0xf9, 0x19, 0xa2,
    0x1, 0xff, 0xc6, 0xbf, 0xf6, 0x0, 0x7f, 0xf1,
    0x6b, 0xff, 0x58, 0x7, 0xff, 0xe, 0x7f, 0xd5,
    0x3f, 0xea, 0x0, 0xff, 0xe0, 0xc7, 0xfa, 0xc0,
    0x15, 0xfe, 0x90, 0xf, 0xf9, 0xff, 0xda, 0x1,
    0xaf, 0xfd, 0x0, 0x1f, 0xc2, 0xf0, 0xe2, 0x1,
    0xcf, 0x10, 0x10, 0xf, 0xfe, 0x7f, 0x7f, 0xd0,
    0x1, 0xfe, 0x7f, 0xfb, 0x80, 0x13, 0xff, 0x70,
    0x7, 0xfb, 0x7f, 0xe9, 0x0, 0x17, 0xfe, 0x40,
    0xf, 0xc7, 0xff, 0x88, 0x2, 0xcf, 0xfa, 0x40,
    0x3f, 0x47, 0xfd, 0x80, 0x19, 0x7f, 0xf0, 0x7,
    0xee, 0xff, 0x98, 0x3, 0xbb, 0xfe, 0x50, 0xf,
    0x27, 0xfe, 0x0, 0xf4, 0xff, 0xd6, 0x1, 0xea,
    0xff, 0xa4, 0x3, 0xc5, 0xff, 0x84, 0x3, 0xbf,
    0xf1, 0x80, 0x7d, 0x9f, 0xf3, 0x0, 0x65, 0xff,
    0xb0, 0x3, 0xf3, 0x7f, 0xd8, 0x1, 0xaf, 0xfe,
    0x60, 0xf, 0xee, 0xff, 0x84, 0x0, 0x3f, 0xf8,
    0x3, 0xfd, 0x3f, 0xf3, 0x80, 0x1f, 0xfe, 0x90,
    0xf, 0xf1, 0x7f, 0xda, 0x0, 0xdf, 0xf8, 0xc0,
    0x3f, 0xec, 0xff, 0x88, 0x9f, 0xf6, 0x80, 0x7f,
    0xf0, 0x1b, 0xfe, 0x88, 0x7f, 0xcc, 0x1, 0xff,
    0xc1, 0xff, 0xbb, 0x9f, 0xf0, 0x80, 0x7f, 0xf0,
    0x67, 0xff, 0xd4, 0x1, 0xff, 0xc2, 0x2f, 0xff,
    0x18, 0x7, 0xff, 0xf, 0x3f, 0xf6, 0x80, 0x7f,
    0xf1, 0x1b, 0xff, 0x38, 0x7, 0xff, 0x11, 0xbf,
    0xf0, 0x80, 0x7f, 0xf1, 0x33, 0xfe, 0xa0, 0xf,
    0xfe, 0x21, 0xff, 0xe4, 0x0, 0xff, 0xe2, 0x4f,
    0xfd, 0xa0, 0x1f, 0xfc, 0x5f, 0xfc, 0xe0, 0x1f,
    0xfc, 0x46, 0xff, 0xc2, 0x1, 0xff, 0xc4, 0xcf,
    0xfa, 0x80, 0x3f, 0xf8, 0x87, 0xff, 0x90, 0x3,
    0xff, 0x89, 0x3f, 0xf6, 0x80, 0x7f, 0xf1, 0x7f,
    0xf3, 0x80, 0x7f, 0xf0, 0x0,

    /* U+0178 "Ÿ" */
    0x0, 0xf3, 0xff, 0xe3, 0x0, 0x47, 0xfe, 0x20,
    0xf, 0xfe, 0x3, 0xff, 0xe3, 0x0, 0x47, 0xfe,
    0x20, 0xf, 0xfe, 0x3, 0xff, 0xe3, 0x0, 0x47,
    0xfe, 0x20, 0xf, 0xfe, 0x3, 0xff, 0xe3, 0x0,
    0x47, 0xfe, 0x20, 0xf, 0xfe, 0x3, 0xff, 0xe3,
    0x0, 0x47, 0xfe, 0x20, 0xf, 0xff, 0xf8, 0x7,
    0xff, 0x5d, 0x7f, 0xf4, 0x0, 0x7f, 0xf0, 0xbb,
    0xfe, 0xe0, 0x6, 0x7f, 0xe1, 0x0, 0xff, 0xe0,
    0x3f, 0xfe, 0x50, 0x1, 0x7f, 0xea, 0x0, 0xff,
    0x87, 0xff, 0x60, 0x6, 0x9f, 0xfc, 0x60, 0x1f,
    0xe9, 0xff, 0xc6, 0x1, 0x87, 0xbf, 0xeb, 0x0,
    0xfe, 0x2f, 0xfd, 0x20, 0x1e, 0x6f, 0xfc, 0x80,
    0x1f, 0xaf, 0xff, 0x8, 0x7, 0xdb, 0xff, 0x68,
    0x7, 0xc9, 0xff, 0x9c, 0x3, 0xf2, 0x7f, 0xe6,
    0x0, 0xf6, 0xff, 0xda, 0x1, 0xfe, 0xaf, 0xfb,
    0x80, 0x39, 0xff, 0xf2, 0x80, 0x7f, 0x8b, 0xff,
    0x38, 0x4, 0x3d, 0xff, 0x58, 0x7, 0xff, 0x2,
    0x3f, 0xf0, 0x80, 0x27, 0xff, 0x10, 0x7, 0xff,
    0x7, 0xbf, 0xe9, 0x2, 0xff, 0xd2, 0x1, 0xff,
    0xc2, 0x5f, 0xfc, 0x57, 0xff, 0x84, 0x3, 0xff,
    0x87, 0x9f, 0xf6, 0xff, 0xe7, 0x0, 0xff, 0xe2,
    0x1f, 0xff, 0xda, 0x1, 0xff, 0xc6, 0x9f, 0xff,
    0x20, 0x7, 0xff, 0x18, 0x7f, 0xfa, 0xc0, 0x3f,
    0xf9, 0xf, 0xff, 0x88, 0x3, 0xff, 0x90, 0x9f,
    0xf8, 0x3, 0xff, 0x92, 0x9f, 0xf8, 0x3, 0xff,
    0x92, 0x9f, 0xf8, 0x3, 0xff, 0x92, 0x9f, 0xf8,
    0x3, 0xff, 0x92, 0x9f, 0xf8, 0x3, 0xff, 0x92,
    0x9f, 0xf8, 0x3, 0xff, 0x92, 0x9f, 0xf8, 0x3,
    0xff, 0x92, 0x9f, 0xf8, 0x3, 0xff, 0x92, 0x9f,
    0xf8, 0x3, 0xff, 0x92, 0x9f, 0xf8, 0x3, 0xff,
    0x92, 0x9f, 0xf8, 0x3, 0xfe,

    /* U+0179 "Ź" */
    0x0, 0xff, 0xe1, 0x2c, 0x44, 0xa0, 0x1f, 0xfc,
    0x54, 0xff, 0xb0, 0x40, 0x3f, 0xf8, 0x85, 0xff,
    0x58, 0x7, 0xff, 0x14, 0x7b, 0xfd, 0x40, 0x1f,
    0xfc, 0x6c, 0xff, 0x48, 0x7, 0xff, 0x1a, 0xbf,
    0xd0, 0x1, 0xff, 0xff, 0x0, 0xd7, 0xff, 0xff,
    0xc8, 0x0, 0x5f, 0xff, 0xff, 0x20, 0x1, 0x7f,
    0xff, 0xfc, 0x80, 0x4, 0xee, 0xff, 0xf0, 0xbf,
    0xfb, 0x40, 0x3f, 0xf8, 0xbb, 0xff, 0x8c, 0x3,
    0xff, 0x89, 0x3f, 0xf9, 0xc0, 0x3f, 0xf8, 0x8b,
    0xff, 0xac, 0x3, 0xff, 0x88, 0x5f, 0xfb, 0x84,
    0x3, 0xff, 0x89, 0xbf, 0xf8, 0xc0, 0x3f, 0xf8,
    0x95, 0xff, 0x98, 0x3, 0xff, 0x88, 0xdf, 0xfa,
    0x80, 0x3f, 0xf8, 0x87, 0xff, 0xb4, 0x3, 0xff,
    0x8b, 0xbf, 0xf8, 0xc0, 0x3f, 0xf8, 0x95, 0xff,
    0x98, 0x3, 0xff, 0x88, 0xdf, 0xfa, 0x80, 0x3f,
    0xf8, 0x87, 0xff, 0xb4, 0x3, 0xff, 0x88, 0x3b,
    0xff, 0x88, 0x3, 0xff, 0x89, 0x7f, 0xf9, 0x40,
    0x3f, 0xf8, 0x8f, 0xff, 0xa4, 0x3, 0xff, 0x88,
    0x7f, 0xfb, 0x0, 0x3f, 0xf8, 0x83, 0xdf, 0xf8,
    0x80, 0x3f, 0xf8, 0x97, 0xff, 0x94, 0x3, 0xff,
    0x88, 0xff, 0xfa, 0x40, 0x3f, 0xf8, 0x89, 0xff,
    0xb0, 0x3, 0xff, 0x88, 0x3d, 0xff, 0x70, 0x80,
    0x7f, 0xf1, 0x2b, 0xff, 0xb7, 0x7f, 0xf8, 0x8b,
    0x7f, 0xff, 0xfc, 0x97, 0xbf, 0xff, 0xfe, 0x4b,
    0xdf, 0xff, 0xff, 0x25, 0xc0,

    /* U+017A "ź" */
    0x0, 0xff, 0x9b, 0xfe, 0xc1, 0x0, 0xff, 0x93,
    0xfe, 0xc0, 0xf, 0xfe, 0x1, 0x77, 0xfa, 0xc0,
    0x3f, 0xf8, 0x3b, 0xfe, 0xa0, 0xf, 0xfe, 0xd,
    0xff, 0xa4, 0x3, 0xff, 0x82, 0x71, 0x6, 0x0,
    0xff, 0xf0, 0x7f, 0xff, 0xf1, 0x4, 0x3f, 0xff,
    0xf8, 0x82, 0x1f, 0xff, 0xfc, 0x41, 0x5, 0x5f,
    0xf3, 0x7f, 0xeb, 0x0, 0xff, 0xe0, 0x57, 0xfd,
    0xa2, 0x1, 0xff, 0x3f, 0xfe, 0x30, 0xf, 0xf9,
    0x3f, 0xf3, 0x0, 0x7f, 0xc3, 0xdf, 0xf4, 0x80,
    0x7f, 0xf0, 0x33, 0xfe, 0xc0, 0xf, 0xfe, 0x4,
    0xff, 0xdc, 0x20, 0x1f, 0xf3, 0x7f, 0xe4, 0x0,
    0xff, 0x8f, 0xff, 0x38, 0x7, 0xfc, 0x3d, 0xff,
    0x50, 0x7, 0xff, 0x3, 0x3f, 0xed, 0x0, 0xff,
    0xe0, 0x4f, 0xfe, 0x20, 0xf, 0xf9, 0xbf, 0xf2,
    0x80, 0x7f, 0xc7, 0xff, 0xa0, 0x3, 0xfe, 0x1e,
    0xff, 0xca, 0xbf, 0xf0, 0x3f, 0xff, 0xff, 0x10,
    0x5f, 0xff, 0xff, 0x88, 0x2f, 0xff, 0xff, 0xc4,
    0x10,

    /* U+017B "Ż" */
    0x0, 0xfe, 0xdf, 0xfb, 0x0, 0x3f, 0xf8, 0xdd,
    0xff, 0x60, 0x7, 0xff, 0x1b, 0xbf, 0xec, 0x0,
    0xff, 0xe3, 0x77, 0xfd, 0x80, 0x1f, 0xfc, 0x6e,
    0xff, 0xb0, 0x3, 0xff, 0xfe, 0x1, 0xff, 0xcf,
    0xbf, 0xff, 0xfe, 0x40, 0x2, 0xff, 0xff, 0xf9,
    0x0, 0xb, 0xff, 0xff, 0xe4, 0x0, 0x27, 0x77,
    0xff, 0x85, 0xff, 0xda, 0x1, 0xff, 0xc5, 0xdf,
    0xfc, 0x60, 0x1f, 0xfc, 0x49, 0xff, 0xce, 0x1,
    0xff, 0xc4, 0x5f, 0xfd, 0x60, 0x1f, 0xfc, 0x42,
    0xff, 0xdc, 0x20, 0x1f, 0xfc, 0x4d, 0xff, 0xc6,
    0x1, 0xff, 0xc4, 0xaf, 0xfc, 0xc0, 0x1f, 0xfc,
    0x46, 0xff, 0xd4, 0x1, 0xff, 0xc4, 0x3f, 0xfd,
    0xa0, 0x1f, 0xfc, 0x5d, 0xff, 0xc6, 0x1, 0xff,
    0xc4, 0xaf, 0xfc, 0xc0, 0x1f, 0xfc, 0x46, 0xff,
    0xd4, 0x1, 0xff, 0xc4, 0x3f, 0xfd, 0xa0, 0x1f,
    0xfc, 0x41, 0xdf, 0xfc, 0x40, 0x1f, 0xfc, 0x4b,
    0xff, 0xca, 0x1, 0xff, 0xc4, 0x7f, 0xfd, 0x20,
    0x1f, 0xfc, 0x43, 0xff, 0xd8, 0x1, 0xff, 0xc4,
    0x1e, 0xff, 0xc4, 0x1, 0xff, 0xc4, 0xbf, 0xfc,
    0xa0, 0x1f, 0xfc, 0x47, 0xff, 0xd2, 0x1, 0xff,
    0xc4, 0x4f, 0xfd, 0x80, 0x1f, 0xfc, 0x41, 0xef,
    0xfb, 0x84, 0x3, 0xff, 0x89, 0x5f, 0xfd, 0xbb,
    0xff, 0xc4, 0x5b, 0xff, 0xff, 0xe4, 0xbd, 0xff,
    0xff, 0xf2, 0x5e, 0xff, 0xff, 0xf9, 0x2e,

    /* U+017C "ż" */
    0x0, 0xf3, 0x7f, 0xe4, 0x0, 0xff, 0xe0, 0x37,
    0xfe, 0x40, 0xf, 0xfe, 0x3, 0x7f, 0xe4, 0x0,
    0xff, 0xe0, 0x37, 0xfe, 0x40, 0xf, 0xfe, 0x3,
    0x7f, 0xe4, 0x0, 0xff, 0xf8, 0xff, 0xff, 0xf1,
    0x4, 0x3f, 0xff, 0xf8, 0x82, 0x1f, 0xff, 0xfc,
    0x41, 0x5, 0x5f, 0xf3, 0x7f, 0xeb, 0x0, 0xff,
    0xe0, 0x57, 0xfd, 0xa2, 0x1, 0xff, 0x3f, 0xfe,
    0x30, 0xf, 0xf9, 0x3f, 0xf3, 0x0, 0x7f, 0xc3,
    0xdf, 0xf4, 0x80, 0x7f, 0xf0, 0x33, 0xfe, 0xc0,
    0xf, 0xfe, 0x4, 0xff, 0xdc, 0x20, 0x1f, 0xf3,
    0x7f, 0xe4, 0x0, 0xff, 0x8f, 0xff, 0x38, 0x7,
    0xfc, 0x3d, 0xff, 0x50, 0x7, 0xff, 0x3, 0x3f,
    0xed, 0x0, 0xff, 0xe0, 0x4f, 0xfe, 0x20, 0xf,
    0xf9, 0xbf, 0xf2, 0x80, 0x7f, 0xc7, 0xff, 0xa0,
    0x3, 0xfe, 0x1e, 0xff, 0xca, 0xbf, 0xf0, 0x3f,
    0xff, 0xff, 0x10, 0x5f, 0xff, 0xff, 0x88, 0x2f,
    0xff, 0xff, 0xc4, 0x10,

    /* U+017D "Ž" */
    0x0, 0xe5, 0x88, 0x20, 0x7, 0x24, 0x41, 0x40,
    0x3f, 0xc3, 0xbf, 0xe4, 0x0, 0x93, 0xfd, 0xa2,
    0x1, 0xff, 0x17, 0x7f, 0x8c, 0x13, 0xfd, 0xa2,
    0x1, 0xff, 0xc1, 0x2e, 0xfe, 0x6f, 0xf7, 0x8,
    0x7, 0xff, 0xc, 0xbb, 0xfe, 0xe2, 0x0, 0xff,
    0xe2, 0x9f, 0x7f, 0x10, 0x7, 0xff, 0x1c, 0xf4,
    0x80, 0x3f, 0xfd, 0xb7, 0xff, 0xff, 0xc8, 0x0,
    0x5f, 0xff, 0xff, 0x20, 0x1, 0x7f, 0xff, 0xfc,
    0x80, 0x4, 0xee, 0xff, 0xf0, 0xbf, 0xfb, 0x40,
    0x3f, 0xf8, 0xbb, 0xff, 0x8c, 0x3, 0xff, 0x89,
    0x3f, 0xf9, 0xc0, 0x3f, 0xf8, 0x8b, 0xff, 0xac,
    0x3, 0xff, 0x88, 0x5f, 0xfb, 0x84, 0x3, 0xff,
    0x89, 0xbf, 0xf8, 0xc0, 0x3f, 0xf8, 0x95, 0xff,
    0x98, 0x3, 0xff, 0x88, 0xdf, 0xfa, 0x80, 0x3f,
    0xf8, 0x87, 0xff, 0xb4, 0x3, 0xff, 0x8b, 0xbf,
    0xf8, 0xc0, 0x3f, 0xf8, 0x95, 0xff, 0x98, 0x3,
    0xff, 0x88, 0xdf, 0xfa, 0x80, 0x3f, 0xf8, 0x87,
    0xff, 0xb4, 0x3, 0xff, 0x88, 0x3b, 0xff, 0x88,
    0x3, 0xff, 0x89, 0x7f, 0xf9, 0x40, 0x3f, 0xf8,
    0x8f, 0xff, 0xa4, 0x3, 0xff, 0x88, 0x7f, 0xfb,
    0x0, 0x3f, 0xf8, 0x83, 0xdf, 0xf8, 0x80, 0x3f,
    0xf8, 0x97, 0xff, 0x94, 0x3, 0xff, 0x88, 0xff,
    0xfa, 0x40, 0x3f, 0xf8, 0x89, 0xff, 0xb0, 0x3,
    0xff, 0x88, 0x3d, 0xff, 0x70, 0x80, 0x7f, 0xf1,
    0x2b, 0xff, 0xb7, 0x7f, 0xf8, 0x8b, 0x7f, 0xff,
    0xfc, 0x97, 0xbf, 0xff, 0xfe, 0x4b, 0xdf, 0xff,
    0xff, 0x25, 0xc0,

    /* U+017E "ž" */
    0x0, 0xe, 0xff, 0x90, 0x3, 0x2f, 0xfb, 0x44,
    0x3, 0x8b, 0xbf, 0xc8, 0x0, 0x5f, 0xf6, 0x88,
    0x7, 0xc5, 0xdf, 0xe4, 0x5f, 0xf6, 0x88, 0x7,
    0xf1, 0x77, 0xfe, 0xe1, 0x0, 0xff, 0x8f, 0xbf,
    0xdc, 0x40, 0x1f, 0xfc, 0x13, 0xfe, 0x20, 0xf,
    0xfe, 0x19, 0x90, 0x7, 0xff, 0x3f, 0xff, 0xff,
    0x88, 0x21, 0xff, 0xff, 0xc4, 0x10, 0xff, 0xff,
    0xe2, 0x8, 0x2a, 0xff, 0x9b, 0xff, 0x58, 0x7,
    0xff, 0x2, 0xbf, 0xed, 0x10, 0xf, 0xf9, 0xff,
    0xf1, 0x80, 0x7f, 0xc9, 0xff, 0x98, 0x3, 0xfe,
    0x1e, 0xff, 0xa4, 0x3, 0xff, 0x81, 0x9f, 0xf6,
    0x0, 0x7f, 0xf0, 0x27, 0xfe, 0xe1, 0x0, 0xff,
    0x9b, 0xff, 0x20, 0x7, 0xfc, 0x7f, 0xf9, 0xc0,
    0x3f, 0xe1, 0xef, 0xfa, 0x80, 0x3f, 0xf8, 0x19,
    0xff, 0x68, 0x7, 0xff, 0x2, 0x7f, 0xf1, 0x0,
    0x7f, 0xcd, 0xff, 0x94, 0x3, 0xfe, 0x3f, 0xfd,
    0x0, 0x1f, 0xf0, 0xf7, 0xfe, 0x55, 0xff, 0x81,
    0xff, 0xff, 0xf8, 0x82, 0xff, 0xff, 0xfc, 0x41,
    0x7f, 0xff, 0xfe, 0x20, 0x80,

    /* U+018F "Ə" */
    0x0, 0xfe, 0x27, 0xad, 0xef, 0xf7, 0x64, 0xa0,
    0x7, 0xff, 0x11, 0x33, 0xff, 0xfe, 0xe8, 0x10,
    0xf, 0xfe, 0x5, 0x7f, 0xff, 0xf0, 0xf9, 0x0,
    0x3f, 0x87, 0x7f, 0xff, 0xf8, 0xcc, 0x1, 0xfb,
    0x7f, 0xfb, 0x1d, 0x8, 0x48, 0xda, 0xbf, 0xfc,
    0xa0, 0x1e, 0x9f, 0xfd, 0xa8, 0x1, 0xfc, 0x57,
    0xff, 0xc4, 0x1, 0x8f, 0xff, 0x60, 0x80, 0x7f,
    0xf0, 0x23, 0xff, 0x58, 0x6, 0xaf, 0xfb, 0x84,
    0x3, 0xff, 0x85, 0x5f, 0xf8, 0xc0, 0x32, 0xdf,
    0xb8, 0x7, 0xff, 0xc, 0x7f, 0xf4, 0x80, 0x78,
    0x40, 0x3f, 0xf8, 0xb3, 0xff, 0x70, 0x7, 0xff,
    0x30, 0xff, 0xf1, 0x0, 0x7f, 0xf3, 0x3f, 0xf2,
    0x80, 0x7f, 0xf3, 0x37, 0xfe, 0x70, 0xf, 0xfe,
    0x66, 0x7f, 0xd0, 0x1f, 0xff, 0xfc, 0xf9, 0xf,
    0xff, 0xfe, 0x7c, 0x87, 0x7f, 0xff, 0xf3, 0xa0,
    0x33, 0xfe, 0xd4, 0x4f, 0xfe, 0x37, 0xfe, 0x60,
    0x9f, 0xfb, 0x0, 0x3f, 0xf8, 0xa5, 0xff, 0x90,
    0x17, 0xff, 0x8, 0x7, 0xff, 0x11, 0xbf, 0xf0,
    0x0, 0x7f, 0xf4, 0x0, 0x7f, 0xf1, 0x37, 0xfe,
    0xb0, 0xa, 0xbf, 0xf1, 0x0, 0x7f, 0xf0, 0x9b,
    0xff, 0x28, 0x4, 0x7f, 0xfb, 0x0, 0x3f, 0xf8,
    0x25, 0xff, 0xb8, 0x3, 0xab, 0xff, 0x60, 0x80,
    0x7f, 0x8f, 0xbf, 0xf2, 0x80, 0x70, 0xf7, 0xff,
    0x38, 0x80, 0x78, 0xab, 0xff, 0xa8, 0x3, 0xe3,
    0xff, 0xfb, 0x2a, 0x65, 0x7d, 0xff, 0xec, 0x0,
    0xfe, 0x3e, 0xff, 0xff, 0xe2, 0x58, 0x7, 0xfc,
    0x35, 0xff, 0xff, 0xc2, 0x60, 0xf, 0xfe, 0x11,
    0x4f, 0x7f, 0xfe, 0xc7, 0x0, 0xff, 0xe3, 0x92,
    0xb3, 0xb9, 0x90, 0x40, 0x3f, 0xc0,

    /* U+0192 "ƒ" */
    0x0, 0xfc, 0x31, 0xbf, 0xed, 0x81, 0x0, 0xfe,
    0x3e, 0xff, 0xf9, 0x80, 0x3f, 0x77, 0xff, 0xea,
    0x0, 0xf9, 0xbf, 0xf5, 0x45, 0xfd, 0x80, 0x7e,
    0xaf, 0xf8, 0xc0, 0x23, 0x0, 0xfe, 0xbf, 0xf6,
    0x0, 0x7f, 0xf0, 0xb3, 0xfd, 0x60, 0x1f, 0xfc,
    0x2c, 0xff, 0x58, 0x7, 0xf9, 0xbf, 0xff, 0xed,
    0x0, 0xe6, 0xff, 0xff, 0xb4, 0x3, 0x9b, 0xff,
    0xfe, 0xd0, 0xf, 0x8, 0xd9, 0xfe, 0xb1, 0x1e,
    0x0, 0xfe, 0xcf, 0xf5, 0x80, 0x7f, 0xf0, 0xb3,
    0xfd, 0x60, 0x1f, 0xfc, 0x2c, 0xff, 0x58, 0x7,
    0xff, 0xb, 0x3f, 0xd6, 0x1, 0xff, 0xc2, 0xcf,
    0xf5, 0x80, 0x7f, 0xf0, 0xb3, 0xfd, 0x60, 0x1f,
    0xfc, 0x2c, 0xff, 0x58, 0x7, 0xff, 0xb, 0x3f,
    0xd6, 0x1, 0xff, 0xc2, 0xcf, 0xf5, 0x80, 0x7f,
    0xf0, 0xb3, 0xfd, 0x60, 0x1f, 0xfc, 0x2c, 0xff,
    0x58, 0x7, 0xff, 0xb, 0x3f, 0xd6, 0x1, 0xff,
    0xc2, 0xcf, 0xf5, 0x80, 0x7f, 0xf0, 0xb3, 0xfd,
    0x60, 0x1f, 0xfc, 0x2c, 0xff, 0x58, 0x7, 0xff,
    0xb, 0x3f, 0xd6, 0x1, 0xff, 0xc2, 0xcf, 0xf5,
    0x80, 0x7f, 0xf0, 0xb3, 0xfd, 0x60, 0x1f, 0xfc,
    0x2e, 0xff, 0x50, 0x7, 0xff, 0x4, 0x7f, 0xe8,
    0x0, 0xff, 0xe0, 0xaf, 0xfc, 0x80, 0x1f, 0xfc,
    0x1, 0xef, 0xf7, 0x0, 0x7f, 0x8d, 0x23, 0xbf,
    0xe7, 0x0, 0xfe, 0x6f, 0xff, 0x58, 0x7, 0xf9,
    0xbf, 0xfa, 0x0, 0x3f, 0xe6, 0xfe, 0xb7, 0x10,
    0xf, 0xfe, 0x0,

    /* U+019D "Ɲ" */
    0x0, 0xdb, 0xff, 0x70, 0x7, 0xff, 0x7, 0x7f,
    0xe6, 0x0, 0xdb, 0xff, 0xa0, 0x3, 0xff, 0x81,
    0xbf, 0xf3, 0x0, 0x6d, 0xff, 0xe2, 0x0, 0xff,
    0xb7, 0xfe, 0x60, 0xd, 0xbf, 0xfd, 0x80, 0x1f,
    0xf6, 0xff, 0xcc, 0x1, 0xb7, 0xff, 0xcc, 0x1,
    0xfe, 0xdf, 0xf9, 0x80, 0x36, 0xff, 0xfb, 0x84,
    0x3, 0xfb, 0x7f, 0xe6, 0x0, 0xdb, 0xff, 0xf5,
    0x0, 0x7f, 0x6f, 0xfc, 0xc0, 0x1b, 0x7f, 0xed,
    0xff, 0xc8, 0x1, 0xfb, 0x7f, 0xe6, 0x0, 0xdb,
    0xff, 0x3e, 0x7f, 0xda, 0x1, 0xfb, 0x7f, 0xe6,
    0x0, 0xdb, 0xff, 0x39, 0xff, 0xe8, 0x0, 0xfb,
    0x7f, 0xe6, 0x0, 0xdb, 0xff, 0x38, 0x4f, 0xfe,
    0x20, 0xf, 0x6f, 0xfc, 0xc0, 0x1b, 0x7f, 0xe7,
    0x0, 0x77, 0xfd, 0x80, 0x1e, 0xdf, 0xf9, 0x80,
    0x36, 0xff, 0xce, 0x0, 0x5f, 0xfc, 0xc0, 0x1d,
    0xbf, 0xf3, 0x0, 0x6d, 0xff, 0x9c, 0x2, 0xbf,
    0xfb, 0x84, 0x3, 0x6f, 0xfc, 0xc0, 0x1b, 0x7f,
    0xe7, 0x0, 0x8b, 0xff, 0x50, 0x6, 0xdf, 0xf9,
    0x80, 0x36, 0xff, 0xce, 0x1, 0x9f, 0xff, 0x20,
    0x5, 0xbf, 0xf3, 0x0, 0x6d, 0xff, 0x9c, 0x3,
    0xb7, 0xfe, 0xd0, 0xb, 0x7f, 0xe6, 0x0, 0xdb,
    0xff, 0x38, 0x7, 0x1f, 0xfe, 0x80, 0x6, 0xff,
    0xcc, 0x1, 0xb7, 0xfe, 0x70, 0xf, 0x4f, 0xfe,
    0x20, 0xdf, 0xf9, 0x80, 0x36, 0xff, 0xce, 0x1,
    0xe1, 0xef, 0xfa, 0xc3, 0x7f, 0xe6, 0x0, 0xdb,
    0xff, 0x38, 0x7, 0xcd, 0xff, 0x97, 0x7f, 0xe6,
    0x0, 0xdb, 0xff, 0x38, 0x7, 0xec, 0xff, 0xbb,
    0x9f, 0xf3, 0x0, 0x6d, 0xff, 0x9c, 0x3, 0xf1,
    0x7f, 0xfe, 0x60, 0xd, 0xbf, 0xf3, 0x80, 0x7f,
    0x47, 0xff, 0xcc, 0x1, 0xb7, 0xfe, 0x70, 0xf,
    0xf6, 0xff, 0xf9, 0x80, 0x36, 0xff, 0xce, 0x1,
    0xfe, 0x4f, 0xff, 0x30, 0x6, 0xdf, 0xf9, 0xc0,
    0x3f, 0xea, 0xff, 0xe6, 0x0, 0xdb, 0xff, 0x38,
    0x7, 0xfc, 0x3f, 0xfc, 0xc0, 0x1b, 0x7f, 0xe7,
    0x0, 0xff, 0xe0, 0x37, 0xfe, 0x60, 0xd, 0xbf,
    0xf3, 0x80, 0x7f, 0xf2, 0xb7, 0xfe, 0x60, 0xf,
    0xfe, 0x57, 0xfe, 0x40, 0xf, 0xfe, 0x4b, 0x7f,
    0xe0, 0xf, 0xfe, 0x40, 0xb7, 0xfe, 0x90, 0xf,
    0xfe, 0x3a, 0xff, 0xf6, 0x80, 0x7f, 0xf2, 0x17,
    0xff, 0x50, 0x80, 0x7f, 0xf2, 0x13, 0x2e, 0xc,
    0x3, 0xff, 0x94,

    /* U+01A0 "Ơ" */
    0x0, 0xfe, 0x16, 0xad, 0xef, 0xf7, 0x5c, 0x18,
    0x7, 0xdf, 0xee, 0x0, 0xf8, 0xab, 0xff, 0xfe,
    0xd5, 0x0, 0xef, 0xf7, 0x0, 0x79, 0xff, 0xff,
    0xf8, 0x76, 0x20, 0x1, 0xff, 0x68, 0x7, 0x57,
    0xff, 0xff, 0x17, 0x88, 0x17, 0xfd, 0x60, 0x1a,
    0xbf, 0xfb, 0xa1, 0x4, 0x63, 0x6c, 0xff, 0xee,
    0x3d, 0xff, 0x30, 0x4, 0xdf, 0xfc, 0xe0, 0x1f,
    0xc9, 0xdf, 0xff, 0x68, 0x4, 0x3f, 0xfc, 0x60,
    0x1f, 0xf0, 0xef, 0xff, 0x69, 0x0, 0x53, 0xff,
    0x94, 0x3, 0xff, 0x82, 0x3d, 0xff, 0x84, 0x3,
    0x7f, 0xea, 0x0, 0xff, 0xe1, 0xb7, 0xfe, 0x50,
    0x9, 0x7f, 0xf1, 0x80, 0x7f, 0xf1, 0x3b, 0xfe,
    0xb0, 0xa, 0x7f, 0xed, 0x0, 0xff, 0xe2, 0xc7,
    0xfe, 0x0, 0xb3, 0xfe, 0x80, 0xf, 0xfe, 0x29,
    0xff, 0xe2, 0x0, 0x77, 0xfc, 0xc0, 0x1f, 0xfc,
    0x51, 0xff, 0xc8, 0x0, 0xff, 0xc8, 0x1, 0xff,
    0xc6, 0xff, 0xca, 0x0, 0xff, 0xc6, 0x1, 0xff,
    0xc6, 0xef, 0xf9, 0x80, 0x1f, 0xf9, 0x0, 0x3f,
    0xf8, 0xdd, 0xff, 0x30, 0x3, 0xff, 0x28, 0x7,
    0xff, 0x1b, 0xff, 0x28, 0x3, 0x7f, 0xe7, 0x0,
    0xff, 0xe2, 0x97, 0xfe, 0x30, 0x5, 0xff, 0xd4,
    0x1, 0xff, 0xc5, 0x6f, 0xfc, 0x20, 0x7, 0xff,
    0xc0, 0x1f, 0xfc, 0x5b, 0xff, 0xb4, 0x2, 0x2f,
    0xfc, 0xc0, 0x1f, 0xfc, 0x32, 0xff, 0xd0, 0x1,
    0xb3, 0xfe, 0xe1, 0x0, 0xff, 0xe1, 0x5f, 0xfe,
    0x20, 0xc, 0xbf, 0xfa, 0xc0, 0x3f, 0xf8, 0x2f,
    0xff, 0xa8, 0x3, 0xd7, 0xff, 0xac, 0x40, 0x3f,
    0xd1, 0xff, 0xc2, 0x1, 0xe2, 0xef, 0xfd, 0xcc,
    0x1, 0xf2, 0x67, 0xff, 0x30, 0x7, 0xe4, 0xff,
    0xfb, 0x2a, 0x65, 0x7d, 0xff, 0xe8, 0x0, 0xff,
    0x1f, 0x7f, 0xff, 0xf1, 0x1c, 0x3, 0xff, 0x80,
    0x35, 0xff, 0xff, 0xc1, 0xd3, 0x0, 0xff, 0xe1,
    0x9c, 0xf7, 0xff, 0xeb, 0x50, 0xf, 0xfe, 0x41,
    0x2b, 0xbc, 0xc6, 0x1, 0xff, 0xc0,

    /* U+01A1 "ơ" */
    0x0, 0xff, 0xe4, 0xc, 0x41, 0x40, 0x3f, 0xf9,
    0x7, 0xfe, 0xb0, 0xf, 0xfe, 0x42, 0x7f, 0xa8,
    0x3, 0xe6, 0xbe, 0xff, 0x75, 0xb8, 0x80, 0x65,
    0xff, 0x48, 0x7, 0x37, 0x7f, 0xff, 0x40, 0x5,
    0x5f, 0xe6, 0x0, 0xd5, 0xff, 0xff, 0xc0, 0xc1,
    0x4f, 0xf8, 0x40, 0x2b, 0xff, 0xec, 0xaa, 0x67,
    0xff, 0xf4, 0x0, 0x4f, 0xff, 0xac, 0x80, 0x30,
    0xcf, 0xff, 0xa8, 0x2, 0x1f, 0xfd, 0x40, 0x1f,
    0xa3, 0xff, 0x38, 0x6, 0x7f, 0xfb, 0x80, 0x3f,
    0xd9, 0xff, 0x48, 0x6, 0xbf, 0xfa, 0x0, 0x3f,
    0xcb, 0xff, 0x70, 0x6, 0xff, 0xc6, 0x1, 0xfe,
    0x1f, 0xfc, 0x20, 0x17, 0xfe, 0x10, 0xf, 0xfb,
    0xff, 0x18, 0x0, 0x7f, 0xf0, 0x7, 0xff, 0x3,
    0xbf, 0xe4, 0x0, 0xbf, 0xf0, 0x80, 0x7f, 0xdf,
    0xf8, 0xc0, 0x2e, 0xff, 0x8c, 0x3, 0xfc, 0x3f,
    0xf8, 0x40, 0x2b, 0xff, 0xa0, 0x3, 0xfc, 0xdf,
    0xf7, 0x0, 0x66, 0xff, 0xb8, 0x40, 0x3f, 0xb7,
    0xfe, 0x80, 0xe, 0xef, 0xfa, 0x80, 0x3f, 0x4f,
    0xfe, 0x20, 0xe, 0x6f, 0xfd, 0x66, 0x1, 0x8a,
    0xbf, 0xf3, 0x80, 0x7d, 0x5f, 0xfd, 0xb7, 0x6d,
    0xff, 0xeb, 0x0, 0xfe, 0xaf, 0xff, 0xfe, 0x5,
    0x0, 0x7f, 0xcd, 0xdf, 0xff, 0xce, 0x1, 0xff,
    0xc2, 0x6b, 0xef, 0xf7, 0x5b, 0x88, 0x7, 0xe0,

    /* U+01AF "Ư" */
    0x2f, 0xfc, 0x40, 0x1f, 0xfc, 0x9, 0xff, 0xa8,
    0x1, 0x5f, 0xe3, 0x2f, 0xfc, 0x40, 0x1f, 0xfc,
    0x9, 0xff, 0xa8, 0x1, 0x5f, 0xe3, 0x2f, 0xfc,
    0x40, 0x1f, 0xfc, 0x9, 0xff, 0xa8, 0x1, 0x9f,
    0xe2, 0x27, 0xfe, 0x20, 0xf, 0xfe, 0x4, 0xff,
    0xd4, 0x3, 0xff, 0x1, 0x7f, 0xe2, 0x0, 0xff,
    0xe0, 0x4f, 0xfd, 0x41, 0x3f, 0xeb, 0x2, 0xff,
    0xc4, 0x1, 0xff, 0xc0, 0x9f, 0xfd, 0xdf, 0xf1,
    0x81, 0x7f, 0xe2, 0x0, 0xff, 0xe0, 0x4f, 0xff,
    0xcc, 0x0, 0x2f, 0xfc, 0x40, 0x1f, 0xfc, 0x9,
    0xff, 0xdb, 0x24, 0x1, 0x17, 0xfe, 0x20, 0xf,
    0xfe, 0x4, 0xff, 0xd4, 0x1, 0xe2, 0xff, 0xc4,
    0x1, 0xff, 0xc0, 0x9f, 0xfa, 0x80, 0x3c, 0x5f,
    0xf8, 0x80, 0x3f, 0xf8, 0x13, 0xff, 0x50, 0x7,
    0x8b, 0xff, 0x10, 0x7, 0xff, 0x2, 0x7f, 0xea,
    0x0, 0xf1, 0x7f, 0xe2, 0x0, 0xff, 0xe0, 0x4f,
    0xfd, 0x40, 0x1e, 0x2f, 0xfc, 0x40, 0x1f, 0xfc,
    0x9, 0xff, 0xa8, 0x3, 0xc5, 0xff, 0x88, 0x3,
    0xff, 0x81, 0x3f, 0xf5, 0x0, 0x78, 0xbf, 0xf1,
    0x0, 0x7f, 0xf0, 0x27, 0xfe, 0xa0, 0xf, 0x17,
    0xfe, 0x20, 0xf, 0xfe, 0x4, 0xff, 0xd4, 0x1,
    0xe2, 0xff, 0xc4, 0x1, 0xff, 0xc0, 0x9f, 0xfa,
    0x80, 0x3c, 0x5f, 0xf8, 0x80, 0x3f, 0xf8, 0x15,
    0xff, 0x50, 0x7, 0x87, 0xff, 0x18, 0x7, 0xff,
    0x2, 0xff, 0xe9, 0x0, 0xfb, 0xff, 0x28, 0x7,
    0xff, 0x3, 0x7f, 0xe8, 0x0, 0xfb, 0x7f, 0xe9,
    0x0, 0xff, 0x87, 0xff, 0x28, 0x7, 0xd5, 0xff,
    0x70, 0x7, 0xfc, 0xdf, 0xf8, 0x40, 0x3e, 0x5f,
    0xfd, 0x0, 0x1f, 0xc3, 0xdf, 0xf6, 0x0, 0x7f,
    0x6f, 0xfe, 0x90, 0xf, 0x8f, 0xbf, 0xf2, 0x80,
    0x7f, 0x2f, 0xff, 0xaa, 0x19, 0xe7, 0x7f, 0xfa,
    0xc0, 0x3f, 0xe8, 0xff, 0xff, 0xe1, 0xe8, 0x80,
    0x7f, 0xf0, 0x1b, 0xff, 0xff, 0x83, 0x62, 0x1,
    0xff, 0xc2, 0x18, 0xef, 0xff, 0xd6, 0x80, 0x1f,
    0xfc, 0x72, 0x56, 0x77, 0x32, 0x0, 0x7f, 0xf0,
    0x80,

    /* U+01B0 "ư" */
    0x0, 0xff, 0xe3, 0xc, 0x41, 0x80, 0x3f, 0xf8,
    0xc5, 0xfe, 0xc0, 0xf, 0xfe, 0x31, 0x7f, 0xac,
    0x3, 0xff, 0x8c, 0x9f, 0xea, 0x0, 0xff, 0xe3,
    0x57, 0xf9, 0xc0, 0x3f, 0xf8, 0x83, 0x1f, 0xf0,
    0xb7, 0xfd, 0x60, 0x1f, 0xd9, 0xff, 0xce, 0xd,
    0xff, 0x58, 0x7, 0xf6, 0x7f, 0xe8, 0x0, 0x37,
    0xfd, 0x60, 0x1f, 0xd9, 0xff, 0x30, 0x4, 0xdf,
    0xf5, 0x80, 0x7f, 0x67, 0xfc, 0x80, 0x13, 0x7f,
    0xd6, 0x1, 0xfd, 0x9f, 0xf2, 0x0, 0x4d, 0xff,
    0x58, 0x7, 0xf6, 0x7f, 0xc8, 0x1, 0x37, 0xfd,
    0x60, 0x1f, 0xd9, 0xff, 0x20, 0x4, 0xdf, 0xf5,
    0x80, 0x7f, 0x67, 0xfc, 0x80, 0x13, 0x7f, 0xd6,
    0x1, 0xfd, 0x9f, 0xf2, 0x0, 0x4d, 0xff, 0x58,
    0x7, 0xf6, 0x7f, 0xc8, 0x1, 0x37, 0xfd, 0x60,
    0x1f, 0xdb, 0xff, 0x20, 0x4, 0xdf, 0xf5, 0x80,
    0x7f, 0x77, 0xfc, 0x80, 0x13, 0x7f, 0xd8, 0x1,
    0xfd, 0xff, 0x90, 0x2, 0x5f, 0xfb, 0x40, 0x3f,
    0x1f, 0xfe, 0x40, 0x9, 0x3f, 0xf0, 0x80, 0x7d,
    0x3f, 0xf9, 0x0, 0x21, 0xff, 0xd0, 0x1, 0xe2,
    0xff, 0xe4, 0x0, 0xd9, 0xff, 0x98, 0x3, 0x1e,
    0xff, 0xf2, 0x0, 0x66, 0xff, 0xed, 0xaa, 0x67,
    0xff, 0xc8, 0x1, 0xd7, 0xff, 0xfe, 0xbc, 0xff,
    0x90, 0x3, 0xd5, 0xff, 0xfa, 0x83, 0x3f, 0xe4,
    0x0, 0xf9, 0x2b, 0x7f, 0xdb, 0x26, 0x0, 0xcf,
    0xf9, 0x0, 0x20,

    /* U+01CD "Ǎ" */
    0x0, 0xf9, 0x22, 0xa, 0x1, 0xc5, 0x10, 0x60,
    0xf, 0xfe, 0x1e, 0x7f, 0x98, 0x2, 0x2e, 0xfe,
    0x20, 0xf, 0xfe, 0x26, 0x7f, 0x94, 0xb, 0xbf,
    0xc6, 0x1, 0xff, 0xc5, 0x1d, 0xff, 0x36, 0xff,
    0x8c, 0x3, 0xff, 0x8e, 0x3b, 0xff, 0x90, 0x3,
    0xff, 0x92, 0x3b, 0xfe, 0x40, 0xf, 0xfe, 0x58,
    0xea, 0x0, 0x7f, 0xff, 0xc0, 0x7, 0xff, 0x38,
    0x7, 0xff, 0x2a, 0x7f, 0xed, 0x0, 0xff, 0xe5,
    0x7f, 0xf2, 0x0, 0x7f, 0xf2, 0x1b, 0xff, 0xa8,
    0x3, 0xff, 0x91, 0x9f, 0xfe, 0x10, 0xf, 0xfe,
    0x31, 0xff, 0xfc, 0xc0, 0x1f, 0xfc, 0x69, 0xff,
    0xb3, 0xfe, 0xd0, 0xf, 0xfe, 0x37, 0x7f, 0xc7,
    0xdf, 0xf1, 0x80, 0x7f, 0xf1, 0x17, 0xfe, 0xd0,
    0x8f, 0xfa, 0x40, 0x3f, 0xf8, 0x99, 0xff, 0x38,
    0x17, 0xfe, 0x0, 0xff, 0xe1, 0x97, 0xfe, 0x10,
    0x6, 0x7f, 0xcc, 0x1, 0xff, 0xc2, 0x8f, 0xfa,
    0xc0, 0x26, 0xff, 0xb0, 0x3, 0xff, 0x85, 0xdf,
    0xf2, 0x80, 0x43, 0xff, 0x88, 0x3, 0xff, 0x80,
    0xbf, 0xf8, 0x3, 0xaf, 0xfe, 0x80, 0xf, 0xfe,
    0x5, 0xff, 0xd2, 0x1, 0xcb, 0xff, 0x70, 0x7,
    0xfc, 0x3f, 0xf9, 0x0, 0x3d, 0xdf, 0xf2, 0x80,
    0x7f, 0xa3, 0xfe, 0xe0, 0xf, 0xa7, 0xfe, 0xb0,
    0xf, 0xf7, 0x7f, 0xd0, 0x1, 0xf1, 0xff, 0xe2,
    0x0, 0xfc, 0x9f, 0xf8, 0x80, 0x3f, 0x6f, 0xfd,
    0x0, 0x1f, 0xab, 0xff, 0xff, 0x8b, 0xc0, 0x1f,
    0xf, 0xff, 0xff, 0x1d, 0x0, 0x3c, 0xff, 0xff,
    0xfc, 0x7b, 0x0, 0xf6, 0xff, 0xed, 0xdf, 0xfb,
    0xff, 0x84, 0x3, 0x27, 0xfe, 0x50, 0xf, 0xf8,
    0x7f, 0xf3, 0x80, 0x6a, 0xff, 0xb8, 0x3, 0xff,
    0x83, 0x5f, 0xf6, 0x80, 0x43, 0xff, 0xa4, 0x3,
    0xff, 0x82, 0x9f, 0xf9, 0x0, 0xd, 0xff, 0x8c,
    0x3, 0xff, 0x85, 0xdf, 0xf5, 0x0, 0x37, 0xfe,
    0xd0, 0xf, 0xfe, 0x1c, 0xff, 0xe1, 0x3f, 0xfc,
    0xe0, 0x1f, 0xfc, 0x33, 0xff, 0xcc,

    /* U+01CE "ǎ" */
    0x0, 0xcf, 0xfe, 0xc0, 0xe, 0xbf, 0xf3, 0x80,
    0x7e, 0x7f, 0xf5, 0x80, 0x57, 0xfe, 0x70, 0xf,
    0xf4, 0x7f, 0xac, 0x2b, 0xfd, 0x0, 0x1f, 0xfc,
    0x8, 0xff, 0x77, 0xfa, 0x0, 0x3f, 0xf8, 0x53,
    0xff, 0x48, 0x7, 0xff, 0x12, 0x7e, 0x80, 0x3f,
    0xf8, 0xcc, 0x1, 0xff, 0xd6, 0x15, 0xad, 0xef,
    0xed, 0x94, 0x0, 0xfc, 0x33, 0xff, 0xfe, 0xd2,
    0x0, 0xe4, 0xef, 0xff, 0xfe, 0x9, 0x80, 0x49,
    0xff, 0xdd, 0x53, 0x15, 0xdf, 0xfb, 0x80, 0x35,
    0x7f, 0xb5, 0x0, 0x3c, 0xff, 0xf9, 0xc0, 0x34,
    0x48, 0x7, 0xf4, 0xff, 0xd8, 0x1, 0xff, 0xc3,
    0x2f, 0xfc, 0x1, 0xff, 0xc4, 0xff, 0xc2, 0x1,
    0x92, 0x73, 0xbf, 0xff, 0xe2, 0x0, 0xd, 0xff,
    0xff, 0xf0, 0xc8, 0x1, 0xbf, 0xff, 0xfc, 0x42,
    0x7, 0xff, 0xd6, 0x84, 0x23, 0xef, 0xfc, 0x41,
    0xbf, 0xf5, 0x0, 0x7f, 0x7f, 0xe2, 0xf, 0xfc,
    0x40, 0x1f, 0x8f, 0xff, 0x10, 0x7f, 0xe1, 0x0,
    0xfd, 0x5f, 0xf8, 0x83, 0xbf, 0xe4, 0x0, 0xf9,
    0x7f, 0xf8, 0x82, 0xbf, 0xed, 0x20, 0xe, 0x6f,
    0xff, 0x10, 0x1f, 0xff, 0x4b, 0xb4, 0x6f, 0xff,
    0xc4, 0x0, 0x7f, 0xff, 0xf9, 0x77, 0xfe, 0x20,
    0x9, 0xbf, 0xff, 0x72, 0x5, 0xff, 0xc4, 0x1,
    0x85, 0xef, 0xbf, 0xb1, 0xc4, 0x1, 0x5f, 0xf1,
    0x0,

    /* U+01CF "Ǐ" */
    0x6, 0x88, 0x18, 0x7, 0x2c, 0x41, 0x0, 0xfb,
    0xf8, 0x80, 0x26, 0xff, 0x60, 0x4, 0x7f, 0xee,
    0x20, 0x5f, 0xf6, 0x0, 0x71, 0xff, 0xb5, 0xbf,
    0xd8, 0x20, 0x1e, 0x4f, 0xfd, 0xa2, 0x1, 0xf9,
    0x3f, 0xda, 0x20, 0x1f, 0xe5, 0xd1, 0x0, 0xff,
    0xed, 0x6f, 0xfc, 0xe0, 0x1f, 0xdb, 0xff, 0x38,
    0x7, 0xf6, 0xff, 0xce, 0x1, 0xfd, 0xbf, 0xf3,
    0x80, 0x7f, 0x6f, 0xfc, 0xe0, 0x1f, 0xdb, 0xff,
    0x38, 0x7, 0xf6, 0xff, 0xce, 0x1, 0xfd, 0xbf,
    0xf3, 0x80, 0x7f, 0x6f, 0xfc, 0xe0, 0x1f, 0xdb,
    0xff, 0x38, 0x7, 0xf6, 0xff, 0xce, 0x1, 0xfd,
    0xbf, 0xf3, 0x80, 0x7f, 0x6f, 0xfc, 0xe0, 0x1f,
    0xdb, 0xff, 0x38, 0x7, 0xf6, 0xff, 0xce, 0x1,
    0xfd, 0xbf, 0xf3, 0x80, 0x7f, 0x6f, 0xfc, 0xe0,
    0x1f, 0xdb, 0xff, 0x38, 0x7, 0xf6, 0xff, 0xce,
    0x1, 0xfd, 0xbf, 0xf3, 0x80, 0x7f, 0x6f, 0xfc,
    0xe0, 0x1f, 0xdb, 0xff, 0x38, 0x7, 0xf6, 0xff,
    0xce, 0x1, 0xfd, 0xbf, 0xf3, 0x80, 0x7f, 0x6f,
    0xfc, 0xe0, 0x1f, 0xdb, 0xff, 0x38, 0x7, 0xf6,
    0xff, 0xce, 0x1, 0xfd, 0xbf, 0xf3, 0x80, 0x7f,
    0x6f, 0xfc, 0xe0, 0x18,

    /* U+01D0 "ǐ" */
    0x2e, 0xff, 0x18, 0x6, 0x6f, 0xf6, 0x0, 0xb,
    0xbf, 0xc6, 0x0, 0x6f, 0xf6, 0x0, 0x63, 0xff,
    0x8d, 0xff, 0xda, 0x20, 0x1c, 0x7f, 0xfd, 0xa2,
    0x1, 0xf1, 0xff, 0xda, 0x20, 0x1f, 0xc9, 0xfc,
    0x20, 0x1f, 0xf2, 0x10, 0x7, 0xff, 0x30, 0xff,
    0xf0, 0x7, 0xf1, 0xff, 0xe0, 0xf, 0xe3, 0xff,
    0xc0, 0x1f, 0xc7, 0xff, 0x80, 0x3f, 0x8f, 0xff,
    0x0, 0x7f, 0x1f, 0xfe, 0x0, 0xfe, 0x3f, 0xfc,
    0x1, 0xfc, 0x7f, 0xf8, 0x3, 0xf8, 0xff, 0xf0,
    0x7, 0xf1, 0xff, 0xe0, 0xf, 0xe3, 0xff, 0xc0,
    0x1f, 0xc7, 0xff, 0x80, 0x3f, 0x8f, 0xff, 0x0,
    0x7f, 0x1f, 0xfe, 0x0, 0xfe, 0x3f, 0xfc, 0x1,
    0xfc, 0x7f, 0xf8, 0x3, 0xf8, 0xff, 0xf0, 0x7,
    0xf1, 0xff, 0xe0, 0xf, 0xe3, 0xff, 0xc0, 0x1f,
    0xc7, 0xff, 0x80, 0x3f, 0x8f, 0xff, 0x0, 0x70,

    /* U+01D1 "Ǒ" */
    0x0, 0xfc, 0x9f, 0xed, 0x0, 0xe8, 0xff, 0x48,
    0x7, 0xff, 0x15, 0x7f, 0xd6, 0x1, 0x2f, 0xfa,
    0x80, 0x3f, 0xf8, 0xeb, 0xfe, 0x90, 0x3f, 0xf5,
    0x0, 0x7f, 0xf2, 0x5b, 0xfd, 0x1d, 0xf6, 0x1,
    0xff, 0xcb, 0x6f, 0xfa, 0xc0, 0x3f, 0xf9, 0xaf,
    0xf8, 0x1, 0xff, 0xcf, 0x50, 0xf, 0xff, 0xf8,
    0x7, 0x85, 0xab, 0x7b, 0xfd, 0xd7, 0x6, 0x1,
    0xff, 0xc4, 0x2a, 0xff, 0xff, 0xb5, 0x40, 0x3f,
    0xf8, 0x2f, 0xff, 0xff, 0xc3, 0xb1, 0x0, 0xff,
    0x57, 0xff, 0xff, 0x17, 0x88, 0x3, 0xf5, 0x7f,
    0xf7, 0x42, 0x8, 0xc6, 0xd9, 0xff, 0xdc, 0x20,
    0x1e, 0x6f, 0xfe, 0x70, 0xf, 0xe4, 0xef, 0xfd,
    0x80, 0x1c, 0x3f, 0xfc, 0x60, 0x1f, 0xf0, 0xef,
    0xfe, 0x60, 0xd, 0x3f, 0xf9, 0x40, 0x3f, 0xf8,
    0x23, 0xdf, 0xf7, 0x0, 0x6f, 0xfd, 0x40, 0x1f,
    0xfc, 0x36, 0xff, 0xca, 0x0, 0x5f, 0xfc, 0x60,
    0x1f, 0xfc, 0x4e, 0xff, 0xac, 0x1, 0x3f, 0xf6,
    0x80, 0x7f, 0xf1, 0x63, 0xff, 0x0, 0x33, 0xfe,
    0x80, 0xf, 0xfe, 0x29, 0xff, 0xe2, 0xe, 0xff,
    0x98, 0x3, 0xff, 0x8a, 0x3f, 0xf9, 0x3, 0xff,
    0x20, 0x7, 0xff, 0x1b, 0xff, 0x28, 0x7f, 0xe3,
    0x0, 0xff, 0xe3, 0x77, 0xfc, 0xc1, 0xff, 0x90,
    0x3, 0xff, 0x8d, 0xdf, 0xf3, 0x7, 0xfe, 0x50,
    0xf, 0xfe, 0x37, 0xfe, 0x50, 0xdf, 0xf9, 0xc0,
    0x3f, 0xf8, 0xa5, 0xff, 0x8c, 0x2f, 0xfe, 0xa0,
    0xf, 0xfe, 0x2b, 0x7f, 0xe1, 0x7, 0xff, 0xc0,
    0x1f, 0xfc, 0x5b, 0xff, 0xb4, 0x0, 0x5f, 0xf9,
    0x80, 0x3f, 0xf8, 0x65, 0xff, 0xa0, 0x2, 0xcf,
    0xfb, 0x84, 0x3, 0xff, 0x85, 0x7f, 0xf8, 0x80,
    0x25, 0xff, 0xd6, 0x1, 0xff, 0xc1, 0x7f, 0xfd,
    0x40, 0x1d, 0x7f, 0xfa, 0xc4, 0x3, 0xfd, 0x1f,
    0xfc, 0x20, 0x1c, 0x5d, 0xff, 0xb9, 0x80, 0x3e,
    0x4c, 0xff, 0xe6, 0x0, 0xf9, 0x3f, 0xfe, 0xca,
    0x99, 0x5f, 0x7f, 0xfa, 0x0, 0x3f, 0x8f, 0xbf,
    0xff, 0xf8, 0x8e, 0x1, 0xff, 0xd, 0x7f, 0xff,
    0xf0, 0x74, 0xc0, 0x3f, 0xf8, 0x47, 0x3d, 0xff,
    0xfa, 0xd4, 0x3, 0xff, 0x8e, 0x4a, 0xef, 0x31,
    0x80, 0x7f, 0xc0,

    /* U+01D2 "ǒ" */
    0x0, 0xec, 0xff, 0x30, 0x6, 0x3f, 0xf7, 0x10,
    0x7, 0xf0, 0xef, 0xf9, 0x40, 0x7, 0xdf, 0xc4,
    0x1, 0xff, 0xe, 0xff, 0x94, 0xbb, 0xf8, 0x80,
    0x3f, 0xf8, 0x23, 0xbf, 0xee, 0xff, 0x18, 0x7,
    0xff, 0xc, 0x77, 0xfe, 0x30, 0xf, 0xfe, 0x29,
    0x77, 0x98, 0x7, 0xff, 0x1c, 0x90, 0x3, 0xff,
    0xb6, 0xd7, 0xdf, 0xee, 0xb7, 0x10, 0xf, 0xf9,
    0xbb, 0xff, 0xfa, 0x0, 0x3f, 0xab, 0xff, 0xff,
    0x81, 0x82, 0x1, 0xeb, 0xff, 0xec, 0xaa, 0x67,
    0xff, 0x60, 0x7, 0x3f, 0xfe, 0xb2, 0x0, 0xc3,
    0x3f, 0xfa, 0x40, 0x21, 0xff, 0xd4, 0x1, 0xfa,
    0x3f, 0xf1, 0x0, 0x1f, 0xfe, 0xe0, 0xf, 0xf6,
    0x7f, 0xd2, 0x0, 0xbf, 0xfa, 0x0, 0x3f, 0xcb,
    0xff, 0x70, 0x3, 0xff, 0x18, 0x7, 0xf8, 0x7f,
    0xf0, 0x87, 0xfe, 0x10, 0xf, 0xfb, 0xff, 0x18,
    0xff, 0xe0, 0xf, 0xfe, 0x7, 0x7f, 0xc8, 0x1f,
    0xf8, 0x40, 0x3f, 0xef, 0xfc, 0x61, 0xdf, 0xf1,
    0x80, 0x7f, 0x87, 0xff, 0x8, 0x5f, 0xfd, 0x0,
    0x1f, 0xe6, 0xff, 0xb8, 0x0, 0xdf, 0xf7, 0x8,
    0x7, 0xf6, 0xff, 0xd0, 0x1, 0x77, 0xfd, 0x40,
    0x1f, 0xa7, 0xff, 0x10, 0x4, 0xdf, 0xfa, 0xcc,
    0x3, 0x15, 0x7f, 0xe7, 0x0, 0xea, 0xff, 0xed,
    0xbb, 0x6f, 0xff, 0x58, 0x7, 0xd5, 0xff, 0xff,
    0xc0, 0xa0, 0xf, 0xe6, 0xef, 0xff, 0xe7, 0x0,
    0xff, 0xe0, 0x35, 0xf7, 0xfb, 0xad, 0xc4, 0x3,
    0xc0,

    /* U+01D3 "Ǔ" */
    0x0, 0xe3, 0xff, 0x70, 0x80, 0x66, 0xff, 0x58,
    0x7, 0xfc, 0x7f, 0xed, 0x10, 0x2, 0xff, 0xac,
    0x3, 0xff, 0x82, 0x9f, 0xec, 0x4, 0xff, 0x60,
    0x7, 0xff, 0xd, 0x3f, 0xd7, 0xfe, 0xc0, 0xf,
    0xfe, 0x2a, 0xff, 0xd8, 0x1, 0xff, 0xc7, 0x5f,
    0xd1, 0x0, 0xff, 0xe4, 0x28, 0x80, 0x7f, 0xfb,
    0xb, 0xff, 0x10, 0x7, 0xff, 0x2, 0x7f, 0xea,
    0x2f, 0xfc, 0x40, 0x1f, 0xfc, 0x9, 0xff, 0xa8,
    0xbf, 0xf1, 0x0, 0x7f, 0xf0, 0x27, 0xfe, 0xa2,
    0xff, 0xc4, 0x1, 0xff, 0xc0, 0x9f, 0xfa, 0x8b,
    0xff, 0x10, 0x7, 0xff, 0x2, 0x7f, 0xea, 0x2f,
    0xfc, 0x40, 0x1f, 0xfc, 0x9, 0xff, 0xa8, 0xbf,
    0xf1, 0x0, 0x7f, 0xf0, 0x27, 0xfe, 0xa2, 0xff,
    0xc4, 0x1, 0xff, 0xc0, 0x9f, 0xfa, 0x8b, 0xff,
    0x10, 0x7, 0xff, 0x2, 0x7f, 0xea, 0x2f, 0xfc,
    0x40, 0x1f, 0xfc, 0x9, 0xff, 0xa8, 0xbf, 0xf1,
    0x0, 0x7f, 0xf0, 0x27, 0xfe, 0xa2, 0xff, 0xc4,
    0x1, 0xff, 0xc0, 0x9f, 0xfa, 0x8b, 0xff, 0x10,
    0x7, 0xff, 0x2, 0x7f, 0xea, 0x2f, 0xfc, 0x40,
    0x1f, 0xfc, 0x9, 0xff, 0xa8, 0xbf, 0xf1, 0x0,
    0x7f, 0xf0, 0x27, 0xfe, 0xa2, 0xff, 0xc4, 0x1,
    0xff, 0xc0, 0x9f, 0xfa, 0x8b, 0xff, 0x10, 0x7,
    0xff, 0x2, 0x7f, 0xea, 0x2f, 0xfc, 0x40, 0x1f,
    0xfc, 0x9, 0xff, 0xa8, 0xbf, 0xf1, 0x0, 0x7f,
    0xf0, 0x2b, 0xfe, 0xa1, 0xff, 0xc6, 0x1, 0xff,
    0xc0, 0xbf, 0xfa, 0x43, 0xff, 0x28, 0x7, 0xff,
    0x3, 0x7f, 0xe8, 0xd, 0xff, 0xa4, 0x3, 0xfe,
    0x1f, 0xfc, 0xa1, 0x5f, 0xf7, 0x0, 0x7f, 0xcd,
    0xff, 0x84, 0x17, 0xff, 0x40, 0x7, 0xf0, 0xf7,
    0xfd, 0x80, 0x16, 0xff, 0xe9, 0x0, 0xf8, 0xfb,
    0xff, 0x28, 0x4, 0xbf, 0xfe, 0xa8, 0x67, 0x9d,
    0xff, 0xeb, 0x0, 0xe8, 0xff, 0xff, 0xe1, 0xe8,
    0x80, 0x79, 0xbf, 0xff, 0xf8, 0x36, 0x20, 0x1f,
    0x86, 0x3b, 0xff, 0xf5, 0xa0, 0x7, 0xff, 0x4,
    0x95, 0x9d, 0xcc, 0x80, 0x1f, 0x80,

    /* U+01D4 "ǔ" */
    0x0, 0xa3, 0xfd, 0x60, 0x18, 0x73, 0xfc, 0xa0,
    0x1f, 0x47, 0xfa, 0xc0, 0x3, 0x9f, 0xe6, 0x0,
    0xfe, 0x9f, 0xf5, 0x8e, 0xff, 0x98, 0x3, 0xfe,
    0x9f, 0xfe, 0x70, 0xf, 0xfe, 0xd, 0x7f, 0xd0,
    0x1, 0xff, 0xc3, 0xaf, 0x80, 0xf, 0xfe, 0x2b,
    0x0, 0x7f, 0xf4, 0x1b, 0xfe, 0xb0, 0xf, 0xec,
    0xff, 0x91, 0xbf, 0xeb, 0x0, 0xfe, 0xcf, 0xf9,
    0x1b, 0xfe, 0xb0, 0xf, 0xec, 0xff, 0x91, 0xbf,
    0xeb, 0x0, 0xfe, 0xcf, 0xf9, 0x1b, 0xfe, 0xb0,
    0xf, 0xec, 0xff, 0x91, 0xbf, 0xeb, 0x0, 0xfe,
    0xcf, 0xf9, 0x1b, 0xfe, 0xb0, 0xf, 0xec, 0xff,
    0x91, 0xbf, 0xeb, 0x0, 0xfe, 0xcf, 0xf9, 0x1b,
    0xfe, 0xb0, 0xf, 0xec, 0xff, 0x91, 0xbf, 0xeb,
    0x0, 0xfe, 0xcf, 0xf9, 0x1b, 0xfe, 0xb0, 0xf,
    0xed, 0xff, 0x91, 0xbf, 0xeb, 0x0, 0xfe, 0xef,
    0xf9, 0x1b, 0xfe, 0xc0, 0xf, 0xef, 0xfc, 0x8b,
    0xff, 0x68, 0x7, 0xe3, 0xff, 0xc8, 0x8f, 0xfc,
    0x20, 0x1f, 0x4f, 0xfe, 0x41, 0xff, 0xd0, 0x1,
    0xe2, 0xff, 0xe4, 0xc, 0xff, 0xcc, 0x1, 0x8f,
    0x7f, 0xf9, 0x1, 0xbf, 0xfb, 0x6a, 0x99, 0xff,
    0xf2, 0x0, 0x2f, 0xff, 0xfd, 0x79, 0xff, 0x20,
    0x5, 0x5f, 0xff, 0xa8, 0x33, 0xfe, 0x40, 0xc,
    0x95, 0xbf, 0xed, 0x93, 0x0, 0x67, 0xfc, 0x80,

    /* U+01E6 "Ǧ" */
    0x0, 0xfc, 0xbf, 0xec, 0x0, 0xe9, 0xff, 0x48,
    0x7, 0xff, 0x11, 0x7f, 0xd4, 0x1, 0x37, 0xfa,
    0x40, 0x3f, 0xf8, 0xcd, 0xfe, 0x80, 0x4f, 0xf5,
    0x0, 0x7f, 0xf2, 0x1b, 0xfd, 0x1f, 0xea, 0x0,
    0xff, 0xe5, 0x3f, 0xfd, 0x40, 0x1f, 0xfc, 0xc7,
    0xfb, 0x0, 0xff, 0xe7, 0x30, 0x7, 0xff, 0xfc,
    0x2, 0x16, 0xad, 0xef, 0xf7, 0x5c, 0x18, 0x7,
    0xff, 0xc, 0xab, 0xff, 0xfe, 0xd6, 0x0, 0xff,
    0xe0, 0x3f, 0xff, 0xff, 0xf, 0x8, 0x3, 0xfa,
    0xbf, 0xff, 0xf8, 0xc6, 0x1, 0xf5, 0x7f, 0xf7,
    0x42, 0x8, 0xc6, 0xd7, 0xff, 0xe3, 0x0, 0xe6,
    0xff, 0xe7, 0x0, 0xfe, 0x3d, 0xff, 0xda, 0x1,
    0x87, 0xff, 0x90, 0x3, 0xff, 0x81, 0x7f, 0xf9,
    0xc0, 0x29, 0xff, 0xca, 0x1, 0xff, 0xc2, 0xdf,
    0xfb, 0x80, 0x2f, 0xfd, 0x40, 0x1f, 0xfc, 0x33,
    0xfc, 0x72, 0x0, 0x2f, 0xfe, 0x30, 0xf, 0xfe,
    0x20, 0x80, 0x74, 0xff, 0xda, 0x1, 0xff, 0xcb,
    0xcf, 0xfa, 0x0, 0x3f, 0xf9, 0x7d, 0xff, 0x30,
    0x7, 0xff, 0x2f, 0xff, 0x20, 0x7, 0xfb, 0x37,
    0x7f, 0xc2, 0x1f, 0xf8, 0xc0, 0x3f, 0xdf, 0xff,
    0xf1, 0x7, 0xfe, 0x40, 0xf, 0xf7, 0xff, 0xfc,
    0x41, 0xff, 0x94, 0x3, 0xfd, 0xff, 0xff, 0x10,
    0x6f, 0xfc, 0xe0, 0x1f, 0xfc, 0x5b, 0xff, 0x88,
    0x2f, 0xfe, 0xa0, 0xf, 0xfe, 0x2e, 0xff, 0xc4,
    0xf, 0xff, 0x80, 0x3f, 0xf8, 0xbf, 0xf8, 0x80,
    0xbf, 0xf3, 0x0, 0x7f, 0xf0, 0xd7, 0xff, 0x10,
    0x3, 0x3f, 0xee, 0x10, 0xf, 0xfe, 0x16, 0xff,
    0xe2, 0x0, 0x2f, 0xfe, 0xb0, 0xf, 0xfe, 0xc,
    0x7f, 0xf1, 0x0, 0x57, 0xff, 0xac, 0x40, 0x3f,
    0xd1, 0xff, 0xe2, 0x0, 0x8b, 0xbf, 0xf7, 0x30,
    0x80, 0x79, 0x33, 0xff, 0xe2, 0x0, 0xc9, 0xff,
    0xf6, 0x54, 0xca, 0xff, 0xfa, 0xff, 0xf1, 0x0,
    0x72, 0x77, 0xff, 0xff, 0xb, 0x47, 0xbf, 0xe2,
    0x0, 0xf0, 0xdf, 0xff, 0xff, 0x2, 0xc4, 0x33,
    0xfe, 0x20, 0xf, 0xc7, 0x5f, 0xff, 0xb1, 0x40,
    0x2b, 0xff, 0x88, 0x3, 0xfe, 0x36, 0x77, 0x32,
    0x88, 0x7, 0xf8,

    /* U+01E7 "ǧ" */
    0x0, 0x8b, 0xbf, 0xc6, 0x1, 0x97, 0xfd, 0x80,
    0x1f, 0xc5, 0xdf, 0xe3, 0x0, 0x2f, 0xfb, 0x44,
    0x3, 0xfc, 0x5d, 0xfc, 0x69, 0xfe, 0xd1, 0x0,
    0xff, 0xe0, 0x1f, 0x7f, 0x7f, 0xb4, 0x40, 0x3f,
    0xf8, 0x47, 0xff, 0x70, 0x80, 0x7f, 0xf1, 0xf,
    0xf8, 0x80, 0x3f, 0xf8, 0xc8, 0x40, 0x1f, 0xfc,
    0xfb, 0xa0, 0xf, 0xcb, 0x7b, 0xfd, 0x90, 0x40,
    0x5b, 0xfe, 0x70, 0xe, 0x4e, 0xff, 0xfd, 0xdf,
    0xfb, 0x40, 0x33, 0x7f, 0xff, 0xf0, 0xac, 0x40,
    0x23, 0xff, 0xdd, 0xa, 0xd7, 0xff, 0xd2, 0x1,
    0xd9, 0xff, 0x60, 0x7, 0x2f, 0xfe, 0x30, 0xc,
    0x5f, 0xf8, 0x40, 0x3d, 0x3f, 0xf4, 0x80, 0x65,
    0xff, 0xb0, 0x3, 0xe4, 0xff, 0xb0, 0x3, 0x37,
    0xfd, 0x40, 0x1f, 0x1f, 0xfd, 0xc0, 0x19, 0x7f,
    0xec, 0x0, 0xf9, 0x3f, 0xed, 0x0, 0xc7, 0xff,
    0x84, 0x3, 0xd3, 0xff, 0x58, 0x7, 0x6f, 0xfd,
    0x60, 0x1c, 0x9f, 0xf9, 0x80, 0x39, 0x3f, 0xf6,
    0xba, 0x2c, 0xff, 0xed, 0x0, 0xfb, 0x7f, 0xff,
    0xee, 0x20, 0xf, 0x47, 0xff, 0xfd, 0x84, 0x1,
    0xe5, 0xff, 0x99, 0x97, 0xbf, 0xed, 0xa4, 0x0,
    0xfd, 0x7f, 0xee, 0x0, 0xff, 0xe2, 0xf7, 0xfc,
    0x20, 0x1f, 0xfc, 0x4c, 0xff, 0xb5, 0x88, 0x3,
    0xff, 0x84, 0xdf, 0xff, 0x65, 0x3a, 0x8, 0x7,
    0xf3, 0xff, 0xff, 0xdd, 0x26, 0x1, 0xf3, 0x7f,
    0xff, 0xf0, 0x68, 0x3, 0xa3, 0xfe, 0x66, 0x56,
    0xff, 0xfe, 0xa0, 0x0, 0xe7, 0xfc, 0xa0, 0x1c,
    0x4b, 0x3f, 0xfc, 0x40, 0xdf, 0xf4, 0x80, 0x7f,
    0xf, 0x7f, 0xc8, 0xb, 0xff, 0x40, 0x7, 0xfa,
    0xff, 0xe5, 0x2, 0xff, 0xb8, 0x80, 0x3f, 0xbb,
    0xfe, 0x20, 0x5, 0x7f, 0xe9, 0x41, 0x0, 0x89,
    0xb7, 0xfe, 0xc0, 0x8, 0x73, 0xff, 0xff, 0x85,
    0xc4, 0x1, 0xd1, 0xff, 0xff, 0xc0, 0xb2, 0x0,
    0xf8, 0x56, 0x73, 0xbf, 0xee, 0xb8, 0x30, 0xe,

    /* U+01EA "Ǫ" */
    0x0, 0xfe, 0x16, 0xad, 0xef, 0xf7, 0x5c, 0x18,
    0x7, 0xff, 0x10, 0xab, 0xff, 0xfe, 0xd5, 0x0,
    0xff, 0xe0, 0xbf, 0xff, 0xff, 0xe, 0xc4, 0x3,
    0xfd, 0x5f, 0xff, 0xfc, 0x5e, 0x20, 0xf, 0xd5,
    0xff, 0xdd, 0x8, 0x23, 0x1b, 0x67, 0xff, 0x70,
    0x80, 0x79, 0xbf, 0xf9, 0xc0, 0x3f, 0x93, 0xbf,
    0xf6, 0x0, 0x70, 0xff, 0xf1, 0x80, 0x7f, 0xc3,
    0xbf, 0xf9, 0x80, 0x34, 0xff, 0xe5, 0x0, 0xff,
    0xe0, 0x8f, 0x7f, 0xdc, 0x1, 0xbf, 0xf5, 0x0,
    0x7f, 0xf0, 0xdb, 0xff, 0x28, 0x1, 0x7f, 0xf1,
    0x80, 0x7f, 0xf1, 0x3b, 0xfe, 0xb0, 0x4, 0xff,
    0xda, 0x1, 0xff, 0xc5, 0x8f, 0xfc, 0x0, 0xcf,
    0xfa, 0x0, 0x3f, 0xf8, 0xa7, 0xff, 0x88, 0x3b,
    0xfe, 0x60, 0xf, 0xfe, 0x28, 0xff, 0xe4, 0xf,
    0xfc, 0x80, 0x1f, 0xfc, 0x6f, 0xfc, 0xa1, 0xff,
    0x8c, 0x3, 0xff, 0x8d, 0xdf, 0xf3, 0x7, 0xfe,
    0x40, 0xf, 0xfe, 0x37, 0x7f, 0xcc, 0x1f, 0xf9,
    0x40, 0x3f, 0xf8, 0xdf, 0xf9, 0x43, 0x7f, 0xe7,
    0x0, 0xff, 0xe2, 0x97, 0xfe, 0x30, 0xbf, 0xfa,
    0x80, 0x3f, 0xf8, 0xad, 0xff, 0x84, 0x1f, 0xff,
    0x0, 0x7f, 0xf1, 0x6f, 0xfe, 0xd0, 0x1, 0x7f,
    0xe6, 0x0, 0xff, 0xe1, 0x97, 0xfe, 0x80, 0xb,
    0x3f, 0xee, 0x10, 0xf, 0xfe, 0x15, 0xff, 0xe2,
    0x0, 0x97, 0xff, 0x58, 0x7, 0xff, 0x5, 0xff,
    0xf5, 0x0, 0x75, 0xff, 0xeb, 0x10, 0xf, 0xf4,
    0x7f, 0xf0, 0x80, 0x71, 0x77, 0xfe, 0xe6, 0x0,
    0xf9, 0x33, 0xff, 0x98, 0x3, 0xe4, 0xff, 0xfb,
    0x2a, 0x65, 0x7d, 0xff, 0xe8, 0x0, 0xfe, 0x3e,
    0xff, 0xff, 0xe2, 0x38, 0x7, 0xfc, 0x35, 0xff,
    0xff, 0xc1, 0xd3, 0x0, 0xff, 0xe1, 0x1c, 0xf7,
    0xff, 0xeb, 0x50, 0xf, 0xfe, 0x39, 0x2d, 0xff,
    0xcc, 0x1, 0xff, 0xcb, 0x5f, 0xf4, 0x80, 0x7f,
    0xf3, 0xb, 0xfd, 0x0, 0x1f, 0xfc, 0xd9, 0xfe,
    0x0, 0xff, 0xe7, 0x6f, 0xd0, 0x7, 0xff, 0x3b,
    0xbe, 0xc0, 0x23, 0x50, 0xf, 0xfe, 0x4d, 0xff,
    0xa1, 0x67, 0xfc, 0x40, 0x1f, 0xfc, 0x83, 0xff,
    0xf6, 0x90, 0x7, 0xff, 0x24, 0xab, 0xbf, 0x5c,
    0x3, 0xfe,

    /* U+01EB "ǫ" */
    0x0, 0xf9, 0xaf, 0xbf, 0xdd, 0x6e, 0x20, 0x1f,
    0xf3, 0x77, 0xff, 0xf4, 0x0, 0x7f, 0x57, 0xff,
    0xff, 0x3, 0x4, 0x3, 0xd7, 0xff, 0xd9, 0x54,
    0xcf, 0xfe, 0xc0, 0xe, 0x7f, 0xfd, 0x64, 0x1,
    0x86, 0x7f, 0xf4, 0x80, 0x43, 0xff, 0xa8, 0x3,
    0xf4, 0x7f, 0xe2, 0x0, 0x3f, 0xfd, 0xc0, 0x1f,
    0xec, 0xff, 0xa4, 0x1, 0x7f, 0xf4, 0x0, 0x7f,
    0x97, 0xfe, 0xe0, 0x7, 0xfe, 0x30, 0xf, 0xf0,
    0xff, 0xe1, 0xf, 0xfc, 0x20, 0x1f, 0xf7, 0xfe,
    0x31, 0xff, 0xc0, 0x1f, 0xfc, 0xe, 0xff, 0x90,
    0x3f, 0xf0, 0x80, 0x7f, 0xdf, 0xf8, 0xc3, 0xbf,
    0xe3, 0x0, 0xff, 0xf, 0xfe, 0x10, 0xbf, 0xfa,
    0x0, 0x3f, 0xcd, 0xff, 0x70, 0x1, 0xbf, 0xee,
    0x10, 0xf, 0xed, 0xff, 0xa0, 0x2, 0xef, 0xfa,
    0x80, 0x3f, 0x4f, 0xfe, 0x20, 0x9, 0xbf, 0xf5,
    0x98, 0x6, 0x2a, 0xff, 0xce, 0x1, 0xd5, 0xff,
    0xdb, 0x76, 0xdf, 0xfe, 0xb0, 0xf, 0xab, 0xff,
    0xff, 0x81, 0x40, 0x1f, 0xcd, 0xdf, 0xff, 0xce,
    0x1, 0xff, 0xc0, 0x6b, 0xef, 0xfc, 0xe2, 0x1,
    0xff, 0xc3, 0x9f, 0xf3, 0x80, 0x7f, 0xf1, 0x6b,
    0xfc, 0x80, 0x1f, 0xfc, 0x55, 0xff, 0x28, 0x7,
    0xff, 0x1a, 0xff, 0x0, 0x3f, 0xf8, 0xfd, 0xf0,
    0x1, 0xff, 0xc7, 0xff, 0x50, 0x4, 0xaa, 0x0,
    0xff, 0xe1, 0x5f, 0xf9, 0xd6, 0xbf, 0x84, 0x3,
    0xff, 0x82, 0x7f, 0xfe, 0xc1, 0x0, 0xff, 0xe1,
    0x1d, 0xff, 0xb1, 0xc0, 0x3f, 0x0,

    /* U+01FA "Ǻ" */
    0x0, 0xff, 0xe3, 0xb, 0xc4, 0x1c, 0x40, 0x3f,
    0xf9, 0x39, 0xff, 0x30, 0x7, 0xff, 0x26, 0x7f,
    0xe5, 0x0, 0xff, 0xe4, 0xb7, 0xfc, 0xa0, 0x1f,
    0xfc, 0x55, 0xcf, 0xec, 0xff, 0x90, 0x3, 0xff,
    0x8b, 0x1f, 0xff, 0x20, 0x7, 0xff, 0x15, 0x3f,
    0xd4, 0x93, 0xfe, 0xc0, 0xf, 0xfe, 0x35, 0x7e,
    0x0, 0x4b, 0xfe, 0x0, 0xff, 0xe3, 0x67, 0xc0,
    0x4, 0x3f, 0xe1, 0x0, 0xff, 0xe2, 0xd7, 0xd0,
    0x4, 0x9f, 0xe0, 0xf, 0xfe, 0x32, 0xff, 0x98,
    0xf, 0x7e, 0xc0, 0x3f, 0xf8, 0xf5, 0xff, 0xdc,
    0x40, 0x1f, 0xfc, 0x8f, 0xfe, 0x20, 0xf, 0xfe,
    0x4f, 0xff, 0x20, 0x7, 0xff, 0x21, 0xbf, 0xfa,
    0x80, 0x3f, 0xf9, 0x19, 0xff, 0xe1, 0x0, 0xff,
    0xe3, 0x1f, 0xff, 0xcc, 0x1, 0xff, 0xc6, 0x9f,
    0xfb, 0x3f, 0xed, 0x0, 0xff, 0xe3, 0x77, 0xfc,
    0x7d, 0xff, 0x18, 0x7, 0xff, 0x11, 0x7f, 0xed,
    0x8, 0xff, 0xa4, 0x3, 0xff, 0x89, 0x9f, 0xf3,
    0x81, 0x7f, 0xe0, 0xf, 0xfe, 0x19, 0x7f, 0xe1,
    0x0, 0x67, 0xfc, 0xc0, 0x1f, 0xfc, 0x28, 0xff,
    0xac, 0x2, 0x6f, 0xfb, 0x0, 0x3f, 0xf8, 0x5d,
    0xff, 0x28, 0x4, 0x3f, 0xf8, 0x80, 0x3f, 0xf8,
    0xb, 0xff, 0x80, 0x3a, 0xff, 0xe8, 0x0, 0xff,
    0xe0, 0x5f, 0xfd, 0x20, 0x1c, 0xbf, 0xf7, 0x0,
    0x7f, 0xc3, 0xff, 0x90, 0x3, 0xdd, 0xff, 0x28,
    0x7, 0xfa, 0x3f, 0xee, 0x0, 0xfa, 0x7f, 0xeb,
    0x0, 0xff, 0x77, 0xfd, 0x0, 0x1f, 0x1f, 0xfe,
    0x20, 0xf, 0xc9, 0xff, 0x88, 0x3, 0xf6, 0xff,
    0xd0, 0x1, 0xfa, 0xbf, 0xff, 0xf8, 0xbc, 0x1,
    0xf0, 0xff, 0xff, 0xf1, 0xd0, 0x3, 0xcf, 0xff,
    0xff, 0xc7, 0xb0, 0xf, 0x6f, 0xfe, 0xdd, 0xff,
    0xbf, 0xf8, 0x40, 0x32, 0x7f, 0xe5, 0x0, 0xff,
    0x87, 0xff, 0x38, 0x6, 0xaf, 0xfb, 0x80, 0x3f,
    0xf8, 0x35, 0xff, 0x68, 0x4, 0x3f, 0xfa, 0x40,
    0x3f, 0xf8, 0x29, 0xff, 0x90, 0x0, 0xdf, 0xf8,
    0xc0, 0x3f, 0xf8, 0x5d, 0xff, 0x50, 0x3, 0x7f,
    0xed, 0x0, 0xff, 0xe1, 0xcf, 0xfe, 0x13, 0xff,
    0xce, 0x1, 0xff, 0xc3, 0x3f, 0xfc, 0xc0,

    /* U+01FB "ǻ" */
    0x0, 0xff, 0xe1, 0xcf, 0xfd, 0x20, 0x1f, 0xfc,
    0x36, 0xff, 0xa8, 0x3, 0xff, 0x86, 0x7f, 0xf5,
    0x0, 0x7f, 0xf0, 0x4, 0xc8, 0x7b, 0xfd, 0x40,
    0x1f, 0xf1, 0x5f, 0xff, 0xa8, 0x3, 0xfe, 0x1e,
    0xff, 0xf6, 0x0, 0x7f, 0xf0, 0x27, 0xf9, 0x0,
    0xf7, 0xe8, 0x3, 0xff, 0x81, 0xbe, 0xc0, 0x12,
    0xff, 0x0, 0x7f, 0xf0, 0x37, 0xdc, 0x2, 0x5f,
    0xe0, 0xf, 0xfe, 0x4, 0xff, 0x20, 0x1f, 0x7d,
    0x0, 0x7f, 0xf0, 0x7, 0xbf, 0xfb, 0x88, 0x3,
    0xff, 0x82, 0x37, 0xff, 0x61, 0x0, 0x7f, 0xf1,
    0x4, 0xc4, 0x3, 0xff, 0xae, 0x2b, 0x5b, 0xdf,
    0xdb, 0x28, 0x1, 0xfc, 0x33, 0xff, 0xfe, 0xd2,
    0x0, 0xf2, 0x77, 0xff, 0xff, 0x4, 0xc0, 0x32,
    0x7f, 0xf7, 0x54, 0xc5, 0x77, 0xfe, 0xe0, 0xe,
    0xaf, 0xf6, 0xa0, 0x7, 0x9f, 0xff, 0x38, 0x7,
    0x44, 0x80, 0x7f, 0x4f, 0xfd, 0x80, 0x1f, 0xfc,
    0x42, 0xff, 0xc0, 0x1f, 0xfc, 0x5f, 0xfc, 0x20,
    0x1c, 0x93, 0x9d, 0xff, 0xff, 0x10, 0x4, 0x37,
    0xff, 0xff, 0xc3, 0x20, 0xb, 0x7f, 0xff, 0xf8,
    0x84, 0x0, 0x7f, 0xfd, 0x68, 0x42, 0x3e, 0xff,
    0xc4, 0x0, 0xdf, 0xfa, 0x80, 0x3f, 0xbf, 0xf1,
    0x0, 0x3f, 0xf1, 0x0, 0x7e, 0x3f, 0xfc, 0x40,
    0xf, 0xfc, 0x20, 0x1f, 0xab, 0xff, 0x10, 0x3,
    0xbf, 0xe4, 0x0, 0xf9, 0x7f, 0xf8, 0x80, 0x15,
    0xff, 0x69, 0x0, 0x73, 0x7f, 0xf8, 0x80, 0x7,
    0xff, 0xd2, 0xed, 0x1b, 0xff, 0xf1, 0x0, 0x4f,
    0xff, 0xff, 0x2e, 0xff, 0xc4, 0x1, 0x9b, 0xff,
    0xf7, 0x20, 0x5f, 0xfc, 0x40, 0x1c, 0x2f, 0x7d,
    0xfd, 0x8e, 0x20, 0xa, 0xff, 0x88, 0x0,

    /* U+01FC "Ǽ" */
    0x0, 0xff, 0xe5, 0x3c, 0x44, 0x40, 0x1f, 0xfd,
    0x39, 0xff, 0xa0, 0x3, 0xff, 0xa6, 0xff, 0xf3,
    0x80, 0x7f, 0xf4, 0xd3, 0xfe, 0x60, 0xf, 0xfe,
    0x99, 0xff, 0xca, 0x1, 0xff, 0xd3, 0x1e, 0xff,
    0x20, 0x7, 0xff, 0xfc, 0x3, 0xff, 0xe4, 0x7f,
    0xff, 0xfc, 0xc2, 0x0, 0xff, 0xa7, 0xff, 0xff,
    0x98, 0x40, 0x1f, 0xf7, 0xff, 0xff, 0x34, 0x80,
    0x3f, 0xcd, 0xff, 0x76, 0xeb, 0xff, 0x6e, 0xff,
    0xf0, 0xc4, 0x3, 0xfd, 0x9f, 0xf2, 0x82, 0xff,
    0xe0, 0xf, 0xfe, 0x69, 0xff, 0xdc, 0x0, 0x5f,
    0xfc, 0x1, 0xff, 0xcd, 0x9f, 0xfa, 0x40, 0xb,
    0xff, 0x80, 0x3f, 0xf9, 0xbd, 0xff, 0x18, 0x1,
    0x7f, 0xf0, 0x7, 0xff, 0x31, 0x7f, 0xed, 0x0,
    0x97, 0xff, 0x0, 0x7f, 0xf3, 0x33, 0xfe, 0x70,
    0x9, 0x7f, 0xf0, 0x7, 0xff, 0x2c, 0xbf, 0xf0,
    0x80, 0x4b, 0xff, 0x80, 0x3f, 0xf9, 0x71, 0xff,
    0x58, 0x6, 0x5f, 0xfc, 0x1, 0xff, 0xcb, 0xef,
    0xf9, 0x80, 0x32, 0xff, 0xed, 0xdf, 0xfe, 0x9,
    0x0, 0x7e, 0x5f, 0xfc, 0x1, 0xcb, 0xff, 0xff,
    0xc5, 0x30, 0xf, 0xd7, 0xff, 0x50, 0x7, 0x2f,
    0xff, 0xff, 0x14, 0xc0, 0x3e, 0x1f, 0xfc, 0x80,
    0x1c, 0xbf, 0xff, 0xfc, 0x53, 0x0, 0xfa, 0x3f,
    0xee, 0x0, 0xf2, 0xff, 0xe0, 0xf, 0xfe, 0x4f,
    0x7f, 0xd0, 0x1, 0xe5, 0xff, 0xc0, 0x1f, 0xfc,
    0x84, 0xff, 0xc4, 0x1, 0xe5, 0xff, 0xc0, 0x1f,
    0xfc, 0x8a, 0xff, 0xff, 0xe2, 0x0, 0x7f, 0xf1,
    0xc7, 0xff, 0xff, 0x8a, 0x1, 0xff, 0xc7, 0x7f,
    0xff, 0xfe, 0x28, 0x7, 0xff, 0x1f, 0x7f, 0xf7,
    0x77, 0xef, 0xfe, 0x0, 0xff, 0xe3, 0x27, 0xfe,
    0x50, 0xf, 0xcb, 0xff, 0x80, 0x3f, 0xf8, 0xd5,
    0xff, 0x70, 0x7, 0xf2, 0xff, 0xe0, 0xf, 0xfe,
    0x28, 0xff, 0xe9, 0x0, 0xfe, 0x5f, 0xfd, 0xbb,
    0xff, 0xc3, 0x10, 0x6f, 0xfc, 0x60, 0x1f, 0xcb,
    0xff, 0xff, 0xc7, 0x20, 0xdf, 0xfb, 0x40, 0x3f,
    0xcb, 0xff, 0xff, 0xc7, 0x23, 0xff, 0xce, 0x1,
    0xfe, 0x5f, 0xff, 0xfe, 0x39, 0x0,

    /* U+01FD "ǽ" */
    0x0, 0xff, 0xe3, 0x97, 0xfe, 0x30, 0xf, 0xfe,
    0x86, 0xff, 0xb8, 0xc0, 0x3f, 0xfa, 0x17, 0xfe,
    0xe3, 0x0, 0xff, 0xe8, 0x47, 0xfb, 0x88, 0x3,
    0xff, 0xa0, 0x9f, 0xee, 0x20, 0xf, 0xfe, 0x80,
    0xde, 0x59, 0x0, 0x7f, 0xff, 0xc0, 0x3f, 0xf8,
    0x2b, 0x39, 0xdf, 0xdb, 0x48, 0x1, 0xc3, 0x19,
    0xfe, 0xec, 0x82, 0x0, 0xfe, 0x7e, 0xff, 0xfe,
    0xc2, 0x0, 0x27, 0x7f, 0xfe, 0x90, 0xf, 0x16,
    0x7f, 0xff, 0xf0, 0x38, 0x57, 0xff, 0xfe, 0xc0,
    0xc, 0x5d, 0xff, 0xd9, 0x53, 0x5d, 0xff, 0xab,
    0xff, 0x6d, 0x4d, 0xff, 0xf4, 0x80, 0x6b, 0xff,
    0xa8, 0x80, 0x39, 0xff, 0xfd, 0xc6, 0x1, 0x86,
    0xff, 0xf1, 0x80, 0x68, 0xf6, 0x0, 0xfd, 0x1f,
    0xfc, 0x40, 0x1f, 0x5f, 0xfd, 0x20, 0x1c, 0x40,
    0x1f, 0xc3, 0xff, 0x9c, 0x3, 0xf1, 0x7f, 0xdc,
    0x1, 0xff, 0xc4, 0xef, 0xf8, 0x40, 0x3f, 0xaf,
    0xfe, 0x20, 0xf, 0xfe, 0x1f, 0x7f, 0xb8, 0x3,
    0xfd, 0x1f, 0xf2, 0x0, 0x63, 0x9c, 0xff, 0xff,
    0xe7, 0x28, 0x0, 0xb3, 0xff, 0xff, 0xa2, 0xa0,
    0x3d, 0xff, 0xff, 0xd2, 0x40, 0x9f, 0xfd, 0x6a,
    0x40, 0x1e, 0xff, 0xc0, 0x1f, 0xfc, 0x4e, 0xff,
    0xa4, 0x3, 0xf1, 0xff, 0xe2, 0x0, 0xff, 0xe1,
    0xff, 0xe2, 0x0, 0xfd, 0x7f, 0xfa, 0x0, 0x3f,
    0xf8, 0x7f, 0xf9, 0x40, 0x3e, 0x6f, 0xff, 0x18,
    0x7, 0xe4, 0x80, 0xd, 0x9f, 0xf7, 0x20, 0x6,
    0x2a, 0xff, 0x72, 0xff, 0xe6, 0x0, 0xe3, 0xaf,
    0xf4, 0x80, 0x4d, 0xff, 0xdd, 0x98, 0xef, 0xfc,
    0xa1, 0x5f, 0xfd, 0x97, 0x9d, 0xff, 0xce, 0x1,
    0x5f, 0xff, 0xfd, 0x0, 0x16, 0x7f, 0xff, 0xf0,
    0x2c, 0x3, 0xab, 0xff, 0xf9, 0x80, 0x3a, 0xbf,
    0xff, 0xb9, 0x80, 0x3e, 0x39, 0xdf, 0xfb, 0x1c,
    0x40, 0x3e, 0x39, 0xdf, 0xfb, 0x6d, 0x80, 0x38,

    /* U+01FE "Ǿ" */
    0x0, 0xff, 0xe2, 0xd7, 0xfd, 0x40, 0x1f, 0xfc,
    0xb6, 0xff, 0xa8, 0x3, 0xff, 0x96, 0x7f, 0xf5,
    0x0, 0x7f, 0xf2, 0xc7, 0xbf, 0xd4, 0x1, 0xff,
    0xcc, 0xbf, 0xf5, 0x0, 0x7f, 0xf3, 0x23, 0xfd,
    0x40, 0x1f, 0xff, 0xf0, 0xf, 0xfe, 0xa8, 0xb5,
    0x6f, 0x7f, 0xba, 0xe0, 0xc0, 0x27, 0xff, 0x30,
    0x7, 0xf1, 0x57, 0xff, 0xfd, 0xaa, 0x7f, 0xea,
    0x0, 0xfe, 0x7f, 0xff, 0xfe, 0x2e, 0x80, 0x7f,
    0x57, 0xff, 0xff, 0x19, 0x80, 0x3f, 0x57, 0xff,
    0x74, 0x20, 0x8c, 0x6d, 0x9f, 0xfd, 0xc2, 0x1,
    0xe6, 0xff, 0xe7, 0x0, 0xfe, 0x7f, 0xfe, 0xc0,
    0xe, 0x1f, 0xfe, 0x30, 0xf, 0xf6, 0xff, 0xf9,
    0x80, 0x34, 0xff, 0xe5, 0x0, 0xff, 0x4f, 0xf9,
    0xbb, 0xfe, 0xe0, 0xd, 0xff, 0xa8, 0x3, 0xfc,
    0xbf, 0xe8, 0x6, 0xff, 0xca, 0x0, 0x5f, 0xfc,
    0x60, 0x1f, 0xc5, 0xfe, 0xc0, 0xb, 0xbf, 0xeb,
    0x0, 0x4f, 0xfd, 0xa0, 0x1f, 0xec, 0xfe, 0x10,
    0xa, 0x3f, 0xf0, 0x3, 0x3f, 0xe8, 0x0, 0xfe,
    0x8f, 0xf2, 0x80, 0x63, 0xff, 0xc4, 0x1d, 0xff,
    0x30, 0x7, 0xe4, 0xff, 0x48, 0x7, 0xf, 0xfe,
    0x40, 0xff, 0xc8, 0x1, 0xf0, 0xf7, 0xe8, 0x7,
    0xdf, 0xf9, 0x43, 0xff, 0x18, 0x7, 0xd9, 0xfe,
    0x20, 0xf, 0xbb, 0xfe, 0x60, 0xff, 0xc8, 0x1,
    0xe8, 0xff, 0x30, 0x7, 0xee, 0xff, 0x98, 0x3f,
    0xf2, 0x80, 0x71, 0xff, 0xa8, 0x3, 0xfb, 0xff,
    0x28, 0x6f, 0xfc, 0xe0, 0x18, 0x7b, 0xf4, 0x3,
    0xf8, 0xbf, 0xf1, 0x85, 0xff, 0xd4, 0x1, 0xaf,
    0xfc, 0x60, 0x1f, 0xcd, 0xff, 0x84, 0x1f, 0xff,
    0x0, 0x4f, 0xfe, 0x70, 0xf, 0xf5, 0xff, 0xda,
    0x0, 0x2f, 0xfc, 0xc0, 0x7f, 0xeb, 0x0, 0xff,
    0x17, 0xfe, 0x80, 0xb, 0x3f, 0xee, 0x1d, 0xfe,
    0x10, 0xf, 0xf5, 0xff, 0xe2, 0x0, 0x97, 0xff,
    0xe4, 0x0, 0xff, 0x3f, 0xfe, 0xa0, 0xe, 0xbf,
    0xfe, 0x90, 0xf, 0xf4, 0x7f, 0xf0, 0x80, 0x71,
    0x77, 0xfe, 0xe6, 0x0, 0xf9, 0x33, 0xff, 0x98,
    0x3, 0xe4, 0xff, 0xfb, 0x2a, 0x65, 0x7d, 0xff,
    0xe8, 0x0, 0xfd, 0x3f, 0xff, 0xfc, 0x67, 0x0,
    0xfc, 0xbf, 0xea, 0xa7, 0xff, 0xff, 0x7, 0x4c,
    0x3, 0xf1, 0x7f, 0xb0, 0x0, 0x73, 0xdf, 0xff,
    0xad, 0x40, 0x3f, 0xf8, 0xe4, 0xae, 0xf3, 0x18,
    0x7, 0xfc,

    /* U+01FF "ǿ" */
    0x0, 0xff, 0xe0, 0xa7, 0xfd, 0xc4, 0x1, 0xff,
    0xc3, 0x1e, 0xff, 0x71, 0x0, 0x7f, 0xf1, 0x33,
    0xfd, 0xa4, 0x1, 0xff, 0xc4, 0xaf, 0xf6, 0x88,
    0x7, 0xff, 0x11, 0xbf, 0xda, 0x20, 0x1f, 0xfc,
    0x42, 0xcc, 0x58, 0x80, 0x7f, 0xf3, 0x52, 0xc,
    0x3, 0xff, 0x8c, 0x3f, 0xc2, 0x1, 0xfc, 0xd7,
    0xdf, 0xee, 0xb7, 0x1b, 0xf5, 0x0, 0xfc, 0xdd,
    0xff, 0xfe, 0xc0, 0xf, 0xd5, 0xff, 0xff, 0xc0,
    0xe1, 0x0, 0xf5, 0xff, 0xf6, 0x55, 0x33, 0xff,
    0xb0, 0x3, 0x9f, 0xff, 0x59, 0x0, 0x65, 0xff,
    0xe9, 0x0, 0x87, 0xff, 0x50, 0x7, 0xb3, 0xef,
    0xff, 0x10, 0x1, 0xff, 0xee, 0x0, 0xf3, 0xfc,
    0x86, 0x7f, 0xd2, 0x0, 0xbf, 0xfa, 0x0, 0x38,
    0x7f, 0x84, 0x17, 0xfe, 0xe0, 0x7, 0xfe, 0x30,
    0xe, 0xbf, 0x50, 0x0, 0xff, 0xe1, 0xf, 0xfc,
    0x20, 0x19, 0x7e, 0xc0, 0x37, 0xfe, 0x31, 0xff,
    0xc0, 0x1d, 0xde, 0x40, 0x1b, 0xbf, 0xe4, 0xf,
    0xfc, 0x20, 0x14, 0xfb, 0x80, 0x77, 0xfe, 0x30,
    0xef, 0xf8, 0xc0, 0x7, 0xfa, 0x1, 0xc3, 0xff,
    0x84, 0x2f, 0xfe, 0x80, 0x6, 0xf9, 0x80, 0x73,
    0x7f, 0xdc, 0x0, 0x6f, 0xfb, 0x85, 0xfe, 0x40,
    0x3d, 0xbf, 0xf4, 0x0, 0x5d, 0xff, 0x67, 0xf0,
    0x80, 0x74, 0xff, 0xe2, 0x0, 0x9b, 0xff, 0xa0,
    0x3, 0x15, 0x7f, 0xe7, 0x0, 0xea, 0xff, 0xed,
    0xbb, 0x6f, 0xff, 0x58, 0x7, 0xd7, 0xff, 0xff,
    0xc0, 0xa0, 0xf, 0xd3, 0xff, 0xff, 0x38, 0x7,
    0xe3, 0xfd, 0x16, 0xbe, 0xff, 0x75, 0xb8, 0x80,
    0x7f, 0x6f, 0x98, 0x7, 0xff, 0x18, 0xa1, 0x80,
    0x3f, 0xf8, 0xa0,

    /* U+0218 "Ș" */
    0x0, 0xf9, 0x6b, 0x7b, 0xfa, 0xdc, 0x40, 0x3f,
    0xe5, 0xef, 0xff, 0xe8, 0x0, 0xfe, 0x8f, 0xff,
    0xfe, 0x6, 0x8, 0x7, 0x9b, 0xff, 0xdb, 0xaf,
    0xff, 0x58, 0x7, 0xf, 0xff, 0x30, 0x6, 0x5e,
    0xff, 0xcc, 0x1, 0x9b, 0xff, 0x20, 0x7, 0x87,
    0x3f, 0xd8, 0x60, 0x1a, 0x7f, 0xec, 0x0, 0xfc,
    0x5a, 0xc0, 0x1e, 0xaf, 0xfa, 0x80, 0x3f, 0xf8,
    0xb3, 0xff, 0x60, 0x7, 0xff, 0x15, 0xbf, 0xf2,
    0x0, 0x7f, 0xf1, 0x7, 0xff, 0x98, 0x3, 0xff,
    0x88, 0xff, 0xfd, 0xac, 0x1, 0xff, 0xc3, 0x9f,
    0xff, 0x74, 0x90, 0x7, 0xff, 0x5, 0xbf, 0xff,
    0x62, 0x0, 0x7f, 0xf0, 0x6, 0x7f, 0xff, 0x61,
    0x80, 0x7f, 0xf0, 0x5, 0xf7, 0xff, 0xe6, 0x0,
    0xff, 0xe1, 0x25, 0x7f, 0xf9, 0x80, 0x3f, 0xf8,
    0x65, 0x7f, 0xfc, 0x60, 0x1f, 0xfc, 0x46, 0xff,
    0xd4, 0x1, 0xff, 0xc5, 0x9f, 0xfb, 0x80, 0x4,
    0xd5, 0x20, 0x1f, 0xf2, 0x7f, 0xe0, 0x6f, 0xfc,
    0x1, 0xff, 0x1f, 0xfe, 0x12, 0xff, 0xce, 0x1,
    0xfe, 0x6f, 0xfc, 0x0, 0xcf, 0xfc, 0x60, 0x1f,
    0xdb, 0xff, 0x58, 0x1, 0x7f, 0xf9, 0x40, 0x3c,
    0x37, 0xff, 0x94, 0x2, 0xaf, 0xfe, 0xd8, 0x65,
    0x6a, 0xff, 0xeb, 0x0, 0xeb, 0xff, 0xff, 0xe1,
    0x68, 0x80, 0x7a, 0x3f, 0xff, 0xf8, 0x16, 0x20,
    0x1f, 0x8a, 0x7f, 0xff, 0x62, 0x80, 0x7f, 0xf0,
    0x4d, 0x9d, 0xe5, 0x10, 0xf, 0xfe, 0xca, 0x55,
    0x50, 0x1, 0xff, 0xc5, 0xcf, 0xf8, 0xc0, 0x3f,
    0xf8, 0x89, 0xff, 0x38, 0x7, 0xff, 0x17, 0x3f,
    0xd4, 0x1, 0xff, 0xc5, 0x3f, 0xf6, 0x88, 0x7,
    0xff, 0x16, 0xff, 0xc6, 0x1, 0xff, 0xc5, 0x3f,
    0xf3, 0x0, 0x7f, 0xf0, 0x40,

    /* U+0219 "ș" */
    0x0, 0xc5, 0x19, 0xdf, 0xd9, 0x6, 0x1, 0xf4,
    0xff, 0xff, 0x58, 0x80, 0x6a, 0xff, 0xff, 0xb8,
    0x40, 0x9, 0xff, 0xa9, 0x4d, 0x63, 0xbf, 0xec,
    0x0, 0x4f, 0xfc, 0xc0, 0x1e, 0x9f, 0xe5, 0x0,
    0x67, 0xfc, 0x20, 0x1f, 0x41, 0x0, 0x57, 0xff,
    0x38, 0x7, 0xff, 0x1, 0xff, 0xf5, 0xa8, 0x7,
    0xf8, 0x77, 0xff, 0xd9, 0x8, 0x1, 0xf1, 0x6f,
    0xff, 0xed, 0x70, 0xf, 0x97, 0x7f, 0xff, 0x71,
    0x80, 0x7c, 0x4f, 0x9f, 0xfe, 0xe1, 0x0, 0xfe,
    0x15, 0xdf, 0xfd, 0x0, 0x1f, 0xfc, 0xa, 0xff,
    0xb0, 0x0, 0xa6, 0x1, 0xf8, 0xff, 0xed, 0x8,
    0xfe, 0x10, 0xf, 0x93, 0xfe, 0xc8, 0xff, 0xb9,
    0x0, 0x38, 0x73, 0xfe, 0x82, 0xff, 0xed, 0x97,
    0x74, 0xff, 0xf1, 0x1, 0xf7, 0xff, 0xff, 0x1,
    0x40, 0x21, 0xaf, 0xff, 0xee, 0x40, 0xf, 0x14,
    0x67, 0x7f, 0xb6, 0x94, 0x3, 0xff, 0xc1, 0x1d,
    0xd4, 0x0, 0x7f, 0xc3, 0xff, 0x68, 0x7, 0xff,
    0x2, 0x3f, 0xe3, 0x0, 0xff, 0xe0, 0x77, 0xf9,
    0xc0, 0x3f, 0xf8, 0xd, 0xfe, 0xb0, 0xf, 0xfe,
    0xf, 0x7f, 0x8, 0x7, 0xff, 0x1, 0x7f, 0xc8,
    0x1, 0xfe,

    /* U+021A "Ț" */
    0x6f, 0xff, 0xfe, 0x58, 0x37, 0xff, 0xff, 0x2c,
    0x1b, 0xff, 0xff, 0x96, 0xb, 0xbb, 0xfd, 0xff,
    0xbb, 0x77, 0xf8, 0x3, 0xfe, 0xdf, 0xf9, 0xc0,
    0x3f, 0xf9, 0x1b, 0xff, 0x38, 0x7, 0xff, 0x23,
    0x7f, 0xe7, 0x0, 0xff, 0xe4, 0x6f, 0xfc, 0xe0,
    0x1f, 0xfc, 0x8d, 0xff, 0x9c, 0x3, 0xff, 0x91,
    0xbf, 0xf3, 0x80, 0x7f, 0xf2, 0x37, 0xfe, 0x70,
    0xf, 0xfe, 0x46, 0xff, 0xce, 0x1, 0xff, 0xc8,
    0xdf, 0xf9, 0xc0, 0x3f, 0xf9, 0x1b, 0xff, 0x38,
    0x7, 0xff, 0x23, 0x7f, 0xe7, 0x0, 0xff, 0xe4,
    0x6f, 0xfc, 0xe0, 0x1f, 0xfc, 0x8d, 0xff, 0x9c,
    0x3, 0xff, 0x91, 0xbf, 0xf3, 0x80, 0x7f, 0xf2,
    0x37, 0xfe, 0x70, 0xf, 0xfe, 0x46, 0xff, 0xce,
    0x1, 0xff, 0xc8, 0xdf, 0xf9, 0xc0, 0x3f, 0xf9,
    0x1b, 0xff, 0x38, 0x7, 0xff, 0x23, 0x7f, 0xe7,
    0x0, 0xff, 0xe4, 0x6f, 0xfc, 0xe0, 0x1f, 0xfc,
    0x8d, 0xff, 0x9c, 0x3, 0xff, 0x91, 0xbf, 0xf3,
    0x80, 0x7f, 0xf2, 0x37, 0xfe, 0x70, 0xf, 0xfe,
    0x46, 0xff, 0xce, 0x1, 0xff, 0xc8, 0xdf, 0xf9,
    0xc0, 0x3f, 0xff, 0x53, 0x38, 0x80, 0x3f, 0xf8,
    0xed, 0xff, 0x48, 0x7, 0xff, 0x23, 0x7f, 0xd8,
    0x1, 0xff, 0xc8, 0x6f, 0xf8, 0x80, 0x3f, 0xf9,
    0x1b, 0xfe, 0x50, 0xf, 0xfe, 0x42, 0xff, 0xa0,
    0x3, 0xff, 0x93, 0xbf, 0x80, 0x1f, 0xfc, 0x30,

    /* U+021B "ț" */
    0x0, 0xfc, 0x80, 0x1f, 0xf2, 0xf5, 0x80, 0x7f,
    0x1e, 0x7f, 0xac, 0x3, 0xf9, 0xff, 0xeb, 0x0,
    0xfe, 0x7f, 0xfa, 0xc0, 0x3f, 0x9f, 0xfe, 0xb0,
    0xf, 0xe7, 0xff, 0xac, 0x3, 0xf9, 0xff, 0xeb,
    0x0, 0xe9, 0xff, 0xff, 0xe0, 0x34, 0xff, 0xff,
    0xf0, 0x1a, 0x7f, 0xff, 0xf8, 0xc, 0x24, 0x55,
    0x7f, 0xda, 0x45, 0x84, 0x3, 0x3f, 0xfd, 0x60,
    0x1f, 0xcf, 0xff, 0x58, 0x7, 0xf3, 0xff, 0xd6,
    0x1, 0xfc, 0xff, 0xf5, 0x80, 0x7f, 0x3f, 0xfd,
    0x60, 0x1f, 0xcf, 0xff, 0x58, 0x7, 0xf3, 0xff,
    0xd6, 0x1, 0xfc, 0xff, 0xf5, 0x80, 0x7f, 0x3f,
    0xfd, 0x60, 0x1f, 0xcf, 0xff, 0x58, 0x7, 0xf3,
    0xff, 0xd6, 0x1, 0xfc, 0xdf, 0xf6, 0x80, 0x7f,
    0x2f, 0xfe, 0x30, 0xf, 0xc3, 0xff, 0xba, 0x1a,
    0x50, 0x3, 0xaf, 0xff, 0xe6, 0x0, 0xe1, 0xdf,
    0xff, 0x30, 0x7, 0xcf, 0x9f, 0xed, 0xa2, 0x0,
    0xff, 0xeb, 0x5f, 0x74, 0xa0, 0x1f, 0x93, 0xfe,
    0xa0, 0xf, 0xeb, 0xff, 0x70, 0x80, 0x7e, 0x3f,
    0xf8, 0xc0, 0x3f, 0xab, 0xfc, 0xe0, 0x1f, 0xc5,
    0xfe, 0xc0, 0xf, 0xf4, 0xff, 0x8, 0x7, 0xc0,

    /* U+0232 "Ȳ" */
    0x0, 0xf9, 0x9d, 0xff, 0xc8, 0x1, 0xff, 0xc2,
    0xef, 0xff, 0xf4, 0x80, 0x7f, 0xf0, 0xbb, 0xff,
    0xfd, 0x20, 0x1f, 0xff, 0xf0, 0xf, 0xfe, 0xc2,
    0xff, 0xe8, 0x0, 0xff, 0xe1, 0x77, 0xfd, 0xc0,
    0xc, 0xff, 0xc2, 0x1, 0xff, 0xc0, 0x7f, 0xfc,
    0xa0, 0x2, 0xff, 0xd4, 0x1, 0xff, 0xf, 0xfe,
    0xc0, 0xd, 0x3f, 0xf8, 0xc0, 0x3f, 0xd3, 0xff,
    0x8c, 0x3, 0xf, 0x7f, 0xd6, 0x1, 0xfc, 0x5f,
    0xfa, 0x40, 0x3c, 0xdf, 0xf9, 0x0, 0x3f, 0x5f,
    0xfe, 0x10, 0xf, 0xb7, 0xfe, 0xd0, 0xf, 0x93,
    0xff, 0x38, 0x7, 0xe4, 0xff, 0xcc, 0x1, 0xed,
    0xff, 0xb4, 0x3, 0xfd, 0x5f, 0xf7, 0x0, 0x73,
    0xff, 0xe5, 0x0, 0xff, 0x17, 0xfe, 0x70, 0x8,
    0x7b, 0xfe, 0xb0, 0xf, 0xfe, 0x4, 0x7f, 0xe1,
    0x0, 0x4f, 0xfe, 0x20, 0xf, 0xfe, 0xf, 0x7f,
    0xd2, 0x5, 0xff, 0xa4, 0x3, 0xff, 0x84, 0xbf,
    0xf8, 0xaf, 0xff, 0x8, 0x7, 0xff, 0xf, 0x3f,
    0xed, 0xff, 0xce, 0x1, 0xff, 0xc4, 0x3f, 0xff,
    0xb4, 0x3, 0xff, 0x8d, 0x3f, 0xfe, 0x40, 0xf,
    0xfe, 0x30, 0xff, 0xf5, 0x80, 0x7f, 0xf2, 0x1f,
    0xff, 0x10, 0x7, 0xff, 0x21, 0x3f, 0xf0, 0x7,
    0xff, 0x25, 0x3f, 0xf0, 0x7, 0xff, 0x25, 0x3f,
    0xf0, 0x7, 0xff, 0x25, 0x3f, 0xf0, 0x7, 0xff,
    0x25, 0x3f, 0xf0, 0x7, 0xff, 0x25, 0x3f, 0xf0,
    0x7, 0xff, 0x25, 0x3f, 0xf0, 0x7, 0xff, 0x25,
    0x3f, 0xf0, 0x7, 0xff, 0x25, 0x3f, 0xf0, 0x7,
    0xff, 0x25, 0x3f, 0xf0, 0x7, 0xff, 0x25, 0x3f,
    0xf0, 0x7, 0xfc,

    /* U+0233 "ȳ" */
    0x0, 0xeb, 0xff, 0xff, 0x60, 0x7, 0xfa, 0xff,
    0xff, 0xd8, 0x1, 0xfe, 0x57, 0x7f, 0xf2, 0x80,
    0x7f, 0xf9, 0xbb, 0xfe, 0x80, 0xf, 0xf3, 0xff,
    0xdc, 0x0, 0x9f, 0xfb, 0x80, 0x3f, 0xdb, 0xff,
    0x48, 0x0, 0xbf, 0xf2, 0x0, 0x7e, 0x3f, 0xfc,
    0x40, 0x16, 0x7f, 0xd2, 0x1, 0xfa, 0x3f, 0xec,
    0x0, 0xcb, 0xff, 0x80, 0x3f, 0x77, 0xfc, 0xc0,
    0x1d, 0xdf, 0xf2, 0x80, 0x79, 0x3f, 0xf0, 0x7,
    0xa7, 0xfe, 0xb0, 0xf, 0x57, 0xfd, 0x20, 0x1e,
    0x2f, 0xfc, 0x20, 0x1d, 0xff, 0x8c, 0x3, 0xec,
    0xff, 0x98, 0x3, 0x2f, 0xfd, 0x80, 0x1f, 0x9b,
    0xfe, 0xc0, 0xd, 0x7f, 0xf3, 0x0, 0x7f, 0x77,
    0xfc, 0x20, 0x1, 0xff, 0xc0, 0x1f, 0xe9, 0xff,
    0x9c, 0x0, 0xff, 0xf4, 0x80, 0x7f, 0x8b, 0xfe,
    0xd0, 0x6, 0xff, 0xc6, 0x1, 0xff, 0x67, 0xfc,
    0x44, 0xff, 0xb4, 0x3, 0xff, 0x80, 0xdf, 0xf4,
    0x43, 0xfe, 0x60, 0xf, 0xfe, 0xf, 0xfd, 0xdc,
    0xff, 0x84, 0x3, 0xff, 0x83, 0x3f, 0xfe, 0xa0,
    0xf, 0xfe, 0x11, 0x7f, 0xf8, 0xc0, 0x3f, 0xf8,
    0x79, 0xff, 0xb4, 0x3, 0xff, 0x88, 0xdf, 0xf9,
    0xc0, 0x3f, 0xf8, 0x8d, 0xff, 0x84, 0x3, 0xff,
    0x89, 0x9f, 0xf5, 0x0, 0x7f, 0xf1, 0xf, 0xff,
    0x20, 0x7, 0xff, 0x12, 0x7f, 0xed, 0x0, 0xff,
    0xe2, 0xff, 0xe7, 0x0, 0xff, 0xe2, 0x37, 0xfe,
    0x10, 0xf, 0xfe, 0x26, 0x7f, 0xd4, 0x1, 0xff,
    0xc4, 0x3f, 0xfc, 0x80, 0x1f, 0xfc, 0x49, 0xff,
    0xb4, 0x3, 0xff, 0x8b, 0xff, 0x9c, 0x3, 0xff,
    0x80,

    /* U+0237 "ȷ" */
    0x0, 0xc7, 0xff, 0x80, 0x31, 0xff, 0xe0, 0xc,
    0x7f, 0xf8, 0x3, 0x1f, 0xfe, 0x0, 0xc7, 0xff,
    0x80, 0x31, 0xff, 0xe0, 0xc, 0x7f, 0xf8, 0x3,
    0x1f, 0xfe, 0x0, 0xc7, 0xff, 0x80, 0x31, 0xff,
    0xe0, 0xc, 0x7f, 0xf8, 0x3, 0x1f, 0xfe, 0x0,
    0xc7, 0xff, 0x80, 0x31, 0xff, 0xe0, 0xc, 0x7f,
    0xf8, 0x3, 0x1f, 0xfe, 0x0, 0xc7, 0xff, 0x80,
    0x31, 0xff, 0xe0, 0xc, 0x7f, 0xf8, 0x3, 0x1f,
    0xfe, 0x0, 0xc7, 0xff, 0x80, 0x31, 0xff, 0xe0,
    0xc, 0x7f, 0xf8, 0x3, 0x1f, 0xfe, 0x0, 0xc9,
    0xff, 0x70, 0x6, 0xaf, 0xfb, 0x83, 0xf7, 0xbf,
    0xf6, 0x7, 0xff, 0xce, 0x1f, 0xfe, 0xc0, 0x4,
    0x67, 0x7e, 0xc0, 0x0,

    /* U+0259 "ə" */
    0x0, 0xe3, 0x8c, 0xef, 0xf6, 0xdb, 0x8, 0x7,
    0xe2, 0xbf, 0xff, 0xf3, 0x80, 0x79, 0xbf, 0xff,
    0xf8, 0x36, 0x1, 0x8b, 0xff, 0xd9, 0x76, 0xdf,
    0xfe, 0xa0, 0xc, 0xbf, 0xec, 0x40, 0xe, 0x2b,
    0xff, 0xc8, 0x1, 0x92, 0x0, 0x3f, 0xa7, 0xfe,
    0xc0, 0xf, 0xfe, 0x27, 0x7f, 0xc4, 0x1, 0xff,
    0xc3, 0x8f, 0xf9, 0xc0, 0x3f, 0xf8, 0x6b, 0xff,
    0x50, 0x7f, 0xff, 0xf1, 0xac, 0x3f, 0xff, 0xf8,
    0xd8, 0x1f, 0xff, 0xfc, 0x6b, 0xf, 0xfb, 0x80,
    0x3f, 0xcb, 0xff, 0x48, 0x67, 0xfc, 0x1, 0xfe,
    0x8f, 0xf9, 0x82, 0x3f, 0xe4, 0x0, 0xfe, 0xef,
    0xf8, 0x80, 0xbf, 0xed, 0x0, 0xfd, 0x1f, 0xf5,
    0x80, 0x57, 0xff, 0x60, 0x80, 0x74, 0x7f, 0xe3,
    0x0, 0x8b, 0xff, 0xa9, 0xdd, 0x3d, 0xff, 0xa4,
    0x3, 0x93, 0xff, 0xff, 0x81, 0x40, 0x1f, 0x1e,
    0xff, 0xff, 0x38, 0x7, 0xf9, 0x6b, 0x7b, 0xfb,
    0x1c, 0x40, 0x38,

    /* U+0272 "ɲ" */
    0x0, 0xdf, 0xf8, 0x40, 0xa3, 0x3f, 0xdd, 0x6c,
    0x1, 0xfb, 0xff, 0xc, 0x7f, 0xfe, 0xe3, 0x0,
    0xf7, 0xfe, 0x9f, 0xff, 0xf8, 0xc0, 0x3b, 0xff,
    0xec, 0x99, 0x67, 0xff, 0x60, 0x7, 0x7f, 0xf7,
    0x18, 0x6, 0x2e, 0xff, 0xc6, 0x1, 0xbf, 0xf8,
    0xc0, 0x3c, 0x7f, 0xf9, 0xc0, 0x37, 0xfe, 0xb0,
    0xf, 0xd9, 0xff, 0x48, 0x6, 0xff, 0xcc, 0x1,
    0xfa, 0x7f, 0xea, 0x0, 0xdf, 0xf8, 0xc0, 0x3f,
    0x47, 0xfd, 0x40, 0x1b, 0xff, 0x10, 0x7, 0xe8,
    0xff, 0xa8, 0x3, 0x7f, 0xe1, 0x0, 0xfd, 0x1f,
    0xf5, 0x0, 0x6f, 0xfc, 0x20, 0x1f, 0xa3, 0xfe,
    0xa0, 0xd, 0xff, 0x84, 0x3, 0xf4, 0x7f, 0xd4,
    0x1, 0xbf, 0xf0, 0x80, 0x7e, 0x8f, 0xfa, 0x80,
    0x37, 0xfe, 0x10, 0xf, 0xd1, 0xff, 0x50, 0x6,
    0xff, 0xc2, 0x1, 0xfa, 0x3f, 0xea, 0x0, 0xdf,
    0xf8, 0x40, 0x3f, 0x47, 0xfd, 0x40, 0x1b, 0xff,
    0x8, 0x7, 0xe8, 0xff, 0xa8, 0x3, 0x7f, 0xe1,
    0x0, 0xfd, 0x1f, 0xf5, 0x0, 0x6f, 0xfc, 0x20,
    0x1f, 0xa3, 0xfe, 0xa0, 0xd, 0xff, 0x84, 0x3,
    0xf4, 0x7f, 0xd4, 0x1, 0xbf, 0xf0, 0x80, 0x7f,
    0xf1, 0x7f, 0xf0, 0x80, 0x7f, 0xf1, 0x7f, 0xf0,
    0x80, 0x7f, 0xf1, 0x7f, 0xf0, 0x7, 0xff, 0x14,
    0xff, 0xf0, 0x7, 0xff, 0x9, 0xaa, 0x7b, 0xfe,
    0xe0, 0xf, 0xfe, 0x13, 0xff, 0xfa, 0x40, 0x3f,
    0xf8, 0x4f, 0xff, 0xdc, 0x20, 0x1f, 0xfc, 0x23,
    0xbe, 0xfe, 0xa1, 0x0, 0xff, 0xe1, 0x80,

    /* U+02C6 "ˆ" */
    0x0, 0xf1, 0x50, 0x7, 0xfc, 0x5d, 0xf4, 0x1,
    0xfc, 0x3b, 0xff, 0x48, 0x7, 0xec, 0xff, 0x6f,
    0xf9, 0xc0, 0x3d, 0x9f, 0xe7, 0xc, 0xff, 0x30,
    0x6, 0xbf, 0xf4, 0x0, 0x7, 0x7f, 0xca, 0x0,
    0xaf, 0xf5, 0x0, 0x61, 0xdf, 0xf2, 0x0,

    /* U+02C7 "ˇ" */
    0x9, 0xff, 0x50, 0x6, 0x1d, 0xff, 0x20, 0x2,
    0xbf, 0xd2, 0x0, 0x1d, 0xff, 0x20, 0x6, 0xaf,
    0xf4, 0xe, 0xff, 0x94, 0x3, 0xd7, 0xfe, 0xef,
    0xf2, 0x80, 0x7e, 0xbf, 0xf9, 0x80, 0x3f, 0xd9,
    0xec, 0x1, 0xff, 0xc0, 0x50, 0xf, 0x0,

    /* U+02D8 "˘" */
    0x8, 0x83, 0x0, 0x78, 0x62, 0xc, 0x1f, 0xf0,
    0x7, 0x93, 0xfd, 0x61, 0x9f, 0xe9, 0x0, 0xc3,
    0xbf, 0xe7, 0x5, 0xff, 0xb6, 0x62, 0xbf, 0xf0,
    0x80, 0x23, 0xff, 0xf9, 0x0, 0x31, 0xce, 0xff,
    0xbb, 0x20, 0x40, 0x0,

    /* U+02D9 "˙" */
    0x1f, 0xfd, 0x3, 0xff, 0xa0, 0x7f, 0xf4, 0xf,
    0xfe, 0x81, 0xff, 0xd0,

    /* U+02DA "˚" */
    0x0, 0xa3, 0x7f, 0x58, 0x3, 0x67, 0xff, 0x48,
    0x2, 0x7f, 0xce, 0xb3, 0xfe, 0x50, 0xff, 0x30,
    0x5, 0x5f, 0x63, 0xfe, 0x30, 0x9, 0xbf, 0x3,
    0xfc, 0xc0, 0x15, 0x7d, 0x84, 0xff, 0x9d, 0x27,
    0xfc, 0xa0, 0xd, 0xff, 0xea, 0x0, 0xd1, 0xdf,
    0xac, 0x0,

    /* U+02DB "˛" */
    0x0, 0xcd, 0xe, 0x40, 0x18, 0xb7, 0xf4, 0xc0,
    0x3b, 0x7e, 0x80, 0x3d, 0x5f, 0xa0, 0x1f, 0x7f,
    0x9c, 0x3, 0xc3, 0xfe, 0x70, 0x9, 0x8, 0x1,
    0xdf, 0xcc, 0xb5, 0xfa, 0x0, 0x6f, 0xff, 0x58,
    0x4, 0x97, 0xdf, 0x8c, 0x0,

    /* U+02DC "˜" */
    0x0, 0x92, 0x20, 0x80, 0x1d, 0x12, 0xa0, 0x9,
    0xff, 0xd4, 0x1, 0xbf, 0xd0, 0xb, 0xff, 0xec,
    0x0, 0x2f, 0xf9, 0x83, 0x3f, 0x88, 0x99, 0xfe,
    0xd8, 0xef, 0xf0, 0x87, 0xfa, 0x0, 0x2c, 0xff,
    0xe7, 0x1, 0xff, 0x28, 0x6, 0x8e, 0xfd, 0x60,
    0x0,

    /* U+02DD "˝" */
    0x0, 0xe7, 0xaa, 0x48, 0x6, 0x9a, 0xa8, 0x80,
    0x32, 0x7f, 0xca, 0x1, 0x4f, 0xfd, 0x0, 0x18,
    0x7b, 0xfd, 0x0, 0x12, 0x7f, 0xd4, 0x1, 0xd5,
    0xfe, 0xb0, 0x8, 0x7b, 0xfd, 0x60, 0x1c, 0xbf,
    0xed, 0x10, 0xa, 0xff, 0xd8, 0x1, 0xc3, 0xff,
    0x18, 0x4, 0xdf, 0xed, 0x10, 0xe, 0xcf, 0xf2,
    0x80, 0x45, 0xfe, 0xe2, 0x0, 0xe0,

    /* U+02F5 "˵" */
    0x49, 0x99, 0xc0, 0x32, 0xcc, 0xca, 0x1, 0xec,
    0xff, 0x98, 0x2, 0x1d, 0xff, 0x8c, 0x3, 0xdb,
    0xff, 0x10, 0x4, 0x3d, 0xfe, 0xd0, 0xf, 0xe,
    0xff, 0xb0, 0x3, 0x17, 0x7f, 0xa8, 0x3, 0xc5,
    0xdf, 0xe8, 0x0, 0xc7, 0xff, 0x28, 0x7, 0x8b,
    0xbf, 0xc8, 0x1, 0x93, 0xfe, 0x20, 0xf, 0x1f,
    0xfb, 0x84, 0x3, 0x2f, 0xfb, 0x0,

    /* U+02F6 "˶" */
    0x0, 0xc5, 0x33, 0x40, 0x6, 0x49, 0x99, 0xc0,
    0x3b, 0x7f, 0xe4, 0x0, 0x87, 0xbf, 0xe3, 0x0,
    0xd3, 0xff, 0x28, 0x6, 0xbf, 0xf9, 0x0, 0x32,
    0x7f, 0xce, 0x1, 0x9f, 0xfe, 0x50, 0xc, 0x3d,
    0xfe, 0x80, 0xc, 0x7f, 0xf3, 0x0, 0x75, 0xff,
    0xa4, 0x3, 0xb7, 0xfc, 0xe0, 0x1c, 0xff, 0xeb,
    0x0, 0xe9, 0xff, 0x48, 0x7, 0x80,

    /* U+0300 "̀" */
    0xa, 0xff, 0xa8, 0x3, 0xd5, 0xff, 0x28, 0x7,
    0xaf, 0xfe, 0x20, 0xf, 0x67, 0xfb, 0x0, 0x3e,
    0xcf, 0xf4, 0x0, 0x78, 0x77, 0xfc, 0x80,

    /* U+0301 "́" */
    0x0, 0xed, 0xff, 0x98, 0x3, 0x57, 0xfc, 0xc0,
    0x19, 0xbf, 0xe6, 0x0, 0xc7, 0xff, 0x38, 0x6,
    0x1e, 0xff, 0x38, 0x7, 0x5f, 0xf9, 0xc0, 0x38,

    /* U+0302 "̂" */
    0x0, 0xf1, 0x50, 0x7, 0xfc, 0x5d, 0xf4, 0x1,
    0xfc, 0x3b, 0xff, 0x48, 0x7, 0xec, 0xff, 0x6f,
    0xf9, 0xc0, 0x3d, 0x9f, 0xe7, 0xc, 0xff, 0x30,
    0x6, 0xbf, 0xf4, 0x80, 0x7, 0x7f, 0xca, 0x0,
    0xaf, 0xf5, 0x0, 0x62, 0xef, 0xf2, 0x0,

    /* U+0303 "̃" */
    0x0, 0x92, 0x20, 0x80, 0x1d, 0x12, 0xa0, 0x9,
    0xff, 0xd4, 0x1, 0xbf, 0xd0, 0xb, 0xff, 0xec,
    0x0, 0x2f, 0xf9, 0x83, 0x3f, 0x88, 0x99, 0xfe,
    0xd8, 0xef, 0xf0, 0x87, 0xfa, 0x0, 0x2c, 0xff,
    0xe7, 0x1, 0xff, 0x28, 0x6, 0x8e, 0xfd, 0x60,
    0x0,

    /* U+0304 "̄" */
    0x7, 0x7f, 0xf8, 0x87, 0xff, 0xfe, 0x51, 0xff,
    0xff, 0x94,

    /* U+0306 "̆" */
    0x1f, 0xf4, 0x80, 0x7d, 0xdf, 0x61, 0xfe, 0xc0,
    0xf, 0xf, 0xfa, 0x82, 0xff, 0xcc, 0x1, 0xd5,
    0xfe, 0x60, 0x4f, 0xfb, 0x21, 0xe7, 0xbf, 0xdc,
    0x1, 0x47, 0xff, 0xee, 0x30, 0xc, 0x73, 0xbf,
    0xee, 0xc7, 0x10, 0x0,

    /* U+0307 "̇" */
    0x1f, 0xfd, 0x3, 0xff, 0xa0, 0x7f, 0xf4, 0xf,
    0xfe, 0x81, 0xff, 0xd0,

    /* U+0308 "̈" */
    0x1f, 0xfd, 0x0, 0x2, 0xff, 0xce, 0x3f, 0xfa,
    0x0, 0x5, 0xff, 0x9c, 0x7f, 0xf4, 0x0, 0xb,
    0xff, 0x38, 0xff, 0xe8, 0x0, 0x17, 0xfe, 0x71,
    0xff, 0xd0, 0x0, 0x2f, 0xfc, 0xe0,

    /* U+0309 "̉" */
    0x5, 0x43, 0x0, 0xe1, 0xff, 0xd4, 0x60, 0x1,
    0xff, 0xf2, 0x80, 0x42, 0x73, 0xfe, 0xe0, 0xf,
    0x6f, 0xf8, 0x40, 0x31, 0x7f, 0xb8, 0x2, 0x6b,
    0xff, 0x90, 0x2, 0x9e, 0xb7, 0x10, 0xf, 0xf8,

    /* U+030A "̊" */
    0x0, 0xa3, 0x7f, 0x58, 0x3, 0x67, 0xff, 0x48,
    0x2, 0x7f, 0xce, 0xb3, 0xfe, 0x50, 0xff, 0x30,
    0x5, 0x5f, 0x63, 0xfe, 0x30, 0x9, 0xbf, 0x3,
    0xfc, 0xc0, 0x15, 0x7d, 0x84, 0xff, 0x9d, 0x27,
    0xfc, 0xa0, 0xd, 0xff, 0xea, 0x0, 0xd1, 0xdf,
    0xac, 0x0,

    /* U+030B "̋" */
    0x0, 0xe7, 0xaa, 0x48, 0x6, 0x9a, 0xa8, 0x80,
    0x32, 0x7f, 0xca, 0x1, 0x4f, 0xfd, 0x0, 0x18,
    0x7b, 0xfd, 0x0, 0x12, 0x7f, 0xd4, 0x1, 0xd5,
    0xfe, 0xb0, 0x8, 0x7b, 0xfd, 0x60, 0x1c, 0xbf,
    0xed, 0x10, 0xa, 0xff, 0xd8, 0x1, 0xc3, 0xff,
    0x18, 0x4, 0xdf, 0xed, 0x10, 0xe, 0xcf, 0xf2,
    0x80, 0x45, 0xfe, 0xe2, 0x0, 0xe0,

    /* U+030C "̌" */
    0x9, 0xff, 0x48, 0x6, 0x1d, 0xff, 0x20, 0x2,
    0xbf, 0xd0, 0x0, 0x1d, 0xff, 0x20, 0x6, 0xaf,
    0xf3, 0x86, 0x7f, 0x94, 0x3, 0xd7, 0xfe, 0xdf,
    0xf2, 0x80, 0x7e, 0xbf, 0xf9, 0x80, 0x3f, 0xd9,
    0xec, 0x1, 0xff, 0xc0, 0x50, 0xf, 0x0,

    /* U+030F "̏" */
    0x8, 0xaa, 0x90, 0x2, 0x5a, 0xa4, 0x88, 0x7,
    0x17, 0x7f, 0xb8, 0x40, 0x2d, 0xff, 0x58, 0x7,
    0x8f, 0xfe, 0xb0, 0x8, 0xbb, 0xfc, 0xc0, 0x1e,
    0x5f, 0xf9, 0xc0, 0x24, 0xff, 0x88, 0x3, 0xcd,
    0xff, 0x10, 0x4, 0xff, 0xec, 0x0, 0xfa, 0x3f,
    0xd8, 0x1, 0xab, 0xfd, 0x0, 0x1f, 0x57, 0xfa,
    0x0, 0x36, 0xff, 0x8c,

    /* U+0312 "̒" */
    0x0, 0xe2, 0x88, 0x10, 0x7, 0x67, 0xf0, 0x7,
    0x4f, 0xf9, 0x80, 0x33, 0x7f, 0xb8, 0x3, 0x1f,
    0xfc, 0xe0, 0x10, 0xef, 0xfb, 0x80, 0x35, 0xff,
    0xce, 0x1, 0x0,

    /* U+031B "̛" */
    0x0, 0xcd, 0x10, 0x10, 0xd, 0x9f, 0xe2, 0x0,
    0xd9, 0xfe, 0x10, 0xd, 0xdf, 0xe0, 0xc, 0x7f,
    0xed, 0x0, 0xd7, 0xfe, 0x80, 0x1b, 0xff, 0xb8,
    0x40, 0x7f, 0xee, 0x30, 0x0, 0xf6, 0xc0, 0x80,
    0x40,

    /* U+0323 "̣" */
    0x8, 0x8c, 0x83, 0xff, 0xa0, 0x7f, 0xf4, 0xf,
    0xfe, 0x81, 0xff, 0xd0,

    /* U+0326 "̦" */
    0x0, 0xcf, 0x11, 0x8, 0x4, 0xdf, 0xf5, 0x0,
    0x6e, 0xff, 0x68, 0x6, 0x6f, 0xf8, 0x80, 0x36,
    0xff, 0x94, 0x3, 0x37, 0xfa, 0x0, 0x3b, 0x7e,
    0xc0, 0x38,

    /* U+0327 "̧" */
    0x0, 0xd7, 0xf0, 0x1, 0xe7, 0xfa, 0x0, 0xf1,
    0xff, 0xb6, 0x8, 0x3, 0x34, 0xe7, 0xfc, 0xc0,
    0x1f, 0x57, 0xf8, 0x3, 0xe5, 0xff, 0x10, 0x1e,
    0x20, 0x96, 0x7f, 0x80, 0x1b, 0xff, 0xe6, 0x0,
    0xc, 0xef, 0xf5, 0x98, 0x0,

    /* U+0328 "̨" */
    0x0, 0xcd, 0xe, 0x40, 0x18, 0xb7, 0xf4, 0xc0,
    0x3b, 0x7e, 0x80, 0x3d, 0x5f, 0xa0, 0x1f, 0x7f,
    0x9c, 0x3, 0xc3, 0xfe, 0x70, 0x9, 0x8, 0x1,
    0xdf, 0xcc, 0xb5, 0xfa, 0x0, 0x6f, 0xff, 0x58,
    0x4, 0x97, 0xdf, 0x8c, 0x0,

    /* U+0335 "̵" */
    0x1c, 0xcf, 0xfe, 0x2, 0x8f, 0xff, 0xff, 0x1,
    0xc7, 0xff, 0xff, 0x80, 0xe0,

    /* U+0336 "̶" */
    0x6, 0x6f, 0xfe, 0x78, 0xf, 0xff, 0xff, 0x3c,
    0x45, 0xff, 0xff, 0xcf, 0x10,

    /* U+0337 "̷" */
    0x0, 0xff, 0xe4, 0x1c, 0x0, 0x7e, 0x6f, 0xa0,
    0xf, 0xab, 0xfd, 0x40, 0x1c, 0x5b, 0xff, 0x50,
    0x6, 0x5f, 0xfd, 0x82, 0x1, 0x4f, 0xfe, 0x90,
    0x8, 0x73, 0xff, 0x28, 0x4, 0x3d, 0xff, 0x69,
    0x0, 0x61, 0xff, 0xa8, 0x3, 0xc3, 0xfe, 0x70,
    0xf, 0x87, 0x8c, 0x3, 0xf8, 0x40, 0x3f, 0x80,

    /* U+0338 "̸" */
    0x0, 0xff, 0xe1, 0x8c, 0x30, 0x7, 0xff, 0xe,
    0xfd, 0x40, 0x3f, 0xf8, 0x49, 0xf8, 0x1, 0xff,
    0xc3, 0xef, 0x20, 0xf, 0xfe, 0x14, 0x7c, 0x0,
    0x7f, 0xf0, 0x8b, 0xf8, 0x3, 0xff, 0x87, 0x9e,
    0x80, 0x1f, 0xfc, 0x25, 0xfb, 0x0, 0xff, 0xe1,
    0xf, 0x78, 0x80, 0x7f, 0xf0, 0xa7, 0xdc, 0x3,
    0xff, 0x84, 0x7f, 0xa0, 0x1f, 0xfc, 0x3d, 0xf3,
    0x0, 0xff, 0xe1, 0x3f, 0xc8, 0x7, 0xff, 0x8,
    0x7f, 0x84, 0x3, 0xff, 0x85, 0x5e, 0xc0, 0x1f,
    0xfc, 0x24, 0xfc, 0x0, 0xff, 0xe1, 0xef, 0x90,
    0x7, 0xff, 0xa, 0x3e, 0x0, 0x3f, 0xf8, 0x45,
    0xfc, 0x1, 0xff, 0xc3, 0xbf, 0x50, 0xf, 0xfe,
    0x12, 0xfd, 0x80, 0x7f, 0xf0, 0xfb, 0xc8, 0x3,
    0xff, 0x85, 0x3e, 0xe0, 0x1f, 0xfc, 0x23, 0xfd,
    0x0, 0xff, 0xe1, 0xe7, 0xa0, 0x7, 0xff, 0x8,

    /* U+0374 "ʹ" */
    0x0, 0x8f, 0xff, 0x30, 0x5, 0x1f, 0xf7, 0x0,
    0x6d, 0xff, 0xa0, 0x2, 0x1f, 0xfc, 0x20, 0x13,
    0x7f, 0xd2, 0x1, 0xab, 0xfe, 0x20, 0xd, 0xff,
    0x58, 0x6, 0x3f, 0xf9, 0x0, 0x34, 0x7f, 0xb0,
    0x3, 0xb7, 0xfc, 0xa0, 0x18, 0x7f, 0xdc, 0x1,
    0xcd, 0xfe, 0x70, 0xe,

    /* U+0375 "͵" */
    0x0, 0xe6, 0xff, 0x30, 0x7, 0x6f, 0xf8, 0x40,
    0x32, 0xff, 0xb4, 0x3, 0xb3, 0xfd, 0x0, 0x19,
    0x3f, 0xe4, 0x0, 0xd7, 0xff, 0x0, 0x62, 0xff,
    0xa8, 0x3, 0x4f, 0xfc, 0xc0, 0x10, 0xff, 0xe1,
    0x0, 0xa3, 0xfe, 0xd0, 0xd, 0xdf, 0xf4, 0x0,
    0x4d, 0xff, 0x90, 0x2,

    /* U+037E ";" */
    0x0, 0x84, 0xcf, 0x0, 0x6a, 0xff, 0xc2, 0x1,
    0x57, 0xfe, 0x10, 0xa, 0xbf, 0xf0, 0x80, 0x55,
    0xff, 0x84, 0x2, 0xaf, 0xfc, 0x20, 0x1f, 0xff,
    0xf0, 0xf, 0xe1, 0x99, 0xc6, 0x1, 0x37, 0xfe,
    0x0, 0xd7, 0xff, 0x40, 0x6, 0xff, 0xc2, 0x1,
    0x2f, 0xfd, 0x40, 0x1a, 0x7f, 0xe3, 0x0, 0xdd,
    0xfe, 0xc0, 0xc, 0x7f, 0xf2, 0x80, 0x68, 0xff,
    0x68, 0x7, 0x67, 0xf9, 0xc0, 0x30, 0xff, 0xc0,
    0x1c, 0xdf, 0xe8, 0x0, 0xe5, 0x88, 0x8, 0x7,
    0x0,

    /* U+0384 "΄" */
    0x0, 0xaf, 0xfe, 0x20, 0x1, 0x7f, 0xd0, 0x1,
    0x4f, 0xfb, 0x80, 0x21, 0xff, 0x94, 0x2, 0x7f,
    0xf6, 0x0, 0x6e, 0xff, 0x18, 0x4,

    /* U+0385 "΅" */
    0x0, 0xfc, 0x39, 0x2c, 0x1, 0xff, 0xc1, 0x4f,
    0xf7, 0x0, 0x7f, 0xf0, 0x63, 0xfd, 0x20, 0x1f,
    0xfc, 0x1b, 0xff, 0x18, 0x7, 0x84, 0x70, 0x5,
    0xdf, 0xc0, 0x1, 0x18, 0x7, 0xff, 0x18, 0x17,
    0xfa, 0x3, 0xff, 0x28, 0xff, 0xe3, 0x5, 0xff,
    0x10, 0x7f, 0xe5, 0x1f, 0xfc, 0x61, 0x3f, 0xa0,
    0xf, 0xfc, 0xa3, 0xff, 0x8c, 0x33, 0xdc, 0x1,
    0xff, 0x94, 0x7f, 0xf1, 0x80, 0xa0, 0x80, 0x3f,
    0xf2, 0x80,

    /* U+0387 "·" */
    0x3d, 0xdf, 0xe6, 0x3f, 0xff, 0xe7, 0x3f, 0xff,
    0xe7, 0x3f, 0xff, 0xe7, 0x3f, 0xff, 0xe7, 0x3f,
    0xff, 0xe7, 0x3f, 0xff, 0xe7, 0x3f, 0xff, 0xe7,
    0x3f, 0xff, 0xe7, 0x3f, 0xff, 0xe7,

    /* U+0394 "Δ" */
    0x0, 0xff, 0x92, 0x20, 0xe0, 0x1f, 0xfc, 0xbe,
    0xff, 0x8c, 0x3, 0xff, 0x92, 0x9f, 0xfa, 0x40,
    0x3f, 0xf9, 0x35, 0xff, 0xc0, 0x1f, 0xfc, 0x81,
    0xff, 0xf3, 0x0, 0x7f, 0xf1, 0xdf, 0xff, 0xd8,
    0x1, 0xff, 0xc7, 0xdf, 0xff, 0x88, 0x3, 0xff,
    0x8a, 0x7f, 0xf7, 0x47, 0xfd, 0x0, 0x1f, 0xfc,
    0x59, 0xff, 0xa4, 0xbf, 0xee, 0x0, 0xff, 0xe2,
    0xff, 0xe3, 0xd, 0xff, 0x90, 0x3, 0xff, 0x86,
    0xbf, 0xf6, 0x80, 0x1f, 0xfe, 0xb0, 0xf, 0xfe,
    0x1d, 0xff, 0xce, 0x0, 0x1f, 0xfc, 0x20, 0x1f,
    0xfc, 0x12, 0xff, 0xc4, 0x1, 0x67, 0xfc, 0xe0,
    0x1f, 0xfc, 0x18, 0xff, 0xb0, 0x3, 0x37, 0xfd,
    0xa0, 0x1f, 0xfc, 0x1e, 0xff, 0x98, 0x3, 0xf,
    0xfe, 0x30, 0xf, 0xf9, 0x3f, 0xf0, 0x80, 0x75,
    0xff, 0xd2, 0x1, 0xff, 0x57, 0xfd, 0x60, 0x1e,
    0x5f, 0xfc, 0x1, 0xfe, 0x1f, 0xfc, 0xa0, 0x1f,
    0x7f, 0xe6, 0x0, 0xfe, 0x7f, 0xfc, 0x1, 0xfa,
    0x7f, 0xec, 0x0, 0xfe, 0xdf, 0xfa, 0x40, 0x3f,
    0x27, 0xfe, 0x20, 0xf, 0x8f, 0xff, 0x20, 0x7,
    0xf7, 0x7f, 0xd0, 0x1, 0xf4, 0xff, 0xdc, 0x1,
    0xfe, 0x8f, 0xfb, 0x80, 0x3e, 0xff, 0xd0, 0x1,
    0xfe, 0x3f, 0xfc, 0x80, 0x1c, 0xbf, 0xf8, 0x80,
    0x3f, 0xed, 0xff, 0xa8, 0x3, 0xaf, 0xfe, 0xd0,
    0xf, 0xfe, 0x3, 0xff, 0xe1, 0x0, 0x8b, 0xff,
    0x38, 0x7, 0xff, 0x0, 0xbf, 0xf3, 0x80, 0x51,
    0xff, 0xff, 0xca, 0xd0, 0xb, 0xbf, 0xff, 0xf9,
    0x66, 0x9, 0xff, 0xff, 0xcc, 0x90, 0xaf, 0xff,
    0xfe, 0x68, 0x0,

    /* U+03A9 "Ω" */
    0x0, 0xfe, 0x49, 0xce, 0xff, 0x76, 0xd3, 0x8,
    0x7, 0xff, 0x11, 0xbb, 0xff, 0xfe, 0x91, 0x0,
    0xff, 0xe0, 0x16, 0xff, 0xff, 0xf0, 0xd8, 0x3,
    0xfc, 0xbf, 0xff, 0xfc, 0x69, 0x0, 0xfc, 0x9f,
    0xfe, 0xc7, 0x42, 0x21, 0xad, 0x7f, 0xfa, 0x80,
    0x3c, 0x5d, 0xff, 0xb4, 0xc0, 0x3f, 0xc, 0xff,
    0xf3, 0x80, 0x75, 0x7f, 0xeb, 0x0, 0xff, 0xe0,
    0x2f, 0xff, 0x10, 0x4, 0x7f, 0xfb, 0x40, 0x3f,
    0xf8, 0x4f, 0xff, 0xa8, 0x2, 0xaf, 0xfc, 0x60,
    0x1f, 0xfc, 0x3c, 0xff, 0xc4, 0x0, 0xef, 0xfa,
    0xc0, 0x3f, 0xf8, 0x8b, 0xff, 0xa0, 0xf, 0xff,
    0x30, 0x7, 0xff, 0x17, 0xff, 0x60, 0x37, 0xfe,
    0x20, 0xf, 0xfe, 0x2d, 0xff, 0xe0, 0x7f, 0xfc,
    0x1, 0xff, 0xc6, 0x8f, 0xfc, 0x11, 0xff, 0x70,
    0x7, 0xff, 0x19, 0xff, 0xf0, 0xc7, 0xfd, 0xa0,
    0x1f, 0xfc, 0x67, 0xff, 0xc0, 0xdf, 0xf7, 0x0,
    0x7f, 0xf1, 0xa3, 0xff, 0x2, 0x7f, 0xe0, 0xf,
    0xfe, 0x34, 0xff, 0xd8, 0x0, 0xff, 0xc4, 0x1,
    0xff, 0xc5, 0xcf, 0xfa, 0x0, 0x19, 0xff, 0x30,
    0x7, 0xff, 0x10, 0x7f, 0xf1, 0x80, 0x1b, 0xfe,
    0xc0, 0xf, 0xfe, 0x23, 0x7f, 0xda, 0x1, 0xb7,
    0xfe, 0x40, 0xf, 0xfe, 0x1e, 0xff, 0xca, 0x1,
    0x93, 0xfe, 0xc0, 0xf, 0xfe, 0x13, 0xff, 0xd6,
    0x1, 0xe8, 0xff, 0xa4, 0x3, 0xff, 0x80, 0x7f,
    0xf6, 0x88, 0x7, 0xd5, 0xff, 0x40, 0x7, 0xf8,
    0xbb, 0xfd, 0xc4, 0x1, 0xfd, 0x1f, 0xf4, 0x80,
    0x7e, 0x4f, 0xfb, 0x4, 0x3, 0xc2, 0x3c, 0xbd,
    0xfe, 0xd4, 0x0, 0xc3, 0x3f, 0xf4, 0x90, 0x8e,
    0x0, 0xf, 0xff, 0xfc, 0x1, 0xa3, 0xff, 0xfd,
    0x20, 0x3f, 0xff, 0xf0, 0x80, 0x53, 0xff, 0xfe,
    0x90, 0x1f, 0xff, 0xf8, 0x40, 0x29, 0xff, 0xff,
    0x48, 0xf, 0xff, 0xfc, 0x20, 0x14, 0xff, 0xff,
    0xa4, 0x0,

    /* U+03BC "μ" */
    0x6f, 0xfa, 0xc0, 0x3f, 0xb3, 0xfe, 0x46, 0xff,
    0xac, 0x3, 0xfb, 0x3f, 0xe4, 0x6f, 0xfa, 0xc0,
    0x3f, 0xb3, 0xfe, 0x46, 0xff, 0xac, 0x3, 0xfb,
    0x3f, 0xe4, 0x6f, 0xfa, 0xc0, 0x3f, 0xb3, 0xfe,
    0x46, 0xff, 0xac, 0x3, 0xfb, 0x3f, 0xe4, 0x6f,
    0xfa, 0xc0, 0x3f, 0xb3, 0xfe, 0x46, 0xff, 0xac,
    0x3, 0xfb, 0x3f, 0xe4, 0x6f, 0xfa, 0xc0, 0x3f,
    0xb3, 0xfe, 0x46, 0xff, 0xac, 0x3, 0xfb, 0x3f,
    0xe4, 0x6f, 0xfa, 0xc0, 0x3f, 0xb7, 0xfe, 0x46,
    0xff, 0xac, 0x3, 0xfb, 0xbf, 0xe4, 0x6f, 0xfb,
    0x0, 0x3f, 0xf, 0xfe, 0x46, 0xff, 0xb4, 0x3,
    0xf2, 0x7f, 0xe4, 0x6f, 0xfc, 0x20, 0x1f, 0x4f,
    0xfe, 0x46, 0xff, 0xd0, 0x1, 0xe3, 0xff, 0xe4,
    0x6f, 0xfe, 0x70, 0xc, 0x7b, 0xff, 0xc8, 0xdf,
    0xfe, 0xec, 0xbd, 0xff, 0xf9, 0x1b, 0xff, 0xff,
    0x81, 0x19, 0xff, 0x23, 0x7f, 0xdd, 0xff, 0xf4,
    0x6, 0x7f, 0xc8, 0xdf, 0xf5, 0xa6, 0x7f, 0xb6,
    0x48, 0x1, 0x9f, 0xf2, 0x37, 0xfd, 0x60, 0x1f,
    0xfc, 0x26, 0xff, 0xac, 0x3, 0xff, 0x84, 0xdf,
    0xf5, 0x80, 0x7f, 0xf0, 0x9b, 0xfe, 0xb0, 0xf,
    0xfe, 0x13, 0x7f, 0xd6, 0x1, 0xff, 0xc2, 0x6f,
    0xfa, 0xc0, 0x3f, 0xf8, 0x4d, 0xff, 0x58, 0x7,
    0xff, 0x8,

    /* U+03C0 "π" */
    0x2f, 0xff, 0xfe, 0x46, 0x1, 0x7f, 0xff, 0xf2,
    0x30, 0xb, 0xff, 0xff, 0x91, 0x80, 0x2e, 0xeb,
    0xff, 0xb1, 0xdf, 0xd9, 0xff, 0x5b, 0xb9, 0x40,
    0x34, 0x7f, 0xd2, 0x1, 0xe9, 0xff, 0x9c, 0x3,
    0xe8, 0xff, 0xa4, 0x3, 0xd3, 0xff, 0x38, 0x7,
    0xd1, 0xff, 0x48, 0x7, 0xa7, 0xfe, 0x70, 0xf,
    0xa3, 0xfe, 0x90, 0xf, 0x4f, 0xfc, 0xe0, 0x1f,
    0x47, 0xfd, 0x20, 0x1e, 0x9f, 0xf9, 0xc0, 0x3e,
    0x8f, 0xfa, 0x40, 0x3d, 0x3f, 0xf3, 0x80, 0x7d,
    0x1f, 0xf4, 0x80, 0x7a, 0x7f, 0xe7, 0x0, 0xfa,
    0x3f, 0xe9, 0x0, 0xf4, 0xff, 0xce, 0x1, 0xf4,
    0x7f, 0xd2, 0x1, 0xe9, 0xff, 0x9c, 0x3, 0xe8,
    0xff, 0xa4, 0x3, 0xd3, 0xff, 0x38, 0x7, 0xd1,
    0xff, 0x48, 0x7, 0xa7, 0xfe, 0x80, 0xf, 0xa3,
    0xfe, 0x90, 0xf, 0x4f, 0xfd, 0x40, 0x1f, 0x47,
    0xfd, 0x20, 0x1e, 0x8f, 0xfc, 0x60, 0x1e, 0x8f,
    0xfa, 0x40, 0x3c, 0xbf, 0xfd, 0xde, 0x60, 0x14,
    0x7f, 0xd2, 0x1, 0xf7, 0x7f, 0xf9, 0x80, 0x28,
    0xff, 0xa4, 0x3, 0xe5, 0xff, 0xf4, 0x80, 0x51,
    0xff, 0x48, 0x7, 0xe3, 0xae, 0xff, 0x63, 0x0,

    /* U+1E20 "Ḡ" */
    0x0, 0xfe, 0x77, 0xff, 0x88, 0x3, 0xff, 0x86,
    0x5f, 0xff, 0xf2, 0x80, 0x7f, 0xf0, 0xcb, 0xff,
    0xfe, 0x50, 0xf, 0xff, 0xf8, 0x7, 0xff, 0xa4,
    0x5a, 0xb7, 0xbf, 0xdd, 0x70, 0x60, 0x1f, 0xfc,
    0x32, 0xaf, 0xff, 0xfb, 0x58, 0x3, 0xff, 0x80,
    0xff, 0xff, 0xfc, 0x3c, 0x20, 0xf, 0xea, 0xff,
    0xff, 0xe3, 0x18, 0x7, 0xd5, 0xff, 0xdd, 0x8,
    0x23, 0x1b, 0x5f, 0xff, 0x8c, 0x3, 0x9b, 0xff,
    0x9c, 0x3, 0xf8, 0xf7, 0xff, 0x68, 0x6, 0x1f,
    0xfe, 0x40, 0xf, 0xfe, 0x5, 0xff, 0xe7, 0x0,
    0xa7, 0xff, 0x28, 0x7, 0xff, 0xb, 0x7f, 0xee,
    0x0, 0xbf, 0xf5, 0x0, 0x7f, 0xf0, 0xcf, 0xf1,
    0xc8, 0x0, 0xbf, 0xf8, 0xc0, 0x3f, 0xf8, 0x82,
    0x1, 0xd3, 0xff, 0x68, 0x7, 0xff, 0x2f, 0x3f,
    0xe8, 0x0, 0xff, 0xe5, 0xf7, 0xfc, 0xc0, 0x1f,
    0xfc, 0xbf, 0xfc, 0x80, 0x1f, 0xec, 0xdd, 0xff,
    0x8, 0x7f, 0xe3, 0x0, 0xff, 0x7f, 0xff, 0xc4,
    0x1f, 0xf9, 0x0, 0x3f, 0xdf, 0xff, 0xf1, 0x7,
    0xfe, 0x50, 0xf, 0xf7, 0xff, 0xfc, 0x41, 0xbf,
    0xf3, 0x80, 0x7f, 0xf1, 0x6f, 0xfe, 0x20, 0xbf,
    0xfa, 0x80, 0x3f, 0xf8, 0xbb, 0xff, 0x10, 0x3f,
    0xfe, 0x0, 0xff, 0xe2, 0xff, 0xe2, 0x2, 0xff,
    0xcc, 0x1, 0xff, 0xc3, 0x5f, 0xfc, 0x40, 0xc,
    0xff, 0xb8, 0x40, 0x3f, 0xf8, 0x5b, 0xff, 0x88,
    0x0, 0xbf, 0xfa, 0xc0, 0x3f, 0xf8, 0x31, 0xff,
    0xc4, 0x1, 0x5f, 0xfe, 0xb1, 0x0, 0xff, 0x47,
    0xff, 0x88, 0x2, 0x2e, 0xff, 0xdc, 0xc2, 0x1,
    0xe4, 0xcf, 0xff, 0x88, 0x3, 0x27, 0xff, 0xd9,
    0x53, 0x2b, 0xff, 0xeb, 0xff, 0xc4, 0x1, 0xc9,
    0xdf, 0xff, 0xfc, 0x2d, 0x1e, 0xff, 0x88, 0x3,
    0xc3, 0x7f, 0xff, 0xfc, 0xb, 0x10, 0xcf, 0xf8,
    0x80, 0x3f, 0x1d, 0x7f, 0xfe, 0xc5, 0x0, 0xaf,
    0xfe, 0x20, 0xf, 0xf8, 0xd9, 0xdc, 0xca, 0x20,
    0x1f, 0xe0,

    /* U+1E21 "ḡ" */
    0x0, 0xcc, 0xef, 0xfe, 0x40, 0xf, 0xed, 0xff,
    0xff, 0x50, 0x7, 0xf6, 0xff, 0xff, 0xa8, 0x3,
    0xff, 0xe9, 0x52, 0x1, 0xf9, 0x6f, 0x7f, 0xb2,
    0x8, 0xb, 0x7f, 0xce, 0x1, 0xc9, 0xdf, 0xff,
    0xb7, 0xff, 0x68, 0x6, 0x6f, 0xff, 0xfe, 0x15,
    0x88, 0x4, 0x7f, 0xfb, 0xa1, 0x5a, 0xff, 0xfa,
    0x40, 0x3b, 0x3f, 0xec, 0x0, 0xe5, 0xff, 0xc6,
    0x1, 0x8b, 0xff, 0x8, 0x7, 0xa7, 0xfe, 0x90,
    0xc, 0xbf, 0xf6, 0x0, 0x7c, 0x9f, 0xf6, 0x0,
    0x66, 0xff, 0xa8, 0x3, 0xe3, 0xff, 0xb8, 0x3,
    0x2f, 0xfd, 0x80, 0x1f, 0x27, 0xfd, 0xa0, 0x18,
    0xff, 0xf0, 0x80, 0x7a, 0x7f, 0xeb, 0x0, 0xed,
    0xff, 0xac, 0x3, 0x93, 0xff, 0x30, 0x7, 0x27,
    0xfe, 0xd7, 0x45, 0x9f, 0xfd, 0xa0, 0x1f, 0x6f,
    0xff, 0xfd, 0xc4, 0x1, 0xe8, 0xff, 0xff, 0xb0,
    0x80, 0x3c, 0xbf, 0xf3, 0x32, 0xf7, 0xfd, 0xb4,
    0x80, 0x1f, 0xaf, 0xfd, 0xc0, 0x1f, 0xfc, 0x5e,
    0xff, 0x84, 0x3, 0xff, 0x89, 0x9f, 0xf6, 0xb1,
    0x0, 0x7f, 0xf0, 0x9b, 0xff, 0xec, 0xa7, 0x41,
    0x0, 0xfe, 0x7f, 0xff, 0xfb, 0xa4, 0xc0, 0x3e,
    0x6f, 0xff, 0xfe, 0xd, 0x0, 0x74, 0x7f, 0xcc,
    0xca, 0xdf, 0xff, 0xd4, 0x0, 0x1c, 0xff, 0x94,
    0x3, 0x89, 0x67, 0xff, 0x88, 0x1b, 0xfe, 0x90,
    0xf, 0xe1, 0xef, 0xf9, 0x1, 0x7f, 0xe8, 0x0,
    0xff, 0x5f, 0xfc, 0xa0, 0x5f, 0xf7, 0x10, 0x7,
    0xf7, 0x7f, 0xc4, 0x0, 0xaf, 0xfd, 0x28, 0x20,
    0x11, 0x36, 0xff, 0xd8, 0x1, 0xe, 0x7f, 0xff,
    0xf0, 0xb8, 0x80, 0x3a, 0x3f, 0xff, 0xf8, 0x16,
    0x40, 0x1f, 0xa, 0xce, 0x77, 0xfd, 0xd7, 0x6,
    0x1, 0xc0,

    /* U+1E44 "Ṅ" */
    0x0, 0xfc, 0x7f, 0xf9, 0xc0, 0x3f, 0xf8, 0xa7,
    0xff, 0x9c, 0x3, 0xff, 0x8a, 0x7f, 0xf9, 0xc0,
    0x3f, 0xf8, 0xa7, 0xff, 0x9c, 0x3, 0xff, 0x8a,
    0x7f, 0xf9, 0xc0, 0x3f, 0xff, 0xe0, 0x1f, 0xfc,
    0xed, 0xff, 0xb4, 0x3, 0xff, 0x83, 0xbf, 0xf3,
    0x6f, 0xfe, 0x80, 0xf, 0xfe, 0x6, 0xff, 0xcd,
    0xbf, 0xfc, 0x40, 0x1f, 0xf6, 0xff, 0xcd, 0xbf,
    0xfd, 0x80, 0x1f, 0xf6, 0xff, 0xcd, 0xbf, 0xfe,
    0x60, 0xf, 0xf6, 0xff, 0xcd, 0xbf, 0xfe, 0xe1,
    0x0, 0xfe, 0xdf, 0xf9, 0xb7, 0xff, 0xe9, 0x0,
    0xfe, 0xdf, 0xf9, 0xb7, 0xfe, 0xaf, 0xfc, 0x60,
    0x1f, 0xb7, 0xfe, 0x6d, 0xff, 0x9e, 0xbf, 0xed,
    0x0, 0xfd, 0xbf, 0xf3, 0x6f, 0xfc, 0xe3, 0xdf,
    0xf3, 0x80, 0x7d, 0xbf, 0xf3, 0x6f, 0xfc, 0xe0,
    0xdf, 0xf8, 0x40, 0x3d, 0xbf, 0xf3, 0x6f, 0xfc,
    0xe0, 0xc, 0xff, 0xac, 0x3, 0xdb, 0xff, 0x36,
    0xff, 0xce, 0x0, 0x3f, 0xfc, 0x80, 0x1d, 0xbf,
    0xf3, 0x6f, 0xfc, 0xe0, 0x14, 0xff, 0xdc, 0x1,
    0xdb, 0xff, 0x36, 0xff, 0xce, 0x1, 0xf, 0x7f,
    0xd0, 0x1, 0xb7, 0xfe, 0x6d, 0xff, 0x9c, 0x3,
    0x2f, 0xfe, 0x20, 0xb, 0x7f, 0xe6, 0xdf, 0xf9,
    0xc0, 0x3b, 0x3f, 0xec, 0x0, 0xb7, 0xfe, 0x6d,
    0xff, 0x9c, 0x3, 0x8b, 0xff, 0x30, 0x3, 0x7f,
    0xe6, 0xdf, 0xf9, 0xc0, 0x3d, 0x1f, 0xf7, 0x8,
    0x6f, 0xfc, 0xdb, 0xff, 0x38, 0x7, 0xdd, 0xff,
    0x48, 0x6f, 0xfc, 0xdb, 0xff, 0x38, 0x7, 0xcb,
    0xff, 0x8f, 0x7f, 0xe6, 0xdf, 0xf9, 0xc0, 0x3f,
    0x5f, 0xfd, 0xba, 0xff, 0x9b, 0x7f, 0xe7, 0x0,
    0xfc, 0x5f, 0xff, 0x9b, 0x7f, 0xe7, 0x0, 0xfe,
    0x7f, 0xff, 0x9b, 0x7f, 0xe7, 0x0, 0xff, 0x6f,
    0xff, 0x9b, 0x7f, 0xe7, 0x0, 0xff, 0x27, 0xff,
    0x9b, 0x7f, 0xe7, 0x0, 0xff, 0xab, 0xff, 0x9b,
    0x7f, 0xe7, 0x0, 0xff, 0x87, 0xff, 0x9b, 0x7f,
    0xe7, 0x0, 0xff, 0xe0, 0x37, 0xfe, 0x60,

    /* U+1E45 "ṅ" */
    0x0, 0xfb, 0xff, 0x58, 0x7, 0xff, 0xb, 0xff,
    0x58, 0x7, 0xff, 0xb, 0xff, 0x58, 0x7, 0xff,
    0xb, 0xff, 0x58, 0x7, 0xff, 0xb, 0xff, 0x50,
    0x7, 0xff, 0xd0, 0xbf, 0xf0, 0x0, 0x5f, 0x3b,
    0xfa, 0xd8, 0x3, 0x17, 0xfe, 0x5, 0xff, 0xfd,
    0xa4, 0x0, 0x2f, 0xfc, 0xdf, 0xff, 0xee, 0x10,
    0x2f, 0xff, 0xb2, 0x65, 0x7f, 0xfd, 0x40, 0x5f,
    0xfd, 0xc6, 0x1, 0x8f, 0xbf, 0xf0, 0x97, 0xff,
    0x18, 0x7, 0x93, 0xff, 0x29, 0x7f, 0xeb, 0x0,
    0xfd, 0xdf, 0xf3, 0x97, 0xfe, 0x60, 0xf, 0xd5,
    0xff, 0x41, 0x7f, 0xe2, 0x0, 0xfd, 0x3f, 0xf4,
    0x97, 0xfe, 0x10, 0xf, 0xd1, 0xff, 0x49, 0x7f,
    0xe0, 0xf, 0xe8, 0xff, 0xa4, 0xbf, 0xf0, 0x7,
    0xf4, 0x7f, 0xd2, 0x5f, 0xf8, 0x3, 0xfa, 0x3f,
    0xe9, 0x2f, 0xfc, 0x1, 0xfd, 0x1f, 0xf4, 0x97,
    0xfe, 0x0, 0xfe, 0x8f, 0xfa, 0x4b, 0xff, 0x0,
    0x7f, 0x47, 0xfd, 0x25, 0xff, 0x80, 0x3f, 0xa3,
    0xfe, 0x92, 0xff, 0xc0, 0x1f, 0xd1, 0xff, 0x49,
    0x7f, 0xe0, 0xf, 0xe8, 0xff, 0xa4, 0xbf, 0xf0,
    0x7, 0xf4, 0x7f, 0xd2, 0x5f, 0xf8, 0x3, 0xfa,
    0x3f, 0xe9,

    /* U+1E80 "Ẁ" */
    0x0, 0xff, 0xe0, 0xb5, 0xdc, 0xe0, 0x1f, 0xfd,
    0x8c, 0xff, 0x90, 0x3, 0xff, 0xb1, 0x9f, 0xee,
    0x10, 0xf, 0xfe, 0xb8, 0xef, 0xfa, 0xc0, 0x3f,
    0xfb, 0x3, 0xdf, 0xe7, 0x0, 0xff, 0xec, 0x17,
    0x7f, 0x8c, 0x3, 0xff, 0xb0, 0x4a, 0xa3, 0x0,
    0xff, 0xff, 0x80, 0x7f, 0xf3, 0x3f, 0xf3, 0x80,
    0x7f, 0xf4, 0x7b, 0xfe, 0x80, 0xbf, 0xfa, 0xc0,
    0x3f, 0xf8, 0xa, 0xcd, 0x10, 0x7, 0xfc, 0x7f,
    0xf8, 0xc1, 0xbf, 0xf0, 0x7, 0xfc, 0x3f, 0xfa,
    0x80, 0x3f, 0xe8, 0xff, 0xb8, 0x0, 0x3f, 0xf9,
    0x40, 0x3f, 0xcd, 0xff, 0xb8, 0x3, 0xfe, 0xcf,
    0xfa, 0x80, 0x2d, 0xff, 0xa4, 0x3, 0xfd, 0x7f,
    0xfc, 0x80, 0x1f, 0xc3, 0xff, 0x94, 0x2, 0x8f,
    0xfb, 0x80, 0x3f, 0xdf, 0xfe, 0x80, 0xf, 0xe6,
    0xff, 0xc2, 0x1, 0x1f, 0xfe, 0x20, 0xf, 0xcb,
    0xff, 0xed, 0x0, 0xfe, 0xaf, 0xfa, 0xc0, 0x3b,
    0xbf, 0xe7, 0x0, 0xfd, 0x5f, 0xff, 0x10, 0x7,
    0xef, 0xfc, 0xe0, 0x1d, 0x5f, 0xf6, 0x0, 0x7e,
    0xef, 0xfa, 0x7f, 0xe7, 0x0, 0xf9, 0x3f, 0xf1,
    0x0, 0x72, 0xff, 0xe1, 0x0, 0xf1, 0xff, 0xd6,
    0x7f, 0xf6, 0x0, 0x7d, 0x1f, 0xf6, 0x80, 0x7d,
    0xff, 0x94, 0x3, 0xd1, 0xff, 0x30, 0x77, 0xfc,
    0x20, 0x1e, 0xdf, 0xfa, 0x0, 0x3e, 0xbf, 0xfa,
    0x80, 0x3d, 0xbf, 0xf0, 0x84, 0xff, 0xca, 0x1,
    0xc3, 0xff, 0x90, 0x3, 0xe6, 0xff, 0xb8, 0x3,
    0x8b, 0xfe, 0xc0, 0x2, 0x7f, 0xd4, 0x1, 0xcd,
    0xff, 0x70, 0x7, 0xe2, 0xff, 0xc6, 0x1, 0x9b,
    0xfe, 0x70, 0xb, 0xff, 0x0, 0x75, 0xff, 0xd4,
    0x1, 0xfd, 0xbf, 0xf4, 0x0, 0x6b, 0xff, 0x8c,
    0x2, 0xaf, 0xf9, 0x0, 0x37, 0xfe, 0x50, 0xf,
    0xe8, 0xff, 0xb0, 0x3, 0x7f, 0xdc, 0x1, 0x97,
    0xfe, 0x90, 0x9, 0x3f, 0xf0, 0x80, 0x7f, 0x1f,
    0xfe, 0x10, 0x2, 0xff, 0xd2, 0x1, 0xdf, 0xf6,
    0x80, 0x53, 0xff, 0x60, 0x7, 0xfd, 0xdf, 0xf3,
    0x0, 0x2b, 0xfe, 0x40, 0xe, 0xbf, 0xf8, 0x80,
    0x1b, 0xff, 0x38, 0x7, 0xfd, 0x5f, 0xf5, 0x0,
    0x3b, 0xfd, 0xc0, 0x1e, 0x6f, 0xf9, 0xc0, 0xbf,
    0xf1, 0x0, 0x7f, 0xcb, 0xff, 0x80, 0xff, 0xea,
    0x0, 0xf0, 0xff, 0xd8, 0xd, 0xff, 0x68, 0x7,
    0xff, 0x0, 0x7f, 0xf1, 0xc7, 0xfc, 0xa0, 0x1f,
    0x67, 0xfc, 0x37, 0xff, 0x48, 0x7, 0xff, 0x7,
    0x3f, 0xe8, 0xdf, 0xf8, 0x3, 0xf3, 0xff, 0xcd,
    0xff, 0x90, 0x3, 0xff, 0x82, 0xff, 0xf7, 0x7f,
    0xd6, 0x1, 0xf8, 0xbf, 0xee, 0xff, 0xc0, 0x1f,
    0xfc, 0x22, 0xff, 0xf9, 0x80, 0x3f, 0xb7, 0xff,
    0xd4, 0x1, 0xff, 0xc3, 0xdf, 0xff, 0x8, 0x7,
    0xf4, 0x7f, 0xf9, 0x40, 0x3f, 0xf8, 0x71, 0xff,
    0xd8, 0x1, 0xfe, 0x3f, 0xff, 0x8, 0x7, 0xff,
    0xd, 0x3f, 0xf9, 0xc0, 0x3f, 0xee, 0xff, 0xd8,
    0x1, 0xff, 0xc5, 0xff, 0xe2, 0x0, 0xff, 0xa7,
    0xff, 0x38, 0x7, 0xff, 0x16, 0xbf, 0xed, 0x0,
    0xff, 0xe0, 0x2f, 0xfe, 0x20, 0xf, 0xc0,

    /* U+1E81 "ẁ" */
    0x0, 0xf8, 0x77, 0xfe, 0x40, 0xf, 0xfe, 0x68,
    0xef, 0xfb, 0x88, 0x3, 0xff, 0x9a, 0x3b, 0xfe,
    0xd0, 0xf, 0xfe, 0x70, 0xe7, 0xfa, 0x80, 0x3f,
    0xf9, 0xc3, 0x9f, 0xe7, 0x0, 0xff, 0xe7, 0xc4,
    0x40, 0x1f, 0xff, 0xec, 0xff, 0xa0, 0x3, 0xe3,
    0xff, 0xa8, 0x3, 0xe1, 0xff, 0xc9, 0x1f, 0xf6,
    0x80, 0x7d, 0x1f, 0xf8, 0x3, 0xe5, 0xff, 0xc0,
    0x7f, 0xf8, 0x40, 0x3d, 0xbf, 0xf9, 0x0, 0x3d,
    0x3f, 0xf5, 0x80, 0x3b, 0xfe, 0x50, 0xe, 0x2f,
    0xfe, 0x90, 0xf, 0x77, 0xfc, 0xc0, 0x9, 0xff,
    0xa8, 0x3, 0x9f, 0xff, 0xb8, 0x3, 0x8b, 0xff,
    0x8, 0x1, 0x7f, 0xee, 0x0, 0xec, 0xff, 0xf1,
    0x80, 0x66, 0xff, 0xb0, 0x3, 0x7f, 0xe2, 0x0,
    0x87, 0xfe, 0x9f, 0xfa, 0x0, 0x35, 0xff, 0xd0,
    0x1, 0xaf, 0xfe, 0x60, 0x9, 0xbf, 0xe3, 0xbf,
    0xf6, 0x80, 0x6f, 0xfc, 0x60, 0x19, 0xff, 0xeb,
    0x0, 0xaf, 0xfd, 0xc0, 0xdf, 0xf1, 0x0, 0x13,
    0xfe, 0xe0, 0xe, 0x2f, 0xfc, 0x1, 0x7f, 0xd2,
    0x3, 0xff, 0x40, 0x2, 0x3f, 0xe9, 0x0, 0xf6,
    0xff, 0xc6, 0xb, 0xff, 0x20, 0x3, 0x3f, 0xda,
    0x0, 0xcf, 0xf9, 0x40, 0x3d, 0x1f, 0xf4, 0x5,
    0x7f, 0xc0, 0x13, 0xff, 0xc4, 0x3f, 0xf8, 0x3,
    0xe4, 0xff, 0xb0, 0x3f, 0xea, 0x0, 0x8b, 0xfe,
    0x75, 0xff, 0xac, 0x3, 0xf7, 0xfe, 0x5f, 0xf9,
    0x40, 0x36, 0xff, 0xb2, 0x7f, 0xe6, 0x0, 0xfd,
    0x5f, 0xf6, 0xff, 0xc2, 0x1, 0xa7, 0xfe, 0xef,
    0xf8, 0x80, 0x3f, 0x2f, 0xff, 0xb0, 0x3, 0x93,
    0xff, 0xda, 0x1, 0xfc, 0x3f, 0xfe, 0x70, 0xf,
    0x77, 0xff, 0x40, 0x7, 0xfb, 0x3f, 0xf8, 0x80,
    0x3d, 0x5f, 0xfc, 0x60, 0x1f, 0xe7, 0xff, 0xda,
    0x1, 0xf2, 0xff, 0xee, 0x0, 0xff, 0x8b, 0xff,
    0x40, 0x7, 0xef, 0xfd, 0x40, 0x1f, 0xfc, 0xe,
    0xff, 0x8c, 0x3, 0xf5, 0xff, 0xca, 0x1, 0xe0,

    /* U+1E82 "Ẃ" */
    0x0, 0xff, 0xe5, 0xcd, 0xdc, 0x80, 0x1f, 0xfd,
    0x69, 0xff, 0xa4, 0x3, 0xff, 0xac, 0xbf, 0xf4,
    0x80, 0x7f, 0xf5, 0x8b, 0xfe, 0x90, 0xf, 0xfe,
    0xbe, 0xff, 0xa4, 0x3, 0xff, 0xaf, 0x5f, 0xe9,
    0x0, 0xff, 0xec, 0x2a, 0x90, 0x3, 0xff, 0xfe,
    0x1, 0xff, 0xcc, 0xff, 0xce, 0x1, 0xff, 0xd1,
    0xef, 0xfa, 0x2, 0xff, 0xeb, 0x0, 0xff, 0xe0,
    0x2b, 0x34, 0x40, 0x1f, 0xf1, 0xff, 0xe3, 0x6,
    0xff, 0xc0, 0x1f, 0xf0, 0xff, 0xea, 0x0, 0xff,
    0xa3, 0xfe, 0xe0, 0x0, 0xff, 0xe5, 0x0, 0xff,
    0x37, 0xfe, 0xe0, 0xf, 0xfb, 0x3f, 0xea, 0x0,
    0xb7, 0xfe, 0x90, 0xf, 0xf5, 0xff, 0xf2, 0x0,
    0x7f, 0xf, 0xfe, 0x50, 0xa, 0x3f, 0xee, 0x0,
    0xff, 0x7f, 0xfa, 0x0, 0x3f, 0x9b, 0xff, 0x8,
    0x4, 0x7f, 0xf8, 0x80, 0x3f, 0x2f, 0xff, 0xb4,
    0x3, 0xfa, 0xbf, 0xeb, 0x0, 0xee, 0xff, 0x9c,
    0x3, 0xf5, 0x7f, 0xfc, 0x40, 0x1f, 0xbf, 0xf3,
    0x80, 0x75, 0x7f, 0xd8, 0x1, 0xfb, 0xbf, 0xe9,
    0xff, 0x9c, 0x3, 0xe4, 0xff, 0xc4, 0x1, 0xcb,
    0xff, 0x84, 0x3, 0xc7, 0xff, 0x59, 0xff, 0xd8,
    0x1, 0xf4, 0x7f, 0xda, 0x1, 0xf7, 0xfe, 0x50,
    0xf, 0x47, 0xfc, 0xc1, 0xdf, 0xf0, 0x80, 0x7b,
    0x7f, 0xe8, 0x0, 0xfa, 0xff, 0xea, 0x0, 0xf6,
    0xff, 0xc2, 0x13, 0xff, 0x28, 0x7, 0xf, 0xfe,
    0x40, 0xf, 0x9b, 0xfe, 0xe0, 0xe, 0x2f, 0xfb,
    0x0, 0x9, 0xff, 0x50, 0x7, 0x37, 0xfd, 0xc0,
    0x1f, 0x8b, 0xff, 0x18, 0x6, 0x6f, 0xf9, 0xc0,
    0x2f, 0xfc, 0x1, 0xd7, 0xff, 0x50, 0x7, 0xf6,
    0xff, 0xd0, 0x1, 0xaf, 0xfe, 0x30, 0xa, 0xbf,
    0xe4, 0x0, 0xdf, 0xf9, 0x40, 0x3f, 0xa3, 0xfe,
    0xc0, 0xd, 0xff, 0x70, 0x6, 0x5f, 0xfa, 0x40,
    0x24, 0xff, 0xc2, 0x1, 0xfc, 0x7f, 0xf8, 0x40,
    0xb, 0xff, 0x48, 0x7, 0x7f, 0xda, 0x1, 0x4f,
    0xfd, 0x80, 0x1f, 0xf7, 0x7f, 0xcc, 0x0, 0xaf,
    0xf9, 0x0, 0x3a, 0xff, 0xe2, 0x0, 0x6f, 0xfc,
    0xe0, 0x1f, 0xf5, 0x7f, 0xd4, 0x0, 0xef, 0xf7,
    0x0, 0x79, 0xbf, 0xe7, 0x2, 0xff, 0xc4, 0x1,
    0xff, 0x2f, 0xfe, 0x3, 0xff, 0xa8, 0x3, 0xc3,
    0xff, 0x60, 0x37, 0xfd, 0xa0, 0x1f, 0xfc, 0x1,
    0xff, 0xc7, 0x1f, 0xf2, 0x80, 0x7d, 0x9f, 0xf0,
    0xdf, 0xfd, 0x20, 0x1f, 0xfc, 0x1c, 0xff, 0xa3,
    0x7f, 0xe0, 0xf, 0xcf, 0xff, 0x37, 0xfe, 0x40,
    0xf, 0xfe, 0xb, 0xff, 0xdd, 0xff, 0x58, 0x7,
    0xe2, 0xff, 0xbb, 0xff, 0x0, 0x7f, 0xf0, 0x8b,
    0xff, 0xe6, 0x0, 0xfe, 0xdf, 0xff, 0x50, 0x7,
    0xff, 0xf, 0x7f, 0xfc, 0x20, 0x1f, 0xd1, 0xff,
    0xe5, 0x0, 0xff, 0xe1, 0xc7, 0xff, 0x60, 0x7,
    0xf8, 0xff, 0xfc, 0x20, 0x1f, 0xfc, 0x34, 0xff,
    0xe7, 0x0, 0xff, 0xbb, 0xff, 0x60, 0x7, 0xff,
    0x17, 0xff, 0x88, 0x3, 0xfe, 0x9f, 0xfc, 0xe0,
    0x1f, 0xfc, 0x5a, 0xff, 0xb4, 0x3, 0xff, 0x80,
    0xbf, 0xf8, 0x80, 0x3f, 0x0,

    /* U+1E83 "ẃ" */
    0x0, 0xff, 0xe2, 0xcf, 0xfd, 0x40, 0x1f, 0xfc,
    0xc7, 0xff, 0xa4, 0x3, 0xff, 0x98, 0x9f, 0xf4,
    0x0, 0x7f, 0xf3, 0xb, 0xfe, 0x70, 0xf, 0xfe,
    0x60, 0xef, 0xf9, 0x80, 0x3f, 0xf9, 0xa9, 0x10,
    0x40, 0xf, 0xff, 0xee, 0x7f, 0xd0, 0x1, 0xf1,
    0xff, 0xd4, 0x1, 0xf0, 0xff, 0xe4, 0x8f, 0xfb,
    0x40, 0x3e, 0x8f, 0xfc, 0x1, 0xf2, 0xff, 0xe0,
    0x3f, 0xfc, 0x20, 0x1e, 0xdf, 0xfc, 0x80, 0x1e,
    0x9f, 0xfa, 0xc0, 0x1d, 0xff, 0x28, 0x7, 0x17,
    0xff, 0x48, 0x7, 0xbb, 0xfe, 0x60, 0x4, 0xff,
    0xd4, 0x1, 0xcf, 0xff, 0xdc, 0x1, 0xc5, 0xff,
    0x84, 0x0, 0xbf, 0xf7, 0x0, 0x76, 0x7f, 0xf8,
    0xc0, 0x33, 0x7f, 0xd8, 0x1, 0xbf, 0xf1, 0x0,
    0x43, 0xff, 0x4f, 0xfd, 0x0, 0x1a, 0xff, 0xe8,
    0x0, 0xd7, 0xff, 0x30, 0x4, 0xdf, 0xf1, 0xdf,
    0xfb, 0x40, 0x37, 0xfe, 0x30, 0xc, 0xff, 0xf5,
    0x80, 0x57, 0xfe, 0xe0, 0x6f, 0xf8, 0x80, 0x9,
    0xff, 0x70, 0x7, 0x17, 0xfe, 0x0, 0xbf, 0xe9,
    0x1, 0xff, 0xa0, 0x1, 0x1f, 0xf4, 0x80, 0x7b,
    0x7f, 0xe3, 0x5, 0xff, 0x90, 0x1, 0x9f, 0xed,
    0x0, 0x67, 0xfc, 0xa0, 0x1e, 0x8f, 0xfa, 0x2,
    0xbf, 0xe0, 0x9, 0xff, 0xe2, 0x1f, 0xfc, 0x1,
    0xf2, 0x7f, 0xd8, 0x1f, 0xf5, 0x0, 0x45, 0xff,
    0x3a, 0xff, 0xd6, 0x1, 0xfb, 0xff, 0x2f, 0xfc,
    0xa0, 0x1b, 0x7f, 0xd9, 0x3f, 0xf3, 0x0, 0x7e,
    0xaf, 0xfb, 0x7f, 0xe1, 0x0, 0xd3, 0xff, 0x77,
    0xfc, 0x40, 0x1f, 0x97, 0xff, 0xd8, 0x1, 0xc9,
    0xff, 0xed, 0x0, 0xfe, 0x1f, 0xff, 0x38, 0x7,
    0xbb, 0xff, 0xa0, 0x3, 0xfd, 0x9f, 0xfc, 0x40,
    0x1e, 0xaf, 0xfe, 0x30, 0xf, 0xf3, 0xff, 0xed,
    0x0, 0xf9, 0x7f, 0xf7, 0x0, 0x7f, 0xc5, 0xff,
    0xa0, 0x3, 0xf7, 0xfe, 0xa0, 0xf, 0xfe, 0x7,
    0x7f, 0xc6, 0x1, 0xfa, 0xff, 0xe5, 0x0, 0xf0,

    /* U+1E84 "Ẅ" */
    0x0, 0xff, 0xe1, 0x7f, 0xea, 0x0, 0xf, 0xfe,
    0x90, 0xf, 0xfe, 0x7f, 0xfe, 0xa0, 0x0, 0xff,
    0xe9, 0x0, 0xff, 0xe7, 0xff, 0xea, 0x0, 0xf,
    0xfe, 0x90, 0xf, 0xfe, 0x7f, 0xfe, 0xa0, 0x0,
    0xff, 0xe9, 0x0, 0xff, 0xe7, 0xff, 0xea, 0x0,
    0xf, 0xfe, 0x90, 0xf, 0xff, 0xf8, 0x7, 0xff,
    0xfc, 0x3, 0xff, 0x99, 0xff, 0x9c, 0x3, 0xff,
    0xa3, 0xdf, 0xf4, 0x5, 0xff, 0xd6, 0x1, 0xff,
    0xc0, 0x56, 0x68, 0x80, 0x3f, 0xe3, 0xff, 0xc6,
    0xd, 0xff, 0x80, 0x3f, 0xe1, 0xff, 0xd4, 0x1,
    0xff, 0x47, 0xfd, 0xc0, 0x1, 0xff, 0xca, 0x1,
    0xfe, 0x6f, 0xfd, 0xc0, 0x1f, 0xf6, 0x7f, 0xd4,
    0x1, 0x6f, 0xfd, 0x20, 0x1f, 0xeb, 0xff, 0xe4,
    0x0, 0xfe, 0x1f, 0xfc, 0xa0, 0x14, 0x7f, 0xdc,
    0x1, 0xfe, 0xff, 0xf4, 0x0, 0x7f, 0x37, 0xfe,
    0x10, 0x8, 0xff, 0xf1, 0x0, 0x7e, 0x5f, 0xff,
    0x68, 0x7, 0xf5, 0x7f, 0xd6, 0x1, 0xdd, 0xff,
    0x38, 0x7, 0xea, 0xff, 0xf8, 0x80, 0x3f, 0x7f,
    0xe7, 0x0, 0xea, 0xff, 0xb0, 0x3, 0xf7, 0x7f,
    0xd3, 0xff, 0x38, 0x7, 0xc9, 0xff, 0x88, 0x3,
    0x97, 0xff, 0x8, 0x7, 0x8f, 0xfe, 0xb3, 0xff,
    0xb0, 0x3, 0xe8, 0xff, 0xb4, 0x3, 0xef, 0xfc,
    0xa0, 0x1e, 0x8f, 0xf9, 0x83, 0xbf, 0xe1, 0x0,
    0xf6, 0xff, 0xd0, 0x1, 0xf5, 0xff, 0xd4, 0x1,
    0xed, 0xff, 0x84, 0x27, 0xfe, 0x50, 0xe, 0x1f,
    0xfc, 0x80, 0x1f, 0x37, 0xfd, 0xc0, 0x1c, 0x5f,
    0xf6, 0x0, 0x13, 0xfe, 0xa0, 0xe, 0x6f, 0xfb,
    0x80, 0x3f, 0x17, 0xfe, 0x30, 0xc, 0xdf, 0xf3,
    0x80, 0x5f, 0xf8, 0x3, 0xaf, 0xfe, 0xa0, 0xf,
    0xed, 0xff, 0xa0, 0x3, 0x5f, 0xfc, 0x60, 0x15,
    0x7f, 0xc8, 0x1, 0xbf, 0xf2, 0x80, 0x7f, 0x47,
    0xfd, 0x80, 0x1b, 0xfe, 0xe0, 0xc, 0xbf, 0xf4,
    0x80, 0x49, 0xff, 0x84, 0x3, 0xf8, 0xff, 0xf0,
    0x80, 0x17, 0xfe, 0x90, 0xe, 0xff, 0xb4, 0x2,
    0x9f, 0xfb, 0x0, 0x3f, 0xee, 0xff, 0x98, 0x1,
    0x5f, 0xf2, 0x0, 0x75, 0xff, 0xc4, 0x0, 0xdf,
    0xf9, 0xc0, 0x3f, 0xea, 0xff, 0xa8, 0x1, 0xdf,
    0xee, 0x0, 0xf3, 0x7f, 0xce, 0x5, 0xff, 0x88,
    0x3, 0xfe, 0x5f, 0xfc, 0x7, 0xff, 0x50, 0x7,
    0x87, 0xfe, 0xc0, 0x6f, 0xfb, 0x40, 0x3f, 0xf8,
    0x3, 0xff, 0x8e, 0x3f, 0xe5, 0x0, 0xfb, 0x3f,
    0xe1, 0xbf, 0xfa, 0x40, 0x3f, 0xf8, 0x39, 0xff,
    0x46, 0xff, 0xc0, 0x1f, 0x9f, 0xfe, 0x6f, 0xfc,
    0x80, 0x1f, 0xfc, 0x17, 0xff, 0xbb, 0xfe, 0xb0,
    0xf, 0xc5, 0xff, 0x77, 0xfe, 0x0, 0xff, 0xe1,
    0x17, 0xff, 0xcc, 0x1, 0xfd, 0xbf, 0xfe, 0xa0,
    0xf, 0xfe, 0x1e, 0xff, 0xf8, 0x40, 0x3f, 0xa3,
    0xff, 0xca, 0x1, 0xff, 0xc3, 0x8f, 0xfe, 0xc0,
    0xf, 0xf1, 0xff, 0xf8, 0x40, 0x3f, 0xf8, 0x69,
    0xff, 0xce, 0x1, 0xff, 0x77, 0xfe, 0xc0, 0xf,
    0xfe, 0x2f, 0xff, 0x10, 0x7, 0xfd, 0x3f, 0xf9,
    0xc0, 0x3f, 0xf8, 0xb5, 0xff, 0x68, 0x7, 0xff,
    0x1, 0x7f, 0xf1, 0x0, 0x7e,

    /* U+1E85 "ẅ" */
    0x0, 0xfd, 0x1f, 0xf8, 0x40, 0x13, 0xff, 0x80,
    0x3f, 0xf8, 0xb1, 0xff, 0x84, 0x1, 0x3f, 0xf8,
    0x3, 0xff, 0x8b, 0x1f, 0xf8, 0x40, 0x13, 0xff,
    0x80, 0x3f, 0xf8, 0xb1, 0xff, 0x84, 0x1, 0x3f,
    0xf8, 0x3, 0xff, 0x8b, 0x1f, 0xf8, 0x40, 0x13,
    0xff, 0x80, 0x3f, 0xff, 0xe0, 0x1f, 0xfc, 0xcc,
    0xff, 0xa0, 0x3, 0xe3, 0xff, 0xa8, 0x3, 0xe1,
    0xff, 0xc9, 0x1f, 0xf6, 0x80, 0x7d, 0x1f, 0xf8,
    0x3, 0xe5, 0xff, 0xc0, 0x7f, 0xf8, 0x40, 0x3d,
    0xbf, 0xf9, 0x0, 0x3d, 0x3f, 0xf5, 0x80, 0x3b,
    0xfe, 0x50, 0xe, 0x2f, 0xfe, 0x90, 0xf, 0x77,
    0xfc, 0xc0, 0x9, 0xff, 0xa8, 0x3, 0x9f, 0xff,
    0xb8, 0x3, 0x8b, 0xff, 0x8, 0x1, 0x7f, 0xee,
    0x0, 0xec, 0xff, 0xf1, 0x80, 0x66, 0xff, 0xb0,
    0x3, 0x7f, 0xe2, 0x0, 0x87, 0xfe, 0x9f, 0xfa,
    0x0, 0x35, 0xff, 0xd0, 0x1, 0xaf, 0xfe, 0x60,
    0x9, 0xbf, 0xe3, 0xbf, 0xf6, 0x80, 0x6f, 0xfc,
    0x60, 0x19, 0xff, 0xeb, 0x0, 0xaf, 0xfd, 0xc0,
    0xdf, 0xf1, 0x0, 0x13, 0xfe, 0xe0, 0xe, 0x2f,
    0xfc, 0x1, 0x7f, 0xd2, 0x3, 0xff, 0x40, 0x2,
    0x3f, 0xe9, 0x0, 0xf6, 0xff, 0xc6, 0xb, 0xff,
    0x20, 0x3, 0x3f, 0xda, 0x0, 0xcf, 0xf9, 0x40,
    0x3d, 0x1f, 0xf4, 0x5, 0x7f, 0xc0, 0x13, 0xff,
    0xc4, 0x3f, 0xf8, 0x3, 0xe4, 0xff, 0xb0, 0x3f,
    0xea, 0x0, 0x8b, 0xfe, 0x75, 0xff, 0xac, 0x3,
    0xf7, 0xfe, 0x5f, 0xf9, 0x40, 0x36, 0xff, 0xb2,
    0x7f, 0xe6, 0x0, 0xfd, 0x5f, 0xf6, 0xff, 0xc2,
    0x1, 0xa7, 0xfe, 0xef, 0xf8, 0x80, 0x3f, 0x2f,
    0xff, 0xb0, 0x3, 0x93, 0xff, 0xda, 0x1, 0xfc,
    0x3f, 0xfe, 0x70, 0xf, 0x77, 0xff, 0x40, 0x7,
    0xfb, 0x3f, 0xf8, 0x80, 0x3d, 0x5f, 0xfc, 0x60,
    0x1f, 0xe7, 0xff, 0xda, 0x1, 0xf2, 0xff, 0xee,
    0x0, 0xff, 0x8b, 0xff, 0x40, 0x7, 0xef, 0xfd,
    0x40, 0x1f, 0xfc, 0xe, 0xff, 0x8c, 0x3, 0xf5,
    0xff, 0xca, 0x1, 0xe0,

    /* U+1E9E "ẞ" */
    0xdf, 0xff, 0xfe, 0x6b, 0x6, 0xff, 0xff, 0xf3,
    0x58, 0x37, 0xff, 0xff, 0x9a, 0xc1, 0xbf, 0xf7,
    0x6e, 0xf7, 0xff, 0x76, 0xef, 0xf9, 0x43, 0x7f,
    0xe7, 0x0, 0xcb, 0xff, 0x68, 0x7, 0xff, 0xb,
    0x7f, 0xe7, 0x0, 0xd9, 0xff, 0x30, 0x7, 0xff,
    0xb, 0x7f, 0xe7, 0x0, 0xdf, 0xf9, 0x0, 0x3f,
    0xf8, 0x5b, 0xff, 0x38, 0x6, 0xef, 0xf9, 0x80,
    0x3f, 0xf8, 0x5b, 0xff, 0x38, 0x6, 0xcf, 0xfa,
    0xc0, 0x3f, 0xf8, 0x5b, 0xff, 0x38, 0x6, 0x8f,
    0xfd, 0x0, 0x1f, 0xfc, 0x1d, 0xff, 0x9c, 0x3,
    0x17, 0xff, 0x59, 0x80, 0x7f, 0xdb, 0xff, 0x38,
    0x7, 0x3f, 0xff, 0xad, 0x0, 0x3f, 0xb7, 0xfe,
    0x70, 0xf, 0x47, 0xff, 0xda, 0xc0, 0x1f, 0x6f,
    0xfc, 0xe0, 0x1f, 0x26, 0xff, 0xfd, 0xcc, 0x1,
    0xdb, 0xff, 0x38, 0x7, 0xf3, 0x77, 0xff, 0xda,
    0x60, 0x16, 0xff, 0xce, 0x1, 0xff, 0x2e, 0x7f,
    0xfc, 0xc0, 0xd, 0xff, 0x9c, 0x3, 0xff, 0x82,
    0x75, 0xff, 0xe5, 0xd, 0xff, 0x9c, 0x3, 0xff,
    0x86, 0x59, 0xff, 0xc3, 0xbf, 0xf3, 0x80, 0x7f,
    0xf1, 0x67, 0xff, 0x3e, 0xff, 0xce, 0x1, 0xff,
    0xc6, 0xdf, 0xfa, 0xb7, 0xfe, 0x70, 0x1, 0x35,
    0x6b, 0x80, 0x7f, 0xd3, 0xff, 0x66, 0xff, 0xce,
    0x0, 0xcf, 0xfa, 0xc0, 0x3f, 0xe8, 0xff, 0xaf,
    0x7f, 0xe7, 0x0, 0x3f, 0xfe, 0x20, 0xf, 0xf5,
    0xff, 0xd3, 0xbf, 0xf3, 0x80, 0x7, 0xff, 0x60,
    0x7, 0xf2, 0x7f, 0xe5, 0xdf, 0xf9, 0xc0, 0x29,
    0xff, 0xd8, 0x40, 0x1e, 0x4f, 0xfd, 0xa1, 0xbf,
    0xf3, 0x80, 0x6d, 0xff, 0xeb, 0x75, 0x53, 0xe7,
    0xff, 0x20, 0x6f, 0xfc, 0xe0, 0x18, 0x77, 0xff,
    0xff, 0x84, 0xc0, 0xd, 0xff, 0x9c, 0x3, 0x86,
    0xbf, 0xff, 0xee, 0x50, 0xb, 0x7f, 0xe7, 0x0,
    0xf9, 0x2f, 0xff, 0xee, 0x91, 0x0, 0xff, 0xe3,
    0xa, 0x33, 0xb9, 0x8c, 0x3, 0xe0,

    /* U+1EA0 "Ạ" */
    0x0, 0xff, 0x8f, 0xfe, 0x70, 0xf, 0xfe, 0x54,
    0xff, 0xda, 0x1, 0xff, 0xca, 0xff, 0xe4, 0x0,
    0xff, 0xe4, 0x37, 0xff, 0x50, 0x7, 0xff, 0x23,
    0x3f, 0xfc, 0x20, 0x1f, 0xfc, 0x63, 0xff, 0xf9,
    0x80, 0x3f, 0xf8, 0xd3, 0xff, 0x67, 0xfd, 0xa0,
    0x1f, 0xfc, 0x6e, 0xff, 0x8f, 0xbf, 0xe3, 0x0,
    0xff, 0xe2, 0x2f, 0xfd, 0xa1, 0x1f, 0xf4, 0x80,
    0x7f, 0xf1, 0x33, 0xfe, 0x70, 0x2f, 0xfc, 0x1,
    0xff, 0xc3, 0x2f, 0xfc, 0x20, 0xc, 0xff, 0x98,
    0x3, 0xff, 0x85, 0x1f, 0xf5, 0x80, 0x4d, 0xff,
    0x60, 0x7, 0xff, 0xb, 0xbf, 0xe5, 0x0, 0x87,
    0xff, 0x10, 0x7, 0xff, 0x1, 0x7f, 0xf0, 0x7,
    0x5f, 0xfd, 0x0, 0x1f, 0xfc, 0xb, 0xff, 0xa4,
    0x3, 0x97, 0xfe, 0xe0, 0xf, 0xf8, 0x7f, 0xf2,
    0x0, 0x7b, 0xbf, 0xe5, 0x0, 0xff, 0x47, 0xfd,
    0xc0, 0x1f, 0x4f, 0xfd, 0x60, 0x1f, 0xee, 0xff,
    0xa0, 0x3, 0xe3, 0xff, 0xc4, 0x1, 0xf9, 0x3f,
    0xf1, 0x0, 0x7e, 0xdf, 0xfa, 0x0, 0x3f, 0x57,
    0xff, 0xff, 0x17, 0x80, 0x3e, 0x1f, 0xff, 0xfe,
    0x3a, 0x0, 0x79, 0xff, 0xff, 0xf8, 0xf6, 0x1,
    0xed, 0xff, 0xdb, 0xbf, 0xf7, 0xff, 0x8, 0x6,
    0x4f, 0xfc, 0xa0, 0x1f, 0xf0, 0xff, 0xe7, 0x0,
    0xd5, 0xff, 0x70, 0x7, 0xff, 0x6, 0xbf, 0xed,
    0x0, 0x87, 0xff, 0x48, 0x7, 0xff, 0x5, 0x3f,
    0xf2, 0x0, 0x1b, 0xff, 0x18, 0x7, 0xff, 0xb,
    0xbf, 0xea, 0x0, 0x6f, 0xfd, 0xa0, 0x1f, 0xfc,
    0x39, 0xff, 0xc2, 0x7f, 0xf9, 0xc0, 0x3f, 0xf8,
    0x67, 0xff, 0x98, 0x3, 0xff, 0xfe, 0x1, 0xff,
    0xc5, 0xbf, 0xfc, 0x1, 0xff, 0xca, 0xbf, 0xfc,
    0x1, 0xff, 0xca, 0xbf, 0xfc, 0x1, 0xff, 0xca,
    0xbf, 0xfc, 0x1, 0xff, 0xca, 0x58, 0x89, 0xc0,
    0x3f, 0xe0,

    /* U+1EA1 "ạ" */
    0x0, 0xe1, 0x5a, 0xde, 0xfe, 0xd9, 0x40, 0xf,
    0xc3, 0x3f, 0xff, 0xed, 0x20, 0xe, 0x4e, 0xff,
    0xff, 0xe0, 0x98, 0x4, 0x9f, 0xfd, 0xd5, 0x31,
    0x5d, 0xff, 0xb8, 0x3, 0x57, 0xfb, 0x50, 0x3,
    0xcf, 0xff, 0x9c, 0x3, 0x44, 0x80, 0x7f, 0x4f,
    0xfd, 0x80, 0x1f, 0xfc, 0x32, 0xff, 0xc0, 0x1f,
    0xfc, 0x4f, 0xfc, 0x20, 0x19, 0x27, 0x3b, 0xff,
    0xfe, 0x20, 0x0, 0xdf, 0xff, 0xff, 0xc, 0x80,
    0x1b, 0xff, 0xff, 0xc4, 0x20, 0x7f, 0xfd, 0x68,
    0x42, 0x3e, 0xff, 0xc4, 0x1b, 0xff, 0x50, 0x7,
    0xf7, 0xfe, 0x20, 0xff, 0xc4, 0x1, 0xf8, 0xff,
    0xf1, 0x7, 0xfe, 0x10, 0xf, 0xd5, 0xff, 0x88,
    0x3b, 0xfe, 0x40, 0xf, 0x97, 0xff, 0x88, 0x2b,
    0xfe, 0xd2, 0x0, 0xe6, 0xff, 0xf1, 0x1, 0xff,
    0xf4, 0xbb, 0x46, 0xff, 0xfc, 0x40, 0x7, 0xff,
    0xff, 0x97, 0x7f, 0xe2, 0x0, 0x9b, 0xff, 0xf7,
    0x20, 0x5f, 0xfc, 0x40, 0x18, 0x5e, 0xfb, 0xfb,
    0x1c, 0x40, 0x15, 0xff, 0x10, 0x7, 0xff, 0x91,
    0xa2, 0x27, 0x0, 0xff, 0xe1, 0xe7, 0xfd, 0xa0,
    0x1f, 0xfc, 0x3c, 0xff, 0xb4, 0x3, 0xff, 0x87,
    0x9f, 0xf6, 0x80, 0x7f, 0xf0, 0xf3, 0xfe, 0xd0,
    0xf, 0x80,

    /* U+1EA2 "Ả" */
    0x0, 0xff, 0xbf, 0xdb, 0x4a, 0x1, 0xff, 0xca,
    0xff, 0xed, 0x20, 0xf, 0xfe, 0x42, 0xb4, 0xef,
    0xfb, 0x40, 0x3f, 0xf9, 0x9b, 0xfe, 0x30, 0xf,
    0xfe, 0x5d, 0xff, 0x88, 0x3, 0xff, 0x92, 0x4f,
    0xfe, 0xd0, 0xf, 0xfe, 0x4b, 0xff, 0xd6, 0x20,
    0x1f, 0xfc, 0x93, 0x75, 0x10, 0xf, 0xff, 0x29,
    0xff, 0xce, 0x1, 0xff, 0xca, 0x9f, 0xfb, 0x40,
    0x3f, 0xf9, 0x5f, 0xfc, 0x80, 0x1f, 0xfc, 0x86,
    0xff, 0xea, 0x0, 0xff, 0xe4, 0x67, 0xff, 0x84,
    0x3, 0xff, 0x8c, 0x7f, 0xff, 0x30, 0x7, 0xff,
    0x1a, 0x7f, 0xec, 0xff, 0xb4, 0x3, 0xff, 0x8d,
    0xdf, 0xf1, 0xf7, 0xfc, 0x60, 0x1f, 0xfc, 0x45,
    0xff, 0xb4, 0x23, 0xfe, 0x90, 0xf, 0xfe, 0x26,
    0x7f, 0xce, 0x5, 0xff, 0x80, 0x3f, 0xf8, 0x65,
    0xff, 0x84, 0x1, 0x9f, 0xf3, 0x0, 0x7f, 0xf0,
    0xa3, 0xfe, 0xb0, 0x9, 0xbf, 0xec, 0x0, 0xff,
    0xe1, 0x77, 0xfc, 0xa0, 0x10, 0xff, 0xe2, 0x0,
    0xff, 0xe0, 0x2f, 0xfe, 0x0, 0xeb, 0xff, 0xa0,
    0x3, 0xff, 0x81, 0x7f, 0xf4, 0x80, 0x72, 0xff,
    0xdc, 0x1, 0xff, 0xf, 0xfe, 0x40, 0xf, 0x77,
    0xfc, 0xa0, 0x1f, 0xe8, 0xff, 0xb8, 0x3, 0xe9,
    0xff, 0xac, 0x3, 0xfd, 0xdf, 0xf4, 0x0, 0x7c,
    0x7f, 0xf8, 0x80, 0x3f, 0x27, 0xfe, 0x20, 0xf,
    0xdb, 0xff, 0x40, 0x7, 0xea, 0xff, 0xff, 0xe2,
    0xf0, 0x7, 0xc3, 0xff, 0xff, 0xc7, 0x40, 0xf,
    0x3f, 0xff, 0xff, 0x1e, 0xc0, 0x3d, 0xbf, 0xfb,
    0x77, 0xfe, 0xff, 0xe1, 0x0, 0xc9, 0xff, 0x94,
    0x3, 0xfe, 0x1f, 0xfc, 0xe0, 0x1a, 0xbf, 0xee,
    0x0, 0xff, 0xe0, 0xd7, 0xfd, 0xa0, 0x10, 0xff,
    0xe9, 0x0, 0xff, 0xe0, 0xa7, 0xfe, 0x40, 0x3,
    0x7f, 0xe3, 0x0, 0xff, 0xe1, 0x77, 0xfd, 0x40,
    0xd, 0xff, 0xb4, 0x3, 0xff, 0x87, 0x3f, 0xf8,
    0x4f, 0xff, 0x38, 0x7, 0xff, 0xc, 0xff, 0xf3,
    0x0,

    /* U+1EA3 "ả" */
    0x0, 0xf8, 0x7f, 0xdb, 0x4a, 0x1, 0xff, 0xc2,
    0x1f, 0xfe, 0xd2, 0x0, 0xff, 0xe0, 0xab, 0x4f,
    0x7f, 0xb0, 0x3, 0xff, 0x8b, 0xdf, 0xe1, 0x0,
    0xff, 0xe2, 0x77, 0xf8, 0x3, 0xff, 0x84, 0x6f,
    0xbf, 0xe7, 0x0, 0xff, 0xe1, 0x4f, 0xfa, 0xd0,
    0x3, 0xff, 0x86, 0x44, 0x0, 0xff, 0xe1, 0xa,
    0xd6, 0xf7, 0xf6, 0xca, 0x0, 0x7e, 0x19, 0xff,
    0xff, 0x69, 0x0, 0x72, 0x77, 0xff, 0xff, 0x4,
    0xc0, 0x24, 0xff, 0xee, 0xa9, 0x8a, 0xef, 0xfd,
    0xc0, 0x1a, 0xbf, 0xda, 0x80, 0x1e, 0x7f, 0xfc,
    0xe0, 0x1a, 0x24, 0x3, 0xfa, 0x7f, 0xec, 0x0,
    0xff, 0xe1, 0x97, 0xfe, 0x0, 0xff, 0xe2, 0x7f,
    0xe1, 0x0, 0xc9, 0x39, 0xdf, 0xff, 0xf1, 0x0,
    0x6, 0xff, 0xff, 0xf8, 0x64, 0x0, 0xdf, 0xff,
    0xfe, 0x21, 0x3, 0xff, 0xeb, 0x42, 0x11, 0xf7,
    0xfe, 0x20, 0xdf, 0xfa, 0x80, 0x3f, 0xbf, 0xf1,
    0x7, 0xfe, 0x20, 0xf, 0xc7, 0xff, 0x88, 0x3f,
    0xf0, 0x80, 0x7e, 0xaf, 0xfc, 0x41, 0xdf, 0xf2,
    0x0, 0x7c, 0xbf, 0xfc, 0x41, 0x5f, 0xf6, 0x90,
    0x7, 0x37, 0xff, 0x88, 0xf, 0xff, 0xa5, 0xda,
    0x37, 0xff, 0xe2, 0x0, 0x3f, 0xff, 0xfc, 0xbb,
    0xff, 0x10, 0x4, 0xdf, 0xff, 0xb9, 0x2, 0xff,
    0xe2, 0x0, 0xc2, 0xf7, 0xdf, 0xd8, 0xe2, 0x0,
    0xaf, 0xf8, 0x80,

    /* U+1EA4 "Ấ" */
    0x0, 0xff, 0xf1, 0x4f, 0xfa, 0xc0, 0x3f, 0xf9,
    0x45, 0xfe, 0xe1, 0x0, 0xff, 0xe5, 0x57, 0xf9,
    0x40, 0x3f, 0xf9, 0x45, 0xfe, 0xa0, 0xf, 0xfe,
    0x3c, 0x90, 0x2, 0xbf, 0x84, 0x3, 0xff, 0x8d,
    0x7f, 0xc6, 0x11, 0x28, 0x1, 0xff, 0xc5, 0x1c,
    0xff, 0xc8, 0x1, 0xff, 0xc7, 0x2d, 0xff, 0x26,
    0x7f, 0x94, 0x3, 0xff, 0x8a, 0x7d, 0xfc, 0x60,
    0xc, 0xff, 0x30, 0x7, 0xff, 0xd, 0x3f, 0xdc,
    0x40, 0x1b, 0x3f, 0xd0, 0x1, 0xff, 0xfc, 0x3f,
    0xf9, 0xc0, 0x3f, 0xf9, 0x53, 0xff, 0x68, 0x7,
    0xff, 0x2b, 0xff, 0x90, 0x3, 0xff, 0x90, 0xdf,
    0xfd, 0x40, 0x1f, 0xfc, 0x8c, 0xff, 0xf0, 0x80,
    0x7f, 0xf1, 0x8f, 0xff, 0xe6, 0x0, 0xff, 0xe3,
    0x4f, 0xfd, 0x9f, 0xf6, 0x80, 0x7f, 0xf1, 0xbb,
    0xfe, 0x3e, 0xff, 0x8c, 0x3, 0xff, 0x88, 0xbf,
    0xf6, 0x84, 0x7f, 0xd2, 0x1, 0xff, 0xc4, 0xcf,
    0xf9, 0xc0, 0xbf, 0xf0, 0x7, 0xff, 0xc, 0xbf,
    0xf0, 0x80, 0x33, 0xfe, 0x60, 0xf, 0xfe, 0x14,
    0x7f, 0xd6, 0x1, 0x37, 0xfd, 0x80, 0x1f, 0xfc,
    0x2e, 0xff, 0x94, 0x2, 0x1f, 0xfc, 0x40, 0x1f,
    0xfc, 0x5, 0xff, 0xc0, 0x1d, 0x7f, 0xf4, 0x0,
    0x7f, 0xf0, 0x2f, 0xfe, 0x90, 0xe, 0x5f, 0xfb,
    0x80, 0x3f, 0xe1, 0xff, 0xc8, 0x1, 0xee, 0xff,
    0x94, 0x3, 0xfd, 0x1f, 0xf7, 0x0, 0x7d, 0x3f,
    0xf5, 0x80, 0x7f, 0xbb, 0xfe, 0x80, 0xf, 0x8f,
    0xff, 0x10, 0x7, 0xe4, 0xff, 0xc4, 0x1, 0xfb,
    0x7f, 0xe8, 0x0, 0xfd, 0x5f, 0xff, 0xfc, 0x5e,
    0x0, 0xf8, 0x7f, 0xff, 0xf8, 0xe8, 0x1, 0xe7,
    0xff, 0xff, 0xe3, 0xd8, 0x7, 0xb7, 0xff, 0x6e,
    0xff, 0xdf, 0xfc, 0x20, 0x19, 0x3f, 0xf2, 0x80,
    0x7f, 0xc3, 0xff, 0x9c, 0x3, 0x57, 0xfd, 0xc0,
    0x1f, 0xfc, 0x1a, 0xff, 0xb4, 0x2, 0x1f, 0xfd,
    0x20, 0x1f, 0xfc, 0x14, 0xff, 0xc8, 0x0, 0x6f,
    0xfc, 0x60, 0x1f, 0xfc, 0x2e, 0xff, 0xa8, 0x1,
    0xbf, 0xf6, 0x80, 0x7f, 0xf0, 0xe7, 0xff, 0x9,
    0xff, 0xe7, 0x0, 0xff, 0xe1, 0x9f, 0xfe, 0x60,

    /* U+1EA5 "ấ" */
    0x0, 0xff, 0xe2, 0x5f, 0xfa, 0x40, 0x3f, 0xf8,
    0x67, 0xfe, 0xd0, 0xf, 0xfe, 0x26, 0x7f, 0x8c,
    0x3, 0xfe, 0x30, 0x9, 0x3f, 0xd0, 0x1, 0xff,
    0x37, 0xb8, 0x3, 0x7f, 0x40, 0x3f, 0xe6, 0xff,
    0x9c, 0xa6, 0x46, 0x1, 0xfe, 0x6f, 0xfe, 0x70,
    0xf, 0xfe, 0x3, 0x7f, 0xb9, 0x7b, 0xfc, 0xe0,
    0x1f, 0xe6, 0xff, 0x71, 0x1, 0x6f, 0xf9, 0xc0,
    0x3f, 0x37, 0xfb, 0x44, 0x2, 0x1d, 0xff, 0x38,
    0x7, 0xff, 0x90, 0x56, 0xb7, 0xbf, 0xb6, 0x50,
    0x3, 0xf0, 0xcf, 0xff, 0xfb, 0x48, 0x3, 0x93,
    0xbf, 0xff, 0xf8, 0x26, 0x1, 0x27, 0xff, 0x75,
    0x4c, 0x57, 0x7f, 0xee, 0x0, 0xd5, 0xfe, 0xd4,
    0x0, 0xf3, 0xff, 0xe7, 0x0, 0xd1, 0x20, 0x1f,
    0xd3, 0xff, 0x60, 0x7, 0xff, 0xc, 0xbf, 0xf0,
    0x7, 0xff, 0x13, 0xff, 0x8, 0x6, 0x49, 0xce,
    0xff, 0xff, 0x88, 0x0, 0x37, 0xff, 0xff, 0xc3,
    0x20, 0x6, 0xff, 0xff, 0xf1, 0x8, 0x1f, 0xff,
    0x5a, 0x10, 0x8f, 0xbf, 0xf1, 0x6, 0xff, 0xd4,
    0x1, 0xfd, 0xff, 0x88, 0x3f, 0xf1, 0x0, 0x7e,
    0x3f, 0xfc, 0x41, 0xff, 0x84, 0x3, 0xf5, 0x7f,
    0xe2, 0xe, 0xff, 0x90, 0x3, 0xe5, 0xff, 0xe2,
    0xa, 0xff, 0xb4, 0x80, 0x39, 0xbf, 0xfc, 0x40,
    0x7f, 0xfd, 0x2e, 0xd1, 0xbf, 0xff, 0x10, 0x1,
    0xff, 0xff, 0xe5, 0xdf, 0xf8, 0x80, 0x26, 0xff,
    0xfd, 0xc8, 0x17, 0xff, 0x10, 0x6, 0x17, 0xbe,
    0xfe, 0xc7, 0x10, 0x5, 0x7f, 0xc4,

    /* U+1EA6 "Ầ" */
    0x0, 0xff, 0xef, 0x67, 0xfa, 0x0, 0x3f, 0xf9,
    0x65, 0xff, 0x8, 0x7, 0xff, 0x2d, 0xbf, 0xd2,
    0x1, 0xff, 0xcc, 0xbf, 0xf1, 0x0, 0x7f, 0xf1,
    0xe4, 0x80, 0x3, 0xfe, 0x90, 0xf, 0xfe, 0x35,
    0xff, 0x18, 0x1, 0x26, 0x0, 0x3f, 0xf8, 0x83,
    0x9f, 0xf9, 0x0, 0x3f, 0xf8, 0xe5, 0xbf, 0xe4,
    0xcf, 0xf2, 0x80, 0x7f, 0xf1, 0x4f, 0xbf, 0xc6,
    0x0, 0xcf, 0xf3, 0x0, 0x7f, 0xf0, 0xd3, 0xfd,
    0xc6, 0x1, 0xb3, 0xfd, 0x0, 0x1f, 0xff, 0xc3,
    0xff, 0x9c, 0x3, 0xff, 0x95, 0x3f, 0xf6, 0x80,
    0x7f, 0xf2, 0xbf, 0xf9, 0x0, 0x3f, 0xf9, 0xd,
    0xff, 0xd4, 0x1, 0xff, 0xc8, 0xcf, 0xff, 0x8,
    0x7, 0xff, 0x18, 0xff, 0xfe, 0x60, 0xf, 0xfe,
    0x34, 0xff, 0xd9, 0xff, 0x68, 0x7, 0xff, 0x1b,
    0xbf, 0xe3, 0xef, 0xf8, 0xc0, 0x3f, 0xf8, 0x8b,
    0xff, 0x68, 0x47, 0xfd, 0x20, 0x1f, 0xfc, 0x4c,
    0xff, 0x9c, 0xb, 0xff, 0x0, 0x7f, 0xf0, 0xcb,
    0xff, 0x8, 0x3, 0x3f, 0xe6, 0x0, 0xff, 0xe1,
    0x47, 0xfd, 0x60, 0x13, 0x7f, 0xd8, 0x1, 0xff,
    0xc2, 0xef, 0xf9, 0x40, 0x21, 0xff, 0xc4, 0x1,
    0xff, 0xc0, 0x5f, 0xfc, 0x1, 0xd7, 0xff, 0x40,
    0x7, 0xff, 0x2, 0xff, 0xe9, 0x0, 0xe5, 0xff,
    0xb8, 0x3, 0xfe, 0x1f, 0xfc, 0x80, 0x1e, 0xef,
    0xf9, 0x40, 0x3f, 0xd1, 0xff, 0x70, 0x7, 0xd3,
    0xff, 0x58, 0x7, 0xfb, 0xbf, 0xe8, 0x0, 0xf8,
    0xff, 0xf1, 0x0, 0x7e, 0x4f, 0xfc, 0x40, 0x1f,
    0xb7, 0xfe, 0x80, 0xf, 0xd5, 0xff, 0xff, 0xc5,
    0xe0, 0xf, 0x87, 0xff, 0xff, 0x8e, 0x80, 0x1e,
    0x7f, 0xff, 0xfe, 0x3d, 0x80, 0x7b, 0x7f, 0xf6,
    0xef, 0xfd, 0xff, 0xc2, 0x1, 0x93, 0xff, 0x28,
    0x7, 0xfc, 0x3f, 0xf9, 0xc0, 0x35, 0x7f, 0xdc,
    0x1, 0xff, 0xc1, 0xaf, 0xfb, 0x40, 0x21, 0xff,
    0xd2, 0x1, 0xff, 0xc1, 0x4f, 0xfc, 0x80, 0x6,
    0xff, 0xc6, 0x1, 0xff, 0xc2, 0xef, 0xfa, 0x80,
    0x1b, 0xff, 0x68, 0x7, 0xff, 0xe, 0x7f, 0xf0,
    0x9f, 0xfe, 0x70, 0xf, 0xfe, 0x19, 0xff, 0xe6,

    /* U+1EA7 "ầ" */
    0x0, 0xff, 0xe0, 0x77, 0xf9, 0x80, 0x3f, 0xf8,
    0x89, 0xfe, 0xe0, 0xf, 0xfe, 0x2c, 0xff, 0x98,
    0x3, 0xff, 0x82, 0x60, 0x16, 0xff, 0x0, 0x7f,
    0xf0, 0x1b, 0xdc, 0x0, 0x7f, 0xe7, 0x0, 0xff,
    0x37, 0xfc, 0xe0, 0x6, 0x98, 0x0, 0xfe, 0x6f,
    0xfe, 0x70, 0xf, 0xfe, 0x3, 0x7f, 0xb9, 0x7b,
    0xfc, 0xe0, 0x1f, 0xe6, 0xff, 0x71, 0x1, 0x6f,
    0xf9, 0xc0, 0x3f, 0x37, 0xfb, 0x48, 0x2, 0x1d,
    0xff, 0x38, 0x7, 0xff, 0x90, 0x56, 0xb7, 0xbf,
    0xb6, 0x50, 0x3, 0xf0, 0xcf, 0xff, 0xfb, 0x48,
    0x3, 0x93, 0xbf, 0xff, 0xf8, 0x26, 0x1, 0x27,
    0xff, 0x75, 0x4c, 0x57, 0x7f, 0xee, 0x0, 0xd5,
    0xfe, 0xd4, 0x0, 0xf3, 0xff, 0xe7, 0x0, 0xd1,
    0x20, 0x1f, 0xd3, 0xff, 0x60, 0x7, 0xff, 0xc,
    0xbf, 0xf0, 0x7, 0xff, 0x13, 0xff, 0x8, 0x6,
    0x49, 0xce, 0xff, 0xff, 0x88, 0x0, 0x37, 0xff,
    0xff, 0xc3, 0x20, 0x6, 0xff, 0xff, 0xf1, 0x8,
    0x1f, 0xff, 0x5a, 0x10, 0x8f, 0xbf, 0xf1, 0x6,
    0xff, 0xd4, 0x1, 0xfd, 0xff, 0x88, 0x3f, 0xf1,
    0x0, 0x7e, 0x3f, 0xfc, 0x41, 0xff, 0x84, 0x3,
    0xf5, 0x7f, 0xe2, 0xe, 0xff, 0x90, 0x3, 0xe5,
    0xff, 0xe2, 0xa, 0xff, 0xb4, 0x80, 0x39, 0xbf,
    0xfc, 0x40, 0x7f, 0xfd, 0x2e, 0xd1, 0xbf, 0xff,
    0x10, 0x1, 0xff, 0xff, 0xe5, 0xdf, 0xf8, 0x80,
    0x26, 0xff, 0xfd, 0xc8, 0x17, 0xff, 0x10, 0x6,
    0x17, 0xbe, 0xfe, 0xc7, 0x10, 0x5, 0x7f, 0xc4,

    /* U+1EA8 "Ẩ" */
    0x0, 0xff, 0xe2, 0x11, 0x0, 0x3f, 0xf9, 0xb9,
    0xfe, 0xd7, 0x0, 0xff, 0xe5, 0x67, 0xfe, 0xc0,
    0xf, 0xfe, 0x50, 0x9d, 0x7f, 0x94, 0x3, 0xff,
    0x99, 0xde, 0xe0, 0x1f, 0xfc, 0x58, 0x20, 0xc,
    0x7f, 0xe5, 0x0, 0xff, 0xe2, 0x5f, 0xf1, 0x1,
    0xe7, 0xfa, 0xc0, 0x3f, 0xf8, 0x63, 0x9f, 0xf7,
    0x18, 0xec, 0xa0, 0x7, 0xff, 0xc, 0x77, 0xfc,
    0xbb, 0xfe, 0x40, 0xf, 0xfe, 0x29, 0x77, 0xf9,
    0x0, 0x77, 0xfc, 0xa0, 0x1f, 0xfc, 0x33, 0xef,
    0xf2, 0x0, 0x43, 0xbf, 0xe6, 0x0, 0xff, 0xe1,
    0x8, 0xe0, 0xf, 0x8, 0xc0, 0x1f, 0xfe, 0x13,
    0xff, 0x9c, 0x3, 0xff, 0x95, 0x3f, 0xf6, 0x80,
    0x7f, 0xf2, 0xbf, 0xf9, 0x0, 0x3f, 0xf9, 0xd,
    0xff, 0xd4, 0x1, 0xff, 0xc8, 0xcf, 0xff, 0x8,
    0x7, 0xff, 0x18, 0xff, 0xfe, 0x60, 0xf, 0xfe,
    0x34, 0xff, 0xd9, 0xff, 0x68, 0x7, 0xff, 0x1b,
    0xbf, 0xe3, 0xef, 0xf8, 0xc0, 0x3f, 0xf8, 0x8b,
    0xff, 0x68, 0x47, 0xfd, 0x20, 0x1f, 0xfc, 0x4c,
    0xff, 0x9c, 0xb, 0xff, 0x0, 0x7f, 0xf0, 0xcb,
    0xff, 0x8, 0x3, 0x3f, 0xe6, 0x0, 0xff, 0xe1,
    0x47, 0xfd, 0x60, 0x13, 0x7f, 0xd8, 0x1, 0xff,
    0xc2, 0xef, 0xf9, 0x40, 0x21, 0xff, 0xc4, 0x1,
    0xff, 0xc0, 0x5f, 0xfc, 0x1, 0xd7, 0xff, 0x40,
    0x7, 0xff, 0x2, 0xff, 0xe9, 0x0, 0xe5, 0xff,
    0xb8, 0x3, 0xfe, 0x1f, 0xfc, 0x80, 0x1e, 0xef,
    0xf9, 0x40, 0x3f, 0xd1, 0xff, 0x70, 0x7, 0xd3,
    0xff, 0x58, 0x7, 0xfb, 0xbf, 0xe8, 0x0, 0xf8,
    0xff, 0xf1, 0x0, 0x7e, 0x4f, 0xfc, 0x40, 0x1f,
    0xb7, 0xfe, 0x80, 0xf, 0xd5, 0xff, 0xff, 0xc5,
    0xe0, 0xf, 0x87, 0xff, 0xff, 0x8e, 0x80, 0x1e,
    0x7f, 0xff, 0xfe, 0x3d, 0x80, 0x7b, 0x7f, 0xf6,
    0xef, 0xfd, 0xff, 0xc2, 0x1, 0x93, 0xff, 0x28,
    0x7, 0xfc, 0x3f, 0xf9, 0xc0, 0x35, 0x7f, 0xdc,
    0x1, 0xff, 0xc1, 0xaf, 0xfb, 0x40, 0x21, 0xff,
    0xd2, 0x1, 0xff, 0xc1, 0x4f, 0xfc, 0x80, 0x6,
    0xff, 0xc6, 0x1, 0xff, 0xc2, 0xef, 0xfa, 0x80,
    0x1b, 0xff, 0x68, 0x7, 0xff, 0xe, 0x7f, 0xf0,
    0x9f, 0xfe, 0x70, 0xf, 0xfe, 0x19, 0xff, 0xe6,

    /* U+1EA9 "ẩ" */
    0x0, 0xff, 0xe0, 0x2f, 0xf6, 0x38, 0x80, 0x7f,
    0xf0, 0x97, 0xff, 0x71, 0x0, 0x7f, 0xf0, 0x44,
    0xd6, 0x7f, 0xd6, 0x1, 0xff, 0xc5, 0x8f, 0xe0,
    0xf, 0xf8, 0xc0, 0x3a, 0x7f, 0x40, 0x3f, 0xcf,
    0xee, 0x0, 0x5a, 0xff, 0x30, 0x7, 0xf3, 0x7f,
    0xce, 0x19, 0xf8, 0xa0, 0x1f, 0xcd, 0xff, 0xcc,
    0x20, 0x1f, 0xf2, 0xff, 0xb9, 0x7b, 0xfc, 0xc0,
    0x1f, 0xe5, 0xff, 0x71, 0x81, 0x77, 0xf9, 0x40,
    0x3f, 0x2f, 0xfb, 0x8c, 0x2, 0x2e, 0xff, 0x28,
    0x7, 0xc2, 0x44, 0x10, 0xe, 0x12, 0x20, 0x80,
    0x7f, 0xf4, 0x5, 0x6b, 0x7b, 0xfb, 0x65, 0x0,
    0x3f, 0xc, 0xff, 0xff, 0xb4, 0x80, 0x39, 0x3b,
    0xff, 0xff, 0x82, 0x60, 0x12, 0x7f, 0xf7, 0x54,
    0xc5, 0x77, 0xfe, 0xe0, 0xd, 0x5f, 0xed, 0x40,
    0xf, 0x3f, 0xfe, 0x70, 0xd, 0x12, 0x1, 0xfd,
    0x3f, 0xf6, 0x0, 0x7f, 0xf0, 0xcb, 0xff, 0x0,
    0x7f, 0xf1, 0x3f, 0xf0, 0x80, 0x64, 0x9c, 0xef,
    0xff, 0xf8, 0x80, 0x3, 0x7f, 0xff, 0xfc, 0x32,
    0x0, 0x6f, 0xff, 0xff, 0x10, 0x81, 0xff, 0xf5,
    0xa1, 0x8, 0xfb, 0xff, 0x10, 0x6f, 0xfd, 0x40,
    0x1f, 0xdf, 0xf8, 0x83, 0xff, 0x10, 0x7, 0xe3,
    0xff, 0xc4, 0x1f, 0xf8, 0x40, 0x3f, 0x57, 0xfe,
    0x20, 0xef, 0xf9, 0x0, 0x3e, 0x5f, 0xfe, 0x20,
    0xaf, 0xfb, 0x48, 0x3, 0x9b, 0xff, 0xc4, 0x7,
    0xff, 0xd2, 0xed, 0x1b, 0xff, 0xf1, 0x0, 0x1f,
    0xff, 0xfe, 0x5d, 0xff, 0x88, 0x2, 0x6f, 0xff,
    0xdc, 0x81, 0x7f, 0xf1, 0x0, 0x61, 0x7b, 0xef,
    0xec, 0x71, 0x0, 0x57, 0xfc, 0x40,

    /* U+1EAA "Ẫ" */
    0x0, 0xff, 0x11, 0x88, 0x7, 0xff, 0x29, 0x7b,
    0xfe, 0xd7, 0x10, 0x9f, 0xd0, 0xf, 0xfe, 0x11,
    0x7f, 0xff, 0xd2, 0x1, 0xff, 0xc2, 0x9f, 0xe1,
    0x13, 0x6f, 0xfe, 0xb0, 0xf, 0xfe, 0x18, 0x90,
    0x80, 0x62, 0x55, 0x10, 0x7, 0xff, 0x24, 0x71,
    0x0, 0x3f, 0xf9, 0x65, 0xbf, 0xe5, 0x0, 0xff,
    0xe4, 0x97, 0x7f, 0xe6, 0x0, 0xff, 0xe3, 0x9f,
    0x7f, 0x1d, 0xff, 0x98, 0x3, 0xff, 0x8a, 0x7f,
    0xee, 0x20, 0x5, 0xff, 0x9c, 0x3, 0xff, 0x86,
    0x9f, 0xee, 0x20, 0xd, 0x7f, 0xe8, 0x0, 0xff,
    0xfe, 0x1f, 0xfc, 0xe0, 0x1f, 0xfc, 0xa9, 0xff,
    0xb4, 0x3, 0xff, 0x95, 0xff, 0xc8, 0x1, 0xff,
    0xc8, 0x6f, 0xfe, 0xa0, 0xf, 0xfe, 0x46, 0x7f,
    0xf8, 0x40, 0x3f, 0xf8, 0xc7, 0xff, 0xf3, 0x0,
    0x7f, 0xf1, 0xa7, 0xfe, 0xcf, 0xfb, 0x40, 0x3f,
    0xf8, 0xdd, 0xff, 0x1f, 0x7f, 0xc6, 0x1, 0xff,
    0xc4, 0x5f, 0xfb, 0x42, 0x3f, 0xe9, 0x0, 0xff,
    0xe2, 0x67, 0xfc, 0xe0, 0x5f, 0xf8, 0x3, 0xff,
    0x86, 0x5f, 0xf8, 0x40, 0x19, 0xff, 0x30, 0x7,
    0xff, 0xa, 0x3f, 0xeb, 0x0, 0x9b, 0xfe, 0xc0,
    0xf, 0xfe, 0x17, 0x7f, 0xca, 0x1, 0xf, 0xfe,
    0x20, 0xf, 0xfe, 0x2, 0xff, 0xe0, 0xe, 0xbf,
    0xfa, 0x0, 0x3f, 0xf8, 0x17, 0xff, 0x48, 0x7,
    0x2f, 0xfd, 0xc0, 0x1f, 0xf0, 0xff, 0xe4, 0x0,
    0xf7, 0x7f, 0xca, 0x1, 0xfe, 0x8f, 0xfb, 0x80,
    0x3e, 0x9f, 0xfa, 0xc0, 0x3f, 0xdd, 0xff, 0x40,
    0x7, 0xc7, 0xff, 0x88, 0x3, 0xf2, 0x7f, 0xe2,
    0x0, 0xfd, 0xbf, 0xf4, 0x0, 0x7e, 0xaf, 0xff,
    0xfe, 0x2f, 0x0, 0x7c, 0x3f, 0xff, 0xfc, 0x74,
    0x0, 0xf3, 0xff, 0xff, 0xf1, 0xec, 0x3, 0xdb,
    0xff, 0xb7, 0x7f, 0xef, 0xfe, 0x10, 0xc, 0x9f,
    0xf9, 0x40, 0x3f, 0xe1, 0xff, 0xce, 0x1, 0xab,
    0xfe, 0xe0, 0xf, 0xfe, 0xd, 0x7f, 0xda, 0x1,
    0xf, 0xfe, 0x90, 0xf, 0xfe, 0xa, 0x7f, 0xe4,
    0x0, 0x37, 0xfe, 0x30, 0xf, 0xfe, 0x17, 0x7f,
    0xd4, 0x0, 0xdf, 0xfb, 0x40, 0x3f, 0xf8, 0x73,
    0xff, 0x84, 0xff, 0xf3, 0x80, 0x7f, 0xf0, 0xcf,
    0xff, 0x30,

    /* U+1EAB "ẫ" */
    0x0, 0xe3, 0xbf, 0xf6, 0x28, 0x4, 0xb2, 0xe0,
    0x1f, 0xf, 0xff, 0xb6, 0x1f, 0xfd, 0x40, 0x1f,
    0x4f, 0xf3, 0x24, 0xff, 0xf8, 0xc0, 0x3e, 0x8a,
    0x50, 0x8, 0xab, 0xbf, 0x10, 0x3, 0xff, 0x85,
    0x0, 0x1f, 0xfc, 0x6a, 0xfb, 0x0, 0xff, 0xe2,
    0x4f, 0xfd, 0x40, 0x1f, 0xfc, 0x29, 0xff, 0xe9,
    0x0, 0xff, 0xe0, 0x47, 0xfb, 0x7, 0x3f, 0xd0,
    0x1, 0xfe, 0x7f, 0xf6, 0x88, 0x3, 0x3f, 0xce,
    0x1, 0xf9, 0xbf, 0xda, 0x20, 0x10, 0xef, 0xf9,
    0x80, 0x3f, 0x8, 0x80, 0x3e, 0x11, 0x0, 0x7f,
    0xf4, 0x45, 0x6b, 0x7b, 0xfb, 0x65, 0x0, 0x3f,
    0xc, 0xff, 0xff, 0xb4, 0x80, 0x39, 0x3b, 0xff,
    0xff, 0x82, 0x60, 0x12, 0x7f, 0xf7, 0x54, 0xc5,
    0x77, 0xfe, 0xe0, 0xd, 0x5f, 0xed, 0x40, 0xf,
    0x3f, 0xfe, 0x70, 0xd, 0x12, 0x1, 0xfd, 0x3f,
    0xf6, 0x0, 0x7f, 0xf0, 0xcb, 0xff, 0x0, 0x7f,
    0xf1, 0x3f, 0xf0, 0x80, 0x64, 0x9c, 0xef, 0xff,
    0xf8, 0x80, 0x3, 0x7f, 0xff, 0xfc, 0x32, 0x0,
    0x6f, 0xff, 0xff, 0x10, 0x81, 0xff, 0xf5, 0xa1,
    0x8, 0xfb, 0xff, 0x10, 0x6f, 0xfd, 0x40, 0x1f,
    0xdf, 0xf8, 0x83, 0xff, 0x10, 0x7, 0xe3, 0xff,
    0xc4, 0x1f, 0xf8, 0x40, 0x3f, 0x57, 0xfe, 0x20,
    0xef, 0xf9, 0x0, 0x3e, 0x5f, 0xfe, 0x20, 0xaf,
    0xfb, 0x48, 0x3, 0x9b, 0xff, 0xc4, 0x7, 0xff,
    0xd2, 0xed, 0x1b, 0xff, 0xf1, 0x0, 0x1f, 0xff,
    0xfe, 0x5d, 0xff, 0x88, 0x2, 0x6f, 0xff, 0xdc,
    0x81, 0x7f, 0xf1, 0x0, 0x61, 0x7b, 0xef, 0xec,
    0x71, 0x0, 0x57, 0xfc, 0x40,

    /* U+1EAC "Ậ" */
    0x0, 0xff, 0xe0, 0x90, 0x7, 0xff, 0x34, 0xfe,
    0x0, 0x3f, 0xf9, 0x67, 0xff, 0x38, 0x7, 0xff,
    0x24, 0xbb, 0xff, 0x30, 0x7, 0xff, 0x1c, 0x7b,
    0xfc, 0xdb, 0xfe, 0x50, 0xf, 0xfe, 0x28, 0xef,
    0xf9, 0x80, 0xbb, 0xfc, 0x80, 0x1f, 0xfc, 0x4c,
    0xff, 0x38, 0x4, 0x7f, 0xf1, 0x80, 0x7f, 0xf0,
    0x92, 0x20, 0xc0, 0x1c, 0x71, 0x6, 0x0, 0xff,
    0xfe, 0x1f, 0xfc, 0xe0, 0x1f, 0xfc, 0xa9, 0xff,
    0xb4, 0x3, 0xff, 0x95, 0xff, 0xc8, 0x1, 0xff,
    0xc8, 0x6f, 0xfe, 0xa0, 0xf, 0xfe, 0x46, 0x7f,
    0xf8, 0x40, 0x3f, 0xf8, 0xc7, 0xff, 0xf3, 0x0,
    0x7f, 0xf1, 0xa7, 0xfe, 0xcf, 0xfb, 0x40, 0x3f,
    0xf8, 0xdd, 0xff, 0x1f, 0x7f, 0xc6, 0x1, 0xff,
    0xc4, 0x5f, 0xfb, 0x42, 0x3f, 0xe9, 0x0, 0xff,
    0xe2, 0x67, 0xfc, 0xe0, 0x5f, 0xf8, 0x3, 0xff,
    0x86, 0x5f, 0xf8, 0x40, 0x19, 0xff, 0x30, 0x7,
    0xff, 0xa, 0x3f, 0xeb, 0x0, 0x9b, 0xfe, 0xc0,
    0xf, 0xfe, 0x17, 0x7f, 0xca, 0x1, 0xf, 0xfe,
    0x20, 0xf, 0xfe, 0x2, 0xff, 0xe0, 0xe, 0xbf,
    0xfa, 0x0, 0x3f, 0xf8, 0x17, 0xff, 0x48, 0x7,
    0x2f, 0xfd, 0xc0, 0x1f, 0xf0, 0xff, 0xe4, 0x0,
    0xf7, 0x7f, 0xca, 0x1, 0xfe, 0x8f, 0xfb, 0x80,
    0x3e, 0x9f, 0xfa, 0xc0, 0x3f, 0xdd, 0xff, 0x40,
    0x7, 0xc7, 0xff, 0x88, 0x3, 0xf2, 0x7f, 0xe2,
    0x0, 0xfd, 0xbf, 0xf4, 0x0, 0x7e, 0xaf, 0xff,
    0xfe, 0x2f, 0x0, 0x7c, 0x3f, 0xff, 0xfc, 0x74,
    0x0, 0xf3, 0xff, 0xff, 0xf1, 0xec, 0x3, 0xdb,
    0xff, 0xb7, 0x7f, 0xef, 0xfe, 0x10, 0xc, 0x9f,
    0xf9, 0x40, 0x3f, 0xe1, 0xff, 0xce, 0x1, 0xab,
    0xfe, 0xe0, 0xf, 0xfe, 0xd, 0x7f, 0xda, 0x1,
    0xf, 0xfe, 0x90, 0xf, 0xfe, 0xa, 0x7f, 0xe4,
    0x0, 0x37, 0xfe, 0x30, 0xf, 0xfe, 0x17, 0x7f,
    0xd4, 0x0, 0xdf, 0xfb, 0x40, 0x3f, 0xf8, 0x73,
    0xff, 0x84, 0xff, 0xf3, 0x80, 0x7f, 0xf0, 0xcf,
    0xff, 0x30, 0x7, 0xff, 0xfc, 0x3, 0xff, 0x8b,
    0x7f, 0xf8, 0x3, 0xff, 0x95, 0x7f, 0xf8, 0x3,
    0xff, 0x95, 0x7f, 0xf8, 0x3, 0xff, 0x95, 0x7f,
    0xf8, 0x3, 0xff, 0x94, 0xb1, 0x13, 0x80, 0x7f,
    0xc0,

    /* U+1EAD "ậ" */
    0x0, 0xfe, 0x1a, 0x10, 0xf, 0xfe, 0x2e, 0x7e,
    0x0, 0x7f, 0xf1, 0x2f, 0xfe, 0xb0, 0xf, 0xfe,
    0x15, 0x7f, 0xb7, 0xfd, 0x40, 0x1f, 0xfc, 0x9,
    0xff, 0x50, 0x57, 0xfa, 0x40, 0x3f, 0xd1, 0xfe,
    0xc0, 0xa, 0xff, 0xd0, 0x1, 0xf9, 0xff, 0xda,
    0x20, 0x1b, 0x3f, 0xce, 0x1, 0xff, 0xe4, 0x15,
    0xad, 0xef, 0xed, 0x94, 0x0, 0xfc, 0x33, 0xff,
    0xfe, 0xd2, 0x0, 0xe4, 0xef, 0xff, 0xfe, 0x9,
    0x80, 0x49, 0xff, 0xdd, 0x53, 0x15, 0xdf, 0xfb,
    0x80, 0x35, 0x7f, 0xb5, 0x0, 0x3c, 0xff, 0xf9,
    0xc0, 0x34, 0x48, 0x7, 0xf4, 0xff, 0xd8, 0x1,
    0xff, 0xc3, 0x2f, 0xfc, 0x1, 0xff, 0xc4, 0xff,
    0xc2, 0x1, 0x92, 0x73, 0xbf, 0xff, 0xe2, 0x0,
    0xd, 0xff, 0xff, 0xf0, 0xc8, 0x1, 0xbf, 0xff,
    0xfc, 0x42, 0x7, 0xff, 0xd6, 0x84, 0x23, 0xef,
    0xfc, 0x41, 0xbf, 0xf5, 0x0, 0x7f, 0x7f, 0xe2,
    0xf, 0xfc, 0x40, 0x1f, 0x8f, 0xff, 0x10, 0x7f,
    0xe1, 0x0, 0xfd, 0x5f, 0xf8, 0x83, 0xbf, 0xe4,
    0x0, 0xf9, 0x7f, 0xf8, 0x82, 0xbf, 0xed, 0x20,
    0xe, 0x6f, 0xff, 0x10, 0x1f, 0xff, 0x4b, 0xb4,
    0x6f, 0xff, 0xc4, 0x0, 0x7f, 0xff, 0xf9, 0x77,
    0xfe, 0x20, 0x9, 0xbf, 0xff, 0x72, 0x5, 0xff,
    0xc4, 0x1, 0x85, 0xef, 0xbf, 0xb1, 0xc4, 0x1,
    0x5f, 0xf1, 0x0, 0x7f, 0xf9, 0x1a, 0x22, 0x70,
    0xf, 0xfe, 0x1e, 0x7f, 0xda, 0x1, 0xff, 0xc3,
    0xcf, 0xfb, 0x40, 0x3f, 0xf8, 0x79, 0xff, 0x68,
    0x7, 0xff, 0xf, 0x3f, 0xed, 0x0, 0xf8,

    /* U+1EAE "Ắ" */
    0x0, 0xff, 0xe1, 0x1c, 0x41, 0x80, 0x3f, 0xf9,
    0x79, 0xfe, 0x40, 0xf, 0xfe, 0x52, 0xff, 0xa4,
    0x3, 0xff, 0x97, 0xbf, 0xc0, 0x1f, 0xfc, 0xb6,
    0xff, 0x20, 0x7, 0xff, 0x19, 0xa1, 0xc0, 0xd,
    0xa, 0x0, 0x48, 0x80, 0x7, 0xff, 0xa, 0xff,
    0xc2, 0x1, 0xeb, 0xff, 0x0, 0x7f, 0xf0, 0xa3,
    0xfd, 0x40, 0x1c, 0xbf, 0xec, 0x0, 0xff, 0xe1,
    0xf, 0xfd, 0xd2, 0xf3, 0x9f, 0xf2, 0x80, 0x7f,
    0xf0, 0xd3, 0xff, 0xfa, 0x0, 0x3f, 0xf8, 0xa3,
    0x19, 0xdf, 0xed, 0x93, 0x0, 0xff, 0xff, 0x1f,
    0xfc, 0xe0, 0x1f, 0xfc, 0xa9, 0xff, 0xb4, 0x3,
    0xff, 0x95, 0xff, 0xc8, 0x1, 0xff, 0xc8, 0x6f,
    0xfe, 0xa0, 0xf, 0xfe, 0x46, 0x7f, 0xf8, 0x40,
    0x3f, 0xf8, 0xc7, 0xff, 0xf3, 0x0, 0x7f, 0xf1,
    0xa7, 0xfe, 0xcf, 0xfb, 0x40, 0x3f, 0xf8, 0xdd,
    0xff, 0x1f, 0x7f, 0xc6, 0x1, 0xff, 0xc4, 0x5f,
    0xfb, 0x42, 0x3f, 0xe9, 0x0, 0xff, 0xe2, 0x67,
    0xfc, 0xe0, 0x5f, 0xf8, 0x3, 0xff, 0x86, 0x5f,
    0xf8, 0x40, 0x19, 0xff, 0x30, 0x7, 0xff, 0xa,
    0x3f, 0xeb, 0x0, 0x9b, 0xfe, 0xc0, 0xf, 0xfe,
    0x17, 0x7f, 0xca, 0x1, 0xf, 0xfe, 0x20, 0xf,
    0xfe, 0x2, 0xff, 0xe0, 0xe, 0xbf, 0xfa, 0x0,
    0x3f, 0xf8, 0x17, 0xff, 0x48, 0x7, 0x2f, 0xfd,
    0xc0, 0x1f, 0xf0, 0xff, 0xe4, 0x0, 0xf7, 0x7f,
    0xca, 0x1, 0xfe, 0x8f, 0xfb, 0x80, 0x3e, 0x9f,
    0xfa, 0xc0, 0x3f, 0xdd, 0xff, 0x40, 0x7, 0xc7,
    0xff, 0x88, 0x3, 0xf2, 0x7f, 0xe2, 0x0, 0xfd,
    0xbf, 0xf4, 0x0, 0x7e, 0xaf, 0xff, 0xfe, 0x2f,
    0x0, 0x7c, 0x3f, 0xff, 0xfc, 0x74, 0x0, 0xf3,
    0xff, 0xff, 0xf1, 0xec, 0x3, 0xdb, 0xff, 0xb7,
    0x7f, 0xef, 0xfe, 0x10, 0xc, 0x9f, 0xf9, 0x40,
    0x3f, 0xe1, 0xff, 0xce, 0x1, 0xab, 0xfe, 0xe0,
    0xf, 0xfe, 0xd, 0x7f, 0xda, 0x1, 0xf, 0xfe,
    0x90, 0xf, 0xfe, 0xa, 0x7f, 0xe4, 0x0, 0x37,
    0xfe, 0x30, 0xf, 0xfe, 0x17, 0x7f, 0xd4, 0x0,
    0xdf, 0xfb, 0x40, 0x3f, 0xf8, 0x73, 0xff, 0x84,
    0xff, 0xf3, 0x80, 0x7f, 0xf0, 0xcf, 0xff, 0x30,

    /* U+1EAF "ắ" */
    0x0, 0xff, 0x9f, 0xfd, 0x80, 0x1f, 0xfc, 0x4e,
    0xff, 0x10, 0x7, 0xff, 0xd, 0xff, 0xce, 0x1,
    0xff, 0xc4, 0xef, 0xc0, 0xf, 0xfe, 0x23, 0xff,
    0x88, 0x3, 0xff, 0x88, 0xf0, 0xa0, 0x1f, 0xfc,
    0xe, 0xfd, 0x0, 0xfb, 0x3f, 0x80, 0x3e, 0xcf,
    0xf1, 0x0, 0x70, 0xff, 0xb0, 0x3, 0xe7, 0xff,
    0x72, 0x88, 0xa, 0xef, 0xfa, 0x0, 0x3f, 0x6f,
    0xff, 0xf6, 0x80, 0x7f, 0xc, 0xff, 0xfd, 0x42,
    0x1, 0xff, 0xc0, 0x35, 0x65, 0x40, 0xf, 0xff,
    0x40, 0xad, 0x6f, 0x7f, 0x6c, 0xa0, 0x7, 0xe1,
    0x9f, 0xff, 0xf6, 0x90, 0x7, 0x27, 0x7f, 0xff,
    0xf0, 0x4c, 0x2, 0x4f, 0xfe, 0xea, 0x98, 0xae,
    0xff, 0xdc, 0x1, 0xab, 0xfd, 0xa8, 0x1, 0xe7,
    0xff, 0xce, 0x1, 0xa2, 0x40, 0x3f, 0xa7, 0xfe,
    0xc0, 0xf, 0xfe, 0x19, 0x7f, 0xe0, 0xf, 0xfe,
    0x27, 0xfe, 0x10, 0xc, 0x93, 0x9d, 0xff, 0xff,
    0x10, 0x0, 0x6f, 0xff, 0xff, 0x86, 0x40, 0xd,
    0xff, 0xff, 0xe2, 0x10, 0x3f, 0xfe, 0xb4, 0x21,
    0x1f, 0x7f, 0xe2, 0xd, 0xff, 0xa8, 0x3, 0xfb,
    0xff, 0x10, 0x7f, 0xe2, 0x0, 0xfc, 0x7f, 0xf8,
    0x83, 0xff, 0x8, 0x7, 0xea, 0xff, 0xc4, 0x1d,
    0xff, 0x20, 0x7, 0xcb, 0xff, 0xc4, 0x15, 0xff,
    0x69, 0x0, 0x73, 0x7f, 0xf8, 0x80, 0xff, 0xfa,
    0x5d, 0xa3, 0x7f, 0xfe, 0x20, 0x3, 0xff, 0xff,
    0xcb, 0xbf, 0xf1, 0x0, 0x4d, 0xff, 0xfb, 0x90,
    0x2f, 0xfe, 0x20, 0xc, 0x2f, 0x7d, 0xfd, 0x8e,
    0x20, 0xa, 0xff, 0x88,

    /* U+1EB0 "Ằ" */
    0x0, 0xfe, 0x38, 0x82, 0x80, 0x7f, 0xf2, 0xc7,
    0xbf, 0xc4, 0x1, 0xff, 0xcb, 0x4f, 0xf5, 0x0,
    0x7f, 0xf3, 0x2b, 0xfc, 0x60, 0x1f, 0xfc, 0xb1,
    0xef, 0xb0, 0xf, 0xfe, 0x3b, 0x43, 0x80, 0xe,
    0x1c, 0x0, 0x91, 0x0, 0xf, 0xfe, 0x15, 0xff,
    0x84, 0x3, 0xd7, 0xfe, 0x0, 0xff, 0xe1, 0x47,
    0xfa, 0x80, 0x39, 0x7f, 0xd8, 0x1, 0xff, 0xc2,
    0x1f, 0xfb, 0xa5, 0xe7, 0x3f, 0xe5, 0x0, 0xff,
    0xe1, 0xa7, 0xff, 0xf4, 0x0, 0x7f, 0xf1, 0x46,
    0x33, 0xbf, 0xdb, 0x26, 0x1, 0xff, 0xfe, 0x3f,
    0xf9, 0xc0, 0x3f, 0xf9, 0x53, 0xff, 0x68, 0x7,
    0xff, 0x2b, 0xff, 0x90, 0x3, 0xff, 0x90, 0xdf,
    0xfd, 0x40, 0x1f, 0xfc, 0x8c, 0xff, 0xf0, 0x80,
    0x7f, 0xf1, 0x8f, 0xff, 0xe6, 0x0, 0xff, 0xe3,
    0x4f, 0xfd, 0x9f, 0xf6, 0x80, 0x7f, 0xf1, 0xbb,
    0xfe, 0x3e, 0xff, 0x8c, 0x3, 0xff, 0x88, 0xbf,
    0xf6, 0x84, 0x7f, 0xd2, 0x1, 0xff, 0xc4, 0xcf,
    0xf9, 0xc0, 0xbf, 0xf0, 0x7, 0xff, 0xc, 0xbf,
    0xf0, 0x80, 0x33, 0xfe, 0x60, 0xf, 0xfe, 0x14,
    0x7f, 0xd6, 0x1, 0x37, 0xfd, 0x80, 0x1f, 0xfc,
    0x2e, 0xff, 0x94, 0x2, 0x1f, 0xfc, 0x40, 0x1f,
    0xfc, 0x5, 0xff, 0xc0, 0x1d, 0x7f, 0xf4, 0x0,
    0x7f, 0xf0, 0x2f, 0xfe, 0x90, 0xe, 0x5f, 0xfb,
    0x80, 0x3f, 0xe1, 0xff, 0xc8, 0x1, 0xee, 0xff,
    0x94, 0x3, 0xfd, 0x1f, 0xf7, 0x0, 0x7d, 0x3f,
    0xf5, 0x80, 0x7f, 0xbb, 0xfe, 0x80, 0xf, 0x8f,
    0xff, 0x10, 0x7, 0xe4, 0xff, 0xc4, 0x1, 0xfb,
    0x7f, 0xe8, 0x0, 0xfd, 0x5f, 0xff, 0xfc, 0x5e,
    0x0, 0xf8, 0x7f, 0xff, 0xf8, 0xe8, 0x1, 0xe7,
    0xff, 0xff, 0xe3, 0xd8, 0x7, 0xb7, 0xff, 0x6e,
    0xff, 0xdf, 0xfc, 0x20, 0x19, 0x3f, 0xf2, 0x80,
    0x7f, 0xc3, 0xff, 0x9c, 0x3, 0x57, 0xfd, 0xc0,
    0x1f, 0xfc, 0x1a, 0xff, 0xb4, 0x2, 0x1f, 0xfd,
    0x20, 0x1f, 0xfc, 0x14, 0xff, 0xc8, 0x0, 0x6f,
    0xfc, 0x60, 0x1f, 0xfc, 0x2e, 0xff, 0xa8, 0x1,
    0xbf, 0xf6, 0x80, 0x7f, 0xf0, 0xe7, 0xff, 0x9,
    0xff, 0xe7, 0x0, 0xff, 0xe1, 0x9f, 0xfe, 0x60,

    /* U+1EB1 "ằ" */
    0x0, 0xf5, 0x7f, 0xa4, 0x3, 0xff, 0x88, 0x3d,
    0xfe, 0x20, 0xf, 0xfe, 0x22, 0xff, 0xa8, 0x3,
    0xff, 0x8b, 0x7f, 0xe2, 0x0, 0xff, 0xe2, 0xf,
    0xfa, 0x80, 0x3f, 0xf8, 0xa9, 0xe, 0x1, 0xff,
    0xc0, 0xef, 0xd0, 0xf, 0xb3, 0xf8, 0x3, 0xec,
    0xff, 0x10, 0x7, 0xf, 0xfb, 0x0, 0x3e, 0x7f,
    0xf7, 0x28, 0x80, 0xae, 0xff, 0xa0, 0x3, 0xf6,
    0xff, 0xff, 0x68, 0x7, 0xf0, 0xcf, 0xff, 0xd4,
    0x20, 0x1f, 0xfc, 0x3, 0x56, 0x54, 0x0, 0xff,
    0xf4, 0xa, 0xd6, 0xf7, 0xf6, 0xca, 0x0, 0x7e,
    0x19, 0xff, 0xff, 0x69, 0x0, 0x72, 0x77, 0xff,
    0xff, 0x4, 0xc0, 0x24, 0xff, 0xee, 0xa9, 0x8a,
    0xef, 0xfd, 0xc0, 0x1a, 0xbf, 0xda, 0x80, 0x1e,
    0x7f, 0xfc, 0xe0, 0x1a, 0x24, 0x3, 0xfa, 0x7f,
    0xec, 0x0, 0xff, 0xe1, 0x97, 0xfe, 0x0, 0xff,
    0xe2, 0x7f, 0xe1, 0x0, 0xc9, 0x39, 0xdf, 0xff,
    0xf1, 0x0, 0x6, 0xff, 0xff, 0xf8, 0x64, 0x0,
    0xdf, 0xff, 0xfe, 0x21, 0x3, 0xff, 0xeb, 0x42,
    0x11, 0xf7, 0xfe, 0x20, 0xdf, 0xfa, 0x80, 0x3f,
    0xbf, 0xf1, 0x7, 0xfe, 0x20, 0xf, 0xc7, 0xff,
    0x88, 0x3f, 0xf0, 0x80, 0x7e, 0xaf, 0xfc, 0x41,
    0xdf, 0xf2, 0x0, 0x7c, 0xbf, 0xfc, 0x41, 0x5f,
    0xf6, 0x90, 0x7, 0x37, 0xff, 0x88, 0xf, 0xff,
    0xa5, 0xda, 0x37, 0xff, 0xe2, 0x0, 0x3f, 0xff,
    0xfc, 0xbb, 0xff, 0x10, 0x4, 0xdf, 0xff, 0xb9,
    0x2, 0xff, 0xe2, 0x0, 0xc2, 0xf7, 0xdf, 0xd8,
    0xe2, 0x0, 0xaf, 0xf8, 0x80,

    /* U+1EB2 "Ẳ" */
    0x0, 0xff, 0xd, 0xda, 0x54, 0x3, 0xff, 0x94,
    0x5f, 0xfb, 0x8c, 0x3, 0xff, 0x94, 0x2b, 0xdf,
    0xc0, 0x1f, 0xfc, 0xc6, 0xff, 0x0, 0x7f, 0xf2,
    0xc6, 0xff, 0x40, 0x3f, 0xf8, 0xaf, 0x30, 0x0,
    0x9f, 0xf5, 0x92, 0xcc, 0x80, 0x3f, 0xf8, 0x57,
    0xfe, 0x10, 0x35, 0x10, 0x5, 0xff, 0x80, 0x3f,
    0xf8, 0x4f, 0xfe, 0xa0, 0xe, 0x6f, 0xf6, 0x0,
    0x7f, 0xf0, 0x87, 0xfe, 0xe9, 0x89, 0xcf, 0xf9,
    0x40, 0x3f, 0xf8, 0x69, 0xff, 0xfd, 0x0, 0x1f,
    0xfc, 0x51, 0x8c, 0xef, 0xf6, 0xc9, 0x80, 0x7f,
    0xff, 0x8f, 0xfe, 0x70, 0xf, 0xfe, 0x54, 0xff,
    0xda, 0x1, 0xff, 0xca, 0xff, 0xe4, 0x0, 0xff,
    0xe4, 0x37, 0xff, 0x50, 0x7, 0xff, 0x23, 0x3f,
    0xfc, 0x20, 0x1f, 0xfc, 0x63, 0xff, 0xf9, 0x80,
    0x3f, 0xf8, 0xd3, 0xff, 0x67, 0xfd, 0xa0, 0x1f,
    0xfc, 0x6e, 0xff, 0x8f, 0xbf, 0xe3, 0x0, 0xff,
    0xe2, 0x2f, 0xfd, 0xa1, 0x1f, 0xf4, 0x80, 0x7f,
    0xf1, 0x33, 0xfe, 0x70, 0x2f, 0xfc, 0x1, 0xff,
    0xc3, 0x2f, 0xfc, 0x20, 0xc, 0xff, 0x98, 0x3,
    0xff, 0x85, 0x1f, 0xf5, 0x80, 0x4d, 0xff, 0x60,
    0x7, 0xff, 0xb, 0xbf, 0xe5, 0x0, 0x87, 0xff,
    0x10, 0x7, 0xff, 0x1, 0x7f, 0xf0, 0x7, 0x5f,
    0xfd, 0x0, 0x1f, 0xfc, 0xb, 0xff, 0xa4, 0x3,
    0x97, 0xfe, 0xe0, 0xf, 0xf8, 0x7f, 0xf2, 0x0,
    0x7b, 0xbf, 0xe5, 0x0, 0xff, 0x47, 0xfd, 0xc0,
    0x1f, 0x4f, 0xfd, 0x60, 0x1f, 0xee, 0xff, 0xa0,
    0x3, 0xe3, 0xff, 0xc4, 0x1, 0xf9, 0x3f, 0xf1,
    0x0, 0x7e, 0xdf, 0xfa, 0x0, 0x3f, 0x57, 0xff,
    0xff, 0x17, 0x80, 0x3e, 0x1f, 0xff, 0xfe, 0x3a,
    0x0, 0x79, 0xff, 0xff, 0xf8, 0xf6, 0x1, 0xed,
    0xff, 0xdb, 0xbf, 0xf7, 0xff, 0x8, 0x6, 0x4f,
    0xfc, 0xa0, 0x1f, 0xf0, 0xff, 0xe7, 0x0, 0xd5,
    0xff, 0x70, 0x7, 0xff, 0x6, 0xbf, 0xed, 0x0,
    0x87, 0xff, 0x48, 0x7, 0xff, 0x5, 0x3f, 0xf2,
    0x0, 0x1b, 0xff, 0x18, 0x7, 0xff, 0xb, 0xbf,
    0xea, 0x0, 0x6f, 0xfd, 0xa0, 0x1f, 0xfc, 0x39,
    0xff, 0xc2, 0x7f, 0xf9, 0xc0, 0x3f, 0xf8, 0x67,
    0xff, 0x98,

    /* U+1EB3 "ẳ" */
    0x0, 0xf9, 0x3f, 0xb1, 0xc0, 0x3f, 0xf8, 0x69,
    0xff, 0xb4, 0x40, 0x3f, 0xf8, 0x46, 0xb3, 0xfe,
    0xb0, 0xf, 0xfe, 0x2c, 0xff, 0x80, 0x3f, 0xf8,
    0xb1, 0xfc, 0x1, 0xff, 0xc4, 0x5e, 0xfa, 0x0,
    0xff, 0xe1, 0xef, 0xfa, 0xc4, 0x3, 0xfd, 0xdf,
    0xa0, 0x5, 0x62, 0x0, 0x67, 0xf0, 0x7, 0xd9,
    0xfe, 0x20, 0xe, 0x1f, 0xf6, 0x0, 0x7c, 0xff,
    0xee, 0x51, 0x1, 0x5d, 0xff, 0x40, 0x7, 0xed,
    0xff, 0xfe, 0xd0, 0xf, 0xe1, 0x9f, 0xff, 0xa8,
    0x40, 0x3f, 0xf8, 0x6, 0xac, 0xa8, 0x1, 0xff,
    0xe8, 0x15, 0xad, 0xef, 0xed, 0x94, 0x0, 0xfc,
    0x33, 0xff, 0xfe, 0xd2, 0x0, 0xe4, 0xef, 0xff,
    0xfe, 0x9, 0x80, 0x49, 0xff, 0xdd, 0x53, 0x15,
    0xdf, 0xfb, 0x80, 0x35, 0x7f, 0xb5, 0x0, 0x3c,
    0xff, 0xf9, 0xc0, 0x34, 0x48, 0x7, 0xf4, 0xff,
    0xd8, 0x1, 0xff, 0xc3, 0x2f, 0xfc, 0x1, 0xff,
    0xc4, 0xff, 0xc2, 0x1, 0x92, 0x73, 0xbf, 0xff,
    0xe2, 0x0, 0xd, 0xff, 0xff, 0xf0, 0xc8, 0x1,
    0xbf, 0xff, 0xfc, 0x42, 0x7, 0xff, 0xd6, 0x84,
    0x23, 0xef, 0xfc, 0x41, 0xbf, 0xf5, 0x0, 0x7f,
    0x7f, 0xe2, 0xf, 0xfc, 0x40, 0x1f, 0x8f, 0xff,
    0x10, 0x7f, 0xe1, 0x0, 0xfd, 0x5f, 0xf8, 0x83,
    0xbf, 0xe4, 0x0, 0xf9, 0x7f, 0xf8, 0x82, 0xbf,
    0xed, 0x20, 0xe, 0x6f, 0xff, 0x10, 0x1f, 0xff,
    0x4b, 0xb4, 0x6f, 0xff, 0xc4, 0x0, 0x7f, 0xff,
    0xf9, 0x77, 0xfe, 0x20, 0x9, 0xbf, 0xff, 0x72,
    0x5, 0xff, 0xc4, 0x1, 0x85, 0xef, 0xbf, 0xb1,
    0xc4, 0x1, 0x5f, 0xf1, 0x0,

    /* U+1EB4 "Ẵ" */
    0x0, 0xff, 0x84, 0x3, 0xff, 0x96, 0x59, 0xfe,
    0xe7, 0x0, 0x92, 0xec, 0x1, 0xff, 0xc3, 0xdf,
    0xfe, 0xd6, 0x5d, 0xfd, 0x0, 0xff, 0xe1, 0x37,
    0xf9, 0x1, 0xff, 0xfc, 0xa0, 0x1f, 0xfc, 0x26,
    0xb8, 0x0, 0x8a, 0xff, 0xd8, 0xa0, 0x1f, 0xfc,
    0x34, 0x54, 0x0, 0xf8, 0x95, 0x40, 0x1f, 0xfc,
    0x2b, 0xff, 0x0, 0x7d, 0x7f, 0xe0, 0xf, 0xfe,
    0x14, 0x7f, 0xa4, 0x3, 0x93, 0xfd, 0xa0, 0x1f,
    0xfc, 0x22, 0xff, 0xba, 0x5e, 0x73, 0xfe, 0x60,
    0xf, 0xfe, 0x1a, 0xff, 0xff, 0x48, 0x7, 0xff,
    0x14, 0xa3, 0x3b, 0xfd, 0xb4, 0x60, 0x1f, 0xff,
    0xe3, 0xff, 0x9c, 0x3, 0xff, 0x95, 0x3f, 0xf6,
    0x80, 0x7f, 0xf2, 0xbf, 0xf9, 0x0, 0x3f, 0xf9,
    0xd, 0xff, 0xd4, 0x1, 0xff, 0xc8, 0xcf, 0xff,
    0x8, 0x7, 0xff, 0x18, 0xff, 0xfe, 0x60, 0xf,
    0xfe, 0x34, 0xff, 0xd9, 0xff, 0x68, 0x7, 0xff,
    0x1b, 0xbf, 0xe3, 0xef, 0xf8, 0xc0, 0x3f, 0xf8,
    0x8b, 0xff, 0x68, 0x47, 0xfd, 0x20, 0x1f, 0xfc,
    0x4c, 0xff, 0x9c, 0xb, 0xff, 0x0, 0x7f, 0xf0,
    0xcb, 0xff, 0x8, 0x3, 0x3f, 0xe6, 0x0, 0xff,
    0xe1, 0x47, 0xfd, 0x60, 0x13, 0x7f, 0xd8, 0x1,
    0xff, 0xc2, 0xef, 0xf9, 0x40, 0x21, 0xff, 0xc4,
    0x1, 0xff, 0xc0, 0x5f, 0xfc, 0x1, 0xd7, 0xff,
    0x40, 0x7, 0xff, 0x2, 0xff, 0xe9, 0x0, 0xe5,
    0xff, 0xb8, 0x3, 0xfe, 0x1f, 0xfc, 0x80, 0x1e,
    0xef, 0xf9, 0x40, 0x3f, 0xd1, 0xff, 0x70, 0x7,
    0xd3, 0xff, 0x58, 0x7, 0xfb, 0xbf, 0xe8, 0x0,
    0xf8, 0xff, 0xf1, 0x0, 0x7e, 0x4f, 0xfc, 0x40,
    0x1f, 0xb7, 0xfe, 0x80, 0xf, 0xd5, 0xff, 0xff,
    0xc5, 0xe0, 0xf, 0x87, 0xff, 0xff, 0x8e, 0x80,
    0x1e, 0x7f, 0xff, 0xfe, 0x3d, 0x80, 0x7b, 0x7f,
    0xf6, 0xef, 0xfd, 0xff, 0xc2, 0x1, 0x93, 0xff,
    0x28, 0x7, 0xfc, 0x3f, 0xf9, 0xc0, 0x35, 0x7f,
    0xdc, 0x1, 0xff, 0xc1, 0xaf, 0xfb, 0x40, 0x21,
    0xff, 0xd2, 0x1, 0xff, 0xc1, 0x4f, 0xfc, 0x80,
    0x6, 0xff, 0xc6, 0x1, 0xff, 0xc2, 0xef, 0xfa,
    0x80, 0x1b, 0xff, 0x68, 0x7, 0xff, 0xe, 0x7f,
    0xf0, 0x9f, 0xfe, 0x70, 0xf, 0xfe, 0x19, 0xff,
    0xe6,

    /* U+1EB5 "ẵ" */
    0x0, 0xe2, 0xae, 0xfc, 0x60, 0x9, 0x2a, 0x0,
    0x3e, 0x1e, 0xff, 0xed, 0x87, 0xef, 0xb0, 0xf,
    0xa3, 0xfc, 0xc9, 0x1f, 0xfe, 0x30, 0xf, 0x9e,
    0x98, 0x2, 0x1a, 0xef, 0xd5, 0x0, 0xff, 0xf2,
    0x77, 0xe8, 0x7, 0xd9, 0xfc, 0x1, 0xf6, 0x7f,
    0x88, 0x3, 0x87, 0xfd, 0x80, 0x1f, 0x3f, 0xfb,
    0x94, 0x40, 0x57, 0x7f, 0xd0, 0x1, 0xfb, 0x7f,
    0xff, 0xb4, 0x3, 0xf8, 0x67, 0xff, 0xea, 0x10,
    0xf, 0xfe, 0x1, 0xab, 0x2a, 0x0, 0x7f, 0xfa,
    0x5, 0x6b, 0x7b, 0xfb, 0x65, 0x0, 0x3f, 0xc,
    0xff, 0xff, 0xb4, 0x80, 0x39, 0x3b, 0xff, 0xff,
    0x82, 0x60, 0x12, 0x7f, 0xf7, 0x54, 0xc5, 0x77,
    0xfe, 0xe0, 0xd, 0x5f, 0xed, 0x40, 0xf, 0x3f,
    0xfe, 0x70, 0xd, 0x12, 0x1, 0xfd, 0x3f, 0xf6,
    0x0, 0x7f, 0xf0, 0xcb, 0xff, 0x0, 0x7f, 0xf1,
    0x3f, 0xf0, 0x80, 0x64, 0x9c, 0xef, 0xff, 0xf8,
    0x80, 0x3, 0x7f, 0xff, 0xfc, 0x32, 0x0, 0x6f,
    0xff, 0xff, 0x10, 0x81, 0xff, 0xf5, 0xa1, 0x8,
    0xfb, 0xff, 0x10, 0x6f, 0xfd, 0x40, 0x1f, 0xdf,
    0xf8, 0x83, 0xff, 0x10, 0x7, 0xe3, 0xff, 0xc4,
    0x1f, 0xf8, 0x40, 0x3f, 0x57, 0xfe, 0x20, 0xef,
    0xf9, 0x0, 0x3e, 0x5f, 0xfe, 0x20, 0xaf, 0xfb,
    0x48, 0x3, 0x9b, 0xff, 0xc4, 0x7, 0xff, 0xd2,
    0xed, 0x1b, 0xff, 0xf1, 0x0, 0x1f, 0xff, 0xfe,
    0x5d, 0xff, 0x88, 0x2, 0x6f, 0xff, 0xdc, 0x81,
    0x7f, 0xf1, 0x0, 0x61, 0x7b, 0xef, 0xec, 0x71,
    0x0, 0x57, 0xfc, 0x40,

    /* U+1EB6 "Ặ" */
    0x0, 0xf9, 0xa2, 0x2, 0x1, 0xe7, 0x88, 0x0,
    0x7f, 0xf0, 0xaf, 0xfc, 0xa0, 0x1e, 0xff, 0x80,
    0x3f, 0xf8, 0x51, 0xfe, 0xd1, 0x0, 0xd3, 0xfe,
    0xc0, 0xf, 0xfe, 0x10, 0xff, 0xea, 0x89, 0xdf,
    0xf9, 0x40, 0x3f, 0xf8, 0x69, 0xff, 0xfd, 0x0,
    0x1f, 0xfc, 0x51, 0x8c, 0xef, 0xf6, 0xc9, 0x80,
    0x7f, 0xff, 0x8f, 0xfe, 0x70, 0xf, 0xfe, 0x54,
    0xff, 0xda, 0x1, 0xff, 0xca, 0xff, 0xe4, 0x0,
    0xff, 0xe4, 0x37, 0xff, 0x50, 0x7, 0xff, 0x23,
    0x3f, 0xfc, 0x20, 0x1f, 0xfc, 0x63, 0xff, 0xf9,
    0x80, 0x3f, 0xf8, 0xd3, 0xff, 0x67, 0xfd, 0xa0,
    0x1f, 0xfc, 0x6e, 0xff, 0x8f, 0xbf, 0xe3, 0x0,
    0xff, 0xe2, 0x2f, 0xfd, 0xa1, 0x1f, 0xf4, 0x80,
    0x7f, 0xf1, 0x33, 0xfe, 0x70, 0x2f, 0xfc, 0x1,
    0xff, 0xc3, 0x2f, 0xfc, 0x20, 0xc, 0xff, 0x98,
    0x3, 0xff, 0x85, 0x1f, 0xf5, 0x80, 0x4d, 0xff,
    0x60, 0x7, 0xff, 0xb, 0xbf, 0xe5, 0x0, 0x87,
    0xff, 0x10, 0x7, 0xff, 0x1, 0x7f, 0xf0, 0x7,
    0x5f, 0xfd, 0x0, 0x1f, 0xfc, 0xb, 0xff, 0xa4,
    0x3, 0x97, 0xfe, 0xe0, 0xf, 0xf8, 0x7f, 0xf2,
    0x0, 0x7b, 0xbf, 0xe5, 0x0, 0xff, 0x47, 0xfd,
    0xc0, 0x1f, 0x4f, 0xfd, 0x60, 0x1f, 0xee, 0xff,
    0xa0, 0x3, 0xe3, 0xff, 0xc4, 0x1, 0xf9, 0x3f,
    0xf1, 0x0, 0x7e, 0xdf, 0xfa, 0x0, 0x3f, 0x57,
    0xff, 0xff, 0x17, 0x80, 0x3e, 0x1f, 0xff, 0xfe,
    0x3a, 0x0, 0x79, 0xff, 0xff, 0xf8, 0xf6, 0x1,
    0xed, 0xff, 0xdb, 0xbf, 0xf7, 0xff, 0x8, 0x6,
    0x4f, 0xfc, 0xa0, 0x1f, 0xf0, 0xff, 0xe7, 0x0,
    0xd5, 0xff, 0x70, 0x7, 0xff, 0x6, 0xbf, 0xed,
    0x0, 0x87, 0xff, 0x48, 0x7, 0xff, 0x5, 0x3f,
    0xf2, 0x0, 0x1b, 0xff, 0x18, 0x7, 0xff, 0xb,
    0xbf, 0xea, 0x0, 0x6f, 0xfd, 0xa0, 0x1f, 0xfc,
    0x39, 0xff, 0xc2, 0x7f, 0xf9, 0xc0, 0x3f, 0xf8,
    0x67, 0xff, 0x98, 0x3, 0xff, 0xfe, 0x1, 0xff,
    0xc5, 0xbf, 0xfc, 0x1, 0xff, 0xca, 0xbf, 0xfc,
    0x1, 0xff, 0xca, 0xbf, 0xfc, 0x1, 0xff, 0xca,
    0xbf, 0xfc, 0x1, 0xff, 0xca, 0x58, 0x89, 0xc0,
    0x3f, 0xe0,

    /* U+1EB7 "ặ" */
    0x0, 0xdd, 0xfa, 0x1, 0xf6, 0x7f, 0x0, 0x7d,
    0x9f, 0xe2, 0x0, 0xe1, 0xff, 0x60, 0x7, 0xcf,
    0xfe, 0xe5, 0x10, 0x15, 0xdf, 0xf4, 0x0, 0x7e,
    0xdf, 0xff, 0xed, 0x0, 0xfe, 0x19, 0xff, 0xfa,
    0x84, 0x3, 0xff, 0x80, 0x6a, 0xca, 0x80, 0x1f,
    0xfe, 0x81, 0x5a, 0xde, 0xfe, 0xd9, 0x40, 0xf,
    0xc3, 0x3f, 0xff, 0xed, 0x20, 0xe, 0x4e, 0xff,
    0xff, 0xe0, 0x98, 0x4, 0x9f, 0xfd, 0xd5, 0x31,
    0x5d, 0xff, 0xb8, 0x3, 0x57, 0xfb, 0x50, 0x3,
    0xcf, 0xff, 0x9c, 0x3, 0x44, 0x80, 0x7f, 0x4f,
    0xfd, 0x80, 0x1f, 0xfc, 0x32, 0xff, 0xc0, 0x1f,
    0xfc, 0x4f, 0xfc, 0x20, 0x19, 0x27, 0x3b, 0xff,
    0xfe, 0x20, 0x0, 0xdf, 0xff, 0xff, 0xc, 0x80,
    0x1b, 0xff, 0xff, 0xc4, 0x20, 0x7f, 0xfd, 0x68,
    0x42, 0x3e, 0xff, 0xc4, 0x1b, 0xff, 0x50, 0x7,
    0xf7, 0xfe, 0x20, 0xff, 0xc4, 0x1, 0xf8, 0xff,
    0xf1, 0x7, 0xfe, 0x10, 0xf, 0xd5, 0xff, 0x88,
    0x3b, 0xfe, 0x40, 0xf, 0x97, 0xff, 0x88, 0x2b,
    0xfe, 0xd2, 0x0, 0xe6, 0xff, 0xf1, 0x1, 0xff,
    0xf4, 0xbb, 0x46, 0xff, 0xfc, 0x40, 0x7, 0xff,
    0xff, 0x97, 0x7f, 0xe2, 0x0, 0x9b, 0xff, 0xf7,
    0x20, 0x5f, 0xfc, 0x40, 0x18, 0x5e, 0xfb, 0xfb,
    0x1c, 0x40, 0x15, 0xff, 0x10, 0x7, 0xff, 0x91,
    0xa2, 0x27, 0x0, 0xff, 0xe1, 0xe7, 0xfd, 0xa0,
    0x1f, 0xfc, 0x3c, 0xff, 0xb4, 0x3, 0xff, 0x87,
    0x9f, 0xf6, 0x80, 0x7f, 0xf0, 0xf3, 0xfe, 0xd0,
    0xf, 0x80,

    /* U+1EB8 "Ẹ" */
    0xdf, 0xff, 0xfe, 0x34, 0x6f, 0xff, 0xff, 0x1a,
    0x37, 0xff, 0xff, 0x8d, 0x1b, 0xff, 0x76, 0xef,
    0xff, 0x9, 0xb7, 0xfe, 0x70, 0xf, 0xfe, 0x1e,
    0xff, 0xce, 0x1, 0xff, 0xc3, 0xdf, 0xf9, 0xc0,
    0x3f, 0xf8, 0x7b, 0xff, 0x38, 0x7, 0xff, 0xf,
    0x7f, 0xe7, 0x0, 0xff, 0xe1, 0xef, 0xfc, 0xe0,
    0x1f, 0xfc, 0x3d, 0xff, 0x9c, 0x3, 0xff, 0x87,
    0xbf, 0xf3, 0x80, 0x7f, 0xf0, 0xf7, 0xfe, 0xed,
    0xdf, 0xfe, 0x9, 0x86, 0xff, 0xff, 0xf1, 0x50,
    0x37, 0xff, 0xff, 0x8a, 0x81, 0xbf, 0xff, 0xfc,
    0x54, 0xd, 0xff, 0x9c, 0x3, 0xff, 0x87, 0xbf,
    0xf3, 0x80, 0x7f, 0xf0, 0xf7, 0xfe, 0x70, 0xf,
    0xfe, 0x1e, 0xff, 0xce, 0x1, 0xff, 0xc3, 0xdf,
    0xf9, 0xc0, 0x3f, 0xf8, 0x7b, 0xff, 0x38, 0x7,
    0xff, 0xf, 0x7f, 0xe7, 0x0, 0xff, 0xe1, 0xef,
    0xfc, 0xe0, 0x1f, 0xfc, 0x3d, 0xff, 0x9c, 0x3,
    0xff, 0x87, 0xbf, 0xf7, 0x6e, 0xff, 0xf0, 0x9b,
    0x7f, 0xff, 0xf8, 0xd1, 0xbf, 0xff, 0xfc, 0x68,
    0xdf, 0xff, 0xfe, 0x34, 0x0, 0x7f, 0xfd, 0xe3,
    0xff, 0x10, 0x7, 0xff, 0xa, 0x3f, 0xf1, 0x0,
    0x7f, 0xf0, 0xa3, 0xff, 0x10, 0x7, 0xff, 0xa,
    0x3f, 0xf1, 0x0, 0x7f, 0xf0, 0x92, 0x23, 0x8,
    0x7, 0xc0,

    /* U+1EB9 "ẹ" */
    0x0, 0xf1, 0xc6, 0x77, 0xf6, 0x41, 0x80, 0x7f,
    0xd, 0x7f, 0xff, 0x50, 0x80, 0x78, 0xbb, 0xff,
    0xfe, 0xd1, 0x0, 0xed, 0xff, 0xdb, 0xf, 0x19,
    0xff, 0xb0, 0x3, 0x47, 0xfe, 0x50, 0xe, 0x3e,
    0xff, 0x98, 0x0, 0x3f, 0xf9, 0x0, 0x3e, 0x3f,
    0xfb, 0x40, 0xf, 0xff, 0x50, 0x7, 0xf4, 0xff,
    0xc6, 0x17, 0xff, 0x20, 0x7, 0xf2, 0x7f, 0xce,
    0x1d, 0xff, 0x8, 0x7, 0xf1, 0xff, 0xd4, 0x1f,
    0xff, 0xfc, 0x6b, 0x1f, 0xff, 0xfe, 0x36, 0x7,
    0xff, 0xff, 0x1a, 0xc3, 0xff, 0x8, 0x7, 0xff,
    0xf, 0x3f, 0xe3, 0x0, 0xff, 0xe1, 0xbf, 0xfd,
    0x40, 0x1f, 0xfc, 0x31, 0xff, 0xca, 0x1, 0xf8,
    0x68, 0x40, 0x34, 0xff, 0xe8, 0x10, 0xc, 0x2f,
    0xdf, 0xc4, 0x1, 0xbb, 0xff, 0xb6, 0xed, 0xbf,
    0xfd, 0xa0, 0x18, 0xbb, 0xff, 0xff, 0x81, 0xa4,
    0x1, 0xc3, 0x5f, 0xff, 0xe9, 0x0, 0xfe, 0x38,
    0xce, 0xff, 0x75, 0xb8, 0x80, 0x7f, 0xfa, 0x12,
    0x23, 0x0, 0x7f, 0xf0, 0xe3, 0xff, 0x8, 0x7,
    0xff, 0xa, 0x3f, 0xf0, 0x80, 0x7f, 0xf0, 0xa3,
    0xff, 0x8, 0x7, 0xff, 0xa, 0x3f, 0xf0, 0x80,
    0x78,

    /* U+1EBA "Ẻ" */
    0x0, 0xfa, 0xff, 0xad, 0xc4, 0x3, 0xff, 0x85,
    0x9f, 0xfb, 0x90, 0x3, 0xff, 0x82, 0x8d, 0x19,
    0xff, 0x8, 0x7, 0xff, 0x12, 0xbf, 0xcc, 0x1,
    0xff, 0xc4, 0x8f, 0xf3, 0x0, 0x7f, 0xf0, 0x85,
    0xbb, 0xf8, 0x40, 0x3f, 0xf8, 0x29, 0xff, 0x61,
    0x80, 0x7f, 0xf0, 0x86, 0x14, 0x80, 0x3f, 0xfa,
    0x1b, 0xff, 0xff, 0xc6, 0x8d, 0xff, 0xff, 0xe3,
    0x46, 0xff, 0xff, 0xf1, 0xa3, 0x7f, 0xee, 0xdd,
    0xff, 0xe1, 0x36, 0xff, 0xce, 0x1, 0xff, 0xc3,
    0xdf, 0xf9, 0xc0, 0x3f, 0xf8, 0x7b, 0xff, 0x38,
    0x7, 0xff, 0xf, 0x7f, 0xe7, 0x0, 0xff, 0xe1,
    0xef, 0xfc, 0xe0, 0x1f, 0xfc, 0x3d, 0xff, 0x9c,
    0x3, 0xff, 0x87, 0xbf, 0xf3, 0x80, 0x7f, 0xf0,
    0xf7, 0xfe, 0x70, 0xf, 0xfe, 0x1e, 0xff, 0xdd,
    0xbb, 0xff, 0xc1, 0x30, 0xdf, 0xff, 0xfe, 0x2a,
    0x6, 0xff, 0xff, 0xf1, 0x50, 0x37, 0xff, 0xff,
    0x8a, 0x81, 0xbf, 0xf3, 0x80, 0x7f, 0xf0, 0xf7,
    0xfe, 0x70, 0xf, 0xfe, 0x1e, 0xff, 0xce, 0x1,
    0xff, 0xc3, 0xdf, 0xf9, 0xc0, 0x3f, 0xf8, 0x7b,
    0xff, 0x38, 0x7, 0xff, 0xf, 0x7f, 0xe7, 0x0,
    0xff, 0xe1, 0xef, 0xfc, 0xe0, 0x1f, 0xfc, 0x3d,
    0xff, 0x9c, 0x3, 0xff, 0x87, 0xbf, 0xf3, 0x80,
    0x7f, 0xf0, 0xf7, 0xfe, 0xed, 0xdf, 0xfe, 0x13,
    0x6f, 0xff, 0xff, 0x1a, 0x37, 0xff, 0xff, 0x8d,
    0x1b, 0xff, 0xff, 0xc6, 0x80,

    /* U+1EBB "ẻ" */
    0x0, 0xf8, 0xbf, 0xdb, 0x4a, 0x1, 0xff, 0xc2,
    0x2f, 0xfe, 0xd2, 0x0, 0xff, 0xe0, 0xab, 0x4f,
    0x7f, 0xb0, 0x3, 0xff, 0x88, 0x3d, 0xfe, 0x0,
    0xff, 0xe2, 0xf7, 0xf8, 0x3, 0xff, 0x84, 0x71,
    0xbf, 0xe7, 0x0, 0xff, 0xe1, 0x57, 0xfa, 0xd0,
    0x3, 0xff, 0x86, 0x42, 0x1, 0xff, 0xc3, 0x38,
    0xce, 0xfe, 0xc8, 0x30, 0xf, 0xe1, 0xaf, 0xff,
    0xea, 0x10, 0xf, 0x17, 0x7f, 0xff, 0xda, 0x20,
    0x1d, 0xbf, 0xfb, 0x61, 0xe3, 0x3f, 0xf6, 0x0,
    0x68, 0xff, 0xca, 0x1, 0xc7, 0xdf, 0xf3, 0x0,
    0x7, 0xff, 0x20, 0x7, 0xc7, 0xff, 0x68, 0x1,
    0xff, 0xea, 0x0, 0xfe, 0x9f, 0xf8, 0xc2, 0xff,
    0xe4, 0x0, 0xfe, 0x4f, 0xf9, 0xc3, 0xbf, 0xe1,
    0x0, 0xfe, 0x3f, 0xfa, 0x83, 0xff, 0xff, 0x8d,
    0x63, 0xff, 0xff, 0xc6, 0xc0, 0xff, 0xff, 0xe3,
    0x58, 0x7f, 0xe1, 0x0, 0xff, 0xe1, 0xe7, 0xfc,
    0x60, 0x1f, 0xfc, 0x37, 0xff, 0xa8, 0x3, 0xff,
    0x86, 0x3f, 0xf9, 0x40, 0x3f, 0xd, 0x8, 0x6,
    0x9f, 0xfd, 0x2, 0x1, 0x85, 0xfb, 0xf8, 0x80,
    0x37, 0x7f, 0xf6, 0xdd, 0xb7, 0xff, 0xb4, 0x3,
    0x17, 0x7f, 0xff, 0xf0, 0x34, 0x80, 0x38, 0x6b,
    0xff, 0xfd, 0x20, 0x1f, 0xc7, 0x19, 0xdf, 0xee,
    0xb7, 0x10, 0xc,

    /* U+1EBC "Ẽ" */
    0x0, 0xf1, 0xa0, 0x80, 0x72, 0x20, 0xc0, 0x3e,
    0x5f, 0xfc, 0xc0, 0x1b, 0xbe, 0x40, 0x3c, 0x9f,
    0xfe, 0x80, 0x1, 0x7f, 0x9c, 0x3, 0xd7, 0xfc,
    0x44, 0xcf, 0xf5, 0x26, 0x7f, 0x88, 0x3, 0xdf,
    0xe8, 0x0, 0xb3, 0xff, 0xa4, 0x3, 0xec, 0xc2,
    0x0, 0x68, 0xef, 0xd7, 0x0, 0xff, 0xf0, 0xef,
    0xff, 0xff, 0x1a, 0x37, 0xff, 0xff, 0x8d, 0x1b,
    0xff, 0xff, 0xc6, 0x8d, 0xff, 0xbb, 0x77, 0xff,
    0x84, 0xdb, 0xff, 0x38, 0x7, 0xff, 0xf, 0x7f,
    0xe7, 0x0, 0xff, 0xe1, 0xef, 0xfc, 0xe0, 0x1f,
    0xfc, 0x3d, 0xff, 0x9c, 0x3, 0xff, 0x87, 0xbf,
    0xf3, 0x80, 0x7f, 0xf0, 0xf7, 0xfe, 0x70, 0xf,
    0xfe, 0x1e, 0xff, 0xce, 0x1, 0xff, 0xc3, 0xdf,
    0xf9, 0xc0, 0x3f, 0xf8, 0x7b, 0xff, 0x76, 0xef,
    0xff, 0x4, 0xc3, 0x7f, 0xff, 0xf8, 0xa8, 0x1b,
    0xff, 0xff, 0xc5, 0x40, 0xdf, 0xff, 0xfe, 0x2a,
    0x6, 0xff, 0xce, 0x1, 0xff, 0xc3, 0xdf, 0xf9,
    0xc0, 0x3f, 0xf8, 0x7b, 0xff, 0x38, 0x7, 0xff,
    0xf, 0x7f, 0xe7, 0x0, 0xff, 0xe1, 0xef, 0xfc,
    0xe0, 0x1f, 0xfc, 0x3d, 0xff, 0x9c, 0x3, 0xff,
    0x87, 0xbf, 0xf3, 0x80, 0x7f, 0xf0, 0xf7, 0xfe,
    0x70, 0xf, 0xfe, 0x1e, 0xff, 0xce, 0x1, 0xff,
    0xc3, 0xdf, 0xfb, 0xb7, 0x7f, 0xf8, 0x4d, 0xbf,
    0xff, 0xfc, 0x68, 0xdf, 0xff, 0xfe, 0x34, 0x6f,
    0xff, 0xff, 0x1a, 0x0,

    /* U+1EBD "ẽ" */
    0x0, 0xe5, 0xcf, 0xea, 0x10, 0x9, 0x3f, 0xc8,
    0x1, 0xe6, 0xff, 0xf2, 0x80, 0x23, 0xfc, 0x40,
    0x1e, 0xff, 0xab, 0x3f, 0xea, 0x9f, 0xf6, 0x80,
    0x79, 0x3f, 0xca, 0x0, 0x8f, 0xff, 0x28, 0x7,
    0x9b, 0xfc, 0x20, 0x11, 0xdf, 0xfb, 0x10, 0x3,
    0xff, 0xf4, 0x71, 0x9d, 0xfd, 0x90, 0x60, 0x1f,
    0xc3, 0x5f, 0xff, 0xd4, 0x20, 0x1e, 0x2e, 0xff,
    0xff, 0xb4, 0x40, 0x3b, 0x7f, 0xf6, 0xc3, 0xc6,
    0x7f, 0xec, 0x0, 0xd1, 0xff, 0x94, 0x3, 0x8f,
    0xbf, 0xe6, 0x0, 0xf, 0xfe, 0x40, 0xf, 0x8f,
    0xfe, 0xd0, 0x3, 0xff, 0xd4, 0x1, 0xfd, 0x3f,
    0xf1, 0x85, 0xff, 0xc8, 0x1, 0xfc, 0x9f, 0xf3,
    0x87, 0x7f, 0xc2, 0x1, 0xfc, 0x7f, 0xf5, 0x7,
    0xff, 0xff, 0x1a, 0xc7, 0xff, 0xff, 0x8d, 0x81,
    0xff, 0xff, 0xc6, 0xb0, 0xff, 0xc2, 0x1, 0xff,
    0xc3, 0xcf, 0xf8, 0xc0, 0x3f, 0xf8, 0x6f, 0xff,
    0x50, 0x7, 0xff, 0xc, 0x7f, 0xf2, 0x80, 0x7e,
    0x1a, 0x10, 0xd, 0x3f, 0xfa, 0x4, 0x3, 0xb,
    0xf7, 0xf1, 0x0, 0x6e, 0xff, 0xed, 0xbb, 0x6f,
    0xff, 0x68, 0x6, 0x2e, 0xff, 0xff, 0xe0, 0x69,
    0x0, 0x70, 0xd7, 0xff, 0xfa, 0x40, 0x3f, 0x8e,
    0x33, 0xbf, 0xdd, 0x6e, 0x20, 0x18,

    /* U+1EBE "Ế" */
    0x0, 0xff, 0xeb, 0xb7, 0xfb, 0x40, 0x3f, 0xf8,
    0x9d, 0xfe, 0x30, 0xf, 0xfe, 0x1b, 0x7f, 0xa0,
    0x3, 0xff, 0x89, 0xdf, 0xa0, 0x1f, 0xfc, 0x7,
    0x40, 0x3, 0xff, 0x8c, 0x3, 0xfe, 0x9f, 0xf2,
    0x84, 0x4b, 0x0, 0x7f, 0xd5, 0xff, 0x98, 0x3,
    0xff, 0x83, 0x7f, 0xe6, 0xaf, 0xf4, 0x0, 0x7f,
    0x87, 0x7f, 0xca, 0x0, 0x9f, 0xf4, 0x80, 0x7e,
    0x2d, 0xff, 0x28, 0x6, 0x9f, 0xf5, 0x80, 0x7f,
    0xf8, 0x37, 0xff, 0xff, 0x8d, 0x1b, 0xff, 0xff,
    0xc6, 0x8d, 0xff, 0xff, 0xe3, 0x46, 0xff, 0xdd,
    0xbb, 0xff, 0xc2, 0x6d, 0xff, 0x9c, 0x3, 0xff,
    0x87, 0xbf, 0xf3, 0x80, 0x7f, 0xf0, 0xf7, 0xfe,
    0x70, 0xf, 0xfe, 0x1e, 0xff, 0xce, 0x1, 0xff,
    0xc3, 0xdf, 0xf9, 0xc0, 0x3f, 0xf8, 0x7b, 0xff,
    0x38, 0x7, 0xff, 0xf, 0x7f, 0xe7, 0x0, 0xff,
    0xe1, 0xef, 0xfc, 0xe0, 0x1f, 0xfc, 0x3d, 0xff,
    0xbb, 0x77, 0xff, 0x82, 0x61, 0xbf, 0xff, 0xfc,
    0x54, 0xd, 0xff, 0xff, 0xe2, 0xa0, 0x6f, 0xff,
    0xff, 0x15, 0x3, 0x7f, 0xe7, 0x0, 0xff, 0xe1,
    0xef, 0xfc, 0xe0, 0x1f, 0xfc, 0x3d, 0xff, 0x9c,
    0x3, 0xff, 0x87, 0xbf, 0xf3, 0x80, 0x7f, 0xf0,
    0xf7, 0xfe, 0x70, 0xf, 0xfe, 0x1e, 0xff, 0xce,
    0x1, 0xff, 0xc3, 0xdf, 0xf9, 0xc0, 0x3f, 0xf8,
    0x7b, 0xff, 0x38, 0x7, 0xff, 0xf, 0x7f, 0xe7,
    0x0, 0xff, 0xe1, 0xef, 0xfd, 0xdb, 0xbf, 0xfc,
    0x26, 0xdf, 0xff, 0xfe, 0x34, 0x6f, 0xff, 0xff,
    0x1a, 0x37, 0xff, 0xff, 0x8d, 0x0,

    /* U+1EBF "ế" */
    0x0, 0xff, 0xe2, 0x5f, 0xfa, 0x0, 0x3f, 0xf8,
    0x69, 0xfe, 0xd0, 0xf, 0xfe, 0x26, 0x7f, 0x8c,
    0x3, 0xfe, 0x30, 0x9, 0x7f, 0xd0, 0x1, 0xff,
    0x3f, 0xb0, 0x3, 0x7f, 0x0, 0x3f, 0xe7, 0xff,
    0x98, 0xa6, 0x44, 0x1, 0xfe, 0x7f, 0xfe, 0x60,
    0xf, 0xfe, 0x3, 0xff, 0xb9, 0x7b, 0xfc, 0xc0,
    0x1f, 0xe7, 0xff, 0x68, 0x81, 0x77, 0xf9, 0x80,
    0x3f, 0x3f, 0xfb, 0x44, 0x2, 0x2d, 0xff, 0x30,
    0x7, 0xff, 0x94, 0xe3, 0x3b, 0xfb, 0x20, 0xc0,
    0x3f, 0x86, 0xbf, 0xff, 0xa8, 0x40, 0x3c, 0x5d,
    0xff, 0xff, 0x68, 0x80, 0x76, 0xff, 0xed, 0x87,
    0x8c, 0xff, 0xd8, 0x1, 0xa3, 0xff, 0x28, 0x7,
    0x1f, 0x7f, 0xcc, 0x0, 0x1f, 0xfc, 0x80, 0x1f,
    0x1f, 0xfd, 0xa0, 0x7, 0xff, 0xa8, 0x3, 0xfa,
    0x7f, 0xe3, 0xb, 0xff, 0x90, 0x3, 0xf9, 0x3f,
    0xe7, 0xe, 0xff, 0x84, 0x3, 0xf8, 0xff, 0xea,
    0xf, 0xff, 0xfe, 0x35, 0x8f, 0xff, 0xff, 0x1b,
    0x3, 0xff, 0xff, 0x8d, 0x61, 0xff, 0x84, 0x3,
    0xff, 0x87, 0x9f, 0xf1, 0x80, 0x7f, 0xf0, 0xdf,
    0xfe, 0xa0, 0xf, 0xfe, 0x18, 0xff, 0xe5, 0x0,
    0xfc, 0x34, 0x20, 0x1a, 0x7f, 0xf4, 0x8, 0x6,
    0x17, 0xef, 0xe2, 0x0, 0xdd, 0xff, 0xdb, 0x76,
    0xdf, 0xfe, 0xd0, 0xc, 0x5d, 0xff, 0xff, 0xc0,
    0xd2, 0x0, 0xe1, 0xaf, 0xff, 0xf4, 0x80, 0x7f,
    0x1c, 0x67, 0x7f, 0xba, 0xdc, 0x40, 0x30,

    /* U+1EC0 "Ề" */
    0x0, 0xff, 0xe9, 0xcf, 0xfb, 0x0, 0x3f, 0xf8,
    0xbb, 0xfe, 0x40, 0xf, 0xfe, 0x21, 0xff, 0xb0,
    0x3, 0xff, 0x8b, 0x1f, 0xe4, 0x0, 0xff, 0xe0,
    0x3a, 0x0, 0x5b, 0xfa, 0x1, 0xff, 0x4f, 0xf9,
    0x40, 0x7, 0x32, 0x20, 0xf, 0xea, 0xff, 0xcc,
    0x1, 0xff, 0xc1, 0xbf, 0xf3, 0x57, 0xfa, 0x0,
    0x3f, 0xc3, 0xbf, 0xe5, 0x0, 0x4f, 0xfa, 0x40,
    0x3f, 0x16, 0xff, 0x94, 0x3, 0x4f, 0xfa, 0xc0,
    0x3f, 0xfc, 0x1b, 0xff, 0xff, 0xc6, 0x8d, 0xff,
    0xff, 0xe3, 0x46, 0xff, 0xff, 0xf1, 0xa3, 0x7f,
    0xee, 0xdd, 0xff, 0xe1, 0x36, 0xff, 0xce, 0x1,
    0xff, 0xc3, 0xdf, 0xf9, 0xc0, 0x3f, 0xf8, 0x7b,
    0xff, 0x38, 0x7, 0xff, 0xf, 0x7f, 0xe7, 0x0,
    0xff, 0xe1, 0xef, 0xfc, 0xe0, 0x1f, 0xfc, 0x3d,
    0xff, 0x9c, 0x3, 0xff, 0x87, 0xbf, 0xf3, 0x80,
    0x7f, 0xf0, 0xf7, 0xfe, 0x70, 0xf, 0xfe, 0x1e,
    0xff, 0xdd, 0xbb, 0xff, 0xc1, 0x30, 0xdf, 0xff,
    0xfe, 0x2a, 0x6, 0xff, 0xff, 0xf1, 0x50, 0x37,
    0xff, 0xff, 0x8a, 0x81, 0xbf, 0xf3, 0x80, 0x7f,
    0xf0, 0xf7, 0xfe, 0x70, 0xf, 0xfe, 0x1e, 0xff,
    0xce, 0x1, 0xff, 0xc3, 0xdf, 0xf9, 0xc0, 0x3f,
    0xf8, 0x7b, 0xff, 0x38, 0x7, 0xff, 0xf, 0x7f,
    0xe7, 0x0, 0xff, 0xe1, 0xef, 0xfc, 0xe0, 0x1f,
    0xfc, 0x3d, 0xff, 0x9c, 0x3, 0xff, 0x87, 0xbf,
    0xf3, 0x80, 0x7f, 0xf0, 0xf7, 0xfe, 0xed, 0xdf,
    0xfe, 0x13, 0x6f, 0xff, 0xff, 0x1a, 0x37, 0xff,
    0xff, 0x8d, 0x1b, 0xff, 0xff, 0xc6, 0x80,

    /* U+1EC1 "ề" */
    0x0, 0xff, 0x87, 0xbf, 0xca, 0x1, 0xff, 0xc4,
    0x4f, 0xf6, 0x80, 0x7f, 0xf1, 0x67, 0xfc, 0xc0,
    0x1f, 0xfc, 0x13, 0x0, 0xbb, 0xf8, 0x3, 0xff,
    0x80, 0xfe, 0xc0, 0x4, 0xff, 0x30, 0x7, 0xf9,
    0xff, 0xe6, 0x0, 0x34, 0xb8, 0x7, 0xf3, 0xff,
    0xf3, 0x0, 0x7f, 0xf0, 0x1f, 0xfd, 0xcb, 0xdf,
    0xe6, 0x0, 0xff, 0x3f, 0xfb, 0x48, 0xb, 0xbf,
    0xcc, 0x1, 0xf9, 0xff, 0xda, 0x20, 0x11, 0x6f,
    0xf9, 0x80, 0x3f, 0xfc, 0xa7, 0x19, 0xdf, 0xd9,
    0x6, 0x1, 0xfc, 0x35, 0xff, 0xfd, 0x42, 0x1,
    0xe2, 0xef, 0xff, 0xfb, 0x44, 0x3, 0xb7, 0xff,
    0x6c, 0x3c, 0x67, 0xfe, 0xc0, 0xd, 0x1f, 0xf9,
    0x40, 0x38, 0xfb, 0xfe, 0x60, 0x0, 0xff, 0xe4,
    0x0, 0xf8, 0xff, 0xed, 0x0, 0x3f, 0xfd, 0x40,
    0x1f, 0xd3, 0xff, 0x18, 0x5f, 0xfc, 0x80, 0x1f,
    0xc9, 0xff, 0x38, 0x77, 0xfc, 0x20, 0x1f, 0xc7,
    0xff, 0x50, 0x7f, 0xff, 0xf1, 0xac, 0x7f, 0xff,
    0xf8, 0xd8, 0x1f, 0xff, 0xfc, 0x6b, 0xf, 0xfc,
    0x20, 0x1f, 0xfc, 0x3c, 0xff, 0x8c, 0x3, 0xff,
    0x86, 0xff, 0xf5, 0x0, 0x7f, 0xf0, 0xc7, 0xff,
    0x28, 0x7, 0xe1, 0xa1, 0x0, 0xd3, 0xff, 0xa0,
    0x40, 0x30, 0xbf, 0x7f, 0x10, 0x6, 0xef, 0xfe,
    0xdb, 0xb6, 0xff, 0xf6, 0x80, 0x62, 0xef, 0xff,
    0xfe, 0x6, 0x90, 0x7, 0xd, 0x7f, 0xff, 0xa4,
    0x3, 0xf8, 0xe3, 0x3b, 0xfd, 0xd6, 0xe2, 0x1,
    0x80,

    /* U+1EC2 "Ể" */
    0x0, 0xff, 0xe0, 0x9, 0x8, 0x7, 0xff, 0x16,
    0x3f, 0xdd, 0x22, 0x1, 0xff, 0xc2, 0x8f, 0xfd,
    0xc2, 0x1, 0xff, 0xc3, 0x28, 0xff, 0x40, 0x7,
    0xff, 0x17, 0x3e, 0x80, 0x3f, 0xce, 0x80, 0x18,
    0xbb, 0xe0, 0x3, 0xfa, 0x7f, 0xc8, 0x3, 0x7f,
    0xed, 0x10, 0xf, 0xd5, 0xff, 0x98, 0x32, 0x94,
    0x3, 0xfa, 0xff, 0xcf, 0x7f, 0xe7, 0x0, 0xff,
    0xe, 0x7f, 0x9c, 0x1, 0x7f, 0xe8, 0x0, 0xfc,
    0x3b, 0xfe, 0x70, 0xd, 0x5f, 0xe9, 0x0, 0xfc,
    0x23, 0x0, 0x78, 0x46, 0x0, 0xff, 0xe6, 0x6f,
    0xff, 0xff, 0x1a, 0x37, 0xff, 0xff, 0x8d, 0x1b,
    0xff, 0xff, 0xc6, 0x8d, 0xff, 0xbb, 0x77, 0xff,
    0x84, 0xdb, 0xff, 0x38, 0x7, 0xff, 0xf, 0x7f,
    0xe7, 0x0, 0xff, 0xe1, 0xef, 0xfc, 0xe0, 0x1f,
    0xfc, 0x3d, 0xff, 0x9c, 0x3, 0xff, 0x87, 0xbf,
    0xf3, 0x80, 0x7f, 0xf0, 0xf7, 0xfe, 0x70, 0xf,
    0xfe, 0x1e, 0xff, 0xce, 0x1, 0xff, 0xc3, 0xdf,
    0xf9, 0xc0, 0x3f, 0xf8, 0x7b, 0xff, 0x76, 0xef,
    0xff, 0x4, 0xc3, 0x7f, 0xff, 0xf8, 0xa8, 0x1b,
    0xff, 0xff, 0xc5, 0x40, 0xdf, 0xff, 0xfe, 0x2a,
    0x6, 0xff, 0xce, 0x1, 0xff, 0xc3, 0xdf, 0xf9,
    0xc0, 0x3f, 0xf8, 0x7b, 0xff, 0x38, 0x7, 0xff,
    0xf, 0x7f, 0xe7, 0x0, 0xff, 0xe1, 0xef, 0xfc,
    0xe0, 0x1f, 0xfc, 0x3d, 0xff, 0x9c, 0x3, 0xff,
    0x87, 0xbf, 0xf3, 0x80, 0x7f, 0xf0, 0xf7, 0xfe,
    0x70, 0xf, 0xfe, 0x1e, 0xff, 0xce, 0x1, 0xff,
    0xc3, 0xdf, 0xfb, 0xb7, 0x7f, 0xf8, 0x4d, 0xbf,
    0xff, 0xfc, 0x68, 0xdf, 0xff, 0xfe, 0x34, 0x6f,
    0xff, 0xff, 0x1a, 0x0,

    /* U+1EC3 "ể" */
    0x0, 0xff, 0xe0, 0x2f, 0xf6, 0x38, 0x7, 0xff,
    0xd, 0x7f, 0xf6, 0x88, 0x7, 0xff, 0x4, 0x4d,
    0x67, 0xfd, 0x40, 0x1f, 0xfc, 0x59, 0xfd, 0x0,
    0xff, 0x8c, 0x3, 0xab, 0xf0, 0x3, 0xfd, 0x1e,
    0xc0, 0x5, 0xaf, 0xf3, 0x0, 0x7f, 0x3f, 0xfc,
    0xc1, 0x9f, 0x8a, 0x1, 0xfc, 0xdf, 0xfc, 0xa2,
    0x1, 0xff, 0x37, 0xfb, 0x97, 0xfe, 0x50, 0xf,
    0xf2, 0xff, 0xb8, 0x80, 0xfb, 0xfc, 0xa0, 0x1f,
    0x97, 0xfd, 0xc4, 0x1, 0x1f, 0x7f, 0x90, 0x3,
    0xe1, 0x22, 0x8, 0x7, 0x9, 0x10, 0x40, 0x3f,
    0xfa, 0x27, 0x19, 0xdf, 0xd9, 0x6, 0x1, 0xfc,
    0x35, 0xff, 0xfd, 0x42, 0x1, 0xe2, 0xef, 0xff,
    0xfb, 0x44, 0x3, 0xb7, 0xff, 0x6c, 0x3c, 0x67,
    0xfe, 0xc0, 0xd, 0x1f, 0xf9, 0x40, 0x38, 0xfb,
    0xfe, 0x60, 0x0, 0xff, 0xe4, 0x0, 0xf8, 0xff,
    0xed, 0x0, 0x3f, 0xfd, 0x40, 0x1f, 0xd3, 0xff,
    0x18, 0x5f, 0xfc, 0x80, 0x1f, 0xc9, 0xff, 0x38,
    0x77, 0xfc, 0x20, 0x1f, 0xc7, 0xff, 0x50, 0x7f,
    0xff, 0xf1, 0xac, 0x7f, 0xff, 0xf8, 0xd8, 0x1f,
    0xff, 0xfc, 0x6b, 0xf, 0xfc, 0x20, 0x1f, 0xfc,
    0x3c, 0xff, 0x8c, 0x3, 0xff, 0x86, 0xff, 0xf5,
    0x0, 0x7f, 0xf0, 0xc7, 0xff, 0x28, 0x7, 0xe1,
    0xa1, 0x0, 0xd3, 0xff, 0xa0, 0x40, 0x30, 0xbf,
    0x7f, 0x10, 0x6, 0xef, 0xfe, 0xdb, 0xb6, 0xff,
    0xf6, 0x80, 0x62, 0xef, 0xff, 0xfe, 0x6, 0x90,
    0x7, 0xd, 0x7f, 0xff, 0xa4, 0x3, 0xf8, 0xe3,
    0x3b, 0xfd, 0xd6, 0xe2, 0x1, 0x80,

    /* U+1EC4 "Ễ" */
    0x0, 0xf1, 0x19, 0x0, 0x7f, 0xf0, 0xcf, 0x7f,
    0xed, 0x82, 0x7, 0xff, 0x8, 0x7, 0x87, 0xbf,
    0xff, 0xd6, 0x1, 0xf3, 0x7f, 0x8c, 0x56, 0xff,
    0xf6, 0x90, 0x7, 0xc2, 0x42, 0x1, 0x85, 0x54,
    0x60, 0x1f, 0xfc, 0x3b, 0x60, 0xf, 0xfe, 0x20,
    0xe7, 0xf9, 0xc0, 0x3f, 0xf8, 0x43, 0xbf, 0xfa,
    0x0, 0x3f, 0xf8, 0x3, 0xbf, 0xe4, 0x9f, 0xf4,
    0x80, 0x7f, 0x8b, 0xbf, 0xc8, 0x0, 0x9f, 0xf5,
    0x0, 0x7e, 0x2e, 0xff, 0x20, 0x6, 0x9f, 0xf5,
    0x0, 0x7f, 0xf8, 0x37, 0xff, 0xff, 0x8d, 0x1b,
    0xff, 0xff, 0xc6, 0x8d, 0xff, 0xff, 0xe3, 0x46,
    0xff, 0xdd, 0xbb, 0xff, 0xc2, 0x6d, 0xff, 0x9c,
    0x3, 0xff, 0x87, 0xbf, 0xf3, 0x80, 0x7f, 0xf0,
    0xf7, 0xfe, 0x70, 0xf, 0xfe, 0x1e, 0xff, 0xce,
    0x1, 0xff, 0xc3, 0xdf, 0xf9, 0xc0, 0x3f, 0xf8,
    0x7b, 0xff, 0x38, 0x7, 0xff, 0xf, 0x7f, 0xe7,
    0x0, 0xff, 0xe1, 0xef, 0xfc, 0xe0, 0x1f, 0xfc,
    0x3d, 0xff, 0xbb, 0x77, 0xff, 0x82, 0x61, 0xbf,
    0xff, 0xfc, 0x54, 0xd, 0xff, 0xff, 0xe2, 0xa0,
    0x6f, 0xff, 0xff, 0x15, 0x3, 0x7f, 0xe7, 0x0,
    0xff, 0xe1, 0xef, 0xfc, 0xe0, 0x1f, 0xfc, 0x3d,
    0xff, 0x9c, 0x3, 0xff, 0x87, 0xbf, 0xf3, 0x80,
    0x7f, 0xf0, 0xf7, 0xfe, 0x70, 0xf, 0xfe, 0x1e,
    0xff, 0xce, 0x1, 0xff, 0xc3, 0xdf, 0xf9, 0xc0,
    0x3f, 0xf8, 0x7b, 0xff, 0x38, 0x7, 0xff, 0xf,
    0x7f, 0xe7, 0x0, 0xff, 0xe1, 0xef, 0xfd, 0xdb,
    0xbf, 0xfc, 0x26, 0xdf, 0xff, 0xfe, 0x34, 0x6f,
    0xff, 0xff, 0x1a, 0x37, 0xff, 0xff, 0x8d, 0x0,

    /* U+1EC5 "ễ" */
    0x0, 0xe3, 0xcf, 0xf6, 0x28, 0x4, 0xd2, 0xe0,
    0x1f, 0x17, 0xff, 0xb5, 0xdd, 0xfe, 0x90, 0xf,
    0xab, 0xf9, 0x92, 0x7f, 0xfc, 0x40, 0x1f, 0x4d,
    0x28, 0x4, 0x55, 0xdf, 0x86, 0x1, 0xff, 0xc2,
    0x80, 0xf, 0xfe, 0x35, 0xfd, 0x0, 0x7f, 0xf1,
    0x2b, 0xfe, 0x90, 0xf, 0xfe, 0x14, 0xff, 0xf4,
    0x0, 0x7f, 0xf0, 0x23, 0xfd, 0x83, 0x9f, 0xe7,
    0x0, 0xff, 0x3f, 0xfb, 0x0, 0x3, 0xbf, 0xe6,
    0x0, 0xfc, 0xdf, 0xed, 0x10, 0x8, 0x77, 0xfc,
    0xa0, 0x1f, 0x84, 0x40, 0x1f, 0x8, 0x80, 0x3f,
    0xfa, 0x47, 0x19, 0xdf, 0xd9, 0x6, 0x1, 0xfc,
    0x35, 0xff, 0xfd, 0x42, 0x1, 0xe2, 0xef, 0xff,
    0xfb, 0x44, 0x3, 0xb7, 0xff, 0x6c, 0x3c, 0x67,
    0xfe, 0xc0, 0xd, 0x1f, 0xf9, 0x40, 0x38, 0xfb,
    0xfe, 0x60, 0x0, 0xff, 0xe4, 0x0, 0xf8, 0xff,
    0xed, 0x0, 0x3f, 0xfd, 0x40, 0x1f, 0xd3, 0xff,
    0x18, 0x5f, 0xfc, 0x80, 0x1f, 0xc9, 0xff, 0x38,
    0x77, 0xfc, 0x20, 0x1f, 0xc7, 0xff, 0x50, 0x7f,
    0xff, 0xf1, 0xac, 0x7f, 0xff, 0xf8, 0xd8, 0x1f,
    0xff, 0xfc, 0x6b, 0xf, 0xfc, 0x20, 0x1f, 0xfc,
    0x3c, 0xff, 0x8c, 0x3, 0xff, 0x86, 0xff, 0xf5,
    0x0, 0x7f, 0xf0, 0xc7, 0xff, 0x28, 0x7, 0xe1,
    0xa1, 0x0, 0xd3, 0xff, 0xa0, 0x40, 0x30, 0xbf,
    0x7f, 0x10, 0x6, 0xef, 0xfe, 0xdb, 0xb6, 0xff,
    0xf6, 0x80, 0x62, 0xef, 0xff, 0xfe, 0x6, 0x90,
    0x7, 0xd, 0x7f, 0xff, 0xa4, 0x3, 0xf8, 0xe3,
    0x3b, 0xfd, 0xd6, 0xe2, 0x1, 0x80,

    /* U+1EC6 "Ệ" */
    0x0, 0xfe, 0x20, 0xf, 0xfe, 0x30, 0xf5, 0x80,
    0x7f, 0xf1, 0x7, 0x7f, 0xd4, 0x1, 0xff, 0xc3,
    0xcf, 0xfd, 0x20, 0x1f, 0xfc, 0x1c, 0xff, 0x3d,
    0xff, 0xa0, 0x3, 0xfe, 0xbf, 0xf4, 0x80, 0x33,
    0xfc, 0xc0, 0x1f, 0xd5, 0xfe, 0xa0, 0x8, 0x77,
    0xfc, 0xa0, 0x1f, 0x14, 0x41, 0xc0, 0x38, 0xa2,
    0xe, 0x1, 0xff, 0xe0, 0xdf, 0xff, 0xfe, 0x34,
    0x6f, 0xff, 0xff, 0x1a, 0x37, 0xff, 0xff, 0x8d,
    0x1b, 0xff, 0x76, 0xef, 0xff, 0x9, 0xb7, 0xfe,
    0x70, 0xf, 0xfe, 0x1e, 0xff, 0xce, 0x1, 0xff,
    0xc3, 0xdf, 0xf9, 0xc0, 0x3f, 0xf8, 0x7b, 0xff,
    0x38, 0x7, 0xff, 0xf, 0x7f, 0xe7, 0x0, 0xff,
    0xe1, 0xef, 0xfc, 0xe0, 0x1f, 0xfc, 0x3d, 0xff,
    0x9c, 0x3, 0xff, 0x87, 0xbf, 0xf3, 0x80, 0x7f,
    0xf0, 0xf7, 0xfe, 0xed, 0xdf, 0xfe, 0x9, 0x86,
    0xff, 0xff, 0xf1, 0x50, 0x37, 0xff, 0xff, 0x8a,
    0x81, 0xbf, 0xff, 0xfc, 0x54, 0xd, 0xff, 0x9c,
    0x3, 0xff, 0x87, 0xbf, 0xf3, 0x80, 0x7f, 0xf0,
    0xf7, 0xfe, 0x70, 0xf, 0xfe, 0x1e, 0xff, 0xce,
    0x1, 0xff, 0xc3, 0xdf, 0xf9, 0xc0, 0x3f, 0xf8,
    0x7b, 0xff, 0x38, 0x7, 0xff, 0xf, 0x7f, 0xe7,
    0x0, 0xff, 0xe1, 0xef, 0xfc, 0xe0, 0x1f, 0xfc,
    0x3d, 0xff, 0x9c, 0x3, 0xff, 0x87, 0xbf, 0xf7,
    0x6e, 0xff, 0xf0, 0x9b, 0x7f, 0xff, 0xf8, 0xd1,
    0xbf, 0xff, 0xfc, 0x68, 0xdf, 0xff, 0xfe, 0x34,
    0x0, 0x7f, 0xfd, 0xe3, 0xff, 0x10, 0x7, 0xff,
    0xa, 0x3f, 0xf1, 0x0, 0x7f, 0xf0, 0xa3, 0xff,
    0x10, 0x7, 0xff, 0xa, 0x3f, 0xf1, 0x0, 0x7f,
    0xf0, 0x92, 0x23, 0x8, 0x7, 0xc0,

    /* U+1EC7 "ệ" */
    0x0, 0xfe, 0x1a, 0x0, 0xff, 0xe3, 0x67, 0xe0,
    0x7, 0xff, 0x13, 0x3f, 0xeb, 0x0, 0xff, 0xe1,
    0x5f, 0xfb, 0x7f, 0xd4, 0x1, 0xff, 0xc0, 0xaf,
    0xf5, 0x5, 0x7f, 0xa4, 0x3, 0xfd, 0x3f, 0xeb,
    0x0, 0xb3, 0xfd, 0x0, 0x1f, 0x9f, 0xfd, 0x80,
    0x1d, 0xbf, 0xe6, 0x0, 0xff, 0xf2, 0x9c, 0x67,
    0x7f, 0x64, 0x18, 0x7, 0xf0, 0xd7, 0xff, 0xf5,
    0x8, 0x7, 0x8b, 0xbf, 0xff, 0xed, 0x10, 0xe,
    0xdf, 0xfd, 0xb0, 0xf1, 0x9f, 0xfb, 0x0, 0x34,
    0x7f, 0xe5, 0x0, 0xe3, 0xef, 0xf9, 0x80, 0x3,
    0xff, 0x90, 0x3, 0xe3, 0xff, 0xb4, 0x0, 0xff,
    0xf5, 0x0, 0x7f, 0x4f, 0xfc, 0x61, 0x7f, 0xf2,
    0x0, 0x7f, 0x27, 0xfc, 0xe1, 0xdf, 0xf0, 0x80,
    0x7f, 0x1f, 0xfd, 0x41, 0xff, 0xff, 0xc6, 0xb1,
    0xff, 0xff, 0xe3, 0x60, 0x7f, 0xff, 0xf1, 0xac,
    0x3f, 0xf0, 0x80, 0x7f, 0xf0, 0xf3, 0xfe, 0x30,
    0xf, 0xfe, 0x1b, 0xff, 0xd4, 0x1, 0xff, 0xc3,
    0x1f, 0xfc, 0xa0, 0x1f, 0x86, 0x84, 0x3, 0x4f,
    0xfe, 0x81, 0x0, 0xc2, 0xfd, 0xfc, 0x40, 0x1b,
    0xbf, 0xfb, 0x6e, 0xdb, 0xff, 0xda, 0x1, 0x8b,
    0xbf, 0xff, 0xf8, 0x1a, 0x40, 0x1c, 0x35, 0xff,
    0xfe, 0x90, 0xf, 0xe3, 0x8c, 0xef, 0xf7, 0x5b,
    0x88, 0x7, 0xff, 0xa1, 0x22, 0x30, 0x7, 0xff,
    0xe, 0x3f, 0xf0, 0x80, 0x7f, 0xf0, 0xa3, 0xff,
    0x8, 0x7, 0xff, 0xa, 0x3f, 0xf0, 0x80, 0x7f,
    0xf0, 0xa3, 0xff, 0x8, 0x7, 0x80,

    /* U+1EC8 "Ỉ" */
    0x4f, 0xf6, 0xc9, 0x80, 0x13, 0xff, 0xa8, 0x5,
    0x5a, 0xbf, 0xe8, 0x0, 0xc5, 0xfe, 0xe0, 0xe,
    0xff, 0x68, 0x4, 0x75, 0xfe, 0x80, 0x6, 0x7f,
    0xd0, 0x1, 0x33, 0xa0, 0x7, 0xff, 0x3, 0x7f,
    0xe7, 0x0, 0xb7, 0xfe, 0x70, 0xb, 0x7f, 0xe7,
    0x0, 0xb7, 0xfe, 0x70, 0xb, 0x7f, 0xe7, 0x0,
    0xb7, 0xfe, 0x70, 0xb, 0x7f, 0xe7, 0x0, 0xb7,
    0xfe, 0x70, 0xb, 0x7f, 0xe7, 0x0, 0xb7, 0xfe,
    0x70, 0xb, 0x7f, 0xe7, 0x0, 0xb7, 0xfe, 0x70,
    0xb, 0x7f, 0xe7, 0x0, 0xb7, 0xfe, 0x70, 0xb,
    0x7f, 0xe7, 0x0, 0xb7, 0xfe, 0x70, 0xb, 0x7f,
    0xe7, 0x0, 0xb7, 0xfe, 0x70, 0xb, 0x7f, 0xe7,
    0x0, 0xb7, 0xfe, 0x70, 0xb, 0x7f, 0xe7, 0x0,
    0xb7, 0xfe, 0x70, 0xb, 0x7f, 0xe7, 0x0, 0xb7,
    0xfe, 0x70, 0xb, 0x7f, 0xe7, 0x0, 0xb7, 0xfe,
    0x70, 0xb, 0x7f, 0xe7, 0x0, 0xb7, 0xfe, 0x70,
    0xb, 0x7f, 0xe7, 0x0, 0x0,

    /* U+1EC9 "ỉ" */
    0xbf, 0xec, 0x81, 0x0, 0x5f, 0xff, 0x30, 0x23,
    0x3d, 0xff, 0xc6, 0x1, 0xa3, 0xfc, 0xe0, 0x1a,
    0xbf, 0xc8, 0x5, 0x3b, 0xfe, 0xa0, 0x1, 0xfe,
    0xca, 0x0, 0x7f, 0x8f, 0xff, 0x0, 0x47, 0xff,
    0x80, 0x23, 0xff, 0xc0, 0x11, 0xff, 0xe0, 0x8,
    0xff, 0xf0, 0x4, 0x7f, 0xf8, 0x2, 0x3f, 0xfc,
    0x1, 0x1f, 0xfe, 0x0, 0x8f, 0xff, 0x0, 0x47,
    0xff, 0x80, 0x23, 0xff, 0xc0, 0x11, 0xff, 0xe0,
    0x8, 0xff, 0xf0, 0x4, 0x7f, 0xf8, 0x2, 0x3f,
    0xfc, 0x1, 0x1f, 0xfe, 0x0, 0x8f, 0xff, 0x0,
    0x47, 0xff, 0x80, 0x23, 0xff, 0xc0, 0x11, 0xff,
    0xe0, 0x8, 0xff, 0xf0, 0x4,

    /* U+1ECA "Ị" */
    0xd, 0xff, 0x9c, 0x37, 0xfe, 0x70, 0xdf, 0xf9,
    0xc3, 0x7f, 0xe7, 0xd, 0xff, 0x9c, 0x37, 0xfe,
    0x70, 0xdf, 0xf9, 0xc3, 0x7f, 0xe7, 0xd, 0xff,
    0x9c, 0x37, 0xfe, 0x70, 0xdf, 0xf9, 0xc3, 0x7f,
    0xe7, 0xd, 0xff, 0x9c, 0x37, 0xfe, 0x70, 0xdf,
    0xf9, 0xc3, 0x7f, 0xe7, 0xd, 0xff, 0x9c, 0x37,
    0xfe, 0x70, 0xdf, 0xf9, 0xc3, 0x7f, 0xe7, 0xd,
    0xff, 0x9c, 0x37, 0xfe, 0x70, 0xdf, 0xf9, 0xc3,
    0x7f, 0xe7, 0xd, 0xff, 0x9c, 0x37, 0xfe, 0x70,
    0xdf, 0xf9, 0xc3, 0x7f, 0xe7, 0xd, 0xff, 0x9c,
    0x3, 0xff, 0x8f, 0xff, 0xa8, 0x3f, 0xf5, 0x7,
    0xfe, 0xa0, 0xff, 0xd4, 0x11, 0x19, 0x40,

    /* U+1ECB "ị" */
    0x7f, 0xfc, 0x6f, 0xff, 0x8d, 0xff, 0xf1, 0xbf,
    0xfe, 0x37, 0xff, 0xc4, 0x1, 0xff, 0xc6, 0x3f,
    0xfc, 0x7, 0xff, 0x80, 0xff, 0xf0, 0x1f, 0xfe,
    0x3, 0xff, 0xc0, 0x7f, 0xf8, 0xf, 0xff, 0x1,
    0xff, 0xe0, 0x3f, 0xfc, 0x7, 0xff, 0x80, 0xff,
    0xf0, 0x1f, 0xfe, 0x3, 0xff, 0xc0, 0x7f, 0xf8,
    0xf, 0xff, 0x1, 0xff, 0xe0, 0x3f, 0xfc, 0x7,
    0xff, 0x80, 0xff, 0xf0, 0x1f, 0xfe, 0x3, 0xff,
    0xc0, 0x1f, 0xfc, 0x77, 0xff, 0xc6, 0xff, 0xf8,
    0xdf, 0xff, 0x1b, 0xff, 0xe3, 0x34, 0x46, 0x10,

    /* U+1ECC "Ọ" */
    0x0, 0xfe, 0x16, 0xad, 0xef, 0xf7, 0x5c, 0x18,
    0x7, 0xff, 0x10, 0xab, 0xff, 0xfe, 0xd5, 0x0,
    0xff, 0xe0, 0xbf, 0xff, 0xff, 0xe, 0xc4, 0x3,
    0xfd, 0x5f, 0xff, 0xfc, 0x5e, 0x20, 0xf, 0xd5,
    0xff, 0xdd, 0x8, 0x23, 0x1b, 0x67, 0xff, 0x70,
    0x80, 0x79, 0xbf, 0xf9, 0xc0, 0x3f, 0x93, 0xbf,
    0xf6, 0x0, 0x70, 0xff, 0xf1, 0x80, 0x7f, 0xc3,
    0xbf, 0xf9, 0x80, 0x34, 0xff, 0xe5, 0x0, 0xff,
    0xe0, 0x8f, 0x7f, 0xdc, 0x1, 0xbf, 0xf5, 0x0,
    0x7f, 0xf0, 0xdb, 0xff, 0x28, 0x1, 0x7f, 0xf1,
    0x80, 0x7f, 0xf1, 0x3b, 0xfe, 0xb0, 0x4, 0xff,
    0xda, 0x1, 0xff, 0xc5, 0x8f, 0xfc, 0x0, 0xcf,
    0xfa, 0x0, 0x3f, 0xf8, 0xa7, 0xff, 0x88, 0x3b,
    0xfe, 0x60, 0xf, 0xfe, 0x28, 0xff, 0xe4, 0xf,
    0xfc, 0x80, 0x1f, 0xfc, 0x6f, 0xfc, 0xa1, 0xff,
    0x8c, 0x3, 0xff, 0x8d, 0xdf, 0xf3, 0x7, 0xfe,
    0x40, 0xf, 0xfe, 0x37, 0x7f, 0xcc, 0x1f, 0xf9,
    0x40, 0x3f, 0xf8, 0xdf, 0xf9, 0x43, 0x7f, 0xe7,
    0x0, 0xff, 0xe2, 0x97, 0xfe, 0x30, 0xbf, 0xfa,
    0x80, 0x3f, 0xf8, 0xad, 0xff, 0x84, 0x1f, 0xff,
    0x0, 0x7f, 0xf1, 0x6f, 0xfe, 0xd0, 0x1, 0x7f,
    0xe6, 0x0, 0xff, 0xe1, 0x97, 0xfe, 0x80, 0xb,
    0x3f, 0xee, 0x10, 0xf, 0xfe, 0x15, 0xff, 0xe2,
    0x0, 0x97, 0xff, 0x58, 0x7, 0xff, 0x5, 0xff,
    0xf5, 0x0, 0x75, 0xff, 0xeb, 0x10, 0xf, 0xf4,
    0x7f, 0xf0, 0x80, 0x71, 0x77, 0xfe, 0xe6, 0x0,
    0xf9, 0x33, 0xff, 0x98, 0x3, 0xe4, 0xff, 0xfb,
    0x2a, 0x65, 0x7d, 0xff, 0xe8, 0x0, 0xfe, 0x3e,
    0xff, 0xff, 0xe2, 0x38, 0x7, 0xfc, 0x35, 0xff,
    0xff, 0xc1, 0xd3, 0x0, 0xff, 0xe1, 0x1c, 0xf7,
    0xff, 0xeb, 0x50, 0xf, 0xfe, 0x39, 0x2b, 0xbc,
    0xc6, 0x1, 0xff, 0xe8, 0x58, 0x89, 0xc0, 0x3f,
    0xf9, 0x97, 0xff, 0x80, 0x3f, 0xf9, 0x97, 0xff,
    0x80, 0x3f, 0xf9, 0x97, 0xff, 0x80, 0x3f, 0xf9,
    0x97, 0xff, 0x80, 0x3f, 0xf8, 0x0,

    /* U+1ECD "ọ" */
    0x0, 0xf9, 0xaf, 0xbf, 0xdd, 0x6e, 0x20, 0x1f,
    0xf3, 0x77, 0xff, 0xf4, 0x0, 0x7f, 0x57, 0xff,
    0xff, 0x3, 0x4, 0x3, 0xd7, 0xff, 0xd9, 0x54,
    0xcf, 0xfe, 0xc0, 0xe, 0x7f, 0xfd, 0x64, 0x1,
    0x86, 0x7f, 0xf4, 0x80, 0x43, 0xff, 0xa8, 0x3,
    0xf4, 0x7f, 0xe2, 0x0, 0x3f, 0xfd, 0xc0, 0x1f,
    0xec, 0xff, 0xa4, 0x1, 0x7f, 0xf4, 0x0, 0x7f,
    0x97, 0xfe, 0xe0, 0x7, 0xfe, 0x30, 0xf, 0xf0,
    0xff, 0xe1, 0xf, 0xfc, 0x20, 0x1f, 0xf7, 0xfe,
    0x31, 0xff, 0xc0, 0x1f, 0xfc, 0xe, 0xff, 0x90,
    0x3f, 0xf0, 0x80, 0x7f, 0xdf, 0xf8, 0xc3, 0xbf,
    0xe3, 0x0, 0xff, 0xf, 0xfe, 0x10, 0xbf, 0xfa,
    0x0, 0x3f, 0xcd, 0xff, 0x70, 0x1, 0xbf, 0xee,
    0x10, 0xf, 0xed, 0xff, 0xa0, 0x2, 0xef, 0xfa,
    0x80, 0x3f, 0x4f, 0xfe, 0x20, 0x9, 0xbf, 0xf5,
    0x98, 0x6, 0x2a, 0xff, 0xce, 0x1, 0xd5, 0xff,
    0xdb, 0x76, 0xdf, 0xfe, 0xb0, 0xf, 0xab, 0xff,
    0xff, 0x81, 0x40, 0x1f, 0xcd, 0xdf, 0xff, 0xce,
    0x1, 0xff, 0xc0, 0x6b, 0xef, 0xf7, 0x5b, 0x88,
    0x7, 0xff, 0xb8, 0xa2, 0x31, 0x80, 0x7f, 0xf1,
    0x13, 0xff, 0x30, 0x7, 0xff, 0x11, 0x3f, 0xf3,
    0x0, 0x7f, 0xf1, 0x13, 0xff, 0x30, 0x7, 0xff,
    0x11, 0x3f, 0xf3, 0x0, 0x7e,

    /* U+1ECE "Ỏ" */
    0x0, 0xff, 0xe0, 0x77, 0xed, 0x28, 0x7, 0xff,
    0x33, 0xff, 0xb4, 0x40, 0x3f, 0xf9, 0x4a, 0xd3,
    0xdf, 0xec, 0x0, 0xff, 0xe7, 0x6f, 0xf8, 0x80,
    0x3f, 0xf9, 0xb5, 0xfe, 0x30, 0xf, 0xfe, 0x61,
    0x77, 0xf8, 0x3, 0xff, 0x96, 0xb9, 0xff, 0x28,
    0x7, 0xff, 0x2d, 0xb6, 0x9c, 0x40, 0x3f, 0xfc,
    0xa2, 0xd5, 0xbd, 0xfe, 0xeb, 0x83, 0x0, 0xff,
    0xe2, 0x15, 0x7f, 0xff, 0xda, 0xa0, 0x1f, 0xfc,
    0x17, 0xff, 0xff, 0xe1, 0xd8, 0x80, 0x7f, 0xab,
    0xff, 0xff, 0x8b, 0xc4, 0x1, 0xfa, 0xbf, 0xfb,
    0xa1, 0x4, 0x63, 0x6c, 0xff, 0xee, 0x10, 0xf,
    0x37, 0xff, 0x38, 0x7, 0xf2, 0x77, 0xfe, 0xc0,
    0xe, 0x1f, 0xfe, 0x30, 0xf, 0xf8, 0x77, 0xff,
    0x30, 0x6, 0x9f, 0xfc, 0xa0, 0x1f, 0xfc, 0x11,
    0xef, 0xfb, 0x80, 0x37, 0xfe, 0xa0, 0xf, 0xfe,
    0x1b, 0x7f, 0xe5, 0x0, 0x2f, 0xfe, 0x30, 0xf,
    0xfe, 0x27, 0x7f, 0xd6, 0x0, 0x9f, 0xfb, 0x40,
    0x3f, 0xf8, 0xb1, 0xff, 0x80, 0x19, 0xff, 0x40,
    0x7, 0xff, 0x14, 0xff, 0xf1, 0x7, 0x7f, 0xcc,
    0x1, 0xff, 0xc5, 0x1f, 0xfc, 0x81, 0xff, 0x90,
    0x3, 0xff, 0x8d, 0xff, 0x94, 0x3f, 0xf1, 0x80,
    0x7f, 0xf1, 0xbb, 0xfe, 0x60, 0xff, 0xc8, 0x1,
    0xff, 0xc6, 0xef, 0xf9, 0x83, 0xff, 0x28, 0x7,
    0xff, 0x1b, 0xff, 0x28, 0x6f, 0xfc, 0xe0, 0x1f,
    0xfc, 0x52, 0xff, 0xc6, 0x17, 0xff, 0x50, 0x7,
    0xff, 0x15, 0xbf, 0xf0, 0x83, 0xff, 0xe0, 0xf,
    0xfe, 0x2d, 0xff, 0xda, 0x0, 0x2f, 0xfc, 0xc0,
    0x1f, 0xfc, 0x32, 0xff, 0xd0, 0x1, 0x67, 0xfd,
    0xc2, 0x1, 0xff, 0xc2, 0xbf, 0xfc, 0x40, 0x12,
    0xff, 0xeb, 0x0, 0xff, 0xe0, 0xbf, 0xfe, 0xa0,
    0xe, 0xbf, 0xfd, 0x62, 0x1, 0xfe, 0x8f, 0xfe,
    0x10, 0xe, 0x2e, 0xff, 0xdc, 0xc0, 0x1f, 0x26,
    0x7f, 0xf3, 0x0, 0x7c, 0x9f, 0xff, 0x65, 0x4c,
    0xaf, 0xbf, 0xfd, 0x0, 0x1f, 0xc7, 0xdf, 0xff,
    0xfc, 0x47, 0x0, 0xff, 0x86, 0xbf, 0xff, 0xf8,
    0x3a, 0x60, 0x1f, 0xfc, 0x23, 0x9e, 0xff, 0xfd,
    0x6a, 0x1, 0xff, 0xc7, 0x25, 0x77, 0x98, 0xc0,
    0x3f, 0xe0,

    /* U+1ECF "ỏ" */
    0x0, 0xfd, 0x1f, 0xd9, 0x4, 0x1, 0xff, 0xc4,
    0x8f, 0xfe, 0x90, 0xf, 0xfe, 0x19, 0x2b, 0xdf,
    0xfc, 0xc0, 0x1f, 0xfc, 0x66, 0xff, 0x50, 0x7,
    0xff, 0x19, 0x7f, 0xd2, 0x1, 0xff, 0xc4, 0x59,
    0xff, 0x71, 0x0, 0x7f, 0xf1, 0x3f, 0xdb, 0x2,
    0x1, 0xff, 0xc5, 0x30, 0xf, 0xfe, 0x33, 0x5f,
    0x7f, 0xba, 0xdc, 0x40, 0x3f, 0xe6, 0xef, 0xff,
    0xe8, 0x0, 0xfe, 0xaf, 0xff, 0xfe, 0x6, 0x8,
    0x7, 0xaf, 0xff, 0xb2, 0xa9, 0x9f, 0xfd, 0x80,
    0x1c, 0xff, 0xfa, 0xc8, 0x3, 0xc, 0xff, 0xe9,
    0x0, 0x87, 0xff, 0x50, 0x7, 0xe8, 0xff, 0xc4,
    0x0, 0x7f, 0xfb, 0x80, 0x3f, 0xd9, 0xff, 0x48,
    0x2, 0xff, 0xe8, 0x0, 0xff, 0x2f, 0xfd, 0xc0,
    0xf, 0xfc, 0x60, 0x1f, 0xe1, 0xff, 0xc2, 0x1f,
    0xf8, 0x40, 0x3f, 0xef, 0xfc, 0x63, 0xff, 0x80,
    0x3f, 0xf8, 0x1d, 0xff, 0x20, 0x7f, 0xe1, 0x0,
    0xff, 0xbf, 0xf1, 0x87, 0x7f, 0xc6, 0x1, 0xfe,
    0x1f, 0xfc, 0x21, 0x7f, 0xf4, 0x0, 0x7f, 0x9b,
    0xfe, 0xe0, 0x3, 0x7f, 0xdc, 0x20, 0x1f, 0xdb,
    0xff, 0x40, 0x5, 0xdf, 0xf5, 0x0, 0x7e, 0x9f,
    0xfc, 0x40, 0x13, 0x7f, 0xeb, 0x30, 0xc, 0x55,
    0xff, 0x9c, 0x3, 0xab, 0xff, 0xb6, 0xed, 0xbf,
    0xfd, 0x60, 0x1f, 0x57, 0xff, 0xff, 0x2, 0x80,
    0x3f, 0x9b, 0xbf, 0xff, 0x9c, 0x3, 0xff, 0x80,
    0xd7, 0xdf, 0xee, 0xb7, 0x10, 0xf, 0x0,

    /* U+1ED0 "Ố" */
    0x0, 0xff, 0xf2, 0xcf, 0xfa, 0xc0, 0x3f, 0xf9,
    0x83, 0xfe, 0xe1, 0x0, 0xff, 0xe6, 0x4f, 0xf9,
    0x40, 0x3f, 0xf9, 0x85, 0xfe, 0xa0, 0xf, 0xfe,
    0x4c, 0x10, 0x2, 0xbf, 0x84, 0x3, 0xff, 0x91,
    0x7f, 0xc6, 0x11, 0x28, 0x1, 0xff, 0xc7, 0x1c,
    0xff, 0xc8, 0x1, 0xff, 0xc9, 0x2d, 0xff, 0x26,
    0x7f, 0x94, 0x3, 0xff, 0x8e, 0x7d, 0xfc, 0x60,
    0xc, 0xff, 0x38, 0x7, 0xff, 0x15, 0x3f, 0xdc,
    0x60, 0x1a, 0xff, 0xd0, 0x1, 0xff, 0xff, 0x16,
    0xad, 0xef, 0xf7, 0x5c, 0x18, 0x7, 0xff, 0x10,
    0xab, 0xff, 0xfe, 0xd5, 0x0, 0xff, 0xe0, 0xbf,
    0xff, 0xff, 0xe, 0xc4, 0x3, 0xfd, 0x5f, 0xff,
    0xfc, 0x5e, 0x20, 0xf, 0xd5, 0xff, 0xdd, 0x8,
    0x23, 0x1b, 0x67, 0xff, 0x70, 0x80, 0x79, 0xbf,
    0xf9, 0xc0, 0x3f, 0x93, 0xbf, 0xf6, 0x0, 0x70,
    0xff, 0xf1, 0x80, 0x7f, 0xc3, 0xbf, 0xf9, 0x80,
    0x34, 0xff, 0xe5, 0x0, 0xff, 0xe0, 0x8f, 0x7f,
    0xdc, 0x1, 0xbf, 0xf5, 0x0, 0x7f, 0xf0, 0xdb,
    0xff, 0x28, 0x1, 0x7f, 0xf1, 0x80, 0x7f, 0xf1,
    0x3b, 0xfe, 0xb0, 0x4, 0xff, 0xda, 0x1, 0xff,
    0xc5, 0x8f, 0xfc, 0x0, 0xcf, 0xfa, 0x0, 0x3f,
    0xf8, 0xa7, 0xff, 0x88, 0x3b, 0xfe, 0x60, 0xf,
    0xfe, 0x28, 0xff, 0xe4, 0xf, 0xfc, 0x80, 0x1f,
    0xfc, 0x6f, 0xfc, 0xa1, 0xff, 0x8c, 0x3, 0xff,
    0x8d, 0xdf, 0xf3, 0x7, 0xfe, 0x40, 0xf, 0xfe,
    0x37, 0x7f, 0xcc, 0x1f, 0xf9, 0x40, 0x3f, 0xf8,
    0xdf, 0xf9, 0x43, 0x7f, 0xe7, 0x0, 0xff, 0xe2,
    0x97, 0xfe, 0x30, 0xbf, 0xfa, 0x80, 0x3f, 0xf8,
    0xad, 0xff, 0x84, 0x1f, 0xff, 0x0, 0x7f, 0xf1,
    0x6f, 0xfe, 0xd0, 0x1, 0x7f, 0xe6, 0x0, 0xff,
    0xe1, 0x97, 0xfe, 0x80, 0xb, 0x3f, 0xee, 0x10,
    0xf, 0xfe, 0x15, 0xff, 0xe2, 0x0, 0x97, 0xff,
    0x58, 0x7, 0xff, 0x5, 0xff, 0xf5, 0x0, 0x75,
    0xff, 0xeb, 0x10, 0xf, 0xf4, 0x7f, 0xf0, 0x80,
    0x71, 0x77, 0xfe, 0xe6, 0x0, 0xf9, 0x33, 0xff,
    0x98, 0x3, 0xe4, 0xff, 0xfb, 0x2a, 0x65, 0x7d,
    0xff, 0xe8, 0x0, 0xfe, 0x3e, 0xff, 0xff, 0xe2,
    0x38, 0x7, 0xfc, 0x35, 0xff, 0xff, 0xc1, 0xd3,
    0x0, 0xff, 0xe1, 0x1c, 0xf7, 0xff, 0xeb, 0x50,
    0xf, 0xfe, 0x39, 0x2b, 0xbc, 0xc6, 0x1, 0xff,
    0x0,

    /* U+1ED1 "ố" */
    0x0, 0xff, 0xe2, 0x17, 0xfc, 0x40, 0x1f, 0xfc,
    0x5a, 0xff, 0x38, 0x7, 0xff, 0x14, 0xbf, 0xd8,
    0x1, 0xff, 0xc2, 0x20, 0xa, 0xff, 0xc4, 0x1,
    0xff, 0xc1, 0xce, 0x20, 0x3f, 0xf3, 0x80, 0x7f,
    0xf0, 0x73, 0xfd, 0xc4, 0xb3, 0x0, 0x1f, 0xfc,
    0x1c, 0xff, 0xdc, 0x40, 0x1f, 0xfc, 0x2c, 0xff,
    0x53, 0xff, 0xb8, 0x80, 0x3f, 0xf8, 0x19, 0xfe,
    0x90, 0x3, 0x7f, 0xb8, 0x80, 0x3f, 0xd9, 0xfe,
    0x80, 0xc, 0xdf, 0xee, 0x20, 0xf, 0xff, 0x5b,
    0x5f, 0x7f, 0xba, 0xdc, 0x40, 0x3f, 0xe6, 0xef,
    0xff, 0xe8, 0x0, 0xfe, 0xaf, 0xff, 0xfe, 0x6,
    0x8, 0x7, 0xaf, 0xff, 0xb2, 0xa9, 0x9f, 0xfd,
    0x80, 0x1c, 0xff, 0xfa, 0xc8, 0x3, 0xc, 0xff,
    0xe9, 0x0, 0x87, 0xff, 0x50, 0x7, 0xe8, 0xff,
    0xc4, 0x0, 0x7f, 0xfb, 0x80, 0x3f, 0xd9, 0xff,
    0x48, 0x2, 0xff, 0xe8, 0x0, 0xff, 0x2f, 0xfd,
    0xc0, 0xf, 0xfc, 0x60, 0x1f, 0xe1, 0xff, 0xc2,
    0x1f, 0xf8, 0x40, 0x3f, 0xef, 0xfc, 0x63, 0xff,
    0x80, 0x3f, 0xf8, 0x1d, 0xff, 0x20, 0x7f, 0xe1,
    0x0, 0xff, 0xbf, 0xf1, 0x87, 0x7f, 0xc6, 0x1,
    0xfe, 0x1f, 0xfc, 0x21, 0x7f, 0xf4, 0x0, 0x7f,
    0x9b, 0xfe, 0xe0, 0x3, 0x7f, 0xdc, 0x20, 0x1f,
    0xdb, 0xff, 0x40, 0x5, 0xdf, 0xf5, 0x0, 0x7e,
    0x9f, 0xfc, 0x40, 0x13, 0x7f, 0xeb, 0x30, 0xc,
    0x55, 0xff, 0x9c, 0x3, 0xab, 0xff, 0xb6, 0xed,
    0xbf, 0xfd, 0x60, 0x1f, 0x57, 0xff, 0xff, 0x2,
    0x80, 0x3f, 0x9b, 0xbf, 0xff, 0x9c, 0x3, 0xff,
    0x80, 0xd7, 0xdf, 0xee, 0xb7, 0x10, 0xf, 0x0,

    /* U+1ED2 "Ồ" */
    0x0, 0xff, 0xf0, 0xdf, 0xfa, 0x40, 0x3f, 0xf9,
    0xa3, 0xff, 0x8, 0x7, 0xff, 0x35, 0xbf, 0xd2,
    0x1, 0xff, 0xce, 0xbf, 0xf1, 0x0, 0x7f, 0xf2,
    0x60, 0x80, 0x3, 0xfe, 0xa0, 0xf, 0xfe, 0x45,
    0xff, 0x18, 0x1, 0x26, 0x0, 0x3f, 0xf8, 0xc3,
    0x9f, 0xf9, 0x0, 0x3f, 0xf9, 0x25, 0xbf, 0xe4,
    0xcf, 0xf2, 0x80, 0x7f, 0xf1, 0xcf, 0xbf, 0xc6,
    0x0, 0xcf, 0xf3, 0x80, 0x7f, 0xf1, 0x53, 0xfd,
    0xc6, 0x1, 0xaf, 0xfd, 0x0, 0x1f, 0xff, 0xf1,
    0x6a, 0xde, 0xff, 0x75, 0xc1, 0x80, 0x7f, 0xf1,
    0xa, 0xbf, 0xff, 0xed, 0x50, 0xf, 0xfe, 0xb,
    0xff, 0xff, 0xf0, 0xec, 0x40, 0x3f, 0xd5, 0xff,
    0xff, 0xc5, 0xe2, 0x0, 0xfd, 0x5f, 0xfd, 0xd0,
    0x82, 0x31, 0xb6, 0x7f, 0xf7, 0x8, 0x7, 0x9b,
    0xff, 0x9c, 0x3, 0xf9, 0x3b, 0xff, 0x60, 0x7,
    0xf, 0xff, 0x18, 0x7, 0xfc, 0x3b, 0xff, 0x98,
    0x3, 0x4f, 0xfe, 0x50, 0xf, 0xfe, 0x8, 0xf7,
    0xfd, 0xc0, 0x1b, 0xff, 0x50, 0x7, 0xff, 0xd,
    0xbf, 0xf2, 0x80, 0x17, 0xff, 0x18, 0x7, 0xff,
    0x13, 0xbf, 0xeb, 0x0, 0x4f, 0xfd, 0xa0, 0x1f,
    0xfc, 0x58, 0xff, 0xc0, 0xc, 0xff, 0xa0, 0x3,
    0xff, 0x8a, 0x7f, 0xf8, 0x83, 0xbf, 0xe6, 0x0,
    0xff, 0xe2, 0x8f, 0xfe, 0x40, 0xff, 0xc8, 0x1,
    0xff, 0xc6, 0xff, 0xca, 0x1f, 0xf8, 0xc0, 0x3f,
    0xf8, 0xdd, 0xff, 0x30, 0x7f, 0xe4, 0x0, 0xff,
    0xe3, 0x77, 0xfc, 0xc1, 0xff, 0x94, 0x3, 0xff,
    0x8d, 0xff, 0x94, 0x37, 0xfe, 0x70, 0xf, 0xfe,
    0x29, 0x7f, 0xe3, 0xb, 0xff, 0xa8, 0x3, 0xff,
    0x8a, 0xdf, 0xf8, 0x41, 0xff, 0xf0, 0x7, 0xff,
    0x16, 0xff, 0xed, 0x0, 0x17, 0xfe, 0x60, 0xf,
    0xfe, 0x19, 0x7f, 0xe8, 0x0, 0xb3, 0xfe, 0xe1,
    0x0, 0xff, 0xe1, 0x5f, 0xfe, 0x20, 0x9, 0x7f,
    0xf5, 0x80, 0x7f, 0xf0, 0x5f, 0xff, 0x50, 0x7,
    0x5f, 0xfe, 0xb1, 0x0, 0xff, 0x47, 0xff, 0x8,
    0x7, 0x17, 0x7f, 0xee, 0x60, 0xf, 0x93, 0x3f,
    0xf9, 0x80, 0x3e, 0x4f, 0xff, 0xb2, 0xa6, 0x57,
    0xdf, 0xfe, 0x80, 0xf, 0xe3, 0xef, 0xff, 0xfe,
    0x23, 0x80, 0x7f, 0xc3, 0x5f, 0xff, 0xfc, 0x1d,
    0x30, 0xf, 0xfe, 0x11, 0xcf, 0x7f, 0xfe, 0xb5,
    0x0, 0xff, 0xe3, 0x92, 0xbb, 0xcc, 0x60, 0x1f,
    0xf0,

    /* U+1ED3 "ồ" */
    0x0, 0xff, 0xe0, 0x2f, 0xfb, 0x80, 0x3f, 0xf8,
    0xf5, 0xfe, 0x70, 0xf, 0xfe, 0x30, 0xf7, 0xf8,
    0x40, 0x3f, 0xf8, 0x64, 0x0, 0x5f, 0xf4, 0x0,
    0x7f, 0xf0, 0xb3, 0x88, 0x1, 0x5f, 0xe1, 0x0,
    0xff, 0xe0, 0x67, 0xfb, 0x88, 0x6, 0x64, 0x80,
    0x1f, 0xf6, 0x7f, 0xee, 0x20, 0xf, 0xfe, 0x16,
    0x7f, 0xa9, 0xff, 0xdc, 0x40, 0x1f, 0xfc, 0xc,
    0xff, 0x48, 0x1, 0xbf, 0xdc, 0x40, 0x1f, 0xec,
    0xff, 0x48, 0x6, 0x6f, 0xf7, 0x10, 0x7, 0xff,
    0xad, 0xaf, 0xbf, 0xdd, 0x6e, 0x20, 0x1f, 0xf3,
    0x77, 0xff, 0xf4, 0x0, 0x7f, 0x57, 0xff, 0xff,
    0x3, 0x4, 0x3, 0xd7, 0xff, 0xd9, 0x54, 0xcf,
    0xfe, 0xc0, 0xe, 0x7f, 0xfd, 0x64, 0x1, 0x86,
    0x7f, 0xf4, 0x80, 0x43, 0xff, 0xa8, 0x3, 0xf4,
    0x7f, 0xe2, 0x0, 0x3f, 0xfd, 0xc0, 0x1f, 0xec,
    0xff, 0xa4, 0x1, 0x7f, 0xf4, 0x0, 0x7f, 0x97,
    0xfe, 0xe0, 0x7, 0xfe, 0x30, 0xf, 0xf0, 0xff,
    0xe1, 0xf, 0xfc, 0x20, 0x1f, 0xf7, 0xfe, 0x31,
    0xff, 0xc0, 0x1f, 0xfc, 0xe, 0xff, 0x90, 0x3f,
    0xf0, 0x80, 0x7f, 0xdf, 0xf8, 0xc3, 0xbf, 0xe3,
    0x0, 0xff, 0xf, 0xfe, 0x10, 0xbf, 0xfa, 0x0,
    0x3f, 0xcd, 0xff, 0x70, 0x1, 0xbf, 0xee, 0x10,
    0xf, 0xed, 0xff, 0xa0, 0x2, 0xef, 0xfa, 0x80,
    0x3f, 0x4f, 0xfe, 0x20, 0x9, 0xbf, 0xf5, 0x98,
    0x6, 0x2a, 0xff, 0xce, 0x1, 0xd5, 0xff, 0xdb,
    0x76, 0xdf, 0xfe, 0xb0, 0xf, 0xab, 0xff, 0xff,
    0x81, 0x40, 0x1f, 0xcd, 0xdf, 0xff, 0xce, 0x1,
    0xff, 0xc0, 0x6b, 0xef, 0xf7, 0x5b, 0x88, 0x7,
    0x80,

    /* U+1ED4 "Ổ" */
    0x0, 0xff, 0xe2, 0x91, 0x0, 0x3f, 0xf9, 0xf7,
    0xfe, 0xd7, 0x0, 0xff, 0xe6, 0x5f, 0xfe, 0xc0,
    0xf, 0xfe, 0x60, 0x9d, 0x7f, 0x94, 0x3, 0xff,
    0x9d, 0xde, 0xe0, 0x1f, 0xfc, 0x76, 0x10, 0xc,
    0x5f, 0xe6, 0x0, 0xff, 0xe3, 0x47, 0xe0, 0x81,
    0x4f, 0xfb, 0x40, 0x3f, 0xf8, 0xd3, 0xff, 0x68,
    0x97, 0xe3, 0x80, 0x7f, 0xf1, 0xa7, 0xfd, 0x5f,
    0xed, 0x10, 0xf, 0xfe, 0x45, 0x7f, 0xa4, 0x13,
    0xfd, 0xa2, 0x1, 0xff, 0xc6, 0xaf, 0xf5, 0x0,
    0x49, 0xfe, 0xe2, 0x0, 0xff, 0xe2, 0x24, 0x41,
    0xc0, 0x39, 0x22, 0xe, 0x1, 0xff, 0xe2, 0x16,
    0xad, 0xef, 0xf7, 0x5c, 0x18, 0x7, 0xff, 0x10,
    0xab, 0xff, 0xfe, 0xd5, 0x0, 0xff, 0xe0, 0xbf,
    0xff, 0xff, 0xe, 0xc4, 0x3, 0xfd, 0x5f, 0xff,
    0xfc, 0x5e, 0x20, 0xf, 0xd5, 0xff, 0xdd, 0x8,
    0x23, 0x1b, 0x67, 0xff, 0x70, 0x80, 0x79, 0xbf,
    0xf9, 0xc0, 0x3f, 0x93, 0xbf, 0xf6, 0x0, 0x70,
    0xff, 0xf1, 0x80, 0x7f, 0xc3, 0xbf, 0xf9, 0x80,
    0x34, 0xff, 0xe5, 0x0, 0xff, 0xe0, 0x8f, 0x7f,
    0xdc, 0x1, 0xbf, 0xf5, 0x0, 0x7f, 0xf0, 0xdb,
    0xff, 0x28, 0x1, 0x7f, 0xf1, 0x80, 0x7f, 0xf1,
    0x3b, 0xfe, 0xb0, 0x4, 0xff, 0xda, 0x1, 0xff,
    0xc5, 0x8f, 0xfc, 0x0, 0xcf, 0xfa, 0x0, 0x3f,
    0xf8, 0xa7, 0xff, 0x88, 0x3b, 0xfe, 0x60, 0xf,
    0xfe, 0x28, 0xff, 0xe4, 0xf, 0xfc, 0x80, 0x1f,
    0xfc, 0x6f, 0xfc, 0xa1, 0xff, 0x8c, 0x3, 0xff,
    0x8d, 0xdf, 0xf3, 0x7, 0xfe, 0x40, 0xf, 0xfe,
    0x37, 0x7f, 0xcc, 0x1f, 0xf9, 0x40, 0x3f, 0xf8,
    0xdf, 0xf9, 0x43, 0x7f, 0xe7, 0x0, 0xff, 0xe2,
    0x97, 0xfe, 0x30, 0xbf, 0xfa, 0x80, 0x3f, 0xf8,
    0xad, 0xff, 0x84, 0x1f, 0xff, 0x0, 0x7f, 0xf1,
    0x6f, 0xfe, 0xd0, 0x1, 0x7f, 0xe6, 0x0, 0xff,
    0xe1, 0x97, 0xfe, 0x80, 0xb, 0x3f, 0xee, 0x10,
    0xf, 0xfe, 0x15, 0xff, 0xe2, 0x0, 0x97, 0xff,
    0x58, 0x7, 0xff, 0x5, 0xff, 0xf5, 0x0, 0x75,
    0xff, 0xeb, 0x10, 0xf, 0xf4, 0x7f, 0xf0, 0x80,
    0x71, 0x77, 0xfe, 0xe6, 0x0, 0xf9, 0x33, 0xff,
    0x98, 0x3, 0xe4, 0xff, 0xfb, 0x2a, 0x65, 0x7d,
    0xff, 0xe8, 0x0, 0xfe, 0x3e, 0xff, 0xff, 0xe2,
    0x38, 0x7, 0xfc, 0x35, 0xff, 0xff, 0xc1, 0xd3,
    0x0, 0xff, 0xe1, 0x1c, 0xf7, 0xff, 0xeb, 0x50,
    0xf, 0xfe, 0x39, 0x2b, 0xbc, 0xc6, 0x1, 0xff,
    0x0,

    /* U+1ED5 "ổ" */
    0x0, 0xff, 0xe0, 0xdf, 0xf5, 0x20, 0x7, 0xff,
    0x16, 0xff, 0xf4, 0x80, 0x7f, 0xf1, 0x9, 0x1b,
    0x3f, 0xc8, 0x1, 0xff, 0xc7, 0xff, 0x38, 0x7,
    0xff, 0x0, 0x48, 0x3, 0xbf, 0xcc, 0x1, 0xff,
    0xe, 0x71, 0x0, 0xbe, 0xff, 0x8, 0x7, 0xfd,
    0x9f, 0xee, 0x22, 0x7f, 0x51, 0x0, 0x7f, 0xd9,
    0xff, 0xb8, 0x48, 0x3, 0xff, 0x83, 0x7f, 0xeb,
    0x8f, 0xf6, 0x88, 0x7, 0xff, 0x2, 0xff, 0xd6,
    0x0, 0x8f, 0xf6, 0x88, 0x7, 0xfa, 0xff, 0xd6,
    0x1, 0x9f, 0xfd, 0xa2, 0x1, 0xfc, 0x45, 0x0,
    0x78, 0x8a, 0x10, 0xf, 0xfe, 0xab, 0x5f, 0x7f,
    0xba, 0xdc, 0x40, 0x3f, 0xe6, 0xef, 0xff, 0xe8,
    0x0, 0xfe, 0xaf, 0xff, 0xfe, 0x6, 0x8, 0x7,
    0xaf, 0xff, 0xb2, 0xa9, 0x9f, 0xfd, 0x80, 0x1c,
    0xff, 0xfa, 0xc8, 0x3, 0xc, 0xff, 0xe9, 0x0,
    0x87, 0xff, 0x50, 0x7, 0xe8, 0xff, 0xc4, 0x0,
    0x7f, 0xfb, 0x80, 0x3f, 0xd9, 0xff, 0x48, 0x2,
    0xff, 0xe8, 0x0, 0xff, 0x2f, 0xfd, 0xc0, 0xf,
    0xfc, 0x60, 0x1f, 0xe1, 0xff, 0xc2, 0x1f, 0xf8,
    0x40, 0x3f, 0xef, 0xfc, 0x63, 0xff, 0x80, 0x3f,
    0xf8, 0x1d, 0xff, 0x20, 0x7f, 0xe1, 0x0, 0xff,
    0xbf, 0xf1, 0x87, 0x7f, 0xc6, 0x1, 0xfe, 0x1f,
    0xfc, 0x21, 0x7f, 0xf4, 0x0, 0x7f, 0x9b, 0xfe,
    0xe0, 0x3, 0x7f, 0xdc, 0x20, 0x1f, 0xdb, 0xff,
    0x40, 0x5, 0xdf, 0xf5, 0x0, 0x7e, 0x9f, 0xfc,
    0x40, 0x13, 0x7f, 0xeb, 0x30, 0xc, 0x55, 0xff,
    0x9c, 0x3, 0xab, 0xff, 0xb6, 0xed, 0xbf, 0xfd,
    0x60, 0x1f, 0x57, 0xff, 0xff, 0x2, 0x80, 0x3f,
    0x9b, 0xbf, 0xff, 0x9c, 0x3, 0xff, 0x80, 0xd7,
    0xdf, 0xee, 0xb7, 0x10, 0xf, 0x0,

    /* U+1ED6 "Ỗ" */
    0x0, 0xff, 0x88, 0xc4, 0x3, 0xff, 0x98, 0x9d,
    0xff, 0x6b, 0x88, 0x4f, 0xf0, 0x7, 0xff, 0x10,
    0xbf, 0xff, 0xe9, 0x0, 0xff, 0xe2, 0x47, 0xf1,
    0xb, 0x67, 0xfe, 0xb0, 0xf, 0xfe, 0x28, 0x90,
    0x80, 0x62, 0x55, 0x10, 0x7, 0xff, 0x32, 0xcc,
    0x3, 0xff, 0x9d, 0x9f, 0xe3, 0x0, 0xff, 0xe6,
    0x67, 0xfe, 0x30, 0xf, 0xfe, 0x56, 0x7f, 0x9f,
    0xbf, 0xc6, 0x1, 0xff, 0xc8, 0xcf, 0xf3, 0x1,
    0x77, 0xf8, 0xc0, 0x3f, 0xf8, 0xd9, 0xfe, 0x70,
    0x8, 0xbb, 0xfc, 0x60, 0x1f, 0xfc, 0x43, 0x77,
    0x28, 0x7, 0x1b, 0xb9, 0x80, 0x3f, 0xfc, 0x42,
    0xd5, 0xbd, 0xfe, 0xeb, 0x83, 0x0, 0xff, 0xe2,
    0x15, 0x7f, 0xff, 0xda, 0xa0, 0x1f, 0xfc, 0x17,
    0xff, 0xff, 0xe1, 0xd8, 0x80, 0x7f, 0xab, 0xff,
    0xff, 0x8b, 0xc4, 0x1, 0xfa, 0xbf, 0xfb, 0xa1,
    0x4, 0x63, 0x6c, 0xff, 0xee, 0x10, 0xf, 0x37,
    0xff, 0x38, 0x7, 0xf2, 0x77, 0xfe, 0xc0, 0xe,
    0x1f, 0xfe, 0x30, 0xf, 0xf8, 0x77, 0xff, 0x30,
    0x6, 0x9f, 0xfc, 0xa0, 0x1f, 0xfc, 0x11, 0xef,
    0xfb, 0x80, 0x37, 0xfe, 0xa0, 0xf, 0xfe, 0x1b,
    0x7f, 0xe5, 0x0, 0x2f, 0xfe, 0x30, 0xf, 0xfe,
    0x27, 0x7f, 0xd6, 0x0, 0x9f, 0xfb, 0x40, 0x3f,
    0xf8, 0xb1, 0xff, 0x80, 0x19, 0xff, 0x40, 0x7,
    0xff, 0x14, 0xff, 0xf1, 0x7, 0x7f, 0xcc, 0x1,
    0xff, 0xc5, 0x1f, 0xfc, 0x81, 0xff, 0x90, 0x3,
    0xff, 0x8d, 0xff, 0x94, 0x3f, 0xf1, 0x80, 0x7f,
    0xf1, 0xbb, 0xfe, 0x60, 0xff, 0xc8, 0x1, 0xff,
    0xc6, 0xef, 0xf9, 0x83, 0xff, 0x28, 0x7, 0xff,
    0x1b, 0xff, 0x28, 0x6f, 0xfc, 0xe0, 0x1f, 0xfc,
    0x52, 0xff, 0xc6, 0x17, 0xff, 0x50, 0x7, 0xff,
    0x15, 0xbf, 0xf0, 0x83, 0xff, 0xe0, 0xf, 0xfe,
    0x2d, 0xff, 0xda, 0x0, 0x2f, 0xfc, 0xc0, 0x1f,
    0xfc, 0x32, 0xff, 0xd0, 0x1, 0x67, 0xfd, 0xc2,
    0x1, 0xff, 0xc2, 0xbf, 0xfc, 0x40, 0x12, 0xff,
    0xeb, 0x0, 0xff, 0xe0, 0xbf, 0xfe, 0xa0, 0xe,
    0xbf, 0xfd, 0x62, 0x1, 0xfe, 0x8f, 0xfe, 0x10,
    0xe, 0x2e, 0xff, 0xdc, 0xc0, 0x1f, 0x26, 0x7f,
    0xf3, 0x0, 0x7c, 0x9f, 0xff, 0x65, 0x4c, 0xaf,
    0xbf, 0xfd, 0x0, 0x1f, 0xc7, 0xdf, 0xff, 0xfc,
    0x47, 0x0, 0xff, 0x86, 0xbf, 0xff, 0xf8, 0x3a,
    0x60, 0x1f, 0xfc, 0x23, 0x9e, 0xff, 0xfd, 0x6a,
    0x1, 0xff, 0xc7, 0x25, 0x77, 0x98, 0xc0, 0x3f,
    0xe0,

    /* U+1ED7 "ỗ" */
    0x0, 0xf3, 0xef, 0xf5, 0x10, 0x5, 0x32, 0x30,
    0xf, 0xe7, 0xff, 0xf5, 0x3d, 0x7f, 0x8c, 0x3,
    0xfb, 0xfd, 0x68, 0xb9, 0xff, 0xd8, 0x1, 0xfc,
    0x55, 0x41, 0x0, 0x97, 0x3f, 0xa8, 0x40, 0x3f,
    0xf8, 0x66, 0xa0, 0x1f, 0xfc, 0x72, 0xef, 0x40,
    0xf, 0xfe, 0x29, 0x77, 0xfc, 0x80, 0x1f, 0xfc,
    0x31, 0xef, 0xfe, 0x30, 0xf, 0xfe, 0x8, 0xef,
    0xf9, 0x93, 0xfd, 0xc4, 0x1, 0xff, 0xc0, 0xcf,
    0xf3, 0x80, 0x13, 0xfd, 0xc4, 0x1, 0xfe, 0xcf,
    0xf4, 0x0, 0x65, 0xff, 0x70, 0x80, 0x7f, 0x8,
    0xc0, 0x1f, 0x8, 0x80, 0x3f, 0xfa, 0xcd, 0x7d,
    0xfe, 0xeb, 0x71, 0x0, 0xff, 0x9b, 0xbf, 0xff,
    0xa0, 0x3, 0xfa, 0xbf, 0xff, 0xf8, 0x18, 0x20,
    0x1e, 0xbf, 0xfe, 0xca, 0xa6, 0x7f, 0xf6, 0x0,
    0x73, 0xff, 0xeb, 0x20, 0xc, 0x33, 0xff, 0xa4,
    0x2, 0x1f, 0xfd, 0x40, 0x1f, 0xa3, 0xff, 0x10,
    0x1, 0xff, 0xee, 0x0, 0xff, 0x67, 0xfd, 0x20,
    0xb, 0xff, 0xa0, 0x3, 0xfc, 0xbf, 0xf7, 0x0,
    0x3f, 0xf1, 0x80, 0x7f, 0x87, 0xff, 0x8, 0x7f,
    0xe1, 0x0, 0xff, 0xbf, 0xf1, 0x8f, 0xfe, 0x0,
    0xff, 0xe0, 0x77, 0xfc, 0x81, 0xff, 0x84, 0x3,
    0xfe, 0xff, 0xc6, 0x1d, 0xff, 0x18, 0x7, 0xf8,
    0x7f, 0xf0, 0x85, 0xff, 0xd0, 0x1, 0xfe, 0x6f,
    0xfb, 0x80, 0xd, 0xff, 0x70, 0x80, 0x7f, 0x6f,
    0xfd, 0x0, 0x17, 0x7f, 0xd4, 0x1, 0xfa, 0x7f,
    0xf1, 0x0, 0x4d, 0xff, 0xac, 0xc0, 0x31, 0x57,
    0xfe, 0x70, 0xe, 0xaf, 0xfe, 0xdb, 0xb6, 0xff,
    0xf5, 0x80, 0x7d, 0x5f, 0xff, 0xfc, 0xa, 0x0,
    0xfe, 0x6e, 0xff, 0xfe, 0x70, 0xf, 0xfe, 0x3,
    0x5f, 0x7f, 0xba, 0xdc, 0x40, 0x3c,

    /* U+1ED8 "Ộ" */
    0x0, 0xff, 0xe1, 0x10, 0x7, 0xff, 0x3c, 0xfe,
    0x0, 0x3f, 0xf9, 0xa7, 0xff, 0x38, 0x7, 0xff,
    0x2c, 0xbb, 0xff, 0x30, 0x7, 0xff, 0x24, 0x77,
    0xfc, 0xdb, 0xfe, 0x50, 0xf, 0xfe, 0x38, 0xef,
    0xf9, 0x80, 0xbb, 0xfc, 0x80, 0x1f, 0xfc, 0x6c,
    0xff, 0x40, 0x4, 0x7f, 0xf1, 0x80, 0x7f, 0xf1,
    0x12, 0x20, 0xc0, 0x1c, 0x71, 0x6, 0x0, 0xff,
    0xff, 0x8b, 0x56, 0xf7, 0xfb, 0xae, 0xc, 0x3,
    0xff, 0x88, 0x55, 0xff, 0xff, 0x6a, 0x80, 0x7f,
    0xf0, 0x5f, 0xff, 0xff, 0x87, 0x62, 0x1, 0xfe,
    0xaf, 0xff, 0xfe, 0x2f, 0x10, 0x7, 0xea, 0xff,
    0xee, 0x84, 0x11, 0x8d, 0xb3, 0xff, 0xb8, 0x40,
    0x3c, 0xdf, 0xfc, 0xe0, 0x1f, 0xc9, 0xdf, 0xfb,
    0x0, 0x38, 0x7f, 0xf8, 0xc0, 0x3f, 0xe1, 0xdf,
    0xfc, 0xc0, 0x1a, 0x7f, 0xf2, 0x80, 0x7f, 0xf0,
    0x47, 0xbf, 0xee, 0x0, 0xdf, 0xfa, 0x80, 0x3f,
    0xf8, 0x6d, 0xff, 0x94, 0x0, 0xbf, 0xf8, 0xc0,
    0x3f, 0xf8, 0x9d, 0xff, 0x58, 0x2, 0x7f, 0xed,
    0x0, 0xff, 0xe2, 0xc7, 0xfe, 0x0, 0x67, 0xfd,
    0x0, 0x1f, 0xfc, 0x53, 0xff, 0xc4, 0x1d, 0xff,
    0x30, 0x7, 0xff, 0x14, 0x7f, 0xf2, 0x7, 0xfe,
    0x40, 0xf, 0xfe, 0x37, 0xfe, 0x50, 0xff, 0xc6,
    0x1, 0xff, 0xc6, 0xef, 0xf9, 0x83, 0xff, 0x20,
    0x7, 0xff, 0x1b, 0xbf, 0xe6, 0xf, 0xfc, 0xa0,
    0x1f, 0xfc, 0x6f, 0xfc, 0xa1, 0xbf, 0xf3, 0x80,
    0x7f, 0xf1, 0x4b, 0xff, 0x18, 0x5f, 0xfd, 0x40,
    0x1f, 0xfc, 0x56, 0xff, 0xc2, 0xf, 0xff, 0x80,
    0x3f, 0xf8, 0xb7, 0xff, 0x68, 0x0, 0xbf, 0xf3,
    0x0, 0x7f, 0xf0, 0xcb, 0xff, 0x40, 0x5, 0x9f,
    0xf7, 0x8, 0x7, 0xff, 0xa, 0xff, 0xf1, 0x0,
    0x4b, 0xff, 0xac, 0x3, 0xff, 0x82, 0xff, 0xfa,
    0x80, 0x3a, 0xff, 0xf5, 0x88, 0x7, 0xfa, 0x3f,
    0xf8, 0x40, 0x38, 0xbb, 0xff, 0x73, 0x0, 0x7c,
    0x99, 0xff, 0xcc, 0x1, 0xf2, 0x7f, 0xfd, 0x95,
    0x32, 0xbe, 0xff, 0xf4, 0x0, 0x7f, 0x1f, 0x7f,
    0xff, 0xf1, 0x1c, 0x3, 0xfe, 0x1a, 0xff, 0xff,
    0xe0, 0xe9, 0x80, 0x7f, 0xf0, 0x8e, 0x7b, 0xff,
    0xf5, 0xa8, 0x7, 0xff, 0x1c, 0x95, 0xde, 0x63,
    0x0, 0xff, 0xf4, 0x2c, 0x44, 0xe0, 0x1f, 0xfc,
    0xcb, 0xff, 0xc0, 0x1f, 0xfc, 0xcb, 0xff, 0xc0,
    0x1f, 0xfc, 0xcb, 0xff, 0xc0, 0x1f, 0xfc, 0xcb,
    0xff, 0xc0, 0x1f, 0xfc, 0x0,

    /* U+1ED9 "ộ" */
    0x0, 0xff, 0x2b, 0x80, 0x7f, 0xf1, 0xd3, 0xfc,
    0xc0, 0x1f, 0xfc, 0x53, 0xff, 0xca, 0x1, 0xff,
    0xc3, 0x2e, 0xff, 0x77, 0xf9, 0x0, 0x3f, 0xf8,
    0x23, 0xdf, 0xe4, 0x2e, 0xff, 0x18, 0x7, 0xfc,
    0x3b, 0xfe, 0x60, 0x1, 0xff, 0xc6, 0x1, 0xfe,
    0xcf, 0xf3, 0x80, 0x64, 0xff, 0x71, 0x0, 0x7f,
    0xfa, 0xda, 0xfb, 0xfd, 0xd6, 0xe2, 0x1, 0xff,
    0x37, 0x7f, 0xff, 0x40, 0x7, 0xf5, 0x7f, 0xff,
    0xf0, 0x30, 0x40, 0x3d, 0x7f, 0xfd, 0x95, 0x4c,
    0xff, 0xec, 0x0, 0xe7, 0xff, 0xd6, 0x40, 0x18,
    0x67, 0xff, 0x48, 0x4, 0x3f, 0xfa, 0x80, 0x3f,
    0x47, 0xfe, 0x20, 0x3, 0xff, 0xdc, 0x1, 0xfe,
    0xcf, 0xfa, 0x40, 0x17, 0xff, 0x40, 0x7, 0xf9,
    0x7f, 0xee, 0x0, 0x7f, 0xe3, 0x0, 0xff, 0xf,
    0xfe, 0x10, 0xff, 0xc2, 0x1, 0xff, 0x7f, 0xe3,
    0x1f, 0xfc, 0x1, 0xff, 0xc0, 0xef, 0xf9, 0x3,
    0xff, 0x8, 0x7, 0xfd, 0xff, 0x8c, 0x3b, 0xfe,
    0x30, 0xf, 0xf0, 0xff, 0xe1, 0xb, 0xff, 0xa0,
    0x3, 0xfc, 0xdf, 0xf7, 0x0, 0x1b, 0xfe, 0xe1,
    0x0, 0xfe, 0xdf, 0xfa, 0x0, 0x2e, 0xff, 0xa8,
    0x3, 0xf4, 0xff, 0xe2, 0x0, 0x9b, 0xff, 0x59,
    0x80, 0x62, 0xaf, 0xfc, 0xe0, 0x1d, 0x5f, 0xfd,
    0xb7, 0x6d, 0xff, 0xeb, 0x0, 0xfa, 0xbf, 0xff,
    0xf8, 0x14, 0x1, 0xfc, 0xdd, 0xff, 0xfc, 0xe0,
    0x1f, 0xfc, 0x6, 0xbe, 0xff, 0x75, 0xb8, 0x80,
    0x7f, 0xfb, 0x8a, 0x23, 0x18, 0x7, 0xff, 0x11,
    0x3f, 0xf3, 0x0, 0x7f, 0xf1, 0x13, 0xff, 0x30,
    0x7, 0xff, 0x11, 0x3f, 0xf3, 0x0, 0x7f, 0xf1,
    0x13, 0xff, 0x30, 0x7, 0xe0,

    /* U+1EDA "Ớ" */
    0x0, 0xff, 0xe2, 0xd7, 0xfd, 0x40, 0x1f, 0xfc,
    0xc6, 0xff, 0xa8, 0x3, 0xff, 0x98, 0x7f, 0xf5,
    0x0, 0x7f, 0xf3, 0x7, 0xbf, 0xd4, 0x1, 0xff,
    0xcd, 0xbf, 0xf5, 0x0, 0x7f, 0xf3, 0x63, 0xfd,
    0x40, 0x1f, 0xff, 0xf0, 0xf, 0xfe, 0xc8, 0xb5,
    0x6f, 0x7f, 0xba, 0xe0, 0xc0, 0x3e, 0xff, 0x70,
    0x7, 0xc5, 0x5f, 0xff, 0xf6, 0xa8, 0x7, 0x7f,
    0xb8, 0x3, 0xcf, 0xff, 0xff, 0xc3, 0xb1, 0x0,
    0xf, 0xfb, 0x40, 0x3a, 0xbf, 0xff, 0xf8, 0xbc,
    0x40, 0xbf, 0xeb, 0x0, 0xd5, 0xff, 0xdd, 0x8,
    0x23, 0x1b, 0x67, 0xff, 0x71, 0xef, 0xf9, 0x80,
    0x26, 0xff, 0xe7, 0x0, 0xfe, 0x4e, 0xff, 0xfb,
    0x40, 0x21, 0xff, 0xe3, 0x0, 0xff, 0x87, 0x7f,
    0xfb, 0x48, 0x2, 0x9f, 0xfc, 0xa0, 0x1f, 0xfc,
    0x11, 0xef, 0xfc, 0x20, 0x1b, 0xff, 0x50, 0x7,
    0xff, 0xd, 0xbf, 0xf2, 0x80, 0x4b, 0xff, 0x8c,
    0x3, 0xff, 0x89, 0xdf, 0xf5, 0x80, 0x53, 0xff,
    0x68, 0x7, 0xff, 0x16, 0x3f, 0xf0, 0x5, 0x9f,
    0xf4, 0x0, 0x7f, 0xf1, 0x4f, 0xff, 0x10, 0x3,
    0xbf, 0xe6, 0x0, 0xff, 0xe2, 0x8f, 0xfe, 0x40,
    0x7, 0xfe, 0x40, 0xf, 0xfe, 0x37, 0xfe, 0x50,
    0x7, 0xfe, 0x30, 0xf, 0xfe, 0x37, 0x7f, 0xcc,
    0x0, 0xff, 0xc8, 0x1, 0xff, 0xc6, 0xef, 0xf9,
    0x80, 0x1f, 0xf9, 0x40, 0x3f, 0xf8, 0xdf, 0xf9,
    0x40, 0x1b, 0xff, 0x38, 0x7, 0xff, 0x14, 0xbf,
    0xf1, 0x80, 0x2f, 0xfe, 0xa0, 0xf, 0xfe, 0x2b,
    0x7f, 0xe1, 0x0, 0x3f, 0xfe, 0x0, 0xff, 0xe2,
    0xdf, 0xfd, 0xa0, 0x11, 0x7f, 0xe6, 0x0, 0xff,
    0xe1, 0x97, 0xfe, 0x80, 0xd, 0x9f, 0xf7, 0x8,
    0x7, 0xff, 0xa, 0xff, 0xf1, 0x0, 0x65, 0xff,
    0xd6, 0x1, 0xff, 0xc1, 0x7f, 0xfd, 0x40, 0x1e,
    0xbf, 0xfd, 0x62, 0x1, 0xfe, 0x8f, 0xfe, 0x10,
    0xf, 0x17, 0x7f, 0xee, 0x60, 0xf, 0x93, 0x3f,
    0xf9, 0x80, 0x3f, 0x27, 0xff, 0xd9, 0x53, 0x2b,
    0xef, 0xff, 0x40, 0x7, 0xf8, 0xfb, 0xff, 0xff,
    0x88, 0xe0, 0x1f, 0xfc, 0x1, 0xaf, 0xff, 0xfe,
    0xe, 0x98, 0x7, 0xff, 0xc, 0xe7, 0xbf, 0xff,
    0x5a, 0x80, 0x7f, 0xf2, 0x9, 0x5d, 0xe6, 0x30,
    0xf, 0xfe, 0x0,

    /* U+1EDB "ớ" */
    0x0, 0xff, 0xe0, 0xa7, 0xfd, 0xc4, 0x1, 0xff,
    0xc5, 0x1e, 0xff, 0x71, 0x0, 0x7f, 0xf1, 0xb3,
    0xfd, 0xa4, 0x1, 0xff, 0xc6, 0xaf, 0xf6, 0x88,
    0x7, 0xff, 0x19, 0xbf, 0xda, 0x20, 0x1f, 0xfc,
    0x62, 0xcc, 0x58, 0x80, 0x7c, 0x44, 0x10, 0xf,
    0xfe, 0x41, 0xff, 0xac, 0x3, 0xff, 0x90, 0x7f,
    0xeb, 0x0, 0xf9, 0xaf, 0xbf, 0xdd, 0x6e, 0x20,
    0x19, 0x7f, 0xd2, 0x1, 0xcd, 0xdf, 0xff, 0xd0,
    0x1, 0x4f, 0xf9, 0xc0, 0x35, 0x7f, 0xff, 0xf0,
    0x30, 0x53, 0xfe, 0x20, 0xa, 0xff, 0xfb, 0x2a,
    0x99, 0xff, 0xfd, 0x40, 0x13, 0xff, 0xeb, 0x20,
    0xc, 0x33, 0xff, 0xeb, 0x0, 0x87, 0xff, 0x50,
    0x7, 0xe8, 0xff, 0xd0, 0x1, 0x9f, 0xfe, 0xe0,
    0xf, 0xf6, 0x7f, 0xd2, 0x1, 0xaf, 0xfe, 0x80,
    0xf, 0xf2, 0xff, 0xdc, 0x1, 0xbf, 0xf1, 0x80,
    0x7f, 0x87, 0xff, 0x8, 0x5, 0xff, 0x84, 0x3,
    0xfe, 0xff, 0xc6, 0x0, 0x1f, 0xfc, 0x1, 0xff,
    0xc0, 0xef, 0xf9, 0x0, 0x2f, 0xfc, 0x20, 0x1f,
    0xf7, 0xfe, 0x30, 0xb, 0xbf, 0xe3, 0x0, 0xff,
    0xf, 0xfe, 0x10, 0xa, 0xff, 0xe8, 0x0, 0xff,
    0x37, 0xfd, 0xc0, 0x19, 0xbf, 0xee, 0x10, 0xf,
    0xed, 0xff, 0xa0, 0x3, 0xbb, 0xfe, 0xa0, 0xf,
    0xd3, 0xff, 0x88, 0x3, 0x9b, 0xff, 0x59, 0x80,
    0x62, 0xaf, 0xfc, 0xe0, 0x1f, 0x57, 0xff, 0x6d,
    0xdb, 0x7f, 0xfa, 0xc0, 0x3f, 0xab, 0xff, 0xff,
    0x81, 0x40, 0x1f, 0xf3, 0x77, 0xff, 0xf3, 0x80,
    0x7f, 0xf0, 0x9a, 0xfb, 0xfd, 0xd6, 0xe2, 0x1,
    0xf8,

    /* U+1EDC "Ờ" */
    0x0, 0xf8, 0xbb, 0xfe, 0x30, 0xf, 0xfe, 0x69,
    0xff, 0xda, 0x1, 0xff, 0xce, 0x3f, 0xfa, 0x80,
    0x3f, 0xf9, 0xc9, 0xff, 0x28, 0x7, 0xff, 0x39,
    0x7f, 0xe2, 0x0, 0xff, 0xe7, 0x2f, 0xfb, 0x0,
    0x3f, 0xff, 0xe0, 0x1f, 0xfd, 0xa1, 0x6a, 0xde,
    0xff, 0x75, 0xc1, 0x80, 0x7d, 0xfe, 0xe0, 0xf,
    0x8a, 0xbf, 0xff, 0xed, 0x50, 0xe, 0xff, 0x70,
    0x7, 0x9f, 0xff, 0xff, 0x87, 0x62, 0x0, 0x1f,
    0xf6, 0x80, 0x75, 0x7f, 0xff, 0xf1, 0x78, 0x81,
    0x7f, 0xd6, 0x1, 0xab, 0xff, 0xba, 0x10, 0x46,
    0x36, 0xcf, 0xfe, 0xe3, 0xdf, 0xf3, 0x0, 0x4d,
    0xff, 0xce, 0x1, 0xfc, 0x9d, 0xff, 0xf6, 0x80,
    0x43, 0xff, 0xc6, 0x1, 0xff, 0xe, 0xff, 0xf6,
    0x90, 0x5, 0x3f, 0xf9, 0x40, 0x3f, 0xf8, 0x23,
    0xdf, 0xf8, 0x40, 0x37, 0xfe, 0xa0, 0xf, 0xfe,
    0x1b, 0x7f, 0xe5, 0x0, 0x97, 0xff, 0x18, 0x7,
    0xff, 0x13, 0xbf, 0xeb, 0x0, 0xa7, 0xfe, 0xd0,
    0xf, 0xfe, 0x2c, 0x7f, 0xe0, 0xb, 0x3f, 0xe8,
    0x0, 0xff, 0xe2, 0x9f, 0xfe, 0x20, 0x7, 0x7f,
    0xcc, 0x1, 0xff, 0xc5, 0x1f, 0xfc, 0x80, 0xf,
    0xfc, 0x80, 0x1f, 0xfc, 0x6f, 0xfc, 0xa0, 0xf,
    0xfc, 0x60, 0x1f, 0xfc, 0x6e, 0xff, 0x98, 0x1,
    0xff, 0x90, 0x3, 0xff, 0x8d, 0xdf, 0xf3, 0x0,
    0x3f, 0xf2, 0x80, 0x7f, 0xf1, 0xbf, 0xf2, 0x80,
    0x37, 0xfe, 0x70, 0xf, 0xfe, 0x29, 0x7f, 0xe3,
    0x0, 0x5f, 0xfd, 0x40, 0x1f, 0xfc, 0x56, 0xff,
    0xc2, 0x0, 0x7f, 0xfc, 0x1, 0xff, 0xc5, 0xbf,
    0xfb, 0x40, 0x22, 0xff, 0xcc, 0x1, 0xff, 0xc3,
    0x2f, 0xfd, 0x0, 0x1b, 0x3f, 0xee, 0x10, 0xf,
    0xfe, 0x15, 0xff, 0xe2, 0x0, 0xcb, 0xff, 0xac,
    0x3, 0xff, 0x82, 0xff, 0xfa, 0x80, 0x3d, 0x7f,
    0xfa, 0xc4, 0x3, 0xfd, 0x1f, 0xfc, 0x20, 0x1e,
    0x2e, 0xff, 0xdc, 0xc0, 0x1f, 0x26, 0x7f, 0xf3,
    0x0, 0x7e, 0x4f, 0xff, 0xb2, 0xa6, 0x57, 0xdf,
    0xfe, 0x80, 0xf, 0xf1, 0xf7, 0xff, 0xff, 0x11,
    0xc0, 0x3f, 0xf8, 0x3, 0x5f, 0xff, 0xfc, 0x1d,
    0x30, 0xf, 0xfe, 0x19, 0xcf, 0x7f, 0xfe, 0xb5,
    0x0, 0xff, 0xe4, 0x12, 0xbb, 0xcc, 0x60, 0x1f,
    0xfc, 0x0,

    /* U+1EDD "ờ" */
    0x0, 0xd5, 0xff, 0x48, 0x7, 0xff, 0x22, 0xbf,
    0xe5, 0x0, 0xff, 0xe4, 0x57, 0xfc, 0x40, 0x1f,
    0xfc, 0x8a, 0xff, 0x68, 0x7, 0xff, 0x26, 0xff,
    0xd4, 0x1, 0xff, 0xc9, 0xac, 0xc1, 0x80, 0x7e,
    0x22, 0x8, 0x7, 0xff, 0x20, 0xff, 0xd6, 0x1,
    0xff, 0xc8, 0x3f, 0xf5, 0x80, 0x7c, 0xd7, 0xdf,
    0xee, 0xb7, 0x10, 0xc, 0xbf, 0xe9, 0x0, 0xe6,
    0xef, 0xff, 0xe8, 0x0, 0xa7, 0xfc, 0xe0, 0x1a,
    0xbf, 0xff, 0xf8, 0x18, 0x29, 0xff, 0x10, 0x5,
    0x7f, 0xfd, 0x95, 0x4c, 0xff, 0xfe, 0xa0, 0x9,
    0xff, 0xf5, 0x90, 0x6, 0x19, 0xff, 0xf5, 0x80,
    0x43, 0xff, 0xa8, 0x3, 0xf4, 0x7f, 0xe8, 0x0,
    0xcf, 0xff, 0x70, 0x7, 0xfb, 0x3f, 0xe9, 0x0,
    0xd7, 0xff, 0x40, 0x7, 0xf9, 0x7f, 0xee, 0x0,
    0xdf, 0xf8, 0xc0, 0x3f, 0xc3, 0xff, 0x84, 0x2,
    0xff, 0xc2, 0x1, 0xff, 0x7f, 0xe3, 0x0, 0xf,
    0xfe, 0x0, 0xff, 0xe0, 0x77, 0xfc, 0x80, 0x17,
    0xfe, 0x10, 0xf, 0xfb, 0xff, 0x18, 0x5, 0xdf,
    0xf1, 0x80, 0x7f, 0x87, 0xff, 0x8, 0x5, 0x7f,
    0xf4, 0x0, 0x7f, 0x9b, 0xfe, 0xe0, 0xc, 0xdf,
    0xf7, 0x8, 0x7, 0xf6, 0xff, 0xd0, 0x1, 0xdd,
    0xff, 0x50, 0x7, 0xe9, 0xff, 0xc4, 0x1, 0xcd,
    0xff, 0xac, 0xc0, 0x31, 0x57, 0xfe, 0x70, 0xf,
    0xab, 0xff, 0xb6, 0xed, 0xbf, 0xfd, 0x60, 0x1f,
    0xd5, 0xff, 0xff, 0xc0, 0xa0, 0xf, 0xf9, 0xbb,
    0xff, 0xf9, 0xc0, 0x3f, 0xf8, 0x4d, 0x7d, 0xfe,
    0xeb, 0x71, 0x0, 0xfc,

    /* U+1EDE "Ở" */
    0x0, 0xff, 0xe0, 0x77, 0xed, 0x28, 0x7, 0xff,
    0x37, 0xff, 0xb4, 0x40, 0x3f, 0xf9, 0x6a, 0xd3,
    0xdf, 0xec, 0x0, 0xff, 0xe7, 0xef, 0xf8, 0x80,
    0x3f, 0xf9, 0xd5, 0xfe, 0x30, 0xf, 0xfe, 0x69,
    0x77, 0xf8, 0x3, 0xff, 0x98, 0xb9, 0xff, 0x28,
    0x7, 0xff, 0x31, 0xb6, 0x9c, 0x40, 0x3f, 0xfc,
    0xe2, 0xd5, 0xbd, 0xfe, 0xeb, 0x83, 0x0, 0xfb,
    0xfd, 0xc0, 0x1f, 0x15, 0x7f, 0xff, 0xda, 0xa0,
    0x1d, 0xfe, 0xe0, 0xf, 0x3f, 0xff, 0xff, 0xe,
    0xc4, 0x0, 0x3f, 0xed, 0x0, 0xea, 0xff, 0xff,
    0xe2, 0xf1, 0x2, 0xff, 0xac, 0x3, 0x57, 0xff,
    0x74, 0x20, 0x8c, 0x6d, 0x9f, 0xfd, 0xc7, 0xbf,
    0xe6, 0x0, 0x9b, 0xff, 0x9c, 0x3, 0xf9, 0x3b,
    0xff, 0xed, 0x0, 0x87, 0xff, 0x8c, 0x3, 0xfe,
    0x1d, 0xff, 0xed, 0x20, 0xa, 0x7f, 0xf2, 0x80,
    0x7f, 0xf0, 0x47, 0xbf, 0xf0, 0x80, 0x6f, 0xfd,
    0x40, 0x1f, 0xfc, 0x36, 0xff, 0xca, 0x1, 0x2f,
    0xfe, 0x30, 0xf, 0xfe, 0x27, 0x7f, 0xd6, 0x1,
    0x4f, 0xfd, 0xa0, 0x1f, 0xfc, 0x58, 0xff, 0xc0,
    0x16, 0x7f, 0xd0, 0x1, 0xff, 0xc5, 0x3f, 0xfc,
    0x40, 0xe, 0xff, 0x98, 0x3, 0xff, 0x8a, 0x3f,
    0xf9, 0x0, 0x1f, 0xf9, 0x0, 0x3f, 0xf8, 0xdf,
    0xf9, 0x40, 0x1f, 0xf8, 0xc0, 0x3f, 0xf8, 0xdd,
    0xff, 0x30, 0x3, 0xff, 0x20, 0x7, 0xff, 0x1b,
    0xbf, 0xe6, 0x0, 0x7f, 0xe5, 0x0, 0xff, 0xe3,
    0x7f, 0xe5, 0x0, 0x6f, 0xfc, 0xe0, 0x1f, 0xfc,
    0x52, 0xff, 0xc6, 0x0, 0xbf, 0xfa, 0x80, 0x3f,
    0xf8, 0xad, 0xff, 0x84, 0x0, 0xff, 0xf8, 0x3,
    0xff, 0x8b, 0x7f, 0xf6, 0x80, 0x45, 0xff, 0x98,
    0x3, 0xff, 0x86, 0x5f, 0xfa, 0x0, 0x36, 0x7f,
    0xdc, 0x20, 0x1f, 0xfc, 0x2b, 0xff, 0xc4, 0x1,
    0x97, 0xff, 0x58, 0x7, 0xff, 0x5, 0xff, 0xf5,
    0x0, 0x7a, 0xff, 0xf5, 0x88, 0x7, 0xfa, 0x3f,
    0xf8, 0x40, 0x3c, 0x5d, 0xff, 0xb9, 0x80, 0x3e,
    0x4c, 0xff, 0xe6, 0x0, 0xfc, 0x9f, 0xff, 0x65,
    0x4c, 0xaf, 0xbf, 0xfd, 0x0, 0x1f, 0xe3, 0xef,
    0xff, 0xfe, 0x23, 0x80, 0x7f, 0xf0, 0x6, 0xbf,
    0xff, 0xf8, 0x3a, 0x60, 0x1f, 0xfc, 0x33, 0x9e,
    0xff, 0xfd, 0x6a, 0x1, 0xff, 0xc8, 0x25, 0x77,
    0x98, 0xc0, 0x3f, 0xf8, 0x0,

    /* U+1EDF "ở" */
    0x0, 0xfd, 0x1f, 0xd9, 0x4, 0x1, 0xff, 0xc6,
    0x8f, 0xfe, 0x90, 0xf, 0xfe, 0x29, 0x2b, 0xdf,
    0xfc, 0xc0, 0x1f, 0xfc, 0x86, 0xff, 0x50, 0x7,
    0xff, 0x21, 0x7f, 0xd2, 0x1, 0xff, 0xc6, 0x59,
    0xff, 0x71, 0x0, 0x71, 0x10, 0x40, 0x3f, 0xdf,
    0xed, 0x81, 0x0, 0xe3, 0xff, 0x58, 0x7, 0xf8,
    0xc0, 0x3f, 0x8f, 0xfd, 0x60, 0x1f, 0x35, 0xf7,
    0xfb, 0xad, 0xc4, 0x3, 0x2f, 0xfa, 0x40, 0x39,
    0xbb, 0xff, 0xfa, 0x0, 0x29, 0xff, 0x38, 0x6,
    0xaf, 0xff, 0xfe, 0x6, 0xa, 0x7f, 0xc4, 0x1,
    0x5f, 0xff, 0x65, 0x53, 0x3f, 0xff, 0xa8, 0x2,
    0x7f, 0xfd, 0x64, 0x1, 0x86, 0x7f, 0xfd, 0x60,
    0x10, 0xff, 0xea, 0x0, 0xfd, 0x1f, 0xfa, 0x0,
    0x33, 0xff, 0xdc, 0x1, 0xfe, 0xcf, 0xfa, 0x40,
    0x35, 0xff, 0xd0, 0x1, 0xfe, 0x5f, 0xfb, 0x80,
    0x37, 0xfe, 0x30, 0xf, 0xf0, 0xff, 0xe1, 0x0,
    0xbf, 0xf0, 0x80, 0x7f, 0xdf, 0xf8, 0xc0, 0x3,
    0xff, 0x80, 0x3f, 0xf8, 0x1d, 0xff, 0x20, 0x5,
    0xff, 0x84, 0x3, 0xfe, 0xff, 0xc6, 0x1, 0x77,
    0xfc, 0x60, 0x1f, 0xe1, 0xff, 0xc2, 0x1, 0x5f,
    0xfd, 0x0, 0x1f, 0xe6, 0xff, 0xb8, 0x3, 0x37,
    0xfd, 0xc2, 0x1, 0xfd, 0xbf, 0xf4, 0x0, 0x77,
    0x7f, 0xd4, 0x1, 0xfa, 0x7f, 0xf1, 0x0, 0x73,
    0x7f, 0xeb, 0x30, 0xc, 0x55, 0xff, 0x9c, 0x3,
    0xea, 0xff, 0xed, 0xbb, 0x6f, 0xff, 0x58, 0x7,
    0xf5, 0x7f, 0xff, 0xf0, 0x28, 0x3, 0xfe, 0x6e,
    0xff, 0xfe, 0x70, 0xf, 0xfe, 0x13, 0x5f, 0x7f,
    0xba, 0xdc, 0x40, 0x3f, 0x0,

    /* U+1EE0 "Ỡ" */
    0x0, 0xfe, 0x2b, 0xff, 0x48, 0x7, 0x7f, 0x9c,
    0x3, 0xff, 0x88, 0x5d, 0xff, 0xb0, 0x2, 0x2f,
    0xf3, 0x0, 0x7f, 0xf1, 0x2b, 0xfc, 0xd1, 0xfe,
    0xa0, 0x3, 0x7f, 0x8c, 0x3, 0xff, 0x89, 0xfe,
    0x90, 0x3, 0xff, 0xa5, 0x3b, 0xf8, 0x3, 0xff,
    0x88, 0x5f, 0xe5, 0x0, 0xab, 0xff, 0x90, 0x3,
    0xff, 0x88, 0x59, 0x82, 0x0, 0xcf, 0xdf, 0xaa,
    0x1, 0xff, 0xff, 0x0, 0xc2, 0xd5, 0xbd, 0xfe,
    0xeb, 0x83, 0x0, 0xfb, 0xfd, 0xc0, 0x1f, 0x15,
    0x7f, 0xff, 0xda, 0xa0, 0x1d, 0xfe, 0xe0, 0xf,
    0x3f, 0xff, 0xff, 0xe, 0xc4, 0x0, 0x3f, 0xed,
    0x0, 0xea, 0xff, 0xff, 0xe2, 0xf1, 0x2, 0xff,
    0xac, 0x3, 0x57, 0xff, 0x74, 0x20, 0x8c, 0x6d,
    0x9f, 0xfd, 0xc7, 0xbf, 0xe6, 0x0, 0x9b, 0xff,
    0x9c, 0x3, 0xf9, 0x3b, 0xff, 0xed, 0x0, 0x87,
    0xff, 0x8c, 0x3, 0xfe, 0x1d, 0xff, 0xed, 0x20,
    0xa, 0x7f, 0xf2, 0x80, 0x7f, 0xf0, 0x47, 0xbf,
    0xf0, 0x80, 0x6f, 0xfd, 0x40, 0x1f, 0xfc, 0x36,
    0xff, 0xca, 0x1, 0x2f, 0xfe, 0x30, 0xf, 0xfe,
    0x27, 0x7f, 0xd6, 0x1, 0x4f, 0xfd, 0xa0, 0x1f,
    0xfc, 0x58, 0xff, 0xc0, 0x16, 0x7f, 0xd0, 0x1,
    0xff, 0xc5, 0x3f, 0xfc, 0x40, 0xe, 0xff, 0x98,
    0x3, 0xff, 0x8a, 0x3f, 0xf9, 0x0, 0x1f, 0xf9,
    0x0, 0x3f, 0xf8, 0xdf, 0xf9, 0x40, 0x1f, 0xf8,
    0xc0, 0x3f, 0xf8, 0xdd, 0xff, 0x30, 0x3, 0xff,
    0x20, 0x7, 0xff, 0x1b, 0xbf, 0xe6, 0x0, 0x7f,
    0xe5, 0x0, 0xff, 0xe3, 0x7f, 0xe5, 0x0, 0x6f,
    0xfc, 0xe0, 0x1f, 0xfc, 0x52, 0xff, 0xc6, 0x0,
    0xbf, 0xfa, 0x80, 0x3f, 0xf8, 0xad, 0xff, 0x84,
    0x0, 0xff, 0xf8, 0x3, 0xff, 0x8b, 0x7f, 0xf6,
    0x80, 0x45, 0xff, 0x98, 0x3, 0xff, 0x86, 0x5f,
    0xfa, 0x0, 0x36, 0x7f, 0xdc, 0x20, 0x1f, 0xfc,
    0x2b, 0xff, 0xc4, 0x1, 0x97, 0xff, 0x58, 0x7,
    0xff, 0x5, 0xff, 0xf5, 0x0, 0x7a, 0xff, 0xf5,
    0x88, 0x7, 0xfa, 0x3f, 0xf8, 0x40, 0x3c, 0x5d,
    0xff, 0xb9, 0x80, 0x3e, 0x4c, 0xff, 0xe6, 0x0,
    0xfc, 0x9f, 0xff, 0x65, 0x4c, 0xaf, 0xbf, 0xfd,
    0x0, 0x1f, 0xe3, 0xef, 0xff, 0xfe, 0x23, 0x80,
    0x7f, 0xf0, 0x6, 0xbf, 0xff, 0xf8, 0x3a, 0x60,
    0x1f, 0xfc, 0x33, 0x9e, 0xff, 0xfd, 0x6a, 0x1,
    0xff, 0xc8, 0x25, 0x77, 0x98, 0xc0, 0x3f, 0xf8,
    0x0,

    /* U+1EE1 "ỡ" */
    0x0, 0xf4, 0x77, 0xeb, 0x80, 0x6a, 0xfe, 0x0,
    0xff, 0xb3, 0xff, 0xb0, 0x40, 0x1d, 0xf8, 0x1,
    0xfe, 0x5f, 0xf6, 0xd7, 0x7f, 0xba, 0x73, 0xfc,
    0xe0, 0x1f, 0xea, 0xfe, 0x0, 0xe, 0x7f, 0xf6,
    0x80, 0x7f, 0xd9, 0xf6, 0x1, 0x9f, 0x7f, 0xa8,
    0x40, 0x3f, 0xf9, 0xe3, 0x32, 0x60, 0xf, 0xfe,
    0x41, 0xff, 0xac, 0x3, 0xff, 0x90, 0x9f, 0xea,
    0x0, 0xf9, 0xaf, 0xbf, 0xdd, 0x6e, 0x20, 0x19,
    0x7f, 0xd2, 0x1, 0xcd, 0xdf, 0xff, 0xd0, 0x1,
    0x57, 0xf9, 0x80, 0x35, 0x7f, 0xff, 0xf0, 0x30,
    0x53, 0xfe, 0x10, 0xa, 0xff, 0xfb, 0x2a, 0x99,
    0xff, 0xfd, 0x0, 0x13, 0xff, 0xeb, 0x20, 0xc,
    0x33, 0xff, 0xea, 0x0, 0x87, 0xff, 0x50, 0x7,
    0xe8, 0xff, 0xce, 0x1, 0x9f, 0xfe, 0xe0, 0xf,
    0xf6, 0x7f, 0xd2, 0x1, 0xaf, 0xfe, 0x80, 0xf,
    0xf2, 0xff, 0xdc, 0x1, 0xbf, 0xf1, 0x80, 0x7f,
    0x87, 0xff, 0x8, 0x5, 0xff, 0x84, 0x3, 0xfe,
    0xff, 0xc6, 0x0, 0x1f, 0xfc, 0x1, 0xff, 0xc0,
    0xef, 0xf9, 0x0, 0x2f, 0xfc, 0x20, 0x1f, 0xf7,
    0xfe, 0x30, 0xb, 0xbf, 0xe3, 0x0, 0xff, 0xf,
    0xfe, 0x10, 0xa, 0xff, 0xe8, 0x0, 0xff, 0x37,
    0xfd, 0xc0, 0x19, 0xbf, 0xee, 0x10, 0xf, 0xed,
    0xff, 0xa0, 0x3, 0xbb, 0xfe, 0xa0, 0xf, 0xd3,
    0xff, 0x88, 0x3, 0x9b, 0xff, 0x59, 0x80, 0x62,
    0xaf, 0xfc, 0xe0, 0x1f, 0x57, 0xff, 0x6d, 0xdb,
    0x7f, 0xfa, 0xc0, 0x3f, 0xab, 0xff, 0xff, 0x81,
    0x40, 0x1f, 0xf3, 0x77, 0xff, 0xf3, 0x80, 0x7f,
    0xf0, 0x9a, 0xfb, 0xfd, 0xd6, 0xe2, 0x1, 0xf8,

    /* U+1EE2 "Ợ" */
    0x0, 0xfe, 0x16, 0xad, 0xef, 0xf7, 0x5c, 0x18,
    0x7, 0xdf, 0xee, 0x0, 0xf8, 0xab, 0xff, 0xfe,
    0xd5, 0x0, 0xef, 0xf7, 0x0, 0x79, 0xff, 0xff,
    0xf8, 0x76, 0x20, 0x1, 0xff, 0x68, 0x7, 0x57,
    0xff, 0xff, 0x17, 0x88, 0x17, 0xfd, 0x60, 0x1a,
    0xbf, 0xfb, 0xa1, 0x4, 0x63, 0x6c, 0xff, 0xee,
    0x3d, 0xff, 0x30, 0x4, 0xdf, 0xfc, 0xe0, 0x1f,
    0xc9, 0xdf, 0xff, 0x68, 0x4, 0x3f, 0xfc, 0x60,
    0x1f, 0xf0, 0xef, 0xff, 0x69, 0x0, 0x53, 0xff,
    0x94, 0x3, 0xff, 0x82, 0x3d, 0xff, 0x84, 0x3,
    0x7f, 0xea, 0x0, 0xff, 0xe1, 0xb7, 0xfe, 0x50,
    0x9, 0x7f, 0xf1, 0x80, 0x7f, 0xf1, 0x3b, 0xfe,
    0xb0, 0xa, 0x7f, 0xed, 0x0, 0xff, 0xe2, 0xc7,
    0xfe, 0x0, 0xb3, 0xfe, 0x80, 0xf, 0xfe, 0x29,
    0xff, 0xe2, 0x0, 0x77, 0xfc, 0xc0, 0x1f, 0xfc,
    0x51, 0xff, 0xc8, 0x0, 0xff, 0xc8, 0x1, 0xff,
    0xc6, 0xff, 0xca, 0x0, 0xff, 0xc6, 0x1, 0xff,
    0xc6, 0xef, 0xf9, 0x80, 0x1f, 0xf9, 0x0, 0x3f,
    0xf8, 0xdd, 0xff, 0x30, 0x3, 0xff, 0x28, 0x7,
    0xff, 0x1b, 0xff, 0x28, 0x3, 0x7f, 0xe7, 0x0,
    0xff, 0xe2, 0x97, 0xfe, 0x30, 0x5, 0xff, 0xd4,
    0x1, 0xff, 0xc5, 0x6f, 0xfc, 0x20, 0x7, 0xff,
    0xc0, 0x1f, 0xfc, 0x5b, 0xff, 0xb4, 0x2, 0x2f,
    0xfc, 0xc0, 0x1f, 0xfc, 0x32, 0xff, 0xd0, 0x1,
    0xb3, 0xfe, 0xe1, 0x0, 0xff, 0xe1, 0x5f, 0xfe,
    0x20, 0xc, 0xbf, 0xfa, 0xc0, 0x3f, 0xf8, 0x2f,
    0xff, 0xa8, 0x3, 0xd7, 0xff, 0xac, 0x40, 0x3f,
    0xd1, 0xff, 0xc2, 0x1, 0xe2, 0xef, 0xfd, 0xcc,
    0x1, 0xf2, 0x67, 0xff, 0x30, 0x7, 0xe4, 0xff,
    0xfb, 0x2a, 0x65, 0x7d, 0xff, 0xe8, 0x0, 0xff,
    0x1f, 0x7f, 0xff, 0xf1, 0x1c, 0x3, 0xff, 0x80,
    0x35, 0xff, 0xff, 0xc1, 0xd3, 0x0, 0xff, 0xe1,
    0x9c, 0xf7, 0xff, 0xeb, 0x50, 0xf, 0xfe, 0x41,
    0x2b, 0xbc, 0xc6, 0x1, 0xff, 0xea, 0x58, 0x89,
    0xc0, 0x3f, 0xf9, 0xb7, 0xff, 0x80, 0x3f, 0xf9,
    0xb7, 0xff, 0x80, 0x3f, 0xf9, 0xb7, 0xff, 0x80,
    0x3f, 0xf9, 0xb7, 0xff, 0x80, 0x3f, 0xf8, 0x20,

    /* U+1EE3 "ợ" */
    0x0, 0xff, 0xe4, 0xc, 0x41, 0x40, 0x3f, 0xf9,
    0x7, 0xfe, 0xb0, 0xf, 0xfe, 0x42, 0x7f, 0xa8,
    0x3, 0xe6, 0xbe, 0xff, 0x75, 0xb8, 0x80, 0x65,
    0xff, 0x48, 0x7, 0x37, 0x7f, 0xff, 0x40, 0x5,
    0x5f, 0xe6, 0x0, 0xd5, 0xff, 0xff, 0xc0, 0xc1,
    0x4f, 0xf8, 0x40, 0x2b, 0xff, 0xec, 0xaa, 0x67,
    0xff, 0xf4, 0x0, 0x4f, 0xff, 0xac, 0x80, 0x30,
    0xcf, 0xff, 0xa8, 0x2, 0x1f, 0xfd, 0x40, 0x1f,
    0xa3, 0xff, 0x38, 0x6, 0x7f, 0xfb, 0x80, 0x3f,
    0xd9, 0xff, 0x48, 0x6, 0xbf, 0xfa, 0x0, 0x3f,
    0xcb, 0xff, 0x70, 0x6, 0xff, 0xc6, 0x1, 0xfe,
    0x1f, 0xfc, 0x20, 0x17, 0xfe, 0x10, 0xf, 0xfb,
    0xff, 0x18, 0x0, 0x7f, 0xf0, 0x7, 0xff, 0x3,
    0xbf, 0xe4, 0x0, 0xbf, 0xf0, 0x80, 0x7f, 0xdf,
    0xf8, 0xc0, 0x2e, 0xff, 0x8c, 0x3, 0xfc, 0x3f,
    0xf8, 0x40, 0x2b, 0xff, 0xa0, 0x3, 0xfc, 0xdf,
    0xf7, 0x0, 0x66, 0xff, 0xb8, 0x40, 0x3f, 0xb7,
    0xfe, 0x80, 0xe, 0xef, 0xfa, 0x80, 0x3f, 0x4f,
    0xfe, 0x20, 0xe, 0x6f, 0xfd, 0x66, 0x1, 0x8a,
    0xbf, 0xf3, 0x80, 0x7d, 0x5f, 0xfd, 0xb7, 0x6d,
    0xff, 0xeb, 0x0, 0xfe, 0xaf, 0xff, 0xfe, 0x5,
    0x0, 0x7f, 0xcd, 0xdf, 0xff, 0xce, 0x1, 0xff,
    0xc2, 0x6b, 0xef, 0xf7, 0x5b, 0x88, 0x7, 0xff,
    0xd0, 0xa2, 0x31, 0x80, 0x7f, 0xf1, 0x93, 0xff,
    0x30, 0x7, 0xff, 0x19, 0x3f, 0xf3, 0x0, 0x7f,
    0xf1, 0x93, 0xff, 0x30, 0x7, 0xff, 0x19, 0x3f,
    0xf3, 0x0, 0x7f, 0x80,

    /* U+1EE4 "Ụ" */
    0x2f, 0xfc, 0x40, 0x1f, 0xfc, 0x9, 0xff, 0xa8,
    0xbf, 0xf1, 0x0, 0x7f, 0xf0, 0x27, 0xfe, 0xa2,
    0xff, 0xc4, 0x1, 0xff, 0xc0, 0x9f, 0xfa, 0x8b,
    0xff, 0x10, 0x7, 0xff, 0x2, 0x7f, 0xea, 0x2f,
    0xfc, 0x40, 0x1f, 0xfc, 0x9, 0xff, 0xa8, 0xbf,
    0xf1, 0x0, 0x7f, 0xf0, 0x27, 0xfe, 0xa2, 0xff,
    0xc4, 0x1, 0xff, 0xc0, 0x9f, 0xfa, 0x8b, 0xff,
    0x10, 0x7, 0xff, 0x2, 0x7f, 0xea, 0x2f, 0xfc,
    0x40, 0x1f, 0xfc, 0x9, 0xff, 0xa8, 0xbf, 0xf1,
    0x0, 0x7f, 0xf0, 0x27, 0xfe, 0xa2, 0xff, 0xc4,
    0x1, 0xff, 0xc0, 0x9f, 0xfa, 0x8b, 0xff, 0x10,
    0x7, 0xff, 0x2, 0x7f, 0xea, 0x2f, 0xfc, 0x40,
    0x1f, 0xfc, 0x9, 0xff, 0xa8, 0xbf, 0xf1, 0x0,
    0x7f, 0xf0, 0x27, 0xfe, 0xa2, 0xff, 0xc4, 0x1,
    0xff, 0xc0, 0x9f, 0xfa, 0x8b, 0xff, 0x10, 0x7,
    0xff, 0x2, 0x7f, 0xea, 0x2f, 0xfc, 0x40, 0x1f,
    0xfc, 0x9, 0xff, 0xa8, 0xbf, 0xf1, 0x0, 0x7f,
    0xf0, 0x27, 0xfe, 0xa2, 0xff, 0xc4, 0x1, 0xff,
    0xc0, 0xaf, 0xfa, 0x87, 0xff, 0x18, 0x7, 0xff,
    0x2, 0xff, 0xe9, 0xf, 0xfc, 0xa0, 0x1f, 0xfc,
    0xd, 0xff, 0xa0, 0x37, 0xfe, 0x90, 0xf, 0xf8,
    0x7f, 0xf2, 0x85, 0x7f, 0xdc, 0x1, 0xff, 0x37,
    0xfe, 0x10, 0x5f, 0xfd, 0x0, 0x1f, 0xc3, 0xdf,
    0xf6, 0x0, 0x5b, 0xff, 0xa4, 0x3, 0xe3, 0xef,
    0xfc, 0xa0, 0x12, 0xff, 0xfa, 0xa1, 0x9e, 0x77,
    0xff, 0xac, 0x3, 0xa3, 0xff, 0xff, 0x87, 0xa2,
    0x1, 0xe6, 0xff, 0xff, 0xe0, 0xd8, 0x80, 0x7e,
    0x18, 0xef, 0xff, 0xd6, 0x80, 0x1f, 0xfc, 0x12,
    0x56, 0x77, 0x32, 0x0, 0x7f, 0xf7, 0x12, 0x23,
    0x8, 0x7, 0xff, 0x16, 0x3f, 0xf1, 0x0, 0x7f,
    0xf1, 0x63, 0xff, 0x10, 0x7, 0xff, 0x16, 0x3f,
    0xf1, 0x0, 0x7f, 0xf1, 0x63, 0xff, 0x10, 0x7,
    0xe0,

    /* U+1EE5 "ụ" */
    0x6f, 0xfa, 0xc0, 0x3f, 0xb3, 0xfe, 0x46, 0xff,
    0xac, 0x3, 0xfb, 0x3f, 0xe4, 0x6f, 0xfa, 0xc0,
    0x3f, 0xb3, 0xfe, 0x46, 0xff, 0xac, 0x3, 0xfb,
    0x3f, 0xe4, 0x6f, 0xfa, 0xc0, 0x3f, 0xb3, 0xfe,
    0x46, 0xff, 0xac, 0x3, 0xfb, 0x3f, 0xe4, 0x6f,
    0xfa, 0xc0, 0x3f, 0xb3, 0xfe, 0x46, 0xff, 0xac,
    0x3, 0xfb, 0x3f, 0xe4, 0x6f, 0xfa, 0xc0, 0x3f,
    0xb3, 0xfe, 0x46, 0xff, 0xac, 0x3, 0xfb, 0x3f,
    0xe4, 0x6f, 0xfa, 0xc0, 0x3f, 0xb7, 0xfe, 0x46,
    0xff, 0xac, 0x3, 0xfb, 0xbf, 0xe4, 0x6f, 0xfb,
    0x0, 0x3f, 0xbf, 0xf2, 0x2f, 0xfd, 0xa0, 0x1f,
    0x8f, 0xff, 0x22, 0x3f, 0xf0, 0x80, 0x7d, 0x3f,
    0xf9, 0x7, 0xff, 0x40, 0x7, 0x8b, 0xff, 0x90,
    0x33, 0xff, 0x30, 0x6, 0x3d, 0xff, 0xe4, 0x6,
    0xff, 0xed, 0xaa, 0x67, 0xff, 0xc8, 0x0, 0xbf,
    0xff, 0xf5, 0xe7, 0xfc, 0x80, 0x15, 0x7f, 0xfe,
    0xa0, 0xcf, 0xf9, 0x0, 0x32, 0x56, 0xff, 0xb6,
    0x4c, 0x1, 0x9f, 0xf2, 0x0, 0x7f, 0xf8, 0x56,
    0x23, 0x0, 0x7f, 0xf0, 0xab, 0xff, 0x0, 0x7f,
    0xf0, 0xab, 0xff, 0x0, 0x7f, 0xf0, 0xab, 0xff,
    0x0, 0x7f, 0xf0, 0xab, 0xff, 0x0, 0x7c,

    /* U+1EE6 "Ủ" */
    0x0, 0xfe, 0xdf, 0xeb, 0x60, 0xf, 0xfe, 0x36,
    0xff, 0xee, 0x30, 0xf, 0xfe, 0x22, 0x34, 0x6f,
    0xfb, 0x80, 0x3f, 0xf9, 0x17, 0xfe, 0x50, 0xf,
    0xfe, 0x3c, 0xff, 0x90, 0x3, 0xff, 0x8a, 0x2d,
    0xfe, 0xe1, 0x0, 0xff, 0xe2, 0x2f, 0xfd, 0x84,
    0x1, 0xff, 0xc5, 0x28, 0x52, 0x0, 0xff, 0xea,
    0x17, 0xfe, 0x20, 0xf, 0xfe, 0x4, 0xff, 0xd4,
    0x5f, 0xf8, 0x80, 0x3f, 0xf8, 0x13, 0xff, 0x51,
    0x7f, 0xe2, 0x0, 0xff, 0xe0, 0x4f, 0xfd, 0x45,
    0xff, 0x88, 0x3, 0xff, 0x81, 0x3f, 0xf5, 0x17,
    0xfe, 0x20, 0xf, 0xfe, 0x4, 0xff, 0xd4, 0x5f,
    0xf8, 0x80, 0x3f, 0xf8, 0x13, 0xff, 0x51, 0x7f,
    0xe2, 0x0, 0xff, 0xe0, 0x4f, 0xfd, 0x45, 0xff,
    0x88, 0x3, 0xff, 0x81, 0x3f, 0xf5, 0x17, 0xfe,
    0x20, 0xf, 0xfe, 0x4, 0xff, 0xd4, 0x5f, 0xf8,
    0x80, 0x3f, 0xf8, 0x13, 0xff, 0x51, 0x7f, 0xe2,
    0x0, 0xff, 0xe0, 0x4f, 0xfd, 0x45, 0xff, 0x88,
    0x3, 0xff, 0x81, 0x3f, 0xf5, 0x17, 0xfe, 0x20,
    0xf, 0xfe, 0x4, 0xff, 0xd4, 0x5f, 0xf8, 0x80,
    0x3f, 0xf8, 0x13, 0xff, 0x51, 0x7f, 0xe2, 0x0,
    0xff, 0xe0, 0x4f, 0xfd, 0x45, 0xff, 0x88, 0x3,
    0xff, 0x81, 0x3f, 0xf5, 0x17, 0xfe, 0x20, 0xf,
    0xfe, 0x4, 0xff, 0xd4, 0x5f, 0xf8, 0x80, 0x3f,
    0xf8, 0x13, 0xff, 0x51, 0x7f, 0xe2, 0x0, 0xff,
    0xe0, 0x57, 0xfd, 0x43, 0xff, 0x8c, 0x3, 0xff,
    0x81, 0x7f, 0xf4, 0x87, 0xfe, 0x50, 0xf, 0xfe,
    0x6, 0xff, 0xd0, 0x1b, 0xff, 0x48, 0x7, 0xfc,
    0x3f, 0xf9, 0x42, 0xbf, 0xee, 0x0, 0xff, 0x9b,
    0xff, 0x8, 0x2f, 0xfe, 0x80, 0xf, 0xe1, 0xef,
    0xfb, 0x0, 0x2d, 0xff, 0xd2, 0x1, 0xf1, 0xf7,
    0xfe, 0x50, 0x9, 0x7f, 0xfd, 0x50, 0xcf, 0x3b,
    0xff, 0xd6, 0x1, 0xd1, 0xff, 0xff, 0xc3, 0xd1,
    0x0, 0xf3, 0x7f, 0xff, 0xf0, 0x6c, 0x40, 0x3f,
    0xc, 0x77, 0xff, 0xeb, 0x40, 0xf, 0xfe, 0x9,
    0x2b, 0x3b, 0x99, 0x0, 0x3f, 0x0,

    /* U+1EE7 "ủ" */
    0x0, 0xf1, 0xff, 0xb6, 0x94, 0x3, 0xff, 0x82,
    0x7f, 0xfd, 0xa4, 0x1, 0xff, 0xa, 0xb4, 0xf7,
    0xfb, 0x0, 0x3f, 0xf8, 0x63, 0xff, 0x0, 0x7f,
    0xf0, 0xc7, 0xfd, 0xa0, 0x1f, 0xfc, 0x16, 0xbf,
    0xf9, 0x0, 0x3f, 0xf8, 0x35, 0xd6, 0xe2, 0x1,
    0xff, 0xcd, 0x6f, 0xfa, 0xc0, 0x3f, 0xb3, 0xfe,
    0x46, 0xff, 0xac, 0x3, 0xfb, 0x3f, 0xe4, 0x6f,
    0xfa, 0xc0, 0x3f, 0xb3, 0xfe, 0x46, 0xff, 0xac,
    0x3, 0xfb, 0x3f, 0xe4, 0x6f, 0xfa, 0xc0, 0x3f,
    0xb3, 0xfe, 0x46, 0xff, 0xac, 0x3, 0xfb, 0x3f,
    0xe4, 0x6f, 0xfa, 0xc0, 0x3f, 0xb3, 0xfe, 0x46,
    0xff, 0xac, 0x3, 0xfb, 0x3f, 0xe4, 0x6f, 0xfa,
    0xc0, 0x3f, 0xb3, 0xfe, 0x46, 0xff, 0xac, 0x3,
    0xfb, 0x3f, 0xe4, 0x6f, 0xfa, 0xc0, 0x3f, 0xb7,
    0xfe, 0x46, 0xff, 0xac, 0x3, 0xfb, 0xbf, 0xe4,
    0x6f, 0xfb, 0x0, 0x3f, 0xbf, 0xf2, 0x2f, 0xfd,
    0xa0, 0x1f, 0x8f, 0xff, 0x22, 0x3f, 0xf0, 0x80,
    0x7d, 0x3f, 0xf9, 0x7, 0xff, 0x40, 0x7, 0x8b,
    0xff, 0x90, 0x33, 0xff, 0x30, 0x6, 0x3d, 0xff,
    0xe4, 0x6, 0xff, 0xed, 0xaa, 0x67, 0xff, 0xc8,
    0x0, 0xbf, 0xff, 0xf5, 0xe7, 0xfc, 0x80, 0x15,
    0x7f, 0xfe, 0xa0, 0xcf, 0xf9, 0x0, 0x32, 0x56,
    0xff, 0xb6, 0x4c, 0x1, 0x9f, 0xf2, 0x0,

    /* U+1EE8 "Ứ" */
    0x0, 0xff, 0xe1, 0x47, 0xfd, 0x60, 0x1f, 0xfc,
    0xb5, 0xff, 0xac, 0x3, 0xff, 0x96, 0x5f, 0xf5,
    0x80, 0x7f, 0xf3, 0x37, 0xfd, 0x60, 0x1f, 0xfc,
    0xca, 0xff, 0x58, 0x7, 0xff, 0x31, 0xbf, 0xd6,
    0x1, 0xff, 0xff, 0x0, 0xff, 0xe7, 0x97, 0xfe,
    0x20, 0xf, 0xfe, 0x4, 0xff, 0xd4, 0x0, 0xaf,
    0xf1, 0x97, 0xfe, 0x20, 0xf, 0xfe, 0x4, 0xff,
    0xd4, 0x0, 0xaf, 0xf1, 0x97, 0xfe, 0x20, 0xf,
    0xfe, 0x4, 0xff, 0xd4, 0x0, 0xcf, 0xf1, 0x13,
    0xff, 0x10, 0x7, 0xff, 0x2, 0x7f, 0xea, 0x1,
    0xff, 0x80, 0xbf, 0xf1, 0x0, 0x7f, 0xf0, 0x27,
    0xfe, 0xa0, 0x9f, 0xf5, 0x81, 0x7f, 0xe2, 0x0,
    0xff, 0xe0, 0x4f, 0xfe, 0xef, 0xf8, 0xc0, 0xbf,
    0xf1, 0x0, 0x7f, 0xf0, 0x27, 0xff, 0xe6, 0x0,
    0x17, 0xfe, 0x20, 0xf, 0xfe, 0x4, 0xff, 0xed,
    0x92, 0x0, 0x8b, 0xff, 0x10, 0x7, 0xff, 0x2,
    0x7f, 0xea, 0x0, 0xf1, 0x7f, 0xe2, 0x0, 0xff,
    0xe0, 0x4f, 0xfd, 0x40, 0x1e, 0x2f, 0xfc, 0x40,
    0x1f, 0xfc, 0x9, 0xff, 0xa8, 0x3, 0xc5, 0xff,
    0x88, 0x3, 0xff, 0x81, 0x3f, 0xf5, 0x0, 0x78,
    0xbf, 0xf1, 0x0, 0x7f, 0xf0, 0x27, 0xfe, 0xa0,
    0xf, 0x17, 0xfe, 0x20, 0xf, 0xfe, 0x4, 0xff,
    0xd4, 0x1, 0xe2, 0xff, 0xc4, 0x1, 0xff, 0xc0,
    0x9f, 0xfa, 0x80, 0x3c, 0x5f, 0xf8, 0x80, 0x3f,
    0xf8, 0x13, 0xff, 0x50, 0x7, 0x8b, 0xff, 0x10,
    0x7, 0xff, 0x2, 0x7f, 0xea, 0x0, 0xf1, 0x7f,
    0xe2, 0x0, 0xff, 0xe0, 0x4f, 0xfd, 0x40, 0x1e,
    0x2f, 0xfc, 0x40, 0x1f, 0xfc, 0xa, 0xff, 0xa8,
    0x3, 0xc3, 0xff, 0x8c, 0x3, 0xff, 0x81, 0x7f,
    0xf4, 0x80, 0x7d, 0xff, 0x94, 0x3, 0xff, 0x81,
    0xbf, 0xf4, 0x0, 0x7d, 0xbf, 0xf4, 0x80, 0x7f,
    0xc3, 0xff, 0x94, 0x3, 0xea, 0xff, 0xb8, 0x3,
    0xfe, 0x6f, 0xfc, 0x20, 0x1f, 0x2f, 0xfe, 0x80,
    0xf, 0xe1, 0xef, 0xfb, 0x0, 0x3f, 0xb7, 0xff,
    0x48, 0x7, 0xc7, 0xdf, 0xf9, 0x40, 0x3f, 0x97,
    0xff, 0xd5, 0xc, 0xf3, 0xbf, 0xfd, 0x60, 0x1f,
    0xf4, 0x7f, 0xff, 0xf0, 0xf4, 0x40, 0x3f, 0xf8,
    0xd, 0xff, 0xff, 0xc1, 0xb1, 0x0, 0xff, 0xe1,
    0xc, 0x77, 0xff, 0xeb, 0x40, 0xf, 0xfe, 0x39,
    0x2b, 0x3b, 0x99, 0x0, 0x3f, 0xf8, 0x40,

    /* U+1EE9 "ứ" */
    0x0, 0xff, 0x87, 0x7f, 0xe6, 0x0, 0xff, 0xe2,
    0x5f, 0xfc, 0xa0, 0x1f, 0xfc, 0x49, 0xff, 0x90,
    0x3, 0x2a, 0x90, 0x3, 0xf9, 0xbf, 0xdc, 0x60,
    0x18, 0xbf, 0xd8, 0x1, 0xf9, 0x3f, 0xdc, 0x40,
    0x1c, 0x5f, 0xeb, 0x0, 0xfc, 0xf1, 0x1, 0x0,
    0xf2, 0x7f, 0xa8, 0x3, 0xff, 0x8d, 0x5f, 0xe7,
    0x0, 0xff, 0xe2, 0xb, 0xff, 0xc4, 0xdf, 0xf5,
    0x80, 0x7f, 0x67, 0xff, 0x40, 0x37, 0xfd, 0x60,
    0x1f, 0xd9, 0xff, 0xa0, 0x0, 0xdf, 0xf5, 0x80,
    0x7f, 0x67, 0xfc, 0xc0, 0x13, 0x7f, 0xd6, 0x1,
    0xfd, 0x9f, 0xf2, 0x0, 0x4d, 0xff, 0x58, 0x7,
    0xf6, 0x7f, 0xc8, 0x1, 0x37, 0xfd, 0x60, 0x1f,
    0xd9, 0xff, 0x20, 0x4, 0xdf, 0xf5, 0x80, 0x7f,
    0x67, 0xfc, 0x80, 0x13, 0x7f, 0xd6, 0x1, 0xfd,
    0x9f, 0xf2, 0x0, 0x4d, 0xff, 0x58, 0x7, 0xf6,
    0x7f, 0xc8, 0x1, 0x37, 0xfd, 0x60, 0x1f, 0xd9,
    0xff, 0x20, 0x4, 0xdf, 0xf5, 0x80, 0x7f, 0x6f,
    0xfc, 0x80, 0x13, 0x7f, 0xd6, 0x1, 0xfd, 0xdf,
    0xf2, 0x0, 0x4d, 0xff, 0x60, 0x7, 0xf7, 0xfe,
    0x40, 0x9, 0x7f, 0xed, 0x0, 0xfc, 0x7f, 0xf9,
    0x0, 0x24, 0xff, 0xc2, 0x1, 0xf4, 0xff, 0xe4,
    0x0, 0x87, 0xff, 0x40, 0x7, 0x8b, 0xff, 0x90,
    0x3, 0x67, 0xfe, 0x60, 0xc, 0x7b, 0xff, 0xc8,
    0x1, 0x9b, 0xff, 0xb6, 0xa9, 0x9f, 0xff, 0x20,
    0x7, 0x5f, 0xff, 0xfa, 0xf3, 0xfe, 0x40, 0xf,
    0x57, 0xff, 0xea, 0xc, 0xff, 0x90, 0x3, 0xe4,
    0xad, 0xff, 0x6c, 0x98, 0x3, 0x3f, 0xe4, 0x0,
    0x80,

    /* U+1EEA "Ừ" */
    0x0, 0xc3, 0xbf, 0xf2, 0x80, 0x7f, 0xf3, 0x7,
    0xbf, 0xdc, 0x20, 0x1f, 0xfc, 0xc2, 0xef, 0xf6,
    0x0, 0x7f, 0xf3, 0x4b, 0xbf, 0xd0, 0x1, 0xff,
    0xcd, 0x3f, 0xf8, 0xc0, 0x3f, 0xf9, 0xa7, 0xfe,
    0xe1, 0x0, 0xff, 0xff, 0x80, 0x7f, 0xf3, 0xcb,
    0xff, 0x10, 0x7, 0xff, 0x2, 0x7f, 0xea, 0x0,
    0x57, 0xf8, 0xcb, 0xff, 0x10, 0x7, 0xff, 0x2,
    0x7f, 0xea, 0x0, 0x57, 0xf8, 0xcb, 0xff, 0x10,
    0x7, 0xff, 0x2, 0x7f, 0xea, 0x0, 0x67, 0xf8,
    0x89, 0xff, 0x88, 0x3, 0xff, 0x81, 0x3f, 0xf5,
    0x0, 0xff, 0xc0, 0x5f, 0xf8, 0x80, 0x3f, 0xf8,
    0x13, 0xff, 0x50, 0x4f, 0xfa, 0xc0, 0xbf, 0xf1,
    0x0, 0x7f, 0xf0, 0x27, 0xff, 0x77, 0xfc, 0x60,
    0x5f, 0xf8, 0x80, 0x3f, 0xf8, 0x13, 0xff, 0xf3,
    0x0, 0xb, 0xff, 0x10, 0x7, 0xff, 0x2, 0x7f,
    0xf6, 0xc9, 0x0, 0x45, 0xff, 0x88, 0x3, 0xff,
    0x81, 0x3f, 0xf5, 0x0, 0x78, 0xbf, 0xf1, 0x0,
    0x7f, 0xf0, 0x27, 0xfe, 0xa0, 0xf, 0x17, 0xfe,
    0x20, 0xf, 0xfe, 0x4, 0xff, 0xd4, 0x1, 0xe2,
    0xff, 0xc4, 0x1, 0xff, 0xc0, 0x9f, 0xfa, 0x80,
    0x3c, 0x5f, 0xf8, 0x80, 0x3f, 0xf8, 0x13, 0xff,
    0x50, 0x7, 0x8b, 0xff, 0x10, 0x7, 0xff, 0x2,
    0x7f, 0xea, 0x0, 0xf1, 0x7f, 0xe2, 0x0, 0xff,
    0xe0, 0x4f, 0xfd, 0x40, 0x1e, 0x2f, 0xfc, 0x40,
    0x1f, 0xfc, 0x9, 0xff, 0xa8, 0x3, 0xc5, 0xff,
    0x88, 0x3, 0xff, 0x81, 0x3f, 0xf5, 0x0, 0x78,
    0xbf, 0xf1, 0x0, 0x7f, 0xf0, 0x27, 0xfe, 0xa0,
    0xf, 0x17, 0xfe, 0x20, 0xf, 0xfe, 0x5, 0x7f,
    0xd4, 0x1, 0xe1, 0xff, 0xc6, 0x1, 0xff, 0xc0,
    0xbf, 0xfa, 0x40, 0x3e, 0xff, 0xca, 0x1, 0xff,
    0xc0, 0xdf, 0xfa, 0x0, 0x3e, 0xdf, 0xfa, 0x40,
    0x3f, 0xe1, 0xff, 0xca, 0x1, 0xf5, 0x7f, 0xdc,
    0x1, 0xff, 0x37, 0xfe, 0x10, 0xf, 0x97, 0xff,
    0x40, 0x7, 0xf0, 0xf7, 0xfd, 0x80, 0x1f, 0xdb,
    0xff, 0xa4, 0x3, 0xe3, 0xef, 0xfc, 0xa0, 0x1f,
    0xcb, 0xff, 0xea, 0x86, 0x79, 0xdf, 0xfe, 0xb0,
    0xf, 0xfa, 0x3f, 0xff, 0xf8, 0x7a, 0x20, 0x1f,
    0xfc, 0x6, 0xff, 0xff, 0xe0, 0xd8, 0x80, 0x7f,
    0xf0, 0x86, 0x3b, 0xff, 0xf5, 0xa0, 0x7, 0xff,
    0x1c, 0x95, 0x9d, 0xcc, 0x80, 0x1f, 0xfc, 0x20,

    /* U+1EEB "ừ" */
    0x0, 0x27, 0xfd, 0xc2, 0x1, 0xff, 0xc5, 0x4f,
    0xfa, 0xc0, 0x3f, 0xf8, 0xc9, 0xff, 0x40, 0x7,
    0xf9, 0x54, 0x80, 0x1c, 0x9f, 0xf2, 0x80, 0x7e,
    0x2f, 0xf6, 0x0, 0x78, 0xff, 0xe2, 0x0, 0xf8,
    0xbf, 0xd6, 0x1, 0xf1, 0xc4, 0x18, 0x3, 0xe4,
    0xff, 0x50, 0x7, 0xff, 0x1a, 0xbf, 0xce, 0x1,
    0xff, 0xc4, 0x17, 0xff, 0x89, 0xbf, 0xeb, 0x0,
    0xfe, 0xcf, 0xfe, 0x80, 0x6f, 0xfa, 0xc0, 0x3f,
    0xb3, 0xff, 0x40, 0x1, 0xbf, 0xeb, 0x0, 0xfe,
    0xcf, 0xf9, 0x80, 0x26, 0xff, 0xac, 0x3, 0xfb,
    0x3f, 0xe4, 0x0, 0x9b, 0xfe, 0xb0, 0xf, 0xec,
    0xff, 0x90, 0x2, 0x6f, 0xfa, 0xc0, 0x3f, 0xb3,
    0xfe, 0x40, 0x9, 0xbf, 0xeb, 0x0, 0xfe, 0xcf,
    0xf9, 0x0, 0x26, 0xff, 0xac, 0x3, 0xfb, 0x3f,
    0xe4, 0x0, 0x9b, 0xfe, 0xb0, 0xf, 0xec, 0xff,
    0x90, 0x2, 0x6f, 0xfa, 0xc0, 0x3f, 0xb3, 0xfe,
    0x40, 0x9, 0xbf, 0xeb, 0x0, 0xfe, 0xdf, 0xf9,
    0x0, 0x26, 0xff, 0xac, 0x3, 0xfb, 0xbf, 0xe4,
    0x0, 0x9b, 0xfe, 0xc0, 0xf, 0xef, 0xfc, 0x80,
    0x12, 0xff, 0xda, 0x1, 0xf8, 0xff, 0xf2, 0x0,
    0x49, 0xff, 0x84, 0x3, 0xe9, 0xff, 0xc8, 0x1,
    0xf, 0xfe, 0x80, 0xf, 0x17, 0xff, 0x20, 0x6,
    0xcf, 0xfc, 0xc0, 0x18, 0xf7, 0xff, 0x90, 0x3,
    0x37, 0xff, 0x6d, 0x53, 0x3f, 0xfe, 0x40, 0xe,
    0xbf, 0xff, 0xf5, 0xe7, 0xfc, 0x80, 0x1e, 0xaf,
    0xff, 0xd4, 0x19, 0xff, 0x20, 0x7, 0xc9, 0x5b,
    0xfe, 0xd9, 0x30, 0x6, 0x7f, 0xc8, 0x1, 0x0,

    /* U+1EEC "Ử" */
    0x0, 0xfe, 0xdf, 0xeb, 0x60, 0xf, 0xfe, 0x66,
    0xff, 0xee, 0x30, 0xf, 0xfe, 0x52, 0x34, 0x6f,
    0xfb, 0x80, 0x3f, 0xf9, 0xd7, 0xfe, 0x50, 0xf,
    0xfe, 0x6c, 0xff, 0x90, 0x3, 0xff, 0x96, 0x2d,
    0xfe, 0xe1, 0x0, 0xff, 0xe5, 0x2f, 0xfd, 0x84,
    0x1, 0xff, 0xcb, 0x28, 0x52, 0x0, 0xff, 0xf0,
    0x17, 0xfe, 0x20, 0xf, 0xfe, 0x4, 0xff, 0xd4,
    0x0, 0xaf, 0xf1, 0x97, 0xfe, 0x20, 0xf, 0xfe,
    0x4, 0xff, 0xd4, 0x0, 0xaf, 0xf1, 0x97, 0xfe,
    0x20, 0xf, 0xfe, 0x4, 0xff, 0xd4, 0x0, 0xcf,
    0xf1, 0x13, 0xff, 0x10, 0x7, 0xff, 0x2, 0x7f,
    0xea, 0x1, 0xff, 0x80, 0xbf, 0xf1, 0x0, 0x7f,
    0xf0, 0x27, 0xfe, 0xa0, 0x9f, 0xf5, 0x81, 0x7f,
    0xe2, 0x0, 0xff, 0xe0, 0x4f, 0xfe, 0xef, 0xf8,
    0xc0, 0xbf, 0xf1, 0x0, 0x7f, 0xf0, 0x27, 0xff,
    0xe6, 0x0, 0x17, 0xfe, 0x20, 0xf, 0xfe, 0x4,
    0xff, 0xed, 0x92, 0x0, 0x8b, 0xff, 0x10, 0x7,
    0xff, 0x2, 0x7f, 0xea, 0x0, 0xf1, 0x7f, 0xe2,
    0x0, 0xff, 0xe0, 0x4f, 0xfd, 0x40, 0x1e, 0x2f,
    0xfc, 0x40, 0x1f, 0xfc, 0x9, 0xff, 0xa8, 0x3,
    0xc5, 0xff, 0x88, 0x3, 0xff, 0x81, 0x3f, 0xf5,
    0x0, 0x78, 0xbf, 0xf1, 0x0, 0x7f, 0xf0, 0x27,
    0xfe, 0xa0, 0xf, 0x17, 0xfe, 0x20, 0xf, 0xfe,
    0x4, 0xff, 0xd4, 0x1, 0xe2, 0xff, 0xc4, 0x1,
    0xff, 0xc0, 0x9f, 0xfa, 0x80, 0x3c, 0x5f, 0xf8,
    0x80, 0x3f, 0xf8, 0x13, 0xff, 0x50, 0x7, 0x8b,
    0xff, 0x10, 0x7, 0xff, 0x2, 0x7f, 0xea, 0x0,
    0xf1, 0x7f, 0xe2, 0x0, 0xff, 0xe0, 0x4f, 0xfd,
    0x40, 0x1e, 0x2f, 0xfc, 0x40, 0x1f, 0xfc, 0xa,
    0xff, 0xa8, 0x3, 0xc3, 0xff, 0x8c, 0x3, 0xff,
    0x81, 0x7f, 0xf4, 0x80, 0x7d, 0xff, 0x94, 0x3,
    0xff, 0x81, 0xbf, 0xf4, 0x0, 0x7d, 0xbf, 0xf4,
    0x80, 0x7f, 0xc3, 0xff, 0x94, 0x3, 0xea, 0xff,
    0xb8, 0x3, 0xfe, 0x6f, 0xfc, 0x20, 0x1f, 0x2f,
    0xfe, 0x80, 0xf, 0xe1, 0xef, 0xfb, 0x0, 0x3f,
    0xb7, 0xff, 0x48, 0x7, 0xc7, 0xdf, 0xf9, 0x40,
    0x3f, 0x97, 0xff, 0xd5, 0xc, 0xf3, 0xbf, 0xfd,
    0x60, 0x1f, 0xf4, 0x7f, 0xff, 0xf0, 0xf4, 0x40,
    0x3f, 0xf8, 0xd, 0xff, 0xff, 0xc1, 0xb1, 0x0,
    0xff, 0xe1, 0xc, 0x77, 0xff, 0xeb, 0x40, 0xf,
    0xfe, 0x39, 0x2b, 0x3b, 0x99, 0x0, 0x3f, 0xf8,
    0x40,

    /* U+1EED "ử" */
    0x0, 0xf1, 0xff, 0xb6, 0x94, 0x3, 0xff, 0x88,
    0x7f, 0xfd, 0xa4, 0x1, 0xff, 0xc2, 0x15, 0x69,
    0xef, 0xf6, 0x0, 0x71, 0x98, 0x80, 0x3f, 0xc3,
    0xff, 0x0, 0x62, 0xff, 0x60, 0x7, 0xf8, 0x7f,
    0xda, 0x1, 0x8b, 0xfd, 0x80, 0x1f, 0x9a, 0xff,
    0xdc, 0x80, 0x19, 0x3f, 0xd4, 0x1, 0xfa, 0xba,
    0xdc, 0x40, 0x3a, 0xbf, 0xce, 0x1, 0xff, 0xc4,
    0x17, 0xff, 0x89, 0xbf, 0xeb, 0x0, 0xfe, 0xcf,
    0xfe, 0x80, 0x6f, 0xfa, 0xc0, 0x3f, 0xb3, 0xff,
    0x40, 0x1, 0xbf, 0xeb, 0x0, 0xfe, 0xcf, 0xf9,
    0x80, 0x26, 0xff, 0xac, 0x3, 0xfb, 0x3f, 0xe4,
    0x0, 0x9b, 0xfe, 0xb0, 0xf, 0xec, 0xff, 0x90,
    0x2, 0x6f, 0xfa, 0xc0, 0x3f, 0xb3, 0xfe, 0x40,
    0x9, 0xbf, 0xeb, 0x0, 0xfe, 0xcf, 0xf9, 0x0,
    0x26, 0xff, 0xac, 0x3, 0xfb, 0x3f, 0xe4, 0x0,
    0x9b, 0xfe, 0xb0, 0xf, 0xec, 0xff, 0x90, 0x2,
    0x6f, 0xfa, 0xc0, 0x3f, 0xb3, 0xfe, 0x40, 0x9,
    0xbf, 0xeb, 0x0, 0xfe, 0xdf, 0xf9, 0x0, 0x26,
    0xff, 0xac, 0x3, 0xfb, 0xbf, 0xe4, 0x0, 0x9b,
    0xfe, 0xc0, 0xf, 0xef, 0xfc, 0x80, 0x12, 0xff,
    0xda, 0x1, 0xf8, 0xff, 0xf2, 0x0, 0x49, 0xff,
    0x84, 0x3, 0xe9, 0xff, 0xc8, 0x1, 0xf, 0xfe,
    0x80, 0xf, 0x17, 0xff, 0x20, 0x6, 0xcf, 0xfc,
    0xc0, 0x18, 0xf7, 0xff, 0x90, 0x3, 0x37, 0xff,
    0x6d, 0x53, 0x3f, 0xfe, 0x40, 0xe, 0xbf, 0xff,
    0xf5, 0xe7, 0xfc, 0x80, 0x1e, 0xaf, 0xff, 0xd4,
    0x19, 0xff, 0x20, 0x7, 0xc9, 0x5b, 0xfe, 0xd9,
    0x30, 0x6, 0x7f, 0xc8, 0x1, 0x0,

    /* U+1EEE "Ữ" */
    0x0, 0xf0, 0xd7, 0x7d, 0x0, 0x77, 0x7c, 0x80,
    0x7f, 0xf0, 0xc7, 0x7f, 0xf6, 0x88, 0x5, 0xfe,
    0x80, 0xf, 0xfe, 0x1c, 0x7f, 0x9d, 0xdf, 0xeb,
    0x0, 0x27, 0xf9, 0x40, 0x3f, 0xf8, 0x7b, 0xf4,
    0x0, 0x6f, 0xf5, 0xa6, 0xff, 0x80, 0x3f, 0xf8,
    0x9f, 0xe6, 0x0, 0xa3, 0xff, 0x98, 0x3, 0xff,
    0x86, 0x39, 0x84, 0x0, 0xcd, 0xbf, 0xac, 0x1,
    0xff, 0xfa, 0x2f, 0xfc, 0x40, 0x1f, 0xfc, 0x9,
    0xff, 0xa8, 0x1, 0x5f, 0xe3, 0x2f, 0xfc, 0x40,
    0x1f, 0xfc, 0x9, 0xff, 0xa8, 0x1, 0x5f, 0xe3,
    0x2f, 0xfc, 0x40, 0x1f, 0xfc, 0x9, 0xff, 0xa8,
    0x1, 0x9f, 0xe2, 0x27, 0xfe, 0x20, 0xf, 0xfe,
    0x4, 0xff, 0xd4, 0x3, 0xff, 0x1, 0x7f, 0xe2,
    0x0, 0xff, 0xe0, 0x4f, 0xfd, 0x41, 0x3f, 0xeb,
    0x2, 0xff, 0xc4, 0x1, 0xff, 0xc0, 0x9f, 0xfd,
    0xdf, 0xf1, 0x81, 0x7f, 0xe2, 0x0, 0xff, 0xe0,
    0x4f, 0xff, 0xcc, 0x0, 0x2f, 0xfc, 0x40, 0x1f,
    0xfc, 0x9, 0xff, 0xdb, 0x24, 0x1, 0x17, 0xfe,
    0x20, 0xf, 0xfe, 0x4, 0xff, 0xd4, 0x1, 0xe2,
    0xff, 0xc4, 0x1, 0xff, 0xc0, 0x9f, 0xfa, 0x80,
    0x3c, 0x5f, 0xf8, 0x80, 0x3f, 0xf8, 0x13, 0xff,
    0x50, 0x7, 0x8b, 0xff, 0x10, 0x7, 0xff, 0x2,
    0x7f, 0xea, 0x0, 0xf1, 0x7f, 0xe2, 0x0, 0xff,
    0xe0, 0x4f, 0xfd, 0x40, 0x1e, 0x2f, 0xfc, 0x40,
    0x1f, 0xfc, 0x9, 0xff, 0xa8, 0x3, 0xc5, 0xff,
    0x88, 0x3, 0xff, 0x81, 0x3f, 0xf5, 0x0, 0x78,
    0xbf, 0xf1, 0x0, 0x7f, 0xf0, 0x27, 0xfe, 0xa0,
    0xf, 0x17, 0xfe, 0x20, 0xf, 0xfe, 0x4, 0xff,
    0xd4, 0x1, 0xe2, 0xff, 0xc4, 0x1, 0xff, 0xc0,
    0x9f, 0xfa, 0x80, 0x3c, 0x5f, 0xf8, 0x80, 0x3f,
    0xf8, 0x15, 0xff, 0x50, 0x7, 0x87, 0xff, 0x18,
    0x7, 0xff, 0x2, 0xff, 0xe9, 0x0, 0xfb, 0xff,
    0x28, 0x7, 0xff, 0x3, 0x7f, 0xe8, 0x0, 0xfb,
    0x7f, 0xe9, 0x0, 0xff, 0x87, 0xff, 0x28, 0x7,
    0xd5, 0xff, 0x70, 0x7, 0xfc, 0xdf, 0xf8, 0x40,
    0x3e, 0x5f, 0xfd, 0x0, 0x1f, 0xc3, 0xdf, 0xf6,
    0x0, 0x7f, 0x6f, 0xfe, 0x90, 0xf, 0x8f, 0xbf,
    0xf2, 0x80, 0x7f, 0x2f, 0xff, 0xaa, 0x19, 0xe7,
    0x7f, 0xfa, 0xc0, 0x3f, 0xe8, 0xff, 0xff, 0xe1,
    0xe8, 0x80, 0x7f, 0xf0, 0x1b, 0xff, 0xff, 0x83,
    0x62, 0x1, 0xff, 0xc2, 0x18, 0xef, 0xff, 0xd6,
    0x80, 0x1f, 0xfc, 0x72, 0x56, 0x77, 0x32, 0x0,
    0x7f, 0xf0, 0x80,

    /* U+1EEF "ữ" */
    0x0, 0xcb, 0xbf, 0xd4, 0x20, 0x12, 0x7f, 0x8c,
    0x3, 0xf3, 0xff, 0xf7, 0x20, 0x2, 0x7f, 0xc2,
    0x1, 0xf0, 0xff, 0xd5, 0xbf, 0xf5, 0x4f, 0xfb,
    0x40, 0x27, 0x72, 0x80, 0x17, 0xfc, 0x80, 0x8,
    0xff, 0xf2, 0x0, 0xb, 0xfd, 0x80, 0x7, 0xff,
    0x0, 0x64, 0xcf, 0xf6, 0x20, 0x4, 0x5f, 0xeb,
    0x0, 0xff, 0xe3, 0x27, 0xfa, 0x80, 0x3f, 0xf8,
    0xd5, 0xfe, 0x70, 0xf, 0xfe, 0x20, 0xc7, 0xfc,
    0x2d, 0xff, 0x58, 0x7, 0xf6, 0x7f, 0xf4, 0x3,
    0x7f, 0xd6, 0x1, 0xfd, 0x9f, 0xfa, 0x0, 0xd,
    0xff, 0x58, 0x7, 0xf6, 0x7f, 0xcc, 0x1, 0x37,
    0xfd, 0x60, 0x1f, 0xd9, 0xff, 0x20, 0x4, 0xdf,
    0xf5, 0x80, 0x7f, 0x67, 0xfc, 0x80, 0x13, 0x7f,
    0xd6, 0x1, 0xfd, 0x9f, 0xf2, 0x0, 0x4d, 0xff,
    0x58, 0x7, 0xf6, 0x7f, 0xc8, 0x1, 0x37, 0xfd,
    0x60, 0x1f, 0xd9, 0xff, 0x20, 0x4, 0xdf, 0xf5,
    0x80, 0x7f, 0x67, 0xfc, 0x80, 0x13, 0x7f, 0xd6,
    0x1, 0xfd, 0x9f, 0xf2, 0x0, 0x4d, 0xff, 0x58,
    0x7, 0xf6, 0xff, 0xc8, 0x1, 0x37, 0xfd, 0x60,
    0x1f, 0xdd, 0xff, 0x20, 0x4, 0xdf, 0xf6, 0x0,
    0x7f, 0x7f, 0xe4, 0x0, 0x97, 0xfe, 0xd0, 0xf,
    0xc7, 0xff, 0x90, 0x2, 0x4f, 0xfc, 0x20, 0x1f,
    0x4f, 0xfe, 0x40, 0x8, 0x7f, 0xf4, 0x0, 0x78,
    0xbf, 0xf9, 0x0, 0x36, 0x7f, 0xe6, 0x0, 0xc7,
    0xbf, 0xfc, 0x80, 0x19, 0xbf, 0xfb, 0x6a, 0x99,
    0xff, 0xf2, 0x0, 0x75, 0xff, 0xff, 0xaf, 0x3f,
    0xe4, 0x0, 0xf5, 0x7f, 0xfe, 0xa0, 0xcf, 0xf9,
    0x0, 0x3e, 0x4a, 0xdf, 0xf6, 0xc9, 0x80, 0x33,
    0xfe, 0x40, 0x8,

    /* U+1EF0 "Ự" */
    0x2f, 0xfc, 0x40, 0x1f, 0xfc, 0x9, 0xff, 0xa8,
    0x1, 0x5f, 0xe3, 0x2f, 0xfc, 0x40, 0x1f, 0xfc,
    0x9, 0xff, 0xa8, 0x1, 0x5f, 0xe3, 0x2f, 0xfc,
    0x40, 0x1f, 0xfc, 0x9, 0xff, 0xa8, 0x1, 0x9f,
    0xe2, 0x27, 0xfe, 0x20, 0xf, 0xfe, 0x4, 0xff,
    0xd4, 0x3, 0xff, 0x1, 0x7f, 0xe2, 0x0, 0xff,
    0xe0, 0x4f, 0xfd, 0x41, 0x3f, 0xeb, 0x2, 0xff,
    0xc4, 0x1, 0xff, 0xc0, 0x9f, 0xfd, 0xdf, 0xf1,
    0x81, 0x7f, 0xe2, 0x0, 0xff, 0xe0, 0x4f, 0xff,
    0xcc, 0x0, 0x2f, 0xfc, 0x40, 0x1f, 0xfc, 0x9,
    0xff, 0xdb, 0x24, 0x1, 0x17, 0xfe, 0x20, 0xf,
    0xfe, 0x4, 0xff, 0xd4, 0x1, 0xe2, 0xff, 0xc4,
    0x1, 0xff, 0xc0, 0x9f, 0xfa, 0x80, 0x3c, 0x5f,
    0xf8, 0x80, 0x3f, 0xf8, 0x13, 0xff, 0x50, 0x7,
    0x8b, 0xff, 0x10, 0x7, 0xff, 0x2, 0x7f, 0xea,
    0x0, 0xf1, 0x7f, 0xe2, 0x0, 0xff, 0xe0, 0x4f,
    0xfd, 0x40, 0x1e, 0x2f, 0xfc, 0x40, 0x1f, 0xfc,
    0x9, 0xff, 0xa8, 0x3, 0xc5, 0xff, 0x88, 0x3,
    0xff, 0x81, 0x3f, 0xf5, 0x0, 0x78, 0xbf, 0xf1,
    0x0, 0x7f, 0xf0, 0x27, 0xfe, 0xa0, 0xf, 0x17,
    0xfe, 0x20, 0xf, 0xfe, 0x4, 0xff, 0xd4, 0x1,
    0xe2, 0xff, 0xc4, 0x1, 0xff, 0xc0, 0x9f, 0xfa,
    0x80, 0x3c, 0x5f, 0xf8, 0x80, 0x3f, 0xf8, 0x15,
    0xff, 0x50, 0x7, 0x87, 0xff, 0x18, 0x7, 0xff,
    0x2, 0xff, 0xe9, 0x0, 0xfb, 0xff, 0x28, 0x7,
    0xff, 0x3, 0x7f, 0xe8, 0x0, 0xfb, 0x7f, 0xe9,
    0x0, 0xff, 0x87, 0xff, 0x28, 0x7, 0xd5, 0xff,
    0x70, 0x7, 0xfc, 0xdf, 0xf8, 0x40, 0x3e, 0x5f,
    0xfd, 0x0, 0x1f, 0xc3, 0xdf, 0xf6, 0x0, 0x7f,
    0x6f, 0xfe, 0x90, 0xf, 0x8f, 0xbf, 0xf2, 0x80,
    0x7f, 0x2f, 0xff, 0xaa, 0x19, 0xe7, 0x7f, 0xfa,
    0xc0, 0x3f, 0xe8, 0xff, 0xff, 0xe1, 0xe8, 0x80,
    0x7f, 0xf0, 0x1b, 0xff, 0xff, 0x83, 0x62, 0x1,
    0xff, 0xc2, 0x18, 0xef, 0xff, 0xd6, 0x80, 0x1f,
    0xfc, 0x72, 0x56, 0x77, 0x32, 0x0, 0x7f, 0xfa,
    0x12, 0x23, 0x8, 0x7, 0xff, 0x2e, 0x3f, 0xf1,
    0x0, 0x7f, 0xf2, 0xe3, 0xff, 0x10, 0x7, 0xff,
    0x2e, 0x3f, 0xf1, 0x0, 0x7f, 0xf2, 0xe3, 0xff,
    0x10, 0x7, 0xff, 0x8,

    /* U+1EF1 "ự" */
    0x0, 0xff, 0xe3, 0xc, 0x41, 0x80, 0x3f, 0xf8,
    0xc5, 0xfe, 0xc0, 0xf, 0xfe, 0x31, 0x7f, 0xac,
    0x3, 0xff, 0x8c, 0x9f, 0xea, 0x0, 0xff, 0xe3,
    0x57, 0xf9, 0xc0, 0x3f, 0xf8, 0x83, 0x1f, 0xf0,
    0xb7, 0xfd, 0x60, 0x1f, 0xd9, 0xff, 0xce, 0xd,
    0xff, 0x58, 0x7, 0xf6, 0x7f, 0xe8, 0x0, 0x37,
    0xfd, 0x60, 0x1f, 0xd9, 0xff, 0x30, 0x4, 0xdf,
    0xf5, 0x80, 0x7f, 0x67, 0xfc, 0x80, 0x13, 0x7f,
    0xd6, 0x1, 0xfd, 0x9f, 0xf2, 0x0, 0x4d, 0xff,
    0x58, 0x7, 0xf6, 0x7f, 0xc8, 0x1, 0x37, 0xfd,
    0x60, 0x1f, 0xd9, 0xff, 0x20, 0x4, 0xdf, 0xf5,
    0x80, 0x7f, 0x67, 0xfc, 0x80, 0x13, 0x7f, 0xd6,
    0x1, 0xfd, 0x9f, 0xf2, 0x0, 0x4d, 0xff, 0x58,
    0x7, 0xf6, 0x7f, 0xc8, 0x1, 0x37, 0xfd, 0x60,
    0x1f, 0xdb, 0xff, 0x20, 0x4, 0xdf, 0xf5, 0x80,
    0x7f, 0x77, 0xfc, 0x80, 0x13, 0x7f, 0xd8, 0x1,
    0xfd, 0xff, 0x90, 0x2, 0x5f, 0xfb, 0x40, 0x3f,
    0x1f, 0xfe, 0x40, 0x9, 0x3f, 0xf0, 0x80, 0x7d,
    0x3f, 0xf9, 0x0, 0x21, 0xff, 0xd0, 0x1, 0xe2,
    0xff, 0xe4, 0x0, 0xd9, 0xff, 0x98, 0x3, 0x1e,
    0xff, 0xf2, 0x0, 0x66, 0xff, 0xed, 0xaa, 0x67,
    0xff, 0xc8, 0x1, 0xd7, 0xff, 0xfe, 0xbc, 0xff,
    0x90, 0x3, 0xd5, 0xff, 0xfa, 0x83, 0x3f, 0xe4,
    0x0, 0xf9, 0x2b, 0x7f, 0xdb, 0x26, 0x0, 0xcf,
    0xf9, 0x0, 0x3f, 0xfd, 0x4b, 0x11, 0x80, 0x3f,
    0xf8, 0xb5, 0xff, 0x80, 0x3f, 0xf8, 0xb5, 0xff,
    0x80, 0x3f, 0xf8, 0xb5, 0xff, 0x80, 0x3f, 0xf8,
    0xb5, 0xff, 0x80, 0x3f, 0xc0,

    /* U+1EF2 "Ỳ" */
    0x0, 0xe1, 0x78, 0x88, 0x40, 0x3f, 0xf9, 0x2b,
    0xff, 0x60, 0x7, 0xff, 0x29, 0x7f, 0xe9, 0x0,
    0xff, 0xe5, 0x27, 0xfc, 0xc0, 0x1f, 0xfc, 0xa4,
    0xff, 0x8c, 0x3, 0xff, 0x94, 0x9f, 0xee, 0x10,
    0xf, 0xff, 0xf8, 0x7, 0xff, 0x9, 0x7f, 0xf4,
    0x0, 0x7f, 0xf0, 0xbb, 0xfe, 0xe0, 0x6, 0x7f,
    0xe1, 0x0, 0xff, 0xe0, 0x3f, 0xfe, 0x50, 0x1,
    0x7f, 0xea, 0x0, 0xff, 0x87, 0xff, 0x60, 0x6,
    0x9f, 0xfc, 0x60, 0x1f, 0xe9, 0xff, 0xc6, 0x1,
    0x87, 0xbf, 0xeb, 0x0, 0xfe, 0x2f, 0xfd, 0x20,
    0x1e, 0x6f, 0xfc, 0x80, 0x1f, 0xaf, 0xff, 0x8,
    0x7, 0xdb, 0xff, 0x68, 0x7, 0xc9, 0xff, 0x9c,
    0x3, 0xf2, 0x7f, 0xe6, 0x0, 0xf6, 0xff, 0xda,
    0x1, 0xfe, 0xaf, 0xfb, 0x80, 0x39, 0xff, 0xf2,
    0x80, 0x7f, 0x8b, 0xff, 0x38, 0x4, 0x3d, 0xff,
    0x58, 0x7, 0xff, 0x2, 0x3f, 0xf0, 0x80, 0x27,
    0xff, 0x10, 0x7, 0xff, 0x7, 0xbf, 0xe9, 0x2,
    0xff, 0xd2, 0x1, 0xff, 0xc2, 0x5f, 0xfc, 0x57,
    0xff, 0x84, 0x3, 0xff, 0x87, 0x9f, 0xf6, 0xff,
    0xe7, 0x0, 0xff, 0xe2, 0x1f, 0xff, 0xda, 0x1,
    0xff, 0xc6, 0x9f, 0xff, 0x20, 0x7, 0xff, 0x18,
    0x7f, 0xfa, 0xc0, 0x3f, 0xf9, 0xf, 0xff, 0x88,
    0x3, 0xff, 0x90, 0x9f, 0xf8, 0x3, 0xff, 0x92,
    0x9f, 0xf8, 0x3, 0xff, 0x92, 0x9f, 0xf8, 0x3,
    0xff, 0x92, 0x9f, 0xf8, 0x3, 0xff, 0x92, 0x9f,
    0xf8, 0x3, 0xff, 0x92, 0x9f, 0xf8, 0x3, 0xff,
    0x92, 0x9f, 0xf8, 0x3, 0xff, 0x92, 0x9f, 0xf8,
    0x3, 0xff, 0x92, 0x9f, 0xf8, 0x3, 0xff, 0x92,
    0x9f, 0xf8, 0x3, 0xff, 0x92, 0x9f, 0xf8, 0x3,
    0xfe,

    /* U+1EF3 "ỳ" */
    0x0, 0xd3, 0xff, 0x50, 0x7, 0xff, 0x1a, 0x7f,
    0xe6, 0x0, 0xff, 0xe3, 0x4f, 0xfc, 0x60, 0x1f,
    0xfc, 0x68, 0xff, 0x70, 0x80, 0x7f, 0xf1, 0xa3,
    0xfd, 0x80, 0x1f, 0xfc, 0x76, 0x88, 0x18, 0x7,
    0xff, 0xab, 0xbf, 0xe8, 0x0, 0xff, 0x3f, 0xfd,
    0xc0, 0x9, 0xff, 0xb8, 0x3, 0xfd, 0xbf, 0xf4,
    0x80, 0xb, 0xff, 0x20, 0x7, 0xe3, 0xff, 0xc4,
    0x1, 0x67, 0xfd, 0x20, 0x1f, 0xa3, 0xfe, 0xc0,
    0xc, 0xbf, 0xf8, 0x3, 0xf7, 0x7f, 0xcc, 0x1,
    0xdd, 0xff, 0x28, 0x7, 0x93, 0xff, 0x0, 0x7a,
    0x7f, 0xeb, 0x0, 0xf5, 0x7f, 0xd2, 0x1, 0xe2,
    0xff, 0xc2, 0x1, 0xdf, 0xf8, 0xc0, 0x3e, 0xcf,
    0xf9, 0x80, 0x32, 0xff, 0xd8, 0x1, 0xf9, 0xbf,
    0xec, 0x0, 0xd7, 0xff, 0x30, 0x7, 0xf7, 0x7f,
    0xc2, 0x0, 0x1f, 0xfc, 0x1, 0xfe, 0x9f, 0xf9,
    0xc0, 0xf, 0xff, 0x48, 0x7, 0xf8, 0xbf, 0xed,
    0x0, 0x6f, 0xfc, 0x60, 0x1f, 0xf6, 0x7f, 0xc4,
    0x4f, 0xfb, 0x40, 0x3f, 0xf8, 0xd, 0xff, 0x44,
    0x3f, 0xe6, 0x0, 0xff, 0xe0, 0xff, 0xdd, 0xcf,
    0xf8, 0x40, 0x3f, 0xf8, 0x33, 0xff, 0xea, 0x0,
    0xff, 0xe1, 0x17, 0xff, 0x8c, 0x3, 0xff, 0x87,
    0x9f, 0xfb, 0x40, 0x3f, 0xf8, 0x8d, 0xff, 0x9c,
    0x3, 0xff, 0x88, 0xdf, 0xf8, 0x40, 0x3f, 0xf8,
    0x99, 0xff, 0x50, 0x7, 0xff, 0x10, 0xff, 0xf2,
    0x0, 0x7f, 0xf1, 0x27, 0xfe, 0xd0, 0xf, 0xfe,
    0x2f, 0xfe, 0x70, 0xf, 0xfe, 0x23, 0x7f, 0xe1,
    0x0, 0xff, 0xe2, 0x67, 0xfd, 0x40, 0x1f, 0xfc,
    0x43, 0xff, 0xc8, 0x1, 0xff, 0xc4, 0x9f, 0xfb,
    0x40, 0x3f, 0xf8, 0xbf, 0xf9, 0xc0, 0x3f, 0xf8,
    0x0,

    /* U+1EF4 "Ỵ" */
    0x5f, 0xfd, 0x0, 0x1f, 0xfc, 0x2e, 0xff, 0xb8,
    0x1, 0x9f, 0xf8, 0x40, 0x3f, 0xf8, 0xf, 0xff,
    0x94, 0x0, 0x5f, 0xfa, 0x80, 0x3f, 0xe1, 0xff,
    0xd8, 0x1, 0xa7, 0xff, 0x18, 0x7, 0xfa, 0x7f,
    0xf1, 0x80, 0x61, 0xef, 0xfa, 0xc0, 0x3f, 0x8b,
    0xff, 0x48, 0x7, 0x9b, 0xff, 0x20, 0x7, 0xeb,
    0xff, 0xc2, 0x1, 0xf6, 0xff, 0xda, 0x1, 0xf2,
    0x7f, 0xe7, 0x0, 0xfc, 0x9f, 0xf9, 0x80, 0x3d,
    0xbf, 0xf6, 0x80, 0x7f, 0xab, 0xfe, 0xe0, 0xe,
    0x7f, 0xfc, 0xa0, 0x1f, 0xe2, 0xff, 0xce, 0x1,
    0xf, 0x7f, 0xd6, 0x1, 0xff, 0xc0, 0x8f, 0xfc,
    0x20, 0x9, 0xff, 0xc4, 0x1, 0xff, 0xc1, 0xef,
    0xfa, 0x40, 0xbf, 0xf4, 0x80, 0x7f, 0xf0, 0x97,
    0xff, 0x15, 0xff, 0xe1, 0x0, 0xff, 0xe1, 0xe7,
    0xfd, 0xbf, 0xf9, 0xc0, 0x3f, 0xf8, 0x87, 0xff,
    0xf6, 0x80, 0x7f, 0xf1, 0xa7, 0xff, 0xc8, 0x1,
    0xff, 0xc6, 0x1f, 0xfe, 0xb0, 0xf, 0xfe, 0x43,
    0xff, 0xe2, 0x0, 0xff, 0xe4, 0x27, 0xfe, 0x0,
    0xff, 0xe4, 0xa7, 0xfe, 0x0, 0xff, 0xe4, 0xa7,
    0xfe, 0x0, 0xff, 0xe4, 0xa7, 0xfe, 0x0, 0xff,
    0xe4, 0xa7, 0xfe, 0x0, 0xff, 0xe4, 0xa7, 0xfe,
    0x0, 0xff, 0xe4, 0xa7, 0xfe, 0x0, 0xff, 0xe4,
    0xa7, 0xfe, 0x0, 0xff, 0xe4, 0xa7, 0xfe, 0x0,
    0xff, 0xe4, 0xa7, 0xfe, 0x0, 0xff, 0xe4, 0xa7,
    0xfe, 0x0, 0xff, 0xff, 0x80, 0x7f, 0xf3, 0x23,
    0xff, 0x10, 0x7, 0xff, 0x22, 0x3f, 0xf1, 0x0,
    0x7f, 0xf2, 0x23, 0xff, 0x10, 0x7, 0xff, 0x22,
    0x3f, 0xf1, 0x0, 0x7f, 0xf2, 0x12, 0x23, 0x8,
    0x7, 0xf8,

    /* U+1EF5 "ỵ" */
    0xe, 0xff, 0xa0, 0x3, 0xfc, 0xff, 0xf7, 0x0,
    0x27, 0xfe, 0xe0, 0xf, 0xf6, 0xff, 0xd2, 0x0,
    0x2f, 0xfc, 0x80, 0x1f, 0x8b, 0xff, 0x10, 0x5,
    0x9f, 0xf4, 0x80, 0x7e, 0x8f, 0xfb, 0x0, 0x32,
    0xff, 0xe0, 0xf, 0xdd, 0xff, 0x30, 0x7, 0x77,
    0xfc, 0xa0, 0x1e, 0x4f, 0xfc, 0x1, 0xe9, 0xff,
    0xa8, 0x3, 0xd5, 0xff, 0x48, 0x7, 0x8b, 0xff,
    0x8, 0x7, 0x7f, 0xe3, 0x0, 0xfb, 0x3f, 0xe6,
    0x0, 0xcb, 0xff, 0x60, 0x7, 0xe6, 0xff, 0xac,
    0x3, 0x5f, 0xfc, 0xc0, 0x1f, 0xdf, 0xf8, 0x40,
    0x3, 0xff, 0x80, 0x3f, 0xd3, 0xff, 0x38, 0x1,
    0xbf, 0xe9, 0x0, 0xff, 0x1f, 0xfd, 0x80, 0xc,
    0xff, 0x8c, 0x3, 0xfe, 0xcf, 0xf8, 0x89, 0xff,
    0x68, 0x7, 0xff, 0x1, 0xbf, 0xe8, 0x87, 0xfc,
    0xc0, 0x1f, 0xfc, 0x1f, 0xfb, 0x75, 0xff, 0x8,
    0x7, 0xff, 0x6, 0x7f, 0xfd, 0x40, 0x1f, 0xfc,
    0x23, 0xff, 0xf1, 0x80, 0x7f, 0xf0, 0xf7, 0xff,
    0x68, 0x7, 0xff, 0x11, 0xbf, 0xf3, 0x80, 0x7f,
    0xf1, 0x17, 0xff, 0x8, 0x7, 0xff, 0x13, 0x3f,
    0xea, 0x0, 0xff, 0xe2, 0x17, 0xfe, 0x40, 0xf,
    0xfe, 0x24, 0xff, 0xda, 0x1, 0xff, 0xc5, 0xff,
    0xce, 0x1, 0xff, 0xc4, 0x6f, 0xfc, 0x20, 0x12,
    0x3b, 0xe0, 0xf, 0xd9, 0xff, 0x50, 0x6, 0xaf,
    0xfc, 0x1, 0xf1, 0xff, 0xe4, 0x0, 0xd5, 0xff,
    0x80, 0x3e, 0x9f, 0xfb, 0x40, 0x3a, 0xbf, 0xf0,
    0x7, 0xdf, 0xf9, 0xc0, 0x3a, 0xbf, 0xf0, 0x0,

    /* U+1EF6 "Ỷ" */
    0x0, 0xff, 0x5f, 0xf5, 0xb8, 0x80, 0x7f, 0xf2,
    0x33, 0xff, 0x72, 0x0, 0x7f, 0xf1, 0xd1, 0xa3,
    0x3f, 0xe1, 0x0, 0xff, 0xe5, 0x57, 0xf9, 0x80,
    0x3f, 0xf9, 0x51, 0xfe, 0x60, 0xf, 0xfe, 0x40,
    0xb7, 0x7f, 0x8, 0x7, 0xff, 0x1d, 0x3f, 0xec,
    0x30, 0xf, 0xfe, 0x40, 0xc2, 0x90, 0x7, 0xff,
    0x65, 0x7f, 0xf4, 0x0, 0x7f, 0xf0, 0xbb, 0xfe,
    0xe0, 0x6, 0x7f, 0xe1, 0x0, 0xff, 0xe0, 0x3f,
    0xfe, 0x50, 0x1, 0x7f, 0xea, 0x0, 0xff, 0x87,
    0xff, 0x60, 0x6, 0x9f, 0xfc, 0x60, 0x1f, 0xe9,
    0xff, 0xc6, 0x1, 0x87, 0xbf, 0xeb, 0x0, 0xfe,
    0x2f, 0xfd, 0x20, 0x1e, 0x6f, 0xfc, 0x80, 0x1f,
    0xaf, 0xff, 0x8, 0x7, 0xdb, 0xff, 0x68, 0x7,
    0xc9, 0xff, 0x9c, 0x3, 0xf2, 0x7f, 0xe6, 0x0,
    0xf6, 0xff, 0xda, 0x1, 0xfe, 0xaf, 0xfb, 0x80,
    0x39, 0xff, 0xf2, 0x80, 0x7f, 0x8b, 0xff, 0x38,
    0x4, 0x3d, 0xff, 0x58, 0x7, 0xff, 0x2, 0x3f,
    0xf0, 0x80, 0x27, 0xff, 0x10, 0x7, 0xff, 0x7,
    0xbf, 0xe9, 0x2, 0xff, 0xd2, 0x1, 0xff, 0xc2,
    0x5f, 0xfc, 0x57, 0xff, 0x84, 0x3, 0xff, 0x87,
    0x9f, 0xf6, 0xff, 0xe7, 0x0, 0xff, 0xe2, 0x1f,
    0xff, 0xda, 0x1, 0xff, 0xc6, 0x9f, 0xff, 0x20,
    0x7, 0xff, 0x18, 0x7f, 0xfa, 0xc0, 0x3f, 0xf9,
    0xf, 0xff, 0x88, 0x3, 0xff, 0x90, 0x9f, 0xf8,
    0x3, 0xff, 0x92, 0x9f, 0xf8, 0x3, 0xff, 0x92,
    0x9f, 0xf8, 0x3, 0xff, 0x92, 0x9f, 0xf8, 0x3,
    0xff, 0x92, 0x9f, 0xf8, 0x3, 0xff, 0x92, 0x9f,
    0xf8, 0x3, 0xff, 0x92, 0x9f, 0xf8, 0x3, 0xff,
    0x92, 0x9f, 0xf8, 0x3, 0xff, 0x92, 0x9f, 0xf8,
    0x3, 0xff, 0x92, 0x9f, 0xf8, 0x3, 0xff, 0x92,
    0x9f, 0xf8, 0x3, 0xfe,

    /* U+1EF7 "ỷ" */
    0x0, 0xfd, 0x3f, 0xd9, 0x6, 0x1, 0xff, 0xc4,
    0x9f, 0xfe, 0x90, 0xf, 0xfe, 0x19, 0xab, 0xd7,
    0xfc, 0xc0, 0x1f, 0xfc, 0x66, 0xff, 0x50, 0x7,
    0xff, 0x19, 0xff, 0xce, 0x1, 0xff, 0xc3, 0x19,
    0xcf, 0xf6, 0x0, 0x7f, 0xf1, 0x7f, 0x69, 0x40,
    0x3f, 0xfa, 0x7d, 0xff, 0x40, 0x7, 0xf9, 0xff,
    0xee, 0x0, 0x4f, 0xfd, 0xc0, 0x1f, 0xed, 0xff,
    0xa4, 0x0, 0x5f, 0xf9, 0x0, 0x3f, 0x1f, 0xfe,
    0x20, 0xb, 0x3f, 0xe9, 0x0, 0xfd, 0x1f, 0xf6,
    0x0, 0x65, 0xff, 0xc0, 0x1f, 0xbb, 0xfe, 0x60,
    0xe, 0xef, 0xf9, 0x40, 0x3c, 0x9f, 0xf8, 0x3,
    0xd3, 0xff, 0x58, 0x7, 0xab, 0xfe, 0x90, 0xf,
    0x17, 0xfe, 0x10, 0xe, 0xff, 0xc6, 0x1, 0xf6,
    0x7f, 0xcc, 0x1, 0x97, 0xfe, 0xc0, 0xf, 0xcd,
    0xff, 0x60, 0x6, 0xbf, 0xf9, 0x80, 0x3f, 0xbb,
    0xfe, 0x10, 0x0, 0xff, 0xe0, 0xf, 0xf4, 0xff,
    0xce, 0x0, 0x7f, 0xfa, 0x40, 0x3f, 0xc5, 0xff,
    0x68, 0x3, 0x7f, 0xe3, 0x0, 0xff, 0xb3, 0xfe,
    0x22, 0x7f, 0xda, 0x1, 0xff, 0xc0, 0x6f, 0xfa,
    0x21, 0xff, 0x30, 0x7, 0xff, 0x7, 0xfe, 0xee,
    0x7f, 0xc2, 0x1, 0xff, 0xc1, 0x9f, 0xff, 0x50,
    0x7, 0xff, 0x8, 0xbf, 0xfc, 0x60, 0x1f, 0xfc,
    0x3c, 0xff, 0xda, 0x1, 0xff, 0xc4, 0x6f, 0xfc,
    0xe0, 0x1f, 0xfc, 0x46, 0xff, 0xc2, 0x1, 0xff,
    0xc4, 0xcf, 0xfa, 0x80, 0x3f, 0xf8, 0x87, 0xff,
    0x90, 0x3, 0xff, 0x89, 0x3f, 0xf6, 0x80, 0x7f,
    0xf1, 0x7f, 0xf3, 0x80, 0x7f, 0xf1, 0x1b, 0xff,
    0x8, 0x7, 0xff, 0x13, 0x3f, 0xea, 0x0, 0xff,
    0xe2, 0x1f, 0xfe, 0x40, 0xf, 0xfe, 0x24, 0xff,
    0xda, 0x1, 0xff, 0xc5, 0xff, 0xce, 0x1, 0xff,
    0xc0,

    /* U+1EF8 "Ỹ" */
    0x0, 0xfe, 0x34, 0x10, 0xe, 0x44, 0x18, 0x7,
    0xff, 0x5, 0x7f, 0xf3, 0x0, 0x6e, 0xf9, 0x0,
    0xff, 0xe0, 0x27, 0xff, 0xa0, 0x0, 0x5f, 0xe7,
    0x0, 0xff, 0xe0, 0x5f, 0xf1, 0x13, 0x3f, 0xd4,
    0x99, 0xfe, 0x20, 0xf, 0xfe, 0x7, 0xfa, 0x0,
    0x2c, 0xff, 0xe9, 0x0, 0xff, 0xe0, 0xe6, 0x10,
    0x3, 0x47, 0x7e, 0xb8, 0x7, 0xff, 0xc1, 0x7f,
    0xf4, 0x0, 0x7f, 0xf0, 0xbb, 0xfe, 0xe0, 0x6,
    0x7f, 0xe1, 0x0, 0xff, 0xe0, 0x3f, 0xfe, 0x50,
    0x1, 0x7f, 0xea, 0x0, 0xff, 0x87, 0xff, 0x60,
    0x6, 0x9f, 0xfc, 0x60, 0x1f, 0xe9, 0xff, 0xc6,
    0x1, 0x87, 0xbf, 0xeb, 0x0, 0xfe, 0x2f, 0xfd,
    0x20, 0x1e, 0x6f, 0xfc, 0x80, 0x1f, 0xaf, 0xff,
    0x8, 0x7, 0xdb, 0xff, 0x68, 0x7, 0xc9, 0xff,
    0x9c, 0x3, 0xf2, 0x7f, 0xe6, 0x0, 0xf6, 0xff,
    0xda, 0x1, 0xfe, 0xaf, 0xfb, 0x80, 0x39, 0xff,
    0xf2, 0x80, 0x7f, 0x8b, 0xff, 0x38, 0x4, 0x3d,
    0xff, 0x58, 0x7, 0xff, 0x2, 0x3f, 0xf0, 0x80,
    0x27, 0xff, 0x10, 0x7, 0xff, 0x7, 0xbf, 0xe9,
    0x2, 0xff, 0xd2, 0x1, 0xff, 0xc2, 0x5f, 0xfc,
    0x57, 0xff, 0x84, 0x3, 0xff, 0x87, 0x9f, 0xf6,
    0xff, 0xe7, 0x0, 0xff, 0xe2, 0x1f, 0xff, 0xda,
    0x1, 0xff, 0xc6, 0x9f, 0xff, 0x20, 0x7, 0xff,
    0x18, 0x7f, 0xfa, 0xc0, 0x3f, 0xf9, 0xf, 0xff,
    0x88, 0x3, 0xff, 0x90, 0x9f, 0xf8, 0x3, 0xff,
    0x92, 0x9f, 0xf8, 0x3, 0xff, 0x92, 0x9f, 0xf8,
    0x3, 0xff, 0x92, 0x9f, 0xf8, 0x3, 0xff, 0x92,
    0x9f, 0xf8, 0x3, 0xff, 0x92, 0x9f, 0xf8, 0x3,
    0xff, 0x92, 0x9f, 0xf8, 0x3, 0xff, 0x92, 0x9f,
    0xf8, 0x3, 0xff, 0x92, 0x9f, 0xf8, 0x3, 0xff,
    0x92, 0x9f, 0xf8, 0x3, 0xff, 0x92, 0x9f, 0xf8,
    0x3, 0xfe,

    /* U+1EF9 "ỹ" */
    0x0, 0xf3, 0xef, 0xe1, 0x80, 0x6a, 0xfd, 0x0,
    0xfe, 0x9f, 0xfe, 0x40, 0xb, 0x3f, 0x0, 0x3f,
    0x1f, 0xfb, 0x6b, 0xfe, 0x30, 0x1f, 0xf4, 0x80,
    0x7e, 0x8f, 0xf0, 0x82, 0x7f, 0xd3, 0xbf, 0xe4,
    0x0, 0xfd, 0x7f, 0x60, 0x12, 0xff, 0xf5, 0x0,
    0x7f, 0x6f, 0xd0, 0x6, 0x4c, 0xfe, 0x80, 0xf,
    0xff, 0x3f, 0x7f, 0xd0, 0x1, 0xfe, 0x7f, 0xfb,
    0x80, 0x13, 0xff, 0x70, 0x7, 0xfb, 0x7f, 0xe9,
    0x0, 0x17, 0xfe, 0x40, 0xf, 0xc7, 0xff, 0x88,
    0x2, 0xcf, 0xfa, 0x40, 0x3f, 0x47, 0xfd, 0x80,
    0x19, 0x7f, 0xf0, 0x7, 0xee, 0xff, 0x98, 0x3,
    0xbb, 0xfe, 0x50, 0xf, 0x27, 0xfe, 0x0, 0xf4,
    0xff, 0xd6, 0x1, 0xea, 0xff, 0xa4, 0x3, 0xc5,
    0xff, 0x84, 0x3, 0xbf, 0xf1, 0x80, 0x7d, 0x9f,
    0xf3, 0x0, 0x65, 0xff, 0xb0, 0x3, 0xf3, 0x7f,
    0xd8, 0x1, 0xaf, 0xfe, 0x60, 0xf, 0xee, 0xff,
    0x84, 0x0, 0x3f, 0xf8, 0x3, 0xfd, 0x3f, 0xf3,
    0x80, 0x1f, 0xfe, 0x90, 0xf, 0xf1, 0x7f, 0xda,
    0x0, 0xdf, 0xf8, 0xc0, 0x3f, 0xec, 0xff, 0x88,
    0x9f, 0xf6, 0x80, 0x7f, 0xf0, 0x1b, 0xfe, 0x88,
    0x7f, 0xcc, 0x1, 0xff, 0xc1, 0xff, 0xbb, 0x9f,
    0xf0, 0x80, 0x7f, 0xf0, 0x67, 0xff, 0xd4, 0x1,
    0xff, 0xc2, 0x2f, 0xff, 0x18, 0x7, 0xff, 0xf,
    0x3f, 0xf6, 0x80, 0x7f, 0xf1, 0x1b, 0xff, 0x38,
    0x7, 0xff, 0x11, 0xbf, 0xf0, 0x80, 0x7f, 0xf1,
    0x33, 0xfe, 0xa0, 0xf, 0xfe, 0x21, 0xff, 0xe4,
    0x0, 0xff, 0xe2, 0x4f, 0xfd, 0xa0, 0x1f, 0xfc,
    0x5f, 0xfc, 0xe0, 0x1f, 0xfc, 0x46, 0xff, 0xc2,
    0x1, 0xff, 0xc4, 0xcf, 0xfa, 0x80, 0x3f, 0xf8,
    0x87, 0xff, 0x90, 0x3, 0xff, 0x89, 0x3f, 0xf6,
    0x80, 0x7f, 0xf1, 0x7f, 0xf3, 0x80, 0x7f, 0xf0,
    0x0,

    /* U+2013 "–" */
    0x0, 0xff, 0xe2, 0x7f, 0xff, 0xf0, 0xe3, 0xff,
    0xff, 0x87, 0x1f, 0xff, 0xfc, 0x38,

    /* U+2014 "—" */
    0x0, 0xff, 0xef, 0xff, 0xff, 0xf7, 0x9b, 0xff,
    0xff, 0xbc, 0xdf, 0xff, 0xfd, 0xe6,

    /* U+2015 "―" */
    0x0, 0xff, 0xe7, 0x9f, 0xff, 0xff, 0x35, 0xcf,
    0xff, 0xff, 0x9a, 0xe7, 0xff, 0xff, 0xcd, 0x70,

    /* U+2018 "‘" */
    0x0, 0xe6, 0xff, 0x30, 0x7, 0x6f, 0xf8, 0x40,
    0x32, 0xff, 0xb4, 0x3, 0xb3, 0xfd, 0x0, 0x19,
    0x3f, 0xe4, 0x0, 0xd7, 0xff, 0x0, 0x62, 0xff,
    0xa8, 0x3, 0x4f, 0xfc, 0xc0, 0x10, 0xff, 0xe1,
    0x0, 0xa3, 0xfe, 0xd0, 0xd, 0xdf, 0xf4, 0x0,
    0x4d, 0xff, 0x90, 0x2,

    /* U+2019 "’" */
    0x0, 0x8b, 0xff, 0x40, 0x4, 0xdf, 0xf8, 0x40,
    0x2b, 0xff, 0xa4, 0x3, 0x7f, 0xe2, 0x0, 0x93,
    0xfe, 0xb0, 0xd, 0x3f, 0xf2, 0x0, 0x6d, 0xff,
    0x60, 0x6, 0x2f, 0xf9, 0x40, 0x33, 0xff, 0xb8,
    0x3, 0xaf, 0xfc, 0xe0, 0x1d, 0xff, 0x0, 0x72,
    0x7f, 0xa0, 0x3, 0x80,

    /* U+201A "‚" */
    0x0, 0xaf, 0xfe, 0xe0, 0xd, 0xff, 0x9c, 0x2,
    0x4f, 0xfc, 0x20, 0x14, 0xff, 0xd2, 0x1, 0xb7,
    0xfe, 0x20, 0x8, 0xbf, 0xea, 0x0, 0xcd, 0xff,
    0x18, 0x6, 0xbf, 0xf6, 0x0, 0x77, 0xfc, 0xa0,
    0x19, 0x3f, 0xda, 0x1, 0xd1, 0xfe, 0x60, 0xe,
    0xdf, 0xe0, 0xf, 0x0,

    /* U+201C "“" */
    0x0, 0xe7, 0xff, 0x28, 0x6, 0xef, 0xe0, 0xf,
    0x77, 0xf8, 0x40, 0x25, 0xff, 0x50, 0x7, 0x37,
    0xfb, 0x0, 0x36, 0x7f, 0x98, 0x3, 0xb7, 0xfc,
    0xe0, 0x12, 0x7f, 0xc2, 0x1, 0x93, 0xfe, 0x30,
    0xa, 0xff, 0xd8, 0x1, 0xd9, 0xfe, 0xe0, 0x8,
    0xbf, 0xe8, 0x0, 0xc7, 0xff, 0x48, 0x5, 0x3f,
    0xf1, 0x80, 0x6a, 0xff, 0x94, 0x0, 0x3f, 0xf8,
    0x3, 0x17, 0xfe, 0x0, 0xa3, 0xfe, 0xa0, 0xd,
    0x3f, 0xf6, 0x0, 0x5d, 0xff, 0x30, 0x4, 0x3f,
    0xf9, 0xc0, 0xd, 0xff, 0x84, 0x2, 0x6d, 0xdc,
    0x40, 0xa, 0xdd, 0xac, 0x3, 0x0,

    /* U+201D "”" */
    0x0, 0x8b, 0xff, 0x40, 0x2, 0x3f, 0xf1, 0x0,
    0x4f, 0xff, 0x84, 0x1, 0x9f, 0xf5, 0x0, 0x6b,
    0xff, 0xa4, 0x0, 0x3f, 0xf8, 0xc0, 0x37, 0xfe,
    0x20, 0x3, 0x7f, 0xd6, 0x1, 0x97, 0xfe, 0xa0,
    0xa, 0xbf, 0xe4, 0x0, 0xd3, 0xff, 0x18, 0x5,
    0xff, 0x68, 0x7, 0x77, 0xfb, 0x0, 0x24, 0xff,
    0x94, 0x3, 0x1f, 0xfc, 0x80, 0x14, 0x7f, 0xb8,
    0x3, 0x9f, 0xfd, 0xa0, 0x1b, 0x7f, 0xce, 0x1,
    0xd9, 0xfe, 0x50, 0x8, 0xbf, 0xe0, 0xe, 0x1f,
    0xf7, 0x0, 0x66, 0xff, 0x40, 0x7, 0x26, 0x61,
    0x80, 0x34, 0x66, 0x4, 0x3, 0x80,

    /* U+201E "„" */
    0x0, 0x8b, 0x33, 0x30, 0x0, 0xf3, 0x32, 0x80,
    0x4f, 0xff, 0x84, 0x1, 0x1f, 0xf8, 0x3, 0x67,
    0xfd, 0x20, 0x16, 0xff, 0xd0, 0x1, 0xf, 0xfe,
    0x20, 0x0, 0xff, 0xe1, 0x0, 0x97, 0xfe, 0xa0,
    0x9, 0xbf, 0xea, 0x0, 0xd5, 0xff, 0x18, 0x5,
    0x7f, 0xf1, 0x0, 0x6e, 0xff, 0x60, 0x6, 0xff,
    0xac, 0x3, 0x1f, 0xfc, 0x80, 0x12, 0x7f, 0xc8,
    0x1, 0x9f, 0xfd, 0xa0, 0x1a, 0x3f, 0xd8, 0x1,
    0xd9, 0xfe, 0x60, 0xd, 0xbf, 0xe5, 0x0, 0xc3,
    0xfe, 0xe0, 0xc, 0x5f, 0xee, 0x0, 0xe5, 0xff,
    0x38, 0x6, 0x6f, 0xf3, 0x80, 0x70,

    /* U+2020 "†" */
    0x0, 0xe7, 0xff, 0x50, 0x7, 0xf9, 0xff, 0xd4,
    0x1, 0xfe, 0x7f, 0xf5, 0x0, 0x7f, 0x9f, 0xfd,
    0x40, 0x1f, 0xe7, 0xff, 0x50, 0x7, 0xf9, 0xff,
    0xd4, 0x1, 0xfe, 0x7f, 0xf5, 0x0, 0x7f, 0x9f,
    0xfd, 0x40, 0x1d, 0x3f, 0xff, 0xfc, 0xe, 0x9f,
    0xff, 0xfe, 0x7, 0x4f, 0xff, 0xff, 0x3, 0x80,
    0x39, 0xff, 0xd4, 0x1, 0xfe, 0x7f, 0xf5, 0x0,
    0x7f, 0x9f, 0xfd, 0x40, 0x1f, 0xe7, 0xff, 0x50,
    0x7, 0xf9, 0xff, 0xd4, 0x1, 0xfe, 0x7f, 0xf5,
    0x0, 0x7f, 0x9f, 0xfd, 0x40, 0x1f, 0xe7, 0xff,
    0x50, 0x7, 0xf9, 0xff, 0xd4, 0x1, 0xfe, 0x7f,
    0xf5, 0x0, 0x7f, 0x9f, 0xfd, 0x40, 0x1f, 0xe7,
    0xff, 0x50, 0x7, 0xf9, 0xff, 0xd4, 0x1, 0xfe,
    0x7f, 0xf5, 0x0, 0x7f, 0x9f, 0xfd, 0x40, 0x1f,
    0xe7, 0xff, 0x50, 0x7, 0xf9, 0xff, 0xd4, 0x1,
    0xfe, 0x7f, 0xf5, 0x0, 0x7f, 0x9f, 0xfd, 0x40,
    0x1f, 0xe7, 0xff, 0x50, 0x7, 0xf9, 0xff, 0xd4,
    0x1, 0xfe, 0x7f, 0xf5, 0x0, 0x7f, 0x89, 0x98,
    0x80, 0x1c,

    /* U+2021 "‡" */
    0x0, 0xe1, 0xff, 0x80, 0x3f, 0xe1, 0xff, 0x80,
    0x3f, 0xe1, 0xff, 0x80, 0x3f, 0xe1, 0xff, 0x80,
    0x3f, 0xe1, 0xff, 0x80, 0x3f, 0xe1, 0xff, 0x80,
    0x3f, 0xe1, 0xff, 0x80, 0x3f, 0xe1, 0xff, 0x80,
    0x3c, 0x9f, 0xff, 0xfc, 0x11, 0x4f, 0xff, 0xfe,
    0x8, 0xa7, 0xff, 0xff, 0x4, 0x40, 0x38, 0xbf,
    0xe0, 0xf, 0xf8, 0x7f, 0xe0, 0xf, 0xf8, 0x7f,
    0xe0, 0xf, 0xf8, 0x7f, 0xe0, 0xf, 0xf8, 0x7f,
    0xe0, 0xf, 0xf8, 0x7f, 0xe0, 0xf, 0xf8, 0x7f,
    0xe0, 0xf, 0xf8, 0x7f, 0xe0, 0xf, 0xf8, 0x7f,
    0xe0, 0xf, 0xf8, 0x7f, 0xe0, 0xf, 0x84, 0x71,
    0x7f, 0xc2, 0x3c, 0x9, 0xff, 0xff, 0xc1, 0x14,
    0xff, 0xff, 0xe0, 0x8a, 0x7f, 0xff, 0xf0, 0x44,
    0x3, 0x87, 0xfe, 0x0, 0xff, 0x87, 0xfe, 0x0,
    0xff, 0x87, 0xfe, 0x0, 0xff, 0x87, 0xfe, 0x0,
    0xff, 0x87, 0xfe, 0x0, 0xff, 0x87, 0xfe, 0x0,
    0xff, 0x87, 0xfe, 0x0, 0xff, 0x87, 0xfe, 0x0,
    0xff, 0xe0, 0x33, 0x14, 0x3, 0xc0,

    /* U+2022 "•" */
    0x2a, 0xaf, 0xe4, 0x3f, 0xff, 0xe7, 0x3f, 0xff,
    0xe7, 0x3f, 0xff, 0xe7, 0x3f, 0xff, 0xe7, 0x3f,
    0xff, 0xe7, 0x3f, 0xff, 0xe7, 0x3f, 0xff, 0xe7,
    0x3f, 0xff, 0xe7, 0x3f, 0xff, 0xe7,

    /* U+2023 "‣" */
    0x0, 0xff, 0xe1, 0x15, 0x10, 0x7, 0xfc, 0x7f,
    0xe8, 0x0, 0xff, 0x1f, 0xfd, 0xca, 0x1, 0xf8,
    0xff, 0xfb, 0xc, 0x3, 0xc7, 0xff, 0xf5, 0x8,
    0x6, 0x3f, 0xff, 0xe7, 0x0, 0x8f, 0xff, 0xfd,
    0xaa, 0x7, 0xff, 0xff, 0x58, 0x9f, 0xff, 0xf6,
    0xa8, 0x0, 0xff, 0xff, 0x38, 0x6, 0x3f, 0xff,
    0x50, 0x80, 0x71, 0xff, 0xec, 0x30, 0xf, 0x8f,
    0xfd, 0xcc, 0x1, 0xfc, 0x7f, 0x0, 0x1f, 0xf0,
    0x90, 0x7, 0xff, 0x0,

    /* U+2025 "‥" */
    0x1, 0x1c, 0x1, 0xc2, 0x30, 0x27, 0xfe, 0x50,
    0xa, 0xff, 0xee, 0x4f, 0xfc, 0xa0, 0x15, 0xff,
    0xdc, 0x9f, 0xf9, 0x40, 0x2b, 0xff, 0xb9, 0x3f,
    0xf2, 0x80, 0x57, 0xff, 0x72, 0x7f, 0xe5, 0x0,
    0xaf, 0xfe, 0xe0,

    /* U+2026 "…" */
    0x1, 0x18, 0x3, 0xe1, 0x18, 0x3, 0xc2, 0x30,
    0x27, 0xfe, 0x0, 0xef, 0xfc, 0xa0, 0x1a, 0xbf,
    0xea, 0x4f, 0xfc, 0x1, 0xdf, 0xf9, 0x40, 0x35,
    0x7f, 0xd4, 0x9f, 0xf8, 0x3, 0xbf, 0xf2, 0x80,
    0x6a, 0xff, 0xa9, 0x3f, 0xf0, 0x7, 0x7f, 0xe5,
    0x0, 0xd5, 0xff, 0x52, 0x7f, 0xe0, 0xe, 0xff,
    0xca, 0x1, 0xab, 0xfe, 0xa0,

    /* U+2030 "‰" */
    0x0, 0xc, 0x6f, 0xf5, 0xa0, 0x7, 0xf8, 0xbf,
    0xd8, 0x1, 0xff, 0xc6, 0x2d, 0xff, 0xf4, 0x0,
    0x7f, 0x5f, 0xf8, 0xc0, 0x3f, 0xf8, 0xdb, 0xff,
    0x6f, 0x7f, 0xca, 0x1, 0xf2, 0x7f, 0xa8, 0x3,
    0xff, 0x8c, 0xdf, 0xed, 0x20, 0x3, 0x7f, 0xb8,
    0x3, 0xed, 0xff, 0x8, 0x7, 0xff, 0x1a, 0xff,
    0xc4, 0x1, 0xab, 0xfc, 0x80, 0x1c, 0xff, 0xe7,
    0x0, 0xff, 0xe3, 0xf7, 0xe8, 0x7, 0x2f, 0xf9,
    0xc0, 0x30, 0xff, 0xb4, 0x3, 0xff, 0x91, 0xfe,
    0xc0, 0xe, 0x4f, 0xf4, 0x0, 0x6a, 0xff, 0x20,
    0x7, 0xff, 0x23, 0x7f, 0x80, 0x39, 0xbf, 0xce,
    0x1, 0x27, 0xfa, 0x80, 0x3f, 0xf9, 0x35, 0xfe,
    0x50, 0xd, 0x9f, 0xe3, 0x0, 0xb7, 0xfc, 0x20,
    0x1f, 0xfc, 0x94, 0xff, 0x72, 0x81, 0x57, 0xfb,
    0x40, 0x27, 0xff, 0x38, 0x7, 0xff, 0x2e, 0xbf,
    0xff, 0x20, 0x0, 0x7f, 0xda, 0x1, 0xff, 0xcd,
    0xaf, 0xff, 0x28, 0x5, 0x5f, 0xe4, 0x0, 0xff,
    0xe7, 0x24, 0xdd, 0xa0, 0x40, 0x23, 0xff, 0x58,
    0x7, 0xff, 0x63, 0x3f, 0xc4, 0x1, 0xff, 0xd7,
    0x6f, 0xf4, 0x0, 0x7f, 0xf5, 0xc7, 0xbf, 0x80,
    0x3f, 0xfb, 0x13, 0xfe, 0x50, 0x8, 0xef, 0xbf,
    0x5c, 0x40, 0x3c, 0x33, 0xbf, 0xb2, 0x40, 0x1f,
    0xfc, 0x3, 0xff, 0x58, 0x4, 0xff, 0xfe, 0xd2,
    0x0, 0xc7, 0xdf, 0xfe, 0x50, 0xf, 0xfb, 0x3f,
    0xc4, 0x0, 0x4f, 0xfb, 0xb7, 0xfe, 0xd0, 0x8,
    0x7b, 0xfe, 0xdf, 0xfc, 0x40, 0x1f, 0xcd, 0xfe,
    0x80, 0xb, 0x7f, 0xce, 0x0, 0x2d, 0xff, 0x38,
    0x2, 0x7f, 0xd6, 0x1, 0x57, 0xfa, 0xc0, 0x3f,
    0xbb, 0xf8, 0x2, 0x2f, 0xf6, 0x0, 0x62, 0xff,
    0x60, 0x3, 0xbf, 0xc2, 0x1, 0xb7, 0xfc, 0x20,
    0x1f, 0x47, 0xf9, 0x80, 0x25, 0xff, 0x38, 0x7,
    0x6f, 0xf8, 0x7, 0xfd, 0x60, 0x1d, 0x1f, 0xe4,
    0x0, 0xf1, 0x7f, 0xb0, 0x3, 0x37, 0xf9, 0x80,
    0x3a, 0xff, 0xc2, 0x5f, 0xe9, 0x0, 0xe7, 0xff,
    0x28, 0x7, 0xaf, 0xfc, 0x60, 0x19, 0x7f, 0xce,
    0x1, 0xdb, 0xfe, 0x1, 0xff, 0x58, 0x7, 0x4f,
    0xf9, 0x0, 0x39, 0x7f, 0xd2, 0x1, 0xc5, 0xfe,
    0xc0, 0xc, 0x7f, 0xec, 0x0, 0x77, 0xf8, 0x40,
    0x37, 0x7f, 0x84, 0x3, 0xbb, 0xf8, 0x40, 0x3d,
    0xbf, 0xe8, 0x0, 0xe, 0xff, 0x9c, 0x1, 0x1f,
    0xeb, 0x10, 0x5, 0x7f, 0xac, 0x3, 0xa3, 0xfc,
    0xc0, 0x1f, 0x27, 0xfd, 0xdb, 0xff, 0x68, 0x4,
    0x3d, 0xff, 0x6f, 0x7f, 0xc6, 0x1, 0x8b, 0xfd,
    0xa0, 0x1f, 0xcf, 0xff, 0xee, 0x20, 0xc, 0x7d,
    0xff, 0xe5, 0x0, 0xeb, 0xff, 0x18, 0x7, 0xf8,
    0xeb, 0xbf, 0x60, 0x40, 0x3c, 0x31, 0xbf, 0xd4,
    0x40, 0x10,

    /* U+2031 "‱" */
    0x0, 0xc, 0x6f, 0xf5, 0xa0, 0x7, 0xf8, 0xbf,
    0xd8, 0x1, 0xff, 0xd3, 0x2d, 0xff, 0xf4, 0x0,
    0x7f, 0x5f, 0xf8, 0xc0, 0x3f, 0xfa, 0x7b, 0xff,
    0x6f, 0x7f, 0xca, 0x1, 0xf2, 0x7f, 0xa8, 0x3,
    0xff, 0xa6, 0xdf, 0xed, 0x20, 0x3, 0x7f, 0xb8,
    0x3, 0xed, 0xff, 0x8, 0x7, 0xff, 0x4e, 0xff,
    0xc4, 0x1, 0xab, 0xfc, 0x80, 0x1c, 0xff, 0xe7,
    0x0, 0xff, 0xea, 0x77, 0xe8, 0x7, 0x2f, 0xf9,
    0xc0, 0x30, 0xff, 0xb4, 0x3, 0xff, 0xab, 0xfe,
    0xc0, 0xe, 0x4f, 0xf4, 0x0, 0x6a, 0xff, 0x20,
    0x7, 0xff, 0x57, 0x7f, 0x80, 0x39, 0xbf, 0xce,
    0x1, 0x27, 0xfa, 0x80, 0x3f, 0xfa, 0xd5, 0xfe,
    0x50, 0xd, 0x9f, 0xe3, 0x0, 0xb7, 0xfc, 0x20,
    0x1f, 0xfd, 0x64, 0xff, 0x72, 0x81, 0x57, 0xfb,
    0x40, 0x27, 0xff, 0x38, 0x7, 0xff, 0x62, 0xbf,
    0xff, 0x20, 0x0, 0x7f, 0xda, 0x1, 0xff, 0xda,
    0xaf, 0xff, 0x28, 0x5, 0x5f, 0xe4, 0x0, 0xff,
    0xed, 0xa4, 0xdd, 0xa0, 0x40, 0x23, 0xff, 0x58,
    0x7, 0xff, 0x97, 0x3f, 0xc4, 0x1, 0xff, 0xe4,
    0x6f, 0xf4, 0x0, 0x7f, 0xf9, 0x7, 0xbf, 0x80,
    0x3f, 0xfc, 0xb3, 0xfe, 0x50, 0x8, 0xef, 0xbf,
    0x5c, 0x40, 0x3c, 0x33, 0xbf, 0xb2, 0x40, 0x1f,
    0x3e, 0xff, 0x5a, 0x0, 0x7f, 0xf0, 0xf, 0xfd,
    0x60, 0x13, 0xff, 0xfb, 0x48, 0x3, 0x1f, 0x7f,
    0xf9, 0x40, 0x30, 0xe7, 0xff, 0xa0, 0x3, 0xfe,
    0xcf, 0xf1, 0x0, 0x13, 0xfe, 0xed, 0xff, 0xb4,
    0x2, 0x1e, 0xff, 0xb7, 0xff, 0x10, 0x5, 0x7f,
    0xf6, 0xf7, 0xfc, 0xc0, 0x1f, 0xcd, 0xfe, 0x80,
    0xb, 0x7f, 0xce, 0x0, 0x2d, 0xff, 0x38, 0x2,
    0x7f, 0xd6, 0x1, 0x57, 0xfa, 0xc0, 0x9, 0xfe,
    0xd2, 0x0, 0x37, 0xfc, 0x1, 0xfd, 0xdf, 0xc0,
    0x11, 0x7f, 0xb0, 0x3, 0x17, 0xfb, 0x0, 0x1d,
    0xfe, 0x10, 0xd, 0xbf, 0xe1, 0xa, 0xff, 0x20,
    0x6, 0xaf, 0xf2, 0x80, 0x7d, 0x1f, 0xe6, 0x0,
    0x97, 0xfc, 0xe0, 0x1d, 0xbf, 0xe0, 0x1f, 0xf5,
    0x80, 0x74, 0x7f, 0x90, 0x33, 0xfc, 0x1, 0xc9,
    0xfe, 0x80, 0xf, 0x17, 0xfb, 0x0, 0x33, 0x7f,
    0x98, 0x3, 0xaf, 0xfc, 0x25, 0xfe, 0x90, 0xe,
    0x7f, 0xf2, 0x87, 0x7f, 0x0, 0x71, 0xff, 0xa4,
    0x3, 0xd7, 0xfe, 0x30, 0xc, 0xbf, 0xe7, 0x0,
    0xed, 0xff, 0x0, 0xff, 0xac, 0x3, 0xa7, 0xfc,
    0x81, 0x9f, 0xe0, 0xe, 0x5f, 0xf4, 0x0, 0x72,
    0xff, 0xa4, 0x3, 0x8b, 0xfd, 0x80, 0x18, 0xff,
    0xd8, 0x0, 0xef, 0xf0, 0x80, 0x6e, 0xff, 0x8,
    0x4f, 0xf9, 0x40, 0x35, 0x7f, 0x94, 0x3, 0xbb,
    0xf8, 0x40, 0x3d, 0xbf, 0xe8, 0x0, 0xe, 0xff,
    0x9c, 0x1, 0x1f, 0xeb, 0x10, 0x5, 0x7f, 0xac,
    0x0, 0x9f, 0xee, 0x30, 0x3, 0x7f, 0xb8, 0x3,
    0xa3, 0xfc, 0xc0, 0x1f, 0x27, 0xfd, 0xdb, 0xff,
    0x68, 0x4, 0x3d, 0xff, 0x6f, 0x7f, 0xc6, 0x1,
    0x5f, 0xfd, 0xbd, 0xff, 0x30, 0x6, 0x2f, 0xf6,
    0x80, 0x7f, 0x3f, 0xff, 0xb8, 0x80, 0x31, 0xf7,
    0xff, 0x94, 0x3, 0xe, 0x7f, 0xfa, 0x0, 0x3a,
    0xff, 0xc6, 0x1, 0xfe, 0x3a, 0xef, 0xd8, 0x10,
    0xf, 0xc, 0x6f, 0xf5, 0x10, 0x7, 0xcd, 0x9f,
    0xd6, 0x80, 0x10,

    /* U+2039 "‹" */
    0x0, 0xfe, 0x60, 0xf, 0xe8, 0xf0, 0xf, 0xd7,
    0xfe, 0x0, 0xf1, 0x6f, 0xfc, 0x1, 0xc9, 0xdf,
    0xf6, 0x80, 0x66, 0xff, 0xd6, 0x20, 0x14, 0xff,
    0xe7, 0x0, 0xd7, 0xff, 0x72, 0x0, 0x69, 0xff,
    0xca, 0x1, 0xe9, 0xff, 0xcc, 0x1, 0xe6, 0xff,
    0xd4, 0x1, 0xe4, 0xef, 0xfb, 0x48, 0x3, 0x8b,
    0x7f, 0xee, 0x0, 0xf0, 0xdf, 0xfc, 0x1, 0xfa,
    0x7f, 0xc0, 0x1f, 0xcf, 0xe0, 0x1f, 0xe4, 0x0,

    /* U+203A "›" */
    0x23, 0x0, 0xfe, 0x4f, 0x60, 0xf, 0xc9, 0xfe,
    0x80, 0xf, 0x93, 0xfe, 0xb0, 0xf, 0x17, 0xfe,
    0xd2, 0x0, 0xe2, 0xdf, 0xfb, 0x90, 0x3, 0xd5,
    0xff, 0x98, 0x3, 0xcd, 0xff, 0xa4, 0x3, 0xd1,
    0xff, 0x98, 0x3, 0x4f, 0xfe, 0x60, 0x8, 0x73,
    0xfe, 0xe4, 0x0, 0x93, 0xbf, 0xed, 0x20, 0x8,
    0xff, 0xf5, 0x88, 0x6, 0x4f, 0xfa, 0x40, 0x3c,
    0x9f, 0xe6, 0x0, 0xf9, 0x3d, 0x0, 0x3f, 0x11,
    0x0, 0x3f, 0x80,

    /* U+2044 "⁄" */
    0x0, 0xff, 0xe2, 0xbf, 0xf9, 0xc0, 0x3f, 0xf8,
    0x83, 0xfe, 0xd0, 0xf, 0xfe, 0x2d, 0x7f, 0x90,
    0x3, 0xff, 0x88, 0x7f, 0xeb, 0x0, 0xff, 0xe2,
    0xef, 0xf8, 0x80, 0x3f, 0xf8, 0x8d, 0xfe, 0x80,
    0xf, 0xfe, 0x20, 0xf7, 0xf0, 0x7, 0xff, 0x16,
    0x7f, 0xca, 0x1, 0xff, 0xc4, 0x3f, 0xf5, 0x80,
    0x7f, 0xf1, 0x73, 0xfc, 0x40, 0x1f, 0xfc, 0x46,
    0xff, 0x40, 0x7, 0xff, 0x10, 0x7b, 0xf8, 0x3,
    0xff, 0x8b, 0x3f, 0xe5, 0x0, 0xff, 0xe2, 0x17,
    0xfb, 0x0, 0x3f, 0xf8, 0xb9, 0xfe, 0x30, 0xf,
    0xfe, 0x22, 0xff, 0xa4, 0x3, 0xff, 0x8b, 0xdf,
    0xc2, 0x1, 0xff, 0xc4, 0x8f, 0xf3, 0x0, 0x7f,
    0xf1, 0xb, 0xfd, 0x80, 0x1f, 0xfc, 0x5b, 0xff,
    0x18, 0x7, 0xff, 0x11, 0x7f, 0xd4, 0x1, 0xff,
    0xc5, 0xdf, 0xf0, 0x80, 0x7f, 0xf1, 0x1f, 0xfc,
    0xe0, 0x1f, 0xfc, 0x41, 0xff, 0x68, 0x7, 0xff,
    0x16, 0xbf, 0xc8, 0x1, 0xff, 0xc4, 0x4f, 0xf5,
    0x0, 0x7f, 0xf1, 0x77, 0xfc, 0x20, 0x1f, 0xfc,
    0x47, 0xff, 0x38, 0x7, 0xff, 0x10, 0x7f, 0xda,
    0x1, 0xff, 0xc5,

    /* U+2074 "⁴" */
    0x0, 0xfd, 0x1f, 0xe7, 0x0, 0xff, 0x27, 0xfc,
    0xe0, 0x1f, 0xc3, 0xdf, 0xf3, 0x80, 0x7f, 0x67,
    0xdf, 0xf9, 0xc0, 0x3f, 0x47, 0xe9, 0x7f, 0x9c,
    0x3, 0xe4, 0xff, 0x10, 0xff, 0x9c, 0x3, 0xc3,
    0xde, 0xa0, 0x3f, 0xe7, 0x0, 0xf6, 0x7c, 0x80,
    0x7, 0xfc, 0xe0, 0x1d, 0x1f, 0xa0, 0x10, 0xff,
    0x9c, 0x3, 0x27, 0xf8, 0x80, 0x21, 0xff, 0x38,
    0x4, 0x3d, 0xf4, 0x89, 0x97, 0xfd, 0x28, 0x81,
    0x3f, 0xff, 0xfe, 0xa, 0x1f, 0xff, 0xff, 0x5,
    0x0, 0x3f, 0xf, 0xf9, 0xc0, 0x3f, 0xe1, 0xff,
    0x38, 0x7, 0xfc, 0x3f, 0xe7, 0x0, 0xff, 0x87,
    0xfc, 0xe0, 0x10,

    /* U+20AB "₫" */
    0x0, 0xff, 0xe0, 0xff, 0xd2, 0x1, 0xff, 0xc4,
    0xff, 0xa4, 0x3, 0xfe, 0x8f, 0xff, 0xf0, 0x80,
    0x7e, 0x8f, 0xff, 0xf0, 0x80, 0x7e, 0x12, 0x2d,
    0xff, 0x59, 0x10, 0x3, 0xff, 0x85, 0xff, 0x48,
    0x7, 0xf0, 0x99, 0x84, 0x2, 0xff, 0xa4, 0x3,
    0xe6, 0xdf, 0xfd, 0xaa, 0x1f, 0xf4, 0x80, 0x70,
    0xdf, 0xff, 0xe8, 0xff, 0xa4, 0x3, 0xb3, 0xff,
    0xff, 0x83, 0x20, 0x1a, 0x3f, 0xf4, 0x10, 0xb,
    0x77, 0xfe, 0x90, 0x8, 0x7f, 0xf1, 0x80, 0x71,
    0x77, 0xfd, 0x20, 0x13, 0x7f, 0xd0, 0x1, 0xf2,
    0xff, 0xd2, 0x1, 0x4f, 0xfc, 0x40, 0x1f, 0xbf,
    0xe9, 0x0, 0xaf, 0xfd, 0xc0, 0x1f, 0xd9, 0xfe,
    0x90, 0xb, 0x3f, 0xda, 0x1, 0xfd, 0x7f, 0xe9,
    0x0, 0xab, 0xfe, 0x0, 0xfe, 0xcf, 0xf4, 0x80,
    0x53, 0xff, 0x10, 0x7, 0xef, 0xfa, 0x40, 0x25,
    0xff, 0xa0, 0x3, 0xe6, 0xff, 0xa4, 0x3, 0x7f,
    0xe4, 0x0, 0xe2, 0xef, 0xfa, 0x40, 0x33, 0xff,
    0xe8, 0x20, 0x16, 0xef, 0xfd, 0x20, 0x1d, 0x9f,
    0xff, 0xdb, 0x9f, 0xe9, 0x0, 0xf5, 0xff, 0xfe,
    0x39, 0xff, 0x48, 0x7, 0xcf, 0xbf, 0xfa, 0xc8,
    0x1f, 0xfd, 0x0, 0x1f, 0xc2, 0x66, 0x10, 0xf,
    0xff, 0x31, 0xb3, 0x7f, 0xf1, 0x81, 0xff, 0xff,
    0xf8, 0xc2, 0xff, 0xff, 0xfc, 0x61,

    /* U+20AC "€" */
    0x0, 0xff, 0x2d, 0x6f, 0xfb, 0xb6, 0xdc, 0xc0,
    0x3f, 0xe7, 0xef, 0xff, 0xf6, 0x20, 0x7, 0xc3,
    0x7f, 0xff, 0xfc, 0x26, 0x0, 0xe1, 0xdf, 0xff,
    0x77, 0x5f, 0xfd, 0xc2, 0x1, 0xd7, 0xff, 0xb9,
    0x84, 0x3, 0x1c, 0xff, 0x90, 0x3, 0x9b, 0xff,
    0x60, 0x80, 0x7e, 0x15, 0x0, 0xf7, 0x7f, 0xda,
    0x20, 0x1f, 0xfc, 0x46, 0xff, 0xc6, 0x1, 0xff,
    0xc5, 0xcf, 0xfa, 0xc0, 0x3f, 0xf8, 0x71, 0x9b,
    0xff, 0xd9, 0x9f, 0xd2, 0x1, 0xd5, 0xff, 0xff,
    0xc4, 0xb0, 0xe, 0xaf, 0xff, 0xfe, 0x25, 0x80,
    0x7d, 0x1f, 0xf5, 0x80, 0x7f, 0xf1, 0xa7, 0xfe,
    0xa0, 0xf, 0xfe, 0x35, 0x7f, 0xd2, 0x1, 0xff,
    0xc4, 0x9c, 0xff, 0xec, 0xcf, 0xf4, 0x0, 0x76,
    0x7f, 0xff, 0xf1, 0x28, 0x3, 0xb3, 0xff, 0xff,
    0x89, 0x40, 0x1f, 0x1f, 0xfe, 0x10, 0xf, 0xfe,
    0x37, 0xfe, 0x50, 0xf, 0xfe, 0x35, 0xff, 0xd6,
    0x1, 0xff, 0xc6, 0x6f, 0xfc, 0x60, 0x1f, 0xfc,
    0x6e, 0xff, 0xb0, 0x3, 0xfe, 0x10, 0xf, 0x37,
    0xfe, 0xb0, 0xf, 0xe6, 0xe1, 0x0, 0xf6, 0x7f,
    0xee, 0x61, 0x0, 0x85, 0x73, 0xfd, 0x60, 0x1e,
    0x1d, 0xff, 0xf7, 0x6f, 0xff, 0xca, 0x1, 0xe1,
    0xcf, 0xff, 0xfe, 0x13, 0x0, 0x7e, 0x8f, 0xff,
    0xfa, 0xcc, 0x3, 0xfc, 0x2d, 0x5b, 0xfe, 0xed,
    0xa7, 0x20, 0x8,

    /* U+20B1 "₱" */
    0x0, 0xbf, 0xff, 0xbb, 0x69, 0x80, 0x3f, 0xef,
    0xff, 0xfe, 0x13, 0x80, 0x7f, 0x7f, 0xff, 0xf0,
    0xe8, 0x3, 0xf7, 0xff, 0xff, 0x11, 0xc0, 0x3e,
    0xff, 0xc8, 0x1, 0x85, 0x2b, 0xff, 0x84, 0x3,
    0xdf, 0xf9, 0x0, 0x3e, 0x6f, 0xfc, 0xc0, 0x18,
    0x45, 0xff, 0x90, 0x3, 0xf6, 0x7f, 0xd8, 0x22,
    0x8, 0xff, 0xf2, 0x0, 0x7e, 0x7f, 0xff, 0xc,
    0x7f, 0xf9, 0x0, 0x3f, 0x37, 0xff, 0x86, 0x3f,
    0xfc, 0x80, 0x1f, 0x9f, 0xff, 0xc2, 0x1, 0x7f,
    0xe4, 0x0, 0xfd, 0x9f, 0xf5, 0x0, 0x7b, 0xff,
    0x20, 0x7, 0xcd, 0xff, 0x94, 0x3, 0xdf, 0xf9,
    0x0, 0x30, 0xa5, 0x7f, 0xee, 0x0, 0xfb, 0xff,
    0xff, 0x88, 0xa0, 0x1f, 0x7f, 0xff, 0xf0, 0xd8,
    0x3, 0xf7, 0xff, 0xff, 0x7, 0x50, 0x3, 0xfb,
    0xff, 0xfb, 0xb2, 0x50, 0x3, 0xfe, 0xff, 0xc8,
    0x1, 0xff, 0xc7, 0xff, 0xc8, 0x1, 0xff, 0xc7,
    0xff, 0xc8, 0x1, 0xff, 0xc7, 0xff, 0xc8, 0x1,
    0xff, 0xc7, 0xff, 0xc8, 0x1, 0xff, 0xc7, 0xff,
    0xc8, 0x1, 0xff, 0xc7, 0xff, 0xc8, 0x1, 0xff,
    0xc7, 0xff, 0xc8, 0x1, 0xff, 0xc7, 0xff, 0xc8,
    0x1, 0xff, 0xc7, 0xff, 0xc8, 0x1, 0xff, 0xc7,
    0xff, 0xc8, 0x1, 0xff, 0xc7, 0xff, 0xc8, 0x1,
    0xff, 0xc4,

    /* U+20B3 "₳" */
    0x0, 0xff, 0x7f, 0xd2, 0x1, 0xff, 0xc7, 0x5f,
    0xfb, 0x80, 0x3f, 0xf8, 0xf5, 0xff, 0x90, 0x3,
    0xff, 0x8d, 0xff, 0xd2, 0x1, 0xff, 0xc5, 0x5f,
    0xfe, 0xe0, 0xf, 0xfe, 0x2d, 0x7f, 0xf8, 0xc0,
    0x3f, 0xf8, 0x9f, 0xf6, 0xff, 0xd2, 0x1, 0xff,
    0xc3, 0x4f, 0xf9, 0xb7, 0xfd, 0xc0, 0x1f, 0xfc,
    0x3a, 0xff, 0x8a, 0x7f, 0xe3, 0x0, 0xff, 0xe1,
    0x7f, 0xda, 0x9, 0xff, 0x40, 0x7, 0xff, 0x5,
    0x3f, 0xe9, 0x0, 0x7f, 0xda, 0x1, 0xff, 0xc1,
    0xaf, 0xf9, 0x0, 0x17, 0xff, 0x18, 0x7, 0xff,
    0x3, 0xbf, 0xe0, 0x9, 0xff, 0xe8, 0x0, 0xff,
    0x93, 0xfe, 0xb0, 0x8, 0xbf, 0xed, 0x0, 0xf7,
    0x7f, 0xff, 0xf2, 0x97, 0xbf, 0xff, 0xf9, 0x4b,
    0x59, 0x97, 0xff, 0x66, 0x77, 0xff, 0x66, 0x64,
    0x0, 0xd3, 0xff, 0x48, 0x7, 0xbf, 0xf1, 0x0,
    0x7e, 0xef, 0xf9, 0x0, 0x3d, 0x9f, 0xf3, 0x80,
    0x7c, 0x9f, 0xf8, 0x3, 0xe7, 0xff, 0xb4, 0x3,
    0x56, 0x63, 0xff, 0xb3, 0x3e, 0xff, 0xee, 0xcc,
    0x26, 0xff, 0xff, 0xf2, 0x9b, 0xbf, 0xff, 0xf9,
    0x4c, 0x0, 0x9f, 0xfb, 0x80, 0x3f, 0x97, 0xff,
    0x10, 0x6, 0xef, 0xfa, 0x40, 0x3f, 0x87, 0xff,
    0x38, 0x4, 0x7f, 0xf9, 0x40, 0x3f, 0xd9, 0xff,
    0x60, 0x5, 0x1f, 0xf8, 0x3, 0xfe, 0x8f, 0xfc,
    0x20, 0xe, 0xff, 0xb0, 0x3, 0xfe, 0x3f, 0xfc,
    0xe0, 0x7f, 0xf9, 0xc0, 0x3f, 0xf8, 0x1d, 0xff,
    0x60, 0x0,

    /* U+20B4 "₴" */
    0x0, 0xf8, 0x9f, 0x3b, 0xfd, 0xb6, 0xc2, 0x1,
    0xff, 0xc0, 0x9f, 0xff, 0xf3, 0x80, 0x7f, 0xe,
    0xff, 0xff, 0xf0, 0x2c, 0x3, 0xf6, 0x7f, 0xfb,
    0x73, 0xff, 0xd2, 0x1, 0xe7, 0xff, 0xda, 0x80,
    0x19, 0x7b, 0xff, 0x10, 0x7, 0xc, 0x7f, 0xa8,
    0x3, 0xe2, 0xff, 0xd0, 0x1, 0xf0, 0xb8, 0x7,
    0xf5, 0xff, 0xd4, 0x1, 0xff, 0xc6, 0xaf, 0xfa,
    0x80, 0x3f, 0xf8, 0xa3, 0xdf, 0xf3, 0x0, 0xe,
    0xef, 0xff, 0x83, 0xbf, 0xfd, 0x76, 0x45, 0xff,
    0xff, 0xe4, 0xb2, 0xff, 0xff, 0xf2, 0x58, 0x3,
    0xff, 0xf2, 0x75, 0x5f, 0xfc, 0x94, 0x5f, 0xff,
    0xfe, 0x4b, 0x2f, 0xff, 0xff, 0x25, 0x80, 0xf,
    0xff, 0x8c, 0x3, 0xff, 0x8b, 0x5f, 0xf5, 0x0,
    0x7f, 0xf1, 0xb3, 0xfe, 0x70, 0xf, 0xfe, 0x36,
    0x7f, 0xce, 0x1, 0xff, 0x52, 0x80, 0x75, 0x7f,
    0xd6, 0x1, 0xfe, 0x4f, 0xf7, 0x40, 0x4, 0xdf,
    0xf8, 0xc0, 0x3f, 0xf, 0x7f, 0xdc, 0x1, 0xbb,
    0xfe, 0xe4, 0x0, 0xf1, 0xef, 0xfe, 0x70, 0xc,
    0xdf, 0xfd, 0x8e, 0xaa, 0x7b, 0xff, 0xed, 0x0,
    0xf4, 0xff, 0xff, 0xf0, 0xb8, 0x40, 0x3e, 0x7f,
    0xff, 0xfe, 0x5, 0x88, 0x7, 0xf1, 0x57, 0xff,
    0xeb, 0x40, 0xf, 0xfe, 0x11, 0xb3, 0xb9, 0x90,
    0x40, 0x3e,

    /* U+20B8 "₸" */
    0xbf, 0xff, 0xfe, 0x41, 0xdf, 0xff, 0xff, 0x20,
    0xef, 0xff, 0xff, 0x90, 0x68, 0xef, 0xff, 0xc8,
    0x10, 0xf, 0xff, 0xb5, 0xff, 0xff, 0xf2, 0xe,
    0xff, 0xff, 0xf9, 0x7, 0x7f, 0xff, 0xfc, 0x83,
    0x57, 0x7f, 0xab, 0xff, 0x3b, 0xfe, 0x10, 0xf,
    0xcd, 0xff, 0x70, 0x7, 0xff, 0x15, 0xbf, 0xee,
    0x0, 0xff, 0xe2, 0xb7, 0xfd, 0xc0, 0x1f, 0xfc,
    0x56, 0xff, 0xb8, 0x3, 0xff, 0x8a, 0xdf, 0xf7,
    0x0, 0x7f, 0xf1, 0x5b, 0xfe, 0xe0, 0xf, 0xfe,
    0x2b, 0x7f, 0xdc, 0x1, 0xff, 0xc5, 0x6f, 0xfb,
    0x80, 0x3f, 0xf8, 0xad, 0xff, 0x70, 0x7, 0xff,
    0x15, 0xbf, 0xee, 0x0, 0xff, 0xe2, 0xb7, 0xfd,
    0xc0, 0x1f, 0xfc, 0x56, 0xff, 0xb8, 0x3, 0xff,
    0x8a, 0xdf, 0xf7, 0x0, 0x7f, 0xf1, 0x5b, 0xfe,
    0xe0, 0xf, 0xfe, 0x2b, 0x7f, 0xdc, 0x1, 0xff,
    0xc5, 0x6f, 0xfb, 0x80, 0x3f, 0xf8, 0xad, 0xff,
    0x70, 0x7, 0xff, 0x15, 0xbf, 0xee, 0x0, 0xfe,

    /* U+20BD "₽" */
    0x0, 0xd1, 0xff, 0xfd, 0xdb, 0x4e, 0x20, 0x1f,
    0xd1, 0xff, 0xff, 0xc2, 0x90, 0xf, 0xd1, 0xff,
    0xff, 0xc3, 0xd1, 0x0, 0xf4, 0x7f, 0xff, 0xf1,
    0x34, 0x3, 0xd1, 0xff, 0x58, 0x7, 0x9, 0xc7,
    0x7f, 0xe8, 0x0, 0xe8, 0xff, 0xac, 0x3, 0xf0,
    0xef, 0xfd, 0xc0, 0x1d, 0x1f, 0xf5, 0x80, 0x7f,
    0x27, 0xfe, 0x20, 0xd, 0x1f, 0xf5, 0x80, 0x7f,
    0xbf, 0xf2, 0x0, 0x68, 0xff, 0xac, 0x3, 0xfd,
    0xff, 0x94, 0x3, 0x47, 0xfd, 0x60, 0x1f, 0xc3,
    0xff, 0x8c, 0x3, 0x47, 0xfd, 0x60, 0x1f, 0xd5,
    0xff, 0x84, 0x3, 0x47, 0xfd, 0x60, 0x1f, 0x15,
    0xff, 0xeb, 0x2, 0xaa, 0xb7, 0xfe, 0xea, 0xae,
    0xbe, 0xff, 0xf1, 0x1, 0xff, 0xff, 0xf2, 0x14,
    0x0, 0x7f, 0xff, 0xfc, 0x6b, 0x20, 0x8, 0xff,
    0xff, 0xf8, 0x5b, 0x70, 0x40, 0x1f, 0xd1, 0xff,
    0x58, 0x7, 0xff, 0x1e, 0x3f, 0xeb, 0x0, 0xff,
    0xe3, 0xc7, 0xfd, 0x60, 0x1f, 0xfc, 0x78, 0xff,
    0xac, 0x3, 0xff, 0x86, 0x7f, 0xff, 0xfc, 0x29,
    0x0, 0xfc, 0x7f, 0xff, 0xfc, 0x29, 0x0, 0xfc,
    0x7f, 0xff, 0xfc, 0x29, 0x0, 0xfc, 0x2c, 0xd5,
    0xff, 0xda, 0xcd, 0xe3, 0x0, 0xff, 0xe0, 0x47,
    0xfd, 0x60, 0x1f, 0xfc, 0x78, 0xff, 0xac, 0x3,
    0xff, 0x8f, 0x1f, 0xf5, 0x80, 0x7f, 0xf1, 0xe3,
    0xfe, 0xb0, 0xf, 0xfe, 0x3c, 0x7f, 0xd6, 0x1,
    0xff, 0xc3,

    /* U+2116 "№" */
    0x44, 0xc4, 0x1, 0xff, 0xc1, 0x44, 0xc2, 0x1,
    0xff, 0xc9, 0xef, 0xfb, 0x84, 0x3, 0xff, 0x81,
    0xdf, 0xf2, 0x80, 0x7f, 0xf2, 0x7b, 0xff, 0x48,
    0x7, 0xff, 0x3, 0xbf, 0xe5, 0x0, 0xff, 0xe4,
    0xf7, 0xff, 0x18, 0x7, 0xfd, 0xdf, 0xf2, 0x80,
    0x7f, 0xf2, 0x7b, 0xff, 0xb4, 0x3, 0xfe, 0xef,
    0xf9, 0x40, 0x3f, 0xf9, 0x3d, 0xff, 0xe7, 0x0,
    0xff, 0x77, 0xfc, 0xa0, 0x1f, 0x85, 0x62, 0xe,
    0x80, 0x1f, 0x77, 0xff, 0xc2, 0x1, 0xfd, 0xdf,
    0xf2, 0x80, 0x78, 0x6b, 0xff, 0xe8, 0x0, 0xee,
    0xff, 0xfa, 0x80, 0x3f, 0xbb, 0xfe, 0x50, 0xe,
    0x3e, 0xff, 0xfe, 0xd2, 0x0, 0xbb, 0xfe, 0xaf,
    0xfc, 0x80, 0x1f, 0xbb, 0xfe, 0x50, 0xc, 0x5f,
    0xfb, 0x21, 0xe7, 0x7f, 0xee, 0x10, 0x7, 0x7f,
    0xcb, 0x5f, 0xf6, 0x80, 0x7e, 0xef, 0xf9, 0x40,
    0x36, 0x7f, 0xca, 0x1, 0xcf, 0xff, 0x50, 0x3,
    0xbf, 0xe5, 0x1f, 0xfd, 0x0, 0x1f, 0x77, 0xfc,
    0xa0, 0x12, 0xff, 0xce, 0x1, 0xf4, 0xff, 0xc6,
    0x1d, 0xff, 0x28, 0x3f, 0xfe, 0x20, 0xf, 0x77,
    0xfc, 0xa0, 0x15, 0xff, 0xb8, 0x3, 0xf0, 0xff,
    0xd2, 0x1d, 0xff, 0x28, 0x3, 0x7f, 0xeb, 0x0,
    0xf7, 0x7f, 0xca, 0x1, 0x7f, 0xd2, 0x1, 0xfd,
    0x7f, 0xed, 0xe, 0xff, 0x94, 0x0, 0x7f, 0xf9,
    0x40, 0x3b, 0xbf, 0xe5, 0x0, 0xf, 0xfc, 0xe0,
    0x1f, 0xd3, 0xff, 0x7, 0x7f, 0xca, 0x1, 0x57,
    0xfd, 0xc2, 0x1, 0xbb, 0xfe, 0x50, 0x1, 0x7f,
    0xcc, 0x1, 0xfd, 0x1f, 0xf0, 0x77, 0xfc, 0xa0,
    0x10, 0xf7, 0xfd, 0x20, 0x1b, 0xbf, 0xe5, 0x0,
    0xbf, 0xe7, 0x0, 0xfe, 0x9f, 0xf8, 0x3b, 0xfe,
    0x50, 0xc, 0xdf, 0xf8, 0xc0, 0x2e, 0xff, 0x94,
    0x2, 0xef, 0xf5, 0x80, 0x7f, 0x6f, 0xfb, 0x3,
    0xbf, 0xe5, 0x0, 0xec, 0xff, 0xb0, 0x2, 0xef,
    0xf9, 0x40, 0x29, 0xff, 0x84, 0x3, 0xe3, 0xff,
    0x9c, 0x3b, 0xfe, 0x50, 0xe, 0x3f, 0xfc, 0xc0,
    0xe, 0xff, 0x94, 0x2, 0x3f, 0xfa, 0x80, 0x3e,
    0xcf, 0xf8, 0x43, 0xbf, 0xe5, 0x0, 0xf4, 0xff,
    0xe1, 0xe, 0xff, 0x94, 0x3, 0x4f, 0xfd, 0x42,
    0x1, 0x15, 0xff, 0xcc, 0x0, 0xef, 0xf9, 0x40,
    0x3c, 0x3d, 0xff, 0x50, 0x77, 0xfc, 0xa0, 0x1d,
    0x9f, 0xfb, 0x6f, 0x7f, 0xf5, 0x0, 0x5d, 0xff,
    0x28, 0x7, 0xcd, 0xff, 0x93, 0xbf, 0xe5, 0x0,
    0xf5, 0x7f, 0xff, 0x40, 0x6, 0xef, 0xf9, 0x40,
    0x3f, 0x67, 0xfd, 0xbf, 0xf9, 0x40, 0x3e, 0x5c,
    0xff, 0xea, 0x30, 0xe, 0xef, 0xf9, 0x40, 0x3f,
    0x17, 0xff, 0xe5, 0x0, 0xff, 0x11, 0x90, 0x7,
    0xee, 0xff, 0x94, 0x3, 0xfa, 0x3f, 0xfe, 0x50,
    0xf, 0xfe, 0x4f, 0x7f, 0xca, 0x1, 0xfe, 0xef,
    0xff, 0x28, 0x7, 0xff, 0x27, 0xbf, 0xe5, 0x0,
    0xff, 0x2f, 0xff, 0x94, 0x2, 0x22, 0xff, 0xe2,
    0x8, 0x77, 0xfc, 0xa0, 0x1f, 0xf5, 0xff, 0xf2,
    0x80, 0x5f, 0xff, 0xfc, 0x47, 0xe, 0xff, 0x94,
    0x3, 0xfe, 0x2f, 0xfe, 0x50, 0xb, 0xff, 0xff,
    0x88, 0xe1, 0xdf, 0xf2, 0x80, 0x7f, 0xf0, 0x23,
    0xff, 0x28, 0x5, 0xff, 0xff, 0xc4, 0x70,

    /* U+2122 "™" */
    0x34, 0x4f, 0xe0, 0x9, 0x12, 0x20, 0xf, 0x22,
    0x41, 0xbf, 0xff, 0xc2, 0x0, 0xff, 0xac, 0x3,
    0x9b, 0xfe, 0x39, 0xbb, 0xbf, 0xd9, 0x77, 0x0,
    0x5f, 0xf8, 0x40, 0x36, 0x7f, 0xc6, 0x1, 0xbb,
    0xcc, 0x3, 0xdf, 0xec, 0xf6, 0x0, 0x87, 0xfb,
    0x9e, 0x60, 0x1b, 0xbc, 0xc0, 0x3d, 0xfe, 0x6f,
    0xb0, 0x9, 0xfe, 0x3b, 0xcc, 0x3, 0x77, 0x98,
    0x7, 0xbf, 0xc5, 0xde, 0x20, 0xc, 0xf2, 0xef,
    0x30, 0xd, 0xde, 0x60, 0x1e, 0xff, 0x14, 0x7b,
    0x1, 0x7e, 0x7, 0x79, 0x80, 0x6e, 0xf3, 0x0,
    0xf7, 0xf8, 0x89, 0xf8, 0xf, 0xec, 0x1d, 0xe6,
    0x1, 0xbb, 0xcc, 0x3, 0xdf, 0xe2, 0xc, 0xf1,
    0xdf, 0x10, 0xef, 0x30, 0xd, 0xde, 0x60, 0x1e,
    0xff, 0x10, 0x37, 0xcf, 0xd0, 0x3, 0xbc, 0xc0,
    0x37, 0x79, 0x80, 0x7b, 0xfc, 0x40, 0xf, 0xf9,
    0x0, 0x1d, 0xe6, 0x1, 0xbb, 0xcc, 0x3, 0xdf,
    0xe2, 0x0, 0x57, 0xf0, 0x5, 0xde, 0x60, 0x1b,
    0xbc, 0xc0, 0x3d, 0xfe, 0x20, 0x2, 0x7c, 0x0,
    0x5d, 0xe6, 0x1, 0xbb, 0xcc, 0x3, 0xdf, 0xe2,
    0x0, 0x84, 0x3, 0x77, 0x98, 0x6, 0x11, 0x0,
    0x7c, 0x22, 0x0, 0xfe, 0x11, 0x0,

    /* U+2126 "Ω" */
    0x0, 0xfe, 0x15, 0x9b, 0xdd, 0x65, 0xca, 0x80,
    0x7f, 0xf1, 0x4a, 0xbf, 0xff, 0xe9, 0x10, 0xf,
    0xfe, 0xc, 0xff, 0xff, 0xf0, 0xe0, 0x3, 0xfc,
    0x39, 0xff, 0xff, 0xc5, 0xb1, 0x0, 0xf8, 0x77,
    0xff, 0xba, 0x59, 0xd, 0x1a, 0x7b, 0xff, 0xb4,
    0x3, 0xeb, 0xff, 0xe7, 0x0, 0xfe, 0x7f, 0xfe,
    0xb0, 0xe, 0x6f, 0xfd, 0xc4, 0x1, 0xff, 0x1f,
    0x7f, 0xe6, 0x0, 0xdd, 0xff, 0x88, 0x3, 0xff,
    0x82, 0x7f, 0xfb, 0x80, 0x26, 0xff, 0xce, 0x1,
    0xff, 0xc3, 0x8f, 0xfc, 0xc0, 0xb, 0xff, 0xc0,
    0x1f, 0xfc, 0x41, 0xff, 0xd8, 0x0, 0xff, 0xd2,
    0x1, 0xff, 0xc5, 0xaf, 0xfc, 0x25, 0xff, 0x94,
    0x3, 0xff, 0x8a, 0xdf, 0xf9, 0x11, 0xff, 0x8c,
    0x3, 0xff, 0x8a, 0x7f, 0xf9, 0x55, 0xff, 0x84,
    0x3, 0xff, 0x8a, 0x5f, 0xf9, 0x93, 0xff, 0x8,
    0x7, 0xff, 0x14, 0xbf, 0xf2, 0x9f, 0xfe, 0x10,
    0xf, 0xfe, 0x29, 0x7f, 0xe4, 0x1f, 0xfc, 0x60,
    0x1f, 0xfc, 0x54, 0xff, 0xc4, 0x1b, 0xff, 0x30,
    0x7, 0xff, 0x15, 0xff, 0xee, 0x0, 0x4f, 0xfd,
    0x40, 0x1f, 0xfc, 0x5b, 0xff, 0xa4, 0x0, 0x7f,
    0xf8, 0x3, 0xff, 0x88, 0x3f, 0xf8, 0xc0, 0x2b,
    0xff, 0x9c, 0x3, 0xff, 0x87, 0x1f, 0xf5, 0x0,
    0x62, 0xff, 0xb8, 0x40, 0x3f, 0xf8, 0x25, 0xff,
    0x88, 0x3, 0x97, 0xfe, 0xc0, 0xf, 0xfe, 0xe,
    0x7f, 0xc8, 0x1, 0xf3, 0xff, 0xd4, 0x1, 0xff,
    0x5f, 0xfc, 0xc0, 0x1f, 0xcd, 0xff, 0x58, 0x80,
    0x7c, 0x39, 0xff, 0x28, 0x7, 0xfc, 0x79, 0xfe,
    0xe6, 0x0, 0xe5, 0xef, 0xf6, 0x18, 0x7, 0xdd,
    0xff, 0xfe, 0x50, 0x8, 0xff, 0xff, 0xdc, 0x0,
    0xef, 0xff, 0xf2, 0x80, 0x49, 0xff, 0xfe, 0xe0,
    0x7, 0x7f, 0xff, 0x94, 0x2, 0x4f, 0xff, 0xf7,
    0x0, 0x3b, 0xff, 0xfc, 0xa0, 0x12, 0x7f, 0xff,
    0xb8, 0x0,

    /* U+215B "⅛" */
    0x0, 0xea, 0xff, 0x10, 0x7, 0xff, 0x1, 0x3f,
    0xd4, 0x1, 0xff, 0xc0, 0xbf, 0xf1, 0x0, 0x7f,
    0xf0, 0x37, 0xfc, 0x20, 0x1f, 0x91, 0x27, 0xff,
    0x88, 0x3, 0xfe, 0x7f, 0xf3, 0x80, 0x7e, 0x2f,
    0xff, 0x88, 0x3, 0xfc, 0x3f, 0xed, 0x0, 0xfe,
    0x2f, 0xff, 0x88, 0x3, 0xfd, 0x5f, 0xe4, 0x0,
    0xff, 0xe1, 0x57, 0xf8, 0x80, 0x3f, 0x8f, 0xfd,
    0x60, 0x1f, 0xfc, 0x3a, 0xff, 0x10, 0x7, 0xf6,
    0xff, 0x88, 0x3, 0xff, 0x87, 0x5f, 0xe2, 0x0,
    0xfc, 0xdf, 0xe8, 0x0, 0xff, 0xe2, 0x57, 0xf8,
    0x80, 0x3e, 0x1e, 0xfe, 0x0, 0xff, 0xe2, 0xd7,
    0xf8, 0x80, 0x3e, 0x9f, 0xf2, 0x80, 0x7f, 0xf1,
    0x6b, 0xfc, 0x40, 0x1e, 0x3f, 0xf5, 0x80, 0x7f,
    0xf1, 0xab, 0xfc, 0x40, 0x1e, 0xcf, 0xf1, 0x0,
    0x64, 0x89, 0x83, 0x0, 0xfe, 0xaf, 0xf1, 0x0,
    0x73, 0x7f, 0xa0, 0x2, 0x4d, 0xff, 0xec, 0x20,
    0xf, 0xab, 0xfc, 0x40, 0x18, 0x7b, 0xf8, 0x2,
    0x3f, 0xff, 0xda, 0x20, 0x1e, 0xaf, 0xf1, 0x0,
    0x69, 0xff, 0x28, 0x5, 0x9f, 0xeb, 0x20, 0x3c,
    0xff, 0x40, 0x7, 0xab, 0xfc, 0x40, 0x11, 0x7f,
    0xb0, 0x3, 0x7f, 0xb8, 0x3, 0xf, 0xfb, 0x0,
    0x3d, 0x5f, 0xe2, 0x0, 0xb3, 0xfc, 0x40, 0x10,
    0xff, 0xac, 0x3, 0xbb, 0xf8, 0x3, 0xcd, 0x32,
    0x10, 0x2, 0xff, 0xa4, 0x3, 0xbf, 0xdc, 0x1,
    0x87, 0xfd, 0x80, 0x1f, 0xfc, 0xe, 0xfe, 0x10,
    0xe, 0x8f, 0xf5, 0x90, 0x1e, 0x7f, 0x94, 0x3,
    0xfe, 0x8f, 0xf3, 0x0, 0x7d, 0x7f, 0xff, 0x40,
    0x7, 0xfc, 0x5f, 0xec, 0x0, 0xf9, 0xbf, 0xf7,
    0x7f, 0xdc, 0x80, 0x1f, 0xeb, 0xff, 0x18, 0x7,
    0x93, 0xfd, 0xaa, 0x1, 0x37, 0xfc, 0x40, 0x1f,
    0x97, 0xfd, 0x20, 0x1f, 0x5f, 0xf8, 0x80, 0x39,
    0x7f, 0xd0, 0x1, 0xfb, 0xbf, 0xc2, 0x1, 0xf7,
    0x7e, 0x80, 0x7d, 0xfe, 0xb0, 0xf, 0xa3, 0xfc,
    0xc0, 0x1f, 0xbb, 0xf8, 0x3, 0xc5, 0xfe, 0xb0,
    0xf, 0x17, 0xfb, 0x40, 0x3f, 0xab, 0xfd, 0x0,
    0x1d, 0x7f, 0xe8, 0x0, 0xf5, 0xff, 0x8c, 0x3,
    0xf8, 0xff, 0xec, 0x76, 0x8d, 0xff, 0x70, 0x80,
    0x72, 0x7f, 0xa8, 0x3, 0xfe, 0x4f, 0xff, 0xdc,
    0x60, 0x1e, 0xdf, 0xf0, 0x80, 0x7f, 0xf0, 0x5,
    0xf3, 0xbf, 0xad, 0x80, 0x20,

    /* U+215C "⅜" */
    0x0, 0x8a, 0x7b, 0xfd, 0x8e, 0x1, 0xff, 0xc2,
    0xef, 0xe1, 0x0, 0xfe, 0x6f, 0xff, 0xb4, 0x40,
    0x3f, 0xe8, 0xff, 0x30, 0x7, 0xf2, 0x7f, 0xdb,
    0x59, 0xff, 0x50, 0x7, 0xf8, 0xbf, 0xda, 0x1,
    0xfe, 0xbf, 0xf3, 0x80, 0x47, 0xff, 0x8, 0x7,
    0xf5, 0xff, 0x8c, 0x3, 0xfd, 0xbf, 0xc0, 0x1d,
    0x7f, 0xe2, 0x0, 0xfc, 0x9f, 0xea, 0x0, 0xff,
    0xe3, 0xe7, 0xf8, 0x3, 0xfb, 0x7f, 0xc2, 0x1,
    0xff, 0xc4, 0x13, 0x9f, 0xf3, 0x80, 0x7e, 0x7f,
    0xf3, 0x80, 0x7f, 0xf1, 0xf, 0xff, 0x28, 0x7,
    0xe1, 0xff, 0x68, 0x7, 0xff, 0x14, 0xff, 0xf6,
    0xa0, 0x7, 0xd5, 0xfe, 0x40, 0xf, 0xfe, 0x32,
    0xb5, 0xff, 0xc8, 0x1, 0xc9, 0xfe, 0xa0, 0xf,
    0xfe, 0x51, 0xff, 0xb4, 0x3, 0xb7, 0xfc, 0x20,
    0x1f, 0xfc, 0x11, 0x22, 0x0, 0x7d, 0x7f, 0xe0,
    0xc, 0xff, 0xe7, 0x0, 0xc6, 0xf3, 0xa, 0x1,
    0xd5, 0xfe, 0x20, 0xf, 0x5f, 0xf8, 0x40, 0x3,
    0xfe, 0xd0, 0x8, 0x6b, 0xff, 0xb9, 0x40, 0x27,
    0xff, 0x48, 0x7, 0x17, 0xfb, 0x80, 0x2a, 0xff,
    0x20, 0x5, 0x9f, 0xff, 0x90, 0x0, 0x5f, 0xf5,
    0x18, 0xa, 0xef, 0xfa, 0x0, 0x7, 0xfe, 0xb0,
    0x9, 0xbf, 0xdc, 0x80, 0x33, 0xfe, 0xd0, 0x9,
    0xbf, 0xff, 0xb4, 0x2, 0xcf, 0xf1, 0x0, 0x55,
    0xfe, 0x40, 0xd, 0x9f, 0xe2, 0x0, 0x97, 0xbf,
    0xfd, 0x42, 0x0, 0x6f, 0xf4, 0x0, 0x6c, 0xff,
    0x8, 0x6, 0x8f, 0xf1, 0x80, 0x72, 0xc4, 0xc9,
    0x88, 0x2, 0x1e, 0xfe, 0x0, 0xe9, 0xff, 0x20,
    0x6, 0xbf, 0xf0, 0x80, 0x7f, 0xf0, 0xa7, 0xfc,
    0xa0, 0x1c, 0x7f, 0xee, 0x40, 0x18, 0xff, 0x58,
    0x7, 0xff, 0x8, 0xff, 0xd8, 0x1, 0xf3, 0x7f,
    0xfd, 0xa2, 0x1, 0xff, 0xc2, 0xcf, 0xf1, 0x0,
    0x78, 0xb7, 0xfe, 0xef, 0xfd, 0x0, 0x1f, 0xfc,
    0x15, 0xff, 0x48, 0x7, 0xdb, 0xfe, 0x71, 0x0,
    0x26, 0x7f, 0x9c, 0x3, 0xff, 0x81, 0xdf, 0xc2,
    0x1, 0xe5, 0xff, 0x38, 0x7, 0xf, 0x7f, 0x0,
    0x7f, 0xd1, 0xfe, 0x60, 0xf, 0xa3, 0xfc, 0x60,
    0x1e, 0xbf, 0xf0, 0x80, 0x7f, 0x17, 0xfb, 0x0,
    0x3f, 0x47, 0xf9, 0x0, 0x3d, 0x9f, 0xe1, 0x0,
    0xfe, 0xbf, 0xf1, 0x80, 0x7e, 0x5f, 0xf6, 0x88,
    0x6, 0x5f, 0xf6, 0x80, 0x7f, 0x2f, 0xfa, 0x40,
    0x3f, 0xd9, 0xfe, 0xe9, 0x67, 0xbf, 0xf9, 0x40,
    0x3f, 0xbb, 0xf8, 0x40, 0x3f, 0xc3, 0x9f, 0xff,
    0x9c, 0x3, 0xfa, 0x3f, 0xcc, 0x1, 0xff, 0xc1,
    0x5a, 0xef, 0xf6, 0xc1, 0x0, 0x40,

    /* U+215D "⅝" */
    0x0, 0x4f, 0xff, 0xf1, 0x80, 0x7f, 0x8b, 0xfd,
    0xa0, 0x1f, 0xd7, 0xff, 0xfc, 0x60, 0x1f, 0xeb,
    0xff, 0x20, 0x7, 0xf7, 0x7f, 0xa6, 0x7e, 0x10,
    0xf, 0xe4, 0xff, 0x50, 0x7, 0xf0, 0xff, 0xa4,
    0x3, 0xff, 0x8b, 0xbf, 0xe1, 0x0, 0xfe, 0x4f,
    0xf3, 0x0, 0x7f, 0xf1, 0x1f, 0xfc, 0xe0, 0x1f,
    0xe7, 0xff, 0x22, 0xcc, 0x9c, 0x40, 0x3f, 0xc3,
    0xfe, 0xd0, 0xf, 0xfa, 0xbf, 0xff, 0x40, 0x7,
    0xf5, 0x7f, 0x90, 0x3, 0xfe, 0xdf, 0xff, 0xe9,
    0x0, 0xf8, 0xff, 0xd6, 0x1, 0xff, 0xc0, 0xff,
    0xac, 0xc0, 0xa3, 0xfe, 0x30, 0xf, 0x6f, 0xf8,
    0x80, 0x3f, 0xf8, 0x4, 0xf2, 0x1, 0xd1, 0xfe,
    0xa0, 0xe, 0x6f, 0xf4, 0x0, 0x7f, 0xf2, 0x4b,
    0xfd, 0xa0, 0x18, 0x7b, 0xf8, 0x3, 0xff, 0x97,
    0xfe, 0xe0, 0xd, 0x3f, 0xe5, 0x0, 0xc7, 0x13,
    0xa, 0x1, 0x9b, 0x3d, 0x0, 0x38, 0xff, 0xd8,
    0x1, 0x1f, 0xfa, 0xc0, 0x22, 0xcf, 0xfe, 0xd3,
    0x0, 0x2f, 0xfb, 0x0, 0x3a, 0xbf, 0xd0, 0x1,
    0x67, 0xf8, 0x80, 0x3, 0xdf, 0xff, 0x88, 0x1,
    0xdf, 0xeb, 0x30, 0x29, 0xff, 0x84, 0x0, 0xdf,
    0xe8, 0x0, 0xa3, 0xfd, 0xa6, 0x5, 0x7f, 0xeb,
    0x0, 0x1f, 0xff, 0xf2, 0x80, 0x7, 0xbf, 0x80,
    0x36, 0xff, 0x84, 0x3, 0x77, 0xf8, 0x2, 0x3d,
    0xff, 0xee, 0x40, 0xa, 0x7f, 0xca, 0x1, 0xbb,
    0xf8, 0x3, 0xaf, 0xfc, 0x20, 0x19, 0x22, 0x61,
    0x40, 0x31, 0x7f, 0xb0, 0x3, 0xb3, 0xfc, 0x20,
    0x1b, 0xbf, 0xc0, 0x1f, 0xfc, 0x2c, 0xff, 0x18,
    0x7, 0x2f, 0xfb, 0xc, 0xa, 0xbf, 0xd0, 0x1,
    0xff, 0xc1, 0x5f, 0xf4, 0x80, 0x7d, 0x1f, 0xff,
    0x58, 0x7, 0xff, 0xb, 0xbf, 0x84, 0x3, 0xc9,
    0xdf, 0xf7, 0x7f, 0xe6, 0x0, 0xff, 0xe0, 0x47,
    0xf9, 0x80, 0x3c, 0x3f, 0xee, 0x60, 0x9, 0x7b,
    0xfc, 0x80, 0x1f, 0xe2, 0xff, 0x60, 0x7, 0xd1,
    0xfe, 0x40, 0xe, 0x2f, 0xf5, 0x80, 0x7f, 0xaf,
    0xfc, 0x60, 0x1f, 0x5f, 0xf8, 0x3, 0xed, 0xfe,
    0x0, 0xfe, 0x5f, 0xf5, 0x0, 0x7e, 0xbf, 0xf1,
    0x0, 0x7b, 0xfd, 0xc0, 0x1f, 0xdd, 0xfe, 0x10,
    0xf, 0xcf, 0xfe, 0xb0, 0xe, 0x8f, 0xf5, 0x80,
    0x7e, 0x8f, 0xf3, 0x80, 0x7f, 0xf, 0x7f, 0xb6,
    0x19, 0xf3, 0xfe, 0x30, 0xf, 0x8b, 0xfd, 0xa0,
    0x1f, 0xf1, 0x6f, 0xff, 0xe5, 0x0, 0xfd, 0x7f,
    0xe4, 0x0, 0xff, 0xe0, 0xb5, 0xf7, 0xf6, 0x40,
    0x80, 0x0,

    /* U+215E "⅞" */
    0x2f, 0xff, 0xfe, 0x4, 0x80, 0x7e, 0xbf, 0xf1,
    0x80, 0x7c, 0x5f, 0xff, 0xfc, 0x9, 0x0, 0xf9,
    0x7f, 0xd2, 0x1, 0xf8, 0x66, 0x7f, 0xbf, 0xe5,
    0x0, 0xfb, 0xbf, 0x84, 0x3, 0xff, 0x8a, 0x9f,
    0xed, 0x0, 0xfa, 0x3f, 0xcc, 0x1, 0xff, 0xc6,
    0xcf, 0xf2, 0x0, 0x78, 0xbf, 0xda, 0x1, 0xff,
    0xc6, 0x4f, 0xf6, 0x0, 0x7d, 0x7f, 0xe3, 0x0,
    0xff, 0xe3, 0x67, 0xf9, 0x0, 0x3c, 0x9f, 0xea,
    0x0, 0xff, 0xe3, 0x2f, 0xfb, 0x0, 0x3e, 0xdf,
    0xf0, 0x80, 0x7f, 0xf1, 0xb7, 0xfc, 0x80, 0x1e,
    0x7f, 0xf3, 0x80, 0x7f, 0xf1, 0x97, 0xfd, 0x60,
    0x1e, 0x1f, 0xf6, 0x80, 0x7f, 0xf1, 0xf7, 0xfc,
    0x60, 0x1e, 0xaf, 0xf2, 0x0, 0x7f, 0xf1, 0x9b,
    0xfd, 0x60, 0x1e, 0x4f, 0xf5, 0x0, 0x62, 0x79,
    0x93, 0x8, 0x7, 0xf7, 0x7f, 0x8c, 0x3, 0xdb,
    0xfe, 0x20, 0xa, 0x7f, 0xfc, 0xe0, 0x1f, 0x37,
    0xfa, 0xc0, 0x3c, 0xff, 0xe7, 0x0, 0xab, 0xff,
    0xf3, 0x80, 0x7b, 0xbf, 0xc6, 0x1, 0xc3, 0xfe,
    0xd0, 0x8, 0xff, 0xe6, 0x11, 0x37, 0xfc, 0x20,
    0x19, 0xff, 0xd4, 0x1, 0xea, 0xff, 0x28, 0x4,
    0xff, 0xe7, 0x0, 0xd3, 0xfe, 0x50, 0xd, 0xdf,
    0xe2, 0x0, 0xe3, 0xff, 0x58, 0x6, 0x9f, 0xf2,
    0x0, 0x65, 0xff, 0x30, 0x4, 0x73, 0x26, 0x0,
    0xf6, 0x7f, 0x88, 0x3, 0x37, 0xf9, 0xc0, 0x34,
    0x7f, 0x90, 0x3, 0xff, 0x80, 0xdf, 0xe8, 0x0,
    0xe1, 0xef, 0xf3, 0x8, 0x9b, 0xfd, 0xa0, 0x1f,
    0xfc, 0x1, 0xef, 0xe0, 0xf, 0x8f, 0xff, 0xee,
    0x20, 0xf, 0xfe, 0x4, 0xff, 0x94, 0x3, 0xc3,
    0x7f, 0xff, 0xac, 0x3, 0xfe, 0x3f, 0xf6, 0x0,
    0x7d, 0x7f, 0xe9, 0x20, 0x1, 0x5f, 0xfa, 0x80,
    0x3f, 0xd9, 0xfe, 0x20, 0xf, 0x17, 0xfa, 0x80,
    0x3d, 0x9f, 0xe1, 0x0, 0xfc, 0xbf, 0xe9, 0x0,
    0xf9, 0x7f, 0xcc, 0x1, 0xe8, 0xff, 0x20, 0x7,
    0xee, 0xfe, 0x10, 0xf, 0x97, 0xfc, 0xe0, 0x1e,
    0x9f, 0xf2, 0x0, 0x7d, 0x1f, 0xe6, 0x0, 0xfc,
    0x5f, 0xee, 0x20, 0xc, 0x7f, 0xf0, 0x80, 0x78,
    0xbf, 0xd8, 0x1, 0xfe, 0x9f, 0xfa, 0x99, 0xeb,
    0xfe, 0x80, 0xf, 0xaf, 0xfc, 0x60, 0x1f, 0xf5,
    0x7f, 0xfe, 0x90, 0xf, 0x97, 0xfd, 0x20, 0x1f,
    0xfc, 0x14, 0xad, 0xff, 0x6c, 0x98, 0x4,

    /* U+2190 "←" */
    0x0, 0xff, 0xe4, 0xa2, 0x0, 0x3f, 0xfb, 0xc5,
    0x7f, 0xa0, 0x1f, 0xfd, 0xc1, 0x9f, 0xfc, 0xa0,
    0x1f, 0xfd, 0xa7, 0xff, 0xeb, 0x20, 0xf, 0xfe,
    0xc2, 0xf7, 0xfe, 0xd4, 0x0, 0xff, 0xec, 0x26,
    0x7f, 0xee, 0x60, 0xf, 0xfe, 0xc1, 0x5f, 0xff,
    0x40, 0x7, 0xff, 0x60, 0x67, 0xff, 0xa8, 0x40,
    0x3f, 0xfb, 0xf, 0xff, 0xd8, 0x60, 0x1f, 0xfd,
    0x85, 0xef, 0xfd, 0xaa, 0x1, 0xff, 0xd8, 0x3c,
    0xff, 0xe8, 0x21, 0x1f, 0xfe, 0xa8, 0x0, 0xab,
    0xff, 0xff, 0xbc, 0x22, 0xef, 0xff, 0xfe, 0xf8,
    0x80, 0x1f, 0xff, 0xff, 0xbc, 0x20, 0x10, 0xcf,
    0xff, 0x48, 0x80, 0x7f, 0xf6, 0xca, 0xff, 0xf9,
    0xc0, 0x3f, 0xfb, 0x89, 0xbf, 0xfb, 0x54, 0x3,
    0xff, 0xb8, 0xdd, 0xff, 0xb0, 0xc0, 0x3f, 0xfb,
    0x91, 0xff, 0xd4, 0x40, 0x1f, 0xfd, 0xb1, 0x9f,
    0xfe, 0x81, 0x0, 0xff, 0xed, 0x95, 0xff, 0xee,
    0x60, 0xf, 0xfe, 0xe2, 0x6f, 0xfe, 0xd4, 0x0,
    0xff, 0xee, 0x37, 0x7f, 0xc8, 0x1, 0xff, 0xde,
    0x8f, 0xc0, 0xf, 0xff, 0x0, 0x90, 0x7, 0xff,
    0x2c,

    /* U+2192 "→" */
    0x0, 0xff, 0xe5, 0x1a, 0x0, 0x7f, 0xf7, 0xf3,
    0xec, 0xc0, 0x3f, 0xfb, 0x89, 0xff, 0xa8, 0x40,
    0x3f, 0xfb, 0x45, 0x5f, 0xfd, 0x0, 0x1f, 0xfd,
    0xb3, 0xcf, 0xfd, 0xcc, 0x1, 0xff, 0xdb, 0x5e,
    0xff, 0xda, 0x80, 0x1f, 0xfd, 0xb7, 0xff, 0xeb,
    0x20, 0xf, 0xfe, 0xd0, 0xcf, 0xff, 0x48, 0x80,
    0x7f, 0xf6, 0x8a, 0xff, 0xfa, 0x0, 0x3f, 0xfb,
    0x69, 0xbf, 0xfb, 0x98, 0x3, 0x84, 0x7f, 0xfa,
    0xd1, 0xff, 0xda, 0x80, 0x17, 0xff, 0xff, 0x7a,
    0xc8, 0x3f, 0xff, 0xfb, 0xfc, 0x5f, 0xff, 0xfd,
    0xe8, 0x0, 0xff, 0xeb, 0x8c, 0x7f, 0xf5, 0x10,
    0x7, 0xff, 0x5d, 0xbb, 0xff, 0x61, 0x80, 0x7f,
    0xf5, 0xd3, 0x7f, 0xf6, 0xa8, 0x7, 0xff, 0x5c,
    0xf3, 0xff, 0x73, 0x80, 0x7f, 0xf5, 0xc6, 0xbf,
    0xfa, 0x4, 0x3, 0xff, 0xaf, 0x1f, 0xfd, 0x44,
    0x1, 0xff, 0xd7, 0x6e, 0xff, 0xd8, 0x60, 0x1f,
    0xfd, 0x73, 0xdf, 0xfd, 0xaa, 0x1, 0xff, 0xd9,
    0x3f, 0xfb, 0x9c, 0x3, 0xff, 0xb9, 0x7f, 0x22,
    0x1, 0xff, 0xdd, 0x22, 0x0, 0x7f, 0xf2, 0x40,

    /* U+2202 "∂" */
    0x0, 0xfc, 0xb3, 0x79, 0x72, 0xa0, 0x1f, 0xfc,
    0x17, 0xff, 0xfe, 0x80, 0xf, 0xe1, 0xcf, 0xff,
    0xfb, 0x44, 0x3, 0xec, 0xff, 0xba, 0x15, 0x16,
    0x7f, 0xf6, 0x0, 0x7a, 0x3f, 0xe9, 0x0, 0xf0,
    0xe7, 0xfd, 0x0, 0x18, 0x7f, 0xea, 0x0, 0xfe,
    0xdf, 0xf8, 0x80, 0x31, 0xc6, 0x88, 0x7, 0xf2,
    0x7f, 0xd0, 0x1, 0xff, 0xc6, 0xdf, 0xf7, 0x0,
    0x7f, 0xf1, 0xa3, 0xfe, 0x20, 0xf, 0x89, 0xef,
    0x7b, 0x96, 0xa0, 0x5, 0xff, 0x94, 0x3, 0x8e,
    0xff, 0xff, 0x60, 0x97, 0xfd, 0x0, 0x19, 0xff,
    0xff, 0xec, 0xf, 0xfa, 0x80, 0x29, 0xff, 0xec,
    0x86, 0x79, 0xef, 0xf4, 0xef, 0xfa, 0xc0, 0xd,
    0xff, 0xac, 0x80, 0x3d, 0x5f, 0xed, 0xff, 0x60,
    0x17, 0xfe, 0x90, 0xf, 0xea, 0xff, 0xd8, 0x15,
    0xff, 0x60, 0x7, 0xf8, 0x7f, 0xf5, 0x8f, 0xfe,
    0x20, 0xf, 0xfa, 0xbf, 0xea, 0x5f, 0xfa, 0xc0,
    0x3f, 0xf8, 0xd, 0xff, 0x4c, 0xbf, 0xe6, 0x0,
    0xff, 0xe0, 0x2f, 0xfc, 0xd5, 0xff, 0x18, 0x7,
    0xff, 0x1, 0xbf, 0xe3, 0xcf, 0xf8, 0x80, 0x3f,
    0xf8, 0x15, 0xff, 0x5, 0xff, 0xc4, 0x1, 0xff,
    0xc0, 0xff, 0xa8, 0x2b, 0xfe, 0x50, 0xf, 0xf9,
    0xbf, 0xe4, 0x7, 0xff, 0xa8, 0x3, 0xfc, 0x5f,
    0xf6, 0x80, 0xb, 0xff, 0x20, 0x7, 0xe1, 0xdf,
    0xf9, 0x0, 0x2a, 0xff, 0xca, 0x1, 0xe4, 0xef,
    0xfa, 0x80, 0x30, 0xf7, 0xfe, 0xd8, 0x66, 0x46,
    0x7f, 0xec, 0x0, 0xf2, 0x7f, 0xff, 0xf0, 0x70,
    0x40, 0x3e, 0x2d, 0xff, 0xff, 0x38, 0x7, 0xfc,
    0xd7, 0xff, 0xd8, 0xe2, 0x1, 0xff, 0xc3, 0x12,
    0x10, 0xf, 0xf8,

    /* U+2205 "∅" */
    0x0, 0xff, 0x13, 0x45, 0x4c, 0x31, 0x0, 0x64,
    0xaa, 0x10, 0x7, 0xf9, 0xb7, 0xff, 0xf6, 0xb8,
    0x17, 0xfa, 0x0, 0x3f, 0x8f, 0x7f, 0xfb, 0xb9,
    0xff, 0xdd, 0xbf, 0x60, 0x1f, 0xcd, 0xff, 0x74,
    0x18, 0x6, 0x27, 0xdf, 0xfc, 0x20, 0x1f, 0x9f,
    0xfe, 0x70, 0xf, 0xf5, 0x7f, 0xd0, 0x1, 0xf2,
    0xff, 0xb8, 0xc0, 0x3f, 0xc7, 0xfe, 0xef, 0xf3,
    0x80, 0x70, 0xff, 0xc4, 0x1, 0xfe, 0x1d, 0xfa,
    0x1e, 0xff, 0x10, 0x6, 0x9f, 0xf2, 0x80, 0x7f,
    0xd7, 0xfa, 0x0, 0x3f, 0xf5, 0x80, 0x43, 0xfe,
    0xc0, 0xf, 0xf9, 0xff, 0xc4, 0x1, 0x57, 0xf8,
    0xc0, 0xf, 0xfe, 0x40, 0xf, 0xf1, 0xff, 0x94,
    0x3, 0x17, 0xfa, 0x40, 0x17, 0xfc, 0x1, 0xfe,
    0x1e, 0xf9, 0x0, 0xf6, 0xfe, 0x80, 0x3b, 0xec,
    0x3, 0xfd, 0x7f, 0x80, 0x1f, 0x4f, 0xf8, 0x1,
    0xfe, 0x90, 0xf, 0xe8, 0xff, 0x10, 0x7, 0xcf,
    0xfe, 0x20, 0xff, 0x40, 0x7, 0xe4, 0xff, 0x28,
    0x7, 0xe6, 0xff, 0x10, 0x7f, 0xa4, 0x3, 0xe1,
    0xef, 0x80, 0xf, 0xe7, 0xff, 0x10, 0x77, 0xd8,
    0x7, 0xd9, 0xf8, 0x1, 0xfe, 0x9f, 0xf0, 0x2,
    0xbf, 0xc0, 0x1e, 0x9f, 0xe1, 0x0, 0xff, 0x77,
    0xe0, 0x1, 0xbf, 0xca, 0x1, 0x97, 0xfc, 0x80,
    0x1f, 0xe3, 0xff, 0x40, 0x5, 0xfe, 0xd0, 0x8,
    0xbf, 0xd0, 0x1, 0xff, 0x5f, 0xf8, 0x80, 0x27,
    0xff, 0x38, 0x3, 0x7e, 0xc0, 0x3f, 0xe5, 0xff,
    0x48, 0x7, 0x6f, 0xf9, 0x6b, 0xf8, 0x40, 0x3f,
    0xc7, 0xff, 0x8, 0x7, 0x1f, 0xff, 0x18, 0x7,
    0xf9, 0x7f, 0xe4, 0x0, 0xf9, 0x3f, 0xed, 0x20,
    0xf, 0xc3, 0x3f, 0xf3, 0x0, 0x7e, 0x1e, 0xff,
    0xd6, 0xc6, 0x22, 0x35, 0xaf, 0xfc, 0xa0, 0x1f,
    0xd9, 0xfb, 0x7f, 0xff, 0xfc, 0xb, 0x20, 0xf,
    0xe8, 0xff, 0x10, 0x25, 0x7f, 0xfe, 0xb4, 0x0,
    0xff, 0x9d, 0xc8, 0x1, 0xc6, 0xce, 0xe6, 0x40,
    0xf, 0xf8,

    /* U+2206 "∆" */
    0x0, 0xff, 0xe0, 0x18, 0x80, 0x7f, 0xf3, 0x3e,
    0x80, 0x3f, 0xf9, 0x6d, 0xfe, 0x10, 0xf, 0xfe,
    0x56, 0x7f, 0x9c, 0x3, 0xff, 0x92, 0x7f, 0xf6,
    0x80, 0x7f, 0xf2, 0x67, 0xff, 0x20, 0x7, 0xff,
    0x23, 0xff, 0xa8, 0x3, 0xff, 0x8e, 0xdf, 0xfe,
    0x10, 0xf, 0xfe, 0x36, 0x7f, 0xa7, 0x7f, 0xce,
    0x1, 0xff, 0xc5, 0x3f, 0xf8, 0xdf, 0xfd, 0xa0,
    0x1f, 0xfc, 0x59, 0xff, 0x68, 0xf, 0xfc, 0x80,
    0x1f, 0xfc, 0x4f, 0xf9, 0xc0, 0x17, 0xfe, 0xa0,
    0xf, 0xfe, 0x1b, 0x7f, 0xc2, 0x0, 0x5f, 0xf8,
    0x40, 0x3f, 0xf8, 0x59, 0xfe, 0xa0, 0xd, 0xdf,
    0xe7, 0x0, 0xff, 0xe0, 0x97, 0xfc, 0x80, 0x1a,
    0x7f, 0xda, 0x1, 0xff, 0xc1, 0x9f, 0xf7, 0x0,
    0x71, 0x7f, 0xc8, 0x1, 0xff, 0xc0, 0xff, 0xa0,
    0x3, 0xd9, 0xfe, 0xa0, 0xf, 0xf9, 0xbf, 0xe2,
    0x0, 0xf3, 0x7f, 0xc2, 0x1, 0xfe, 0xcf, 0xf6,
    0x0, 0x7c, 0x3f, 0xf3, 0x80, 0x7f, 0x17, 0xfc,
    0xc0, 0x1f, 0xab, 0xfd, 0xa0, 0x1f, 0xd3, 0xff,
    0x0, 0x7f, 0x27, 0xfc, 0x80, 0x1f, 0xbb, 0xfd,
    0x40, 0x1f, 0xee, 0xff, 0x50, 0x7, 0xcb, 0xff,
    0x20, 0x7, 0xf9, 0xff, 0xe1, 0x0, 0xf6, 0x7f,
    0xb4, 0x3, 0xfe, 0x1f, 0xf9, 0xc0, 0x38, 0xbf,
    0xe7, 0x0, 0xff, 0xe0, 0x5f, 0xfb, 0x40, 0x3a,
    0x7f, 0xe1, 0x0, 0xff, 0xe0, 0x2f, 0xfc, 0x80,
    0x1b, 0xbf, 0xdc, 0xef, 0xff, 0xc1, 0x8f, 0xfa,
    0x80, 0x25, 0xff, 0xff, 0xe5, 0x8, 0x3, 0x3f,
    0xff, 0xf9, 0x4e, 0x5, 0xff, 0xff, 0xcb, 0xd0,

    /* U+220F "∏" */
    0x4, 0x4f, 0xfe, 0x49, 0x7f, 0xff, 0xf2, 0x38,
    0xbf, 0xff, 0xf9, 0x1c, 0x5f, 0xff, 0xfc, 0x8e,
    0x2, 0x6f, 0xf9, 0x48, 0xbf, 0xa3, 0xfe, 0x32,
    0x0, 0x27, 0xfc, 0x60, 0x1f, 0xcf, 0xff, 0x0,
    0x64, 0xff, 0x8c, 0x3, 0xf9, 0xff, 0xe0, 0xc,
    0x9f, 0xf1, 0x80, 0x7f, 0x3f, 0xfc, 0x1, 0x93,
    0xfe, 0x30, 0xf, 0xe7, 0xff, 0x80, 0x32, 0x7f,
    0xc6, 0x1, 0xfc, 0xff, 0xf0, 0x6, 0x4f, 0xf8,
    0xc0, 0x3f, 0x9f, 0xfe, 0x0, 0xc9, 0xff, 0x18,
    0x7, 0xf3, 0xff, 0xc0, 0x19, 0x3f, 0xe3, 0x0,
    0xfe, 0x7f, 0xf8, 0x3, 0x27, 0xfc, 0x60, 0x1f,
    0xcf, 0xff, 0x0, 0x64, 0xff, 0x8c, 0x3, 0xf9,
    0xff, 0xe0, 0xc, 0x9f, 0xf1, 0x80, 0x7f, 0x3f,
    0xfc, 0x1, 0x93, 0xfe, 0x30, 0xf, 0xe7, 0xff,
    0x80, 0x32, 0x7f, 0xc6, 0x1, 0xfc, 0xff, 0xf0,
    0x6, 0x4f, 0xf8, 0xc0, 0x3f, 0x9f, 0xfe, 0x0,
    0xc9, 0xff, 0x18, 0x7, 0xf3, 0xff, 0xc0, 0x19,
    0x3f, 0xe3, 0x0, 0xfe, 0x7f, 0xf8, 0x3, 0x27,
    0xfc, 0x60, 0x1f, 0xcf, 0xff, 0x0, 0x64, 0xff,
    0x8c, 0x3, 0xf9, 0xff, 0xe0, 0xc, 0x9f, 0xf1,
    0x80, 0x7f, 0x3f, 0xfc, 0x1, 0x93, 0xfe, 0x30,
    0xf, 0xe7, 0xff, 0x80, 0x32, 0x7f, 0xc6, 0x1,
    0xfc, 0xff, 0xf0, 0x6, 0x4f, 0xf8, 0xc0, 0x3f,
    0x9f, 0xfe, 0x0, 0xc9, 0xff, 0x18, 0x7, 0xf3,
    0xff, 0xc0, 0x19, 0x3f, 0xe3, 0x0, 0xfe, 0x7f,
    0xf8, 0x3, 0x27, 0xfc, 0x60, 0x1f, 0xcf, 0xff,
    0x0, 0x0,

    /* U+2211 "∑" */
    0x1, 0x1f, 0xfe, 0x50, 0x3, 0xff, 0xff, 0x94,
    0x81, 0xff, 0xff, 0xca, 0x40, 0xaf, 0xff, 0xfe,
    0x4a, 0x0, 0x2f, 0xff, 0xb7, 0x7f, 0xf8, 0x66,
    0x1, 0x5f, 0xfe, 0x60, 0xf, 0xfe, 0x3e, 0x7f,
    0xe6, 0x0, 0xff, 0xe3, 0xe7, 0xfe, 0x60, 0xf,
    0xfe, 0x30, 0xef, 0xfe, 0x60, 0xf, 0xfe, 0x30,
    0xef, 0xfe, 0x60, 0xf, 0xfe, 0x30, 0xf7, 0xfe,
    0x60, 0xf, 0xfe, 0x31, 0x77, 0xfe, 0x60, 0xf,
    0xfe, 0x31, 0x77, 0xfe, 0x50, 0xf, 0xfe, 0x31,
    0xff, 0xf2, 0x80, 0x7f, 0xf1, 0x8f, 0xff, 0x94,
    0x3, 0xff, 0x8d, 0x1f, 0xfc, 0x20, 0x1f, 0xfc,
    0x44, 0xff, 0xe5, 0x0, 0xff, 0xe2, 0x1f, 0xff,
    0x28, 0x7, 0xff, 0x10, 0xff, 0xf9, 0x40, 0x3f,
    0xf8, 0x85, 0xdf, 0xf9, 0x40, 0x3f, 0xf8, 0x85,
    0xdf, 0xf9, 0x40, 0x3f, 0xf8, 0x83, 0xdf, 0xf9,
    0x40, 0x3f, 0xf8, 0x83, 0xbf, 0xf9, 0x40, 0x3f,
    0xf8, 0x83, 0xbf, 0xf9, 0x40, 0x3f, 0xf8, 0x83,
    0x9f, 0xf9, 0x40, 0x3f, 0xf8, 0xb9, 0xff, 0x94,
    0x3, 0xff, 0x8b, 0x7f, 0xfd, 0xdd, 0xff, 0xc3,
    0x40, 0xbf, 0xff, 0xfe, 0x4a, 0x7, 0xff, 0xff,
    0x29, 0x3, 0xff, 0xff, 0x94, 0x80,

    /* U+2212 "−" */
    0x0, 0xff, 0xe2, 0xbf, 0xff, 0xff, 0x11, 0xff,
    0xff, 0xf8, 0x8f, 0xff, 0xff, 0xc4, 0x13, 0x3f,
    0xfe, 0x20,

    /* U+2215 "∕" */
    0x0, 0xff, 0x85, 0x12, 0x0, 0xff, 0x9f, 0xfd,
    0x40, 0x1f, 0xf7, 0x7f, 0x8c, 0x3, 0xfc, 0x9f,
    0xed, 0x0, 0xff, 0xab, 0xfc, 0xe0, 0x1f, 0xe1,
    0xff, 0x84, 0x3, 0xfc, 0xff, 0xea, 0x0, 0xff,
    0xb7, 0xfc, 0x80, 0x1f, 0xe4, 0xff, 0x68, 0x7,
    0xfd, 0x5f, 0xe7, 0x0, 0xff, 0xf, 0xfc, 0x20,
    0x1f, 0xe7, 0xff, 0x58, 0x7, 0xfd, 0xbf, 0xe4,
    0x0, 0xff, 0x1f, 0xfb, 0x80, 0x3f, 0xe9, 0xff,
    0x40, 0x7, 0xfd, 0xff, 0x8, 0x7, 0xf9, 0xbf,
    0xd6, 0x1, 0xff, 0x67, 0xf9, 0x40, 0x3f, 0xc7,
    0xfe, 0xe0, 0xf, 0xfa, 0x7f, 0xd0, 0x1, 0xff,
    0x7f, 0xc4, 0x1, 0xfe, 0x6f, 0xf5, 0x80, 0x7f,
    0xd9, 0xfe, 0x50, 0xf, 0xf1, 0x7f, 0xb8, 0x3,
    0xfe, 0x9f, 0xf4, 0x0, 0x7f, 0xdd, 0xfe, 0x20,
    0xf, 0xf2, 0xff, 0xb0, 0x3, 0xfe, 0xcf, 0xf2,
    0x80, 0x7f, 0x8b, 0xfd, 0xc0, 0x1f, 0xf4, 0x7f,
    0xa4, 0x3, 0xfe,

    /* U+221A "√" */
    0x0, 0xff, 0xe3, 0xa3, 0x34, 0x1, 0xff, 0xc8,
    0xff, 0xac, 0x3, 0xff, 0x8e, 0xdf, 0xf2, 0x0,
    0x7f, 0xf1, 0xf3, 0xfd, 0xa0, 0x1f, 0xfc, 0x72,
    0xff, 0x9c, 0x3, 0xff, 0x8f, 0x3f, 0xf0, 0x80,
    0x7f, 0xf1, 0xfb, 0xfd, 0x40, 0x1f, 0xfc, 0x76,
    0xff, 0x8c, 0x3, 0xff, 0x8f, 0x9f, 0xed, 0x0,
    0xff, 0xe3, 0x97, 0xfc, 0xc0, 0x1f, 0xfc, 0x79,
    0xff, 0x80, 0x3f, 0xf9, 0x1d, 0xfe, 0x90, 0xf,
    0xfe, 0x3a, 0xff, 0xc6, 0x1, 0xff, 0xc7, 0xcf,
    0xf6, 0x0, 0x7f, 0xf1, 0xcb, 0xfe, 0x60, 0xf,
    0x37, 0xff, 0x30, 0x7, 0xa3, 0xfd, 0xc0, 0x1f,
    0x3f, 0xff, 0x60, 0x7, 0xbb, 0xfd, 0x20, 0x1f,
    0x3f, 0xff, 0x84, 0x3, 0x2f, 0xfc, 0x40, 0x1f,
    0x1c, 0x42, 0x7f, 0xe6, 0x0, 0xd9, 0xfe, 0xb0,
    0xf, 0xfe, 0x7, 0x7f, 0xb0, 0x2, 0x2f, 0xf9,
    0x40, 0x3f, 0xf8, 0x11, 0xff, 0x8, 0x2, 0x3f,
    0xdc, 0x1, 0xff, 0xc1, 0x2f, 0xf9, 0x80, 0x1d,
    0xfe, 0x80, 0xf, 0xfe, 0x16, 0x7f, 0xb0, 0x17,
    0xfe, 0x10, 0xf, 0xfe, 0x13, 0x7f, 0xc3, 0x7f,
    0xeb, 0x0, 0xff, 0xe1, 0x8f, 0xfd, 0x3f, 0xf2,
    0x0, 0x7f, 0xf1, 0x2f, 0xff, 0xb8, 0x3, 0xff,
    0x8a, 0xbf, 0xfc, 0xe0, 0x1f, 0xfc, 0x6e, 0xff,
    0xc2, 0x1, 0xff, 0xc6, 0x9f, 0xfa, 0x80, 0x3f,
    0xf8, 0xe7, 0xff, 0x20, 0x7, 0xff, 0x23, 0x7f,
    0x40, 0x3f, 0xf9, 0x2f, 0xec, 0x1, 0xff, 0xc9,
    0x2f, 0x10, 0xf, 0xfe, 0x52, 0x80, 0x7f, 0xf0,
    0x80,

    /* U+221E "∞" */
    0x0, 0xf2, 0x33, 0x14, 0x80, 0x3f, 0xf8, 0x2,
    0x8c, 0xc4, 0x10, 0xf, 0xc3, 0x5f, 0xfe, 0xd5,
    0x0, 0xfc, 0x77, 0xff, 0xeb, 0x30, 0xe, 0x4e,
    0xff, 0xfe, 0xc2, 0x0, 0xea, 0xff, 0xff, 0x30,
    0x4, 0x5f, 0xfe, 0xee, 0x7f, 0xf2, 0x0, 0x7,
    0x7f, 0xfb, 0xbf, 0xfc, 0xa0, 0xc, 0xff, 0xb9,
    0x40, 0x23, 0xaf, 0xfc, 0x83, 0xdf, 0xf6, 0x20,
    0x4, 0x9b, 0xff, 0x84, 0xff, 0xee, 0x10, 0xf,
    0x27, 0xfd, 0xdb, 0xff, 0x38, 0x7, 0xd7, 0xff,
    0x3c, 0x7f, 0xca, 0x1, 0xf8, 0xff, 0xfc, 0xc0,
    0x1f, 0x8b, 0xfe, 0xca, 0xff, 0x80, 0x3f, 0xcb,
    0xff, 0xa0, 0x3, 0xfd, 0x9f, 0xee, 0xbf, 0xf8,
    0x3, 0xfe, 0xef, 0xf8, 0x40, 0x3f, 0xd7, 0xff,
    0x4f, 0xfc, 0x20, 0x1f, 0xd3, 0xff, 0xac, 0x3,
    0xfd, 0xbf, 0xee, 0x7f, 0xf9, 0xc0, 0x3f, 0x3f,
    0xff, 0xa8, 0x3, 0xf1, 0xff, 0xd6, 0x3f, 0xf9,
    0x0, 0x3d, 0x3f, 0xf6, 0x57, 0xfd, 0x62, 0x1,
    0xc5, 0xdf, 0xf2, 0x85, 0x7f, 0xea, 0x53, 0x33,
    0xf7, 0xfd, 0xa2, 0x17, 0xff, 0xa1, 0x9, 0x27,
    0xff, 0x68, 0x5, 0xbf, 0xff, 0xf6, 0x8, 0x5,
    0x5f, 0xff, 0xfc, 0x2, 0x0, 0x87, 0x3f, 0xff,
    0xa0, 0x3, 0xcd, 0xff, 0xfd, 0xa4, 0x1, 0xe5,
    0xbf, 0xfd, 0xd2, 0x40, 0x1f, 0x85, 0xf7, 0xff,
    0x6b, 0x80, 0x7f, 0xc2, 0x42, 0x1, 0xff, 0xc2,
    0x12, 0x20, 0x7, 0xc0,

    /* U+222B "∫" */
    0x0, 0xff, 0x25, 0x6e, 0xad, 0x80, 0x3f, 0xea,
    0xff, 0xf6, 0x98, 0x7, 0xea, 0xff, 0xfb, 0x84,
    0x3, 0xe4, 0xff, 0xd7, 0x5d, 0xe6, 0x1, 0xfa,
    0xff, 0xe3, 0x0, 0x8c, 0x3, 0xfb, 0xbf, 0xd4,
    0x1, 0xff, 0xc2, 0xff, 0x9c, 0x3, 0xff, 0x85,
    0xff, 0x38, 0x7, 0xff, 0xb, 0xfe, 0x70, 0xf,
    0xfe, 0x17, 0xfc, 0xe0, 0x1f, 0xfc, 0x2f, 0xf9,
    0xc0, 0x3f, 0xf8, 0x5f, 0xf3, 0x80, 0x7f, 0xf0,
    0xbf, 0xe7, 0x0, 0xff, 0xe1, 0x7f, 0xce, 0x1,
    0xff, 0xc2, 0xff, 0x9c, 0x3, 0xff, 0x85, 0xff,
    0x38, 0x7, 0xff, 0xb, 0xfe, 0x70, 0xf, 0xfe,
    0x17, 0xfc, 0xe0, 0x1f, 0xfc, 0x2f, 0xf9, 0xc0,
    0x3f, 0xf8, 0x5f, 0xf3, 0x80, 0x7f, 0xf0, 0xbf,
    0xe7, 0x0, 0xff, 0xe1, 0x7f, 0xce, 0x1, 0xff,
    0xc2, 0xff, 0x9c, 0x3, 0xff, 0x85, 0xff, 0x38,
    0x7, 0xff, 0xb, 0xfe, 0x70, 0xf, 0xfe, 0x17,
    0xfc, 0xe0, 0x1f, 0xfc, 0x2f, 0xf9, 0xc0, 0x3f,
    0xf8, 0x5f, 0xf3, 0x80, 0x7f, 0xf0, 0xbf, 0xe7,
    0x0, 0xff, 0xe1, 0x7f, 0xce, 0x1, 0xff, 0xc2,
    0xff, 0x9c, 0x3, 0xff, 0x82, 0x3f, 0xf3, 0x0,
    0x7f, 0xf0, 0x53, 0xfe, 0x40, 0xf, 0xfe, 0xd,
    0x7f, 0xc2, 0x1, 0xff, 0xc0, 0x4f, 0xfa, 0xc0,
    0x3f, 0xe3, 0x9f, 0xfc, 0x60, 0x1f, 0x9f, 0xff,
    0xe8, 0x0, 0xfe, 0x8f, 0xff, 0x40, 0x7, 0xfa,
    0x3f, 0xf5, 0x98, 0x7, 0xfc, 0xb2, 0xea, 0x20,
    0x1f, 0xfc, 0x10,

    /* U+2248 "≈" */
    0x0, 0xe1, 0x10, 0x7, 0xff, 0xd, 0xfb, 0xfd,
    0xd2, 0x1, 0xe3, 0x88, 0x38, 0x2, 0xff, 0xfd,
    0x80, 0x1c, 0xff, 0xed, 0x6, 0xff, 0xb7, 0x3f,
    0xea, 0x0, 0xd3, 0xfe, 0xb0, 0xef, 0xf5, 0x0,
    0x17, 0xfe, 0x50, 0xb, 0xbf, 0xce, 0x5f, 0xf1,
    0x0, 0x4f, 0xff, 0x31, 0x57, 0xfc, 0x4b, 0xff,
    0x0, 0x76, 0x7f, 0xfd, 0x20, 0x4e, 0xe6, 0x0,
    0xe1, 0xdf, 0xfe, 0xa0, 0xf, 0xfe, 0xb, 0xde,
    0x52, 0x0, 0x7f, 0xf3, 0xc4, 0x40, 0x1f, 0xfc,
    0x37, 0xef, 0xfa, 0x44, 0x3, 0x8e, 0x20, 0xe0,
    0xa, 0xff, 0xf7, 0x10, 0x6, 0x7f, 0xf6, 0x83,
    0x7f, 0xdd, 0xbf, 0xf6, 0x80, 0x6b, 0xff, 0x58,
    0x6f, 0xfa, 0xc0, 0xb, 0xff, 0x58, 0x0, 0xff,
    0xe6, 0x2f, 0xf8, 0xc0, 0x26, 0xff, 0xbb, 0x3f,
    0xee, 0x5, 0xff, 0x80, 0x3a, 0x7f, 0xfe, 0x40,
    0x38, 0x83, 0x80, 0x79, 0xff, 0xf6, 0x18, 0x7,
    0xff, 0x8, 0xcc, 0x20, 0x18,

    /* U+2260 "≠" */
    0x0, 0xfe, 0x18, 0x50, 0xf, 0xfe, 0x1c, 0x7b,
    0x0, 0x7f, 0xf0, 0xfb, 0xc0, 0x3f, 0xf8, 0x6b,
    0xf2, 0x1, 0xf9, 0x57, 0xef, 0xf3, 0xaa, 0xf9,
    0x7, 0xff, 0xff, 0x89, 0xa3, 0xff, 0xff, 0xc4,
    0xd1, 0xff, 0xff, 0xe2, 0x60, 0x7, 0x97, 0xe0,
    0x3, 0xff, 0x87, 0x9e, 0x40, 0x1f, 0xfc, 0x22,
    0xfb, 0x0, 0xff, 0xe1, 0xc7, 0xa8, 0x7, 0xff,
    0xf, 0xb8, 0x1, 0xff, 0xc0, 0x55, 0xaf, 0xf5,
    0x57, 0xfc, 0x83, 0xff, 0xff, 0xc4, 0xd1, 0xff,
    0xff, 0xe2, 0x68, 0xff, 0xff, 0xf1, 0x30, 0x2,
    0xfe, 0x0, 0xff, 0xe1, 0xb7, 0xb8, 0x7, 0xff,
    0xf, 0x3c, 0x40, 0x3f, 0xf8, 0x47, 0xf4, 0x1,
    0xff, 0xc3, 0x13, 0x10, 0xf, 0xfe, 0x10,

    /* U+2264 "≤" */
    0x0, 0xff, 0xed, 0xa, 0xd7, 0x0, 0x7f, 0xf0,
    0x85, 0xaf, 0xff, 0x0, 0x7f, 0xc4, 0xf9, 0xff,
    0xf0, 0x7, 0xe2, 0x7d, 0xff, 0xfd, 0x6c, 0x1,
    0xc7, 0x1b, 0xff, 0xf7, 0x4a, 0x0, 0x72, 0x4f,
    0x7f, 0xfd, 0xb0, 0x60, 0x1e, 0x9e, 0xff, 0xfb,
    0x1c, 0x80, 0x3f, 0xbf, 0xfd, 0x4a, 0x20, 0x1f,
    0xfc, 0xf, 0xfd, 0x64, 0x1, 0xff, 0xc3, 0xff,
    0xf6, 0xc1, 0x80, 0x7f, 0xf0, 0x1f, 0x3f, 0xfe,
    0xe9, 0x50, 0xf, 0xf8, 0x5b, 0x3f, 0xff, 0x5b,
    0x8, 0x7, 0xf8, 0x5a, 0xff, 0xff, 0x64, 0x18,
    0x7, 0xfc, 0xb5, 0xff, 0xfb, 0xa4, 0x3, 0xff,
    0x80, 0xb5, 0xdf, 0xfe, 0x0, 0xff, 0xe1, 0xa4,
    0xf7, 0xfc, 0x1, 0xff, 0xc6, 0x39, 0xd0, 0xf,
    0xff, 0x9f, 0xff, 0xff, 0x23, 0xbf, 0xff, 0xfb,
    0xca, 0xbf, 0xfc, 0x90,

    /* U+2265 "≥" */
    0x0, 0xff, 0xe5, 0x1f, 0x4a, 0x0, 0x7f, 0xf1,
    0x8f, 0xff, 0x52, 0x80, 0x7f, 0xf0, 0xcf, 0xff,
    0xeb, 0x51, 0x0, 0xff, 0x85, 0xf3, 0xff, 0xf5,
    0xb0, 0x80, 0x7f, 0xc2, 0xd7, 0xff, 0xfb, 0x1c,
    0x80, 0x3f, 0xf8, 0x9, 0x3d, 0xff, 0xf6, 0xb9,
    0x0, 0x7f, 0xf0, 0xe, 0x37, 0xff, 0xed, 0x60,
    0xf, 0xfe, 0x9, 0x35, 0xff, 0xf5, 0x80, 0x7f,
    0xf1, 0x13, 0x7f, 0xeb, 0x0, 0xff, 0xe0, 0xa4,
    0xf7, 0xff, 0x58, 0x7, 0xf0, 0xb5, 0xff, 0xfe,
    0xb5, 0x0, 0xf1, 0x3e, 0x7f, 0xfe, 0xa5, 0x0,
    0xf2, 0x4f, 0x7f, 0xfd, 0xd4, 0xa0, 0x1e, 0x1a,
    0xff, 0xfd, 0xd2, 0x80, 0x1f, 0xc7, 0xff, 0xed,
    0x83, 0x0, 0xff, 0xe0, 0x1f, 0xfd, 0xb0, 0x60,
    0x1f, 0xfc, 0x33, 0xc7, 0x20, 0xf, 0xff, 0xf8,
    0x7, 0xf1, 0xff, 0xff, 0xf2, 0x2c, 0xff, 0xff,
    0xf9, 0x16, 0x7f, 0xff, 0xfc, 0x8b, 0x15, 0x5f,
    0xfe, 0x41, 0x80,

    /* U+25CA "◊" */
    0x0, 0xfc, 0x26, 0x7c, 0x1, 0xff, 0xc5, 0xbf,
    0xfe, 0x90, 0xf, 0xfe, 0x1a, 0x7f, 0xfc, 0x40,
    0x1f, 0xfc, 0x2c, 0xff, 0x68, 0xff, 0xd4, 0x1,
    0xff, 0xc1, 0x5f, 0xf9, 0x42, 0x3f, 0xe3, 0x0,
    0xff, 0xe0, 0x6f, 0xfb, 0x40, 0x3, 0xff, 0x60,
    0x7, 0xfc, 0xff, 0xf2, 0x80, 0x51, 0xff, 0x20,
    0x7, 0xfb, 0xbf, 0xda, 0x1, 0x87, 0xfe, 0xd0,
    0xf, 0xe8, 0xff, 0x94, 0x3, 0xa3, 0xfe, 0x50,
    0xf, 0x87, 0xfe, 0xd0, 0xf, 0xf, 0xfd, 0xc0,
    0x1f, 0x4f, 0xfc, 0xa0, 0x1f, 0x3f, 0xfc, 0xe0,
    0x1c, 0x5f, 0xf6, 0x80, 0x7f, 0x77, 0xfb, 0x80,
    0x3a, 0xbf, 0xe4, 0x0, 0xfe, 0x7f, 0xfa, 0x0,
    0x23, 0xff, 0xb0, 0x3, 0xfe, 0xef, 0xf8, 0x40,
    0x17, 0xff, 0x20, 0x7, 0xfc, 0xff, 0xf4, 0x80,
    0xff, 0xe0, 0xf, 0xfe, 0x1, 0x7f, 0xdc, 0x0,
    0xaf, 0xf9, 0x80, 0x3f, 0xe9, 0xff, 0xa0, 0x0,
    0x5f, 0xf7, 0x0, 0x7f, 0x87, 0xfe, 0xe0, 0xd,
    0x3f, 0xf3, 0x0, 0x7f, 0x4f, 0xfc, 0xc0, 0x18,
    0x7f, 0xee, 0x0, 0xfc, 0x3f, 0xf6, 0x80, 0x79,
    0xff, 0xe6, 0x0, 0xfa, 0x7f, 0xe5, 0x0, 0xfb,
    0xbf, 0xdc, 0x1, 0xe2, 0xff, 0xb0, 0x3, 0xf3,
    0x7f, 0xce, 0x1, 0xd3, 0xff, 0x20, 0x7, 0xf6,
    0xff, 0xb8, 0x3, 0x17, 0xfd, 0x60, 0x1f, 0xe5,
    0xff, 0x9c, 0x2, 0xaf, 0xf8, 0x80, 0x3f, 0xec,
    0xff, 0x70, 0x0, 0xbf, 0xea, 0x0, 0xff, 0xe0,
    0x1f, 0xfc, 0xe1, 0x5f, 0xf0, 0x80, 0x7f, 0xf0,
    0x6f, 0xfd, 0xc9, 0xff, 0x40, 0x7, 0xff, 0x8,
    0xbf, 0xfe, 0x10, 0xf, 0xfe, 0x1c, 0xff, 0xf3,
    0x80, 0x7e,

    /* U+FB01 "ﬁ" */
    0x0, 0xfc, 0xb5, 0xbf, 0xee, 0xd9, 0x50, 0xf,
    0xe5, 0xdf, 0xff, 0xf3, 0x80, 0x79, 0xbf, 0xff,
    0xf8, 0x24, 0x1, 0x8f, 0xff, 0x74, 0xb3, 0x53,
    0x9f, 0xe6, 0x0, 0xea, 0xff, 0xb4, 0x40, 0x3c,
    0x4e, 0x1, 0xee, 0xff, 0x90, 0x3, 0xff, 0x87,
    0xff, 0x84, 0x3, 0xff, 0x87, 0xff, 0x84, 0x3,
    0xfe, 0x9f, 0xff, 0xfe, 0x33, 0x4f, 0xff, 0xff,
    0x19, 0xa7, 0xff, 0xff, 0x8c, 0xc2, 0x45, 0x7f,
    0xe3, 0x22, 0xf6, 0xff, 0xcc, 0x1, 0xbf, 0xf0,
    0x80, 0x7a, 0xbf, 0xe6, 0x0, 0xdf, 0xf8, 0x40,
    0x3d, 0x5f, 0xf3, 0x0, 0x6f, 0xfc, 0x20, 0x1e,
    0xaf, 0xf9, 0x80, 0x37, 0xfe, 0x10, 0xf, 0x57,
    0xfc, 0xc0, 0x1b, 0xff, 0x8, 0x7, 0xab, 0xfe,
    0x60, 0xd, 0xff, 0x84, 0x3, 0xd5, 0xff, 0x30,
    0x6, 0xff, 0xc2, 0x1, 0xea, 0xff, 0x98, 0x3,
    0x7f, 0xe1, 0x0, 0xf5, 0x7f, 0xcc, 0x1, 0xbf,
    0xf0, 0x80, 0x7a, 0xbf, 0xe6, 0x0, 0xdf, 0xf8,
    0x40, 0x3d, 0x5f, 0xf3, 0x0, 0x6f, 0xfc, 0x20,
    0x1e, 0xaf, 0xf9, 0x80, 0x37, 0xfe, 0x10, 0xf,
    0x57, 0xfc, 0xc0, 0x1b, 0xff, 0x8, 0x7, 0xab,
    0xfe, 0x60, 0xd, 0xff, 0x84, 0x3, 0xd5, 0xff,
    0x30, 0x6, 0xff, 0xc2, 0x1, 0xea, 0xff, 0x98,
    0x3, 0x7f, 0xe1, 0x0, 0xf5, 0x7f, 0xcc, 0x1,
    0xbf, 0xf0, 0x80, 0x7a, 0xbf, 0xe6,

    /* U+FB02 "ﬂ" */
    0x0, 0xfc, 0xd7, 0xbf, 0xee, 0xc8, 0x30, 0xf,
    0xfe, 0x3, 0x77, 0xff, 0xf6, 0x20, 0x7, 0xf3,
    0xff, 0xff, 0xf0, 0x50, 0x3, 0xe4, 0xff, 0xdd,
    0xc, 0xc7, 0xcf, 0xfc, 0xa0, 0x1f, 0x67, 0xfd,
    0x80, 0x1e, 0xdf, 0xf9, 0x40, 0x3e, 0xff, 0xc6,
    0x1, 0xed, 0xff, 0x94, 0x3, 0xc3, 0xff, 0x80,
    0x3e, 0xdf, 0xf9, 0x40, 0x3c, 0x3f, 0xf8, 0x3,
    0xed, 0xff, 0x94, 0x2, 0x9f, 0xff, 0xf8, 0x2,
    0xdf, 0xf9, 0x40, 0x29, 0xff, 0xff, 0x80, 0x2d,
    0xff, 0x94, 0x2, 0x9f, 0xff, 0xf8, 0x2, 0xdf,
    0xf9, 0x40, 0x21, 0x22, 0x1f, 0xfe, 0x22, 0xc0,
    0x16, 0xff, 0xca, 0x1, 0xe1, 0xff, 0xc0, 0x1f,
    0x6f, 0xfc, 0xa0, 0x1e, 0x1f, 0xfc, 0x1, 0xf6,
    0xff, 0xca, 0x1, 0xe1, 0xff, 0xc0, 0x1f, 0x6f,
    0xfc, 0xa0, 0x1e, 0x1f, 0xfc, 0x1, 0xf6, 0xff,
    0xca, 0x1, 0xe1, 0xff, 0xc0, 0x1f, 0x6f, 0xfc,
    0xa0, 0x1e, 0x1f, 0xfc, 0x1, 0xf6, 0xff, 0xca,
    0x1, 0xe1, 0xff, 0xc0, 0x1f, 0x6f, 0xfc, 0xa0,
    0x1e, 0x1f, 0xfc, 0x1, 0xf6, 0xff, 0xca, 0x1,
    0xe1, 0xff, 0xc0, 0x1f, 0x6f, 0xfc, 0xa0, 0x1e,
    0x1f, 0xfc, 0x1, 0xf6, 0xff, 0xca, 0x1, 0xe1,
    0xff, 0xc0, 0x1f, 0x6f, 0xfc, 0xa0, 0x1e, 0x1f,
    0xfc, 0x1, 0xf6, 0xff, 0xca, 0x1, 0xe1, 0xff,
    0xc0, 0x1f, 0x6f, 0xfd, 0x40, 0x1e, 0x1f, 0xfc,
    0x1, 0xf5, 0xff, 0xed, 0xd5, 0x80, 0x43, 0xff,
    0x80, 0x3e, 0x6f, 0xff, 0x58, 0x4, 0x3f, 0xf8,
    0x3, 0xf6, 0x7f, 0xf5, 0x80, 0x43, 0xff, 0x80,
    0x3f, 0xa3, 0x7f, 0xdd, 0x20
};


/*---------------------
 *  GLYPH DESCRIPTION
 *--------------------*/

static const lv_font_fmt_txt_glyph_dsc_t glyph_dsc[] = {
    {.bitmap_index = 0, .adv_w = 0, .box_w = 0, .box_h = 0, .ofs_x = 0, .ofs_y = 0} /* id = 0 reserved */,
    {.bitmap_index = 0, .adv_w = 175, .box_w = 0, .box_h = 0, .ofs_x = 0, .ofs_y = 0},
    {.bitmap_index = 0, .adv_w = 164, .box_w = 6, .box_h = 29, .ofs_x = 2, .ofs_y = 0},
    {.bitmap_index = 80, .adv_w = 233, .box_w = 11, .box_h = 12, .ofs_x = 2, .ofs_y = 17},
    {.bitmap_index = 138, .adv_w = 468, .box_w = 26, .box_h = 29, .ofs_x = 2, .ofs_y = 0},
    {.bitmap_index = 369, .adv_w = 376, .box_w = 22, .box_h = 39, .ofs_x = 1, .ofs_y = -5},
    {.bitmap_index = 615, .adv_w = 499, .box_w = 28, .box_h = 29, .ofs_x = 2, .ofs_y = 0},
    {.bitmap_index = 903, .adv_w = 464, .box_w = 26, .box_h = 31, .ofs_x = 2, .ofs_y = -2},
    {.bitmap_index = 1163, .adv_w = 121, .box_w = 4, .box_h = 12, .ofs_x = 2, .ofs_y = 17},
    {.bitmap_index = 1185, .adv_w = 161, .box_w = 9, .box_h = 38, .ofs_x = 1, .ofs_y = -9},
    {.bitmap_index = 1322, .adv_w = 161, .box_w = 9, .box_h = 38, .ofs_x = 0, .ofs_y = -9},
    {.bitmap_index = 1458, .adv_w = 267, .box_w = 15, .box_h = 13, .ofs_x = 1, .ofs_y = 16},
    {.bitmap_index = 1534, .adv_w = 376, .box_w = 21, .box_h = 21, .ofs_x = 1, .ofs_y = 0},
    {.bitmap_index = 1644, .adv_w = 161, .box_w = 9, .box_h = 13, .ofs_x = 1, .ofs_y = -6},
    {.bitmap_index = 1691, .adv_w = 220, .box_w = 12, .box_h = 4, .ofs_x = 1, .ofs_y = 11},
    {.bitmap_index = 1704, .adv_w = 161, .box_w = 6, .box_h = 6, .ofs_x = 2, .ofs_y = 0},
    {.bitmap_index = 1719, .adv_w = 282, .box_w = 19, .box_h = 38, .ofs_x = -2, .ofs_y = -9},
    {.bitmap_index = 1921, .adv_w = 376, .box_w = 20, .box_h = 29, .ofs_x = 2, .ofs_y = 0},
    {.bitmap_index = 2113, .adv_w = 376, .box_w = 13, .box_h = 29, .ofs_x = 4, .ofs_y = 0},
    {.bitmap_index = 2231, .adv_w = 376, .box_w = 21, .box_h = 29, .ofs_x = 1, .ofs_y = 0},
    {.bitmap_index = 2412, .adv_w = 376, .box_w = 23, .box_h = 29, .ofs_x = 0, .ofs_y = 0},
    {.bitmap_index = 2612, .adv_w = 376, .box_w = 23, .box_h = 29, .ofs_x = 0, .ofs_y = 0},
    {.bitmap_index = 2801, .adv_w = 376, .box_w = 22, .box_h = 29, .ofs_x = 1, .ofs_y = 0},
    {.bitmap_index = 2989, .adv_w = 376, .box_w = 22, .box_h = 29, .ofs_x = 0, .ofs_y = 0},
    {.bitmap_index = 3183, .adv_w = 376, .box_w = 22, .box_h = 29, .ofs_x = 1, .ofs_y = 0},
    {.bitmap_index = 3341, .adv_w = 376, .box_w = 22, .box_h = 29, .ofs_x = 1, .ofs_y = 0},
    {.bitmap_index = 3554, .adv_w = 376, .box_w = 22, .box_h = 29, .ofs_x = 1, .ofs_y = 0},
    {.bitmap_index = 3746, .adv_w = 161, .box_w = 6, .box_h = 20, .ofs_x = 2, .ofs_y = 0},
    {.bitmap_index = 3777, .adv_w = 161, .box_w = 9, .box_h = 27, .ofs_x = 0, .ofs_y = -6},
    {.bitmap_index = 3846, .adv_w = 376, .box_w = 22, .box_h = 21, .ofs_x = 1, .ofs_y = 0},
    {.bitmap_index = 3971, .adv_w = 376, .box_w = 18, .box_h = 13, .ofs_x = 3, .ofs_y = 4},
    {.bitmap_index = 4011, .adv_w = 376, .box_w = 22, .box_h = 21, .ofs_x = 1, .ofs_y = 0},
    {.bitmap_index = 4140, .adv_w = 347, .box_w = 19, .box_h = 29, .ofs_x = 1, .ofs_y = 0},
    {.bitmap_index = 4298, .adv_w = 587, .box_w = 33, .box_h = 32, .ofs_x = 2, .ofs_y = -5},
    {.bitmap_index = 4651, .adv_w = 436, .box_w = 27, .box_h = 29, .ofs_x = 0, .ofs_y = 0},
    {.bitmap_index = 4870, .adv_w = 406, .box_w = 21, .box_h = 29, .ofs_x = 3, .ofs_y = 0},
    {.bitmap_index = 5066, .adv_w = 474, .box_w = 28, .box_h = 30, .ofs_x = 1, .ofs_y = -1},
    {.bitmap_index = 5288, .adv_w = 456, .box_w = 24, .box_h = 29, .ofs_x = 3, .ofs_y = 0},
    {.bitmap_index = 5508, .adv_w = 392, .box_w = 20, .box_h = 29, .ofs_x = 3, .ofs_y = 0},
    {.bitmap_index = 5657, .adv_w = 378, .box_w = 20, .box_h = 29, .ofs_x = 3, .ofs_y = 0},
    {.bitmap_index = 5811, .adv_w = 492, .box_w = 28, .box_h = 30, .ofs_x = 1, .ofs_y = -1},
    {.bitmap_index = 6055, .adv_w = 459, .box_w = 23, .box_h = 29, .ofs_x = 3, .ofs_y = 0},
    {.bitmap_index = 6263, .adv_w = 169, .box_w = 5, .box_h = 29, .ofs_x = 3, .ofs_y = 0},
    {.bitmap_index = 6329, .adv_w = 372, .box_w = 20, .box_h = 30, .ofs_x = 1, .ofs_y = -1},
    {.bitmap_index = 6505, .adv_w = 433, .box_w = 24, .box_h = 29, .ofs_x = 3, .ofs_y = 0},
    {.bitmap_index = 6736, .adv_w = 335, .box_w = 18, .box_h = 29, .ofs_x = 3, .ofs_y = 0},
    {.bitmap_index = 6889, .adv_w = 568, .box_w = 30, .box_h = 29, .ofs_x = 3, .ofs_y = 0},
    {.bitmap_index = 7190, .adv_w = 457, .box_w = 23, .box_h = 29, .ofs_x = 3, .ofs_y = 0},
    {.bitmap_index = 7428, .adv_w = 503, .box_w = 29, .box_h = 30, .ofs_x = 1, .ofs_y = -1},
    {.bitmap_index = 7680, .adv_w = 374, .box_w = 20, .box_h = 29, .ofs_x = 3, .ofs_y = 0},
    {.bitmap_index = 7858, .adv_w = 523, .box_w = 30, .box_h = 31, .ofs_x = 1, .ofs_y = -2},
    {.bitmap_index = 8134, .adv_w = 405, .box_w = 22, .box_h = 29, .ofs_x = 3, .ofs_y = 0},
    {.bitmap_index = 8347, .adv_w = 382, .box_w = 22, .box_h = 30, .ofs_x = 1, .ofs_y = -1},
    {.bitmap_index = 8545, .adv_w = 394, .box_w = 25, .box_h = 29, .ofs_x = 0, .ofs_y = 0},
    {.bitmap_index = 8700, .adv_w = 441, .box_w = 23, .box_h = 30, .ofs_x = 2, .ofs_y = -1},
    {.bitmap_index = 8929, .adv_w = 444, .box_w = 28, .box_h = 29, .ofs_x = 0, .ofs_y = 0},
    {.bitmap_index = 9161, .adv_w = 648, .box_w = 40, .box_h = 29, .ofs_x = 0, .ofs_y = 0},
    {.bitmap_index = 9531, .adv_w = 437, .box_w = 27, .box_h = 29, .ofs_x = 0, .ofs_y = 0},
    {.bitmap_index = 9769, .adv_w = 410, .box_w = 26, .box_h = 29, .ofs_x = 0, .ofs_y = 0},
    {.bitmap_index = 9965, .adv_w = 396, .box_w = 23, .box_h = 29, .ofs_x = 1, .ofs_y = 0},
    {.bitmap_index = 10125, .adv_w = 183, .box_w = 10, .box_h = 41, .ofs_x = 2, .ofs_y = -10},
    {.bitmap_index = 10276, .adv_w = 305, .box_w = 20, .box_h = 38, .ofs_x = 2, .ofs_y = -9},
    {.bitmap_index = 10473, .adv_w = 183, .box_w = 9, .box_h = 41, .ofs_x = 0, .ofs_y = -10},
    {.bitmap_index = 10619, .adv_w = 388, .box_w = 22, .box_h = 20, .ofs_x = 1, .ofs_y = 9},
    {.bitmap_index = 10764, .adv_w = 292, .box_w = 18, .box_h = 4, .ofs_x = 0, .ofs_y = -3},
    {.bitmap_index = 10781, .adv_w = 201, .box_w = 10, .box_h = 6, .ofs_x = 1, .ofs_y = 23},
    {.bitmap_index = 10804, .adv_w = 364, .box_w = 20, .box_h = 21, .ofs_x = 1, .ofs_y = 0},
    {.bitmap_index = 10945, .adv_w = 392, .box_w = 21, .box_h = 29, .ofs_x = 2, .ofs_y = 0},
    {.bitmap_index = 11136, .adv_w = 349, .box_w = 20, .box_h = 21, .ofs_x = 1, .ofs_y = 0},
    {.bitmap_index = 11271, .adv_w = 392, .box_w = 21, .box_h = 29, .ofs_x = 1, .ofs_y = 0},
    {.bitmap_index = 11471, .adv_w = 363, .box_w = 20, .box_h = 21, .ofs_x = 1, .ofs_y = 0},
    {.bitmap_index = 11605, .adv_w = 228, .box_w = 15, .box_h = 29, .ofs_x = 0, .ofs_y = 0},
    {.bitmap_index = 11739, .adv_w = 347, .box_w = 21, .box_h = 32, .ofs_x = 1, .ofs_y = -9},
    {.bitmap_index = 11959, .adv_w = 372, .box_w = 19, .box_h = 29, .ofs_x = 2, .ofs_y = 0},
    {.bitmap_index = 12135, .adv_w = 156, .box_w = 6, .box_h = 29, .ofs_x = 2, .ofs_y = 0},
    {.bitmap_index = 12200, .adv_w = 156, .box_w = 10, .box_h = 38, .ofs_x = -2, .ofs_y = -9},
    {.bitmap_index = 12326, .adv_w = 364, .box_w = 20, .box_h = 29, .ofs_x = 2, .ofs_y = 0},
    {.bitmap_index = 12511, .adv_w = 181, .box_w = 9, .box_h = 29, .ofs_x = 2, .ofs_y = 0},
    {.bitmap_index = 12616, .adv_w = 560, .box_w = 31, .box_h = 21, .ofs_x = 2, .ofs_y = 0},
    {.bitmap_index = 12836, .adv_w = 372, .box_w = 19, .box_h = 21, .ofs_x = 2, .ofs_y = 0},
    {.bitmap_index = 12972, .adv_w = 386, .box_w = 22, .box_h = 21, .ofs_x = 1, .ofs_y = 0},
    {.bitmap_index = 13126, .adv_w = 392, .box_w = 21, .box_h = 30, .ofs_x = 2, .ofs_y = -9},
    {.bitmap_index = 13322, .adv_w = 392, .box_w = 21, .box_h = 30, .ofs_x = 1, .ofs_y = -9},
    {.bitmap_index = 13527, .adv_w = 278, .box_w = 15, .box_h = 21, .ofs_x = 2, .ofs_y = 0},
    {.bitmap_index = 13622, .adv_w = 317, .box_w = 17, .box_h = 21, .ofs_x = 1, .ofs_y = 0},
    {.bitmap_index = 13748, .adv_w = 237, .box_w = 14, .box_h = 29, .ofs_x = 0, .ofs_y = 0},
    {.bitmap_index = 13875, .adv_w = 372, .box_w = 19, .box_h = 21, .ofs_x = 2, .ofs_y = 0},
    {.bitmap_index = 14016, .adv_w = 353, .box_w = 22, .box_h = 21, .ofs_x = 0, .ofs_y = 0},
    {.bitmap_index = 14168, .adv_w = 504, .box_w = 30, .box_h = 21, .ofs_x = 1, .ofs_y = 0},
    {.bitmap_index = 14396, .adv_w = 354, .box_w = 21, .box_h = 21, .ofs_x = 1, .ofs_y = 0},
    {.bitmap_index = 14544, .adv_w = 353, .box_w = 22, .box_h = 30, .ofs_x = 0, .ofs_y = -9},
    {.bitmap_index = 14744, .adv_w = 317, .box_w = 18, .box_h = 21, .ofs_x = 1, .ofs_y = 0},
    {.bitmap_index = 14847, .adv_w = 171, .box_w = 11, .box_h = 41, .ofs_x = 0, .ofs_y = -10},
    {.bitmap_index = 15012, .adv_w = 176, .box_w = 5, .box_h = 42, .ofs_x = 3, .ofs_y = -11},
    {.bitmap_index = 15107, .adv_w = 171, .box_w = 11, .box_h = 41, .ofs_x = 0, .ofs_y = -10},
    {.bitmap_index = 15269, .adv_w = 376, .box_w = 19, .box_h = 8, .ofs_x = 2, .ofs_y = 6},
    {.bitmap_index = 15330, .adv_w = 175, .box_w = 0, .box_h = 0, .ofs_x = 0, .ofs_y = 0},
    {.bitmap_index = 15330, .adv_w = 164, .box_w = 6, .box_h = 30, .ofs_x = 2, .ofs_y = -9},
    {.bitmap_index = 15411, .adv_w = 376, .box_w = 20, .box_h = 31, .ofs_x = 2, .ofs_y = -5},
    {.bitmap_index = 15601, .adv_w = 376, .box_w = 20, .box_h = 29, .ofs_x = 2, .ofs_y = 0},
    {.bitmap_index = 15767, .adv_w = 411, .box_w = 22, .box_h = 21, .ofs_x = 2, .ofs_y = 2},
    {.bitmap_index = 15939, .adv_w = 376, .box_w = 24, .box_h = 29, .ofs_x = 0, .ofs_y = 0},
    {.bitmap_index = 16138, .adv_w = 176, .box_w = 5, .box_h = 42, .ofs_x = 3, .ofs_y = -11},
    {.bitmap_index = 16222, .adv_w = 394, .box_w = 21, .box_h = 38, .ofs_x = 2, .ofs_y = -9},
    {.bitmap_index = 16480, .adv_w = 262, .box_w = 14, .box_h = 5, .ofs_x = 1, .ofs_y = 24},
    {.bitmap_index = 16510, .adv_w = 550, .box_w = 31, .box_h = 30, .ofs_x = 2, .ofs_y = 0},
    {.bitmap_index = 16832, .adv_w = 329, .box_w = 14, .box_h = 15, .ofs_x = 3, .ofs_y = 15},
    {.bitmap_index = 16919, .adv_w = 331, .box_w = 20, .box_h = 17, .ofs_x = 0, .ofs_y = 2},
    {.bitmap_index = 17041, .adv_w = 376, .box_w = 20, .box_h = 12, .ofs_x = 1, .ofs_y = 1},
    {.bitmap_index = 17101, .adv_w = 220, .box_w = 12, .box_h = 4, .ofs_x = 1, .ofs_y = 11},
    {.bitmap_index = 17114, .adv_w = 417, .box_w = 22, .box_h = 22, .ofs_x = 2, .ofs_y = 8},
    {.bitmap_index = 17314, .adv_w = 244, .box_w = 13, .box_h = 3, .ofs_x = 1, .ofs_y = 24},
    {.bitmap_index = 17324, .adv_w = 282, .box_w = 13, .box_h = 12, .ofs_x = 2, .ofs_y = 18},
    {.bitmap_index = 17392, .adv_w = 376, .box_w = 22, .box_h = 24, .ofs_x = 1, .ofs_y = -1},
    {.bitmap_index = 17499, .adv_w = 278, .box_w = 14, .box_h = 17, .ofs_x = 2, .ofs_y = 21},
    {.bitmap_index = 17582, .adv_w = 275, .box_w = 13, .box_h = 17, .ofs_x = 2, .ofs_y = 21},
    {.bitmap_index = 17667, .adv_w = 206, .box_w = 10, .box_h = 6, .ofs_x = 1, .ofs_y = 23},
    {.bitmap_index = 17691, .adv_w = 372, .box_w = 19, .box_h = 28, .ofs_x = 2, .ofs_y = -7},
    {.bitmap_index = 17869, .adv_w = 394, .box_w = 20, .box_h = 35, .ofs_x = 1, .ofs_y = -6},
    {.bitmap_index = 18104, .adv_w = 218, .box_w = 5, .box_h = 6, .ofs_x = 4, .ofs_y = 12},
    {.bitmap_index = 18117, .adv_w = 198, .box_w = 10, .box_h = 11, .ofs_x = 1, .ofs_y = -11},
    {.bitmap_index = 18163, .adv_w = 179, .box_w = 7, .box_h = 17, .ofs_x = 1, .ofs_y = 21},
    {.bitmap_index = 18214, .adv_w = 347, .box_w = 16, .box_h = 15, .ofs_x = 3, .ofs_y = 15},
    {.bitmap_index = 18310, .adv_w = 312, .box_w = 21, .box_h = 17, .ofs_x = -1, .ofs_y = 2},
    {.bitmap_index = 18440, .adv_w = 491, .box_w = 30, .box_h = 29, .ofs_x = 0, .ofs_y = 0},
    {.bitmap_index = 18735, .adv_w = 517, .box_w = 31, .box_h = 29, .ofs_x = 0, .ofs_y = 0},
    {.bitmap_index = 19032, .adv_w = 545, .box_w = 33, .box_h = 30, .ofs_x = 1, .ofs_y = 0},
    {.bitmap_index = 19370, .adv_w = 245, .box_w = 19, .box_h = 30, .ofs_x = 1, .ofs_y = -9},
    {.bitmap_index = 19534, .adv_w = 436, .box_w = 27, .box_h = 38, .ofs_x = 0, .ofs_y = 0},
    {.bitmap_index = 19788, .adv_w = 436, .box_w = 27, .box_h = 38, .ofs_x = 0, .ofs_y = 0},
    {.bitmap_index = 20045, .adv_w = 436, .box_w = 27, .box_h = 39, .ofs_x = 0, .ofs_y = 0},
    {.bitmap_index = 20319, .adv_w = 436, .box_w = 27, .box_h = 37, .ofs_x = 0, .ofs_y = 0},
    {.bitmap_index = 20593, .adv_w = 436, .box_w = 27, .box_h = 38, .ofs_x = 0, .ofs_y = 0},
    {.bitmap_index = 20855, .adv_w = 436, .box_w = 27, .box_h = 36, .ofs_x = 0, .ofs_y = 0},
    {.bitmap_index = 21125, .adv_w = 610, .box_w = 37, .box_h = 29, .ofs_x = 0, .ofs_y = 0},
    {.bitmap_index = 21374, .adv_w = 474, .box_w = 28, .box_h = 38, .ofs_x = 1, .ofs_y = -9},
    {.bitmap_index = 21644, .adv_w = 392, .box_w = 20, .box_h = 38, .ofs_x = 3, .ofs_y = 0},
    {.bitmap_index = 21827, .adv_w = 392, .box_w = 20, .box_h = 38, .ofs_x = 3, .ofs_y = 0},
    {.bitmap_index = 22013, .adv_w = 392, .box_w = 20, .box_h = 39, .ofs_x = 3, .ofs_y = 0},
    {.bitmap_index = 22214, .adv_w = 392, .box_w = 20, .box_h = 38, .ofs_x = 3, .ofs_y = 0},
    {.bitmap_index = 22405, .adv_w = 169, .box_w = 10, .box_h = 38, .ofs_x = -2, .ofs_y = 0},
    {.bitmap_index = 22538, .adv_w = 169, .box_w = 10, .box_h = 38, .ofs_x = 3, .ofs_y = 0},
    {.bitmap_index = 22673, .adv_w = 169, .box_w = 14, .box_h = 39, .ofs_x = -2, .ofs_y = 0},
    {.bitmap_index = 22842, .adv_w = 169, .box_w = 13, .box_h = 38, .ofs_x = -1, .ofs_y = 0},
    {.bitmap_index = 22990, .adv_w = 456, .box_w = 27, .box_h = 29, .ofs_x = 0, .ofs_y = 0},
    {.bitmap_index = 23231, .adv_w = 457, .box_w = 23, .box_h = 37, .ofs_x = 3, .ofs_y = 0},
    {.bitmap_index = 23520, .adv_w = 503, .box_w = 29, .box_h = 39, .ofs_x = 1, .ofs_y = -1},
    {.bitmap_index = 23807, .adv_w = 503, .box_w = 29, .box_h = 39, .ofs_x = 1, .ofs_y = -1},
    {.bitmap_index = 24095, .adv_w = 503, .box_w = 29, .box_h = 40, .ofs_x = 1, .ofs_y = -1},
    {.bitmap_index = 24402, .adv_w = 503, .box_w = 29, .box_h = 38, .ofs_x = 1, .ofs_y = -1},
    {.bitmap_index = 24711, .adv_w = 503, .box_w = 29, .box_h = 39, .ofs_x = 1, .ofs_y = -1},
    {.bitmap_index = 25006, .adv_w = 376, .box_w = 19, .box_h = 19, .ofs_x = 2, .ofs_y = 1},
    {.bitmap_index = 25131, .adv_w = 503, .box_w = 29, .box_h = 30, .ofs_x = 1, .ofs_y = -1},
    {.bitmap_index = 25417, .adv_w = 441, .box_w = 23, .box_h = 39, .ofs_x = 2, .ofs_y = -1},
    {.bitmap_index = 25684, .adv_w = 441, .box_w = 23, .box_h = 39, .ofs_x = 2, .ofs_y = -1},
    {.bitmap_index = 25950, .adv_w = 441, .box_w = 23, .box_h = 40, .ofs_x = 2, .ofs_y = -1},
    {.bitmap_index = 26234, .adv_w = 441, .box_w = 23, .box_h = 39, .ofs_x = 2, .ofs_y = -1},
    {.bitmap_index = 26509, .adv_w = 410, .box_w = 26, .box_h = 38, .ofs_x = 0, .ofs_y = 0},
    {.bitmap_index = 26745, .adv_w = 421, .box_w = 19, .box_h = 29, .ofs_x = 5, .ofs_y = 0},
    {.bitmap_index = 26918, .adv_w = 430, .box_w = 24, .box_h = 29, .ofs_x = 2, .ofs_y = 0},
    {.bitmap_index = 27161, .adv_w = 364, .box_w = 20, .box_h = 29, .ofs_x = 1, .ofs_y = 0},
    {.bitmap_index = 27334, .adv_w = 364, .box_w = 20, .box_h = 29, .ofs_x = 1, .ofs_y = 0},
    {.bitmap_index = 27509, .adv_w = 364, .box_w = 20, .box_h = 30, .ofs_x = 1, .ofs_y = 0},
    {.bitmap_index = 27696, .adv_w = 364, .box_w = 20, .box_h = 29, .ofs_x = 1, .ofs_y = 0},
    {.bitmap_index = 27878, .adv_w = 364, .box_w = 20, .box_h = 29, .ofs_x = 1, .ofs_y = 0},
    {.bitmap_index = 28058, .adv_w = 364, .box_w = 20, .box_h = 32, .ofs_x = 1, .ofs_y = 0},
    {.bitmap_index = 28260, .adv_w = 581, .box_w = 34, .box_h = 21, .ofs_x = 1, .ofs_y = 0},
    {.bitmap_index = 28477, .adv_w = 349, .box_w = 20, .box_h = 30, .ofs_x = 1, .ofs_y = -9},
    {.bitmap_index = 28663, .adv_w = 363, .box_w = 20, .box_h = 29, .ofs_x = 1, .ofs_y = 0},
    {.bitmap_index = 28830, .adv_w = 363, .box_w = 20, .box_h = 29, .ofs_x = 1, .ofs_y = 0},
    {.bitmap_index = 28998, .adv_w = 363, .box_w = 20, .box_h = 30, .ofs_x = 1, .ofs_y = 0},
    {.bitmap_index = 29176, .adv_w = 363, .box_w = 20, .box_h = 29, .ofs_x = 1, .ofs_y = 0},
    {.bitmap_index = 29349, .adv_w = 156, .box_w = 10, .box_h = 29, .ofs_x = -3, .ofs_y = 0},
    {.bitmap_index = 29444, .adv_w = 156, .box_w = 11, .box_h = 29, .ofs_x = 2, .ofs_y = 0},
    {.bitmap_index = 29544, .adv_w = 156, .box_w = 14, .box_h = 30, .ofs_x = -2, .ofs_y = 0},
    {.bitmap_index = 29666, .adv_w = 156, .box_w = 14, .box_h = 29, .ofs_x = -2, .ofs_y = 0},
    {.bitmap_index = 29780, .adv_w = 412, .box_w = 23, .box_h = 31, .ofs_x = 2, .ofs_y = 0},
    {.bitmap_index = 30019, .adv_w = 372, .box_w = 19, .box_h = 29, .ofs_x = 2, .ofs_y = 0},
    {.bitmap_index = 30202, .adv_w = 386, .box_w = 22, .box_h = 29, .ofs_x = 1, .ofs_y = 0},
    {.bitmap_index = 30387, .adv_w = 386, .box_w = 22, .box_h = 29, .ofs_x = 1, .ofs_y = 0},
    {.bitmap_index = 30577, .adv_w = 386, .box_w = 22, .box_h = 30, .ofs_x = 1, .ofs_y = 0},
    {.bitmap_index = 30778, .adv_w = 386, .box_w = 22, .box_h = 29, .ofs_x = 1, .ofs_y = 0},
    {.bitmap_index = 30974, .adv_w = 386, .box_w = 22, .box_h = 29, .ofs_x = 1, .ofs_y = 0},
    {.bitmap_index = 31168, .adv_w = 376, .box_w = 19, .box_h = 19, .ofs_x = 2, .ofs_y = 1},
    {.bitmap_index = 31252, .adv_w = 386, .box_w = 22, .box_h = 25, .ofs_x = 1, .ofs_y = -2},
    {.bitmap_index = 31443, .adv_w = 372, .box_w = 19, .box_h = 29, .ofs_x = 2, .ofs_y = 0},
    {.bitmap_index = 31617, .adv_w = 372, .box_w = 19, .box_h = 29, .ofs_x = 2, .ofs_y = 0},
    {.bitmap_index = 31793, .adv_w = 372, .box_w = 19, .box_h = 30, .ofs_x = 2, .ofs_y = 0},
    {.bitmap_index = 31979, .adv_w = 372, .box_w = 19, .box_h = 29, .ofs_x = 2, .ofs_y = 0},
    {.bitmap_index = 32158, .adv_w = 353, .box_w = 22, .box_h = 38, .ofs_x = 0, .ofs_y = -9},
    {.bitmap_index = 32393, .adv_w = 418, .box_w = 20, .box_h = 38, .ofs_x = 4, .ofs_y = -9},
    {.bitmap_index = 32635, .adv_w = 353, .box_w = 22, .box_h = 38, .ofs_x = 0, .ofs_y = -9},
    {.bitmap_index = 32875, .adv_w = 436, .box_w = 27, .box_h = 36, .ofs_x = 0, .ofs_y = 0},
    {.bitmap_index = 33116, .adv_w = 364, .box_w = 20, .box_h = 27, .ofs_x = 1, .ofs_y = 0},
    {.bitmap_index = 33273, .adv_w = 436, .box_w = 27, .box_h = 37, .ofs_x = 0, .ofs_y = 0},
    {.bitmap_index = 33540, .adv_w = 364, .box_w = 20, .box_h = 29, .ofs_x = 1, .ofs_y = 0},
    {.bitmap_index = 33721, .adv_w = 436, .box_w = 28, .box_h = 38, .ofs_x = 0, .ofs_y = -9},
    {.bitmap_index = 33997, .adv_w = 364, .box_w = 21, .box_h = 30, .ofs_x = 1, .ofs_y = -9},
    {.bitmap_index = 34198, .adv_w = 474, .box_w = 28, .box_h = 39, .ofs_x = 1, .ofs_y = -1},
    {.bitmap_index = 34459, .adv_w = 349, .box_w = 20, .box_h = 29, .ofs_x = 1, .ofs_y = 0},
    {.bitmap_index = 34631, .adv_w = 474, .box_w = 28, .box_h = 40, .ofs_x = 1, .ofs_y = -1},
    {.bitmap_index = 34907, .adv_w = 349, .box_w = 20, .box_h = 30, .ofs_x = 1, .ofs_y = 0},
    {.bitmap_index = 35089, .adv_w = 474, .box_w = 28, .box_h = 39, .ofs_x = 1, .ofs_y = -1},
    {.bitmap_index = 35341, .adv_w = 349, .box_w = 20, .box_h = 29, .ofs_x = 1, .ofs_y = 0},
    {.bitmap_index = 35504, .adv_w = 474, .box_w = 28, .box_h = 39, .ofs_x = 1, .ofs_y = -1},
    {.bitmap_index = 35775, .adv_w = 349, .box_w = 20, .box_h = 29, .ofs_x = 1, .ofs_y = 0},
    {.bitmap_index = 35956, .adv_w = 456, .box_w = 24, .box_h = 38, .ofs_x = 3, .ofs_y = 0},
    {.bitmap_index = 36226, .adv_w = 508, .box_w = 30, .box_h = 29, .ofs_x = 1, .ofs_y = 0},
    {.bitmap_index = 36488, .adv_w = 456, .box_w = 27, .box_h = 29, .ofs_x = 0, .ofs_y = 0},
    {.bitmap_index = 36729, .adv_w = 392, .box_w = 24, .box_h = 29, .ofs_x = 1, .ofs_y = 0},
    {.bitmap_index = 36949, .adv_w = 392, .box_w = 20, .box_h = 36, .ofs_x = 3, .ofs_y = 0},
    {.bitmap_index = 37117, .adv_w = 363, .box_w = 20, .box_h = 27, .ofs_x = 1, .ofs_y = 0},
    {.bitmap_index = 37267, .adv_w = 392, .box_w = 20, .box_h = 37, .ofs_x = 3, .ofs_y = 0},
    {.bitmap_index = 37459, .adv_w = 363, .box_w = 20, .box_h = 29, .ofs_x = 1, .ofs_y = 0},
    {.bitmap_index = 37633, .adv_w = 392, .box_w = 20, .box_h = 38, .ofs_x = 3, .ofs_y = 0},
    {.bitmap_index = 37814, .adv_w = 363, .box_w = 20, .box_h = 29, .ofs_x = 1, .ofs_y = 0},
    {.bitmap_index = 37975, .adv_w = 392, .box_w = 22, .box_h = 38, .ofs_x = 3, .ofs_y = -9},
    {.bitmap_index = 38188, .adv_w = 363, .box_w = 20, .box_h = 30, .ofs_x = 1, .ofs_y = -9},
    {.bitmap_index = 38373, .adv_w = 392, .box_w = 20, .box_h = 38, .ofs_x = 3, .ofs_y = 0},
    {.bitmap_index = 38568, .adv_w = 363, .box_w = 20, .box_h = 29, .ofs_x = 1, .ofs_y = 0},
    {.bitmap_index = 38745, .adv_w = 492, .box_w = 28, .box_h = 40, .ofs_x = 1, .ofs_y = -1},
    {.bitmap_index = 39045, .adv_w = 347, .box_w = 21, .box_h = 39, .ofs_x = 1, .ofs_y = -9},
    {.bitmap_index = 39314, .adv_w = 492, .box_w = 28, .box_h = 38, .ofs_x = 1, .ofs_y = -1},
    {.bitmap_index = 39607, .adv_w = 347, .box_w = 21, .box_h = 38, .ofs_x = 1, .ofs_y = -9},
    {.bitmap_index = 39869, .adv_w = 492, .box_w = 28, .box_h = 39, .ofs_x = 1, .ofs_y = -1},
    {.bitmap_index = 40143, .adv_w = 347, .box_w = 21, .box_h = 38, .ofs_x = 1, .ofs_y = -9},
    {.bitmap_index = 40388, .adv_w = 492, .box_w = 28, .box_h = 38, .ofs_x = 1, .ofs_y = -9},
    {.bitmap_index = 40670, .adv_w = 347, .box_w = 21, .box_h = 38, .ofs_x = 1, .ofs_y = -9},
    {.bitmap_index = 40920, .adv_w = 459, .box_w = 23, .box_h = 39, .ofs_x = 3, .ofs_y = 0},
    {.bitmap_index = 41182, .adv_w = 372, .box_w = 23, .box_h = 39, .ofs_x = -2, .ofs_y = 0},
    {.bitmap_index = 41437, .adv_w = 459, .box_w = 28, .box_h = 29, .ofs_x = 0, .ofs_y = 0},
    {.bitmap_index = 41679, .adv_w = 372, .box_w = 21, .box_h = 29, .ofs_x = 0, .ofs_y = 0},
    {.bitmap_index = 41880, .adv_w = 169, .box_w = 15, .box_h = 37, .ofs_x = -2, .ofs_y = 0},
    {.bitmap_index = 42050, .adv_w = 156, .box_w = 15, .box_h = 29, .ofs_x = -3, .ofs_y = 0},
    {.bitmap_index = 42177, .adv_w = 169, .box_w = 13, .box_h = 36, .ofs_x = -1, .ofs_y = 0},
    {.bitmap_index = 42309, .adv_w = 156, .box_w = 12, .box_h = 27, .ofs_x = -1, .ofs_y = 0},
    {.bitmap_index = 42398, .adv_w = 169, .box_w = 14, .box_h = 37, .ofs_x = -2, .ofs_y = 0},
    {.bitmap_index = 42558, .adv_w = 156, .box_w = 14, .box_h = 29, .ofs_x = -2, .ofs_y = 0},
    {.bitmap_index = 42677, .adv_w = 169, .box_w = 9, .box_h = 38, .ofs_x = 0, .ofs_y = -9},
    {.bitmap_index = 42818, .adv_w = 156, .box_w = 9, .box_h = 38, .ofs_x = 0, .ofs_y = -9},
    {.bitmap_index = 42942, .adv_w = 169, .box_w = 6, .box_h = 38, .ofs_x = 2, .ofs_y = 0},
    {.bitmap_index = 43037, .adv_w = 156, .box_w = 5, .box_h = 21, .ofs_x = 2, .ofs_y = 0},
    {.bitmap_index = 43077, .adv_w = 541, .box_w = 28, .box_h = 30, .ofs_x = 3, .ofs_y = -1},
    {.bitmap_index = 43323, .adv_w = 312, .box_w = 16, .box_h = 38, .ofs_x = 2, .ofs_y = -9},
    {.bitmap_index = 43529, .adv_w = 372, .box_w = 20, .box_h = 40, .ofs_x = 1, .ofs_y = -1},
    {.bitmap_index = 43757, .adv_w = 156, .box_w = 14, .box_h = 39, .ofs_x = -2, .ofs_y = -9},
    {.bitmap_index = 43922, .adv_w = 433, .box_w = 24, .box_h = 38, .ofs_x = 3, .ofs_y = -9},
    {.bitmap_index = 44193, .adv_w = 364, .box_w = 20, .box_h = 38, .ofs_x = 2, .ofs_y = -9},
    {.bitmap_index = 44418, .adv_w = 373, .box_w = 20, .box_h = 21, .ofs_x = 2, .ofs_y = 0},
    {.bitmap_index = 44563, .adv_w = 335, .box_w = 18, .box_h = 38, .ofs_x = 3, .ofs_y = 0},
    {.bitmap_index = 44750, .adv_w = 172, .box_w = 11, .box_h = 38, .ofs_x = 2, .ofs_y = 0},
    {.bitmap_index = 44891, .adv_w = 335, .box_w = 18, .box_h = 38, .ofs_x = 3, .ofs_y = -9},
    {.bitmap_index = 45084, .adv_w = 172, .box_w = 11, .box_h = 38, .ofs_x = 0, .ofs_y = -9},
    {.bitmap_index = 45228, .adv_w = 335, .box_w = 18, .box_h = 29, .ofs_x = 3, .ofs_y = 0},
    {.bitmap_index = 45394, .adv_w = 206, .box_w = 14, .box_h = 29, .ofs_x = 2, .ofs_y = 0},
    {.bitmap_index = 45538, .adv_w = 403, .box_w = 20, .box_h = 29, .ofs_x = 3, .ofs_y = 0},
    {.bitmap_index = 45701, .adv_w = 282, .box_w = 14, .box_h = 29, .ofs_x = 2, .ofs_y = 0},
    {.bitmap_index = 45836, .adv_w = 335, .box_w = 21, .box_h = 29, .ofs_x = 0, .ofs_y = 0},
    {.bitmap_index = 46007, .adv_w = 172, .box_w = 11, .box_h = 29, .ofs_x = 0, .ofs_y = 0},
    {.bitmap_index = 46126, .adv_w = 457, .box_w = 23, .box_h = 38, .ofs_x = 3, .ofs_y = 0},
    {.bitmap_index = 46401, .adv_w = 372, .box_w = 19, .box_h = 29, .ofs_x = 2, .ofs_y = 0},
    {.bitmap_index = 46572, .adv_w = 457, .box_w = 23, .box_h = 38, .ofs_x = 3, .ofs_y = -9},
    {.bitmap_index = 46850, .adv_w = 372, .box_w = 19, .box_h = 30, .ofs_x = 2, .ofs_y = -9},
    {.bitmap_index = 47025, .adv_w = 457, .box_w = 23, .box_h = 38, .ofs_x = 3, .ofs_y = 0},
    {.bitmap_index = 47313, .adv_w = 372, .box_w = 19, .box_h = 29, .ofs_x = 2, .ofs_y = 0},
    {.bitmap_index = 47493, .adv_w = 468, .box_w = 26, .box_h = 29, .ofs_x = 0, .ofs_y = 0},
    {.bitmap_index = 47719, .adv_w = 457, .box_w = 23, .box_h = 37, .ofs_x = 3, .ofs_y = -8},
    {.bitmap_index = 48006, .adv_w = 409, .box_w = 18, .box_h = 30, .ofs_x = 4, .ofs_y = -9},
    {.bitmap_index = 48190, .adv_w = 503, .box_w = 29, .box_h = 37, .ofs_x = 1, .ofs_y = -1},
    {.bitmap_index = 48463, .adv_w = 386, .box_w = 22, .box_h = 27, .ofs_x = 1, .ofs_y = 0},
    {.bitmap_index = 48634, .adv_w = 503, .box_w = 29, .box_h = 38, .ofs_x = 1, .ofs_y = -1},
    {.bitmap_index = 48935, .adv_w = 386, .box_w = 22, .box_h = 29, .ofs_x = 1, .ofs_y = 0},
    {.bitmap_index = 49131, .adv_w = 503, .box_w = 29, .box_h = 39, .ofs_x = 1, .ofs_y = -1},
    {.bitmap_index = 49447, .adv_w = 386, .box_w = 23, .box_h = 29, .ofs_x = 1, .ofs_y = 0},
    {.bitmap_index = 49663, .adv_w = 677, .box_w = 40, .box_h = 29, .ofs_x = 1, .ofs_y = 0},
    {.bitmap_index = 49943, .adv_w = 622, .box_w = 36, .box_h = 21, .ofs_x = 1, .ofs_y = 0},
    {.bitmap_index = 50178, .adv_w = 405, .box_w = 22, .box_h = 38, .ofs_x = 3, .ofs_y = 0},
    {.bitmap_index = 50431, .adv_w = 278, .box_w = 15, .box_h = 29, .ofs_x = 2, .ofs_y = 0},
    {.bitmap_index = 50558, .adv_w = 405, .box_w = 22, .box_h = 38, .ofs_x = 3, .ofs_y = -9},
    {.bitmap_index = 50810, .adv_w = 278, .box_w = 15, .box_h = 30, .ofs_x = 2, .ofs_y = -9},
    {.bitmap_index = 50936, .adv_w = 405, .box_w = 22, .box_h = 38, .ofs_x = 3, .ofs_y = 0},
    {.bitmap_index = 51197, .adv_w = 278, .box_w = 16, .box_h = 29, .ofs_x = 1, .ofs_y = 0},
    {.bitmap_index = 51339, .adv_w = 382, .box_w = 22, .box_h = 39, .ofs_x = 1, .ofs_y = -1},
    {.bitmap_index = 51574, .adv_w = 317, .box_w = 17, .box_h = 29, .ofs_x = 1, .ofs_y = 0},
    {.bitmap_index = 51730, .adv_w = 382, .box_w = 22, .box_h = 40, .ofs_x = 1, .ofs_y = -1},
    {.bitmap_index = 51980, .adv_w = 317, .box_w = 17, .box_h = 30, .ofs_x = 1, .ofs_y = 0},
    {.bitmap_index = 52149, .adv_w = 382, .box_w = 22, .box_h = 38, .ofs_x = 1, .ofs_y = -9},
    {.bitmap_index = 52394, .adv_w = 317, .box_w = 17, .box_h = 30, .ofs_x = 1, .ofs_y = -9},
    {.bitmap_index = 52567, .adv_w = 382, .box_w = 22, .box_h = 39, .ofs_x = 1, .ofs_y = -1},
    {.bitmap_index = 52811, .adv_w = 317, .box_w = 17, .box_h = 29, .ofs_x = 1, .ofs_y = 0},
    {.bitmap_index = 52979, .adv_w = 394, .box_w = 25, .box_h = 38, .ofs_x = 0, .ofs_y = -9},
    {.bitmap_index = 53187, .adv_w = 226, .box_w = 14, .box_h = 38, .ofs_x = 0, .ofs_y = -9},
    {.bitmap_index = 53355, .adv_w = 394, .box_w = 25, .box_h = 38, .ofs_x = 0, .ofs_y = 0},
    {.bitmap_index = 53561, .adv_w = 304, .box_w = 18, .box_h = 32, .ofs_x = 0, .ofs_y = 0},
    {.bitmap_index = 53746, .adv_w = 394, .box_w = 25, .box_h = 29, .ofs_x = 0, .ofs_y = 0},
    {.bitmap_index = 53906, .adv_w = 251, .box_w = 14, .box_h = 29, .ofs_x = 0, .ofs_y = 0},
    {.bitmap_index = 54029, .adv_w = 441, .box_w = 23, .box_h = 38, .ofs_x = 2, .ofs_y = -1},
    {.bitmap_index = 54311, .adv_w = 372, .box_w = 19, .box_h = 29, .ofs_x = 2, .ofs_y = 0},
    {.bitmap_index = 54493, .adv_w = 441, .box_w = 23, .box_h = 37, .ofs_x = 2, .ofs_y = -1},
    {.bitmap_index = 54743, .adv_w = 372, .box_w = 19, .box_h = 27, .ofs_x = 2, .ofs_y = 0},
    {.bitmap_index = 54901, .adv_w = 441, .box_w = 23, .box_h = 38, .ofs_x = 2, .ofs_y = -1},
    {.bitmap_index = 55178, .adv_w = 372, .box_w = 19, .box_h = 29, .ofs_x = 2, .ofs_y = 0},
    {.bitmap_index = 55359, .adv_w = 441, .box_w = 23, .box_h = 39, .ofs_x = 2, .ofs_y = -1},
    {.bitmap_index = 55649, .adv_w = 372, .box_w = 19, .box_h = 32, .ofs_x = 2, .ofs_y = 0},
    {.bitmap_index = 55849, .adv_w = 441, .box_w = 24, .box_h = 39, .ofs_x = 2, .ofs_y = -1},
    {.bitmap_index = 56150, .adv_w = 372, .box_w = 21, .box_h = 29, .ofs_x = 2, .ofs_y = 0},
    {.bitmap_index = 56367, .adv_w = 441, .box_w = 23, .box_h = 38, .ofs_x = 2, .ofs_y = -9},
    {.bitmap_index = 56644, .adv_w = 372, .box_w = 20, .box_h = 30, .ofs_x = 2, .ofs_y = -9},
    {.bitmap_index = 56847, .adv_w = 648, .box_w = 40, .box_h = 39, .ofs_x = 0, .ofs_y = 0},
    {.bitmap_index = 57277, .adv_w = 504, .box_w = 30, .box_h = 30, .ofs_x = 1, .ofs_y = 0},
    {.bitmap_index = 57557, .adv_w = 410, .box_w = 26, .box_h = 39, .ofs_x = 0, .ofs_y = 0},
    {.bitmap_index = 57809, .adv_w = 353, .box_w = 22, .box_h = 39, .ofs_x = 0, .ofs_y = -9},
    {.bitmap_index = 58062, .adv_w = 410, .box_w = 26, .box_h = 38, .ofs_x = 0, .ofs_y = 0},
    {.bitmap_index = 58307, .adv_w = 396, .box_w = 23, .box_h = 38, .ofs_x = 1, .ofs_y = 0},
    {.bitmap_index = 58504, .adv_w = 317, .box_w = 18, .box_h = 29, .ofs_x = 1, .ofs_y = 0},
    {.bitmap_index = 58641, .adv_w = 396, .box_w = 23, .box_h = 38, .ofs_x = 1, .ofs_y = 0},
    {.bitmap_index = 58832, .adv_w = 317, .box_w = 18, .box_h = 29, .ofs_x = 1, .ofs_y = 0},
    {.bitmap_index = 58964, .adv_w = 396, .box_w = 23, .box_h = 38, .ofs_x = 1, .ofs_y = 0},
    {.bitmap_index = 59175, .adv_w = 317, .box_w = 18, .box_h = 29, .ofs_x = 1, .ofs_y = 0},
    {.bitmap_index = 59324, .adv_w = 505, .box_w = 29, .box_h = 30, .ofs_x = 1, .ofs_y = -1},
    {.bitmap_index = 59554, .adv_w = 376, .box_w = 18, .box_h = 38, .ofs_x = 3, .ofs_y = -9},
    {.bitmap_index = 59757, .adv_w = 457, .box_w = 27, .box_h = 37, .ofs_x = -1, .ofs_y = -8},
    {.bitmap_index = 60080, .adv_w = 503, .box_w = 30, .box_h = 30, .ofs_x = 1, .ofs_y = -1},
    {.bitmap_index = 60350, .adv_w = 386, .box_w = 24, .box_h = 24, .ofs_x = 1, .ofs_y = 0},
    {.bitmap_index = 60534, .adv_w = 505, .box_w = 29, .box_h = 30, .ofs_x = 2, .ofs_y = -1},
    {.bitmap_index = 60815, .adv_w = 372, .box_w = 22, .box_h = 27, .ofs_x = 2, .ofs_y = 0},
    {.bitmap_index = 61010, .adv_w = 436, .box_w = 27, .box_h = 38, .ofs_x = 0, .ofs_y = 0},
    {.bitmap_index = 61280, .adv_w = 364, .box_w = 20, .box_h = 29, .ofs_x = 1, .ofs_y = 0},
    {.bitmap_index = 61465, .adv_w = 169, .box_w = 14, .box_h = 38, .ofs_x = -2, .ofs_y = 0},
    {.bitmap_index = 61629, .adv_w = 156, .box_w = 14, .box_h = 29, .ofs_x = -2, .ofs_y = 0},
    {.bitmap_index = 61749, .adv_w = 503, .box_w = 29, .box_h = 39, .ofs_x = 1, .ofs_y = -1},
    {.bitmap_index = 62048, .adv_w = 386, .box_w = 22, .box_h = 29, .ofs_x = 1, .ofs_y = 0},
    {.bitmap_index = 62249, .adv_w = 441, .box_w = 23, .box_h = 39, .ofs_x = 2, .ofs_y = -1},
    {.bitmap_index = 62527, .adv_w = 372, .box_w = 19, .box_h = 29, .ofs_x = 2, .ofs_y = 0},
    {.bitmap_index = 62711, .adv_w = 492, .box_w = 28, .box_h = 39, .ofs_x = 1, .ofs_y = -1},
    {.bitmap_index = 63002, .adv_w = 347, .box_w = 21, .box_h = 38, .ofs_x = 1, .ofs_y = -9},
    {.bitmap_index = 63266, .adv_w = 503, .box_w = 29, .box_h = 38, .ofs_x = 1, .ofs_y = -9},
    {.bitmap_index = 63564, .adv_w = 386, .box_w = 22, .box_h = 30, .ofs_x = 1, .ofs_y = -9},
    {.bitmap_index = 63770, .adv_w = 436, .box_w = 27, .box_h = 40, .ofs_x = 0, .ofs_y = 0},
    {.bitmap_index = 64065, .adv_w = 364, .box_w = 21, .box_h = 35, .ofs_x = 1, .ofs_y = 0},
    {.bitmap_index = 64296, .adv_w = 610, .box_w = 37, .box_h = 38, .ofs_x = 0, .ofs_y = 0},
    {.bitmap_index = 64582, .adv_w = 581, .box_w = 34, .box_h = 29, .ofs_x = 1, .ofs_y = 0},
    {.bitmap_index = 64838, .adv_w = 503, .box_w = 29, .box_h = 39, .ofs_x = 1, .ofs_y = -1},
    {.bitmap_index = 65160, .adv_w = 386, .box_w = 22, .box_h = 31, .ofs_x = 1, .ofs_y = -2},
    {.bitmap_index = 65387, .adv_w = 382, .box_w = 22, .box_h = 38, .ofs_x = 1, .ofs_y = -9},
    {.bitmap_index = 65624, .adv_w = 317, .box_w = 17, .box_h = 30, .ofs_x = 1, .ofs_y = -9},
    {.bitmap_index = 65786, .adv_w = 394, .box_w = 25, .box_h = 38, .ofs_x = 0, .ofs_y = -9},
    {.bitmap_index = 65978, .adv_w = 226, .box_w = 14, .box_h = 38, .ofs_x = 0, .ofs_y = -9},
    {.bitmap_index = 66138, .adv_w = 410, .box_w = 26, .box_h = 36, .ofs_x = 0, .ofs_y = 0},
    {.bitmap_index = 66357, .adv_w = 353, .box_w = 22, .box_h = 35, .ofs_x = 0, .ofs_y = -9},
    {.bitmap_index = 66574, .adv_w = 156, .box_w = 9, .box_h = 30, .ofs_x = -2, .ofs_y = -9},
    {.bitmap_index = 66674, .adv_w = 363, .box_w = 20, .box_h = 21, .ofs_x = 1, .ofs_y = 0},
    {.bitmap_index = 66805, .adv_w = 372, .box_w = 22, .box_h = 30, .ofs_x = -1, .ofs_y = -9},
    {.bitmap_index = 67012, .adv_w = 266, .box_w = 14, .box_h = 7, .ofs_x = 1, .ofs_y = 23},
    {.bitmap_index = 67051, .adv_w = 266, .box_w = 14, .box_h = 7, .ofs_x = 1, .ofs_y = 22},
    {.bitmap_index = 67090, .adv_w = 267, .box_w = 14, .box_h = 6, .ofs_x = 1, .ofs_y = 24},
    {.bitmap_index = 67126, .adv_w = 136, .box_w = 6, .box_h = 5, .ofs_x = 1, .ofs_y = 24},
    {.bitmap_index = 67138, .adv_w = 204, .box_w = 10, .box_h = 9, .ofs_x = 1, .ofs_y = 22},
    {.bitmap_index = 67180, .adv_w = 195, .box_w = 10, .box_h = 9, .ofs_x = 1, .ofs_y = -9},
    {.bitmap_index = 67217, .adv_w = 280, .box_w = 15, .box_h = 6, .ofs_x = 1, .ofs_y = 24},
    {.bitmap_index = 67258, .adv_w = 327, .box_w = 18, .box_h = 7, .ofs_x = 1, .ofs_y = 23},
    {.bitmap_index = 67312, .adv_w = 358, .box_w = 19, .box_h = 7, .ofs_x = 2, .ofs_y = 14},
    {.bitmap_index = 67366, .adv_w = 358, .box_w = 19, .box_h = 7, .ofs_x = 2, .ofs_y = 14},
    {.bitmap_index = 67420, .adv_w = 0, .box_w = 10, .box_h = 6, .ofs_x = 1, .ofs_y = 23},
    {.bitmap_index = 67443, .adv_w = 0, .box_w = 10, .box_h = 6, .ofs_x = 1, .ofs_y = 23},
    {.bitmap_index = 67467, .adv_w = 0, .box_w = 14, .box_h = 7, .ofs_x = 1, .ofs_y = 23},
    {.bitmap_index = 67506, .adv_w = 0, .box_w = 15, .box_h = 6, .ofs_x = 1, .ofs_y = 24},
    {.bitmap_index = 67547, .adv_w = 0, .box_w = 13, .box_h = 3, .ofs_x = 1, .ofs_y = 24},
    {.bitmap_index = 67557, .adv_w = 0, .box_w = 14, .box_h = 6, .ofs_x = 1, .ofs_y = 23},
    {.bitmap_index = 67593, .adv_w = 0, .box_w = 6, .box_h = 5, .ofs_x = 1, .ofs_y = 24},
    {.bitmap_index = 67605, .adv_w = 0, .box_w = 14, .box_h = 5, .ofs_x = 1, .ofs_y = 24},
    {.bitmap_index = 67635, .adv_w = 0, .box_w = 9, .box_h = 9, .ofs_x = 1, .ofs_y = 21},
    {.bitmap_index = 67667, .adv_w = 0, .box_w = 10, .box_h = 9, .ofs_x = 1, .ofs_y = 22},
    {.bitmap_index = 67709, .adv_w = 0, .box_w = 18, .box_h = 7, .ofs_x = 1, .ofs_y = 23},
    {.bitmap_index = 67763, .adv_w = 0, .box_w = 14, .box_h = 7, .ofs_x = 1, .ofs_y = 22},
    {.bitmap_index = 67802, .adv_w = 0, .box_w = 18, .box_h = 7, .ofs_x = 1, .ofs_y = 23},
    {.bitmap_index = 67854, .adv_w = 0, .box_w = 9, .box_h = 7, .ofs_x = 1, .ofs_y = 23},
    {.bitmap_index = 67881, .adv_w = 0, .box_w = 8, .box_h = 9, .ofs_x = 1, .ofs_y = 21},
    {.bitmap_index = 67914, .adv_w = 0, .box_w = 6, .box_h = 5, .ofs_x = 1, .ofs_y = -7},
    {.bitmap_index = 67926, .adv_w = 0, .box_w = 9, .box_h = 7, .ofs_x = 1, .ofs_y = -9},
    {.bitmap_index = 67952, .adv_w = 0, .box_w = 10, .box_h = 9, .ofs_x = 1, .ofs_y = -9},
    {.bitmap_index = 67989, .adv_w = 0, .box_w = 10, .box_h = 9, .ofs_x = 1, .ofs_y = -9},
    {.bitmap_index = 68026, .adv_w = 0, .box_w = 14, .box_h = 3, .ofs_x = 1, .ofs_y = 11},
    {.bitmap_index = 68039, .adv_w = 0, .box_w = 29, .box_h = 3, .ofs_x = 1, .ofs_y = 11},
    {.bitmap_index = 68052, .adv_w = 0, .box_w = 11, .box_h = 13, .ofs_x = 1, .ofs_y = 9},
    {.bitmap_index = 68100, .adv_w = 0, .box_w = 18, .box_h = 25, .ofs_x = 1, .ofs_y = 0},
    {.bitmap_index = 68220, .adv_w = 206, .box_w = 9, .box_h = 12, .ofs_x = 1, .ofs_y = 18},
    {.bitmap_index = 68264, .adv_w = 206, .box_w = 9, .box_h = 12, .ofs_x = 1, .ofs_y = 0},
    {.bitmap_index = 68308, .adv_w = 161, .box_w = 9, .box_h = 28, .ofs_x = 0, .ofs_y = -7},
    {.bitmap_index = 68381, .adv_w = 165, .box_w = 8, .box_h = 6, .ofs_x = 1, .ofs_y = 24},
    {.bitmap_index = 68403, .adv_w = 308, .box_w = 17, .box_h = 10, .ofs_x = 1, .ofs_y = 25},
    {.bitmap_index = 68469, .adv_w = 237, .box_w = 11, .box_h = 10, .ofs_x = 2, .ofs_y = 6},
    {.bitmap_index = 68499, .adv_w = 485, .box_w = 27, .box_h = 30, .ofs_x = 2, .ofs_y = 0},
    {.bitmap_index = 68718, .adv_w = 552, .box_w = 29, .box_h = 30, .ofs_x = 1, .ofs_y = 0},
    {.bitmap_index = 68976, .adv_w = 372, .box_w = 19, .box_h = 28, .ofs_x = 2, .ofs_y = -7},
    {.bitmap_index = 69154, .adv_w = 392, .box_w = 23, .box_h = 21, .ofs_x = 1, .ofs_y = 0},
    {.bitmap_index = 69314, .adv_w = 492, .box_w = 28, .box_h = 37, .ofs_x = 1, .ofs_y = -1},
    {.bitmap_index = 69580, .adv_w = 347, .box_w = 21, .box_h = 36, .ofs_x = 1, .ofs_y = -9},
    {.bitmap_index = 69814, .adv_w = 457, .box_w = 23, .box_h = 38, .ofs_x = 3, .ofs_y = 0},
    {.bitmap_index = 70085, .adv_w = 372, .box_w = 19, .box_h = 29, .ofs_x = 2, .ofs_y = 0},
    {.bitmap_index = 70247, .adv_w = 648, .box_w = 40, .box_h = 38, .ofs_x = 0, .ofs_y = 0},
    {.bitmap_index = 70662, .adv_w = 504, .box_w = 30, .box_h = 29, .ofs_x = 1, .ofs_y = 0},
    {.bitmap_index = 70926, .adv_w = 648, .box_w = 40, .box_h = 38, .ofs_x = 0, .ofs_y = 0},
    {.bitmap_index = 71339, .adv_w = 504, .box_w = 30, .box_h = 29, .ofs_x = 1, .ofs_y = 0},
    {.bitmap_index = 71603, .adv_w = 648, .box_w = 40, .box_h = 38, .ofs_x = 0, .ofs_y = 0},
    {.bitmap_index = 72024, .adv_w = 504, .box_w = 30, .box_h = 29, .ofs_x = 1, .ofs_y = 0},
    {.bitmap_index = 72300, .adv_w = 521, .box_w = 28, .box_h = 30, .ofs_x = 3, .ofs_y = -1},
    {.bitmap_index = 72562, .adv_w = 436, .box_w = 27, .box_h = 37, .ofs_x = 0, .ofs_y = -8},
    {.bitmap_index = 72812, .adv_w = 364, .box_w = 20, .box_h = 28, .ofs_x = 1, .ofs_y = -7},
    {.bitmap_index = 72982, .adv_w = 436, .box_w = 27, .box_h = 38, .ofs_x = 0, .ofs_y = 0},
    {.bitmap_index = 73247, .adv_w = 364, .box_w = 20, .box_h = 29, .ofs_x = 1, .ofs_y = 0},
    {.bitmap_index = 73434, .adv_w = 436, .box_w = 27, .box_h = 42, .ofs_x = 0, .ofs_y = 0},
    {.bitmap_index = 73722, .adv_w = 364, .box_w = 20, .box_h = 33, .ofs_x = 1, .ofs_y = 0},
    {.bitmap_index = 73928, .adv_w = 436, .box_w = 27, .box_h = 42, .ofs_x = 0, .ofs_y = 0},
    {.bitmap_index = 74216, .adv_w = 364, .box_w = 20, .box_h = 33, .ofs_x = 1, .ofs_y = 0},
    {.bitmap_index = 74424, .adv_w = 436, .box_w = 27, .box_h = 42, .ofs_x = 0, .ofs_y = 0},
    {.bitmap_index = 74728, .adv_w = 364, .box_w = 20, .box_h = 34, .ofs_x = 1, .ofs_y = 0},
    {.bitmap_index = 74950, .adv_w = 436, .box_w = 27, .box_h = 42, .ofs_x = 0, .ofs_y = 0},
    {.bitmap_index = 75248, .adv_w = 364, .box_w = 20, .box_h = 34, .ofs_x = 1, .ofs_y = 0},
    {.bitmap_index = 75469, .adv_w = 436, .box_w = 27, .box_h = 47, .ofs_x = 0, .ofs_y = -8},
    {.bitmap_index = 75774, .adv_w = 364, .box_w = 20, .box_h = 37, .ofs_x = 1, .ofs_y = -7},
    {.bitmap_index = 75989, .adv_w = 436, .box_w = 27, .box_h = 42, .ofs_x = 0, .ofs_y = 0},
    {.bitmap_index = 76285, .adv_w = 364, .box_w = 20, .box_h = 35, .ofs_x = 1, .ofs_y = 0},
    {.bitmap_index = 76497, .adv_w = 436, .box_w = 27, .box_h = 42, .ofs_x = 0, .ofs_y = 0},
    {.bitmap_index = 76793, .adv_w = 364, .box_w = 20, .box_h = 35, .ofs_x = 1, .ofs_y = 0},
    {.bitmap_index = 77006, .adv_w = 436, .box_w = 27, .box_h = 42, .ofs_x = 0, .ofs_y = 0},
    {.bitmap_index = 77304, .adv_w = 364, .box_w = 20, .box_h = 36, .ofs_x = 1, .ofs_y = 0},
    {.bitmap_index = 77525, .adv_w = 436, .box_w = 27, .box_h = 42, .ofs_x = 0, .ofs_y = 0},
    {.bitmap_index = 77830, .adv_w = 364, .box_w = 20, .box_h = 35, .ofs_x = 1, .ofs_y = 0},
    {.bitmap_index = 78042, .adv_w = 436, .box_w = 27, .box_h = 45, .ofs_x = 0, .ofs_y = -8},
    {.bitmap_index = 78340, .adv_w = 364, .box_w = 20, .box_h = 36, .ofs_x = 1, .ofs_y = -7},
    {.bitmap_index = 78550, .adv_w = 392, .box_w = 20, .box_h = 37, .ofs_x = 3, .ofs_y = -8},
    {.bitmap_index = 78728, .adv_w = 363, .box_w = 20, .box_h = 28, .ofs_x = 1, .ofs_y = -7},
    {.bitmap_index = 78889, .adv_w = 392, .box_w = 20, .box_h = 38, .ofs_x = 3, .ofs_y = 0},
    {.bitmap_index = 79086, .adv_w = 363, .box_w = 20, .box_h = 29, .ofs_x = 1, .ofs_y = 0},
    {.bitmap_index = 79265, .adv_w = 392, .box_w = 20, .box_h = 37, .ofs_x = 3, .ofs_y = 0},
    {.bitmap_index = 79461, .adv_w = 363, .box_w = 20, .box_h = 29, .ofs_x = 1, .ofs_y = 0},
    {.bitmap_index = 79635, .adv_w = 392, .box_w = 20, .box_h = 42, .ofs_x = 3, .ofs_y = 0},
    {.bitmap_index = 79849, .adv_w = 363, .box_w = 20, .box_h = 33, .ofs_x = 1, .ofs_y = 0},
    {.bitmap_index = 80048, .adv_w = 392, .box_w = 20, .box_h = 42, .ofs_x = 3, .ofs_y = 0},
    {.bitmap_index = 80263, .adv_w = 363, .box_w = 20, .box_h = 33, .ofs_x = 1, .ofs_y = 0},
    {.bitmap_index = 80464, .adv_w = 392, .box_w = 20, .box_h = 42, .ofs_x = 3, .ofs_y = 0},
    {.bitmap_index = 80692, .adv_w = 363, .box_w = 20, .box_h = 34, .ofs_x = 1, .ofs_y = 0},
    {.bitmap_index = 80906, .adv_w = 392, .box_w = 20, .box_h = 42, .ofs_x = 3, .ofs_y = 0},
    {.bitmap_index = 81130, .adv_w = 363, .box_w = 20, .box_h = 34, .ofs_x = 1, .ofs_y = 0},
    {.bitmap_index = 81344, .adv_w = 392, .box_w = 20, .box_h = 47, .ofs_x = 3, .ofs_y = -8},
    {.bitmap_index = 81574, .adv_w = 363, .box_w = 20, .box_h = 37, .ofs_x = 1, .ofs_y = -7},
    {.bitmap_index = 81780, .adv_w = 169, .box_w = 8, .box_h = 38, .ofs_x = 2, .ofs_y = 0},
    {.bitmap_index = 81913, .adv_w = 156, .box_w = 8, .box_h = 29, .ofs_x = 2, .ofs_y = 0},
    {.bitmap_index = 82006, .adv_w = 169, .box_w = 6, .box_h = 37, .ofs_x = 2, .ofs_y = -8},
    {.bitmap_index = 82101, .adv_w = 156, .box_w = 6, .box_h = 37, .ofs_x = 2, .ofs_y = -8},
    {.bitmap_index = 82181, .adv_w = 503, .box_w = 29, .box_h = 36, .ofs_x = 1, .ofs_y = -7},
    {.bitmap_index = 82459, .adv_w = 386, .box_w = 22, .box_h = 28, .ofs_x = 1, .ofs_y = -7},
    {.bitmap_index = 82640, .adv_w = 503, .box_w = 29, .box_h = 39, .ofs_x = 1, .ofs_y = -1},
    {.bitmap_index = 82938, .adv_w = 386, .box_w = 22, .box_h = 29, .ofs_x = 1, .ofs_y = 0},
    {.bitmap_index = 83137, .adv_w = 503, .box_w = 29, .box_h = 43, .ofs_x = 1, .ofs_y = -1},
    {.bitmap_index = 83458, .adv_w = 386, .box_w = 22, .box_h = 33, .ofs_x = 1, .ofs_y = 0},
    {.bitmap_index = 83682, .adv_w = 503, .box_w = 29, .box_h = 43, .ofs_x = 1, .ofs_y = -1},
    {.bitmap_index = 84003, .adv_w = 386, .box_w = 22, .box_h = 33, .ofs_x = 1, .ofs_y = 0},
    {.bitmap_index = 84228, .adv_w = 503, .box_w = 29, .box_h = 43, .ofs_x = 1, .ofs_y = -1},
    {.bitmap_index = 84565, .adv_w = 386, .box_w = 22, .box_h = 34, .ofs_x = 1, .ofs_y = 0},
    {.bitmap_index = 84803, .adv_w = 503, .box_w = 29, .box_h = 43, .ofs_x = 1, .ofs_y = -1},
    {.bitmap_index = 85140, .adv_w = 386, .box_w = 22, .box_h = 34, .ofs_x = 1, .ofs_y = 0},
    {.bitmap_index = 85378, .adv_w = 503, .box_w = 29, .box_h = 46, .ofs_x = 1, .ofs_y = -7},
    {.bitmap_index = 85711, .adv_w = 386, .box_w = 22, .box_h = 37, .ofs_x = 1, .ofs_y = -7},
    {.bitmap_index = 85940, .adv_w = 503, .box_w = 30, .box_h = 39, .ofs_x = 1, .ofs_y = -1},
    {.bitmap_index = 86247, .adv_w = 386, .box_w = 24, .box_h = 29, .ofs_x = 1, .ofs_y = 0},
    {.bitmap_index = 86464, .adv_w = 503, .box_w = 30, .box_h = 39, .ofs_x = 1, .ofs_y = -1},
    {.bitmap_index = 86770, .adv_w = 386, .box_w = 24, .box_h = 29, .ofs_x = 1, .ofs_y = 0},
    {.bitmap_index = 86982, .adv_w = 503, .box_w = 30, .box_h = 39, .ofs_x = 1, .ofs_y = -1},
    {.bitmap_index = 87299, .adv_w = 386, .box_w = 24, .box_h = 29, .ofs_x = 1, .ofs_y = 0},
    {.bitmap_index = 87520, .adv_w = 503, .box_w = 30, .box_h = 38, .ofs_x = 1, .ofs_y = -1},
    {.bitmap_index = 87849, .adv_w = 386, .box_w = 24, .box_h = 29, .ofs_x = 1, .ofs_y = 0},
    {.bitmap_index = 88073, .adv_w = 503, .box_w = 30, .box_h = 36, .ofs_x = 1, .ofs_y = -7},
    {.bitmap_index = 88369, .adv_w = 386, .box_w = 24, .box_h = 31, .ofs_x = 1, .ofs_y = -7},
    {.bitmap_index = 88581, .adv_w = 441, .box_w = 23, .box_h = 36, .ofs_x = 2, .ofs_y = -7},
    {.bitmap_index = 88838, .adv_w = 372, .box_w = 19, .box_h = 28, .ofs_x = 2, .ofs_y = -7},
    {.bitmap_index = 89005, .adv_w = 441, .box_w = 23, .box_h = 39, .ofs_x = 2, .ofs_y = -1},
    {.bitmap_index = 89283, .adv_w = 372, .box_w = 19, .box_h = 29, .ofs_x = 2, .ofs_y = 0},
    {.bitmap_index = 89466, .adv_w = 505, .box_w = 29, .box_h = 39, .ofs_x = 2, .ofs_y = -1},
    {.bitmap_index = 89785, .adv_w = 372, .box_w = 22, .box_h = 29, .ofs_x = 2, .ofs_y = 0},
    {.bitmap_index = 90002, .adv_w = 505, .box_w = 29, .box_h = 39, .ofs_x = 2, .ofs_y = -1},
    {.bitmap_index = 90322, .adv_w = 372, .box_w = 22, .box_h = 29, .ofs_x = 2, .ofs_y = 0},
    {.bitmap_index = 90538, .adv_w = 505, .box_w = 29, .box_h = 39, .ofs_x = 2, .ofs_y = -1},
    {.bitmap_index = 90867, .adv_w = 372, .box_w = 22, .box_h = 29, .ofs_x = 2, .ofs_y = 0},
    {.bitmap_index = 91089, .adv_w = 505, .box_w = 29, .box_h = 38, .ofs_x = 2, .ofs_y = -1},
    {.bitmap_index = 91428, .adv_w = 372, .box_w = 22, .box_h = 29, .ofs_x = 2, .ofs_y = 0},
    {.bitmap_index = 91655, .adv_w = 505, .box_w = 29, .box_h = 36, .ofs_x = 2, .ofs_y = -7},
    {.bitmap_index = 91963, .adv_w = 372, .box_w = 22, .box_h = 34, .ofs_x = 2, .ofs_y = -7},
    {.bitmap_index = 92184, .adv_w = 410, .box_w = 26, .box_h = 38, .ofs_x = 0, .ofs_y = 0},
    {.bitmap_index = 92417, .adv_w = 353, .box_w = 22, .box_h = 38, .ofs_x = 0, .ofs_y = -9},
    {.bitmap_index = 92650, .adv_w = 410, .box_w = 26, .box_h = 37, .ofs_x = 0, .ofs_y = -8},
    {.bitmap_index = 92876, .adv_w = 353, .box_w = 22, .box_h = 30, .ofs_x = 0, .ofs_y = -9},
    {.bitmap_index = 93084, .adv_w = 410, .box_w = 26, .box_h = 38, .ofs_x = 0, .ofs_y = 0},
    {.bitmap_index = 93328, .adv_w = 353, .box_w = 22, .box_h = 38, .ofs_x = 0, .ofs_y = -9},
    {.bitmap_index = 93569, .adv_w = 410, .box_w = 26, .box_h = 37, .ofs_x = 0, .ofs_y = 0},
    {.bitmap_index = 93819, .adv_w = 353, .box_w = 22, .box_h = 38, .ofs_x = 0, .ofs_y = -9},
    {.bitmap_index = 94068, .adv_w = 280, .box_w = 16, .box_h = 4, .ofs_x = 1, .ofs_y = 11},
    {.bitmap_index = 94082, .adv_w = 711, .box_w = 43, .box_h = 4, .ofs_x = 1, .ofs_y = 11},
    {.bitmap_index = 94096, .adv_w = 467, .box_w = 27, .box_h = 4, .ofs_x = 1, .ofs_y = 11},
    {.bitmap_index = 94112, .adv_w = 178, .box_w = 9, .box_h = 12, .ofs_x = 1, .ofs_y = 17},
    {.bitmap_index = 94156, .adv_w = 178, .box_w = 9, .box_h = 12, .ofs_x = 1, .ofs_y = 17},
    {.bitmap_index = 94200, .adv_w = 193, .box_w = 9, .box_h = 12, .ofs_x = 2, .ofs_y = -6},
    {.bitmap_index = 94244, .adv_w = 299, .box_w = 17, .box_h = 12, .ofs_x = 1, .ofs_y = 17},
    {.bitmap_index = 94330, .adv_w = 300, .box_w = 17, .box_h = 12, .ofs_x = 1, .ofs_y = 17},
    {.bitmap_index = 94416, .adv_w = 271, .box_w = 17, .box_h = 12, .ofs_x = 0, .ofs_y = -6},
    {.bitmap_index = 94502, .adv_w = 260, .box_w = 14, .box_h = 34, .ofs_x = 1, .ofs_y = -5},
    {.bitmap_index = 94648, .adv_w = 269, .box_w = 15, .box_h = 34, .ofs_x = 1, .ofs_y = -5},
    {.bitmap_index = 94790, .adv_w = 244, .box_w = 11, .box_h = 10, .ofs_x = 2, .ofs_y = 6},
    {.bitmap_index = 94820, .adv_w = 259, .box_w = 14, .box_h = 16, .ofs_x = 2, .ofs_y = 3},
    {.bitmap_index = 94888, .adv_w = 298, .box_w = 14, .box_h = 6, .ofs_x = 2, .ofs_y = 0},
    {.bitmap_index = 94923, .adv_w = 454, .box_w = 24, .box_h = 6, .ofs_x = 2, .ofs_y = 0},
    {.bitmap_index = 94976, .adv_w = 694, .box_w = 40, .box_h = 29, .ofs_x = 2, .ofs_y = 0},
    {.bitmap_index = 95346, .adv_w = 906, .box_w = 53, .box_h = 29, .ofs_x = 2, .ofs_y = 0},
    {.bitmap_index = 95789, .adv_w = 173, .box_w = 11, .box_h = 17, .ofs_x = 0, .ofs_y = 2},
    {.bitmap_index = 95853, .adv_w = 173, .box_w = 11, .box_h = 17, .ofs_x = 0, .ofs_y = 2},
    {.bitmap_index = 95920, .adv_w = 87, .box_w = 21, .box_h = 29, .ofs_x = -8, .ofs_y = 0},
    {.bitmap_index = 96075, .adv_w = 274, .box_w = 15, .box_h = 17, .ofs_x = 1, .ofs_y = 21},
    {.bitmap_index = 96166, .adv_w = 376, .box_w = 20, .box_h = 30, .ofs_x = 2, .ofs_y = 0},
    {.bitmap_index = 96348, .adv_w = 376, .box_w = 23, .box_h = 29, .ofs_x = 0, .ofs_y = 0},
    {.bitmap_index = 96535, .adv_w = 376, .box_w = 24, .box_h = 29, .ofs_x = 0, .ofs_y = 0},
    {.bitmap_index = 96713, .adv_w = 376, .box_w = 24, .box_h = 29, .ofs_x = 0, .ofs_y = 0},
    {.bitmap_index = 96915, .adv_w = 376, .box_w = 23, .box_h = 30, .ofs_x = 0, .ofs_y = -1},
    {.bitmap_index = 97093, .adv_w = 376, .box_w = 22, .box_h = 29, .ofs_x = 1, .ofs_y = 0},
    {.bitmap_index = 97229, .adv_w = 376, .box_w = 24, .box_h = 29, .ofs_x = 0, .ofs_y = 0},
    {.bitmap_index = 97423, .adv_w = 758, .box_w = 44, .box_h = 30, .ofs_x = 3, .ofs_y = 0},
    {.bitmap_index = 97854, .adv_w = 476, .box_w = 27, .box_h = 15, .ofs_x = 1, .ofs_y = 15},
    {.bitmap_index = 98020, .adv_w = 527, .box_w = 29, .box_h = 30, .ofs_x = 2, .ofs_y = 0},
    {.bitmap_index = 98278, .adv_w = 532, .box_w = 32, .box_h = 29, .ofs_x = 0, .ofs_y = 0},
    {.bitmap_index = 98595, .adv_w = 585, .box_w = 35, .box_h = 29, .ofs_x = 1, .ofs_y = 0},
    {.bitmap_index = 98945, .adv_w = 582, .box_w = 34, .box_h = 29, .ofs_x = 1, .ofs_y = 0},
    {.bitmap_index = 99283, .adv_w = 540, .box_w = 33, .box_h = 29, .ofs_x = 0, .ofs_y = 0},
    {.bitmap_index = 99602, .adv_w = 753, .box_w = 46, .box_h = 25, .ofs_x = 1, .ofs_y = 0},
    {.bitmap_index = 99755, .adv_w = 753, .box_w = 45, .box_h = 25, .ofs_x = 1, .ofs_y = 0},
    {.bitmap_index = 99907, .adv_w = 424, .box_w = 22, .box_h = 31, .ofs_x = 2, .ofs_y = -1},
    {.bitmap_index = 100134, .adv_w = 482, .box_w = 28, .box_h = 27, .ofs_x = 1, .ofs_y = 1},
    {.bitmap_index = 100400, .adv_w = 443, .box_w = 26, .box_h = 30, .ofs_x = 1, .ofs_y = 0},
    {.bitmap_index = 100616, .adv_w = 394, .box_w = 22, .box_h = 30, .ofs_x = 1, .ofs_y = 0},
    {.bitmap_index = 100826, .adv_w = 418, .box_w = 24, .box_h = 30, .ofs_x = 1, .ofs_y = 0},
    {.bitmap_index = 100992, .adv_w = 376, .box_w = 17, .box_h = 5, .ofs_x = 3, .ofs_y = 8},
    {.bitmap_index = 101010, .adv_w = 276, .box_w = 15, .box_h = 30, .ofs_x = 1, .ofs_y = 0},
    {.bitmap_index = 101141, .adv_w = 411, .box_w = 24, .box_h = 34, .ofs_x = 1, .ofs_y = -4},
    {.bitmap_index = 101350, .adv_w = 580, .box_w = 34, .box_h = 17, .ofs_x = 1, .ofs_y = 6},
    {.bitmap_index = 101546, .adv_w = 320, .box_w = 18, .box_h = 40, .ofs_x = 1, .ofs_y = -10},
    {.bitmap_index = 101749, .adv_w = 376, .box_w = 19, .box_h = 19, .ofs_x = 2, .ofs_y = 1},
    {.bitmap_index = 101882, .adv_w = 376, .box_w = 18, .box_h = 22, .ofs_x = 3, .ofs_y = -1},
    {.bitmap_index = 101985, .adv_w = 376, .box_w = 21, .box_h = 25, .ofs_x = 1, .ofs_y = -2},
    {.bitmap_index = 102101, .adv_w = 376, .box_w = 22, .box_h = 25, .ofs_x = 1, .ofs_y = -2},
    {.bitmap_index = 102232, .adv_w = 398, .box_w = 23, .box_h = 30, .ofs_x = 1, .ofs_y = 0},
    {.bitmap_index = 102458, .adv_w = 352, .box_w = 20, .box_h = 29, .ofs_x = 0, .ofs_y = 0},
    {.bitmap_index = 102648, .adv_w = 380, .box_w = 23, .box_h = 29, .ofs_x = 0, .ofs_y = 0}
};

/*---------------------
 *  CHARACTER MAPPING
 *--------------------*/

static const uint16_t unicode_list_2[] = {
    0x0, 0x3, 0xe, 0x11, 0x12, 0x20, 0x21, 0x3e,
    0x3f, 0x40, 0x41, 0x42, 0x43, 0x44, 0x45, 0x57,
    0x58, 0x5b, 0x5c, 0x6b, 0x6c, 0x6d, 0x6e, 0x6f,
    0x70, 0x89, 0x8a, 0x8b, 0x8c, 0xa3, 0xa4, 0xa8,
    0xca, 0xe3, 0x137, 0x138, 0x149, 0x14a, 0x14b, 0x14c,
    0x14d, 0x14e, 0x166, 0x167, 0x171, 0x172, 0x173, 0x174,
    0x175, 0x177, 0x178, 0x179, 0x17a, 0x17b, 0x17c, 0x17d,
    0x180, 0x183, 0x18c, 0x194, 0x197, 0x198, 0x199, 0x1a6,
    0x1a7, 0x1a8, 0x1a9, 0x1e5, 0x1e6, 0x1ef, 0x1f5, 0x1f6,
    0x1f8, 0x205, 0x21a, 0x22d, 0x231, 0x1c91, 0x1c92, 0x1cb5,
    0x1cb6, 0x1cf1, 0x1cf2, 0x1cf3, 0x1cf4, 0x1cf5, 0x1cf6, 0x1d0f
};

static const uint16_t unicode_list_4[] = {
    0x0, 0x1, 0x2, 0x5, 0x6, 0x7, 0x9, 0xa,
    0xb, 0xd, 0xe, 0xf, 0x10, 0x12, 0x13, 0x1d,
    0x1e, 0x26, 0x27, 0x31, 0x61, 0x98, 0x99, 0x9e,
    0xa0, 0xa1, 0xa5, 0xaa, 0x103, 0x10f, 0x113, 0x148,
    0x149, 0x14a, 0x14b, 0x17d, 0x17f, 0x1ef, 0x1f2, 0x1f3,
    0x1fc, 0x1fe, 0x1ff, 0x202, 0x207, 0x20b, 0x218, 0x235,
    0x24d, 0x251, 0x252, 0x5b7, 0xdaee, 0xdaef
};

/*Collect the unicode lists and glyph_id offsets*/
static const lv_font_fmt_txt_cmap_t cmaps[] =
{
    {
        .range_start = 32, .range_length = 95, .glyph_id_start = 1,
        .unicode_list = NULL, .glyph_id_ofs_list = NULL, .list_length = 0, .type = LV_FONT_FMT_TXT_CMAP_FORMAT0_TINY
    },
    {
        .range_start = 160, .range_length = 223, .glyph_id_start = 96,
        .unicode_list = NULL, .glyph_id_ofs_list = NULL, .list_length = 0, .type = LV_FONT_FMT_TXT_CMAP_FORMAT0_TINY
    },
    {
        .range_start = 399, .range_length = 7440, .glyph_id_start = 319,
        .unicode_list = unicode_list_2, .glyph_id_ofs_list = NULL, .list_length = 88, .type = LV_FONT_FMT_TXT_CMAP_SPARSE_TINY
    },
    {
        .range_start = 7840, .range_length = 90, .glyph_id_start = 407,
        .unicode_list = NULL, .glyph_id_ofs_list = NULL, .list_length = 0, .type = LV_FONT_FMT_TXT_CMAP_FORMAT0_TINY
    },
    {
        .range_start = 8211, .range_length = 56048, .glyph_id_start = 497,
        .unicode_list = unicode_list_4, .glyph_id_ofs_list = NULL, .list_length = 54, .type = LV_FONT_FMT_TXT_CMAP_SPARSE_TINY
    }
};

/*-----------------
 *    KERNING
 *----------------*/


/*Map glyph_ids to kern left classes*/
static const uint8_t kern_left_class_mapping[] =
{
    0, 0, 0, 0, 0, 0, 0, 0,
    0, 0, 0, 0, 0, 0, 0, 0,
    1, 0, 0, 0, 0, 0, 0, 0,
    2, 0, 0, 0, 0, 0, 0, 0,
    0, 0, 3, 4, 5, 6, 7, 8,
    9, 0, 0, 10, 11, 12, 0, 0,
    13, 14, 15, 16, 17, 18, 10, 19,
    20, 21, 22, 23, 0, 0, 0, 0,
    0, 0, 24, 25, 26, 0, 27, 28,
    29, 30, 0, 0, 31, 32, 24, 24,
    33, 34, 0, 35, 36, 37, 38, 39,
    40, 41, 39, 42, 0, 0, 0, 0,
    0, 0, 0, 0, 0, 0, 0, 0,
    0, 0, 0, 0, 0, 0, 0, 0,
    0, 0, 0, 0, 0, 0, 0, 0,
    0, 0, 0, 0, 0, 0, 0, 0,
    3, 3, 3, 3, 3, 3, 7, 5,
    7, 7, 7, 7, 0, 0, 0, 0,
    6, 0, 13, 13, 13, 13, 13, 0,
    13, 10, 10, 10, 10, 22, 0, 43,
    24, 24, 24, 24, 24, 24, 27, 26,
    27, 27, 27, 27, 0, 0, 0, 0,
    0, 24, 33, 33, 33, 33, 33, 0,
    33, 38, 38, 38, 38, 39, 33, 39,
    3, 24, 3, 24, 3, 24, 5, 26,
    5, 26, 5, 26, 5, 26, 6, 0,
    6, 0, 7, 27, 7, 27, 7, 27,
    7, 27, 7, 27, 9, 29, 9, 29,
    9, 29, 9, 29, 0, 30, 0, 30,
    0, 0, 0, 0, 0, 0, 0, 0,
    0, 0, 10, 0, 10, 0, 11, 31,
    31, 12, 32, 12, 32, 12, 32, 0,
    0, 12, 0, 0, 24, 0, 24, 0,
    24, 24, 0, 24, 13, 33, 13, 33,
    13, 33, 7, 27, 16, 35, 16, 35,
    16, 35, 17, 36, 17, 36, 17, 36,
    17, 36, 18, 37, 18, 37, 18, 37,
    10, 38, 10, 38, 10, 38, 10, 38,
    10, 38, 10, 38, 20, 40, 22, 39,
    22, 23, 42, 23, 42, 23, 42, 6,
    0, 0, 0, 33, 0, 38, 3, 24,
    0, 0, 13, 33, 10, 38, 9, 29,
    13, 33, 3, 24, 7, 27, 13, 33,
    17, 36, 18, 37, 22, 39, 0, 27,
    24, 0, 0, 0, 0, 0, 0, 0,
    0, 0, 0, 0, 0, 0, 0, 0,
    0, 0, 0, 0, 0, 0, 0, 0,
    0, 0, 0, 0, 0, 0, 0, 0,
    0, 0, 0, 0, 0, 0, 0, 0,
    3, 0, 0, 0, 9, 29, 0, 24,
    20, 40, 20, 40, 20, 40, 17, 3,
    24, 3, 24, 3, 24, 3, 24, 3,
    24, 3, 24, 3, 24, 3, 24, 3,
    24, 3, 24, 3, 24, 3, 24, 7,
    27, 7, 27, 7, 27, 7, 27, 7,
    27, 7, 27, 7, 27, 7, 27, 0,
    0, 0, 0, 13, 33, 13, 33, 13,
    33, 13, 33, 13, 33, 13, 33, 13,
    33, 0, 33, 0, 33, 0, 33, 0,
    33, 0, 33, 10, 38, 10, 38, 0,
    38, 0, 38, 0, 38, 0, 38, 0,
    38, 22, 39, 22, 39, 22, 39, 22,
    39, 0, 0, 0, 0, 0, 0, 0,
    0, 0, 0, 0, 0, 0, 0, 0,
    0, 0, 0, 0, 44, 0, 0, 0,
    0, 0, 0, 0, 0, 0, 0, 0,
    0, 0, 0, 0, 0, 0, 0, 0,
    3, 0, 0, 0, 0, 0, 0, 0,
    0, 0, 0, 0, 0, 0, 32
};

/*Map glyph_ids to kern right classes*/
static const uint8_t kern_right_class_mapping[] =
{
    0, 0, 1, 0, 0, 0, 0, 0,
    0, 0, 0, 2, 0, 3, 0, 4,
    5, 0, 0, 0, 0, 6, 0, 0,
    0, 0, 0, 0, 7, 0, 0, 0,
    8, 0, 9, 10, 11, 10, 10, 10,
    11, 10, 10, 12, 10, 10, 10, 10,
    11, 10, 11, 10, 13, 14, 15, 16,
    17, 18, 19, 20, 0, 21, 0, 0,
    0, 0, 22, 0, 23, 23, 23, 24,
    25, 0, 26, 0, 0, 27, 28, 28,
    23, 28, 23, 28, 29, 30, 31, 32,
    33, 34, 32, 35, 0, 0, 0, 0,
    0, 36, 22, 0, 0, 0, 0, 0,
    0, 0, 0, 0, 0, 0, 0, 0,
    0, 0, 0, 0, 0, 0, 0, 0,
    0, 0, 0, 0, 0, 0, 0, 37,
    9, 9, 9, 9, 9, 9, 9, 11,
    10, 10, 10, 10, 10, 10, 10, 10,
    0, 10, 11, 11, 11, 11, 11, 0,
    11, 15, 15, 15, 15, 19, 10, 38,
    22, 22, 22, 22, 22, 22, 22, 23,
    23, 23, 23, 23, 0, 0, 0, 0,
    23, 28, 23, 23, 23, 23, 23, 0,
    23, 31, 31, 31, 31, 33, 0, 33,
    9, 22, 9, 22, 9, 22, 11, 23,
    11, 23, 11, 23, 11, 23, 10, 23,
    10, 23, 10, 23, 10, 23, 10, 23,
    10, 23, 10, 23, 11, 25, 11, 25,
    11, 25, 11, 25, 10, 0, 10, 0,
    10, 0, 10, 0, 10, 0, 10, 0,
    10, 0, 10, 0, 12, 0, 10, 0,
    28, 10, 27, 10, 27, 10, 27, 10,
    27, 0, 0, 10, 28, 10, 28, 10,
    28, 39, 10, 28, 11, 23, 11, 23,
    11, 23, 11, 23, 10, 28, 10, 28,
    10, 28, 13, 29, 13, 29, 13, 29,
    13, 29, 14, 30, 14, 30, 14, 30,
    15, 31, 15, 31, 15, 31, 15, 31,
    15, 31, 15, 31, 17, 33, 19, 33,
    19, 20, 35, 20, 35, 20, 35, 11,
    0, 10, 11, 23, 15, 31, 9, 22,
    10, 0, 11, 23, 15, 31, 11, 25,
    11, 23, 9, 22, 9, 22, 11, 23,
    13, 29, 14, 30, 19, 33, 0, 23,
    28, 0, 0, 0, 0, 0, 0, 0,
    0, 0, 0, 0, 0, 0, 0, 0,
    0, 0, 0, 0, 0, 0, 0, 0,
    0, 0, 0, 0, 0, 0, 0, 0,
    0, 0, 0, 0, 0, 0, 0, 0,
    9, 0, 0, 0, 11, 25, 10, 28,
    17, 33, 17, 33, 17, 33, 13, 9,
    22, 9, 22, 9, 22, 9, 22, 9,
    22, 9, 22, 9, 22, 9, 22, 9,
    22, 9, 22, 9, 22, 9, 22, 10,
    23, 10, 23, 10, 23, 10, 23, 10,
    23, 10, 23, 10, 23, 10, 23, 10,
    0, 0, 0, 11, 23, 11, 23, 11,
    23, 11, 23, 11, 23, 11, 23, 11,
    23, 11, 23, 11, 23, 11, 23, 11,
    23, 11, 23, 15, 31, 15, 31, 15,
    31, 15, 31, 15, 31, 15, 31, 15,
    31, 19, 33, 19, 33, 19, 33, 19,
    33, 0, 0, 0, 39, 40, 0, 39,
    40, 0, 0, 0, 0, 0, 4, 4,
    0, 0, 0, 0, 41, 0, 0, 0,
    0, 0, 0, 0, 0, 0, 0, 0,
    0, 0, 0, 0, 0, 0, 22, 0,
    9, 0, 0, 0, 0, 0, 0, 0,
    0, 0, 0, 0, 0, 24, 24
};

/*Kern values between classes*/
static const int8_t kern_class_values[] =
{
    0, 0, 0, 0, -74, 0, 0, 0,
    0, 0, 0, 0, 0, 0, 0, 0,
    0, 0, 0, 0, 0, 0, 0, 0,
    0, 0, 0, 0, 0, 0, 0, 0,
    0, 0, 0, 0, 0, 0, 0, 0,
    0, 0, 0, 0, 0, 0, 0, 0,
    0, 0, 0, 0, 0, 0, 0, 0,
    0, 0, 0, 0, 0, 0, 0, 0,
    0, 0, 0, 0, 0, 0, 0, 0,
    0, 0, 0, 0, 0, 0, 0, 0,
    0, -27, 0, -32, 0, 0, 0, 0,
    0, -32, 0, 0, -21, 0, 0, -64,
    -18, -56, -50, 0, -62, 0, -7, 0,
    -1, -28, 0, 0, -6, 0, 0, -32,
    0, -38, -32, 0, 0, 0, 0, 0,
    -34, -32, 0, -4, -6, 0, 0, -2,
    0, 0, -14, 0, 0, 0, 0, 0,
    -15, 0, -21, -16, -13, -28, 0, -5,
    0, 0, -1, 0, 0, 0, 0, 0,
    -1, 0, -8, -4, -6, 0, 0, -9,
    0, -9, -5, 0, -3, 0, 0, 0,
    -3, 0, -7, 0, -7, 0, 0, 0,
    0, -5, 0, -8, 0, -13, -15, 0,
    -3, 0, 0, 0, 0, 0, 0, 0,
    -1, 0, 0, 0, 0, 0, -3, 0,
    -14, 0, 0, 0, 0, 0, -4, -17,
    0, -5, 0, 0, -9, -21, 0, 0,
    0, -3, -28, 0, -24, -15, -34, -36,
    -19, -5, 0, 0, 0, 0, 0, 0,
    0, 0, 0, 0, 0, 0, 0, 0,
    0, -25, 0, 0, 0, 0, 0, 0,
    0, 0, 0, 0, 0, -9, 0, 0,
    -3, -5, -5, 0, 0, 0, 0, 0,
    0, 0, 0, 0, -4, -7, 0, 0,
    0, 0, 0, -7, 0, -15, -10, 0,
    0, 0, 0, 0, -8, -4, 0, 0,
    0, -42, 0, -7, 0, -17, 0, -56,
    0, -5, -26, -17, 0, 0, 0, 0,
    0, 0, 0, 0, -27, -20, -8, -25,
    0, 0, -24, -26, -8, -17, -23, -19,
    -31, -25, -17, -36, -11, 0, 0, 0,
    0, -4, 0, 0, 0, 0, 0, -9,
    0, 0, 0, 0, 0, -19, 0, -22,
    -15, 0, -30, 0, -5, 0, 0, 0,
    0, 0, 0, 0, 0, 0, 0, -7,
    0, 0, 0, 0, 0, 0, -11, -6,
    0, -3, 0, -7, 0, -5, 0, 0,
    0, -17, 0, 0, 0, 0, 0, 0,
    0, 0, -3, 0, -4, 0, 0, 0,
    0, 0, 0, 0, 0, 0, 0, 0,
    0, 0, 0, 0, 0, -24, 0, 0,
    0, 0, 0, -4, 0, 0, 0, 0,
    0, -21, 0, 0, -33, -6, -10, 0,
    0, 0, 0, 0, 0, 0, 0, -1,
    -17, -29, 0, 0, 0, 0, 0, -34,
    -10, -46, -41, 0, 0, 0, 0, 0,
    -24, -14, 0, 0, -40, 0, 0, 0,
    0, 0, -38, 0, 0, -26, 0, 0,
    -79, -17, -73, -68, 0, -77, 0, -7,
    0, -5, -28, 0, 0, 0, 0, 0,
    -32, 0, -58, -37, 0, 0, 0, 0,
    0, -40, -40, 0, 0, -3, -17, 0,
    -5, 0, 0, -9, -21, 0, 0, 0,
    -3, -25, 0, -23, -14, -32, -34, -19,
    -5, 0, 0, 0, 0, 0, 0, 0,
    0, 0, 0, 0, 0, 0, 0, 0,
    -25, 0, 0, 0, 0, 0, 0, -42,
    0, -7, 0, 0, 0, -55, 0, 0,
    -40, -5, 0, 0, 0, 0, -13, -5,
    -11, -1, -9, -19, 0, -15, 0, 0,
    0, -12, 0, 0, 0, 0, 0, 0,
    0, -36, 0, 0, 0, 0, 0, -14,
    0, 0, 0, 0, 0, -19, 0, -3,
    0, -7, -10, -35, -1, -33, -24, 0,
    -43, 0, -6, 0, 0, 0, 0, 0,
    0, 0, 0, 0, 0, -1, -1, 0,
    0, 0, 0, 0, -1, -1, 0, 0,
    -2, 0, 0, 0, 0, 0, -11, 0,
    -3, -11, -9, -10, -13, -12, -21, -15,
    0, -28, 0, -6, -1, -14, -1, 0,
    0, -1, 0, 0, -1, -5, -6, -5,
    0, 0, 0, 0, 0, -1, -1, 0,
    -3, -5, 0, 0, -2, 0, 0, -19,
    0, 0, 0, 0, 0, -3, 0, -15,
    -11, -9, -21, 0, -5, 0, 0, -20,
    0, 0, 0, 0, 0, -19, 0, -22,
    -12, -10, 0, 0, -6, 0, -24, -20,
    0, 0, 0, -33, 0, -7, 0, -33,
    0, -64, 0, -25, -22, -11, 0, 0,
    0, 0, 0, 0, 0, 0, -62, -62,
    -24, -60, 0, 0, -57, -62, -26, -50,
    -43, -46, -47, -59, -33, -38, -14, -6,
    0, 0, 0, 0, -33, 0, -7, 0,
    -28, 0, -56, 0, -23, -25, -19, 0,
    0, 0, 0, 0, 0, 0, 0, -46,
    -46, -12, -46, 0, 0, -38, -46, -12,
    -30, -15, -18, -19, -33, -28, -34, -19,
    -7, 0, 0, 0, 0, -29, 0, -7,
    0, -22, 0, -50, 0, -14, -27, -14,
    0, 0, 0, 0, 0, 0, 0, 0,
    -32, -35, -1, -36, 0, 0, -26, -33,
    -1, -18, -7, -10, -11, -22, -17, -32,
    -13, 0, 0, 0, 0, 0, 0, 0,
    0, 0, 0, -15, 0, 0, -32, -8,
    -11, 0, -3, 0, 0, 0, 0, 0,
    0, -2, -19, -25, 0, 0, 0, 0,
    0, -28, -11, -44, -40, 0, 0, 0,
    0, 0, -22, -10, 0, 0, 0, -34,
    0, -7, 0, -30, -7, -62, 0, -33,
    -22, -25, 0, 0, 0, 0, 0, 0,
    0, 0, -54, -56, -24, -54, 0, 0,
    -52, -56, -25, -43, -30, -32, -34, -48,
    -31, -36, -26, -14, 0, 0, 0, 0,
    0, 0, 0, 0, 0, -5, 0, 0,
    -21, 0, -3, 0, 0, 0, 0, 0,
    0, 0, 0, 0, -9, -16, 0, 0,
    0, 0, 0, -17, -5, -31, -30, 0,
    0, 0, 0, 0, -15, -4, 0, 0,
    -21, 0, 0, 0, 0, 0, -28, 0,
    0, 0, 0, 0, 0, 0, 0, 0,
    0, 0, 0, -6, 0, 0, 0, 0,
    0, 0, 0, 0, 0, 0, -9, -5,
    0, 0, 0, 0, 0, 0, 0, 0,
    -7, -29, 0, 0, -4, 0, 0, -30,
    0, 0, 0, 0, 0, 0, 0, 0,
    0, 0, 0, 0, -6, 0, 0, -13,
    0, 0, 0, 0, 0, -12, 0, -10,
    -1, -16, -6, 0, -15, 0, -22, -24,
    0, 0, -8, 0, 0, -1, 0, 0,
    -28, 0, 0, 0, 0, 0, 0, 0,
    0, 0, 0, 0, 0, -6, 0, 0,
    0, 0, 0, 0, 0, 0, 0, 0,
    -1, 0, -1, 0, 0, 0, 0, 0,
    0, 0, 0, -22, 0, 0, -1, 0,
    0, -29, 0, 0, 0, 0, 0, 0,
    0, 0, 0, 0, 0, 0, -6, 0,
    0, -3, 0, 0, 0, 0, 0, -3,
    0, -8, -1, -8, 0, 0, -5, 0,
    -1, -1, 0, 0, 0, -40, -38, -5,
    0, 0, 0, 0, 0, 0, 0, 0,
    0, 0, 0, 0, 0, 0, 0, 0,
    0, -17, -56, -12, -7, -7, 0, -5,
    0, 0, 0, 0, 0, 0, 0, -37,
    0, 0, 0, 0, 0, 0, 0, 0,
    0, 0, 0, 0, 0, 0, 0, 0,
    0, 0, 0, 0, 0, 0, 0, 0,
    -6, -5, -7, 0, 0, 0, 0, 0,
    -7, 0, 0, 0, 0, 0, 0, 0,
    -7, 0, 0, 0, 0, -5, -28, 0,
    0, 0, 0, 0, -30, 0, 0, 0,
    0, 0, 0, 0, 0, 0, 0, 0,
    0, -6, 0, 0, -9, 0, 0, 0,
    0, 0, -7, 0, -9, -5, 0, 0,
    0, 0, 0, -17, -18, 0, 0, -11,
    0, 0, 0, 0, 0, 0, 0, 0,
    0, 0, 0, 0, 0, 0, 0, 0,
    0, 0, -6, -1, -18, 0, 0, 0,
    -18, 0, 0, 0, -5, 0, 0, 0,
    0, 0, 0, 0, 0, 0, 0, 0,
    -18, 0, 0, 0, 0, 0, -26, 0,
    0, 0, 0, 0, 0, 0, 0, 0,
    0, 0, 0, -4, 0, 0, -13, 0,
    0, 0, 0, 0, -5, 0, 0, 0,
    0, 0, 0, 0, 0, -21, -17, 0,
    0, -24, 0, 0, -3, 0, 0, -30,
    0, 0, 0, 0, 0, 0, 0, 0,
    0, 0, 0, 0, -6, 0, 0, -5,
    0, 0, 0, 0, 0, -6, 0, -10,
    -4, -17, -7, 0, -16, 0, -1, -2,
    0, 0, -5, 0, 0, -2, 0, 0,
    -5, 0, 0, 0, 0, 0, 0, 0,
    0, 0, 0, 0, 0, -6, 0, 0,
    0, 0, 0, 0, 0, 0, 0, 0,
    -2, -1, -3, 0, 0, -3, 0, 0,
    -1, 0, 0, 0, -33, -67, -6, 0,
    0, 0, 0, 0, 0, 0, 0, 0,
    0, 0, 0, 0, 0, 0, -5, -8,
    -18, 0, -15, 0, -13, 0, -10, 0,
    0, 0, 0, 0, 0, 0, -34, 0,
    0, 0, 0, 0, -11, 0, 0, 0,
    0, 0, -29, 0, 0, 0, 0, 0,
    0, 0, 0, 0, 0, 0, 0, -6,
    0, 0, 0, 0, 0, 0, 0, 0,
    0, 0, -6, -1, -1, 0, 0, 0,
    0, 0, 0, 0, 0, 0, 0, 0,
    0, 0, 0, 0, 0, 0, 0, 0,
    0, 0, 0, 0, 0, 0, 0, 0,
    -5, 0, -7, 0, 0, 0, 0, 0,
    0, 0, 0, 0, 0, 0, 0, 0,
    0, 0, 0, 0, 0, 0, -7, 0,
    0, 0, 0, 0, -18, 0, 0, 0,
    0, 0, 0, 0, 0, 0, 0, 0,
    0, 0, 0, 0, 0, 0, 0, 0,
    0, 0, 0, 0, 0, 0, 0, 0,
    0, 0, 0, 0, 0, 0, 0, 0,
    -27, 0, -5, 0, 0, 0, 0, 0,
    0, 0, 0, 0, 0, 0, 0, 0,
    0, 0, -4, -4, -10, 0, -9, 0,
    0, 0, -5, 0, 0, 0, 0, 0,
    0, 0, -29, 0, 0, 0, 0, 0,
    0, -24, 0, -5, 0, 0, 0, 0,
    0, 0, 0, 0, 0, 0, 0, 0,
    0, 0, 0, -5, 0, -1, 0, -4,
    0, 0, 0, -1, 0, 0, 0, 0,
    0, 0, 0, -27, 0, 0, 0, 0,
    0, 0, 0, 0, 0, 0, 0, 0,
    0, 0, 0, 0, 0, 0, 0, 0,
    0, 0, 0, 0, -5, -1, -17, 0,
    -3, 0, 0, 0, 0, 0, 0, 0,
    0, 0, 0, 0, 0, 0, 0, 0,
    0, 0, 0, 0, 0, 0, 0, 0,
    0, 0, 0, 0, 0, 0, 0, 0,
    0, 0, 0, 0, 0, -6, 0, -6,
    0, 0, 0, 0, 0, 0, 0, 0,
    0, 0, 0, 0, 0, 0, 0, 0,
    0, 0, 0, -14, 0, 0, 0, 0,
    0, -24, 0, 0, 0, 0, 0, 0,
    0, 0, 0, 0, 0, 0, -5, 0,
    0, -14, 0, 0, 0, 0, 0, -13,
    0, -22, -13, 0, 0, 0, 0, 0,
    -22, -19, 0, 0, 0, 0, 0, 0,
    -40, 0, 0, 0, 0, 0, 0, 0,
    0, 0, 0, 0, 0, 0, 0, 0,
    0, 0, 0, 0, 0, 0, 0, 0,
    0, 0, 0, 0, 0, 0, 0, 0,
    0, 0, 0, 0
};


/*Collect the kern class' data in one place*/
static const lv_font_fmt_txt_kern_classes_t kern_classes =
{
    .class_pair_values   = kern_class_values,
    .left_class_mapping  = kern_left_class_mapping,
    .right_class_mapping = kern_right_class_mapping,
    .left_class_cnt      = 44,
    .right_class_cnt     = 41,
};

/*--------------------
 *  ALL CUSTOM DATA
 *--------------------*/

#if LVGL_VERSION_MAJOR == 8
/*Store all the custom data of the font*/
static  lv_font_fmt_txt_glyph_cache_t cache;
#endif

#if LVGL_VERSION_MAJOR >= 8
static const lv_font_fmt_txt_dsc_t font_dsc = {
#else
static lv_font_fmt_txt_dsc_t font_dsc = {
#endif
    .glyph_bitmap = glyph_bitmap,
    .glyph_dsc = glyph_dsc,
    .cmaps = cmaps,
    .kern_dsc = &kern_classes,
    .kern_scale = 16,
    .cmap_num = 5,
    .bpp = 4,
    .kern_classes = 1,
    .bitmap_format = 2,
#if LVGL_VERSION_MAJOR == 8
    .cache = &cache
#endif
};



/*-----------------
 *  PUBLIC FONT
 *----------------*/

/*Initialize a public general font descriptor*/
#if LVGL_VERSION_MAJOR >= 8
const lv_font_t ori_font_hanken_42 = {
#else
lv_font_t ori_font_hanken_42 = {
#endif
    .get_glyph_dsc = lv_font_get_glyph_dsc_fmt_txt,    /*Function pointer to get glyph's data*/
    .get_glyph_bitmap = lv_font_get_bitmap_fmt_txt,    /*Function pointer to get glyph's bitmap*/
    .line_height = 53,          /*The maximum line height required by the font*/
    .base_line = 11,             /*Baseline measured from the bottom of the line*/
#if !(LVGL_VERSION_MAJOR == 6 && LVGL_VERSION_MINOR == 0)
    .subpx = LV_FONT_SUBPX_NONE,
#endif
#if LV_VERSION_CHECK(7, 4, 0) || LVGL_VERSION_MAJOR >= 8
    .underline_position = -5,
    .underline_thickness = 2,
#endif
    .dsc = &font_dsc,          /*The custom font data. Will be accessed by `get_glyph_bitmap/dsc` */
#if LV_VERSION_CHECK(8, 2, 0) || LVGL_VERSION_MAJOR >= 9
    .fallback = NULL,
#endif
    .user_data = NULL,
};



#endif /*#if ORI_FONT_HANKEN_42*/

