/*******************************************************************************
 * Size: 30 px
 * Bpp: 4
 * Opts: --no-prefilter --bpp 4 --size 30 --font src/fonts/HankenGrotesk-Medium.ttf -r 0x20-0x3FF,0x1E00-0x1EFF,0x2000-0x20CF,0x2100-0x21FF,0x2200-0x22FF,0x25A0-0x25FF,0xFB00-0xFB02 --format lvgl -o src/fonts/ori_font_hanken_30.c
 ******************************************************************************/

#ifdef LV_LVGL_H_INCLUDE_SIMPLE
#include "lvgl.h"
#else
#include "lvgl/lvgl.h"
#endif

#ifndef ORI_FONT_HANKEN_30
#define ORI_FONT_HANKEN_30 1
#endif

#if ORI_FONT_HANKEN_30

/*-----------------
 *    BITMAPS
 *----------------*/

/*Store the image of the glyphs*/
static LV_ATTRIBUTE_LARGE_CONST const uint8_t glyph_bitmap[] = {
    /* U+0020 " " */

    /* U+0021 "!" */
    0xc, 0xff, 0x8, 0x67, 0xf8, 0x42, 0xff, 0xc2,
    0x17, 0xfe, 0x0, 0x57, 0xf8, 0x1, 0x5f, 0xe0,
    0x5, 0x7f, 0x80, 0x13, 0xfe, 0x0, 0x4f, 0xf0,
    0x2, 0x7f, 0x80, 0x11, 0xfc, 0x0, 0x8f, 0xd0,
    0x4, 0x7e, 0x80, 0x1f, 0xf4, 0x0, 0xb7, 0x20,
    0x1f, 0xfc, 0x9, 0x98, 0xc3, 0xfe, 0x50, 0xff,
    0x94, 0x3f, 0xe5,

    /* U+0022 "\"" */
    0x8f, 0xf0, 0x2, 0x3f, 0xd1, 0xfe, 0x0, 0x47,
    0xfa, 0x3f, 0xc0, 0x8, 0xff, 0x47, 0xf8, 0x1,
    0x1f, 0xe8, 0xff, 0x0, 0x23, 0xfd, 0x1f, 0xe0,
    0x4, 0x7f, 0xa3, 0xfc, 0x0, 0x8f, 0xf4, 0x7f,
    0x80, 0x11, 0xfe, 0x47, 0x70, 0x1, 0x1d, 0xc0,

    /* U+0023 "#" */
    0x0, 0xfb, 0xbd, 0xc0, 0x24, 0xff, 0x0, 0x7f,
    0xf, 0xf8, 0xc0, 0x28, 0xfd, 0x0, 0xfe, 0x5f,
    0xf0, 0x6, 0xbf, 0x90, 0xf, 0xe8, 0xfc, 0x0,
    0xdd, 0xec, 0x1, 0xfd, 0x9f, 0x20, 0x11, 0x7f,
    0x8c, 0x3, 0xfb, 0xfc, 0xa0, 0x12, 0xff, 0x80,
    0x39, 0x3f, 0xff, 0xf8, 0x8c, 0x9, 0xff, 0xff,
    0xc4, 0x60, 0x1, 0x9d, 0x7f, 0x86, 0x7b, 0xfc,
    0xe6, 0x70, 0x80, 0x76, 0xfc, 0x0, 0x45, 0xfe,
    0x20, 0xf, 0xef, 0xf2, 0x0, 0x4b, 0xfc, 0x1,
    0xfc, 0x7f, 0xe1, 0x0, 0xa7, 0xec, 0x3, 0xc2,
    0x33, 0xff, 0x8, 0xec, 0xf8, 0x11, 0x80, 0x11,
    0xff, 0xff, 0xc4, 0x30, 0x8f, 0xff, 0xfe, 0x21,
    0x80, 0x61, 0xff, 0x18, 0x4, 0xff, 0xa0, 0x1f,
    0xc9, 0xfe, 0x0, 0xd5, 0xf4, 0x1, 0xfd, 0x1f,
    0x80, 0x1b, 0xbd, 0x80, 0x3f, 0xaf, 0xe4, 0x2,
    0x2f, 0xf1, 0x80, 0x7f, 0x7f, 0x94, 0x2, 0x5f,
    0xf0, 0x7, 0xf1, 0x7f, 0x88, 0x2, 0x9f, 0xb0,
    0xf, 0x80,

    /* U+0024 "$" */
    0x0, 0xf9, 0x21, 0x0, 0x3f, 0xf8, 0x33, 0xf2,
    0x1, 0xff, 0xc1, 0x9f, 0x90, 0xf, 0xfe, 0xc,
    0xfc, 0x80, 0x7f, 0xcb, 0x7f, 0xf6, 0x30, 0x7,
    0xc3, 0x9f, 0xff, 0x69, 0x0, 0x76, 0x7f, 0xd9,
    0x59, 0xff, 0x70, 0x80, 0x49, 0xff, 0x20, 0x4,
    0x5b, 0xfe, 0x70, 0xa, 0x7f, 0xd0, 0x1, 0xc3,
    0x8a, 0x1, 0xab, 0xfc, 0xc0, 0x1f, 0xfc, 0x8,
    0xff, 0x58, 0x7, 0xff, 0x0, 0xff, 0xea, 0x10,
    0xf, 0xfa, 0x7f, 0xf4, 0x98, 0x7, 0xf9, 0xff,
    0xfb, 0x14, 0x3, 0xf8, 0xa7, 0xff, 0xb4, 0xc0,
    0x3f, 0x85, 0xb7, 0xff, 0x28, 0x7, 0xfc, 0xbb,
    0xff, 0x8, 0x7, 0xfc, 0x3b, 0xfe, 0x70, 0x25,
    0x90, 0xf, 0xcd, 0xfe, 0xa0, 0xef, 0xf2, 0x80,
    0x7c, 0xbf, 0xea, 0x9, 0xff, 0x68, 0x80, 0x7a,
    0xff, 0xce, 0x5, 0xff, 0x6a, 0x0, 0x69, 0xff,
    0x84, 0x0, 0xdf, 0xfb, 0xb3, 0x1f, 0xf9, 0xc0,
    0x32, 0xf7, 0xff, 0xe7, 0x0, 0xf0, 0xbd, 0xff,
    0xdb, 0x4, 0x1, 0xfe, 0x9f, 0x90, 0xf, 0xfe,
    0xc, 0xfc, 0x80, 0x7f, 0xf0, 0x67, 0xe4, 0x3,
    0xc0,

    /* U+0025 "%" */
    0x0, 0x25, 0xff, 0xad, 0x0, 0x3e, 0x9f, 0x80,
    0x9, 0xbf, 0xfc, 0xc0, 0x1c, 0x9f, 0xa0, 0x10,
    0xff, 0x9c, 0x45, 0x1f, 0xe1, 0x0, 0xdb, 0xe8,
    0x1, 0x37, 0xd0, 0x6, 0xaf, 0x70, 0xa, 0x3e,
    0x40, 0x34, 0x7b, 0x80, 0x67, 0xf8, 0x0, 0x17,
    0xf0, 0x80, 0x66, 0xfa, 0x0, 0xd5, 0xee, 0x0,
    0xcf, 0x50, 0xe, 0x1f, 0xf3, 0x88, 0xa3, 0xfc,
    0x20, 0xff, 0x60, 0x1f, 0x37, 0xff, 0x98, 0x7,
    0xfc, 0x20, 0x1f, 0x8e, 0xff, 0xd6, 0x80, 0xb,
    0xf6, 0x0, 0xff, 0xe2, 0x2f, 0xe0, 0x7, 0xff,
    0x10, 0x7b, 0xc8, 0x3, 0xff, 0x89, 0x3f, 0x0,
    0x33, 0xbd, 0x88, 0x1, 0xfc, 0x9f, 0xa0, 0x3d,
    0xff, 0xd0, 0x1, 0xfb, 0x7c, 0xc2, 0xff, 0x8,
    0x1b, 0xfc, 0x60, 0x1e, 0x8f, 0x90, 0x1f, 0xf0,
    0x80, 0x4f, 0xf2, 0x1, 0xc5, 0xfc, 0x0, 0x3f,
    0xc0, 0xc, 0x5f, 0x80, 0x1d, 0x9e, 0x80, 0x3,
    0xfc, 0x0, 0xc5, 0xf8, 0x1, 0x9f, 0xe8, 0x2,
    0x1f, 0xf0, 0x80, 0x4f, 0xf2, 0x1, 0xf, 0xf0,
    0x80, 0x6b, 0xfc, 0x20, 0x5f, 0xf1, 0x80, 0x57,
    0xec, 0x1, 0xc3, 0xdf, 0xfd, 0x0, 0x12, 0xfe,
    0x0, 0x7c, 0x33, 0xdf, 0x8a, 0x0,

    /* U+0026 "&" */
    0x0, 0xe3, 0x9d, 0xff, 0x63, 0x0, 0x7f, 0xcf,
    0xff, 0xf5, 0x80, 0x7f, 0x27, 0xfd, 0x2a, 0xdb,
    0xfe, 0x70, 0xf, 0xd7, 0xfe, 0x50, 0x8, 0x7f,
    0xd8, 0x1, 0xfb, 0xbf, 0xc0, 0x1d, 0xbf, 0xa0,
    0x1f, 0xb7, 0xfc, 0x1, 0x87, 0xfd, 0x60, 0x1f,
    0xa7, 0xfc, 0xc0, 0x15, 0x7f, 0x98, 0x3, 0xf1,
    0x7f, 0xb8, 0x45, 0x5f, 0xec, 0x0, 0xff, 0x3f,
    0xfd, 0xdf, 0xec, 0x10, 0xf, 0xfb, 0x3f, 0xf4,
    0x80, 0x7f, 0xc3, 0x5f, 0xfc, 0x20, 0x1b, 0x36,
    0x40, 0x23, 0xef, 0xff, 0x68, 0x4, 0x3f, 0xeb,
    0x0, 0x1f, 0xfd, 0x62, 0x19, 0xfe, 0xb0, 0x3,
    0x7f, 0x9c, 0x1, 0xbf, 0xe8, 0x0, 0x87, 0x7f,
    0xd4, 0x19, 0xfe, 0x20, 0x4f, 0xf6, 0x80, 0x71,
    0x77, 0xfb, 0x7f, 0xd8, 0x0, 0x6f, 0xf4, 0x80,
    0x78, 0xff, 0xf9, 0x0, 0xd, 0xfe, 0xb0, 0xf,
    0x97, 0xff, 0x0, 0x45, 0xff, 0x30, 0x7, 0x1e,
    0xff, 0xe3, 0x0, 0xab, 0xfe, 0xd9, 0x89, 0xdf,
    0xff, 0x71, 0x0, 0x55, 0xff, 0xfd, 0x23, 0x5f,
    0xee, 0x10, 0x8, 0xe7, 0x7f, 0xdd, 0x90, 0x40,
    0x16, 0x7c, 0x80, 0x7f, 0xf1, 0x5, 0xc0, 0x0,

    /* U+0027 "'" */
    0x8f, 0xf4, 0x7f, 0xa3, 0xfd, 0x1f, 0xe8, 0xff,
    0x47, 0xfa, 0x3f, 0xd1, 0xfe, 0x47, 0x70,

    /* U+0028 "(" */
    0x0, 0xdb, 0xf8, 0x1, 0x9f, 0xfc, 0x40, 0x1b,
    0xbe, 0x40, 0x32, 0xff, 0x88, 0x3, 0x5f, 0xd8,
    0x7, 0x7f, 0x98, 0x3, 0x27, 0xf8, 0x40, 0x34,
    0x7f, 0x0, 0x75, 0xfd, 0x0, 0x76, 0xfb, 0x80,
    0x77, 0xf9, 0x40, 0x30, 0xff, 0x90, 0x3, 0xf,
    0xf8, 0xc0, 0x31, 0x7f, 0x8c, 0x3, 0xf, 0xf8,
    0xc0, 0x3b, 0xfc, 0xa0, 0x1d, 0xfe, 0x60, 0xe,
    0xdf, 0x70, 0xe, 0xaf, 0xa0, 0xe, 0x7f, 0xe0,
    0xe, 0x4f, 0xf1, 0x0, 0x77, 0xf9, 0xc0, 0x3a,
    0xff, 0x40, 0x39, 0x7f, 0xc6, 0x1, 0xdd, 0xf2,
    0x1, 0xcf, 0xfe, 0x20, 0xe, 0xdf, 0xc0,

    /* U+0029 ")" */
    0x9f, 0xf0, 0x80, 0x6e, 0xfa, 0x0, 0xcd, 0xfe,
    0x20, 0xd, 0xdf, 0x20, 0x1a, 0x3f, 0x80, 0x31,
    0xff, 0x8c, 0x3, 0x77, 0xc0, 0x6, 0xaf, 0xb0,
    0xc, 0xff, 0xc0, 0x19, 0x3f, 0xc2, 0x1, 0x17,
    0xf8, 0x80, 0x21, 0xff, 0x20, 0x6, 0xff, 0x28,
    0x6, 0xff, 0x28, 0x6, 0xff, 0x20, 0x4, 0x3f,
    0xe3, 0x0, 0x8b, 0xfc, 0x40, 0x12, 0x7f, 0x80,
    0x33, 0xfe, 0x80, 0x6a, 0xfa, 0x0, 0xdd, 0xee,
    0x1, 0x27, 0xf8, 0xc0, 0x29, 0xfe, 0x0, 0xdf,
    0xe8, 0x0, 0x9b, 0xfc, 0x40, 0x17, 0x7d, 0x80,
    0x51, 0xfe, 0x20, 0x8,

    /* U+002A "*" */
    0x0, 0xdd, 0xa0, 0x1f, 0xb2, 0xc0, 0x31, 0xa0,
    0x2, 0xe8, 0x0, 0x87, 0x5f, 0xad, 0x54, 0x6d,
    0xf9, 0x27, 0xae, 0xff, 0x75, 0x31, 0x0, 0x49,
    0xfe, 0x40, 0xe, 0x3f, 0x78, 0xf2, 0x0, 0x8b,
    0xb4, 0x1, 0xdc, 0x10, 0x1, 0x6a, 0x0, 0x13,
    0x8, 0x3, 0xfe,

    /* U+002B "+" */
    0x0, 0xf6, 0x7c, 0x80, 0x7f, 0xf0, 0x33, 0xe4,
    0x3, 0xff, 0x81, 0x9f, 0x20, 0x1f, 0xfc, 0xc,
    0xf9, 0x0, 0xff, 0xe0, 0x67, 0xc8, 0x7, 0xff,
    0x3, 0x3e, 0x40, 0x3c, 0x68, 0x9d, 0xbf, 0x68,
    0x9c, 0x5b, 0xff, 0xff, 0xc1, 0xad, 0xff, 0xff,
    0xe0, 0xd0, 0x7, 0xb3, 0xe4, 0x3, 0xff, 0x81,
    0x9f, 0x20, 0x1f, 0xfc, 0xc, 0xf9, 0x0, 0xff,
    0xe0, 0x67, 0xc8, 0x7, 0xff, 0x3, 0x3e, 0x40,
    0x3f, 0xf8, 0x19, 0xf2, 0x1, 0xe0,

    /* U+002C "," */
    0x0, 0xbb, 0xfc, 0xa0, 0x2, 0xff, 0x70, 0x4,
    0xff, 0xe7, 0x0, 0xaf, 0xfc, 0x20, 0x17, 0xfa,
    0x40, 0x24, 0xff, 0x18, 0x5, 0x3f, 0x80, 0x1b,
    0x7d, 0x40, 0x22, 0xfe, 0x0, 0xc0,

    /* U+002D "-" */
    0x22, 0xf8, 0x73, 0xff, 0xd5, 0x9f, 0xfe, 0xa0,

    /* U+002E "." */
    0x9, 0x98, 0x83, 0xfe, 0x40, 0xff, 0x90, 0x3f,
    0xe4,

    /* U+002F "/" */
    0x0, 0xff, 0xb7, 0xd8, 0x3, 0xfc, 0x9f, 0xe0,
    0xf, 0xfa, 0xbe, 0x40, 0x3f, 0xc3, 0xfe, 0x20,
    0xf, 0xf3, 0xfe, 0x0, 0x7f, 0xdb, 0xec, 0x1,
    0xfe, 0x4f, 0xf0, 0x7, 0xfd, 0x5f, 0x20, 0x1f,
    0xe1, 0xff, 0x18, 0x7, 0xf9, 0xff, 0x0, 0x3f,
    0xed, 0xf6, 0x0, 0xff, 0x1f, 0xf8, 0x3, 0xfe,
    0xaf, 0x90, 0xf, 0xf0, 0xff, 0x8c, 0x3, 0xfc,
    0xff, 0x80, 0x1f, 0xf6, 0xfb, 0x0, 0x7f, 0x8f,
    0xfc, 0x1, 0xff, 0x57, 0xc8, 0x7, 0xf8, 0x7f,
    0xc6, 0x1, 0xfe, 0x6f, 0xc0, 0xf, 0xfb, 0x7d,
    0x80, 0x3f, 0xc7, 0xfe, 0x0, 0xff, 0xa7, 0xe4,
    0x3, 0xfe, 0xff, 0x18, 0x7, 0xf9, 0xbf, 0x0,
    0x3f, 0xec, 0xf6, 0x0, 0xff, 0x1f, 0xf8, 0x3,
    0xfe,

    /* U+0030 "0" */
    0x0, 0xcd, 0x9d, 0xfd, 0x46, 0x1, 0xe1, 0xcf,
    0xff, 0xa0, 0x3, 0xaf, 0xff, 0x6f, 0xfe, 0x70,
    0x9, 0x7f, 0xe6, 0x0, 0xa7, 0xfe, 0x10, 0x6,
    0x7f, 0xa0, 0x3, 0xb3, 0xfd, 0x0, 0xf, 0xf8,
    0x40, 0x39, 0x7f, 0xd8, 0x9, 0xfe, 0xd0, 0xf,
    0xbf, 0xe0, 0x6f, 0xf5, 0x0, 0x7d, 0xbf, 0xe2,
    0x7f, 0xf4, 0x0, 0x7d, 0x7f, 0xe3, 0x8f, 0xf3,
    0x80, 0x7d, 0x5f, 0xe4, 0x8f, 0xf3, 0x80, 0x7d,
    0x3f, 0xe5, 0x8f, 0xf3, 0x80, 0x7d, 0x5f, 0xe4,
    0x7f, 0xf4, 0x0, 0x7d, 0x7f, 0xe3, 0x6f, 0xf5,
    0x0, 0x7d, 0xbf, 0xe2, 0x3f, 0xf6, 0x80, 0x7d,
    0xff, 0x0, 0x3f, 0xe1, 0x0, 0xe4, 0xff, 0x60,
    0x2, 0xff, 0xd2, 0x1, 0xd9, 0xfe, 0x70, 0x2,
    0x7f, 0xce, 0x1, 0x47, 0xfc, 0x20, 0x15, 0xff,
    0xdd, 0xbf, 0xf9, 0xc0, 0x3a, 0xff, 0xfe, 0x90,
    0xf, 0x9a, 0xfb, 0xfa, 0xd0, 0x3, 0x0,

    /* U+0031 "1" */
    0x0, 0xe7, 0xff, 0x38, 0x7, 0x3f, 0xf9, 0xc0,
    0x3a, 0xbf, 0xce, 0x8a, 0xb4, 0x7f, 0xcf, 0xdf,
    0xff, 0x3f, 0x7f, 0xfc, 0xe0, 0x1c, 0xff, 0xe7,
    0x0, 0xe7, 0xff, 0x38, 0x7, 0x3f, 0xf9, 0xc0,
    0x39, 0xff, 0xce, 0x1, 0xcf, 0xfe, 0x70, 0xe,
    0x7f, 0xf3, 0x80, 0x73, 0xff, 0x9c, 0x3, 0x9f,
    0xfc, 0xe0, 0x1c, 0xff, 0xe7, 0x0, 0xe7, 0xff,
    0x38, 0x7, 0x3f, 0xf9, 0xc0, 0x39, 0xff, 0xce,
    0x1, 0xcf, 0xfe, 0x70, 0xe, 0x7f, 0xf3, 0x80,
    0x73, 0xff, 0x9c,

    /* U+0032 "2" */
    0x0, 0xcf, 0x9d, 0xfb, 0x26, 0x1, 0xe3, 0xef,
    0xff, 0x9c, 0x3, 0x17, 0xfe, 0xed, 0xff, 0xcc,
    0x1, 0x67, 0xfb, 0xc, 0x0, 0x33, 0xff, 0x0,
    0xf, 0xfd, 0xc2, 0x1, 0xd9, 0xfe, 0x50, 0x7f,
    0xf4, 0x0, 0x79, 0xbf, 0xd0, 0x15, 0xfe, 0x40,
    0xf, 0x27, 0xfa, 0x41, 0x1a, 0x4, 0x3, 0xcb,
    0xfe, 0x80, 0xf, 0xfa, 0x7f, 0xca, 0x1, 0xff,
    0x77, 0xf8, 0x40, 0x3f, 0xd3, 0xfe, 0x90, 0xf,
    0xf2, 0x7f, 0xc2, 0x1, 0xfc, 0x7f, 0xf3, 0x0,
    0x7f, 0x27, 0xfd, 0x20, 0x1f, 0xc9, 0xff, 0x48,
    0x7, 0xf3, 0xff, 0xce, 0x1, 0xf8, 0x6f, 0xfd,
    0xc8, 0x1, 0xf8, 0xf7, 0xfd, 0x62, 0x1, 0xf9,
    0x7f, 0xf5, 0xdf, 0xf2, 0xd7, 0xff, 0xff, 0x5,
    0xeb, 0xff, 0xff, 0x82, 0xe0,

    /* U+0033 "3" */
    0x0, 0xc2, 0xf9, 0xdf, 0xd4, 0xa0, 0x1f, 0x27,
    0x7f, 0xfd, 0x60, 0x1c, 0x9f, 0xfb, 0xb7, 0xff,
    0x58, 0x6, 0xdf, 0xf5, 0x90, 0x4, 0xff, 0xf2,
    0x0, 0xb, 0xfd, 0xa0, 0x1e, 0x9f, 0xf4, 0x0,
    0x13, 0xb9, 0x0, 0x1e, 0x5f, 0xf4, 0x80, 0x7f,
    0xf0, 0x1b, 0xfc, 0xe0, 0x1f, 0xf1, 0x77, 0xf0,
    0x80, 0x7e, 0x46, 0xaf, 0xf7, 0x18, 0x7, 0xf7,
    0x7f, 0xda, 0x40, 0x1f, 0xee, 0xff, 0xe8, 0x0,
    0xff, 0x9, 0xbf, 0x7f, 0xac, 0x3, 0xff, 0x83,
    0x9f, 0xe5, 0x0, 0xff, 0xe0, 0x27, 0xfa, 0x8f,
    0x30, 0xe0, 0x1f, 0x8b, 0xfd, 0x87, 0xfe, 0xc0,
    0xf, 0xc9, 0xfe, 0xa0, 0xef, 0xf2, 0x0, 0x7d,
    0x7f, 0xe7, 0x8, 0xff, 0x9c, 0x40, 0x22, 0xbf,
    0xf8, 0x40, 0x19, 0xff, 0xb7, 0x5d, 0xff, 0x94,
    0x2, 0x1a, 0xff, 0xfd, 0xca, 0x1, 0xe3, 0x9d,
    0xef, 0xeb, 0x61, 0x0, 0x80,

    /* U+0034 "4" */
    0x0, 0xfe, 0x1e, 0xff, 0x8, 0x7, 0xff, 0x2,
    0xff, 0xe1, 0x0, 0xff, 0x9b, 0xff, 0x8, 0x7,
    0xf8, 0xbf, 0xf8, 0x40, 0x3f, 0xdb, 0xf7, 0xdf,
    0xe1, 0x0, 0xfe, 0x9f, 0xe1, 0xef, 0xf0, 0x80,
    0x7e, 0x5f, 0xf2, 0x87, 0x7f, 0x84, 0x3, 0xe2,
    0xff, 0x48, 0x3, 0xbf, 0xc2, 0x1, 0xf6, 0x7e,
    0x80, 0x5d, 0xfe, 0x10, 0xf, 0x47, 0xf8, 0xc0,
    0x2e, 0xff, 0x8, 0x7, 0x27, 0xf9, 0xc0, 0x37,
    0x7f, 0x84, 0x3, 0xf, 0x7e, 0x0, 0x77, 0x7f,
    0x84, 0x3, 0x5f, 0xf8, 0x80, 0x3b, 0xbf, 0xc2,
    0x1, 0x37, 0xfd, 0x99, 0xef, 0xfb, 0x32, 0x49,
    0xff, 0xff, 0xe1, 0xb4, 0xff, 0xff, 0xf0, 0xd8,
    0x3, 0xfd, 0xdf, 0xe1, 0x0, 0xff, 0xe0, 0xf7,
    0xf8, 0x40, 0x3f, 0xf8, 0x3d, 0xfe, 0x10, 0xf,
    0xfe, 0xf, 0x7f, 0x84, 0x3, 0xff, 0x83, 0xdf,
    0xe1, 0x0, 0x80,

    /* U+0035 "5" */
    0x0, 0xa3, 0xff, 0xfd, 0xa0, 0x1a, 0xff, 0xff,
    0xda, 0x1, 0xbb, 0xfd, 0x77, 0xfa, 0x40, 0x21,
    0xff, 0x68, 0x7, 0xff, 0x1, 0x3f, 0xd2, 0x1,
    0xff, 0xc0, 0x7f, 0xf3, 0x0, 0x7f, 0xf0, 0x2b,
    0xfc, 0x69, 0x37, 0x50, 0x40, 0x1e, 0xdf, 0xf6,
    0x7f, 0xfa, 0xc4, 0x3, 0x7f, 0xff, 0xda, 0x20,
    0x3, 0xff, 0xce, 0x20, 0x4f, 0xff, 0x50, 0x0,
    0xef, 0xf8, 0x80, 0x39, 0x3f, 0xe2, 0x0, 0xc2,
    0x1, 0xf5, 0xff, 0xa0, 0x3, 0xff, 0x80, 0xdf,
    0xea, 0x0, 0xff, 0xe0, 0x2f, 0xfb, 0x1, 0xa2,
    0x80, 0x3f, 0x3f, 0xfa, 0x83, 0x7f, 0xc6, 0x1,
    0xf6, 0x7f, 0x9c, 0x1f, 0xfd, 0x80, 0x1e, 0x5f,
    0xf8, 0x80, 0x1d, 0xfe, 0xc2, 0x0, 0x9b, 0xfe,
    0x90, 0x8, 0xff, 0xf7, 0x6f, 0xfe, 0xc0, 0xe,
    0x3e, 0xff, 0xfa, 0xc0, 0x3f, 0x36, 0x77, 0xf5,
    0x20, 0x6,

    /* U+0036 "6" */
    0x0, 0xf9, 0xbf, 0xdc, 0x1, 0xff, 0xf, 0x7f,
    0x94, 0x3, 0xfe, 0xaf, 0xf5, 0x0, 0x7f, 0xc7,
    0xfe, 0xe1, 0x0, 0xff, 0xb7, 0xfc, 0xc0, 0x1f,
    0xf3, 0xff, 0xac, 0x3, 0xfe, 0x2f, 0xf8, 0x80,
    0x3f, 0xeb, 0xff, 0xbb, 0xf6, 0x8c, 0x3, 0xcb,
    0xff, 0xfd, 0x20, 0x1d, 0xdf, 0xf6, 0xd5, 0x37,
    0xfe, 0xa0, 0xa, 0x3f, 0xe5, 0x0, 0xcd, 0xff,
    0x28, 0x3, 0xbf, 0xc8, 0x1, 0xe6, 0xff, 0x68,
    0x27, 0xfb, 0x0, 0x3f, 0x77, 0xf8, 0x5f, 0xfd,
    0x20, 0x1f, 0xaf, 0xfc, 0x6d, 0xfe, 0x90, 0xf,
    0xd9, 0xfe, 0x34, 0xff, 0x68, 0x7, 0xef, 0xf8,
    0x43, 0xbf, 0xcc, 0x1, 0xe9, 0xff, 0x60, 0x1,
    0xff, 0xe7, 0x0, 0x86, 0x7f, 0xe4, 0x0, 0xaf,
    0xff, 0x6e, 0xbf, 0xf4, 0x0, 0x74, 0xff, 0xfe,
    0x70, 0xf, 0x8e, 0x77, 0xfb, 0x20, 0x80, 0x30,

    /* U+0037 "7" */
    0x2f, 0xff, 0xfe, 0x17, 0x17, 0xff, 0xff, 0xb,
    0x86, 0xef, 0xfe, 0xff, 0xac, 0x3, 0xfe, 0x1f,
    0xf8, 0xc0, 0x3f, 0xe8, 0xff, 0x58, 0x7, 0xfc,
    0x3f, 0xf1, 0x0, 0x7f, 0xd3, 0xfe, 0xa0, 0xf,
    0xf8, 0x7f, 0xe2, 0x0, 0xff, 0xa7, 0xfd, 0x40,
    0x1f, 0xf1, 0x7f, 0xc4, 0x1, 0xff, 0x57, 0xfa,
    0x40, 0x3f, 0xe2, 0xff, 0x84, 0x3, 0xfe, 0xaf,
    0xf4, 0x80, 0x7f, 0xc7, 0xff, 0x8, 0x7, 0xfd,
    0x7f, 0xe8, 0x0, 0xff, 0x8f, 0xfe, 0x10, 0xf,
    0xfa, 0xff, 0xd0, 0x1, 0xff, 0x27, 0xfc, 0x20,
    0x1f, 0xf6, 0x7f, 0x9c, 0x3, 0xfe, 0x4f, 0xf7,
    0x0, 0x7f, 0xf0, 0x33, 0xfc, 0xe0, 0x1f, 0xc0,

    /* U+0038 "8" */
    0x0, 0xe5, 0xbe, 0xfe, 0xa4, 0x0, 0xf8, 0x73,
    0xff, 0xea, 0x0, 0xf6, 0xff, 0xdd, 0xbf, 0xfa,
    0x80, 0x33, 0xff, 0xb9, 0x0, 0x26, 0xff, 0x90,
    0x2, 0xcf, 0xf2, 0x80, 0x74, 0x7f, 0xa4, 0x2,
    0xef, 0xf0, 0x7, 0x8f, 0xfd, 0x60, 0x16, 0xff,
    0x84, 0x3, 0x93, 0xfd, 0x40, 0x14, 0xff, 0x9c,
    0x3, 0xa7, 0xfc, 0xc0, 0x11, 0x7f, 0xd0, 0x40,
    0x53, 0xfe, 0xd0, 0xe, 0x3e, 0xff, 0xfb, 0x4,
    0x3, 0xd, 0x7f, 0xff, 0x40, 0x6, 0xcf, 0xf6,
    0x20, 0x80, 0xb6, 0xff, 0xa8, 0x0, 0xff, 0xea,
    0x0, 0xf0, 0xef, 0xf9, 0x3, 0x7f, 0xc2, 0x1,
    0xf2, 0x7f, 0xa8, 0x3f, 0xe0, 0xf, 0xc5, 0xfe,
    0xc0, 0xff, 0x80, 0x3f, 0x1f, 0xfb, 0x3, 0x7f,
    0xce, 0x1, 0xf5, 0xff, 0xa4, 0x1f, 0xfe, 0x81,
    0x0, 0x8a, 0xbf, 0xe3, 0x0, 0x5f, 0xfe, 0xdc,
    0xef, 0xfd, 0x0, 0x1a, 0x7f, 0xff, 0x98, 0x3,
    0xc5, 0x19, 0xdf, 0xd8, 0xe2, 0x1, 0x0,

    /* U+0039 "9" */
    0x0, 0xe6, 0xbe, 0xfd, 0xa4, 0x0, 0xf8, 0xfb,
    0xff, 0xec, 0x10, 0xc, 0x7f, 0xfb, 0xb7, 0xbf,
    0xee, 0x10, 0x0, 0xf7, 0xfb, 0xc, 0x2, 0x5e,
    0xff, 0x60, 0x1, 0xff, 0xd8, 0x1, 0xe2, 0xff,
    0x90, 0x33, 0xfc, 0x80, 0x1f, 0x47, 0xfa, 0x43,
    0xfe, 0x0, 0xfc, 0x9f, 0xeb, 0xf, 0xf8, 0x3,
    0xf2, 0x7f, 0xac, 0x37, 0xfc, 0x60, 0x1f, 0x3f,
    0xfa, 0x42, 0x3f, 0xd6, 0x1, 0xe1, 0xef, 0xf2,
    0x1, 0x7f, 0xd2, 0x1, 0x8b, 0x3f, 0xd8, 0x1,
    0x37, 0xfe, 0xa9, 0xbf, 0xfc, 0x60, 0x19, 0xbf,
    0xff, 0xa8, 0x3, 0xc3, 0x1b, 0xfd, 0xcf, 0xf7,
    0x8, 0x7, 0xfd, 0x9f, 0xe6, 0x0, 0xff, 0x9f,
    0xfd, 0x80, 0x1f, 0xf1, 0x7f, 0xc4, 0x1, 0xff,
    0x5f, 0xfa, 0x0, 0x3f, 0xe6, 0xff, 0x70, 0x7,
    0xfc, 0x3d, 0xfe, 0x40, 0xf, 0xfa, 0xbf, 0xd4,
    0x1, 0xf0,

    /* U+003A ":" */
    0x1f, 0xf9, 0x7, 0xfe, 0x41, 0xff, 0x90, 0x2a,
    0xa2, 0x0, 0xff, 0xe9, 0xcc, 0xc4, 0x3f, 0xf2,
    0xf, 0xfc, 0x83, 0xff, 0x20,

    /* U+003B ";" */
    0x0, 0x35, 0x52, 0x0, 0x29, 0xff, 0x60, 0x5,
    0x3f, 0xec, 0x0, 0xa7, 0xfd, 0x80, 0x1f, 0xfe,
    0x11, 0x77, 0x30, 0x4, 0xff, 0xea, 0x0, 0xb3,
    0xfc, 0x40, 0x1, 0xff, 0x58, 0x4, 0xdf, 0xe4,
    0x0, 0xaf, 0xf0, 0x3, 0x7f, 0x94, 0x2, 0x5f,
    0xe0, 0xd, 0x5e, 0xe0, 0x18,

    /* U+003C "<" */
    0x0, 0xff, 0xe1, 0x23, 0x80, 0x7f, 0xc2, 0xfb,
    0xf6, 0x1, 0xfc, 0x95, 0xff, 0xa4, 0x3, 0xc2,
    0xfb, 0xff, 0xa4, 0xc0, 0x39, 0x2b, 0xff, 0x63,
    0x0, 0x70, 0xbe, 0xff, 0xdd, 0x4, 0x1, 0xe3,
    0xff, 0xd6, 0xa0, 0x1f, 0xc9, 0xfe, 0xc2, 0x0,
    0xff, 0x93, 0xfe, 0xe7, 0x10, 0xf, 0xf2, 0x5f,
    0xfe, 0xb4, 0x0, 0xff, 0xc, 0x77, 0xfd, 0xd0,
    0x40, 0x1f, 0xe4, 0xbf, 0xfd, 0x6a, 0x1, 0xfe,
    0x18, 0xef, 0xfb, 0x98, 0x3, 0xfe, 0x4b, 0xff,
    0x58, 0x7, 0xff, 0x4, 0x62, 0x40,

    /* U+003D "=" */
    0xaf, 0xff, 0xf9, 0xeb, 0xff, 0xfe, 0x73, 0x55,
    0xff, 0x88, 0x3, 0xff, 0xb6, 0x6a, 0xbf, 0xf1,
    0x57, 0xff, 0xfc, 0xf5, 0xff, 0xff, 0x38,

    /* U+003E ">" */
    0x83, 0x0, 0xff, 0xe1, 0x77, 0xe3, 0x0, 0x7f,
    0xf0, 0x37, 0xff, 0x49, 0x0, 0x7f, 0x92, 0xbf,
    0xf6, 0x30, 0x7, 0xf8, 0x5f, 0x7f, 0xf4, 0x90,
    0x7, 0xf8, 0xeb, 0xff, 0x62, 0x80, 0x7f, 0x85,
    0xb7, 0xfe, 0xe0, 0xf, 0xfe, 0x1, 0xff, 0xc0,
    0x1f, 0xe2, 0x9e, 0xff, 0x80, 0x3f, 0x36, 0x7f,
    0xe9, 0x30, 0xe, 0x39, 0xff, 0xda, 0xc0, 0x1e,
    0x6c, 0xff, 0xd4, 0x60, 0x1e, 0x9f, 0xfd, 0xac,
    0x20, 0x1f, 0xbb, 0xfd, 0x46, 0x1, 0xff, 0x63,
    0x8, 0x7, 0xff, 0x4,

    /* U+003F "?" */
    0x0, 0x92, 0xb7, 0xfb, 0x60, 0x80, 0x3a, 0xbf,
    0xff, 0x30, 0x5, 0x5f, 0xf5, 0x3c, 0x67, 0xfc,
    0x80, 0x7f, 0xec, 0x10, 0xc, 0xbf, 0xeb, 0x9,
    0xff, 0x8, 0x7, 0xaf, 0xf8, 0x2f, 0xf4, 0x3,
    0xe8, 0xff, 0x1, 0x19, 0x0, 0x7d, 0x7f, 0xe0,
    0xf, 0xf3, 0x7f, 0xa8, 0x3, 0xf9, 0xff, 0xe2,
    0x0, 0xfd, 0x7f, 0xf2, 0x0, 0x7e, 0xaf, 0xf6,
    0x10, 0x7, 0xe4, 0xff, 0x60, 0x7, 0xfa, 0x3f,
    0xc2, 0x1, 0xfe, 0xaf, 0xe0, 0xf, 0xfa, 0x7f,
    0x40, 0x3f, 0xfb, 0x73, 0x31, 0x80, 0x7f, 0xbf,
    0xe5, 0x0, 0xff, 0x7f, 0xca, 0x1, 0xfe, 0xff,
    0x94, 0x3, 0x80,

    /* U+0040 "@" */
    0x0, 0xf8, 0x5a, 0xf7, 0xfd, 0xd8, 0xe6, 0x1,
    0xff, 0xc0, 0x18, 0xff, 0xff, 0x59, 0x80, 0x7f,
    0x16, 0xff, 0xb6, 0x14, 0xcc, 0x8f, 0x7f, 0xf3,
    0x0, 0x7c, 0x7f, 0xee, 0x60, 0xf, 0xc5, 0x7f,
    0xe8, 0x0, 0xe1, 0xef, 0xd1, 0x0, 0xff, 0x9f,
    0xfc, 0xa0, 0x1a, 0xbf, 0x84, 0x3, 0xff, 0x83,
    0x1f, 0xe1, 0x0, 0x17, 0xf9, 0x0, 0x23, 0xae,
    0xfd, 0x70, 0x9f, 0xb0, 0x6, 0xfc, 0x0, 0x27,
    0xf0, 0x2, 0x7f, 0xff, 0x5d, 0xbe, 0xc0, 0xb,
    0xfc, 0x0, 0xdf, 0x60, 0x2, 0x7f, 0xd4, 0xad,
    0x9f, 0xf5, 0x80, 0x5f, 0xe3, 0x1f, 0xf1, 0x0,
    0x2f, 0xfc, 0xc0, 0x1a, 0xbf, 0xd6, 0x1, 0x67,
    0xb1, 0xff, 0x80, 0x2f, 0xf7, 0x0, 0x71, 0x7f,
    0xac, 0x2, 0xaf, 0x74, 0xfe, 0x0, 0xf, 0xfa,
    0xc0, 0x3d, 0xfe, 0xb0, 0xa, 0xbe, 0xf, 0xfc,
    0x1, 0x7f, 0xb0, 0x3, 0x87, 0xfd, 0x60, 0x15,
    0xfb, 0x8f, 0xf8, 0x40, 0x1b, 0xfe, 0x30, 0xc,
    0xff, 0xec, 0x0, 0xbb, 0xd0, 0x3b, 0xd8, 0x0,
    0xdf, 0xee, 0x50, 0x17, 0xff, 0xc6, 0x31, 0xfc,
    0x0, 0x9f, 0xb0, 0xa, 0xbf, 0xfe, 0x8f, 0xff,
    0x38, 0x0, 0xff, 0xc8, 0x1, 0x3f, 0x7f, 0xd8,
    0x60, 0xdf, 0xf9, 0xc0, 0x35, 0x7f, 0x8, 0x6,
    0x23, 0x10, 0xe, 0x33, 0x0, 0x78, 0x7b, 0xf4,
    0x40, 0x3f, 0xf9, 0x5, 0xfe, 0xe6, 0x0, 0xfc,
    0xa4, 0x1, 0xfe, 0x2d, 0xff, 0x6c, 0x21, 0x92,
    0x3e, 0xfd, 0x0, 0x7f, 0xf0, 0x23, 0xff, 0xfd,
    0x40, 0x1f, 0xfc, 0x11, 0x6a, 0xdf, 0xf7, 0x5c,
    0x10, 0x7, 0xc0,

    /* U+0041 "A" */
    0x0, 0xfd, 0x5f, 0xe1, 0x0, 0xff, 0xe1, 0x8f,
    0xfc, 0xe0, 0x1f, 0xfc, 0x36, 0xff, 0xb8, 0x3,
    0xff, 0x87, 0x9f, 0xf9, 0x0, 0x3f, 0xf8, 0x27,
    0xff, 0xd4, 0x1, 0xff, 0xc1, 0x9f, 0xf3, 0x77,
    0xf8, 0x40, 0x3f, 0xf8, 0x1d, 0xfe, 0x19, 0xff,
    0x30, 0x7, 0xfc, 0xbf, 0xeb, 0x3, 0xff, 0x60,
    0x7, 0xfd, 0x7f, 0xe5, 0x0, 0x6f, 0xf8, 0xc0,
    0x3f, 0x8b, 0xfd, 0xc0, 0x13, 0xff, 0xa4, 0x3,
    0xfa, 0x3f, 0xd2, 0x1, 0xf, 0xfb, 0x80, 0x3f,
    0xbb, 0xfc, 0x60, 0x1b, 0x3f, 0xca, 0x1, 0xf2,
    0x7f, 0xb4, 0x3, 0x9b, 0xfd, 0x60, 0x1f, 0x57,
    0xfa, 0x0, 0x3d, 0xff, 0x10, 0x7, 0xf, 0xff,
    0xff, 0x6, 0x0, 0x39, 0xff, 0xff, 0xf8, 0x3c,
    0x1, 0xdb, 0xfe, 0xeb, 0xbf, 0xdf, 0xf2, 0x0,
    0x47, 0xff, 0x8, 0x7, 0xe9, 0xff, 0x50, 0x5,
    0x3f, 0xeb, 0x0, 0xfe, 0x3f, 0xf8, 0x40, 0x1f,
    0xf2, 0x80, 0x7f, 0xb7, 0xfc, 0xc0, 0xdf, 0xee,
    0x0, 0xff, 0x9f, 0xfd, 0xa0,

    /* U+0042 "B" */
    0xcf, 0xff, 0xba, 0xd8, 0x3, 0x67, 0xff, 0xfb,
    0x44, 0x1, 0x9f, 0xed, 0xde, 0xff, 0xd8, 0x0,
    0xcf, 0xf2, 0x80, 0x74, 0x7f, 0xc8, 0x19, 0xfe,
    0x50, 0xf, 0x5f, 0xfa, 0x3, 0x3f, 0xca, 0x1,
    0xe7, 0xff, 0x48, 0x67, 0xf9, 0x40, 0x3d, 0x1f,
    0xe7, 0xc, 0xff, 0x28, 0x7, 0xb7, 0xfc, 0x61,
    0x9f, 0xe5, 0x0, 0xc5, 0x7f, 0xea, 0x0, 0x67,
    0xff, 0xfa, 0x80, 0x2c, 0xff, 0xff, 0x6b, 0x0,
    0x33, 0xfd, 0x97, 0x7b, 0x3b, 0xfe, 0x70, 0xcf,
    0xf2, 0x80, 0x79, 0xff, 0xe2, 0xcf, 0xf2, 0x80,
    0x7d, 0x5f, 0xe7, 0xcf, 0xf2, 0x80, 0x7c, 0xdf,
    0xea, 0xcf, 0xf2, 0x80, 0x7c, 0xdf, 0xea, 0xcf,
    0xf2, 0x80, 0x7d, 0x7f, 0xe8, 0xcf, 0xf2, 0x80,
    0x70, 0xc7, 0xfc, 0x99, 0xfe, 0xdd, 0xee, 0xff,
    0xd6, 0x19, 0xff, 0xff, 0x58, 0x86, 0x7f, 0xfe,
    0xea, 0x50, 0x8,

    /* U+0043 "C" */
    0x0, 0xf2, 0xd6, 0xff, 0xba, 0xdc, 0x40, 0x3f,
    0x93, 0xbf, 0xff, 0xa0, 0x3, 0xe7, 0xff, 0xf7,
    0x7f, 0xf6, 0x8, 0x6, 0x6f, 0xfb, 0x9c, 0x40,
    0x24, 0xbf, 0xfb, 0x0, 0x22, 0xff, 0xac, 0x40,
    0x3e, 0x7f, 0xf9, 0xc0, 0x13, 0xfe, 0xd0, 0xf,
    0xf4, 0x7f, 0xb8, 0x1, 0xff, 0x20, 0x7, 0xfd,
    0x6c, 0x20, 0x9f, 0xee, 0x0, 0xff, 0xe2, 0x3f,
    0xfa, 0x80, 0x3f, 0xf8, 0x93, 0xfe, 0x80, 0xf,
    0xfe, 0x24, 0xff, 0x9c, 0x3, 0xff, 0x89, 0x3f,
    0xe8, 0x0, 0xff, 0xe2, 0x3f, 0xfa, 0x80, 0x3f,
    0xf8, 0x89, 0xfe, 0xe0, 0xf, 0xfe, 0x2f, 0xfc,
    0x80, 0x1f, 0xf5, 0xb8, 0x80, 0x27, 0xfd, 0xa0,
    0x1f, 0xe8, 0xff, 0x70, 0x0, 0xbf, 0xeb, 0x10,
    0xf, 0x9f, 0xfe, 0x60, 0x9, 0xbf, 0xee, 0x71,
    0x0, 0x92, 0xff, 0xeb, 0x0, 0xe8, 0xff, 0xf7,
    0x7f, 0xf6, 0x0, 0x7c, 0xbd, 0xff, 0xfd, 0x0,
    0x1f, 0xe5, 0xad, 0xff, 0x75, 0xb8, 0x80, 0x70,

    /* U+0044 "D" */
    0xcf, 0xff, 0x76, 0x4a, 0x80, 0x7b, 0x3f, 0xff,
    0xdc, 0xc0, 0x1b, 0x3f, 0xdb, 0xbb, 0xff, 0xd4,
    0x1, 0x67, 0xf9, 0x40, 0x30, 0xae, 0x7f, 0xd4,
    0x0, 0xcf, 0xf2, 0x80, 0x7c, 0xdf, 0xf3, 0x6,
    0x7f, 0x94, 0x3, 0xf4, 0x7f, 0xb8, 0x33, 0xfc,
    0xa0, 0x1f, 0xdb, 0xfe, 0x5c, 0xff, 0x28, 0x7,
    0xf4, 0x7f, 0xa7, 0x3f, 0xca, 0x1, 0xfc, 0x9f,
    0xec, 0xc7, 0xf9, 0x40, 0x3f, 0x8b, 0xfd, 0xb9,
    0xfe, 0x50, 0xf, 0xe2, 0xff, 0x76, 0x7f, 0x94,
    0x3, 0xf8, 0xbf, 0xdd, 0x9f, 0xe5, 0x0, 0xfe,
    0x4f, 0xf6, 0xe7, 0xf9, 0x40, 0x3f, 0x9f, 0xfd,
    0x59, 0xfe, 0x50, 0xf, 0xed, 0xff, 0x36, 0x7f,
    0x94, 0x3, 0xf3, 0xff, 0xc3, 0x9f, 0xe5, 0x0,
    0xf9, 0x7f, 0xe8, 0xc, 0xff, 0x28, 0x6, 0x15,
    0xbf, 0xfb, 0x0, 0x19, 0xfe, 0xdd, 0xdf, 0xfe,
    0xc1, 0x0, 0x67, 0xff, 0xfd, 0x0, 0x1b, 0x3f,
    0xfd, 0xdb, 0x2c, 0x1, 0xe0,

    /* U+0045 "E" */
    0xcf, 0xff, 0xfe, 0x8, 0xe7, 0xff, 0xff, 0x4,
    0x73, 0xfd, 0x97, 0x7f, 0xe0, 0xcf, 0xf2, 0x80,
    0x7f, 0xd9, 0xfe, 0x50, 0xf, 0xfb, 0x3f, 0xca,
    0x1, 0xff, 0x67, 0xf9, 0x40, 0x3f, 0xec, 0xff,
    0x28, 0x7, 0xfd, 0x9f, 0xe5, 0x0, 0xff, 0xb3,
    0xff, 0xff, 0x80, 0x61, 0x9f, 0xff, 0xfc, 0x3,
    0xc, 0xff, 0x65, 0xdf, 0xf1, 0x6, 0x7f, 0x94,
    0x3, 0xfe, 0xcf, 0xf2, 0x80, 0x7f, 0xd9, 0xfe,
    0x50, 0xf, 0xfb, 0x3f, 0xca, 0x1, 0xff, 0x67,
    0xf9, 0x40, 0x3f, 0xec, 0xff, 0x28, 0x7, 0xfd,
    0x9f, 0xec, 0xbb, 0xff, 0x6, 0x7f, 0xff, 0xf0,
    0x47, 0x3f, 0xff, 0xf8, 0x22,

    /* U+0046 "F" */
    0xcf, 0xff, 0xfe, 0x8, 0x67, 0xff, 0xff, 0x4,
    0x33, 0xfd, 0x97, 0x7f, 0xe0, 0xcf, 0xf2, 0x80,
    0x7f, 0xd9, 0xfe, 0x50, 0xf, 0xfb, 0x3f, 0xca,
    0x1, 0xff, 0x67, 0xf9, 0x40, 0x3f, 0xec, 0xff,
    0x28, 0x7, 0xfd, 0x9f, 0xe5, 0x0, 0xff, 0xb3,
    0xff, 0xfe, 0xa0, 0x6, 0x7f, 0xff, 0xd4, 0x0,
    0xcf, 0xf6, 0x5d, 0xfe, 0x70, 0x6, 0x7f, 0x94,
    0x3, 0xfe, 0xcf, 0xf2, 0x80, 0x7f, 0xd9, 0xfe,
    0x50, 0xf, 0xfb, 0x3f, 0xca, 0x1, 0xff, 0x67,
    0xf9, 0x40, 0x3f, 0xec, 0xff, 0x28, 0x7, 0xfd,
    0x9f, 0xe5, 0x0, 0xff, 0xb3, 0xfc, 0xa0, 0x1f,
    0xf6, 0x7f, 0x94, 0x3, 0xfe,

    /* U+0047 "G" */
    0x0, 0xf2, 0xd6, 0xff, 0xbb, 0x20, 0x80, 0x3f,
    0x93, 0xbf, 0xff, 0xa4, 0x3, 0xe7, 0xff, 0xff,
    0xe0, 0x68, 0x80, 0x66, 0xff, 0xb9, 0xc4, 0x0,
    0x29, 0x7f, 0xf6, 0x80, 0x45, 0xff, 0x58, 0x80,
    0x7c, 0xbf, 0xf4, 0x0, 0x27, 0xfd, 0xa0, 0x1f,
    0xe6, 0xff, 0x60, 0x3, 0xfe, 0x40, 0xf, 0xf9,
    0x88, 0x0, 0x9f, 0xee, 0x0, 0xff, 0xe2, 0x3f,
    0xfa, 0x80, 0x3f, 0xf8, 0x93, 0xfe, 0x80, 0xf,
    0xa6, 0xef, 0xe1, 0x9f, 0xf3, 0x80, 0x7d, 0xbf,
    0xff, 0xc, 0xff, 0xa0, 0x3, 0xed, 0xff, 0xf8,
    0x5f, 0xfd, 0x40, 0x1f, 0xfc, 0xa, 0xff, 0xa,
    0x7f, 0xb8, 0x3, 0xff, 0x81, 0xbf, 0xe1, 0xf,
    0xf9, 0x0, 0x3f, 0xc5, 0xff, 0x8, 0x4f, 0xfb,
    0x40, 0x3f, 0xd5, 0xff, 0x8, 0x17, 0xfd, 0x62,
    0x1, 0xf3, 0xff, 0xe1, 0x0, 0x37, 0xfd, 0xce,
    0x20, 0x12, 0x5f, 0xff, 0x8, 0x5, 0x1f, 0xfe,
    0xef, 0xfd, 0x5b, 0xfe, 0x10, 0xc, 0xbd, 0xff,
    0xfa, 0x82, 0xff, 0xc2, 0x1, 0xe6, 0xbe, 0xff,
    0x6d, 0x18, 0x2, 0xbf, 0xc2,

    /* U+0048 "H" */
    0xcf, 0xf2, 0x80, 0x7f, 0x6f, 0xf8, 0xf3, 0xfc,
    0xa0, 0x1f, 0xdb, 0xfe, 0x3c, 0xff, 0x28, 0x7,
    0xf6, 0xff, 0x8f, 0x3f, 0xca, 0x1, 0xfd, 0xbf,
    0xe3, 0xcf, 0xf2, 0x80, 0x7f, 0x6f, 0xf8, 0xf3,
    0xfc, 0xa0, 0x1f, 0xdb, 0xfe, 0x3c, 0xff, 0x28,
    0x7, 0xf6, 0xff, 0x8f, 0x3f, 0xca, 0x1, 0xfd,
    0xbf, 0xe3, 0xcf, 0xf2, 0x80, 0x7f, 0x6f, 0xf8,
    0xf3, 0xff, 0xff, 0x86, 0x79, 0xff, 0xff, 0xc3,
    0x3c, 0xff, 0x76, 0xef, 0xf7, 0xfc, 0x79, 0xfe,
    0x50, 0xf, 0xed, 0xff, 0x1e, 0x7f, 0x94, 0x3,
    0xfb, 0x7f, 0xc7, 0x9f, 0xe5, 0x0, 0xfe, 0xdf,
    0xf1, 0xe7, 0xf9, 0x40, 0x3f, 0xb7, 0xfc, 0x79,
    0xfe, 0x50, 0xf, 0xed, 0xff, 0x1e, 0x7f, 0x94,
    0x3, 0xfb, 0x7f, 0xc7, 0x9f, 0xe5, 0x0, 0xfe,
    0xdf, 0xf1, 0xe7, 0xf9, 0x40, 0x3f, 0xb7, 0xfc,
    0x79, 0xfe, 0x50, 0xf, 0xed, 0xff, 0x18,

    /* U+0049 "I" */
    0xcf, 0xf2, 0xe7, 0xf9, 0x73, 0xfc, 0xb9, 0xfe,
    0x5c, 0xff, 0x2e, 0x7f, 0x97, 0x3f, 0xcb, 0x9f,
    0xe5, 0xcf, 0xf2, 0xe7, 0xf9, 0x73, 0xfc, 0xb9,
    0xfe, 0x5c, 0xff, 0x2e, 0x7f, 0x97, 0x3f, 0xcb,
    0x9f, 0xe5, 0xcf, 0xf2, 0xe7, 0xf9, 0x73, 0xfc,
    0xb9, 0xfe, 0x5c, 0xff, 0x28,

    /* U+004A "J" */
    0x0, 0xab, 0xff, 0xfd, 0x0, 0x15, 0x7f, 0xff,
    0xa0, 0x2, 0x7b, 0xbf, 0xb7, 0xfd, 0x0, 0x1f,
    0xf4, 0x7f, 0xa0, 0x3, 0xfe, 0x8f, 0xf4, 0x0,
    0x7f, 0xd1, 0xfe, 0x80, 0xf, 0xfa, 0x3f, 0xd0,
    0x1, 0xff, 0x47, 0xfa, 0x0, 0x3f, 0xe8, 0xff,
    0x40, 0x7, 0xfd, 0x1f, 0xe8, 0x0, 0xff, 0xa3,
    0xfd, 0x0, 0x1f, 0xf4, 0x7f, 0xa0, 0x3, 0xfe,
    0x8f, 0xf4, 0x0, 0x7f, 0xd1, 0xfe, 0x81, 0xcd,
    0xc0, 0xf, 0xa7, 0xfc, 0xe1, 0xff, 0x0, 0x7d,
    0xbf, 0xe5, 0xc, 0xff, 0x38, 0x7, 0x1f, 0xfc,
    0x0, 0x6f, 0xf9, 0xc0, 0x23, 0xdf, 0xf5, 0x0,
    0x57, 0xff, 0xb7, 0xbf, 0xee, 0x10, 0xd, 0x7f,
    0xff, 0x71, 0x80, 0x79, 0x2b, 0xbf, 0xb1, 0xc0,
    0x30,

    /* U+004B "K" */
    0xcf, 0xf2, 0x80, 0x7e, 0xcf, 0xf9, 0x33, 0xfc,
    0xa0, 0x1f, 0x5f, 0xfc, 0x81, 0x9f, 0xe5, 0x0,
    0xf5, 0x7f, 0xca, 0x0, 0xcf, 0xf2, 0x80, 0x75,
    0x7f, 0xca, 0x1, 0x67, 0xf9, 0x40, 0x34, 0xff,
    0xca, 0x1, 0xb3, 0xfc, 0xa0, 0x14, 0x7f, 0xcc,
    0x1, 0xd9, 0xfe, 0x50, 0x4, 0x7f, 0xcc, 0x1,
    0xec, 0xff, 0x28, 0x3f, 0xfc, 0xc0, 0x1f, 0x67,
    0xf9, 0x5b, 0xff, 0x8, 0x7, 0xd9, 0xfe, 0xaf,
    0xfe, 0xa0, 0xf, 0xb3, 0xff, 0xb7, 0xfe, 0x40,
    0xf, 0x67, 0xfe, 0x80, 0xbf, 0xf6, 0x80, 0x7b,
    0x3f, 0xe8, 0x0, 0x17, 0xfd, 0x0, 0x1d, 0x9f,
    0xee, 0x0, 0xcf, 0xff, 0x10, 0x6, 0xcf, 0xf2,
    0x80, 0x76, 0xff, 0xac, 0x3, 0x67, 0xf9, 0x40,
    0x38, 0xff, 0xe6, 0x0, 0xb3, 0xfc, 0xa0, 0x1e,
    0x9f, 0xf7, 0x8, 0x3, 0x3f, 0xca, 0x1, 0xe1,
    0xef, 0xf5, 0x0, 0x33, 0xfc, 0xa0, 0x1f, 0x2f,
    0xfc, 0x81, 0x9f, 0xe5, 0x0, 0xfd, 0x7f, 0xed,
    0xc, 0xff, 0x28, 0x7, 0xe1, 0xff, 0xa0,

    /* U+004C "L" */
    0xcf, 0xf2, 0x80, 0x7f, 0x67, 0xf9, 0x40, 0x3f,
    0xb3, 0xfc, 0xa0, 0x1f, 0xd9, 0xfe, 0x50, 0xf,
    0xec, 0xff, 0x28, 0x7, 0xf6, 0x7f, 0x94, 0x3,
    0xfb, 0x3f, 0xca, 0x1, 0xfd, 0x9f, 0xe5, 0x0,
    0xfe, 0xcf, 0xf2, 0x80, 0x7f, 0x67, 0xf9, 0x40,
    0x3f, 0xb3, 0xfc, 0xa0, 0x1f, 0xd9, 0xfe, 0x50,
    0xf, 0xec, 0xff, 0x28, 0x7, 0xf6, 0x7f, 0x94,
    0x3, 0xfb, 0x3f, 0xca, 0x1, 0xfd, 0x9f, 0xe5,
    0x0, 0xfe, 0xcf, 0xf2, 0x80, 0x7f, 0x67, 0xf9,
    0x40, 0x3f, 0xb3, 0xfd, 0x97, 0x7f, 0x97, 0x3f,
    0xff, 0xe8, 0xcf, 0xff, 0xfa, 0x0,

    /* U+004D "M" */
    0xcf, 0xfb, 0x80, 0x3f, 0xe9, 0xff, 0xc3, 0x9f,
    0xf9, 0x40, 0x3f, 0xdd, 0xff, 0x87, 0x3f, 0xf5,
    0x80, 0x7f, 0x2f, 0xff, 0xe, 0x7f, 0xf0, 0x80,
    0x7e, 0xbf, 0xfe, 0x1c, 0xff, 0x77, 0xf9, 0xc0,
    0x3e, 0x1f, 0xf7, 0x7f, 0xc3, 0x9f, 0xe8, 0xff,
    0x68, 0x7, 0xcf, 0xfe, 0x9f, 0xf8, 0x73, 0xfc,
    0xbb, 0xfe, 0x30, 0xf, 0x6f, 0xf8, 0xbf, 0xe1,
    0xcf, 0xf2, 0xb7, 0xfa, 0x80, 0x39, 0x3f, 0xd8,
    0x1f, 0xf0, 0xe7, 0xf9, 0x47, 0xfe, 0x0, 0xea,
    0xff, 0x30, 0x7f, 0xc3, 0x9f, 0xe5, 0xa, 0xff,
    0x30, 0x6, 0xff, 0x80, 0x1f, 0xf0, 0xe7, 0xf9,
    0x40, 0xff, 0xd8, 0x1, 0x37, 0xfa, 0x40, 0x1f,
    0xf0, 0xe7, 0xf9, 0x40, 0x1b, 0xfe, 0x20, 0x6,
    0x7f, 0x8c, 0x1, 0xff, 0xe, 0x7f, 0x94, 0x0,
    0xff, 0xe8, 0x2, 0xff, 0x60, 0x5, 0xff, 0xe,
    0x7f, 0x94, 0x0, 0x3f, 0xee, 0x9, 0xff, 0x30,
    0x5, 0xff, 0xe, 0x7f, 0x94, 0x2, 0xaf, 0xf2,
    0xf7, 0xf8, 0x3, 0x7f, 0xc3, 0x9f, 0xe5, 0x0,
    0x93, 0xff, 0xa4, 0x3, 0x7f, 0xc3, 0x9f, 0xe5,
    0x0, 0xdb, 0xff, 0x8c, 0x3, 0x7f, 0xc3, 0x9f,
    0xe5, 0x0, 0xcf, 0xff, 0x68, 0x7, 0x7f, 0xc3,
    0x9f, 0xe5, 0x0, 0xc3, 0xff, 0x30, 0x7, 0x7f,
    0xc3, 0x9f, 0xe5, 0x0, 0xe2, 0x33, 0x0, 0x7b,
    0xfe, 0x1c, 0xff, 0x28, 0x7, 0xff, 0xb, 0xfe,
    0x10,

    /* U+004E "N" */
    0xcf, 0xf5, 0x80, 0x7f, 0x77, 0xf8, 0xb3, 0xfe,
    0x50, 0xf, 0xdd, 0xfe, 0x2c, 0xff, 0xb8, 0x40,
    0x3e, 0xef, 0xf1, 0x67, 0xfe, 0x90, 0xf, 0xbb,
    0xfc, 0x59, 0xff, 0xc6, 0x1, 0xee, 0xff, 0x16,
    0x7f, 0xb7, 0xfd, 0x80, 0x1e, 0xef, 0xf1, 0x67,
    0xf9, 0x7b, 0xfc, 0xe0, 0x1d, 0xdf, 0xe2, 0xcf,
    0xf2, 0xab, 0xfe, 0x10, 0xd, 0xdf, 0xe2, 0xcf,
    0xf2, 0x85, 0xff, 0xa8, 0x3, 0x77, 0xf8, 0xb3,
    0xfc, 0xa0, 0x5f, 0xf2, 0x0, 0x5d, 0xfe, 0x2c,
    0xff, 0x28, 0x2, 0x3f, 0xda, 0x1, 0x77, 0xf8,
    0xb3, 0xfc, 0xa0, 0x16, 0xff, 0xa0, 0x1, 0xdf,
    0xe2, 0xcf, 0xf2, 0x80, 0x49, 0xff, 0x10, 0x77,
    0xf8, 0xb3, 0xfc, 0xa0, 0x1a, 0xbf, 0xd8, 0x1d,
    0xfe, 0x2c, 0xff, 0x28, 0x6, 0x1f, 0xf9, 0x7b,
    0xfc, 0x59, 0xfe, 0x50, 0xe, 0x7f, 0xf7, 0x7f,
    0xc5, 0x9f, 0xe5, 0x0, 0xf6, 0xff, 0xf1, 0x67,
    0xf9, 0x40, 0x3c, 0x7f, 0xfc, 0x59, 0xfe, 0x50,
    0xf, 0xa7, 0xff, 0x16, 0x7f, 0x94, 0x3, 0xe1,
    0xef, 0xf8, 0xb3, 0xfc, 0xa0, 0x1f, 0x9b, 0xfe,
    0x20,

    /* U+004F "O" */
    0x0, 0xf2, 0xd6, 0xff, 0xba, 0xdc, 0x40, 0x3f,
    0xc9, 0xdf, 0xff, 0xd2, 0x1, 0xf9, 0xff, 0xff,
    0xf8, 0x18, 0x20, 0x1c, 0xdf, 0xf7, 0x38, 0x80,
    0x5, 0x2f, 0xfe, 0xc0, 0xc, 0x5f, 0xf5, 0x88,
    0x7, 0xcf, 0xff, 0x40, 0x5, 0x3f, 0xed, 0x0,
    0xff, 0x47, 0xfc, 0x20, 0xf, 0xf9, 0x0, 0x3f,
    0xee, 0xff, 0x30, 0x27, 0xfb, 0x80, 0x3f, 0xf8,
    0x13, 0xfe, 0xb0, 0x7f, 0xf5, 0x0, 0x7f, 0xf0,
    0x13, 0xfd, 0xa1, 0x3f, 0xe8, 0x0, 0xff, 0xe0,
    0x17, 0xfc, 0x13, 0xfe, 0x70, 0xf, 0xfe, 0x0,
    0xff, 0xc1, 0x3f, 0xe8, 0x0, 0xff, 0xe0, 0x17,
    0xfc, 0xf, 0xfe, 0xa0, 0xf, 0xfe, 0x2, 0x7f,
    0xb8, 0x13, 0xfd, 0xc0, 0x1f, 0xfc, 0x8, 0xff,
    0x58, 0x3, 0xfe, 0x40, 0xf, 0xfb, 0xbf, 0xcc,
    0x0, 0xaf, 0xf6, 0x80, 0x7f, 0xa3, 0xfe, 0x10,
    0x1, 0x7f, 0xd6, 0x1, 0xf9, 0xff, 0xe7, 0x0,
    0xcd, 0xff, 0x6b, 0x88, 0x0, 0x52, 0xff, 0xec,
    0x0, 0xf4, 0x7f, 0xff, 0xf0, 0x30, 0x40, 0x3e,
    0x5e, 0xff, 0xfe, 0x90, 0xf, 0xf9, 0x6b, 0x7f,
    0xdd, 0x8e, 0x20, 0x1e,

    /* U+0050 "P" */
    0xcf, 0xff, 0xb6, 0x94, 0x2, 0xcf, 0xff, 0xf6,
    0x8, 0x67, 0xfb, 0x2e, 0xed, 0xff, 0xd8, 0x19,
    0xfe, 0x40, 0xc, 0x31, 0xff, 0x26, 0x7f, 0x90,
    0x3, 0xd5, 0xfe, 0x9c, 0xff, 0x20, 0x7, 0x97,
    0xfd, 0x59, 0xfe, 0x40, 0xf, 0x2f, 0xfa, 0xb3,
    0xfc, 0x80, 0x1e, 0xaf, 0xf4, 0x67, 0xf9, 0x0,
    0x39, 0xff, 0xe4, 0xcf, 0xf6, 0x5d, 0xd9, 0xff,
    0xac, 0x33, 0xff, 0xfd, 0x60, 0xc, 0xff, 0xfb,
    0x69, 0x0, 0x2c, 0xff, 0x20, 0x7, 0xfb, 0x3f,
    0xc8, 0x1, 0xfe, 0xcf, 0xf2, 0x0, 0x7f, 0xb3,
    0xfc, 0x80, 0x1f, 0xec, 0xff, 0x20, 0x7, 0xfb,
    0x3f, 0xc8, 0x1, 0xfe, 0xcf, 0xf2, 0x0, 0x7f,
    0xb3, 0xfc, 0x80, 0x1f, 0xec, 0xff, 0x20, 0x7,
    0xf8,

    /* U+0051 "Q" */
    0x0, 0xf2, 0xd6, 0xff, 0xba, 0xdc, 0x40, 0x3f,
    0xc9, 0xdf, 0xff, 0xd2, 0x1, 0xf9, 0xff, 0xff,
    0xf8, 0x18, 0x20, 0x1c, 0xdf, 0xf7, 0x38, 0x80,
    0x5, 0x2f, 0xfe, 0xc0, 0xc, 0x5f, 0xf5, 0x88,
    0x7, 0xcf, 0xff, 0x40, 0x5, 0x3f, 0xed, 0x0,
    0xff, 0x47, 0xfc, 0x20, 0xf, 0xf9, 0x0, 0x3f,
    0xee, 0xff, 0x30, 0x27, 0xfb, 0x80, 0x3f, 0xf8,
    0x13, 0xfe, 0xb0, 0x7f, 0xf5, 0x0, 0x7f, 0xf0,
    0x13, 0xfd, 0xa1, 0x3f, 0xe8, 0x0, 0xff, 0xe0,
    0x17, 0xfc, 0x13, 0xfe, 0x70, 0xf, 0xfe, 0x0,
    0xff, 0xc1, 0x3f, 0xe8, 0x0, 0xff, 0xe0, 0x17,
    0xfc, 0xf, 0xfe, 0xa0, 0xf, 0xca, 0x1, 0x27,
    0xfb, 0x81, 0x3f, 0xdc, 0x1, 0xf3, 0xfd, 0x80,
    0x23, 0xfd, 0x60, 0xf, 0xf9, 0x0, 0x3d, 0x9f,
    0xec, 0x1e, 0xff, 0x30, 0x2, 0x7f, 0xda, 0x1,
    0xe1, 0xcf, 0xff, 0x8, 0x0, 0xbf, 0xeb, 0x0,
    0xfa, 0xff, 0xf3, 0x80, 0x66, 0xff, 0xb5, 0xc4,
    0x0, 0x29, 0x9f, 0xf8, 0x80, 0x39, 0xff, 0xff,
    0xf8, 0x5c, 0x40, 0x1c, 0xbd, 0xff, 0xfd, 0x35,
    0xfe, 0xe3, 0x0, 0xf2, 0xd6, 0xff, 0xbb, 0x1c,
    0x40, 0x13, 0xfe, 0x90, 0xf, 0xfe, 0x34, 0x50,
    0x7, 0xff, 0x28,

    /* U+0052 "R" */
    0xcf, 0xff, 0x76, 0xd2, 0x0, 0x76, 0x7f, 0xff,
    0xac, 0x40, 0x2c, 0xff, 0x65, 0xdd, 0x9f, 0xfa,
    0xc0, 0x2c, 0xff, 0x28, 0x7, 0x47, 0xfc, 0x60,
    0xc, 0xff, 0x28, 0x7, 0xab, 0xfd, 0x0, 0xc,
    0xff, 0x28, 0x7, 0x9b, 0xfd, 0x40, 0xc, 0xff,
    0x28, 0x7, 0x9b, 0xfd, 0x40, 0xc, 0xff, 0x28,
    0x7, 0xab, 0xfd, 0x0, 0xc, 0xff, 0x28, 0x7,
    0x47, 0xfc, 0x80, 0xc, 0xff, 0x65, 0xdd, 0x9f,
    0xfa, 0xc0, 0x2c, 0xff, 0xff, 0x60, 0x80, 0x59,
    0xff, 0xfc, 0xa0, 0x1d, 0x9f, 0xe5, 0x0, 0xf,
    0xfc, 0xa0, 0x1d, 0x9f, 0xe5, 0x0, 0x9f, 0xfd,
    0xa0, 0x1d, 0x9f, 0xe5, 0x0, 0xdb, 0xfe, 0x70,
    0xd, 0x9f, 0xe5, 0x0, 0xcb, 0xff, 0x10, 0x5,
    0x9f, 0xe5, 0x0, 0xec, 0xff, 0x50, 0x5, 0x9f,
    0xe5, 0x0, 0xe3, 0xff, 0x90, 0x1, 0x9f, 0xe5,
    0x0, 0xf4, 0xff, 0xb4, 0x1, 0x9f, 0xe5, 0x0,
    0xf0, 0xff, 0xce, 0x19, 0xfe, 0x50, 0xf, 0x9f,
    0xfe, 0x10,

    /* U+0053 "S" */
    0x0, 0xc9, 0x5d, 0xfd, 0x8c, 0x1, 0xf5, 0xff,
    0xfd, 0xa4, 0x1, 0xaf, 0xfe, 0xeb, 0xdf, 0xfb,
    0x84, 0x0, 0x9f, 0xf2, 0x80, 0x47, 0xbf, 0xe8,
    0x0, 0x47, 0xfa, 0x40, 0x38, 0x75, 0x80, 0x29,
    0xff, 0x38, 0x7, 0xfc, 0xff, 0xeb, 0x0, 0xff,
    0x8b, 0xfe, 0xa1, 0x0, 0xff, 0x47, 0xfe, 0x93,
    0x0, 0xfe, 0x6f, 0xfe, 0xc5, 0x0, 0xfc, 0x33,
    0xff, 0xda, 0x60, 0x1f, 0xcd, 0xbf, 0xf9, 0x40,
    0x3f, 0xc9, 0xbf, 0xf1, 0x0, 0x7f, 0xd9, 0xfe,
    0x81, 0x59, 0x10, 0xf, 0x97, 0xfd, 0x7b, 0xfe,
    0x60, 0xf, 0x93, 0xfd, 0x71, 0xfe, 0xe1, 0x0,
    0xf5, 0x7f, 0xa0, 0x7f, 0xed, 0x40, 0xd, 0x1f,
    0xf1, 0x2, 0xff, 0xee, 0xcc, 0x7f, 0xe8, 0x0,
    0x93, 0xbf, 0xff, 0x40, 0x7, 0x9a, 0xfb, 0xfb,
    0x60, 0x80, 0x20,

    /* U+0054 "T" */
    0x9f, 0xff, 0xfe, 0x21, 0x4f, 0xff, 0xff, 0x10,
    0x9a, 0xef, 0xdd, 0xfe, 0xdb, 0xbf, 0x8, 0x7,
    0xd7, 0xfe, 0x50, 0xf, 0xfe, 0x15, 0xff, 0x94,
    0x3, 0xff, 0x85, 0x7f, 0xe5, 0x0, 0xff, 0xe1,
    0x5f, 0xf9, 0x40, 0x3f, 0xf8, 0x57, 0xfe, 0x50,
    0xf, 0xfe, 0x15, 0xff, 0x94, 0x3, 0xff, 0x85,
    0x7f, 0xe5, 0x0, 0xff, 0xe1, 0x5f, 0xf9, 0x40,
    0x3f, 0xf8, 0x57, 0xfe, 0x50, 0xf, 0xfe, 0x15,
    0xff, 0x94, 0x3, 0xff, 0x85, 0x7f, 0xe5, 0x0,
    0xff, 0xe1, 0x5f, 0xf9, 0x40, 0x3f, 0xf8, 0x57,
    0xfe, 0x50, 0xf, 0xfe, 0x15, 0xff, 0x94, 0x3,
    0xff, 0x85, 0x7f, 0xe5, 0x0, 0xff, 0xe1, 0x5f,
    0xf9, 0x40, 0x3f, 0xf8, 0x57, 0xfe, 0x50, 0xf,
    0xfe, 0x15, 0xff, 0x94, 0x3, 0xe0,

    /* U+0055 "U" */
    0xff, 0x84, 0x3, 0xf3, 0x7f, 0xa7, 0xfe, 0x10,
    0xf, 0xcd, 0xfe, 0x9f, 0xf8, 0x40, 0x3f, 0x37,
    0xfa, 0x7f, 0xe1, 0x0, 0xfc, 0xdf, 0xe9, 0xff,
    0x84, 0x3, 0xf3, 0x7f, 0xa7, 0xfe, 0x10, 0xf,
    0xcd, 0xfe, 0x9f, 0xf8, 0x40, 0x3f, 0x37, 0xfa,
    0x7f, 0xe1, 0x0, 0xfc, 0xdf, 0xe9, 0xff, 0x84,
    0x3, 0xf3, 0x7f, 0xa7, 0xfe, 0x10, 0xf, 0xcd,
    0xfe, 0x9f, 0xf8, 0x40, 0x3f, 0x37, 0xfa, 0x7f,
    0xe1, 0x0, 0xfc, 0xdf, 0xe9, 0xff, 0x84, 0x3,
    0xf3, 0x7f, 0xa7, 0xbf, 0xc4, 0x1, 0xf9, 0xff,
    0xd3, 0xbf, 0xe3, 0x0, 0xfd, 0x3f, 0xe8, 0xbf,
    0xf3, 0x80, 0x7e, 0xdf, 0xf2, 0xbf, 0xfb, 0x80,
    0x3e, 0x4f, 0xf8, 0x45, 0xff, 0x61, 0x80, 0x66,
    0xff, 0xa8, 0x0, 0xdf, 0xfb, 0xb7, 0x5f, 0xfb,
    0x84, 0x2, 0x6f, 0xff, 0xed, 0x20, 0xe, 0x17,
    0xce, 0xff, 0x6d, 0x28, 0x6,

    /* U+0056 "V" */
    0x6f, 0xf7, 0x0, 0x7f, 0xc5, 0xff, 0x18, 0x7f,
    0xca, 0x1, 0xfe, 0x8f, 0xf6, 0x0, 0x27, 0xfd,
    0x60, 0x1f, 0xee, 0xff, 0x30, 0x0, 0xbf, 0xe2,
    0x0, 0xfc, 0x9f, 0xf0, 0x6, 0xcf, 0xf4, 0x0,
    0x7e, 0xaf, 0xf4, 0x80, 0x66, 0xff, 0x70, 0x7,
    0xc3, 0xff, 0x18, 0x7, 0x7f, 0xc8, 0x1, 0xe6,
    0xff, 0x68, 0x7, 0xa7, 0xfd, 0x40, 0x1e, 0xcf,
    0xf3, 0x0, 0x78, 0xff, 0xe1, 0x0, 0xc5, 0xff,
    0x8, 0x7, 0xd9, 0xfe, 0x60, 0xd, 0x1f, 0xea,
    0x0, 0xfc, 0xdf, 0xec, 0x0, 0xdd, 0xfe, 0x30,
    0xf, 0xef, 0xf8, 0xc0, 0x9, 0xfe, 0xd0, 0xf,
    0xf4, 0xff, 0xa4, 0x1, 0x5f, 0xe7, 0x0, 0xff,
    0x1f, 0xfb, 0x80, 0x7f, 0xe1, 0x0, 0xff, 0xb3,
    0xfc, 0xaf, 0xfe, 0xa0, 0xf, 0xfe, 0x3, 0x7f,
    0xaf, 0x7f, 0xc8, 0x1, 0xff, 0xc1, 0xff, 0xed,
    0x0, 0xff, 0xe1, 0x4f, 0xfe, 0x70, 0xf, 0xfe,
    0x11, 0xff, 0xe1, 0x0, 0xff, 0xe1, 0xe7, 0xfa,
    0x80, 0x3f, 0xf8, 0x8d, 0xfe, 0x40, 0xf, 0xc0,

    /* U+0057 "W" */
    0x4f, 0xf7, 0x0, 0x7f, 0xf2, 0x7f, 0xe3, 0xf,
    0xf8, 0xc0, 0x3e, 0x2d, 0xd6, 0x8, 0x7, 0xc9,
    0xfe, 0xe0, 0x5, 0x7f, 0x9c, 0x3, 0xe7, 0xff,
    0x94, 0x3, 0xe9, 0xff, 0x48, 0x1, 0xbf, 0xd8,
    0x1, 0xf5, 0xff, 0xd4, 0x1, 0xf6, 0xff, 0x94,
    0x0, 0x3f, 0xf0, 0x80, 0x7b, 0xff, 0x80, 0x3c,
    0x5f, 0xf0, 0x6, 0xcf, 0xf2, 0x80, 0x72, 0xff,
    0xf2, 0x0, 0x73, 0x7f, 0xac, 0x3, 0x3f, 0xfa,
    0x80, 0x3a, 0xbf, 0xcf, 0xfe, 0x90, 0xe, 0xbf,
    0xf3, 0x0, 0x63, 0xff, 0x70, 0x7, 0x77, 0xf0,
    0x7f, 0xb4, 0x3, 0xbf, 0xe2, 0x0, 0xee, 0xff,
    0x18, 0x4, 0x7f, 0xe9, 0xa, 0xff, 0x10, 0x4,
    0x9f, 0xed, 0x0, 0xf4, 0xff, 0x9c, 0x2, 0x8f,
    0xf2, 0x2, 0xff, 0x9c, 0x2, 0x9f, 0xf4, 0x0,
    0x79, 0x7f, 0xd8, 0x1, 0x6f, 0xf8, 0x0, 0x3f,
    0xec, 0x0, 0xb7, 0xfc, 0x80, 0x1f, 0x7f, 0xc2,
    0x3, 0xfe, 0xb0, 0xa, 0xff, 0xc2, 0x5, 0xff,
    0x0, 0x7e, 0xbf, 0xf2, 0x83, 0x7f, 0x98, 0x2,
    0x6f, 0xf2, 0x83, 0x7f, 0xa8, 0x3, 0xf3, 0x7f,
    0xa8, 0x2f, 0xfc, 0x20, 0x11, 0x7f, 0xa8, 0x2f,
    0xfc, 0xa0, 0x1f, 0x8b, 0xfd, 0xc1, 0xfe, 0xc0,
    0xe, 0xdf, 0xe0, 0xff, 0x84, 0x3, 0xfb, 0x7f,
    0xd1, 0xfe, 0x70, 0xe, 0x8f, 0xf4, 0x7f, 0xb0,
    0x3, 0xfd, 0x1f, 0xfc, 0x40, 0x1c, 0x7f, 0xfc,
    0xe0, 0x1f, 0xe4, 0xff, 0xda, 0x1, 0xf7, 0x7f,
    0xe3, 0x0, 0xff, 0xbf, 0xf4, 0x0, 0x7d, 0x3f,
    0xf7, 0x0, 0x7f, 0xf0, 0x2b, 0xfe, 0x30, 0xf,
    0x93, 0xfe, 0x90, 0xf, 0xfe, 0x2, 0xff, 0xb8,
    0x3, 0xfb, 0xfe, 0x50, 0xf, 0x0,

    /* U+0058 "X" */
    0x1e, 0xff, 0x48, 0x7, 0xf1, 0x7f, 0xd2, 0xb,
    0xff, 0x20, 0x7, 0xeb, 0xff, 0x68, 0x5, 0x7f,
    0xed, 0x0, 0xf9, 0xbf, 0xe3, 0x0, 0x87, 0xbf,
    0xd2, 0x1, 0xc3, 0xff, 0x40, 0x7, 0x2f, 0xfc,
    0x80, 0x1a, 0xff, 0xda, 0x1, 0xf5, 0x7f, 0xb4,
    0x2, 0x6f, 0xf8, 0xc0, 0x3e, 0x1e, 0xff, 0x48,
    0xf, 0x7f, 0xa0, 0x3, 0xf9, 0x7f, 0xe3, 0xaf,
    0xf6, 0x80, 0x7f, 0xd5, 0xfe, 0xef, 0xf8, 0xc0,
    0x3f, 0xe1, 0xef, 0xfd, 0x0, 0x1f, 0xfc, 0x18,
    0xff, 0xc0, 0x1f, 0xfc, 0x11, 0xef, 0xfd, 0x0,
    0x1f, 0xfc, 0xb, 0xff, 0xf1, 0x80, 0x7f, 0x9b,
    0xfe, 0x3b, 0xff, 0x68, 0x7, 0xf0, 0xff, 0xd0,
    0x3, 0xff, 0x48, 0x7, 0xeb, 0xff, 0x68, 0x4,
    0xdf, 0xf2, 0x0, 0x79, 0xbf, 0xe3, 0x0, 0xd7,
    0xfe, 0xd0, 0xe, 0x2f, 0xfa, 0x0, 0x38, 0x7b,
    0xfd, 0x20, 0x1a, 0xff, 0xda, 0x1, 0xf2, 0xff,
    0xc8, 0x0, 0x6f, 0xf8, 0xc0, 0x3f, 0x57, 0xfb,
    0x84, 0xbf, 0xe8, 0x0, 0xfe, 0x1e, 0xff, 0x50,

    /* U+0059 "Y" */
    0x7f, 0xf8, 0x40, 0x3f, 0xaf, 0xfd, 0x61, 0xbf,
    0xe9, 0x0, 0xfc, 0x9f, 0xf1, 0x2, 0x7f, 0xc4,
    0x1, 0xf6, 0xff, 0xa4, 0x2, 0xbf, 0xf5, 0x0,
    0x79, 0xbf, 0xdc, 0x20, 0x11, 0x7f, 0xc6, 0x1,
    0xdd, 0xfe, 0x70, 0xe, 0x9f, 0xf5, 0x80, 0x68,
    0xff, 0x68, 0x7, 0x87, 0xbf, 0xc8, 0x0, 0x1f,
    0xf9, 0x0, 0x3e, 0x6f, 0xf6, 0x80, 0x2b, 0xfd,
    0x60, 0x1f, 0xdb, 0xfe, 0x63, 0xff, 0x88, 0x3,
    0xf9, 0x3f, 0xdd, 0x9f, 0xe9, 0x0, 0xff, 0xaf,
    0xff, 0x84, 0x3, 0xfe, 0x2f, 0xfc, 0xe0, 0x1f,
    0xfc, 0x18, 0xff, 0x70, 0x7, 0xff, 0x9, 0x7f,
    0xd6, 0x1, 0xff, 0xc2, 0x5f, 0xf5, 0x80, 0x7f,
    0xf0, 0x97, 0xfd, 0x60, 0x1f, 0xfc, 0x25, 0xff,
    0x58, 0x7, 0xff, 0x9, 0x7f, 0xd6, 0x1, 0xff,
    0xc2, 0x5f, 0xf5, 0x80, 0x7f, 0xf0, 0x97, 0xfd,
    0x60, 0x1f, 0xfc, 0x25, 0xff, 0x58, 0x7, 0xc0,

    /* U+005A "Z" */
    0x6, 0xff, 0xff, 0xe1, 0x30, 0x37, 0xff, 0xff,
    0x9, 0x81, 0x2e, 0xff, 0xdf, 0xf9, 0x0, 0x3f,
    0xe1, 0xef, 0xf5, 0x0, 0x7f, 0xf0, 0x2f, 0xfd,
    0xa0, 0x1f, 0xfc, 0x7, 0xff, 0x8c, 0x3, 0xfe,
    0x3f, 0xf9, 0x80, 0x3f, 0xf8, 0x1b, 0xfe, 0xa0,
    0xf, 0xfe, 0x5, 0x7f, 0xb4, 0x40, 0x3f, 0xe6,
    0xff, 0x8c, 0x3, 0xfe, 0x2f, 0xf9, 0xc0, 0x3f,
    0xf8, 0x1b, 0xfe, 0xb0, 0xf, 0xfe, 0x5, 0x7f,
    0xb8, 0x40, 0x3f, 0xe6, 0xff, 0x8c, 0x3, 0xfe,
    0x2f, 0xf9, 0xc0, 0x3f, 0xf8, 0x1b, 0xfe, 0xb0,
    0xf, 0xfe, 0x4, 0xff, 0xb8, 0x40, 0x3f, 0xe5,
    0xff, 0x8c, 0x3, 0xff, 0x81, 0xff, 0xae, 0xff,
    0xe8, 0x1f, 0xff, 0xfe, 0x1d, 0x8f, 0xff, 0xff,
    0xe, 0xc0,

    /* U+005B "[" */
    0x2f, 0xfe, 0xd2, 0xff, 0xee, 0x2f, 0xf1, 0x80,
    0x45, 0xfe, 0x30, 0x8, 0xbf, 0xc6, 0x1, 0x17,
    0xf8, 0xc0, 0x22, 0xff, 0x18, 0x4, 0x5f, 0xe3,
    0x0, 0x8b, 0xfc, 0x60, 0x11, 0x7f, 0x8c, 0x2,
    0x2f, 0xf1, 0x80, 0x45, 0xfe, 0x30, 0x8, 0xbf,
    0xc6, 0x1, 0x17, 0xf8, 0xc0, 0x22, 0xff, 0x18,
    0x4, 0x5f, 0xe3, 0x0, 0x8b, 0xfc, 0x60, 0x11,
    0x7f, 0x8c, 0x2, 0x2f, 0xf1, 0x80, 0x45, 0xfe,
    0x30, 0x8, 0xbf, 0xc6, 0x1, 0x17, 0xf8, 0xc0,
    0x22, 0xff, 0x18, 0x4, 0x5f, 0xe3, 0x0, 0x8b,
    0xfc, 0x60, 0x11, 0x7f, 0x8c, 0x2, 0x2f, 0xf1,
    0x80, 0x45, 0xfe, 0x30, 0x8, 0xbf, 0xfb, 0x4b,
    0xff, 0xb8,

    /* U+005C "\\" */
    0xcf, 0x70, 0xf, 0xf9, 0x7f, 0x80, 0x3f, 0xf8,
    0x1d, 0xe8, 0x1, 0xff, 0x47, 0xd8, 0x7, 0xfc,
    0x5f, 0xe1, 0x0, 0xff, 0xb3, 0xdc, 0x3, 0xfe,
    0x5f, 0xe0, 0xf, 0xfe, 0x7, 0x7a, 0x0, 0x7f,
    0xd3, 0xf4, 0x1, 0xff, 0x17, 0xf8, 0x40, 0x3f,
    0xec, 0xf7, 0x0, 0xff, 0x97, 0xf4, 0x3, 0xff,
    0x81, 0xde, 0x80, 0x1f, 0xf4, 0xfd, 0x0, 0x7f,
    0xc5, 0xfe, 0x10, 0xf, 0xfb, 0x3d, 0xc0, 0x3f,
    0xe6, 0xfd, 0x0, 0xff, 0xe0, 0x7f, 0x90, 0x3,
    0xfe, 0x9f, 0xa0, 0xf, 0xf8, 0xbf, 0xc2, 0x1,
    0xff, 0x67, 0xb8, 0x7, 0xfc, 0xdf, 0xa0, 0x1f,
    0xfc, 0xf, 0xf2, 0x0, 0x7f, 0xd3, 0xf4, 0x1,
    0xff, 0x17, 0xf8, 0x40, 0x3f, 0xec, 0xf7, 0x0,
    0xff, 0x9b, 0xf4, 0x0,

    /* U+005D "]" */
    0xbf, 0xfe, 0x4b, 0xff, 0xe5, 0x0, 0x87, 0xfc,
    0xa0, 0x10, 0xff, 0x94, 0x2, 0x1f, 0xf2, 0x80,
    0x43, 0xfe, 0x50, 0x8, 0x7f, 0xca, 0x1, 0xf,
    0xf9, 0x40, 0x21, 0xff, 0x28, 0x4, 0x3f, 0xe5,
    0x0, 0x87, 0xfc, 0xa0, 0x10, 0xff, 0x94, 0x2,
    0x1f, 0xf2, 0x80, 0x43, 0xfe, 0x50, 0x8, 0x7f,
    0xca, 0x1, 0xf, 0xf9, 0x40, 0x21, 0xff, 0x28,
    0x4, 0x3f, 0xe5, 0x0, 0x87, 0xfc, 0xa0, 0x10,
    0xff, 0x94, 0x2, 0x1f, 0xf2, 0x80, 0x43, 0xfe,
    0x50, 0x8, 0x7f, 0xca, 0x1, 0xf, 0xf9, 0x40,
    0x21, 0xff, 0x28, 0x4, 0x3f, 0xe5, 0x0, 0x87,
    0xfc, 0xa0, 0x10, 0xff, 0x96, 0xff, 0xf9, 0x6f,
    0xff, 0x94,

    /* U+005E "^" */
    0x0, 0xf1, 0x44, 0x48, 0x1, 0xff, 0xc0, 0x9f,
    0xfb, 0x80, 0x3f, 0xf8, 0x1f, 0xfc, 0xa0, 0x1f,
    0xe6, 0xff, 0x57, 0xfa, 0xc0, 0x3f, 0xdb, 0xfe,
    0x1c, 0xff, 0x10, 0x7, 0xe3, 0xff, 0x58, 0x37,
    0xfa, 0x0, 0x3f, 0x57, 0xf9, 0x40, 0x7f, 0xdc,
    0x1, 0xf0, 0xff, 0xb8, 0x2, 0xaf, 0xf2, 0x80,
    0x79, 0xff, 0xd0, 0x1, 0x1f, 0xfb, 0x0, 0x3d,
    0xbf, 0xe2, 0x0, 0xdb, 0xfe, 0x20, 0xc, 0x9f,
    0xec, 0x0, 0xe7, 0xff, 0x48, 0x6, 0xaf, 0xf2,
    0x80, 0x70, 0xff, 0xc0, 0x10, 0xff, 0xc0, 0x1f,
    0x57, 0xf9, 0x80, 0xf, 0xfe, 0x90, 0xf, 0x93,
    0xfd, 0x80, 0xe, 0xff, 0x18, 0x7, 0xee, 0xff,
    0x18,

    /* U+005F "_" */
    0x23, 0x3f, 0xf8, 0xab, 0xff, 0xfe, 0xaa, 0x7f,
    0xff, 0xd4,

    /* U+0060 "`" */
    0x3f, 0xf6, 0x80, 0x63, 0xef, 0xa0, 0xc, 0x7d,
    0xec, 0x1, 0x8b, 0xbc, 0xc0,

    /* U+0061 "a" */
    0x0, 0x92, 0x77, 0xfd, 0xd4, 0x80, 0x18, 0x6f,
    0xff, 0xf5, 0x0, 0x7, 0xbf, 0xeb, 0x89, 0xcf,
    0xfa, 0x0, 0xd, 0xf4, 0x20, 0x19, 0xbf, 0xe0,
    0x8, 0xc0, 0x3e, 0xcf, 0xf2, 0x0, 0x7f, 0xa7,
    0xfc, 0xc0, 0x4, 0xad, 0xff, 0xfc, 0xc1, 0x1f,
    0xff, 0xf3, 0x1f, 0xfd, 0x28, 0x67, 0xb3, 0xfc,
    0xd1, 0xfe, 0x80, 0xf, 0x7f, 0xcd, 0x3f, 0xe5,
    0x0, 0xe1, 0xff, 0x99, 0xff, 0xd6, 0x1, 0x87,
    0x3f, 0xe6, 0x1f, 0xfb, 0x5d, 0xa7, 0xbf, 0xf3,
    0x2, 0x7f, 0xfd, 0x6f, 0xfe, 0x60, 0x0, 0xce,
    0xff, 0xb1, 0x81, 0x7f, 0xcc,

    /* U+0062 "b" */
    0xff, 0x80, 0x3f, 0xf8, 0x1f, 0xf0, 0x7, 0xff,
    0x3, 0xfe, 0x0, 0xff, 0xe0, 0x7f, 0xc0, 0x1f,
    0xfc, 0xf, 0xf8, 0x3, 0xff, 0x81, 0xff, 0x0,
    0x7f, 0xf0, 0x3f, 0xe0, 0x19, 0xdf, 0xda, 0x30,
    0xd, 0xff, 0x1f, 0x7f, 0xfa, 0x40, 0x2f, 0xfb,
    0xbf, 0xaf, 0x3f, 0xf4, 0x0, 0x3f, 0xf3, 0x80,
    0x69, 0xff, 0x8c, 0x3f, 0xe8, 0x0, 0xf5, 0xff,
    0xa4, 0x3f, 0xe1, 0x0, 0xf1, 0xff, 0xb8, 0x3f,
    0xd8, 0x1, 0xfb, 0xbf, 0xc1, 0xfe, 0xb0, 0xf,
    0xdb, 0xfe, 0x1f, 0xf6, 0x0, 0x7e, 0xef, 0xf0,
    0x7f, 0xc2, 0x1, 0xe3, 0xff, 0x70, 0x7f, 0xd0,
    0x1, 0xeb, 0xff, 0x48, 0x7f, 0xe7, 0x0, 0xd3,
    0xff, 0x10, 0x7f, 0xf7, 0x5e, 0x7f, 0xe8, 0x0,
    0x7f, 0xcb, 0xff, 0xf4, 0x80, 0x5f, 0xf0, 0x15,
    0x77, 0xf5, 0x18, 0x6,

    /* U+0063 "c" */
    0x0, 0xcd, 0x9d, 0xfd, 0x48, 0x1, 0xc5, 0xbf,
    0xff, 0x48, 0x4, 0x3d, 0xff, 0x54, 0xe7, 0xfd,
    0x0, 0xa, 0xff, 0x60, 0x80, 0x49, 0xff, 0x11,
    0x3f, 0xe1, 0x0, 0xe7, 0xe8, 0x16, 0xff, 0x48,
    0x7, 0xfa, 0x7f, 0xcc, 0x1, 0xfe, 0xaf, 0xf2,
    0x80, 0x7f, 0xa7, 0xfc, 0xc0, 0x1f, 0xe6, 0xff,
    0x48, 0x7, 0xf8, 0xbf, 0xe1, 0x0, 0xe7, 0xe8,
    0x10, 0xaf, 0xf6, 0x8, 0x4, 0x9f, 0xf1, 0x0,
    0xf7, 0xfd, 0x53, 0x9f, 0xf4, 0x0, 0x45, 0xdf,
    0xff, 0x50, 0x7, 0x9f, 0x3b, 0xfa, 0x90, 0x2,

    /* U+0064 "d" */
    0x0, 0xff, 0x9f, 0xfc, 0xc0, 0x1f, 0xf3, 0xff,
    0x98, 0x3, 0xfe, 0x7f, 0xf3, 0x0, 0x7f, 0xcf,
    0xfe, 0x60, 0xf, 0xf9, 0xff, 0xcc, 0x1, 0xff,
    0x3f, 0xf9, 0x80, 0x21, 0x7c, 0xff, 0x62, 0x83,
    0xff, 0x98, 0x0, 0x7d, 0xff, 0xea, 0x7f, 0xf3,
    0x0, 0xff, 0xed, 0xbd, 0xff, 0xe6, 0xb, 0xff,
    0x71, 0x80, 0x45, 0xbf, 0xf3, 0x17, 0xfc, 0x40,
    0x1c, 0x3f, 0xf3, 0x33, 0xfd, 0x40, 0x1f, 0x4f,
    0xf9, 0xa3, 0xfc, 0xc0, 0x1f, 0x2f, 0xf9, 0xab,
    0xfc, 0xa0, 0x1f, 0x1f, 0xf9, 0xa3, 0xfc, 0xc0,
    0x1f, 0x2f, 0xf9, 0x99, 0xfe, 0xa0, 0xf, 0xa7,
    0xfc, 0xc3, 0xff, 0x18, 0x7, 0xf, 0xfc, 0xc1,
    0x7f, 0xee, 0x30, 0x8, 0xb7, 0xfe, 0x60, 0x1f,
    0xfd, 0xb7, 0xbf, 0xfc, 0xc0, 0x3, 0xef, 0xff,
    0x5c, 0x7f, 0x98, 0x2, 0x17, 0xcf, 0xf6, 0x30,
    0x3f, 0xf9, 0x80,

    /* U+0065 "e" */
    0x0, 0xcf, 0x9d, 0xfd, 0x46, 0x1, 0xc7, 0xdf,
    0xff, 0x48, 0x4, 0x3d, 0xfe, 0xd8, 0x7a, 0xff,
    0x9c, 0x1, 0x5f, 0xe7, 0x0, 0xc5, 0xdf, 0xe1,
    0x17, 0xfa, 0xc0, 0x3c, 0x9f, 0xe7, 0x6f, 0xf2,
    0x80, 0x7d, 0xfe, 0xb9, 0xff, 0xff, 0xe0, 0x65,
    0x7f, 0xff, 0xf0, 0x36, 0x7f, 0xce, 0x45, 0xfc,
    0x2f, 0xfe, 0x80, 0xf, 0xf1, 0x7f, 0xb8, 0x3,
    0xe1, 0x0, 0xaf, 0xfd, 0x62, 0x1, 0x9f, 0xd8,
    0x0, 0x5f, 0xfa, 0xea, 0xff, 0xf1, 0x0, 0xf,
    0xbf, 0xfe, 0xe5, 0x0, 0xe7, 0xce, 0xfe, 0xc7,
    0x10, 0x0,

    /* U+0066 "f" */
    0x0, 0xc3, 0x3d, 0xfd, 0x42, 0x1, 0xf, 0x7f,
    0xee, 0x0, 0xcf, 0xfe, 0xe8, 0x83, 0x0, 0x6a,
    0xff, 0x28, 0x7, 0xd7, 0xfe, 0x30, 0xf, 0xaf,
    0xfc, 0x60, 0x1a, 0xff, 0xff, 0x40, 0x5f, 0xff,
    0xe8, 0x3, 0x44, 0x6f, 0xf9, 0x91, 0x4, 0x1,
    0xb3, 0xfc, 0x60, 0x1f, 0x67, 0xf8, 0xc0, 0x3e,
    0xcf, 0xf1, 0x80, 0x7d, 0x9f, 0xe3, 0x0, 0xfb,
    0x3f, 0xc6, 0x1, 0xf6, 0x7f, 0x8c, 0x3, 0xec,
    0xff, 0x18, 0x7, 0xd9, 0xfe, 0x30, 0xf, 0xb3,
    0xfc, 0x60, 0x1f, 0x67, 0xf8, 0xc0, 0x3e, 0xcf,
    0xf1, 0x80, 0x7d, 0x9f, 0xe3, 0x0, 0xc0,

    /* U+0067 "g" */
    0x0, 0xff, 0x86, 0x44, 0x3, 0x1c, 0xef, 0xf5,
    0xa9, 0x6f, 0xd8, 0x4, 0xff, 0xff, 0xe7, 0x0,
    0x2f, 0xfd, 0x4f, 0x1d, 0xff, 0x28, 0x5, 0xbf,
    0xe5, 0x0, 0x87, 0xbf, 0xc4, 0x0, 0x1f, 0xf6,
    0x80, 0x74, 0x7f, 0x98, 0x0, 0x5f, 0xec, 0x0,
    0xe7, 0xff, 0x38, 0x5, 0xff, 0x8, 0x6, 0xbf,
    0xf2, 0x80, 0x53, 0xfe, 0xd3, 0x2, 0x9f, 0xf7,
    0x0, 0x61, 0xff, 0xfe, 0x50, 0xd, 0x7f, 0xff,
    0x61, 0x80, 0x64, 0xff, 0x20, 0x1a, 0x20, 0x40,
    0x3c, 0xff, 0xe6, 0x0, 0xff, 0x8f, 0xfe, 0xc8,
    0x63, 0x10, 0xf, 0x9f, 0xff, 0xee, 0xa4, 0x0,
    0xc3, 0xbf, 0xff, 0xd2, 0x0, 0x5e, 0xfb, 0x0,
    0x1a, 0xc6, 0x7f, 0xc8, 0x1b, 0xfe, 0x0, 0xfa,
    0x3f, 0xd0, 0x17, 0xfe, 0x20, 0xf, 0x3f, 0xf9,
    0xc1, 0x7f, 0xdd, 0x8, 0x44, 0x38, 0xff, 0x88,
    0x0, 0xff, 0xff, 0xe5, 0x0, 0xc2, 0xf9, 0xdf,
    0xee, 0xc8, 0x10, 0x8,

    /* U+0068 "h" */
    0xff, 0x80, 0x3f, 0xdf, 0xf0, 0x7, 0xfb, 0xfe,
    0x0, 0xff, 0x7f, 0xc0, 0x1f, 0xef, 0xf8, 0x3,
    0xfd, 0xff, 0x0, 0x7f, 0xbf, 0xe0, 0x2a, 0xef,
    0xea, 0x30, 0x7, 0xfc, 0xbf, 0xff, 0x28, 0x7f,
    0xf5, 0xcd, 0xff, 0xe1, 0xff, 0xc8, 0x1, 0x1f,
    0x7f, 0x9b, 0xfe, 0x80, 0xe, 0x8f, 0xf4, 0xff,
    0xc6, 0x1, 0xcb, 0xfe, 0xbf, 0xf8, 0x40, 0x38,
    0xff, 0xd7, 0xff, 0x0, 0x78, 0xff, 0xd7, 0xff,
    0x0, 0x78, 0xff, 0xd7, 0xff, 0x0, 0x78, 0xff,
    0xd7, 0xff, 0x0, 0x78, 0xff, 0xd7, 0xff, 0x0,
    0x78, 0xff, 0xd7, 0xff, 0x0, 0x78, 0xff, 0xd7,
    0xff, 0x0, 0x78, 0xff, 0xd7, 0xff, 0x0, 0x78,
    0xff, 0xd6,

    /* U+0069 "i" */
    0x3f, 0xf8, 0x8f, 0xfe, 0x23, 0xff, 0x88, 0x66,
    0x61, 0x0, 0xff, 0xbf, 0xe0, 0x7, 0xfc, 0x0,
    0xff, 0x80, 0x1f, 0xf0, 0x3, 0xfe, 0x0, 0x7f,
    0xc0, 0xf, 0xf8, 0x1, 0xff, 0x0, 0x3f, 0xe0,
    0x7, 0xfc, 0x0, 0xff, 0x80, 0x1f, 0xf0, 0x3,
    0xfe, 0x0, 0x7f, 0xc0, 0xf, 0xf8, 0x0,

    /* U+006A "j" */
    0x0, 0x17, 0xfc, 0x40, 0x2, 0xff, 0x88, 0x0,
    0x5f, 0xf1, 0x0, 0x6, 0x66, 0x10, 0xf, 0xfe,
    0x2f, 0xfc, 0x1, 0xbf, 0xe0, 0xd, 0xff, 0x0,
    0x6f, 0xf8, 0x3, 0x7f, 0xc0, 0x1b, 0xfe, 0x0,
    0xdf, 0xf0, 0x6, 0xff, 0x80, 0x37, 0xfc, 0x1,
    0xbf, 0xe0, 0xd, 0xff, 0x0, 0x6f, 0xf8, 0x3,
    0x7f, 0xc0, 0x1b, 0xfe, 0x0, 0xdf, 0xf0, 0x6,
    0xff, 0x80, 0x37, 0xfc, 0x1, 0x17, 0xfb, 0x82,
    0xaf, 0xbf, 0xd8, 0x19, 0xff, 0x98, 0x23, 0x7f,
    0x5c, 0x0,

    /* U+006B "k" */
    0xff, 0x80, 0x3f, 0xef, 0xf8, 0x3, 0xfe, 0xff,
    0x80, 0x3f, 0xef, 0xf8, 0x3, 0xfe, 0xff, 0x80,
    0x3f, 0xef, 0xf8, 0x3, 0xfe, 0xff, 0x80, 0x39,
    0x7f, 0xe6, 0xf, 0xf8, 0x3, 0x2f, 0xfc, 0xe0,
    0xf, 0xf8, 0x2, 0x4f, 0xf9, 0xc0, 0x2f, 0xf8,
    0x0, 0x7f, 0xf4, 0x0, 0x6f, 0xf8, 0xf, 0xfe,
    0x90, 0xe, 0xff, 0x8f, 0xbf, 0xd8, 0x1, 0xef,
    0xfb, 0xbf, 0xf1, 0x0, 0x77, 0xff, 0x6f, 0xfb,
    0x0, 0x3b, 0xff, 0x48, 0xf7, 0xf9, 0x80, 0x37,
    0xfd, 0x40, 0x5, 0xff, 0x84, 0x2, 0xff, 0x80,
    0x35, 0xff, 0xac, 0x2, 0xff, 0x80, 0x31, 0x7f,
    0xca, 0x0, 0xff, 0x80, 0x39, 0xff, 0xdc, 0x21,
    0xff, 0x0, 0x7b, 0x7f, 0xd4, 0x1f, 0xf0, 0x7,
    0x8f, 0xfe, 0x40,

    /* U+006C "l" */
    0xf, 0xf7, 0x0, 0x6f, 0xf7, 0x0, 0x6f, 0xf7,
    0x0, 0x6f, 0xf7, 0x0, 0x6f, 0xf7, 0x0, 0x6f,
    0xf7, 0x0, 0x6f, 0xf7, 0x0, 0x6f, 0xf7, 0x0,
    0x6f, 0xf7, 0x0, 0x6f, 0xf7, 0x0, 0x6f, 0xf7,
    0x0, 0x6f, 0xf7, 0x0, 0x6f, 0xf7, 0x0, 0x6f,
    0xf7, 0x0, 0x6f, 0xf7, 0x0, 0x6f, 0xf7, 0x0,
    0x6f, 0xf7, 0x0, 0x6f, 0xf8, 0x3, 0x6f, 0xfb,
    0xad, 0x2, 0x3f, 0xf2, 0x80, 0x23, 0xbf, 0x4c,

    /* U+006D "m" */
    0xff, 0x80, 0xab, 0xbf, 0x5c, 0x2, 0x6c, 0xfe,
    0xc5, 0x0, 0xbf, 0xe4, 0xff, 0xf6, 0x5, 0x7f,
    0xfa, 0x40, 0x1f, 0xf7, 0x7d, 0x4e, 0xff, 0xdd,
    0xfe, 0xa9, 0xdf, 0xf9, 0x3, 0xff, 0x18, 0x5,
    0x7f, 0xf8, 0xc0, 0x2a, 0xff, 0x58, 0x7f, 0xce,
    0x1, 0x8b, 0xfe, 0x90, 0xc, 0x3f, 0xf0, 0x7f,
    0xc6, 0x1, 0xdf, 0xf1, 0x80, 0x77, 0x7f, 0x83,
    0xfe, 0x10, 0xe, 0xef, 0xf0, 0x80, 0x76, 0xff,
    0x87, 0xfe, 0x0, 0xf7, 0x7f, 0x84, 0x3, 0xb7,
    0xfc, 0x3f, 0xf0, 0x7, 0xbb, 0xfc, 0x20, 0x1d,
    0xbf, 0xe1, 0xff, 0x80, 0x3d, 0xdf, 0xe1, 0x0,
    0xed, 0xff, 0xf, 0xfc, 0x1, 0xee, 0xff, 0x8,
    0x7, 0x6f, 0xf8, 0x7f, 0xe0, 0xf, 0x77, 0xf8,
    0x40, 0x3b, 0x7f, 0xc3, 0xff, 0x0, 0x7b, 0xbf,
    0xc2, 0x1, 0xdb, 0xfe, 0x1f, 0xf8, 0x3, 0xdd,
    0xfe, 0x10, 0xe, 0xdf, 0xf0, 0xff, 0xc0, 0x1e,
    0xef, 0xf0, 0x80, 0x76, 0xff, 0x84,

    /* U+006E "n" */
    0xff, 0x80, 0xab, 0xbf, 0xa8, 0xc0, 0x1f, 0xf2,
    0xff, 0xfc, 0xa1, 0xff, 0xd7, 0x37, 0xff, 0x87,
    0xff, 0x20, 0x4, 0x7d, 0xfe, 0x6f, 0xfa, 0x40,
    0x3a, 0x3f, 0xd3, 0xff, 0x20, 0x7, 0x2f, 0xfa,
    0xff, 0xe1, 0x0, 0xe3, 0xff, 0x5f, 0xfc, 0x1,
    0xe3, 0xff, 0x5f, 0xfc, 0x1, 0xe3, 0xff, 0x5f,
    0xfc, 0x1, 0xe3, 0xff, 0x5f, 0xfc, 0x1, 0xe3,
    0xff, 0x5f, 0xfc, 0x1, 0xe3, 0xff, 0x5f, 0xfc,
    0x1, 0xe3, 0xff, 0x5f, 0xfc, 0x1, 0xe3, 0xff,
    0x5f, 0xfc, 0x1, 0xe3, 0xff, 0x58,

    /* U+006F "o" */
    0x0, 0xc9, 0x5b, 0xfd, 0x8c, 0x1, 0xe1, 0xbf,
    0xff, 0xb4, 0xc0, 0x36, 0xff, 0xd7, 0x35, 0xff,
    0x88, 0x1, 0x3f, 0xed, 0x20, 0xd, 0x5f, 0xed,
    0x1, 0xff, 0x84, 0x3, 0xd9, 0xfe, 0x46, 0xff,
    0x48, 0x7, 0xcb, 0xfe, 0xa8, 0xff, 0x30, 0x7,
    0xc5, 0xfe, 0xca, 0xff, 0x28, 0x7, 0xc3, 0xfe,
    0xe8, 0xff, 0x30, 0x7, 0xc5, 0xfe, 0xc6, 0xff,
    0x48, 0x7, 0xcd, 0xfe, 0xa1, 0xff, 0x88, 0x3,
    0xdb, 0xfe, 0x40, 0x9f, 0xf6, 0x90, 0x4, 0x35,
    0xfe, 0xc0, 0xb, 0x7f, 0xec, 0xab, 0xff, 0xc4,
    0x1, 0xd, 0xff, 0xfd, 0xa4, 0x1, 0xe4, 0xad,
    0xfe, 0xb6, 0x0, 0xc0,

    /* U+0070 "p" */
    0xff, 0x80, 0xeb, 0xbf, 0x68, 0xc0, 0x37, 0xfc,
    0xbf, 0xff, 0x48, 0x5, 0xff, 0xdd, 0x79, 0xff,
    0xa0, 0x1, 0xff, 0xa0, 0x2, 0x1a, 0xff, 0x88,
    0x3f, 0xe9, 0x0, 0xf5, 0xff, 0xa4, 0x3f, 0xe1,
    0x0, 0xf1, 0xff, 0xb8, 0x3f, 0xd8, 0x1, 0xfb,
    0xbf, 0xc1, 0xfe, 0xb0, 0xf, 0xdb, 0xfe, 0x1f,
    0xf6, 0x0, 0x7e, 0xef, 0xf0, 0x7f, 0xc2, 0x1,
    0xe3, 0xff, 0x70, 0x7f, 0xd0, 0x1, 0xea, 0xff,
    0x48, 0x7f, 0xe7, 0x0, 0xd3, 0xff, 0x18, 0x7f,
    0xf7, 0x5e, 0x7f, 0xe8, 0x0, 0x7f, 0xcb, 0xff,
    0xf4, 0x80, 0x5f, 0xf0, 0x14, 0xf7, 0xf5, 0x20,
    0x6, 0xff, 0x80, 0x3f, 0xf8, 0x1f, 0xf0, 0x7,
    0xff, 0x3, 0xfe, 0x0, 0xff, 0xe0, 0x7f, 0xc0,
    0x1f, 0xfc, 0xf, 0xf8, 0x3, 0xff, 0x81, 0xff,
    0x0, 0x7f, 0xf0, 0x0,

    /* U+0071 "q" */
    0x0, 0x85, 0xf3, 0xfd, 0x8c, 0xf, 0xfe, 0x60,
    0x1, 0xf7, 0xff, 0xb2, 0x3f, 0xcc, 0x3, 0xff,
    0xb6, 0xf7, 0xff, 0x98, 0x2f, 0xfd, 0xc8, 0x1,
    0x1e, 0xff, 0xcc, 0x3f, 0xf1, 0x80, 0x71, 0x7f,
    0xcc, 0xcf, 0xf5, 0x0, 0x7d, 0x3f, 0xe6, 0x8f,
    0xf3, 0x0, 0x7c, 0xbf, 0xe6, 0xaf, 0xf2, 0x80,
    0x7c, 0x7f, 0xe6, 0x8f, 0xf3, 0x0, 0x7c, 0xbf,
    0xe6, 0x67, 0xfa, 0x80, 0x3e, 0x9f, 0xf3, 0x17,
    0xfc, 0x40, 0x1c, 0x3f, 0xf3, 0x5, 0xff, 0xb8,
    0xc0, 0x22, 0xdf, 0xf9, 0x80, 0x7f, 0xf6, 0xde,
    0xff, 0xf3, 0x0, 0xf, 0xbf, 0xfd, 0x71, 0xfe,
    0x60, 0x8, 0x5f, 0x3f, 0xd8, 0xc0, 0xff, 0xe6,
    0x0, 0xff, 0x9f, 0xfc, 0xc0, 0x1f, 0xf3, 0xff,
    0x98, 0x3, 0xfe, 0x7f, 0xf3, 0x0, 0x7f, 0xcf,
    0xfe, 0x60, 0xf, 0xf9, 0xff, 0xcc, 0x1, 0xff,
    0x3f, 0xf9, 0x80,

    /* U+0072 "r" */
    0xff, 0x80, 0x67, 0xbf, 0x5f, 0xfe, 0x3e, 0xff,
    0xcb, 0xff, 0x77, 0xfe, 0xd0, 0xff, 0xd2, 0x40,
    0x24, 0x1f, 0xf5, 0x80, 0x7b, 0xfe, 0x40, 0xf,
    0x7f, 0xc2, 0x1, 0xef, 0xf8, 0x3, 0xef, 0xf8,
    0x3, 0xef, 0xf8, 0x3, 0xef, 0xf8, 0x3, 0xef,
    0xf8, 0x3, 0xef, 0xf8, 0x3, 0xef, 0xf8, 0x3,
    0xef, 0xf8, 0x3, 0xe0,

    /* U+0073 "s" */
    0x0, 0x8a, 0x77, 0xfb, 0x1c, 0x40, 0x32, 0xff,
    0xfd, 0xc6, 0x0, 0x1f, 0xfa, 0x15, 0x55, 0xfe,
    0xe0, 0x2, 0xff, 0x9c, 0x3, 0x1f, 0x20, 0x1,
    0x7f, 0xd0, 0x1, 0xfc, 0x5f, 0xf5, 0xb1, 0x0,
    0x7c, 0xff, 0xfd, 0xb0, 0x40, 0x1c, 0x75, 0xff,
    0xe7, 0x0, 0xf9, 0x67, 0xbf, 0xe4, 0x0, 0xfe,
    0xaf, 0xf5, 0x0, 0x20, 0x80, 0x38, 0xbf, 0xd6,
    0x17, 0xfa, 0x40, 0x19, 0xbf, 0xd2, 0x15, 0xff,
    0x53, 0xba, 0xbf, 0xe3, 0x0, 0x47, 0xff, 0xe6,
    0x0, 0xc7, 0x3b, 0xfe, 0xd9, 0x20, 0x0,

    /* U+0074 "t" */
    0x0, 0xe1, 0x10, 0x7, 0xcf, 0xe6, 0x1, 0xeb,
    0xff, 0x18, 0x7, 0xb3, 0xfc, 0x60, 0x1e, 0xcf,
    0xf1, 0x80, 0x7b, 0x3f, 0xc6, 0x1, 0x5f, 0xff,
    0xe9, 0xbf, 0xff, 0xd2, 0x68, 0x8f, 0xf9, 0xd1,
    0x4, 0x1, 0x67, 0xf8, 0xc0, 0x3d, 0x9f, 0xe3,
    0x0, 0xf6, 0x7f, 0x8c, 0x3, 0xd9, 0xfe, 0x30,
    0xf, 0x67, 0xf8, 0xc0, 0x3d, 0x9f, 0xe3, 0x0,
    0xf6, 0x7f, 0x8c, 0x3, 0xd9, 0xfe, 0x30, 0xf,
    0x5f, 0xf9, 0xc0, 0x3d, 0x1f, 0xf4, 0x3a, 0x80,
    0x43, 0xdf, 0xfa, 0x40, 0x31, 0x57, 0x7e, 0xa8,

    /* U+0075 "u" */
    0x2f, 0xf6, 0x0, 0x79, 0xbf, 0xce, 0x5f, 0xec,
    0x0, 0xf3, 0x7f, 0x9c, 0xbf, 0xd8, 0x1, 0xe6,
    0xff, 0x39, 0x7f, 0xb0, 0x3, 0xcd, 0xfe, 0x72,
    0xff, 0x60, 0x7, 0x9b, 0xfc, 0xe5, 0xfe, 0xc0,
    0xf, 0x37, 0xf9, 0xcb, 0xfd, 0x80, 0x1e, 0x6f,
    0xf3, 0x97, 0xfb, 0x0, 0x3c, 0xff, 0xe7, 0x2f,
    0xf6, 0x0, 0x7a, 0x3f, 0xce, 0x3f, 0xee, 0x0,
    0xf5, 0xff, 0x9c, 0x3f, 0xe1, 0x0, 0xc3, 0xff,
    0x38, 0x6f, 0xfa, 0x80, 0x35, 0xff, 0xce, 0xd,
    0xff, 0x6c, 0xd7, 0x7f, 0xe7, 0x0, 0x5f, 0xff,
    0xb6, 0x3f, 0xce, 0x1, 0x36, 0x77, 0xe3, 0x83,
    0x7f, 0x9c,

    /* U+0076 "v" */
    0x3f, 0xf8, 0x3, 0xe3, 0xff, 0x70, 0x3, 0x3f,
    0xcc, 0x1, 0xe9, 0xff, 0x40, 0x1, 0xbf, 0xd6,
    0x1, 0xef, 0xf8, 0x80, 0x2f, 0xf8, 0x40, 0x32,
    0xff, 0xac, 0x3, 0x4f, 0xf9, 0xc0, 0x35, 0xff,
    0x94, 0x3, 0x17, 0xfb, 0x40, 0x21, 0xff, 0x70,
    0x7, 0xb3, 0xfc, 0x40, 0x7, 0xff, 0x40, 0x7,
    0x9b, 0xfd, 0x0, 0xc, 0xff, 0x10, 0x7, 0xdd,
    0xfc, 0x5, 0xfe, 0xb0, 0xf, 0xd3, 0xfe, 0x48,
    0xff, 0x28, 0x7, 0xe2, 0xff, 0x57, 0x7f, 0x0,
    0x7f, 0xb3, 0xff, 0x40, 0x7, 0xf9, 0x7f, 0xf1,
    0x0, 0x7f, 0xdd, 0xfe, 0xb0, 0xf, 0xfe, 0x4,
    0x7f, 0x94, 0x3, 0xc0,

    /* U+0077 "w" */
    0x1f, 0xf8, 0x3, 0x8f, 0xfd, 0x40, 0x1d, 0x1f,
    0xe9, 0xc, 0xff, 0x20, 0x6, 0x8f, 0xf8, 0x3,
    0xb3, 0xfc, 0x81, 0x1f, 0xe8, 0x0, 0xdb, 0xff,
    0x20, 0x4, 0x3f, 0xf0, 0x0, 0xff, 0xda, 0x1,
    0x17, 0xfe, 0x90, 0x9, 0x7f, 0xd6, 0x1, 0x77,
    0xf8, 0x40, 0xf, 0xfe, 0xcf, 0xe0, 0xa, 0x7f,
    0xcc, 0x1, 0x57, 0xf9, 0x40, 0x19, 0xfa, 0xbf,
    0xe3, 0x0, 0x77, 0xf8, 0x40, 0x25, 0xff, 0x48,
    0xf, 0xfa, 0x3, 0xfd, 0x0, 0x5f, 0xed, 0x0,
    0xef, 0xf7, 0x3, 0x7f, 0x8c, 0x2f, 0xf4, 0x1b,
    0xfd, 0x0, 0x1d, 0x7f, 0xe2, 0xbf, 0xe0, 0x3,
    0x7f, 0x8a, 0xff, 0xc6, 0x1, 0xcf, 0xfe, 0x7f,
    0xf4, 0x80, 0x7, 0xfd, 0x1f, 0xee, 0x0, 0xf1,
    0x7f, 0xbb, 0xfc, 0x80, 0x16, 0x7f, 0xe9, 0x0,
    0xfb, 0x7f, 0xf0, 0x6, 0x7f, 0xfc, 0xa0, 0x1f,
    0x47, 0xfd, 0x40, 0x18, 0xbf, 0xf0, 0x7, 0xe4,
    0xff, 0x94, 0x3, 0xb7, 0xfd, 0x60, 0x1f, 0xdf,
    0xf0, 0x80, 0x74, 0x7f, 0x98, 0x3, 0x0,

    /* U+0078 "x" */
    0xd, 0xff, 0x50, 0x7, 0xb3, 0xfd, 0x60, 0x3,
    0xff, 0x90, 0x3, 0x37, 0xfb, 0x84, 0x2, 0x8f,
    0xf7, 0x8, 0x0, 0xbf, 0xe5, 0x0, 0xec, 0xff,
    0x48, 0x3, 0x3f, 0xd2, 0x1, 0xe2, 0xff, 0x91,
    0xff, 0xda, 0x1, 0xf9, 0xbf, 0xdd, 0xff, 0x18,
    0x7, 0xf5, 0xff, 0xe7, 0x0, 0xff, 0x1f, 0xfe,
    0x0, 0xff, 0xaf, 0xff, 0x40, 0x7, 0xf3, 0xff,
    0xbb, 0xfe, 0x40, 0xf, 0x8b, 0xfe, 0x46, 0xff,
    0x70, 0x7, 0xd9, 0xfe, 0x90, 0x6, 0x7f, 0xa8,
    0x3, 0xa3, 0xfd, 0xa0, 0x11, 0x7f, 0xca, 0x1,
    0x1f, 0xfc, 0x60, 0x19, 0xff, 0xdc, 0x20, 0xd,
    0xff, 0x48, 0x7, 0xb3, 0xfd, 0x60,

    /* U+0079 "y" */
    0x3f, 0xf8, 0x3, 0xe4, 0xff, 0x70, 0x3, 0x3f,
    0xcc, 0x1, 0xe9, 0xff, 0x40, 0x1, 0xbf, 0xd8,
    0x1, 0xef, 0xf8, 0x40, 0x2f, 0xf8, 0x40, 0x32,
    0xff, 0xac, 0x3, 0x4f, 0xf9, 0xc0, 0x35, 0xff,
    0x90, 0x3, 0x17, 0xfb, 0x40, 0x21, 0xff, 0x70,
    0x7, 0xb3, 0xfc, 0x60, 0x7, 0xff, 0x38, 0x7,
    0x97, 0xfd, 0x20, 0xd, 0xff, 0x8, 0x7, 0xdd,
    0xfc, 0x7, 0xfe, 0xa0, 0xf, 0xd1, 0xfe, 0x49,
    0xff, 0x20, 0x7, 0xe2, 0xff, 0x57, 0x7e, 0x80,
    0x7f, 0xaf, 0xff, 0x38, 0x7, 0xf9, 0x7f, 0xf0,
    0x80, 0x7f, 0xdd, 0xfe, 0xa0, 0xf, 0xfe, 0x7,
    0x7f, 0x90, 0x3, 0xfe, 0x5f, 0xf6, 0x80, 0x7f,
    0xf0, 0x2f, 0xfc, 0xe0, 0x1f, 0xf1, 0x7f, 0xc2,
    0x1, 0xff, 0x47, 0xfa, 0x80, 0x3f, 0xf8, 0x1d,
    0xfe, 0x30, 0xf, 0xf9, 0x7f, 0xda, 0x1, 0xfc,

    /* U+007A "z" */
    0x8f, 0xff, 0xfa, 0x3f, 0xff, 0xe3, 0x66, 0xfb,
    0xfe, 0xa0, 0xf, 0x9b, 0xfd, 0xa0, 0x1f, 0x1f,
    0xfc, 0x40, 0x1e, 0x1e, 0xff, 0x28, 0x7, 0xd9,
    0xfe, 0x80, 0xf, 0xa7, 0xfd, 0x60, 0x1f, 0x2f,
    0xfb, 0x84, 0x3, 0xc7, 0xff, 0x18, 0x7, 0x87,
    0xbf, 0xcc, 0x1, 0xf5, 0xff, 0xa4, 0x3, 0xe8,
    0xff, 0x99, 0xbe, 0x5e, 0xff, 0xff, 0x77, 0x3f,
    0xff, 0xdc,

    /* U+007B "{" */
    0x0, 0x97, 0x3b, 0x8a, 0x0, 0x4f, 0xfc, 0xc0,
    0xb, 0xff, 0x18, 0x6, 0xdf, 0xa0, 0xe, 0xef,
    0x90, 0xe, 0xff, 0x48, 0x7, 0x7f, 0xa4, 0x3,
    0xbf, 0xd2, 0x1, 0xdf, 0xe9, 0x0, 0xef, 0xf4,
    0x80, 0x77, 0xfa, 0x40, 0x3b, 0xfd, 0x20, 0x18,
    0x7f, 0xce, 0x1, 0xd, 0xff, 0x88, 0x2, 0xcf,
    0xe5, 0x0, 0xdb, 0xfc, 0x80, 0x18, 0xb3, 0xfc,
    0x40, 0x18, 0x7f, 0xce, 0x1, 0xdf, 0xe9, 0x0,
    0xef, 0xf4, 0x80, 0x77, 0xfa, 0x40, 0x3b, 0xfd,
    0x20, 0x1d, 0xfe, 0x90, 0xe, 0xff, 0x48, 0x7,
    0x7f, 0xa4, 0x3, 0xbf, 0xd2, 0x1, 0xdd, 0xf4,
    0x1, 0xd7, 0xfc, 0x20, 0x19, 0x7f, 0xee, 0x50,
    0x9, 0xfb, 0xfc, 0xc0,

    /* U+007C "|" */
    0x3f, 0xf0, 0x1f, 0xf8, 0xf, 0xfc, 0x7, 0xfe,
    0x3, 0xff, 0x1, 0xff, 0x80, 0xff, 0xc0, 0x7f,
    0xe0, 0x3f, 0xf0, 0x1f, 0xf8, 0xf, 0xfc, 0x7,
    0xfe, 0x3, 0xff, 0x1, 0xff, 0x80, 0xff, 0xc0,
    0x7f, 0xe0, 0x3f, 0xf0, 0x1f, 0xf8, 0xf, 0xfc,
    0x7, 0xfe, 0x3, 0xff, 0x1, 0xff, 0x80, 0xff,
    0xc0, 0x7f, 0xe0, 0x3f, 0xf0, 0x1f, 0xf8, 0xf,
    0xfc, 0x7, 0xfe, 0x3, 0xff, 0x1, 0xff, 0x80,

    /* U+007D "}" */
    0xae, 0xda, 0x20, 0xb, 0x3f, 0xed, 0x0, 0xe8,
    0xff, 0x28, 0x7, 0x7f, 0x9c, 0x3, 0xbf, 0xd0,
    0x1, 0xdf, 0xe8, 0x0, 0xef, 0xf4, 0x0, 0x77,
    0xfa, 0x0, 0x3b, 0xfd, 0x0, 0x1d, 0xfe, 0x80,
    0xe, 0xff, 0x40, 0x7, 0x7f, 0xa0, 0x3, 0xbb,
    0xe8, 0x3, 0xa7, 0xfc, 0xc0, 0x1d, 0x5f, 0xe6,
    0x0, 0xd1, 0xfe, 0x60, 0x9, 0xff, 0xce, 0x20,
    0x16, 0xfd, 0x80, 0x77, 0xfa, 0x0, 0x3b, 0xfd,
    0x0, 0x1d, 0xfe, 0x80, 0xe, 0xff, 0x40, 0x7,
    0x7f, 0xa0, 0x3, 0xbf, 0xd0, 0x1, 0xdf, 0xe8,
    0x0, 0xef, 0xf4, 0x0, 0x77, 0xf9, 0xc0, 0x33,
    0x7f, 0x94, 0x1, 0x5d, 0xfe, 0xe0, 0xb, 0x3f,
    0xd8, 0x60, 0x10,

    /* U+007E "~" */
    0x0, 0x1e, 0x7f, 0x40, 0x6, 0x38, 0x70, 0x1e,
    0xff, 0xd2, 0x1, 0x3f, 0xe8, 0x4f, 0xf1, 0xb7,
    0xf9, 0x0, 0x17, 0xf6, 0x1d, 0xee, 0x0, 0x7f,
    0xe3, 0x4f, 0xf2, 0x8f, 0xf9, 0x0, 0x2c, 0xff,
    0xd8, 0x0, 0x33, 0x0, 0x75, 0x7f, 0xa8, 0x40,

    /* U+00A0 " " */

    /* U+00A1 "¡" */
    0xf, 0xf9, 0x43, 0xfe, 0x50, 0xff, 0x94, 0x2a,
    0xa3, 0x0, 0xff, 0x96, 0xe0, 0x1, 0x1f, 0x80,
    0x8, 0xfd, 0x0, 0x47, 0xe8, 0x2, 0x7f, 0x40,
    0x13, 0xfc, 0x0, 0xaf, 0xe0, 0x5, 0x7f, 0x0,
    0x2b, 0xfc, 0x0, 0xbf, 0xf0, 0x2, 0xff, 0xc0,
    0xb, 0xff, 0x0, 0x33, 0xfc, 0x0, 0xcf, 0xf0,
    0x3, 0x3f, 0xc2,

    /* U+00A2 "¢" */
    0x0, 0xf2, 0x7e, 0x80, 0x7f, 0xf0, 0x13, 0xf4,
    0x3, 0xff, 0x80, 0x9f, 0xa0, 0x1f, 0xe2, 0x9f,
    0xfb, 0x60, 0x40, 0x3c, 0xdf, 0xff, 0x90, 0x3,
    0x37, 0xfd, 0xb3, 0x5d, 0xff, 0x18, 0x0, 0x7f,
    0xe7, 0x0, 0xd3, 0xfe, 0xc0, 0x3, 0xff, 0xa8,
    0x3, 0xdb, 0x8c, 0x0, 0xcf, 0xf1, 0x80, 0x7f,
    0xdf, 0xf0, 0x7, 0xff, 0x3, 0xfd, 0xc0, 0x1f,
    0xfc, 0xf, 0xf8, 0x3, 0xff, 0x81, 0x9f, 0xe3,
    0x0, 0xff, 0x9f, 0xfd, 0x40, 0x1e, 0xdc, 0x60,
    0x0, 0xff, 0xce, 0x1, 0xa7, 0xfd, 0x60, 0x13,
    0x7f, 0xdb, 0x35, 0xdf, 0xf1, 0x80, 0x67, 0xff,
    0xfc, 0x80, 0x1e, 0x29, 0xff, 0xb6, 0x4, 0x3,
    0xf9, 0x3f, 0x40, 0x3f, 0xf8, 0x9, 0xfa, 0x1,
    0xff, 0xc0, 0x4f, 0xd0, 0xf, 0x0,

    /* U+00A3 "£" */
    0x0, 0xe4, 0xae, 0xfe, 0xb5, 0x0, 0xfa, 0x7f,
    0xfe, 0xc1, 0x0, 0xcf, 0xff, 0x54, 0x4f, 0x7f,
    0xac, 0x2, 0x1f, 0xf6, 0x88, 0x6, 0xaf, 0xf2,
    0x0, 0x17, 0xfc, 0x80, 0x1e, 0xec, 0x40, 0x3,
    0xff, 0x80, 0x3f, 0xf8, 0xf, 0xfe, 0x0, 0xff,
    0xe0, 0x27, 0xf8, 0x80, 0x3f, 0xe1, 0xff, 0x30,
    0x7, 0xf3, 0xff, 0xff, 0xa8, 0x2, 0x7f, 0xff,
    0xf5, 0x0, 0x46, 0xee, 0xaf, 0xf4, 0x3b, 0xe4,
    0x0, 0xf0, 0xff, 0x98, 0x3, 0xff, 0x81, 0xbf,
    0x20, 0x1f, 0xfc, 0xd, 0xfa, 0x0, 0xff, 0x8b,
    0xfc, 0xe0, 0x1f, 0xf6, 0x7f, 0x88, 0x3, 0xf8,
    0xb3, 0xfc, 0xa0, 0x1f, 0xcd, 0xff, 0x53, 0xbf,
    0xf2, 0x4f, 0xff, 0xff, 0x6, 0x65, 0xff, 0xff,
    0xc1, 0x90,

    /* U+00A4 "¤" */
    0x0, 0x18, 0x7, 0xf8, 0x44, 0x0, 0x7f, 0x60,
    0x6b, 0xef, 0xd9, 0x21, 0xdd, 0x8, 0x67, 0xfb,
    0x7f, 0xfe, 0xef, 0xf2, 0x0, 0x33, 0xfe, 0x94,
    0x36, 0xdf, 0xf9, 0x0, 0x2b, 0xfe, 0x30, 0xe,
    0x9f, 0xf1, 0x80, 0xf, 0xfc, 0x80, 0x1f, 0x67,
    0xd8, 0x1, 0xff, 0x40, 0x3f, 0x2f, 0xf8, 0x1,
    0x3f, 0x20, 0x1f, 0x87, 0xfc, 0x41, 0x3f, 0x20,
    0x1f, 0x87, 0xfc, 0x40, 0xff, 0x80, 0x1f, 0x97,
    0xfc, 0x0, 0x2f, 0xf1, 0x80, 0x7d, 0x9f, 0x40,
    0x15, 0xff, 0x10, 0x7, 0x57, 0xf8, 0xc0, 0x2c,
    0xff, 0xa5, 0xd, 0xb7, 0xfe, 0x40, 0x6, 0x7f,
    0xbb, 0xff, 0xee, 0xff, 0x20, 0x47, 0xb0, 0x35,
    0xff, 0xb6, 0x48, 0x77, 0x84, 0x0, 0x60, 0x1f,
    0xe1, 0x20,

    /* U+00A5 "¥" */
    0xaf, 0xf4, 0x80, 0x7f, 0x67, 0xfa, 0xb, 0xfe,
    0x20, 0xf, 0x93, 0xfe, 0x10, 0x9f, 0xf4, 0x80,
    0x7d, 0x9f, 0xe7, 0x0, 0xf, 0xfc, 0x40, 0x1c,
    0x9f, 0xee, 0x0, 0xd1, 0xfe, 0xa0, 0xe, 0xcf,
    0xf3, 0x80, 0x61, 0xff, 0x88, 0x2, 0x4f, 0xf7,
    0x0, 0x7a, 0x3f, 0xd4, 0x1, 0x67, 0xf9, 0x80,
    0x3e, 0xef, 0xf1, 0x2, 0xff, 0xb4, 0x3, 0xf3,
    0xff, 0xa8, 0x37, 0xfc, 0xc0, 0x1f, 0xdd, 0xfe,
    0x8f, 0xf6, 0x80, 0x7c, 0xcd, 0x5f, 0xff, 0x53,
    0x31, 0x40, 0x21, 0xff, 0xff, 0xe0, 0x80, 0x43,
    0xff, 0xff, 0xc1, 0x0, 0xfc, 0x3f, 0xf0, 0x7,
    0xff, 0x4, 0x7f, 0xe0, 0xf, 0xe5, 0x5c, 0xdf,
    0xf2, 0xaf, 0x0, 0x43, 0xff, 0xff, 0xc1, 0x0,
    0x87, 0xff, 0xff, 0x82, 0x1, 0xf8, 0x7f, 0xe0,
    0xf, 0xfe, 0x8, 0xff, 0xc0, 0x1f, 0xfc, 0x11,
    0xff, 0x80, 0x3e,

    /* U+00A6 "¦" */
    0x3f, 0xf0, 0x1f, 0xf8, 0xf, 0xfc, 0x7, 0xfe,
    0x3, 0xff, 0x1, 0xff, 0x80, 0xff, 0xc0, 0x7f,
    0xe0, 0x3f, 0xf0, 0x1f, 0xf8, 0xf, 0xfc, 0x7,
    0xfe, 0x1, 0x66, 0x0, 0x7f, 0xf1, 0x8c, 0xc0,
    0x7f, 0xe0, 0x3f, 0xf0, 0x1f, 0xf8, 0xf, 0xfc,
    0x7, 0xfe, 0x3, 0xff, 0x1, 0xff, 0x80, 0xff,
    0xc0, 0x7f, 0xe0, 0x3f, 0xf0, 0x1f, 0xf8, 0xf,
    0xfc, 0x0,

    /* U+00A7 "§" */
    0x0, 0xc5, 0x1b, 0xfd, 0xb0, 0x40, 0x1f, 0x37,
    0xff, 0xe6, 0x0, 0xe5, 0xff, 0xd9, 0x8f, 0xfc,
    0xa0, 0x1b, 0xbf, 0xd4, 0x1, 0xd, 0xff, 0xb4,
    0x2, 0x3f, 0xf7, 0x0, 0x7a, 0xe0, 0x3, 0x27,
    0xfb, 0x0, 0x3f, 0xf8, 0x7, 0xff, 0x8, 0x7,
    0xff, 0x3, 0xbf, 0xda, 0x60, 0x1f, 0xe5, 0xff,
    0xeb, 0x50, 0xf, 0xdd, 0xff, 0xf7, 0x38, 0x80,
    0x64, 0xff, 0x68, 0xc7, 0xff, 0x73, 0x0, 0x4f,
    0xfe, 0x90, 0x9, 0xb3, 0xff, 0x50, 0x1, 0xff,
    0xd6, 0x1, 0xc7, 0x9f, 0xf3, 0x82, 0x7f, 0xca,
    0x1, 0xea, 0xff, 0x70, 0x3, 0x7f, 0xe8, 0x0,
    0xe1, 0xff, 0x80, 0x5, 0xdf, 0xfa, 0x48, 0x2,
    0xff, 0x84, 0x0, 0x35, 0xff, 0xd8, 0x66, 0xff,
    0x70, 0x7, 0x1d, 0x7f, 0xf7, 0x7f, 0xa0, 0x3,
    0xe1, 0x7d, 0xff, 0xdc, 0x20, 0x1f, 0xe7, 0xff,
    0xa0, 0x3, 0xff, 0x80, 0xff, 0xec, 0x0, 0xff,
    0xe0, 0x17, 0xfb, 0x80, 0x31, 0x5b, 0x0, 0x72,
    0xff, 0xb0, 0x2, 0x4f, 0xf9, 0x80, 0x22, 0xef,
    0xf4, 0x0, 0x6c, 0xff, 0xbb, 0x37, 0xfe, 0xe1,
    0x0, 0xc3, 0x7f, 0xff, 0x69, 0x0, 0x7c, 0x95,
    0xbf, 0xd8, 0xe0, 0x1c,

    /* U+00A8 "¨" */
    0x59, 0x93, 0x0, 0x22, 0x64, 0x75, 0xfe, 0xb0,
    0x7, 0xfc, 0xb5, 0xfe, 0xb0, 0x7, 0xfc, 0xb5,
    0xfe, 0xb0, 0x7, 0xfc, 0xa0,

    /* U+00A9 "©" */
    0x0, 0xff, 0x84, 0x3, 0xff, 0x8a, 0xd7, 0xdf,
    0xf6, 0xc9, 0x80, 0x7f, 0xcb, 0xdf, 0x8e, 0xca,
    0xd3, 0xdf, 0x42, 0x1, 0xfa, 0x7e, 0x88, 0x3,
    0xe5, 0xee, 0x18, 0x7, 0xa7, 0xd8, 0x3, 0xfc,
    0x37, 0xe6, 0x1, 0x9b, 0xd8, 0x2, 0x4b, 0xef,
    0xd8, 0x10, 0xb, 0x38, 0x40, 0x3, 0xd4, 0x1,
    0x47, 0xff, 0xb8, 0xc0, 0x3, 0xf0, 0x0, 0x7f,
    0x10, 0x2, 0xff, 0xb1, 0x51, 0xff, 0xdc, 0x20,
    0x7, 0xf1, 0xd, 0xa0, 0xb, 0xbf, 0x0, 0x32,
    0x7f, 0x94, 0x0, 0x3e, 0xc3, 0xec, 0x0, 0x4f,
    0xf1, 0x80, 0x72, 0x88, 0x6, 0xca, 0x3f, 0x30,
    0x3, 0xff, 0x80, 0x3f, 0xf8, 0x13, 0x89, 0xe4,
    0x0, 0x8f, 0xd0, 0xf, 0xfe, 0x4, 0x69, 0xf9,
    0x80, 0x1f, 0xf8, 0x3, 0xff, 0x81, 0x38, 0x3e,
    0xa0, 0x5, 0xff, 0x10, 0x7, 0x10, 0x7, 0x5d,
    0x83, 0xa8, 0x2, 0xff, 0x48, 0x6, 0x1f, 0xd3,
    0x0, 0xbd, 0xc2, 0x7c, 0x40, 0x11, 0xfe, 0x92,
    0x4, 0xdf, 0xf0, 0x80, 0x1b, 0xc8, 0xb, 0xe0,
    0x2, 0xbf, 0xff, 0x90, 0x2, 0xea, 0x0, 0xa3,
    0xd0, 0x2, 0x7e, 0xff, 0xac, 0xc0, 0x2a, 0xf2,
    0x0, 0xd7, 0xe8, 0x1, 0x84, 0x80, 0x3a, 0x7d,
    0x40, 0x38, 0x73, 0xe0, 0x3, 0xf1, 0xe7, 0xb0,
    0x7, 0xe8, 0xfe, 0x95, 0x32, 0x36, 0xbf, 0xd4,
    0x0, 0xff, 0x14, 0xf7, 0xff, 0x63, 0x0, 0x7f,
    0xf0, 0xc8, 0xd0, 0xc4, 0x3, 0xf0,

    /* U+00AA "ª" */
    0x0, 0x96, 0x25, 0x84, 0x2, 0x2d, 0xff, 0xe4,
    0x0, 0x67, 0xb0, 0x81, 0xf7, 0x88, 0x9, 0x80,
    0x66, 0xf5, 0x0, 0x13, 0x44, 0xca, 0xbd, 0xc2,
    0x3f, 0xfe, 0x73, 0xfe, 0x30, 0x9, 0x3d, 0xdb,
    0xdc, 0x3, 0x47, 0xba, 0x7d, 0x80, 0x47, 0xfe,
    0x70, 0xdf, 0xda, 0xcf, 0xaf, 0x70, 0x19, 0xef,
    0xc5, 0x1c, 0x50,

    /* U+00AB "«" */
    0x0, 0xf8, 0x40, 0x3c, 0x20, 0x1c, 0x5a, 0x40,
    0x18, 0x70, 0xc0, 0x31, 0xf7, 0x90, 0x4, 0x7d,
    0xe6, 0x1, 0x37, 0xfc, 0x20, 0x5, 0xff, 0x88,
    0x1, 0x1f, 0xed, 0x30, 0x4, 0x7f, 0xb8, 0xc0,
    0x17, 0xfe, 0xb1, 0x0, 0x57, 0xfa, 0xc4, 0x1,
    0x3f, 0xed, 0x0, 0xa3, 0xfd, 0xc0, 0x1d, 0x3f,
    0xec, 0x10, 0x4, 0xff, 0xb4, 0x80, 0x33, 0xff,
    0xb9, 0x0, 0xd, 0xff, 0x28, 0x6, 0x5f, 0xf8,
    0x80, 0x9, 0xff, 0x10, 0x6, 0x3e, 0xf2, 0x0,
    0x8b, 0x7c, 0xc0, 0x38, 0x70, 0x80, 0x30, 0xe1,
    0x80, 0x7f, 0xf0, 0x84,

    /* U+00AC "¬" */
    0x4, 0x4f, 0xfe, 0x8, 0x97, 0xff, 0xff, 0x5,
    0x8b, 0xff, 0xff, 0x82, 0xc0, 0x1f, 0xfc, 0xf,
    0xf3, 0x0, 0x7f, 0xf0, 0x3f, 0xcc, 0x1, 0xff,
    0xc0, 0xff, 0x30, 0x7, 0xff, 0x3, 0xfc, 0xc0,
    0x1f, 0xfc, 0xf, 0xf3, 0x0, 0x7f, 0xf0, 0x1e,
    0xc,

    /* U+00AD "­" */
    0x22, 0xf8, 0x73, 0xff, 0xd5, 0x9f, 0xfe, 0xa0,

    /* U+00AE "®" */
    0x0, 0xff, 0xe4, 0x94, 0x6f, 0xfb, 0xb1, 0x40,
    0x3f, 0x37, 0xf4, 0x2a, 0x35, 0x7e, 0x90, 0x7,
    0x47, 0xc0, 0x7, 0x8b, 0x3c, 0x80, 0x24, 0xf6,
    0x1, 0xff, 0xb9, 0xc0, 0x19, 0xa0, 0x16, 0x58,
    0x0, 0x7d, 0x8d, 0xbd, 0x0, 0xbd, 0x80, 0xbd,
    0x0, 0x3, 0xe8, 0x0, 0xd8, 0x0, 0x5d, 0x81,
    0x7c, 0x40, 0x3, 0xe8, 0x7, 0xea, 0x0, 0x7e,
    0x6, 0xf0, 0x8, 0x7f, 0xf4, 0x80, 0x4d, 0xe0,
    0xbe, 0x1, 0xf, 0xb3, 0xf0, 0x6, 0x7f, 0x2,
    0xf3, 0x0, 0xf, 0xa0, 0x6c, 0x0, 0x55, 0x80,
    0xe, 0xa0, 0x0, 0xfa, 0x2, 0xf8, 0x80, 0xfb,
    0x80, 0x1b, 0xd0, 0x1, 0xc6, 0x0, 0xb8, 0xa,
    0xe1, 0x0, 0xab, 0xd4, 0x3, 0xea, 0xf4, 0x0,
    0xea, 0xfb, 0x53, 0x23, 0x7e, 0xf5, 0x0, 0xf9,
    0x6f, 0xff, 0xa4, 0x80, 0x3f, 0xc2, 0x66, 0x20,
    0xf, 0x80,

    /* U+00AF "¯" */
    0x8c, 0xcf, 0x9a, 0xbf, 0xfe, 0x80,

    /* U+00B0 "°" */
    0x0, 0xa3, 0xbf, 0x10, 0x3, 0x67, 0xff, 0x30,
    0x2, 0x3f, 0x48, 0x1f, 0xfc, 0x21, 0xde, 0x40,
    0x14, 0xfb, 0x87, 0xf8, 0x3, 0x37, 0xc0, 0x6f,
    0x98, 0x5, 0x5e, 0xe1, 0x1f, 0xa6, 0xf, 0xfe,
    0x10, 0x6, 0x7f, 0xf3, 0x0, 0x68, 0xef, 0xc4,
    0x0, 0x0,

    /* U+00B1 "±" */
    0x0, 0xfb, 0x3e, 0x40, 0x3f, 0xf8, 0x39, 0xf2,
    0x1, 0xff, 0xc1, 0xcf, 0x90, 0xf, 0xfe, 0xe,
    0x7c, 0x80, 0x7f, 0xf0, 0x73, 0xe4, 0x3, 0xef,
    0xff, 0xfe, 0x16, 0x87, 0xff, 0xff, 0xb, 0x41,
    0x57, 0xdb, 0xf6, 0xab, 0xc8, 0x1, 0xf6, 0x7c,
    0x80, 0x7f, 0xf0, 0x73, 0xe4, 0x3, 0xff, 0x83,
    0x9f, 0x20, 0x1f, 0xfc, 0x1c, 0xf9, 0x0, 0xff,
    0xe1, 0x8, 0x7, 0xff, 0x31, 0x57, 0xff, 0x84,
    0x81, 0xff, 0xff, 0xc2, 0xd0, 0xff, 0xff, 0xe1,
    0x68,

    /* U+00B2 "²" */
    0x0, 0xc, 0xf7, 0xe3, 0x0, 0x6d, 0xf9, 0x8c,
    0xf8, 0x0, 0x3f, 0xa0, 0x5, 0x9e, 0x0, 0xbe,
    0x0, 0xd1, 0xe2, 0x4, 0x60, 0x1a, 0xbc, 0x3,
    0xe1, 0xfa, 0x0, 0xfb, 0x3c, 0x40, 0x3d, 0x7e,
    0x80, 0x1c, 0x7b, 0xc6, 0x1, 0xcf, 0xf6, 0x20,
    0x18, 0xb7, 0xf1, 0xdf, 0x95, 0x5f, 0xff, 0xb0,

    /* U+00B3 "³" */
    0x0, 0x1d, 0xf7, 0xe2, 0x0, 0x49, 0xfd, 0x31,
    0xde, 0xa0, 0xb, 0xe1, 0x0, 0xf, 0x60, 0x1,
    0x10, 0x1, 0xb2, 0xc0, 0x3e, 0x5f, 0x40, 0xe,
    0x8f, 0xf3, 0x80, 0x78, 0x4d, 0xba, 0xc0, 0x3f,
    0x1f, 0xaa, 0x69, 0x80, 0x61, 0xf7, 0x2f, 0xa0,
    0xd, 0x1e, 0x81, 0x3f, 0xb1, 0xc, 0xfb, 0x0,
    0x9b, 0x3f, 0xd8, 0xe0, 0x0,

    /* U+00B4 "´" */
    0x0, 0xaf, 0xfc, 0x80, 0x9, 0xff, 0x20, 0x1,
    0xbf, 0x8c, 0x0, 0x9f, 0xc4, 0x1, 0x0,

    /* U+00B5 "µ" */
    0x2f, 0xf6, 0x0, 0x79, 0xbf, 0xce, 0x5f, 0xec,
    0x0, 0xf3, 0x7f, 0x9c, 0xbf, 0xd8, 0x1, 0xe6,
    0xff, 0x39, 0x7f, 0xb0, 0x3, 0xcd, 0xfe, 0x72,
    0xff, 0x60, 0x7, 0x9b, 0xfc, 0xe5, 0xfe, 0xc0,
    0xf, 0x37, 0xf9, 0xcb, 0xfd, 0x80, 0x1e, 0x6f,
    0xf3, 0x97, 0xfb, 0x0, 0x3c, 0xff, 0xe7, 0x2f,
    0xf6, 0x0, 0x7a, 0x3f, 0xce, 0x5f, 0xed, 0x0,
    0xf5, 0xff, 0x9c, 0xbf, 0xe1, 0x0, 0xc3, 0xff,
    0x39, 0x7f, 0xd4, 0x1, 0xaf, 0xfe, 0x72, 0xff,
    0xdb, 0x35, 0xdf, 0xf9, 0xcb, 0xff, 0xf6, 0xbf,
    0xf9, 0xcb, 0xfd, 0x93, 0xdf, 0xae, 0xd, 0xfe,
    0x72, 0xff, 0x60, 0x7, 0xf8, 0xbf, 0xd8, 0x1,
    0xfe, 0x2f, 0xf6, 0x0, 0x7f, 0x8b, 0xfd, 0x80,
    0x1f, 0xe1, 0xbb, 0x48, 0x7, 0xf8,

    /* U+00B6 "¶" */
    0x0, 0x8a, 0x37, 0xfd, 0x80, 0x17, 0xd8, 0x1,
    0xff, 0xfb, 0x0, 0x2f, 0xb0, 0x8f, 0xff, 0x60,
    0x5, 0xf6, 0x5f, 0xff, 0x60, 0x5, 0xf6, 0xff,
    0xff, 0x60, 0x5, 0xf7, 0x3f, 0xff, 0x60, 0x5,
    0xf7, 0x3f, 0xff, 0x60, 0x5, 0xf6, 0xdf, 0xff,
    0x60, 0x5, 0xf6, 0x1d, 0xff, 0xec, 0x0, 0xbe,
    0xc0, 0xff, 0xfd, 0x80, 0x17, 0xd8, 0x0, 0xf3,
    0xff, 0x60, 0x5, 0xf6, 0x1, 0x8d, 0xe7, 0xf0,
    0x2, 0xfb, 0x0, 0xfb, 0xf0, 0x2, 0xfb, 0x0,
    0xfb, 0xf0, 0x2, 0xfb, 0x0, 0xfb, 0xf0, 0x2,
    0xfb, 0x0, 0xfb, 0xf0, 0x2, 0xfb, 0x0, 0xfb,
    0xf0, 0x2, 0xfb, 0x0, 0xfb, 0xf0, 0x2, 0xfb,
    0x0, 0xfb, 0xf0, 0x2, 0xfb, 0x0, 0xfb, 0xf0,
    0x2, 0xfb, 0x0, 0xfb, 0xf0, 0x2, 0xfb, 0x0,
    0xfb, 0xf0, 0x2, 0xfb, 0x0, 0xfb, 0xf0, 0x2,
    0xfb, 0x0, 0xfb, 0xf0, 0x2, 0xfb, 0x0, 0xf9,
    0x94, 0x2, 0x64,

    /* U+00B7 "·" */
    0x9a, 0xa1, 0xff, 0xc9, 0xff, 0x27, 0xfc, 0x80,

    /* U+00B8 "¸" */
    0x0, 0x36, 0x98, 0x4, 0x3f, 0x60, 0x1a, 0xbf,
    0xdc, 0xc0, 0x19, 0x3b, 0xcc, 0x3, 0x2f, 0xb8,
    0x39, 0x3, 0xfb, 0x33, 0xfb, 0x3f, 0x80, 0xd,
    0xbf, 0x64, 0x0,

    /* U+00B9 "¹" */
    0x0, 0xb2, 0xc0, 0x3, 0xd7, 0xdf, 0xf5, 0x91,
    0x9b, 0xec, 0x2, 0xdb, 0x0, 0xb6, 0xc0, 0x2d,
    0xb0, 0xb, 0x6c, 0x2, 0xdb, 0x0, 0xb6, 0xc0,
    0x2d, 0xb0, 0xb, 0x6c,

    /* U+00BA "º" */
    0x0, 0x85, 0xe6, 0x10, 0x3, 0x9b, 0xff, 0xb0,
    0x40, 0xb, 0xfa, 0x80, 0x31, 0xfa, 0x0, 0xef,
    0x10, 0xd, 0x3e, 0xc9, 0xf4, 0x1, 0xc5, 0xf8,
    0xdf, 0x0, 0x1e, 0xfd, 0x5f, 0x90, 0xe, 0x1f,
    0xc1, 0xfd, 0x0, 0xe6, 0xf9, 0xa, 0xf8, 0x0,
    0x8b, 0xbc, 0x80, 0x19, 0xfb, 0x57, 0xfe, 0x50,
    0xc, 0xfb, 0xfd, 0x46, 0x0,

    /* U+00BB "»" */
    0x10, 0xf, 0x8, 0x7, 0xcb, 0x62, 0x1, 0x93,
    0x4, 0x3, 0x97, 0xf4, 0x80, 0x24, 0xfe, 0x20,
    0xc, 0x9f, 0xf2, 0x0, 0xf, 0xfe, 0x50, 0xc,
    0x9d, 0xfe, 0x70, 0x2, 0x77, 0xf9, 0xc0, 0x31,
    0x67, 0xfa, 0x40, 0x3, 0x9f, 0xea, 0x0, 0xc3,
    0xdf, 0xe7, 0x0, 0xf, 0x7f, 0xa0, 0x0, 0x7b,
    0xfe, 0x80, 0x1, 0x6f, 0xfa, 0x0, 0xd, 0xff,
    0x28, 0x1, 0x7f, 0xe6, 0x0, 0x27, 0xfb, 0x8c,
    0x0, 0x7f, 0xee, 0x30, 0x9, 0x7f, 0x44, 0x2,
    0x4f, 0xd2, 0x0, 0xcb, 0x60, 0x1c, 0x96, 0x1,
    0xe1, 0x0, 0xf0, 0x80, 0x7c,

    /* U+00BC "¼" */
    0x0, 0x8f, 0xf4, 0x3, 0xfa, 0x7e, 0x0, 0x3e,
    0x6f, 0xd0, 0xf, 0xc5, 0xfc, 0x1, 0xcd, 0xff,
    0xb4, 0x3, 0xf5, 0xfa, 0x80, 0x71, 0xcc, 0xb3,
    0xf4, 0x3, 0xe5, 0xfc, 0x0, 0xfe, 0x3f, 0xd0,
    0xf, 0xbb, 0xcc, 0x3, 0xf8, 0xff, 0x40, 0x3c,
    0xff, 0x20, 0x1f, 0xe3, 0xfd, 0x0, 0xe1, 0xfe,
    0x10, 0xf, 0xf1, 0xfe, 0x80, 0x75, 0x7b, 0x0,
    0x7f, 0xc7, 0xfa, 0x1, 0x8f, 0xf4, 0x3, 0x33,
    0x88, 0x7, 0x1f, 0xe8, 0x6, 0xdf, 0x40, 0x9,
    0xbf, 0xc4, 0x1, 0xc7, 0xfa, 0x1, 0x37, 0xd0,
    0x4, 0x5f, 0xf1, 0x0, 0x71, 0xfe, 0x80, 0x7,
    0xbc, 0x80, 0x2d, 0xdb, 0xc8, 0x3, 0x86, 0xa0,
    0x1, 0x3f, 0x0, 0x14, 0xf9, 0xe7, 0x90, 0x7,
    0xf1, 0x7f, 0x0, 0x4b, 0xee, 0x19, 0xe4, 0x1,
    0xfd, 0x7e, 0xa0, 0x2, 0xfb, 0x0, 0x67, 0x90,
    0x7, 0xe5, 0xfc, 0x0, 0xb3, 0x84, 0x1, 0x9e,
    0x40, 0x1f, 0xbb, 0xc8, 0x0, 0xff, 0xeb, 0xbb,
    0xfd, 0x96, 0x40, 0x1d, 0x1f, 0x20, 0x14, 0x7f,
    0xff, 0x18, 0x6, 0x1f, 0xe1, 0x0, 0xfe, 0xdf,
    0x20, 0xf, 0x57, 0xb0, 0x7, 0xfb, 0x7c, 0x80,
    0x39, 0x3f, 0x40, 0x3f, 0xed, 0xf2, 0x0, 0x0,

    /* U+00BD "½" */
    0x0, 0x8f, 0xf4, 0x3, 0xfa, 0x7e, 0x0, 0x3f,
    0x37, 0xe8, 0x7, 0xe2, 0xfe, 0x0, 0xf3, 0x7f,
    0xed, 0x0, 0xfd, 0x7e, 0xa0, 0x1e, 0x39, 0x96,
    0x7e, 0x80, 0x7c, 0xbf, 0x80, 0x1f, 0xe3, 0xfd,
    0x0, 0xfb, 0xbc, 0xc0, 0x3f, 0xc7, 0xfa, 0x1,
    0xe7, 0xf9, 0x0, 0xff, 0x8f, 0xf4, 0x3, 0x87,
    0xf8, 0x40, 0x3f, 0xe3, 0xfd, 0x0, 0xea, 0xf6,
    0x0, 0xff, 0xe0, 0x1f, 0xe8, 0x6, 0x3f, 0xd0,
    0x2, 0x5f, 0x6c, 0x0, 0x78, 0xff, 0x40, 0x36,
    0xfa, 0x3, 0x7f, 0xf6, 0x0, 0x71, 0xfe, 0x80,
    0x4d, 0xf4, 0x3, 0xfe, 0x60, 0x3e, 0xf5, 0x0,
    0xc7, 0xfa, 0x0, 0x1e, 0xf2, 0x5, 0xfb, 0x0,
    0x9f, 0xe4, 0x3, 0xb, 0xa8, 0x2, 0x7e, 0x0,
    0x9, 0x6c, 0x1, 0x37, 0xc8, 0x7, 0xe2, 0xfe,
    0x0, 0xfe, 0xaf, 0x60, 0xf, 0xd7, 0xea, 0x1,
    0xf8, 0xff, 0xc2, 0x1, 0xf2, 0xfe, 0x0, 0x7e,
    0x1d, 0xf8, 0x0, 0xfd, 0xde, 0x40, 0x1f, 0xe,
    0x7d, 0x80, 0x7e, 0x8f, 0x90, 0xf, 0x8b, 0x7e,
    0xc0, 0x3f, 0xf, 0xf0, 0x80, 0x79, 0x3b, 0xdc,
    0x3, 0xfa, 0xbd, 0x80, 0x3c, 0xbf, 0xf6, 0xef,
    0x8, 0x4, 0x9f, 0xa0, 0x1f, 0x3f, 0xff, 0xe1,

    /* U+00BE "¾" */
    0x0, 0xa3, 0x7f, 0x60, 0x3, 0xf8, 0xbf, 0x80,
    0x3d, 0x7f, 0xee, 0xff, 0x60, 0x7, 0xec, 0xf5,
    0x0, 0xe4, 0xfe, 0x20, 0x2e, 0xf4, 0x0, 0xf2,
    0xfe, 0x0, 0x79, 0xb1, 0x80, 0x2a, 0xf6, 0x0,
    0xf7, 0x79, 0x0, 0x7f, 0xc3, 0xbe, 0x40, 0x1d,
    0x1f, 0x20, 0x1f, 0xe1, 0xbe, 0xf5, 0x0, 0xe2,
    0xfe, 0x10, 0xf, 0xf1, 0x7f, 0xd4, 0x1, 0xd5,
    0xec, 0x1, 0xff, 0xc1, 0x3b, 0xfa, 0x0, 0x93,
    0xf4, 0x3, 0xf9, 0x10, 0x1, 0xdf, 0xe0, 0xb,
    0x7d, 0x0, 0x21, 0x42, 0x0, 0xbf, 0xc2, 0x1,
    0xbf, 0xc0, 0x6, 0xfa, 0x0, 0xdb, 0xf2, 0x1,
    0x5f, 0xe1, 0x81, 0x57, 0xd8, 0xf, 0x78, 0x80,
    0x53, 0xfe, 0x90, 0x8, 0xbb, 0xff, 0xb8, 0x82,
    0x7e, 0x0, 0x25, 0xfb, 0xf9, 0x0, 0xc3, 0x19,
    0xb9, 0x2, 0x7, 0xfc, 0x1, 0x17, 0xcb, 0x7c,
    0x80, 0x7f, 0xf0, 0x33, 0xd4, 0x2, 0xdd, 0x3,
    0x7c, 0x80, 0x7f, 0xcb, 0xf6, 0x1, 0x57, 0x98,
    0x37, 0xc8, 0x7, 0xfd, 0xde, 0x40, 0x6, 0xf6,
    0x0, 0x37, 0xc8, 0x7, 0xfa, 0x3e, 0x40, 0x3,
    0xfe, 0xbb, 0xb7, 0xfa, 0xd8, 0x3, 0xe2, 0xfe,
    0x10, 0x0, 0xff, 0xff, 0x48, 0x7, 0xd7, 0xec,
    0x1, 0xfc, 0xdf, 0x20, 0x1f, 0x93, 0xf4, 0x3,
    0xfc, 0xdf, 0x20, 0x1f, 0xb7, 0xcc, 0x3, 0xfc,
    0xdf, 0x20, 0x0,

    /* U+00BF "¿" */
    0x0, 0xe8, 0xff, 0x60, 0x7, 0xfa, 0x3f, 0xd8,
    0x1, 0xfe, 0x8f, 0xf6, 0x0, 0x7f, 0x96, 0xa8,
    0xe0, 0x1f, 0xfd, 0xa1, 0xff, 0x30, 0x7, 0xf8,
    0x7f, 0xcc, 0x1, 0xfe, 0x5f, 0xf2, 0x80, 0x7f,
    0xf, 0x7f, 0x84, 0x3, 0xf2, 0x77, 0xf9, 0xc0,
    0x3f, 0x37, 0xfd, 0x0, 0x1f, 0x93, 0xfe, 0x50,
    0xf, 0xee, 0xff, 0x18, 0x7, 0xf1, 0x7f, 0xa0,
    0x3, 0xe2, 0x31, 0x3f, 0xf2, 0x80, 0x7d, 0xfe,
    0x82, 0xff, 0x40, 0x7, 0x97, 0xfc, 0xc1, 0xdf,
    0xc4, 0x1, 0x8b, 0x7f, 0xc2, 0xf, 0xff, 0x54,
    0x42, 0xbf, 0xe7, 0x0, 0xa3, 0xff, 0xf4, 0x0,
    0x71, 0xce, 0xff, 0xb6, 0x4c, 0x2,

    /* U+00C0 "À" */
    0x0, 0xc3, 0xbf, 0xc2, 0x1, 0xff, 0xc4, 0x2e,
    0xfb, 0x0, 0xff, 0xe2, 0x9f, 0xf9, 0xc0, 0x3f,
    0xf8, 0xa9, 0xfe, 0x20, 0xf, 0xfe, 0x2a, 0x42,
    0x80, 0x7f, 0xf6, 0x6b, 0xfc, 0x20, 0x1f, 0xfc,
    0x31, 0xff, 0x9c, 0x3, 0xff, 0x86, 0xdf, 0xf7,
    0x0, 0x7f, 0xf0, 0xf3, 0xff, 0x20, 0x7, 0xff,
    0x4, 0xff, 0xfa, 0x80, 0x3f, 0xf8, 0x33, 0xfe,
    0x6e, 0xff, 0x8, 0x7, 0xff, 0x3, 0xbf, 0xc3,
    0x3f, 0xe6, 0x0, 0xff, 0x97, 0xfd, 0x60, 0x7f,
    0xec, 0x0, 0xff, 0xaf, 0xfc, 0xa0, 0xd, 0xff,
    0x18, 0x7, 0xf1, 0x7f, 0xb8, 0x2, 0x7f, 0xf4,
    0x80, 0x7f, 0x47, 0xfa, 0x40, 0x21, 0xff, 0x70,
    0x7, 0xf7, 0x7f, 0x8c, 0x3, 0x67, 0xf9, 0x40,
    0x3e, 0x4f, 0xf6, 0x80, 0x73, 0x7f, 0xac, 0x3,
    0xea, 0xff, 0x40, 0x7, 0xbf, 0xe2, 0x0, 0xe1,
    0xff, 0xff, 0xe0, 0xc0, 0x7, 0x3f, 0xff, 0xff,
    0x7, 0x80, 0x3b, 0x7f, 0xdd, 0x77, 0xfb, 0xfe,
    0x40, 0x8, 0xff, 0xe1, 0x0, 0xfd, 0x3f, 0xea,
    0x0, 0xa7, 0xfd, 0x60, 0x1f, 0xc7, 0xff, 0x8,
    0x3, 0xfe, 0x50, 0xf, 0xf6, 0xff, 0x98, 0x1b,
    0xfd, 0xc0, 0x1f, 0xf3, 0xff, 0xb4, 0x0,

    /* U+00C1 "Á" */
    0x0, 0xff, 0x9b, 0xfd, 0x20, 0x1f, 0xfc, 0x33,
    0xff, 0x50, 0x7, 0xff, 0x13, 0x7e, 0xc0, 0x3f,
    0xf8, 0x95, 0xf6, 0x1, 0xff, 0xc4, 0x17, 0x70,
    0x7, 0xff, 0x66, 0xbf, 0xc2, 0x1, 0xff, 0xc3,
    0x1f, 0xf9, 0xc0, 0x3f, 0xf8, 0x6d, 0xff, 0x70,
    0x7, 0xff, 0xf, 0x3f, 0xf2, 0x0, 0x7f, 0xf0,
    0x4f, 0xff, 0xa8, 0x3, 0xff, 0x83, 0x3f, 0xe6,
    0xef, 0xf0, 0x80, 0x7f, 0xf0, 0x3b, 0xfc, 0x33,
    0xfe, 0x60, 0xf, 0xf9, 0x7f, 0xd6, 0x7, 0xfe,
    0xc0, 0xf, 0xfa, 0xff, 0xca, 0x0, 0xdf, 0xf1,
    0x80, 0x7f, 0x17, 0xfb, 0x80, 0x27, 0xff, 0x48,
    0x7, 0xf4, 0x7f, 0xa4, 0x2, 0x1f, 0xf7, 0x0,
    0x7f, 0x77, 0xf8, 0xc0, 0x36, 0x7f, 0x94, 0x3,
    0xe4, 0xff, 0x68, 0x7, 0x37, 0xfa, 0xc0, 0x3e,
    0xaf, 0xf4, 0x0, 0x7b, 0xfe, 0x20, 0xe, 0x1f,
    0xff, 0xfe, 0xc, 0x0, 0x73, 0xff, 0xff, 0xf0,
    0x78, 0x3, 0xb7, 0xfd, 0xd7, 0x7f, 0xbf, 0xe4,
    0x0, 0x8f, 0xfe, 0x10, 0xf, 0xd3, 0xfe, 0xa0,
    0xa, 0x7f, 0xd6, 0x1, 0xfc, 0x7f, 0xf0, 0x80,
    0x3f, 0xe5, 0x0, 0xff, 0x6f, 0xf9, 0x81, 0xbf,
    0xdc, 0x1, 0xff, 0x3f, 0xfb, 0x40,

    /* U+00C2 "Â" */
    0x0, 0xfe, 0x20, 0xf, 0xfe, 0x31, 0xfd, 0x0,
    0x7f, 0xf1, 0xb, 0xbf, 0xd2, 0x1, 0xff, 0xc2,
    0x1e, 0xf6, 0xcf, 0x70, 0xf, 0xfe, 0x0, 0xef,
    0xb8, 0xe, 0xfb, 0x0, 0x7f, 0xc9, 0xc, 0x1,
    0x14, 0x38, 0x80, 0x7f, 0xf5, 0x6b, 0xfc, 0x20,
    0x1f, 0xfc, 0x31, 0xff, 0x9c, 0x3, 0xff, 0x86,
    0xdf, 0xf7, 0x0, 0x7f, 0xf0, 0xf3, 0xff, 0x20,
    0x7, 0xff, 0x4, 0xff, 0xfa, 0x80, 0x3f, 0xf8,
    0x33, 0xfe, 0x6e, 0xff, 0x8, 0x7, 0xff, 0x3,
    0xbf, 0xc3, 0x3f, 0xe6, 0x0, 0xff, 0x97, 0xfd,
    0x60, 0x7f, 0xec, 0x0, 0xff, 0xaf, 0xfc, 0xa0,
    0xd, 0xff, 0x18, 0x7, 0xf1, 0x7f, 0xb8, 0x2,
    0x7f, 0xf4, 0x80, 0x7f, 0x47, 0xfa, 0x40, 0x21,
    0xff, 0x70, 0x7, 0xf7, 0x7f, 0x8c, 0x3, 0x67,
    0xf9, 0x40, 0x3e, 0x4f, 0xf6, 0x80, 0x73, 0x7f,
    0xac, 0x3, 0xea, 0xff, 0x40, 0x7, 0xbf, 0xe2,
    0x0, 0xe1, 0xff, 0xff, 0xe0, 0xc0, 0x7, 0x3f,
    0xff, 0xff, 0x7, 0x80, 0x3b, 0x7f, 0xdd, 0x77,
    0xfb, 0xfe, 0x40, 0x8, 0xff, 0xe1, 0x0, 0xfd,
    0x3f, 0xea, 0x0, 0xa7, 0xfd, 0x60, 0x1f, 0xc7,
    0xff, 0x8, 0x3, 0xfe, 0x50, 0xf, 0xf6, 0xff,
    0x98, 0x1b, 0xfd, 0xc0, 0x1f, 0xf3, 0xff, 0xb4,
    0x0,

    /* U+00C3 "Ã" */
    0x0, 0xf5, 0x7e, 0xa8, 0x0, 0xfe, 0x40, 0x3f,
    0xd3, 0xf9, 0xde, 0xa0, 0xde, 0xe0, 0x1f, 0xef,
    0xc0, 0x1e, 0xfa, 0xef, 0x10, 0xf, 0xe1, 0xf9,
    0x0, 0x15, 0xfe, 0xa0, 0x7, 0xff, 0x5a, 0xbf,
    0xc2, 0x1, 0xff, 0xc3, 0x1f, 0xf9, 0xc0, 0x3f,
    0xf8, 0x6d, 0xff, 0x70, 0x7, 0xff, 0xf, 0x3f,
    0xf2, 0x0, 0x7f, 0xf0, 0x4f, 0xff, 0xa8, 0x3,
    0xff, 0x83, 0x3f, 0xe6, 0xef, 0xf0, 0x80, 0x7f,
    0xf0, 0x3b, 0xfc, 0x33, 0xfe, 0x60, 0xf, 0xf9,
    0x7f, 0xd6, 0x7, 0xfe, 0xc0, 0xf, 0xfa, 0xff,
    0xca, 0x0, 0xdf, 0xf1, 0x80, 0x7f, 0x17, 0xfb,
    0x80, 0x27, 0xff, 0x48, 0x7, 0xf4, 0x7f, 0xa4,
    0x2, 0x1f, 0xf7, 0x0, 0x7f, 0x77, 0xf8, 0xc0,
    0x36, 0x7f, 0x94, 0x3, 0xe4, 0xff, 0x68, 0x7,
    0x37, 0xfa, 0xc0, 0x3e, 0xaf, 0xf4, 0x0, 0x7b,
    0xfe, 0x20, 0xe, 0x1f, 0xff, 0xfe, 0xc, 0x0,
    0x73, 0xff, 0xff, 0xf0, 0x78, 0x3, 0xb7, 0xfd,
    0xd7, 0x7f, 0xbf, 0xe4, 0x0, 0x8f, 0xfe, 0x10,
    0xf, 0xd3, 0xfe, 0xa0, 0xa, 0x7f, 0xd6, 0x1,
    0xfc, 0x7f, 0xf0, 0x80, 0x3f, 0xe5, 0x0, 0xff,
    0x6f, 0xf9, 0x81, 0xbf, 0xdc, 0x1, 0xff, 0x3f,
    0xfb, 0x40,

    /* U+00C4 "Ä" */
    0x0, 0xec, 0xff, 0x48, 0xf, 0xfc, 0x80, 0x1f,
    0xec, 0xff, 0x48, 0xf, 0xfc, 0x80, 0x1f, 0xec,
    0xff, 0x48, 0xf, 0xfc, 0x80, 0x1f, 0xe6, 0x99,
    0x28, 0x2, 0x66, 0x20, 0xf, 0xff, 0x4d, 0x7f,
    0x84, 0x3, 0xff, 0x86, 0x3f, 0xf3, 0x80, 0x7f,
    0xf0, 0xdb, 0xfe, 0xe0, 0xf, 0xfe, 0x1e, 0x7f,
    0xe4, 0x0, 0xff, 0xe0, 0x9f, 0xff, 0x50, 0x7,
    0xff, 0x6, 0x7f, 0xcd, 0xdf, 0xe1, 0x0, 0xff,
    0xe0, 0x77, 0xf8, 0x67, 0xfc, 0xc0, 0x1f, 0xf2,
    0xff, 0xac, 0xf, 0xfd, 0x80, 0x1f, 0xf5, 0xff,
    0x94, 0x1, 0xbf, 0xe3, 0x0, 0xfe, 0x2f, 0xf7,
    0x0, 0x4f, 0xfe, 0x90, 0xf, 0xe8, 0xff, 0x48,
    0x4, 0x3f, 0xee, 0x0, 0xfe, 0xef, 0xf1, 0x80,
    0x6c, 0xff, 0x28, 0x7, 0xc9, 0xfe, 0xd0, 0xe,
    0x6f, 0xf5, 0x80, 0x7d, 0x5f, 0xe8, 0x0, 0xf7,
    0xfc, 0x40, 0x1c, 0x3f, 0xff, 0xfc, 0x18, 0x0,
    0xe7, 0xff, 0xff, 0xe0, 0xf0, 0x7, 0x6f, 0xfb,
    0xae, 0xff, 0x7f, 0xc8, 0x1, 0x1f, 0xfc, 0x20,
    0x1f, 0xa7, 0xfd, 0x40, 0x14, 0xff, 0xac, 0x3,
    0xf8, 0xff, 0xe1, 0x0, 0x7f, 0xca, 0x1, 0xfe,
    0xdf, 0xf3, 0x3, 0x7f, 0xb8, 0x3, 0xfe, 0x7f,
    0xf6, 0x80,

    /* U+00C5 "Å" */
    0x0, 0xfc, 0x92, 0xe2, 0x1, 0xff, 0xc3, 0x9f,
    0xfc, 0x60, 0x1f, 0xfc, 0x13, 0xfa, 0x3, 0xec,
    0x0, 0xff, 0xe0, 0xb7, 0x98, 0x2, 0xb8, 0x3,
    0xff, 0x82, 0x7f, 0x42, 0x7d, 0x60, 0x1f, 0xfc,
    0x28, 0xff, 0xc4, 0x1, 0xff, 0xc2, 0x1f, 0xfa,
    0x40, 0x3f, 0xf8, 0x6d, 0xff, 0x70, 0x7, 0xff,
    0xf, 0x3f, 0xf2, 0x0, 0x7f, 0xf0, 0x4f, 0xfd,
    0xdf, 0xea, 0x0, 0xff, 0xe0, 0xcf, 0xf9, 0xbb,
    0xfc, 0x20, 0x1f, 0xfc, 0xe, 0xff, 0xc, 0x7f,
    0x98, 0x3, 0xfe, 0x5f, 0xf5, 0x1, 0xff, 0xb0,
    0x3, 0xfe, 0xbf, 0xf2, 0x80, 0x37, 0xfc, 0x60,
    0x1f, 0xc5, 0xfe, 0xe0, 0x9, 0xff, 0xd2, 0x1,
    0xfd, 0x1f, 0xe9, 0x0, 0x87, 0xfd, 0xc0, 0x1f,
    0xdd, 0xfe, 0x30, 0xd, 0x7f, 0xe5, 0x0, 0xf9,
    0x3f, 0xda, 0x1, 0xcd, 0xfe, 0xb0, 0xf, 0xab,
    0xfd, 0x0, 0x1e, 0xff, 0x88, 0x3, 0x87, 0xff,
    0xff, 0x83, 0x0, 0x1c, 0xff, 0xff, 0xfc, 0x1e,
    0x0, 0xed, 0xff, 0x75, 0xdf, 0xef, 0xf9, 0x0,
    0x23, 0xff, 0x84, 0x3, 0xf4, 0xff, 0xa8, 0x2,
    0x9f, 0xf5, 0x0, 0x7f, 0x1f, 0xfc, 0x20, 0xf,
    0xf9, 0x40, 0x3f, 0xdb, 0xfe, 0x60, 0x6f, 0xf7,
    0x0, 0x7f, 0xcf, 0xfe, 0xd0,

    /* U+00C6 "Æ" */
    0x0, 0xfd, 0x5f, 0xff, 0xfc, 0x4c, 0x0, 0xf8,
    0x7f, 0xff, 0xf8, 0xb8, 0x1, 0xf3, 0x7f, 0xb6,
    0xff, 0xeb, 0xbf, 0xf4, 0x80, 0x7d, 0x9f, 0xe2,
    0x1f, 0xf8, 0x3, 0xff, 0x8a, 0x7f, 0xec, 0x1,
    0xff, 0x80, 0x3f, 0xf8, 0xb3, 0xfe, 0x60, 0x1f,
    0xf8, 0x3, 0xff, 0x8b, 0xdf, 0xe1, 0x1, 0xff,
    0x80, 0x3f, 0xf8, 0x8b, 0xfe, 0xa0, 0x0, 0xff,
    0xc0, 0x1f, 0xfc, 0x4b, 0xff, 0x20, 0x0, 0x7f,
    0xe0, 0xf, 0xfe, 0x19, 0x7f, 0xb8, 0x2, 0x1f,
    0xfb, 0x33, 0xf9, 0x40, 0x3a, 0x3f, 0xd2, 0x1,
    0xf, 0xff, 0xff, 0x1, 0x80, 0x3b, 0xbf, 0xc6,
    0x1, 0xf, 0xff, 0xff, 0x1, 0x80, 0x32, 0x7f,
    0xb4, 0x3, 0xf, 0xfc, 0x1, 0xff, 0xc2, 0xaf,
    0xfb, 0x33, 0x77, 0xfc, 0x1, 0xff, 0xc1, 0x1f,
    0xff, 0xfe, 0x0, 0x7, 0xff, 0x5, 0xff, 0xff,
    0xf8, 0x0, 0x1f, 0xfc, 0x1d, 0xff, 0x30, 0x7,
    0xf, 0xfc, 0x1, 0xff, 0xc0, 0x3f, 0xf8, 0x40,
    0x38, 0x7f, 0xe0, 0xf, 0xfe, 0x4, 0xff, 0xa8,
    0x3, 0xc3, 0xff, 0x5d, 0xff, 0xa4, 0x3f, 0xe5,
    0x0, 0xf0, 0xff, 0xff, 0xf0, 0x71, 0xbf, 0xdc,
    0x1, 0xf0, 0xff, 0xff, 0xf0, 0x70,

    /* U+00C7 "Ç" */
    0x0, 0xf2, 0xd6, 0xff, 0xba, 0xdc, 0x40, 0x3f,
    0x93, 0xbf, 0xff, 0xa0, 0x3, 0xe7, 0xff, 0xf7,
    0x7f, 0xf6, 0x8, 0x6, 0x6f, 0xfb, 0x9c, 0x40,
    0x24, 0xbf, 0xfb, 0x0, 0x22, 0xff, 0xac, 0x40,
    0x3e, 0x7f, 0xf9, 0xc0, 0x13, 0xfe, 0xd0, 0xf,
    0xf4, 0x7f, 0xb8, 0x1, 0xff, 0x20, 0x7, 0xfd,
    0x6c, 0x20, 0x9f, 0xee, 0x0, 0xff, 0xe2, 0x3f,
    0xfa, 0x80, 0x3f, 0xf8, 0x93, 0xfe, 0x80, 0xf,
    0xfe, 0x24, 0xff, 0x9c, 0x3, 0xff, 0x89, 0x3f,
    0xe8, 0x0, 0xff, 0xe2, 0x3f, 0xfa, 0x80, 0x3f,
    0xf8, 0x89, 0xfe, 0xe0, 0xf, 0xfe, 0x2f, 0xfc,
    0x80, 0x1f, 0xf5, 0xb8, 0x80, 0x27, 0xfd, 0xa0,
    0x1f, 0xe8, 0xff, 0x70, 0x0, 0xbf, 0xeb, 0x10,
    0xf, 0x9f, 0xfe, 0x60, 0x9, 0xbf, 0xee, 0x71,
    0x0, 0x92, 0xff, 0xeb, 0x0, 0xe8, 0xff, 0xf7,
    0x7f, 0xf6, 0x0, 0x7c, 0xbd, 0xff, 0xfd, 0x0,
    0x1f, 0xe5, 0xaf, 0xfb, 0xad, 0xc4, 0x3, 0xff,
    0x83, 0x78, 0x1, 0xff, 0xc5, 0x6f, 0xf5, 0x98,
    0x7, 0xff, 0x10, 0x9b, 0xbc, 0x40, 0x3f, 0xf8,
    0xb1, 0xe6, 0x1, 0xff, 0xc1, 0x3e, 0x98, 0xee,
    0x0, 0x7f, 0xf0, 0x8a, 0xbb, 0xec, 0xc0, 0x3f,
    0x0,

    /* U+00C8 "È" */
    0x0, 0x47, 0xf9, 0xc0, 0x3f, 0xf8, 0x15, 0xfe,
    0x30, 0xf, 0xfe, 0x5, 0xfe, 0x80, 0x7f, 0xf0,
    0x73, 0xe4, 0x3, 0xff, 0x80, 0x2e, 0xe0, 0xf,
    0xfe, 0x56, 0x7f, 0xff, 0xf0, 0x47, 0x3f, 0xff,
    0xf8, 0x23, 0x9f, 0xec, 0xbb, 0xff, 0x6, 0x7f,
    0x94, 0x3, 0xfe, 0xcf, 0xf2, 0x80, 0x7f, 0xd9,
    0xfe, 0x50, 0xf, 0xfb, 0x3f, 0xca, 0x1, 0xff,
    0x67, 0xf9, 0x40, 0x3f, 0xec, 0xff, 0x28, 0x7,
    0xfd, 0x9f, 0xff, 0xfc, 0x3, 0xc, 0xff, 0xff,
    0xe0, 0x18, 0x67, 0xfb, 0x2e, 0xff, 0x88, 0x33,
    0xfc, 0xa0, 0x1f, 0xf6, 0x7f, 0x94, 0x3, 0xfe,
    0xcf, 0xf2, 0x80, 0x7f, 0xd9, 0xfe, 0x50, 0xf,
    0xfb, 0x3f, 0xca, 0x1, 0xff, 0x67, 0xf9, 0x40,
    0x3f, 0xec, 0xff, 0x65, 0xdf, 0xf8, 0x33, 0xff,
    0xff, 0x82, 0x39, 0xff, 0xff, 0xc1, 0x10,

    /* U+00C9 "É" */
    0x0, 0xfc, 0x3d, 0xfc, 0x40, 0x1f, 0xeb, 0xfe,
    0x20, 0xf, 0xf3, 0xff, 0x8c, 0x3, 0xfc, 0x7f,
    0xe3, 0x0, 0xff, 0x9a, 0x10, 0x3, 0xff, 0x93,
    0x9f, 0xff, 0xfc, 0x11, 0xcf, 0xff, 0xfe, 0x8,
    0xe7, 0xfb, 0x2e, 0xff, 0xc1, 0x9f, 0xe5, 0x0,
    0xff, 0xb3, 0xfc, 0xa0, 0x1f, 0xf6, 0x7f, 0x94,
    0x3, 0xfe, 0xcf, 0xf2, 0x80, 0x7f, 0xd9, 0xfe,
    0x50, 0xf, 0xfb, 0x3f, 0xca, 0x1, 0xff, 0x67,
    0xff, 0xff, 0x0, 0xc3, 0x3f, 0xff, 0xf8, 0x6,
    0x19, 0xfe, 0xcb, 0xbf, 0xe2, 0xc, 0xff, 0x28,
    0x7, 0xfd, 0x9f, 0xe5, 0x0, 0xff, 0xb3, 0xfc,
    0xa0, 0x1f, 0xf6, 0x7f, 0x94, 0x3, 0xfe, 0xcf,
    0xf2, 0x80, 0x7f, 0xd9, 0xfe, 0x50, 0xf, 0xfb,
    0x3f, 0xd9, 0x77, 0xfe, 0xc, 0xff, 0xff, 0xe0,
    0x8e, 0x7f, 0xff, 0xf0, 0x44,

    /* U+00CA "Ê" */
    0x0, 0xf8, 0x80, 0x3f, 0xf8, 0x37, 0xc4, 0x1,
    0xff, 0x57, 0xfb, 0x84, 0x3, 0xfa, 0x3f, 0x1f,
    0xf4, 0x40, 0x3e, 0x7f, 0xd1, 0x8, 0xfc, 0x0,
    0xf0, 0xbc, 0x8, 0x4, 0xd0, 0x80, 0x1f, 0xfc,
    0x6c, 0xff, 0xff, 0xe0, 0x8e, 0x7f, 0xff, 0xf0,
    0x47, 0x3f, 0xd9, 0x77, 0xfe, 0xc, 0xff, 0x28,
    0x7, 0xfd, 0x9f, 0xe5, 0x0, 0xff, 0xb3, 0xfc,
    0xa0, 0x1f, 0xf6, 0x7f, 0x94, 0x3, 0xfe, 0xcf,
    0xf2, 0x80, 0x7f, 0xd9, 0xfe, 0x50, 0xf, 0xfb,
    0x3f, 0xff, 0xf8, 0x6, 0x19, 0xff, 0xff, 0xc0,
    0x30, 0xcf, 0xf6, 0x5d, 0xff, 0x10, 0x67, 0xf9,
    0x40, 0x3f, 0xec, 0xff, 0x28, 0x7, 0xfd, 0x9f,
    0xe5, 0x0, 0xff, 0xb3, 0xfc, 0xa0, 0x1f, 0xf6,
    0x7f, 0x94, 0x3, 0xfe, 0xcf, 0xf2, 0x80, 0x7f,
    0xd9, 0xfe, 0xcb, 0xbf, 0xf0, 0x67, 0xff, 0xff,
    0x4, 0x73, 0xff, 0xff, 0x82, 0x20,

    /* U+00CB "Ë" */
    0x0, 0x2f, 0xfc, 0x0, 0xaf, 0xf5, 0x80, 0x72,
    0xff, 0xc0, 0xa, 0xff, 0x58, 0x7, 0x2f, 0xfc,
    0x0, 0xaf, 0xf5, 0x80, 0x71, 0x4c, 0xc0, 0x5,
    0x99, 0x30, 0x7, 0xff, 0x57, 0x3f, 0xff, 0xf8,
    0x23, 0x9f, 0xff, 0xfc, 0x11, 0xcf, 0xf6, 0x5d,
    0xff, 0x83, 0x3f, 0xca, 0x1, 0xff, 0x67, 0xf9,
    0x40, 0x3f, 0xec, 0xff, 0x28, 0x7, 0xfd, 0x9f,
    0xe5, 0x0, 0xff, 0xb3, 0xfc, 0xa0, 0x1f, 0xf6,
    0x7f, 0x94, 0x3, 0xfe, 0xcf, 0xff, 0xfe, 0x1,
    0x86, 0x7f, 0xff, 0xf0, 0xc, 0x33, 0xfd, 0x97,
    0x7f, 0xc4, 0x19, 0xfe, 0x50, 0xf, 0xfb, 0x3f,
    0xca, 0x1, 0xff, 0x67, 0xf9, 0x40, 0x3f, 0xec,
    0xff, 0x28, 0x7, 0xfd, 0x9f, 0xe5, 0x0, 0xff,
    0xb3, 0xfc, 0xa0, 0x1f, 0xf6, 0x7f, 0xb2, 0xef,
    0xfc, 0x19, 0xff, 0xff, 0xc1, 0x1c, 0xff, 0xff,
    0xe0, 0x88,

    /* U+00CC "Ì" */
    0x1d, 0xff, 0x10, 0x6, 0x1e, 0xfc, 0x0, 0xe2,
    0xef, 0x80, 0xe, 0x3f, 0xf1, 0x80, 0x72, 0x42,
    0x80, 0x7f, 0xf0, 0x73, 0xfc, 0xa0, 0x1b, 0x3f,
    0xca, 0x1, 0xb3, 0xfc, 0xa0, 0x1b, 0x3f, 0xca,
    0x1, 0xb3, 0xfc, 0xa0, 0x1b, 0x3f, 0xca, 0x1,
    0xb3, 0xfc, 0xa0, 0x1b, 0x3f, 0xca, 0x1, 0xb3,
    0xfc, 0xa0, 0x1b, 0x3f, 0xca, 0x1, 0xb3, 0xfc,
    0xa0, 0x1b, 0x3f, 0xca, 0x1, 0xb3, 0xfc, 0xa0,
    0x1b, 0x3f, 0xca, 0x1, 0xb3, 0xfc, 0xa0, 0x1b,
    0x3f, 0xca, 0x1, 0xb3, 0xfc, 0xa0, 0x1b, 0x3f,
    0xca, 0x1, 0xb3, 0xfc, 0xa0, 0x1b, 0x3f, 0xca,
    0x1, 0xb3, 0xfc, 0xa0,

    /* U+00CD "Í" */
    0x0, 0x97, 0xfd, 0x40, 0x11, 0x7f, 0xac, 0x3,
    0x67, 0xe0, 0x6, 0x9f, 0xc0, 0xe, 0x77, 0x8,
    0x7, 0xff, 0x3, 0x3f, 0xca, 0x1, 0xb3, 0xfc,
    0xa0, 0x1b, 0x3f, 0xca, 0x1, 0xb3, 0xfc, 0xa0,
    0x1b, 0x3f, 0xca, 0x1, 0xb3, 0xfc, 0xa0, 0x1b,
    0x3f, 0xca, 0x1, 0xb3, 0xfc, 0xa0, 0x1b, 0x3f,
    0xca, 0x1, 0xb3, 0xfc, 0xa0, 0x1b, 0x3f, 0xca,
    0x1, 0xb3, 0xfc, 0xa0, 0x1b, 0x3f, 0xca, 0x1,
    0xb3, 0xfc, 0xa0, 0x1b, 0x3f, 0xca, 0x1, 0xb3,
    0xfc, 0xa0, 0x1b, 0x3f, 0xca, 0x1, 0xb3, 0xfc,
    0xa0, 0x1b, 0x3f, 0xca, 0x1, 0xb3, 0xfc, 0xa0,
    0x1b, 0x3f, 0xca, 0x1, 0x80,

    /* U+00CE "Î" */
    0x0, 0xc4, 0x1, 0xf8, 0xba, 0xc0, 0x3c, 0x3d,
    0xfe, 0xa0, 0xc, 0x3b, 0xef, 0x9f, 0x0, 0x16,
    0x7c, 0x0, 0x37, 0xdc, 0x12, 0x18, 0x2, 0x17,
    0x70, 0x80, 0x7f, 0xf0, 0x73, 0xfc, 0xa0, 0x1e,
    0xcf, 0xf2, 0x80, 0x7b, 0x3f, 0xca, 0x1, 0xec,
    0xff, 0x28, 0x7, 0xb3, 0xfc, 0xa0, 0x1e, 0xcf,
    0xf2, 0x80, 0x7b, 0x3f, 0xca, 0x1, 0xec, 0xff,
    0x28, 0x7, 0xb3, 0xfc, 0xa0, 0x1e, 0xcf, 0xf2,
    0x80, 0x7b, 0x3f, 0xca, 0x1, 0xec, 0xff, 0x28,
    0x7, 0xb3, 0xfc, 0xa0, 0x1e, 0xcf, 0xf2, 0x80,
    0x7b, 0x3f, 0xca, 0x1, 0xec, 0xff, 0x28, 0x7,
    0xb3, 0xfc, 0xa0, 0x1e, 0xcf, 0xf2, 0x80, 0x7b,
    0x3f, 0xca, 0x1, 0xec, 0xff, 0x28, 0x7, 0xb3,
    0xfc, 0xa0, 0x10,

    /* U+00CF "Ï" */
    0xbf, 0xf5, 0x0, 0x3f, 0xe5, 0xbf, 0xf5, 0x0,
    0x3f, 0xe5, 0xbf, 0xf5, 0x0, 0x3f, 0xe5, 0x69,
    0x92, 0x80, 0x26, 0x62, 0x0, 0xff, 0xe5, 0xe7,
    0xf9, 0x40, 0x3d, 0x9f, 0xe5, 0x0, 0xf6, 0x7f,
    0x94, 0x3, 0xd9, 0xfe, 0x50, 0xf, 0x67, 0xf9,
    0x40, 0x3d, 0x9f, 0xe5, 0x0, 0xf6, 0x7f, 0x94,
    0x3, 0xd9, 0xfe, 0x50, 0xf, 0x67, 0xf9, 0x40,
    0x3d, 0x9f, 0xe5, 0x0, 0xf6, 0x7f, 0x94, 0x3,
    0xd9, 0xfe, 0x50, 0xf, 0x67, 0xf9, 0x40, 0x3d,
    0x9f, 0xe5, 0x0, 0xf6, 0x7f, 0x94, 0x3, 0xd9,
    0xfe, 0x50, 0xf, 0x67, 0xf9, 0x40, 0x3d, 0x9f,
    0xe5, 0x0, 0xf6, 0x7f, 0x94, 0x3, 0xd9, 0xfe,
    0x50, 0xf, 0x67, 0xf9, 0x40, 0x20,

    /* U+00D0 "Ð" */
    0x0, 0x67, 0xff, 0xbb, 0x25, 0x40, 0x3f, 0x67,
    0xff, 0xfb, 0x98, 0x3, 0xd9, 0xfe, 0xdd, 0xdf,
    0xfe, 0xa0, 0xe, 0xcf, 0xf2, 0x80, 0x61, 0x5c,
    0xff, 0xa8, 0x3, 0x67, 0xf9, 0x40, 0x3e, 0x6f,
    0xf9, 0x80, 0x2c, 0xff, 0x28, 0x7, 0xe8, 0xff,
    0x70, 0x5, 0x9f, 0xe5, 0x0, 0xfe, 0xdf, 0xf2,
    0x80, 0x33, 0xfc, 0xa0, 0x1f, 0xd1, 0xfe, 0x90,
    0x6, 0x7f, 0x94, 0x3, 0xf9, 0x3f, 0xd8, 0x0,
    0xcf, 0xf2, 0x80, 0x7f, 0x17, 0xfb, 0x7b, 0xff,
    0xf1, 0x0, 0x71, 0x7f, 0xbb, 0x7f, 0xff, 0x8,
    0x7, 0x17, 0xfb, 0x80, 0x19, 0xfe, 0x50, 0xf,
    0xe4, 0xff, 0x68, 0x3, 0x3f, 0xca, 0x1, 0xfc,
    0xff, 0xea, 0x0, 0x67, 0xf9, 0x40, 0x3f, 0xb7,
    0xfc, 0xc0, 0xc, 0xff, 0x28, 0x7, 0xe7, 0xff,
    0x84, 0x1, 0x9f, 0xe5, 0x0, 0xf9, 0x7f, 0xe8,
    0x0, 0xb3, 0xfc, 0xa0, 0x18, 0x56, 0xff, 0xec,
    0x0, 0xd9, 0xfe, 0xdd, 0xdf, 0xfe, 0xc1, 0x0,
    0xd9, 0xff, 0xff, 0x40, 0x7, 0xb3, 0xff, 0xdd,
    0xb2, 0xc0, 0x1e,

    /* U+00D1 "Ñ" */
    0x0, 0xcd, 0xdc, 0x90, 0xb, 0x7c, 0x3, 0xe3,
    0xfe, 0xcf, 0xb0, 0x1f, 0xc0, 0xf, 0xa7, 0xcc,
    0x2b, 0xf3, 0x1e, 0xc0, 0x1f, 0x67, 0x80, 0x51,
    0xdf, 0x20, 0x1f, 0xfc, 0xac, 0xff, 0x58, 0x7,
    0xf7, 0x7f, 0x8b, 0x3f, 0xe5, 0x0, 0xfd, 0xdf,
    0xe2, 0xcf, 0xfb, 0x84, 0x3, 0xee, 0xff, 0x16,
    0x7f, 0xe9, 0x0, 0xfb, 0xbf, 0xc5, 0x9f, 0xfc,
    0x60, 0x1e, 0xef, 0xf1, 0x67, 0xfb, 0x7f, 0xd8,
    0x1, 0xee, 0xff, 0x16, 0x7f, 0x97, 0xbf, 0xce,
    0x1, 0xdd, 0xfe, 0x2c, 0xff, 0x2a, 0xbf, 0xe1,
    0x0, 0xdd, 0xfe, 0x2c, 0xff, 0x28, 0x5f, 0xfa,
    0x80, 0x37, 0x7f, 0x8b, 0x3f, 0xca, 0x5, 0xff,
    0x20, 0x5, 0xdf, 0xe2, 0xcf, 0xf2, 0x80, 0x23,
    0xfd, 0xa0, 0x17, 0x7f, 0x8b, 0x3f, 0xca, 0x1,
    0x6f, 0xfa, 0x0, 0x1d, 0xfe, 0x2c, 0xff, 0x28,
    0x4, 0x9f, 0xf1, 0x7, 0x7f, 0x8b, 0x3f, 0xca,
    0x1, 0xab, 0xfd, 0x81, 0xdf, 0xe2, 0xcf, 0xf2,
    0x80, 0x61, 0xff, 0x97, 0xbf, 0xc5, 0x9f, 0xe5,
    0x0, 0xe7, 0xff, 0x77, 0xfc, 0x59, 0xfe, 0x50,
    0xf, 0x6f, 0xff, 0x16, 0x7f, 0x94, 0x3, 0xc7,
    0xff, 0xc5, 0x9f, 0xe5, 0x0, 0xfa, 0x7f, 0xf1,
    0x67, 0xf9, 0x40, 0x3e, 0x1e, 0xff, 0x8b, 0x3f,
    0xca, 0x1, 0xf9, 0xbf, 0xe2,

    /* U+00D2 "Ò" */
    0x0, 0xe5, 0x88, 0x10, 0x7, 0xff, 0x14, 0xbb,
    0xf4, 0x3, 0xff, 0x8c, 0x7f, 0xe8, 0x0, 0xff,
    0xe3, 0x27, 0xf8, 0xc0, 0x3f, 0xf8, 0xcd, 0xfa,
    0x1, 0xff, 0xee, 0x5a, 0xdf, 0xf7, 0x5b, 0x88,
    0x7, 0xf9, 0x3b, 0xff, 0xfa, 0x40, 0x3f, 0x3f,
    0xff, 0xff, 0x3, 0x4, 0x3, 0x9b, 0xfe, 0xe7,
    0x10, 0x0, 0xa5, 0xff, 0xd8, 0x1, 0x8b, 0xfe,
    0xb1, 0x0, 0xf9, 0xff, 0xe8, 0x0, 0xa7, 0xfd,
    0xa0, 0x1f, 0xe8, 0xff, 0x84, 0x1, 0xff, 0x20,
    0x7, 0xfd, 0xdf, 0xe6, 0x4, 0xff, 0x70, 0x7,
    0xff, 0x2, 0x7f, 0xd6, 0xf, 0xfe, 0xa0, 0xf,
    0xfe, 0x2, 0x7f, 0xb4, 0x27, 0xfd, 0x0, 0x1f,
    0xfc, 0x2, 0xff, 0x82, 0x7f, 0xce, 0x1, 0xff,
    0xc0, 0x1f, 0xf8, 0x27, 0xfd, 0x0, 0x1f, 0xfc,
    0x2, 0xff, 0x81, 0xff, 0xd4, 0x1, 0xff, 0xc0,
    0x4f, 0xf7, 0x2, 0x7f, 0xb8, 0x3, 0xff, 0x81,
    0x1f, 0xeb, 0x0, 0x7f, 0xc8, 0x1, 0xff, 0x77,
    0xf9, 0x80, 0x15, 0xfe, 0xd0, 0xf, 0xf4, 0x7f,
    0xc2, 0x0, 0x2f, 0xfa, 0xc0, 0x3f, 0x3f, 0xfc,
    0xe0, 0x19, 0xbf, 0xed, 0x71, 0x0, 0xa, 0x5f,
    0xfd, 0x80, 0x1e, 0x8f, 0xff, 0xfe, 0x6, 0x8,
    0x7, 0xcb, 0xdf, 0xff, 0xd2, 0x1, 0xff, 0x2d,
    0x6f, 0xfb, 0xb1, 0xc4, 0x3, 0xc0,

    /* U+00D3 "Ó" */
    0x0, 0xff, 0xe0, 0x34, 0x40, 0x80, 0x3f, 0xf8,
    0x8b, 0xfe, 0x90, 0xf, 0xfe, 0x21, 0x7f, 0xa8,
    0x3, 0xff, 0x8b, 0x9f, 0x40, 0x1f, 0xfc, 0x58,
    0xfb, 0x0, 0xff, 0xf6, 0xad, 0x6f, 0xfb, 0xad,
    0xc4, 0x3, 0xfc, 0x9d, 0xff, 0xfd, 0x20, 0x1f,
    0x9f, 0xff, 0xff, 0x81, 0x82, 0x1, 0xcd, 0xff,
    0x73, 0x88, 0x0, 0x52, 0xff, 0xec, 0x0, 0xc5,
    0xff, 0x58, 0x80, 0x7c, 0xff, 0xf4, 0x0, 0x53,
    0xfe, 0xd0, 0xf, 0xf4, 0x7f, 0xc2, 0x0, 0xff,
    0x90, 0x3, 0xfe, 0xef, 0xf3, 0x2, 0x7f, 0xb8,
    0x3, 0xff, 0x81, 0x3f, 0xeb, 0x7, 0xff, 0x50,
    0x7, 0xff, 0x1, 0x3f, 0xda, 0x13, 0xfe, 0x80,
    0xf, 0xfe, 0x1, 0x7f, 0xc1, 0x3f, 0xe7, 0x0,
    0xff, 0xe0, 0xf, 0xfc, 0x13, 0xfe, 0x80, 0xf,
    0xfe, 0x1, 0x7f, 0xc0, 0xff, 0xea, 0x0, 0xff,
    0xe0, 0x27, 0xfb, 0x81, 0x3f, 0xdc, 0x1, 0xff,
    0xc0, 0x8f, 0xf5, 0x80, 0x3f, 0xe4, 0x0, 0xff,
    0xbb, 0xfc, 0xc0, 0xa, 0xff, 0x68, 0x7, 0xfa,
    0x3f, 0xe1, 0x0, 0x17, 0xfd, 0x60, 0x1f, 0x9f,
    0xfe, 0x70, 0xc, 0xdf, 0xf6, 0xb8, 0x80, 0x5,
    0x2f, 0xfe, 0xc0, 0xf, 0x47, 0xff, 0xff, 0x3,
    0x4, 0x3, 0xe5, 0xef, 0xff, 0xe9, 0x0, 0xff,
    0x96, 0xb7, 0xfd, 0xd8, 0xe2, 0x1, 0xe0,

    /* U+00D4 "Ô" */
    0x0, 0xfe, 0x49, 0x0, 0xff, 0xe3, 0x1f, 0xfa,
    0x0, 0x3f, 0xf8, 0x85, 0xdf, 0xbe, 0xe0, 0x1f,
    0xfc, 0x22, 0xef, 0x51, 0xdf, 0x60, 0xf, 0xfe,
    0x0, 0xef, 0xb8, 0x0, 0xbb, 0xd4, 0x3, 0xff,
    0xd4, 0xb5, 0xbf, 0xee, 0xb7, 0x10, 0xf, 0xf2,
    0x77, 0xff, 0xf4, 0x80, 0x7e, 0x7f, 0xff, 0xfe,
    0x6, 0x8, 0x7, 0x37, 0xfd, 0xce, 0x20, 0x1,
    0x4b, 0xff, 0xb0, 0x3, 0x17, 0xfd, 0x62, 0x1,
    0xf3, 0xff, 0xd0, 0x1, 0x4f, 0xfb, 0x40, 0x3f,
    0xd1, 0xff, 0x8, 0x3, 0xfe, 0x40, 0xf, 0xfb,
    0xbf, 0xcc, 0x9, 0xfe, 0xe0, 0xf, 0xfe, 0x4,
    0xff, 0xac, 0x1f, 0xfd, 0x40, 0x1f, 0xfc, 0x4,
    0xff, 0x68, 0x4f, 0xfa, 0x0, 0x3f, 0xf8, 0x5,
    0xff, 0x4, 0xff, 0x9c, 0x3, 0xff, 0x80, 0x3f,
    0xf0, 0x4f, 0xfa, 0x0, 0x3f, 0xf8, 0x5, 0xff,
    0x3, 0xff, 0xa8, 0x3, 0xff, 0x80, 0x9f, 0xee,
    0x4, 0xff, 0x70, 0x7, 0xff, 0x2, 0x3f, 0xd6,
    0x0, 0xff, 0x90, 0x3, 0xfe, 0xef, 0xf3, 0x0,
    0x2b, 0xfd, 0xa0, 0x1f, 0xe8, 0xff, 0x84, 0x0,
    0x5f, 0xf5, 0x80, 0x7e, 0x7f, 0xf9, 0xc0, 0x33,
    0x7f, 0xda, 0xe2, 0x0, 0x14, 0xbf, 0xfb, 0x0,
    0x3d, 0x1f, 0xff, 0xfc, 0xc, 0x10, 0xf, 0x97,
    0xbf, 0xff, 0xa4, 0x3, 0xfe, 0x5a, 0xdf, 0xf7,
    0x63, 0x88, 0x7, 0x80,

    /* U+00D5 "Õ" */
    0x0, 0xf0, 0xc4, 0xa0, 0x4, 0xf4, 0x1, 0xff,
    0xc0, 0xdf, 0xf9, 0x40, 0x1b, 0xe0, 0x1f, 0xf3,
    0x7b, 0x96, 0xfa, 0x1f, 0xd8, 0x7, 0xfd, 0x3e,
    0x20, 0x5d, 0xff, 0x18, 0x7, 0xfc, 0xd2, 0x1,
    0xb, 0xc1, 0x80, 0x7f, 0xf5, 0x96, 0xb7, 0xfd,
    0xd6, 0xe2, 0x1, 0xfe, 0x4e, 0xff, 0xfe, 0x90,
    0xf, 0xcf, 0xff, 0xff, 0xc0, 0xc1, 0x0, 0xe6,
    0xff, 0xb9, 0xc4, 0x0, 0x29, 0x7f, 0xf6, 0x0,
    0x62, 0xff, 0xac, 0x40, 0x3e, 0x7f, 0xfa, 0x0,
    0x29, 0xff, 0x68, 0x7, 0xfa, 0x3f, 0xe1, 0x0,
    0x7f, 0xc8, 0x1, 0xff, 0x77, 0xf9, 0x81, 0x3f,
    0xdc, 0x1, 0xff, 0xc0, 0x9f, 0xf5, 0x83, 0xff,
    0xa8, 0x3, 0xff, 0x80, 0x9f, 0xed, 0x9, 0xff,
    0x40, 0x7, 0xff, 0x0, 0xbf, 0xe0, 0x9f, 0xf3,
    0x80, 0x7f, 0xf0, 0x7, 0xfe, 0x9, 0xff, 0x40,
    0x7, 0xff, 0x0, 0xbf, 0xe0, 0x7f, 0xf5, 0x0,
    0x7f, 0xf0, 0x13, 0xfd, 0xc0, 0x9f, 0xee, 0x0,
    0xff, 0xe0, 0x47, 0xfa, 0xc0, 0x1f, 0xf2, 0x0,
    0x7f, 0xdd, 0xfe, 0x60, 0x5, 0x7f, 0xb4, 0x3,
    0xfd, 0x1f, 0xf0, 0x80, 0xb, 0xfe, 0xb0, 0xf,
    0xcf, 0xff, 0x38, 0x6, 0x6f, 0xfb, 0x5c, 0x40,
    0x2, 0x97, 0xff, 0x60, 0x7, 0xa3, 0xff, 0xff,
    0x81, 0x82, 0x1, 0xf2, 0xf7, 0xff, 0xf4, 0x80,
    0x7f, 0xcb, 0x5b, 0xfe, 0xec, 0x71, 0x0, 0xf0,

    /* U+00D6 "Ö" */
    0x0, 0xe2, 0x99, 0x80, 0xb, 0x32, 0x60, 0xf,
    0xf9, 0x7f, 0xe0, 0x5, 0x7f, 0xac, 0x3, 0xfe,
    0x5f, 0xf8, 0x1, 0x5f, 0xeb, 0x0, 0xff, 0x97,
    0xfe, 0x0, 0x57, 0xfa, 0xc0, 0x3f, 0xff, 0xeb,
    0x5b, 0xfe, 0xeb, 0x71, 0x0, 0xff, 0x27, 0x7f,
    0xff, 0x48, 0x7, 0xe7, 0xff, 0xff, 0xe0, 0x60,
    0x80, 0x73, 0x7f, 0xdc, 0xe2, 0x0, 0x14, 0xbf,
    0xfb, 0x0, 0x31, 0x7f, 0xd6, 0x20, 0x1f, 0x3f,
    0xfd, 0x0, 0x14, 0xff, 0xb4, 0x3, 0xfd, 0x1f,
    0xf0, 0x80, 0x3f, 0xe4, 0x0, 0xff, 0xbb, 0xfc,
    0xc0, 0x9f, 0xee, 0x0, 0xff, 0xe0, 0x4f, 0xfa,
    0xc1, 0xff, 0xd4, 0x1, 0xff, 0xc0, 0x4f, 0xf6,
    0x84, 0xff, 0xa0, 0x3, 0xff, 0x80, 0x5f, 0xf0,
    0x4f, 0xf9, 0xc0, 0x3f, 0xf8, 0x3, 0xff, 0x4,
    0xff, 0xa0, 0x3, 0xff, 0x80, 0x5f, 0xf0, 0x3f,
    0xfa, 0x80, 0x3f, 0xf8, 0x9, 0xfe, 0xe0, 0x4f,
    0xf7, 0x0, 0x7f, 0xf0, 0x23, 0xfd, 0x60, 0xf,
    0xf9, 0x0, 0x3f, 0xee, 0xff, 0x30, 0x2, 0xbf,
    0xda, 0x1, 0xfe, 0x8f, 0xf8, 0x40, 0x5, 0xff,
    0x58, 0x7, 0xe7, 0xff, 0x9c, 0x3, 0x37, 0xfd,
    0xae, 0x20, 0x1, 0x4b, 0xff, 0xb0, 0x3, 0xd1,
    0xff, 0xff, 0xc0, 0xc1, 0x0, 0xf9, 0x7b, 0xff,
    0xfa, 0x40, 0x3f, 0xe5, 0xad, 0xff, 0x76, 0x38,
    0x80, 0x78,

    /* U+00D7 "×" */
    0x5, 0x20, 0xf, 0x90, 0x81, 0x7f, 0x88, 0x3,
    0x97, 0xf8, 0xa3, 0xfd, 0xc4, 0x1, 0x2f, 0xfc,
    0xa1, 0x3f, 0xee, 0x20, 0x5f, 0xf9, 0x40, 0x29,
    0xff, 0x73, 0xff, 0xca, 0x1, 0xd3, 0xff, 0xca,
    0x1, 0xf5, 0xff, 0xce, 0x1, 0xf2, 0x7f, 0xee,
    0x20, 0xe, 0x5f, 0xfa, 0xff, 0xdc, 0x40, 0x12,
    0xff, 0xc8, 0x13, 0xfe, 0xe2, 0x5, 0xff, 0x90,
    0x2, 0x8f, 0xf7, 0x14, 0x7f, 0x94, 0x3, 0xa3,
    0xfc, 0xa1, 0xa, 0x1, 0xf4, 0x28, 0x0,

    /* U+00D8 "Ø" */
    0x0, 0xf2, 0xd6, 0xff, 0xba, 0xdc, 0x42, 0x7d,
    0xc0, 0x3c, 0x9d, 0xff, 0xfd, 0xbf, 0x60, 0x1e,
    0x7f, 0xff, 0xfe, 0x9, 0x0, 0x73, 0x7f, 0xdc,
    0xe2, 0x0, 0x14, 0xcf, 0xfb, 0x0, 0x31, 0x7f,
    0xd6, 0x20, 0x1e, 0x7f, 0xfd, 0x0, 0x14, 0xff,
    0xb4, 0x3, 0xe3, 0xfd, 0x9f, 0xf8, 0x40, 0x1f,
    0xf2, 0x0, 0x7d, 0xbe, 0x41, 0xdf, 0xe6, 0x4,
    0xff, 0x70, 0x7, 0xd5, 0xec, 0x0, 0x9f, 0xf5,
    0x83, 0xff, 0xa8, 0x3, 0xcd, 0xf4, 0x1, 0x27,
    0xfb, 0x42, 0x7f, 0xd0, 0x1, 0xc5, 0xfc, 0x20,
    0x11, 0x7f, 0xc1, 0x3f, 0xe7, 0x0, 0xec, 0xf3,
    0x0, 0xc3, 0xff, 0x4, 0xff, 0xa0, 0x3, 0x47,
    0xc0, 0x7, 0x17, 0xfc, 0xf, 0xfe, 0xa0, 0x9,
    0x3f, 0x0, 0x3c, 0x9f, 0xee, 0x4, 0xff, 0x70,
    0x0, 0x7b, 0x82, 0x1, 0xe8, 0xff, 0x58, 0x3,
    0xfe, 0x40, 0xbf, 0x50, 0xf, 0xbb, 0xfc, 0xc0,
    0xa, 0xff, 0x6b, 0xfc, 0x80, 0x7d, 0x1f, 0xf0,
    0x80, 0xb, 0xff, 0x70, 0x7, 0xcf, 0xff, 0x38,
    0x6, 0x6f, 0xfc, 0xe2, 0x0, 0x14, 0xbf, 0xfb,
    0x0, 0x3d, 0xff, 0xff, 0xc1, 0xc1, 0x0, 0xe5,
    0xff, 0x77, 0xff, 0xf4, 0x80, 0x78, 0xbf, 0x84,
    0x16, 0xb7, 0xfd, 0xd8, 0xe2, 0x1, 0xe0,

    /* U+00D9 "Ù" */
    0x0, 0x9e, 0x1c, 0x3, 0xff, 0x82, 0xdf, 0xe8,
    0x0, 0xff, 0xe0, 0xbf, 0xf8, 0xc0, 0x3f, 0xf8,
    0x33, 0xfa, 0x1, 0xff, 0xc2, 0xaf, 0x90, 0xf,
    0xfe, 0xdf, 0xfc, 0x20, 0x1f, 0x9b, 0xfd, 0x3f,
    0xf0, 0x80, 0x7e, 0x6f, 0xf4, 0xff, 0xc2, 0x1,
    0xf9, 0xbf, 0xd3, 0xff, 0x8, 0x7, 0xe6, 0xff,
    0x4f, 0xfc, 0x20, 0x1f, 0x9b, 0xfd, 0x3f, 0xf0,
    0x80, 0x7e, 0x6f, 0xf4, 0xff, 0xc2, 0x1, 0xf9,
    0xbf, 0xd3, 0xff, 0x8, 0x7, 0xe6, 0xff, 0x4f,
    0xfc, 0x20, 0x1f, 0x9b, 0xfd, 0x3f, 0xf0, 0x80,
    0x7e, 0x6f, 0xf4, 0xff, 0xc2, 0x1, 0xf9, 0xbf,
    0xd3, 0xff, 0x8, 0x7, 0xe6, 0xff, 0x4f, 0xfc,
    0x20, 0x1f, 0x9b, 0xfd, 0x3d, 0xfe, 0x20, 0xf,
    0xcf, 0xfe, 0x9d, 0xff, 0x18, 0x7, 0xe9, 0xff,
    0x45, 0xff, 0x9c, 0x3, 0xf6, 0xff, 0x95, 0xff,
    0xdc, 0x1, 0xf2, 0x7f, 0xc2, 0x2f, 0xfb, 0xc,
    0x3, 0x37, 0xfd, 0x40, 0x6, 0xff, 0xdd, 0xba,
    0xff, 0xdc, 0x20, 0x13, 0x7f, 0xff, 0x69, 0x0,
    0x70, 0xbe, 0x77, 0xfb, 0x69, 0x40, 0x30,

    /* U+00DA "Ú" */
    0x0, 0xfe, 0x17, 0x87, 0x0, 0xff, 0xe0, 0x5f,
    0xf9, 0x0, 0x3f, 0xe6, 0xff, 0x20, 0x7, 0xfc,
    0x7f, 0xe5, 0x0, 0xff, 0xe0, 0x6f, 0xb0, 0x7,
    0xff, 0x6b, 0xfe, 0x10, 0xf, 0xcd, 0xfe, 0x9f,
    0xf8, 0x40, 0x3f, 0x37, 0xfa, 0x7f, 0xe1, 0x0,
    0xfc, 0xdf, 0xe9, 0xff, 0x84, 0x3, 0xf3, 0x7f,
    0xa7, 0xfe, 0x10, 0xf, 0xcd, 0xfe, 0x9f, 0xf8,
    0x40, 0x3f, 0x37, 0xfa, 0x7f, 0xe1, 0x0, 0xfc,
    0xdf, 0xe9, 0xff, 0x84, 0x3, 0xf3, 0x7f, 0xa7,
    0xfe, 0x10, 0xf, 0xcd, 0xfe, 0x9f, 0xf8, 0x40,
    0x3f, 0x37, 0xfa, 0x7f, 0xe1, 0x0, 0xfc, 0xdf,
    0xe9, 0xff, 0x84, 0x3, 0xf3, 0x7f, 0xa7, 0xfe,
    0x10, 0xf, 0xcd, 0xfe, 0x9e, 0xff, 0x10, 0x7,
    0xe7, 0xff, 0x4e, 0xff, 0x8c, 0x3, 0xf4, 0xff,
    0xa2, 0xff, 0xce, 0x1, 0xfb, 0x7f, 0xca, 0xff,
    0xee, 0x0, 0xf9, 0x3f, 0xe1, 0x17, 0xfd, 0x86,
    0x1, 0x9b, 0xfe, 0xa0, 0x3, 0x7f, 0xee, 0xdd,
    0x7f, 0xee, 0x10, 0x9, 0xbf, 0xff, 0xb4, 0x80,
    0x38, 0x5f, 0x3b, 0xfd, 0xb4, 0xa0, 0x18,

    /* U+00DB "Û" */
    0x0, 0xfa, 0x50, 0x3, 0xff, 0x83, 0x1f, 0xe3,
    0x0, 0xff, 0x9f, 0xf7, 0xfc, 0x40, 0x1f, 0xcb,
    0xfc, 0x2b, 0xfc, 0x40, 0x1f, 0x27, 0xf8, 0x80,
    0xd, 0xfa, 0x20, 0x1f, 0xfd, 0x7f, 0xf8, 0x40,
    0x3f, 0x37, 0xfa, 0x7f, 0xe1, 0x0, 0xfc, 0xdf,
    0xe9, 0xff, 0x84, 0x3, 0xf3, 0x7f, 0xa7, 0xfe,
    0x10, 0xf, 0xcd, 0xfe, 0x9f, 0xf8, 0x40, 0x3f,
    0x37, 0xfa, 0x7f, 0xe1, 0x0, 0xfc, 0xdf, 0xe9,
    0xff, 0x84, 0x3, 0xf3, 0x7f, 0xa7, 0xfe, 0x10,
    0xf, 0xcd, 0xfe, 0x9f, 0xf8, 0x40, 0x3f, 0x37,
    0xfa, 0x7f, 0xe1, 0x0, 0xfc, 0xdf, 0xe9, 0xff,
    0x84, 0x3, 0xf3, 0x7f, 0xa7, 0xfe, 0x10, 0xf,
    0xcd, 0xfe, 0x9f, 0xf8, 0x40, 0x3f, 0x37, 0xfa,
    0x7b, 0xfc, 0x40, 0x1f, 0x9f, 0xfd, 0x3b, 0xfe,
    0x30, 0xf, 0xd3, 0xfe, 0x8b, 0xff, 0x38, 0x7,
    0xed, 0xff, 0x2b, 0xff, 0xb8, 0x3, 0xe4, 0xff,
    0x84, 0x5f, 0xf6, 0x18, 0x6, 0x6f, 0xfa, 0x80,
    0xd, 0xff, 0xbb, 0x75, 0xff, 0xb8, 0x40, 0x26,
    0xff, 0xfe, 0xd2, 0x0, 0xe1, 0x7c, 0xef, 0xf6,
    0xd2, 0x80, 0x60,

    /* U+00DC "Ü" */
    0x0, 0x96, 0x64, 0xc0, 0x8, 0x99, 0x18, 0x7,
    0xab, 0xfd, 0x60, 0xf, 0xf9, 0x80, 0x3d, 0x5f,
    0xeb, 0x0, 0x7f, 0xcc, 0x1, 0xea, 0xff, 0x58,
    0x3, 0xfe, 0x60, 0xf, 0xff, 0x3f, 0xfc, 0x20,
    0x1f, 0x9b, 0xfd, 0x3f, 0xf0, 0x80, 0x7e, 0x6f,
    0xf4, 0xff, 0xc2, 0x1, 0xf9, 0xbf, 0xd3, 0xff,
    0x8, 0x7, 0xe6, 0xff, 0x4f, 0xfc, 0x20, 0x1f,
    0x9b, 0xfd, 0x3f, 0xf0, 0x80, 0x7e, 0x6f, 0xf4,
    0xff, 0xc2, 0x1, 0xf9, 0xbf, 0xd3, 0xff, 0x8,
    0x7, 0xe6, 0xff, 0x4f, 0xfc, 0x20, 0x1f, 0x9b,
    0xfd, 0x3f, 0xf0, 0x80, 0x7e, 0x6f, 0xf4, 0xff,
    0xc2, 0x1, 0xf9, 0xbf, 0xd3, 0xff, 0x8, 0x7,
    0xe6, 0xff, 0x4f, 0xfc, 0x20, 0x1f, 0x9b, 0xfd,
    0x3d, 0xfe, 0x20, 0xf, 0xcf, 0xfe, 0x9d, 0xff,
    0x18, 0x7, 0xe9, 0xff, 0x45, 0xff, 0x9c, 0x3,
    0xf6, 0xff, 0x95, 0xff, 0xdc, 0x1, 0xf2, 0x7f,
    0xc2, 0x2f, 0xfb, 0xc, 0x3, 0x37, 0xfd, 0x40,
    0x6, 0xff, 0xdd, 0xba, 0xff, 0xdc, 0x20, 0x13,
    0x7f, 0xff, 0x69, 0x0, 0x70, 0xbe, 0x77, 0xfb,
    0x69, 0x40, 0x30,

    /* U+00DD "Ý" */
    0x0, 0xff, 0xf, 0x7f, 0x10, 0x7, 0xff, 0x6,
    0xff, 0x88, 0x3, 0xff, 0x82, 0xff, 0xe3, 0x0,
    0xff, 0xe0, 0x9f, 0xf8, 0xc0, 0x3f, 0xf8, 0x4d,
    0x8, 0x1, 0xff, 0xcd, 0x7f, 0xf8, 0x40, 0x3f,
    0xaf, 0xfd, 0x61, 0xbf, 0xe9, 0x0, 0xfc, 0x9f,
    0xf1, 0x2, 0x7f, 0xc4, 0x1, 0xf6, 0xff, 0xa4,
    0x2, 0xbf, 0xf5, 0x0, 0x79, 0xbf, 0xdc, 0x20,
    0x11, 0x7f, 0xc6, 0x1, 0xdd, 0xfe, 0x70, 0xe,
    0x9f, 0xf5, 0x80, 0x68, 0xff, 0x68, 0x7, 0x87,
    0xbf, 0xc8, 0x0, 0x1f, 0xf9, 0x0, 0x3e, 0x6f,
    0xf6, 0x80, 0x2b, 0xfd, 0x60, 0x1f, 0xdb, 0xfe,
    0x63, 0xff, 0x88, 0x3, 0xf9, 0x3f, 0xdd, 0x9f,
    0xe9, 0x0, 0xff, 0xaf, 0xff, 0x84, 0x3, 0xfe,
    0x2f, 0xfc, 0xe0, 0x1f, 0xfc, 0x18, 0xff, 0x70,
    0x7, 0xff, 0x9, 0x7f, 0xd6, 0x1, 0xff, 0xc2,
    0x5f, 0xf5, 0x80, 0x7f, 0xf0, 0x97, 0xfd, 0x60,
    0x1f, 0xfc, 0x25, 0xff, 0x58, 0x7, 0xff, 0x9,
    0x7f, 0xd6, 0x1, 0xff, 0xc2, 0x5f, 0xf5, 0x80,
    0x7f, 0xf0, 0x97, 0xfd, 0x60, 0x1f, 0xfc, 0x25,
    0xff, 0x58, 0x7, 0xc0,

    /* U+00DE "Þ" */
    0x5f, 0xf3, 0x80, 0x7f, 0x97, 0xfc, 0xe0, 0x1f,
    0xe5, 0xff, 0x38, 0x7, 0xf9, 0x7f, 0xfe, 0xec,
    0x70, 0x9, 0x7f, 0xff, 0xda, 0x40, 0xbf, 0xea,
    0x66, 0x9e, 0xbf, 0xee, 0x15, 0xff, 0x38, 0x7,
    0xe, 0x7f, 0x9d, 0x7f, 0xce, 0x1, 0xe2, 0xff,
    0x62, 0xff, 0x9c, 0x3, 0xef, 0xf7, 0x2f, 0xf9,
    0xc0, 0x3e, 0xff, 0x6a, 0xff, 0x9c, 0x3, 0xc7,
    0xfe, 0xb5, 0xff, 0x38, 0x7, 0x16, 0xff, 0x99,
    0x7f, 0xd9, 0x11, 0x4d, 0xff, 0xd8, 0xb, 0xff,
    0xfe, 0xb1, 0x5, 0xff, 0xfb, 0x69, 0x0, 0x25,
    0xff, 0x38, 0x7, 0xf9, 0x7f, 0xce, 0x1, 0xfe,
    0x5f, 0xf3, 0x80, 0x7f, 0x97, 0xfc, 0xe0, 0x1f,
    0xe5, 0xff, 0x38, 0x7, 0xf9, 0x7f, 0xce, 0x1,
    0xfe,

    /* U+00DF "ß" */
    0x0, 0x8e, 0x33, 0xbf, 0xdb, 0x4a, 0x1, 0xf4,
    0xff, 0xff, 0x60, 0x80, 0x69, 0xff, 0xdb, 0x79,
    0xdf, 0xf5, 0x80, 0x45, 0xff, 0x50, 0x80, 0x65,
    0xff, 0x84, 0x1, 0x1f, 0xeb, 0x0, 0xfa, 0xbf,
    0xc6, 0x0, 0xcf, 0xf2, 0x80, 0x79, 0x7f, 0xe1,
    0x0, 0x77, 0xf8, 0x80, 0x21, 0x8e, 0xff, 0xa0,
    0x2, 0xff, 0x84, 0x0, 0xff, 0xfb, 0x98, 0x3,
    0x7f, 0xc2, 0x9, 0xff, 0x62, 0x80, 0x7b, 0xfe,
    0x10, 0x9f, 0xf4, 0x0, 0x7e, 0xff, 0x84, 0x2b,
    0xfc, 0x80, 0x1f, 0xbf, 0xe1, 0x7, 0xff, 0xa5,
    0x0, 0x3d, 0xff, 0x8, 0x3, 0x3f, 0xfa, 0xd4,
    0x2, 0xff, 0x84, 0x2, 0x6d, 0xff, 0xec, 0x10,
    0xff, 0x84, 0x3, 0x89, 0xf3, 0xfe, 0xa0, 0xff,
    0x84, 0x3, 0xf2, 0x7f, 0xc1, 0xff, 0x8, 0x9f,
    0x48, 0x3, 0xb7, 0xfc, 0x3f, 0xf0, 0xaf, 0xfb,
    0x0, 0x31, 0x7f, 0xc1, 0xff, 0x8, 0x5f, 0xfb,
    0xa5, 0xe7, 0xbf, 0xd2, 0x1f, 0xf0, 0x80, 0x2f,
    0xff, 0xeb, 0x0, 0x7f, 0xc2, 0x1, 0x25, 0x77,
    0xf5, 0xa8, 0x4,

    /* U+00E0 "à" */
    0x0, 0x3f, 0xfa, 0x0, 0x3f, 0xe8, 0xff, 0x20,
    0x7, 0xfd, 0x3f, 0xc2, 0x1, 0xff, 0x57, 0xd8,
    0x7, 0xff, 0x1, 0x54, 0x20, 0x1f, 0xfc, 0xa4,
    0x9d, 0xff, 0x75, 0x20, 0x6, 0x1b, 0xff, 0xfd,
    0x40, 0x1, 0xef, 0xfa, 0xe2, 0x73, 0xfe, 0x80,
    0x3, 0x7d, 0x8, 0x6, 0x6f, 0xf8, 0x2, 0x30,
    0xf, 0xb3, 0xfc, 0x80, 0x1f, 0xe9, 0xff, 0x30,
    0x1, 0x2b, 0x7f, 0xff, 0x30, 0x47, 0xff, 0xfc,
    0xc7, 0xff, 0x4a, 0x19, 0xec, 0xff, 0x34, 0x7f,
    0xa0, 0x3, 0xdf, 0xf3, 0x4f, 0xf9, 0x40, 0x38,
    0x7f, 0xe6, 0x7f, 0xf5, 0x80, 0x61, 0xcf, 0xf9,
    0x87, 0xfe, 0xd7, 0x69, 0xef, 0xfc, 0xc0, 0x9f,
    0xff, 0x5b, 0xff, 0x98, 0x0, 0x33, 0xbf, 0xec,
    0x60, 0x5f, 0xf3, 0x0,

    /* U+00E1 "á" */
    0x0, 0xfc, 0x3d, 0xfc, 0x40, 0x1f, 0xd7, 0xfc,
    0x40, 0x1f, 0xcf, 0xfc, 0x40, 0x1f, 0xc9, 0xfc,
    0x60, 0x1f, 0xe4, 0x52, 0x0, 0xff, 0xe5, 0x24,
    0xef, 0xfb, 0xa9, 0x0, 0x30, 0xdf, 0xff, 0xea,
    0x0, 0xf, 0x7f, 0xd7, 0x13, 0x9f, 0xf4, 0x0,
    0x1b, 0xe8, 0x40, 0x33, 0x7f, 0xc0, 0x11, 0x80,
    0x7d, 0x9f, 0xe4, 0x0, 0xff, 0x4f, 0xf9, 0x80,
    0x9, 0x5b, 0xff, 0xf9, 0x82, 0x3f, 0xff, 0xe6,
    0x3f, 0xfa, 0x50, 0xcf, 0x67, 0xf9, 0xa3, 0xfd,
    0x0, 0x1e, 0xff, 0x9a, 0x7f, 0xca, 0x1, 0xc3,
    0xff, 0x33, 0xff, 0xac, 0x3, 0xe, 0x7f, 0xcc,
    0x3f, 0xf6, 0xbb, 0x4f, 0x7f, 0xe6, 0x4, 0xff,
    0xfa, 0xdf, 0xfc, 0xc0, 0x1, 0x9d, 0xff, 0x63,
    0x2, 0xff, 0x98,

    /* U+00E2 "â" */
    0x0, 0xf8, 0x80, 0x3f, 0xf8, 0x15, 0xc4, 0x1,
    0xfe, 0x9f, 0xf7, 0x10, 0x7, 0xe8, 0xfc, 0x6f,
    0xd1, 0x0, 0xf3, 0xfe, 0x88, 0x3f, 0xe8, 0x80,
    0x61, 0x78, 0x20, 0x9, 0xa1, 0x0, 0x3f, 0xf8,
    0xe9, 0x3b, 0xfe, 0xea, 0x40, 0xc, 0x37, 0xff,
    0xfa, 0x80, 0x3, 0xdf, 0xf5, 0xc4, 0xe7, 0xfd,
    0x0, 0x6, 0xfa, 0x10, 0xc, 0xdf, 0xf0, 0x4,
    0x60, 0x1f, 0x67, 0xf9, 0x0, 0x3f, 0xd3, 0xfe,
    0x60, 0x2, 0x56, 0xff, 0xfe, 0x60, 0x8f, 0xff,
    0xf9, 0x8f, 0xfe, 0x94, 0x33, 0xd9, 0xfe, 0x68,
    0xff, 0x40, 0x7, 0xbf, 0xe6, 0x9f, 0xf2, 0x80,
    0x70, 0xff, 0xcc, 0xff, 0xeb, 0x0, 0xc3, 0x9f,
    0xf3, 0xf, 0xfd, 0xae, 0xd3, 0xdf, 0xf9, 0x81,
    0x3f, 0xfe, 0xb7, 0xff, 0x30, 0x0, 0x67, 0x7f,
    0xd8, 0xc0, 0xbf, 0xe6,

    /* U+00E3 "ã" */
    0x0, 0x97, 0x7e, 0xc4, 0x1, 0x7e, 0x1, 0x87,
    0xfd, 0xdf, 0xa2, 0x2f, 0xe0, 0xd, 0x1e, 0xa1,
    0x3f, 0xee, 0xf8, 0x0, 0xd5, 0xe2, 0x0, 0x7e,
    0xfa, 0x0, 0xff, 0xeb, 0x24, 0xef, 0xfb, 0xa9,
    0x0, 0x30, 0xdf, 0xff, 0xea, 0x0, 0xf, 0x7f,
    0xd7, 0x13, 0x9f, 0xf4, 0x0, 0x1b, 0xe8, 0x40,
    0x33, 0x7f, 0xc0, 0x11, 0x80, 0x7d, 0x9f, 0xe4,
    0x0, 0xff, 0x4f, 0xf9, 0x80, 0x9, 0x5b, 0xff,
    0xf9, 0x82, 0x3f, 0xff, 0xe6, 0x3f, 0xfa, 0x50,
    0xcf, 0x67, 0xf9, 0xa3, 0xfd, 0x0, 0x1e, 0xff,
    0x9a, 0x7f, 0xca, 0x1, 0xc3, 0xff, 0x33, 0xff,
    0xac, 0x3, 0xe, 0x7f, 0xcc, 0x3f, 0xf6, 0xbb,
    0x4f, 0x7f, 0xe6, 0x4, 0xff, 0xfa, 0xdf, 0xfc,
    0xc0, 0x1, 0x9d, 0xff, 0x63, 0x2, 0xff, 0x98,

    /* U+00E4 "ä" */
    0x0, 0x27, 0xfc, 0x21, 0x3f, 0xec, 0x0, 0xc9,
    0xff, 0x8, 0x4f, 0xfb, 0x0, 0x32, 0x7f, 0xc2,
    0x13, 0xfe, 0xc0, 0xc, 0x53, 0x30, 0x1, 0x66,
    0x4c, 0x1, 0xff, 0xd5, 0x49, 0xdf, 0xf7, 0x52,
    0x0, 0x61, 0xbf, 0xff, 0xd4, 0x0, 0x1e, 0xff,
    0xae, 0x27, 0x3f, 0xe8, 0x0, 0x37, 0xd0, 0x80,
    0x66, 0xff, 0x80, 0x23, 0x0, 0xfb, 0x3f, 0xc8,
    0x1, 0xfe, 0x9f, 0xf3, 0x0, 0x12, 0xb7, 0xff,
    0xf3, 0x4, 0x7f, 0xff, 0xcc, 0x7f, 0xf4, 0xa1,
    0x9e, 0xcf, 0xf3, 0x47, 0xfa, 0x0, 0x3d, 0xff,
    0x34, 0xff, 0x94, 0x3, 0x87, 0xfe, 0x67, 0xff,
    0x58, 0x6, 0x1c, 0xff, 0x98, 0x7f, 0xed, 0x76,
    0x9e, 0xff, 0xcc, 0x9, 0xff, 0xf5, 0xbf, 0xf9,
    0x80, 0x3, 0x3b, 0xfe, 0xc6, 0x5, 0xff, 0x30,

    /* U+00E5 "å" */
    0x0, 0xe1, 0x79, 0x40, 0xf, 0xe2, 0xef, 0xfa,
    0x40, 0x3f, 0x5f, 0x98, 0x57, 0x98, 0x7, 0xdd,
    0x60, 0x3, 0xf6, 0x0, 0xfb, 0x74, 0x0, 0x6f,
    0x40, 0xf, 0x9b, 0xf6, 0xbf, 0x40, 0x3f, 0x9b,
    0xbe, 0xc4, 0x3, 0xff, 0x92, 0x93, 0xbf, 0xee,
    0xa4, 0x0, 0xc3, 0x7f, 0xff, 0xa8, 0x0, 0x3d,
    0xff, 0x5c, 0x4e, 0x7f, 0xd0, 0x0, 0x6f, 0xa1,
    0x0, 0xcd, 0xff, 0x0, 0x46, 0x1, 0xf6, 0x7f,
    0x90, 0x3, 0xfd, 0x3f, 0xe6, 0x0, 0x25, 0x6f,
    0xff, 0xe6, 0x8, 0xff, 0xff, 0x98, 0xff, 0xe9,
    0x43, 0x3d, 0x9f, 0xe6, 0x8f, 0xf4, 0x0, 0x7b,
    0xfe, 0x69, 0xff, 0x28, 0x7, 0xf, 0xfc, 0xcf,
    0xfe, 0xb0, 0xc, 0x39, 0xff, 0x30, 0xff, 0xda,
    0xed, 0x3d, 0xff, 0x98, 0x13, 0xff, 0xeb, 0x7f,
    0xf3, 0x0, 0x6, 0x77, 0xfd, 0x8c, 0xb, 0xfe,
    0x60,

    /* U+00E6 "æ" */
    0x0, 0x8a, 0x33, 0xbf, 0xad, 0x0, 0x25, 0xce,
    0xfd, 0x93, 0x0, 0xe9, 0xff, 0xfd, 0x1, 0x5f,
    0xff, 0x40, 0x5, 0x9f, 0xf6, 0x4c, 0xb3, 0xfe,
    0xaf, 0xf6, 0xcc, 0xb3, 0xfe, 0x50, 0x2, 0x76,
    0x10, 0x6, 0x5f, 0xfc, 0xc0, 0x19, 0xbf, 0xdc,
    0x1, 0x8, 0x7, 0xd5, 0xfe, 0x90, 0xf, 0x57,
    0xf8, 0xc0, 0x3f, 0xd1, 0xfe, 0x40, 0xf, 0x27,
    0xf9, 0xc0, 0x7, 0x5b, 0xff, 0xff, 0xc6, 0x80,
    0x8f, 0xff, 0xfe, 0x4c, 0x1f, 0xfd, 0x4a, 0x64,
    0x55, 0x7f, 0x98, 0x8b, 0xf8, 0x63, 0xfd, 0x40,
    0x1e, 0xcf, 0xf3, 0x80, 0x7f, 0xa7, 0xfc, 0xe0,
    0x1c, 0x9f, 0xf7, 0x0, 0x7c, 0x20, 0x7, 0xff,
    0x68, 0x80, 0x49, 0xdf, 0x5f, 0xea, 0x0, 0xc3,
    0x5c, 0x40, 0x3f, 0xfa, 0xed, 0xbf, 0xe9, 0xc,
    0xff, 0xae, 0xb3, 0xfe, 0xd0, 0x2, 0xff, 0xfd,
    0x40, 0x1, 0xdf, 0xff, 0xb4, 0x80, 0x23, 0xae,
    0xfe, 0xb5, 0x0, 0xe7, 0xce, 0xfe, 0xb6, 0x0,
    0x80,

    /* U+00E7 "ç" */
    0x0, 0xcd, 0x9d, 0xfd, 0x48, 0x1, 0xc5, 0xbf,
    0xff, 0x48, 0x4, 0x3d, 0xff, 0x54, 0xe7, 0xfd,
    0x0, 0xa, 0xff, 0x60, 0x80, 0x49, 0xff, 0x11,
    0x3f, 0xe1, 0x0, 0xe7, 0xe8, 0x16, 0xff, 0x48,
    0x7, 0xfa, 0x7f, 0xcc, 0x1, 0xfe, 0xaf, 0xf2,
    0x80, 0x7f, 0xa7, 0xfc, 0xc0, 0x1f, 0xe6, 0xff,
    0x48, 0x7, 0xf8, 0xbf, 0xe1, 0x0, 0xe7, 0xe8,
    0x10, 0xaf, 0xf6, 0x8, 0x4, 0x9f, 0xf1, 0x0,
    0xf7, 0xfd, 0x53, 0x9f, 0xf4, 0x0, 0x45, 0xdf,
    0xff, 0x50, 0x7, 0x9f, 0x3f, 0xea, 0x40, 0xf,
    0xed, 0xb0, 0xf, 0xfa, 0x7f, 0xa4, 0x40, 0x3f,
    0x88, 0xe3, 0xf0, 0x3, 0xff, 0x81, 0x7e, 0x1,
    0xf9, 0xba, 0x27, 0xf0, 0x3, 0xf2, 0x67, 0xf5,
    0x8, 0x6,

    /* U+00E8 "è" */
    0x0, 0x3f, 0xfa, 0x0, 0x3f, 0xe8, 0xff, 0x20,
    0x7, 0xfd, 0x3f, 0xc2, 0x1, 0xff, 0x57, 0xd8,
    0x7, 0xff, 0x1, 0x54, 0x1, 0xff, 0xcc, 0x7c,
    0xef, 0xea, 0x30, 0xe, 0x3e, 0xff, 0xfa, 0x40,
    0x21, 0xef, 0xf6, 0xc3, 0xd7, 0xfc, 0xe0, 0xa,
    0xff, 0x38, 0x6, 0x2e, 0xff, 0x8, 0xbf, 0xd6,
    0x1, 0xe4, 0xff, 0x3b, 0x7f, 0x94, 0x3, 0xef,
    0xf5, 0xcf, 0xff, 0xff, 0x3, 0x2b, 0xff, 0xff,
    0x81, 0xb3, 0xfe, 0x72, 0x2f, 0xe1, 0x7f, 0xf4,
    0x0, 0x7f, 0x8b, 0xfd, 0xc0, 0x1f, 0x8, 0x5,
    0x7f, 0xeb, 0x10, 0xc, 0xfe, 0xc0, 0x2, 0xff,
    0xd7, 0x57, 0xff, 0x88, 0x0, 0x7d, 0xff, 0xf7,
    0x28, 0x7, 0x3e, 0x77, 0xf6, 0x38, 0x80, 0x0,

    /* U+00E9 "é" */
    0x0, 0xfc, 0x3d, 0xfc, 0x40, 0x1f, 0xd9, 0xfc,
    0x40, 0x1f, 0xd1, 0xfc, 0x40, 0x1f, 0xc9, 0xfc,
    0x40, 0x1f, 0xe4, 0x52, 0x0, 0xff, 0xe5, 0xbe,
    0x77, 0xf5, 0x18, 0x7, 0x1f, 0x7f, 0xfd, 0x20,
    0x10, 0xf7, 0xfb, 0x61, 0xeb, 0xfe, 0x70, 0x5,
    0x7f, 0x9c, 0x3, 0x17, 0x7f, 0x84, 0x5f, 0xeb,
    0x0, 0xf2, 0x7f, 0x9d, 0xbf, 0xca, 0x1, 0xf7,
    0xfa, 0xe7, 0xff, 0xff, 0x81, 0x95, 0xff, 0xff,
    0xc0, 0xd9, 0xff, 0x39, 0x17, 0xf0, 0xbf, 0xfa,
    0x0, 0x3f, 0xc5, 0xfe, 0xe0, 0xf, 0x84, 0x2,
    0xbf, 0xf5, 0x88, 0x6, 0x7f, 0x60, 0x1, 0x7f,
    0xeb, 0xab, 0xff, 0xc4, 0x0, 0x3e, 0xff, 0xfb,
    0x94, 0x3, 0x9f, 0x3b, 0xfb, 0x1c, 0x40, 0x0,

    /* U+00EA "ê" */
    0x0, 0xf8, 0x80, 0x3f, 0xf8, 0x15, 0xc4, 0x1,
    0xfe, 0x9f, 0xf7, 0x8, 0x7, 0xe8, 0xfc, 0x6f,
    0xd1, 0x0, 0xf3, 0xfe, 0x88, 0x47, 0xe0, 0x7,
    0xb, 0xc0, 0x80, 0x4d, 0x8, 0x1, 0xff, 0xc8,
    0x7c, 0xef, 0xea, 0x30, 0xe, 0x3e, 0xff, 0xfa,
    0x40, 0x21, 0xef, 0xf6, 0xc3, 0xd7, 0xfc, 0xe0,
    0xa, 0xff, 0x38, 0x6, 0x2e, 0xff, 0x8, 0xbf,
    0xd6, 0x1, 0xe4, 0xff, 0x3b, 0x7f, 0x94, 0x3,
    0xef, 0xf5, 0xcf, 0xff, 0xff, 0x3, 0x2b, 0xff,
    0xff, 0x81, 0xb3, 0xfe, 0x72, 0x2f, 0xe1, 0x7f,
    0xf4, 0x0, 0x7f, 0x8b, 0xfd, 0xc0, 0x1f, 0x8,
    0x5, 0x7f, 0xeb, 0x10, 0xc, 0xfe, 0xc0, 0x2,
    0xff, 0xd7, 0x57, 0xff, 0x88, 0x0, 0x7d, 0xff,
    0xf7, 0x28, 0x7, 0x3e, 0x77, 0xf6, 0x38, 0x80,
    0x0,

    /* U+00EB "ë" */
    0x0, 0x27, 0xfc, 0x0, 0x9f, 0xf5, 0x80, 0x64,
    0xff, 0x80, 0x13, 0xfe, 0xb0, 0xc, 0x9f, 0xf0,
    0x2, 0x7f, 0xd6, 0x1, 0x8a, 0x66, 0x0, 0x2c,
    0xc9, 0x80, 0x3f, 0xfa, 0xcf, 0x9d, 0xfd, 0x46,
    0x1, 0xc7, 0xdf, 0xff, 0x48, 0x4, 0x3d, 0xfe,
    0xd8, 0x7a, 0xff, 0x9c, 0x1, 0x5f, 0xe7, 0x0,
    0xc5, 0xdf, 0xe1, 0x17, 0xfa, 0xc0, 0x3c, 0x9f,
    0xe7, 0x6f, 0xf2, 0x80, 0x7d, 0xfe, 0xb9, 0xff,
    0xff, 0xe0, 0x65, 0x7f, 0xff, 0xf0, 0x36, 0x7f,
    0xce, 0x45, 0xfc, 0x2f, 0xfe, 0x80, 0xf, 0xf1,
    0x7f, 0xb8, 0x3, 0xe1, 0x0, 0xaf, 0xfd, 0x62,
    0x1, 0x9f, 0xd8, 0x0, 0x5f, 0xfa, 0xea, 0xff,
    0xf1, 0x0, 0xf, 0xbf, 0xfe, 0xe5, 0x0, 0xe7,
    0xce, 0xfe, 0xc7, 0x10, 0x0,

    /* U+00EC "ì" */
    0x3f, 0xf6, 0x0, 0x64, 0xff, 0x48, 0x6, 0x4f,
    0xf2, 0x80, 0x64, 0xfe, 0x20, 0xc, 0x24, 0x20,
    0x1f, 0xf7, 0xfc, 0x1, 0xbf, 0xe0, 0xd, 0xff,
    0x0, 0x6f, 0xf8, 0x3, 0x7f, 0xc0, 0x1b, 0xfe,
    0x0, 0xdf, 0xf0, 0x6, 0xff, 0x80, 0x37, 0xfc,
    0x1, 0xbf, 0xe0, 0xd, 0xff, 0x0, 0x6f, 0xf8,
    0x3, 0x7f, 0xc0, 0x1b, 0xfe, 0x0, 0xdf, 0xf0,

    /* U+00ED "í" */
    0x0, 0xaf, 0xfc, 0xa0, 0x8, 0xff, 0x20, 0x1,
    0x7f, 0xc8, 0x0, 0x2f, 0xf2, 0x0, 0x42, 0x42,
    0x1, 0xff, 0x7f, 0xc0, 0x1b, 0xfe, 0x0, 0xdf,
    0xf0, 0x6, 0xff, 0x80, 0x37, 0xfc, 0x1, 0xbf,
    0xe0, 0xd, 0xff, 0x0, 0x6f, 0xf8, 0x3, 0x7f,
    0xc0, 0x1b, 0xfe, 0x0, 0xdf, 0xf0, 0x6, 0xff,
    0x80, 0x37, 0xfc, 0x1, 0xbf, 0xe0, 0xd, 0xff,
    0x0, 0x60,

    /* U+00EE "î" */
    0x0, 0xe3, 0x0, 0xfe, 0x6f, 0x50, 0xf, 0x97,
    0xfe, 0x40, 0xe, 0x4f, 0xe5, 0xef, 0x30, 0x8,
    0xff, 0xc6, 0x7, 0xfe, 0x30, 0x3, 0x42, 0x0,
    0x49, 0xc, 0x1, 0xff, 0xc4, 0xff, 0x80, 0x3f,
    0x7f, 0xc0, 0x1f, 0xbf, 0xe0, 0xf, 0xdf, 0xf0,
    0x7, 0xef, 0xf8, 0x3, 0xf7, 0xfc, 0x1, 0xfb,
    0xfe, 0x0, 0xfd, 0xff, 0x0, 0x7e, 0xff, 0x80,
    0x3f, 0x7f, 0xc0, 0x1f, 0xbf, 0xe0, 0xf, 0xdf,
    0xf0, 0x7, 0xef, 0xf8, 0x3, 0xf7, 0xfc, 0x1,
    0xfb, 0xfe, 0x0, 0xc0,

    /* U+00EF "ï" */
    0xf, 0xf9, 0x41, 0x7f, 0xe0, 0xff, 0x94, 0x17,
    0xfe, 0xf, 0xf9, 0x41, 0x7f, 0xe0, 0x99, 0x88,
    0xe, 0x65, 0x0, 0x1f, 0xfc, 0xcf, 0xf8, 0x3,
    0xef, 0xf8, 0x3, 0xef, 0xf8, 0x3, 0xef, 0xf8,
    0x3, 0xef, 0xf8, 0x3, 0xef, 0xf8, 0x3, 0xef,
    0xf8, 0x3, 0xef, 0xf8, 0x3, 0xef, 0xf8, 0x3,
    0xef, 0xf8, 0x3, 0xef, 0xf8, 0x3, 0xef, 0xf8,
    0x3, 0xef, 0xf8, 0x3, 0xef, 0xf8, 0x3, 0xef,
    0xf8, 0x2,

    /* U+00F0 "ð" */
    0x0, 0xe5, 0xed, 0xb8, 0x30, 0xf, 0xf9, 0xff,
    0xfa, 0xcc, 0x0, 0x26, 0x1, 0xf1, 0x2d, 0x7f,
    0xdd, 0xbf, 0x60, 0x1f, 0x89, 0xb7, 0xfe, 0xc3,
    0x0, 0xf9, 0x77, 0xfa, 0x5b, 0xbf, 0x80, 0x3f,
    0x23, 0x90, 0x4, 0x7f, 0xe5, 0x0, 0xff, 0xe1,
    0x6f, 0xd0, 0x7, 0x92, 0x77, 0xfd, 0x66, 0x13,
    0xfa, 0x1, 0x86, 0xff, 0xfe, 0x56, 0xff, 0x0,
    0x43, 0xbf, 0xf5, 0x43, 0xd7, 0xfa, 0x3f, 0xc2,
    0x0, 0xcf, 0xf5, 0x88, 0x6, 0x2e, 0xe7, 0xf8,
    0x81, 0xbf, 0xd6, 0x1, 0xf2, 0xff, 0xc2, 0x19,
    0xfe, 0x20, 0xf, 0xdf, 0xf0, 0xf, 0xfb, 0x0,
    0x3f, 0xb7, 0xf8, 0xf, 0xfd, 0x20, 0x1f, 0xdd,
    0xf6, 0x7, 0xfe, 0x80, 0xf, 0xc5, 0xfe, 0x70,
    0x2f, 0xf5, 0x0, 0x7e, 0x9f, 0xf0, 0x80, 0x3b,
    0xfc, 0x20, 0x1e, 0x3f, 0xf5, 0x0, 0x51, 0xfe,
    0xc1, 0x0, 0xcb, 0xff, 0x10, 0x6, 0xdf, 0xfa,
    0xe2, 0xb7, 0xfe, 0x40, 0xe, 0x2d, 0xff, 0xfb,
    0x90, 0x3, 0xf3, 0x5f, 0x7f, 0x63, 0x8, 0x7,
    0x0,

    /* U+00F1 "ñ" */
    0x0, 0x37, 0x7c, 0x80, 0x5b, 0xc0, 0x11, 0xff,
    0xbb, 0xf0, 0x4b, 0xf0, 0x2, 0x9f, 0x30, 0xbf,
    0xee, 0x7b, 0x0, 0x59, 0xe0, 0x14, 0x77, 0xc0,
    0x7, 0xff, 0x47, 0xfe, 0x2, 0xae, 0xfe, 0xa3,
    0x0, 0x7f, 0xcb, 0xff, 0xf2, 0x87, 0xff, 0x5c,
    0xdf, 0xfe, 0x1f, 0xfc, 0x80, 0x11, 0xf7, 0xf9,
    0xbf, 0xe9, 0x0, 0xe8, 0xff, 0x4f, 0xfc, 0x80,
    0x1c, 0xbf, 0xeb, 0xff, 0x84, 0x3, 0x8f, 0xfd,
    0x7f, 0xf0, 0x7, 0x8f, 0xfd, 0x7f, 0xf0, 0x7,
    0x8f, 0xfd, 0x7f, 0xf0, 0x7, 0x8f, 0xfd, 0x7f,
    0xf0, 0x7, 0x8f, 0xfd, 0x7f, 0xf0, 0x7, 0x8f,
    0xfd, 0x7f, 0xf0, 0x7, 0x8f, 0xfd, 0x7f, 0xf0,
    0x7, 0x8f, 0xfd, 0x7f, 0xf0, 0x7, 0x8f, 0xfd,
    0x60,

    /* U+00F2 "ò" */
    0x0, 0x17, 0x7f, 0x8, 0x7, 0xfc, 0x5d, 0xf4,
    0x1, 0xff, 0xc0, 0x3f, 0xf3, 0x0, 0x7f, 0xf0,
    0x13, 0xfc, 0x40, 0x1f, 0xfc, 0x3, 0x53, 0x0,
    0xff, 0xe6, 0xa5, 0x6f, 0xf6, 0x30, 0x7, 0x86,
    0xff, 0xfe, 0xd3, 0x0, 0xdb, 0xff, 0x5c, 0xd7,
    0xfe, 0x20, 0x4, 0xff, 0xb4, 0x80, 0x35, 0x7f,
    0xb4, 0x7, 0xfe, 0x10, 0xf, 0x67, 0xf9, 0x1b,
    0xfd, 0x20, 0x1f, 0x2f, 0xfa, 0xa3, 0xfc, 0xc0,
    0x1f, 0x17, 0xfb, 0x2b, 0xfc, 0xa0, 0x1f, 0xf,
    0xfb, 0xa3, 0xfc, 0xc0, 0x1f, 0x17, 0xfb, 0x1b,
    0xfd, 0x20, 0x1f, 0x37, 0xfa, 0x87, 0xfe, 0x20,
    0xf, 0x6f, 0xf9, 0x2, 0x7f, 0xda, 0x40, 0x10,
    0xd7, 0xfb, 0x0, 0x2d, 0xff, 0xb2, 0xaf, 0xff,
    0x10, 0x4, 0x37, 0xff, 0xf6, 0x90, 0x7, 0x92,
    0xb7, 0xfa, 0xd8, 0x3, 0x0,

    /* U+00F3 "ó" */
    0x0, 0xfe, 0x8f, 0xf3, 0x80, 0x7f, 0x97, 0xfd,
    0x0, 0x1f, 0xe2, 0xef, 0x80, 0xf, 0xfb, 0x3e,
    0x0, 0x3f, 0xe1, 0x54, 0x0, 0xff, 0xe6, 0xa5,
    0x6f, 0xf6, 0x30, 0x7, 0x86, 0xff, 0xfe, 0xd3,
    0x0, 0xdb, 0xff, 0x5c, 0xd7, 0xfe, 0x20, 0x4,
    0xff, 0xb4, 0x80, 0x35, 0x7f, 0xb4, 0x7, 0xfe,
    0x10, 0xf, 0x67, 0xf9, 0x1b, 0xfd, 0x20, 0x1f,
    0x2f, 0xfa, 0xa3, 0xfc, 0xc0, 0x1f, 0x17, 0xfb,
    0x2b, 0xfc, 0xa0, 0x1f, 0xf, 0xfb, 0xa3, 0xfc,
    0xc0, 0x1f, 0x17, 0xfb, 0x1b, 0xfd, 0x20, 0x1f,
    0x37, 0xfa, 0x87, 0xfe, 0x20, 0xf, 0x6f, 0xf9,
    0x2, 0x7f, 0xda, 0x40, 0x10, 0xd7, 0xfb, 0x0,
    0x2d, 0xff, 0xb2, 0xaf, 0xff, 0x10, 0x4, 0x37,
    0xff, 0xf6, 0x90, 0x7, 0x92, 0xb7, 0xfa, 0xd8,
    0x3, 0x0,

    /* U+00F4 "ô" */
    0x0, 0xf8, 0xc0, 0x3f, 0xf8, 0x29, 0xf0, 0x1,
    0xff, 0x1f, 0xfc, 0xe0, 0x1f, 0xc5, 0xde, 0xbb,
    0xec, 0x1, 0xf1, 0x77, 0xa8, 0x17, 0x7a, 0x80,
    0x79, 0x61, 0x40, 0x22, 0x87, 0x0, 0xff, 0xe5,
    0x25, 0x6f, 0xf6, 0x30, 0x7, 0x86, 0xff, 0xfe,
    0xd3, 0x0, 0xdb, 0xff, 0x5c, 0xd7, 0xfe, 0x20,
    0x4, 0xff, 0xb4, 0x80, 0x35, 0x7f, 0xb4, 0x7,
    0xfe, 0x10, 0xf, 0x67, 0xf9, 0x1b, 0xfd, 0x20,
    0x1f, 0x2f, 0xfa, 0xa3, 0xfc, 0xc0, 0x1f, 0x17,
    0xfb, 0x2b, 0xfc, 0xa0, 0x1f, 0xf, 0xfb, 0xa3,
    0xfc, 0xc0, 0x1f, 0x17, 0xfb, 0x1b, 0xfd, 0x20,
    0x1f, 0x37, 0xfa, 0x87, 0xfe, 0x20, 0xf, 0x6f,
    0xf9, 0x2, 0x7f, 0xda, 0x40, 0x10, 0xd7, 0xfb,
    0x0, 0x2d, 0xff, 0xb2, 0xaf, 0xff, 0x10, 0x4,
    0x37, 0xff, 0xf6, 0x90, 0x7, 0x92, 0xb7, 0xfa,
    0xd8, 0x3, 0x0,

    /* U+00F5 "õ" */
    0x0, 0x86, 0xff, 0x50, 0x0, 0xbe, 0xe0, 0x1d,
    0x5f, 0xdf, 0xe6, 0x9, 0xf5, 0x0, 0xc3, 0xf8,
    0x9, 0xfe, 0xdf, 0xe0, 0xe, 0x3f, 0x70, 0x1,
    0xe7, 0xe9, 0x80, 0x7f, 0xf6, 0x52, 0xb7, 0xfb,
    0x18, 0x3, 0xc3, 0x7f, 0xff, 0x69, 0x80, 0x6d,
    0xff, 0xae, 0x6b, 0xff, 0x10, 0x2, 0x7f, 0xda,
    0x40, 0x1a, 0xbf, 0xda, 0x3, 0xff, 0x8, 0x7,
    0xb3, 0xfc, 0x8d, 0xfe, 0x90, 0xf, 0x97, 0xfd,
    0x51, 0xfe, 0x60, 0xf, 0x8b, 0xfd, 0x95, 0xfe,
    0x50, 0xf, 0x87, 0xfd, 0xd1, 0xfe, 0x60, 0xf,
    0x8b, 0xfd, 0x8d, 0xfe, 0x90, 0xf, 0x9b, 0xfd,
    0x43, 0xff, 0x10, 0x7, 0xb7, 0xfc, 0x81, 0x3f,
    0xed, 0x20, 0x8, 0x6b, 0xfd, 0x80, 0x16, 0xff,
    0xd9, 0x57, 0xff, 0x88, 0x2, 0x1b, 0xff, 0xfb,
    0x48, 0x3, 0xc9, 0x5b, 0xfd, 0x6c, 0x1, 0x80,

    /* U+00F6 "ö" */
    0x0, 0xb7, 0xfc, 0xe0, 0x7f, 0xf1, 0x0, 0x76,
    0xff, 0x9c, 0xf, 0xfe, 0x20, 0xe, 0xdf, 0xf3,
    0x81, 0xff, 0xc4, 0x1, 0xcf, 0x32, 0x40, 0x19,
    0x98, 0x40, 0x3f, 0xfb, 0x9, 0x5b, 0xfd, 0x8c,
    0x1, 0xe1, 0xbf, 0xff, 0xb4, 0xc0, 0x36, 0xff,
    0xd7, 0x35, 0xff, 0x88, 0x1, 0x3f, 0xed, 0x20,
    0xd, 0x5f, 0xed, 0x1, 0xff, 0x84, 0x3, 0xd9,
    0xfe, 0x46, 0xff, 0x48, 0x7, 0xcb, 0xfe, 0xa8,
    0xff, 0x30, 0x7, 0xc5, 0xfe, 0xca, 0xff, 0x28,
    0x7, 0xc3, 0xfe, 0xe8, 0xff, 0x30, 0x7, 0xc5,
    0xfe, 0xc6, 0xff, 0x48, 0x7, 0xcd, 0xfe, 0xa1,
    0xff, 0x88, 0x3, 0xdb, 0xfe, 0x40, 0x9f, 0xf6,
    0x90, 0x4, 0x35, 0xfe, 0xc0, 0xb, 0x7f, 0xec,
    0xab, 0xff, 0xc4, 0x1, 0xd, 0xff, 0xfd, 0xa4,
    0x1, 0xe4, 0xad, 0xfe, 0xb6, 0x0, 0xc0,

    /* U+00F7 "÷" */
    0x0, 0xe5, 0xff, 0x84, 0x3, 0xf9, 0x7f, 0xe1,
    0x0, 0xfe, 0x5f, 0xf8, 0x40, 0x3f, 0x8e, 0xaa,
    0x10, 0xf, 0xfe, 0x31, 0x7f, 0xff, 0xf0, 0x4b,
    0xff, 0xff, 0x82, 0x8, 0x9f, 0xfc, 0x10, 0xf,
    0xfe, 0x39, 0xd5, 0x42, 0x1, 0xfc, 0xbf, 0xf0,
    0x80, 0x7f, 0x2f, 0xfc, 0x20, 0x1f, 0xcb, 0xff,
    0x8, 0x6,

    /* U+00F8 "ø" */
    0x0, 0xff, 0xe0, 0x3a, 0x0, 0x7f, 0xf0, 0x17,
    0xc8, 0x3, 0x92, 0xb7, 0xfb, 0x1f, 0xe0, 0x3,
    0xd, 0xff, 0xfe, 0x30, 0xd, 0xbf, 0xf5, 0xcd,
    0x7f, 0xe2, 0x0, 0x4f, 0xfb, 0x48, 0x2, 0xdf,
    0xfb, 0x40, 0x7f, 0xe1, 0x0, 0x9b, 0xc7, 0x3f,
    0xc8, 0xdf, 0xe9, 0x0, 0x87, 0xd8, 0x17, 0xfd,
    0x51, 0xfe, 0x60, 0xa, 0xb0, 0x0, 0x5f, 0xec,
    0xaf, 0xf2, 0x80, 0x13, 0xcc, 0x0, 0x3f, 0xee,
    0x8f, 0xf3, 0x0, 0x36, 0x40, 0x22, 0xff, 0x63,
    0x7f, 0xa4, 0x1f, 0x84, 0x2, 0x6f, 0xf5, 0xf,
    0xfc, 0x9e, 0xa0, 0x1b, 0x7f, 0xc8, 0x13, 0xff,
    0x70, 0x4, 0x35, 0xfe, 0xc0, 0xb, 0x7f, 0xec,
    0xab, 0xff, 0xc4, 0x1, 0x17, 0xff, 0xed, 0x20,
    0xd, 0x3c, 0xb5, 0xbf, 0xd6, 0xc0, 0x1c, 0x7e,
    0x80, 0x1f, 0xf0,

    /* U+00F9 "ù" */
    0x0, 0x47, 0xf9, 0xc0, 0x3f, 0xe8, 0xff, 0x20,
    0x7, 0xfd, 0x3f, 0xc2, 0x1, 0xff, 0x4f, 0xd8,
    0x7, 0xff, 0x0, 0x88, 0x1, 0xff, 0xc8, 0x2f,
    0xf6, 0x0, 0x79, 0xbf, 0xce, 0x5f, 0xec, 0x0,
    0xf3, 0x7f, 0x9c, 0xbf, 0xd8, 0x1, 0xe6, 0xff,
    0x39, 0x7f, 0xb0, 0x3, 0xcd, 0xfe, 0x72, 0xff,
    0x60, 0x7, 0x9b, 0xfc, 0xe5, 0xfe, 0xc0, 0xf,
    0x37, 0xf9, 0xcb, 0xfd, 0x80, 0x1e, 0x6f, 0xf3,
    0x97, 0xfb, 0x0, 0x3c, 0xff, 0xe7, 0x2f, 0xf6,
    0x0, 0x7a, 0x3f, 0xce, 0x3f, 0xee, 0x0, 0xf5,
    0xff, 0x9c, 0x3f, 0xe1, 0x0, 0xc3, 0xff, 0x38,
    0x6f, 0xfa, 0x80, 0x35, 0xff, 0xce, 0xd, 0xff,
    0x6c, 0xd7, 0x7f, 0xe7, 0x0, 0x5f, 0xff, 0xb6,
    0x3f, 0xce, 0x1, 0x36, 0x77, 0xe3, 0x83, 0x7f,
    0x9c,

    /* U+00FA "ú" */
    0x0, 0xfc, 0x5d, 0xfa, 0x20, 0x1f, 0xd9, 0xfa,
    0x20, 0x1f, 0xd5, 0xfa, 0x20, 0x1f, 0xcd, 0xfa,
    0x20, 0x1f, 0xe2, 0x20, 0x7, 0xff, 0x20, 0xbf,
    0xd8, 0x1, 0xe6, 0xff, 0x39, 0x7f, 0xb0, 0x3,
    0xcd, 0xfe, 0x72, 0xff, 0x60, 0x7, 0x9b, 0xfc,
    0xe5, 0xfe, 0xc0, 0xf, 0x37, 0xf9, 0xcb, 0xfd,
    0x80, 0x1e, 0x6f, 0xf3, 0x97, 0xfb, 0x0, 0x3c,
    0xdf, 0xe7, 0x2f, 0xf6, 0x0, 0x79, 0xbf, 0xce,
    0x5f, 0xec, 0x0, 0xf3, 0xff, 0x9c, 0xbf, 0xd8,
    0x1, 0xe8, 0xff, 0x38, 0xff, 0xb8, 0x3, 0xd7,
    0xfe, 0x70, 0xff, 0x84, 0x3, 0xf, 0xfc, 0xe1,
    0xbf, 0xea, 0x0, 0xd7, 0xff, 0x38, 0x37, 0xfd,
    0xb3, 0x5d, 0xff, 0x9c, 0x1, 0x7f, 0xfe, 0xd8,
    0xff, 0x38, 0x4, 0xd9, 0xdf, 0x8e, 0xd, 0xfe,
    0x70,

    /* U+00FB "û" */
    0x0, 0xf8, 0x80, 0x3f, 0xf8, 0x17, 0xc4, 0x1,
    0xfe, 0xaf, 0xf6, 0x88, 0x7, 0xe9, 0xfb, 0x7f,
    0xd1, 0x0, 0xf4, 0x7e, 0x0, 0x23, 0xf0, 0x3,
    0x85, 0xdc, 0x20, 0x13, 0x42, 0x0, 0x7f, 0xf1,
    0xb, 0xfd, 0x80, 0x1e, 0x6f, 0xf3, 0x97, 0xfb,
    0x0, 0x3c, 0xdf, 0xe7, 0x2f, 0xf6, 0x0, 0x79,
    0xbf, 0xce, 0x5f, 0xec, 0x0, 0xf3, 0x7f, 0x9c,
    0xbf, 0xd8, 0x1, 0xe6, 0xff, 0x39, 0x7f, 0xb0,
    0x3, 0xcd, 0xfe, 0x72, 0xff, 0x60, 0x7, 0x9b,
    0xfc, 0xe5, 0xfe, 0xc0, 0xf, 0x3f, 0xf9, 0xcb,
    0xfd, 0x80, 0x1e, 0x8f, 0xf3, 0x8f, 0xfb, 0x80,
    0x3d, 0x7f, 0xe7, 0xf, 0xf8, 0x40, 0x30, 0xff,
    0xce, 0x1b, 0xfe, 0xa0, 0xd, 0x7f, 0xf3, 0x83,
    0x7f, 0xdb, 0x35, 0xdf, 0xf9, 0xc0, 0x17, 0xff,
    0xed, 0x8f, 0xf3, 0x80, 0x4d, 0x9d, 0xf8, 0xe0,
    0xdf, 0xe7,

    /* U+00FC "ü" */
    0x0, 0x2f, 0xfc, 0x0, 0xaf, 0xf5, 0x0, 0x65,
    0xff, 0x80, 0x15, 0xfe, 0xa0, 0xc, 0xbf, 0xf0,
    0x2, 0xbf, 0xd4, 0x1, 0x8e, 0x65, 0x0, 0x6,
    0x99, 0x28, 0x7, 0xff, 0x48, 0xbf, 0xd8, 0x1,
    0xe6, 0xff, 0x39, 0x7f, 0xb0, 0x3, 0xcd, 0xfe,
    0x72, 0xff, 0x60, 0x7, 0x9b, 0xfc, 0xe5, 0xfe,
    0xc0, 0xf, 0x37, 0xf9, 0xcb, 0xfd, 0x80, 0x1e,
    0x6f, 0xf3, 0x97, 0xfb, 0x0, 0x3c, 0xdf, 0xe7,
    0x2f, 0xf6, 0x0, 0x79, 0xbf, 0xce, 0x5f, 0xec,
    0x0, 0xf3, 0xff, 0x9c, 0xbf, 0xd8, 0x1, 0xe8,
    0xff, 0x38, 0xff, 0xb8, 0x3, 0xd7, 0xfe, 0x70,
    0xff, 0x84, 0x3, 0xf, 0xfc, 0xe1, 0xbf, 0xea,
    0x0, 0xd7, 0xff, 0x38, 0x37, 0xfd, 0xb3, 0x5d,
    0xff, 0x9c, 0x1, 0x7f, 0xfe, 0xd8, 0xff, 0x38,
    0x4, 0xd9, 0xdf, 0x8e, 0xd, 0xfe, 0x70,

    /* U+00FD "ý" */
    0x0, 0xfe, 0x5f, 0xf5, 0x80, 0x7f, 0xc5, 0xfe,
    0xa0, 0xf, 0xfe, 0x6, 0xfd, 0x0, 0x7f, 0xf0,
    0x2f, 0xe8, 0x3, 0xff, 0x82, 0x44, 0x0, 0xff,
    0xe5, 0x9f, 0xfc, 0x1, 0xf2, 0x7f, 0xb8, 0x1,
    0x9f, 0xe6, 0x0, 0xf4, 0xff, 0xa0, 0x0, 0xdf,
    0xec, 0x0, 0xf7, 0xfc, 0x20, 0x17, 0xfc, 0x20,
    0x19, 0x7f, 0xd6, 0x1, 0xa7, 0xfc, 0xe0, 0x1a,
    0xff, 0xc8, 0x1, 0x8b, 0xfd, 0xa0, 0x10, 0xff,
    0xb8, 0x3, 0xd9, 0xfe, 0x30, 0x3, 0xff, 0x9c,
    0x3, 0xcb, 0xfe, 0x90, 0x6, 0xff, 0x84, 0x3,
    0xee, 0xfe, 0x3, 0xff, 0x50, 0x7, 0xe8, 0xff,
    0x24, 0xff, 0x90, 0x3, 0xf1, 0x7f, 0xab, 0xbf,
    0x40, 0x3f, 0xd7, 0xff, 0x9c, 0x3, 0xfc, 0xbf,
    0xf8, 0x40, 0x3f, 0xee, 0xff, 0x50, 0x7, 0xff,
    0x3, 0xbf, 0xc8, 0x1, 0xff, 0x2f, 0xfb, 0x40,
    0x3f, 0xf8, 0x17, 0xfe, 0x70, 0xf, 0xf8, 0xbf,
    0xe1, 0x0, 0xff, 0xa3, 0xfd, 0x40, 0x1f, 0xfc,
    0xe, 0xff, 0x18, 0x7, 0xfc, 0xbf, 0xed, 0x0,
    0xfe,

    /* U+00FE "þ" */
    0xf, 0xf7, 0x0, 0x7f, 0xf0, 0x3f, 0xdc, 0x1,
    0xff, 0xc0, 0xff, 0x70, 0x7, 0xff, 0x3, 0xfd,
    0xc0, 0x1f, 0xfc, 0xf, 0xf7, 0x0, 0x7f, 0xf0,
    0x3f, 0xdc, 0x1, 0xff, 0xc0, 0xff, 0x70, 0xc,
    0x6f, 0xf5, 0xa0, 0x6, 0xff, 0x72, 0x77, 0xff,
    0xa0, 0x2, 0xff, 0xbb, 0xf6, 0xa9, 0xbf, 0xf3,
    0x0, 0x3f, 0xf2, 0x80, 0x67, 0xff, 0x70, 0x3,
    0xfe, 0x60, 0xf, 0x5f, 0xf9, 0x43, 0xfe, 0x0,
    0xf9, 0x7f, 0xd2, 0x1f, 0xeb, 0x0, 0xf8, 0xbf,
    0xd6, 0x1f, 0xea, 0x0, 0xf8, 0x7f, 0xd8, 0x1f,
    0xeb, 0x0, 0xf8, 0xbf, 0xd6, 0x1f, 0xf0, 0x7,
    0xcb, 0xfe, 0xa0, 0xff, 0x98, 0x3, 0xd7, 0xfe,
    0x50, 0xff, 0xca, 0x1, 0xa3, 0xfe, 0x0, 0x7f,
    0xdd, 0xfb, 0x35, 0xbf, 0xf3, 0x0, 0x3f, 0xdc,
    0x7d, 0xff, 0xe8, 0x0, 0xbf, 0xdc, 0x3, 0x1b,
    0xfd, 0x68, 0x1, 0xbf, 0xdc, 0x1, 0xff, 0xc0,
    0xff, 0x70, 0x7, 0xff, 0x3, 0xfd, 0xc0, 0x1f,
    0xfc, 0xf, 0xf7, 0x0, 0x7f, 0xf0, 0x3f, 0xdc,
    0x1, 0xff, 0xc0, 0xff, 0x70, 0x7, 0xfc,

    /* U+00FF "ÿ" */
    0x0, 0xa7, 0xfd, 0x80, 0xe, 0xff, 0x30, 0x7,
    0xa7, 0xfd, 0x80, 0xe, 0xff, 0x30, 0x7, 0xa7,
    0xfd, 0x80, 0xe, 0xff, 0x30, 0x7, 0x96, 0x64,
    0xc0, 0x8, 0x99, 0x18, 0x7, 0xff, 0x5c, 0xff,
    0xe0, 0xf, 0x93, 0xfd, 0xc0, 0xc, 0xff, 0x30,
    0x7, 0xa7, 0xfd, 0x0, 0x6, 0xff, 0x60, 0x7,
    0xbf, 0xe1, 0x0, 0xbf, 0xe1, 0x0, 0xcb, 0xfe,
    0xb0, 0xd, 0x3f, 0xe7, 0x0, 0xd7, 0xfe, 0x40,
    0xc, 0x5f, 0xed, 0x0, 0x87, 0xfd, 0xc0, 0x1e,
    0xcf, 0xf1, 0x80, 0x1f, 0xfc, 0xe0, 0x1e, 0x5f,
    0xf4, 0x80, 0x37, 0xfc, 0x20, 0x1f, 0x77, 0xf0,
    0x1f, 0xfa, 0x80, 0x3f, 0x47, 0xf9, 0x27, 0xfc,
    0x80, 0x1f, 0x8b, 0xfd, 0x5d, 0xfa, 0x1, 0xfe,
    0xbf, 0xfc, 0xe0, 0x1f, 0xe5, 0xff, 0xc2, 0x1,
    0xff, 0x77, 0xfa, 0x80, 0x3f, 0xf8, 0x1d, 0xfe,
    0x40, 0xf, 0xf9, 0x7f, 0xda, 0x1, 0xff, 0xc0,
    0xbf, 0xf3, 0x80, 0x7f, 0xc5, 0xff, 0x8, 0x7,
    0xfd, 0x1f, 0xea, 0x0, 0xff, 0xe0, 0x77, 0xf8,
    0xc0, 0x3f, 0xe5, 0xff, 0x68, 0x7, 0xf0,

    /* U+0100 "Ā" */
    0x0, 0xe5, 0xff, 0xfb, 0x40, 0x3f, 0xe4, 0xcc,
    0xfa, 0x80, 0x3f, 0xfd, 0x55, 0xfe, 0x10, 0xf,
    0xfe, 0x18, 0xff, 0xce, 0x1, 0xff, 0xc3, 0x6f,
    0xfb, 0x80, 0x3f, 0xf8, 0x79, 0xff, 0x90, 0x3,
    0xff, 0x82, 0x7f, 0xfd, 0x40, 0x1f, 0xfc, 0x19,
    0xff, 0x37, 0x7f, 0x84, 0x3, 0xff, 0x81, 0xdf,
    0xe1, 0x9f, 0xf3, 0x0, 0x7f, 0xcb, 0xfe, 0xb0,
    0x3f, 0xf6, 0x0, 0x7f, 0xd7, 0xfe, 0x50, 0x6,
    0xff, 0x8c, 0x3, 0xf8, 0xbf, 0xdc, 0x1, 0x3f,
    0xfa, 0x40, 0x3f, 0xa3, 0xfd, 0x20, 0x10, 0xff,
    0xb8, 0x3, 0xfb, 0xbf, 0xc6, 0x1, 0xb3, 0xfc,
    0xa0, 0x1f, 0x27, 0xfb, 0x40, 0x39, 0xbf, 0xd6,
    0x1, 0xf5, 0x7f, 0xa0, 0x3, 0xdf, 0xf1, 0x0,
    0x70, 0xff, 0xff, 0xf0, 0x60, 0x3, 0x9f, 0xff,
    0xff, 0x83, 0xc0, 0x1d, 0xbf, 0xee, 0xbb, 0xfd,
    0xff, 0x20, 0x4, 0x7f, 0xf0, 0x80, 0x7e, 0x9f,
    0xf5, 0x0, 0x53, 0xfe, 0xb0, 0xf, 0xe3, 0xff,
    0x84, 0x1, 0xff, 0x28, 0x7, 0xfb, 0x7f, 0xcc,
    0xd, 0xfe, 0xe0, 0xf, 0xf9, 0xff, 0xda, 0x0,

    /* U+0101 "ā" */
    0x0, 0xbb, 0xff, 0xe4, 0x0, 0xea, 0xcc, 0xf8,
    0xc0, 0x3f, 0xfa, 0xa9, 0x3b, 0xfe, 0xea, 0x40,
    0xc, 0x37, 0xff, 0xfa, 0x80, 0x3, 0xdf, 0xf5,
    0xc4, 0xe7, 0xfd, 0x0, 0x6, 0xfa, 0x10, 0xc,
    0xdf, 0xf0, 0x4, 0x60, 0x1f, 0x67, 0xf9, 0x0,
    0x3f, 0xd3, 0xfe, 0x60, 0x2, 0x56, 0xff, 0xfe,
    0x60, 0x8f, 0xff, 0xf9, 0x8f, 0xfe, 0x94, 0x33,
    0xd9, 0xfe, 0x68, 0xff, 0x40, 0x7, 0xbf, 0xe6,
    0x9f, 0xf2, 0x80, 0x70, 0xff, 0xcc, 0xff, 0xeb,
    0x0, 0xc3, 0x9f, 0xf3, 0xf, 0xfd, 0xae, 0xd3,
    0xdf, 0xf9, 0x81, 0x3f, 0xfe, 0xb7, 0xff, 0x30,
    0x0, 0x67, 0x7f, 0xd8, 0xc0, 0xbf, 0xe6,

    /* U+0102 "Ă" */
    0x0, 0xed, 0xf5, 0x0, 0xdb, 0xe8, 0x1, 0xfe,
    0xaf, 0xc1, 0x0, 0x2f, 0xf8, 0x40, 0x3f, 0xc5,
    0xff, 0x67, 0x7f, 0xa4, 0x3, 0xff, 0x80, 0x55,
    0xdf, 0xec, 0x60, 0xf, 0xfe, 0xbd, 0x7f, 0x84,
    0x3, 0xff, 0x86, 0x3f, 0xf3, 0x80, 0x7f, 0xf0,
    0xdb, 0xfe, 0xe0, 0xf, 0xfe, 0x1e, 0x7f, 0xe4,
    0x0, 0xff, 0xe0, 0x9f, 0xff, 0x50, 0x7, 0xff,
    0x6, 0x7f, 0xcd, 0xdf, 0xe1, 0x0, 0xff, 0xe0,
    0x77, 0xf8, 0x67, 0xfc, 0xc0, 0x1f, 0xf2, 0xff,
    0xac, 0xf, 0xfd, 0x80, 0x1f, 0xf5, 0xff, 0x94,
    0x1, 0xbf, 0xe3, 0x0, 0xfe, 0x2f, 0xf7, 0x0,
    0x4f, 0xfe, 0x90, 0xf, 0xe8, 0xff, 0x48, 0x4,
    0x3f, 0xee, 0x0, 0xfe, 0xef, 0xf1, 0x80, 0x6c,
    0xff, 0x28, 0x7, 0xc9, 0xfe, 0xd0, 0xe, 0x6f,
    0xf5, 0x80, 0x7d, 0x5f, 0xe8, 0x0, 0xf7, 0xfc,
    0x40, 0x1c, 0x3f, 0xff, 0xfc, 0x18, 0x0, 0xe7,
    0xff, 0xff, 0xe0, 0xf0, 0x7, 0x6f, 0xfb, 0xae,
    0xff, 0x7f, 0xc8, 0x1, 0x1f, 0xfc, 0x20, 0x1f,
    0xa7, 0xfd, 0x40, 0x14, 0xff, 0xac, 0x3, 0xf8,
    0xff, 0xe1, 0x0, 0x7f, 0xca, 0x1, 0xfe, 0xdf,
    0xf3, 0x3, 0x7f, 0xb8, 0x3, 0xfe, 0x7f, 0xf6,
    0x80,

    /* U+0103 "ă" */
    0x0, 0x2f, 0xd0, 0x6, 0x2f, 0xc0, 0xc, 0x5f,
    0xe3, 0x0, 0xa7, 0xe8, 0x3, 0xab, 0xfd, 0xb9,
    0xdf, 0xe2, 0x0, 0xf3, 0xe7, 0xfb, 0xa8, 0x80,
    0x3f, 0xfa, 0xc9, 0x3b, 0xfe, 0xea, 0x40, 0xc,
    0x37, 0xff, 0xfa, 0x80, 0x3, 0xdf, 0xf5, 0xc4,
    0xe7, 0xfd, 0x0, 0x6, 0xfa, 0x10, 0xc, 0xdf,
    0xf0, 0x4, 0x60, 0x1f, 0x67, 0xf9, 0x0, 0x3f,
    0xd3, 0xfe, 0x60, 0x2, 0x56, 0xff, 0xfe, 0x60,
    0x8f, 0xff, 0xf9, 0x8f, 0xfe, 0x94, 0x33, 0xd9,
    0xfe, 0x68, 0xff, 0x40, 0x7, 0xbf, 0xe6, 0x9f,
    0xf2, 0x80, 0x70, 0xff, 0xcc, 0xff, 0xeb, 0x0,
    0xc3, 0x9f, 0xf3, 0xf, 0xfd, 0xae, 0xd3, 0xdf,
    0xf9, 0x81, 0x3f, 0xfe, 0xb7, 0xff, 0x30, 0x0,
    0x67, 0x7f, 0xd8, 0xc0, 0xbf, 0xe6,

    /* U+0104 "Ą" */
    0x0, 0xfd, 0x5f, 0xe1, 0x0, 0xff, 0xe1, 0x8f,
    0xfc, 0xe0, 0x1f, 0xfc, 0x36, 0xff, 0xb8, 0x3,
    0xff, 0x87, 0x9f, 0xf9, 0x0, 0x3f, 0xf8, 0x27,
    0xfe, 0xdf, 0xf5, 0x0, 0x7f, 0xf0, 0x67, 0xfc,
    0xbb, 0xfe, 0x10, 0xf, 0xfe, 0x7, 0x7f, 0x81,
    0xff, 0xcc, 0x1, 0xff, 0x2f, 0xfa, 0x40, 0xbf,
    0xd8, 0x1, 0xff, 0x5f, 0xf9, 0x0, 0x19, 0xfe,
    0x30, 0xf, 0xe2, 0xff, 0x70, 0x4, 0xdf, 0xe9,
    0x0, 0xfe, 0x8f, 0xf4, 0x0, 0x43, 0xfe, 0xe0,
    0xf, 0xee, 0xff, 0x18, 0x6, 0xbf, 0xf2, 0x80,
    0x7c, 0x9f, 0xed, 0x0, 0xe5, 0xff, 0x58, 0x7,
    0xd5, 0xff, 0x5d, 0xf6, 0x7f, 0xc4, 0x1, 0xc3,
    0xff, 0xff, 0xc1, 0x80, 0xe, 0x7f, 0xff, 0xfe,
    0xf, 0x0, 0x76, 0xff, 0x98, 0x3, 0xf7, 0x7f,
    0x90, 0x2, 0x3f, 0xf8, 0x40, 0x3f, 0x4f, 0xfa,
    0x80, 0x29, 0xff, 0x50, 0x7, 0xf1, 0xff, 0xc2,
    0x0, 0xff, 0x94, 0x3, 0xfd, 0xbf, 0xe6, 0x6,
    0xff, 0x70, 0x7, 0xfc, 0xff, 0xed, 0x0, 0xff,
    0xe2, 0x3f, 0xd0, 0x80, 0x7f, 0xf0, 0xdf, 0xd8,
    0x3, 0xff, 0x88, 0x3f, 0x60, 0x1f, 0xfc, 0x53,
    0xfa, 0x0, 0x28, 0x7, 0xff, 0xf, 0xbe, 0xf7,
    0xe0, 0x3, 0xff, 0x84, 0x79, 0xfd, 0x0,

    /* U+0105 "ą" */
    0x0, 0x92, 0x77, 0xfd, 0xd4, 0x80, 0x1c, 0x37,
    0xff, 0xfa, 0x80, 0x21, 0xef, 0xfa, 0xe2, 0x73,
    0xfe, 0x80, 0x9, 0xbe, 0x84, 0x3, 0x37, 0xfc,
    0x1, 0x8c, 0x3, 0xec, 0xff, 0x20, 0x7, 0xfd,
    0x3f, 0xe6, 0x0, 0x92, 0xb7, 0xff, 0xf3, 0x0,
    0x23, 0xff, 0xfe, 0x60, 0x3f, 0xfa, 0x50, 0xcf,
    0x67, 0xf9, 0x82, 0x3f, 0xd0, 0x1, 0xef, 0xf9,
    0x82, 0x7f, 0xca, 0x1, 0xc3, 0xff, 0x30, 0x3f,
    0xfa, 0xc0, 0x30, 0xe7, 0xfc, 0xc0, 0x3f, 0xf6,
    0xbb, 0x4f, 0x7f, 0xe6, 0x0, 0x27, 0xff, 0xd6,
    0xff, 0xe6, 0x0, 0x86, 0x77, 0xfd, 0x8c, 0xb,
    0xfe, 0x60, 0xf, 0xfa, 0xbd, 0xc0, 0x3f, 0xeb,
    0xf3, 0x0, 0xff, 0x93, 0xdc, 0x3, 0xff, 0x80,
    0xfe, 0xa0, 0x6, 0x0, 0xfe, 0x3f, 0xea, 0xef,
    0x40, 0xf, 0xe5, 0xdf, 0xd6, 0x0,

    /* U+0106 "Ć" */
    0x0, 0xff, 0x86, 0x20, 0xe0, 0x1f, 0xfc, 0x4b,
    0xff, 0x18, 0x7, 0xff, 0xd, 0xff, 0xc8, 0x1,
    0xff, 0xc3, 0x3f, 0xf2, 0x80, 0x7f, 0xf0, 0xc7,
    0xbd, 0x40, 0x3f, 0xfd, 0x4b, 0x5b, 0xfe, 0xeb,
    0x71, 0x0, 0xfe, 0x4e, 0xff, 0xfe, 0x80, 0xf,
    0x9f, 0xff, 0xdd, 0xff, 0xd8, 0x20, 0x19, 0xbf,
    0xee, 0x71, 0x0, 0x92, 0xff, 0xec, 0x0, 0x8b,
    0xfe, 0xb1, 0x0, 0xf9, 0xff, 0xe7, 0x0, 0x4f,
    0xfb, 0x40, 0x3f, 0xd1, 0xfe, 0xe0, 0x7, 0xfc,
    0x80, 0x1f, 0xf5, 0xb0, 0x82, 0x7f, 0xb8, 0x3,
    0xff, 0x88, 0xff, 0xea, 0x0, 0xff, 0xe2, 0x4f,
    0xfa, 0x0, 0x3f, 0xf8, 0x93, 0xfe, 0x70, 0xf,
    0xfe, 0x24, 0xff, 0xa0, 0x3, 0xff, 0x88, 0xff,
    0xea, 0x0, 0xff, 0xe2, 0x27, 0xfb, 0x80, 0x3f,
    0xf8, 0xbf, 0xf2, 0x0, 0x7f, 0xd6, 0xe2, 0x0,
    0x9f, 0xf6, 0x80, 0x7f, 0xa3, 0xfd, 0xc0, 0x2,
    0xff, 0xac, 0x40, 0x3e, 0x7f, 0xf9, 0x80, 0x26,
    0xff, 0xb9, 0xc4, 0x2, 0x4b, 0xff, 0xac, 0x3,
    0xa3, 0xff, 0xdd, 0xff, 0xd8, 0x1, 0xf2, 0xf7,
    0xff, 0xf4, 0x0, 0x7f, 0x96, 0xb7, 0xfd, 0xd6,
    0xe2, 0x1, 0xc0,

    /* U+0107 "ć" */
    0x0, 0xfc, 0x7f, 0xec, 0x0, 0xfe, 0x1d, 0xfc,
    0x10, 0xf, 0xeb, 0xfd, 0x10, 0xf, 0xe7, 0xfd,
    0x10, 0xf, 0xf2, 0xa8, 0x40, 0x3f, 0xf9, 0x6d,
    0x9d, 0xfd, 0x48, 0x1, 0xc5, 0xbf, 0xff, 0x48,
    0x4, 0x3d, 0xff, 0x54, 0xe7, 0xfd, 0x0, 0xa,
    0xff, 0x60, 0x80, 0x49, 0xff, 0x11, 0x3f, 0xe1,
    0x0, 0xe7, 0xe8, 0x16, 0xff, 0x48, 0x7, 0xfa,
    0x7f, 0xcc, 0x1, 0xfe, 0xaf, 0xf2, 0x80, 0x7f,
    0xa7, 0xfc, 0xc0, 0x1f, 0xe6, 0xff, 0x48, 0x7,
    0xf8, 0xbf, 0xe1, 0x0, 0xe7, 0xe8, 0x10, 0xaf,
    0xf6, 0x8, 0x4, 0x9f, 0xf1, 0x0, 0xf7, 0xfd,
    0x53, 0x9f, 0xf4, 0x0, 0x45, 0xdf, 0xff, 0x50,
    0x7, 0x9f, 0x3b, 0xfa, 0x90, 0x2,

    /* U+0108 "Ĉ" */
    0x0, 0xfe, 0x94, 0x0, 0xff, 0xe2, 0xc7, 0xf8,
    0xc0, 0x3f, 0xf8, 0x6f, 0xfb, 0xfc, 0x40, 0x1f,
    0xfc, 0x16, 0xfd, 0x15, 0xfe, 0x10, 0xf, 0xf9,
    0x7f, 0x88, 0x0, 0xff, 0xa2, 0x1, 0xff, 0xe7,
    0x5a, 0xdf, 0xf7, 0x5b, 0x88, 0x7, 0xf2, 0x77,
    0xff, 0xf4, 0x0, 0x7c, 0xff, 0xfe, 0xef, 0xfe,
    0xc1, 0x0, 0xcd, 0xff, 0x73, 0x88, 0x4, 0x97,
    0xff, 0x60, 0x4, 0x5f, 0xf5, 0x88, 0x7, 0xcf,
    0xff, 0x38, 0x2, 0x7f, 0xda, 0x1, 0xfe, 0x8f,
    0xf7, 0x0, 0x3f, 0xe4, 0x0, 0xff, 0xad, 0x84,
    0x13, 0xfd, 0xc0, 0x1f, 0xfc, 0x47, 0xff, 0x50,
    0x7, 0xff, 0x12, 0x7f, 0xd0, 0x1, 0xff, 0xc4,
    0x9f, 0xf3, 0x80, 0x7f, 0xf1, 0x27, 0xfd, 0x0,
    0x1f, 0xfc, 0x47, 0xff, 0x50, 0x7, 0xff, 0x11,
    0x3f, 0xdc, 0x1, 0xff, 0xc5, 0xff, 0x90, 0x3,
    0xfe, 0xb7, 0x10, 0x4, 0xff, 0xb4, 0x3, 0xfd,
    0x1f, 0xee, 0x0, 0x17, 0xfd, 0x62, 0x1, 0xf3,
    0xff, 0xcc, 0x1, 0x37, 0xfd, 0xce, 0x20, 0x12,
    0x5f, 0xfd, 0x60, 0x1d, 0x1f, 0xfe, 0xef, 0xfe,
    0xc0, 0xf, 0x97, 0xbf, 0xff, 0xa0, 0x3, 0xfc,
    0xb5, 0xbf, 0xee, 0xb7, 0x10, 0xe,

    /* U+0109 "ĉ" */
    0x0, 0xf0, 0x88, 0x3, 0xfe, 0x1d, 0xc0, 0xf,
    0xfb, 0x3f, 0xd8, 0x1, 0xfd, 0x7f, 0x32, 0xfb,
    0x0, 0xfa, 0xbe, 0x80, 0x17, 0xf4, 0x1, 0xc7,
    0xe, 0x1, 0x9e, 0x8, 0x3, 0xff, 0x90, 0xd9,
    0xdf, 0xd4, 0x80, 0x1c, 0x5b, 0xff, 0xf4, 0x80,
    0x43, 0xdf, 0xf5, 0x4e, 0x7f, 0xd0, 0x0, 0xaf,
    0xf6, 0x8, 0x4, 0x9f, 0xf1, 0x13, 0xfe, 0x10,
    0xe, 0x7e, 0x81, 0x6f, 0xf4, 0x80, 0x7f, 0xa7,
    0xfc, 0xc0, 0x1f, 0xea, 0xff, 0x28, 0x7, 0xfa,
    0x7f, 0xcc, 0x1, 0xfe, 0x6f, 0xf4, 0x80, 0x7f,
    0x8b, 0xfe, 0x10, 0xe, 0x7e, 0x81, 0xa, 0xff,
    0x60, 0x80, 0x49, 0xff, 0x10, 0xf, 0x7f, 0xd5,
    0x39, 0xff, 0x40, 0x4, 0x5d, 0xff, 0xf5, 0x0,
    0x79, 0xf3, 0xbf, 0xa9, 0x0, 0x20,

    /* U+010A "Ċ" */
    0x0, 0xfc, 0xf3, 0x24, 0x0, 0xff, 0xe2, 0x77,
    0xf9, 0xc0, 0x3f, 0xf8, 0x9d, 0xfe, 0x70, 0xf,
    0xfe, 0x27, 0x7f, 0x9c, 0x3, 0xff, 0xfc, 0xb5,
    0xbf, 0xee, 0xb7, 0x10, 0xf, 0xe4, 0xef, 0xff,
    0xe8, 0x0, 0xf9, 0xff, 0xfd, 0xdf, 0xfd, 0x82,
    0x1, 0x9b, 0xfe, 0xe7, 0x10, 0x9, 0x2f, 0xfe,
    0xc0, 0x8, 0xbf, 0xeb, 0x10, 0xf, 0x9f, 0xfe,
    0x70, 0x4, 0xff, 0xb4, 0x3, 0xfd, 0x1f, 0xee,
    0x0, 0x7f, 0xc8, 0x1, 0xff, 0x5b, 0x8, 0x27,
    0xfb, 0x80, 0x3f, 0xf8, 0x8f, 0xfe, 0xa0, 0xf,
    0xfe, 0x24, 0xff, 0xa0, 0x3, 0xff, 0x89, 0x3f,
    0xe7, 0x0, 0xff, 0xe2, 0x4f, 0xfa, 0x0, 0x3f,
    0xf8, 0x8f, 0xfe, 0xa0, 0xf, 0xfe, 0x22, 0x7f,
    0xb8, 0x3, 0xff, 0x8b, 0xff, 0x20, 0x7, 0xfd,
    0x6e, 0x20, 0x9, 0xff, 0x68, 0x7, 0xfa, 0x3f,
    0xdc, 0x0, 0x2f, 0xfa, 0xc4, 0x3, 0xe7, 0xff,
    0x98, 0x2, 0x6f, 0xfb, 0x9c, 0x40, 0x24, 0xbf,
    0xfa, 0xc0, 0x3a, 0x3f, 0xfd, 0xdf, 0xfd, 0x80,
    0x1f, 0x2f, 0x7f, 0xff, 0x40, 0x7, 0xf9, 0x6b,
    0x7f, 0xdd, 0x6e, 0x20, 0x1c,

    /* U+010B "ċ" */
    0x0, 0xea, 0xff, 0x50, 0x7, 0xfa, 0xbf, 0xd4,
    0x1, 0xfe, 0xaf, 0xf5, 0x0, 0x7f, 0x9a, 0x64,
    0xa0, 0x1f, 0xfd, 0x96, 0xce, 0xfe, 0xa4, 0x0,
    0xe2, 0xdf, 0xff, 0xa4, 0x2, 0x1e, 0xff, 0xaa,
    0x73, 0xfe, 0x80, 0x5, 0x7f, 0xb0, 0x40, 0x24,
    0xff, 0x88, 0x9f, 0xf0, 0x80, 0x73, 0xf4, 0xb,
    0x7f, 0xa4, 0x3, 0xfd, 0x3f, 0xe6, 0x0, 0xff,
    0x57, 0xf9, 0x40, 0x3f, 0xd3, 0xfe, 0x60, 0xf,
    0xf3, 0x7f, 0xa4, 0x3, 0xfc, 0x5f, 0xf0, 0x80,
    0x73, 0xf4, 0x8, 0x57, 0xfb, 0x4, 0x2, 0x4f,
    0xf8, 0x80, 0x7b, 0xfe, 0xa9, 0xcf, 0xfa, 0x0,
    0x22, 0xef, 0xff, 0xa8, 0x3, 0xcf, 0x9d, 0xfd,
    0x48, 0x1, 0x0,

    /* U+010C "Č" */
    0x0, 0xe4, 0x85, 0x0, 0xce, 0xe1, 0x0, 0xff,
    0xb3, 0xd4, 0x1, 0x7e, 0xc0, 0x1f, 0xfc, 0x1c,
    0xf3, 0x9f, 0x70, 0xf, 0xfe, 0x10, 0xef, 0xf9,
    0xc0, 0x3f, 0xf8, 0x83, 0xb0, 0x1, 0xff, 0xeb,
    0x5a, 0xdf, 0xf7, 0x5b, 0x88, 0x7, 0xf2, 0x77,
    0xff, 0xf4, 0x0, 0x7c, 0xff, 0xfe, 0xef, 0xfe,
    0xc1, 0x0, 0xcd, 0xff, 0x73, 0x88, 0x4, 0x97,
    0xff, 0x60, 0x4, 0x5f, 0xf5, 0x88, 0x7, 0xcf,
    0xff, 0x38, 0x2, 0x7f, 0xda, 0x1, 0xfe, 0x8f,
    0xf7, 0x0, 0x3f, 0xe4, 0x0, 0xff, 0xad, 0x84,
    0x13, 0xfd, 0xc0, 0x1f, 0xfc, 0x47, 0xff, 0x50,
    0x7, 0xff, 0x12, 0x7f, 0xd0, 0x1, 0xff, 0xc4,
    0x9f, 0xf3, 0x80, 0x7f, 0xf1, 0x27, 0xfd, 0x0,
    0x1f, 0xfc, 0x47, 0xff, 0x50, 0x7, 0xff, 0x11,
    0x3f, 0xdc, 0x1, 0xff, 0xc5, 0xff, 0x90, 0x3,
    0xfe, 0xb7, 0x10, 0x4, 0xff, 0xb4, 0x3, 0xfd,
    0x1f, 0xee, 0x0, 0x17, 0xfd, 0x62, 0x1, 0xf3,
    0xff, 0xcc, 0x1, 0x37, 0xfd, 0xce, 0x20, 0x12,
    0x5f, 0xfd, 0x60, 0x1d, 0x1f, 0xfe, 0xef, 0xfe,
    0xc0, 0xf, 0x97, 0xbf, 0xff, 0xa0, 0x3, 0xfc,
    0xb5, 0xbf, 0xee, 0xb7, 0x10, 0xe,

    /* U+010D "č" */
    0x0, 0x1f, 0x79, 0x80, 0xf, 0xf8, 0x80, 0x38,
    0xff, 0x88, 0x9d, 0xc2, 0x0, 0xf8, 0xff, 0xb9,
    0xe6, 0x1, 0xfc, 0x9f, 0xe3, 0x0, 0xff, 0x91,
    0x0, 0x1f, 0xfc, 0xc6, 0xce, 0xfe, 0xa4, 0x0,
    0xe2, 0xdf, 0xff, 0xa4, 0x2, 0x1e, 0xff, 0xaa,
    0x73, 0xfe, 0x80, 0x5, 0x7f, 0xb0, 0x40, 0x24,
    0xff, 0x88, 0x9f, 0xf0, 0x80, 0x73, 0xf4, 0xb,
    0x7f, 0xa4, 0x3, 0xfd, 0x3f, 0xe6, 0x0, 0xff,
    0x57, 0xf9, 0x40, 0x3f, 0xd3, 0xfe, 0x60, 0xf,
    0xf3, 0x7f, 0xa4, 0x3, 0xfc, 0x5f, 0xf0, 0x80,
    0x73, 0xf4, 0x8, 0x57, 0xfb, 0x4, 0x2, 0x4f,
    0xf8, 0x80, 0x7b, 0xfe, 0xa9, 0xcf, 0xfa, 0x0,
    0x22, 0xef, 0xff, 0xa8, 0x3, 0xcf, 0x9d, 0xfd,
    0x48, 0x1, 0x0,

    /* U+010E "Ď" */
    0x0, 0x93, 0xf8, 0x80, 0xb, 0xfa, 0x20, 0x1f,
    0x93, 0xf8, 0x93, 0xf8, 0x40, 0x3f, 0xcb, 0xfd,
    0xfc, 0x40, 0x1f, 0xfc, 0x5, 0xfe, 0x20, 0xf,
    0xfe, 0x12, 0x90, 0x7, 0xff, 0x37, 0x3f, 0xfd,
    0xd9, 0x2a, 0x1, 0xec, 0xff, 0xff, 0x73, 0x0,
    0x6c, 0xff, 0x6e, 0xef, 0xff, 0x50, 0x5, 0x9f,
    0xe5, 0x0, 0xc2, 0xb9, 0xff, 0x50, 0x3, 0x3f,
    0xca, 0x1, 0xf3, 0x7f, 0xcc, 0x19, 0xfe, 0x50,
    0xf, 0xd1, 0xfe, 0xe0, 0xcf, 0xf2, 0x80, 0x7f,
    0x6f, 0xf9, 0x73, 0xfc, 0xa0, 0x1f, 0xd1, 0xfe,
    0x9c, 0xff, 0x28, 0x7, 0xf2, 0x7f, 0xb3, 0x1f,
    0xe5, 0x0, 0xfe, 0x2f, 0xf6, 0xe7, 0xf9, 0x40,
    0x3f, 0x8b, 0xfd, 0xd9, 0xfe, 0x50, 0xf, 0xe2,
    0xff, 0x76, 0x7f, 0x94, 0x3, 0xf9, 0x3f, 0xdb,
    0x9f, 0xe5, 0x0, 0xfe, 0x7f, 0xf5, 0x67, 0xf9,
    0x40, 0x3f, 0xb7, 0xfc, 0xd9, 0xfe, 0x50, 0xf,
    0xcf, 0xff, 0xe, 0x7f, 0x94, 0x3, 0xe5, 0xff,
    0xa0, 0x33, 0xfc, 0xa0, 0x18, 0x56, 0xff, 0xec,
    0x0, 0x67, 0xfb, 0x77, 0x7f, 0xfb, 0x4, 0x1,
    0x9f, 0xff, 0xf4, 0x0, 0x6c, 0xff, 0xf7, 0x6c,
    0xb0, 0x7, 0x80,

    /* U+010F "ď" */
    0x0, 0xff, 0x9f, 0xfc, 0xc0, 0x9, 0xff, 0x30,
    0x7, 0xfc, 0xff, 0xe6, 0x0, 0x6f, 0xf0, 0x7,
    0xff, 0x1, 0xff, 0xcc, 0x3, 0xfe, 0x80, 0xf,
    0xfe, 0x3, 0xff, 0x98, 0x17, 0xfc, 0x20, 0x1f,
    0xfc, 0x7, 0xff, 0x30, 0x4f, 0xc8, 0x7, 0xff,
    0x5, 0xff, 0xcc, 0x1b, 0xe4, 0x1, 0xc2, 0xf9,
    0xfe, 0xc5, 0x7, 0xff, 0x30, 0x54, 0x0, 0x71,
    0xf7, 0xff, 0xa9, 0xff, 0xcc, 0x1, 0xf0, 0xff,
    0xed, 0xbd, 0xff, 0xe6, 0x0, 0xfa, 0xff, 0xdc,
    0x60, 0x11, 0x6f, 0xfc, 0xc0, 0x1e, 0x2f, 0xf8,
    0x80, 0x38, 0x7f, 0xe6, 0x0, 0xf3, 0x7f, 0xa8,
    0x3, 0xe9, 0xff, 0x30, 0x7, 0xa3, 0xfc, 0xc0,
    0x1f, 0x2f, 0xf9, 0x80, 0x3d, 0x5f, 0xe5, 0x0,
    0xf8, 0xff, 0xcc, 0x1, 0xe8, 0xff, 0x30, 0x7,
    0xcb, 0xfe, 0x60, 0xf, 0x37, 0xfa, 0x80, 0x3e,
    0x9f, 0xf3, 0x0, 0x78, 0x7f, 0xe3, 0x0, 0xe1,
    0xff, 0x98, 0x3, 0xeb, 0xff, 0x71, 0x80, 0x45,
    0xbf, 0xf3, 0x0, 0x7c, 0x3f, 0xfb, 0x6f, 0x7f,
    0xf9, 0x80, 0x3f, 0x1f, 0x7f, 0xfa, 0xe3, 0xfc,
    0xc0, 0x1f, 0xc2, 0xf9, 0xfe, 0xc6, 0x7, 0xff,
    0x30, 0x7, 0x80,

    /* U+0110 "Đ" */
    0x0, 0x67, 0xff, 0xbb, 0x25, 0x40, 0x3f, 0x67,
    0xff, 0xfb, 0x98, 0x3, 0xd9, 0xfe, 0xdd, 0xdf,
    0xfe, 0xa0, 0xe, 0xcf, 0xf2, 0x80, 0x61, 0x5c,
    0xff, 0xa8, 0x3, 0x67, 0xf9, 0x40, 0x3e, 0x6f,
    0xf9, 0x80, 0x2c, 0xff, 0x28, 0x7, 0xe8, 0xff,
    0x70, 0x5, 0x9f, 0xe5, 0x0, 0xfe, 0xdf, 0xf2,
    0x80, 0x33, 0xfc, 0xa0, 0x1f, 0xd1, 0xfe, 0x90,
    0x6, 0x7f, 0x94, 0x3, 0xf9, 0x3f, 0xd8, 0x0,
    0xcf, 0xf2, 0x80, 0x7f, 0x17, 0xfb, 0x7b, 0xff,
    0xf1, 0x0, 0x71, 0x7f, 0xbb, 0x7f, 0xff, 0x8,
    0x7, 0x17, 0xfb, 0x80, 0x19, 0xfe, 0x50, 0xf,
    0xe4, 0xff, 0x68, 0x3, 0x3f, 0xca, 0x1, 0xfc,
    0xff, 0xea, 0x0, 0x67, 0xf9, 0x40, 0x3f, 0xb7,
    0xfc, 0xc0, 0xc, 0xff, 0x28, 0x7, 0xe7, 0xff,
    0x84, 0x1, 0x9f, 0xe5, 0x0, 0xf9, 0x7f, 0xe8,
    0x0, 0xb3, 0xfc, 0xa0, 0x18, 0x56, 0xff, 0xec,
    0x0, 0xd9, 0xfe, 0xdd, 0xdf, 0xfe, 0xc1, 0x0,
    0xd9, 0xff, 0xff, 0x40, 0x7, 0xb3, 0xff, 0xdd,
    0xb2, 0xc0, 0x1e,

    /* U+0111 "đ" */
    0x0, 0xff, 0x9f, 0xfc, 0xc0, 0x1f, 0xfc, 0x17,
    0xff, 0x30, 0x7, 0xf4, 0x7f, 0xfe, 0x70, 0xf,
    0xa3, 0xff, 0xf3, 0x80, 0x7f, 0xcf, 0xfe, 0x60,
    0xf, 0xfe, 0xb, 0xff, 0x98, 0x3, 0x85, 0xf3,
    0xfd, 0x8a, 0xf, 0xfe, 0x60, 0xc, 0x7d, 0xff,
    0xea, 0x7f, 0xf3, 0x0, 0x43, 0xff, 0xb6, 0xf7,
    0xff, 0x98, 0x2, 0xbf, 0xf7, 0x18, 0x4, 0x5b,
    0xff, 0x30, 0x0, 0xbf, 0xe2, 0x0, 0xe1, 0xff,
    0x98, 0x0, 0xdf, 0xea, 0x0, 0xfa, 0x7f, 0xcc,
    0x0, 0x8f, 0xf3, 0x0, 0x7c, 0xbf, 0xe6, 0x0,
    0x57, 0xf9, 0x40, 0x3e, 0x3f, 0xf3, 0x0, 0x23,
    0xfc, 0xc0, 0x1f, 0x2f, 0xf9, 0x80, 0xd, 0xfe,
    0xa0, 0xf, 0xa7, 0xfc, 0xc0, 0x1, 0xff, 0x8c,
    0x3, 0x87, 0xfe, 0x60, 0xa, 0xff, 0xdc, 0x60,
    0x11, 0x6f, 0xfc, 0xc0, 0x10, 0xff, 0xed, 0xbd,
    0xff, 0xe6, 0x0, 0xc7, 0xdf, 0xfe, 0xb8, 0xff,
    0x30, 0x7, 0xb, 0xe7, 0xfb, 0x18, 0x1f, 0xfc,
    0xc0, 0x0,

    /* U+0112 "Ē" */
    0x0, 0xbf, 0xff, 0x20, 0x7, 0xaf, 0x33, 0xe3,
    0x0, 0xff, 0xea, 0xe7, 0xff, 0xff, 0x4, 0x73,
    0xff, 0xff, 0x82, 0x39, 0xfe, 0xcb, 0xbf, 0xf0,
    0x67, 0xf9, 0x40, 0x3f, 0xec, 0xff, 0x28, 0x7,
    0xfd, 0x9f, 0xe5, 0x0, 0xff, 0xb3, 0xfc, 0xa0,
    0x1f, 0xf6, 0x7f, 0x94, 0x3, 0xfe, 0xcf, 0xf2,
    0x80, 0x7f, 0xd9, 0xff, 0xff, 0xc0, 0x30, 0xcf,
    0xff, 0xfe, 0x1, 0x86, 0x7f, 0xb2, 0xef, 0xf8,
    0x83, 0x3f, 0xca, 0x1, 0xff, 0x67, 0xf9, 0x40,
    0x3f, 0xec, 0xff, 0x28, 0x7, 0xfd, 0x9f, 0xe5,
    0x0, 0xff, 0xb3, 0xfc, 0xa0, 0x1f, 0xf6, 0x7f,
    0x94, 0x3, 0xfe, 0xcf, 0xf6, 0x5d, 0xff, 0x83,
    0x3f, 0xff, 0xf8, 0x23, 0x9f, 0xff, 0xfc, 0x11,

    /* U+0113 "ē" */
    0x0, 0xbb, 0xff, 0xe4, 0x0, 0xeb, 0xcc, 0xf8,
    0xc0, 0x3f, 0xfa, 0xcf, 0x9d, 0xfd, 0x46, 0x1,
    0xc7, 0xdf, 0xff, 0x48, 0x4, 0x3d, 0xfe, 0xd8,
    0x7a, 0xff, 0x9c, 0x1, 0x5f, 0xe7, 0x0, 0xc5,
    0xdf, 0xe1, 0x17, 0xfa, 0xc0, 0x3c, 0x9f, 0xe7,
    0x6f, 0xf2, 0x80, 0x7d, 0xfe, 0xb9, 0xff, 0xff,
    0xe0, 0x65, 0x7f, 0xff, 0xf0, 0x36, 0x7f, 0xce,
    0x45, 0xfc, 0x2f, 0xfe, 0x80, 0xf, 0xf1, 0x7f,
    0xb8, 0x3, 0xe1, 0x0, 0xaf, 0xfd, 0x62, 0x1,
    0x9f, 0xd8, 0x0, 0x5f, 0xfa, 0xea, 0xff, 0xf1,
    0x0, 0xf, 0xbf, 0xfe, 0xe5, 0x0, 0xe7, 0xce,
    0xfe, 0xc7, 0x10, 0x0,

    /* U+0114 "Ĕ" */
    0x0, 0x37, 0xd8, 0x6, 0x6f, 0xb0, 0xe, 0x3f,
    0xf2, 0x0, 0x7, 0x7e, 0x0, 0x3d, 0x5f, 0xed,
    0xcf, 0xf7, 0x8, 0x7, 0xcf, 0xbf, 0xee, 0x92,
    0x0, 0xff, 0xe3, 0xe7, 0xff, 0xff, 0x4, 0x73,
    0xff, 0xff, 0x82, 0x39, 0xfe, 0xcb, 0xbf, 0xf0,
    0x67, 0xf9, 0x40, 0x3f, 0xec, 0xff, 0x28, 0x7,
    0xfd, 0x9f, 0xe5, 0x0, 0xff, 0xb3, 0xfc, 0xa0,
    0x1f, 0xf6, 0x7f, 0x94, 0x3, 0xfe, 0xcf, 0xf2,
    0x80, 0x7f, 0xd9, 0xff, 0xff, 0xc0, 0x30, 0xcf,
    0xff, 0xfe, 0x1, 0x86, 0x7f, 0xb2, 0xef, 0xf8,
    0x83, 0x3f, 0xca, 0x1, 0xff, 0x67, 0xf9, 0x40,
    0x3f, 0xec, 0xff, 0x28, 0x7, 0xfd, 0x9f, 0xe5,
    0x0, 0xff, 0xb3, 0xfc, 0xa0, 0x1f, 0xf6, 0x7f,
    0x94, 0x3, 0xfe, 0xcf, 0xf6, 0x5d, 0xff, 0x83,
    0x3f, 0xff, 0xf8, 0x23, 0x9f, 0xff, 0xfc, 0x11,

    /* U+0115 "ĕ" */
    0x0, 0x2f, 0xc8, 0x6, 0x2f, 0xc0, 0xc, 0x7f,
    0xc4, 0x1, 0x57, 0xc8, 0x7, 0x5f, 0xfb, 0x73,
    0xbf, 0xc4, 0x1, 0xe7, 0xdf, 0xf7, 0x51, 0x0,
    0x7f, 0xf5, 0xdf, 0x3b, 0xfa, 0x8c, 0x3, 0x8f,
    0xbf, 0xfe, 0x90, 0x8, 0x7b, 0xfd, 0xb0, 0xf5,
    0xff, 0x38, 0x2, 0xbf, 0xce, 0x1, 0x8b, 0xbf,
    0xc2, 0x2f, 0xf5, 0x80, 0x79, 0x3f, 0xce, 0xdf,
    0xe5, 0x0, 0xfb, 0xfd, 0x73, 0xff, 0xff, 0xc0,
    0xca, 0xff, 0xff, 0xe0, 0x6c, 0xff, 0x9c, 0x8b,
    0xf8, 0x5f, 0xfd, 0x0, 0x1f, 0xe2, 0xff, 0x70,
    0x7, 0xc2, 0x1, 0x5f, 0xfa, 0xc4, 0x3, 0x3f,
    0xb0, 0x0, 0xbf, 0xf5, 0xd5, 0xff, 0xe2, 0x0,
    0x1f, 0x7f, 0xfd, 0xca, 0x1, 0xcf, 0x9d, 0xfd,
    0x8e, 0x20, 0x0,

    /* U+0116 "Ė" */
    0x0, 0xe8, 0xff, 0x68, 0x7, 0xfd, 0x1f, 0xed,
    0x0, 0xff, 0xa3, 0xfd, 0xa0, 0x1f, 0xf2, 0x4c,
    0x9c, 0x3, 0xff, 0xb1, 0x9f, 0xff, 0xfc, 0x11,
    0xcf, 0xff, 0xfe, 0x8, 0xe7, 0xfb, 0x2e, 0xff,
    0xc1, 0x9f, 0xe5, 0x0, 0xff, 0xb3, 0xfc, 0xa0,
    0x1f, 0xf6, 0x7f, 0x94, 0x3, 0xfe, 0xcf, 0xf2,
    0x80, 0x7f, 0xd9, 0xfe, 0x50, 0xf, 0xfb, 0x3f,
    0xca, 0x1, 0xff, 0x67, 0xff, 0xff, 0x0, 0xc3,
    0x3f, 0xff, 0xf8, 0x6, 0x19, 0xfe, 0xcb, 0xbf,
    0xe2, 0xc, 0xff, 0x28, 0x7, 0xfd, 0x9f, 0xe5,
    0x0, 0xff, 0xb3, 0xfc, 0xa0, 0x1f, 0xf6, 0x7f,
    0x94, 0x3, 0xfe, 0xcf, 0xf2, 0x80, 0x7f, 0xd9,
    0xfe, 0x50, 0xf, 0xfb, 0x3f, 0xd9, 0x77, 0xfe,
    0xc, 0xff, 0xff, 0xe0, 0x8e, 0x7f, 0xff, 0xf0,
    0x44,

    /* U+0117 "ė" */
    0x0, 0xe7, 0xff, 0x70, 0x7, 0xf9, 0xff, 0xdc,
    0x1, 0xfe, 0x7f, 0xf7, 0x0, 0x7f, 0x92, 0x64,
    0xe0, 0x1f, 0xfd, 0x97, 0xce, 0xfe, 0xa3, 0x0,
    0xe3, 0xef, 0xff, 0xa4, 0x2, 0x1e, 0xff, 0x6c,
    0x3d, 0x7f, 0xce, 0x0, 0xaf, 0xf3, 0x80, 0x62,
    0xef, 0xf0, 0x8b, 0xfd, 0x60, 0x1e, 0x4f, 0xf3,
    0xb7, 0xf9, 0x40, 0x3e, 0xff, 0x5c, 0xff, 0xff,
    0xf0, 0x32, 0xbf, 0xff, 0xf8, 0x1b, 0x3f, 0xe7,
    0x22, 0xfe, 0x17, 0xff, 0x40, 0x7, 0xf8, 0xbf,
    0xdc, 0x1, 0xf0, 0x80, 0x57, 0xfe, 0xb1, 0x0,
    0xcf, 0xec, 0x0, 0x2f, 0xfd, 0x75, 0x7f, 0xf8,
    0x80, 0x7, 0xdf, 0xff, 0x72, 0x80, 0x73, 0xe7,
    0x7f, 0x63, 0x88, 0x0,

    /* U+0118 "Ę" */
    0xcf, 0xff, 0xfe, 0x8, 0x86, 0x7f, 0xff, 0xf0,
    0x44, 0x33, 0xfd, 0x97, 0x7f, 0xe0, 0x6, 0x7f,
    0x94, 0x3, 0xff, 0x81, 0x9f, 0xe5, 0x0, 0xff,
    0xe0, 0x67, 0xf9, 0x40, 0x3f, 0xf8, 0x19, 0xfe,
    0x50, 0xf, 0xfe, 0x6, 0x7f, 0x94, 0x3, 0xff,
    0x81, 0x9f, 0xe5, 0x0, 0xff, 0xe0, 0x67, 0xff,
    0xff, 0x0, 0xc0, 0x19, 0xff, 0xff, 0xc0, 0x30,
    0x6, 0x7f, 0xb2, 0xef, 0xf8, 0x80, 0x19, 0xfe,
    0x50, 0xf, 0xfe, 0x6, 0x7f, 0x94, 0x3, 0xff,
    0x81, 0x9f, 0xe5, 0x0, 0xff, 0xe0, 0x67, 0xf9,
    0x40, 0x3f, 0xf8, 0x19, 0xfe, 0x50, 0xf, 0xfe,
    0x6, 0x7f, 0x94, 0x3, 0xff, 0x81, 0x9f, 0xec,
    0xbb, 0xff, 0x0, 0x33, 0xff, 0xff, 0x82, 0x21,
    0x9f, 0xff, 0xfc, 0x11, 0x0, 0xff, 0x8b, 0x74,
    0x80, 0x1f, 0xf0, 0xf6, 0x0, 0x7f, 0xf0, 0x6b,
    0xc4, 0x3, 0xff, 0x83, 0x9e, 0x0, 0x24, 0x0,
    0xff, 0x47, 0xed, 0xff, 0x0, 0x7f, 0xd3, 0xdf,
    0x66, 0x0,

    /* U+0119 "ę" */
    0x0, 0xcf, 0x9d, 0xfd, 0x46, 0x1, 0xc7, 0xdf,
    0xff, 0x48, 0x4, 0x3d, 0xfe, 0xd8, 0x7a, 0xff,
    0x9c, 0x1, 0x5f, 0xe7, 0x0, 0xc5, 0xdf, 0xe1,
    0x17, 0xfa, 0xc0, 0x3c, 0x9f, 0xe7, 0x6f, 0xf2,
    0x80, 0x7d, 0xfe, 0xb9, 0xff, 0xff, 0xe0, 0x65,
    0x7f, 0xff, 0xf0, 0x36, 0x7f, 0xce, 0x45, 0xfc,
    0x2f, 0xfe, 0x80, 0xf, 0xf1, 0x7f, 0xb8, 0x3,
    0xe1, 0x0, 0xaf, 0xfd, 0x62, 0x1, 0x9f, 0xd8,
    0x0, 0x5f, 0xfa, 0xea, 0xff, 0xf1, 0x0, 0xf,
    0xbf, 0xfe, 0xe5, 0x0, 0xe7, 0xcf, 0xfb, 0x5c,
    0x40, 0x3e, 0x1c, 0xe5, 0x0, 0xff, 0x5f, 0x90,
    0x7, 0xf8, 0xfe, 0x0, 0x3f, 0xe5, 0xf8, 0x0,
    0x30, 0x7, 0xe1, 0xff, 0x56, 0xfb, 0x0, 0x7e,
    0x4c, 0xfd, 0x70, 0xc,

    /* U+011A "Ě" */
    0x0, 0xe, 0xfb, 0x0, 0x7, 0xbd, 0x0, 0x3c,
    0x3b, 0xea, 0x3b, 0xea, 0x1, 0xf8, 0x77, 0xfb,
    0xd4, 0x3, 0xfc, 0x5d, 0xec, 0x1, 0xff, 0xc0,
    0x26, 0x0, 0xff, 0xe5, 0x67, 0xff, 0xff, 0x4,
    0x73, 0xff, 0xff, 0x82, 0x39, 0xfe, 0xcb, 0xbf,
    0xf0, 0x67, 0xf9, 0x40, 0x3f, 0xec, 0xff, 0x28,
    0x7, 0xfd, 0x9f, 0xe5, 0x0, 0xff, 0xb3, 0xfc,
    0xa0, 0x1f, 0xf6, 0x7f, 0x94, 0x3, 0xfe, 0xcf,
    0xf2, 0x80, 0x7f, 0xd9, 0xff, 0xff, 0xc0, 0x30,
    0xcf, 0xff, 0xfe, 0x1, 0x86, 0x7f, 0xb2, 0xef,
    0xf8, 0x83, 0x3f, 0xca, 0x1, 0xff, 0x67, 0xf9,
    0x40, 0x3f, 0xec, 0xff, 0x28, 0x7, 0xfd, 0x9f,
    0xe5, 0x0, 0xff, 0xb3, 0xfc, 0xa0, 0x1f, 0xf6,
    0x7f, 0x94, 0x3, 0xfe, 0xcf, 0xf6, 0x5d, 0xff,
    0x83, 0x3f, 0xff, 0xf8, 0x23, 0x9f, 0xff, 0xfc,
    0x11,

    /* U+011B "ě" */
    0x0, 0xe, 0xfa, 0x80, 0x7, 0x7d, 0x40, 0x38,
    0x77, 0xd0, 0x77, 0xd4, 0x3, 0xe1, 0xdf, 0xcf,
    0x50, 0xf, 0xe2, 0xef, 0x60, 0xf, 0xf8, 0x98,
    0x3, 0xff, 0x98, 0xf9, 0xdf, 0xd4, 0x60, 0x1c,
    0x7d, 0xff, 0xf4, 0x80, 0x43, 0xdf, 0xed, 0x87,
    0xaf, 0xf9, 0xc0, 0x15, 0xfe, 0x70, 0xc, 0x5d,
    0xfe, 0x11, 0x7f, 0xac, 0x3, 0xc9, 0xfe, 0x76,
    0xff, 0x28, 0x7, 0xdf, 0xeb, 0x9f, 0xff, 0xfe,
    0x6, 0x57, 0xff, 0xff, 0x3, 0x67, 0xfc, 0xe4,
    0x5f, 0xc2, 0xff, 0xe8, 0x0, 0xff, 0x17, 0xfb,
    0x80, 0x3e, 0x10, 0xa, 0xff, 0xd6, 0x20, 0x19,
    0xfd, 0x80, 0x5, 0xff, 0xae, 0xaf, 0xff, 0x10,
    0x0, 0xfb, 0xff, 0xee, 0x50, 0xe, 0x7c, 0xef,
    0xec, 0x71, 0x0, 0x0,

    /* U+011C "Ĝ" */
    0x0, 0xfe, 0x49, 0x0, 0xff, 0xe2, 0x9f, 0xfa,
    0x0, 0x3f, 0xf8, 0x65, 0xfe, 0xdf, 0x60, 0xf,
    0xfe, 0x9, 0x77, 0xa8, 0xf7, 0xa8, 0x7, 0xfc,
    0x3b, 0xec, 0x0, 0x2e, 0xf4, 0x0, 0xff, 0xf3,
    0xad, 0x6f, 0xfb, 0xb2, 0x8, 0x3, 0xf9, 0x3b,
    0xff, 0xfa, 0x40, 0x3e, 0x7f, 0xff, 0xfe, 0x6,
    0x88, 0x6, 0x6f, 0xfb, 0x9c, 0x40, 0x2, 0x97,
    0xff, 0x68, 0x4, 0x5f, 0xf5, 0x88, 0x7, 0xcb,
    0xff, 0x40, 0x2, 0x7f, 0xda, 0x1, 0xfe, 0x6f,
    0xf6, 0x0, 0x3f, 0xe4, 0x0, 0xff, 0x98, 0x80,
    0x9, 0xfe, 0xe0, 0xf, 0xfe, 0x23, 0xff, 0xa8,
    0x3, 0xff, 0x89, 0x3f, 0xe8, 0x0, 0xfa, 0x6e,
    0xfe, 0x19, 0xff, 0x38, 0x7, 0xdb, 0xff, 0xf0,
    0xcf, 0xfa, 0x0, 0x3e, 0xdf, 0xff, 0x85, 0xff,
    0xd4, 0x1, 0xff, 0xc0, 0xaf, 0xf0, 0xa7, 0xfb,
    0x80, 0x3f, 0xf8, 0x1b, 0xfe, 0x10, 0xff, 0x90,
    0x3, 0xfc, 0x5f, 0xf0, 0x84, 0xff, 0xb4, 0x3,
    0xfd, 0x5f, 0xf0, 0x81, 0x7f, 0xd6, 0x20, 0x1f,
    0x3f, 0xfe, 0x10, 0x3, 0x7f, 0xdc, 0xe2, 0x1,
    0x25, 0xff, 0xf0, 0x80, 0x51, 0xff, 0xee, 0xff,
    0xd5, 0xbf, 0xe1, 0x0, 0xcb, 0xdf, 0xff, 0xa8,
    0x2f, 0xfc, 0x20, 0x1e, 0x6b, 0xef, 0xf6, 0xd1,
    0x80, 0x2b, 0xfc, 0x20,

    /* U+011D "ĝ" */
    0x0, 0xf1, 0x0, 0x7f, 0xf0, 0x4b, 0xa8, 0x3,
    0xfe, 0x1e, 0xff, 0x48, 0x7, 0xf0, 0xef, 0xb6,
    0x7c, 0x0, 0x7e, 0xcf, 0x80, 0x1d, 0xf7, 0x0,
    0xf2, 0x43, 0x0, 0x42, 0xee, 0x10, 0xf, 0xfe,
    0x10, 0xe0, 0x80, 0x63, 0x9d, 0xfe, 0xb5, 0x3e,
    0xfc, 0x0, 0x9f, 0xff, 0xfc, 0xe0, 0x5, 0xff,
    0xa9, 0xe3, 0xbf, 0xe5, 0x0, 0xb7, 0xfc, 0xa0,
    0x10, 0xf7, 0xf8, 0x80, 0x3, 0xfe, 0xd0, 0xe,
    0x8f, 0xf3, 0x0, 0xb, 0xfd, 0x80, 0x1c, 0xff,
    0xe7, 0x0, 0xbf, 0xe1, 0x0, 0xd7, 0xfe, 0x50,
    0xa, 0x7f, 0xda, 0x60, 0x53, 0xfe, 0xe0, 0xc,
    0x3f, 0xff, 0xca, 0x1, 0xaf, 0xff, 0xec, 0x30,
    0xc, 0x9f, 0xe4, 0x3, 0x44, 0x8, 0x7, 0x9f,
    0xfc, 0xc0, 0x1f, 0xf1, 0xff, 0xd9, 0xc, 0x62,
    0x1, 0xf3, 0xff, 0xfd, 0xd4, 0x80, 0x18, 0x77,
    0xff, 0xfa, 0x40, 0xb, 0xdf, 0x60, 0x3, 0x58,
    0xcf, 0xf9, 0x3, 0x7f, 0xc0, 0x1f, 0x47, 0xfa,
    0x2, 0xff, 0xc4, 0x1, 0xe7, 0xff, 0x38, 0x2f,
    0xfb, 0xa1, 0x8, 0x87, 0x1f, 0xf1, 0x0, 0x1f,
    0xff, 0xfc, 0xa0, 0x18, 0x5f, 0x3b, 0xfd, 0xd9,
    0x2, 0x1, 0x0,

    /* U+011E "Ğ" */
    0x0, 0xe3, 0x85, 0x0, 0xc5, 0xa, 0x1, 0xfe,
    0x5f, 0xd0, 0xd, 0x1f, 0x40, 0x1f, 0xe1, 0xff,
    0x48, 0x82, 0xff, 0x98, 0x3, 0xfe, 0x6f, 0xff,
    0x58, 0x7, 0xff, 0x4, 0xe6, 0xed, 0x4a, 0x1,
    0xff, 0xd5, 0x5a, 0xdf, 0xf7, 0x64, 0x10, 0x7,
    0xf2, 0x77, 0xff, 0xf4, 0x80, 0x7c, 0xff, 0xff,
    0xfc, 0xd, 0x10, 0xc, 0xdf, 0xf7, 0x38, 0x80,
    0x5, 0x2f, 0xfe, 0xd0, 0x8, 0xbf, 0xeb, 0x10,
    0xf, 0x97, 0xfe, 0x80, 0x4, 0xff, 0xb4, 0x3,
    0xfc, 0xdf, 0xec, 0x0, 0x7f, 0xc8, 0x1, 0xff,
    0x31, 0x0, 0x13, 0xfd, 0xc0, 0x1f, 0xfc, 0x47,
    0xff, 0x50, 0x7, 0xff, 0x12, 0x7f, 0xd0, 0x1,
    0xf4, 0xdd, 0xfc, 0x33, 0xfe, 0x70, 0xf, 0xb7,
    0xff, 0xe1, 0x9f, 0xf4, 0x0, 0x7d, 0xbf, 0xff,
    0xb, 0xff, 0xa8, 0x3, 0xff, 0x81, 0x5f, 0xe1,
    0x4f, 0xf7, 0x0, 0x7f, 0xf0, 0x37, 0xfc, 0x21,
    0xff, 0x20, 0x7, 0xf8, 0xbf, 0xe1, 0x9, 0xff,
    0x68, 0x7, 0xfa, 0xbf, 0xe1, 0x2, 0xff, 0xac,
    0x40, 0x3e, 0x7f, 0xfc, 0x20, 0x6, 0xff, 0xb9,
    0xc4, 0x2, 0x4b, 0xff, 0xe1, 0x0, 0xa3, 0xff,
    0xdd, 0xff, 0xab, 0x7f, 0xc2, 0x1, 0x97, 0xbf,
    0xff, 0x50, 0x5f, 0xf8, 0x40, 0x3c, 0xd7, 0xdf,
    0xed, 0xa3, 0x0, 0x57, 0xf8, 0x40,

    /* U+011F "ğ" */
    0x0, 0x67, 0x90, 0x6, 0x9f, 0x50, 0xe, 0x9f,
    0xa0, 0x8, 0xbb, 0xc8, 0x3, 0x8b, 0xfd, 0xd9,
    0xbf, 0xeb, 0x0, 0xf8, 0xab, 0xbf, 0xda, 0xe0,
    0x1f, 0xfd, 0x32, 0xd2, 0x0, 0xc7, 0x3b, 0xfd,
    0x6a, 0x9f, 0xec, 0x0, 0x9f, 0xff, 0xfc, 0xe0,
    0x5, 0xff, 0xa9, 0xe3, 0xbf, 0xe5, 0x0, 0xb7,
    0xfc, 0xa0, 0x10, 0xf7, 0xf8, 0x80, 0x3, 0xfe,
    0xd0, 0xe, 0x8f, 0xf3, 0x0, 0xb, 0xfd, 0x80,
    0x1c, 0xff, 0xe7, 0x0, 0xbf, 0xe1, 0x0, 0xd7,
    0xfe, 0x50, 0xa, 0x7f, 0xda, 0x60, 0x53, 0xfe,
    0xe0, 0xc, 0x3f, 0xff, 0xca, 0x1, 0xaf, 0xff,
    0xec, 0x30, 0xc, 0x9f, 0xe4, 0x3, 0x44, 0x8,
    0x7, 0x9f, 0xfc, 0xc0, 0x1f, 0xf1, 0xff, 0xd9,
    0xc, 0x62, 0x1, 0xf3, 0xff, 0xfd, 0xd4, 0x80,
    0x18, 0x77, 0xff, 0xfa, 0x40, 0xb, 0xdf, 0x60,
    0x3, 0x58, 0xcf, 0xf9, 0x3, 0x7f, 0xc0, 0x1f,
    0x47, 0xfa, 0x2, 0xff, 0xc4, 0x1, 0xe7, 0xff,
    0x38, 0x2f, 0xfb, 0xa1, 0x8, 0x87, 0x1f, 0xf1,
    0x0, 0x1f, 0xff, 0xfc, 0xa0, 0x18, 0x5f, 0x3b,
    0xfd, 0xd9, 0x2, 0x1, 0x0,

    /* U+0120 "Ġ" */
    0x0, 0xfc, 0x93, 0x27, 0x0, 0xff, 0xe2, 0x47,
    0xfb, 0x40, 0x3f, 0xf8, 0x91, 0xfe, 0xd0, 0xf,
    0xfe, 0x24, 0x7f, 0xb4, 0x3, 0xff, 0xfc, 0xb5,
    0xbf, 0xee, 0xc8, 0x20, 0xf, 0xe4, 0xef, 0xff,
    0xe9, 0x0, 0xf9, 0xff, 0xff, 0xf8, 0x1a, 0x20,
    0x19, 0xbf, 0xee, 0x71, 0x0, 0xa, 0x5f, 0xfd,
    0xa0, 0x11, 0x7f, 0xd6, 0x20, 0x1f, 0x2f, 0xfd,
    0x0, 0x9, 0xff, 0x68, 0x7, 0xf9, 0xbf, 0xd8,
    0x0, 0xff, 0x90, 0x3, 0xfe, 0x62, 0x0, 0x27,
    0xfb, 0x80, 0x3f, 0xf8, 0x8f, 0xfe, 0xa0, 0xf,
    0xfe, 0x24, 0xff, 0xa0, 0x3, 0xe9, 0xbb, 0xf8,
    0x67, 0xfc, 0xe0, 0x1f, 0x6f, 0xff, 0xc3, 0x3f,
    0xe8, 0x0, 0xfb, 0x7f, 0xfe, 0x17, 0xff, 0x50,
    0x7, 0xff, 0x2, 0xbf, 0xc2, 0x9f, 0xee, 0x0,
    0xff, 0xe0, 0x6f, 0xf8, 0x43, 0xfe, 0x40, 0xf,
    0xf1, 0x7f, 0xc2, 0x13, 0xfe, 0xd0, 0xf, 0xf5,
    0x7f, 0xc2, 0x5, 0xff, 0x58, 0x80, 0x7c, 0xff,
    0xf8, 0x40, 0xd, 0xff, 0x73, 0x88, 0x4, 0x97,
    0xff, 0xc2, 0x1, 0x47, 0xff, 0xbb, 0xff, 0x56,
    0xff, 0x84, 0x3, 0x2f, 0x7f, 0xfe, 0xa0, 0xbf,
    0xf0, 0x80, 0x79, 0xaf, 0xbf, 0xdb, 0x46, 0x0,
    0xaf, 0xf0, 0x80,

    /* U+0121 "ġ" */
    0x0, 0xee, 0xff, 0x38, 0x7, 0xfd, 0xdf, 0xe7,
    0x0, 0xff, 0xbb, 0xfc, 0xe0, 0x1f, 0xf3, 0xcc,
    0x90, 0x3, 0xff, 0xa8, 0x34, 0x20, 0x18, 0xe7,
    0x7f, 0xad, 0x4f, 0xbf, 0x0, 0x27, 0xff, 0xff,
    0x38, 0x1, 0x7f, 0xea, 0x78, 0xef, 0xf9, 0x40,
    0x2d, 0xff, 0x28, 0x4, 0x3d, 0xfe, 0x20, 0x0,
    0xff, 0xb4, 0x3, 0xa3, 0xfc, 0xc0, 0x2, 0xff,
    0x60, 0x7, 0x3f, 0xf9, 0xc0, 0x2f, 0xf8, 0x40,
    0x35, 0xff, 0x94, 0x2, 0x9f, 0xf6, 0x98, 0x14,
    0xff, 0xb8, 0x3, 0xf, 0xff, 0xf2, 0x80, 0x6b,
    0xff, 0xfb, 0xc, 0x3, 0x27, 0xf9, 0x0, 0xd1,
    0x2, 0x1, 0xe7, 0xff, 0x30, 0x7, 0xfc, 0x7f,
    0xf6, 0x43, 0x18, 0x80, 0x7c, 0xff, 0xff, 0x75,
    0x20, 0x6, 0x1d, 0xff, 0xfe, 0x90, 0x2, 0xf7,
    0xd8, 0x0, 0xd6, 0x33, 0xfe, 0x40, 0xdf, 0xf0,
    0x7, 0xd1, 0xfe, 0x80, 0xbf, 0xf1, 0x0, 0x79,
    0xff, 0xce, 0xb, 0xfe, 0xe8, 0x42, 0x21, 0xc7,
    0xfc, 0x40, 0x7, 0xff, 0xff, 0x28, 0x6, 0x17,
    0xce, 0xff, 0x76, 0x40, 0x80, 0x40,

    /* U+0122 "Ģ" */
    0x0, 0xf2, 0xd6, 0xff, 0xba, 0xdc, 0x40, 0x3f,
    0x93, 0xbf, 0xff, 0xa0, 0x3, 0xe7, 0xff, 0xf7,
    0x7f, 0xf6, 0x8, 0x6, 0x6f, 0xfb, 0x9c, 0x40,
    0x24, 0xbf, 0xfb, 0x0, 0x22, 0xff, 0xac, 0x40,
    0x3e, 0x8f, 0xf9, 0x80, 0x13, 0xfe, 0xd0, 0xf,
    0xf4, 0xff, 0xb8, 0x1, 0xff, 0x20, 0x7, 0xf8,
    0x71, 0xc8, 0x13, 0xfd, 0xc0, 0x1f, 0xfc, 0x47,
    0xff, 0x50, 0x7, 0xff, 0x12, 0x7f, 0xd0, 0x1,
    0xff, 0xc4, 0x9f, 0xf3, 0x80, 0x7d, 0xbf, 0xff,
    0xc, 0xff, 0xa0, 0x3, 0xed, 0xff, 0xf8, 0x5f,
    0xfd, 0x40, 0x1f, 0x4d, 0xde, 0xff, 0x85, 0x3f,
    0xdc, 0x1, 0xff, 0xc0, 0xbf, 0xf0, 0x87, 0xfc,
    0x80, 0x1f, 0xf7, 0xfc, 0x21, 0x3f, 0xed, 0x0,
    0xff, 0x3f, 0xfc, 0x20, 0x5f, 0xf5, 0x88, 0x7,
    0xcb, 0xff, 0x84, 0x0, 0xdf, 0xf7, 0x38, 0x80,
    0x47, 0x5f, 0xfc, 0x20, 0x14, 0x7f, 0xfb, 0xbf,
    0xf5, 0xef, 0xf8, 0x40, 0x32, 0xf7, 0xff, 0xea,
    0xc, 0xff, 0x8, 0x7, 0x9a, 0xfb, 0xfd, 0xb4,
    0x80, 0xa, 0xff, 0x8, 0x7, 0xff, 0x41, 0xae,
    0xc8, 0x1, 0xff, 0xc4, 0xef, 0xb0, 0xf, 0xfe,
    0x23, 0xff, 0x8, 0x7, 0xff, 0x13, 0xbc, 0xc0,
    0x3f, 0xf8, 0x8f, 0xee, 0x1, 0xff, 0x0,

    /* U+0123 "ģ" */
    0x0, 0xfa, 0xbc, 0xc0, 0x3f, 0xe7, 0xfb, 0x0,
    0xff, 0x93, 0xfc, 0x60, 0x1f, 0xe2, 0xef, 0xb0,
    0xf, 0xf9, 0x62, 0x4, 0x1, 0xff, 0xc6, 0x19,
    0x10, 0xc, 0x73, 0xbf, 0xd6, 0xa5, 0xbf, 0x60,
    0x13, 0xff, 0xff, 0x9c, 0x0, 0xbf, 0xf5, 0x3c,
    0x77, 0xfc, 0xa0, 0x16, 0xff, 0x94, 0x2, 0x1e,
    0xff, 0x10, 0x0, 0x7f, 0xda, 0x1, 0xd1, 0xfe,
    0x60, 0x1, 0x7f, 0xb0, 0x3, 0x9f, 0xfc, 0xe0,
    0x17, 0xfc, 0x20, 0x1a, 0xff, 0xca, 0x1, 0x4f,
    0xfb, 0x4c, 0xa, 0x7f, 0xdc, 0x1, 0x87, 0xff,
    0xf9, 0x40, 0x35, 0xff, 0xfd, 0x86, 0x1, 0x93,
    0xfc, 0x80, 0x68, 0x81, 0x0, 0xf3, 0xff, 0x98,
    0x3, 0xfe, 0x3f, 0xfb, 0x21, 0x8c, 0x40, 0x3e,
    0x7f, 0xff, 0xba, 0x90, 0x3, 0xe, 0xff, 0xff,
    0x48, 0x1, 0x7b, 0xec, 0x0, 0x6b, 0x19, 0xff,
    0x20, 0x6f, 0xf8, 0x3, 0xe8, 0xff, 0x40, 0x5f,
    0xf8, 0x80, 0x3c, 0xff, 0xe7, 0x5, 0xff, 0x74,
    0x21, 0x10, 0xe3, 0xfe, 0x20, 0x3, 0xff, 0xff,
    0x94, 0x3, 0xb, 0xe7, 0x7f, 0xbb, 0x20, 0x40,
    0x20,

    /* U+0124 "Ĥ" */
    0x0, 0xfc, 0x40, 0x1f, 0xfc, 0x3a, 0xf2, 0x0,
    0xff, 0xe0, 0xcf, 0xfb, 0x88, 0x3, 0xfe, 0x8f,
    0xc6, 0xfd, 0x10, 0xf, 0xe6, 0xfd, 0x10, 0x7f,
    0xd1, 0x0, 0xf8, 0x5e, 0x8, 0x2, 0x68, 0x40,
    0xf, 0xfe, 0x4e, 0x7f, 0x94, 0x3, 0xfb, 0x7f,
    0xc7, 0x9f, 0xe5, 0x0, 0xfe, 0xdf, 0xf1, 0xe7,
    0xf9, 0x40, 0x3f, 0xb7, 0xfc, 0x79, 0xfe, 0x50,
    0xf, 0xed, 0xff, 0x1e, 0x7f, 0x94, 0x3, 0xfb,
    0x7f, 0xc7, 0x9f, 0xe5, 0x0, 0xfe, 0xdf, 0xf1,
    0xe7, 0xf9, 0x40, 0x3f, 0xb7, 0xfc, 0x79, 0xfe,
    0x50, 0xf, 0xed, 0xff, 0x1e, 0x7f, 0x94, 0x3,
    0xfb, 0x7f, 0xc7, 0x9f, 0xff, 0xfc, 0x33, 0xcf,
    0xff, 0xfe, 0x19, 0xe7, 0xfb, 0xb7, 0x7f, 0xbf,
    0xe3, 0xcf, 0xf2, 0x80, 0x7f, 0x6f, 0xf8, 0xf3,
    0xfc, 0xa0, 0x1f, 0xdb, 0xfe, 0x3c, 0xff, 0x28,
    0x7, 0xf6, 0xff, 0x8f, 0x3f, 0xca, 0x1, 0xfd,
    0xbf, 0xe3, 0xcf, 0xf2, 0x80, 0x7f, 0x6f, 0xf8,
    0xf3, 0xfc, 0xa0, 0x1f, 0xdb, 0xfe, 0x3c, 0xff,
    0x28, 0x7, 0xf6, 0xff, 0x8f, 0x3f, 0xca, 0x1,
    0xfd, 0xbf, 0xe3, 0xcf, 0xf2, 0x80, 0x7f, 0x6f,
    0xf8, 0xc0,

    /* U+0125 "ĥ" */
    0x0, 0xe3, 0x0, 0xff, 0xe1, 0xaf, 0xb8, 0x7,
    0xff, 0x5, 0x3f, 0xe5, 0x0, 0xff, 0x8f, 0xfc,
    0xbd, 0xe8, 0x1, 0xfc, 0x5d, 0xe8, 0x7, 0xfe,
    0x30, 0xf, 0xcd, 0x8, 0x1, 0x1c, 0x38, 0x7,
    0xff, 0x43, 0xfe, 0x0, 0xff, 0xe1, 0x7f, 0xc0,
    0x1f, 0xfc, 0x2f, 0xf8, 0x3, 0xff, 0x85, 0xff,
    0x0, 0x7f, 0xf0, 0xbf, 0xe0, 0xf, 0xfe, 0x17,
    0xfc, 0x1, 0xff, 0xc2, 0xff, 0x80, 0xab, 0xbf,
    0xa8, 0xc0, 0x3d, 0xff, 0x2f, 0xff, 0xca, 0x1,
    0xdf, 0xfd, 0x73, 0x7f, 0xf8, 0x40, 0x37, 0xfe,
    0x40, 0x8, 0xfb, 0xfc, 0xc0, 0x1b, 0xfe, 0x80,
    0xe, 0x8f, 0xf4, 0x80, 0x6f, 0xf8, 0xc0, 0x39,
    0x7f, 0xd6, 0x1, 0xbf, 0xe1, 0x0, 0xe3, 0xff,
    0x58, 0x6, 0xff, 0x80, 0x3c, 0x7f, 0xeb, 0x0,
    0xdf, 0xf0, 0x7, 0x8f, 0xfd, 0x60, 0x1b, 0xfe,
    0x0, 0xf1, 0xff, 0xac, 0x3, 0x7f, 0xc0, 0x1e,
    0x3f, 0xf5, 0x80, 0x6f, 0xf8, 0x3, 0xc7, 0xfe,
    0xb0, 0xd, 0xff, 0x0, 0x78, 0xff, 0xd6, 0x1,
    0xbf, 0xe0, 0xf, 0x1f, 0xfa, 0xc0, 0x37, 0xfc,
    0x1, 0xe3, 0xff, 0x58,

    /* U+0126 "Ħ" */
    0x0, 0x67, 0xf9, 0x40, 0x3f, 0xb7, 0xfc, 0x60,
    0x16, 0x7f, 0x94, 0x3, 0xfb, 0x7f, 0xc6, 0x1,
    0x67, 0xf9, 0x40, 0x3f, 0xb7, 0xfc, 0x60, 0x16,
    0x7f, 0x94, 0x3, 0xfb, 0x7f, 0xc6, 0xf, 0xff,
    0xff, 0xc7, 0x5b, 0xff, 0xd7, 0x7f, 0xdf, 0xfa,
    0xc0, 0x19, 0xfe, 0x50, 0xf, 0xed, 0xff, 0x18,
    0x5, 0x9f, 0xe5, 0x0, 0xfe, 0xdf, 0xf1, 0x80,
    0x59, 0xfe, 0x50, 0xf, 0xed, 0xff, 0x18, 0x5,
    0x9f, 0xff, 0xfc, 0x33, 0x0, 0xb3, 0xff, 0xff,
    0x86, 0x60, 0x16, 0x7f, 0xbb, 0x77, 0xfb, 0xfe,
    0x30, 0xb, 0x3f, 0xca, 0x1, 0xfd, 0xbf, 0xe3,
    0x0, 0xb3, 0xfc, 0xa0, 0x1f, 0xdb, 0xfe, 0x30,
    0xb, 0x3f, 0xca, 0x1, 0xfd, 0xbf, 0xe3, 0x0,
    0xb3, 0xfc, 0xa0, 0x1f, 0xdb, 0xfe, 0x30, 0xb,
    0x3f, 0xca, 0x1, 0xfd, 0xbf, 0xe3, 0x0, 0xb3,
    0xfc, 0xa0, 0x1f, 0xdb, 0xfe, 0x30, 0xb, 0x3f,
    0xca, 0x1, 0xfd, 0xbf, 0xe3, 0x0, 0xb3, 0xfc,
    0xa0, 0x1f, 0xdb, 0xfe, 0x30, 0xb, 0x3f, 0xca,
    0x1, 0xfd, 0xbf, 0xe3, 0x0,

    /* U+0127 "ħ" */
    0x0, 0x7f, 0xc0, 0x1f, 0xfc, 0xf, 0xf8, 0x3,
    0xfd, 0x1f, 0xff, 0x9c, 0x3, 0xa3, 0xff, 0xf3,
    0x80, 0x7d, 0xff, 0x0, 0x7f, 0xf0, 0x3f, 0xe0,
    0xf, 0xfe, 0x7, 0xfc, 0x5, 0x5d, 0xfd, 0x46,
    0x1, 0xbf, 0xe5, 0xff, 0xf9, 0x40, 0x2f, 0xfe,
    0xb9, 0xbf, 0xfc, 0x20, 0xf, 0xfc, 0x80, 0x11,
    0xf7, 0xf9, 0x80, 0x1f, 0xf4, 0x0, 0x74, 0x7f,
    0xa4, 0x1, 0xff, 0x18, 0x7, 0x2f, 0xfa, 0xc0,
    0x1f, 0xf0, 0x80, 0x71, 0xff, 0xac, 0x1, 0xff,
    0x0, 0x78, 0xff, 0xd6, 0x0, 0xff, 0x80, 0x3c,
    0x7f, 0xeb, 0x0, 0x7f, 0xc0, 0x1e, 0x3f, 0xf5,
    0x80, 0x3f, 0xe0, 0xf, 0x1f, 0xfa, 0xc0, 0x1f,
    0xf0, 0x7, 0x8f, 0xfd, 0x60, 0xf, 0xf8, 0x3,
    0xc7, 0xfe, 0xb0, 0x7, 0xfc, 0x1, 0xe3, 0xff,
    0x58, 0x3, 0xfe, 0x0, 0xf1, 0xff, 0xac,

    /* U+0128 "Ĩ" */
    0x0, 0x57, 0xea, 0x80, 0xb, 0xe4, 0x23, 0xf3,
    0xbd, 0x81, 0xbd, 0xc3, 0xf4, 0x7, 0x7e, 0xfb,
    0xc4, 0x5f, 0x40, 0x1, 0xbf, 0xe5, 0x0, 0xff,
    0xe2, 0x67, 0xf9, 0x40, 0x3e, 0xcf, 0xf2, 0x80,
    0x7d, 0x9f, 0xe5, 0x0, 0xfb, 0x3f, 0xca, 0x1,
    0xf6, 0x7f, 0x94, 0x3, 0xec, 0xff, 0x28, 0x7,
    0xd9, 0xfe, 0x50, 0xf, 0xb3, 0xfc, 0xa0, 0x1f,
    0x67, 0xf9, 0x40, 0x3e, 0xcf, 0xf2, 0x80, 0x7d,
    0x9f, 0xe5, 0x0, 0xfb, 0x3f, 0xca, 0x1, 0xf6,
    0x7f, 0x94, 0x3, 0xec, 0xff, 0x28, 0x7, 0xd9,
    0xfe, 0x50, 0xf, 0xb3, 0xfc, 0xa0, 0x1f, 0x67,
    0xf9, 0x40, 0x3e, 0xcf, 0xf2, 0x80, 0x7d, 0x9f,
    0xe5, 0x0, 0xfb, 0x3f, 0xca, 0x1, 0xf6, 0x7f,
    0x94, 0x2,

    /* U+0129 "ĩ" */
    0x2, 0xcf, 0xd3, 0x0, 0x3f, 0xa8, 0x6f, 0xf7,
    0xf9, 0x3, 0x3c, 0x8f, 0xe4, 0x1b, 0xfd, 0xbf,
    0x80, 0xde, 0xa0, 0x4, 0xdf, 0xc2, 0x0, 0xff,
    0xe7, 0xff, 0xc0, 0x1f, 0xbf, 0xe0, 0xf, 0xdf,
    0xf0, 0x7, 0xef, 0xf8, 0x3, 0xf7, 0xfc, 0x1,
    0xfb, 0xfe, 0x0, 0xfd, 0xff, 0x0, 0x7e, 0xff,
    0x80, 0x3f, 0x7f, 0xc0, 0x1f, 0xbf, 0xe0, 0xf,
    0xdf, 0xf0, 0x7, 0xef, 0xf8, 0x3, 0xf7, 0xfc,
    0x1, 0xfb, 0xfe, 0x0, 0xfd, 0xff, 0x0, 0x60,

    /* U+012A "Ī" */
    0x4f, 0xff, 0xb8, 0xf3, 0x3e, 0xa0, 0xf, 0xfe,
    0x4e, 0x7f, 0x94, 0x3, 0xb3, 0xfc, 0xa0, 0x1d,
    0x9f, 0xe5, 0x0, 0xec, 0xff, 0x28, 0x7, 0x67,
    0xf9, 0x40, 0x3b, 0x3f, 0xca, 0x1, 0xd9, 0xfe,
    0x50, 0xe, 0xcf, 0xf2, 0x80, 0x76, 0x7f, 0x94,
    0x3, 0xb3, 0xfc, 0xa0, 0x1d, 0x9f, 0xe5, 0x0,
    0xec, 0xff, 0x28, 0x7, 0x67, 0xf9, 0x40, 0x3b,
    0x3f, 0xca, 0x1, 0xd9, 0xfe, 0x50, 0xe, 0xcf,
    0xf2, 0x80, 0x76, 0x7f, 0x94, 0x3, 0xb3, 0xfc,
    0xa0, 0x1d, 0x9f, 0xe5, 0x0, 0xec, 0xff, 0x28,
    0x7, 0x67, 0xf9, 0x40, 0x0,

    /* U+012B "ī" */
    0xaf, 0xff, 0xa5, 0xf3, 0x3e, 0x60, 0xf, 0xfe,
    0x4f, 0xfc, 0x1, 0xef, 0xf8, 0x3, 0xdf, 0xf0,
    0x7, 0xbf, 0xe0, 0xf, 0x7f, 0xc0, 0x1e, 0xff,
    0x80, 0x3d, 0xff, 0x0, 0x7b, 0xfe, 0x0, 0xf7,
    0xfc, 0x1, 0xef, 0xf8, 0x3, 0xdf, 0xf0, 0x7,
    0xbf, 0xe0, 0xf, 0x7f, 0xc0, 0x1e, 0xff, 0x80,
    0x3d, 0xff, 0x0, 0x40,

    /* U+012C "Ĭ" */
    0xcf, 0x60, 0xd, 0x9e, 0xb3, 0xfa, 0x20, 0x4,
    0xff, 0x10, 0xf7, 0xfb, 0x37, 0xfd, 0x40, 0x2,
    0xae, 0xff, 0x63, 0x80, 0x7f, 0xf0, 0xf3, 0xfc,
    0xa0, 0x1e, 0xcf, 0xf2, 0x80, 0x7b, 0x3f, 0xca,
    0x1, 0xec, 0xff, 0x28, 0x7, 0xb3, 0xfc, 0xa0,
    0x1e, 0xcf, 0xf2, 0x80, 0x7b, 0x3f, 0xca, 0x1,
    0xec, 0xff, 0x28, 0x7, 0xb3, 0xfc, 0xa0, 0x1e,
    0xcf, 0xf2, 0x80, 0x7b, 0x3f, 0xca, 0x1, 0xec,
    0xff, 0x28, 0x7, 0xb3, 0xfc, 0xa0, 0x1e, 0xcf,
    0xf2, 0x80, 0x7b, 0x3f, 0xca, 0x1, 0xec, 0xff,
    0x28, 0x7, 0xb3, 0xfc, 0xa0, 0x1e, 0xcf, 0xf2,
    0x80, 0x7b, 0x3f, 0xca, 0x1, 0xec, 0xff, 0x28,
    0x7, 0xb3, 0xfc, 0xa0, 0x10,

    /* U+012D "ĭ" */
    0x1f, 0xd0, 0xe, 0xef, 0x0, 0x7f, 0x84, 0x2,
    0x1f, 0xe0, 0x5, 0x7d, 0x90, 0x1e, 0x7c, 0x80,
    0xb, 0xbf, 0xfb, 0x44, 0x2, 0x17, 0xab, 0xa6,
    0x0, 0xff, 0xe3, 0x7f, 0xc0, 0x1f, 0xbf, 0xe0,
    0xf, 0xdf, 0xf0, 0x7, 0xef, 0xf8, 0x3, 0xf7,
    0xfc, 0x1, 0xfb, 0xfe, 0x0, 0xfd, 0xff, 0x0,
    0x7e, 0xff, 0x80, 0x3f, 0x7f, 0xc0, 0x1f, 0xbf,
    0xe0, 0xf, 0xdf, 0xf0, 0x7, 0xef, 0xf8, 0x3,
    0xf7, 0xfc, 0x1, 0xfb, 0xfe, 0x0, 0xfd, 0xff,
    0x0, 0x60,

    /* U+012E "Į" */
    0x0, 0x67, 0xf9, 0x40, 0x2c, 0xff, 0x28, 0x5,
    0x9f, 0xe5, 0x0, 0xb3, 0xfc, 0xa0, 0x16, 0x7f,
    0x94, 0x2, 0xcf, 0xf2, 0x80, 0x59, 0xfe, 0x50,
    0xb, 0x3f, 0xca, 0x1, 0x67, 0xf9, 0x40, 0x2c,
    0xff, 0x28, 0x5, 0x9f, 0xe5, 0x0, 0xb3, 0xfc,
    0xa0, 0x16, 0x7f, 0x94, 0x2, 0xcf, 0xf2, 0x80,
    0x59, 0xfe, 0x50, 0xb, 0x3f, 0xca, 0x1, 0x67,
    0xf9, 0x40, 0x2c, 0xff, 0x28, 0x5, 0x9f, 0xe5,
    0x0, 0xb3, 0xfc, 0xa0, 0x16, 0x7f, 0x94, 0x0,
    0x37, 0xec, 0x1, 0x67, 0x10, 0x4, 0xde, 0xa0,
    0x1a, 0x3d, 0x0, 0x54, 0x17, 0xfa, 0xfb, 0xcc,
    0x1b, 0x7f, 0x14, 0x0,

    /* U+012F "į" */
    0x3, 0xff, 0x88, 0x0, 0x7f, 0xf1, 0x0, 0xf,
    0xfe, 0x20, 0x0, 0xcc, 0xc2, 0x1, 0xff, 0xc5,
    0xff, 0x80, 0x37, 0xfc, 0x1, 0xbf, 0xe0, 0xd,
    0xff, 0x0, 0x6f, 0xf8, 0x3, 0x7f, 0xc0, 0x1b,
    0xfe, 0x0, 0xdf, 0xf0, 0x6, 0xff, 0x80, 0x37,
    0xfc, 0x1, 0xbf, 0xe0, 0xd, 0xff, 0x0, 0x6f,
    0xf8, 0x3, 0x7f, 0xc0, 0x1b, 0xfe, 0x0, 0x8f,
    0xb0, 0xc0, 0x7, 0xf6, 0x1, 0xb3, 0xc0, 0x3b,
    0xb8, 0x0, 0x33, 0x5, 0x7e, 0x63, 0xf4, 0x6,
    0xbb, 0xe8, 0x80,

    /* U+0130 "İ" */
    0xef, 0xf3, 0xf7, 0xf9, 0xfb, 0xfc, 0xee, 0x99,
    0x20, 0x7, 0xec, 0xff, 0x2e, 0x7f, 0x97, 0x3f,
    0xcb, 0x9f, 0xe5, 0xcf, 0xf2, 0xe7, 0xf9, 0x73,
    0xfc, 0xb9, 0xfe, 0x5c, 0xff, 0x2e, 0x7f, 0x97,
    0x3f, 0xcb, 0x9f, 0xe5, 0xcf, 0xf2, 0xe7, 0xf9,
    0x73, 0xfc, 0xb9, 0xfe, 0x5c, 0xff, 0x2e, 0x7f,
    0x97, 0x3f, 0xcb, 0x9f, 0xe5, 0xcf, 0xf2, 0x80,

    /* U+0131 "ı" */
    0xff, 0xff, 0xf0, 0x80,

    /* U+0132 "Ĳ" */
    0xcf, 0xf2, 0x80, 0x61, 0xff, 0xff, 0x87, 0x3f,
    0xca, 0x1, 0x87, 0xff, 0xfe, 0x1c, 0xff, 0x28,
    0x7, 0x5d, 0xfe, 0xff, 0x87, 0x3f, 0xca, 0x1,
    0xff, 0xc1, 0xff, 0x87, 0x3f, 0xca, 0x1, 0xff,
    0xc1, 0xff, 0x87, 0x3f, 0xca, 0x1, 0xff, 0xc1,
    0xff, 0x87, 0x3f, 0xca, 0x1, 0xff, 0xc1, 0xff,
    0x87, 0x3f, 0xca, 0x1, 0xff, 0xc1, 0xff, 0x87,
    0x3f, 0xca, 0x1, 0xff, 0xc1, 0xff, 0x87, 0x3f,
    0xca, 0x1, 0xff, 0xc1, 0xff, 0x87, 0x3f, 0xca,
    0x1, 0xff, 0xc1, 0xff, 0x87, 0x3f, 0xca, 0x1,
    0xff, 0xc1, 0xff, 0x87, 0x3f, 0xca, 0x1, 0xff,
    0xc1, 0xff, 0x87, 0x3f, 0xca, 0x1, 0xff, 0xc1,
    0xff, 0x87, 0x3f, 0xca, 0x0, 0x6c, 0xe6, 0x0,
    0xfb, 0xfe, 0xc, 0xff, 0x28, 0x1, 0xff, 0xd2,
    0x1, 0xe4, 0xff, 0x70, 0x67, 0xf9, 0x40, 0x7,
    0xff, 0x8, 0x7, 0x57, 0xfa, 0x43, 0x3f, 0xca,
    0x1, 0x6f, 0xfb, 0x4c, 0x2, 0x7f, 0xf8, 0xc3,
    0x3f, 0xca, 0x1, 0x1f, 0xfe, 0xed, 0xff, 0xd2,
    0x0, 0xcf, 0xf2, 0x80, 0x64, 0xef, 0xff, 0xa4,
    0x2, 0xcf, 0xf2, 0x80, 0x70, 0xc6, 0x7f, 0xb6,
    0x90, 0x3, 0x0,

    /* U+0133 "ĳ" */
    0x3f, 0xf8, 0x80, 0x7, 0xff, 0x11, 0xff, 0xc4,
    0x0, 0x3f, 0xf8, 0x8f, 0xfe, 0x20, 0x1, 0xff,
    0xc4, 0x33, 0x30, 0x80, 0x6, 0x66, 0x10, 0xf,
    0xfe, 0x6f, 0xfc, 0x1, 0xbf, 0xdc, 0x0, 0xff,
    0x80, 0x37, 0xfb, 0x80, 0x1f, 0xf0, 0x6, 0xff,
    0x70, 0x3, 0xfe, 0x0, 0xdf, 0xee, 0x0, 0x7f,
    0xc0, 0x1b, 0xfd, 0xc0, 0xf, 0xf8, 0x3, 0x7f,
    0xb8, 0x1, 0xff, 0x0, 0x6f, 0xf7, 0x0, 0x3f,
    0xe0, 0xd, 0xfe, 0xe0, 0x7, 0xfc, 0x1, 0xbf,
    0xdc, 0x0, 0xff, 0x80, 0x37, 0xfb, 0x80, 0x1f,
    0xf0, 0x6, 0xff, 0x70, 0x3, 0xfe, 0x0, 0xdf,
    0xee, 0x0, 0x7f, 0xc0, 0x1b, 0xfd, 0xc0, 0xf,
    0xf8, 0x3, 0x7f, 0xb8, 0x1, 0xff, 0x0, 0x6f,
    0xf7, 0x0, 0x7f, 0x7f, 0xb8, 0x3, 0xfb, 0xfd,
    0xc0, 0x1f, 0x8f, 0xfd, 0xc0, 0x1e, 0xab, 0xef,
    0xf6, 0x0, 0x7b, 0x3f, 0xf3, 0x0, 0x7a, 0x3b,
    0xf5, 0xc0, 0x0,

    /* U+0134 "Ĵ" */
    0x0, 0xfc, 0xea, 0x1, 0xff, 0xc0, 0x6f, 0xf2,
    0x0, 0x7f, 0x97, 0xfb, 0x9e, 0x60, 0x1f, 0x93,
    0xf8, 0x8f, 0xfc, 0x60, 0x1e, 0x3f, 0xf1, 0x80,
    0x13, 0xf8, 0x80, 0x3f, 0xfa, 0xd5, 0xff, 0xfe,
    0x80, 0xa, 0xbf, 0xff, 0xd0, 0x1, 0x3d, 0xdf,
    0xdb, 0xfe, 0x80, 0xf, 0xfa, 0x3f, 0xd0, 0x1,
    0xff, 0x47, 0xfa, 0x0, 0x3f, 0xe8, 0xff, 0x40,
    0x7, 0xfd, 0x1f, 0xe8, 0x0, 0xff, 0xa3, 0xfd,
    0x0, 0x1f, 0xf4, 0x7f, 0xa0, 0x3, 0xfe, 0x8f,
    0xf4, 0x0, 0x7f, 0xd1, 0xfe, 0x80, 0xf, 0xfa,
    0x3f, 0xd0, 0x1, 0xff, 0x47, 0xfa, 0x0, 0x3f,
    0xe8, 0xff, 0x40, 0xe6, 0xe0, 0x7, 0xd3, 0xfe,
    0x70, 0xff, 0x80, 0x3e, 0xdf, 0xf2, 0x86, 0x7f,
    0x9c, 0x3, 0x8f, 0xfe, 0x0, 0x37, 0xfc, 0xe0,
    0x11, 0xef, 0xfa, 0x80, 0x2b, 0xff, 0xdb, 0xdf,
    0xf7, 0x8, 0x6, 0xbf, 0xff, 0xb8, 0xc0, 0x3c,
    0x95, 0xdf, 0xd8, 0xe0, 0x18,

    /* U+0135 "ĵ" */
    0x0, 0xe3, 0x0, 0xfe, 0x5f, 0x60, 0xf, 0x93,
    0xfe, 0x50, 0xe, 0x4f, 0xe5, 0xef, 0x40, 0x8,
    0xff, 0xc6, 0x7, 0xfe, 0x30, 0x3, 0x42, 0x0,
    0x47, 0xc, 0x1, 0xff, 0xc4, 0xff, 0x80, 0x3f,
    0x7f, 0xc0, 0x1f, 0xbf, 0xe0, 0xf, 0xdf, 0xf0,
    0x7, 0xef, 0xf8, 0x3, 0xf7, 0xfc, 0x1, 0xfb,
    0xfe, 0x0, 0xfd, 0xff, 0x0, 0x7e, 0xff, 0x80,
    0x3f, 0x7f, 0xc0, 0x1f, 0xbf, 0xe0, 0xf, 0xdf,
    0xf0, 0x7, 0xef, 0xf8, 0x3, 0xf7, 0xfc, 0x1,
    0xfb, 0xfe, 0x0, 0xfd, 0xff, 0x0, 0x7e, 0xff,
    0x80, 0x3e, 0x2f, 0xf7, 0x0, 0x75, 0x5f, 0x7f,
    0xb0, 0x3, 0xb3, 0xff, 0x30, 0x7, 0x46, 0xfe,
    0xb8, 0x7, 0x0,

    /* U+0136 "Ķ" */
    0xcf, 0xf2, 0x80, 0x7e, 0xcf, 0xf9, 0x33, 0xfc,
    0xa0, 0x1f, 0x5f, 0xfc, 0x81, 0x9f, 0xe5, 0x0,
    0xf5, 0x7f, 0xca, 0x0, 0xcf, 0xf2, 0x80, 0x75,
    0x7f, 0xca, 0x1, 0x67, 0xf9, 0x40, 0x34, 0xff,
    0xca, 0x1, 0xb3, 0xfc, 0xa0, 0x14, 0x7f, 0xcc,
    0x1, 0xd9, 0xfe, 0x50, 0x4, 0x7f, 0xcc, 0x1,
    0xec, 0xff, 0x28, 0x3f, 0xfc, 0xc0, 0x1f, 0x67,
    0xf9, 0x5b, 0xff, 0x8, 0x7, 0xd9, 0xfe, 0xaf,
    0xfe, 0xa0, 0xf, 0xb3, 0xff, 0xb7, 0xfe, 0x40,
    0xf, 0x67, 0xfe, 0x80, 0xbf, 0xf6, 0x80, 0x7b,
    0x3f, 0xe8, 0x0, 0x17, 0xfd, 0x0, 0x1d, 0x9f,
    0xee, 0x0, 0xcf, 0xff, 0x10, 0x6, 0xcf, 0xf2,
    0x80, 0x76, 0xff, 0xac, 0x3, 0x67, 0xf9, 0x40,
    0x38, 0xff, 0xe6, 0x0, 0xb3, 0xfc, 0xa0, 0x1e,
    0x9f, 0xf7, 0x8, 0x3, 0x3f, 0xca, 0x1, 0xe1,
    0xef, 0xf5, 0x0, 0x33, 0xfc, 0xa0, 0x1f, 0x2f,
    0xfc, 0x81, 0x9f, 0xe5, 0x0, 0xfd, 0x7f, 0xed,
    0xc, 0xff, 0x28, 0x7, 0xe1, 0xff, 0xa0, 0x3,
    0xff, 0x96, 0xcd, 0x0, 0x7f, 0xf0, 0x57, 0xfc,
    0xe0, 0x1f, 0xfc, 0x1d, 0xfa, 0x0, 0xff, 0xe0,
    0xb7, 0xe0, 0x7, 0xff, 0xb, 0x78, 0x40, 0x3f,
    0xc0,

    /* U+0137 "ķ" */
    0xff, 0x80, 0x3f, 0xef, 0xf8, 0x3, 0xfe, 0xff,
    0x80, 0x3f, 0xef, 0xf8, 0x3, 0xfe, 0xff, 0x80,
    0x3f, 0xef, 0xf8, 0x3, 0xfe, 0xff, 0x80, 0x39,
    0x7f, 0xe6, 0xf, 0xf8, 0x3, 0x2f, 0xfc, 0xe0,
    0xf, 0xf8, 0x2, 0x4f, 0xf9, 0xc0, 0x2f, 0xf8,
    0x0, 0x7f, 0xf4, 0x0, 0x6f, 0xf8, 0xf, 0xfe,
    0x90, 0xe, 0xff, 0x8f, 0xbf, 0xd8, 0x1, 0xef,
    0xfb, 0xbf, 0xf1, 0x0, 0x77, 0xff, 0x6f, 0xfb,
    0x0, 0x3b, 0xff, 0x48, 0xf7, 0xf9, 0x80, 0x37,
    0xfd, 0x40, 0x5, 0xff, 0x84, 0x2, 0xff, 0x80,
    0x35, 0xff, 0xac, 0x2, 0xff, 0x80, 0x31, 0x7f,
    0xca, 0x0, 0xff, 0x80, 0x39, 0xff, 0xdc, 0x21,
    0xff, 0x0, 0x7b, 0x7f, 0xd4, 0x1f, 0xf0, 0x7,
    0x8f, 0xfe, 0x40, 0xf, 0xfe, 0x31, 0x33, 0x10,
    0x3, 0xfd, 0x9f, 0xc4, 0x1, 0xfc, 0x9f, 0xe4,
    0x0, 0xff, 0x67, 0xb0, 0x7, 0xf9, 0x3e, 0x40,
    0x3f, 0x80,

    /* U+0138 "ĸ" */
    0xff, 0x80, 0x39, 0xbf, 0xe5, 0xf, 0xf8, 0x3,
    0x2f, 0xfc, 0xc0, 0xf, 0xf8, 0x2, 0x4f, 0xf9,
    0xc0, 0x2f, 0xf8, 0x0, 0x9f, 0xf4, 0x0, 0x6f,
    0xf8, 0xf, 0xfe, 0x80, 0xe, 0xff, 0x8f, 0xbf,
    0xd8, 0x1, 0xef, 0xfb, 0xbf, 0xf1, 0x0, 0x77,
    0xff, 0x6f, 0xfb, 0x0, 0x3b, 0xff, 0x40, 0xff,
    0xcc, 0x1, 0xbf, 0xea, 0x0, 0x37, 0xfc, 0x20,
    0x17, 0xfc, 0x1, 0xb3, 0xfd, 0x60, 0x17, 0xfc,
    0x1, 0x8b, 0xfe, 0x50, 0x7, 0xfc, 0x1, 0xcf,
    0xfe, 0xe1, 0xf, 0xf8, 0x3, 0xdb, 0xfe, 0x90,
    0xff, 0x80, 0x3c, 0x7f, 0xf1, 0x80,

    /* U+0139 "Ĺ" */
    0x0, 0x97, 0xfd, 0x40, 0x1f, 0x8b, 0xfd, 0x60,
    0x1f, 0xd9, 0xf8, 0x1, 0xfd, 0x3f, 0x80, 0x1f,
    0xe7, 0x70, 0x80, 0x7f, 0xf2, 0xb3, 0xfc, 0xa0,
    0x1f, 0xd9, 0xfe, 0x50, 0xf, 0xec, 0xff, 0x28,
    0x7, 0xf6, 0x7f, 0x94, 0x3, 0xfb, 0x3f, 0xca,
    0x1, 0xfd, 0x9f, 0xe5, 0x0, 0xfe, 0xcf, 0xf2,
    0x80, 0x7f, 0x67, 0xf9, 0x40, 0x3f, 0xb3, 0xfc,
    0xa0, 0x1f, 0xd9, 0xfe, 0x50, 0xf, 0xec, 0xff,
    0x28, 0x7, 0xf6, 0x7f, 0x94, 0x3, 0xfb, 0x3f,
    0xca, 0x1, 0xfd, 0x9f, 0xe5, 0x0, 0xfe, 0xcf,
    0xf2, 0x80, 0x7f, 0x67, 0xf9, 0x40, 0x3f, 0xb3,
    0xfc, 0xa0, 0x1f, 0xd9, 0xfe, 0x50, 0xf, 0xec,
    0xff, 0x65, 0xdf, 0xe5, 0xcf, 0xff, 0xfa, 0x33,
    0xff, 0xfe, 0x80,

    /* U+013A "ĺ" */
    0x0, 0xd9, 0xfe, 0x40, 0xa, 0x7f, 0xc6, 0x1,
    0x37, 0xf1, 0x80, 0x49, 0xfc, 0x40, 0x1f, 0xfc,
    0x8f, 0xf7, 0x0, 0x77, 0xfb, 0x80, 0x3b, 0xfd,
    0xc0, 0x1d, 0xfe, 0xe0, 0xe, 0xff, 0x70, 0x7,
    0x7f, 0xb8, 0x3, 0xbf, 0xdc, 0x1, 0xdf, 0xee,
    0x0, 0xef, 0xf7, 0x0, 0x77, 0xfb, 0x80, 0x3b,
    0xfd, 0xc0, 0x1d, 0xfe, 0xe0, 0xe, 0xff, 0x70,
    0x7, 0x7f, 0xb8, 0x3, 0xbf, 0xdc, 0x1, 0xdf,
    0xee, 0x0, 0xef, 0xf7, 0x0, 0x77, 0xfc, 0x1,
    0xdb, 0xfe, 0xeb, 0x40, 0x4, 0x7f, 0xe5, 0x0,
    0xa3, 0xbf, 0x4c, 0x0,

    /* U+013B "Ļ" */
    0xcf, 0xf2, 0x80, 0x7f, 0x67, 0xf9, 0x40, 0x3f,
    0xb3, 0xfc, 0xa0, 0x1f, 0xd9, 0xfe, 0x50, 0xf,
    0xec, 0xff, 0x28, 0x7, 0xf6, 0x7f, 0x94, 0x3,
    0xfb, 0x3f, 0xca, 0x1, 0xfd, 0x9f, 0xe5, 0x0,
    0xfe, 0xcf, 0xf2, 0x80, 0x7f, 0x67, 0xf9, 0x40,
    0x3f, 0xb3, 0xfc, 0xa0, 0x1f, 0xd9, 0xfe, 0x50,
    0xf, 0xec, 0xff, 0x28, 0x7, 0xf6, 0x7f, 0x94,
    0x3, 0xfb, 0x3f, 0xca, 0x1, 0xfd, 0x9f, 0xe5,
    0x0, 0xfe, 0xcf, 0xf2, 0x80, 0x7f, 0x67, 0xf9,
    0x40, 0x3f, 0xb3, 0xfd, 0x97, 0x7f, 0x97, 0x3f,
    0xff, 0xe8, 0xcf, 0xff, 0xfa, 0x0, 0x3f, 0xf8,
    0xac, 0xd0, 0x7, 0xf3, 0x7f, 0x98, 0x3, 0xfb,
    0xbe, 0x40, 0x3f, 0x9f, 0xf0, 0x3, 0xfd, 0xda,
    0x20, 0x1f, 0x80,

    /* U+013C "ļ" */
    0x0, 0x7f, 0xb8, 0x3, 0xbf, 0xdc, 0x1, 0xdf,
    0xee, 0x0, 0xef, 0xf7, 0x0, 0x77, 0xfb, 0x80,
    0x3b, 0xfd, 0xc0, 0x1d, 0xfe, 0xe0, 0xe, 0xff,
    0x70, 0x7, 0x7f, 0xb8, 0x3, 0xbf, 0xdc, 0x1,
    0xdf, 0xee, 0x0, 0xef, 0xf7, 0x0, 0x77, 0xfb,
    0x80, 0x3b, 0xfd, 0xc0, 0x1d, 0xfe, 0xe0, 0xe,
    0xff, 0x70, 0x7, 0x7f, 0xb8, 0x3, 0xbf, 0xe0,
    0xe, 0xdf, 0xf7, 0x5a, 0x0, 0x23, 0xff, 0x28,
    0x5, 0x1d, 0xfa, 0x60, 0x1f, 0xe5, 0x99, 0x20,
    0x6, 0xef, 0xc0, 0xc, 0xdf, 0xc4, 0x1, 0xbb,
    0xd0, 0x3, 0x37, 0xb8, 0x7, 0x0,

    /* U+013D "Ľ" */
    0xcf, 0xf2, 0x80, 0x72, 0xff, 0xa7, 0x3f, 0xca,
    0x1, 0xd5, 0xfe, 0x2c, 0xff, 0x28, 0x7, 0x77,
    0xd0, 0x67, 0xf9, 0x40, 0x31, 0x7f, 0x8c, 0x33,
    0xfc, 0xa0, 0x19, 0xbf, 0x0, 0x19, 0xfe, 0x50,
    0xd, 0x5e, 0x80, 0xc, 0xff, 0x28, 0x6, 0x78,
    0x0, 0xb3, 0xfc, 0xa0, 0x1f, 0xd9, 0xfe, 0x50,
    0xf, 0xec, 0xff, 0x28, 0x7, 0xf6, 0x7f, 0x94,
    0x3, 0xfb, 0x3f, 0xca, 0x1, 0xfd, 0x9f, 0xe5,
    0x0, 0xfe, 0xcf, 0xf2, 0x80, 0x7f, 0x67, 0xf9,
    0x40, 0x3f, 0xb3, 0xfc, 0xa0, 0x1f, 0xd9, 0xfe,
    0x50, 0xf, 0xec, 0xff, 0x28, 0x7, 0xf6, 0x7f,
    0xb2, 0xef, 0xf2, 0xe7, 0xff, 0xfd, 0x19, 0xff,
    0xff, 0x40,

    /* U+013E "ľ" */
    0xf, 0xf7, 0x0, 0x5f, 0xf0, 0x87, 0xfb, 0x80,
    0x7, 0xfe, 0x80, 0x7, 0xfb, 0x80, 0x11, 0xfe,
    0x10, 0x7, 0xfb, 0x80, 0x19, 0xf2, 0x1, 0x7f,
    0xb8, 0x1, 0xfe, 0x20, 0xb, 0xfd, 0xc0, 0x9f,
    0x40, 0x1b, 0xfd, 0xc0, 0x6e, 0x40, 0x1b, 0xfd,
    0xc0, 0x1f, 0xbf, 0xdc, 0x1, 0xfb, 0xfd, 0xc0,
    0x1f, 0xbf, 0xdc, 0x1, 0xfb, 0xfd, 0xc0, 0x1f,
    0xbf, 0xdc, 0x1, 0xfb, 0xfd, 0xc0, 0x1f, 0xbf,
    0xdc, 0x1, 0xfb, 0xfd, 0xc0, 0x1f, 0xbf, 0xdc,
    0x1, 0xfb, 0xfe, 0x0, 0xfd, 0xbf, 0xee, 0xb4,
    0x0, 0xe8, 0xff, 0xca, 0x1, 0xe8, 0xef, 0xd3,
    0x0, 0xc0,

    /* U+013F "Ŀ" */
    0xcf, 0xf2, 0x80, 0x7f, 0xd9, 0xfe, 0x50, 0xf,
    0xfb, 0x3f, 0xca, 0x1, 0xff, 0x67, 0xf9, 0x40,
    0x3f, 0xec, 0xff, 0x28, 0x7, 0xfd, 0x9f, 0xe5,
    0x0, 0xff, 0xb3, 0xfc, 0xa0, 0x1f, 0xf6, 0x7f,
    0x94, 0x3, 0xfe, 0xcf, 0xf2, 0x80, 0x7f, 0xd9,
    0xfe, 0x50, 0xf, 0x17, 0xfc, 0x39, 0xfe, 0x50,
    0xf, 0x17, 0xfc, 0x39, 0xfe, 0x50, 0xf, 0x17,
    0xfc, 0x39, 0xfe, 0x50, 0xf, 0xd, 0x54, 0x39,
    0xfe, 0x50, 0xf, 0xfb, 0x3f, 0xca, 0x1, 0xff,
    0x67, 0xf9, 0x40, 0x3f, 0xec, 0xff, 0x28, 0x7,
    0xfd, 0x9f, 0xe5, 0x0, 0xff, 0xb3, 0xfd, 0x97,
    0x7f, 0x94, 0x1, 0x9f, 0xff, 0xf4, 0x0, 0x33,
    0xff, 0xfe, 0x80, 0x0,

    /* U+0140 "ŀ" */
    0xf, 0xf7, 0x0, 0x7d, 0xfe, 0xe0, 0xf, 0xbf,
    0xdc, 0x1, 0xf7, 0xfb, 0x80, 0x3e, 0xff, 0x70,
    0x7, 0xdf, 0xee, 0x0, 0xfb, 0xfd, 0xc0, 0x1f,
    0x7f, 0xb8, 0x3, 0xef, 0xf7, 0x0, 0xe, 0xa9,
    0x1, 0xfe, 0xe0, 0x3, 0x7f, 0xb4, 0x3f, 0xdc,
    0x0, 0x6f, 0xf6, 0x87, 0xfb, 0x80, 0xd, 0xfe,
    0xd0, 0xff, 0x70, 0x7, 0xdf, 0xee, 0x0, 0xfb,
    0xfd, 0xc0, 0x1f, 0x7f, 0xb8, 0x3, 0xef, 0xf7,
    0x0, 0x7d, 0xff, 0x8, 0x7, 0xb7, 0xfd, 0xd8,
    0xa0, 0x1a, 0x3f, 0xf2, 0x80, 0x74, 0x77, 0xe9,
    0x80, 0x40,

    /* U+0141 "Ł" */
    0x0, 0x67, 0xf9, 0x40, 0x3f, 0xec, 0xff, 0x28,
    0x7, 0xfd, 0x9f, 0xe5, 0x0, 0xff, 0xb3, 0xfc,
    0xa0, 0x1f, 0xf6, 0x7f, 0x94, 0x3, 0xfe, 0xcf,
    0xf2, 0x80, 0x7f, 0xd9, 0xfe, 0x50, 0x2c, 0x30,
    0xf, 0xb3, 0xfc, 0xa9, 0xde, 0x60, 0x1f, 0x67,
    0xfb, 0x3f, 0xe2, 0x0, 0xfb, 0x3f, 0xf7, 0x18,
    0x7, 0xee, 0xff, 0xb0, 0x40, 0x3f, 0x27, 0xfd,
    0xc0, 0x1f, 0xcd, 0xff, 0x94, 0x3, 0xfa, 0xbf,
    0xf2, 0x80, 0x7f, 0x4e, 0x6f, 0xf9, 0x40, 0x3f,
    0x90, 0x33, 0xfc, 0xa0, 0x1f, 0xf6, 0x7f, 0x94,
    0x3, 0xfe, 0xcf, 0xf2, 0x80, 0x7f, 0xd9, 0xfe,
    0xcb, 0xbf, 0xca, 0x0, 0xcf, 0xff, 0xfa, 0x0,
    0x19, 0xff, 0xff, 0x40,

    /* U+0142 "ł" */
    0x0, 0x7f, 0xb8, 0x3, 0xbf, 0xdc, 0x1, 0xdf,
    0xee, 0x0, 0xef, 0xf7, 0x0, 0x77, 0xfb, 0x80,
    0x3b, 0xfd, 0xc0, 0x1, 0x0, 0x7f, 0xb8, 0x71,
    0x80, 0x1f, 0xf7, 0x7b, 0x0, 0x3f, 0xf7, 0x18,
    0xf, 0xfd, 0x84, 0x7, 0xdf, 0xf0, 0x5, 0x3f,
    0xf7, 0x0, 0x53, 0xbf, 0xee, 0x0, 0x90, 0x7f,
    0xdc, 0x1, 0xdf, 0xee, 0x0, 0xef, 0xf7, 0x0,
    0x77, 0xfb, 0x80, 0x3b, 0xfe, 0x0, 0xed, 0xff,
    0x75, 0xa0, 0x2, 0x3f, 0xf2, 0x80, 0x51, 0xdf,
    0xa6,

    /* U+0143 "Ń" */
    0x0, 0xfe, 0x2f, 0xf6, 0x88, 0x7, 0xff, 0x3,
    0x3f, 0x88, 0x3, 0xff, 0x81, 0x1f, 0xc4, 0x1,
    0xff, 0xc0, 0x4f, 0xf1, 0x80, 0x7f, 0xf0, 0x5a,
    0xc, 0x3, 0xff, 0x99, 0x9f, 0xeb, 0x0, 0xfe,
    0xef, 0xf1, 0x67, 0xfc, 0xa0, 0x1f, 0xbb, 0xfc,
    0x59, 0xff, 0x70, 0x80, 0x7d, 0xdf, 0xe2, 0xcf,
    0xfd, 0x20, 0x1f, 0x77, 0xf8, 0xb3, 0xff, 0x8c,
    0x3, 0xdd, 0xfe, 0x2c, 0xff, 0x6f, 0xfb, 0x0,
    0x3d, 0xdf, 0xe2, 0xcf, 0xf2, 0xf7, 0xf9, 0xc0,
    0x3b, 0xbf, 0xc5, 0x9f, 0xe5, 0x57, 0xfc, 0x20,
    0x1b, 0xbf, 0xc5, 0x9f, 0xe5, 0xb, 0xff, 0x50,
    0x6, 0xef, 0xf1, 0x67, 0xf9, 0x40, 0xbf, 0xe4,
    0x0, 0xbb, 0xfc, 0x59, 0xfe, 0x50, 0x4, 0x7f,
    0xb4, 0x2, 0xef, 0xf1, 0x67, 0xf9, 0x40, 0x2d,
    0xff, 0x40, 0x3, 0xbf, 0xc5, 0x9f, 0xe5, 0x0,
    0x93, 0xfe, 0x20, 0xef, 0xf1, 0x67, 0xf9, 0x40,
    0x35, 0x7f, 0xb0, 0x3b, 0xfc, 0x59, 0xfe, 0x50,
    0xc, 0x3f, 0xf2, 0xf7, 0xf8, 0xb3, 0xfc, 0xa0,
    0x1c, 0xff, 0xee, 0xff, 0x8b, 0x3f, 0xca, 0x1,
    0xed, 0xff, 0xe2, 0xcf, 0xf2, 0x80, 0x78, 0xff,
    0xf8, 0xb3, 0xfc, 0xa0, 0x1f, 0x4f, 0xfe, 0x2c,
    0xff, 0x28, 0x7, 0xc3, 0xdf, 0xf1, 0x67, 0xf9,
    0x40, 0x3f, 0x37, 0xfc, 0x40,

    /* U+0144 "ń" */
    0x0, 0xf8, 0xbf, 0xda, 0x20, 0x1f, 0xb7, 0xf4,
    0x40, 0x3f, 0x4f, 0xe8, 0x80, 0x7e, 0x5f, 0xe2,
    0x0, 0xfe, 0x45, 0x10, 0xf, 0xfe, 0x37, 0xfc,
    0x5, 0x5d, 0xfd, 0x46, 0x0, 0xff, 0x97, 0xff,
    0xe5, 0xf, 0xfe, 0xb9, 0xbf, 0xfc, 0x3f, 0xf9,
    0x0, 0x23, 0xef, 0xf3, 0x7f, 0xd2, 0x1, 0xd1,
    0xfe, 0x9f, 0xf9, 0x0, 0x39, 0x7f, 0xd7, 0xff,
    0x8, 0x7, 0x1f, 0xfa, 0xff, 0xe0, 0xf, 0x1f,
    0xfa, 0xff, 0xe0, 0xf, 0x1f, 0xfa, 0xff, 0xe0,
    0xf, 0x1f, 0xfa, 0xff, 0xe0, 0xf, 0x1f, 0xfa,
    0xff, 0xe0, 0xf, 0x1f, 0xfa, 0xff, 0xe0, 0xf,
    0x1f, 0xfa, 0xff, 0xe0, 0xf, 0x1f, 0xfa, 0xff,
    0xe0, 0xf, 0x1f, 0xfa, 0xc0,

    /* U+0145 "Ņ" */
    0xcf, 0xf5, 0x80, 0x7f, 0x77, 0xf8, 0xb3, 0xfe,
    0x50, 0xf, 0xdd, 0xfe, 0x2c, 0xff, 0xb8, 0x40,
    0x3e, 0xef, 0xf1, 0x67, 0xfe, 0x90, 0xf, 0xbb,
    0xfc, 0x59, 0xff, 0xc6, 0x1, 0xee, 0xff, 0x16,
    0x7f, 0xb7, 0xfd, 0x80, 0x1e, 0xef, 0xf1, 0x67,
    0xf9, 0x7b, 0xfc, 0xe0, 0x1d, 0xdf, 0xe2, 0xcf,
    0xf2, 0xab, 0xfe, 0x10, 0xd, 0xdf, 0xe2, 0xcf,
    0xf2, 0x85, 0xff, 0xa8, 0x3, 0x77, 0xf8, 0xb3,
    0xfc, 0xa0, 0x5f, 0xf2, 0x0, 0x5d, 0xfe, 0x2c,
    0xff, 0x28, 0x2, 0x3f, 0xda, 0x1, 0x77, 0xf8,
    0xb3, 0xfc, 0xa0, 0x16, 0xff, 0xa0, 0x1, 0xdf,
    0xe2, 0xcf, 0xf2, 0x80, 0x49, 0xff, 0x10, 0x77,
    0xf8, 0xb3, 0xfc, 0xa0, 0x1a, 0xbf, 0xd8, 0x1d,
    0xfe, 0x2c, 0xff, 0x28, 0x6, 0x1f, 0xf9, 0x7b,
    0xfc, 0x59, 0xfe, 0x50, 0xe, 0x7f, 0xf7, 0x7f,
    0xc5, 0x9f, 0xe5, 0x0, 0xf6, 0xff, 0xf1, 0x67,
    0xf9, 0x40, 0x3c, 0x7f, 0xfc, 0x59, 0xfe, 0x50,
    0xf, 0xa7, 0xff, 0x16, 0x7f, 0x94, 0x3, 0xe1,
    0xef, 0xf8, 0xb3, 0xfc, 0xa0, 0x1f, 0x9b, 0xfe,
    0x20, 0xf, 0xfe, 0x59, 0xb3, 0xc, 0x3, 0xff,
    0x83, 0xdf, 0xa0, 0x1f, 0xfc, 0x17, 0xfe, 0x20,
    0xf, 0xfe, 0xf, 0x7a, 0x0, 0x7f, 0xf0, 0x5f,
    0xdc, 0x3, 0xfc,

    /* U+0146 "ņ" */
    0xff, 0x80, 0xab, 0xbf, 0xa8, 0xc0, 0x1f, 0xf2,
    0xff, 0xfc, 0xa1, 0xff, 0xd7, 0x37, 0xff, 0x87,
    0xff, 0x20, 0x4, 0x7d, 0xfe, 0x6f, 0xfa, 0x40,
    0x3a, 0x3f, 0xd3, 0xff, 0x20, 0x7, 0x2f, 0xfa,
    0xff, 0xe1, 0x0, 0xe3, 0xff, 0x5f, 0xfc, 0x1,
    0xe3, 0xff, 0x5f, 0xfc, 0x1, 0xe3, 0xff, 0x5f,
    0xfc, 0x1, 0xe3, 0xff, 0x5f, 0xfc, 0x1, 0xe3,
    0xff, 0x5f, 0xfc, 0x1, 0xe3, 0xff, 0x5f, 0xfc,
    0x1, 0xe3, 0xff, 0x5f, 0xfc, 0x1, 0xe3, 0xff,
    0x5f, 0xfc, 0x1, 0xe3, 0xff, 0x58, 0x7, 0xff,
    0x14, 0xd9, 0x86, 0x1, 0xfd, 0xbf, 0xc2, 0x1,
    0xf9, 0x7f, 0xc6, 0x1, 0xfd, 0xbe, 0xa0, 0x1f,
    0xcd, 0xf0, 0x1, 0xf8,

    /* U+0147 "Ň" */
    0x0, 0x87, 0xbd, 0x40, 0x5, 0xde, 0x80, 0x1f,
    0x8b, 0xbd, 0xb, 0xbd, 0x0, 0x3f, 0xc5, 0xdf,
    0xde, 0x80, 0x1f, 0xfc, 0x2, 0xef, 0x50, 0xf,
    0xfe, 0x11, 0xa8, 0x7, 0xff, 0x37, 0x3f, 0xd6,
    0x1, 0xfd, 0xdf, 0xe2, 0xcf, 0xf9, 0x40, 0x3f,
    0x77, 0xf8, 0xb3, 0xfe, 0xe1, 0x0, 0xfb, 0xbf,
    0xc5, 0x9f, 0xfa, 0x40, 0x3e, 0xef, 0xf1, 0x67,
    0xff, 0x18, 0x7, 0xbb, 0xfc, 0x59, 0xfe, 0xdf,
    0xf6, 0x0, 0x7b, 0xbf, 0xc5, 0x9f, 0xe5, 0xef,
    0xf3, 0x80, 0x77, 0x7f, 0x8b, 0x3f, 0xca, 0xaf,
    0xf8, 0x40, 0x37, 0x7f, 0x8b, 0x3f, 0xca, 0x17,
    0xfe, 0xa0, 0xd, 0xdf, 0xe2, 0xcf, 0xf2, 0x81,
    0x7f, 0xc8, 0x1, 0x77, 0xf8, 0xb3, 0xfc, 0xa0,
    0x8, 0xff, 0x68, 0x5, 0xdf, 0xe2, 0xcf, 0xf2,
    0x80, 0x5b, 0xfe, 0x80, 0x7, 0x7f, 0x8b, 0x3f,
    0xca, 0x1, 0x27, 0xfc, 0x41, 0xdf, 0xe2, 0xcf,
    0xf2, 0x80, 0x6a, 0xff, 0x60, 0x77, 0xf8, 0xb3,
    0xfc, 0xa0, 0x18, 0x7f, 0xe5, 0xef, 0xf1, 0x67,
    0xf9, 0x40, 0x39, 0xff, 0xdd, 0xff, 0x16, 0x7f,
    0x94, 0x3, 0xdb, 0xff, 0xc5, 0x9f, 0xe5, 0x0,
    0xf1, 0xff, 0xf1, 0x67, 0xf9, 0x40, 0x3e, 0x9f,
    0xfc, 0x59, 0xfe, 0x50, 0xf, 0x87, 0xbf, 0xe2,
    0xcf, 0xf2, 0x80, 0x7e, 0x6f, 0xf8, 0x80,

    /* U+0148 "ň" */
    0x1, 0xef, 0x40, 0x1, 0x77, 0x98, 0x6, 0x2e,
    0xf3, 0x1d, 0xf4, 0x0, 0xf1, 0x77, 0x37, 0xd0,
    0x3, 0xf1, 0x77, 0xa8, 0x7, 0xf8, 0xd4, 0x3,
    0xff, 0x8f, 0xff, 0x1, 0x57, 0x7f, 0x51, 0x80,
    0x3f, 0xe5, 0xff, 0xf9, 0x43, 0xff, 0xae, 0x6f,
    0xff, 0xf, 0xfe, 0x40, 0x8, 0xfb, 0xfc, 0xdf,
    0xf4, 0x80, 0x74, 0x7f, 0xa7, 0xfe, 0x40, 0xe,
    0x5f, 0xf5, 0xff, 0xc2, 0x1, 0xc7, 0xfe, 0xbf,
    0xf8, 0x3, 0xc7, 0xfe, 0xbf, 0xf8, 0x3, 0xc7,
    0xfe, 0xbf, 0xf8, 0x3, 0xc7, 0xfe, 0xbf, 0xf8,
    0x3, 0xc7, 0xfe, 0xbf, 0xf8, 0x3, 0xc7, 0xfe,
    0xbf, 0xf8, 0x3, 0xc7, 0xfe, 0xbf, 0xf8, 0x3,
    0xc7, 0xfe, 0xbf, 0xf8, 0x3, 0xc7, 0xfe, 0xb0,

    /* U+0149 "ŉ" */
    0x0, 0x4f, 0xfa, 0xc0, 0x3f, 0xf8, 0x7b, 0xfe,
    0x40, 0xf, 0xfe, 0x11, 0x7f, 0xb4, 0x3, 0xff,
    0x86, 0xdf, 0xe6, 0x0, 0xff, 0xe1, 0xdf, 0xf0,
    0x7, 0xff, 0x13, 0xfc, 0xe0, 0x1f, 0xfc, 0x34,
    0xff, 0x8, 0x17, 0xfb, 0x41, 0x2f, 0xbf, 0x64,
    0x40, 0x13, 0xf2, 0x0, 0x2f, 0xf6, 0xbf, 0xff,
    0xb8, 0xc1, 0xe4, 0x80, 0x5, 0xff, 0xd7, 0x39,
    0xff, 0x68, 0x7, 0x8b, 0xfe, 0xe2, 0x0, 0x97,
    0xfe, 0x30, 0xe, 0x2f, 0xf9, 0x80, 0x3a, 0xff,
    0xcc, 0x1, 0xc5, 0xff, 0x8, 0x7, 0x47, 0xfa,
    0x0, 0x38, 0xbf, 0xdc, 0x1, 0xe7, 0xff, 0x40,
    0x7, 0x17, 0xfb, 0x40, 0x3c, 0xff, 0xe8, 0x0,
    0xe2, 0xff, 0x68, 0x7, 0x9f, 0xfd, 0x0, 0x1c,
    0x5f, 0xed, 0x0, 0xf3, 0xff, 0xa0, 0x3, 0x8b,
    0xfd, 0xa0, 0x1e, 0x7f, 0xf4, 0x0, 0x71, 0x7f,
    0xb4, 0x3, 0xcf, 0xfe, 0x80, 0xe, 0x2f, 0xf6,
    0x80, 0x79, 0xff, 0xd0, 0x1, 0xc5, 0xfe, 0xd0,
    0xf, 0x3f, 0xfa, 0x0, 0x38, 0xbf, 0xda, 0x1,
    0xe7, 0xff, 0x40,

    /* U+014A "Ŋ" */
    0xcf, 0xf5, 0x80, 0x7f, 0x77, 0xf8, 0xb3, 0xfe,
    0x50, 0xf, 0xdd, 0xfe, 0x2c, 0xff, 0xb8, 0x40,
    0x3e, 0xef, 0xf1, 0x67, 0xfe, 0x90, 0xf, 0xbb,
    0xfc, 0x59, 0xff, 0xc6, 0x1, 0xee, 0xff, 0x16,
    0x7f, 0xf6, 0x80, 0x7b, 0xbf, 0xc5, 0x9f, 0xe6,
    0xff, 0x9c, 0x3, 0xbb, 0xfc, 0x59, 0xfe, 0x56,
    0xff, 0x88, 0x3, 0x77, 0xf8, 0xb3, 0xfc, 0xa1,
    0x9f, 0xeb, 0x0, 0xdd, 0xfe, 0x2c, 0xff, 0x28,
    0x17, 0xfc, 0xa0, 0x17, 0x7f, 0x8b, 0x3f, 0xca,
    0x0, 0x8f, 0xf7, 0x0, 0x5d, 0xfe, 0x2c, 0xff,
    0x28, 0x5, 0xbf, 0xe9, 0x0, 0x77, 0xf8, 0xb3,
    0xfc, 0xa0, 0x12, 0x7f, 0xc6, 0x1d, 0xfe, 0x2c,
    0xff, 0x28, 0x6, 0xaf, 0xf6, 0x87, 0x7f, 0x8b,
    0x3f, 0xca, 0x1, 0x87, 0xbf, 0xcf, 0xdf, 0xe2,
    0xcf, 0xf2, 0x80, 0x73, 0x7f, 0xf8, 0xb3, 0xfc,
    0xa0, 0x1e, 0xcf, 0xfe, 0x2c, 0xff, 0x28, 0x7,
    0x8b, 0xff, 0x8b, 0x3f, 0xca, 0x1, 0xf4, 0x7f,
    0xe2, 0xcf, 0xf2, 0x80, 0x7e, 0xdf, 0xf8, 0xb3,
    0xfc, 0xa0, 0x1f, 0x93, 0xfe, 0x20, 0xf, 0xfe,
    0xe, 0xff, 0x84, 0x3, 0xff, 0x83, 0xdf, 0xc0,
    0x1f, 0xe1, 0x2, 0xaf, 0xf4, 0x80, 0x7f, 0xb3,
    0xff, 0x70, 0x80, 0x7f, 0xaf, 0xfd, 0xd2, 0x20,
    0x1f, 0xfc, 0x70,

    /* U+014B "ŋ" */
    0x1f, 0xf7, 0x2, 0x5f, 0x7f, 0x51, 0x0, 0x7,
    0xfd, 0xd1, 0xff, 0xf2, 0x80, 0xff, 0xf5, 0x4d,
    0xff, 0xe1, 0x17, 0xfd, 0xc4, 0x1, 0x1f, 0xfc,
    0xc3, 0xff, 0x30, 0x7, 0x57, 0xfa, 0x7, 0xfe,
    0x20, 0xe, 0x6f, 0xf4, 0x8f, 0xfc, 0x1, 0xe5,
    0xff, 0x48, 0xff, 0xb8, 0x3, 0xcb, 0xfe, 0x91,
    0xff, 0x70, 0x7, 0x97, 0xfd, 0x23, 0xfe, 0xe0,
    0xf, 0x2f, 0xfa, 0x47, 0xfd, 0xc0, 0x1e, 0x5f,
    0xf4, 0x8f, 0xfb, 0x80, 0x3c, 0xbf, 0xe9, 0x1f,
    0xf7, 0x0, 0x79, 0x7f, 0xd2, 0x3f, 0xee, 0x0,
    0xf2, 0xff, 0xa4, 0x7f, 0xdc, 0x1, 0xe5, 0xff,
    0x48, 0x7, 0xf9, 0x7f, 0xd2, 0x1, 0xfe, 0x5f,
    0xf4, 0x80, 0x7f, 0x9b, 0xfd, 0x20, 0x1f, 0xa2,
    0x7b, 0xfc, 0xe0, 0x1f, 0xb3, 0xff, 0x10, 0x7,
    0xe8, 0xef, 0xc4, 0x0,

    /* U+014C "Ō" */
    0x0, 0xf5, 0xe6, 0x7c, 0x60, 0x1f, 0xfc, 0xe,
    0xff, 0xf9, 0x0, 0x3f, 0xff, 0xeb, 0x5b, 0xfe,
    0xeb, 0x71, 0x0, 0xff, 0x27, 0x7f, 0xff, 0x48,
    0x7, 0xe7, 0xff, 0xff, 0xe0, 0x60, 0x80, 0x73,
    0x7f, 0xdc, 0xe2, 0x0, 0x14, 0xbf, 0xfb, 0x0,
    0x31, 0x7f, 0xd6, 0x20, 0x1f, 0x3f, 0xfd, 0x0,
    0x14, 0xff, 0xb4, 0x3, 0xfd, 0x1f, 0xf0, 0x80,
    0x3f, 0xe4, 0x0, 0xff, 0xbb, 0xfc, 0xc0, 0x9f,
    0xee, 0x0, 0xff, 0xe0, 0x4f, 0xfa, 0xc1, 0xff,
    0xd4, 0x1, 0xff, 0xc0, 0x4f, 0xf6, 0x84, 0xff,
    0xa0, 0x3, 0xff, 0x80, 0x5f, 0xf0, 0x4f, 0xf9,
    0xc0, 0x3f, 0xf8, 0x3, 0xff, 0x4, 0xff, 0xa0,
    0x3, 0xff, 0x80, 0x5f, 0xf0, 0x3f, 0xfa, 0x80,
    0x3f, 0xf8, 0x9, 0xfe, 0xe0, 0x4f, 0xf7, 0x0,
    0x7f, 0xf0, 0x23, 0xfd, 0x60, 0xf, 0xf9, 0x0,
    0x3f, 0xee, 0xff, 0x30, 0x2, 0xbf, 0xda, 0x1,
    0xfe, 0x8f, 0xf8, 0x40, 0x5, 0xff, 0x58, 0x7,
    0xe7, 0xff, 0x9c, 0x3, 0x37, 0xfd, 0xae, 0x20,
    0x1, 0x4b, 0xff, 0xb0, 0x3, 0xd1, 0xff, 0xff,
    0xc0, 0xc1, 0x0, 0xf9, 0x7b, 0xff, 0xfa, 0x40,
    0x3f, 0xe5, 0xad, 0xff, 0x76, 0x38, 0x80, 0x78,

    /* U+014D "ō" */
    0x0, 0x9f, 0xff, 0xeb, 0x0, 0xf2, 0xe6, 0x7d,
    0x0, 0x1f, 0xfd, 0x94, 0xad, 0xfe, 0xc6, 0x0,
    0xf0, 0xdf, 0xff, 0xda, 0x60, 0x1b, 0x7f, 0xeb,
    0x9a, 0xff, 0xc4, 0x0, 0x9f, 0xf6, 0x90, 0x6,
    0xaf, 0xf6, 0x80, 0xff, 0xc2, 0x1, 0xec, 0xff,
    0x23, 0x7f, 0xa4, 0x3, 0xe5, 0xff, 0x54, 0x7f,
    0x98, 0x3, 0xe2, 0xff, 0x65, 0x7f, 0x94, 0x3,
    0xe1, 0xff, 0x74, 0x7f, 0x98, 0x3, 0xe2, 0xff,
    0x63, 0x7f, 0xa4, 0x3, 0xe6, 0xff, 0x50, 0xff,
    0xc4, 0x1, 0xed, 0xff, 0x20, 0x4f, 0xfb, 0x48,
    0x2, 0x1a, 0xff, 0x60, 0x5, 0xbf, 0xf6, 0x55,
    0xff, 0xe2, 0x0, 0x86, 0xff, 0xfe, 0xd2, 0x0,
    0xf2, 0x56, 0xff, 0x5b, 0x0, 0x60,

    /* U+014E "Ŏ" */
    0x0, 0xe3, 0x85, 0x0, 0xc5, 0xc, 0x1, 0xff,
    0x2f, 0xe8, 0x6, 0x8f, 0xa0, 0xf, 0xf8, 0x7f,
    0xd2, 0x20, 0xbf, 0xe6, 0x0, 0xff, 0xe0, 0x37,
    0xff, 0xac, 0x3, 0xff, 0x84, 0x73, 0x76, 0xa5,
    0x0, 0xff, 0xeb, 0xad, 0x6f, 0xfb, 0xad, 0xc4,
    0x3, 0xfc, 0x9d, 0xff, 0xfd, 0x20, 0x1f, 0x9f,
    0xff, 0xff, 0x81, 0x82, 0x1, 0xcd, 0xff, 0x73,
    0x88, 0x0, 0x52, 0xff, 0xec, 0x0, 0xc5, 0xff,
    0x58, 0x80, 0x7c, 0xff, 0xf4, 0x0, 0x53, 0xfe,
    0xd0, 0xf, 0xf4, 0x7f, 0xc2, 0x0, 0xff, 0x90,
    0x3, 0xfe, 0xef, 0xf3, 0x2, 0x7f, 0xb8, 0x3,
    0xff, 0x81, 0x3f, 0xeb, 0x7, 0xff, 0x50, 0x7,
    0xff, 0x1, 0x3f, 0xda, 0x13, 0xfe, 0x80, 0xf,
    0xfe, 0x1, 0x7f, 0xc1, 0x3f, 0xe7, 0x0, 0xff,
    0xe0, 0xf, 0xfc, 0x13, 0xfe, 0x80, 0xf, 0xfe,
    0x1, 0x7f, 0xc0, 0xff, 0xea, 0x0, 0xff, 0xe0,
    0x27, 0xfb, 0x81, 0x3f, 0xdc, 0x1, 0xff, 0xc0,
    0x8f, 0xf5, 0x80, 0x3f, 0xe4, 0x0, 0xff, 0xbb,
    0xfc, 0xc0, 0xa, 0xff, 0x68, 0x7, 0xfa, 0x3f,
    0xe1, 0x0, 0x17, 0xfd, 0x60, 0x1f, 0x9f, 0xfe,
    0x70, 0xc, 0xdf, 0xf6, 0xb8, 0x80, 0x5, 0x2f,
    0xfe, 0xc0, 0xf, 0x47, 0xff, 0xff, 0x3, 0x4,
    0x3, 0xe5, 0xef, 0xff, 0xe9, 0x0, 0xff, 0x96,
    0xb7, 0xfd, 0xd8, 0xe2, 0x1, 0xe0,

    /* U+014F "ŏ" */
    0x0, 0xbf, 0xc0, 0x1d, 0x7e, 0x60, 0x1d, 0x9f,
    0x0, 0x12, 0x7f, 0x80, 0x3c, 0x9f, 0xee, 0xcd,
    0xff, 0x40, 0x7, 0xc9, 0x7d, 0xfe, 0xc6, 0x0,
    0xff, 0xed, 0x25, 0x6f, 0xf6, 0x30, 0x7, 0x86,
    0xff, 0xfe, 0xd3, 0x0, 0xdb, 0xff, 0x5c, 0xd7,
    0xfe, 0x20, 0x4, 0xff, 0xb4, 0x80, 0x35, 0x7f,
    0xb4, 0x7, 0xfe, 0x10, 0xf, 0x67, 0xf9, 0x1b,
    0xfd, 0x20, 0x1f, 0x2f, 0xfa, 0xa3, 0xfc, 0xc0,
    0x1f, 0x17, 0xfb, 0x2b, 0xfc, 0xa0, 0x1f, 0xf,
    0xfb, 0xa3, 0xfc, 0xc0, 0x1f, 0x17, 0xfb, 0x1b,
    0xfd, 0x20, 0x1f, 0x37, 0xfa, 0x87, 0xfe, 0x20,
    0xf, 0x6f, 0xf9, 0x2, 0x7f, 0xda, 0x40, 0x10,
    0xd7, 0xfb, 0x0, 0x2d, 0xff, 0xb2, 0xaf, 0xff,
    0x10, 0x4, 0x37, 0xff, 0xf6, 0x90, 0x7, 0x92,
    0xb7, 0xfa, 0xd8, 0x3, 0x0,

    /* U+0150 "Ő" */
    0x0, 0xfe, 0xbf, 0xd0, 0x1, 0xff, 0xb0, 0x3,
    0xfe, 0x6f, 0xf1, 0x0, 0x37, 0xf4, 0x40, 0x3f,
    0xc5, 0xfe, 0x50, 0x5, 0x7f, 0x8, 0x7, 0xfd,
    0x9f, 0x0, 0x5, 0xfe, 0x20, 0xf, 0xf9, 0x2e,
    0x40, 0x2a, 0xb3, 0x0, 0xff, 0xea, 0xad, 0x6f,
    0xfb, 0xad, 0xc4, 0x3, 0xfc, 0x9d, 0xff, 0xfd,
    0x20, 0x1f, 0x9f, 0xff, 0xff, 0x81, 0x82, 0x1,
    0xcd, 0xff, 0x73, 0x88, 0x0, 0x52, 0xff, 0xec,
    0x0, 0xc5, 0xff, 0x58, 0x80, 0x7c, 0xff, 0xf4,
    0x0, 0x53, 0xfe, 0xd0, 0xf, 0xf4, 0x7f, 0xc2,
    0x0, 0xff, 0x90, 0x3, 0xfe, 0xef, 0xf3, 0x2,
    0x7f, 0xb8, 0x3, 0xff, 0x81, 0x3f, 0xeb, 0x7,
    0xff, 0x50, 0x7, 0xff, 0x1, 0x3f, 0xda, 0x13,
    0xfe, 0x80, 0xf, 0xfe, 0x1, 0x7f, 0xc1, 0x3f,
    0xe7, 0x0, 0xff, 0xe0, 0xf, 0xfc, 0x13, 0xfe,
    0x80, 0xf, 0xfe, 0x1, 0x7f, 0xc0, 0xff, 0xea,
    0x0, 0xff, 0xe0, 0x27, 0xfb, 0x81, 0x3f, 0xdc,
    0x1, 0xff, 0xc0, 0x8f, 0xf5, 0x80, 0x3f, 0xe4,
    0x0, 0xff, 0xbb, 0xfc, 0xc0, 0xa, 0xff, 0x68,
    0x7, 0xfa, 0x3f, 0xe1, 0x0, 0x17, 0xfd, 0x60,
    0x1f, 0x9f, 0xfe, 0x70, 0xc, 0xdf, 0xf6, 0xb8,
    0x80, 0x5, 0x2f, 0xfe, 0xc0, 0xf, 0x47, 0xff,
    0xff, 0x3, 0x4, 0x3, 0xe5, 0xef, 0xff, 0xe9,
    0x0, 0xff, 0x96, 0xb7, 0xfd, 0xd8, 0xe2, 0x1,
    0xe0,

    /* U+0151 "ő" */
    0x0, 0xf2, 0x7f, 0x94, 0x1, 0x9f, 0xe4, 0x0,
    0xe1, 0xef, 0x80, 0x3, 0xff, 0x94, 0x3, 0xd5,
    0xf6, 0x0, 0x3f, 0xf3, 0x80, 0x79, 0x7f, 0x84,
    0x1, 0xbf, 0x0, 0x1f, 0x55, 0x98, 0x1, 0x6e,
    0x0, 0x3f, 0xf9, 0x89, 0x5b, 0xfd, 0x8c, 0x1,
    0xf0, 0xdf, 0xff, 0xda, 0x60, 0x1d, 0xbf, 0xf5,
    0xcd, 0x7f, 0xe2, 0x0, 0xa7, 0xfd, 0xa4, 0x1,
    0xab, 0xfd, 0xa0, 0x1, 0xff, 0x84, 0x3, 0xd9,
    0xfe, 0x40, 0x6f, 0xf4, 0x80, 0x7c, 0xbf, 0xea,
    0x8, 0xff, 0x30, 0x7, 0xc5, 0xfe, 0xc0, 0xaf,
    0xf2, 0x80, 0x7c, 0x3f, 0xee, 0x8, 0xff, 0x30,
    0x7, 0xc5, 0xfe, 0xc0, 0x6f, 0xf4, 0x80, 0x7c,
    0xdf, 0xea, 0x1, 0xff, 0x88, 0x3, 0xdb, 0xfe,
    0x40, 0x4, 0xff, 0xb4, 0x80, 0x21, 0xaf, 0xf6,
    0x0, 0x6d, 0xff, 0xb2, 0xaf, 0xff, 0x10, 0x6,
    0x1b, 0xff, 0xfb, 0x48, 0x3, 0xe4, 0xad, 0xfe,
    0xb6, 0x0, 0xe0,

    /* U+0152 "Œ" */
    0x0, 0xf1, 0xc6, 0x77, 0xff, 0xff, 0x17, 0x40,
    0x31, 0xe7, 0xff, 0xff, 0x27, 0x40, 0x27, 0xff,
    0xed, 0xcb, 0xbb, 0xfe, 0xbb, 0xff, 0x48, 0x1,
    0xbf, 0xed, 0x51, 0x0, 0xef, 0xf8, 0x40, 0x3f,
    0xe2, 0xff, 0xa4, 0x3, 0xf7, 0xfc, 0x20, 0x1f,
    0xf4, 0xff, 0xb0, 0x3, 0xfb, 0xfe, 0x10, 0xf,
    0xfb, 0xfe, 0x20, 0xf, 0xef, 0xf8, 0x40, 0x3f,
    0xc9, 0xfe, 0xd0, 0xf, 0xf7, 0xfc, 0x20, 0x1f,
    0xe7, 0xff, 0x50, 0x7, 0xfb, 0xfe, 0x10, 0xf,
    0xf4, 0x7f, 0xa0, 0x3, 0xfd, 0xff, 0xff, 0xc1,
    0x9, 0xff, 0x38, 0x7, 0xfb, 0xff, 0xff, 0x82,
    0x13, 0xfe, 0x80, 0xf, 0xf7, 0xfd, 0x77, 0xfd,
    0x40, 0xff, 0xe9, 0x0, 0xff, 0x7f, 0xc2, 0x1,
    0xfe, 0x5f, 0xf6, 0x0, 0x7f, 0xbf, 0xe1, 0x0,
    0xff, 0xf, 0xfc, 0x40, 0x1f, 0xdf, 0xf0, 0x80,
    0x7f, 0xd7, 0xfe, 0xb0, 0xf, 0xef, 0xf8, 0x40,
    0x3f, 0xe3, 0xff, 0xa4, 0x3, 0xf7, 0xfc, 0x20,
    0x1f, 0xfc, 0x8, 0xff, 0xb5, 0x44, 0x3, 0xbf,
    0xe1, 0x0, 0xff, 0xe0, 0xcf, 0xff, 0x76, 0x5d,
    0xdf, 0xf5, 0xdf, 0xfa, 0x40, 0x32, 0xef, 0xff,
    0xff, 0x27, 0x40, 0x3c, 0x91, 0x9d, 0xff, 0xff,
    0xc5, 0xd0,

    /* U+0153 "œ" */
    0x0, 0xc9, 0x5b, 0xfd, 0x8c, 0x1, 0x8e, 0xbb,
    0xfb, 0x1c, 0x3, 0xc3, 0x7f, 0xff, 0x69, 0x84,
    0x7f, 0xfd, 0xc6, 0x1, 0xb7, 0xfe, 0x97, 0x9d,
    0xff, 0xab, 0xfe, 0xa7, 0x8c, 0xff, 0x70, 0x80,
    0x27, 0xfd, 0x82, 0x1, 0xa3, 0xff, 0x71, 0x0,
    0x67, 0xff, 0x50, 0xf, 0xfb, 0x84, 0x3, 0xd9,
    0xff, 0x20, 0x7, 0xb3, 0xfc, 0xd, 0xfe, 0x90,
    0xf, 0x97, 0xfe, 0x0, 0xf9, 0xff, 0xc9, 0x1f,
    0xe6, 0x0, 0xf8, 0xbf, 0xff, 0xf8, 0x2b, 0x5f,
    0xe5, 0x0, 0xf8, 0xbf, 0xff, 0xf8, 0x2d, 0x1f,
    0xe6, 0x0, 0xf8, 0xbf, 0xe2, 0x2f, 0xf0, 0x37,
    0xfa, 0x80, 0x3e, 0x6f, 0xf8, 0x40, 0x3f, 0xc3,
    0xff, 0x10, 0x7, 0xb7, 0xfe, 0x70, 0xf, 0x84,
    0x2, 0x9f, 0xf6, 0x90, 0x4, 0x37, 0xff, 0xcc,
    0x1, 0x8b, 0x34, 0x40, 0x2d, 0xff, 0xb2, 0xaf,
    0xff, 0x5f, 0xfd, 0xb5, 0x4c, 0xff, 0xa8, 0x2,
    0x1b, 0xff, 0xfb, 0x48, 0x27, 0xff, 0xf5, 0x88,
    0x7, 0x25, 0x6f, 0xf5, 0xb0, 0x6, 0x3a, 0xdf,
    0xf6, 0xd2, 0x0, 0x40,

    /* U+0154 "Ŕ" */
    0x0, 0xfc, 0xfd, 0xc7, 0x0, 0xff, 0x93, 0xfd,
    0x0, 0x1f, 0xf1, 0x7f, 0x9c, 0x3, 0xff, 0x81,
    0xbe, 0xe0, 0x1f, 0xfc, 0x1, 0x22, 0x0, 0x7f,
    0xf3, 0x33, 0xff, 0xdd, 0xb4, 0x80, 0x1d, 0x9f,
    0xff, 0xeb, 0x10, 0xb, 0x3f, 0xd9, 0x77, 0x67,
    0xfe, 0xb0, 0xb, 0x3f, 0xca, 0x1, 0xd1, 0xff,
    0x18, 0x3, 0x3f, 0xca, 0x1, 0xea, 0xff, 0x40,
    0x3, 0x3f, 0xca, 0x1, 0xe6, 0xff, 0x50, 0x3,
    0x3f, 0xca, 0x1, 0xe6, 0xff, 0x50, 0x3, 0x3f,
    0xca, 0x1, 0xea, 0xff, 0x40, 0x3, 0x3f, 0xca,
    0x1, 0xd1, 0xff, 0x20, 0x3, 0x3f, 0xd9, 0x77,
    0x67, 0xfe, 0xb0, 0xb, 0x3f, 0xff, 0xd8, 0x20,
    0x16, 0x7f, 0xff, 0x28, 0x7, 0x67, 0xf9, 0x40,
    0x3, 0xff, 0x28, 0x7, 0x67, 0xf9, 0x40, 0x27,
    0xff, 0x68, 0x7, 0x67, 0xf9, 0x40, 0x36, 0xff,
    0x9c, 0x3, 0x67, 0xf9, 0x40, 0x32, 0xff, 0xc4,
    0x1, 0x67, 0xf9, 0x40, 0x3b, 0x3f, 0xd4, 0x1,
    0x67, 0xf9, 0x40, 0x38, 0xff, 0xe4, 0x0, 0x67,
    0xf9, 0x40, 0x3d, 0x3f, 0xed, 0x0, 0x67, 0xf9,
    0x40, 0x3c, 0x3f, 0xf3, 0x86, 0x7f, 0x94, 0x3,
    0xe7, 0xff, 0x84,

    /* U+0155 "ŕ" */
    0x0, 0xe6, 0xff, 0x48, 0x7, 0x1f, 0xfa, 0x40,
    0x38, 0x7b, 0xe8, 0x3, 0xd7, 0xf4, 0x1, 0xe1,
    0x55, 0x0, 0x7f, 0xf0, 0xff, 0xe0, 0x19, 0xef,
    0xd7, 0xff, 0x8f, 0xbf, 0xf2, 0xff, 0xdd, 0xff,
    0xb4, 0x3f, 0xf4, 0x90, 0x9, 0x7, 0xfd, 0x60,
    0x1e, 0xff, 0x90, 0x3, 0xdf, 0xf0, 0x80, 0x7b,
    0xfe, 0x0, 0xfb, 0xfe, 0x0, 0xfb, 0xfe, 0x0,
    0xfb, 0xfe, 0x0, 0xfb, 0xfe, 0x0, 0xfb, 0xfe,
    0x0, 0xfb, 0xfe, 0x0, 0xfb, 0xfe, 0x0, 0xf8,

    /* U+0156 "Ŗ" */
    0xcf, 0xff, 0x76, 0xd2, 0x0, 0x76, 0x7f, 0xff,
    0xac, 0x40, 0x2c, 0xff, 0x65, 0xdd, 0x9f, 0xfa,
    0xc0, 0x2c, 0xff, 0x28, 0x7, 0x47, 0xfc, 0x60,
    0xc, 0xff, 0x28, 0x7, 0xab, 0xfd, 0x0, 0xc,
    0xff, 0x28, 0x7, 0x9b, 0xfd, 0x40, 0xc, 0xff,
    0x28, 0x7, 0x9b, 0xfd, 0x40, 0xc, 0xff, 0x28,
    0x7, 0xab, 0xfd, 0x0, 0xc, 0xff, 0x28, 0x7,
    0x47, 0xfc, 0x80, 0xc, 0xff, 0x65, 0xdd, 0x9f,
    0xfa, 0xc0, 0x2c, 0xff, 0xff, 0x60, 0x80, 0x59,
    0xff, 0xfc, 0xa0, 0x1d, 0x9f, 0xe5, 0x0, 0xf,
    0xfc, 0xa0, 0x1d, 0x9f, 0xe5, 0x0, 0x9f, 0xfd,
    0xa0, 0x1d, 0x9f, 0xe5, 0x0, 0xdb, 0xfe, 0x70,
    0xd, 0x9f, 0xe5, 0x0, 0xcb, 0xff, 0x10, 0x5,
    0x9f, 0xe5, 0x0, 0xec, 0xff, 0x50, 0x5, 0x9f,
    0xe5, 0x0, 0xe3, 0xff, 0x90, 0x1, 0x9f, 0xe5,
    0x0, 0xf4, 0xff, 0xb4, 0x1, 0x9f, 0xe5, 0x0,
    0xf0, 0xff, 0xce, 0x19, 0xfe, 0x50, 0xf, 0x9f,
    0xfe, 0x10, 0xf, 0xfe, 0x4b, 0x34, 0x1, 0xff,
    0xc0, 0x5f, 0xf3, 0x80, 0x7f, 0xf0, 0x37, 0xe8,
    0x3, 0xff, 0x80, 0xdf, 0x80, 0x1f, 0xfc, 0x1e,
    0xe0, 0x80, 0x7f, 0x80,

    /* U+0157 "ŗ" */
    0xf, 0xf8, 0x6, 0x7b, 0xf5, 0xc3, 0xfe, 0x3e,
    0xff, 0xca, 0x1f, 0xf7, 0x7f, 0xed, 0x0, 0x7f,
    0xe9, 0x20, 0x12, 0x0, 0x7f, 0xd6, 0x1, 0xf7,
    0xfc, 0x80, 0x1f, 0x7f, 0xc2, 0x1, 0xf7, 0xfc,
    0x1, 0xfb, 0xfe, 0x0, 0xfd, 0xff, 0x0, 0x7e,
    0xff, 0x80, 0x3f, 0x7f, 0xc0, 0x1f, 0xbf, 0xe0,
    0xf, 0xdf, 0xf0, 0x7, 0xef, 0xf8, 0x3, 0xff,
    0x92, 0xcd, 0x0, 0x7c, 0x9f, 0xe8, 0x0, 0xfb,
    0x3e, 0xc0, 0x3e, 0x4f, 0xd0, 0xf, 0xdb, 0xe4,
    0x1, 0xf0,

    /* U+0158 "Ř" */
    0x0, 0x3f, 0xe0, 0x80, 0x23, 0xec, 0x3, 0xf3,
    0xfe, 0x3, 0xfe, 0x0, 0x7f, 0xa3, 0xf7, 0xf0,
    0x3, 0xff, 0x81, 0x1f, 0x82, 0x1, 0xff, 0xc1,
    0x71, 0x0, 0xff, 0xe6, 0x67, 0xff, 0xbb, 0x69,
    0x0, 0x3b, 0x3f, 0xff, 0xd6, 0x20, 0x16, 0x7f,
    0xb2, 0xee, 0xcf, 0xfd, 0x60, 0x16, 0x7f, 0x94,
    0x3, 0xa3, 0xfe, 0x30, 0x6, 0x7f, 0x94, 0x3,
    0xd5, 0xfe, 0x80, 0x6, 0x7f, 0x94, 0x3, 0xcd,
    0xfe, 0xa0, 0x6, 0x7f, 0x94, 0x3, 0xcd, 0xfe,
    0xa0, 0x6, 0x7f, 0x94, 0x3, 0xd5, 0xfe, 0x80,
    0x6, 0x7f, 0x94, 0x3, 0xa3, 0xfe, 0x40, 0x6,
    0x7f, 0xb2, 0xee, 0xcf, 0xfd, 0x60, 0x16, 0x7f,
    0xff, 0xb0, 0x40, 0x2c, 0xff, 0xfe, 0x50, 0xe,
    0xcf, 0xf2, 0x80, 0x7, 0xfe, 0x50, 0xe, 0xcf,
    0xf2, 0x80, 0x4f, 0xfe, 0xd0, 0xe, 0xcf, 0xf2,
    0x80, 0x6d, 0xff, 0x38, 0x6, 0xcf, 0xf2, 0x80,
    0x65, 0xff, 0x88, 0x2, 0xcf, 0xf2, 0x80, 0x76,
    0x7f, 0xa8, 0x2, 0xcf, 0xf2, 0x80, 0x71, 0xff,
    0xc8, 0x0, 0xcf, 0xf2, 0x80, 0x7a, 0x7f, 0xda,
    0x0, 0xcf, 0xf2, 0x80, 0x78, 0x7f, 0xe7, 0xc,
    0xff, 0x28, 0x7, 0xcf, 0xff, 0x8,

    /* U+0159 "ř" */
    0x5f, 0xd1, 0x0, 0x37, 0xe0, 0x4, 0xdf, 0x80,
    0xbf, 0xa2, 0x1, 0x9b, 0xf3, 0xf4, 0x40, 0x3c,
    0xff, 0xa2, 0x1, 0xf9, 0x84, 0x3, 0xff, 0x8b,
    0xff, 0x0, 0xcf, 0x7e, 0xb8, 0x7f, 0xc7, 0xdf,
    0xf9, 0x43, 0xfe, 0xef, 0xfd, 0xa0, 0xf, 0xfd,
    0x24, 0x2, 0x40, 0xf, 0xfa, 0xc0, 0x3e, 0xff,
    0x90, 0x3, 0xef, 0xf8, 0x40, 0x3e, 0xff, 0x80,
    0x3f, 0x7f, 0xc0, 0x1f, 0xbf, 0xe0, 0xf, 0xdf,
    0xf0, 0x7, 0xef, 0xf8, 0x3, 0xf7, 0xfc, 0x1,
    0xfb, 0xfe, 0x0, 0xfd, 0xff, 0x0, 0x7c,

    /* U+015A "Ś" */
    0x0, 0xfe, 0x38, 0x82, 0x0, 0x7f, 0x87, 0xbf,
    0x44, 0x3, 0xfd, 0x9f, 0xa2, 0x1, 0xfe, 0x7f,
    0xe2, 0x0, 0xff, 0x1f, 0xf1, 0x0, 0x7f, 0xf6,
    0xd2, 0xbb, 0xfb, 0x18, 0x3, 0xeb, 0xff, 0xfb,
    0x48, 0x3, 0x5f, 0xfd, 0xd7, 0xbf, 0xf7, 0x8,
    0x1, 0x3f, 0xe5, 0x0, 0x8f, 0x7f, 0xd0, 0x0,
    0x8f, 0xf4, 0x80, 0x70, 0xeb, 0x0, 0x53, 0xfe,
    0x70, 0xf, 0xf9, 0xff, 0xd6, 0x1, 0xff, 0x17,
    0xfd, 0x42, 0x1, 0xfe, 0x8f, 0xfd, 0x26, 0x1,
    0xfc, 0xdf, 0xfd, 0x8a, 0x1, 0xf8, 0x67, 0xff,
    0xb4, 0xc0, 0x3f, 0x9b, 0x7f, 0xf2, 0x80, 0x7f,
    0x93, 0x7f, 0xe2, 0x0, 0xff, 0xb3, 0xfd, 0x2,
    0xb2, 0x20, 0x1f, 0x2f, 0xfa, 0xf7, 0xfc, 0xc0,
    0x1f, 0x27, 0xfa, 0xe3, 0xfd, 0xc2, 0x1, 0xea,
    0xff, 0x40, 0xff, 0xda, 0x80, 0x1a, 0x3f, 0xe2,
    0x5, 0xff, 0xdd, 0x98, 0xff, 0xd0, 0x1, 0x27,
    0x7f, 0xfe, 0x80, 0xf, 0x35, 0xf7, 0xf6, 0xc1,
    0x0, 0x40,

    /* U+015B "ś" */
    0x0, 0xfc, 0x7f, 0xec, 0x0, 0xfc, 0x3d, 0xf8,
    0x1, 0xfd, 0x7f, 0x82, 0x1, 0xf9, 0xff, 0x44,
    0x3, 0xf9, 0x54, 0x20, 0x1f, 0xfc, 0x82, 0x9d,
    0xfe, 0xc7, 0x10, 0xc, 0xbf, 0xff, 0x71, 0x80,
    0x7, 0xfe, 0x85, 0x55, 0x7f, 0xb8, 0x0, 0xbf,
    0xe7, 0x0, 0xc7, 0xc8, 0x0, 0x5f, 0xf4, 0x0,
    0x7f, 0x17, 0xfd, 0x6c, 0x40, 0x1f, 0x3f, 0xff,
    0x6c, 0x10, 0x7, 0x1d, 0x7f, 0xf9, 0xc0, 0x3e,
    0x59, 0xef, 0xf9, 0x0, 0x3f, 0xab, 0xfd, 0x40,
    0x8, 0x20, 0xe, 0x2f, 0xf5, 0x85, 0xfe, 0x90,
    0x6, 0x6f, 0xf4, 0x85, 0x7f, 0xd4, 0xee, 0xaf,
    0xf8, 0xc0, 0x11, 0xff, 0xf9, 0x80, 0x31, 0xce,
    0xff, 0xb6, 0x48, 0x0,

    /* U+015C "Ŝ" */
    0x0, 0xf8, 0xc0, 0x3f, 0xf8, 0x2d, 0xec, 0x1,
    0xff, 0x27, 0xfc, 0xa0, 0x1f, 0xc9, 0xfe, 0x5e,
    0xf4, 0x0, 0xf8, 0xff, 0xc8, 0x7, 0xfe, 0x30,
    0xf, 0x34, 0x20, 0x4, 0x90, 0xc0, 0x1f, 0xfc,
    0xa4, 0xae, 0xfe, 0xc6, 0x0, 0xfa, 0xff, 0xfe,
    0xd2, 0x0, 0xd7, 0xff, 0x75, 0xef, 0xfd, 0xc2,
    0x0, 0x4f, 0xf9, 0x40, 0x23, 0xdf, 0xf4, 0x0,
    0x23, 0xfd, 0x20, 0x1c, 0x3a, 0xc0, 0x14, 0xff,
    0x9c, 0x3, 0xfe, 0x7f, 0xf5, 0x80, 0x7f, 0xc5,
    0xff, 0x50, 0x80, 0x7f, 0xa3, 0xff, 0x49, 0x80,
    0x7f, 0x37, 0xff, 0x62, 0x80, 0x7e, 0x19, 0xff,
    0xed, 0x30, 0xf, 0xe6, 0xdf, 0xfc, 0xa0, 0x1f,
    0xe4, 0xdf, 0xf8, 0x80, 0x3f, 0xec, 0xff, 0x40,
    0xac, 0x88, 0x7, 0xcb, 0xfe, 0xbd, 0xff, 0x30,
    0x7, 0xc9, 0xfe, 0xb8, 0xff, 0x70, 0x80, 0x7a,
    0xbf, 0xd0, 0x3f, 0xf6, 0xa0, 0x6, 0x8f, 0xf8,
    0x81, 0x7f, 0xf7, 0x66, 0x3f, 0xf4, 0x0, 0x49,
    0xdf, 0xff, 0xa0, 0x3, 0xcd, 0x7d, 0xfd, 0xb0,
    0x40, 0x10,

    /* U+015D "ŝ" */
    0x0, 0xf0, 0x88, 0x3, 0xfc, 0x3b, 0x80, 0x1f,
    0xec, 0xff, 0x60, 0x7, 0xeb, 0xf9, 0x97, 0xd8,
    0x7, 0xab, 0xe8, 0x1, 0x7f, 0x40, 0x18, 0xa1,
    0xc0, 0x33, 0xc1, 0x0, 0x7f, 0xf1, 0x4a, 0x77,
    0xfb, 0x1c, 0x40, 0x32, 0xff, 0xfd, 0xc6, 0x0,
    0x1f, 0xfa, 0x15, 0x55, 0xfe, 0xe0, 0x2, 0xff,
    0x9c, 0x3, 0x1f, 0x20, 0x1, 0x7f, 0xd0, 0x1,
    0xfc, 0x5f, 0xf5, 0xb1, 0x0, 0x7c, 0xff, 0xfd,
    0xb0, 0x40, 0x1c, 0x75, 0xff, 0xe7, 0x0, 0xf9,
    0x67, 0xbf, 0xe4, 0x0, 0xfe, 0xaf, 0xf5, 0x0,
    0x20, 0x80, 0x38, 0xbf, 0xd6, 0x17, 0xfa, 0x40,
    0x19, 0xbf, 0xd2, 0x15, 0xff, 0x53, 0xba, 0xbf,
    0xe3, 0x0, 0x47, 0xff, 0xe6, 0x0, 0xc7, 0x3b,
    0xfe, 0xd9, 0x20, 0x0,

    /* U+015E "Ş" */
    0x0, 0xc9, 0x5d, 0xfd, 0x8c, 0x1, 0xf5, 0xff,
    0xfd, 0xa4, 0x1, 0xaf, 0xfe, 0xeb, 0xdf, 0xfb,
    0x84, 0x0, 0x9f, 0xf2, 0x80, 0x47, 0xbf, 0xe8,
    0x0, 0x47, 0xfa, 0x40, 0x38, 0x75, 0x80, 0x29,
    0xff, 0x38, 0x7, 0xfc, 0xff, 0xeb, 0x0, 0xff,
    0x8b, 0xfe, 0xa1, 0x0, 0xff, 0x47, 0xfe, 0x93,
    0x0, 0xfe, 0x6f, 0xfe, 0xc5, 0x0, 0xfc, 0x33,
    0xff, 0xda, 0x60, 0x1f, 0xcd, 0xbf, 0xf9, 0x40,
    0x3f, 0xc9, 0xbf, 0xf1, 0x0, 0x7f, 0xd9, 0xfe,
    0x81, 0x59, 0x10, 0xf, 0x97, 0xfd, 0x7b, 0xfe,
    0x60, 0xf, 0x93, 0xfd, 0x71, 0xfe, 0xe1, 0x0,
    0xf5, 0x7f, 0xa0, 0x7f, 0xed, 0x40, 0xd, 0x1f,
    0xf1, 0x2, 0xff, 0xee, 0xcc, 0x7f, 0xe8, 0x0,
    0x93, 0xbf, 0xff, 0x40, 0x7, 0x9a, 0xff, 0xed,
    0x82, 0x0, 0xfc, 0x3d, 0x0, 0x1f, 0xfc, 0xb,
    0xfe, 0x91, 0x0, 0xff, 0x9, 0xc7, 0xe0, 0x7,
    0xff, 0x7, 0x3c, 0x3, 0xf9, 0xf6, 0x27, 0xec,
    0x3, 0xf9, 0x73, 0xfa, 0x44, 0x3, 0x80,

    /* U+015F "ş" */
    0x0, 0x8a, 0x77, 0xfb, 0x1c, 0x40, 0x32, 0xff,
    0xfd, 0xc6, 0x0, 0x1f, 0xfa, 0x15, 0x55, 0xfe,
    0xe0, 0x2, 0xff, 0x9c, 0x3, 0x1f, 0x20, 0x1,
    0x7f, 0xd0, 0x1, 0xfc, 0x5f, 0xf5, 0xb1, 0x0,
    0x7c, 0xff, 0xfd, 0xb0, 0x40, 0x1c, 0x75, 0xff,
    0xe7, 0x0, 0xf9, 0x67, 0xbf, 0xe4, 0x0, 0xfe,
    0xaf, 0xf5, 0x0, 0x20, 0x80, 0x38, 0xbf, 0xd6,
    0x17, 0xfa, 0x40, 0x19, 0xbf, 0xd2, 0x15, 0xff,
    0x53, 0xba, 0xbf, 0xe3, 0x0, 0x47, 0xff, 0xe6,
    0x0, 0xc7, 0x3b, 0xfe, 0xd9, 0x20, 0xf, 0x9f,
    0x88, 0x3, 0xf8, 0xff, 0xd6, 0x60, 0x1f, 0x84,
    0x97, 0x7c, 0xc0, 0x3f, 0xcb, 0xec, 0x1, 0xe1,
    0xea, 0x8d, 0xf3, 0x0, 0xf0, 0xcf, 0x7e, 0x20,
    0x6,

    /* U+0160 "Š" */
    0x0, 0x9a, 0xc, 0x2, 0x38, 0x60, 0xf, 0x17,
    0x70, 0x80, 0x7b, 0xcc, 0x3, 0xe3, 0xfd, 0x1c,
    0xf3, 0x0, 0xfe, 0x3f, 0xf8, 0xc0, 0x3f, 0xe3,
    0xe4, 0x0, 0xff, 0xee, 0x25, 0x77, 0xf6, 0x30,
    0x7, 0xd7, 0xff, 0xf6, 0x90, 0x6, 0xbf, 0xfb,
    0xaf, 0x7f, 0xee, 0x10, 0x2, 0x7f, 0xca, 0x1,
    0x1e, 0xff, 0xa0, 0x1, 0x1f, 0xe9, 0x0, 0xe1,
    0xd6, 0x0, 0xa7, 0xfc, 0xe0, 0x1f, 0xf3, 0xff,
    0xac, 0x3, 0xfe, 0x2f, 0xfa, 0x84, 0x3, 0xfd,
    0x1f, 0xfa, 0x4c, 0x3, 0xf9, 0xbf, 0xfb, 0x14,
    0x3, 0xf0, 0xcf, 0xff, 0x69, 0x80, 0x7f, 0x36,
    0xff, 0xe5, 0x0, 0xff, 0x26, 0xff, 0xc4, 0x1,
    0xff, 0x67, 0xfa, 0x5, 0x64, 0x40, 0x3e, 0x5f,
    0xf5, 0xef, 0xf9, 0x80, 0x3e, 0x4f, 0xf5, 0xc7,
    0xfb, 0x84, 0x3, 0xd5, 0xfe, 0x81, 0xff, 0xb5,
    0x0, 0x34, 0x7f, 0xc4, 0xb, 0xff, 0xbb, 0x31,
    0xff, 0xa0, 0x2, 0x4e, 0xff, 0xfd, 0x0, 0x1e,
    0x6b, 0xef, 0xed, 0x82, 0x0, 0x80,

    /* U+0161 "š" */
    0x0, 0x17, 0x79, 0x80, 0xf, 0xf8, 0x80, 0x31,
    0xff, 0x11, 0x3b, 0x86, 0x1, 0xe3, 0xfe, 0xe7,
    0x98, 0x7, 0xe4, 0xff, 0x18, 0x7, 0xf9, 0x10,
    0x1, 0xff, 0xc9, 0x29, 0xdf, 0xec, 0x71, 0x0,
    0xcb, 0xff, 0xf7, 0x18, 0x0, 0x7f, 0xe8, 0x55,
    0x57, 0xfb, 0x80, 0xb, 0xfe, 0x70, 0xc, 0x7c,
    0x80, 0x5, 0xff, 0x40, 0x7, 0xf1, 0x7f, 0xd6,
    0xc4, 0x1, 0xf3, 0xff, 0xf6, 0xc1, 0x0, 0x71,
    0xd7, 0xff, 0x9c, 0x3, 0xe5, 0x9e, 0xff, 0x90,
    0x3, 0xfa, 0xbf, 0xd4, 0x0, 0x82, 0x0, 0xe2,
    0xff, 0x58, 0x5f, 0xe9, 0x0, 0x66, 0xff, 0x48,
    0x57, 0xfd, 0x4e, 0xea, 0xff, 0x8c, 0x1, 0x1f,
    0xff, 0x98, 0x3, 0x1c, 0xef, 0xfb, 0x64, 0x80,
    0x0,

    /* U+0162 "Ţ" */
    0x9f, 0xff, 0xfe, 0x21, 0x4f, 0xff, 0xff, 0x10,
    0x9a, 0xef, 0xdd, 0xfe, 0xdb, 0xbf, 0x8, 0x7,
    0xd7, 0xfe, 0x50, 0xf, 0xfe, 0x15, 0xff, 0x94,
    0x3, 0xff, 0x85, 0x7f, 0xe5, 0x0, 0xff, 0xe1,
    0x5f, 0xf9, 0x40, 0x3f, 0xf8, 0x57, 0xfe, 0x50,
    0xf, 0xfe, 0x15, 0xff, 0x94, 0x3, 0xff, 0x85,
    0x7f, 0xe5, 0x0, 0xff, 0xe1, 0x5f, 0xf9, 0x40,
    0x3f, 0xf8, 0x57, 0xfe, 0x50, 0xf, 0xfe, 0x15,
    0xff, 0x94, 0x3, 0xff, 0x85, 0x7f, 0xe5, 0x0,
    0xff, 0xe1, 0x5f, 0xf9, 0x40, 0x3f, 0xf8, 0x57,
    0xfe, 0x50, 0xf, 0xfe, 0x15, 0xff, 0x94, 0x3,
    0xff, 0x85, 0x7f, 0xe5, 0x0, 0xff, 0xe1, 0x5f,
    0xf9, 0x40, 0x3f, 0xf8, 0x57, 0xfe, 0x50, 0xf,
    0xfe, 0x15, 0xff, 0x94, 0x3, 0xff, 0x85, 0x1c,
    0x40, 0x1f, 0xfc, 0x24, 0xfd, 0x71, 0x0, 0xff,
    0xe0, 0x9a, 0xcf, 0xe8, 0x7, 0xff, 0x12, 0x3c,
    0xc0, 0x3f, 0xe3, 0xe9, 0x8e, 0xe0, 0x80, 0x7f,
    0xc5, 0x7f, 0xec, 0x30, 0xf, 0x80,

    /* U+0163 "ţ" */
    0x0, 0xe1, 0x10, 0x7, 0xcf, 0xe6, 0x1, 0xeb,
    0xff, 0x18, 0x7, 0xb3, 0xfc, 0x60, 0x1e, 0xcf,
    0xf1, 0x80, 0x7b, 0x3f, 0xc6, 0x1, 0x5f, 0xff,
    0xe9, 0xbf, 0xff, 0xd2, 0x68, 0x8f, 0xf9, 0xd1,
    0x4, 0x1, 0x67, 0xf8, 0xc0, 0x3d, 0x9f, 0xe3,
    0x0, 0xf6, 0x7f, 0x8c, 0x3, 0xd9, 0xfe, 0x30,
    0xf, 0x67, 0xf8, 0xc0, 0x3d, 0x9f, 0xe3, 0x0,
    0xf6, 0x7f, 0x8c, 0x3, 0xd9, 0xfe, 0x30, 0xf,
    0x5f, 0xf9, 0xc0, 0x3d, 0x1f, 0xf4, 0x3a, 0x80,
    0x43, 0xdf, 0xfa, 0x40, 0x31, 0x7f, 0xda, 0xc0,
    0x19, 0x7c, 0xc0, 0x3c, 0x3d, 0xf6, 0xa0, 0x1e,
    0x25, 0xcf, 0x50, 0xf, 0x8b, 0xe0, 0x3, 0x6d,
    0xc6, 0x7a, 0x0, 0x68, 0xef, 0xd6, 0x0, 0x0,

    /* U+0164 "Ť" */
    0x0, 0xcb, 0xfa, 0x20, 0x6, 0xfc, 0x0, 0xff,
    0x37, 0xe8, 0xb7, 0xe8, 0x80, 0x7f, 0xcd, 0xfb,
    0xfa, 0x20, 0x1f, 0xfc, 0x17, 0xfd, 0x10, 0xf,
    0xfe, 0x1b, 0x8, 0x7, 0xff, 0x3a, 0x7f, 0xff,
    0xf8, 0x85, 0x3f, 0xff, 0xfc, 0x42, 0x6b, 0xbf,
    0x77, 0xfb, 0x6e, 0xfc, 0x20, 0x1f, 0x5f, 0xf9,
    0x40, 0x3f, 0xf8, 0x57, 0xfe, 0x50, 0xf, 0xfe,
    0x15, 0xff, 0x94, 0x3, 0xff, 0x85, 0x7f, 0xe5,
    0x0, 0xff, 0xe1, 0x5f, 0xf9, 0x40, 0x3f, 0xf8,
    0x57, 0xfe, 0x50, 0xf, 0xfe, 0x15, 0xff, 0x94,
    0x3, 0xff, 0x85, 0x7f, 0xe5, 0x0, 0xff, 0xe1,
    0x5f, 0xf9, 0x40, 0x3f, 0xf8, 0x57, 0xfe, 0x50,
    0xf, 0xfe, 0x15, 0xff, 0x94, 0x3, 0xff, 0x85,
    0x7f, 0xe5, 0x0, 0xff, 0xe1, 0x5f, 0xf9, 0x40,
    0x3f, 0xf8, 0x57, 0xfe, 0x50, 0xf, 0xfe, 0x15,
    0xff, 0x94, 0x3, 0xff, 0x85, 0x7f, 0xe5, 0x0,
    0xff, 0xe1, 0x5f, 0xf9, 0x40, 0x3f, 0xf8, 0x57,
    0xfe, 0x50, 0xf, 0x80,

    /* U+0165 "ť" */
    0x0, 0xfe, 0x48, 0x81, 0x80, 0x7f, 0x67, 0xf8,
    0x40, 0x3f, 0xf, 0xfa, 0x0, 0x39, 0xf8, 0xc1,
    0xbf, 0xc2, 0x1, 0xaf, 0xfc, 0x61, 0x5f, 0x0,
    0x1d, 0x9f, 0xe3, 0xe, 0xf1, 0x0, 0xec, 0xff,
    0x18, 0xc2, 0x80, 0x7b, 0x3f, 0xc6, 0x1, 0xeb,
    0xff, 0xfd, 0x20, 0x15, 0xff, 0xfe, 0x90, 0x8,
    0xd1, 0x1f, 0xf3, 0xa2, 0x8, 0x3, 0xd9, 0xfe,
    0x30, 0xf, 0xec, 0xff, 0x18, 0x7, 0xf6, 0x7f,
    0x8c, 0x3, 0xfb, 0x3f, 0xc6, 0x1, 0xfd, 0x9f,
    0xe3, 0x0, 0xfe, 0xcf, 0xf1, 0x80, 0x7f, 0x67,
    0xf8, 0xc0, 0x3f, 0xb3, 0xfc, 0x60, 0x1f, 0xd7,
    0xfe, 0x70, 0xf, 0xe7, 0xff, 0xa1, 0xd4, 0x3,
    0xc3, 0xdf, 0xfa, 0x40, 0x3e, 0x2a, 0xef, 0xd5,
    0x0, 0x80,

    /* U+0166 "Ŧ" */
    0x9f, 0xff, 0xfe, 0x21, 0x4f, 0xff, 0xff, 0x10,
    0x9a, 0xef, 0xdd, 0xfe, 0xdb, 0xbf, 0x8, 0x7,
    0xd7, 0xfe, 0x50, 0xf, 0xfe, 0x15, 0xff, 0x94,
    0x3, 0xff, 0x85, 0x7f, 0xe5, 0x0, 0xff, 0xe1,
    0x5f, 0xf9, 0x40, 0x3f, 0xf8, 0x57, 0xfe, 0x50,
    0xf, 0xfe, 0x15, 0xff, 0x94, 0x3, 0xff, 0x85,
    0x7f, 0xe5, 0x0, 0xff, 0xaf, 0xff, 0xf2, 0x0,
    0x7e, 0xbf, 0xff, 0xc8, 0x1, 0xff, 0x5f, 0xf9,
    0x40, 0x3f, 0xf8, 0x57, 0xfe, 0x50, 0xf, 0xfe,
    0x15, 0xff, 0x94, 0x3, 0xff, 0x85, 0x7f, 0xe5,
    0x0, 0xff, 0xe1, 0x5f, 0xf9, 0x40, 0x3f, 0xf8,
    0x57, 0xfe, 0x50, 0xf, 0xfe, 0x15, 0xff, 0x94,
    0x3, 0xff, 0x85, 0x7f, 0xe5, 0x0, 0xff, 0xe1,
    0x5f, 0xf9, 0x40, 0x3e,

    /* U+0167 "ŧ" */
    0x0, 0xf1, 0x0, 0x7c, 0x9b, 0x20, 0x1e, 0x6f,
    0xf4, 0x80, 0x79, 0xff, 0xd2, 0x1, 0xe7, 0xff,
    0x48, 0x7, 0x9f, 0xfd, 0x20, 0x13, 0x7f, 0xfe,
    0xe6, 0xff, 0xfd, 0xc2, 0x88, 0xbf, 0xf6, 0xa2,
    0x40, 0x13, 0xff, 0xa4, 0x3, 0xcf, 0xfe, 0x90,
    0xf, 0x3f, 0xfa, 0x40, 0x25, 0xff, 0xfd, 0xcd,
    0xff, 0xfb, 0x80, 0x27, 0xff, 0x48, 0x7, 0x9f,
    0xfd, 0x20, 0x1e, 0x6f, 0xf4, 0x80, 0x79, 0x7f,
    0xd8, 0x1, 0xe2, 0xff, 0xa9, 0xe0, 0x3, 0x5f,
    0xfe, 0xe0, 0xe, 0x8d, 0xfe, 0xa0,

    /* U+0168 "Ũ" */
    0x0, 0xc7, 0x30, 0x20, 0x15, 0x38, 0x7, 0x8f,
    0xfe, 0xe1, 0x2, 0xf9, 0x0, 0xf5, 0xf9, 0x2f,
    0xe8, 0xcf, 0xa8, 0x7, 0xbf, 0x0, 0xd, 0xff,
    0x68, 0x7, 0xd2, 0xc0, 0x11, 0xc3, 0x88, 0x7,
    0xff, 0x23, 0xfe, 0x10, 0xf, 0xcd, 0xfe, 0x9f,
    0xf8, 0x40, 0x3f, 0x37, 0xfa, 0x7f, 0xe1, 0x0,
    0xfc, 0xdf, 0xe9, 0xff, 0x84, 0x3, 0xf3, 0x7f,
    0xa7, 0xfe, 0x10, 0xf, 0xcd, 0xfe, 0x9f, 0xf8,
    0x40, 0x3f, 0x37, 0xfa, 0x7f, 0xe1, 0x0, 0xfc,
    0xdf, 0xe9, 0xff, 0x84, 0x3, 0xf3, 0x7f, 0xa7,
    0xfe, 0x10, 0xf, 0xcd, 0xfe, 0x9f, 0xf8, 0x40,
    0x3f, 0x37, 0xfa, 0x7f, 0xe1, 0x0, 0xfc, 0xdf,
    0xe9, 0xff, 0x84, 0x3, 0xf3, 0x7f, 0xa7, 0xfe,
    0x10, 0xf, 0xcd, 0xfe, 0x9e, 0xff, 0x10, 0x7,
    0xe7, 0xff, 0x4e, 0xff, 0x8c, 0x3, 0xf4, 0xff,
    0xa2, 0xff, 0xce, 0x1, 0xfb, 0x7f, 0xca, 0xff,
    0xee, 0x0, 0xf9, 0x3f, 0xe1, 0x17, 0xfd, 0x86,
    0x1, 0x9b, 0xfe, 0xa0, 0x3, 0x7f, 0xee, 0xdd,
    0x7f, 0xee, 0x10, 0x9, 0xbf, 0xff, 0xb4, 0x80,
    0x38, 0x5f, 0x3b, 0xfd, 0xb4, 0xa0, 0x18,

    /* U+0169 "ũ" */
    0x0, 0x97, 0xbe, 0x80, 0x2c, 0xf0, 0xc, 0x5f,
    0xee, 0xfd, 0x11, 0x7e, 0x80, 0x69, 0xf4, 0xa,
    0xff, 0x77, 0xb8, 0x6, 0xbf, 0x0, 0xa3, 0xbe,
    0x40, 0x3f, 0xfa, 0x65, 0xfe, 0xc0, 0xf, 0x37,
    0xf9, 0xcb, 0xfd, 0x80, 0x1e, 0x6f, 0xf3, 0x97,
    0xfb, 0x0, 0x3c, 0xdf, 0xe7, 0x2f, 0xf6, 0x0,
    0x79, 0xbf, 0xce, 0x5f, 0xec, 0x0, 0xf3, 0x7f,
    0x9c, 0xbf, 0xd8, 0x1, 0xe6, 0xff, 0x39, 0x7f,
    0xb0, 0x3, 0xcd, 0xfe, 0x72, 0xff, 0x60, 0x7,
    0x9f, 0xfc, 0xe5, 0xfe, 0xc0, 0xf, 0x47, 0xf9,
    0xc7, 0xfd, 0xc0, 0x1e, 0xbf, 0xf3, 0x87, 0xfc,
    0x20, 0x18, 0x7f, 0xe7, 0xd, 0xff, 0x50, 0x6,
    0xbf, 0xf9, 0xc1, 0xbf, 0xed, 0x9a, 0xef, 0xfc,
    0xe0, 0xb, 0xff, 0xf6, 0xc7, 0xf9, 0xc0, 0x26,
    0xce, 0xfc, 0x70, 0x6f, 0xf3, 0x80,

    /* U+016A "Ū" */
    0x0, 0x8f, 0x33, 0xeb, 0x0, 0xf9, 0x3f, 0xfe,
    0xe0, 0xf, 0xff, 0x47, 0xfc, 0x20, 0x1f, 0x9b,
    0xfd, 0x3f, 0xf0, 0x80, 0x7e, 0x6f, 0xf4, 0xff,
    0xc2, 0x1, 0xf9, 0xbf, 0xd3, 0xff, 0x8, 0x7,
    0xe6, 0xff, 0x4f, 0xfc, 0x20, 0x1f, 0x9b, 0xfd,
    0x3f, 0xf0, 0x80, 0x7e, 0x6f, 0xf4, 0xff, 0xc2,
    0x1, 0xf9, 0xbf, 0xd3, 0xff, 0x8, 0x7, 0xe6,
    0xff, 0x4f, 0xfc, 0x20, 0x1f, 0x9b, 0xfd, 0x3f,
    0xf0, 0x80, 0x7e, 0x6f, 0xf4, 0xff, 0xc2, 0x1,
    0xf9, 0xbf, 0xd3, 0xff, 0x8, 0x7, 0xe6, 0xff,
    0x4f, 0xfc, 0x20, 0x1f, 0x9b, 0xfd, 0x3d, 0xfe,
    0x20, 0xf, 0xcf, 0xfe, 0x9d, 0xff, 0x18, 0x7,
    0xe9, 0xff, 0x45, 0xff, 0x9c, 0x3, 0xf6, 0xff,
    0x95, 0xff, 0xdc, 0x1, 0xf2, 0x7f, 0xc2, 0x2f,
    0xfb, 0xc, 0x3, 0x37, 0xfd, 0x40, 0x6, 0xff,
    0xdd, 0xba, 0xff, 0xdc, 0x20, 0x13, 0x7f, 0xff,
    0x69, 0x0, 0x70, 0xbe, 0x77, 0xfb, 0x69, 0x40,
    0x30,

    /* U+016B "ū" */
    0x0, 0xbf, 0xff, 0x18, 0x7, 0x5e, 0x67, 0xc4,
    0x1, 0xff, 0xd2, 0x2f, 0xf6, 0x0, 0x79, 0xbf,
    0xce, 0x5f, 0xec, 0x0, 0xf3, 0x7f, 0x9c, 0xbf,
    0xd8, 0x1, 0xe6, 0xff, 0x39, 0x7f, 0xb0, 0x3,
    0xcd, 0xfe, 0x72, 0xff, 0x60, 0x7, 0x9b, 0xfc,
    0xe5, 0xfe, 0xc0, 0xf, 0x37, 0xf9, 0xcb, 0xfd,
    0x80, 0x1e, 0x6f, 0xf3, 0x97, 0xfb, 0x0, 0x3c,
    0xff, 0xe7, 0x2f, 0xf6, 0x0, 0x7a, 0x3f, 0xce,
    0x3f, 0xee, 0x0, 0xf5, 0xff, 0x9c, 0x3f, 0xe1,
    0x0, 0xc3, 0xff, 0x38, 0x6f, 0xfa, 0x80, 0x35,
    0xff, 0xce, 0xd, 0xff, 0x6c, 0xd7, 0x7f, 0xe7,
    0x0, 0x5f, 0xff, 0xb6, 0x3f, 0xce, 0x1, 0x36,
    0x77, 0xe3, 0x83, 0x7f, 0x9c,

    /* U+016C "Ŭ" */
    0x0, 0x96, 0xc, 0x3, 0x2c, 0x18, 0x7, 0xab,
    0xe0, 0x3, 0x67, 0xa8, 0x7, 0x97, 0xfc, 0xa0,
    0x31, 0xfe, 0x10, 0xf, 0xaf, 0xff, 0xce, 0x1,
    0xfc, 0xb5, 0x76, 0x93, 0x0, 0xff, 0xe4, 0xff,
    0xc2, 0x1, 0xf9, 0xbf, 0xd3, 0xff, 0x8, 0x7,
    0xe6, 0xff, 0x4f, 0xfc, 0x20, 0x1f, 0x9b, 0xfd,
    0x3f, 0xf0, 0x80, 0x7e, 0x6f, 0xf4, 0xff, 0xc2,
    0x1, 0xf9, 0xbf, 0xd3, 0xff, 0x8, 0x7, 0xe6,
    0xff, 0x4f, 0xfc, 0x20, 0x1f, 0x9b, 0xfd, 0x3f,
    0xf0, 0x80, 0x7e, 0x6f, 0xf4, 0xff, 0xc2, 0x1,
    0xf9, 0xbf, 0xd3, 0xff, 0x8, 0x7, 0xe6, 0xff,
    0x4f, 0xfc, 0x20, 0x1f, 0x9b, 0xfd, 0x3f, 0xf0,
    0x80, 0x7e, 0x6f, 0xf4, 0xff, 0xc2, 0x1, 0xf9,
    0xbf, 0xd3, 0xdf, 0xe2, 0x0, 0xfc, 0xff, 0xe9,
    0xdf, 0xf1, 0x80, 0x7e, 0x9f, 0xf4, 0x5f, 0xf9,
    0xc0, 0x3f, 0x6f, 0xf9, 0x5f, 0xfd, 0xc0, 0x1f,
    0x27, 0xfc, 0x22, 0xff, 0xb0, 0xc0, 0x33, 0x7f,
    0xd4, 0x0, 0x6f, 0xfd, 0xdb, 0xaf, 0xfd, 0xc2,
    0x1, 0x37, 0xff, 0xf6, 0x90, 0x7, 0xb, 0xe7,
    0x7f, 0xb6, 0x94, 0x3, 0x0,

    /* U+016D "ŭ" */
    0x0, 0x37, 0xc0, 0x6, 0x3f, 0xb0, 0xc, 0x7f,
    0xc4, 0x1, 0x57, 0xc0, 0x7, 0x5f, 0xfb, 0x31,
    0xdf, 0xc2, 0x1, 0xe8, 0xdf, 0xf7, 0x51, 0x0,
    0x7f, 0xf4, 0xcb, 0xfd, 0x80, 0x1e, 0x6f, 0xf3,
    0x97, 0xfb, 0x0, 0x3c, 0xdf, 0xe7, 0x2f, 0xf6,
    0x0, 0x79, 0xbf, 0xce, 0x5f, 0xec, 0x0, 0xf3,
    0x7f, 0x9c, 0xbf, 0xd8, 0x1, 0xe6, 0xff, 0x39,
    0x7f, 0xb0, 0x3, 0xcd, 0xfe, 0x72, 0xff, 0x60,
    0x7, 0x9b, 0xfc, 0xe5, 0xfe, 0xc0, 0xf, 0x3f,
    0xf9, 0xcb, 0xfd, 0x80, 0x1e, 0x8f, 0xf3, 0x8f,
    0xfb, 0x80, 0x3d, 0x7f, 0xe7, 0xf, 0xf8, 0x40,
    0x30, 0xff, 0xce, 0x1b, 0xfe, 0xa0, 0xd, 0x7f,
    0xf3, 0x83, 0x7f, 0xdb, 0x35, 0xdf, 0xf9, 0xc0,
    0x17, 0xff, 0xed, 0x8f, 0xf3, 0x80, 0x4d, 0x9d,
    0xf8, 0xe0, 0xdf, 0xe7,

    /* U+016E "Ů" */
    0x0, 0xf4, 0xff, 0x38, 0x7, 0xfd, 0x7f, 0x79,
    0xee, 0x1, 0xfc, 0x7f, 0x0, 0xc, 0xe0, 0xf,
    0xe4, 0xf5, 0x0, 0x4f, 0x80, 0x7f, 0xf, 0xe0,
    0x9f, 0x60, 0x7, 0xf9, 0xff, 0xf1, 0x80, 0x77,
    0xfc, 0x20, 0x3, 0x87, 0x20, 0x3, 0x7f, 0xa7,
    0xfe, 0x10, 0xf, 0xcd, 0xfe, 0x9f, 0xf8, 0x40,
    0x3f, 0x37, 0xfa, 0x7f, 0xe1, 0x0, 0xfc, 0xdf,
    0xe9, 0xff, 0x84, 0x3, 0xf3, 0x7f, 0xa7, 0xfe,
    0x10, 0xf, 0xcd, 0xfe, 0x9f, 0xf8, 0x40, 0x3f,
    0x37, 0xfa, 0x7f, 0xe1, 0x0, 0xfc, 0xdf, 0xe9,
    0xff, 0x84, 0x3, 0xf3, 0x7f, 0xa7, 0xfe, 0x10,
    0xf, 0xcd, 0xfe, 0x9f, 0xf8, 0x40, 0x3f, 0x37,
    0xfa, 0x7f, 0xe1, 0x0, 0xfc, 0xdf, 0xe9, 0xff,
    0x84, 0x3, 0xf3, 0x7f, 0xa7, 0xbf, 0xc4, 0x1,
    0xf9, 0xff, 0xd3, 0xbf, 0xe3, 0x0, 0xfd, 0x3f,
    0xe8, 0xbf, 0xf3, 0x80, 0x7e, 0xdf, 0xf2, 0xbf,
    0xfb, 0x80, 0x3e, 0x4f, 0xf8, 0x45, 0xff, 0x61,
    0x80, 0x66, 0xff, 0xa8, 0x0, 0xdf, 0xfb, 0xb7,
    0x5f, 0xfb, 0x84, 0x2, 0x6f, 0xff, 0xed, 0x20,
    0xe, 0x17, 0xce, 0xff, 0x6d, 0x28, 0x6,

    /* U+016F "ů" */
    0x0, 0xe1, 0x78, 0x40, 0xf, 0xe3, 0xff, 0xce,
    0x1, 0xfb, 0x38, 0xc6, 0xfc, 0x40, 0x3e, 0xf9,
    0x0, 0x27, 0xa0, 0x7, 0xdd, 0x80, 0x7, 0xf3,
    0x0, 0xf9, 0xff, 0x2b, 0xf0, 0x3, 0xf9, 0xfb,
    0xe8, 0x40, 0x3f, 0xf8, 0xc5, 0xfe, 0xc0, 0xf,
    0x37, 0xf9, 0xcb, 0xfd, 0x80, 0x1e, 0x6f, 0xf3,
    0x97, 0xfb, 0x0, 0x3c, 0xdf, 0xe7, 0x2f, 0xf6,
    0x0, 0x79, 0xbf, 0xce, 0x5f, 0xec, 0x0, 0xf3,
    0x7f, 0x9c, 0xbf, 0xd8, 0x1, 0xe6, 0xff, 0x39,
    0x7f, 0xb0, 0x3, 0xcd, 0xfe, 0x72, 0xff, 0x60,
    0x7, 0x9f, 0xfc, 0xe5, 0xfe, 0xc0, 0xf, 0x47,
    0xf9, 0xc7, 0xfd, 0xc0, 0x1e, 0xbf, 0xf3, 0x87,
    0xfc, 0x20, 0x18, 0x7f, 0xe7, 0xd, 0xff, 0x50,
    0x6, 0xbf, 0xf9, 0xc1, 0xbf, 0xed, 0x9a, 0xef,
    0xfc, 0xe0, 0xb, 0xff, 0xf6, 0xc7, 0xf9, 0xc0,
    0x26, 0xce, 0xfc, 0x70, 0x6f, 0xf3, 0x80,

    /* U+0170 "Ű" */
    0x0, 0xf0, 0xf7, 0xc8, 0x2, 0x3f, 0xce, 0x1,
    0xeb, 0xfc, 0x0, 0x27, 0xfa, 0x40, 0x3c, 0xdf,
    0xc2, 0x3, 0xdf, 0x40, 0x1e, 0x2f, 0xf1, 0x80,
    0x2b, 0xf0, 0x3, 0xe8, 0xb5, 0x0, 0x1d, 0xd0,
    0x7, 0xff, 0x23, 0xfe, 0x10, 0xf, 0xcd, 0xfe,
    0x9f, 0xf8, 0x40, 0x3f, 0x37, 0xfa, 0x7f, 0xe1,
    0x0, 0xfc, 0xdf, 0xe9, 0xff, 0x84, 0x3, 0xf3,
    0x7f, 0xa7, 0xfe, 0x10, 0xf, 0xcd, 0xfe, 0x9f,
    0xf8, 0x40, 0x3f, 0x37, 0xfa, 0x7f, 0xe1, 0x0,
    0xfc, 0xdf, 0xe9, 0xff, 0x84, 0x3, 0xf3, 0x7f,
    0xa7, 0xfe, 0x10, 0xf, 0xcd, 0xfe, 0x9f, 0xf8,
    0x40, 0x3f, 0x37, 0xfa, 0x7f, 0xe1, 0x0, 0xfc,
    0xdf, 0xe9, 0xff, 0x84, 0x3, 0xf3, 0x7f, 0xa7,
    0xfe, 0x10, 0xf, 0xcd, 0xfe, 0x9e, 0xff, 0x10,
    0x7, 0xe7, 0xff, 0x4e, 0xff, 0x8c, 0x3, 0xf4,
    0xff, 0xa2, 0xff, 0xce, 0x1, 0xfb, 0x7f, 0xca,
    0xff, 0xee, 0x0, 0xf9, 0x3f, 0xe1, 0x17, 0xfd,
    0x86, 0x1, 0x9b, 0xfe, 0xa0, 0x3, 0x7f, 0xee,
    0xdd, 0x7f, 0xee, 0x10, 0x9, 0xbf, 0xff, 0xb4,
    0x80, 0x38, 0x5f, 0x3b, 0xfd, 0xb4, 0xa0, 0x18,

    /* U+0171 "ű" */
    0x0, 0xf5, 0xfe, 0x80, 0x13, 0xfd, 0x80, 0x1e,
    0x6f, 0xf1, 0x0, 0xf7, 0xe8, 0x7, 0x8b, 0xfc,
    0x80, 0xa, 0xfd, 0x10, 0xf, 0x67, 0xb8, 0x1,
    0x7f, 0x88, 0x3, 0xcb, 0x72, 0x1, 0x55, 0x98,
    0x7, 0xff, 0x20, 0xbf, 0xd8, 0x1, 0xe6, 0xff,
    0x38, 0x0, 0xbf, 0xd8, 0x1, 0xe6, 0xff, 0x38,
    0x0, 0xbf, 0xd8, 0x1, 0xe6, 0xff, 0x38, 0x0,
    0xbf, 0xd8, 0x1, 0xe6, 0xff, 0x38, 0x0, 0xbf,
    0xd8, 0x1, 0xe6, 0xff, 0x38, 0x0, 0xbf, 0xd8,
    0x1, 0xe6, 0xff, 0x38, 0x0, 0xbf, 0xd8, 0x1,
    0xe6, 0xff, 0x38, 0x0, 0xbf, 0xd8, 0x1, 0xe7,
    0xff, 0x38, 0x0, 0xbf, 0xd8, 0x1, 0xe8, 0xff,
    0x38, 0x0, 0x7f, 0xdc, 0x1, 0xeb, 0xff, 0x38,
    0x5, 0xff, 0x8, 0x6, 0x1f, 0xf9, 0xc0, 0x2d,
    0xff, 0x50, 0x6, 0xbf, 0xf9, 0xc0, 0x26, 0xff,
    0xb6, 0x6b, 0xbf, 0xf3, 0x80, 0x6b, 0xff, 0xf6,
    0xc7, 0xf9, 0xc0, 0x39, 0xb3, 0xbf, 0x1c, 0x1b,
    0xfc, 0xe0, 0x0,

    /* U+0172 "Ų" */
    0xff, 0x84, 0x3, 0xf3, 0x7f, 0xa7, 0xfe, 0x10,
    0xf, 0xcd, 0xfe, 0x9f, 0xf8, 0x40, 0x3f, 0x37,
    0xfa, 0x7f, 0xe1, 0x0, 0xfc, 0xdf, 0xe9, 0xff,
    0x84, 0x3, 0xf3, 0x7f, 0xa7, 0xfe, 0x10, 0xf,
    0xcd, 0xfe, 0x9f, 0xf8, 0x40, 0x3f, 0x37, 0xfa,
    0x7f, 0xe1, 0x0, 0xfc, 0xdf, 0xe9, 0xff, 0x84,
    0x3, 0xf3, 0x7f, 0xa7, 0xfe, 0x10, 0xf, 0xcd,
    0xfe, 0x9f, 0xf8, 0x40, 0x3f, 0x37, 0xfa, 0x7f,
    0xe1, 0x0, 0xfc, 0xdf, 0xe9, 0xff, 0x84, 0x3,
    0xf3, 0x7f, 0xa7, 0xbf, 0xc4, 0x1, 0xf9, 0xff,
    0xd3, 0xbf, 0xe3, 0x0, 0xfd, 0x3f, 0xe8, 0xbf,
    0xf3, 0x80, 0x7e, 0xdf, 0xf2, 0xbf, 0xfb, 0x80,
    0x3e, 0x4f, 0xf8, 0x45, 0xff, 0x61, 0x80, 0x66,
    0xff, 0xa8, 0x0, 0xdf, 0xfb, 0xb7, 0x5f, 0xfb,
    0x84, 0x2, 0x6f, 0xff, 0xed, 0x20, 0xe, 0x17,
    0xce, 0xff, 0xa9, 0x40, 0x3f, 0xc9, 0xf6, 0x20,
    0x1f, 0xf1, 0x7e, 0x0, 0x7f, 0xf0, 0x63, 0xcc,
    0x3, 0xff, 0x83, 0x3e, 0x60, 0x2c, 0x1, 0xfe,
    0x5f, 0xea, 0xff, 0x10, 0x7, 0xf9, 0xb7, 0xf1,
    0x0, 0x38,

    /* U+0173 "ų" */
    0x2f, 0xf6, 0x0, 0x79, 0xbf, 0xce, 0x5, 0xfe,
    0xc0, 0xf, 0x37, 0xf9, 0xc0, 0xbf, 0xd8, 0x1,
    0xe6, 0xff, 0x38, 0x17, 0xfb, 0x0, 0x3c, 0xdf,
    0xe7, 0x2, 0xff, 0x60, 0x7, 0x9b, 0xfc, 0xe0,
    0x5f, 0xec, 0x0, 0xf3, 0x7f, 0x9c, 0xb, 0xfd,
    0x80, 0x1e, 0x6f, 0xf3, 0x81, 0x7f, 0xb0, 0x3,
    0xcf, 0xfe, 0x70, 0x2f, 0xf6, 0x0, 0x7a, 0x3f,
    0xce, 0x3, 0xfe, 0xe0, 0xf, 0x5f, 0xf9, 0xc0,
    0x1f, 0xf0, 0x80, 0x61, 0xff, 0x9c, 0x1, 0xbf,
    0xea, 0x0, 0xd7, 0xff, 0x38, 0x1, 0xbf, 0xed,
    0x9a, 0xef, 0xfc, 0xe0, 0x15, 0xff, 0xfb, 0x63,
    0xfc, 0xe0, 0x19, 0xb3, 0xbf, 0x1c, 0x1b, 0xfc,
    0xe0, 0x1f, 0xf4, 0xfc, 0x0, 0x7f, 0xd5, 0xe8,
    0x1, 0xff, 0x1f, 0xc0, 0x7, 0xff, 0x1, 0x7d,
    0xc0, 0xc, 0x1, 0xfc, 0x5f, 0xea, 0xef, 0x50,
    0xf, 0xe4, 0xdf, 0xd7, 0x0,

    /* U+0174 "Ŵ" */
    0x0, 0xff, 0xe1, 0x18, 0x7, 0xff, 0x3d, 0xfd,
    0x40, 0x3f, 0xf9, 0xab, 0xff, 0x20, 0x7, 0xff,
    0x2d, 0x3f, 0x97, 0xfc, 0x60, 0x1f, 0xfc, 0x93,
    0xff, 0x18, 0x27, 0xf1, 0x0, 0x7f, 0xf2, 0x1e,
    0x10, 0x2, 0x48, 0x60, 0xf, 0xfe, 0xda, 0x7f,
    0xb8, 0x3, 0xff, 0x93, 0xff, 0x18, 0x7f, 0xc6,
    0x1, 0xf1, 0x6e, 0xb0, 0x40, 0x3e, 0x4f, 0xf7,
    0x0, 0x2b, 0xfc, 0xe0, 0x1f, 0x3f, 0xfc, 0xa0,
    0x1f, 0x4f, 0xfa, 0x40, 0xd, 0xfe, 0xc0, 0xf,
    0xaf, 0xfe, 0xa0, 0xf, 0xb7, 0xfc, 0xa0, 0x1,
    0xff, 0x84, 0x3, 0xdf, 0xfc, 0x1, 0xe2, 0xff,
    0x80, 0x36, 0x7f, 0x94, 0x3, 0x97, 0xff, 0x90,
    0x3, 0x9b, 0xfd, 0x60, 0x19, 0xff, 0xd4, 0x1,
    0xd5, 0xfe, 0x7f, 0xf4, 0x80, 0x75, 0xff, 0x98,
    0x3, 0x1f, 0xfb, 0x80, 0x3b, 0xbf, 0x83, 0xfd,
    0xa0, 0x1d, 0xff, 0x10, 0x7, 0x77, 0xf8, 0xc0,
    0x23, 0xff, 0x48, 0x57, 0xf8, 0x80, 0x24, 0xff,
    0x68, 0x7, 0xa7, 0xfc, 0xe0, 0x14, 0x7f, 0x90,
    0x17, 0xfc, 0xe0, 0x14, 0xff, 0xa0, 0x3, 0xcb,
    0xfe, 0xc0, 0xb, 0x7f, 0xc0, 0x1, 0xff, 0x60,
    0x5, 0xbf, 0xe4, 0x0, 0xfb, 0xfe, 0x10, 0x1f,
    0xf5, 0x80, 0x57, 0xfe, 0x10, 0x2f, 0xf8, 0x3,
    0xf5, 0xff, 0x94, 0x1b, 0xfc, 0xc0, 0x13, 0x7f,
    0x94, 0x1b, 0xfd, 0x40, 0x1f, 0x9b, 0xfd, 0x41,
    0x7f, 0xe1, 0x0, 0x8b, 0xfd, 0x41, 0x7f, 0xe5,
    0x0, 0xfc, 0x5f, 0xee, 0xf, 0xf6, 0x0, 0x76,
    0xff, 0x7, 0xfc, 0x20, 0x1f, 0xdb, 0xfe, 0x8f,
    0xf3, 0x80, 0x74, 0x7f, 0xa3, 0xfd, 0x80, 0x1f,
    0xe8, 0xff, 0xe2, 0x0, 0xe3, 0xff, 0xe7, 0x0,
    0xff, 0x27, 0xfe, 0xd0, 0xf, 0xbb, 0xff, 0x18,
    0x7, 0xfd, 0xff, 0xa0, 0x3, 0xe9, 0xff, 0xb8,
    0x3, 0xff, 0x81, 0x5f, 0xf1, 0x80, 0x7c, 0x9f,
    0xf4, 0x80, 0x7f, 0xf0, 0x17, 0xfd, 0xc0, 0x1f,
    0xdf, 0xf2, 0x80, 0x78,

    /* U+0175 "ŵ" */
    0x0, 0xff, 0x88, 0x3, 0xff, 0x91, 0x5e, 0x60,
    0x1f, 0xfc, 0x68, 0xff, 0x71, 0x0, 0x7f, 0xf1,
    0x1f, 0xf1, 0xbf, 0x84, 0x3, 0xff, 0x84, 0xdf,
    0xa2, 0xf, 0xfa, 0x20, 0x1f, 0xfc, 0x1, 0x78,
    0x20, 0x9, 0xa1, 0x0, 0x3f, 0xfa, 0x3, 0xff,
    0x0, 0x71, 0xff, 0xa8, 0x3, 0xa3, 0xfd, 0x21,
    0x9f, 0xe4, 0x0, 0xd1, 0xff, 0x0, 0x76, 0x7f,
    0x90, 0x23, 0xfd, 0x0, 0x1b, 0x7f, 0xe4, 0x0,
    0x87, 0xfe, 0x0, 0x1f, 0xfb, 0x40, 0x22, 0xff,
    0xd2, 0x1, 0x2f, 0xfa, 0xc0, 0x2e, 0xff, 0x8,
    0x1, 0xff, 0xd9, 0xfc, 0x1, 0x4f, 0xf9, 0x80,
    0x2a, 0xff, 0x28, 0x3, 0x3f, 0x57, 0xfc, 0x60,
    0xe, 0xff, 0x8, 0x4, 0xbf, 0xe9, 0x1, 0xff,
    0x40, 0x7f, 0xa0, 0xb, 0xfd, 0xa0, 0x1d, 0xfe,
    0xe0, 0x6f, 0xf1, 0x85, 0xfe, 0x83, 0x7f, 0xa0,
    0x3, 0xaf, 0xfc, 0x57, 0xfc, 0x0, 0x6f, 0xf1,
    0x5f, 0xf8, 0xc0, 0x39, 0xff, 0xcf, 0xfe, 0x90,
    0x0, 0xff, 0xa3, 0xfd, 0xc0, 0x1e, 0x2f, 0xf7,
    0x7f, 0x90, 0x2, 0xcf, 0xfd, 0x20, 0x1f, 0x6f,
    0xfe, 0x0, 0xcf, 0xff, 0x94, 0x3, 0xe8, 0xff,
    0xa8, 0x3, 0x17, 0xfe, 0x0, 0xfc, 0x9f, 0xf2,
    0x80, 0x76, 0xff, 0xac, 0x3, 0xfb, 0xfe, 0x10,
    0xe, 0x8f, 0xf3, 0x0, 0x60,

    /* U+0176 "Ŷ" */
    0x0, 0xfe, 0x20, 0xf, 0xfe, 0x25, 0xf1, 0x0,
    0x7f, 0xf0, 0xab, 0xfd, 0xc2, 0x1, 0xff, 0xc0,
    0x8f, 0xc7, 0xfd, 0x10, 0xf, 0xf3, 0xfe, 0x88,
    0x47, 0xe0, 0x7, 0xf0, 0xbc, 0x8, 0x4, 0xd0,
    0x80, 0x1f, 0xfc, 0xa7, 0xff, 0x84, 0x3, 0xfa,
    0xff, 0xd6, 0x1b, 0xfe, 0x90, 0xf, 0xc9, 0xff,
    0x10, 0x27, 0xfc, 0x40, 0x1f, 0x6f, 0xfa, 0x40,
    0x2b, 0xff, 0x50, 0x7, 0x9b, 0xfd, 0xc2, 0x1,
    0x17, 0xfc, 0x60, 0x1d, 0xdf, 0xe7, 0x0, 0xe9,
    0xff, 0x58, 0x6, 0x8f, 0xf6, 0x80, 0x78, 0x7b,
    0xfc, 0x80, 0x1, 0xff, 0x90, 0x3, 0xe6, 0xff,
    0x68, 0x2, 0xbf, 0xd6, 0x1, 0xfd, 0xbf, 0xe6,
    0x3f, 0xf8, 0x80, 0x3f, 0x93, 0xfd, 0xd9, 0xfe,
    0x90, 0xf, 0xfa, 0xff, 0xf8, 0x40, 0x3f, 0xe2,
    0xff, 0xce, 0x1, 0xff, 0xc1, 0x8f, 0xf7, 0x0,
    0x7f, 0xf0, 0x97, 0xfd, 0x60, 0x1f, 0xfc, 0x25,
    0xff, 0x58, 0x7, 0xff, 0x9, 0x7f, 0xd6, 0x1,
    0xff, 0xc2, 0x5f, 0xf5, 0x80, 0x7f, 0xf0, 0x97,
    0xfd, 0x60, 0x1f, 0xfc, 0x25, 0xff, 0x58, 0x7,
    0xff, 0x9, 0x7f, 0xd6, 0x1, 0xff, 0xc2, 0x5f,
    0xf5, 0x80, 0x7c,

    /* U+0177 "ŷ" */
    0x0, 0xf8, 0x80, 0x3f, 0xf8, 0x43, 0xd6, 0x1,
    0xff, 0xc0, 0x1d, 0xff, 0x50, 0x7, 0xfd, 0x9e,
    0xf7, 0xf2, 0x1, 0xfd, 0x7f, 0x20, 0xc, 0xf8,
    0x0, 0xf8, 0xe1, 0xc0, 0x21, 0x78, 0x20, 0xf,
    0xfe, 0x39, 0xff, 0xc0, 0x1f, 0x27, 0xfb, 0x80,
    0x19, 0xfe, 0x60, 0xf, 0x4f, 0xfa, 0x0, 0xd,
    0xfe, 0xc0, 0xf, 0x7f, 0xc2, 0x1, 0x7f, 0xc2,
    0x1, 0x97, 0xfd, 0x60, 0x1a, 0x7f, 0xce, 0x1,
    0xaf, 0xfc, 0x80, 0x18, 0xbf, 0xda, 0x1, 0xf,
    0xfb, 0x80, 0x3d, 0x9f, 0xe3, 0x0, 0x3f, 0xf9,
    0xc0, 0x3c, 0xbf, 0xe9, 0x0, 0x6f, 0xf8, 0x40,
    0x3e, 0xef, 0xe0, 0x3f, 0xf5, 0x0, 0x7e, 0x8f,
    0xf2, 0x4f, 0xf9, 0x0, 0x3f, 0x17, 0xfa, 0xbb,
    0xf4, 0x3, 0xfd, 0x7f, 0xf9, 0xc0, 0x3f, 0xcb,
    0xff, 0x84, 0x3, 0xfe, 0xef, 0xf5, 0x0, 0x7f,
    0xf0, 0x3b, 0xfc, 0x80, 0x1f, 0xf2, 0xff, 0xb4,
    0x3, 0xff, 0x81, 0x7f, 0xe7, 0x0, 0xff, 0x8b,
    0xfe, 0x10, 0xf, 0xfa, 0x3f, 0xd4, 0x1, 0xff,
    0xc0, 0xef, 0xf1, 0x80, 0x7f, 0xcb, 0xfe, 0xd0,
    0xf, 0xe0,

    /* U+0178 "Ÿ" */
    0x0, 0xcb, 0xff, 0x0, 0x2b, 0xfd, 0x60, 0x1f,
    0x97, 0xfe, 0x0, 0x57, 0xfa, 0xc0, 0x3f, 0x2f,
    0xfc, 0x0, 0xaf, 0xf5, 0x80, 0x7e, 0x29, 0x98,
    0x0, 0xb3, 0x26, 0x0, 0xff, 0xee, 0x3f, 0xfc,
    0x20, 0x1f, 0xd7, 0xfe, 0xb0, 0xdf, 0xf4, 0x80,
    0x7e, 0x4f, 0xf8, 0x81, 0x3f, 0xe2, 0x0, 0xfb,
    0x7f, 0xd2, 0x1, 0x5f, 0xfa, 0x80, 0x3c, 0xdf,
    0xee, 0x10, 0x8, 0xbf, 0xe3, 0x0, 0xee, 0xff,
    0x38, 0x7, 0x4f, 0xfa, 0xc0, 0x34, 0x7f, 0xb4,
    0x3, 0xc3, 0xdf, 0xe4, 0x0, 0xf, 0xfc, 0x80,
    0x1f, 0x37, 0xfb, 0x40, 0x15, 0xfe, 0xb0, 0xf,
    0xed, 0xff, 0x31, 0xff, 0xc4, 0x1, 0xfc, 0x9f,
    0xee, 0xcf, 0xf4, 0x80, 0x7f, 0xd7, 0xff, 0xc2,
    0x1, 0xff, 0x17, 0xfe, 0x70, 0xf, 0xfe, 0xc,
    0x7f, 0xb8, 0x3, 0xff, 0x84, 0xbf, 0xeb, 0x0,
    0xff, 0xe1, 0x2f, 0xfa, 0xc0, 0x3f, 0xf8, 0x4b,
    0xfe, 0xb0, 0xf, 0xfe, 0x12, 0xff, 0xac, 0x3,
    0xff, 0x84, 0xbf, 0xeb, 0x0, 0xff, 0xe1, 0x2f,
    0xfa, 0xc0, 0x3f, 0xf8, 0x4b, 0xfe, 0xb0, 0xf,
    0xfe, 0x12, 0xff, 0xac, 0x3, 0xe0,

    /* U+0179 "Ź" */
    0x0, 0xff, 0x27, 0xfa, 0xc0, 0x3f, 0xf8, 0x3,
    0xdf, 0x80, 0x1f, 0xfc, 0x1b, 0xfd, 0x10, 0xf,
    0xfe, 0x3, 0xfe, 0x88, 0x7, 0xff, 0x5, 0xdc,
    0x20, 0x1f, 0xfc, 0xc6, 0xff, 0xff, 0xe1, 0x30,
    0x37, 0xff, 0xff, 0x9, 0x81, 0x2e, 0xff, 0xdf,
    0xf9, 0x0, 0x3f, 0xe1, 0xef, 0xf5, 0x0, 0x7f,
    0xf0, 0x2f, 0xfd, 0xa0, 0x1f, 0xfc, 0x7, 0xff,
    0x8c, 0x3, 0xfe, 0x3f, 0xf9, 0x80, 0x3f, 0xf8,
    0x1b, 0xfe, 0xa0, 0xf, 0xfe, 0x5, 0x7f, 0xb4,
    0x40, 0x3f, 0xe6, 0xff, 0x8c, 0x3, 0xfe, 0x2f,
    0xf9, 0xc0, 0x3f, 0xf8, 0x1b, 0xfe, 0xb0, 0xf,
    0xfe, 0x5, 0x7f, 0xb8, 0x40, 0x3f, 0xe6, 0xff,
    0x8c, 0x3, 0xfe, 0x2f, 0xf9, 0xc0, 0x3f, 0xf8,
    0x1b, 0xfe, 0xb0, 0xf, 0xfe, 0x4, 0xff, 0xb8,
    0x40, 0x3f, 0xe5, 0xff, 0x8c, 0x3, 0xff, 0x81,
    0xff, 0xae, 0xff, 0xe8, 0x1f, 0xff, 0xfe, 0x1d,
    0x8f, 0xff, 0xff, 0xe, 0xc0,

    /* U+017A "ź" */
    0x0, 0xf8, 0xbf, 0xda, 0x20, 0x1f, 0x6f, 0xe8,
    0x80, 0x7d, 0x5f, 0x82, 0x1, 0xf3, 0xfe, 0x8,
    0x7, 0xe2, 0x20, 0x7, 0xff, 0x16, 0x3f, 0xff,
    0xe8, 0xff, 0xff, 0x8d, 0x9b, 0xef, 0xfa, 0x80,
    0x3e, 0x6f, 0xf6, 0x80, 0x7c, 0x7f, 0xf1, 0x0,
    0x78, 0x7b, 0xfc, 0xa0, 0x1f, 0x67, 0xfa, 0x0,
    0x3e, 0x9f, 0xf5, 0x80, 0x7c, 0xbf, 0xee, 0x10,
    0xf, 0x1f, 0xfc, 0x60, 0x1e, 0x1e, 0xff, 0x30,
    0x7, 0xd7, 0xfe, 0x90, 0xf, 0xa3, 0xfe, 0x66,
    0xf9, 0x7b, 0xff, 0xfd, 0xdc, 0xff, 0xff, 0x70,

    /* U+017B "Ż" */
    0x0, 0xfb, 0x3f, 0xd2, 0x1, 0xff, 0xc1, 0xcf,
    0xf4, 0x80, 0x7f, 0xf0, 0x73, 0xfd, 0x20, 0x1f,
    0xfc, 0x16, 0x99, 0x28, 0x7, 0xff, 0x75, 0xbf,
    0xff, 0xf8, 0x4c, 0xd, 0xff, 0xff, 0xc2, 0x60,
    0x4b, 0xbf, 0xf7, 0xfe, 0x40, 0xf, 0xf8, 0x7b,
    0xfd, 0x40, 0x1f, 0xfc, 0xb, 0xff, 0x68, 0x7,
    0xff, 0x1, 0xff, 0xe3, 0x0, 0xff, 0x8f, 0xfe,
    0x60, 0xf, 0xfe, 0x6, 0xff, 0xa8, 0x3, 0xff,
    0x81, 0x5f, 0xed, 0x10, 0xf, 0xf9, 0xbf, 0xe3,
    0x0, 0xff, 0x8b, 0xfe, 0x70, 0xf, 0xfe, 0x6,
    0xff, 0xac, 0x3, 0xff, 0x81, 0x5f, 0xee, 0x10,
    0xf, 0xf9, 0xbf, 0xe3, 0x0, 0xff, 0x8b, 0xfe,
    0x70, 0xf, 0xfe, 0x6, 0xff, 0xac, 0x3, 0xff,
    0x81, 0x3f, 0xee, 0x10, 0xf, 0xf9, 0x7f, 0xe3,
    0x0, 0xff, 0xe0, 0x7f, 0xeb, 0xbf, 0xfa, 0x7,
    0xff, 0xff, 0x87, 0x63, 0xff, 0xff, 0xc3, 0xb0,

    /* U+017C "ż" */
    0x0, 0xd3, 0xfe, 0xc0, 0xf, 0xd3, 0xfe, 0xc0,
    0xf, 0xd3, 0xfe, 0xc0, 0xf, 0xcb, 0x32, 0x60,
    0xf, 0xfe, 0x84, 0x7f, 0xff, 0xd1, 0xff, 0xff,
    0x1b, 0x37, 0xdf, 0xf5, 0x0, 0x7c, 0xdf, 0xed,
    0x0, 0xf8, 0xff, 0xe2, 0x0, 0xf0, 0xf7, 0xf9,
    0x40, 0x3e, 0xcf, 0xf4, 0x0, 0x7d, 0x3f, 0xeb,
    0x0, 0xf9, 0x7f, 0xdc, 0x20, 0x1e, 0x3f, 0xf8,
    0xc0, 0x3c, 0x3d, 0xfe, 0x60, 0xf, 0xaf, 0xfd,
    0x20, 0x1f, 0x47, 0xfc, 0xcd, 0xf2, 0xf7, 0xff,
    0xfb, 0xb9, 0xff, 0xfe, 0xe0,

    /* U+017D "Ž" */
    0x0, 0xc7, 0xfc, 0x40, 0x4, 0xfe, 0x20, 0xf,
    0xc9, 0xfc, 0x49, 0xfc, 0x40, 0x1f, 0xe4, 0xfe,
    0xfe, 0x20, 0xf, 0xfe, 0x2, 0xff, 0x10, 0x7,
    0xff, 0x9, 0x4c, 0x3, 0xff, 0x9a, 0xdf, 0xff,
    0xfc, 0x26, 0x6, 0xff, 0xff, 0xe1, 0x30, 0x25,
    0xdf, 0xfb, 0xff, 0x20, 0x7, 0xfc, 0x3d, 0xfe,
    0xa0, 0xf, 0xfe, 0x5, 0xff, 0xb4, 0x3, 0xff,
    0x80, 0xff, 0xf1, 0x80, 0x7f, 0xc7, 0xff, 0x30,
    0x7, 0xff, 0x3, 0x7f, 0xd4, 0x1, 0xff, 0xc0,
    0xaf, 0xf6, 0x88, 0x7, 0xfc, 0xdf, 0xf1, 0x80,
    0x7f, 0xc5, 0xff, 0x38, 0x7, 0xff, 0x3, 0x7f,
    0xd6, 0x1, 0xff, 0xc0, 0xaf, 0xf7, 0x8, 0x7,
    0xfc, 0xdf, 0xf1, 0x80, 0x7f, 0xc5, 0xff, 0x38,
    0x7, 0xff, 0x3, 0x7f, 0xd6, 0x1, 0xff, 0xc0,
    0x9f, 0xf7, 0x8, 0x7, 0xfc, 0xbf, 0xf1, 0x80,
    0x7f, 0xf0, 0x3f, 0xf5, 0xdf, 0xfd, 0x3, 0xff,
    0xff, 0xc3, 0xb1, 0xff, 0xff, 0xe1, 0xd8,

    /* U+017E "ž" */
    0x1, 0xef, 0x50, 0x1, 0x77, 0xa0, 0x4, 0x5d,
    0xe8, 0x5d, 0xe8, 0x1, 0xc5, 0xdf, 0xde, 0x80,
    0x1f, 0x17, 0x7a, 0x80, 0x7f, 0x1a, 0x80, 0x7f,
    0xf1, 0x63, 0xff, 0xfe, 0x8f, 0xff, 0xf8, 0xd9,
    0xbe, 0xff, 0xa8, 0x3, 0xe6, 0xff, 0x68, 0x7,
    0xc7, 0xff, 0x10, 0x7, 0x87, 0xbf, 0xca, 0x1,
    0xf6, 0x7f, 0xa0, 0x3, 0xe9, 0xff, 0x58, 0x7,
    0xcb, 0xfe, 0xe1, 0x0, 0xf1, 0xff, 0xc6, 0x1,
    0xe1, 0xef, 0xf3, 0x0, 0x7d, 0x7f, 0xe9, 0x0,
    0xfa, 0x3f, 0xe6, 0x6f, 0x97, 0xbf, 0xff, 0xdd,
    0xcf, 0xff, 0xf7, 0x0,

    /* U+018F "Ə" */
    0x0, 0xe1, 0x6b, 0xdf, 0xf7, 0x64, 0x18, 0x7,
    0xf9, 0xbb, 0xff, 0xfa, 0xc4, 0x3, 0xea, 0xff,
    0xf7, 0x7f, 0xf7, 0x18, 0x7, 0x47, 0xfd, 0x8c,
    0x20, 0x11, 0xcf, 0xfd, 0xc2, 0x1, 0x1f, 0xfc,
    0xe0, 0x1f, 0x8f, 0xbf, 0xd6, 0x1, 0x3f, 0xfa,
    0x80, 0x3f, 0xc7, 0xff, 0x18, 0x4, 0x2c, 0x20,
    0x1f, 0xf5, 0x7f, 0xa4, 0x3, 0xff, 0x8a, 0x9f,
    0xed, 0x0, 0xff, 0xe2, 0x8f, 0xfc, 0x1, 0xff,
    0xc6, 0xff, 0x86, 0x7f, 0xff, 0xf8, 0xe5, 0x1f,
    0xff, 0xfc, 0x71, 0x6f, 0xf9, 0x57, 0xff, 0x80,
    0xdf, 0xf0, 0x1f, 0xfb, 0x80, 0x3f, 0xf8, 0xb,
    0xfe, 0xd0, 0x7, 0x7f, 0x94, 0x3, 0xfe, 0xbf,
    0xf4, 0x80, 0x23, 0xfd, 0xa0, 0x1f, 0xe4, 0xff,
    0x8c, 0x0, 0x3f, 0xf5, 0x80, 0x7e, 0x3e, 0xff,
    0x58, 0x6, 0x5f, 0xfb, 0x98, 0x40, 0x23, 0x9f,
    0xfb, 0x84, 0x3, 0x9f, 0xff, 0xdd, 0xff, 0xdc,
    0x60, 0x1f, 0x27, 0x7f, 0xff, 0x58, 0x80, 0x7f,
    0x96, 0xb7, 0xfd, 0xd9, 0x6, 0x1, 0xe0,

    /* U+0192 "ƒ" */
    0x0, 0xf3, 0xef, 0xf5, 0x18, 0x7, 0xa3, 0xff,
    0xc2, 0x1, 0x87, 0xfe, 0x89, 0xf6, 0x0, 0xe5,
    0xff, 0x28, 0x7, 0xf3, 0x7f, 0x84, 0x3, 0xf9,
    0xbf, 0xc2, 0x1, 0xf7, 0xff, 0xec, 0x0, 0xdf,
    0xff, 0xb0, 0x3, 0x19, 0xa3, 0xfc, 0x86, 0x62,
    0x0, 0xf3, 0x7f, 0x84, 0x3, 0xf9, 0xbf, 0xc2,
    0x1, 0xfc, 0xdf, 0xe1, 0x0, 0xfe, 0x6f, 0xf0,
    0x80, 0x7f, 0x37, 0xf8, 0x40, 0x3f, 0x9b, 0xfc,
    0x20, 0x1f, 0xcd, 0xfe, 0x10, 0xf, 0xe6, 0xff,
    0x8, 0x7, 0xf3, 0x7f, 0x84, 0x3, 0xf9, 0xbf,
    0xc2, 0x1, 0xfc, 0xdf, 0xe1, 0x0, 0xfe, 0x6f,
    0xf0, 0x80, 0x7f, 0x3f, 0xf8, 0x3, 0xfd, 0x5f,
    0xe0, 0xf, 0xe1, 0xff, 0x50, 0x7, 0x85, 0x5f,
    0xbf, 0xc6, 0x1, 0xe6, 0xff, 0xcc, 0x1, 0xf3,
    0x7e, 0xc9, 0x0, 0x7e,

    /* U+019D "Ɲ" */
    0x0, 0xb3, 0xfd, 0x60, 0x1f, 0xdd, 0xfe, 0x20,
    0xb, 0x3f, 0xe5, 0x0, 0xfd, 0xdf, 0xe2, 0x0,
    0xb3, 0xfe, 0xe1, 0x0, 0xfb, 0xbf, 0xc4, 0x1,
    0x67, 0xfe, 0x90, 0xf, 0xbb, 0xfc, 0x40, 0x16,
    0x7f, 0xf1, 0x80, 0x7b, 0xbf, 0xc4, 0x1, 0x67,
    0xff, 0x68, 0x7, 0xbb, 0xfc, 0x40, 0x16, 0x7f,
    0x9b, 0xfe, 0x70, 0xe, 0xef, 0xf1, 0x0, 0x59,
    0xfe, 0x57, 0xff, 0x88, 0x3, 0x77, 0xf8, 0x80,
    0x2c, 0xff, 0x28, 0x67, 0xfa, 0xc0, 0x37, 0x7f,
    0x88, 0x2, 0xcf, 0xf2, 0x81, 0xff, 0xca, 0x1,
    0x77, 0xf8, 0x80, 0x2c, 0xff, 0x28, 0x2, 0x7f,
    0xdc, 0x1, 0x77, 0xf8, 0x80, 0x2c, 0xff, 0x28,
    0x5, 0xdf, 0xe9, 0x0, 0x77, 0xf8, 0x80, 0x2c,
    0xff, 0x28, 0x4, 0xbf, 0xf1, 0x87, 0x7f, 0x88,
    0x2, 0xcf, 0xf2, 0x80, 0x6b, 0xff, 0x68, 0x77,
    0xf8, 0x80, 0x2c, 0xff, 0x28, 0x6, 0x2f, 0xf9,
    0xfb, 0xfc, 0x40, 0x16, 0x7f, 0x94, 0x3, 0x9f,
    0xff, 0xc4, 0x1, 0x67, 0xf9, 0x40, 0x3d, 0xbf,
    0xfc, 0x40, 0x16, 0x7f, 0x94, 0x3, 0xc9, 0xff,
    0xc4, 0x1, 0x67, 0xf9, 0x40, 0x3e, 0xaf, 0xfc,
    0x40, 0x16, 0x7f, 0x94, 0x3, 0xe1, 0xef, 0xf8,
    0x80, 0x2c, 0xff, 0x28, 0x7, 0xe6, 0xff, 0x88,
    0x2, 0xcf, 0xf2, 0x0, 0x7f, 0xf1, 0x3b, 0xfc,
    0x60, 0x1f, 0xfc, 0x21, 0x8f, 0xf7, 0x0, 0x7f,
    0xf0, 0x8f, 0xff, 0x20, 0x7, 0xff, 0x8, 0xff,
    0x64, 0x80, 0x3f, 0xfa, 0xe0,

    /* U+01A0 "Ơ" */
    0x0, 0xf2, 0xd6, 0xff, 0xba, 0xdc, 0x40, 0x37,
    0xf8, 0x40, 0x32, 0x77, 0xff, 0xf4, 0x80, 0x5f,
    0xe0, 0xc, 0xff, 0xff, 0xfc, 0xc, 0x13, 0xfe,
    0x0, 0x9b, 0xfe, 0xe7, 0x10, 0x0, 0xa5, 0xff,
    0xec, 0xfa, 0x0, 0x17, 0xfd, 0x62, 0x1, 0xf3,
    0xff, 0xee, 0x10, 0x4, 0xff, 0xb4, 0x3, 0xfd,
    0x1f, 0xf1, 0x0, 0x5f, 0xf2, 0x0, 0x7f, 0xdd,
    0xfe, 0x60, 0x2, 0x7f, 0xb8, 0x3, 0xff, 0x81,
    0x3f, 0xeb, 0x0, 0x3f, 0xfa, 0x80, 0x3f, 0xf8,
    0x9, 0xfe, 0xd0, 0x4, 0xff, 0xa0, 0x3, 0xff,
    0x80, 0x5f, 0xf0, 0x2, 0x7f, 0xce, 0x1, 0xff,
    0xc0, 0x1f, 0xf8, 0x1, 0x3f, 0xe8, 0x0, 0xff,
    0xe0, 0x17, 0xfc, 0x0, 0x7f, 0xf5, 0x0, 0x7f,
    0xf0, 0x13, 0xfd, 0xc0, 0x4, 0xff, 0x70, 0x7,
    0xff, 0x2, 0x3f, 0xd6, 0x1, 0x7f, 0xc8, 0x1,
    0xff, 0x77, 0xf9, 0x80, 0x2a, 0xff, 0x68, 0x7,
    0xfa, 0x3f, 0xe1, 0x0, 0x8b, 0xfe, 0xb0, 0xf,
    0xcf, 0xff, 0x38, 0x7, 0x37, 0xfd, 0xae, 0x20,
    0x1, 0x4b, 0xff, 0xb0, 0x3, 0xe8, 0xff, 0xff,
    0xe0, 0x60, 0x80, 0x7e, 0x5e, 0xff, 0xfe, 0x90,
    0xf, 0xfe, 0x2, 0xd6, 0xff, 0xbb, 0x1c, 0x40,
    0x3e,

    /* U+01A1 "ơ" */
    0x0, 0xff, 0xe1, 0x3f, 0xd0, 0x7, 0xff, 0x9,
    0xfe, 0x40, 0x32, 0x56, 0xff, 0x63, 0x0, 0x55,
    0xf0, 0x0, 0x1b, 0xff, 0xfb, 0x4d, 0x3f, 0xc6,
    0x0, 0xdf, 0xfa, 0xe6, 0xbf, 0xfd, 0x40, 0x9,
    0xff, 0x69, 0x0, 0x6a, 0xff, 0x9c, 0x0, 0x3f,
    0xf0, 0x80, 0x7b, 0x3f, 0xc8, 0x0, 0x6f, 0xf4,
    0x80, 0x7c, 0xbf, 0xea, 0x0, 0x47, 0xf9, 0x80,
    0x3e, 0x2f, 0xf6, 0x0, 0x2b, 0xfc, 0xa0, 0x1f,
    0xf, 0xfb, 0x80, 0x11, 0xfe, 0x60, 0xf, 0x8b,
    0xfd, 0x80, 0x6, 0xff, 0x48, 0x7, 0xcd, 0xfe,
    0xa0, 0x0, 0xff, 0xc4, 0x1, 0xed, 0xff, 0x20,
    0x5, 0x3f, 0xed, 0x20, 0x8, 0x6b, 0xfd, 0x80,
    0x1d, 0xbf, 0xf6, 0x55, 0xff, 0xe2, 0x0, 0xe1,
    0xbf, 0xff, 0xb4, 0x80, 0x3f, 0x25, 0x6f, 0xf5,
    0xb0, 0x7, 0x80,

    /* U+01AF "Ư" */
    0xff, 0x84, 0x3, 0xf3, 0x7f, 0xa4, 0x1f, 0xe7,
    0xfe, 0x10, 0xf, 0xcd, 0xfe, 0x90, 0x8f, 0x9f,
    0xf8, 0x40, 0x3f, 0x37, 0xfa, 0x42, 0xfd, 0xff,
    0xe1, 0x0, 0xfc, 0xdf, 0xea, 0x6f, 0xf1, 0x7f,
    0xc2, 0x1, 0xf9, 0xbf, 0xfa, 0x3, 0xfe, 0x10,
    0xf, 0xcd, 0xff, 0x5a, 0x80, 0x3f, 0xe1, 0x0,
    0xfc, 0xdf, 0xe9, 0x0, 0xdf, 0xf0, 0x80, 0x7e,
    0x6f, 0xf4, 0x80, 0x6f, 0xf8, 0x40, 0x3f, 0x37,
    0xfa, 0x40, 0x37, 0xfc, 0x20, 0x1f, 0x9b, 0xfd,
    0x20, 0x1b, 0xfe, 0x10, 0xf, 0xcd, 0xfe, 0x90,
    0xd, 0xff, 0x8, 0x7, 0xe6, 0xff, 0x48, 0x6,
    0xff, 0x84, 0x3, 0xf3, 0x7f, 0xa4, 0x3, 0x77,
    0xf8, 0x80, 0x3f, 0x3f, 0xfa, 0x40, 0x36, 0xff,
    0x8c, 0x3, 0xf4, 0xff, 0xa0, 0x3, 0x5f, 0xf9,
    0xc0, 0x3f, 0x6f, 0xf9, 0x40, 0x33, 0xff, 0xb8,
    0x3, 0xe4, 0xff, 0x84, 0x3, 0xf, 0xfd, 0x86,
    0x1, 0x9b, 0xfe, 0xa0, 0xf, 0x37, 0xfe, 0xed,
    0xd7, 0xfe, 0xe1, 0x0, 0xf9, 0xbf, 0xff, 0xb4,
    0x80, 0x3f, 0x85, 0xf3, 0xbf, 0xdb, 0x4a, 0x1,
    0xf8,

    /* U+01B0 "ư" */
    0x0, 0xff, 0xe0, 0x8f, 0xf8, 0x3, 0xff, 0x82,
    0x5f, 0xe0, 0xf, 0xfe, 0xa, 0xfe, 0x80, 0x7f,
    0xf0, 0xf, 0x7e, 0xb, 0xfd, 0x80, 0x1e, 0x6f,
    0xfb, 0x44, 0xbf, 0xd8, 0x1, 0xe6, 0xff, 0x84,
    0xb, 0xfd, 0x80, 0x1e, 0x6f, 0xf3, 0x80, 0xb,
    0xfd, 0x80, 0x1e, 0x6f, 0xf3, 0x80, 0xb, 0xfd,
    0x80, 0x1e, 0x6f, 0xf3, 0x80, 0xb, 0xfd, 0x80,
    0x1e, 0x6f, 0xf3, 0x80, 0xb, 0xfd, 0x80, 0x1e,
    0x6f, 0xf3, 0x80, 0xb, 0xfd, 0x80, 0x1e, 0x7f,
    0xf3, 0x80, 0xb, 0xfd, 0x80, 0x1e, 0x8f, 0xf3,
    0x80, 0x7, 0xfd, 0xc0, 0x1e, 0xbf, 0xf3, 0x80,
    0x5f, 0xf0, 0x80, 0x61, 0xff, 0x9c, 0x2, 0xdf,
    0xf5, 0x0, 0x6b, 0xff, 0x9c, 0x2, 0x6f, 0xfb,
    0x66, 0xbb, 0xff, 0x38, 0x6, 0xbf, 0xff, 0x6c,
    0x7f, 0x9c, 0x3, 0x9b, 0x3b, 0xf1, 0xc1, 0xbf,
    0xce, 0x0,

    /* U+01CD "Ǎ" */
    0x0, 0xe5, 0xfd, 0x10, 0x3, 0x7e, 0x0, 0x7f,
    0xf0, 0x1b, 0xf4, 0x5b, 0xf4, 0x40, 0x3f, 0xf8,
    0x2d, 0xfb, 0xfa, 0x20, 0x1f, 0xfc, 0x37, 0xfd,
    0x10, 0xf, 0xfe, 0x2b, 0x8, 0x7, 0xff, 0x66,
    0xbf, 0xc2, 0x1, 0xff, 0xc3, 0x1f, 0xf9, 0xc0,
    0x3f, 0xf8, 0x6d, 0xff, 0x70, 0x7, 0xff, 0xf,
    0x3f, 0xf2, 0x0, 0x7f, 0xf0, 0x4f, 0xff, 0xa8,
    0x3, 0xff, 0x83, 0x3f, 0xe6, 0xef, 0xf0, 0x80,
    0x7f, 0xf0, 0x3b, 0xfc, 0x33, 0xfe, 0x60, 0xf,
    0xf9, 0x7f, 0xd6, 0x7, 0xfe, 0xc0, 0xf, 0xfa,
    0xff, 0xca, 0x0, 0xdf, 0xf1, 0x80, 0x7f, 0x17,
    0xfb, 0x80, 0x27, 0xff, 0x48, 0x7, 0xf4, 0x7f,
    0xa4, 0x2, 0x1f, 0xf7, 0x0, 0x7f, 0x77, 0xf8,
    0xc0, 0x36, 0x7f, 0x94, 0x3, 0xe4, 0xff, 0x68,
    0x7, 0x37, 0xfa, 0xc0, 0x3e, 0xaf, 0xf4, 0x0,
    0x7b, 0xfe, 0x20, 0xe, 0x1f, 0xff, 0xfe, 0xc,
    0x0, 0x73, 0xff, 0xff, 0xf0, 0x78, 0x3, 0xb7,
    0xfd, 0xd7, 0x7f, 0xbf, 0xe4, 0x0, 0x8f, 0xfe,
    0x10, 0xf, 0xd3, 0xfe, 0xa0, 0xa, 0x7f, 0xd6,
    0x1, 0xfc, 0x7f, 0xf0, 0x80, 0x3f, 0xe5, 0x0,
    0xff, 0x6f, 0xf9, 0x81, 0xbf, 0xdc, 0x1, 0xff,
    0x3f, 0xfb, 0x40,

    /* U+01CE "ǎ" */
    0x0, 0xe, 0xfb, 0x0, 0x7, 0x7d, 0x40, 0x38,
    0x77, 0xd4, 0x33, 0xd4, 0x3, 0xe1, 0xdf, 0xcf,
    0x60, 0xf, 0xe1, 0xef, 0x60, 0xf, 0xf8, 0x98,
    0x3, 0xff, 0x96, 0x93, 0xbf, 0xee, 0xa4, 0x0,
    0xc3, 0x7f, 0xff, 0xa8, 0x0, 0x3d, 0xff, 0x5c,
    0x4e, 0x7f, 0xd0, 0x0, 0x6f, 0xa1, 0x0, 0xcd,
    0xff, 0x0, 0x46, 0x1, 0xf6, 0x7f, 0x90, 0x3,
    0xfd, 0x3f, 0xe6, 0x0, 0x25, 0x6f, 0xff, 0xe6,
    0x8, 0xff, 0xff, 0x98, 0xff, 0xe9, 0x43, 0x3d,
    0x9f, 0xe6, 0x8f, 0xf4, 0x0, 0x7b, 0xfe, 0x69,
    0xff, 0x28, 0x7, 0xf, 0xfc, 0xcf, 0xfe, 0xb0,
    0xc, 0x39, 0xff, 0x30, 0xff, 0xda, 0xed, 0x3d,
    0xff, 0x98, 0x13, 0xff, 0xeb, 0x7f, 0xf3, 0x0,
    0x6, 0x77, 0xfd, 0x8c, 0xb, 0xfe, 0x60,

    /* U+01CF "Ǐ" */
    0x5f, 0xe1, 0x0, 0x2f, 0xe8, 0x82, 0xfe, 0x8a,
    0xfe, 0x88, 0x4, 0xbf, 0xdf, 0xa2, 0x1, 0xcd,
    0xfc, 0x40, 0x1f, 0x31, 0x0, 0x7f, 0xf1, 0x73,
    0xfc, 0xa0, 0x1e, 0xcf, 0xf2, 0x80, 0x7b, 0x3f,
    0xca, 0x1, 0xec, 0xff, 0x28, 0x7, 0xb3, 0xfc,
    0xa0, 0x1e, 0xcf, 0xf2, 0x80, 0x7b, 0x3f, 0xca,
    0x1, 0xec, 0xff, 0x28, 0x7, 0xb3, 0xfc, 0xa0,
    0x1e, 0xcf, 0xf2, 0x80, 0x7b, 0x3f, 0xca, 0x1,
    0xec, 0xff, 0x28, 0x7, 0xb3, 0xfc, 0xa0, 0x1e,
    0xcf, 0xf2, 0x80, 0x7b, 0x3f, 0xca, 0x1, 0xec,
    0xff, 0x28, 0x7, 0xb3, 0xfc, 0xa0, 0x1e, 0xcf,
    0xf2, 0x80, 0x7b, 0x3f, 0xca, 0x1, 0xec, 0xff,
    0x28, 0x7, 0xb3, 0xfc, 0xa0, 0x10,

    /* U+01D0 "ǐ" */
    0x9, 0xfa, 0x0, 0xab, 0xe4, 0x2, 0xaf, 0xa0,
    0xaf, 0x90, 0xe, 0xaf, 0xdf, 0xa0, 0xf, 0xaf,
    0xe8, 0x3, 0xf9, 0xc0, 0x3f, 0xf9, 0x1f, 0xf0,
    0x7, 0xef, 0xf8, 0x3, 0xf7, 0xfc, 0x1, 0xfb,
    0xfe, 0x0, 0xfd, 0xff, 0x0, 0x7e, 0xff, 0x80,
    0x3f, 0x7f, 0xc0, 0x1f, 0xbf, 0xe0, 0xf, 0xdf,
    0xf0, 0x7, 0xef, 0xf8, 0x3, 0xf7, 0xfc, 0x1,
    0xfb, 0xfe, 0x0, 0xfd, 0xff, 0x0, 0x7e, 0xff,
    0x80, 0x3f, 0x7f, 0xc0, 0x18,

    /* U+01D1 "Ǒ" */
    0x0, 0xe1, 0x77, 0x0, 0x65, 0x84, 0x0, 0xff,
    0xe0, 0x3f, 0xd8, 0x1, 0x7f, 0x0, 0x3f, 0xf8,
    0x4f, 0xf2, 0x7f, 0x80, 0x1f, 0xfc, 0x48, 0xff,
    0x60, 0x80, 0x7f, 0xf1, 0x63, 0x44, 0x3, 0xff,
    0xda, 0xb5, 0xbf, 0xee, 0xb7, 0x10, 0xf, 0xf2,
    0x77, 0xff, 0xf4, 0x80, 0x7e, 0x7f, 0xff, 0xfe,
    0x6, 0x8, 0x7, 0x37, 0xfd, 0xce, 0x20, 0x1,
    0x4b, 0xff, 0xb0, 0x3, 0x17, 0xfd, 0x62, 0x1,
    0xf3, 0xff, 0xd0, 0x1, 0x4f, 0xfb, 0x40, 0x3f,
    0xd1, 0xff, 0x8, 0x3, 0xfe, 0x40, 0xf, 0xfb,
    0xbf, 0xcc, 0x9, 0xfe, 0xe0, 0xf, 0xfe, 0x4,
    0xff, 0xac, 0x1f, 0xfd, 0x40, 0x1f, 0xfc, 0x4,
    0xff, 0x68, 0x4f, 0xfa, 0x0, 0x3f, 0xf8, 0x5,
    0xff, 0x4, 0xff, 0x9c, 0x3, 0xff, 0x80, 0x3f,
    0xf0, 0x4f, 0xfa, 0x0, 0x3f, 0xf8, 0x5, 0xff,
    0x3, 0xff, 0xa8, 0x3, 0xff, 0x80, 0x9f, 0xee,
    0x4, 0xff, 0x70, 0x7, 0xff, 0x2, 0x3f, 0xd6,
    0x0, 0xff, 0x90, 0x3, 0xfe, 0xef, 0xf3, 0x0,
    0x2b, 0xfd, 0xa0, 0x1f, 0xe8, 0xff, 0x84, 0x0,
    0x5f, 0xf5, 0x80, 0x7e, 0x7f, 0xf9, 0xc0, 0x33,
    0x7f, 0xda, 0xe2, 0x0, 0x14, 0xbf, 0xfb, 0x0,
    0x3d, 0x1f, 0xff, 0xfc, 0xc, 0x10, 0xf, 0x97,
    0xbf, 0xff, 0xa4, 0x3, 0xfe, 0x5a, 0xdf, 0xf7,
    0x63, 0x88, 0x7, 0x80,

    /* U+01D2 "ǒ" */
    0x0, 0x9f, 0xf0, 0x2, 0x8f, 0xb0, 0xf, 0xa3,
    0xec, 0x1b, 0xec, 0x3, 0xfa, 0x3f, 0x3f, 0x0,
    0x3f, 0xe9, 0xfc, 0x0, 0xff, 0xe0, 0xb8, 0x80,
    0x7f, 0xf3, 0x52, 0xb7, 0xfb, 0x18, 0x3, 0xc3,
    0x7f, 0xff, 0x69, 0x80, 0x6d, 0xff, 0xae, 0x6b,
    0xff, 0x10, 0x2, 0x7f, 0xda, 0x40, 0x1a, 0xbf,
    0xda, 0x3, 0xff, 0x8, 0x7, 0xb3, 0xfc, 0x8d,
    0xfe, 0x90, 0xf, 0x97, 0xfd, 0x51, 0xfe, 0x60,
    0xf, 0x8b, 0xfd, 0x95, 0xfe, 0x50, 0xf, 0x87,
    0xfd, 0xd1, 0xfe, 0x60, 0xf, 0x8b, 0xfd, 0x8d,
    0xfe, 0x90, 0xf, 0x9b, 0xfd, 0x43, 0xff, 0x10,
    0x7, 0xb7, 0xfc, 0x81, 0x3f, 0xed, 0x20, 0x8,
    0x6b, 0xfd, 0x80, 0x16, 0xff, 0xd9, 0x57, 0xff,
    0x88, 0x2, 0x1b, 0xff, 0xfb, 0x48, 0x3, 0xc9,
    0x5b, 0xfd, 0x6c, 0x1, 0x80,

    /* U+01D3 "Ǔ" */
    0x0, 0x92, 0x18, 0x3, 0x3b, 0x84, 0x3, 0xeb,
    0xf7, 0x0, 0x5f, 0xb8, 0x7, 0xf6, 0x7a, 0xd7,
    0xc0, 0x7, 0xfd, 0x9f, 0xe8, 0x0, 0xff, 0xe0,
    0xe, 0xc8, 0x7, 0xff, 0x6f, 0xfe, 0x10, 0xf,
    0xcd, 0xfe, 0x9f, 0xf8, 0x40, 0x3f, 0x37, 0xfa,
    0x7f, 0xe1, 0x0, 0xfc, 0xdf, 0xe9, 0xff, 0x84,
    0x3, 0xf3, 0x7f, 0xa7, 0xfe, 0x10, 0xf, 0xcd,
    0xfe, 0x9f, 0xf8, 0x40, 0x3f, 0x37, 0xfa, 0x7f,
    0xe1, 0x0, 0xfc, 0xdf, 0xe9, 0xff, 0x84, 0x3,
    0xf3, 0x7f, 0xa7, 0xfe, 0x10, 0xf, 0xcd, 0xfe,
    0x9f, 0xf8, 0x40, 0x3f, 0x37, 0xfa, 0x7f, 0xe1,
    0x0, 0xfc, 0xdf, 0xe9, 0xff, 0x84, 0x3, 0xf3,
    0x7f, 0xa7, 0xfe, 0x10, 0xf, 0xcd, 0xfe, 0x9e,
    0xff, 0x10, 0x7, 0xe7, 0xff, 0x4e, 0xff, 0x8c,
    0x3, 0xf4, 0xff, 0xa2, 0xff, 0xce, 0x1, 0xfb,
    0x7f, 0xca, 0xff, 0xee, 0x0, 0xf9, 0x3f, 0xe1,
    0x17, 0xfd, 0x86, 0x1, 0x9b, 0xfe, 0xa0, 0x3,
    0x7f, 0xee, 0xdd, 0x7f, 0xee, 0x10, 0x9, 0xbf,
    0xff, 0xb4, 0x80, 0x38, 0x5f, 0x3b, 0xfd, 0xb4,
    0xa0, 0x18,

    /* U+01D4 "ǔ" */
    0x0, 0xe, 0xfa, 0x80, 0xb, 0xbd, 0x0, 0x38,
    0x77, 0xd4, 0x77, 0xd4, 0x3, 0xe2, 0xef, 0xef,
    0x50, 0xf, 0xe2, 0xef, 0x50, 0xf, 0xf8, 0x98,
    0x3, 0xff, 0x90, 0x5f, 0xec, 0x0, 0xf3, 0x7f,
    0x9c, 0xbf, 0xd8, 0x1, 0xe6, 0xff, 0x39, 0x7f,
    0xb0, 0x3, 0xcd, 0xfe, 0x72, 0xff, 0x60, 0x7,
    0x9b, 0xfc, 0xe5, 0xfe, 0xc0, 0xf, 0x37, 0xf9,
    0xcb, 0xfd, 0x80, 0x1e, 0x6f, 0xf3, 0x97, 0xfb,
    0x0, 0x3c, 0xdf, 0xe7, 0x2f, 0xf6, 0x0, 0x79,
    0xff, 0xce, 0x5f, 0xec, 0x0, 0xf4, 0x7f, 0x9c,
    0x7f, 0xdc, 0x1, 0xeb, 0xff, 0x38, 0x7f, 0xc2,
    0x1, 0x87, 0xfe, 0x70, 0xdf, 0xf5, 0x0, 0x6b,
    0xff, 0x9c, 0x1b, 0xfe, 0xd9, 0xae, 0xff, 0xce,
    0x0, 0xbf, 0xff, 0x6c, 0x7f, 0x9c, 0x2, 0x6c,
    0xef, 0xc7, 0x6, 0xff, 0x38,

    /* U+01E6 "Ǧ" */
    0x0, 0xe1, 0x77, 0x0, 0x65, 0x84, 0x0, 0xff,
    0x9f, 0xec, 0x0, 0xbf, 0x60, 0x1f, 0xfc, 0x18,
    0xf8, 0x3f, 0xc0, 0xf, 0xfe, 0x1c, 0x7f, 0xb0,
    0x3, 0xff, 0x8b, 0x38, 0x20, 0x1f, 0xfe, 0xa5,
    0xad, 0xff, 0x76, 0x41, 0x0, 0x7f, 0x27, 0x7f,
    0xff, 0x48, 0x7, 0xcf, 0xff, 0xff, 0xc0, 0xd1,
    0x0, 0xcd, 0xff, 0x73, 0x88, 0x0, 0x52, 0xff,
    0xed, 0x0, 0x8b, 0xfe, 0xb1, 0x0, 0xf9, 0x7f,
    0xe8, 0x0, 0x4f, 0xfb, 0x40, 0x3f, 0xcd, 0xfe,
    0xc0, 0x7, 0xfc, 0x80, 0x1f, 0xf3, 0x10, 0x1,
    0x3f, 0xdc, 0x1, 0xff, 0xc4, 0x7f, 0xf5, 0x0,
    0x7f, 0xf1, 0x27, 0xfd, 0x0, 0x1f, 0x4d, 0xdf,
    0xc3, 0x3f, 0xe7, 0x0, 0xfb, 0x7f, 0xfe, 0x19,
    0xff, 0x40, 0x7, 0xdb, 0xff, 0xf0, 0xbf, 0xfa,
    0x80, 0x3f, 0xf8, 0x15, 0xfe, 0x14, 0xff, 0x70,
    0x7, 0xff, 0x3, 0x7f, 0xc2, 0x1f, 0xf2, 0x0,
    0x7f, 0x8b, 0xfe, 0x10, 0x9f, 0xf6, 0x80, 0x7f,
    0xab, 0xfe, 0x10, 0x2f, 0xfa, 0xc4, 0x3, 0xe7,
    0xff, 0xc2, 0x0, 0x6f, 0xfb, 0x9c, 0x40, 0x24,
    0xbf, 0xfe, 0x10, 0xa, 0x3f, 0xfd, 0xdf, 0xfa,
    0xb7, 0xfc, 0x20, 0x19, 0x7b, 0xff, 0xf5, 0x5,
    0xff, 0x84, 0x3, 0xcd, 0x7d, 0xfe, 0xda, 0x30,
    0x5, 0x7f, 0x84,

    /* U+01E7 "ǧ" */
    0x0, 0x2f, 0xe8, 0x80, 0x17, 0xf4, 0x40, 0x3c,
    0xbf, 0xa2, 0x9f, 0xa2, 0x1, 0xf9, 0xbf, 0x3f,
    0x44, 0x3, 0xfc, 0xdf, 0xc2, 0x1, 0xff, 0xc0,
    0x62, 0x0, 0xff, 0xe3, 0xd, 0x8, 0x6, 0x39,
    0xdf, 0xeb, 0x53, 0xef, 0xb0, 0x9, 0xff, 0xff,
    0xce, 0x0, 0x5f, 0xfa, 0x9e, 0x3b, 0xfe, 0x50,
    0xb, 0x7f, 0xca, 0x1, 0xf, 0x7f, 0x88, 0x0,
    0x3f, 0xed, 0x0, 0xe8, 0xff, 0x30, 0x0, 0xbf,
    0xd8, 0x1, 0xcf, 0xfe, 0x70, 0xb, 0xfe, 0x10,
    0xd, 0x7f, 0xe5, 0x0, 0xa7, 0xfd, 0xa6, 0x5,
    0x3f, 0xee, 0x0, 0xc3, 0xff, 0xfc, 0xa0, 0x1a,
    0xff, 0xfe, 0xc3, 0x0, 0xc9, 0xfe, 0x40, 0x34,
    0x40, 0x80, 0x79, 0xff, 0xcc, 0x1, 0xff, 0x1f,
    0xfd, 0x90, 0xc6, 0x20, 0x1f, 0x3f, 0xff, 0xdd,
    0x48, 0x1, 0x87, 0x7f, 0xff, 0xa4, 0x0, 0xbd,
    0xf6, 0x0, 0x35, 0x8c, 0xff, 0x90, 0x37, 0xfc,
    0x1, 0xf4, 0x7f, 0xa0, 0x2f, 0xfc, 0x40, 0x1e,
    0x7f, 0xf3, 0x82, 0xff, 0xba, 0x10, 0x88, 0x71,
    0xff, 0x10, 0x1, 0xff, 0xff, 0xca, 0x1, 0x85,
    0xf3, 0xbf, 0xdd, 0x90, 0x20, 0x10,

    /* U+01EA "Ǫ" */
    0x0, 0xf2, 0xd6, 0xff, 0xba, 0xdc, 0x40, 0x3f,
    0xc9, 0xdf, 0xff, 0xd2, 0x1, 0xf9, 0xff, 0xff,
    0xf8, 0x18, 0x20, 0x1c, 0xdf, 0xf7, 0x38, 0x80,
    0x5, 0x2f, 0xfe, 0xc0, 0xc, 0x5f, 0xf5, 0x88,
    0x7, 0xcf, 0xff, 0x40, 0x5, 0x3f, 0xed, 0x0,
    0xff, 0x47, 0xfc, 0x20, 0xf, 0xf9, 0x0, 0x3f,
    0xee, 0xff, 0x30, 0x27, 0xfb, 0x80, 0x3f, 0xf8,
    0x13, 0xfe, 0xb0, 0x7f, 0xf5, 0x0, 0x7f, 0xf0,
    0x13, 0xfd, 0xa1, 0x3f, 0xe8, 0x0, 0xff, 0xe0,
    0x17, 0xfc, 0x13, 0xfe, 0x70, 0xf, 0xfe, 0x0,
    0xff, 0xc1, 0x3f, 0xe8, 0x0, 0xff, 0xe0, 0x17,
    0xfc, 0xf, 0xfe, 0xa0, 0xf, 0xfe, 0x2, 0x7f,
    0xb8, 0x13, 0xfd, 0xc0, 0x1f, 0xfc, 0x8, 0xff,
    0x58, 0x3, 0xfe, 0x40, 0xf, 0xfb, 0xbf, 0xcc,
    0x0, 0xaf, 0xf6, 0x80, 0x7f, 0xa3, 0xfe, 0x10,
    0x1, 0x7f, 0xd6, 0x1, 0xf9, 0xff, 0xe7, 0x0,
    0xcd, 0xff, 0x6b, 0x88, 0x0, 0x52, 0xff, 0xec,
    0x0, 0xf4, 0x7f, 0xff, 0xf0, 0x30, 0x40, 0x3e,
    0x5e, 0xff, 0xfe, 0x90, 0xf, 0xf9, 0x6b, 0x7f,
    0xed, 0x71, 0x0, 0xff, 0xe1, 0xe, 0xf1, 0x80,
    0x7f, 0xf1, 0x73, 0x88, 0x3, 0xff, 0x8a, 0x7f,
    0x0, 0x1f, 0xfc, 0x64, 0xf8, 0x0, 0x38, 0x7,
    0xff, 0xc, 0x7f, 0xd7, 0xbe, 0xc0, 0x1f, 0xfc,
    0x34, 0xcf, 0xd7, 0x0, 0xfc,

    /* U+01EB "ǫ" */
    0x0, 0xc9, 0x5b, 0xfd, 0x8c, 0x1, 0xe1, 0xbf,
    0xff, 0xb4, 0xc0, 0x36, 0xff, 0xd7, 0x35, 0xff,
    0x88, 0x1, 0x3f, 0xed, 0x20, 0xd, 0x5f, 0xed,
    0x1, 0xff, 0x84, 0x3, 0xd9, 0xfe, 0x46, 0xff,
    0x48, 0x7, 0xcb, 0xfe, 0xa8, 0xff, 0x30, 0x7,
    0xc5, 0xfe, 0xca, 0xff, 0x28, 0x7, 0xc3, 0xfe,
    0xe8, 0xff, 0x30, 0x7, 0xc5, 0xfe, 0xc6, 0xff,
    0x48, 0x7, 0xcd, 0xfe, 0xa1, 0xff, 0x88, 0x3,
    0xdb, 0xfe, 0x40, 0x9f, 0xf6, 0x90, 0x4, 0x35,
    0xfe, 0xc0, 0xb, 0x7f, 0xec, 0xab, 0xff, 0xc4,
    0x1, 0xd, 0xff, 0xfd, 0xa4, 0x1, 0xe4, 0xad,
    0xff, 0x6b, 0x0, 0x7f, 0xaf, 0xd8, 0x3, 0xfe,
    0xaf, 0x40, 0xf, 0xf8, 0xbe, 0x40, 0x3f, 0xf8,
    0x7, 0xf2, 0x0, 0x60, 0xf, 0xf7, 0x7d, 0xef,
    0xc0, 0x7, 0xf1, 0xe7, 0xf4, 0x0, 0x70,

    /* U+01FA "Ǻ" */
    0x0, 0xff, 0xe0, 0xe7, 0xf9, 0x0, 0x3f, 0xf8,
    0x75, 0xfc, 0x60, 0x1f, 0xfc, 0x4, 0x97, 0x9f,
    0xe2, 0x0, 0xff, 0xe0, 0x4f, 0xff, 0x10, 0x7,
    0xff, 0x0, 0xfe, 0x80, 0xfb, 0x0, 0x3f, 0xf8,
    0x2d, 0xe6, 0x0, 0xae, 0x0, 0xff, 0xe0, 0x9f,
    0xd0, 0x9f, 0x58, 0x7, 0xff, 0xa, 0x3f, 0xf1,
    0x0, 0x7f, 0xf0, 0x87, 0xfe, 0x90, 0xf, 0xfe,
    0x1b, 0x7f, 0xdc, 0x1, 0xff, 0xc3, 0xcf, 0xfc,
    0x80, 0x1f, 0xfc, 0x13, 0xff, 0x77, 0xfa, 0x80,
    0x3f, 0xf8, 0x33, 0xfe, 0x6e, 0xff, 0x8, 0x7,
    0xff, 0x3, 0xbf, 0xc3, 0x1f, 0xe6, 0x0, 0xff,
    0x97, 0xfd, 0x40, 0x7f, 0xec, 0x0, 0xff, 0xaf,
    0xfc, 0xa0, 0xd, 0xff, 0x18, 0x7, 0xf1, 0x7f,
    0xb8, 0x2, 0x7f, 0xf4, 0x80, 0x7f, 0x47, 0xfa,
    0x40, 0x21, 0xff, 0x70, 0x7, 0xf7, 0x7f, 0x8c,
    0x3, 0x5f, 0xf9, 0x40, 0x3e, 0x4f, 0xf6, 0x80,
    0x73, 0x7f, 0xac, 0x3, 0xea, 0xff, 0x40, 0x7,
    0xbf, 0xe2, 0x0, 0xe1, 0xff, 0xff, 0xe0, 0xc0,
    0x7, 0x3f, 0xff, 0xff, 0x7, 0x80, 0x3b, 0x7f,
    0xdd, 0x77, 0xfb, 0xfe, 0x40, 0x8, 0xff, 0xe1,
    0x0, 0xfd, 0x3f, 0xea, 0x0, 0xa7, 0xfd, 0x40,
    0x1f, 0xc7, 0xff, 0x8, 0x3, 0xfe, 0x50, 0xf,
    0xf6, 0xff, 0x98, 0x1b, 0xfd, 0xc0, 0x1f, 0xf3,
    0xff, 0xb4, 0x0,

    /* U+01FB "ǻ" */
    0x0, 0xff, 0x3f, 0xfa, 0x0, 0x3f, 0xc9, 0xfe,
    0x80, 0xf, 0x85, 0xe5, 0xff, 0xce, 0x1, 0xf1,
    0x77, 0xfe, 0x60, 0xf, 0xd7, 0xe6, 0x15, 0xe6,
    0x1, 0xfb, 0xac, 0x0, 0x7e, 0xc0, 0x1f, 0xb7,
    0x40, 0x6, 0xf4, 0x0, 0xfc, 0xdf, 0xb5, 0xfa,
    0x1, 0xfe, 0x6e, 0xfb, 0x10, 0xf, 0xfe, 0x5a,
    0x4e, 0xff, 0xba, 0x90, 0x3, 0x86, 0xff, 0xff,
    0x50, 0x4, 0x3d, 0xff, 0x5c, 0x4e, 0x7f, 0xd0,
    0x1, 0x37, 0xd0, 0x80, 0x66, 0xff, 0x80, 0x31,
    0x80, 0x7d, 0x9f, 0xe4, 0x0, 0xff, 0xa7, 0xfc,
    0xc0, 0x12, 0x56, 0xff, 0xfe, 0x60, 0x4, 0x7f,
    0xff, 0xcc, 0x7, 0xff, 0x4a, 0x19, 0xec, 0xff,
    0x30, 0x47, 0xfa, 0x0, 0x3d, 0xff, 0x30, 0x4f,
    0xf9, 0x40, 0x38, 0x7f, 0xe6, 0x7, 0xff, 0x58,
    0x6, 0x1c, 0xff, 0x98, 0x7, 0xfe, 0xd7, 0x69,
    0xef, 0xfc, 0xc0, 0x4, 0xff, 0xfa, 0xdf, 0xfc,
    0xc0, 0x10, 0xce, 0xff, 0xb1, 0x81, 0x7f, 0xcc,
    0x0,

    /* U+01FC "Ǽ" */
    0x0, 0xff, 0xe1, 0xbf, 0xfa, 0x0, 0x3f, 0xf9,
    0x27, 0xfe, 0x90, 0xf, 0xfe, 0x48, 0xf7, 0xd0,
    0x7, 0xff, 0x2a, 0xfe, 0xc0, 0x3f, 0xf9, 0x45,
    0xe, 0x1, 0xff, 0xe1, 0xaf, 0xff, 0xfe, 0x26,
    0x0, 0x7c, 0x3f, 0xff, 0xfc, 0x5c, 0x0, 0xf9,
    0xbf, 0xdb, 0x7f, 0xf5, 0xdf, 0xfa, 0x40, 0x3e,
    0xcf, 0xf1, 0xf, 0xfc, 0x1, 0xff, 0xc5, 0x3f,
    0xf6, 0x0, 0xff, 0xc0, 0x1f, 0xfc, 0x59, 0xff,
    0x30, 0xf, 0xfc, 0x1, 0xff, 0xc5, 0xef, 0xf0,
    0x80, 0xff, 0xc0, 0x1f, 0xfc, 0x45, 0xff, 0x50,
    0x0, 0x7f, 0xe0, 0xf, 0xfe, 0x25, 0xff, 0x90,
    0x0, 0x3f, 0xf0, 0x7, 0xff, 0xc, 0xbf, 0xdc,
    0x1, 0xf, 0xfd, 0x99, 0xfc, 0xa0, 0x1d, 0x1f,
    0xe9, 0x0, 0x87, 0xff, 0xff, 0x80, 0xc0, 0x1d,
    0xdf, 0xe3, 0x0, 0x87, 0xff, 0xff, 0x80, 0xc0,
    0x19, 0x3f, 0xda, 0x1, 0x87, 0xfe, 0x0, 0xff,
    0xe1, 0x57, 0xfd, 0x99, 0xbb, 0xfe, 0x0, 0xff,
    0xe0, 0x8f, 0xff, 0xff, 0x0, 0x3, 0xff, 0x82,
    0xff, 0xff, 0xfc, 0x0, 0xf, 0xfe, 0xe, 0xff,
    0x98, 0x3, 0x87, 0xfe, 0x0, 0xff, 0xe0, 0x1f,
    0xfc, 0x20, 0x1c, 0x3f, 0xf0, 0x7, 0xff, 0x2,
    0x7f, 0xd4, 0x1, 0xe1, 0xff, 0xae, 0xff, 0xd2,
    0x1f, 0xf2, 0x80, 0x78, 0x7f, 0xff, 0xf8, 0x38,
    0xdf, 0xee, 0x0, 0xf8, 0x7f, 0xff, 0xf8, 0x38,

    /* U+01FD "ǽ" */
    0x0, 0xff, 0xe0, 0x9f, 0xfb, 0x4, 0x3, 0xff,
    0x8c, 0x3b, 0xfa, 0x20, 0x1f, 0xfc, 0x7b, 0xfd,
    0x10, 0xf, 0xfe, 0x3b, 0xfe, 0x88, 0x7, 0xff,
    0x21, 0x54, 0x20, 0x1f, 0xfd, 0x92, 0x8c, 0xef,
    0xeb, 0x40, 0x9, 0x73, 0xbf, 0x64, 0xc0, 0x3a,
    0x7f, 0xff, 0x40, 0x57, 0xff, 0xd0, 0x1, 0x67,
    0xfd, 0x93, 0x2c, 0xff, 0xab, 0xfd, 0xb3, 0x2c,
    0xff, 0x94, 0x0, 0x9d, 0x84, 0x1, 0x97, 0xff,
    0x30, 0x6, 0x6f, 0xf7, 0x0, 0x42, 0x1, 0xf5,
    0x7f, 0xa4, 0x3, 0xd5, 0xfe, 0x30, 0xf, 0xf4,
    0x7f, 0x90, 0x3, 0xc9, 0xfe, 0x70, 0x1, 0xd6,
    0xff, 0xff, 0xf1, 0xa0, 0x23, 0xff, 0xff, 0x93,
    0x7, 0xff, 0x52, 0x99, 0x15, 0x5f, 0xe6, 0x22,
    0xfe, 0x18, 0xff, 0x50, 0x7, 0xb3, 0xfc, 0xe0,
    0x1f, 0xe9, 0xff, 0x38, 0x7, 0x27, 0xfd, 0xc0,
    0x1f, 0x8, 0x1, 0xff, 0xda, 0x20, 0x12, 0x77,
    0xd7, 0xfa, 0x80, 0x30, 0xd7, 0x10, 0xf, 0xfe,
    0xbb, 0x6f, 0xfa, 0x43, 0x3f, 0xeb, 0xac, 0xff,
    0xb4, 0x0, 0xbf, 0xff, 0x50, 0x0, 0x77, 0xff,
    0xed, 0x20, 0x8, 0xeb, 0xbf, 0xad, 0x40, 0x39,
    0xf3, 0xbf, 0xad, 0x80, 0x20,

    /* U+01FE "Ǿ" */
    0x0, 0xff, 0xe0, 0x34, 0x40, 0x80, 0x3f, 0xf8,
    0x8b, 0xfe, 0x90, 0xf, 0xfe, 0x21, 0x7f, 0xa8,
    0x3, 0xff, 0x8b, 0x9f, 0x40, 0x1f, 0xfc, 0x58,
    0xfb, 0x0, 0xff, 0xf6, 0xad, 0x6f, 0xfb, 0xad,
    0xc4, 0x27, 0xdc, 0x3, 0xc9, 0xdf, 0xff, 0xdb,
    0xf6, 0x1, 0xe7, 0xff, 0xff, 0xe0, 0x90, 0x7,
    0x37, 0xfd, 0xce, 0x20, 0x1, 0x4c, 0xff, 0xb0,
    0x3, 0x17, 0xfd, 0x62, 0x1, 0xe7, 0xff, 0xd0,
    0x1, 0x4f, 0xfb, 0x40, 0x3e, 0x3f, 0xd9, 0xff,
    0x84, 0x1, 0xff, 0x20, 0x7, 0xdb, 0xe4, 0x1d,
    0xfe, 0x60, 0x4f, 0xf7, 0x0, 0x7d, 0x5e, 0xc0,
    0x9, 0xff, 0x58, 0x3f, 0xfa, 0x80, 0x3c, 0xdf,
    0x40, 0x12, 0x7f, 0xb4, 0x27, 0xfd, 0x0, 0x1c,
    0x5f, 0xc2, 0x1, 0x17, 0xfc, 0x13, 0xfe, 0x70,
    0xe, 0xcf, 0x30, 0xc, 0x3f, 0xf0, 0x4f, 0xfa,
    0x0, 0x34, 0x7c, 0x0, 0x71, 0x7f, 0xc0, 0xff,
    0xea, 0x0, 0x93, 0xf0, 0x3, 0xc9, 0xfe, 0xe0,
    0x4f, 0xf7, 0x0, 0x7, 0xb8, 0x20, 0x1e, 0x8f,
    0xf5, 0x80, 0x3f, 0xe4, 0xb, 0xf5, 0x0, 0xfb,
    0xbf, 0xcc, 0x0, 0xaf, 0xf6, 0xbf, 0xc8, 0x7,
    0xd1, 0xff, 0x8, 0x0, 0xbf, 0xf7, 0x0, 0x7c,
    0xff, 0xf3, 0x80, 0x66, 0xff, 0xce, 0x20, 0x1,
    0x4b, 0xff, 0xb0, 0x3, 0xdf, 0xff, 0xfc, 0x1c,
    0x10, 0xe, 0x5f, 0xf7, 0x7f, 0xff, 0x48, 0x7,
    0x8b, 0xf8, 0x41, 0x6b, 0x7f, 0xdd, 0x8e, 0x20,
    0x1e,

    /* U+01FF "ǿ" */
    0x0, 0xfe, 0x8f, 0xf3, 0x80, 0x7f, 0x97, 0xfd,
    0x0, 0x1f, 0xe2, 0xef, 0x80, 0xf, 0xfb, 0x3e,
    0x0, 0x3f, 0xe1, 0x54, 0x0, 0x84, 0x40, 0x1f,
    0xfc, 0x2, 0xf5, 0x0, 0xe4, 0xad, 0xfe, 0xc6,
    0xcb, 0x0, 0xc3, 0x7f, 0xff, 0x90, 0x3, 0x6f,
    0xfd, 0x73, 0x5f, 0xf8, 0x80, 0x13, 0xfe, 0xd2,
    0x0, 0xaf, 0xfe, 0xd0, 0x1f, 0xf8, 0x40, 0x24,
    0xf3, 0xcf, 0xf2, 0x37, 0xfa, 0x40, 0x36, 0xc8,
    0x2f, 0xfa, 0xa3, 0xfc, 0xc0, 0x14, 0x70, 0x0,
    0xbf, 0xd9, 0x5f, 0xe5, 0x0, 0x17, 0xa8, 0x0,
    0x7f, 0xdd, 0x1f, 0xe6, 0x0, 0x65, 0x0, 0x45,
    0xfe, 0xc6, 0xff, 0x48, 0x37, 0x88, 0x4, 0xdf,
    0xea, 0x1f, 0xf8, 0xfd, 0x80, 0x36, 0xff, 0x90,
    0x27, 0xff, 0x0, 0x43, 0x5f, 0xec, 0x0, 0xb7,
    0xfe, 0xca, 0xbf, 0xfc, 0x40, 0x10, 0xff, 0xfe,
    0xd2, 0x0, 0xd1, 0xcb, 0x5b, 0xfd, 0x6c, 0x1,
    0xc5, 0xe8, 0x1, 0xff, 0x0,

    /* U+0218 "Ș" */
    0x0, 0xc9, 0x5d, 0xfd, 0x8c, 0x1, 0xf5, 0xff,
    0xfd, 0xa4, 0x1, 0xaf, 0xfe, 0xeb, 0xdf, 0xfb,
    0x84, 0x0, 0x9f, 0xf2, 0x80, 0x47, 0xbf, 0xe8,
    0x0, 0x47, 0xfa, 0x40, 0x38, 0x75, 0x80, 0x29,
    0xff, 0x38, 0x7, 0xfc, 0xff, 0xeb, 0x0, 0xff,
    0x8b, 0xfe, 0xa1, 0x0, 0xff, 0x47, 0xfe, 0x93,
    0x0, 0xfe, 0x6f, 0xfe, 0xc5, 0x0, 0xfc, 0x33,
    0xff, 0xda, 0x60, 0x1f, 0xcd, 0xbf, 0xf9, 0x40,
    0x3f, 0xc9, 0xbf, 0xf1, 0x0, 0x7f, 0xd9, 0xfe,
    0x81, 0x59, 0x10, 0xf, 0x97, 0xfd, 0x7b, 0xfe,
    0x60, 0xf, 0x93, 0xfd, 0x71, 0xfe, 0xe1, 0x0,
    0xf5, 0x7f, 0xa0, 0x7f, 0xed, 0x40, 0xd, 0x1f,
    0xf1, 0x2, 0xff, 0xee, 0xcc, 0x7f, 0xe8, 0x0,
    0x93, 0xbf, 0xff, 0x40, 0x7, 0x9a, 0xfb, 0xfb,
    0x60, 0x80, 0x3f, 0xf9, 0x65, 0x76, 0x80, 0xf,
    0xfa, 0x7f, 0xc4, 0x1, 0xfe, 0x1f, 0xf2, 0x80,
    0x7f, 0xd3, 0xf2, 0x1, 0xff, 0xf, 0xe0, 0x7,
    0xf0,

    /* U+0219 "ș" */
    0x0, 0x8a, 0x77, 0xfb, 0x1c, 0x40, 0x32, 0xff,
    0xfd, 0xc6, 0x0, 0x1f, 0xfa, 0x15, 0x55, 0xfe,
    0xe0, 0x2, 0xff, 0x9c, 0x3, 0x1f, 0x20, 0x1,
    0x7f, 0xd0, 0x1, 0xfc, 0x5f, 0xf5, 0xb1, 0x0,
    0x7c, 0xff, 0xfd, 0xb0, 0x40, 0x1c, 0x75, 0xff,
    0xe7, 0x0, 0xf9, 0x67, 0xbf, 0xe4, 0x0, 0xfe,
    0xaf, 0xf5, 0x0, 0x20, 0x80, 0x38, 0xbf, 0xd6,
    0x17, 0xfa, 0x40, 0x19, 0xbf, 0xd2, 0x15, 0xff,
    0x53, 0xba, 0xbf, 0xe3, 0x0, 0x47, 0xff, 0xe6,
    0x0, 0xc7, 0x3b, 0xfe, 0xd9, 0x20, 0xf, 0xfe,
    0x43, 0x4c, 0x88, 0x3, 0xf1, 0x7f, 0xa8, 0x3,
    0xfa, 0x7f, 0x40, 0x3f, 0x87, 0xfc, 0x40, 0x1f,
    0xd3, 0xea, 0x1, 0xf0,

    /* U+021A "Ț" */
    0x9f, 0xff, 0xfe, 0x21, 0x4f, 0xff, 0xff, 0x10,
    0x9a, 0xef, 0xdd, 0xfe, 0xdb, 0xbf, 0x8, 0x7,
    0xd7, 0xfe, 0x50, 0xf, 0xfe, 0x15, 0xff, 0x94,
    0x3, 0xff, 0x85, 0x7f, 0xe5, 0x0, 0xff, 0xe1,
    0x5f, 0xf9, 0x40, 0x3f, 0xf8, 0x57, 0xfe, 0x50,
    0xf, 0xfe, 0x15, 0xff, 0x94, 0x3, 0xff, 0x85,
    0x7f, 0xe5, 0x0, 0xff, 0xe1, 0x5f, 0xf9, 0x40,
    0x3f, 0xf8, 0x57, 0xfe, 0x50, 0xf, 0xfe, 0x15,
    0xff, 0x94, 0x3, 0xff, 0x85, 0x7f, 0xe5, 0x0,
    0xff, 0xe1, 0x5f, 0xf9, 0x40, 0x3f, 0xf8, 0x57,
    0xfe, 0x50, 0xf, 0xfe, 0x15, 0xff, 0x94, 0x3,
    0xff, 0x85, 0x7f, 0xe5, 0x0, 0xff, 0xe1, 0x5f,
    0xf9, 0x40, 0x3f, 0xf8, 0x57, 0xfe, 0x50, 0xf,
    0xfe, 0x15, 0xff, 0x94, 0x3, 0xff, 0xa8, 0xac,
    0xc0, 0xf, 0xfe, 0x11, 0xff, 0xa4, 0x3, 0xff,
    0x85, 0x9f, 0x60, 0x1f, 0xfc, 0x24, 0xfd, 0x10,
    0xf, 0xfe, 0x16, 0x79, 0x0, 0x7f, 0x80,

    /* U+021B "ț" */
    0x0, 0xe1, 0x10, 0x7, 0xcf, 0xe6, 0x1, 0xeb,
    0xff, 0x18, 0x7, 0xb3, 0xfc, 0x60, 0x1e, 0xcf,
    0xf1, 0x80, 0x7b, 0x3f, 0xc6, 0x1, 0x5f, 0xff,
    0xe9, 0xbf, 0xff, 0xd2, 0x68, 0x8f, 0xf9, 0xd1,
    0x4, 0x1, 0x67, 0xf8, 0xc0, 0x3d, 0x9f, 0xe3,
    0x0, 0xf6, 0x7f, 0x8c, 0x3, 0xd9, 0xfe, 0x30,
    0xf, 0x67, 0xf8, 0xc0, 0x3d, 0x9f, 0xe3, 0x0,
    0xf6, 0x7f, 0x8c, 0x3, 0xd9, 0xfe, 0x30, 0xf,
    0x5f, 0xf9, 0xc0, 0x3d, 0x1f, 0xf4, 0x3a, 0x80,
    0x43, 0xdf, 0xfa, 0x40, 0x31, 0x57, 0x7e, 0xa8,
    0x7, 0xff, 0x9, 0x66, 0x48, 0x1, 0xee, 0xfc,
    0x0, 0xf3, 0xff, 0x8, 0x7, 0xbb, 0xcc, 0x3,
    0xcf, 0xee, 0x1, 0xc0,

    /* U+0232 "Ȳ" */
    0x0, 0xef, 0xff, 0xc8, 0x1, 0xfd, 0x79, 0x9f,
    0x18, 0x7, 0xff, 0x71, 0xff, 0xe1, 0x0, 0xfe,
    0xbf, 0xf5, 0x86, 0xff, 0xa4, 0x3, 0xf2, 0x7f,
    0xc4, 0x9, 0xff, 0x10, 0x7, 0xdb, 0xfe, 0x90,
    0xa, 0xff, 0xd4, 0x1, 0xe6, 0xff, 0x70, 0x80,
    0x45, 0xff, 0x18, 0x7, 0x77, 0xf9, 0xc0, 0x3a,
    0x7f, 0xd6, 0x1, 0xa3, 0xfd, 0xa0, 0x1e, 0x1e,
    0xff, 0x20, 0x0, 0x7f, 0xe4, 0x0, 0xf9, 0xbf,
    0xda, 0x0, 0xaf, 0xf5, 0x80, 0x7f, 0x6f, 0xf9,
    0x8f, 0xfe, 0x20, 0xf, 0xe4, 0xff, 0x76, 0x7f,
    0xa4, 0x3, 0xfe, 0xbf, 0xfe, 0x10, 0xf, 0xf8,
    0xbf, 0xf3, 0x80, 0x7f, 0xf0, 0x63, 0xfd, 0xc0,
    0x1f, 0xfc, 0x25, 0xff, 0x58, 0x7, 0xff, 0x9,
    0x7f, 0xd6, 0x1, 0xff, 0xc2, 0x5f, 0xf5, 0x80,
    0x7f, 0xf0, 0x97, 0xfd, 0x60, 0x1f, 0xfc, 0x25,
    0xff, 0x58, 0x7, 0xff, 0x9, 0x7f, 0xd6, 0x1,
    0xff, 0xc2, 0x5f, 0xf5, 0x80, 0x7f, 0xf0, 0x97,
    0xfd, 0x60, 0x1f, 0x0,

    /* U+0233 "ȳ" */
    0x0, 0x8f, 0xff, 0xf0, 0x7, 0xc5, 0x99, 0xf5,
    0x80, 0x7f, 0xf6, 0xf, 0xfe, 0x0, 0xf9, 0x3f,
    0xdc, 0x0, 0xcf, 0xf3, 0x0, 0x7a, 0x7f, 0xd0,
    0x0, 0x6f, 0xf6, 0x0, 0x7b, 0xfe, 0x10, 0xb,
    0xfe, 0x10, 0xc, 0xbf, 0xeb, 0x0, 0xd3, 0xfe,
    0x70, 0xd, 0x7f, 0xe4, 0x0, 0xc5, 0xfe, 0xd0,
    0x8, 0x7f, 0xdc, 0x1, 0xec, 0xff, 0x18, 0x1,
    0xff, 0xce, 0x1, 0xe5, 0xff, 0x48, 0x3, 0x7f,
    0xc2, 0x1, 0xf7, 0x7f, 0x1, 0xff, 0xa8, 0x3,
    0xf4, 0x7f, 0x92, 0x7f, 0xc8, 0x1, 0xf8, 0xbf,
    0xd5, 0xdf, 0xa0, 0x1f, 0xeb, 0xff, 0xce, 0x1,
    0xfe, 0x5f, 0xfc, 0x20, 0x1f, 0xf7, 0x7f, 0xa8,
    0x3, 0xff, 0x81, 0xdf, 0xe4, 0x0, 0xff, 0x97,
    0xfd, 0xa0, 0x1f, 0xfc, 0xb, 0xff, 0x38, 0x7,
    0xfc, 0x5f, 0xf0, 0x80, 0x7f, 0xd1, 0xfe, 0xa0,
    0xf, 0xfe, 0x7, 0x7f, 0x8c, 0x3, 0xfe, 0x5f,
    0xf6, 0x80, 0x7f, 0x0,

    /* U+0237 "ȷ" */
    0x0, 0xbf, 0xe0, 0xb, 0xfe, 0x0, 0xbf, 0xe0,
    0xb, 0xfe, 0x0, 0xbf, 0xe0, 0xb, 0xfe, 0x0,
    0xbf, 0xe0, 0xb, 0xfe, 0x0, 0xbf, 0xe0, 0xb,
    0xfe, 0x0, 0xbf, 0xe0, 0xb, 0xfe, 0x0, 0xbf,
    0xe0, 0xb, 0xfe, 0x0, 0xbf, 0xe0, 0xb, 0xfe,
    0x0, 0xbf, 0xe0, 0x1, 0x7f, 0xba, 0xaf, 0xbf,
    0xd9, 0x8f, 0xfc, 0xd1, 0xbf, 0xae, 0x0,

    /* U+0259 "ə" */
    0x0, 0x96, 0xfb, 0xfb, 0x60, 0x40, 0x31, 0x6f,
    0xff, 0xe5, 0x0, 0xbb, 0xfe, 0xca, 0xbe, 0xff,
    0x90, 0x0, 0x7f, 0x42, 0x1, 0xa7, 0xfd, 0xc0,
    0x11, 0x0, 0x7d, 0x9f, 0xe5, 0x0, 0xff, 0x2f,
    0xfa, 0x44, 0x8b, 0xf9, 0x3f, 0xd9, 0x3f, 0xff,
    0xfc, 0xd, 0x9f, 0xff, 0xfe, 0x6, 0x3f, 0xf8,
    0xc0, 0x3c, 0x5f, 0xe9, 0x4f, 0xf4, 0x0, 0x79,
    0xff, 0xc8, 0x1b, 0xfe, 0x40, 0xc, 0x9f, 0xee,
    0x0, 0x27, 0xfd, 0x6f, 0x17, 0xff, 0x20, 0x4,
    0xdf, 0xff, 0x94, 0x3, 0x8a, 0x77, 0xfd, 0xb2,
    0x40, 0x10,

    /* U+0272 "ɲ" */
    0x0, 0xbb, 0xfc, 0x7, 0x5b, 0xfd, 0x46, 0x1,
    0xdd, 0xfe, 0x6f, 0xff, 0x98, 0x3, 0x77, 0xfe,
    0xb9, 0xaf, 0xfc, 0x40, 0x17, 0x7f, 0xc6, 0x1,
    0x17, 0x7f, 0xa0, 0x2, 0xef, 0xf4, 0x80, 0x73,
    0xff, 0xac, 0x2, 0xef, 0xf2, 0x0, 0x72, 0x7f,
    0xb0, 0x2, 0xef, 0xf1, 0x0, 0x71, 0xff, 0xb0,
    0x2, 0xef, 0xf0, 0x80, 0x71, 0xff, 0xb0, 0x2,
    0xef, 0xf0, 0x7, 0x8f, 0xfd, 0x80, 0x17, 0x7f,
    0x80, 0x3c, 0x7f, 0xec, 0x0, 0xbb, 0xfc, 0x1,
    0xe3, 0xff, 0x60, 0x5, 0xdf, 0xe0, 0xf, 0x1f,
    0xfb, 0x0, 0x2e, 0xff, 0x0, 0x78, 0xff, 0xd8,
    0x1, 0x77, 0xf8, 0x3, 0xc7, 0xfe, 0xc0, 0xb,
    0xbf, 0xc0, 0x1e, 0x3f, 0xf6, 0x0, 0x5d, 0xfe,
    0x0, 0xff, 0xe0, 0xf7, 0xf8, 0x3, 0xff, 0x83,
    0xdf, 0xe0, 0xf, 0xf1, 0xcd, 0xff, 0xb8, 0x3,
    0xfc, 0xbf, 0xfa, 0x40, 0x3f, 0xc7, 0x9f, 0xd2,
    0x1, 0xff, 0x0,

    /* U+02C6 "ˆ" */
    0x0, 0xce, 0xa0, 0x1f, 0x37, 0xf9, 0x0, 0x39,
    0x7f, 0xb9, 0xe6, 0x1, 0x27, 0xf1, 0x1f, 0xf8,
    0xc0, 0xff, 0xc6, 0x0, 0x4f, 0xe2,

    /* U+02C7 "ˇ" */
    0x3f, 0xf1, 0x80, 0x13, 0xf8, 0x80, 0xff, 0x89,
    0x3f, 0x88, 0x2, 0x4f, 0xef, 0xe2, 0x0, 0xe4,
    0xff, 0x18, 0x7, 0xca, 0x60, 0x18,

    /* U+02D8 "˘" */
    0x9f, 0x80, 0xd, 0x3f, 0xd, 0xfc, 0x40, 0x3,
    0xff, 0x28, 0x6f, 0xfb, 0x75, 0xfe, 0xc0, 0x0,
    0xce, 0xff, 0xb6, 0x0, 0x0,

    /* U+02D9 "˙" */
    0x59, 0x93, 0x57, 0xfa, 0xeb, 0xfd, 0x75, 0xfe,
    0xb0,

    /* U+02DA "˚" */
    0x0, 0x34, 0xb0, 0x5, 0x7f, 0xf6, 0x83, 0x7b,
    0x83, 0x7b, 0xcf, 0x80, 0x5d, 0x71, 0xe6, 0x3,
    0xf2, 0x5f, 0xd5, 0xde, 0x60, 0x79, 0xfa, 0x80,

    /* U+02DB "˛" */
    0x1, 0xbf, 0x60, 0xb, 0x38, 0x80, 0x27, 0xf4,
    0x0, 0xd3, 0xe6, 0x2, 0xa0, 0xdf, 0xd7, 0xfe,
    0x20, 0x7e, 0xfc, 0x40,

    /* U+02DC "˜" */
    0x4, 0xdf, 0xb1, 0x0, 0x57, 0x88, 0xbf, 0xdd,
    0xfc, 0x41, 0xde, 0xf, 0xec, 0x13, 0xfe, 0xef,
    0x90, 0x9f, 0x20, 0x3, 0xf7, 0xd0, 0x0,

    /* U+02DD "˝" */
    0x0, 0x9a, 0xe8, 0x0, 0x37, 0x6a, 0x0, 0x8f,
    0xfc, 0xa0, 0xb, 0xff, 0x18, 0x5, 0xbf, 0x0,
    0x6, 0xff, 0x20, 0x5, 0x3f, 0x60, 0x2, 0xff,
    0x28, 0x4, 0x9f, 0xa2, 0x0, 0xcf, 0x70, 0xc,

    /* U+02F5 "˵" */
    0x1a, 0xba, 0x0, 0xa2, 0xec, 0x60, 0x19, 0x7f,
    0xd2, 0x0, 0x1d, 0xfd, 0x0, 0xe6, 0xff, 0x20,
    0x0, 0xbb, 0xe4, 0x3, 0x9f, 0xf8, 0x40, 0x7,
    0xfe, 0x50, 0xe, 0x8f, 0xb0, 0x9, 0x3f, 0x84,

    /* U+02F6 "˶" */
    0x0, 0x8e, 0xed, 0x0, 0x15, 0x5d, 0x8, 0x5,
    0xdf, 0xa2, 0x0, 0x9f, 0xf2, 0x0, 0x55, 0xfc,
    0x40, 0x5, 0xff, 0x28, 0x4, 0xbf, 0xe2, 0x0,
    0xf, 0x7b, 0x80, 0x45, 0xfe, 0x30, 0xa, 0xfe,
    0x0, 0x30,

    /* U+0300 "̀" */
    0x3f, 0xf6, 0x80, 0x63, 0xef, 0xa0, 0xc, 0x7d,
    0xec, 0x1, 0x8b, 0xbc, 0xc0,

    /* U+0301 "́" */
    0x0, 0xaf, 0xfc, 0x80, 0x9, 0xff, 0x20, 0x1,
    0xbf, 0x8c, 0x0, 0x9f, 0xc4, 0x1, 0x0,

    /* U+0302 "̂" */
    0x0, 0xce, 0xa0, 0x1f, 0x37, 0xf9, 0x0, 0x39,
    0x7f, 0xb9, 0xe6, 0x1, 0x27, 0xf1, 0x1f, 0xf8,
    0xc0, 0xff, 0xc6, 0x0, 0x4f, 0xe2,

    /* U+0303 "̃" */
    0x4, 0xdf, 0xb1, 0x0, 0x57, 0x88, 0xbf, 0xdd,
    0xfc, 0x41, 0xde, 0xf, 0xec, 0x13, 0xfe, 0xef,
    0x90, 0x9f, 0x20, 0x3, 0xf7, 0xd0, 0x0,

    /* U+0304 "̄" */
    0x8c, 0xcf, 0x9a, 0xbf, 0xfe, 0x80,

    /* U+0306 "̆" */
    0x58, 0x20, 0xc, 0x50, 0x93, 0xec, 0x1, 0x9f,
    0xdd, 0x7f, 0x44, 0x0, 0x5d, 0xe8, 0x19, 0xfe,
    0xcc, 0x7f, 0xac, 0x2, 0x8d, 0xff, 0x6b, 0x80,
    0x0,

    /* U+0307 "̇" */
    0x59, 0x93, 0x57, 0xfa, 0xeb, 0xfd, 0x75, 0xfe,
    0xb0,

    /* U+0308 "̈" */
    0x59, 0x93, 0x0, 0x22, 0x64, 0x75, 0xfe, 0xb0,
    0x7, 0xfc, 0xb5, 0xfe, 0xb0, 0x7, 0xfc, 0xb5,
    0xfe, 0xb0, 0x7, 0xfc, 0xa0,

    /* U+0309 "̉" */
    0x79, 0x83, 0x0, 0x57, 0xfd, 0x60, 0x12, 0x77,
    0xb0, 0x5, 0x5e, 0xc0, 0xb7, 0xf8, 0x0, 0x57,
    0x30, 0x0,

    /* U+030A "̊" */
    0x0, 0x34, 0xb0, 0x5, 0x7f, 0xf6, 0x83, 0x7b,
    0x83, 0x7b, 0xcf, 0x80, 0x5d, 0x71, 0xe6, 0x3,
    0xf2, 0x5f, 0xd5, 0xde, 0x60, 0x79, 0xfa, 0x80,

    /* U+030B "̋" */
    0x0, 0x9a, 0xe8, 0x0, 0x37, 0x6a, 0x0, 0x8f,
    0xfc, 0xa0, 0xb, 0xff, 0x18, 0x5, 0xbf, 0x0,
    0x6, 0xff, 0x20, 0x5, 0x3f, 0x60, 0x2, 0xff,
    0x28, 0x4, 0x9f, 0xa2, 0x0, 0xcf, 0x70, 0xc,

    /* U+030C "̌" */
    0x3f, 0xe3, 0x0, 0x27, 0xf1, 0x1, 0xff, 0x11,
    0xff, 0x10, 0x4, 0x9f, 0xdf, 0xc4, 0x1, 0xc9,
    0xfe, 0x30, 0xf, 0x94, 0xc0, 0x30,

    /* U+030F "̏" */
    0x3b, 0xb4, 0x0, 0x12, 0xec, 0x40, 0x1a, 0x7f,
    0xca, 0x0, 0xbf, 0xc0, 0xe, 0xaf, 0xe1, 0x1,
    0xdf, 0x80, 0xe, 0xbf, 0xb0, 0x1, 0x7f, 0x8c,
    0x3, 0xb7, 0xd8, 0x0, 0xbf, 0xa0,

    /* U+0312 "̒" */
    0x0, 0x86, 0x10, 0x2, 0xcf, 0x30, 0x5, 0x7d,
    0x80, 0x1f, 0xfc, 0x60, 0x9f, 0xeb, 0x0, 0x0,

    /* U+031B "̛" */
    0x0, 0x27, 0xe8, 0x1, 0x3f, 0x0, 0xf, 0xf4,
    0x7, 0xde, 0xd5, 0xfe, 0xc0, 0xad, 0x80, 0x0,

    /* U+0323 "̣" */
    0x23, 0x31, 0x57, 0xfa, 0xeb, 0xfd, 0x75, 0xfe,
    0xb0,

    /* U+0326 "̦" */
    0x0, 0x24, 0x41, 0x0, 0x1b, 0xfa, 0x20, 0xdf,
    0xe2, 0x0, 0x6f, 0xa8, 0x1, 0xbe, 0x0, 0x20,

    /* U+0327 "̧" */
    0x0, 0x88, 0x40, 0x33, 0xf9, 0x0, 0x47, 0xf8,
    0xa0, 0x12, 0x3d, 0x7e, 0x0, 0x74, 0xf9, 0x8c,
    0xa1, 0xe7, 0x8a, 0xff, 0xe6, 0x0, 0x91, 0x2,
    0x0,

    /* U+0328 "̨" */
    0x1, 0xbf, 0x60, 0xb, 0x38, 0x80, 0x27, 0xf4,
    0x0, 0xd3, 0xe6, 0x2, 0xa0, 0xdf, 0xd7, 0xfe,
    0x20, 0x7e, 0xfc, 0x40,

    /* U+0335 "̵" */
    0xaf, 0xff, 0xcb, 0x5f, 0xff, 0x94,

    /* U+0336 "̶" */
    0x7b, 0xbf, 0xfe, 0x34, 0xd7, 0xff, 0xff, 0x1b,
    0x0,

    /* U+0337 "̷" */
    0x0, 0xff, 0xe1, 0x32, 0x0, 0x75, 0x7a, 0x80,
    0x45, 0xbf, 0xe4, 0x0, 0x2f, 0xfc, 0xe0, 0x8,
    0xff, 0x71, 0x80, 0x27, 0xfd, 0x62, 0x1, 0x57,
    0xc0, 0x7, 0x4a, 0x0, 0x7f, 0xf0, 0x80,

    /* U+0338 "̸" */
    0x0, 0xff, 0x9c, 0xc0, 0x3f, 0xd1, 0xc0, 0x1f,
    0xe2, 0xf5, 0x0, 0xff, 0x5d, 0x80, 0x3f, 0xcb,
    0xe4, 0x1, 0xfc, 0x3c, 0xe0, 0x1f, 0xe9, 0xd0,
    0xf, 0xf1, 0xfa, 0x0, 0x7f, 0xb2, 0x80, 0x3f,
    0xcd, 0xe2, 0x1, 0xfc, 0x3e, 0xc0, 0x1f, 0xea,
    0xc0, 0xf, 0xf2, 0x79, 0x80, 0x7f, 0xb6, 0x40,
    0x3f, 0xd1, 0xc0, 0x1f, 0xe2, 0xf5, 0x0, 0xff,
    0x5d, 0x80, 0x3f, 0xcb, 0xe4, 0x1, 0xfe,

    /* U+0374 "ʹ" */
    0x0, 0x57, 0xfa, 0x80, 0x1d, 0xfe, 0x30, 0x3f,
    0xf6, 0x0, 0x23, 0xfc, 0x80, 0xc, 0xfd, 0x0,
    0xf, 0xf9, 0x80, 0xd, 0xfc, 0x1, 0x57, 0xb8,
    0x4, 0xf0, 0x20, 0x10,

    /* U+0375 "͵" */
    0x0, 0xc5, 0xa, 0x1, 0xa7, 0xe0, 0x2, 0x1f,
    0xf1, 0x80, 0x51, 0xfc, 0x1, 0xbb, 0xe8, 0x2,
    0x7f, 0xf3, 0x0, 0x5d, 0xfe, 0x10, 0x2, 0xff,
    0xb0, 0x2, 0xdf, 0xf4, 0x0, 0x0,

    /* U+037E ";" */
    0x0, 0x4f, 0xfb, 0x0, 0x29, 0xff, 0x60, 0x5,
    0x3f, 0xec, 0x0, 0x9a, 0xed, 0x0, 0x1f, 0xfe,
    0x12, 0x99, 0x40, 0x5, 0x1f, 0xe9, 0x0, 0xb7,
    0xfc, 0x40, 0x2, 0xff, 0x50, 0x4, 0xff, 0xe3,
    0x0, 0xaf, 0xf0, 0x2, 0x1f, 0xf2, 0x80, 0x4b,
    0xfa, 0x1, 0xab, 0xdc, 0x3, 0x0,

    /* U+0384 "΄" */
    0x0, 0x22, 0x40, 0x5f, 0xe8, 0x9, 0xfe, 0x0,
    0x7f, 0x98, 0x1f, 0xf0, 0x0,

    /* U+0385 "΅" */
    0x0, 0xff, 0xe3, 0x76, 0x18, 0x7, 0xe3, 0xff,
    0x8, 0x7, 0xe6, 0xfb, 0x0, 0xcd, 0x54, 0x40,
    0x9f, 0x56, 0xaa, 0x1d, 0x7f, 0x9c, 0x37, 0xc2,
    0xbf, 0xcd, 0x5f, 0xe7, 0xf, 0xa0, 0xaf, 0xf3,
    0x57, 0xf9, 0xc1, 0x8c, 0x2b, 0xfc, 0xc0,

    /* U+0387 "·" */
    0x0, 0xfe, 0xff, 0xf7, 0x7, 0xff, 0xb8, 0x3f,
    0xfd, 0xc1, 0xff, 0xee, 0xf, 0xff, 0x70, 0x7f,
    0xfb, 0x83, 0xff, 0xdc,

    /* U+0394 "Δ" */
    0x0, 0xfd, 0x3f, 0xe3, 0x0, 0xff, 0xe2, 0x77,
    0xfa, 0x40, 0x3f, 0xf8, 0x69, 0xff, 0x70, 0x7,
    0xff, 0xe, 0xbf, 0xf2, 0x80, 0x7f, 0xf0, 0x47,
    0xff, 0xa8, 0x3, 0xff, 0x82, 0xdf, 0xe9, 0xdf,
    0xf0, 0x80, 0x7f, 0xf0, 0x33, 0xfc, 0x71, 0xfe,
    0x60, 0xf, 0xf8, 0xbf, 0xdc, 0x7, 0xfe, 0xc0,
    0xf, 0xfa, 0x3f, 0xd0, 0x0, 0xdf, 0xf1, 0x0,
    0x7f, 0xb7, 0xfc, 0x60, 0x8, 0xff, 0x40, 0x7,
    0xf1, 0xff, 0xb4, 0x2, 0x2f, 0xf7, 0x0, 0x7f,
    0x4f, 0xfa, 0x0, 0x36, 0xff, 0x90, 0x3, 0xf7,
    0xfc, 0x40, 0x1a, 0x3f, 0xd4, 0x1, 0xf2, 0xff,
    0xb4, 0x3, 0x8b, 0xfe, 0x0, 0xfa, 0xff, 0xce,
    0x1, 0xed, 0xff, 0x28, 0x7, 0xf, 0xfc, 0x40,
    0x1e, 0x7f, 0xf5, 0x80, 0x73, 0xff, 0xb0, 0x3,
    0xe2, 0xff, 0x84, 0x3, 0x6f, 0xf9, 0xc0, 0x3f,
    0x67, 0xf9, 0xc0, 0x22, 0xff, 0x88, 0x3, 0xf3,
    0xff, 0xb4, 0x2, 0x8f, 0xfb, 0x77, 0xfb, 0xbf,
    0xe3, 0x0, 0x77, 0xff, 0xff, 0x12, 0x41, 0x3f,
    0xff, 0xf8, 0xbc, 0x0,

    /* U+03A9 "Ω" */
    0x0, 0xe1, 0x7b, 0xef, 0xf6, 0xd2, 0x80, 0x7f,
    0xa3, 0xff, 0xfb, 0x54, 0x3, 0xc3, 0x9f, 0xff,
    0xfc, 0x8, 0x0, 0xeb, 0xff, 0xb1, 0x44, 0x0,
    0x4f, 0xdf, 0xf3, 0x80, 0x4f, 0xff, 0x40, 0x7,
    0xc3, 0x9f, 0xf1, 0x80, 0x3b, 0xfd, 0x40, 0x1f,
    0xed, 0xff, 0x60, 0x37, 0xfc, 0x20, 0x1f, 0xe4,
    0xff, 0x8a, 0xbf, 0xd4, 0x1, 0xff, 0xc0, 0xef,
    0xf3, 0xef, 0xf9, 0x80, 0x3f, 0xf8, 0x15, 0xfe,
    0xaf, 0xf9, 0x0, 0x3f, 0xf8, 0x11, 0xfe, 0xbf,
    0xf8, 0xc0, 0x3f, 0xf8, 0xf, 0xfe, 0xcd, 0xff,
    0x18, 0x7, 0xff, 0x2, 0x3f, 0xd5, 0x7f, 0xe5,
    0x0, 0xff, 0xe0, 0x57, 0xf9, 0xdd, 0xfe, 0x90,
    0xf, 0xfe, 0x7, 0x7f, 0x8c, 0x7f, 0xdc, 0x1,
    0xff, 0x1f, 0xfb, 0x0, 0x11, 0xfe, 0x60, 0xf,
    0xf5, 0xff, 0x90, 0x2, 0xdf, 0xf1, 0x0, 0x7e,
    0x6f, 0xf4, 0x0, 0x61, 0xdf, 0xd2, 0x0, 0xf2,
    0x7f, 0xa8, 0x3, 0xc3, 0x5f, 0xca, 0x1, 0x9f,
    0xfc, 0xe0, 0x1a, 0x7b, 0xb7, 0xfc, 0x80, 0x8,
    0xff, 0xbb, 0xb3, 0x57, 0xff, 0xca, 0x0, 0x8f,
    0xff, 0x9e, 0xbf, 0xfe, 0x50, 0x4, 0x7f, 0xfc,
    0xe0,

    /* U+03BC "μ" */
    0x2f, 0xf6, 0x0, 0x79, 0xbf, 0xce, 0x5f, 0xec,
    0x0, 0xf3, 0x7f, 0x9c, 0xbf, 0xd8, 0x1, 0xe6,
    0xff, 0x39, 0x7f, 0xb0, 0x3, 0xcd, 0xfe, 0x72,
    0xff, 0x60, 0x7, 0x9b, 0xfc, 0xe5, 0xfe, 0xc0,
    0xf, 0x37, 0xf9, 0xcb, 0xfd, 0x80, 0x1e, 0x6f,
    0xf3, 0x97, 0xfb, 0x0, 0x3c, 0xff, 0xe7, 0x2f,
    0xf6, 0x0, 0x7a, 0x3f, 0xce, 0x5f, 0xed, 0x0,
    0xf5, 0xff, 0x9c, 0xbf, 0xe1, 0x0, 0xc3, 0xff,
    0x39, 0x7f, 0xd6, 0x1, 0xaf, 0xfe, 0x72, 0xff,
    0xdd, 0x57, 0xdf, 0xdf, 0xe7, 0x2f, 0xff, 0xd8,
    0xff, 0xe7, 0x2f, 0xf6, 0x47, 0x7e, 0xb8, 0x37,
    0xf9, 0xcb, 0xfd, 0x80, 0x1f, 0xe2, 0xff, 0x60,
    0x7, 0xf8, 0xbf, 0xd8, 0x1, 0xfe, 0x2f, 0xf6,
    0x0, 0x7f, 0x8b, 0xfd, 0x80, 0x1f, 0xe0,

    /* U+03C0 "π" */
    0xbf, 0xff, 0xfe, 0x12, 0x5f, 0xff, 0xff, 0x9,
    0x16, 0x3b, 0xfd, 0x31, 0x1b, 0xfe, 0x88, 0x10,
    0x3, 0x3f, 0xc4, 0x1, 0xbf, 0xdc, 0x1, 0xd9,
    0xfe, 0x20, 0xd, 0xfe, 0xe0, 0xe, 0xcf, 0xf1,
    0x0, 0x6f, 0xf7, 0x0, 0x76, 0x7f, 0x88, 0x3,
    0x7f, 0xb8, 0x3, 0xb3, 0xfc, 0x40, 0x1b, 0xfd,
    0xc0, 0x1d, 0x9f, 0xe2, 0x0, 0xdf, 0xee, 0x0,
    0xec, 0xff, 0x10, 0x6, 0xff, 0x70, 0x7, 0x67,
    0xf8, 0x80, 0x37, 0xfc, 0x1, 0xd9, 0xfe, 0x20,
    0xd, 0xdf, 0xe4, 0x0, 0xd9, 0xfe, 0x20, 0xd,
    0x9f, 0xf6, 0xc0, 0x3, 0x3f, 0xc4, 0x1, 0x97,
    0xff, 0x60, 0x3, 0x3f, 0xc4, 0x1, 0xcb, 0x9f,
    0xeb,

    /* U+1E20 "Ḡ" */
    0x0, 0xf5, 0xe6, 0x7c, 0x40, 0x1f, 0xf7, 0xff,
    0xe3, 0x0, 0xff, 0xfd, 0xad, 0x6f, 0xfb, 0xb2,
    0x8, 0x3, 0xf9, 0x3b, 0xff, 0xfa, 0x40, 0x3e,
    0x7f, 0xff, 0xfe, 0x6, 0x88, 0x6, 0x6f, 0xfb,
    0x9c, 0x40, 0x2, 0x97, 0xff, 0x68, 0x4, 0x5f,
    0xf5, 0x88, 0x7, 0xcb, 0xff, 0x40, 0x2, 0x7f,
    0xda, 0x1, 0xfe, 0x6f, 0xf6, 0x0, 0x3f, 0xe4,
    0x0, 0xff, 0x98, 0x80, 0x9, 0xfe, 0xe0, 0xf,
    0xfe, 0x23, 0xff, 0xa8, 0x3, 0xff, 0x89, 0x3f,
    0xe8, 0x0, 0xfa, 0x6e, 0xfe, 0x19, 0xff, 0x38,
    0x7, 0xdb, 0xff, 0xf0, 0xcf, 0xfa, 0x0, 0x3e,
    0xdf, 0xff, 0x85, 0xff, 0xd4, 0x1, 0xff, 0xc0,
    0xaf, 0xf0, 0xa7, 0xfb, 0x80, 0x3f, 0xf8, 0x1b,
    0xfe, 0x10, 0xff, 0x90, 0x3, 0xfc, 0x5f, 0xf0,
    0x84, 0xff, 0xb4, 0x3, 0xfd, 0x5f, 0xf0, 0x81,
    0x7f, 0xd6, 0x20, 0x1f, 0x3f, 0xfe, 0x10, 0x3,
    0x7f, 0xdc, 0xe2, 0x1, 0x25, 0xff, 0xf0, 0x80,
    0x51, 0xff, 0xee, 0xff, 0xd5, 0xbf, 0xe1, 0x0,
    0xcb, 0xdf, 0xff, 0xa8, 0x2f, 0xfc, 0x20, 0x1e,
    0x6b, 0xef, 0xf6, 0xd1, 0x80, 0x2b, 0xfc, 0x20,

    /* U+1E21 "ḡ" */
    0x0, 0x1e, 0x67, 0xd4, 0x1, 0xe5, 0xff, 0xfb,
    0x80, 0x3f, 0xfc, 0x25, 0xa4, 0x1, 0x8e, 0x77,
    0xfa, 0xd5, 0x3b, 0xf0, 0x2, 0x7f, 0xff, 0xf3,
    0x80, 0x17, 0xfe, 0xa7, 0x8e, 0xff, 0x94, 0x2,
    0xdf, 0xf2, 0x80, 0x43, 0xdf, 0xe2, 0x0, 0xf,
    0xfb, 0x40, 0x3a, 0x3f, 0xcc, 0x0, 0x2f, 0xf6,
    0x0, 0x73, 0xff, 0x9c, 0x2, 0xff, 0x84, 0x3,
    0x5f, 0xf9, 0x40, 0x29, 0xff, 0x69, 0x81, 0x4f,
    0xfb, 0x80, 0x30, 0xff, 0xff, 0x28, 0x6, 0xbf,
    0xff, 0xb0, 0xc0, 0x32, 0x7f, 0x90, 0xd, 0x10,
    0x20, 0x1e, 0x7f, 0xf3, 0x0, 0x7f, 0xc7, 0xff,
    0x64, 0x31, 0x88, 0x7, 0xcf, 0xff, 0xf7, 0x52,
    0x0, 0x61, 0xdf, 0xff, 0xe9, 0x0, 0x2f, 0x7d,
    0x80, 0xd, 0x63, 0x3f, 0xe4, 0xd, 0xff, 0x0,
    0x7d, 0x1f, 0xe8, 0xb, 0xff, 0x10, 0x7, 0x9f,
    0xfc, 0xe0, 0xbf, 0xee, 0x84, 0x22, 0x1c, 0x7f,
    0xc4, 0x0, 0x7f, 0xff, 0xf2, 0x80, 0x61, 0x7c,
    0xef, 0xf7, 0x64, 0x8, 0x4,

    /* U+1E44 "Ṅ" */
    0x0, 0xf4, 0xff, 0xb0, 0x3, 0xff, 0x83, 0x3f,
    0xec, 0x0, 0xff, 0xe0, 0xcf, 0xfb, 0x0, 0x3f,
    0xf8, 0x2b, 0x32, 0x60, 0xf, 0xfe, 0xee, 0x7f,
    0xac, 0x3, 0xfb, 0xbf, 0xc5, 0x9f, 0xf2, 0x80,
    0x7e, 0xef, 0xf1, 0x67, 0xfd, 0xc2, 0x1, 0xf7,
    0x7f, 0x8b, 0x3f, 0xf4, 0x80, 0x7d, 0xdf, 0xe2,
    0xcf, 0xfe, 0x30, 0xf, 0x77, 0xf8, 0xb3, 0xfd,
    0xbf, 0xec, 0x0, 0xf7, 0x7f, 0x8b, 0x3f, 0xcb,
    0xdf, 0xe7, 0x0, 0xee, 0xff, 0x16, 0x7f, 0x95,
    0x5f, 0xf0, 0x80, 0x6e, 0xff, 0x16, 0x7f, 0x94,
    0x2f, 0xfd, 0x40, 0x1b, 0xbf, 0xc5, 0x9f, 0xe5,
    0x2, 0xff, 0x90, 0x2, 0xef, 0xf1, 0x67, 0xf9,
    0x40, 0x11, 0xfe, 0xd0, 0xb, 0xbf, 0xc5, 0x9f,
    0xe5, 0x0, 0xb7, 0xfd, 0x0, 0xe, 0xff, 0x16,
    0x7f, 0x94, 0x2, 0x4f, 0xf8, 0x83, 0xbf, 0xc5,
    0x9f, 0xe5, 0x0, 0xd5, 0xfe, 0xc0, 0xef, 0xf1,
    0x67, 0xf9, 0x40, 0x30, 0xff, 0xcb, 0xdf, 0xe2,
    0xcf, 0xf2, 0x80, 0x73, 0xff, 0xbb, 0xfe, 0x2c,
    0xff, 0x28, 0x7, 0xb7, 0xff, 0x8b, 0x3f, 0xca,
    0x1, 0xe3, 0xff, 0xe2, 0xcf, 0xf2, 0x80, 0x7d,
    0x3f, 0xf8, 0xb3, 0xfc, 0xa0, 0x1f, 0xf, 0x7f,
    0xc5, 0x9f, 0xe5, 0x0, 0xfc, 0xdf, 0xf1, 0x0,

    /* U+1E45 "ṅ" */
    0x0, 0xd1, 0xfe, 0xc0, 0xf, 0xe8, 0xff, 0x60,
    0x7, 0xf4, 0x7f, 0xb0, 0x3, 0xf9, 0x26, 0x4e,
    0x1, 0xff, 0xd3, 0xff, 0x80, 0xab, 0xbf, 0xa8,
    0xc0, 0x1f, 0xf2, 0xff, 0xfc, 0xa1, 0xff, 0xd7,
    0x37, 0xff, 0x87, 0xff, 0x20, 0x4, 0x7d, 0xfe,
    0x6f, 0xfa, 0x40, 0x3a, 0x3f, 0xd3, 0xff, 0x20,
    0x7, 0x2f, 0xfa, 0xff, 0xe1, 0x0, 0xe3, 0xff,
    0x5f, 0xfc, 0x1, 0xe3, 0xff, 0x5f, 0xfc, 0x1,
    0xe3, 0xff, 0x5f, 0xfc, 0x1, 0xe3, 0xff, 0x5f,
    0xfc, 0x1, 0xe3, 0xff, 0x5f, 0xfc, 0x1, 0xe3,
    0xff, 0x5f, 0xfc, 0x1, 0xe3, 0xff, 0x5f, 0xfc,
    0x1, 0xe3, 0xff, 0x5f, 0xfc, 0x1, 0xe3, 0xff,
    0x58,

    /* U+1E80 "Ẁ" */
    0x0, 0xfe, 0x3e, 0xe5, 0x80, 0x7f, 0xf3, 0x93,
    0xfd, 0x0, 0x1f, 0xfc, 0xe4, 0xff, 0x20, 0x7,
    0xff, 0x39, 0x3f, 0x84, 0x3, 0xff, 0x9c, 0x24,
    0x20, 0x1f, 0xfd, 0xe4, 0xff, 0x70, 0x7, 0xff,
    0x27, 0xfe, 0x30, 0xff, 0x8c, 0x3, 0xe2, 0xdd,
    0x60, 0x80, 0x7c, 0x9f, 0xee, 0x0, 0x57, 0xf9,
    0xc0, 0x3e, 0x7f, 0xf9, 0x40, 0x3e, 0x9f, 0xf4,
    0x80, 0x1b, 0xfd, 0x80, 0x1f, 0x5f, 0xfd, 0x40,
    0x1f, 0x6f, 0xf9, 0x40, 0x3, 0xff, 0x8, 0x7,
    0xbf, 0xf8, 0x3, 0xc5, 0xff, 0x0, 0x6c, 0xff,
    0x28, 0x7, 0x2f, 0xff, 0x20, 0x7, 0x37, 0xfa,
    0xc0, 0x33, 0xff, 0xa8, 0x3, 0xab, 0xfc, 0xff,
    0xe9, 0x0, 0xeb, 0xff, 0x30, 0x6, 0x3f, 0xf7,
    0x0, 0x77, 0x7f, 0x7, 0xfb, 0x40, 0x3b, 0xfe,
    0x20, 0xe, 0xef, 0xf1, 0x80, 0x47, 0xfe, 0x90,
    0xaf, 0xf1, 0x0, 0x49, 0xfe, 0xd0, 0xf, 0x4f,
    0xf9, 0xc0, 0x28, 0xff, 0x20, 0x2f, 0xf9, 0xc0,
    0x29, 0xff, 0x40, 0x7, 0x97, 0xfd, 0x80, 0x16,
    0xff, 0x80, 0x3, 0xfe, 0xc0, 0xb, 0x7f, 0xc8,
    0x1, 0xf7, 0xfc, 0x20, 0x3f, 0xeb, 0x0, 0xaf,
    0xfc, 0x20, 0x5f, 0xf0, 0x7, 0xeb, 0xff, 0x28,
    0x37, 0xf9, 0x80, 0x26, 0xff, 0x28, 0x37, 0xfa,
    0x80, 0x3f, 0x37, 0xfa, 0x82, 0xff, 0xc2, 0x1,
    0x17, 0xfa, 0x82, 0xff, 0xca, 0x1, 0xf8, 0xbf,
    0xdc, 0x1f, 0xec, 0x0, 0xed, 0xfe, 0xf, 0xf8,
    0x40, 0x3f, 0xb7, 0xfd, 0x1f, 0xe7, 0x0, 0xe8,
    0xff, 0x47, 0xfb, 0x0, 0x3f, 0xd1, 0xff, 0xc4,
    0x1, 0xc7, 0xff, 0xce, 0x1, 0xfe, 0x4f, 0xfd,
    0xa0, 0x1f, 0x77, 0xfe, 0x30, 0xf, 0xfb, 0xff,
    0x40, 0x7, 0xd3, 0xff, 0x70, 0x7, 0xff, 0x2,
    0xbf, 0xe3, 0x0, 0xf9, 0x3f, 0xe9, 0x0, 0xff,
    0xe0, 0x2f, 0xfb, 0x80, 0x3f, 0xbf, 0xe5, 0x0,
    0xf0,

    /* U+1E81 "ẁ" */
    0x0, 0xf3, 0x7f, 0xa4, 0x3, 0xff, 0x8e, 0xff,
    0xe5, 0x0, 0xff, 0xe3, 0xbf, 0xf8, 0x80, 0x3f,
    0xf8, 0xf1, 0xf8, 0x1, 0xff, 0xc8, 0x22, 0x0,
    0x7f, 0xf5, 0x7, 0xfe, 0x0, 0xe3, 0xff, 0x50,
    0x7, 0x47, 0xfa, 0x43, 0x3f, 0xc8, 0x1, 0xa3,
    0xfe, 0x0, 0xec, 0xff, 0x20, 0x47, 0xfa, 0x0,
    0x36, 0xff, 0xc8, 0x1, 0xf, 0xfc, 0x0, 0x3f,
    0xf6, 0x80, 0x45, 0xff, 0xa4, 0x2, 0x5f, 0xf5,
    0x80, 0x5d, 0xfe, 0x10, 0x3, 0xff, 0xb3, 0xf8,
    0x2, 0x9f, 0xf3, 0x0, 0x55, 0xfe, 0x50, 0x6,
    0x7e, 0xaf, 0xf8, 0xc0, 0x1d, 0xfe, 0x10, 0x9,
    0x7f, 0xd2, 0x3, 0xfe, 0x80, 0xff, 0x40, 0x17,
    0xfb, 0x40, 0x3b, 0xfd, 0xc0, 0xdf, 0xe3, 0xb,
    0xfd, 0x6, 0xff, 0x40, 0x7, 0x5f, 0xf8, 0xaf,
    0xf8, 0x0, 0xdf, 0xe2, 0xbf, 0xf1, 0x80, 0x73,
    0xff, 0x9f, 0xfd, 0x20, 0x1, 0xff, 0x47, 0xfb,
    0x80, 0x3c, 0x5f, 0xee, 0xff, 0x20, 0x5, 0x9f,
    0xfa, 0x40, 0x3e, 0xdf, 0xfc, 0x1, 0x9f, 0xff,
    0x28, 0x7, 0xd1, 0xff, 0x50, 0x6, 0x2f, 0xfc,
    0x1, 0xf9, 0x3f, 0xe5, 0x0, 0xed, 0xff, 0x58,
    0x7, 0xf7, 0xfc, 0x20, 0x1d, 0x1f, 0xe6, 0x0,
    0xc0,

    /* U+1E82 "Ẃ" */
    0x0, 0xff, 0xe2, 0x57, 0x71, 0x40, 0x3f, 0xf9,
    0x8f, 0xfe, 0x50, 0xf, 0xfe, 0x62, 0x7f, 0x94,
    0x3, 0xff, 0x98, 0x5d, 0xe8, 0x1, 0xff, 0xcd,
    0x12, 0x10, 0xf, 0xfe, 0xf2, 0x7f, 0xb8, 0x3,
    0xff, 0x93, 0xff, 0x18, 0x7f, 0xc6, 0x1, 0xf1,
    0x6e, 0xb0, 0x40, 0x3e, 0x4f, 0xf7, 0x0, 0x2b,
    0xfc, 0xe0, 0x1f, 0x3f, 0xfc, 0xa0, 0x1f, 0x4f,
    0xfa, 0x40, 0xd, 0xfe, 0xc0, 0xf, 0xaf, 0xfe,
    0xa0, 0xf, 0xb7, 0xfc, 0xa0, 0x1, 0xff, 0x84,
    0x3, 0xdf, 0xfc, 0x1, 0xe2, 0xff, 0x80, 0x36,
    0x7f, 0x94, 0x3, 0x97, 0xff, 0x90, 0x3, 0x9b,
    0xfd, 0x60, 0x19, 0xff, 0xd4, 0x1, 0xd5, 0xfe,
    0x7f, 0xf4, 0x80, 0x75, 0xff, 0x98, 0x3, 0x1f,
    0xfb, 0x80, 0x3b, 0xbf, 0x83, 0xfd, 0xa0, 0x1d,
    0xff, 0x10, 0x7, 0x77, 0xf8, 0xc0, 0x23, 0xff,
    0x48, 0x57, 0xf8, 0x80, 0x24, 0xff, 0x68, 0x7,
    0xa7, 0xfc, 0xe0, 0x14, 0x7f, 0x90, 0x17, 0xfc,
    0xe0, 0x14, 0xff, 0xa0, 0x3, 0xcb, 0xfe, 0xc0,
    0xb, 0x7f, 0xc0, 0x1, 0xff, 0x60, 0x5, 0xbf,
    0xe4, 0x0, 0xfb, 0xfe, 0x10, 0x1f, 0xf5, 0x80,
    0x57, 0xfe, 0x10, 0x2f, 0xf8, 0x3, 0xf5, 0xff,
    0x94, 0x1b, 0xfc, 0xc0, 0x13, 0x7f, 0x94, 0x1b,
    0xfd, 0x40, 0x1f, 0x9b, 0xfd, 0x41, 0x7f, 0xe1,
    0x0, 0x8b, 0xfd, 0x41, 0x7f, 0xe5, 0x0, 0xfc,
    0x5f, 0xee, 0xf, 0xf6, 0x0, 0x76, 0xff, 0x7,
    0xfc, 0x20, 0x1f, 0xdb, 0xfe, 0x8f, 0xf3, 0x80,
    0x74, 0x7f, 0xa3, 0xfd, 0x80, 0x1f, 0xe8, 0xff,
    0xe2, 0x0, 0xe3, 0xff, 0xe7, 0x0, 0xff, 0x27,
    0xfe, 0xd0, 0xf, 0xbb, 0xff, 0x18, 0x7, 0xfd,
    0xff, 0xa0, 0x3, 0xe9, 0xff, 0xb8, 0x3, 0xff,
    0x81, 0x5f, 0xf1, 0x80, 0x7c, 0x9f, 0xf4, 0x80,
    0x7f, 0xf0, 0x17, 0xfd, 0xc0, 0x1f, 0xdf, 0xf2,
    0x80, 0x78,

    /* U+1E83 "ẃ" */
    0x0, 0xff, 0xe0, 0xf, 0x7f, 0x10, 0x7, 0xff,
    0x16, 0xff, 0x88, 0x3, 0xff, 0x8b, 0x1f, 0xc4,
    0x1, 0xff, 0xc5, 0x5f, 0xd2, 0x0, 0xff, 0xe3,
    0x9, 0x8, 0x7, 0xff, 0x4c, 0x7f, 0xe0, 0xe,
    0x3f, 0xf5, 0x0, 0x74, 0x7f, 0xa4, 0x33, 0xfc,
    0x80, 0x1a, 0x3f, 0xe0, 0xe, 0xcf, 0xf2, 0x4,
    0x7f, 0xa0, 0x3, 0x6f, 0xfc, 0x80, 0x10, 0xff,
    0xc0, 0x3, 0xff, 0x68, 0x4, 0x5f, 0xfa, 0x40,
    0x25, 0xff, 0x58, 0x5, 0xdf, 0xe1, 0x0, 0x3f,
    0xfb, 0x3f, 0x80, 0x29, 0xff, 0x30, 0x5, 0x5f,
    0xe5, 0x0, 0x67, 0xea, 0xff, 0x8c, 0x1, 0xdf,
    0xe1, 0x0, 0x97, 0xfd, 0x20, 0x3f, 0xe8, 0xf,
    0xf4, 0x1, 0x7f, 0xb4, 0x3, 0xbf, 0xdc, 0xd,
    0xfe, 0x30, 0xbf, 0xd0, 0x6f, 0xf4, 0x0, 0x75,
    0xff, 0x8a, 0xff, 0x80, 0xd, 0xfe, 0x2b, 0xff,
    0x18, 0x7, 0x3f, 0xf9, 0xff, 0xd2, 0x0, 0x1f,
    0xf4, 0x7f, 0xb8, 0x3, 0xc5, 0xfe, 0xef, 0xf2,
    0x0, 0x59, 0xff, 0xa4, 0x3, 0xed, 0xff, 0xc0,
    0x19, 0xff, 0xf2, 0x80, 0x7d, 0x1f, 0xf5, 0x0,
    0x62, 0xff, 0xc0, 0x1f, 0x93, 0xfe, 0x50, 0xe,
    0xdf, 0xf5, 0x80, 0x7f, 0x7f, 0xc2, 0x1, 0xd1,
    0xfe, 0x60, 0xc,

    /* U+1E84 "Ẅ" */
    0x0, 0xff, 0x7f, 0xca, 0xb, 0xff, 0x0, 0x7f,
    0xf2, 0x3f, 0xe5, 0x5, 0xff, 0x80, 0x3f, 0xf9,
    0x1f, 0xf2, 0x82, 0xff, 0xc0, 0x1f, 0xfc, 0x89,
    0x98, 0x80, 0xe6, 0x50, 0x1, 0xff, 0xf8, 0x4f,
    0xf7, 0x0, 0x7f, 0xf2, 0x7f, 0xe3, 0xf, 0xf8,
    0xc0, 0x3e, 0x2d, 0xd6, 0x8, 0x7, 0xc9, 0xfe,
    0xe0, 0x5, 0x7f, 0x9c, 0x3, 0xe7, 0xff, 0x94,
    0x3, 0xe9, 0xff, 0x48, 0x1, 0xbf, 0xd8, 0x1,
    0xf5, 0xff, 0xd4, 0x1, 0xf6, 0xff, 0x94, 0x0,
    0x3f, 0xf0, 0x80, 0x7b, 0xff, 0x80, 0x3c, 0x5f,
    0xf0, 0x6, 0xcf, 0xf2, 0x80, 0x72, 0xff, 0xf2,
    0x0, 0x73, 0x7f, 0xac, 0x3, 0x3f, 0xfa, 0x80,
    0x3a, 0xbf, 0xcf, 0xfe, 0x90, 0xe, 0xbf, 0xf3,
    0x0, 0x63, 0xff, 0x70, 0x7, 0x77, 0xf0, 0x7f,
    0xb4, 0x3, 0xbf, 0xe2, 0x0, 0xee, 0xff, 0x18,
    0x4, 0x7f, 0xe9, 0xa, 0xff, 0x10, 0x4, 0x9f,
    0xed, 0x0, 0xf4, 0xff, 0x9c, 0x2, 0x8f, 0xf2,
    0x2, 0xff, 0x9c, 0x2, 0x9f, 0xf4, 0x0, 0x79,
    0x7f, 0xd8, 0x1, 0x6f, 0xf8, 0x0, 0x3f, 0xec,
    0x0, 0xb7, 0xfc, 0x80, 0x1f, 0x7f, 0xc2, 0x3,
    0xfe, 0xb0, 0xa, 0xff, 0xc2, 0x5, 0xff, 0x0,
    0x7e, 0xbf, 0xf2, 0x83, 0x7f, 0x98, 0x2, 0x6f,
    0xf2, 0x83, 0x7f, 0xa8, 0x3, 0xf3, 0x7f, 0xa8,
    0x2f, 0xfc, 0x20, 0x11, 0x7f, 0xa8, 0x2f, 0xfc,
    0xa0, 0x1f, 0x8b, 0xfd, 0xc1, 0xfe, 0xc0, 0xe,
    0xdf, 0xe0, 0xff, 0x84, 0x3, 0xfb, 0x7f, 0xd1,
    0xfe, 0x70, 0xe, 0x8f, 0xf4, 0x7f, 0xb0, 0x3,
    0xfd, 0x1f, 0xfc, 0x40, 0x1c, 0x7f, 0xfc, 0xe0,
    0x1f, 0xe4, 0xff, 0xda, 0x1, 0xf7, 0x7f, 0xe3,
    0x0, 0xff, 0xbf, 0xf4, 0x0, 0x7d, 0x3f, 0xf7,
    0x0, 0x7f, 0xf0, 0x2b, 0xfe, 0x30, 0xf, 0x93,
    0xfe, 0x90, 0xf, 0xfe, 0x2, 0xff, 0xb8, 0x3,
    0xfb, 0xfe, 0x50, 0xf, 0x0,

    /* U+1E85 "ẅ" */
    0x0, 0xf2, 0x7f, 0xc2, 0x13, 0xfe, 0xc0, 0xf,
    0xfe, 0x2, 0x7f, 0xc2, 0x13, 0xfe, 0xc0, 0xf,
    0xfe, 0x2, 0x7f, 0xc2, 0x13, 0xfe, 0xc0, 0xf,
    0xfe, 0x1, 0x4c, 0xc0, 0x5, 0x99, 0x30, 0x7,
    0xff, 0x98, 0x7f, 0xe0, 0xe, 0x3f, 0xf5, 0x0,
    0x74, 0x7f, 0xa4, 0x33, 0xfc, 0x80, 0x1a, 0x3f,
    0xe0, 0xe, 0xcf, 0xf2, 0x4, 0x7f, 0xa0, 0x3,
    0x6f, 0xfc, 0x80, 0x10, 0xff, 0xc0, 0x3, 0xff,
    0x68, 0x4, 0x5f, 0xfa, 0x40, 0x25, 0xff, 0x58,
    0x5, 0xdf, 0xe1, 0x0, 0x3f, 0xfb, 0x3f, 0x80,
    0x29, 0xff, 0x30, 0x5, 0x5f, 0xe5, 0x0, 0x67,
    0xea, 0xff, 0x8c, 0x1, 0xdf, 0xe1, 0x0, 0x97,
    0xfd, 0x20, 0x3f, 0xe8, 0xf, 0xf4, 0x1, 0x7f,
    0xb4, 0x3, 0xbf, 0xdc, 0xd, 0xfe, 0x30, 0xbf,
    0xd0, 0x6f, 0xf4, 0x0, 0x75, 0xff, 0x8a, 0xff,
    0x80, 0xd, 0xfe, 0x2b, 0xff, 0x18, 0x7, 0x3f,
    0xf9, 0xff, 0xd2, 0x0, 0x1f, 0xf4, 0x7f, 0xb8,
    0x3, 0xc5, 0xfe, 0xef, 0xf2, 0x0, 0x59, 0xff,
    0xa4, 0x3, 0xed, 0xff, 0xc0, 0x19, 0xff, 0xf2,
    0x80, 0x7d, 0x1f, 0xf5, 0x0, 0x62, 0xff, 0xc0,
    0x1f, 0x93, 0xfe, 0x50, 0xe, 0xdf, 0xf5, 0x80,
    0x7f, 0x7f, 0xc2, 0x1, 0xd1, 0xfe, 0x60, 0xc,

    /* U+1E9E "ẞ" */
    0xcf, 0xff, 0xfe, 0x30, 0x67, 0xff, 0xff, 0x18,
    0x33, 0xfd, 0x97, 0x77, 0xfe, 0xcb, 0xbf, 0x83,
    0x3f, 0xca, 0x0, 0x2f, 0xf6, 0x80, 0x7f, 0xb3,
    0xfc, 0xa0, 0x6, 0xff, 0x50, 0x7, 0xfb, 0x3f,
    0xca, 0x0, 0x5f, 0xf5, 0x80, 0x7f, 0xb3, 0xfc,
    0xa0, 0x2, 0xff, 0x90, 0x3, 0xfb, 0x3f, 0xca,
    0x1, 0x67, 0xfd, 0x2, 0x1, 0xf6, 0x7f, 0x94,
    0x2, 0x2e, 0xff, 0xd2, 0x40, 0x1d, 0x9f, 0xe5,
    0x0, 0xc3, 0x7f, 0xfd, 0x44, 0x1, 0x67, 0xf9,
    0x40, 0x3c, 0x77, 0xff, 0xd0, 0x0, 0xcf, 0xf2,
    0x80, 0x7e, 0x29, 0xff, 0xd6, 0x19, 0xfe, 0x50,
    0xf, 0xf0, 0xd7, 0xfc, 0xf9, 0xfe, 0x50, 0xf,
    0xfe, 0x4, 0xff, 0xb3, 0x1f, 0xe5, 0x2, 0x6a,
    0x40, 0xf, 0x8b, 0xfe, 0xcf, 0xf2, 0x84, 0xff,
    0xa4, 0x3, 0xe2, 0xff, 0x76, 0x7f, 0x94, 0x13,
    0xfe, 0x30, 0xf, 0x3f, 0xfa, 0xf3, 0xfc, 0xa0,
    0xc, 0xff, 0x72, 0x0, 0x66, 0xff, 0x93, 0x3f,
    0xca, 0x0, 0x2e, 0xff, 0xbb, 0x31, 0xff, 0xa4,
    0x33, 0xfc, 0xa0, 0x11, 0x67, 0xff, 0xe8, 0x0,
    0x67, 0xf9, 0x40, 0x39, 0x6b, 0x7f, 0xdb, 0x4,
    0x1, 0x0,

    /* U+1EA0 "Ạ" */
    0x0, 0xfd, 0x5f, 0xe1, 0x0, 0xff, 0xe1, 0x8f,
    0xfc, 0xe0, 0x1f, 0xfc, 0x36, 0xff, 0xb8, 0x3,
    0xff, 0x87, 0x9f, 0xf9, 0x0, 0x3f, 0xf8, 0x27,
    0xff, 0xd4, 0x1, 0xff, 0xc1, 0x9f, 0xf3, 0x77,
    0xf8, 0x40, 0x3f, 0xf8, 0x1d, 0xfe, 0x19, 0xff,
    0x30, 0x7, 0xfc, 0xbf, 0xeb, 0x3, 0xff, 0x60,
    0x7, 0xfd, 0x7f, 0xe5, 0x0, 0x6f, 0xf8, 0xc0,
    0x3f, 0x8b, 0xfd, 0xc0, 0x13, 0xff, 0xa4, 0x3,
    0xfa, 0x3f, 0xd2, 0x1, 0xf, 0xfb, 0x80, 0x3f,
    0xbb, 0xfc, 0x60, 0x1b, 0x3f, 0xca, 0x1, 0xf2,
    0x7f, 0xb4, 0x3, 0x9b, 0xfd, 0x60, 0x1f, 0x57,
    0xfa, 0x0, 0x3d, 0xff, 0x10, 0x7, 0xf, 0xff,
    0xff, 0x6, 0x0, 0x39, 0xff, 0xff, 0xf8, 0x3c,
    0x1, 0xdb, 0xfe, 0xeb, 0xbf, 0xdf, 0xf2, 0x0,
    0x47, 0xff, 0x8, 0x7, 0xe9, 0xff, 0x50, 0x5,
    0x3f, 0xeb, 0x0, 0xfe, 0x3f, 0xf8, 0x40, 0x1f,
    0xf2, 0x80, 0x7f, 0xb7, 0xfc, 0xc0, 0xdf, 0xee,
    0x0, 0xff, 0x9f, 0xfd, 0xa0, 0x1f, 0xfe, 0x5f,
    0xf9, 0x80, 0x3f, 0xf8, 0x9f, 0xf3, 0x0, 0x7f,
    0xf1, 0x3f, 0xe6, 0x0, 0xff, 0xe2, 0x19, 0xc2,
    0x1, 0xf8,

    /* U+1EA1 "ạ" */
    0x0, 0x92, 0x77, 0xfd, 0xd4, 0x80, 0x18, 0x6f,
    0xff, 0xf5, 0x0, 0x7, 0xbf, 0xeb, 0x89, 0xcf,
    0xfa, 0x0, 0xd, 0xf4, 0x20, 0x19, 0xbf, 0xe0,
    0x8, 0xc0, 0x3e, 0xcf, 0xf2, 0x0, 0x7f, 0xa7,
    0xfc, 0xc0, 0x4, 0xad, 0xff, 0xfc, 0xc1, 0x1f,
    0xff, 0xf3, 0x1f, 0xfd, 0x28, 0x67, 0xb3, 0xfc,
    0xd1, 0xfe, 0x80, 0xf, 0x7f, 0xcd, 0x3f, 0xe5,
    0x0, 0xe1, 0xff, 0x99, 0xff, 0xd6, 0x1, 0x87,
    0x3f, 0xe6, 0x1f, 0xfb, 0x5d, 0xa7, 0xbf, 0xf3,
    0x2, 0x7f, 0xfd, 0x6f, 0xfe, 0x60, 0x0, 0xce,
    0xff, 0xb1, 0x81, 0x7f, 0xcc, 0x1, 0xff, 0xc7,
    0x13, 0x38, 0x3, 0xfc, 0xff, 0xee, 0x0, 0xff,
    0x3f, 0xfb, 0x80, 0x3f, 0xcf, 0xfe, 0xe0, 0xe,

    /* U+1EA2 "Ả" */
    0x0, 0xf8, 0x7f, 0xad, 0x40, 0x3f, 0xf8, 0x63,
    0x59, 0xfe, 0x90, 0xf, 0xfe, 0x29, 0xff, 0x80,
    0x3f, 0xf8, 0xad, 0xfa, 0x1, 0xff, 0xc3, 0x1f,
    0xf5, 0x10, 0x7, 0xff, 0x10, 0x80, 0x3f, 0xf8,
    0xd5, 0xfe, 0x10, 0xf, 0xfe, 0x18, 0xff, 0xce,
    0x1, 0xff, 0xc3, 0x6f, 0xfb, 0x80, 0x3f, 0xf8,
    0x79, 0xff, 0x90, 0x3, 0xff, 0x82, 0x7f, 0xfd,
    0x40, 0x1f, 0xfc, 0x19, 0xff, 0x37, 0x7f, 0x84,
    0x3, 0xff, 0x81, 0xdf, 0xe1, 0x9f, 0xf3, 0x0,
    0x7f, 0xcb, 0xfe, 0xb0, 0x3f, 0xf6, 0x0, 0x7f,
    0xd7, 0xfe, 0x50, 0x6, 0xff, 0x8c, 0x3, 0xf8,
    0xbf, 0xdc, 0x1, 0x3f, 0xfa, 0x40, 0x3f, 0xa3,
    0xfd, 0x20, 0x10, 0xff, 0xb8, 0x3, 0xfb, 0xbf,
    0xc6, 0x1, 0xb3, 0xfc, 0xa0, 0x1f, 0x27, 0xfb,
    0x40, 0x39, 0xbf, 0xd6, 0x1, 0xf5, 0x7f, 0xa0,
    0x3, 0xdf, 0xf1, 0x0, 0x70, 0xff, 0xff, 0xf0,
    0x60, 0x3, 0x9f, 0xff, 0xff, 0x83, 0xc0, 0x1d,
    0xbf, 0xee, 0xbb, 0xfd, 0xff, 0x20, 0x4, 0x7f,
    0xf0, 0x80, 0x7e, 0x9f, 0xf5, 0x0, 0x53, 0xfe,
    0xb0, 0xf, 0xe3, 0xff, 0x84, 0x1, 0xff, 0x28,
    0x7, 0xfb, 0x7f, 0xcc, 0xd, 0xfe, 0xe0, 0xf,
    0xf9, 0xff, 0xda, 0x0,

    /* U+1EA3 "ả" */
    0x0, 0xea, 0xed, 0x81, 0x0, 0xfe, 0x6b, 0xef,
    0xe1, 0x0, 0xff, 0xb3, 0xdc, 0x3, 0xfe, 0xcf,
    0x50, 0xf, 0xe7, 0xff, 0x40, 0x7, 0xf8, 0x8c,
    0x3, 0xf9, 0x27, 0x7f, 0xdd, 0x48, 0x1, 0x86,
    0xff, 0xff, 0x50, 0x0, 0x7b, 0xfe, 0xb8, 0x9c,
    0xff, 0xa0, 0x0, 0xdf, 0x42, 0x1, 0x9b, 0xfe,
    0x0, 0x8c, 0x3, 0xec, 0xff, 0x20, 0x7, 0xfa,
    0x7f, 0xcc, 0x0, 0x4a, 0xdf, 0xff, 0xcc, 0x11,
    0xff, 0xff, 0x31, 0xff, 0xd2, 0x86, 0x7b, 0x3f,
    0xcd, 0x1f, 0xe8, 0x0, 0xf7, 0xfc, 0xd3, 0xfe,
    0x50, 0xe, 0x1f, 0xf9, 0x9f, 0xfd, 0x60, 0x18,
    0x73, 0xfe, 0x61, 0xff, 0xb5, 0xda, 0x7b, 0xff,
    0x30, 0x27, 0xff, 0xd6, 0xff, 0xe6, 0x0, 0xc,
    0xef, 0xfb, 0x18, 0x17, 0xfc, 0xc0,

    /* U+1EA4 "Ấ" */
    0x0, 0xff, 0xe1, 0x11, 0x4, 0x3, 0xff, 0x88,
    0x9f, 0xc2, 0x1, 0xff, 0xc4, 0xcf, 0x50, 0xf,
    0xfe, 0x22, 0xfd, 0x0, 0x7f, 0xf0, 0x47, 0x5c,
    0x2b, 0x4, 0x3, 0xff, 0x80, 0x5d, 0xfe, 0x80,
    0xf, 0xfe, 0x11, 0xf7, 0xe, 0x7e, 0x80, 0x3f,
    0xf8, 0xb, 0xfc, 0x40, 0x9, 0xfb, 0x0, 0xff,
    0xeb, 0x57, 0xf8, 0x40, 0x3f, 0xf8, 0x63, 0xff,
    0x38, 0x7, 0xff, 0xd, 0xbf, 0xee, 0x0, 0xff,
    0xe1, 0xe7, 0xfe, 0x40, 0xf, 0xfe, 0x9, 0xff,
    0xf5, 0x0, 0x7f, 0xf0, 0x67, 0xfc, 0xdd, 0xfe,
    0x10, 0xf, 0xfe, 0x7, 0x7f, 0x86, 0x7f, 0xcc,
    0x1, 0xff, 0x2f, 0xfa, 0xc0, 0xff, 0xd8, 0x1,
    0xff, 0x5f, 0xf9, 0x40, 0x1b, 0xfe, 0x30, 0xf,
    0xe2, 0xff, 0x70, 0x4, 0xff, 0xe9, 0x0, 0xfe,
    0x8f, 0xf4, 0x80, 0x43, 0xfe, 0xe0, 0xf, 0xee,
    0xff, 0x18, 0x6, 0xcf, 0xf2, 0x80, 0x7c, 0x9f,
    0xed, 0x0, 0xe6, 0xff, 0x58, 0x7, 0xd5, 0xfe,
    0x80, 0xf, 0x7f, 0xc4, 0x1, 0xc3, 0xff, 0xff,
    0xc1, 0x80, 0xe, 0x7f, 0xff, 0xfe, 0xf, 0x0,
    0x76, 0xff, 0xba, 0xef, 0xf7, 0xfc, 0x80, 0x11,
    0xff, 0xc2, 0x1, 0xfa, 0x7f, 0xd4, 0x1, 0x4f,
    0xfa, 0xc0, 0x3f, 0x8f, 0xfe, 0x10, 0x7, 0xfc,
    0xa0, 0x1f, 0xed, 0xff, 0x30, 0x37, 0xfb, 0x80,
    0x3f, 0xe7, 0xff, 0x68, 0x0,

    /* U+1EA5 "ấ" */
    0x0, 0xff, 0xaf, 0xe4, 0x3, 0xfc, 0x9f, 0xa0,
    0x1f, 0x88, 0x1, 0x9e, 0x60, 0x1f, 0x5f, 0x9a,
    0x7c, 0x0, 0x7d, 0x7f, 0xf1, 0x80, 0x7e, 0xbf,
    0xb5, 0xff, 0x18, 0x7, 0xaf, 0xe8, 0x0, 0x9f,
    0xe3, 0x0, 0xe2, 0x20, 0x6, 0x12, 0x10, 0xf,
    0xfe, 0x3a, 0x4e, 0xff, 0xba, 0x90, 0x3, 0xd,
    0xff, 0xfe, 0xa0, 0x0, 0xf7, 0xfd, 0x71, 0x39,
    0xff, 0x40, 0x1, 0xbe, 0x84, 0x3, 0x37, 0xfc,
    0x1, 0x18, 0x7, 0xd9, 0xfe, 0x40, 0xf, 0xf4,
    0xff, 0x98, 0x0, 0x95, 0xbf, 0xff, 0x98, 0x23,
    0xff, 0xfe, 0x63, 0xff, 0xa5, 0xc, 0xf6, 0x7f,
    0x9a, 0x3f, 0xd0, 0x1, 0xef, 0xf9, 0xa7, 0xfc,
    0xa0, 0x1c, 0x3f, 0xf3, 0x3f, 0xfa, 0xc0, 0x30,
    0xe7, 0xfc, 0xc3, 0xff, 0x6b, 0xb4, 0xf7, 0xfe,
    0x60, 0x4f, 0xff, 0xad, 0xff, 0xcc, 0x0, 0x19,
    0xdf, 0xf6, 0x30, 0x2f, 0xf9, 0x80,

    /* U+1EA6 "Ầ" */
    0x0, 0xff, 0x88, 0x80, 0x1f, 0xfc, 0x6e, 0xf6,
    0x0, 0xff, 0xe2, 0xa7, 0xf0, 0x7, 0xff, 0x1a,
    0x7d, 0x80, 0x3f, 0xf8, 0x23, 0xae, 0x0, 0xcb,
    0x0, 0xff, 0xe0, 0x17, 0x7f, 0xa0, 0x3, 0xff,
    0x84, 0x7d, 0xc3, 0x9f, 0xa0, 0xf, 0xfe, 0x2,
    0xff, 0x10, 0x2, 0x7e, 0xc0, 0x3f, 0xfa, 0xd5,
    0xfe, 0x10, 0xf, 0xfe, 0x18, 0xff, 0xce, 0x1,
    0xff, 0xc3, 0x6f, 0xfb, 0x80, 0x3f, 0xf8, 0x79,
    0xff, 0x90, 0x3, 0xff, 0x82, 0x7f, 0xfd, 0x40,
    0x1f, 0xfc, 0x19, 0xff, 0x37, 0x7f, 0x84, 0x3,
    0xff, 0x81, 0xdf, 0xe1, 0x9f, 0xf3, 0x0, 0x7f,
    0xcb, 0xfe, 0xb0, 0x3f, 0xf6, 0x0, 0x7f, 0xd7,
    0xfe, 0x50, 0x6, 0xff, 0x8c, 0x3, 0xf8, 0xbf,
    0xdc, 0x1, 0x3f, 0xfa, 0x40, 0x3f, 0xa3, 0xfd,
    0x20, 0x10, 0xff, 0xb8, 0x3, 0xfb, 0xbf, 0xc6,
    0x1, 0xb3, 0xfc, 0xa0, 0x1f, 0x27, 0xfb, 0x40,
    0x39, 0xbf, 0xd6, 0x1, 0xf5, 0x7f, 0xa0, 0x3,
    0xdf, 0xf1, 0x0, 0x70, 0xff, 0xff, 0xf0, 0x60,
    0x3, 0x9f, 0xff, 0xff, 0x83, 0xc0, 0x1d, 0xbf,
    0xee, 0xbb, 0xfd, 0xff, 0x20, 0x4, 0x7f, 0xf0,
    0x80, 0x7e, 0x9f, 0xf5, 0x0, 0x53, 0xfe, 0xb0,
    0xf, 0xe3, 0xff, 0x84, 0x1, 0xff, 0x28, 0x7,
    0xfb, 0x7f, 0xcc, 0xd, 0xfe, 0xe0, 0xf, 0xf9,
    0xff, 0xda, 0x0,

    /* U+1EA7 "ầ" */
    0x0, 0xfd, 0x3f, 0x80, 0x1f, 0xfc, 0xd, 0xf4,
    0x0, 0xfe, 0x20, 0x3f, 0xd0, 0xf, 0xd7, 0xe6,
    0x11, 0xea, 0x1, 0xeb, 0xff, 0x8c, 0x3, 0xf5,
    0xfd, 0xaf, 0xf8, 0xc0, 0x3d, 0x7f, 0x60, 0x4,
    0xff, 0x18, 0x7, 0x11, 0x0, 0x30, 0x90, 0x80,
    0x7f, 0xf1, 0xd2, 0x77, 0xfd, 0xd4, 0x80, 0x18,
    0x6f, 0xff, 0xf5, 0x0, 0x7, 0xbf, 0xeb, 0x89,
    0xcf, 0xfa, 0x0, 0xd, 0xf4, 0x20, 0x19, 0xbf,
    0xe0, 0x8, 0xc0, 0x3e, 0xcf, 0xf2, 0x0, 0x7f,
    0xa7, 0xfc, 0xc0, 0x4, 0xad, 0xff, 0xfc, 0xc1,
    0x1f, 0xff, 0xf3, 0x1f, 0xfd, 0x28, 0x67, 0xb3,
    0xfc, 0xd1, 0xfe, 0x80, 0xf, 0x7f, 0xcd, 0x3f,
    0xe5, 0x0, 0xe1, 0xff, 0x99, 0xff, 0xd6, 0x1,
    0x87, 0x3f, 0xe6, 0x1f, 0xfb, 0x5d, 0xa7, 0xbf,
    0xf3, 0x2, 0x7f, 0xfd, 0x6f, 0xfe, 0x60, 0x0,
    0xce, 0xff, 0xb1, 0x81, 0x7f, 0xcc,

    /* U+1EA8 "Ẩ" */
    0x0, 0xff, 0x8e, 0x18, 0x40, 0x3f, 0xf8, 0x8d,
    0xff, 0x38, 0x7, 0xff, 0x15, 0x3b, 0xc0, 0x3f,
    0xf8, 0x26, 0x1, 0xaf, 0xc0, 0x3f, 0xf8, 0xb,
    0xf8, 0x27, 0xbe, 0xe0, 0x1f, 0xf3, 0xfe, 0xfe,
    0x9a, 0x88, 0x7, 0xfd, 0x1f, 0x60, 0x9f, 0xc4,
    0x1, 0xff, 0x2d, 0x48, 0x4, 0x95, 0x20, 0x1f,
    0xfd, 0x6a, 0xff, 0x8, 0x7, 0xff, 0xc, 0x7f,
    0xe7, 0x0, 0xff, 0xe1, 0xb7, 0xfd, 0xc0, 0x1f,
    0xfc, 0x3c, 0xff, 0xc8, 0x1, 0xff, 0xc1, 0x3f,
    0xfe, 0xa0, 0xf, 0xfe, 0xc, 0xff, 0x9b, 0xbf,
    0xc2, 0x1, 0xff, 0xc0, 0xef, 0xf0, 0xcf, 0xf9,
    0x80, 0x3f, 0xe5, 0xff, 0x58, 0x1f, 0xfb, 0x0,
    0x3f, 0xeb, 0xff, 0x28, 0x3, 0x7f, 0xc6, 0x1,
    0xfc, 0x5f, 0xee, 0x0, 0x9f, 0xfd, 0x20, 0x1f,
    0xd1, 0xfe, 0x90, 0x8, 0x7f, 0xdc, 0x1, 0xfd,
    0xdf, 0xe3, 0x0, 0xd9, 0xfe, 0x50, 0xf, 0x93,
    0xfd, 0xa0, 0x1c, 0xdf, 0xeb, 0x0, 0xfa, 0xbf,
    0xd0, 0x1, 0xef, 0xf8, 0x80, 0x38, 0x7f, 0xff,
    0xf8, 0x30, 0x1, 0xcf, 0xff, 0xff, 0xc1, 0xe0,
    0xe, 0xdf, 0xf7, 0x5d, 0xfe, 0xff, 0x90, 0x2,
    0x3f, 0xf8, 0x40, 0x3f, 0x4f, 0xfa, 0x80, 0x29,
    0xff, 0x58, 0x7, 0xf1, 0xff, 0xc2, 0x0, 0xff,
    0x94, 0x3, 0xfd, 0xbf, 0xe6, 0x6, 0xff, 0x70,
    0x7, 0xfc, 0xff, 0xed, 0x0,

    /* U+1EA9 "ẩ" */
    0x0, 0xfc, 0x50, 0xe4, 0x1, 0xfe, 0x3f, 0xfa,
    0x0, 0x3f, 0xe3, 0xdf, 0x20, 0xf, 0x84, 0x2,
    0x8f, 0x30, 0xf, 0x46, 0x88, 0xa7, 0xf0, 0x3,
    0xcf, 0xfe, 0xd1, 0x95, 0x0, 0xf3, 0x7f, 0x5f,
    0xe0, 0x7, 0xcb, 0xfe, 0x30, 0xaf, 0xb0, 0xe,
    0x19, 0xa3, 0x0, 0xa2, 0x94, 0x3, 0xff, 0x8e,
    0x93, 0xbf, 0xee, 0xa4, 0x0, 0xc3, 0x7f, 0xff,
    0xa8, 0x0, 0x3d, 0xff, 0x5c, 0x4e, 0x7f, 0xd0,
    0x0, 0x6f, 0xa1, 0x0, 0xcd, 0xff, 0x0, 0x46,
    0x1, 0xf6, 0x7f, 0x90, 0x3, 0xfd, 0x3f, 0xe6,
    0x0, 0x25, 0x6f, 0xff, 0xe6, 0x8, 0xff, 0xff,
    0x98, 0xff, 0xe9, 0x43, 0x3d, 0x9f, 0xe6, 0x8f,
    0xf4, 0x0, 0x7b, 0xfe, 0x69, 0xff, 0x28, 0x7,
    0xf, 0xfc, 0xcf, 0xfe, 0xb0, 0xc, 0x39, 0xff,
    0x30, 0xff, 0xda, 0xed, 0x3d, 0xff, 0x98, 0x13,
    0xff, 0xeb, 0x7f, 0xf3, 0x0, 0x6, 0x77, 0xfd,
    0x8c, 0xb, 0xfe, 0x60,

    /* U+1EAA "Ẫ" */
    0x0, 0xf1, 0xc4, 0x14, 0x0, 0x92, 0x40, 0x1f,
    0xe3, 0xff, 0xdd, 0x9f, 0xe0, 0xf, 0xfa, 0xbc,
    0x89, 0x1b, 0xfa, 0x80, 0x1f, 0xfc, 0x35, 0x10,
    0xf, 0xfe, 0x2b, 0xfe, 0x88, 0x7, 0xff, 0xe,
    0x3e, 0xff, 0x88, 0x3, 0xff, 0x83, 0x3f, 0x40,
    0x7f, 0xc6, 0x1, 0xff, 0x2c, 0xc0, 0x4, 0x73,
    0x0, 0x1f, 0xfd, 0x6a, 0xff, 0x8, 0x7, 0xff,
    0xc, 0x7f, 0xe7, 0x0, 0xff, 0xe1, 0xb7, 0xfd,
    0xc0, 0x1f, 0xfc, 0x3c, 0xff, 0xc8, 0x1, 0xff,
    0xc1, 0x3f, 0xfe, 0xa0, 0xf, 0xfe, 0xc, 0xff,
    0x9b, 0xbf, 0xc2, 0x1, 0xff, 0xc0, 0xef, 0xf0,
    0xcf, 0xf9, 0x80, 0x3f, 0xe5, 0xff, 0x58, 0x1f,
    0xfb, 0x0, 0x3f, 0xeb, 0xff, 0x28, 0x3, 0x7f,
    0xc6, 0x1, 0xfc, 0x5f, 0xee, 0x0, 0x9f, 0xfd,
    0x20, 0x1f, 0xd1, 0xfe, 0x90, 0x8, 0x7f, 0xdc,
    0x1, 0xfd, 0xdf, 0xe3, 0x0, 0xd9, 0xfe, 0x50,
    0xf, 0x93, 0xfd, 0xa0, 0x1c, 0xdf, 0xeb, 0x0,
    0xfa, 0xbf, 0xd0, 0x1, 0xef, 0xf8, 0x80, 0x38,
    0x7f, 0xff, 0xf8, 0x30, 0x1, 0xcf, 0xff, 0xff,
    0xc1, 0xe0, 0xe, 0xdf, 0xf7, 0x5d, 0xfe, 0xff,
    0x90, 0x2, 0x3f, 0xf8, 0x40, 0x3f, 0x4f, 0xfa,
    0x80, 0x29, 0xff, 0x58, 0x7, 0xf1, 0xff, 0xc2,
    0x0, 0xff, 0x94, 0x3, 0xfd, 0xbf, 0xe6, 0x6,
    0xff, 0x70, 0x7, 0xfc, 0xff, 0xed, 0x0,

    /* U+1EAB "ẫ" */
    0x0, 0x8f, 0x7f, 0x5c, 0x4b, 0xa4, 0x3, 0xf,
    0x7d, 0x6f, 0xfe, 0x50, 0xc, 0x54, 0xa0, 0x5,
    0xaa, 0x28, 0x7, 0xf3, 0x60, 0x7, 0xfc, 0xbf,
    0xec, 0x0, 0xfe, 0x5f, 0xea, 0xfb, 0x0, 0xf9,
    0x3f, 0x8c, 0x2b, 0xe8, 0x3, 0x86, 0x68, 0xc0,
    0x28, 0xa5, 0x0, 0xff, 0xe3, 0xa4, 0xef, 0xfb,
    0xa9, 0x0, 0x30, 0xdf, 0xff, 0xea, 0x0, 0xf,
    0x7f, 0xd7, 0x13, 0x9f, 0xf4, 0x0, 0x1b, 0xe8,
    0x40, 0x33, 0x7f, 0xc0, 0x11, 0x80, 0x7d, 0x9f,
    0xe4, 0x0, 0xff, 0x4f, 0xf9, 0x80, 0x9, 0x5b,
    0xff, 0xf9, 0x82, 0x3f, 0xff, 0xe6, 0x3f, 0xfa,
    0x50, 0xcf, 0x67, 0xf9, 0xa3, 0xfd, 0x0, 0x1e,
    0xff, 0x9a, 0x7f, 0xca, 0x1, 0xc3, 0xff, 0x33,
    0xff, 0xac, 0x3, 0xe, 0x7f, 0xcc, 0x3f, 0xf6,
    0xbb, 0x4f, 0x7f, 0xe6, 0x4, 0xff, 0xfa, 0xdf,
    0xfc, 0xc0, 0x1, 0x9d, 0xff, 0x63, 0x2, 0xff,
    0x98,

    /* U+1EAC "Ậ" */
    0x0, 0xfe, 0x20, 0xf, 0xfe, 0x31, 0xfd, 0x0,
    0x7f, 0xf1, 0xb, 0xbf, 0xd2, 0x1, 0xff, 0xc2,
    0x1e, 0xf6, 0xcf, 0x70, 0xf, 0xfe, 0x0, 0xef,
    0xb8, 0xe, 0xfb, 0x0, 0x7f, 0xc9, 0xc, 0x1,
    0x14, 0x38, 0x80, 0x7f, 0xf5, 0x6b, 0xfc, 0x20,
    0x1f, 0xfc, 0x31, 0xff, 0x9c, 0x3, 0xff, 0x86,
    0xdf, 0xf7, 0x0, 0x7f, 0xf0, 0xf3, 0xff, 0x20,
    0x7, 0xff, 0x4, 0xff, 0xfa, 0x80, 0x3f, 0xf8,
    0x33, 0xfe, 0x6e, 0xff, 0x8, 0x7, 0xff, 0x3,
    0xbf, 0xc3, 0x3f, 0xe6, 0x0, 0xff, 0x97, 0xfd,
    0x60, 0x7f, 0xec, 0x0, 0xff, 0xaf, 0xfc, 0xa0,
    0xd, 0xff, 0x18, 0x7, 0xf1, 0x7f, 0xb8, 0x2,
    0x7f, 0xf4, 0x80, 0x7f, 0x47, 0xfa, 0x40, 0x21,
    0xff, 0x70, 0x7, 0xf7, 0x7f, 0x8c, 0x3, 0x67,
    0xf9, 0x40, 0x3e, 0x4f, 0xf6, 0x80, 0x73, 0x7f,
    0xac, 0x3, 0xea, 0xff, 0x40, 0x7, 0xbf, 0xe2,
    0x0, 0xe1, 0xff, 0xff, 0xe0, 0xc0, 0x7, 0x3f,
    0xff, 0xff, 0x7, 0x80, 0x3b, 0x7f, 0xdd, 0x77,
    0xfb, 0xfe, 0x40, 0x8, 0xff, 0xe1, 0x0, 0xfd,
    0x3f, 0xea, 0x0, 0xa7, 0xfd, 0x60, 0x1f, 0xc7,
    0xff, 0x8, 0x3, 0xfe, 0x50, 0xf, 0xf6, 0xff,
    0x98, 0x1b, 0xfd, 0xc0, 0x1f, 0xf3, 0xff, 0xb4,
    0x3, 0xff, 0xcb, 0xff, 0x30, 0x7, 0xff, 0x13,
    0xfe, 0x60, 0xf, 0xfe, 0x27, 0xfc, 0xc0, 0x1f,
    0xfc, 0x43, 0x38, 0x40, 0x3f, 0x0,

    /* U+1EAD "ậ" */
    0x0, 0xf8, 0x80, 0x3f, 0xf8, 0x15, 0xc4, 0x1,
    0xfe, 0x9f, 0xf7, 0x10, 0x7, 0xe8, 0xfc, 0x6f,
    0xd1, 0x0, 0xf3, 0xfe, 0x88, 0x3f, 0xe8, 0x80,
    0x61, 0x78, 0x20, 0x9, 0xa1, 0x0, 0x3f, 0xf8,
    0xe9, 0x3b, 0xfe, 0xea, 0x40, 0xc, 0x37, 0xff,
    0xfa, 0x80, 0x3, 0xdf, 0xf5, 0xc4, 0xe7, 0xfd,
    0x0, 0x6, 0xfa, 0x10, 0xc, 0xdf, 0xf0, 0x4,
    0x60, 0x1f, 0x67, 0xf9, 0x0, 0x3f, 0xd3, 0xfe,
    0x60, 0x2, 0x56, 0xff, 0xfe, 0x60, 0x8f, 0xff,
    0xf9, 0x8f, 0xfe, 0x94, 0x33, 0xd9, 0xfe, 0x68,
    0xff, 0x40, 0x7, 0xbf, 0xe6, 0x9f, 0xf2, 0x80,
    0x70, 0xff, 0xcc, 0xff, 0xeb, 0x0, 0xc3, 0x9f,
    0xf3, 0xf, 0xfd, 0xae, 0xd3, 0xdf, 0xf9, 0x81,
    0x3f, 0xfe, 0xb7, 0xff, 0x30, 0x0, 0x67, 0x7f,
    0xd8, 0xc0, 0xbf, 0xe6, 0x0, 0xff, 0xe3, 0x89,
    0x9c, 0x1, 0xfe, 0x7f, 0xf7, 0x0, 0x7f, 0x9f,
    0xfd, 0xc0, 0x1f, 0xe7, 0xff, 0x70, 0x7, 0x0,

    /* U+1EAE "Ắ" */
    0x0, 0xff, 0x24, 0x28, 0x7, 0xff, 0x10, 0x7f,
    0xc4, 0x1, 0xff, 0xc4, 0x8f, 0x70, 0xf, 0xfe,
    0x20, 0xfd, 0x80, 0x7f, 0xf0, 0xb7, 0xc8, 0x3,
    0x57, 0xa0, 0x7, 0xfa, 0xbe, 0x80, 0x23, 0xff,
    0x8, 0x7, 0xf8, 0xbf, 0xec, 0xdf, 0xf4, 0x80,
    0x7f, 0xf0, 0xa, 0xbb, 0xfd, 0x8c, 0x1, 0xff,
    0xd7, 0xaf, 0xf0, 0x80, 0x7f, 0xf0, 0xc7, 0xfe,
    0x70, 0xf, 0xfe, 0x1b, 0x7f, 0xdc, 0x1, 0xff,
    0xc3, 0xcf, 0xfc, 0x80, 0x1f, 0xfc, 0x13, 0xff,
    0xea, 0x0, 0xff, 0xe0, 0xcf, 0xf9, 0xbb, 0xfc,
    0x20, 0x1f, 0xfc, 0xe, 0xff, 0xc, 0xff, 0x98,
    0x3, 0xfe, 0x5f, 0xf5, 0x81, 0xff, 0xb0, 0x3,
    0xfe, 0xbf, 0xf2, 0x80, 0x37, 0xfc, 0x60, 0x1f,
    0xc5, 0xfe, 0xe0, 0x9, 0xff, 0xd2, 0x1, 0xfd,
    0x1f, 0xe9, 0x0, 0x87, 0xfd, 0xc0, 0x1f, 0xdd,
    0xfe, 0x30, 0xd, 0x9f, 0xe5, 0x0, 0xf9, 0x3f,
    0xda, 0x1, 0xcd, 0xfe, 0xb0, 0xf, 0xab, 0xfd,
    0x0, 0x1e, 0xff, 0x88, 0x3, 0x87, 0xff, 0xff,
    0x83, 0x0, 0x1c, 0xff, 0xff, 0xfc, 0x1e, 0x0,
    0xed, 0xff, 0x75, 0xdf, 0xef, 0xf9, 0x0, 0x23,
    0xff, 0x84, 0x3, 0xf4, 0xff, 0xa8, 0x2, 0x9f,
    0xf5, 0x80, 0x7f, 0x1f, 0xfc, 0x20, 0xf, 0xf9,
    0x40, 0x3f, 0xdb, 0xfe, 0x60, 0x6f, 0xf7, 0x0,
    0x7f, 0xcf, 0xfe, 0xd0,

    /* U+1EAF "ắ" */
    0x0, 0xf8, 0xbf, 0xc4, 0x1, 0xfe, 0x9f, 0x80,
    0xf, 0xf1, 0x7e, 0x80, 0x7f, 0xd3, 0xe6, 0x1,
    0xf2, 0xfd, 0x0, 0x62, 0xfc, 0x0, 0xc5, 0xfe,
    0x30, 0xa, 0x7e, 0x80, 0x3a, 0xbf, 0xdb, 0x9d,
    0xfe, 0x20, 0xf, 0x3e, 0x7f, 0xba, 0x88, 0x3,
    0xff, 0xac, 0x93, 0xbf, 0xee, 0xa4, 0x0, 0xc3,
    0x7f, 0xff, 0xa8, 0x0, 0x3d, 0xff, 0x5c, 0x4e,
    0x7f, 0xd0, 0x0, 0x6f, 0xa1, 0x0, 0xcd, 0xff,
    0x0, 0x46, 0x1, 0xf6, 0x7f, 0x90, 0x3, 0xfd,
    0x3f, 0xe6, 0x0, 0x25, 0x6f, 0xff, 0xe6, 0x8,
    0xff, 0xff, 0x98, 0xff, 0xe9, 0x43, 0x3d, 0x9f,
    0xe6, 0x8f, 0xf4, 0x0, 0x7b, 0xfe, 0x69, 0xff,
    0x28, 0x7, 0xf, 0xfc, 0xcf, 0xfe, 0xb0, 0xc,
    0x39, 0xff, 0x30, 0xff, 0xda, 0xed, 0x3d, 0xff,
    0x98, 0x13, 0xff, 0xeb, 0x7f, 0xf3, 0x0, 0x6,
    0x77, 0xfd, 0x8c, 0xb, 0xfe, 0x60,

    /* U+1EB0 "Ằ" */
    0x0, 0xf0, 0xbc, 0x8, 0x7, 0xff, 0x16, 0xbe,
    0x0, 0x3f, 0xf8, 0xa3, 0xde, 0x20, 0x1f, 0xfc,
    0x54, 0xf9, 0x0, 0xff, 0xe1, 0x6f, 0x90, 0x6,
    0xaf, 0x40, 0xf, 0xf5, 0x7d, 0x0, 0x47, 0xfe,
    0x10, 0xf, 0xf1, 0x7f, 0xd9, 0xbf, 0xe9, 0x0,
    0xff, 0xe0, 0x15, 0x77, 0xfb, 0x18, 0x3, 0xff,
    0xaf, 0x5f, 0xe1, 0x0, 0xff, 0xe1, 0x8f, 0xfc,
    0xe0, 0x1f, 0xfc, 0x36, 0xff, 0xb8, 0x3, 0xff,
    0x87, 0x9f, 0xf9, 0x0, 0x3f, 0xf8, 0x27, 0xff,
    0xd4, 0x1, 0xff, 0xc1, 0x9f, 0xf3, 0x77, 0xf8,
    0x40, 0x3f, 0xf8, 0x1d, 0xfe, 0x19, 0xff, 0x30,
    0x7, 0xfc, 0xbf, 0xeb, 0x3, 0xff, 0x60, 0x7,
    0xfd, 0x7f, 0xe5, 0x0, 0x6f, 0xf8, 0xc0, 0x3f,
    0x8b, 0xfd, 0xc0, 0x13, 0xff, 0xa4, 0x3, 0xfa,
    0x3f, 0xd2, 0x1, 0xf, 0xfb, 0x80, 0x3f, 0xbb,
    0xfc, 0x60, 0x1b, 0x3f, 0xca, 0x1, 0xf2, 0x7f,
    0xb4, 0x3, 0x9b, 0xfd, 0x60, 0x1f, 0x57, 0xfa,
    0x0, 0x3d, 0xff, 0x10, 0x7, 0xf, 0xff, 0xff,
    0x6, 0x0, 0x39, 0xff, 0xff, 0xf8, 0x3c, 0x1,
    0xdb, 0xfe, 0xeb, 0xbf, 0xdf, 0xf2, 0x0, 0x47,
    0xff, 0x8, 0x7, 0xe9, 0xff, 0x50, 0x5, 0x3f,
    0xeb, 0x0, 0xfe, 0x3f, 0xf8, 0x40, 0x1f, 0xf2,
    0x80, 0x7f, 0xb7, 0xfc, 0xc0, 0xdf, 0xee, 0x0,
    0xff, 0x9f, 0xfd, 0xa0,

    /* U+1EB1 "ằ" */
    0x0, 0xd5, 0xf4, 0x1, 0xff, 0xf, 0x79, 0x0,
    0x7f, 0xcd, 0xf4, 0x1, 0xff, 0xc0, 0xcf, 0x20,
    0xf, 0x97, 0xe8, 0x3, 0x17, 0xe0, 0x6, 0x2f,
    0xf1, 0x80, 0x53, 0xf4, 0x1, 0xd5, 0xfe, 0xdc,
    0xef, 0xf1, 0x0, 0x79, 0xf3, 0xfd, 0xd4, 0x40,
    0x1f, 0xfd, 0x64, 0x9d, 0xff, 0x75, 0x20, 0x6,
    0x1b, 0xff, 0xfd, 0x40, 0x1, 0xef, 0xfa, 0xe2,
    0x73, 0xfe, 0x80, 0x3, 0x7d, 0x8, 0x6, 0x6f,
    0xf8, 0x2, 0x30, 0xf, 0xb3, 0xfc, 0x80, 0x1f,
    0xe9, 0xff, 0x30, 0x1, 0x2b, 0x7f, 0xff, 0x30,
    0x47, 0xff, 0xfc, 0xc7, 0xff, 0x4a, 0x19, 0xec,
    0xff, 0x34, 0x7f, 0xa0, 0x3, 0xdf, 0xf3, 0x4f,
    0xf9, 0x40, 0x38, 0x7f, 0xe6, 0x7f, 0xf5, 0x80,
    0x61, 0xcf, 0xf9, 0x87, 0xfe, 0xd7, 0x69, 0xef,
    0xfc, 0xc0, 0x9f, 0xff, 0x5b, 0xff, 0x98, 0x0,
    0x33, 0xbf, 0xec, 0x60, 0x5f, 0xf3, 0x0,

    /* U+1EB2 "Ẳ" */
    0x0, 0xff, 0xe7, 0xa7, 0xf5, 0x10, 0x7, 0xff,
    0x10, 0xdb, 0xb8, 0x1, 0xff, 0xc6, 0x9f, 0x20,
    0xf, 0xfe, 0x1, 0x10, 0x5, 0xff, 0x4, 0x80,
    0x3f, 0xed, 0xf2, 0x18, 0x40, 0xaf, 0x40, 0xf,
    0xf4, 0xfd, 0x0, 0x49, 0xfe, 0x10, 0xf, 0xf1,
    0x7f, 0xd9, 0xbf, 0xe9, 0x0, 0xff, 0xe0, 0x15,
    0x77, 0xfb, 0x18, 0x3, 0xff, 0xaf, 0x5f, 0xe1,
    0x0, 0xff, 0xe1, 0x8f, 0xfc, 0xe0, 0x1f, 0xfc,
    0x36, 0xff, 0xb8, 0x3, 0xff, 0x87, 0x9f, 0xf9,
    0x0, 0x3f, 0xf8, 0x27, 0xff, 0xd4, 0x1, 0xff,
    0xc1, 0x9f, 0xf3, 0x77, 0xf8, 0x40, 0x3f, 0xf8,
    0x1d, 0xfe, 0x19, 0xff, 0x30, 0x7, 0xfc, 0xbf,
    0xeb, 0x3, 0xff, 0x60, 0x7, 0xfd, 0x7f, 0xe5,
    0x0, 0x6f, 0xf8, 0xc0, 0x3f, 0x8b, 0xfd, 0xc0,
    0x13, 0xff, 0xa4, 0x3, 0xfa, 0x3f, 0xd2, 0x1,
    0xf, 0xfb, 0x80, 0x3f, 0xbb, 0xfc, 0x60, 0x1b,
    0x3f, 0xca, 0x1, 0xf2, 0x7f, 0xb4, 0x3, 0x9b,
    0xfd, 0x60, 0x1f, 0x57, 0xfa, 0x0, 0x3d, 0xff,
    0x10, 0x7, 0xf, 0xff, 0xff, 0x6, 0x0, 0x39,
    0xff, 0xff, 0xf8, 0x3c, 0x1, 0xdb, 0xfe, 0xeb,
    0xbf, 0xdf, 0xf2, 0x0, 0x47, 0xff, 0x8, 0x7,
    0xe9, 0xff, 0x50, 0x5, 0x3f, 0xeb, 0x0, 0xfe,
    0x3f, 0xf8, 0x40, 0x1f, 0xf2, 0x80, 0x7f, 0xb7,
    0xfc, 0xc0, 0xdf, 0xee, 0x0, 0xff, 0x9f, 0xfd,
    0xa0,

    /* U+1EB3 "ẳ" */
    0x0, 0xe6, 0x75, 0x0, 0xff, 0xb3, 0xfd, 0xc4,
    0x1, 0xfe, 0x17, 0xf9, 0x0, 0xff, 0x8b, 0xe8,
    0x3, 0xfd, 0x1d, 0xc2, 0x0, 0xf2, 0xfd, 0x2,
    0x20, 0xb, 0xf0, 0x3, 0x17, 0xf8, 0xc0, 0x29,
    0xfa, 0x0, 0xea, 0xff, 0x6e, 0x77, 0xf8, 0x80,
    0x3c, 0xf9, 0xfe, 0xea, 0x20, 0xf, 0xfe, 0xb2,
    0x4e, 0xff, 0xba, 0x90, 0x3, 0xd, 0xff, 0xfe,
    0xa0, 0x0, 0xf7, 0xfd, 0x71, 0x39, 0xff, 0x40,
    0x1, 0xbe, 0x84, 0x3, 0x37, 0xfc, 0x1, 0x18,
    0x7, 0xd9, 0xfe, 0x40, 0xf, 0xf4, 0xff, 0x98,
    0x0, 0x95, 0xbf, 0xff, 0x98, 0x23, 0xff, 0xfe,
    0x63, 0xff, 0xa5, 0xc, 0xf6, 0x7f, 0x9a, 0x3f,
    0xd0, 0x1, 0xef, 0xf9, 0xa7, 0xfc, 0xa0, 0x1c,
    0x3f, 0xf3, 0x3f, 0xfa, 0xc0, 0x30, 0xe7, 0xfc,
    0xc3, 0xff, 0x6b, 0xb4, 0xf7, 0xfe, 0x60, 0x4f,
    0xff, 0xad, 0xff, 0xcc, 0x0, 0x19, 0xdf, 0xf6,
    0x30, 0x2f, 0xf9, 0x80,

    /* U+1EB4 "Ẵ" */
    0x0, 0xf8, 0x44, 0x1, 0xff, 0xc5, 0xaf, 0xf6,
    0x28, 0xcf, 0xa0, 0x7, 0xf9, 0xfe, 0x1f, 0xbf,
    0xed, 0x0, 0xff, 0x9e, 0x40, 0x2, 0xf2, 0xe2,
    0x1, 0xff, 0x5e, 0x88, 0x6, 0x8d, 0x40, 0xf,
    0xf5, 0x7c, 0x80, 0x47, 0xfe, 0x20, 0xf, 0xf1,
    0xff, 0xd9, 0xbf, 0xea, 0x0, 0xff, 0xe0, 0x1d,
    0x77, 0xfb, 0x1c, 0x3, 0xff, 0xaf, 0x5f, 0xe1,
    0x0, 0xff, 0xe1, 0x8f, 0xfc, 0xe0, 0x1f, 0xfc,
    0x36, 0xff, 0xb8, 0x3, 0xff, 0x87, 0x9f, 0xf9,
    0x0, 0x3f, 0xf8, 0x27, 0xff, 0xd4, 0x1, 0xff,
    0xc1, 0x9f, 0xf3, 0x77, 0xf8, 0x40, 0x3f, 0xf8,
    0x1d, 0xfe, 0x19, 0xff, 0x30, 0x7, 0xfc, 0xbf,
    0xeb, 0x3, 0xff, 0x60, 0x7, 0xfd, 0x7f, 0xe5,
    0x0, 0x6f, 0xf8, 0xc0, 0x3f, 0x8b, 0xfd, 0xc0,
    0x13, 0xff, 0xa4, 0x3, 0xfa, 0x3f, 0xd2, 0x1,
    0xf, 0xfb, 0x80, 0x3f, 0xbb, 0xfc, 0x60, 0x1b,
    0x3f, 0xca, 0x1, 0xf2, 0x7f, 0xb4, 0x3, 0x9b,
    0xfd, 0x60, 0x1f, 0x57, 0xfa, 0x0, 0x3d, 0xff,
    0x10, 0x7, 0xf, 0xff, 0xff, 0x6, 0x0, 0x39,
    0xff, 0xff, 0xf8, 0x3c, 0x1, 0xdb, 0xfe, 0xeb,
    0xbf, 0xdf, 0xf2, 0x0, 0x47, 0xff, 0x8, 0x7,
    0xe9, 0xff, 0x50, 0x5, 0x3f, 0xeb, 0x0, 0xfe,
    0x3f, 0xf8, 0x40, 0x1f, 0xf2, 0x80, 0x7f, 0xb7,
    0xfc, 0xc0, 0xdf, 0xee, 0x0, 0xff, 0x9f, 0xfd,
    0xa0,

    /* U+1EB5 "ẵ" */
    0x0, 0x8f, 0x3f, 0x14, 0x1, 0x2e, 0x1, 0xdd,
    0xf5, 0xbf, 0xba, 0xf8, 0x0, 0xc5, 0x6c, 0x0,
    0x7e, 0xfa, 0x0, 0xff, 0xe3, 0xaf, 0xd0, 0x6,
    0x2f, 0xc0, 0xc, 0x5f, 0xe3, 0x0, 0xa7, 0xe8,
    0x3, 0xab, 0xfd, 0xb9, 0xdf, 0xe2, 0x0, 0xf3,
    0xe7, 0xfb, 0xa8, 0x80, 0x3f, 0xfa, 0xc9, 0x3b,
    0xfe, 0xea, 0x40, 0xc, 0x37, 0xff, 0xfa, 0x80,
    0x3, 0xdf, 0xf5, 0xc4, 0xe7, 0xfd, 0x0, 0x6,
    0xfa, 0x10, 0xc, 0xdf, 0xf0, 0x4, 0x60, 0x1f,
    0x67, 0xf9, 0x0, 0x3f, 0xd3, 0xfe, 0x60, 0x2,
    0x56, 0xff, 0xfe, 0x60, 0x8f, 0xff, 0xf9, 0x8f,
    0xfe, 0x94, 0x33, 0xd9, 0xfe, 0x68, 0xff, 0x40,
    0x7, 0xbf, 0xe6, 0x9f, 0xf2, 0x80, 0x70, 0xff,
    0xcc, 0xff, 0xeb, 0x0, 0xc3, 0x9f, 0xf3, 0xf,
    0xfd, 0xae, 0xd3, 0xdf, 0xf9, 0x81, 0x3f, 0xfe,
    0xb7, 0xff, 0x30, 0x0, 0x67, 0x7f, 0xd8, 0xc0,
    0xbf, 0xe6,

    /* U+1EB6 "Ặ" */
    0x0, 0xed, 0xf5, 0x0, 0xdb, 0xe8, 0x1, 0xfe,
    0xaf, 0xc1, 0x0, 0x2f, 0xf8, 0x40, 0x3f, 0xc5,
    0xff, 0x67, 0x7f, 0xa4, 0x3, 0xff, 0x80, 0x55,
    0xdf, 0xec, 0x60, 0xf, 0xfe, 0xbd, 0x7f, 0x84,
    0x3, 0xff, 0x86, 0x3f, 0xf3, 0x80, 0x7f, 0xf0,
    0xdb, 0xfe, 0xe0, 0xf, 0xfe, 0x1e, 0x7f, 0xe4,
    0x0, 0xff, 0xe0, 0x9f, 0xff, 0x50, 0x7, 0xff,
    0x6, 0x7f, 0xcd, 0xdf, 0xe1, 0x0, 0xff, 0xe0,
    0x77, 0xf8, 0x67, 0xfc, 0xc0, 0x1f, 0xf2, 0xff,
    0xac, 0xf, 0xfd, 0x80, 0x1f, 0xf5, 0xff, 0x94,
    0x1, 0xbf, 0xe3, 0x0, 0xfe, 0x2f, 0xf7, 0x0,
    0x4f, 0xfe, 0x90, 0xf, 0xe8, 0xff, 0x48, 0x4,
    0x3f, 0xee, 0x0, 0xfe, 0xef, 0xf1, 0x80, 0x6c,
    0xff, 0x28, 0x7, 0xc9, 0xfe, 0xd0, 0xe, 0x6f,
    0xf5, 0x80, 0x7d, 0x5f, 0xe8, 0x0, 0xf7, 0xfc,
    0x40, 0x1c, 0x3f, 0xff, 0xfc, 0x18, 0x0, 0xe7,
    0xff, 0xff, 0xe0, 0xf0, 0x7, 0x6f, 0xfb, 0xae,
    0xff, 0x7f, 0xc8, 0x1, 0x1f, 0xfc, 0x20, 0x1f,
    0xa7, 0xfd, 0x40, 0x14, 0xff, 0xac, 0x3, 0xf8,
    0xff, 0xe1, 0x0, 0x7f, 0xca, 0x1, 0xfe, 0xdf,
    0xf3, 0x3, 0x7f, 0xb8, 0x3, 0xfe, 0x7f, 0xf6,
    0x80, 0x7f, 0xf9, 0x7f, 0xe6, 0x0, 0xff, 0xe2,
    0x7f, 0xcc, 0x1, 0xff, 0xc4, 0xff, 0x98, 0x3,
    0xff, 0x88, 0x67, 0x8, 0x7, 0xe0,

    /* U+1EB7 "ặ" */
    0x0, 0x2f, 0xd0, 0x6, 0x2f, 0xc0, 0xc, 0x5f,
    0xe3, 0x0, 0xa7, 0xe8, 0x3, 0xab, 0xfd, 0xb9,
    0xdf, 0xe2, 0x0, 0xf3, 0xe7, 0xfb, 0xa8, 0x80,
    0x3f, 0xfa, 0xc9, 0x3b, 0xfe, 0xea, 0x40, 0xc,
    0x37, 0xff, 0xfa, 0x80, 0x3, 0xdf, 0xf5, 0xc4,
    0xe7, 0xfd, 0x0, 0x6, 0xfa, 0x10, 0xc, 0xdf,
    0xf0, 0x4, 0x60, 0x1f, 0x67, 0xf9, 0x0, 0x3f,
    0xd3, 0xfe, 0x60, 0x2, 0x56, 0xff, 0xfe, 0x60,
    0x8f, 0xff, 0xf9, 0x8f, 0xfe, 0x94, 0x33, 0xd9,
    0xfe, 0x68, 0xff, 0x40, 0x7, 0xbf, 0xe6, 0x9f,
    0xf2, 0x80, 0x70, 0xff, 0xcc, 0xff, 0xeb, 0x0,
    0xc3, 0x9f, 0xf3, 0xf, 0xfd, 0xae, 0xd3, 0xdf,
    0xf9, 0x81, 0x3f, 0xfe, 0xb7, 0xff, 0x30, 0x0,
    0x67, 0x7f, 0xd8, 0xc0, 0xbf, 0xe6, 0x0, 0xff,
    0xe3, 0x89, 0x9c, 0x1, 0xfe, 0x7f, 0xf7, 0x0,
    0x7f, 0x9f, 0xfd, 0xc0, 0x1f, 0xe7, 0xff, 0x70,
    0x7, 0x0,

    /* U+1EB8 "Ẹ" */
    0xcf, 0xff, 0xfe, 0x8, 0xe7, 0xff, 0xff, 0x4,
    0x73, 0xfd, 0x97, 0x7f, 0xe0, 0xcf, 0xf2, 0x80,
    0x7f, 0xd9, 0xfe, 0x50, 0xf, 0xfb, 0x3f, 0xca,
    0x1, 0xff, 0x67, 0xf9, 0x40, 0x3f, 0xec, 0xff,
    0x28, 0x7, 0xfd, 0x9f, 0xe5, 0x0, 0xff, 0xb3,
    0xff, 0xff, 0x80, 0x61, 0x9f, 0xff, 0xfc, 0x3,
    0xc, 0xff, 0x65, 0xdf, 0xf1, 0x6, 0x7f, 0x94,
    0x3, 0xfe, 0xcf, 0xf2, 0x80, 0x7f, 0xd9, 0xfe,
    0x50, 0xf, 0xfb, 0x3f, 0xca, 0x1, 0xff, 0x67,
    0xf9, 0x40, 0x3f, 0xec, 0xff, 0x28, 0x7, 0xfd,
    0x9f, 0xec, 0xbb, 0xff, 0x6, 0x7f, 0xff, 0xf0,
    0x47, 0x3f, 0xff, 0xf8, 0x22, 0x1, 0xff, 0xd7,
    0x8f, 0xf6, 0x80, 0x7f, 0xd1, 0xfe, 0xd0, 0xf,
    0xfa, 0x3f, 0xda, 0x1, 0xff, 0x9, 0x9c, 0x1,
    0xe0,

    /* U+1EB9 "ẹ" */
    0x0, 0xcf, 0x9d, 0xfd, 0x46, 0x1, 0xc7, 0xdf,
    0xff, 0x48, 0x4, 0x3d, 0xfe, 0xd8, 0x7a, 0xff,
    0x9c, 0x1, 0x5f, 0xe7, 0x0, 0xc5, 0xdf, 0xe1,
    0x17, 0xfa, 0xc0, 0x3c, 0x9f, 0xe7, 0x6f, 0xf2,
    0x80, 0x7d, 0xfe, 0xb9, 0xff, 0xff, 0xe0, 0x65,
    0x7f, 0xff, 0xf0, 0x36, 0x7f, 0xce, 0x45, 0xfc,
    0x2f, 0xfe, 0x80, 0xf, 0xf1, 0x7f, 0xb8, 0x3,
    0xe1, 0x0, 0xaf, 0xfd, 0x62, 0x1, 0x9f, 0xd8,
    0x0, 0x5f, 0xfa, 0xea, 0xff, 0xf1, 0x0, 0xf,
    0xbf, 0xfe, 0xe5, 0x0, 0xe7, 0xce, 0xfe, 0xc7,
    0x10, 0xf, 0xfe, 0x51, 0x9c, 0x1, 0xfe, 0x4f,
    0xf8, 0x40, 0x3f, 0x93, 0xfe, 0x10, 0xf, 0xe4,
    0xff, 0x84, 0x3, 0x0,

    /* U+1EBA "Ẻ" */
    0x0, 0xea, 0xed, 0x81, 0x0, 0xff, 0x3d, 0xf7,
    0xf1, 0x0, 0x7f, 0xf0, 0x33, 0xdc, 0x3, 0xfe,
    0x2d, 0xf4, 0x0, 0xff, 0x4f, 0xea, 0x80, 0x7f,
    0xc2, 0x1, 0xfb, 0x3f, 0xff, 0xf8, 0x23, 0x9f,
    0xff, 0xfc, 0x11, 0xcf, 0xf6, 0x5d, 0xff, 0x83,
    0x3f, 0xca, 0x1, 0xff, 0x67, 0xf9, 0x40, 0x3f,
    0xec, 0xff, 0x28, 0x7, 0xfd, 0x9f, 0xe5, 0x0,
    0xff, 0xb3, 0xfc, 0xa0, 0x1f, 0xf6, 0x7f, 0x94,
    0x3, 0xfe, 0xcf, 0xff, 0xfe, 0x1, 0x86, 0x7f,
    0xff, 0xf0, 0xc, 0x33, 0xfd, 0x97, 0x7f, 0xc4,
    0x19, 0xfe, 0x50, 0xf, 0xfb, 0x3f, 0xca, 0x1,
    0xff, 0x67, 0xf9, 0x40, 0x3f, 0xec, 0xff, 0x28,
    0x7, 0xfd, 0x9f, 0xe5, 0x0, 0xff, 0xb3, 0xfc,
    0xa0, 0x1f, 0xf6, 0x7f, 0xb2, 0xef, 0xfc, 0x19,
    0xff, 0xff, 0xc1, 0x1c, 0xff, 0xff, 0xe0, 0x88,

    /* U+1EBB "ẻ" */
    0x0, 0xea, 0xed, 0x81, 0x0, 0xfe, 0x7b, 0xef,
    0xe1, 0x0, 0xff, 0xb3, 0xd8, 0x3, 0xfe, 0xcf,
    0x50, 0xf, 0xe8, 0xff, 0x40, 0x7, 0xf8, 0x8c,
    0x3, 0xfc, 0xf9, 0xdf, 0xd4, 0x60, 0x1c, 0x7d,
    0xff, 0xf4, 0x80, 0x43, 0xdf, 0xed, 0x87, 0xaf,
    0xf9, 0xc0, 0x15, 0xfe, 0x70, 0xc, 0x5d, 0xfe,
    0x11, 0x7f, 0xac, 0x3, 0xc9, 0xfe, 0x76, 0xff,
    0x28, 0x7, 0xdf, 0xeb, 0x9f, 0xff, 0xfe, 0x6,
    0x57, 0xff, 0xff, 0x3, 0x67, 0xfc, 0xe4, 0x5f,
    0xc2, 0xff, 0xe8, 0x0, 0xff, 0x17, 0xfb, 0x80,
    0x3e, 0x10, 0xa, 0xff, 0xd6, 0x20, 0x19, 0xfd,
    0x80, 0x5, 0xff, 0xae, 0xaf, 0xff, 0x10, 0x0,
    0xfb, 0xff, 0xee, 0x50, 0xe, 0x7c, 0xef, 0xec,
    0x71, 0x0, 0x0,

    /* U+1EBC "Ẽ" */
    0x0, 0x9b, 0xb9, 0x20, 0x16, 0x78, 0x7, 0x17,
    0xf6, 0x7d, 0x80, 0x3f, 0x40, 0x3a, 0x7c, 0xc2,
    0x7f, 0x73, 0xdc, 0x3, 0xaf, 0xc0, 0x28, 0xef,
    0x90, 0xf, 0xfe, 0x3e, 0x7f, 0xff, 0xf0, 0x47,
    0x3f, 0xff, 0xf8, 0x23, 0x9f, 0xec, 0xbb, 0xff,
    0x6, 0x7f, 0x94, 0x3, 0xfe, 0xcf, 0xf2, 0x80,
    0x7f, 0xd9, 0xfe, 0x50, 0xf, 0xfb, 0x3f, 0xca,
    0x1, 0xff, 0x67, 0xf9, 0x40, 0x3f, 0xec, 0xff,
    0x28, 0x7, 0xfd, 0x9f, 0xff, 0xfc, 0x3, 0xc,
    0xff, 0xff, 0xe0, 0x18, 0x67, 0xfb, 0x2e, 0xff,
    0x88, 0x33, 0xfc, 0xa0, 0x1f, 0xf6, 0x7f, 0x94,
    0x3, 0xfe, 0xcf, 0xf2, 0x80, 0x7f, 0xd9, 0xfe,
    0x50, 0xf, 0xfb, 0x3f, 0xca, 0x1, 0xff, 0x67,
    0xf9, 0x40, 0x3f, 0xec, 0xff, 0x65, 0xdf, 0xf8,
    0x33, 0xff, 0xff, 0x82, 0x39, 0xff, 0xff, 0xc1,
    0x10,

    /* U+1EBD "ẽ" */
    0x0, 0x97, 0x7e, 0x84, 0x1, 0x9e, 0x1, 0x8b,
    0xfd, 0xdf, 0xa2, 0x2f, 0xe0, 0xd, 0x1e, 0xa1,
    0x5f, 0xee, 0xf7, 0x0, 0xd5, 0xe0, 0x14, 0x77,
    0xc8, 0x7, 0xff, 0x5d, 0xf3, 0xbf, 0xa8, 0xc0,
    0x38, 0xfb, 0xff, 0xe9, 0x0, 0x87, 0xbf, 0xdb,
    0xf, 0x5f, 0xf3, 0x80, 0x2b, 0xfc, 0xe0, 0x18,
    0xbb, 0xfc, 0x22, 0xff, 0x58, 0x7, 0x93, 0xfc,
    0xed, 0xfe, 0x50, 0xf, 0xbf, 0xd7, 0x3f, 0xff,
    0xfc, 0xc, 0xaf, 0xff, 0xfe, 0x6, 0xcf, 0xf9,
    0xc8, 0xbf, 0x85, 0xff, 0xd0, 0x1, 0xfe, 0x2f,
    0xf7, 0x0, 0x7c, 0x20, 0x15, 0xff, 0xac, 0x40,
    0x33, 0xfb, 0x0, 0xb, 0xff, 0x5d, 0x5f, 0xfe,
    0x20, 0x1, 0xf7, 0xff, 0xdc, 0xa0, 0x1c, 0xf9,
    0xdf, 0xd8, 0xe2, 0x0,

    /* U+1EBE "Ế" */
    0x0, 0xff, 0x84, 0x88, 0x1, 0xff, 0xc0, 0xdf,
    0x70, 0xf, 0xf9, 0x7f, 0x0, 0x3f, 0xf8, 0x1b,
    0xe4, 0x1, 0xfa, 0x30, 0x57, 0x58, 0x3, 0xf4,
    0xff, 0xb4, 0x80, 0x3f, 0xaf, 0xe0, 0xff, 0x8c,
    0x3, 0xc3, 0x9f, 0x0, 0x3, 0xef, 0x40, 0xf,
    0xfe, 0x36, 0x7f, 0xff, 0xf0, 0x47, 0x3f, 0xff,
    0xf8, 0x23, 0x9f, 0xec, 0xbb, 0xff, 0x6, 0x7f,
    0x94, 0x3, 0xfe, 0xcf, 0xf2, 0x80, 0x7f, 0xd9,
    0xfe, 0x50, 0xf, 0xfb, 0x3f, 0xca, 0x1, 0xff,
    0x67, 0xf9, 0x40, 0x3f, 0xec, 0xff, 0x28, 0x7,
    0xfd, 0x9f, 0xff, 0xfc, 0x3, 0xc, 0xff, 0xff,
    0xe0, 0x18, 0x67, 0xfb, 0x2e, 0xff, 0x88, 0x33,
    0xfc, 0xa0, 0x1f, 0xf6, 0x7f, 0x94, 0x3, 0xfe,
    0xcf, 0xf2, 0x80, 0x7f, 0xd9, 0xfe, 0x50, 0xf,
    0xfb, 0x3f, 0xca, 0x1, 0xff, 0x67, 0xf9, 0x40,
    0x3f, 0xec, 0xff, 0x65, 0xdf, 0xf8, 0x33, 0xff,
    0xff, 0x82, 0x39, 0xff, 0xff, 0xc1, 0x10,

    /* U+1EBF "ế" */
    0x0, 0xff, 0xb3, 0xe4, 0x3, 0xfc, 0x9f, 0xa0,
    0x1f, 0x88, 0x1, 0x9e, 0x60, 0x1f, 0x5f, 0x9a,
    0xfc, 0x0, 0x7d, 0x7f, 0xf1, 0x80, 0x7e, 0xbf,
    0xa6, 0xfe, 0x30, 0xf, 0x5f, 0xd0, 0x1, 0x7f,
    0x8c, 0x3, 0x88, 0x80, 0x18, 0x48, 0x40, 0x3f,
    0xf9, 0xf, 0x9d, 0xfd, 0x46, 0x1, 0xc7, 0xdf,
    0xff, 0x48, 0x4, 0x3d, 0xfe, 0xd8, 0x7a, 0xff,
    0x9c, 0x1, 0x5f, 0xe7, 0x0, 0xc5, 0xdf, 0xe1,
    0x17, 0xfa, 0xc0, 0x3c, 0x9f, 0xe7, 0x6f, 0xf2,
    0x80, 0x7d, 0xfe, 0xb9, 0xff, 0xff, 0xe0, 0x65,
    0x7f, 0xff, 0xf0, 0x36, 0x7f, 0xce, 0x45, 0xfc,
    0x2f, 0xfe, 0x80, 0xf, 0xf1, 0x7f, 0xb8, 0x3,
    0xe1, 0x0, 0xaf, 0xfd, 0x62, 0x1, 0x9f, 0xd8,
    0x0, 0x5f, 0xfa, 0xea, 0xff, 0xf1, 0x0, 0xf,
    0xbf, 0xfe, 0xe5, 0x0, 0xe7, 0xce, 0xfe, 0xc7,
    0x10, 0x0,

    /* U+1EC0 "Ề" */
    0x0, 0xfc, 0x44, 0x10, 0xf, 0xfe, 0x4, 0x7e,
    0x80, 0x7f, 0xf0, 0x73, 0xd4, 0x3, 0xff, 0x80,
    0x5f, 0xa0, 0x1f, 0xd1, 0x82, 0xf, 0xa8, 0x1,
    0xf4, 0xff, 0xb4, 0x80, 0x3f, 0xaf, 0xe0, 0xff,
    0x8c, 0x3, 0xc3, 0x9f, 0x0, 0x3, 0xef, 0x40,
    0xf, 0xfe, 0x36, 0x7f, 0xff, 0xf0, 0x47, 0x3f,
    0xff, 0xf8, 0x23, 0x9f, 0xec, 0xbb, 0xff, 0x6,
    0x7f, 0x94, 0x3, 0xfe, 0xcf, 0xf2, 0x80, 0x7f,
    0xd9, 0xfe, 0x50, 0xf, 0xfb, 0x3f, 0xca, 0x1,
    0xff, 0x67, 0xf9, 0x40, 0x3f, 0xec, 0xff, 0x28,
    0x7, 0xfd, 0x9f, 0xff, 0xfc, 0x3, 0xc, 0xff,
    0xff, 0xe0, 0x18, 0x67, 0xfb, 0x2e, 0xff, 0x88,
    0x33, 0xfc, 0xa0, 0x1f, 0xf6, 0x7f, 0x94, 0x3,
    0xfe, 0xcf, 0xf2, 0x80, 0x7f, 0xd9, 0xfe, 0x50,
    0xf, 0xfb, 0x3f, 0xca, 0x1, 0xff, 0x67, 0xf9,
    0x40, 0x3f, 0xec, 0xff, 0x65, 0xdf, 0xf8, 0x33,
    0xff, 0xff, 0x82, 0x39, 0xff, 0xff, 0xc1, 0x10,

    /* U+1EC1 "ề" */
    0x0, 0xfd, 0x3f, 0x60, 0x1f, 0xfc, 0xd, 0xf4,
    0x0, 0xfe, 0x20, 0x3f, 0xc0, 0xf, 0xd7, 0xe6,
    0x11, 0xe8, 0x1, 0xeb, 0xff, 0x8c, 0x3, 0xf5,
    0xfd, 0xb7, 0xf1, 0x80, 0x7a, 0xfe, 0x80, 0xb,
    0xfc, 0x60, 0x1c, 0x44, 0x0, 0xc2, 0x42, 0x1,
    0xff, 0xc8, 0x7c, 0xef, 0xea, 0x30, 0xe, 0x3e,
    0xff, 0xfa, 0x40, 0x21, 0xef, 0xf6, 0xc3, 0xd7,
    0xfc, 0xe0, 0xa, 0xff, 0x38, 0x6, 0x2e, 0xff,
    0x8, 0xbf, 0xd6, 0x1, 0xe4, 0xff, 0x3b, 0x7f,
    0x94, 0x3, 0xef, 0xf5, 0xcf, 0xff, 0xff, 0x3,
    0x2b, 0xff, 0xff, 0x81, 0xb3, 0xfe, 0x72, 0x2f,
    0xe1, 0x7f, 0xf4, 0x0, 0x7f, 0x8b, 0xfd, 0xc0,
    0x1f, 0x8, 0x5, 0x7f, 0xeb, 0x10, 0xc, 0xfe,
    0xc0, 0x2, 0xff, 0xd7, 0x57, 0xff, 0x88, 0x0,
    0x7d, 0xff, 0xf7, 0x28, 0x7, 0x3e, 0x77, 0xf6,
    0x38, 0x80, 0x0,

    /* U+1EC2 "Ể" */
    0x0, 0xfe, 0x87, 0x40, 0xf, 0xfe, 0x7, 0xfd,
    0x80, 0x1f, 0xfc, 0x2, 0x9f, 0x60, 0xf, 0xc6,
    0x1, 0x2f, 0xb0, 0x7, 0x87, 0x3d, 0x2, 0xbf,
    0x4, 0x3, 0x8b, 0x7f, 0x7d, 0x94, 0xc0, 0x3c,
    0x7d, 0xe8, 0x19, 0xee, 0x1, 0xe1, 0x9a, 0x30,
    0xa, 0x69, 0x0, 0x3f, 0xf8, 0xd9, 0xff, 0xff,
    0xc1, 0x1c, 0xff, 0xff, 0xe0, 0x8e, 0x7f, 0xb2,
    0xef, 0xfc, 0x19, 0xfe, 0x50, 0xf, 0xfb, 0x3f,
    0xca, 0x1, 0xff, 0x67, 0xf9, 0x40, 0x3f, 0xec,
    0xff, 0x28, 0x7, 0xfd, 0x9f, 0xe5, 0x0, 0xff,
    0xb3, 0xfc, 0xa0, 0x1f, 0xf6, 0x7f, 0xff, 0xf0,
    0xc, 0x33, 0xff, 0xff, 0x80, 0x61, 0x9f, 0xec,
    0xbb, 0xfe, 0x20, 0xcf, 0xf2, 0x80, 0x7f, 0xd9,
    0xfe, 0x50, 0xf, 0xfb, 0x3f, 0xca, 0x1, 0xff,
    0x67, 0xf9, 0x40, 0x3f, 0xec, 0xff, 0x28, 0x7,
    0xfd, 0x9f, 0xe5, 0x0, 0xff, 0xb3, 0xfd, 0x97,
    0x7f, 0xe0, 0xcf, 0xff, 0xfe, 0x8, 0xe7, 0xff,
    0xff, 0x4, 0x40,

    /* U+1EC3 "ể" */
    0x0, 0xfc, 0x50, 0xe4, 0x1, 0xfe, 0x4f, 0xfa,
    0x0, 0x3f, 0xe3, 0xdf, 0x10, 0xf, 0x84, 0x2,
    0x8f, 0x20, 0xf, 0x46, 0x88, 0xa7, 0xf0, 0x3,
    0xcf, 0xfe, 0xc1, 0x95, 0x0, 0xf3, 0x7f, 0x5f,
    0xe0, 0x7, 0xcb, 0xfc, 0x41, 0x7f, 0x60, 0x1c,
    0x33, 0x46, 0x1, 0x45, 0x20, 0x7, 0xff, 0x21,
    0xf3, 0xbf, 0xa8, 0xc0, 0x38, 0xfb, 0xff, 0xe9,
    0x0, 0x87, 0xbf, 0xdb, 0xf, 0x5f, 0xf3, 0x80,
    0x2b, 0xfc, 0xe0, 0x18, 0xbb, 0xfc, 0x22, 0xff,
    0x58, 0x7, 0x93, 0xfc, 0xed, 0xfe, 0x50, 0xf,
    0xbf, 0xd7, 0x3f, 0xff, 0xfc, 0xc, 0xaf, 0xff,
    0xfe, 0x6, 0xcf, 0xf9, 0xc8, 0xbf, 0x85, 0xff,
    0xd0, 0x1, 0xfe, 0x2f, 0xf7, 0x0, 0x7c, 0x20,
    0x15, 0xff, 0xac, 0x40, 0x33, 0xfb, 0x0, 0xb,
    0xff, 0x5d, 0x5f, 0xfe, 0x20, 0x1, 0xf7, 0xff,
    0xdc, 0xa0, 0x1c, 0xf9, 0xdf, 0xd8, 0xe2, 0x0,

    /* U+1EC4 "Ễ" */
    0x0, 0xcf, 0x2e, 0x40, 0x32, 0xc0, 0x1e, 0xcf,
    0xfd, 0x9b, 0xec, 0x1, 0xc9, 0xf0, 0xb, 0x9f,
    0xd0, 0x1, 0xfe, 0x14, 0x0, 0xff, 0xe0, 0x17,
    0x7a, 0x80, 0x7f, 0x8f, 0xb9, 0x9e, 0xe0, 0x1f,
    0x93, 0xf8, 0x82, 0xfe, 0x0, 0x3c, 0x33, 0x22,
    0x0, 0xa2, 0x4c, 0x3, 0xff, 0x8d, 0x9f, 0xff,
    0xfc, 0x11, 0xcf, 0xff, 0xfe, 0x8, 0xe7, 0xfb,
    0x2e, 0xff, 0xc1, 0x9f, 0xe5, 0x0, 0xff, 0xb3,
    0xfc, 0xa0, 0x1f, 0xf6, 0x7f, 0x94, 0x3, 0xfe,
    0xcf, 0xf2, 0x80, 0x7f, 0xd9, 0xfe, 0x50, 0xf,
    0xfb, 0x3f, 0xca, 0x1, 0xff, 0x67, 0xff, 0xff,
    0x0, 0xc3, 0x3f, 0xff, 0xf8, 0x6, 0x19, 0xfe,
    0xcb, 0xbf, 0xe2, 0xc, 0xff, 0x28, 0x7, 0xfd,
    0x9f, 0xe5, 0x0, 0xff, 0xb3, 0xfc, 0xa0, 0x1f,
    0xf6, 0x7f, 0x94, 0x3, 0xfe, 0xcf, 0xf2, 0x80,
    0x7f, 0xd9, 0xfe, 0x50, 0xf, 0xfb, 0x3f, 0xd9,
    0x77, 0xfe, 0xc, 0xff, 0xff, 0xe0, 0x8e, 0x7f,
    0xff, 0xf0, 0x44,

    /* U+1EC5 "ễ" */
    0x0, 0x93, 0x7f, 0x5c, 0x4f, 0xa4, 0x3, 0xf,
    0xf5, 0x6f, 0xfe, 0x40, 0xc, 0x74, 0x80, 0x5,
    0xaa, 0x28, 0x7, 0xf3, 0x60, 0x7, 0xfc, 0xdf,
    0xeb, 0x0, 0xfe, 0x5f, 0xeb, 0xfb, 0x0, 0xf9,
    0x7f, 0x88, 0x2b, 0xe8, 0x3, 0x86, 0xa8, 0x60,
    0x14, 0xd2, 0x0, 0x7f, 0xf2, 0x1f, 0x3b, 0xfa,
    0x8c, 0x3, 0x8f, 0xbf, 0xfe, 0x90, 0x8, 0x7b,
    0xfd, 0xb0, 0xf5, 0xff, 0x38, 0x2, 0xbf, 0xce,
    0x1, 0x8b, 0xbf, 0xc2, 0x2f, 0xf5, 0x80, 0x79,
    0x3f, 0xce, 0xdf, 0xe5, 0x0, 0xfb, 0xfd, 0x73,
    0xff, 0xff, 0xc0, 0xca, 0xff, 0xff, 0xe0, 0x6c,
    0xff, 0x9c, 0x8b, 0xf8, 0x5f, 0xfd, 0x0, 0x1f,
    0xe2, 0xff, 0x70, 0x7, 0xc2, 0x1, 0x5f, 0xfa,
    0xc4, 0x3, 0x3f, 0xb0, 0x0, 0xbf, 0xf5, 0xd5,
    0xff, 0xe2, 0x0, 0x1f, 0x7f, 0xfd, 0xca, 0x1,
    0xcf, 0x9d, 0xfd, 0x8e, 0x20, 0x0,

    /* U+1EC6 "Ệ" */
    0x0, 0xf8, 0x80, 0x3f, 0xf8, 0x37, 0xc4, 0x1,
    0xff, 0x57, 0xfb, 0x84, 0x3, 0xfa, 0x3f, 0x1b,
    0xf4, 0x40, 0x3e, 0x7f, 0xd0, 0x4, 0x7e, 0x0,
    0x78, 0x5d, 0xc2, 0x1, 0x34, 0x20, 0x7, 0xff,
    0x1b, 0x3f, 0xff, 0xf8, 0x23, 0x9f, 0xff, 0xfc,
    0x11, 0xcf, 0xf6, 0x5d, 0xff, 0x83, 0x3f, 0xca,
    0x1, 0xff, 0x67, 0xf9, 0x40, 0x3f, 0xec, 0xff,
    0x28, 0x7, 0xfd, 0x9f, 0xe5, 0x0, 0xff, 0xb3,
    0xfc, 0xa0, 0x1f, 0xf6, 0x7f, 0x94, 0x3, 0xfe,
    0xcf, 0xff, 0xfe, 0x1, 0x86, 0x7f, 0xff, 0xf0,
    0xc, 0x33, 0xfd, 0x97, 0x7f, 0xc4, 0x19, 0xfe,
    0x50, 0xf, 0xfb, 0x3f, 0xca, 0x1, 0xff, 0x67,
    0xf9, 0x40, 0x3f, 0xec, 0xff, 0x28, 0x7, 0xfd,
    0x9f, 0xe5, 0x0, 0xff, 0xb3, 0xfc, 0xa0, 0x1f,
    0xf6, 0x7f, 0xb2, 0xef, 0xfc, 0x19, 0xff, 0xff,
    0xc1, 0x1c, 0xff, 0xff, 0xe0, 0x88, 0x7, 0xff,
    0x5e, 0x3f, 0xda, 0x1, 0xff, 0x47, 0xfb, 0x40,
    0x3f, 0xe8, 0xff, 0x68, 0x7, 0xfc, 0x26, 0x70,
    0x7, 0x80,

    /* U+1EC7 "ệ" */
    0x0, 0xf8, 0x80, 0x3f, 0xf8, 0x15, 0xc4, 0x1,
    0xfe, 0x9f, 0xf7, 0x8, 0x7, 0xe8, 0xfc, 0x6f,
    0xd1, 0x0, 0xf3, 0xfe, 0x88, 0x47, 0xe0, 0x7,
    0xb, 0xc0, 0x80, 0x4d, 0x8, 0x1, 0xff, 0xc8,
    0x7c, 0xef, 0xea, 0x30, 0xe, 0x3e, 0xff, 0xfa,
    0x40, 0x21, 0xef, 0xf6, 0xc3, 0xd7, 0xfc, 0xe0,
    0xa, 0xff, 0x38, 0x6, 0x2e, 0xff, 0x8, 0xbf,
    0xd6, 0x1, 0xe4, 0xff, 0x3b, 0x7f, 0x94, 0x3,
    0xef, 0xf5, 0xcf, 0xff, 0xff, 0x3, 0x2b, 0xff,
    0xff, 0x81, 0xb3, 0xfe, 0x72, 0x2f, 0xe1, 0x7f,
    0xf4, 0x0, 0x7f, 0x8b, 0xfd, 0xc0, 0x1f, 0x8,
    0x5, 0x7f, 0xeb, 0x10, 0xc, 0xfe, 0xc0, 0x2,
    0xff, 0xd7, 0x57, 0xff, 0x88, 0x0, 0x7d, 0xff,
    0xf7, 0x28, 0x7, 0x3e, 0x77, 0xf6, 0x38, 0x80,
    0x7f, 0xf2, 0x8c, 0xe0, 0xf, 0xf2, 0x7f, 0xc2,
    0x1, 0xfc, 0x9f, 0xf0, 0x80, 0x7f, 0x27, 0xfc,
    0x20, 0x18,

    /* U+1EC8 "Ỉ" */
    0xf, 0xeb, 0x60, 0xa, 0xb3, 0xfd, 0x40, 0x18,
    0xbf, 0xc2, 0x1, 0x2f, 0xf0, 0x5, 0xfe, 0xa2,
    0x0, 0x88, 0x3, 0xb3, 0xfc, 0xa0, 0x16, 0x7f,
    0x94, 0x2, 0xcf, 0xf2, 0x80, 0x59, 0xfe, 0x50,
    0xb, 0x3f, 0xca, 0x1, 0x67, 0xf9, 0x40, 0x2c,
    0xff, 0x28, 0x5, 0x9f, 0xe5, 0x0, 0xb3, 0xfc,
    0xa0, 0x16, 0x7f, 0x94, 0x2, 0xcf, 0xf2, 0x80,
    0x59, 0xfe, 0x50, 0xb, 0x3f, 0xca, 0x1, 0x67,
    0xf9, 0x40, 0x2c, 0xff, 0x28, 0x5, 0x9f, 0xe5,
    0x0, 0xb3, 0xfc, 0xa0, 0x16, 0x7f, 0x94, 0x2,
    0xcf, 0xf2, 0x80, 0x59, 0xfe, 0x50, 0xb, 0x3f,
    0xca, 0x0,

    /* U+1EC9 "ỉ" */
    0x6f, 0xda, 0x30, 0x4b, 0xdf, 0xf2, 0x80, 0x51,
    0xf6, 0x0, 0x19, 0xf9, 0x4, 0xfe, 0x80, 0x8,
    0x40, 0x37, 0xfc, 0x1, 0x7f, 0xc0, 0x17, 0xfc,
    0x1, 0x7f, 0xc0, 0x17, 0xfc, 0x1, 0x7f, 0xc0,
    0x17, 0xfc, 0x1, 0x7f, 0xc0, 0x17, 0xfc, 0x1,
    0x7f, 0xc0, 0x17, 0xfc, 0x1, 0x7f, 0xc0, 0x17,
    0xfc, 0x1, 0x7f, 0xc0, 0x17, 0xfc, 0x0,

    /* U+1ECA "Ị" */
    0xcf, 0xf2, 0xe7, 0xf9, 0x73, 0xfc, 0xb9, 0xfe,
    0x5c, 0xff, 0x2e, 0x7f, 0x97, 0x3f, 0xcb, 0x9f,
    0xe5, 0xcf, 0xf2, 0xe7, 0xf9, 0x73, 0xfc, 0xb9,
    0xfe, 0x5c, 0xff, 0x2e, 0x7f, 0x97, 0x3f, 0xcb,
    0x9f, 0xe5, 0xcf, 0xf2, 0xe7, 0xf9, 0x73, 0xfc,
    0xb9, 0xfe, 0x5c, 0xff, 0x28, 0x7, 0xee, 0xff,
    0x3f, 0x7f, 0x9f, 0xbf, 0xce, 0x67, 0x8,

    /* U+1ECB "ị" */
    0x3f, 0xf8, 0x8f, 0xfe, 0x23, 0xff, 0x88, 0x66,
    0x61, 0x0, 0xff, 0xbf, 0xe0, 0x7, 0xfc, 0x0,
    0xff, 0x80, 0x1f, 0xf0, 0x3, 0xfe, 0x0, 0x7f,
    0xc0, 0xf, 0xf8, 0x1, 0xff, 0x0, 0x3f, 0xe0,
    0x7, 0xfc, 0x0, 0xff, 0x80, 0x1f, 0xf0, 0x3,
    0xfe, 0x0, 0x7f, 0xc0, 0xf, 0xf8, 0x3, 0xfe,
    0x3f, 0xf8, 0x8f, 0xfe, 0x23, 0xff, 0x88, 0xc,
    0xe0,

    /* U+1ECC "Ọ" */
    0x0, 0xf2, 0xd6, 0xff, 0xba, 0xdc, 0x40, 0x3f,
    0xc9, 0xdf, 0xff, 0xd2, 0x1, 0xf9, 0xff, 0xff,
    0xf8, 0x18, 0x20, 0x1c, 0xdf, 0xf7, 0x38, 0x80,
    0x5, 0x2f, 0xfe, 0xc0, 0xc, 0x5f, 0xf5, 0x88,
    0x7, 0xcf, 0xff, 0x40, 0x5, 0x3f, 0xed, 0x0,
    0xff, 0x47, 0xfc, 0x20, 0xf, 0xf9, 0x0, 0x3f,
    0xee, 0xff, 0x30, 0x27, 0xfb, 0x80, 0x3f, 0xf8,
    0x13, 0xfe, 0xb0, 0x7f, 0xf5, 0x0, 0x7f, 0xf0,
    0x13, 0xfd, 0xa1, 0x3f, 0xe8, 0x0, 0xff, 0xe0,
    0x17, 0xfc, 0x13, 0xfe, 0x70, 0xf, 0xfe, 0x0,
    0xff, 0xc1, 0x3f, 0xe8, 0x0, 0xff, 0xe0, 0x17,
    0xfc, 0xf, 0xfe, 0xa0, 0xf, 0xfe, 0x2, 0x7f,
    0xb8, 0x13, 0xfd, 0xc0, 0x1f, 0xfc, 0x8, 0xff,
    0x58, 0x3, 0xfe, 0x40, 0xf, 0xfb, 0xbf, 0xcc,
    0x0, 0xaf, 0xf6, 0x80, 0x7f, 0xa3, 0xfe, 0x10,
    0x1, 0x7f, 0xd6, 0x1, 0xf9, 0xff, 0xe7, 0x0,
    0xcd, 0xff, 0x6b, 0x88, 0x0, 0x52, 0xff, 0xec,
    0x0, 0xf4, 0x7f, 0xff, 0xf0, 0x30, 0x40, 0x3e,
    0x5e, 0xff, 0xfe, 0x90, 0xf, 0xf9, 0x6b, 0x7f,
    0xdd, 0x8e, 0x20, 0x1f, 0xfd, 0x71, 0x33, 0x80,
    0x3f, 0xf8, 0xaf, 0xfe, 0xd0, 0xf, 0xfe, 0x2b,
    0xff, 0xb4, 0x3, 0xff, 0x8a, 0xff, 0xed, 0x0,
    0xfe,

    /* U+1ECD "ọ" */
    0x0, 0xc9, 0x5b, 0xfd, 0x8c, 0x1, 0xe1, 0xbf,
    0xff, 0xb4, 0xc0, 0x36, 0xff, 0xd7, 0x35, 0xff,
    0x88, 0x1, 0x3f, 0xed, 0x20, 0xd, 0x5f, 0xed,
    0x1, 0xff, 0x84, 0x3, 0xd9, 0xfe, 0x46, 0xff,
    0x48, 0x7, 0xcb, 0xfe, 0xa8, 0xff, 0x30, 0x7,
    0xc5, 0xfe, 0xca, 0xff, 0x28, 0x7, 0xc3, 0xfe,
    0xe8, 0xff, 0x30, 0x7, 0xc5, 0xfe, 0xc6, 0xff,
    0x48, 0x7, 0xcd, 0xfe, 0xa1, 0xff, 0x88, 0x3,
    0xdb, 0xfe, 0x40, 0x9f, 0xf6, 0x90, 0x4, 0x35,
    0xfe, 0xc0, 0xb, 0x7f, 0xec, 0xab, 0xff, 0xc4,
    0x1, 0xd, 0xff, 0xfd, 0xa4, 0x1, 0xe4, 0xad,
    0xfe, 0xb6, 0x0, 0xff, 0xe6, 0x99, 0xc2, 0x1,
    0xff, 0x7f, 0xc8, 0x1, 0xff, 0x7f, 0xc8, 0x1,
    0xff, 0x7f, 0xc8, 0x1, 0xc0,

    /* U+1ECE "Ỏ" */
    0x0, 0xfc, 0xf2, 0xe4, 0x1, 0xff, 0xc5, 0xaf,
    0xfa, 0x40, 0x3f, 0xf8, 0xa2, 0xbf, 0xe4, 0x0,
    0xff, 0xe3, 0x57, 0xb8, 0x7, 0xff, 0x14, 0xfb,
    0xcc, 0x3, 0xff, 0x89, 0x3f, 0x8a, 0x1, 0xff,
    0xc5, 0x10, 0xf, 0xfe, 0x2a, 0xd6, 0xff, 0xba,
    0xdc, 0x40, 0x3f, 0xc9, 0xdf, 0xff, 0xd2, 0x1,
    0xf9, 0xff, 0xff, 0xf8, 0x18, 0x20, 0x1c, 0xdf,
    0xf7, 0x38, 0x80, 0x5, 0x2f, 0xfe, 0xc0, 0xc,
    0x5f, 0xf5, 0x88, 0x7, 0xcf, 0xff, 0x40, 0x5,
    0x3f, 0xed, 0x0, 0xff, 0x47, 0xfc, 0x20, 0xf,
    0xf9, 0x0, 0x3f, 0xee, 0xff, 0x30, 0x27, 0xfb,
    0x80, 0x3f, 0xf8, 0x13, 0xfe, 0xb0, 0x7f, 0xf5,
    0x0, 0x7f, 0xf0, 0x13, 0xfd, 0xa1, 0x3f, 0xe8,
    0x0, 0xff, 0xe0, 0x17, 0xfc, 0x13, 0xfe, 0x70,
    0xf, 0xfe, 0x0, 0xff, 0xc1, 0x3f, 0xe8, 0x0,
    0xff, 0xe0, 0x17, 0xfc, 0xf, 0xfe, 0xa0, 0xf,
    0xfe, 0x2, 0x7f, 0xb8, 0x13, 0xfd, 0xc0, 0x1f,
    0xfc, 0x8, 0xff, 0x58, 0x3, 0xfe, 0x40, 0xf,
    0xfb, 0xbf, 0xcc, 0x0, 0xaf, 0xf6, 0x80, 0x7f,
    0xa3, 0xfe, 0x10, 0x1, 0x7f, 0xd6, 0x1, 0xf9,
    0xff, 0xe7, 0x0, 0xcd, 0xff, 0x6b, 0x88, 0x0,
    0x52, 0xff, 0xec, 0x0, 0xf4, 0x7f, 0xff, 0xf0,
    0x30, 0x40, 0x3e, 0x5e, 0xff, 0xfe, 0x90, 0xf,
    0xf9, 0x6b, 0x7f, 0xdd, 0x8e, 0x20, 0x1e,

    /* U+1ECF "ỏ" */
    0x0, 0xe3, 0xfe, 0xa4, 0x0, 0xff, 0x15, 0xef,
    0xf9, 0xc0, 0x3f, 0xf8, 0xb, 0xfc, 0x1, 0xff,
    0xc0, 0x5f, 0xc0, 0xf, 0xf1, 0x77, 0xe1, 0x0,
    0x7f, 0xc8, 0x20, 0x1f, 0xe4, 0xad, 0xfe, 0xc6,
    0x0, 0xf0, 0xdf, 0xff, 0xda, 0x60, 0x1b, 0x7f,
    0xeb, 0x9a, 0xff, 0xc4, 0x0, 0x9f, 0xf6, 0x90,
    0x6, 0xaf, 0xf6, 0x80, 0xff, 0xc2, 0x1, 0xec,
    0xff, 0x23, 0x7f, 0xa4, 0x3, 0xe5, 0xff, 0x54,
    0x7f, 0x98, 0x3, 0xe2, 0xff, 0x65, 0x7f, 0x94,
    0x3, 0xe1, 0xff, 0x74, 0x7f, 0x98, 0x3, 0xe2,
    0xff, 0x63, 0x7f, 0xa4, 0x3, 0xe6, 0xff, 0x50,
    0xff, 0xc4, 0x1, 0xed, 0xff, 0x20, 0x4f, 0xfb,
    0x48, 0x2, 0x1a, 0xff, 0x60, 0x5, 0xbf, 0xf6,
    0x55, 0xff, 0xe2, 0x0, 0x86, 0xff, 0xfe, 0xd2,
    0x0, 0xf2, 0x56, 0xff, 0x5b, 0x0, 0x60,

    /* U+1ED0 "Ố" */
    0x0, 0xff, 0xe1, 0x5f, 0xc8, 0x7, 0xff, 0x15,
    0x3f, 0x40, 0x3f, 0xf8, 0xd9, 0xe6, 0x1, 0xff,
    0xc2, 0x5a, 0x5, 0xf8, 0x0, 0xff, 0xe1, 0x3f,
    0xfb, 0x4, 0x3, 0xff, 0x87, 0x1f, 0x6d, 0xfa,
    0x20, 0x1f, 0xfc, 0x1a, 0xfa, 0x0, 0x2f, 0xf1,
    0x0, 0x7f, 0xf0, 0x8, 0x80, 0x18, 0x48, 0x40,
    0x3f, 0xfa, 0xab, 0x5b, 0xfe, 0xeb, 0x71, 0x0,
    0xff, 0x27, 0x7f, 0xff, 0x48, 0x7, 0xe7, 0xff,
    0xff, 0xe0, 0x60, 0x80, 0x73, 0x7f, 0xdc, 0xe2,
    0x0, 0x14, 0xbf, 0xfb, 0x0, 0x31, 0x7f, 0xd6,
    0x20, 0x1f, 0x3f, 0xfd, 0x0, 0x14, 0xff, 0xb4,
    0x3, 0xfd, 0x1f, 0xf0, 0x80, 0x3f, 0xe4, 0x0,
    0xff, 0xbb, 0xfc, 0xc0, 0x9f, 0xee, 0x0, 0xff,
    0xe0, 0x4f, 0xfa, 0xc1, 0xff, 0xd4, 0x1, 0xff,
    0xc0, 0x4f, 0xf6, 0x84, 0xff, 0xa0, 0x3, 0xff,
    0x80, 0x5f, 0xf0, 0x4f, 0xf9, 0xc0, 0x3f, 0xf8,
    0x3, 0xff, 0x4, 0xff, 0xa0, 0x3, 0xff, 0x80,
    0x5f, 0xf0, 0x3f, 0xfa, 0x80, 0x3f, 0xf8, 0x9,
    0xfe, 0xe0, 0x4f, 0xf7, 0x0, 0x7f, 0xf0, 0x23,
    0xfd, 0x60, 0xf, 0xf9, 0x0, 0x3f, 0xee, 0xff,
    0x30, 0x2, 0xbf, 0xda, 0x1, 0xfe, 0x8f, 0xf8,
    0x40, 0x5, 0xff, 0x58, 0x7, 0xe7, 0xff, 0x9c,
    0x3, 0x37, 0xfd, 0xae, 0x20, 0x1, 0x4b, 0xff,
    0xb0, 0x3, 0xd1, 0xff, 0xff, 0xc0, 0xc1, 0x0,
    0xf9, 0x7b, 0xff, 0xfa, 0x40, 0x3f, 0xe5, 0xad,
    0xff, 0x76, 0x38, 0x80, 0x78,

    /* U+1ED1 "ố" */
    0x0, 0xff, 0x97, 0xf8, 0x40, 0x3f, 0xed, 0xf5,
    0x0, 0xfc, 0x60, 0x5, 0xfa, 0x0, 0xfc, 0xbf,
    0x21, 0xbc, 0x20, 0x1f, 0x2f, 0xfd, 0x20, 0x1f,
    0xcb, 0xfe, 0x4c, 0xf9, 0x0, 0xf9, 0x7f, 0x8c,
    0x7, 0x3e, 0x40, 0x3c, 0x24, 0x20, 0x18, 0x88,
    0x1, 0xff, 0xca, 0x4a, 0xdf, 0xec, 0x60, 0xf,
    0xd, 0xff, 0xfd, 0xa6, 0x1, 0xb7, 0xfe, 0xb9,
    0xaf, 0xfc, 0x40, 0x9, 0xff, 0x69, 0x0, 0x6a,
    0xff, 0x68, 0xf, 0xfc, 0x20, 0x1e, 0xcf, 0xf2,
    0x37, 0xfa, 0x40, 0x3e, 0x5f, 0xf5, 0x47, 0xf9,
    0x80, 0x3e, 0x2f, 0xf6, 0x57, 0xf9, 0x40, 0x3e,
    0x1f, 0xf7, 0x47, 0xf9, 0x80, 0x3e, 0x2f, 0xf6,
    0x37, 0xfa, 0x40, 0x3e, 0x6f, 0xf5, 0xf, 0xfc,
    0x40, 0x1e, 0xdf, 0xf2, 0x4, 0xff, 0xb4, 0x80,
    0x21, 0xaf, 0xf6, 0x0, 0x5b, 0xff, 0x65, 0x5f,
    0xfe, 0x20, 0x8, 0x6f, 0xff, 0xed, 0x20, 0xf,
    0x25, 0x6f, 0xf5, 0xb0, 0x6,

    /* U+1ED2 "Ồ" */
    0x0, 0xff, 0xa7, 0xec, 0x3, 0xff, 0x8f, 0xde,
    0x80, 0x1f, 0xfc, 0x64, 0xfc, 0x0, 0xff, 0xe1,
    0xad, 0x0, 0x27, 0xd0, 0x3, 0xff, 0x82, 0xff,
    0xec, 0x0, 0xff, 0xe2, 0x47, 0xdb, 0x7e, 0x88,
    0x7, 0xff, 0x6, 0xbe, 0xc0, 0xb, 0xfc, 0x40,
    0x1f, 0xfc, 0x2, 0x20, 0x6, 0x12, 0x10, 0xf,
    0xfe, 0xaa, 0xd6, 0xff, 0xba, 0xdc, 0x40, 0x3f,
    0xc9, 0xdf, 0xff, 0xd2, 0x1, 0xf9, 0xff, 0xff,
    0xf8, 0x18, 0x20, 0x1c, 0xdf, 0xf7, 0x38, 0x80,
    0x5, 0x2f, 0xfe, 0xc0, 0xc, 0x5f, 0xf5, 0x88,
    0x7, 0xcf, 0xff, 0x40, 0x5, 0x3f, 0xed, 0x0,
    0xff, 0x47, 0xfc, 0x20, 0xf, 0xf9, 0x0, 0x3f,
    0xee, 0xff, 0x30, 0x27, 0xfb, 0x80, 0x3f, 0xf8,
    0x13, 0xfe, 0xb0, 0x7f, 0xf5, 0x0, 0x7f, 0xf0,
    0x13, 0xfd, 0xa1, 0x3f, 0xe8, 0x0, 0xff, 0xe0,
    0x17, 0xfc, 0x13, 0xfe, 0x70, 0xf, 0xfe, 0x0,
    0xff, 0xc1, 0x3f, 0xe8, 0x0, 0xff, 0xe0, 0x17,
    0xfc, 0xf, 0xfe, 0xa0, 0xf, 0xfe, 0x2, 0x7f,
    0xb8, 0x13, 0xfd, 0xc0, 0x1f, 0xfc, 0x8, 0xff,
    0x58, 0x3, 0xfe, 0x40, 0xf, 0xfb, 0xbf, 0xcc,
    0x0, 0xaf, 0xf6, 0x80, 0x7f, 0xa3, 0xfe, 0x10,
    0x1, 0x7f, 0xd6, 0x1, 0xf9, 0xff, 0xe7, 0x0,
    0xcd, 0xff, 0x6b, 0x88, 0x0, 0x52, 0xff, 0xec,
    0x0, 0xf4, 0x7f, 0xff, 0xf0, 0x30, 0x40, 0x3e,
    0x5e, 0xff, 0xfe, 0x90, 0xf, 0xf9, 0x6b, 0x7f,
    0xdd, 0x8e, 0x20, 0x1e,

    /* U+1ED3 "ồ" */
    0x0, 0xfc, 0x5f, 0xe3, 0x0, 0xff, 0xe0, 0x3f,
    0xd8, 0x7, 0xf8, 0xc0, 0x19, 0xe6, 0x1, 0xf9,
    0x7e, 0x40, 0xbe, 0xc0, 0x3e, 0x5f, 0xfa, 0x40,
    0x3f, 0x97, 0xfc, 0x99, 0xf2, 0x1, 0xf2, 0xff,
    0x18, 0xe, 0x7c, 0x80, 0x78, 0x48, 0x40, 0x31,
    0x10, 0x3, 0xff, 0x94, 0x95, 0xbf, 0xd8, 0xc0,
    0x1e, 0x1b, 0xff, 0xfb, 0x4c, 0x3, 0x6f, 0xfd,
    0x73, 0x5f, 0xf8, 0x80, 0x13, 0xfe, 0xd2, 0x0,
    0xd5, 0xfe, 0xd0, 0x1f, 0xf8, 0x40, 0x3d, 0x9f,
    0xe4, 0x6f, 0xf4, 0x80, 0x7c, 0xbf, 0xea, 0x8f,
    0xf3, 0x0, 0x7c, 0x5f, 0xec, 0xaf, 0xf2, 0x80,
    0x7c, 0x3f, 0xee, 0x8f, 0xf3, 0x0, 0x7c, 0x5f,
    0xec, 0x6f, 0xf4, 0x80, 0x7c, 0xdf, 0xea, 0x1f,
    0xf8, 0x80, 0x3d, 0xbf, 0xe4, 0x9, 0xff, 0x69,
    0x0, 0x43, 0x5f, 0xec, 0x0, 0xb7, 0xfe, 0xca,
    0xbf, 0xfc, 0x40, 0x10, 0xdf, 0xff, 0xda, 0x40,
    0x1e, 0x4a, 0xdf, 0xeb, 0x60, 0xc,

    /* U+1ED4 "Ổ" */
    0x0, 0xff, 0xe0, 0x7f, 0x51, 0x80, 0x7f, 0xf1,
    0x62, 0xff, 0xc4, 0x1, 0xff, 0xc6, 0x5f, 0x70,
    0xf, 0xfe, 0x9, 0x28, 0x4, 0xfe, 0xc0, 0x1f,
    0xfc, 0x2, 0xef, 0x60, 0xcf, 0xa0, 0xf, 0xfe,
    0x1, 0x77, 0xef, 0xb1, 0x8, 0x7, 0xff, 0x0,
    0x7b, 0xd4, 0x77, 0xd8, 0x3, 0xff, 0x80, 0x39,
    0xcc, 0x0, 0x1d, 0xe4, 0x0, 0xff, 0xea, 0xad,
    0x6f, 0xfb, 0xad, 0xc4, 0x3, 0xfc, 0x9d, 0xff,
    0xfd, 0x20, 0x1f, 0x9f, 0xff, 0xff, 0x81, 0x82,
    0x1, 0xcd, 0xff, 0x73, 0x88, 0x0, 0x52, 0xff,
    0xec, 0x0, 0xc5, 0xff, 0x58, 0x80, 0x7c, 0xff,
    0xf4, 0x0, 0x53, 0xfe, 0xd0, 0xf, 0xf4, 0x7f,
    0xc2, 0x0, 0xff, 0x90, 0x3, 0xfe, 0xef, 0xf3,
    0x2, 0x7f, 0xb8, 0x3, 0xff, 0x81, 0x3f, 0xeb,
    0x7, 0xff, 0x50, 0x7, 0xff, 0x1, 0x3f, 0xda,
    0x13, 0xfe, 0x80, 0xf, 0xfe, 0x1, 0x7f, 0xc1,
    0x3f, 0xe7, 0x0, 0xff, 0xe0, 0xf, 0xfc, 0x13,
    0xfe, 0x80, 0xf, 0xfe, 0x1, 0x7f, 0xc0, 0xff,
    0xea, 0x0, 0xff, 0xe0, 0x27, 0xfb, 0x81, 0x3f,
    0xdc, 0x1, 0xff, 0xc0, 0x8f, 0xf5, 0x80, 0x3f,
    0xe4, 0x0, 0xff, 0xbb, 0xfc, 0xc0, 0xa, 0xff,
    0x68, 0x7, 0xfa, 0x3f, 0xe1, 0x0, 0x17, 0xfd,
    0x60, 0x1f, 0x9f, 0xfe, 0x70, 0xc, 0xdf, 0xf6,
    0xb8, 0x80, 0x5, 0x2f, 0xfe, 0xc0, 0xf, 0x47,
    0xff, 0xff, 0x3, 0x4, 0x3, 0xe5, 0xef, 0xff,
    0xe9, 0x0, 0xff, 0x96, 0xb7, 0xfd, 0xd8, 0xe2,
    0x1, 0xe0,

    /* U+1ED5 "ổ" */
    0x0, 0xfe, 0x77, 0x28, 0x7, 0xff, 0x3, 0x3f,
    0xda, 0x20, 0x1f, 0xf0, 0xc7, 0xc0, 0x7, 0xe1,
    0x0, 0x87, 0xe4, 0x3, 0xe2, 0xe6, 0x6, 0xdf,
    0x40, 0xf, 0x17, 0x7f, 0x95, 0x9c, 0x80, 0x3c,
    0x3b, 0xf5, 0xfe, 0x40, 0xf, 0x87, 0x7e, 0x41,
    0x3f, 0xc6, 0x1, 0xe6, 0xa7, 0x0, 0x92, 0xa0,
    0x3, 0xff, 0x94, 0x95, 0xbf, 0xd8, 0xc0, 0x1e,
    0x1b, 0xff, 0xfb, 0x4c, 0x3, 0x6f, 0xfd, 0x73,
    0x5f, 0xf8, 0x80, 0x13, 0xfe, 0xd2, 0x0, 0xd5,
    0xfe, 0xd0, 0x1f, 0xf8, 0x40, 0x3d, 0x9f, 0xe4,
    0x6f, 0xf4, 0x80, 0x7c, 0xbf, 0xea, 0x8f, 0xf3,
    0x0, 0x7c, 0x5f, 0xec, 0xaf, 0xf2, 0x80, 0x7c,
    0x3f, 0xee, 0x8f, 0xf3, 0x0, 0x7c, 0x5f, 0xec,
    0x6f, 0xf4, 0x80, 0x7c, 0xdf, 0xea, 0x1f, 0xf8,
    0x80, 0x3d, 0xbf, 0xe4, 0x9, 0xff, 0x69, 0x0,
    0x43, 0x5f, 0xec, 0x0, 0xb7, 0xfe, 0xca, 0xbf,
    0xfc, 0x40, 0x10, 0xdf, 0xff, 0xda, 0x40, 0x1e,
    0x4a, 0xdf, 0xeb, 0x60, 0xc,

    /* U+1ED6 "Ỗ" */
    0x0, 0xf2, 0x6f, 0xe2, 0x80, 0x25, 0x80, 0x3f,
    0xe1, 0xfe, 0xbf, 0xf6, 0xeb, 0xd8, 0x3, 0xfe,
    0x3a, 0x40, 0x2a, 0xee, 0x48, 0x7, 0xff, 0x10,
    0x50, 0x3, 0xff, 0x8c, 0x3b, 0xe8, 0x1, 0xff,
    0xc4, 0x1d, 0xfe, 0xf5, 0x0, 0xff, 0xe1, 0xe,
    0xfa, 0x8e, 0xfa, 0x80, 0x7f, 0xf0, 0x7, 0x39,
    0x80, 0x3, 0xbc, 0x80, 0x1f, 0xfd, 0x55, 0xad,
    0xff, 0x75, 0xb8, 0x80, 0x7f, 0x93, 0xbf, 0xff,
    0xa4, 0x3, 0xf3, 0xff, 0xff, 0xf0, 0x30, 0x40,
    0x39, 0xbf, 0xee, 0x71, 0x0, 0xa, 0x5f, 0xfd,
    0x80, 0x18, 0xbf, 0xeb, 0x10, 0xf, 0x9f, 0xfe,
    0x80, 0xa, 0x7f, 0xda, 0x1, 0xfe, 0x8f, 0xf8,
    0x40, 0x1f, 0xf2, 0x0, 0x7f, 0xdd, 0xfe, 0x60,
    0x4f, 0xf7, 0x0, 0x7f, 0xf0, 0x27, 0xfd, 0x60,
    0xff, 0xea, 0x0, 0xff, 0xe0, 0x27, 0xfb, 0x42,
    0x7f, 0xd0, 0x1, 0xff, 0xc0, 0x2f, 0xf8, 0x27,
    0xfc, 0xe0, 0x1f, 0xfc, 0x1, 0xff, 0x82, 0x7f,
    0xd0, 0x1, 0xff, 0xc0, 0x2f, 0xf8, 0x1f, 0xfd,
    0x40, 0x1f, 0xfc, 0x4, 0xff, 0x70, 0x27, 0xfb,
    0x80, 0x3f, 0xf8, 0x11, 0xfe, 0xb0, 0x7, 0xfc,
    0x80, 0x1f, 0xf7, 0x7f, 0x98, 0x1, 0x5f, 0xed,
    0x0, 0xff, 0x47, 0xfc, 0x20, 0x2, 0xff, 0xac,
    0x3, 0xf3, 0xff, 0xce, 0x1, 0x9b, 0xfe, 0xd7,
    0x10, 0x0, 0xa5, 0xff, 0xd8, 0x1, 0xe8, 0xff,
    0xff, 0xe0, 0x60, 0x80, 0x7c, 0xbd, 0xff, 0xfd,
    0x20, 0x1f, 0xf2, 0xd6, 0xff, 0xbb, 0x1c, 0x40,
    0x3c,

    /* U+1ED7 "ỗ" */
    0x0, 0xd5, 0xfd, 0x46, 0x15, 0xc2, 0x1, 0xd3,
    0xf7, 0x6f, 0xfd, 0x60, 0x1e, 0x99, 0x0, 0xa,
    0x2a, 0x4, 0x3, 0xf8, 0x75, 0x0, 0x3f, 0xe1,
    0xdf, 0xf1, 0x80, 0x7f, 0xe, 0xfd, 0x7f, 0x8c,
    0x3, 0xf6, 0x7c, 0x2, 0x7f, 0x18, 0x7, 0x9a,
    0x9c, 0x2, 0x4a, 0x90, 0xf, 0xfe, 0x52, 0x56,
    0xff, 0x63, 0x0, 0x78, 0x6f, 0xff, 0xed, 0x30,
    0xd, 0xbf, 0xf5, 0xcd, 0x7f, 0xe2, 0x0, 0x4f,
    0xfb, 0x48, 0x3, 0x57, 0xfb, 0x40, 0x7f, 0xe1,
    0x0, 0xf6, 0x7f, 0x91, 0xbf, 0xd2, 0x1, 0xf2,
    0xff, 0xaa, 0x3f, 0xcc, 0x1, 0xf1, 0x7f, 0xb2,
    0xbf, 0xca, 0x1, 0xf0, 0xff, 0xba, 0x3f, 0xcc,
    0x1, 0xf1, 0x7f, 0xb1, 0xbf, 0xd2, 0x1, 0xf3,
    0x7f, 0xa8, 0x7f, 0xe2, 0x0, 0xf6, 0xff, 0x90,
    0x27, 0xfd, 0xa4, 0x1, 0xd, 0x7f, 0xb0, 0x2,
    0xdf, 0xfb, 0x2a, 0xff, 0xf1, 0x0, 0x43, 0x7f,
    0xff, 0x69, 0x0, 0x79, 0x2b, 0x7f, 0xad, 0x80,
    0x30,

    /* U+1ED8 "Ộ" */
    0x0, 0xfe, 0x49, 0x0, 0xff, 0xe3, 0x1f, 0xfa,
    0x0, 0x3f, 0xf8, 0x85, 0xdf, 0xbe, 0xe0, 0x1f,
    0xfc, 0x22, 0xef, 0x51, 0xdf, 0x60, 0xf, 0xfe,
    0x0, 0xef, 0xb8, 0x0, 0xbb, 0xd4, 0x3, 0xff,
    0xd4, 0xb5, 0xbf, 0xee, 0xb7, 0x10, 0xf, 0xf2,
    0x77, 0xff, 0xf4, 0x80, 0x7e, 0x7f, 0xff, 0xfe,
    0x6, 0x8, 0x7, 0x37, 0xfd, 0xce, 0x20, 0x1,
    0x4b, 0xff, 0xb0, 0x3, 0x17, 0xfd, 0x62, 0x1,
    0xf3, 0xff, 0xd0, 0x1, 0x4f, 0xfb, 0x40, 0x3f,
    0xd1, 0xff, 0x8, 0x3, 0xfe, 0x40, 0xf, 0xfb,
    0xbf, 0xcc, 0x9, 0xfe, 0xe0, 0xf, 0xfe, 0x4,
    0xff, 0xac, 0x1f, 0xfd, 0x40, 0x1f, 0xfc, 0x4,
    0xff, 0x68, 0x4f, 0xfa, 0x0, 0x3f, 0xf8, 0x5,
    0xff, 0x4, 0xff, 0x9c, 0x3, 0xff, 0x80, 0x3f,
    0xf0, 0x4f, 0xfa, 0x0, 0x3f, 0xf8, 0x5, 0xff,
    0x3, 0xff, 0xa8, 0x3, 0xff, 0x80, 0x9f, 0xee,
    0x4, 0xff, 0x70, 0x7, 0xff, 0x2, 0x3f, 0xd6,
    0x0, 0xff, 0x90, 0x3, 0xfe, 0xef, 0xf3, 0x0,
    0x2b, 0xfd, 0xa0, 0x1f, 0xe8, 0xff, 0x84, 0x0,
    0x5f, 0xf5, 0x80, 0x7e, 0x7f, 0xf9, 0xc0, 0x33,
    0x7f, 0xda, 0xe2, 0x0, 0x14, 0xbf, 0xfb, 0x0,
    0x3d, 0x1f, 0xff, 0xfc, 0xc, 0x10, 0xf, 0x97,
    0xbf, 0xff, 0xa4, 0x3, 0xfe, 0x5a, 0xdf, 0xf7,
    0x63, 0x88, 0x7, 0xff, 0x5c, 0x4c, 0xe0, 0xf,
    0xfe, 0x2b, 0xff, 0xb4, 0x3, 0xff, 0x8a, 0xff,
    0xed, 0x0, 0xff, 0xe2, 0xbf, 0xfb, 0x40, 0x3f,
    0x80,

    /* U+1ED9 "ộ" */
    0x0, 0xf8, 0xc0, 0x3f, 0xf8, 0x29, 0xf0, 0x1,
    0xff, 0x1f, 0xfc, 0xe0, 0x1f, 0xc5, 0xde, 0xbb,
    0xec, 0x1, 0xf1, 0x77, 0xa8, 0x17, 0x7a, 0x80,
    0x79, 0x61, 0x40, 0x22, 0x87, 0x0, 0xff, 0xe5,
    0x25, 0x6f, 0xf6, 0x30, 0x7, 0x86, 0xff, 0xfe,
    0xd3, 0x0, 0xdb, 0xff, 0x5c, 0xd7, 0xfe, 0x20,
    0x4, 0xff, 0xb4, 0x80, 0x35, 0x7f, 0xb4, 0x7,
    0xfe, 0x10, 0xf, 0x67, 0xf9, 0x1b, 0xfd, 0x20,
    0x1f, 0x2f, 0xfa, 0xa3, 0xfc, 0xc0, 0x1f, 0x17,
    0xfb, 0x2b, 0xfc, 0xa0, 0x1f, 0xf, 0xfb, 0xa3,
    0xfc, 0xc0, 0x1f, 0x17, 0xfb, 0x1b, 0xfd, 0x20,
    0x1f, 0x37, 0xfa, 0x87, 0xfe, 0x20, 0xf, 0x6f,
    0xf9, 0x2, 0x7f, 0xda, 0x40, 0x10, 0xd7, 0xfb,
    0x0, 0x2d, 0xff, 0xb2, 0xaf, 0xff, 0x10, 0x4,
    0x37, 0xff, 0xf6, 0x90, 0x7, 0x92, 0xb7, 0xfa,
    0xd8, 0x3, 0xff, 0x9a, 0x67, 0x8, 0x7, 0xfd,
    0xff, 0x20, 0x7, 0xfd, 0xff, 0x20, 0x7, 0xfd,
    0xff, 0x20, 0x7, 0x0,

    /* U+1EDA "Ớ" */
    0x0, 0xff, 0xe0, 0x34, 0x40, 0x80, 0x3f, 0xf8,
    0xab, 0xfe, 0x90, 0xf, 0xfe, 0x29, 0x7f, 0xa8,
    0x3, 0xff, 0x8d, 0x9f, 0x40, 0x1f, 0xfc, 0x68,
    0xfb, 0x0, 0xff, 0xf8, 0x2d, 0x6f, 0xfb, 0xad,
    0xc4, 0x3, 0x7f, 0x84, 0x3, 0x27, 0x7f, 0xff,
    0x48, 0x5, 0xfe, 0x0, 0xcf, 0xff, 0xff, 0xc0,
    0xc1, 0x3f, 0xe0, 0x9, 0xbf, 0xee, 0x71, 0x0,
    0xa, 0x5f, 0xfe, 0xcf, 0xa0, 0x1, 0x7f, 0xd6,
    0x20, 0x1f, 0x3f, 0xfe, 0xe1, 0x0, 0x4f, 0xfb,
    0x40, 0x3f, 0xd1, 0xff, 0x10, 0x5, 0xff, 0x20,
    0x7, 0xfd, 0xdf, 0xe6, 0x0, 0x27, 0xfb, 0x80,
    0x3f, 0xf8, 0x13, 0xfe, 0xb0, 0x3, 0xff, 0xa8,
    0x3, 0xff, 0x80, 0x9f, 0xed, 0x0, 0x4f, 0xfa,
    0x0, 0x3f, 0xf8, 0x5, 0xff, 0x0, 0x27, 0xfc,
    0xe0, 0x1f, 0xfc, 0x1, 0xff, 0x80, 0x13, 0xfe,
    0x80, 0xf, 0xfe, 0x1, 0x7f, 0xc0, 0x7, 0xff,
    0x50, 0x7, 0xff, 0x1, 0x3f, 0xdc, 0x0, 0x4f,
    0xf7, 0x0, 0x7f, 0xf0, 0x23, 0xfd, 0x60, 0x17,
    0xfc, 0x80, 0x1f, 0xf7, 0x7f, 0x98, 0x2, 0xaf,
    0xf6, 0x80, 0x7f, 0xa3, 0xfe, 0x10, 0x8, 0xbf,
    0xeb, 0x0, 0xfc, 0xff, 0xf3, 0x80, 0x73, 0x7f,
    0xda, 0xe2, 0x0, 0x14, 0xbf, 0xfb, 0x0, 0x3e,
    0x8f, 0xff, 0xfe, 0x6, 0x8, 0x7, 0xe5, 0xef,
    0xff, 0xe9, 0x0, 0xff, 0xe0, 0x2d, 0x6f, 0xfb,
    0xb1, 0xc4, 0x3, 0xe0,

    /* U+1EDB "ớ" */
    0x0, 0xfe, 0x8f, 0xf3, 0x80, 0x7f, 0xf0, 0x17,
    0xfd, 0x0, 0x1f, 0xfc, 0x2, 0xef, 0x80, 0xf,
    0xfe, 0xe, 0x7c, 0x0, 0x7f, 0xf0, 0x45, 0x50,
    0x3, 0x92, 0x98, 0x3, 0xff, 0x84, 0xff, 0x40,
    0x19, 0x2b, 0x7f, 0xb1, 0x80, 0x29, 0xf8, 0x0,
    0xd, 0xff, 0xfd, 0xa6, 0x9f, 0xe4, 0x0, 0x6f,
    0xfd, 0x73, 0x5f, 0xfe, 0xb0, 0x4, 0xff, 0xb4,
    0x80, 0x35, 0x7f, 0xd0, 0x0, 0x1f, 0xf8, 0x40,
    0x3d, 0x9f, 0xe4, 0x0, 0x37, 0xfa, 0x40, 0x3e,
    0x5f, 0xf5, 0x0, 0x23, 0xfc, 0xc0, 0x1f, 0x17,
    0xfb, 0x0, 0x15, 0xfe, 0x50, 0xf, 0x87, 0xfd,
    0xc0, 0x8, 0xff, 0x30, 0x7, 0xc5, 0xfe, 0xc0,
    0x3, 0x7f, 0xa4, 0x3, 0xe6, 0xff, 0x50, 0x0,
    0x7f, 0xe2, 0x0, 0xf6, 0xff, 0x90, 0x2, 0x9f,
    0xf6, 0x90, 0x4, 0x35, 0xfe, 0xc0, 0xe, 0xdf,
    0xfb, 0x2a, 0xff, 0xf1, 0x0, 0x70, 0xdf, 0xff,
    0xda, 0x40, 0x1f, 0x92, 0xb7, 0xfa, 0xd8, 0x3,
    0xc0,

    /* U+1EDC "Ờ" */
    0x0, 0xe5, 0x88, 0x10, 0x7, 0xff, 0x18, 0xbb,
    0xf4, 0x3, 0xff, 0x8e, 0x7f, 0xe8, 0x0, 0xff,
    0xe3, 0xa7, 0xf8, 0xc0, 0x3f, 0xf8, 0xed, 0xfa,
    0x1, 0xff, 0xf1, 0x5a, 0xdf, 0xf7, 0x5b, 0x88,
    0x6, 0xff, 0x8, 0x6, 0x4e, 0xff, 0xfe, 0x90,
    0xb, 0xfc, 0x1, 0x9f, 0xff, 0xff, 0x81, 0x82,
    0x7f, 0xc0, 0x13, 0x7f, 0xdc, 0xe2, 0x0, 0x14,
    0xbf, 0xfd, 0x9f, 0x40, 0x2, 0xff, 0xac, 0x40,
    0x3e, 0x7f, 0xfd, 0xc2, 0x0, 0x9f, 0xf6, 0x80,
    0x7f, 0xa3, 0xfe, 0x20, 0xb, 0xfe, 0x40, 0xf,
    0xfb, 0xbf, 0xcc, 0x0, 0x4f, 0xf7, 0x0, 0x7f,
    0xf0, 0x27, 0xfd, 0x60, 0x7, 0xff, 0x50, 0x7,
    0xff, 0x1, 0x3f, 0xda, 0x0, 0x9f, 0xf4, 0x0,
    0x7f, 0xf0, 0xb, 0xfe, 0x0, 0x4f, 0xf9, 0xc0,
    0x3f, 0xf8, 0x3, 0xff, 0x0, 0x27, 0xfd, 0x0,
    0x1f, 0xfc, 0x2, 0xff, 0x80, 0xf, 0xfe, 0xa0,
    0xf, 0xfe, 0x2, 0x7f, 0xb8, 0x0, 0x9f, 0xee,
    0x0, 0xff, 0xe0, 0x47, 0xfa, 0xc0, 0x2f, 0xf9,
    0x0, 0x3f, 0xee, 0xff, 0x30, 0x5, 0x5f, 0xed,
    0x0, 0xff, 0x47, 0xfc, 0x20, 0x11, 0x7f, 0xd6,
    0x1, 0xf9, 0xff, 0xe7, 0x0, 0xe6, 0xff, 0xb5,
    0xc4, 0x0, 0x29, 0x7f, 0xf6, 0x0, 0x7d, 0x1f,
    0xff, 0xfc, 0xc, 0x10, 0xf, 0xcb, 0xdf, 0xff,
    0xd2, 0x1, 0xff, 0xc0, 0x5a, 0xdf, 0xf7, 0x63,
    0x88, 0x7, 0xc0,

    /* U+1EDD "ờ" */
    0x0, 0x17, 0x7f, 0x8, 0x7, 0xff, 0x4, 0xbb,
    0xe8, 0x3, 0xff, 0x84, 0x7f, 0xe6, 0x0, 0xff,
    0xe1, 0x27, 0xf8, 0x80, 0x3f, 0xf8, 0x46, 0xa6,
    0x1, 0xc9, 0x4c, 0x1, 0xff, 0xc2, 0x7f, 0xa0,
    0xc, 0x95, 0xbf, 0xd8, 0xc0, 0x14, 0xfc, 0x0,
    0x6, 0xff, 0xfe, 0xd3, 0x4f, 0xf2, 0x0, 0x37,
    0xfe, 0xb9, 0xaf, 0xff, 0x58, 0x2, 0x7f, 0xda,
    0x40, 0x1a, 0xbf, 0xe8, 0x0, 0xf, 0xfc, 0x20,
    0x1e, 0xcf, 0xf2, 0x0, 0x1b, 0xfd, 0x20, 0x1f,
    0x2f, 0xfa, 0x80, 0x11, 0xfe, 0x60, 0xf, 0x8b,
    0xfd, 0x80, 0xa, 0xff, 0x28, 0x7, 0xc3, 0xfe,
    0xe0, 0x4, 0x7f, 0x98, 0x3, 0xe2, 0xff, 0x60,
    0x1, 0xbf, 0xd2, 0x1, 0xf3, 0x7f, 0xa8, 0x0,
    0x3f, 0xf1, 0x0, 0x7b, 0x7f, 0xc8, 0x1, 0x4f,
    0xfb, 0x48, 0x2, 0x1a, 0xff, 0x60, 0x7, 0x6f,
    0xfd, 0x95, 0x7f, 0xf8, 0x80, 0x38, 0x6f, 0xff,
    0xed, 0x20, 0xf, 0xc9, 0x5b, 0xfd, 0x6c, 0x1,
    0xe0,

    /* U+1EDE "Ở" */
    0x0, 0xfc, 0xf2, 0xe4, 0x1, 0xff, 0xc6, 0xaf,
    0xfa, 0x40, 0x3f, 0xf8, 0xc2, 0xbf, 0xe4, 0x0,
    0xff, 0xe3, 0xd7, 0xb8, 0x7, 0xff, 0x18, 0xfb,
    0xcc, 0x3, 0xff, 0x8b, 0x3f, 0x8a, 0x1, 0xff,
    0xc6, 0x10, 0xf, 0xfe, 0x32, 0xd6, 0xff, 0xba,
    0xdc, 0x40, 0x37, 0xf8, 0x40, 0x32, 0x77, 0xff,
    0xf4, 0x80, 0x5f, 0xe0, 0xc, 0xff, 0xff, 0xfc,
    0xc, 0x13, 0xfe, 0x0, 0x9b, 0xfe, 0xe7, 0x10,
    0x0, 0xa5, 0xff, 0xec, 0xfa, 0x0, 0x17, 0xfd,
    0x62, 0x1, 0xf3, 0xff, 0xee, 0x10, 0x4, 0xff,
    0xb4, 0x3, 0xfd, 0x1f, 0xf1, 0x0, 0x5f, 0xf2,
    0x0, 0x7f, 0xdd, 0xfe, 0x60, 0x2, 0x7f, 0xb8,
    0x3, 0xff, 0x81, 0x3f, 0xeb, 0x0, 0x3f, 0xfa,
    0x80, 0x3f, 0xf8, 0x9, 0xfe, 0xd0, 0x4, 0xff,
    0xa0, 0x3, 0xff, 0x80, 0x5f, 0xf0, 0x2, 0x7f,
    0xce, 0x1, 0xff, 0xc0, 0x1f, 0xf8, 0x1, 0x3f,
    0xe8, 0x0, 0xff, 0xe0, 0x17, 0xfc, 0x0, 0x7f,
    0xf5, 0x0, 0x7f, 0xf0, 0x13, 0xfd, 0xc0, 0x4,
    0xff, 0x70, 0x7, 0xff, 0x2, 0x3f, 0xd6, 0x1,
    0x7f, 0xc8, 0x1, 0xff, 0x77, 0xf9, 0x80, 0x2a,
    0xff, 0x68, 0x7, 0xfa, 0x3f, 0xe1, 0x0, 0x8b,
    0xfe, 0xb0, 0xf, 0xcf, 0xff, 0x38, 0x7, 0x37,
    0xfd, 0xae, 0x20, 0x1, 0x4b, 0xff, 0xb0, 0x3,
    0xe8, 0xff, 0xff, 0xe0, 0x60, 0x80, 0x7e, 0x5e,
    0xff, 0xfe, 0x90, 0xf, 0xfe, 0x2, 0xd6, 0xff,
    0xbb, 0x1c, 0x40, 0x3e,

    /* U+1EDF "ở" */
    0x0, 0xe3, 0xfe, 0xa4, 0x0, 0xff, 0xe0, 0x15,
    0xef, 0xf9, 0xc0, 0x3f, 0xf8, 0x4b, 0xfc, 0x1,
    0xff, 0xc2, 0x5f, 0xc0, 0xf, 0xfe, 0x1, 0x6f,
    0xe1, 0x0, 0x49, 0x4c, 0x1, 0xf2, 0x8, 0x7,
    0x3f, 0xd0, 0x6, 0x4a, 0xdf, 0xec, 0x60, 0xa,
    0x7e, 0x0, 0x3, 0x7f, 0xff, 0x69, 0xa7, 0xf9,
    0x0, 0x1b, 0xff, 0x5c, 0xd7, 0xff, 0xac, 0x1,
    0x3f, 0xed, 0x20, 0xd, 0x5f, 0xf4, 0x0, 0x7,
    0xfe, 0x10, 0xf, 0x67, 0xf9, 0x0, 0xd, 0xfe,
    0x90, 0xf, 0x97, 0xfd, 0x40, 0x8, 0xff, 0x30,
    0x7, 0xc5, 0xfe, 0xc0, 0x5, 0x7f, 0x94, 0x3,
    0xe1, 0xff, 0x70, 0x2, 0x3f, 0xcc, 0x1, 0xf1,
    0x7f, 0xb0, 0x0, 0xdf, 0xe9, 0x0, 0xf9, 0xbf,
    0xd4, 0x0, 0x1f, 0xf8, 0x80, 0x3d, 0xbf, 0xe4,
    0x0, 0xa7, 0xfd, 0xa4, 0x1, 0xd, 0x7f, 0xb0,
    0x3, 0xb7, 0xfe, 0xca, 0xbf, 0xfc, 0x40, 0x1c,
    0x37, 0xff, 0xf6, 0x90, 0x7, 0xe4, 0xad, 0xfe,
    0xb6, 0x0, 0xf0,

    /* U+1EE0 "Ỡ" */
    0x0, 0xf0, 0xc4, 0xa0, 0x4, 0xf4, 0x1, 0xff,
    0xc1, 0xdf, 0xf9, 0x40, 0x1b, 0xe0, 0x1f, 0xfc,
    0x6, 0xf7, 0x2d, 0xf4, 0x3f, 0xb0, 0xf, 0xfe,
    0x4, 0xf8, 0x81, 0x77, 0xfc, 0x60, 0x1f, 0xfc,
    0x6, 0x90, 0x8, 0x5e, 0xc, 0x3, 0xff, 0xb0,
    0xb5, 0xbf, 0xee, 0xb7, 0x10, 0xd, 0xfe, 0x10,
    0xc, 0x9d, 0xff, 0xfd, 0x20, 0x17, 0xf8, 0x3,
    0x3f, 0xff, 0xff, 0x3, 0x4, 0xff, 0x80, 0x26,
    0xff, 0xb9, 0xc4, 0x0, 0x29, 0x7f, 0xfb, 0x3e,
    0x80, 0x5, 0xff, 0x58, 0x80, 0x7c, 0xff, 0xfb,
    0x84, 0x1, 0x3f, 0xed, 0x0, 0xff, 0x47, 0xfc,
    0x40, 0x17, 0xfc, 0x80, 0x1f, 0xf7, 0x7f, 0x98,
    0x0, 0x9f, 0xee, 0x0, 0xff, 0xe0, 0x4f, 0xfa,
    0xc0, 0xf, 0xfe, 0xa0, 0xf, 0xfe, 0x2, 0x7f,
    0xb4, 0x1, 0x3f, 0xe8, 0x0, 0xff, 0xe0, 0x17,
    0xfc, 0x0, 0x9f, 0xf3, 0x80, 0x7f, 0xf0, 0x7,
    0xfe, 0x0, 0x4f, 0xfa, 0x0, 0x3f, 0xf8, 0x5,
    0xff, 0x0, 0x1f, 0xfd, 0x40, 0x1f, 0xfc, 0x4,
    0xff, 0x70, 0x1, 0x3f, 0xdc, 0x1, 0xff, 0xc0,
    0x8f, 0xf5, 0x80, 0x5f, 0xf2, 0x0, 0x7f, 0xdd,
    0xfe, 0x60, 0xa, 0xbf, 0xda, 0x1, 0xfe, 0x8f,
    0xf8, 0x40, 0x22, 0xff, 0xac, 0x3, 0xf3, 0xff,
    0xce, 0x1, 0xcd, 0xff, 0x6b, 0x88, 0x0, 0x52,
    0xff, 0xec, 0x0, 0xfa, 0x3f, 0xff, 0xf8, 0x18,
    0x20, 0x1f, 0x97, 0xbf, 0xff, 0xa4, 0x3, 0xff,
    0x80, 0xb5, 0xbf, 0xee, 0xc7, 0x10, 0xf, 0x80,

    /* U+1EE1 "ỡ" */
    0x0, 0x86, 0xff, 0x50, 0x0, 0xbe, 0xe0, 0x1f,
    0x57, 0xf7, 0xf9, 0x82, 0x7d, 0x40, 0x3c, 0x3f,
    0x80, 0x9f, 0xed, 0xfe, 0x0, 0xf8, 0xfd, 0xc0,
    0x7, 0x9f, 0xa6, 0x1, 0xff, 0xc7, 0x5b, 0x70,
    0xf, 0xfe, 0x13, 0xfd, 0x0, 0x64, 0xad, 0xfe,
    0xc6, 0x0, 0xa7, 0xe0, 0x0, 0x37, 0xff, 0xf6,
    0x9a, 0x7f, 0x90, 0x1, 0xbf, 0xf5, 0xcd, 0x7f,
    0xfa, 0xc0, 0x13, 0xfe, 0xd2, 0x0, 0xd5, 0xff,
    0x38, 0x0, 0x7f, 0xe1, 0x0, 0xf6, 0x7f, 0x90,
    0x0, 0xdf, 0xe9, 0x0, 0xf9, 0x7f, 0xd4, 0x0,
    0x8f, 0xf3, 0x0, 0x7c, 0x5f, 0xec, 0x0, 0x57,
    0xf9, 0x40, 0x3e, 0x1f, 0xf7, 0x0, 0x23, 0xfc,
    0xc0, 0x1f, 0x17, 0xfb, 0x0, 0xd, 0xfe, 0x90,
    0xf, 0x9b, 0xfd, 0x40, 0x1, 0xff, 0x88, 0x3,
    0xdb, 0xfe, 0x40, 0xa, 0x7f, 0xda, 0x40, 0x10,
    0xd7, 0xfb, 0x0, 0x3b, 0x7f, 0xec, 0xab, 0xff,
    0xc4, 0x1, 0xc3, 0x7f, 0xff, 0x69, 0x0, 0x7e,
    0x4a, 0xdf, 0xeb, 0x60, 0xf, 0x0,

    /* U+1EE2 "Ợ" */
    0x0, 0xf2, 0xd6, 0xff, 0xba, 0xdc, 0x40, 0x37,
    0xf8, 0x40, 0x32, 0x77, 0xff, 0xf4, 0x80, 0x5f,
    0xe0, 0xc, 0xff, 0xff, 0xfc, 0xc, 0x13, 0xfe,
    0x0, 0x9b, 0xfe, 0xe7, 0x10, 0x0, 0xa5, 0xff,
    0xec, 0xfa, 0x0, 0x17, 0xfd, 0x62, 0x1, 0xf3,
    0xff, 0xee, 0x10, 0x4, 0xff, 0xb4, 0x3, 0xfd,
    0x1f, 0xf1, 0x0, 0x5f, 0xf2, 0x0, 0x7f, 0xdd,
    0xfe, 0x60, 0x2, 0x7f, 0xb8, 0x3, 0xff, 0x81,
    0x3f, 0xeb, 0x0, 0x3f, 0xfa, 0x80, 0x3f, 0xf8,
    0x9, 0xfe, 0xd0, 0x4, 0xff, 0xa0, 0x3, 0xff,
    0x80, 0x5f, 0xf0, 0x2, 0x7f, 0xce, 0x1, 0xff,
    0xc0, 0x1f, 0xf8, 0x1, 0x3f, 0xe8, 0x0, 0xff,
    0xe0, 0x17, 0xfc, 0x0, 0x7f, 0xf5, 0x0, 0x7f,
    0xf0, 0x13, 0xfd, 0xc0, 0x4, 0xff, 0x70, 0x7,
    0xff, 0x2, 0x3f, 0xd6, 0x1, 0x7f, 0xc8, 0x1,
    0xff, 0x77, 0xf9, 0x80, 0x2a, 0xff, 0x68, 0x7,
    0xfa, 0x3f, 0xe1, 0x0, 0x8b, 0xfe, 0xb0, 0xf,
    0xcf, 0xff, 0x38, 0x7, 0x37, 0xfd, 0xae, 0x20,
    0x1, 0x4b, 0xff, 0xb0, 0x3, 0xe8, 0xff, 0xff,
    0xe0, 0x60, 0x80, 0x7e, 0x5e, 0xff, 0xfe, 0x90,
    0xf, 0xfe, 0x2, 0xd6, 0xff, 0xbb, 0x1c, 0x40,
    0x3f, 0xfb, 0x22, 0x67, 0x0, 0x7f, 0xf1, 0x9f,
    0xfd, 0xa0, 0x1f, 0xfc, 0x67, 0xff, 0x68, 0x7,
    0xff, 0x19, 0xff, 0xda, 0x1, 0xfe,

    /* U+1EE3 "ợ" */
    0x0, 0xff, 0xe1, 0x3f, 0xd0, 0x7, 0xff, 0x9,
    0xfe, 0x40, 0x32, 0x56, 0xff, 0x63, 0x0, 0x55,
    0xf0, 0x0, 0x1b, 0xff, 0xfb, 0x4d, 0x3f, 0xc6,
    0x0, 0xdf, 0xfa, 0xe6, 0xbf, 0xfd, 0x40, 0x9,
    0xff, 0x69, 0x0, 0x6a, 0xff, 0x9c, 0x0, 0x3f,
    0xf0, 0x80, 0x7b, 0x3f, 0xc8, 0x0, 0x6f, 0xf4,
    0x80, 0x7c, 0xbf, 0xea, 0x0, 0x47, 0xf9, 0x80,
    0x3e, 0x2f, 0xf6, 0x0, 0x2b, 0xfc, 0xa0, 0x1f,
    0xf, 0xfb, 0x80, 0x11, 0xfe, 0x60, 0xf, 0x8b,
    0xfd, 0x80, 0x6, 0xff, 0x48, 0x7, 0xcd, 0xfe,
    0xa0, 0x0, 0xff, 0xc4, 0x1, 0xed, 0xff, 0x20,
    0x5, 0x3f, 0xed, 0x20, 0x8, 0x6b, 0xfd, 0x80,
    0x1d, 0xbf, 0xf6, 0x55, 0xff, 0xe2, 0x0, 0xe1,
    0xbf, 0xff, 0xb4, 0x80, 0x3f, 0x25, 0x6f, 0xf5,
    0xb0, 0x7, 0xff, 0x44, 0xce, 0x10, 0xf, 0xfe,
    0xf, 0xfc, 0x80, 0x1f, 0xfc, 0x1f, 0xf9, 0x0,
    0x3f, 0xf8, 0x3f, 0xf2, 0x0, 0x7c,

    /* U+1EE4 "Ụ" */
    0xff, 0x84, 0x3, 0xf3, 0x7f, 0xa7, 0xfe, 0x10,
    0xf, 0xcd, 0xfe, 0x9f, 0xf8, 0x40, 0x3f, 0x37,
    0xfa, 0x7f, 0xe1, 0x0, 0xfc, 0xdf, 0xe9, 0xff,
    0x84, 0x3, 0xf3, 0x7f, 0xa7, 0xfe, 0x10, 0xf,
    0xcd, 0xfe, 0x9f, 0xf8, 0x40, 0x3f, 0x37, 0xfa,
    0x7f, 0xe1, 0x0, 0xfc, 0xdf, 0xe9, 0xff, 0x84,
    0x3, 0xf3, 0x7f, 0xa7, 0xfe, 0x10, 0xf, 0xcd,
    0xfe, 0x9f, 0xf8, 0x40, 0x3f, 0x37, 0xfa, 0x7f,
    0xe1, 0x0, 0xfc, 0xdf, 0xe9, 0xff, 0x84, 0x3,
    0xf3, 0x7f, 0xa7, 0xbf, 0xc4, 0x1, 0xf9, 0xff,
    0xd3, 0xbf, 0xe3, 0x0, 0xfd, 0x3f, 0xe8, 0xbf,
    0xf3, 0x80, 0x7e, 0xdf, 0xf2, 0xbf, 0xfb, 0x80,
    0x3e, 0x4f, 0xf8, 0x45, 0xff, 0x61, 0x80, 0x66,
    0xff, 0xa8, 0x0, 0xdf, 0xfb, 0xb7, 0x5f, 0xfb,
    0x84, 0x2, 0x6f, 0xff, 0xed, 0x20, 0xe, 0x17,
    0xce, 0xff, 0x6d, 0x28, 0x7, 0xff, 0x38, 0xce,
    0x10, 0xf, 0xfe, 0x6, 0xff, 0xa0, 0x3, 0xff,
    0x81, 0xbf, 0xe8, 0x0, 0xff, 0xe0, 0x6f, 0xfa,
    0x0, 0x3c,

    /* U+1EE5 "ụ" */
    0x2f, 0xf6, 0x0, 0x79, 0xbf, 0xce, 0x5f, 0xec,
    0x0, 0xf3, 0x7f, 0x9c, 0xbf, 0xd8, 0x1, 0xe6,
    0xff, 0x39, 0x7f, 0xb0, 0x3, 0xcd, 0xfe, 0x72,
    0xff, 0x60, 0x7, 0x9b, 0xfc, 0xe5, 0xfe, 0xc0,
    0xf, 0x37, 0xf9, 0xcb, 0xfd, 0x80, 0x1e, 0x6f,
    0xf3, 0x97, 0xfb, 0x0, 0x3c, 0xff, 0xe7, 0x2f,
    0xf6, 0x0, 0x7a, 0x3f, 0xce, 0x3f, 0xee, 0x0,
    0xf5, 0xff, 0x9c, 0x3f, 0xe1, 0x0, 0xc3, 0xff,
    0x38, 0x6f, 0xfa, 0x80, 0x35, 0xff, 0xce, 0xd,
    0xff, 0x6c, 0xd7, 0x7f, 0xe7, 0x0, 0x5f, 0xff,
    0xb6, 0x3f, 0xce, 0x1, 0x36, 0x77, 0xe3, 0x83,
    0x7f, 0x9c, 0x3, 0xff, 0x8e, 0x26, 0x70, 0x7,
    0xf9, 0x7f, 0xe0, 0xf, 0xf2, 0xff, 0xc0, 0x1f,
    0xe5, 0xff, 0x80, 0x38,

    /* U+1EE6 "Ủ" */
    0x0, 0xf5, 0x43, 0x0, 0x7f, 0xf0, 0x7f, 0xf2,
    0x80, 0x7f, 0xf0, 0x6, 0x3f, 0xc0, 0x1f, 0xfc,
    0x2f, 0xf0, 0x80, 0x7f, 0xc9, 0x5f, 0x60, 0x1f,
    0xfc, 0xd, 0xb6, 0x0, 0xff, 0xe5, 0x7f, 0xc2,
    0x1, 0xf9, 0xbf, 0xd3, 0xff, 0x8, 0x7, 0xe6,
    0xff, 0x4f, 0xfc, 0x20, 0x1f, 0x9b, 0xfd, 0x3f,
    0xf0, 0x80, 0x7e, 0x6f, 0xf4, 0xff, 0xc2, 0x1,
    0xf9, 0xbf, 0xd3, 0xff, 0x8, 0x7, 0xe6, 0xff,
    0x4f, 0xfc, 0x20, 0x1f, 0x9b, 0xfd, 0x3f, 0xf0,
    0x80, 0x7e, 0x6f, 0xf4, 0xff, 0xc2, 0x1, 0xf9,
    0xbf, 0xd3, 0xff, 0x8, 0x7, 0xe6, 0xff, 0x4f,
    0xfc, 0x20, 0x1f, 0x9b, 0xfd, 0x3f, 0xf0, 0x80,
    0x7e, 0x6f, 0xf4, 0xff, 0xc2, 0x1, 0xf9, 0xbf,
    0xd3, 0xdf, 0xe2, 0x0, 0xfc, 0xff, 0xe9, 0xdf,
    0xf1, 0x80, 0x7e, 0x9f, 0xf4, 0x5f, 0xf9, 0xc0,
    0x3f, 0x6f, 0xf9, 0x5f, 0xfd, 0xc0, 0x1f, 0x27,
    0xfc, 0x22, 0xff, 0xb0, 0xc0, 0x33, 0x7f, 0xd4,
    0x0, 0x6f, 0xfd, 0xdb, 0xaf, 0xfd, 0xc2, 0x1,
    0x37, 0xff, 0xf6, 0x90, 0x7, 0xb, 0xe7, 0x7f,
    0xb6, 0x94, 0x3, 0x0,

    /* U+1EE7 "ủ" */
    0x0, 0xeb, 0xed, 0x81, 0x0, 0xfe, 0x7b, 0xef,
    0xe1, 0x0, 0xff, 0xb3, 0xd8, 0x3, 0xfc, 0x5b,
    0xe6, 0x1, 0xfd, 0x3f, 0x8a, 0x1, 0xfe, 0x10,
    0xf, 0x8b, 0xfd, 0x80, 0x1e, 0x6f, 0xf3, 0x97,
    0xfb, 0x0, 0x3c, 0xdf, 0xe7, 0x2f, 0xf6, 0x0,
    0x79, 0xbf, 0xce, 0x5f, 0xec, 0x0, 0xf3, 0x7f,
    0x9c, 0xbf, 0xd8, 0x1, 0xe6, 0xff, 0x39, 0x7f,
    0xb0, 0x3, 0xcd, 0xfe, 0x72, 0xff, 0x60, 0x7,
    0x9b, 0xfc, 0xe5, 0xfe, 0xc0, 0xf, 0x3f, 0xf9,
    0xcb, 0xfd, 0x80, 0x1e, 0x8f, 0xf3, 0x8f, 0xfb,
    0x80, 0x3d, 0x7f, 0xe7, 0xf, 0xf8, 0x40, 0x30,
    0xff, 0xce, 0x1b, 0xfe, 0xa0, 0xd, 0x7f, 0xf3,
    0x83, 0x7f, 0xdb, 0x35, 0xdf, 0xf9, 0xc0, 0x17,
    0xff, 0xed, 0x8f, 0xf3, 0x80, 0x4d, 0x9d, 0xf8,
    0xe0, 0xdf, 0xe7,

    /* U+1EE8 "Ứ" */
    0x0, 0xfe, 0x17, 0x87, 0x0, 0xff, 0xe2, 0x5f,
    0xf9, 0x0, 0x3f, 0xf8, 0x6d, 0xfe, 0x40, 0xf,
    0xfe, 0x19, 0xff, 0x94, 0x3, 0xff, 0x89, 0xbe,
    0xc0, 0x1f, 0xfe, 0x6f, 0xf8, 0x40, 0x3f, 0x37,
    0xfa, 0x41, 0xfe, 0x7f, 0xe1, 0x0, 0xfc, 0xdf,
    0xe9, 0x8, 0xf9, 0xff, 0x84, 0x3, 0xf3, 0x7f,
    0xa4, 0x2f, 0xdf, 0xfe, 0x10, 0xf, 0xcd, 0xfe,
    0xa6, 0xff, 0x17, 0xfc, 0x20, 0x1f, 0x9b, 0xff,
    0xa0, 0x3f, 0xe1, 0x0, 0xfc, 0xdf, 0xf5, 0xa8,
    0x3, 0xfe, 0x10, 0xf, 0xcd, 0xfe, 0x90, 0xd,
    0xff, 0x8, 0x7, 0xe6, 0xff, 0x48, 0x6, 0xff,
    0x84, 0x3, 0xf3, 0x7f, 0xa4, 0x3, 0x7f, 0xc2,
    0x1, 0xf9, 0xbf, 0xd2, 0x1, 0xbf, 0xe1, 0x0,
    0xfc, 0xdf, 0xe9, 0x0, 0xdf, 0xf0, 0x80, 0x7e,
    0x6f, 0xf4, 0x80, 0x6f, 0xf8, 0x40, 0x3f, 0x37,
    0xfa, 0x40, 0x37, 0x7f, 0x88, 0x3, 0xf3, 0xff,
    0xa4, 0x3, 0x6f, 0xf8, 0xc0, 0x3f, 0x4f, 0xfa,
    0x0, 0x35, 0xff, 0x9c, 0x3, 0xf6, 0xff, 0x94,
    0x3, 0x3f, 0xfb, 0x80, 0x3e, 0x4f, 0xf8, 0x40,
    0x30, 0xff, 0xd8, 0x60, 0x19, 0xbf, 0xea, 0x0,
    0xf3, 0x7f, 0xee, 0xdd, 0x7f, 0xee, 0x10, 0xf,
    0x9b, 0xff, 0xfb, 0x48, 0x3, 0xf8, 0x5f, 0x3b,
    0xfd, 0xb4, 0xa0, 0x1f, 0x80,

    /* U+1EE9 "ứ" */
    0x0, 0xfc, 0x5d, 0xfa, 0x20, 0x1f, 0xf6, 0x7e,
    0x88, 0x7, 0xfd, 0x5f, 0xa2, 0x0, 0x1f, 0xf0,
    0x7, 0x9b, 0xf4, 0x40, 0x22, 0xff, 0x0, 0x78,
    0x88, 0x1, 0xcb, 0xfa, 0x1, 0xff, 0xc0, 0x3d,
    0xf8, 0x2f, 0xf6, 0x0, 0x79, 0xbf, 0xed, 0x12,
    0xff, 0x60, 0x7, 0x9b, 0xfe, 0x10, 0x2f, 0xf6,
    0x0, 0x79, 0xbf, 0xce, 0x0, 0x2f, 0xf6, 0x0,
    0x79, 0xbf, 0xce, 0x0, 0x2f, 0xf6, 0x0, 0x79,
    0xbf, 0xce, 0x0, 0x2f, 0xf6, 0x0, 0x79, 0xbf,
    0xce, 0x0, 0x2f, 0xf6, 0x0, 0x79, 0xbf, 0xce,
    0x0, 0x2f, 0xf6, 0x0, 0x79, 0xff, 0xce, 0x0,
    0x2f, 0xf6, 0x0, 0x7a, 0x3f, 0xce, 0x0, 0x1f,
    0xf7, 0x0, 0x7a, 0xff, 0xce, 0x1, 0x7f, 0xc2,
    0x1, 0x87, 0xfe, 0x70, 0xb, 0x7f, 0xd4, 0x1,
    0xaf, 0xfe, 0x70, 0x9, 0xbf, 0xed, 0x9a, 0xef,
    0xfc, 0xe0, 0x1a, 0xff, 0xfd, 0xb1, 0xfe, 0x70,
    0xe, 0x6c, 0xef, 0xc7, 0x6, 0xff, 0x38, 0x0,

    /* U+1EEA "Ừ" */
    0x0, 0x9e, 0x1c, 0x3, 0xff, 0x8a, 0xdf, 0xe8,
    0x0, 0xff, 0xe2, 0xbf, 0xf8, 0xc0, 0x3f, 0xf8,
    0xb3, 0xfa, 0x1, 0xff, 0xc6, 0xaf, 0x90, 0xf,
    0xff, 0x3f, 0xfc, 0x20, 0x1f, 0x9b, 0xfd, 0x20,
    0xff, 0x3f, 0xf0, 0x80, 0x7e, 0x6f, 0xf4, 0x84,
    0x7c, 0xff, 0xc2, 0x1, 0xf9, 0xbf, 0xd2, 0x17,
    0xef, 0xff, 0x8, 0x7, 0xe6, 0xff, 0x53, 0x7f,
    0x8b, 0xfe, 0x10, 0xf, 0xcd, 0xff, 0xd0, 0x1f,
    0xf0, 0x80, 0x7e, 0x6f, 0xfa, 0xd4, 0x1, 0xff,
    0x8, 0x7, 0xe6, 0xff, 0x48, 0x6, 0xff, 0x84,
    0x3, 0xf3, 0x7f, 0xa4, 0x3, 0x7f, 0xc2, 0x1,
    0xf9, 0xbf, 0xd2, 0x1, 0xbf, 0xe1, 0x0, 0xfc,
    0xdf, 0xe9, 0x0, 0xdf, 0xf0, 0x80, 0x7e, 0x6f,
    0xf4, 0x80, 0x6f, 0xf8, 0x40, 0x3f, 0x37, 0xfa,
    0x40, 0x37, 0xfc, 0x20, 0x1f, 0x9b, 0xfd, 0x20,
    0x1b, 0xbf, 0xc4, 0x1, 0xf9, 0xff, 0xd2, 0x1,
    0xb7, 0xfc, 0x60, 0x1f, 0xa7, 0xfd, 0x0, 0x1a,
    0xff, 0xce, 0x1, 0xfb, 0x7f, 0xca, 0x1, 0x9f,
    0xfd, 0xc0, 0x1f, 0x27, 0xfc, 0x20, 0x18, 0x7f,
    0xec, 0x30, 0xc, 0xdf, 0xf5, 0x0, 0x79, 0xbf,
    0xf7, 0x6e, 0xbf, 0xf7, 0x8, 0x7, 0xcd, 0xff,
    0xfd, 0xa4, 0x1, 0xfc, 0x2f, 0x9d, 0xfe, 0xda,
    0x50, 0xf, 0xc0,

    /* U+1EEB "ừ" */
    0x0, 0x47, 0xf9, 0xc0, 0x3f, 0xf8, 0x31, 0xfe,
    0x40, 0xf, 0xfe, 0xc, 0xff, 0x8, 0x7, 0xf,
    0xf8, 0x3, 0xa7, 0xec, 0x3, 0x8b, 0xfc, 0x1,
    0xe2, 0x20, 0x7, 0x2f, 0xe8, 0x7, 0xff, 0x0,
    0xf7, 0xe0, 0xbf, 0xd8, 0x1, 0xe6, 0xff, 0xb4,
    0x4b, 0xfd, 0x80, 0x1e, 0x6f, 0xf8, 0x40, 0xbf,
    0xd8, 0x1, 0xe6, 0xff, 0x38, 0x0, 0xbf, 0xd8,
    0x1, 0xe6, 0xff, 0x38, 0x0, 0xbf, 0xd8, 0x1,
    0xe6, 0xff, 0x38, 0x0, 0xbf, 0xd8, 0x1, 0xe6,
    0xff, 0x38, 0x0, 0xbf, 0xd8, 0x1, 0xe6, 0xff,
    0x38, 0x0, 0xbf, 0xd8, 0x1, 0xe7, 0xff, 0x38,
    0x0, 0xbf, 0xd8, 0x1, 0xe8, 0xff, 0x38, 0x0,
    0x7f, 0xdc, 0x1, 0xeb, 0xff, 0x38, 0x5, 0xff,
    0x8, 0x6, 0x1f, 0xf9, 0xc0, 0x2d, 0xff, 0x50,
    0x6, 0xbf, 0xf9, 0xc0, 0x26, 0xff, 0xb6, 0x6b,
    0xbf, 0xf3, 0x80, 0x6b, 0xff, 0xf6, 0xc7, 0xf9,
    0xc0, 0x39, 0xb3, 0xbf, 0x1c, 0x1b, 0xfc, 0xe0,
    0x0,

    /* U+1EEC "Ử" */
    0x0, 0xf5, 0x43, 0x0, 0x7f, 0xf1, 0x7f, 0xf2,
    0x80, 0x7f, 0xf1, 0x6, 0x3f, 0xc0, 0x1f, 0xfc,
    0x6f, 0xf0, 0x80, 0x7f, 0xf0, 0xd2, 0xbe, 0xc0,
    0x3f, 0xf8, 0x9b, 0x6c, 0x1, 0xff, 0xd2, 0xff,
    0x84, 0x3, 0xf3, 0x7f, 0xa4, 0x1f, 0xe7, 0xfe,
    0x10, 0xf, 0xcd, 0xfe, 0x90, 0x8f, 0x9f, 0xf8,
    0x40, 0x3f, 0x37, 0xfa, 0x42, 0xfd, 0xff, 0xe1,
    0x0, 0xfc, 0xdf, 0xea, 0x6f, 0xf1, 0x7f, 0xc2,
    0x1, 0xf9, 0xbf, 0xfa, 0x3, 0xfe, 0x10, 0xf,
    0xcd, 0xff, 0x5a, 0x80, 0x3f, 0xe1, 0x0, 0xfc,
    0xdf, 0xe9, 0x0, 0xdf, 0xf0, 0x80, 0x7e, 0x6f,
    0xf4, 0x80, 0x6f, 0xf8, 0x40, 0x3f, 0x37, 0xfa,
    0x40, 0x37, 0xfc, 0x20, 0x1f, 0x9b, 0xfd, 0x20,
    0x1b, 0xfe, 0x10, 0xf, 0xcd, 0xfe, 0x90, 0xd,
    0xff, 0x8, 0x7, 0xe6, 0xff, 0x48, 0x6, 0xff,
    0x84, 0x3, 0xf3, 0x7f, 0xa4, 0x3, 0x77, 0xf8,
    0x80, 0x3f, 0x3f, 0xfa, 0x40, 0x36, 0xff, 0x8c,
    0x3, 0xf4, 0xff, 0xa0, 0x3, 0x5f, 0xf9, 0xc0,
    0x3f, 0x6f, 0xf9, 0x40, 0x33, 0xff, 0xb8, 0x3,
    0xe4, 0xff, 0x84, 0x3, 0xf, 0xfd, 0x86, 0x1,
    0x9b, 0xfe, 0xa0, 0xf, 0x37, 0xfe, 0xed, 0xd7,
    0xfe, 0xe1, 0x0, 0xf9, 0xbf, 0xff, 0xb4, 0x80,
    0x3f, 0x85, 0xf3, 0xbf, 0xdb, 0x4a, 0x1, 0xf8,

    /* U+1EED "ử" */
    0x0, 0xeb, 0xed, 0x81, 0x0, 0xff, 0x9e, 0xfb,
    0xf8, 0x40, 0x3f, 0xf8, 0x39, 0xec, 0x0, 0x1f,
    0xf0, 0x7, 0xc5, 0xbe, 0x60, 0x2, 0xff, 0x0,
    0x7a, 0x7f, 0x14, 0x2, 0x5f, 0xd0, 0xf, 0x8,
    0x7, 0x1e, 0xfc, 0x17, 0xfb, 0x0, 0x3c, 0xdf,
    0xf6, 0x89, 0x7f, 0xb0, 0x3, 0xcd, 0xff, 0x8,
    0x17, 0xfb, 0x0, 0x3c, 0xdf, 0xe7, 0x0, 0x17,
    0xfb, 0x0, 0x3c, 0xdf, 0xe7, 0x0, 0x17, 0xfb,
    0x0, 0x3c, 0xdf, 0xe7, 0x0, 0x17, 0xfb, 0x0,
    0x3c, 0xdf, 0xe7, 0x0, 0x17, 0xfb, 0x0, 0x3c,
    0xdf, 0xe7, 0x0, 0x17, 0xfb, 0x0, 0x3c, 0xff,
    0xe7, 0x0, 0x17, 0xfb, 0x0, 0x3d, 0x1f, 0xe7,
    0x0, 0xf, 0xfb, 0x80, 0x3d, 0x7f, 0xe7, 0x0,
    0xbf, 0xe1, 0x0, 0xc3, 0xff, 0x38, 0x5, 0xbf,
    0xea, 0x0, 0xd7, 0xff, 0x38, 0x4, 0xdf, 0xf6,
    0xcd, 0x77, 0xfe, 0x70, 0xd, 0x7f, 0xfe, 0xd8,
    0xff, 0x38, 0x7, 0x36, 0x77, 0xe3, 0x83, 0x7f,
    0x9c, 0x0,

    /* U+1EEE "Ữ" */
    0x0, 0xc7, 0x30, 0x20, 0x15, 0x38, 0x7, 0xf8,
    0xff, 0xee, 0x10, 0x2f, 0x90, 0xf, 0xf5, 0xf9,
    0x2f, 0xe8, 0xcf, 0xa8, 0x7, 0xfb, 0xf0, 0x0,
    0xdf, 0xf6, 0x80, 0x7f, 0xd2, 0xc0, 0x11, 0xc3,
    0x88, 0x7, 0xff, 0x43, 0xfe, 0x10, 0xf, 0xcd,
    0xfe, 0x90, 0x7f, 0x9f, 0xf8, 0x40, 0x3f, 0x37,
    0xfa, 0x42, 0x3e, 0x7f, 0xe1, 0x0, 0xfc, 0xdf,
    0xe9, 0xb, 0xf7, 0xff, 0x84, 0x3, 0xf3, 0x7f,
    0xa9, 0xbf, 0xc5, 0xff, 0x8, 0x7, 0xe6, 0xff,
    0xe8, 0xf, 0xf8, 0x40, 0x3f, 0x37, 0xfd, 0x6a,
    0x0, 0xff, 0x84, 0x3, 0xf3, 0x7f, 0xa4, 0x3,
    0x7f, 0xc2, 0x1, 0xf9, 0xbf, 0xd2, 0x1, 0xbf,
    0xe1, 0x0, 0xfc, 0xdf, 0xe9, 0x0, 0xdf, 0xf0,
    0x80, 0x7e, 0x6f, 0xf4, 0x80, 0x6f, 0xf8, 0x40,
    0x3f, 0x37, 0xfa, 0x40, 0x37, 0xfc, 0x20, 0x1f,
    0x9b, 0xfd, 0x20, 0x1b, 0xfe, 0x10, 0xf, 0xcd,
    0xfe, 0x90, 0xd, 0xdf, 0xe2, 0x0, 0xfc, 0xff,
    0xe9, 0x0, 0xdb, 0xfe, 0x30, 0xf, 0xd3, 0xfe,
    0x80, 0xd, 0x7f, 0xe7, 0x0, 0xfd, 0xbf, 0xe5,
    0x0, 0xcf, 0xfe, 0xe0, 0xf, 0x93, 0xfe, 0x10,
    0xc, 0x3f, 0xf6, 0x18, 0x6, 0x6f, 0xfa, 0x80,
    0x3c, 0xdf, 0xfb, 0xb7, 0x5f, 0xfb, 0x84, 0x3,
    0xe6, 0xff, 0xfe, 0xd2, 0x0, 0xfe, 0x17, 0xce,
    0xff, 0x6d, 0x28, 0x7, 0xe0,

    /* U+1EEF "ữ" */
    0x0, 0x97, 0xbe, 0x84, 0x1, 0x9e, 0x1, 0xe2,
    0xff, 0x77, 0xf1, 0x9b, 0xf4, 0x3, 0xd3, 0xe8,
    0x15, 0xff, 0x9c, 0x7, 0xfc, 0x0, 0xbf, 0x0,
    0xa3, 0xbe, 0x40, 0x5, 0xfe, 0x0, 0xff, 0xe0,
    0xaf, 0xe8, 0x7, 0xff, 0x0, 0xf7, 0xe0, 0xbf,
    0xd8, 0x1, 0xe6, 0xff, 0xb4, 0x4b, 0xfd, 0x80,
    0x1e, 0x6f, 0xf8, 0x40, 0xbf, 0xd8, 0x1, 0xe6,
    0xff, 0x38, 0x0, 0xbf, 0xd8, 0x1, 0xe6, 0xff,
    0x38, 0x0, 0xbf, 0xd8, 0x1, 0xe6, 0xff, 0x38,
    0x0, 0xbf, 0xd8, 0x1, 0xe6, 0xff, 0x38, 0x0,
    0xbf, 0xd8, 0x1, 0xe6, 0xff, 0x38, 0x0, 0xbf,
    0xd8, 0x1, 0xe7, 0xff, 0x38, 0x0, 0xbf, 0xd8,
    0x1, 0xe8, 0xff, 0x38, 0x0, 0x7f, 0xdc, 0x1,
    0xeb, 0xff, 0x38, 0x5, 0xff, 0x8, 0x6, 0x1f,
    0xf9, 0xc0, 0x2d, 0xff, 0x50, 0x6, 0xbf, 0xf9,
    0xc0, 0x26, 0xff, 0xb6, 0x6b, 0xbf, 0xf3, 0x80,
    0x6b, 0xff, 0xf6, 0xc7, 0xf9, 0xc0, 0x39, 0xb3,
    0xbf, 0x1c, 0x1b, 0xfc, 0xe0, 0x0,

    /* U+1EF0 "Ự" */
    0xff, 0x84, 0x3, 0xf3, 0x7f, 0xa4, 0x1f, 0xe7,
    0xfe, 0x10, 0xf, 0xcd, 0xfe, 0x90, 0x8f, 0x9f,
    0xf8, 0x40, 0x3f, 0x37, 0xfa, 0x42, 0xfd, 0xff,
    0xe1, 0x0, 0xfc, 0xdf, 0xea, 0x6f, 0xf1, 0x7f,
    0xc2, 0x1, 0xf9, 0xbf, 0xfa, 0x3, 0xfe, 0x10,
    0xf, 0xcd, 0xff, 0x5a, 0x80, 0x3f, 0xe1, 0x0,
    0xfc, 0xdf, 0xe9, 0x0, 0xdf, 0xf0, 0x80, 0x7e,
    0x6f, 0xf4, 0x80, 0x6f, 0xf8, 0x40, 0x3f, 0x37,
    0xfa, 0x40, 0x37, 0xfc, 0x20, 0x1f, 0x9b, 0xfd,
    0x20, 0x1b, 0xfe, 0x10, 0xf, 0xcd, 0xfe, 0x90,
    0xd, 0xff, 0x8, 0x7, 0xe6, 0xff, 0x48, 0x6,
    0xff, 0x84, 0x3, 0xf3, 0x7f, 0xa4, 0x3, 0x77,
    0xf8, 0x80, 0x3f, 0x3f, 0xfa, 0x40, 0x36, 0xff,
    0x8c, 0x3, 0xf4, 0xff, 0xa0, 0x3, 0x5f, 0xf9,
    0xc0, 0x3f, 0x6f, 0xf9, 0x40, 0x33, 0xff, 0xb8,
    0x3, 0xe4, 0xff, 0x84, 0x3, 0xf, 0xfd, 0x86,
    0x1, 0x9b, 0xfe, 0xa0, 0xf, 0x37, 0xfe, 0xed,
    0xd7, 0xfe, 0xe1, 0x0, 0xf9, 0xbf, 0xff, 0xb4,
    0x80, 0x3f, 0x85, 0xf3, 0xbf, 0xdb, 0x4a, 0x1,
    0xff, 0xd6, 0x33, 0x84, 0x3, 0xff, 0x89, 0xbf,
    0xe8, 0x0, 0xff, 0xe2, 0x6f, 0xfa, 0x0, 0x3f,
    0xf8, 0x9b, 0xfe, 0x80, 0xf, 0xf0,

    /* U+1EF1 "ự" */
    0x0, 0xff, 0xe0, 0x8f, 0xf8, 0x3, 0xff, 0x82,
    0x5f, 0xe0, 0xf, 0xfe, 0xa, 0xfe, 0x80, 0x7f,
    0xf0, 0xf, 0x7e, 0xb, 0xfd, 0x80, 0x1e, 0x6f,
    0xfb, 0x44, 0xbf, 0xd8, 0x1, 0xe6, 0xff, 0x84,
    0xb, 0xfd, 0x80, 0x1e, 0x6f, 0xf3, 0x80, 0xb,
    0xfd, 0x80, 0x1e, 0x6f, 0xf3, 0x80, 0xb, 0xfd,
    0x80, 0x1e, 0x6f, 0xf3, 0x80, 0xb, 0xfd, 0x80,
    0x1e, 0x6f, 0xf3, 0x80, 0xb, 0xfd, 0x80, 0x1e,
    0x6f, 0xf3, 0x80, 0xb, 0xfd, 0x80, 0x1e, 0x7f,
    0xf3, 0x80, 0xb, 0xfd, 0x80, 0x1e, 0x8f, 0xf3,
    0x80, 0x7, 0xfd, 0xc0, 0x1e, 0xbf, 0xf3, 0x80,
    0x5f, 0xf0, 0x80, 0x61, 0xff, 0x9c, 0x2, 0xdf,
    0xf5, 0x0, 0x6b, 0xff, 0x9c, 0x2, 0x6f, 0xfb,
    0x66, 0xbb, 0xff, 0x38, 0x6, 0xbf, 0xff, 0x6c,
    0x7f, 0x9c, 0x3, 0x9b, 0x3b, 0xf1, 0xc1, 0xbf,
    0xce, 0x1, 0xff, 0xcb, 0x13, 0x38, 0x3, 0xff,
    0x80, 0xbf, 0xf0, 0x7, 0xff, 0x1, 0x7f, 0xe0,
    0xf, 0xfe, 0x2, 0xff, 0xc0, 0x1f, 0x0,

    /* U+1EF2 "Ỳ" */
    0x0, 0xd1, 0xfe, 0x70, 0xf, 0xfe, 0x1d, 0x7f,
    0x8c, 0x3, 0xff, 0x87, 0x7f, 0xa0, 0x1f, 0xfc,
    0x4c, 0xf9, 0x0, 0xff, 0xe1, 0x8b, 0xb8, 0x3,
    0xff, 0x9c, 0xff, 0xf0, 0x80, 0x7f, 0x5f, 0xfa,
    0xc3, 0x7f, 0xd2, 0x1, 0xf9, 0x3f, 0xe2, 0x4,
    0xff, 0x88, 0x3, 0xed, 0xff, 0x48, 0x5, 0x7f,
    0xea, 0x0, 0xf3, 0x7f, 0xb8, 0x40, 0x22, 0xff,
    0x8c, 0x3, 0xbb, 0xfc, 0xe0, 0x1d, 0x3f, 0xeb,
    0x0, 0xd1, 0xfe, 0xd0, 0xf, 0xf, 0x7f, 0x90,
    0x0, 0x3f, 0xf2, 0x0, 0x7c, 0xdf, 0xed, 0x0,
    0x57, 0xfa, 0xc0, 0x3f, 0xb7, 0xfc, 0xc7, 0xff,
    0x10, 0x7, 0xf2, 0x7f, 0xbb, 0x3f, 0xd2, 0x1,
    0xff, 0x5f, 0xff, 0x8, 0x7, 0xfc, 0x5f, 0xf9,
    0xc0, 0x3f, 0xf8, 0x31, 0xfe, 0xe0, 0xf, 0xfe,
    0x12, 0xff, 0xac, 0x3, 0xff, 0x84, 0xbf, 0xeb,
    0x0, 0xff, 0xe1, 0x2f, 0xfa, 0xc0, 0x3f, 0xf8,
    0x4b, 0xfe, 0xb0, 0xf, 0xfe, 0x12, 0xff, 0xac,
    0x3, 0xff, 0x84, 0xbf, 0xeb, 0x0, 0xff, 0xe1,
    0x2f, 0xfa, 0xc0, 0x3f, 0xf8, 0x4b, 0xfe, 0xb0,
    0xf, 0x80,

    /* U+1EF3 "ỳ" */
    0x0, 0xaf, 0xfc, 0x80, 0x1f, 0xfc, 0x1b, 0xfe,
    0x10, 0xf, 0xfe, 0xe, 0x7d, 0x80, 0x7f, 0xf0,
    0xb3, 0xe0, 0x3, 0xff, 0x84, 0x44, 0x0, 0xff,
    0xe5, 0x9f, 0xfc, 0x1, 0xf2, 0x7f, 0xb8, 0x1,
    0x9f, 0xe6, 0x0, 0xf4, 0xff, 0xa0, 0x0, 0xdf,
    0xec, 0x0, 0xf7, 0xfc, 0x20, 0x17, 0xfc, 0x20,
    0x19, 0x7f, 0xd6, 0x1, 0xa7, 0xfc, 0xe0, 0x1a,
    0xff, 0xc8, 0x1, 0x8b, 0xfd, 0xa0, 0x10, 0xff,
    0xb8, 0x3, 0xd9, 0xfe, 0x30, 0x3, 0xff, 0x9c,
    0x3, 0xcb, 0xfe, 0x90, 0x6, 0xff, 0x84, 0x3,
    0xee, 0xfe, 0x3, 0xff, 0x50, 0x7, 0xe8, 0xff,
    0x24, 0xff, 0x90, 0x3, 0xf1, 0x7f, 0xab, 0xbf,
    0x40, 0x3f, 0xd7, 0xff, 0x9c, 0x3, 0xfc, 0xbf,
    0xf8, 0x40, 0x3f, 0xee, 0xff, 0x50, 0x7, 0xff,
    0x3, 0xbf, 0xc8, 0x1, 0xff, 0x2f, 0xfb, 0x40,
    0x3f, 0xf8, 0x17, 0xfe, 0x70, 0xf, 0xf8, 0xbf,
    0xe1, 0x0, 0xff, 0xa3, 0xfd, 0x40, 0x1f, 0xfc,
    0xe, 0xff, 0x18, 0x7, 0xfc, 0xbf, 0xed, 0x0,
    0xfe,

    /* U+1EF4 "Ỵ" */
    0x7f, 0xf8, 0x40, 0x3f, 0xaf, 0xfd, 0x61, 0xbf,
    0xe9, 0x0, 0xfc, 0x9f, 0xf1, 0x2, 0x7f, 0xc4,
    0x1, 0xf6, 0xff, 0xa4, 0x2, 0xbf, 0xf5, 0x0,
    0x79, 0xbf, 0xdc, 0x20, 0x11, 0x7f, 0xc6, 0x1,
    0xdd, 0xfe, 0x70, 0xe, 0x9f, 0xf5, 0x80, 0x68,
    0xff, 0x68, 0x7, 0x87, 0xbf, 0xc8, 0x0, 0x1f,
    0xf9, 0x0, 0x3e, 0x6f, 0xf6, 0x80, 0x2b, 0xfd,
    0x60, 0x1f, 0xdb, 0xfe, 0x63, 0xff, 0x88, 0x3,
    0xf9, 0x3f, 0xdd, 0x9f, 0xe9, 0x0, 0xff, 0xaf,
    0xff, 0x84, 0x3, 0xfe, 0x2f, 0xfc, 0xe0, 0x1f,
    0xfc, 0x18, 0xff, 0x70, 0x7, 0xff, 0x9, 0x7f,
    0xd6, 0x1, 0xff, 0xc2, 0x5f, 0xf5, 0x80, 0x7f,
    0xf0, 0x97, 0xfd, 0x60, 0x1f, 0xfc, 0x25, 0xff,
    0x58, 0x7, 0xff, 0x9, 0x7f, 0xd6, 0x1, 0xff,
    0xc2, 0x5f, 0xf5, 0x80, 0x7f, 0xf0, 0x97, 0xfd,
    0x60, 0x1f, 0xfc, 0x25, 0xff, 0x58, 0x7, 0xff,
    0x9a, 0x3f, 0xda, 0x1, 0xff, 0xc2, 0x8f, 0xf6,
    0x80, 0x7f, 0xf0, 0xa3, 0xfd, 0xa0, 0x1f, 0xfc,
    0x21, 0x33, 0x80, 0x3e,

    /* U+1EF5 "ỵ" */
    0x3f, 0xf8, 0x3, 0xe4, 0xff, 0x70, 0x3, 0x3f,
    0xcc, 0x1, 0xe9, 0xff, 0x40, 0x1, 0xbf, 0xd6,
    0x1, 0xef, 0xf8, 0x40, 0x2f, 0xf8, 0x40, 0x32,
    0xff, 0xac, 0x3, 0x4f, 0xf9, 0xc0, 0x35, 0xff,
    0x90, 0x3, 0x17, 0xfb, 0x40, 0x21, 0xff, 0x70,
    0x7, 0xb3, 0xfc, 0x60, 0x7, 0xff, 0x38, 0x7,
    0x97, 0xfd, 0x20, 0xd, 0xff, 0x8, 0x7, 0xdd,
    0xfc, 0x7, 0xfe, 0xa0, 0xf, 0xd1, 0xfe, 0x49,
    0xff, 0x20, 0x7, 0xe2, 0xff, 0x57, 0x7e, 0x80,
    0x7f, 0xaf, 0xff, 0x38, 0x7, 0xf9, 0x7f, 0xf0,
    0x80, 0x7f, 0xdd, 0xfe, 0xa0, 0xf, 0xfe, 0x7,
    0x7f, 0x90, 0x3, 0xfe, 0x4f, 0xf6, 0x80, 0x7f,
    0xf0, 0x2f, 0xfc, 0xe0, 0x1f, 0xf1, 0x7f, 0xc2,
    0x0, 0x33, 0x80, 0x3d, 0x1f, 0xea, 0x0, 0xbf,
    0xe5, 0x0, 0xee, 0xff, 0x18, 0x5, 0xff, 0x28,
    0x6, 0x5f, 0xf6, 0x80, 0x6f, 0xf9, 0x40,

    /* U+1EF6 "Ỷ" */
    0x0, 0xfa, 0xbb, 0x60, 0x40, 0x3f, 0xf8, 0x2f,
    0x7d, 0xfc, 0x40, 0x1f, 0xfc, 0x3c, 0xf7, 0x0,
    0xff, 0xe1, 0x16, 0xfa, 0x0, 0x7f, 0xf0, 0x67,
    0xf5, 0x40, 0x3f, 0xf8, 0x42, 0x1, 0xfc, 0xff,
    0xf0, 0x80, 0x7f, 0x5f, 0xfa, 0xc3, 0x7f, 0xd2,
    0x1, 0xf9, 0x3f, 0xe2, 0x4, 0xff, 0x88, 0x3,
    0xed, 0xff, 0x48, 0x5, 0x7f, 0xea, 0x0, 0xf3,
    0x7f, 0xb8, 0x40, 0x22, 0xff, 0x8c, 0x3, 0xbb,
    0xfc, 0xe0, 0x1d, 0x3f, 0xeb, 0x0, 0xd1, 0xfe,
    0xd0, 0xf, 0xf, 0x7f, 0x90, 0x0, 0x3f, 0xf2,
    0x0, 0x7c, 0xdf, 0xed, 0x0, 0x57, 0xfa, 0xc0,
    0x3f, 0xb7, 0xfc, 0xc7, 0xff, 0x10, 0x7, 0xf2,
    0x7f, 0xbb, 0x3f, 0xd2, 0x1, 0xff, 0x5f, 0xff,
    0x8, 0x7, 0xfc, 0x5f, 0xf9, 0xc0, 0x3f, 0xf8,
    0x31, 0xfe, 0xe0, 0xf, 0xfe, 0x12, 0xff, 0xac,
    0x3, 0xff, 0x84, 0xbf, 0xeb, 0x0, 0xff, 0xe1,
    0x2f, 0xfa, 0xc0, 0x3f, 0xf8, 0x4b, 0xfe, 0xb0,
    0xf, 0xfe, 0x12, 0xff, 0xac, 0x3, 0xff, 0x84,
    0xbf, 0xeb, 0x0, 0xff, 0xe1, 0x2f, 0xfa, 0xc0,
    0x3f, 0xf8, 0x4b, 0xfe, 0xb0, 0xf, 0x80,

    /* U+1EF7 "ỷ" */
    0x0, 0xf7, 0xf6, 0x30, 0x7, 0xff, 0x2, 0xb3,
    0xfd, 0x80, 0x1f, 0xfc, 0x11, 0xff, 0x10, 0x7,
    0xff, 0x1, 0x3f, 0x80, 0x3f, 0xf8, 0x1d, 0xf6,
    0x60, 0x1f, 0xfc, 0x1, 0x0, 0xfc, 0x7f, 0xf0,
    0x7, 0xc9, 0xfe, 0xe0, 0x6, 0x7f, 0x98, 0x3,
    0xd3, 0xfe, 0x80, 0x3, 0x7f, 0xb0, 0x3, 0xdf,
    0xf0, 0x80, 0x5f, 0xf0, 0x80, 0x65, 0xff, 0x58,
    0x6, 0x9f, 0xf3, 0x80, 0x6b, 0xff, 0x20, 0x6,
    0x2f, 0xf6, 0x80, 0x43, 0xfe, 0xe0, 0xf, 0x67,
    0xf8, 0xc0, 0xf, 0xfe, 0x70, 0xf, 0x2f, 0xfa,
    0x40, 0x1b, 0xfe, 0x10, 0xf, 0xbb, 0xf8, 0xf,
    0xfd, 0x40, 0x1f, 0xa3, 0xfc, 0x93, 0xfe, 0x40,
    0xf, 0xc5, 0xfe, 0xae, 0xfd, 0x0, 0xff, 0x5f,
    0xfe, 0x70, 0xf, 0xf2, 0xff, 0xe1, 0x0, 0xff,
    0xbb, 0xfd, 0x40, 0x1f, 0xfc, 0xe, 0xff, 0x20,
    0x7, 0xfc, 0xbf, 0xed, 0x0, 0xff, 0xe0, 0x5f,
    0xf9, 0xc0, 0x3f, 0xe2, 0xff, 0x84, 0x3, 0xfe,
    0x8f, 0xf5, 0x0, 0x7f, 0xf0, 0x3b, 0xfc, 0x60,
    0x1f, 0xf2, 0xff, 0xb4, 0x3, 0xf8,

    /* U+1EF8 "Ỹ" */
    0x0, 0xe6, 0xee, 0x48, 0x5, 0x9e, 0x1, 0xf8,
    0xbf, 0xb3, 0xec, 0x1, 0xfa, 0x1, 0xfa, 0x7c,
    0xc2, 0x7f, 0x73, 0xdc, 0x3, 0xf5, 0xf8, 0x5,
    0x1d, 0xf2, 0x1, 0xff, 0xcb, 0x7f, 0xf8, 0x40,
    0x3f, 0xaf, 0xfd, 0x61, 0xbf, 0xe9, 0x0, 0xfc,
    0x9f, 0xf1, 0x2, 0x7f, 0xc4, 0x1, 0xf6, 0xff,
    0xa4, 0x2, 0xbf, 0xf5, 0x0, 0x79, 0xbf, 0xdc,
    0x20, 0x11, 0x7f, 0xc6, 0x1, 0xdd, 0xfe, 0x70,
    0xe, 0x9f, 0xf5, 0x80, 0x68, 0xff, 0x68, 0x7,
    0x87, 0xbf, 0xc8, 0x0, 0x1f, 0xf9, 0x0, 0x3e,
    0x6f, 0xf6, 0x80, 0x2b, 0xfd, 0x60, 0x1f, 0xdb,
    0xfe, 0x63, 0xff, 0x88, 0x3, 0xf9, 0x3f, 0xdd,
    0x9f, 0xe9, 0x0, 0xff, 0xaf, 0xff, 0x84, 0x3,
    0xfe, 0x2f, 0xfc, 0xe0, 0x1f, 0xfc, 0x18, 0xff,
    0x70, 0x7, 0xff, 0x9, 0x7f, 0xd6, 0x1, 0xff,
    0xc2, 0x5f, 0xf5, 0x80, 0x7f, 0xf0, 0x97, 0xfd,
    0x60, 0x1f, 0xfc, 0x25, 0xff, 0x58, 0x7, 0xff,
    0x9, 0x7f, 0xd6, 0x1, 0xff, 0xc2, 0x5f, 0xf5,
    0x80, 0x7f, 0xf0, 0x97, 0xfd, 0x60, 0x1f, 0xfc,
    0x25, 0xff, 0x58, 0x7, 0xc0,

    /* U+1EF9 "ỹ" */
    0x0, 0xd1, 0xdc, 0x70, 0x0, 0xfd, 0x80, 0x79,
    0xbf, 0xf5, 0x2, 0xfc, 0x80, 0x7b, 0x7c, 0x45,
    0xbf, 0xdf, 0xe3, 0x0, 0xf7, 0xd8, 0x0, 0x6f,
    0xf9, 0x80, 0x3f, 0xfb, 0x7, 0xff, 0x0, 0x7c,
    0x9f, 0xee, 0x0, 0x67, 0xf9, 0x80, 0x3d, 0x3f,
    0xe8, 0x0, 0x37, 0xfb, 0x0, 0x3d, 0xff, 0x8,
    0x5, 0xff, 0x8, 0x6, 0x5f, 0xf5, 0x80, 0x69,
    0xff, 0x38, 0x6, 0xbf, 0xf2, 0x0, 0x62, 0xff,
    0x68, 0x4, 0x3f, 0xee, 0x0, 0xf6, 0x7f, 0x8c,
    0x0, 0xff, 0xe7, 0x0, 0xf2, 0xff, 0xa4, 0x1,
    0xbf, 0xe1, 0x0, 0xfb, 0xbf, 0x80, 0xff, 0xd4,
    0x1, 0xfa, 0x3f, 0xc9, 0x3f, 0xe4, 0x0, 0xfc,
    0x5f, 0xea, 0xef, 0xd0, 0xf, 0xf5, 0xff, 0xe7,
    0x0, 0xff, 0x2f, 0xfe, 0x10, 0xf, 0xfb, 0xbf,
    0xd4, 0x1, 0xff, 0xc0, 0xef, 0xf2, 0x0, 0x7f,
    0xcb, 0xfe, 0xd0, 0xf, 0xfe, 0x5, 0xff, 0x9c,
    0x3, 0xfe, 0x2f, 0xf8, 0x40, 0x3f, 0xe8, 0xff,
    0x50, 0x7, 0xff, 0x3, 0xbf, 0xc6, 0x1, 0xff,
    0x2f, 0xfb, 0x40, 0x3f, 0x80,

    /* U+2013 "–" */
    0x2, 0x2f, 0xf9, 0x3f, 0xff, 0xd8, 0x9f, 0xff,
    0xec,

    /* U+2014 "—" */
    0x2, 0x2f, 0xfe, 0x90, 0x27, 0xff, 0xff, 0x48,
    0x13, 0xff, 0xff, 0xa4, 0x0,

    /* U+2015 "―" */
    0x22, 0xff, 0xe3, 0xd, 0xff, 0xff, 0xf1, 0x6a,
    0xff, 0xff, 0xf8, 0xb4,

    /* U+2018 "‘" */
    0x0, 0xcb, 0xf4, 0x1, 0xb7, 0xd8, 0x2, 0x4f,
    0xf0, 0x80, 0x59, 0xf8, 0x1, 0x1f, 0xfa, 0x0,
    0x2a, 0xff, 0x18, 0x0, 0xbf, 0xdc, 0x1, 0x4f,
    0xfa, 0x80, 0x27, 0x88, 0x18, 0x0,

    /* U+2019 "’" */
    0x0, 0x4f, 0xfa, 0xc0, 0x1b, 0xfe, 0x40, 0x2f,
    0xf6, 0x80, 0x1f, 0xfc, 0xa0, 0xb, 0xfe, 0x0,
    0xbf, 0xce, 0x0, 0x5f, 0xf0, 0x5, 0x3f, 0x0,
    0x13, 0x40, 0x80, 0x40,

    /* U+201A "‚" */
    0x0, 0xc, 0x44, 0x20, 0x6, 0xff, 0x60, 0x5,
    0x7f, 0xe5, 0x0, 0xbf, 0xdc, 0x1, 0x27, 0xf9,
    0xc0, 0x28, 0xfe, 0x0, 0xdb, 0xf0, 0x1, 0x17,
    0xf8, 0x40, 0x26, 0xf9, 0x0, 0xc0,

    /* U+201C "“" */
    0x0, 0xcd, 0xf4, 0x1, 0x7f, 0x84, 0x3, 0x6f,
    0xa8, 0x1, 0xff, 0x0, 0x32, 0xff, 0x84, 0x1,
    0xde, 0xe0, 0x1b, 0x3f, 0x0, 0xb, 0xfe, 0x30,
    0x8, 0xff, 0xce, 0x0, 0xcf, 0xe0, 0xd, 0x7f,
    0xe3, 0x4, 0xff, 0x50, 0x4, 0x5f, 0xee, 0x0,
    0x5f, 0xf9, 0x40, 0x29, 0xff, 0x48, 0x17, 0xfc,
    0x20, 0x13, 0x3b, 0x88, 0xd, 0xdc, 0xc0, 0x10,

    /* U+201D "”" */
    0x0, 0x4f, 0xfa, 0xc0, 0x7f, 0xe2, 0x0, 0x6f,
    0xf9, 0x1, 0xbf, 0xd6, 0x0, 0x2f, 0xf6, 0x0,
    0x2f, 0xfc, 0x60, 0x7, 0xff, 0x28, 0x3, 0xfd,
    0x80, 0x16, 0x7e, 0x80, 0x13, 0xfc, 0xa0, 0x17,
    0xf9, 0x80, 0x13, 0xfa, 0x1, 0x2f, 0xf0, 0x5,
    0xde, 0xc0, 0x15, 0x7c, 0x0, 0xb, 0xf8, 0x3,
    0x2b, 0x8, 0x0, 0x99, 0x0, 0x30,

    /* U+201E "„" */
    0x0, 0xb, 0xb9, 0x80, 0x8, 0xee, 0x50, 0x3,
    0xff, 0xb0, 0x1, 0xbf, 0xe6, 0x0, 0x67, 0xf9,
    0x0, 0x7f, 0xdc, 0x0, 0x1f, 0xf6, 0x80, 0x1b,
    0xfd, 0x0, 0x5, 0xff, 0x30, 0x2, 0xbf, 0xc2,
    0x0, 0xaf, 0xe0, 0xb, 0xfd, 0x20, 0x17, 0x7b,
    0x80, 0x13, 0xfc, 0x40, 0x3, 0xff, 0x0, 0x51,
    0xf6, 0x1, 0x3f, 0xc0, 0x5, 0xbe, 0x60, 0x10,

    /* U+2020 "†" */
    0x0, 0xcb, 0xfc, 0x1, 0xf9, 0x7f, 0x80, 0x3f,
    0x2f, 0xf0, 0x7, 0xe5, 0xfe, 0x0, 0xfc, 0xbf,
    0xc0, 0x1f, 0x97, 0xf8, 0x3, 0xbf, 0xff, 0xa8,
    0x3f, 0xff, 0xa8, 0x8, 0xa6, 0xfe, 0x22, 0x84,
    0x3, 0x2f, 0xf0, 0x7, 0xe5, 0xfe, 0x0, 0xfc,
    0xbf, 0xc0, 0x1f, 0x97, 0xf8, 0x3, 0xf2, 0xff,
    0x0, 0x7e, 0x5f, 0xe0, 0xf, 0xcb, 0xfc, 0x1,
    0xf9, 0x7f, 0x80, 0x3f, 0x2f, 0xf0, 0x7, 0xe5,
    0xfe, 0x0, 0xfc, 0xbf, 0xc0, 0x1f, 0x97, 0xf8,
    0x3, 0xf2, 0xff, 0x0, 0x7e, 0x5f, 0xe0, 0xf,
    0xc9, 0xb8, 0x1, 0x80,

    /* U+2021 "‡" */
    0x0, 0x87, 0xfc, 0x20, 0x1e, 0x1f, 0xf0, 0x80,
    0x78, 0x7f, 0xc2, 0x1, 0xe1, 0xff, 0x8, 0x7,
    0x87, 0xfc, 0x20, 0x1e, 0x1f, 0xf0, 0x80, 0x59,
    0xff, 0xfb, 0x31, 0xff, 0xfb, 0x8, 0xa3, 0xff,
    0x21, 0x14, 0x1, 0xf, 0xf8, 0x40, 0x3c, 0x3f,
    0xe1, 0x0, 0xf0, 0xff, 0x84, 0x3, 0xc3, 0xfe,
    0x10, 0xf, 0xf, 0xf8, 0x40, 0x3c, 0x3f, 0xe1,
    0x0, 0x88, 0xcc, 0x9f, 0xe4, 0x33, 0x16, 0x7f,
    0xfe, 0xcc, 0x7f, 0xfe, 0xc0, 0x8, 0x7f, 0xc2,
    0x1, 0xe1, 0xff, 0x8, 0x7, 0x87, 0xfc, 0x20,
    0x1e, 0x1f, 0xf0, 0x80, 0x78, 0x7f, 0xc2, 0x1,
    0xe1, 0xdd, 0x8, 0x4,

    /* U+2022 "•" */
    0xe, 0xef, 0x68, 0x7f, 0xfb, 0x83, 0xff, 0xdc,
    0x1f, 0xfe, 0xe0, 0xff, 0xf7, 0x7, 0xff, 0xb8,
    0x3f, 0xfd, 0xc0,

    /* U+2023 "‣" */
    0x91, 0x0, 0xfd, 0xfe, 0x70, 0xf, 0xbf, 0xed,
    0x50, 0xe, 0xff, 0xeb, 0x20, 0xb, 0xff, 0xe9,
    0x10, 0xff, 0xfd, 0x1, 0xff, 0xec, 0x30, 0x7,
    0xfe, 0xe5, 0x0, 0xdf, 0xf3, 0x80, 0x7b, 0xe8,
    0x40, 0x3e, 0x30, 0xf, 0xe0,

    /* U+2025 "‥" */
    0x9, 0x98, 0x80, 0x13, 0x31, 0x87, 0xfc, 0x80,
    0xf, 0xf9, 0x83, 0xfe, 0x40, 0x7, 0xfc, 0xc1,
    0xff, 0x20, 0x3, 0xfe, 0x60,

    /* U+2026 "…" */
    0x9, 0x98, 0x2, 0x39, 0x93, 0x0, 0x4f, 0x32,
    0x30, 0xff, 0x80, 0x26, 0xff, 0x50, 0x5, 0x7f,
    0xe5, 0xf, 0xf8, 0x2, 0x6f, 0xf5, 0x0, 0x57,
    0xfe, 0x50, 0xff, 0x80, 0x26, 0xff, 0x50, 0x5,
    0x7f, 0xe5,

    /* U+2030 "‰" */
    0x0, 0x36, 0xfe, 0xb8, 0x7, 0xcf, 0xf4, 0x1,
    0xff, 0xc1, 0x8f, 0xfe, 0x90, 0xe, 0x1f, 0xf0,
    0x80, 0x7f, 0xf0, 0xb, 0xfc, 0xa0, 0x9f, 0xe3,
    0x0, 0xd3, 0xee, 0x1, 0xff, 0xc1, 0x7f, 0xa0,
    0xa, 0x3e, 0x0, 0x23, 0xfd, 0x0, 0xff, 0xe1,
    0x47, 0xb8, 0x4, 0xbf, 0x40, 0x16, 0x7a, 0x0,
    0x7f, 0xf0, 0x9f, 0xe8, 0x2, 0x8f, 0x90, 0x3,
    0x7d, 0x80, 0x7f, 0xf0, 0xcb, 0xfc, 0xa0, 0x7d,
    0xe8, 0x0, 0xef, 0x20, 0xf, 0xfe, 0x24, 0x7f,
    0xf5, 0x0, 0x23, 0xe0, 0x3, 0xff, 0x8c, 0xdb,
    0xfd, 0x0, 0x2, 0xfe, 0x0, 0xff, 0xe7, 0x5f,
    0xb0, 0x7, 0xff, 0x35, 0x3f, 0x0, 0x3f, 0xf9,
    0xdb, 0xe6, 0x5, 0x7f, 0xd2, 0x20, 0x19, 0xf7,
    0xf1, 0x0, 0x3f, 0x9f, 0xe8, 0xb, 0xbf, 0xf6,
    0x80, 0x51, 0xff, 0xca, 0x1, 0xf0, 0xff, 0x84,
    0x2b, 0xe8, 0x4b, 0x3e, 0x0, 0xbf, 0xc8, 0xf,
    0xfc, 0x1, 0xf5, 0x7b, 0x80, 0x3f, 0xc2, 0x0,
    0x3f, 0xd0, 0x8f, 0x80, 0xa, 0xfd, 0x40, 0x38,
    0xff, 0x40, 0x5, 0xfc, 0x1, 0xbf, 0xc1, 0x5e,
    0xa0, 0x14, 0x7b, 0x80, 0x76, 0x7a, 0x0, 0xb,
    0xf8, 0x3, 0x7f, 0x82, 0xbd, 0x40, 0x28, 0xf7,
    0x0, 0xcd, 0xf6, 0x1, 0xbf, 0xc2, 0x0, 0x3f,
    0xd0, 0x8f, 0x90, 0xb, 0x3d, 0x40, 0x37, 0x79,
    0x0, 0x6a, 0xfb, 0x12, 0xcf, 0x80, 0x2f, 0xf2,
    0x3, 0xff, 0x80, 0x34, 0xfc, 0x0, 0x71, 0x77,
    0xfe, 0xd0, 0xa, 0x3f, 0xf9, 0x80, 0x22, 0xfe,
    0x0, 0xf8, 0xab, 0xb9, 0x42, 0x1, 0x9b, 0x7f,
    0x54, 0x0,

    /* U+2031 "‱" */
    0x0, 0x36, 0xfe, 0xb8, 0x7, 0xcf, 0xf4, 0x1,
    0xff, 0xcb, 0x8f, 0xfe, 0x90, 0xe, 0x1f, 0xf0,
    0x80, 0x7f, 0xf2, 0x8b, 0xfc, 0xa0, 0x9f, 0xe3,
    0x0, 0xd3, 0xee, 0x1, 0xff, 0xcb, 0x7f, 0xa0,
    0xa, 0x3e, 0x0, 0x23, 0xfd, 0x0, 0xff, 0xe6,
    0x47, 0xb8, 0x4, 0xbf, 0x40, 0x16, 0x7a, 0x0,
    0x7f, 0xf3, 0x1f, 0xe8, 0x2, 0x8f, 0x90, 0x3,
    0x7d, 0x80, 0x7f, 0xf3, 0x4b, 0xfc, 0xa0, 0x7d,
    0xe8, 0x0, 0xef, 0x20, 0xf, 0xfe, 0x74, 0x7f,
    0xf5, 0x0, 0x23, 0xe0, 0x3, 0xff, 0xa0, 0xdb,
    0xfd, 0x0, 0x2, 0xfe, 0x0, 0xff, 0xec, 0x5f,
    0xb0, 0x7, 0xff, 0x5d, 0x3f, 0x0, 0x3f, 0xfb,
    0x1b, 0xe6, 0x5, 0x7f, 0xd2, 0x20, 0x19, 0xf7,
    0xf1, 0x0, 0x31, 0x5f, 0xf4, 0x80, 0x7f, 0x9f,
    0xe8, 0xb, 0xbf, 0xf6, 0x80, 0x51, 0xff, 0xca,
    0x0, 0x2e, 0xff, 0xd8, 0x1, 0xf8, 0x7f, 0xc2,
    0x15, 0xf4, 0x25, 0x9f, 0x0, 0x5f, 0xe4, 0x7,
    0xfe, 0x0, 0x5f, 0xd0, 0x96, 0xfb, 0x80, 0x7d,
    0x5e, 0xe0, 0xf, 0xf0, 0x80, 0xf, 0xf4, 0x23,
    0xe0, 0x2, 0xbf, 0x50, 0xff, 0x0, 0x49, 0xfa,
    0x1, 0xe3, 0xfd, 0x0, 0x17, 0xf0, 0x6, 0xff,
    0x5, 0x7a, 0x80, 0x51, 0xee, 0x5f, 0xa0, 0x1b,
    0xfc, 0x1, 0xec, 0xf4, 0x0, 0x17, 0xf0, 0x6,
    0xff, 0x5, 0x7a, 0x80, 0x51, 0xee, 0x5f, 0xa0,
    0x1b, 0xfc, 0x1, 0xcd, 0xf6, 0x1, 0xbf, 0xc2,
    0x0, 0x3f, 0xd0, 0x8f, 0x90, 0xb, 0x3d, 0x43,
    0xfc, 0x20, 0x4, 0xfd, 0x0, 0xee, 0xf2, 0x0,
    0xd5, 0xf6, 0x25, 0x9f, 0x0, 0x5f, 0xe4, 0x7,
    0xff, 0x0, 0x2b, 0xec, 0x4b, 0x7d, 0xc0, 0x34,
    0xfc, 0x0, 0x71, 0x77, 0xfe, 0xd0, 0xa, 0x3f,
    0xf9, 0x80, 0x5, 0xdf, 0xfb, 0x0, 0x31, 0x7f,
    0x0, 0x7c, 0x55, 0xdc, 0xa1, 0x0, 0xcd, 0xbf,
    0xaa, 0x1, 0x8a, 0xfb, 0x92, 0x20, 0x0,

    /* U+2039 "‹" */
    0x0, 0xf8, 0x40, 0x38, 0xb4, 0x80, 0x31, 0xf7,
    0x90, 0x4, 0xdf, 0xf0, 0x80, 0x23, 0xfd, 0xa6,
    0x0, 0xbf, 0xf5, 0x88, 0x2, 0x7f, 0xda, 0x1,
    0xd3, 0xfe, 0xc2, 0x0, 0xcf, 0xfe, 0xe4, 0x0,
    0xcb, 0xff, 0x10, 0x6, 0x3e, 0xf2, 0x0, 0xe1,
    0xc2, 0x0, 0xfc,

    /* U+203A "›" */
    0x10, 0xf, 0x9e, 0x80, 0x3c, 0xff, 0x82, 0x1,
    0x9b, 0xfd, 0xc6, 0x1, 0x9b, 0xfe, 0x50, 0xc,
    0x7b, 0xfe, 0x80, 0xc, 0x7f, 0xf2, 0x80, 0x13,
    0xbf, 0xcc, 0x0, 0x7f, 0xf7, 0x20, 0x1, 0xbf,
    0xda, 0x40, 0x13, 0xfd, 0x88, 0x6, 0x79, 0x0,
    0xf0, 0x80, 0x7c,

    /* U+2044 "⁄" */
    0x0, 0xff, 0xe0, 0x27, 0xe8, 0x7, 0xff, 0x7,
    0x7c, 0xc0, 0x3f, 0xf8, 0xf, 0xf4, 0x1, 0xff,
    0xc0, 0x1f, 0xf0, 0x80, 0x7f, 0xf0, 0x27, 0xdc,
    0x3, 0xff, 0x80, 0x7f, 0xa0, 0x1f, 0xfc, 0x1c,
    0xf5, 0x0, 0xff, 0xe0, 0x2f, 0xd8, 0x7, 0xff,
    0x7, 0xbc, 0x80, 0x3f, 0xf8, 0x11, 0xf2, 0x1,
    0xff, 0xc0, 0x2f, 0xe1, 0x0, 0xff, 0xe0, 0x5f,
    0xb0, 0x7, 0xff, 0x1, 0x3f, 0x0, 0x3f, 0xf8,
    0x3b, 0xe6, 0x1, 0xff, 0xc0, 0x7f, 0xa0, 0xf,
    0xfe, 0x0, 0xff, 0x84, 0x3, 0xff, 0x81, 0x3e,
    0xe0, 0x1f, 0xfc, 0x3, 0xfd, 0x0, 0xff, 0xe0,
    0xe7, 0xa0, 0x7, 0xff, 0x1, 0xbe, 0xc0, 0x3f,
    0xf8, 0x3d, 0xe4, 0x1, 0xff, 0xc0,

    /* U+2074 "⁴" */
    0x0, 0xe5, 0xfe, 0x0, 0xf1, 0xff, 0xb8, 0x3,
    0x87, 0x73, 0xf8, 0x3, 0xaf, 0x87, 0xb8, 0x1,
    0x9f, 0xd0, 0x3b, 0x80, 0x12, 0x7b, 0x80, 0x3b,
    0x80, 0x2, 0xeb, 0x0, 0xbb, 0x80, 0xa, 0xfb,
    0xaa, 0xbf, 0xd5, 0x17, 0xff, 0xfb, 0x80, 0x3d,
    0xdc, 0x0, 0xfd, 0xdc, 0x0, 0xfd, 0xdc, 0x0,
    0x0,

    /* U+20AB "₫" */
    0x0, 0xfe, 0x28, 0x81, 0x0, 0x7f, 0xc9, 0xfe,
    0x40, 0xf, 0xd1, 0xff, 0xf0, 0x80, 0x79, 0x22,
    0x1b, 0xfe, 0xd8, 0x0, 0xff, 0x27, 0xf9, 0x0,
    0x39, 0x2f, 0xbf, 0x19, 0x3f, 0xc8, 0x1, 0xa3,
    0xff, 0xdb, 0xfe, 0x40, 0x9, 0x7f, 0xe8, 0x57,
    0xef, 0xf9, 0x0, 0x2d, 0xff, 0x10, 0x4, 0x3f,
    0xf2, 0x0, 0xb, 0xfd, 0x0, 0x1c, 0xdf, 0xe4,
    0x0, 0x2f, 0xf9, 0x0, 0x38, 0xbf, 0xc8, 0x0,
    0x6f, 0xf1, 0x80, 0x70, 0xff, 0x90, 0x0, 0x9f,
    0xe4, 0x0, 0xe2, 0xff, 0x20, 0x0, 0xbf, 0xd0,
    0x1, 0xcf, 0xfe, 0x40, 0xb, 0x7f, 0xc6, 0x1,
    0xf, 0xfc, 0x80, 0x12, 0x7f, 0xd0, 0xaf, 0xdf,
    0xf2, 0x0, 0x68, 0xff, 0xf2, 0x7f, 0x90, 0x3,
    0x92, 0xfb, 0xf1, 0x3, 0xfc, 0x80, 0x1f, 0xfd,
    0x42, 0xbb, 0xff, 0xe0, 0x81, 0xff, 0xff, 0xf0,
    0x44,

    /* U+20AC "€" */
    0x0, 0xf1, 0x46, 0x7f, 0xbb, 0x24, 0xc0, 0x3e,
    0x7f, 0xff, 0xea, 0x0, 0xe8, 0xff, 0xdb, 0x9b,
    0xff, 0x60, 0x6, 0x5f, 0xfa, 0x44, 0x2, 0x17,
    0xe2, 0x0, 0xdd, 0xfe, 0x80, 0xf, 0xfe, 0x3,
    0xff, 0xb4, 0x3, 0xff, 0x83, 0x9f, 0xe5, 0x0,
    0xff, 0xb3, 0xff, 0xfe, 0xa0, 0xd, 0x7f, 0xff,
    0xf5, 0x0, 0x72, 0x7f, 0xb0, 0x3, 0xff, 0x82,
    0x9f, 0xeb, 0x0, 0xff, 0xe0, 0x67, 0xff, 0xfd,
    0x40, 0x1b, 0x7f, 0xff, 0xe9, 0x0, 0xf7, 0xfc,
    0x20, 0x1f, 0xfc, 0x1b, 0xff, 0x28, 0x7, 0xff,
    0x5, 0xbf, 0xda, 0x1, 0xff, 0xc2, 0xff, 0xa0,
    0x3, 0xe3, 0x0, 0xe6, 0xff, 0xa0, 0x40, 0x22,
    0x9f, 0x50, 0xe, 0xaf, 0xfd, 0x98, 0xdf, 0xfb,
    0x84, 0x3, 0xa3, 0xff, 0xfa, 0x40, 0x3e, 0x29,
    0xdf, 0xf7, 0x64, 0x10, 0x0,

    /* U+20B1 "₱" */
    0x0, 0x6f, 0xff, 0xb6, 0xd8, 0x3, 0xed, 0xff,
    0xfe, 0xd2, 0x0, 0xed, 0xff, 0x6e, 0xdd, 0xff,
    0xb4, 0x3, 0xb7, 0xfc, 0x60, 0x19, 0xbf, 0xe6,
    0x0, 0xdb, 0xfe, 0x30, 0xe, 0x8f, 0xf5, 0x80,
    0x2b, 0xff, 0x18, 0x7, 0x1f, 0xfe, 0x8a, 0xff,
    0xc6, 0x1, 0xc7, 0xff, 0xa0, 0x8f, 0xfe, 0x30,
    0xe, 0x7f, 0xf7, 0x18, 0x80, 0x37, 0xfc, 0x60,
    0x19, 0xbf, 0xe5, 0x0, 0xdb, 0xfe, 0xdd, 0xdf,
    0xfb, 0x0, 0x3b, 0x7f, 0xff, 0xac, 0x40, 0x3b,
    0x7f, 0xfd, 0xb4, 0x80, 0x1f, 0x6f, 0xf8, 0xc0,
    0x3f, 0xf8, 0x3b, 0xfe, 0x30, 0xf, 0xfe, 0xe,
    0xff, 0x8c, 0x3, 0xff, 0x83, 0xbf, 0xe3, 0x0,
    0xff, 0xe0, 0xef, 0xf8, 0xc0, 0x3f, 0xf8, 0x3b,
    0xfe, 0x30, 0xf, 0xfe, 0xe, 0xff, 0x8c, 0x3,
    0xff, 0x83, 0xbf, 0xe3, 0x0, 0xff, 0xe0, 0xef,
    0xf8, 0xc0, 0x3f, 0xe0,

    /* U+20B3 "₳" */
    0x0, 0xfb, 0xbf, 0x0, 0x3f, 0xf8, 0x27, 0xff,
    0x8, 0x7, 0xff, 0x2, 0x3f, 0xe6, 0x0, 0xff,
    0xe0, 0x6f, 0xfd, 0x60, 0x1f, 0xf1, 0xff, 0xbb,
    0xfc, 0x20, 0x1f, 0xe8, 0xff, 0x37, 0xf9, 0x40,
    0x3f, 0xdb, 0xfa, 0x1f, 0xeb, 0x0, 0xfe, 0x2f,
    0xf4, 0x85, 0xff, 0x80, 0x3f, 0x9f, 0xfc, 0x80,
    0xff, 0xe5, 0x0, 0xfd, 0xbf, 0xe0, 0x1, 0x7f,
    0xa8, 0x3, 0x77, 0xff, 0xff, 0xe, 0xbb, 0xff,
    0xff, 0x87, 0x60, 0x16, 0x7f, 0x88, 0x2, 0x5f,
    0xf5, 0x0, 0x70, 0xff, 0xb8, 0x3, 0xf, 0xfb,
    0x80, 0x39, 0xff, 0xd4, 0x1, 0xd9, 0xfe, 0x40,
    0x7, 0x7f, 0xff, 0xf0, 0xef, 0xbf, 0xff, 0xf8,
    0x74, 0xd, 0xfe, 0xc0, 0xf, 0xbf, 0xe3, 0x0,
    0x5f, 0xfa, 0x0, 0x3e, 0xbf, 0xf4, 0x80, 0xff,
    0xc6, 0x1, 0xf3, 0x7f, 0xb8, 0x1b, 0xfd, 0xc0,
    0x1f, 0x8b, 0xfe, 0x30,

    /* U+20B4 "₴" */
    0x0, 0xe5, 0xbe, 0xfe, 0xb6, 0x0, 0xfc, 0x39,
    0xff, 0xf6, 0x90, 0x7, 0xb7, 0xfe, 0xdb, 0xdf,
    0xfb, 0x40, 0x39, 0xbf, 0xdc, 0x80, 0x11, 0xf7,
    0xf9, 0x80, 0x38, 0xf0, 0x80, 0x39, 0xff, 0xd6,
    0x1, 0xff, 0xc1, 0x5f, 0xf6, 0x0, 0x7f, 0xf0,
    0x6f, 0xfd, 0x0, 0x8, 0xff, 0xff, 0xe1, 0x83,
    0xff, 0xff, 0xf0, 0xc0, 0x3f, 0xfa, 0xf1, 0xff,
    0xff, 0xc3, 0x7, 0xef, 0xfd, 0xdd, 0xfe, 0x0,
    0x27, 0xfb, 0x80, 0x3f, 0xf8, 0x2d, 0xfe, 0xa0,
    0xf, 0xfe, 0xa, 0xff, 0xa8, 0x3, 0xe2, 0xb5,
    0x0, 0x8b, 0xfd, 0xc2, 0x1, 0xeb, 0xff, 0x58,
    0x5, 0x9f, 0xec, 0x20, 0x8, 0xab, 0xfe, 0x50,
    0x8, 0xff, 0xf6, 0xde, 0xff, 0xe9, 0x0, 0xe3,
    0xdf, 0xff, 0xd0, 0x1, 0xf9, 0xaf, 0xbf, 0xdb,
    0x4, 0x1, 0x80,

    /* U+20B8 "₸" */
    0x1f, 0xff, 0xfe, 0x17, 0xf, 0xff, 0xff, 0xb,
    0x81, 0xdf, 0xff, 0x84, 0xc0, 0x1f, 0xfd, 0x41,
    0xff, 0xff, 0xe1, 0x70, 0xff, 0xff, 0xf0, 0xb8,
    0x1d, 0xfa, 0x3f, 0xe7, 0x7e, 0x60, 0xf, 0x17,
    0xfc, 0x1, 0xff, 0xc0, 0x2f, 0xf8, 0x3, 0xff,
    0x80, 0x5f, 0xf0, 0x7, 0xff, 0x0, 0xbf, 0xe0,
    0xf, 0xfe, 0x1, 0x7f, 0xc0, 0x1f, 0xfc, 0x2,
    0xff, 0x80, 0x3f, 0xf8, 0x5, 0xff, 0x0, 0x7f,
    0xf0, 0xb, 0xfe, 0x0, 0xff, 0xe0, 0x17, 0xfc,
    0x1, 0xff, 0xc0, 0x2f, 0xf8, 0x3, 0xff, 0x80,
    0x5f, 0xf0, 0x7, 0xff, 0x0, 0xbf, 0xe0, 0xf,
    0xfe, 0x1, 0x7f, 0xc0, 0x1e,

    /* U+20BD "₽" */
    0x0, 0xb3, 0xff, 0xdd, 0x92, 0x40, 0x1e, 0xcf,
    0xff, 0xf4, 0x0, 0x76, 0x7f, 0xbb, 0x76, 0xef,
    0xfd, 0x0, 0x1b, 0x3f, 0xc6, 0x1, 0x8a, 0xbf,
    0xe2, 0x0, 0xb3, 0xfc, 0x60, 0x1e, 0xcf, 0xf3,
    0x80, 0x59, 0xfe, 0x30, 0xf, 0x37, 0xfa, 0x80,
    0x2c, 0xff, 0x18, 0x7, 0x9b, 0xfd, 0x40, 0x16,
    0x7f, 0x8c, 0x3, 0xd5, 0xfe, 0x80, 0xb, 0x3f,
    0xc6, 0x1, 0xcf, 0xff, 0x22, 0x26, 0x5d, 0xfe,
    0xb9, 0x9a, 0xfb, 0xfe, 0xb0, 0x7f, 0xff, 0xfe,
    0xd, 0x80, 0x1f, 0xff, 0xfd, 0xb2, 0x80, 0x1e,
    0xcf, 0xf1, 0x80, 0x7f, 0xf0, 0x73, 0xfc, 0x60,
    0x1f, 0xe3, 0x77, 0x77, 0xfa, 0x5d, 0xf0, 0x7,
    0x9f, 0xff, 0xfc, 0x40, 0x1c, 0xff, 0xff, 0xe2,
    0x0, 0xfd, 0x9f, 0xe3, 0x0, 0xff, 0xe0, 0xe7,
    0xf8, 0xc0, 0x3f, 0xf8, 0x39, 0xfe, 0x30, 0xf,
    0xfe, 0xe, 0x7f, 0x8c, 0x3, 0xfc,

    /* U+2116 "№" */
    0xde, 0xe3, 0x80, 0x7f, 0x77, 0x40, 0x1f, 0xfc,
    0x3e, 0xff, 0x88, 0x3, 0xf7, 0xfc, 0x1, 0xff,
    0xc3, 0xef, 0xfa, 0xc0, 0x3f, 0x7f, 0xc0, 0x1f,
    0xfc, 0x3e, 0xff, 0xca, 0x1, 0xf7, 0xfc, 0x1,
    0xe2, 0x68, 0x63, 0x0, 0xdd, 0xff, 0xb8, 0x40,
    0x3d, 0xff, 0x0, 0x61, 0xaf, 0xfe, 0xc2, 0x0,
    0x77, 0xfb, 0x7f, 0xd2, 0x1, 0xef, 0xf8, 0x3,
    0x6f, 0xfb, 0x26, 0xff, 0xe3, 0xe, 0xff, 0x27,
    0xfc, 0x60, 0x1d, 0xff, 0x0, 0x53, 0xfe, 0x40,
    0x8, 0xbb, 0xf4, 0x3b, 0xfc, 0x4f, 0xfe, 0xc0,
    0xe, 0xff, 0x80, 0x3, 0xfe, 0x80, 0xe, 0x4f,
    0xf2, 0xf7, 0xf8, 0x83, 0x7f, 0xcc, 0x1, 0xbf,
    0xe0, 0x2, 0xff, 0x88, 0x3, 0xdd, 0xf3, 0xdf,
    0xe2, 0x3, 0xff, 0x84, 0x2, 0xff, 0x80, 0xf,
    0xfe, 0x0, 0xfb, 0x3e, 0xfb, 0xfc, 0x40, 0xa,
    0xff, 0x50, 0x5, 0xff, 0x0, 0x1b, 0xfc, 0x20,
    0x1e, 0xdf, 0xae, 0xff, 0x10, 0x0, 0x7f, 0xe4,
    0x0, 0x7f, 0xc0, 0x4, 0xff, 0x20, 0x7, 0xbf,
    0xd1, 0xdf, 0xe2, 0x0, 0x9b, 0xfd, 0xa0, 0xf,
    0xf8, 0x2, 0xef, 0xb0, 0xe, 0x8f, 0xf1, 0x77,
    0xf8, 0x80, 0x36, 0x7f, 0xa0, 0x3f, 0xe0, 0x9,
    0xbf, 0xd4, 0x40, 0x2f, 0xfe, 0x90, 0xef, 0xf1,
    0x0, 0x63, 0xff, 0x8f, 0xfe, 0x0, 0xd1, 0xff,
    0xf5, 0x80, 0x3b, 0xfc, 0x40, 0x1d, 0x3f, 0xec,
    0xff, 0x80, 0x39, 0x73, 0xfe, 0xd7, 0x0, 0xbb,
    0xfc, 0x40, 0x1c, 0x3d, 0xff, 0xc0, 0x1f, 0x88,
    0x3, 0xdd, 0xfe, 0x20, 0xf, 0x37, 0xff, 0x0,
    0x7f, 0xf0, 0xfb, 0xfc, 0x40, 0x1f, 0x67, 0xfe,
    0x0, 0xa, 0x27, 0xfc, 0x3d, 0xfe, 0x20, 0xf,
    0x8b, 0xff, 0x0, 0x1b, 0xff, 0xfe, 0x5e, 0xff,
    0x10, 0x7, 0xe8, 0xff, 0x80, 0xd, 0xff, 0xff,
    0x28,

    /* U+2122 "™" */
    0xf, 0xff, 0x80, 0x1d, 0xf4, 0x1, 0xbb, 0xe4,
    0x1d, 0xd3, 0xf2, 0xee, 0x0, 0x77, 0xf8, 0x40,
    0xb, 0xfe, 0x90, 0x8, 0xfd, 0x0, 0x37, 0x57,
    0xb0, 0x2, 0xb3, 0xa4, 0x2, 0x3f, 0x40, 0xd,
    0xd3, 0x76, 0x0, 0x7b, 0x74, 0x80, 0x47, 0xe8,
    0x1, 0xba, 0x57, 0xc5, 0x7c, 0x3a, 0x40, 0x23,
    0xf4, 0x0, 0xdd, 0x21, 0xcf, 0x74, 0x1d, 0x20,
    0x11, 0xfa, 0x0, 0x6e, 0x90, 0x8d, 0xf4, 0xe,
    0x90, 0x8, 0xfd, 0x0, 0x37, 0x48, 0x17, 0xf0,
    0x3, 0xa4, 0x2, 0x3f, 0x40, 0xd, 0xd2, 0x0,
    0xb7, 0x0, 0x74, 0x80, 0x45, 0x24, 0x1, 0xa1,
    0x40, 0x3d, 0xa,

    /* U+2126 "Ω" */
    0x0, 0xff, 0x8, 0x7, 0xff, 0x11, 0x6b, 0xbf,
    0xf5, 0xb0, 0x7, 0xf8, 0xf7, 0xff, 0xfb, 0x94,
    0x3, 0xe4, 0xff, 0xee, 0xcd, 0xff, 0xe7, 0x0,
    0xe3, 0xff, 0xce, 0x20, 0x19, 0xb7, 0xfe, 0x60,
    0xd, 0x9f, 0xee, 0x20, 0xf, 0x87, 0x3f, 0xe1,
    0x0, 0x2f, 0xfc, 0x80, 0x1f, 0xc3, 0xdf, 0xe9,
    0x0, 0x57, 0xfa, 0xc0, 0x3f, 0xe7, 0xff, 0x70,
    0x3, 0xbf, 0xcc, 0x1, 0xff, 0x17, 0xfc, 0x61,
    0xff, 0x10, 0x7, 0xff, 0x3, 0xfe, 0x51, 0xff,
    0x84, 0x3, 0xff, 0x81, 0xbf, 0xe6, 0xf, 0xf8,
    0x40, 0x3f, 0xf8, 0x1b, 0xfe, 0x50, 0xef, 0xf1,
    0x0, 0x7f, 0xf0, 0x3b, 0xfc, 0x61, 0x5f, 0xe5,
    0x0, 0xff, 0x8b, 0xfd, 0xc0, 0x4, 0xff, 0x50,
    0x7, 0xfc, 0xff, 0xe9, 0x0, 0xb3, 0xfc, 0x40,
    0x1f, 0xee, 0xff, 0x8, 0x4, 0x5f, 0xeb, 0x0,
    0xfe, 0x9f, 0xf2, 0x80, 0x72, 0x7f, 0xa4, 0x3,
    0xe7, 0xff, 0x38, 0x7, 0xc7, 0xbf, 0x64, 0x1,
    0xd, 0x7f, 0x20, 0x7, 0x57, 0x76, 0xff, 0x80,
    0x2d, 0xff, 0x77, 0x70, 0x86, 0x7f, 0xfc, 0x20,
    0xe, 0xff, 0xf8, 0x43, 0x3f, 0xfe, 0x10, 0x7,
    0x7f, 0xfc, 0x20,

    /* U+215B "⅛" */
    0x0, 0x8f, 0xf4, 0x3, 0xfa, 0x7e, 0x0, 0x3f,
    0x37, 0xe8, 0x7, 0xe2, 0xfe, 0x0, 0xf3, 0x7f,
    0xed, 0x0, 0xfd, 0x7e, 0xa0, 0x1e, 0x39, 0x96,
    0x7e, 0x80, 0x7c, 0xbf, 0x80, 0x1f, 0xe3, 0xfd,
    0x0, 0xfb, 0xbc, 0xc0, 0x3f, 0xc7, 0xfa, 0x1,
    0xe7, 0xf9, 0x0, 0xff, 0x8f, 0xf4, 0x3, 0x87,
    0xf8, 0x40, 0x3f, 0xe3, 0xfd, 0x0, 0xea, 0xf6,
    0x0, 0xff, 0xe0, 0x1f, 0xe8, 0x6, 0x3f, 0xd0,
    0xa, 0x33, 0x68, 0x80, 0x38, 0xff, 0x40, 0x36,
    0xfa, 0x0, 0xef, 0xff, 0x18, 0x6, 0x3f, 0xd0,
    0x9, 0xbe, 0x80, 0x11, 0xf8, 0x43, 0x3f, 0x80,
    0x18, 0xff, 0x40, 0x3, 0xde, 0x40, 0xc, 0xf4,
    0x0, 0xbf, 0xc0, 0x18, 0xb2, 0x80, 0x13, 0xf0,
    0x1, 0x5f, 0xa0, 0x5, 0xfe, 0x0, 0xfc, 0x5f,
    0xc0, 0x19, 0x7f, 0x4c, 0xab, 0xe8, 0x3, 0xf5,
    0xfa, 0x80, 0x76, 0x7f, 0xf1, 0x0, 0x7c, 0xbf,
    0x80, 0x1d, 0x7f, 0x6a, 0xa9, 0xfe, 0x10, 0xf,
    0x77, 0x90, 0x6, 0x4f, 0xc0, 0xd, 0x1f, 0x0,
    0x1d, 0x1f, 0x20, 0x1c, 0xbf, 0x20, 0x19, 0x7e,
    0x80, 0x30, 0xff, 0x8, 0x7, 0x1f, 0xf1, 0x80,
    0x7, 0x3d, 0xc0, 0x35, 0x7b, 0x0, 0x7d, 0x3f,
    0xed, 0xcf, 0xf6, 0x88, 0x4, 0x9f, 0xa0, 0x1f,
    0xcb, 0x9f, 0xed, 0x81, 0x0,

    /* U+215C "⅜" */
    0x0, 0xa3, 0x7f, 0x60, 0x3, 0xf8, 0xbf, 0x80,
    0x3f, 0x5f, 0xfb, 0xbf, 0xd8, 0x1, 0xfb, 0x3d,
    0x40, 0x3e, 0x4f, 0xe2, 0x2, 0xef, 0x40, 0xf,
    0x2f, 0xe0, 0x7, 0xe6, 0xc6, 0x0, 0xab, 0xd8,
    0x3, 0xdd, 0xe4, 0x1, 0xff, 0xc1, 0x1d, 0xf2,
    0x0, 0xe8, 0xf9, 0x0, 0xff, 0xe0, 0xd, 0xf7,
    0xa8, 0x7, 0x17, 0xf0, 0x80, 0x7f, 0xf0, 0xb,
    0xfe, 0xa0, 0xe, 0xaf, 0x60, 0xf, 0xfe, 0x19,
    0xdf, 0xd0, 0x4, 0x9f, 0xa0, 0x1f, 0xf4, 0x40,
    0x3, 0xbf, 0xc0, 0x16, 0xfa, 0x0, 0x16, 0xf7,
    0x14, 0x3, 0x7f, 0x88, 0x3, 0x7f, 0x80, 0xd,
    0xf4, 0x0, 0x8f, 0xfe, 0x90, 0xa, 0xbf, 0x4c,
    0xa, 0xbe, 0xc0, 0x7b, 0xc4, 0xb, 0xfc, 0xa0,
    0x9f, 0xe3, 0x0, 0xe, 0xff, 0xf7, 0x10, 0x4f,
    0xc0, 0x1, 0x7e, 0x80, 0x29, 0xf6, 0x0, 0xcf,
    0x9b, 0x90, 0x20, 0x7f, 0xc0, 0x12, 0xfd, 0x80,
    0x53, 0xec, 0x1, 0xff, 0x67, 0xa8, 0x6, 0xef,
    0x61, 0x5f, 0xe1, 0x0, 0xff, 0x2f, 0xd8, 0x7,
    0x3f, 0xff, 0x40, 0x7, 0xfd, 0xde, 0x40, 0x19,
    0x7f, 0x9d, 0x1b, 0xbd, 0xc0, 0x3f, 0xa3, 0xe4,
    0x3, 0xb7, 0xcc, 0x2, 0x2f, 0xe0, 0xf, 0xc5,
    0xfc, 0x20, 0x1d, 0xfe, 0x0, 0xef, 0xf0, 0x80,
    0x7d, 0x7e, 0xc0, 0x1e, 0xcf, 0x80, 0x9, 0xff,
    0x80, 0x3e, 0x4f, 0xd0, 0xf, 0x8f, 0xfd, 0xd7,
    0xdf, 0xe5, 0x0, 0xfb, 0x7c, 0xc0, 0x3f, 0x15,
    0x77, 0xf5, 0x18, 0x0,

    /* U+215D "⅝" */
    0x0, 0x4f, 0xff, 0x98, 0x3, 0xe4, 0xfc, 0x0,
    0xfb, 0x3f, 0xdb, 0xb9, 0x40, 0x3e, 0xdf, 0x30,
    0xf, 0xbb, 0xc0, 0x3f, 0xf8, 0xf, 0xf4, 0x1,
    0xf0, 0xfe, 0x80, 0x7f, 0xc3, 0xfe, 0x10, 0xf,
    0x93, 0xf6, 0xb7, 0x1c, 0x3, 0xea, 0xf7, 0x0,
    0xfc, 0xff, 0xfe, 0xc0, 0xe, 0x3f, 0xd0, 0xf,
    0xe7, 0xec, 0x20, 0x3d, 0xf8, 0x0, 0xd9, 0xe8,
    0x1, 0xff, 0xc3, 0x5f, 0xd0, 0x9, 0xbe, 0xc0,
    0x3f, 0xc6, 0xc0, 0x18, 0xbf, 0x80, 0x2e, 0xf2,
    0x0, 0x36, 0x6d, 0xa0, 0x5, 0xde, 0x80, 0x13,
    0x7e, 0x0, 0x23, 0xe0, 0x1, 0x5f, 0xfc, 0xe0,
    0x7, 0xfd, 0x30, 0x4e, 0xf6, 0x2, 0xfe, 0x0,
    0x27, 0xf9, 0x1, 0x7f, 0xc2, 0x0, 0xbf, 0xfe,
    0xa0, 0x5, 0xfb, 0x0, 0x1f, 0xe4, 0x2, 0xbf,
    0x40, 0x9, 0xaf, 0x6d, 0x40, 0x9, 0xf8, 0x1,
    0x3f, 0xc8, 0x5, 0x7e, 0x80, 0x1f, 0xed, 0xf3,
    0x0, 0x8b, 0xfc, 0xa2, 0xdf, 0xa0, 0x1f, 0xe7,
    0xf9, 0x0, 0xe8, 0xff, 0xe6, 0x0, 0xfe, 0x1f,
    0xf0, 0x80, 0x67, 0xfd, 0x64, 0x7e, 0xf5, 0x0,
    0xfd, 0x5e, 0xe0, 0x1d, 0xfe, 0x10, 0x8, 0xff,
    0x40, 0x3e, 0x3f, 0xd0, 0xe, 0x1f, 0xe0, 0xc,
    0x3f, 0xe0, 0xf, 0xb3, 0xd0, 0x3, 0xdd, 0xec,
    0x1, 0x4f, 0xe0, 0x7, 0x9b, 0xec, 0x3, 0xe5,
    0xff, 0x75, 0xf7, 0xf8, 0xc0, 0x3d, 0xde, 0x40,
    0x1f, 0x8e, 0xbb, 0xfa, 0x88, 0x0,

    /* U+215E "⅞" */
    0x6f, 0xff, 0xd6, 0x1, 0xc7, 0xfc, 0x1, 0xe5,
    0xdd, 0xf7, 0xfa, 0x40, 0x3b, 0x3d, 0x40, 0x3f,
    0xf8, 0x3, 0xfe, 0x20, 0xc, 0xbf, 0x60, 0x1f,
    0xfc, 0x18, 0xfa, 0x0, 0xee, 0xf2, 0x0, 0xff,
    0xe0, 0xf, 0xf8, 0x80, 0x34, 0x7c, 0x80, 0x7f,
    0xf0, 0x63, 0xe8, 0x3, 0x17, 0xf0, 0x80, 0x7f,
    0xf0, 0x7, 0xfc, 0x40, 0x1a, 0xfd, 0x80, 0x3f,
    0xf8, 0x31, 0xf4, 0x1, 0x93, 0xf0, 0x3, 0xff,
    0x82, 0x3f, 0xe2, 0x0, 0xdb, 0xe6, 0x0, 0x5b,
    0xdc, 0x50, 0xf, 0x4f, 0xd0, 0x6, 0x7f, 0xa0,
    0x4, 0x7f, 0xf4, 0x80, 0x61, 0xff, 0x10, 0x4,
    0x3f, 0xe1, 0x2, 0xff, 0x28, 0x27, 0xf8, 0x80,
    0x29, 0xfa, 0x0, 0xd3, 0xee, 0x0, 0x5f, 0xa0,
    0xa, 0x7d, 0x80, 0x2c, 0xc1, 0x0, 0x47, 0xfa,
    0x1, 0x2f, 0xd8, 0x5, 0x3e, 0xc0, 0x1f, 0xd9,
    0xea, 0x1, 0xf, 0x7b, 0xa, 0xff, 0x8, 0x7,
    0xe5, 0xfb, 0x0, 0xe7, 0xff, 0xe8, 0x0, 0xfe,
    0xef, 0x20, 0xc, 0xbf, 0xce, 0x8d, 0xde, 0xc0,
    0x1f, 0x47, 0xc8, 0x7, 0x6f, 0x90, 0x4, 0x5f,
    0xc0, 0x1e, 0x2f, 0xe1, 0x0, 0xef, 0xf0, 0x7,
    0x7f, 0x80, 0x3d, 0x7e, 0xc0, 0x1e, 0xcf, 0x80,
    0x9, 0xff, 0x80, 0x39, 0x3f, 0x0, 0x3e, 0x3f,
    0xf7, 0x5f, 0x7f, 0x94, 0x3, 0xb7, 0xcc, 0x3,
    0xf1, 0x57, 0x7f, 0x51, 0x80, 0x0,

    /* U+2190 "←" */
    0x0, 0xff, 0xe1, 0xb, 0x0, 0x7f, 0xf4, 0x5f,
    0xfc, 0x60, 0x1f, 0xfc, 0xe5, 0xef, 0xf7, 0x20,
    0x7, 0xff, 0x31, 0x33, 0xfe, 0x70, 0xf, 0xfe,
    0x61, 0x5f, 0xfd, 0x22, 0x1, 0xff, 0xcb, 0x19,
    0xff, 0xac, 0x80, 0x3f, 0xf9, 0x8f, 0xff, 0x6a,
    0x0, 0x7f, 0xf3, 0x17, 0xbf, 0xe8, 0x11, 0xff,
    0xe6, 0x1e, 0x7f, 0xff, 0xf4, 0x78, 0xef, 0xff,
    0xff, 0xa3, 0xc0, 0x4, 0xdf, 0xfa, 0x4, 0x7f,
    0xf9, 0x80, 0x19, 0xbb, 0xfd, 0xaa, 0x1, 0xff,
    0xd0, 0x8f, 0xfb, 0xc, 0x3, 0xff, 0x9e, 0x35,
    0xff, 0x50, 0x80, 0x7f, 0xf3, 0xcf, 0x3f, 0xe8,
    0x0, 0xff, 0xe8, 0x2e, 0xff, 0xb9, 0x0, 0x3f,
    0xfa, 0xd, 0xde, 0x60, 0x1f, 0xfd, 0x25, 0x0,
    0xff, 0xe2, 0x0,

    /* U+2192 "→" */
    0x0, 0xff, 0xe2, 0xb, 0x0, 0x7f, 0xf4, 0xe7,
    0xf5, 0x0, 0x3f, 0xfa, 0x31, 0xff, 0x59, 0x0,
    0x7f, 0xf4, 0xa, 0xff, 0xe9, 0x10, 0xf, 0xfe,
    0x82, 0x6f, 0xfc, 0xe0, 0x1f, 0xfd, 0x16, 0xef,
    0xf7, 0x30, 0x7, 0xff, 0x46, 0x3f, 0xed, 0x40,
    0xe, 0x11, 0xff, 0xe5, 0x9d, 0xff, 0xd6, 0x40,
    0x4, 0xff, 0xff, 0xe9, 0x48, 0xa7, 0xff, 0xff,
    0x4a, 0x0, 0x2, 0x3f, 0xfc, 0xb3, 0xbf, 0xfa,
    0x84, 0x3, 0xff, 0x9b, 0x1f, 0xf6, 0x18, 0x7,
    0xff, 0x35, 0xbb, 0xfd, 0xaa, 0x1, 0xff, 0xcd,
    0x4d, 0xff, 0x73, 0x80, 0x7f, 0xf3, 0x4a, 0xff,
    0xe8, 0x10, 0xf, 0xfe, 0x6c, 0xff, 0xd4, 0x40,
    0x1f, 0xfc, 0xf8, 0xfc, 0x30, 0xf, 0xfe, 0x88,
    0xa8, 0x7, 0xff, 0xc,

    /* U+2202 "∂" */
    0x0, 0xfc, 0x20, 0x1f, 0xfc, 0x7, 0xdf, 0xfb,
    0x60, 0x40, 0x3c, 0x3b, 0xff, 0xf7, 0x10, 0x7,
    0x6f, 0xf9, 0xcc, 0x4a, 0x3f, 0xdc, 0x20, 0x13,
    0xff, 0x8c, 0x3, 0x93, 0xfd, 0x20, 0x19, 0x54,
    0x1, 0xf5, 0x7f, 0x84, 0x3, 0xff, 0x80, 0x9f,
    0xe6, 0x0, 0xe5, 0xad, 0xfe, 0x91, 0xf, 0xf4,
    0x80, 0x47, 0xbf, 0xfe, 0xe2, 0xdf, 0xc0, 0x2,
    0x7f, 0xdd, 0x2f, 0x19, 0xfb, 0x7f, 0xa0, 0x3d,
    0xfe, 0x80, 0xe, 0x6f, 0xef, 0xe0, 0x9f, 0xf4,
    0x0, 0x7d, 0x5f, 0xed, 0xf, 0xf7, 0x0, 0x7e,
    0x4f, 0xf6, 0x27, 0xfa, 0x0, 0x3f, 0xf, 0xfa,
    0xdf, 0xfc, 0xa0, 0x1f, 0x8b, 0xfc, 0xee, 0xff,
    0x20, 0x7, 0xe5, 0xff, 0x1b, 0x7f, 0x94, 0x3,
    0xf6, 0x7f, 0x1, 0xff, 0xac, 0x3, 0xe6, 0xff,
    0x38, 0x3, 0x7f, 0xce, 0x1, 0xcd, 0xfe, 0xd0,
    0x9, 0x3f, 0xec, 0x76, 0x8d, 0xff, 0x71, 0x0,
    0x66, 0xff, 0xfd, 0xa6, 0x1, 0xe3, 0xaf, 0xfd,
    0x8c, 0x1, 0xff, 0x8, 0x80, 0x3f, 0x0,

    /* U+2205 "∅" */
    0x0, 0xf1, 0xc5, 0x65, 0xca, 0x80, 0x13, 0x1c,
    0x3, 0xc5, 0x7f, 0xff, 0xa3, 0xb4, 0x3, 0xcb,
    0xfe, 0xc6, 0x20, 0x1, 0xcf, 0xfc, 0x60, 0x1c,
    0xbf, 0xe5, 0x0, 0xfa, 0x7f, 0xd8, 0x1, 0x8b,
    0xfc, 0x60, 0x1f, 0x2f, 0xc5, 0xfc, 0x80, 0x55,
    0xec, 0x1, 0xf1, 0x7e, 0x0, 0x3b, 0xc8, 0x7,
    0xf4, 0x3, 0xf6, 0x70, 0x80, 0x1b, 0xe4, 0x17,
    0xe0, 0x3, 0xe9, 0xf4, 0x0, 0xdf, 0xc1, 0x1e,
    0x80, 0x1e, 0x5f, 0x70, 0xe, 0xdf, 0x9, 0xf3,
    0x0, 0xe2, 0xfb, 0x0, 0xf5, 0xf8, 0xc7, 0xa0,
    0x7, 0x6f, 0x8, 0x7, 0xb3, 0xc1, 0xbd, 0xc0,
    0x35, 0x79, 0x80, 0x7d, 0xfc, 0x3, 0xfa, 0x1,
    0x37, 0xb8, 0x7, 0xcb, 0xf2, 0x0, 0xbf, 0x50,
    0x3f, 0xa0, 0xf, 0xdb, 0xe6, 0x0, 0x2f, 0xf2,
    0x6e, 0x80, 0x3f, 0x4f, 0xd0, 0x6, 0x6f, 0xf8,
    0xc0, 0x3e, 0x9f, 0xd1, 0x0, 0xeb, 0xff, 0x5a,
    0x0, 0x44, 0xfd, 0xfa, 0x40, 0x1c, 0x9f, 0x7d,
    0xff, 0x77, 0xfe, 0x90, 0xf, 0xe, 0xe0, 0x1,
    0x6b, 0x7b, 0x6d, 0xc8, 0x3, 0xc0,

    /* U+2206 "∆" */
    0x0, 0xfd, 0x2c, 0x1, 0xff, 0xc3, 0x1f, 0xd0,
    0xf, 0xfe, 0x1b, 0xff, 0x8c, 0x3, 0xff, 0x85,
    0xbf, 0xe9, 0x0, 0xff, 0xe0, 0x9f, 0xfe, 0x0,
    0xff, 0xe0, 0xd7, 0xe7, 0x7b, 0x0, 0x7f, 0xc3,
    0xfe, 0x69, 0xfd, 0x0, 0xff, 0x9f, 0xfc, 0x7,
    0xfe, 0x30, 0xf, 0xf6, 0xfd, 0x0, 0x37, 0xe4,
    0x3, 0xf8, 0xff, 0xc6, 0x0, 0x6f, 0xf0, 0x7,
    0xf5, 0x7e, 0x80, 0x43, 0xfe, 0x60, 0xf, 0x87,
    0xfc, 0xe0, 0x1a, 0xbf, 0x0, 0x3e, 0x7f, 0xf0,
    0x80, 0x64, 0xff, 0x18, 0x7, 0xb7, 0xec, 0x3,
    0xdd, 0xf2, 0x1, 0xc7, 0xfe, 0x50, 0xf, 0x47,
    0xf8, 0x3, 0xab, 0xf8, 0x3, 0xe2, 0xff, 0x30,
    0x4, 0x3f, 0xe9, 0x0, 0xfd, 0x7f, 0x80, 0x13,
    0x7f, 0x88, 0x3, 0xf2, 0xff, 0x8c, 0x1, 0xbf,
    0xe7, 0x7f, 0xe8, 0xff, 0x48, 0x1f, 0xff, 0xff,
    0x10, 0x2b, 0xff, 0xff, 0x88, 0xc0,

    /* U+220F "∏" */
    0xef, 0xff, 0xfe, 0x10, 0xf7, 0xff, 0xff, 0x8,
    0x9f, 0x3f, 0xd1, 0x1f, 0x6f, 0xf4, 0x8, 0x4f,
    0xf0, 0x7, 0xd7, 0xf8, 0x1, 0x4f, 0xf0, 0x7,
    0xd7, 0xf8, 0x1, 0x4f, 0xf0, 0x7, 0xd7, 0xf8,
    0x1, 0x4f, 0xf0, 0x7, 0xd7, 0xf8, 0x1, 0x4f,
    0xf0, 0x7, 0xd7, 0xf8, 0x1, 0x4f, 0xf0, 0x7,
    0xd7, 0xf8, 0x1, 0x4f, 0xf0, 0x7, 0xd7, 0xf8,
    0x1, 0x4f, 0xf0, 0x7, 0xd7, 0xf8, 0x1, 0x4f,
    0xf0, 0x7, 0xd7, 0xf8, 0x1, 0x4f, 0xf0, 0x7,
    0xd7, 0xf8, 0x1, 0x4f, 0xf0, 0x7, 0xd7, 0xf8,
    0x1, 0x4f, 0xf0, 0x7, 0xd7, 0xf8, 0x1, 0x4f,
    0xf0, 0x7, 0xd7, 0xf8, 0x1, 0x4f, 0xf0, 0x7,
    0xd7, 0xf8, 0x1, 0x4f, 0xf0, 0x7, 0xd7, 0xf8,
    0x1, 0x4f, 0xf0, 0x7, 0xd7, 0xf8, 0x1, 0x4f,
    0xf0, 0x7, 0xd7, 0xf8, 0x1, 0x47, 0xf0, 0x7,
    0xd5, 0xf6, 0x0,

    /* U+2211 "∑" */
    0xcf, 0xff, 0xfe, 0x18, 0xdf, 0xff, 0xff, 0xc,
    0x87, 0x7f, 0xed, 0xdf, 0xf8, 0x40, 0xbb, 0xfd,
    0x40, 0x1f, 0xfc, 0x12, 0xef, 0xf5, 0x0, 0x7f,
    0xf0, 0x4f, 0xfe, 0xa0, 0xf, 0xfe, 0x9, 0xff,
    0xd2, 0x1, 0xff, 0xc1, 0x4f, 0xfa, 0x40, 0x3f,
    0xf8, 0x2b, 0xff, 0x48, 0x7, 0xff, 0x5, 0xbf,
    0xe8, 0x0, 0xff, 0xe0, 0xd7, 0xfc, 0xa0, 0x1f,
    0xf2, 0xff, 0xd2, 0x1, 0xff, 0x27, 0xfd, 0x40,
    0x1f, 0xf1, 0xff, 0xd4, 0x1, 0xff, 0x1f, 0xfd,
    0x40, 0x1f, 0xf1, 0x77, 0xfa, 0x80, 0x3f, 0xe2,
    0xef, 0xf5, 0x0, 0x7f, 0xc3, 0xbf, 0xeb, 0x0,
    0xff, 0x87, 0x7f, 0xed, 0xcc, 0xff, 0xd, 0xff,
    0xff, 0xf0, 0xcb, 0x7f, 0xff, 0xf8, 0x64,

    /* U+2212 "−" */
    0x35, 0x5f, 0xf8, 0x2f, 0xff, 0xfe, 0x1a, 0xff,
    0xff, 0x84,

    /* U+2215 "∕" */
    0x0, 0xfe, 0xee, 0x18, 0x7, 0xe6, 0xfd, 0x0,
    0xfe, 0xcf, 0x70, 0xf, 0xc7, 0xfe, 0x10, 0xf,
    0xd3, 0xf4, 0x1, 0xfd, 0xfe, 0x40, 0xf, 0xcb,
    0xfa, 0x1, 0xfd, 0x9e, 0xe0, 0x1f, 0x8b, 0xfc,
    0x20, 0x1f, 0xa3, 0xe8, 0x3, 0xfb, 0xbd, 0x0,
    0x3f, 0x2f, 0xf0, 0x7, 0xf5, 0xfb, 0x80, 0x7e,
    0x2f, 0xf0, 0x80, 0x7e, 0x8f, 0xb0, 0xf, 0xee,
    0xf4, 0x0, 0xfc, 0xbf, 0xc0, 0x1f, 0xd7, 0xf0,
    0x1, 0xf8, 0x7f, 0xc2, 0x1, 0xfa, 0x3e, 0xc0,
    0x3f, 0xbb, 0xd4, 0x3, 0xf0,

    /* U+221A "√" */
    0x0, 0xff, 0xe0, 0xc6, 0xe8, 0x3, 0xff, 0x85,
    0xfe, 0xa0, 0xf, 0xfe, 0xb, 0x7f, 0x8c, 0x3,
    0xff, 0x83, 0x9f, 0x80, 0x1f, 0xfc, 0x12, 0xff,
    0x30, 0x7, 0xff, 0x6, 0x7f, 0xc0, 0x1f, 0xfc,
    0x2f, 0xf4, 0x80, 0x7f, 0xf0, 0x5b, 0xfc, 0x40,
    0x1f, 0xfc, 0x1c, 0xfc, 0x0, 0xff, 0xe0, 0x97,
    0xf9, 0x40, 0x33, 0xc4, 0x44, 0x1, 0xa7, 0xf8,
    0x3, 0xbb, 0xfe, 0x80, 0xd, 0xdf, 0x0, 0x1d,
    0xbf, 0xf6, 0x80, 0x4b, 0xfe, 0x20, 0xf, 0x9b,
    0xfc, 0x60, 0xc, 0xfb, 0x0, 0xfc, 0x3f, 0xe8,
    0x2, 0xff, 0x28, 0x7, 0xf5, 0x7f, 0x4, 0xff,
    0x0, 0x7f, 0x93, 0xfc, 0x7d, 0xee, 0x1, 0xff,
    0x77, 0xef, 0xf8, 0x40, 0x3f, 0xe9, 0xff, 0xa8,
    0x3, 0xff, 0x80, 0x7f, 0xf2, 0x0, 0x7f, 0xf0,
    0x77, 0xf4, 0x3, 0xff, 0x84, 0xfe, 0xe0, 0x1f,
    0xfc, 0x21, 0xf1, 0x0, 0xff, 0xe1, 0xb0, 0x7,
    0xf8,

    /* U+221E "∞" */
    0x0, 0xff, 0xe8, 0x1d, 0x77, 0xf5, 0xa8, 0x7,
    0x9b, 0x3f, 0xdd, 0x24, 0x1, 0x9f, 0xff, 0xeb,
    0x10, 0x1, 0x67, 0xff, 0xca, 0x0, 0x4f, 0xfa,
    0x55, 0xaf, 0xfd, 0xc2, 0x7d, 0xfe, 0xa5, 0x6b,
    0xff, 0x88, 0x2f, 0xfc, 0x80, 0x19, 0x3b, 0xf7,
    0xbf, 0x88, 0x3, 0x37, 0xfa, 0x43, 0xfd, 0x60,
    0x1e, 0x3f, 0xfb, 0x84, 0x3, 0xdb, 0xfa, 0x3f,
    0xe9, 0x0, 0xfa, 0x7f, 0xcc, 0x1, 0xf5, 0xff,
    0x83, 0xfd, 0x60, 0x1e, 0x2f, 0xfb, 0x84, 0x3,
    0xdb, 0xfa, 0x17, 0xfe, 0x30, 0xc, 0x7d, 0xfd,
    0xfe, 0xd2, 0x0, 0xcb, 0xfe, 0xa0, 0x4f, 0xfa,
    0x15, 0x55, 0xfe, 0xe2, 0x4f, 0xfa, 0x55, 0x55,
    0xff, 0x18, 0x2, 0x3f, 0xfe, 0xc2, 0x0, 0x1f,
    0x7f, 0xfc, 0xc0, 0x19, 0x33, 0xfe, 0xd6, 0x0,
    0xf3, 0xef, 0xfd, 0x66, 0x1, 0xf8, 0x40, 0x3f,
    0xe1, 0x10, 0x7, 0x0,

    /* U+222B "∫" */
    0x0, 0xf8, 0x51, 0x44, 0x3, 0xf3, 0xff, 0xea,
    0x0, 0xf3, 0x7f, 0xf5, 0x80, 0x7b, 0xbf, 0x50,
    0xe0, 0x40, 0x38, 0xff, 0xca, 0x1, 0xfc, 0x9f,
    0xe3, 0x0, 0xfe, 0x4f, 0xf1, 0x80, 0x7f, 0x27,
    0xf8, 0xc0, 0x3f, 0x93, 0xfc, 0x60, 0x1f, 0xc9,
    0xfe, 0x30, 0xf, 0xe4, 0xff, 0x18, 0x7, 0xf2,
    0x7f, 0x8c, 0x3, 0xf9, 0x3f, 0xc6, 0x1, 0xfc,
    0x9f, 0xe3, 0x0, 0xfe, 0x4f, 0xf1, 0x80, 0x7f,
    0x27, 0xf8, 0xc0, 0x3f, 0x93, 0xfc, 0x60, 0x1f,
    0xc9, 0xfe, 0x30, 0xf, 0xe4, 0xff, 0x18, 0x7,
    0xf2, 0x7f, 0x8c, 0x3, 0xf9, 0x3f, 0xc6, 0x1,
    0xfc, 0x9f, 0xe3, 0x0, 0xfe, 0x5f, 0xf1, 0x0,
    0x7f, 0x37, 0xf8, 0x3, 0xfd, 0x7f, 0xa0, 0x1f,
    0xd1, 0xfe, 0x70, 0xf, 0x4d, 0xff, 0xd8, 0x1,
    0xf7, 0xfe, 0xb1, 0x0, 0xfb, 0x2e, 0x50, 0x3,
    0xf8,

    /* U+2248 "≈" */
    0x0, 0x15, 0x6e, 0x30, 0x6, 0x26, 0x50, 0x2e,
    0xff, 0xd2, 0x1, 0x3f, 0xe8, 0x57, 0xf2, 0x37,
    0xf9, 0x40, 0x17, 0xf4, 0x1f, 0xe6, 0x0, 0x3f,
    0xf9, 0x9f, 0xfc, 0xa3, 0xdc, 0x30, 0xa, 0xff,
    0xf5, 0x80, 0x7f, 0x46, 0x61, 0xc0, 0x3f, 0xf8,
    0xc5, 0x5b, 0x8c, 0x1, 0x89, 0xd8, 0xb, 0xbf,
    0xf4, 0x0, 0x4f, 0xfa, 0x15, 0xfc, 0xaf, 0xfe,
    0x50, 0x5, 0xfd, 0x87, 0xf9, 0x80, 0x11, 0xfe,
    0x56, 0xff, 0x28, 0xf7, 0xc, 0x2, 0xcf, 0xfd,
    0x80, 0x1f, 0xd3, 0xba, 0x80, 0x0,

    /* U+2260 "≠" */
    0x0, 0xfb, 0x98, 0x3, 0xfc, 0xbe, 0x1, 0xff,
    0x5c, 0x80, 0x71, 0x7f, 0xff, 0xdc, 0x5f, 0xff,
    0xf7, 0xb, 0x36, 0xfc, 0x66, 0xe5, 0x0, 0xcb,
    0xe0, 0x1f, 0xf5, 0xc8, 0x7, 0xf8, 0xbc, 0xc0,
    0x3e, 0x16, 0x67, 0x7b, 0x37, 0xca, 0x5f, 0xff,
    0xf7, 0x17, 0xff, 0xfd, 0xc0, 0xb, 0x90, 0xf,
    0xf1, 0x79, 0x80, 0x7f, 0xa3, 0x0, 0x3f, 0xc0,

    /* U+2264 "≤" */
    0x0, 0xff, 0xe1, 0x24, 0x0, 0x7f, 0xcb, 0x5d,
    0xfc, 0x1, 0xf0, 0xad, 0x7f, 0xf5, 0x80, 0x61,
    0x6b, 0xff, 0xeb, 0x62, 0x0, 0x13, 0xe7, 0xfe,
    0xea, 0x50, 0xe, 0x1f, 0xfd, 0xb2, 0x80, 0x1f,
    0x87, 0xfe, 0x81, 0x0, 0xff, 0xbb, 0xff, 0x63,
    0x90, 0x7, 0xf2, 0x4f, 0x7f, 0xed, 0x94, 0x0,
    0xfe, 0x38, 0xdf, 0xfe, 0xa5, 0x10, 0xf, 0xc5,
    0x1b, 0xff, 0xb8, 0x3, 0xfe, 0x27, 0xcf, 0xe0,
    0xf, 0xfe, 0x10, 0xa8, 0x7, 0xff, 0x15, 0x13,
    0xff, 0x86, 0x3f, 0xff, 0xfc, 0x2e, 0x1f, 0xff,
    0xfe, 0x17, 0x0, 0x7f, 0xf1, 0x0,

    /* U+2265 "≥" */
    0x84, 0x0, 0xff, 0xe1, 0x77, 0xf5, 0x28, 0x7,
    0xfd, 0x7f, 0xfd, 0x4a, 0x20, 0x1f, 0x89, 0xaf,
    0xff, 0xad, 0x84, 0x3, 0xf9, 0x6b, 0xbf, 0xf6,
    0x39, 0x0, 0x7f, 0x24, 0xef, 0xfe, 0x10, 0xf,
    0xf0, 0xc7, 0xfc, 0x20, 0x1f, 0x13, 0xe7, 0xfe,
    0xe0, 0xe, 0x49, 0xdf, 0xfd, 0xd2, 0x80, 0x1,
    0x5a, 0xff, 0xed, 0x83, 0x0, 0xee, 0xff, 0xdb,
    0x4, 0x1, 0xfb, 0xbf, 0x1c, 0x80, 0x3f, 0xe5,
    0x10, 0xf, 0xfe, 0x92, 0x27, 0xff, 0xc, 0x3b,
    0xff, 0xff, 0x84, 0x3d, 0xff, 0xff, 0xc2, 0x10,
    0xf, 0xfe, 0x20,

    /* U+25CA "◊" */
    0x0, 0xe5, 0xff, 0xb8, 0x80, 0x3f, 0xdb, 0xfb,
    0xdf, 0x40, 0x1f, 0xcd, 0xfe, 0x37, 0xff, 0x10,
    0x7, 0xee, 0xfb, 0x0, 0x77, 0xd8, 0x7, 0xcf,
    0xfe, 0x30, 0x3, 0xff, 0x90, 0x3, 0x87, 0xfd,
    0x60, 0x1b, 0xbf, 0x0, 0x3a, 0x7f, 0xc6, 0x1,
    0x9f, 0xfc, 0xa0, 0x11, 0x7f, 0xac, 0x3, 0xdd,
    0xfa, 0x1, 0x57, 0xf8, 0xc0, 0x3c, 0xff, 0xe6,
    0x2, 0xff, 0x58, 0x7, 0xee, 0xfe, 0x9, 0xff,
    0x20, 0x7, 0xe9, 0xff, 0x29, 0xff, 0xa8, 0x3,
    0xf7, 0x7f, 0x0, 0x2b, 0xfc, 0x40, 0x1e, 0x6f,
    0xf3, 0x80, 0xb, 0xfd, 0x40, 0x1e, 0xef, 0xd0,
    0xd, 0x3f, 0xe2, 0x0, 0xcf, 0xfe, 0x50, 0xc,
    0x3f, 0xea, 0x0, 0xdd, 0xfa, 0x1, 0xe8, 0xff,
    0x18, 0x1, 0xff, 0xc8, 0x1, 0xf7, 0x7d, 0x80,
    0x3b, 0xec, 0x3, 0xf3, 0xff, 0x8d, 0xff, 0xc6,
    0x1, 0xfd, 0xdf, 0x9d, 0xf4, 0x1, 0xfe, 0x5f,
    0xfc, 0x40, 0x1c,

    /* U+FB01 "ﬁ" */
    0x0, 0xe3, 0xae, 0xff, 0x6d, 0x20, 0x7, 0x4f,
    0xff, 0xe9, 0x0, 0x9f, 0xfe, 0x96, 0x64, 0xf7,
    0x98, 0x5, 0xdf, 0xe4, 0x0, 0xe3, 0x0, 0x87,
    0xfd, 0xa0, 0x1f, 0xe2, 0xff, 0x60, 0x7, 0xeb,
    0xff, 0xff, 0xe0, 0x6d, 0xff, 0xff, 0xf0, 0x34,
    0xd1, 0xbf, 0xda, 0x89, 0x97, 0xfd, 0xa0, 0x2,
    0xff, 0x60, 0x7, 0x7f, 0xb4, 0x0, 0x5f, 0xec,
    0x0, 0xef, 0xf6, 0x80, 0xb, 0xfd, 0x80, 0x1d,
    0xfe, 0xd0, 0x1, 0x7f, 0xb0, 0x3, 0xbf, 0xda,
    0x0, 0x2f, 0xf6, 0x0, 0x77, 0xfb, 0x40, 0x5,
    0xfe, 0xc0, 0xe, 0xff, 0x68, 0x0, 0xbf, 0xd8,
    0x1, 0xdf, 0xed, 0x0, 0x17, 0xfb, 0x0, 0x3b,
    0xfd, 0xa0, 0x2, 0xff, 0x60, 0x7, 0x7f, 0xb4,
    0x0, 0x5f, 0xec, 0x0, 0xef, 0xf6, 0x80, 0xb,
    0xfd, 0x80, 0x1d, 0xfe, 0xd0, 0x1, 0x7f, 0xb0,
    0x3, 0xbf, 0xda,

    /* U+FB02 "ﬂ" */
    0x0, 0xe4, 0xae, 0xfe, 0xc8, 0x20, 0xf, 0xd5,
    0xff, 0xfa, 0x0, 0x3d, 0x1f, 0xf4, 0xb3, 0xe7,
    0xfb, 0x0, 0x3d, 0xff, 0x18, 0x4, 0x5f, 0xec,
    0x0, 0xe2, 0xff, 0x60, 0x6, 0x2f, 0xf6, 0x0,
    0x71, 0xff, 0xac, 0x3, 0x17, 0xfb, 0x0, 0x2b,
    0xff, 0xfa, 0x40, 0xbf, 0xd8, 0x1, 0x5f, 0xff,
    0xd2, 0x5, 0xfe, 0xc0, 0x8, 0xd1, 0xbf, 0xd8,
    0x88, 0x20, 0x2f, 0xf6, 0x0, 0x71, 0xff, 0xac,
    0x3, 0x17, 0xfb, 0x0, 0x38, 0xff, 0xd6, 0x1,
    0x8b, 0xfd, 0x80, 0x1c, 0x7f, 0xeb, 0x0, 0xc5,
    0xfe, 0xc0, 0xe, 0x3f, 0xf5, 0x80, 0x62, 0xff,
    0x60, 0x7, 0x1f, 0xfa, 0xc0, 0x31, 0x7f, 0xb0,
    0x3, 0x8f, 0xfd, 0x60, 0x18, 0xbf, 0xd8, 0x1,
    0xc7, 0xfe, 0xb0, 0xc, 0x5f, 0xec, 0x0, 0xe3,
    0xff, 0x58, 0x6, 0x2f, 0xf6, 0x0, 0x71, 0xff,
    0xac, 0x3, 0x17, 0xfb, 0x80, 0x38, 0xff, 0xd6,
    0x1, 0xdf, 0xf6, 0xe1, 0x80, 0xf, 0xfd, 0x60,
    0x1d, 0x5f, 0xf8, 0xc0, 0x7, 0xfe, 0xb0, 0xe,
    0x1a, 0xef, 0xe3
};


/*---------------------
 *  GLYPH DESCRIPTION
 *--------------------*/

static const lv_font_fmt_txt_glyph_dsc_t glyph_dsc[] = {
    {.bitmap_index = 0, .adv_w = 0, .box_w = 0, .box_h = 0, .ofs_x = 0, .ofs_y = 0} /* id = 0 reserved */,
    {.bitmap_index = 0, .adv_w = 125, .box_w = 0, .box_h = 0, .ofs_x = 0, .ofs_y = 0},
    {.bitmap_index = 0, .adv_w = 117, .box_w = 5, .box_h = 21, .ofs_x = 1, .ofs_y = 0},
    {.bitmap_index = 51, .adv_w = 167, .box_w = 8, .box_h = 9, .ofs_x = 1, .ofs_y = 12},
    {.bitmap_index = 91, .adv_w = 335, .box_w = 19, .box_h = 21, .ofs_x = 1, .ofs_y = 0},
    {.bitmap_index = 229, .adv_w = 269, .box_w = 16, .box_h = 28, .ofs_x = 0, .ofs_y = -3},
    {.bitmap_index = 382, .adv_w = 357, .box_w = 20, .box_h = 21, .ofs_x = 1, .ofs_y = 0},
    {.bitmap_index = 548, .adv_w = 332, .box_w = 19, .box_h = 22, .ofs_x = 1, .ofs_y = -1},
    {.bitmap_index = 708, .adv_w = 86, .box_w = 3, .box_h = 9, .ofs_x = 1, .ofs_y = 12},
    {.bitmap_index = 723, .adv_w = 115, .box_w = 8, .box_h = 27, .ofs_x = 0, .ofs_y = -6},
    {.bitmap_index = 810, .adv_w = 115, .box_w = 7, .box_h = 27, .ofs_x = 0, .ofs_y = -6},
    {.bitmap_index = 894, .adv_w = 191, .box_w = 10, .box_h = 10, .ofs_x = 1, .ofs_y = 11},
    {.bitmap_index = 937, .adv_w = 269, .box_w = 15, .box_h = 15, .ofs_x = 1, .ofs_y = 0},
    {.bitmap_index = 1007, .adv_w = 115, .box_w = 7, .box_h = 9, .ofs_x = 0, .ofs_y = -5},
    {.bitmap_index = 1037, .adv_w = 157, .box_w = 8, .box_h = 3, .ofs_x = 1, .ofs_y = 8},
    {.bitmap_index = 1045, .adv_w = 115, .box_w = 5, .box_h = 4, .ofs_x = 1, .ofs_y = 0},
    {.bitmap_index = 1054, .adv_w = 201, .box_w = 14, .box_h = 27, .ofs_x = -2, .ofs_y = -6},
    {.bitmap_index = 1159, .adv_w = 269, .box_w = 15, .box_h = 21, .ofs_x = 1, .ofs_y = 0},
    {.bitmap_index = 1286, .adv_w = 269, .box_w = 9, .box_h = 21, .ofs_x = 3, .ofs_y = 0},
    {.bitmap_index = 1361, .adv_w = 269, .box_w = 15, .box_h = 21, .ofs_x = 1, .ofs_y = 0},
    {.bitmap_index = 1470, .adv_w = 269, .box_w = 16, .box_h = 21, .ofs_x = 0, .ofs_y = 0},
    {.bitmap_index = 1595, .adv_w = 269, .box_w = 17, .box_h = 21, .ofs_x = 0, .ofs_y = 0},
    {.bitmap_index = 1718, .adv_w = 269, .box_w = 16, .box_h = 21, .ofs_x = 0, .ofs_y = 0},
    {.bitmap_index = 1840, .adv_w = 269, .box_w = 16, .box_h = 21, .ofs_x = 0, .ofs_y = 0},
    {.bitmap_index = 1960, .adv_w = 269, .box_w = 16, .box_h = 21, .ofs_x = 0, .ofs_y = 0},
    {.bitmap_index = 2056, .adv_w = 269, .box_w = 16, .box_h = 21, .ofs_x = 0, .ofs_y = 0},
    {.bitmap_index = 2191, .adv_w = 269, .box_w = 16, .box_h = 21, .ofs_x = 0, .ofs_y = 0},
    {.bitmap_index = 2313, .adv_w = 115, .box_w = 5, .box_h = 14, .ofs_x = 1, .ofs_y = 0},
    {.bitmap_index = 2334, .adv_w = 115, .box_w = 7, .box_h = 19, .ofs_x = 0, .ofs_y = -5},
    {.bitmap_index = 2379, .adv_w = 269, .box_w = 16, .box_h = 15, .ofs_x = 0, .ofs_y = 0},
    {.bitmap_index = 2457, .adv_w = 269, .box_w = 13, .box_h = 9, .ofs_x = 2, .ofs_y = 3},
    {.bitmap_index = 2480, .adv_w = 269, .box_w = 16, .box_h = 15, .ofs_x = 1, .ofs_y = 0},
    {.bitmap_index = 2556, .adv_w = 248, .box_w = 14, .box_h = 21, .ofs_x = 1, .ofs_y = 0},
    {.bitmap_index = 2647, .adv_w = 420, .box_w = 24, .box_h = 23, .ofs_x = 1, .ofs_y = -3},
    {.bitmap_index = 2866, .adv_w = 312, .box_w = 20, .box_h = 21, .ofs_x = 0, .ofs_y = 0},
    {.bitmap_index = 3007, .adv_w = 290, .box_w = 15, .box_h = 21, .ofs_x = 2, .ofs_y = 0},
    {.bitmap_index = 3130, .adv_w = 339, .box_w = 20, .box_h = 21, .ofs_x = 1, .ofs_y = 0},
    {.bitmap_index = 3266, .adv_w = 326, .box_w = 17, .box_h = 21, .ofs_x = 2, .ofs_y = 0},
    {.bitmap_index = 3399, .adv_w = 280, .box_w = 15, .box_h = 21, .ofs_x = 2, .ofs_y = 0},
    {.bitmap_index = 3492, .adv_w = 270, .box_w = 15, .box_h = 21, .ofs_x = 2, .ofs_y = 0},
    {.bitmap_index = 3585, .adv_w = 351, .box_w = 20, .box_h = 21, .ofs_x = 1, .ofs_y = 0},
    {.bitmap_index = 3734, .adv_w = 328, .box_w = 17, .box_h = 21, .ofs_x = 2, .ofs_y = 0},
    {.bitmap_index = 3861, .adv_w = 121, .box_w = 4, .box_h = 21, .ofs_x = 2, .ofs_y = 0},
    {.bitmap_index = 3906, .adv_w = 265, .box_w = 15, .box_h = 21, .ofs_x = 0, .ofs_y = 0},
    {.bitmap_index = 4011, .adv_w = 309, .box_w = 17, .box_h = 21, .ofs_x = 2, .ofs_y = 0},
    {.bitmap_index = 4154, .adv_w = 239, .box_w = 13, .box_h = 21, .ofs_x = 2, .ofs_y = 0},
    {.bitmap_index = 4240, .adv_w = 406, .box_w = 22, .box_h = 21, .ofs_x = 2, .ofs_y = 0},
    {.bitmap_index = 4433, .adv_w = 326, .box_w = 17, .box_h = 21, .ofs_x = 2, .ofs_y = 0},
    {.bitmap_index = 4586, .adv_w = 359, .box_w = 21, .box_h = 21, .ofs_x = 1, .ofs_y = 0},
    {.bitmap_index = 4742, .adv_w = 267, .box_w = 14, .box_h = 21, .ofs_x = 2, .ofs_y = 0},
    {.bitmap_index = 4847, .adv_w = 373, .box_w = 21, .box_h = 23, .ofs_x = 1, .ofs_y = -2},
    {.bitmap_index = 5018, .adv_w = 289, .box_w = 16, .box_h = 21, .ofs_x = 2, .ofs_y = 0},
    {.bitmap_index = 5156, .adv_w = 273, .box_w = 15, .box_h = 21, .ofs_x = 1, .ofs_y = 0},
    {.bitmap_index = 5271, .adv_w = 281, .box_w = 18, .box_h = 21, .ofs_x = 0, .ofs_y = 0},
    {.bitmap_index = 5381, .adv_w = 315, .box_w = 16, .box_h = 21, .ofs_x = 2, .ofs_y = 0},
    {.bitmap_index = 5506, .adv_w = 317, .box_w = 20, .box_h = 21, .ofs_x = 0, .ofs_y = 0},
    {.bitmap_index = 5650, .adv_w = 463, .box_w = 29, .box_h = 21, .ofs_x = 0, .ofs_y = 0},
    {.bitmap_index = 5880, .adv_w = 312, .box_w = 19, .box_h = 21, .ofs_x = 0, .ofs_y = 0},
    {.bitmap_index = 6024, .adv_w = 293, .box_w = 18, .box_h = 21, .ofs_x = 0, .ofs_y = 0},
    {.bitmap_index = 6152, .adv_w = 283, .box_w = 17, .box_h = 21, .ofs_x = 0, .ofs_y = 0},
    {.bitmap_index = 6258, .adv_w = 131, .box_w = 7, .box_h = 30, .ofs_x = 1, .ofs_y = -7},
    {.bitmap_index = 6356, .adv_w = 218, .box_w = 14, .box_h = 27, .ofs_x = 2, .ofs_y = -6},
    {.bitmap_index = 6464, .adv_w = 131, .box_w = 7, .box_h = 30, .ofs_x = 0, .ofs_y = -7},
    {.bitmap_index = 6562, .adv_w = 277, .box_w = 17, .box_h = 15, .ofs_x = 0, .ofs_y = 6},
    {.bitmap_index = 6659, .adv_w = 208, .box_w = 13, .box_h = 3, .ofs_x = 0, .ofs_y = -2},
    {.bitmap_index = 6669, .adv_w = 144, .box_w = 7, .box_h = 4, .ofs_x = 1, .ofs_y = 17},
    {.bitmap_index = 6682, .adv_w = 260, .box_w = 14, .box_h = 15, .ofs_x = 1, .ofs_y = 0},
    {.bitmap_index = 6767, .adv_w = 280, .box_w = 15, .box_h = 21, .ofs_x = 2, .ofs_y = 0},
    {.bitmap_index = 6883, .adv_w = 249, .box_w = 14, .box_h = 15, .ofs_x = 1, .ofs_y = 0},
    {.bitmap_index = 6963, .adv_w = 280, .box_w = 15, .box_h = 21, .ofs_x = 1, .ofs_y = 0},
    {.bitmap_index = 7086, .adv_w = 259, .box_w = 14, .box_h = 15, .ofs_x = 1, .ofs_y = 0},
    {.bitmap_index = 7168, .adv_w = 163, .box_w = 11, .box_h = 21, .ofs_x = 0, .ofs_y = 0},
    {.bitmap_index = 7255, .adv_w = 248, .box_w = 15, .box_h = 22, .ofs_x = 1, .ofs_y = -6},
    {.bitmap_index = 7387, .adv_w = 265, .box_w = 13, .box_h = 21, .ofs_x = 2, .ofs_y = 0},
    {.bitmap_index = 7485, .adv_w = 111, .box_w = 5, .box_h = 21, .ofs_x = 1, .ofs_y = 0},
    {.bitmap_index = 7532, .adv_w = 111, .box_w = 7, .box_h = 27, .ofs_x = -1, .ofs_y = -6},
    {.bitmap_index = 7606, .adv_w = 260, .box_w = 14, .box_h = 21, .ofs_x = 2, .ofs_y = 0},
    {.bitmap_index = 7713, .adv_w = 129, .box_w = 7, .box_h = 21, .ofs_x = 1, .ofs_y = 0},
    {.bitmap_index = 7777, .adv_w = 400, .box_w = 22, .box_h = 15, .ofs_x = 2, .ofs_y = 0},
    {.bitmap_index = 7911, .adv_w = 265, .box_w = 13, .box_h = 15, .ofs_x = 2, .ofs_y = 0},
    {.bitmap_index = 7989, .adv_w = 276, .box_w = 15, .box_h = 15, .ofs_x = 1, .ofs_y = 0},
    {.bitmap_index = 8081, .adv_w = 280, .box_w = 15, .box_h = 21, .ofs_x = 2, .ofs_y = -6},
    {.bitmap_index = 8197, .adv_w = 280, .box_w = 15, .box_h = 21, .ofs_x = 1, .ofs_y = -6},
    {.bitmap_index = 8320, .adv_w = 198, .box_w = 10, .box_h = 15, .ofs_x = 2, .ofs_y = 0},
    {.bitmap_index = 8372, .adv_w = 226, .box_w = 13, .box_h = 15, .ofs_x = 0, .ofs_y = 0},
    {.bitmap_index = 8451, .adv_w = 169, .box_w = 10, .box_h = 21, .ofs_x = 0, .ofs_y = 0},
    {.bitmap_index = 8531, .adv_w = 265, .box_w = 14, .box_h = 15, .ofs_x = 1, .ofs_y = 0},
    {.bitmap_index = 8621, .adv_w = 252, .box_w = 16, .box_h = 15, .ofs_x = 0, .ofs_y = 0},
    {.bitmap_index = 8713, .adv_w = 360, .box_w = 22, .box_h = 15, .ofs_x = 0, .ofs_y = 0},
    {.bitmap_index = 8856, .adv_w = 253, .box_w = 16, .box_h = 15, .ofs_x = 0, .ofs_y = 0},
    {.bitmap_index = 8950, .adv_w = 252, .box_w = 16, .box_h = 21, .ofs_x = 0, .ofs_y = -6},
    {.bitmap_index = 9070, .adv_w = 227, .box_w = 12, .box_h = 15, .ofs_x = 1, .ofs_y = 0},
    {.bitmap_index = 9128, .adv_w = 122, .box_w = 8, .box_h = 30, .ofs_x = 0, .ofs_y = -7},
    {.bitmap_index = 9228, .adv_w = 126, .box_w = 4, .box_h = 30, .ofs_x = 2, .ofs_y = -8},
    {.bitmap_index = 9292, .adv_w = 122, .box_w = 8, .box_h = 30, .ofs_x = 0, .ofs_y = -7},
    {.bitmap_index = 9391, .adv_w = 269, .box_w = 14, .box_h = 6, .ofs_x = 1, .ofs_y = 5},
    {.bitmap_index = 9431, .adv_w = 125, .box_w = 0, .box_h = 0, .ofs_x = 0, .ofs_y = 0},
    {.bitmap_index = 9431, .adv_w = 117, .box_w = 5, .box_h = 21, .ofs_x = 1, .ofs_y = -6},
    {.bitmap_index = 9482, .adv_w = 269, .box_w = 15, .box_h = 21, .ofs_x = 1, .ofs_y = -3},
    {.bitmap_index = 9592, .adv_w = 269, .box_w = 15, .box_h = 21, .ofs_x = 1, .ofs_y = 0},
    {.bitmap_index = 9698, .adv_w = 294, .box_w = 16, .box_h = 16, .ofs_x = 1, .ofs_y = 1},
    {.bitmap_index = 9804, .adv_w = 269, .box_w = 17, .box_h = 21, .ofs_x = 0, .ofs_y = 0},
    {.bitmap_index = 9927, .adv_w = 126, .box_w = 4, .box_h = 30, .ofs_x = 2, .ofs_y = -8},
    {.bitmap_index = 9985, .adv_w = 282, .box_w = 16, .box_h = 27, .ofs_x = 1, .ofs_y = -6},
    {.bitmap_index = 10149, .adv_w = 187, .box_w = 10, .box_h = 4, .ofs_x = 1, .ofs_y = 17},
    {.bitmap_index = 10170, .adv_w = 393, .box_w = 22, .box_h = 23, .ofs_x = 1, .ofs_y = -1},
    {.bitmap_index = 10368, .adv_w = 235, .box_w = 10, .box_h = 11, .ofs_x = 2, .ofs_y = 10},
    {.bitmap_index = 10419, .adv_w = 237, .box_w = 15, .box_h = 13, .ofs_x = 0, .ofs_y = 1},
    {.bitmap_index = 10503, .adv_w = 269, .box_w = 15, .box_h = 9, .ofs_x = 0, .ofs_y = 0},
    {.bitmap_index = 10544, .adv_w = 157, .box_w = 8, .box_h = 3, .ofs_x = 1, .ofs_y = 8},
    {.bitmap_index = 10552, .adv_w = 298, .box_w = 17, .box_h = 17, .ofs_x = 1, .ofs_y = 5},
    {.bitmap_index = 10674, .adv_w = 174, .box_w = 9, .box_h = 2, .ofs_x = 1, .ofs_y = 17},
    {.bitmap_index = 10680, .adv_w = 201, .box_w = 10, .box_h = 9, .ofs_x = 1, .ofs_y = 13},
    {.bitmap_index = 10722, .adv_w = 269, .box_w = 16, .box_h = 17, .ofs_x = 0, .ofs_y = -1},
    {.bitmap_index = 10795, .adv_w = 199, .box_w = 10, .box_h = 12, .ofs_x = 1, .ofs_y = 15},
    {.bitmap_index = 10843, .adv_w = 196, .box_w = 10, .box_h = 12, .ofs_x = 1, .ofs_y = 15},
    {.bitmap_index = 10896, .adv_w = 147, .box_w = 7, .box_h = 4, .ofs_x = 1, .ofs_y = 17},
    {.bitmap_index = 10911, .adv_w = 265, .box_w = 14, .box_h = 20, .ofs_x = 1, .ofs_y = -5},
    {.bitmap_index = 11021, .adv_w = 282, .box_w = 14, .box_h = 25, .ofs_x = 1, .ofs_y = -4},
    {.bitmap_index = 11152, .adv_w = 156, .box_w = 4, .box_h = 4, .ofs_x = 3, .ofs_y = 9},
    {.bitmap_index = 11160, .adv_w = 142, .box_w = 7, .box_h = 8, .ofs_x = 1, .ofs_y = -8},
    {.bitmap_index = 11187, .adv_w = 128, .box_w = 5, .box_h = 12, .ofs_x = 1, .ofs_y = 15},
    {.bitmap_index = 11215, .adv_w = 248, .box_w = 11, .box_h = 11, .ofs_x = 2, .ofs_y = 11},
    {.bitmap_index = 11268, .adv_w = 223, .box_w = 15, .box_h = 13, .ofs_x = -1, .ofs_y = 1},
    {.bitmap_index = 11353, .adv_w = 351, .box_w = 22, .box_h = 21, .ofs_x = 0, .ofs_y = 0},
    {.bitmap_index = 11521, .adv_w = 369, .box_w = 23, .box_h = 21, .ofs_x = 0, .ofs_y = 0},
    {.bitmap_index = 11689, .adv_w = 389, .box_w = 24, .box_h = 21, .ofs_x = 0, .ofs_y = 0},
    {.bitmap_index = 11876, .adv_w = 175, .box_w = 14, .box_h = 21, .ofs_x = 0, .ofs_y = -6},
    {.bitmap_index = 11970, .adv_w = 312, .box_w = 20, .box_h = 27, .ofs_x = 0, .ofs_y = 0},
    {.bitmap_index = 12137, .adv_w = 312, .box_w = 20, .box_h = 27, .ofs_x = 0, .ofs_y = 0},
    {.bitmap_index = 12303, .adv_w = 312, .box_w = 20, .box_h = 28, .ofs_x = 0, .ofs_y = 0},
    {.bitmap_index = 12480, .adv_w = 312, .box_w = 20, .box_h = 26, .ofs_x = 0, .ofs_y = 0},
    {.bitmap_index = 12650, .adv_w = 312, .box_w = 20, .box_h = 27, .ofs_x = 0, .ofs_y = 0},
    {.bitmap_index = 12820, .adv_w = 312, .box_w = 20, .box_h = 26, .ofs_x = 0, .ofs_y = 0},
    {.bitmap_index = 12993, .adv_w = 435, .box_w = 26, .box_h = 21, .ofs_x = 0, .ofs_y = 0},
    {.bitmap_index = 13159, .adv_w = 339, .box_w = 20, .box_h = 27, .ofs_x = 1, .ofs_y = -6},
    {.bitmap_index = 13328, .adv_w = 280, .box_w = 15, .box_h = 27, .ofs_x = 2, .ofs_y = 0},
    {.bitmap_index = 13447, .adv_w = 280, .box_w = 15, .box_h = 27, .ofs_x = 2, .ofs_y = 0},
    {.bitmap_index = 13564, .adv_w = 280, .box_w = 15, .box_h = 28, .ofs_x = 2, .ofs_y = 0},
    {.bitmap_index = 13690, .adv_w = 280, .box_w = 15, .box_h = 27, .ofs_x = 2, .ofs_y = 0},
    {.bitmap_index = 13812, .adv_w = 121, .box_w = 8, .box_h = 27, .ofs_x = -2, .ofs_y = 0},
    {.bitmap_index = 13904, .adv_w = 121, .box_w = 8, .box_h = 27, .ofs_x = 2, .ofs_y = 0},
    {.bitmap_index = 13997, .adv_w = 121, .box_w = 10, .box_h = 28, .ofs_x = -1, .ofs_y = 0},
    {.bitmap_index = 14104, .adv_w = 121, .box_w = 10, .box_h = 27, .ofs_x = -1, .ofs_y = 0},
    {.bitmap_index = 14206, .adv_w = 326, .box_w = 19, .box_h = 21, .ofs_x = 0, .ofs_y = 0},
    {.bitmap_index = 14353, .adv_w = 326, .box_w = 17, .box_h = 26, .ofs_x = 2, .ofs_y = 0},
    {.bitmap_index = 14534, .adv_w = 359, .box_w = 21, .box_h = 28, .ofs_x = 1, .ofs_y = 0},
    {.bitmap_index = 14716, .adv_w = 359, .box_w = 21, .box_h = 28, .ofs_x = 1, .ofs_y = 0},
    {.bitmap_index = 14899, .adv_w = 359, .box_w = 21, .box_h = 28, .ofs_x = 1, .ofs_y = 0},
    {.bitmap_index = 15087, .adv_w = 359, .box_w = 21, .box_h = 27, .ofs_x = 1, .ofs_y = 0},
    {.bitmap_index = 15279, .adv_w = 359, .box_w = 21, .box_h = 28, .ofs_x = 1, .ofs_y = 0},
    {.bitmap_index = 15465, .adv_w = 269, .box_w = 13, .box_h = 13, .ofs_x = 2, .ofs_y = 1},
    {.bitmap_index = 15536, .adv_w = 359, .box_w = 21, .box_h = 21, .ofs_x = 1, .ofs_y = 0},
    {.bitmap_index = 15711, .adv_w = 315, .box_w = 16, .box_h = 28, .ofs_x = 2, .ofs_y = 0},
    {.bitmap_index = 15862, .adv_w = 315, .box_w = 16, .box_h = 28, .ofs_x = 2, .ofs_y = 0},
    {.bitmap_index = 16013, .adv_w = 315, .box_w = 16, .box_h = 28, .ofs_x = 2, .ofs_y = 0},
    {.bitmap_index = 16168, .adv_w = 315, .box_w = 16, .box_h = 28, .ofs_x = 2, .ofs_y = 0},
    {.bitmap_index = 16323, .adv_w = 293, .box_w = 18, .box_h = 27, .ofs_x = 0, .ofs_y = 0},
    {.bitmap_index = 16479, .adv_w = 300, .box_w = 14, .box_h = 21, .ofs_x = 3, .ofs_y = 0},
    {.bitmap_index = 16584, .adv_w = 307, .box_w = 17, .box_h = 21, .ofs_x = 2, .ofs_y = 0},
    {.bitmap_index = 16731, .adv_w = 260, .box_w = 14, .box_h = 21, .ofs_x = 1, .ofs_y = 0},
    {.bitmap_index = 16839, .adv_w = 260, .box_w = 14, .box_h = 21, .ofs_x = 1, .ofs_y = 0},
    {.bitmap_index = 16946, .adv_w = 260, .box_w = 14, .box_h = 22, .ofs_x = 1, .ofs_y = 0},
    {.bitmap_index = 17062, .adv_w = 260, .box_w = 14, .box_h = 21, .ofs_x = 1, .ofs_y = 0},
    {.bitmap_index = 17174, .adv_w = 260, .box_w = 14, .box_h = 21, .ofs_x = 1, .ofs_y = 0},
    {.bitmap_index = 17286, .adv_w = 260, .box_w = 14, .box_h = 23, .ofs_x = 1, .ofs_y = 0},
    {.bitmap_index = 17407, .adv_w = 415, .box_w = 24, .box_h = 15, .ofs_x = 1, .ofs_y = 0},
    {.bitmap_index = 17544, .adv_w = 249, .box_w = 14, .box_h = 21, .ofs_x = 1, .ofs_y = -6},
    {.bitmap_index = 17650, .adv_w = 259, .box_w = 14, .box_h = 21, .ofs_x = 1, .ofs_y = 0},
    {.bitmap_index = 17754, .adv_w = 259, .box_w = 14, .box_h = 21, .ofs_x = 1, .ofs_y = 0},
    {.bitmap_index = 17858, .adv_w = 259, .box_w = 14, .box_h = 22, .ofs_x = 1, .ofs_y = 0},
    {.bitmap_index = 17971, .adv_w = 259, .box_w = 14, .box_h = 21, .ofs_x = 1, .ofs_y = 0},
    {.bitmap_index = 18080, .adv_w = 111, .box_w = 7, .box_h = 21, .ofs_x = -2, .ofs_y = 0},
    {.bitmap_index = 18136, .adv_w = 111, .box_w = 7, .box_h = 21, .ofs_x = 2, .ofs_y = 0},
    {.bitmap_index = 18194, .adv_w = 111, .box_w = 11, .box_h = 22, .ofs_x = -2, .ofs_y = 0},
    {.bitmap_index = 18270, .adv_w = 111, .box_w = 10, .box_h = 21, .ofs_x = -2, .ofs_y = 0},
    {.bitmap_index = 18336, .adv_w = 294, .box_w = 17, .box_h = 22, .ofs_x = 1, .ofs_y = 0},
    {.bitmap_index = 18481, .adv_w = 265, .box_w = 13, .box_h = 21, .ofs_x = 2, .ofs_y = 0},
    {.bitmap_index = 18586, .adv_w = 276, .box_w = 15, .box_h = 21, .ofs_x = 1, .ofs_y = 0},
    {.bitmap_index = 18703, .adv_w = 276, .box_w = 15, .box_h = 21, .ofs_x = 1, .ofs_y = 0},
    {.bitmap_index = 18817, .adv_w = 276, .box_w = 15, .box_h = 22, .ofs_x = 1, .ofs_y = 0},
    {.bitmap_index = 18940, .adv_w = 276, .box_w = 15, .box_h = 21, .ofs_x = 1, .ofs_y = 0},
    {.bitmap_index = 19060, .adv_w = 276, .box_w = 15, .box_h = 21, .ofs_x = 1, .ofs_y = 0},
    {.bitmap_index = 19179, .adv_w = 269, .box_w = 14, .box_h = 13, .ofs_x = 1, .ofs_y = 1},
    {.bitmap_index = 19229, .adv_w = 276, .box_w = 15, .box_h = 18, .ofs_x = 1, .ofs_y = -1},
    {.bitmap_index = 19344, .adv_w = 265, .box_w = 14, .box_h = 21, .ofs_x = 1, .ofs_y = 0},
    {.bitmap_index = 19457, .adv_w = 265, .box_w = 14, .box_h = 21, .ofs_x = 1, .ofs_y = 0},
    {.bitmap_index = 19570, .adv_w = 265, .box_w = 14, .box_h = 22, .ofs_x = 1, .ofs_y = 0},
    {.bitmap_index = 19692, .adv_w = 265, .box_w = 14, .box_h = 21, .ofs_x = 1, .ofs_y = 0},
    {.bitmap_index = 19811, .adv_w = 252, .box_w = 16, .box_h = 27, .ofs_x = 0, .ofs_y = -6},
    {.bitmap_index = 19956, .adv_w = 299, .box_w = 15, .box_h = 27, .ofs_x = 2, .ofs_y = -6},
    {.bitmap_index = 20107, .adv_w = 252, .box_w = 16, .box_h = 27, .ofs_x = 0, .ofs_y = -6},
    {.bitmap_index = 20258, .adv_w = 312, .box_w = 20, .box_h = 25, .ofs_x = 0, .ofs_y = 0},
    {.bitmap_index = 20410, .adv_w = 260, .box_w = 14, .box_h = 19, .ofs_x = 1, .ofs_y = 0},
    {.bitmap_index = 20505, .adv_w = 312, .box_w = 20, .box_h = 26, .ofs_x = 0, .ofs_y = 0},
    {.bitmap_index = 20674, .adv_w = 260, .box_w = 14, .box_h = 21, .ofs_x = 1, .ofs_y = 0},
    {.bitmap_index = 20784, .adv_w = 312, .box_w = 20, .box_h = 27, .ofs_x = 0, .ofs_y = -6},
    {.bitmap_index = 20959, .adv_w = 260, .box_w = 15, .box_h = 21, .ofs_x = 1, .ofs_y = -6},
    {.bitmap_index = 21077, .adv_w = 339, .box_w = 20, .box_h = 28, .ofs_x = 1, .ofs_y = 0},
    {.bitmap_index = 21240, .adv_w = 249, .box_w = 14, .box_h = 21, .ofs_x = 1, .ofs_y = 0},
    {.bitmap_index = 21342, .adv_w = 339, .box_w = 20, .box_h = 28, .ofs_x = 1, .ofs_y = 0},
    {.bitmap_index = 21508, .adv_w = 249, .box_w = 14, .box_h = 22, .ofs_x = 1, .ofs_y = 0},
    {.bitmap_index = 21618, .adv_w = 339, .box_w = 20, .box_h = 28, .ofs_x = 1, .ofs_y = 0},
    {.bitmap_index = 21775, .adv_w = 249, .box_w = 14, .box_h = 21, .ofs_x = 1, .ofs_y = 0},
    {.bitmap_index = 21874, .adv_w = 339, .box_w = 20, .box_h = 28, .ofs_x = 1, .ofs_y = 0},
    {.bitmap_index = 22040, .adv_w = 249, .box_w = 14, .box_h = 21, .ofs_x = 1, .ofs_y = 0},
    {.bitmap_index = 22147, .adv_w = 326, .box_w = 17, .box_h = 27, .ofs_x = 2, .ofs_y = 0},
    {.bitmap_index = 22310, .adv_w = 363, .box_w = 21, .box_h = 21, .ofs_x = 1, .ofs_y = 0},
    {.bitmap_index = 22473, .adv_w = 326, .box_w = 19, .box_h = 21, .ofs_x = 0, .ofs_y = 0},
    {.bitmap_index = 22620, .adv_w = 280, .box_w = 17, .box_h = 21, .ofs_x = 1, .ofs_y = 0},
    {.bitmap_index = 22758, .adv_w = 280, .box_w = 15, .box_h = 25, .ofs_x = 2, .ofs_y = 0},
    {.bitmap_index = 22862, .adv_w = 259, .box_w = 14, .box_h = 19, .ofs_x = 1, .ofs_y = 0},
    {.bitmap_index = 22954, .adv_w = 280, .box_w = 15, .box_h = 26, .ofs_x = 2, .ofs_y = 0},
    {.bitmap_index = 23074, .adv_w = 259, .box_w = 14, .box_h = 21, .ofs_x = 1, .ofs_y = 0},
    {.bitmap_index = 23181, .adv_w = 280, .box_w = 15, .box_h = 27, .ofs_x = 2, .ofs_y = 0},
    {.bitmap_index = 23294, .adv_w = 259, .box_w = 14, .box_h = 21, .ofs_x = 1, .ofs_y = 0},
    {.bitmap_index = 23394, .adv_w = 280, .box_w = 16, .box_h = 27, .ofs_x = 2, .ofs_y = -6},
    {.bitmap_index = 23532, .adv_w = 259, .box_w = 14, .box_h = 21, .ofs_x = 1, .ofs_y = -6},
    {.bitmap_index = 23640, .adv_w = 280, .box_w = 15, .box_h = 27, .ofs_x = 2, .ofs_y = 0},
    {.bitmap_index = 23761, .adv_w = 259, .box_w = 14, .box_h = 21, .ofs_x = 1, .ofs_y = 0},
    {.bitmap_index = 23869, .adv_w = 351, .box_w = 20, .box_h = 28, .ofs_x = 1, .ofs_y = 0},
    {.bitmap_index = 24049, .adv_w = 248, .box_w = 15, .box_h = 28, .ofs_x = 1, .ofs_y = -6},
    {.bitmap_index = 24212, .adv_w = 351, .box_w = 20, .box_h = 27, .ofs_x = 1, .ofs_y = 0},
    {.bitmap_index = 24394, .adv_w = 248, .box_w = 15, .box_h = 27, .ofs_x = 1, .ofs_y = -6},
    {.bitmap_index = 24551, .adv_w = 351, .box_w = 20, .box_h = 28, .ofs_x = 1, .ofs_y = 0},
    {.bitmap_index = 24722, .adv_w = 248, .box_w = 15, .box_h = 27, .ofs_x = 1, .ofs_y = -6},
    {.bitmap_index = 24872, .adv_w = 351, .box_w = 20, .box_h = 27, .ofs_x = 1, .ofs_y = -6},
    {.bitmap_index = 25047, .adv_w = 248, .box_w = 15, .box_h = 27, .ofs_x = 1, .ofs_y = -6},
    {.bitmap_index = 25200, .adv_w = 328, .box_w = 17, .box_h = 28, .ofs_x = 2, .ofs_y = 0},
    {.bitmap_index = 25362, .adv_w = 265, .box_w = 17, .box_h = 28, .ofs_x = -2, .ofs_y = 0},
    {.bitmap_index = 25518, .adv_w = 328, .box_w = 20, .box_h = 21, .ofs_x = 0, .ofs_y = 0},
    {.bitmap_index = 25667, .adv_w = 265, .box_w = 15, .box_h = 21, .ofs_x = 0, .ofs_y = 0},
    {.bitmap_index = 25786, .adv_w = 121, .box_w = 11, .box_h = 26, .ofs_x = -2, .ofs_y = 0},
    {.bitmap_index = 25892, .adv_w = 111, .box_w = 11, .box_h = 21, .ofs_x = -2, .ofs_y = 0},
    {.bitmap_index = 25964, .adv_w = 121, .box_w = 9, .box_h = 25, .ofs_x = -1, .ofs_y = 0},
    {.bitmap_index = 26049, .adv_w = 111, .box_w = 9, .box_h = 19, .ofs_x = -1, .ofs_y = 0},
    {.bitmap_index = 26101, .adv_w = 121, .box_w = 10, .box_h = 26, .ofs_x = -1, .ofs_y = 0},
    {.bitmap_index = 26202, .adv_w = 111, .box_w = 11, .box_h = 21, .ofs_x = -2, .ofs_y = 0},
    {.bitmap_index = 26276, .adv_w = 121, .box_w = 7, .box_h = 27, .ofs_x = 0, .ofs_y = -6},
    {.bitmap_index = 26368, .adv_w = 111, .box_w = 7, .box_h = 27, .ofs_x = 0, .ofs_y = -6},
    {.bitmap_index = 26443, .adv_w = 121, .box_w = 4, .box_h = 27, .ofs_x = 2, .ofs_y = 0},
    {.bitmap_index = 26499, .adv_w = 111, .box_w = 3, .box_h = 15, .ofs_x = 2, .ofs_y = 0},
    {.bitmap_index = 26503, .adv_w = 386, .box_w = 21, .box_h = 21, .ofs_x = 2, .ofs_y = 0},
    {.bitmap_index = 26666, .adv_w = 223, .box_w = 12, .box_h = 27, .ofs_x = 1, .ofs_y = -6},
    {.bitmap_index = 26797, .adv_w = 265, .box_w = 15, .box_h = 28, .ofs_x = 0, .ofs_y = 0},
    {.bitmap_index = 26930, .adv_w = 111, .box_w = 11, .box_h = 28, .ofs_x = -2, .ofs_y = -6},
    {.bitmap_index = 27029, .adv_w = 309, .box_w = 17, .box_h = 27, .ofs_x = 2, .ofs_y = -6},
    {.bitmap_index = 27198, .adv_w = 260, .box_w = 14, .box_h = 27, .ofs_x = 2, .ofs_y = -6},
    {.bitmap_index = 27328, .adv_w = 266, .box_w = 14, .box_h = 15, .ofs_x = 2, .ofs_y = 0},
    {.bitmap_index = 27414, .adv_w = 239, .box_w = 13, .box_h = 27, .ofs_x = 2, .ofs_y = 0},
    {.bitmap_index = 27521, .adv_w = 123, .box_w = 8, .box_h = 27, .ofs_x = 1, .ofs_y = 0},
    {.bitmap_index = 27605, .adv_w = 239, .box_w = 13, .box_h = 27, .ofs_x = 2, .ofs_y = -6},
    {.bitmap_index = 27712, .adv_w = 123, .box_w = 8, .box_h = 27, .ofs_x = 0, .ofs_y = -6},
    {.bitmap_index = 27798, .adv_w = 239, .box_w = 13, .box_h = 21, .ofs_x = 2, .ofs_y = 0},
    {.bitmap_index = 27896, .adv_w = 147, .box_w = 11, .box_h = 21, .ofs_x = 1, .ofs_y = 0},
    {.bitmap_index = 27986, .adv_w = 288, .box_w = 15, .box_h = 21, .ofs_x = 2, .ofs_y = 0},
    {.bitmap_index = 28086, .adv_w = 201, .box_w = 10, .box_h = 21, .ofs_x = 1, .ofs_y = 0},
    {.bitmap_index = 28168, .adv_w = 239, .box_w = 15, .box_h = 21, .ofs_x = 0, .ofs_y = 0},
    {.bitmap_index = 28268, .adv_w = 123, .box_w = 8, .box_h = 21, .ofs_x = 0, .ofs_y = 0},
    {.bitmap_index = 28341, .adv_w = 326, .box_w = 17, .box_h = 27, .ofs_x = 2, .ofs_y = 0},
    {.bitmap_index = 28522, .adv_w = 265, .box_w = 13, .box_h = 21, .ofs_x = 2, .ofs_y = 0},
    {.bitmap_index = 28623, .adv_w = 326, .box_w = 17, .box_h = 27, .ofs_x = 2, .ofs_y = -6},
    {.bitmap_index = 28802, .adv_w = 265, .box_w = 13, .box_h = 21, .ofs_x = 2, .ofs_y = -6},
    {.bitmap_index = 28902, .adv_w = 326, .box_w = 17, .box_h = 27, .ofs_x = 2, .ofs_y = 0},
    {.bitmap_index = 29085, .adv_w = 265, .box_w = 13, .box_h = 21, .ofs_x = 2, .ofs_y = 0},
    {.bitmap_index = 29189, .adv_w = 335, .box_w = 19, .box_h = 21, .ofs_x = 0, .ofs_y = 0},
    {.bitmap_index = 29336, .adv_w = 326, .box_w = 17, .box_h = 27, .ofs_x = 2, .ofs_y = -6},
    {.bitmap_index = 29515, .adv_w = 292, .box_w = 14, .box_h = 21, .ofs_x = 2, .ofs_y = -6},
    {.bitmap_index = 29631, .adv_w = 359, .box_w = 21, .box_h = 26, .ofs_x = 1, .ofs_y = 0},
    {.bitmap_index = 29799, .adv_w = 276, .box_w = 15, .box_h = 19, .ofs_x = 1, .ofs_y = 0},
    {.bitmap_index = 29901, .adv_w = 359, .box_w = 21, .box_h = 27, .ofs_x = 1, .ofs_y = 0},
    {.bitmap_index = 30091, .adv_w = 276, .box_w = 15, .box_h = 21, .ofs_x = 1, .ofs_y = 0},
    {.bitmap_index = 30208, .adv_w = 359, .box_w = 21, .box_h = 27, .ofs_x = 1, .ofs_y = 0},
    {.bitmap_index = 30401, .adv_w = 276, .box_w = 16, .box_h = 21, .ofs_x = 1, .ofs_y = 0},
    {.bitmap_index = 30532, .adv_w = 484, .box_w = 28, .box_h = 21, .ofs_x = 1, .ofs_y = 0},
    {.bitmap_index = 30702, .adv_w = 444, .box_w = 26, .box_h = 15, .ofs_x = 1, .ofs_y = 0},
    {.bitmap_index = 30850, .adv_w = 289, .box_w = 16, .box_h = 27, .ofs_x = 2, .ofs_y = 0},
    {.bitmap_index = 31013, .adv_w = 198, .box_w = 10, .box_h = 21, .ofs_x = 2, .ofs_y = 0},
    {.bitmap_index = 31085, .adv_w = 289, .box_w = 16, .box_h = 27, .ofs_x = 2, .ofs_y = -6},
    {.bitmap_index = 31249, .adv_w = 198, .box_w = 11, .box_h = 21, .ofs_x = 1, .ofs_y = -6},
    {.bitmap_index = 31323, .adv_w = 289, .box_w = 16, .box_h = 27, .ofs_x = 2, .ofs_y = 0},
    {.bitmap_index = 31489, .adv_w = 198, .box_w = 11, .box_h = 21, .ofs_x = 1, .ofs_y = 0},
    {.bitmap_index = 31568, .adv_w = 273, .box_w = 15, .box_h = 28, .ofs_x = 1, .ofs_y = 0},
    {.bitmap_index = 31706, .adv_w = 226, .box_w = 13, .box_h = 21, .ofs_x = 0, .ofs_y = 0},
    {.bitmap_index = 31806, .adv_w = 273, .box_w = 15, .box_h = 28, .ofs_x = 1, .ofs_y = 0},
    {.bitmap_index = 31952, .adv_w = 226, .box_w = 13, .box_h = 22, .ofs_x = 0, .ofs_y = 0},
    {.bitmap_index = 32060, .adv_w = 273, .box_w = 15, .box_h = 27, .ofs_x = 1, .ofs_y = -6},
    {.bitmap_index = 32203, .adv_w = 226, .box_w = 13, .box_h = 21, .ofs_x = 0, .ofs_y = -6},
    {.bitmap_index = 32308, .adv_w = 273, .box_w = 15, .box_h = 28, .ofs_x = 1, .ofs_y = 0},
    {.bitmap_index = 32450, .adv_w = 226, .box_w = 13, .box_h = 21, .ofs_x = 0, .ofs_y = 0},
    {.bitmap_index = 32555, .adv_w = 281, .box_w = 18, .box_h = 27, .ofs_x = 0, .ofs_y = -6},
    {.bitmap_index = 32697, .adv_w = 161, .box_w = 10, .box_h = 27, .ofs_x = 0, .ofs_y = -6},
    {.bitmap_index = 32801, .adv_w = 281, .box_w = 18, .box_h = 27, .ofs_x = 0, .ofs_y = 0},
    {.bitmap_index = 32941, .adv_w = 217, .box_w = 13, .box_h = 23, .ofs_x = 0, .ofs_y = 0},
    {.bitmap_index = 33047, .adv_w = 281, .box_w = 18, .box_h = 21, .ofs_x = 0, .ofs_y = 0},
    {.bitmap_index = 33155, .adv_w = 179, .box_w = 10, .box_h = 21, .ofs_x = 0, .ofs_y = 0},
    {.bitmap_index = 33233, .adv_w = 315, .box_w = 16, .box_h = 27, .ofs_x = 2, .ofs_y = 0},
    {.bitmap_index = 33392, .adv_w = 265, .box_w = 14, .box_h = 21, .ofs_x = 1, .ofs_y = 0},
    {.bitmap_index = 33510, .adv_w = 315, .box_w = 16, .box_h = 26, .ofs_x = 2, .ofs_y = 0},
    {.bitmap_index = 33647, .adv_w = 265, .box_w = 14, .box_h = 19, .ofs_x = 1, .ofs_y = 0},
    {.bitmap_index = 33748, .adv_w = 315, .box_w = 16, .box_h = 27, .ofs_x = 2, .ofs_y = 0},
    {.bitmap_index = 33905, .adv_w = 265, .box_w = 14, .box_h = 21, .ofs_x = 1, .ofs_y = 0},
    {.bitmap_index = 34021, .adv_w = 315, .box_w = 16, .box_h = 27, .ofs_x = 2, .ofs_y = 0},
    {.bitmap_index = 34180, .adv_w = 265, .box_w = 14, .box_h = 23, .ofs_x = 1, .ofs_y = 0},
    {.bitmap_index = 34307, .adv_w = 315, .box_w = 16, .box_h = 27, .ofs_x = 2, .ofs_y = 0},
    {.bitmap_index = 34467, .adv_w = 265, .box_w = 16, .box_h = 21, .ofs_x = 1, .ofs_y = 0},
    {.bitmap_index = 34606, .adv_w = 315, .box_w = 16, .box_h = 27, .ofs_x = 2, .ofs_y = -6},
    {.bitmap_index = 34760, .adv_w = 265, .box_w = 15, .box_h = 21, .ofs_x = 1, .ofs_y = -6},
    {.bitmap_index = 34885, .adv_w = 463, .box_w = 29, .box_h = 28, .ofs_x = 0, .ofs_y = 0},
    {.bitmap_index = 35153, .adv_w = 360, .box_w = 22, .box_h = 22, .ofs_x = 0, .ofs_y = 0},
    {.bitmap_index = 35334, .adv_w = 293, .box_w = 18, .box_h = 28, .ofs_x = 0, .ofs_y = 0},
    {.bitmap_index = 35497, .adv_w = 252, .box_w = 16, .box_h = 28, .ofs_x = 0, .ofs_y = -6},
    {.bitmap_index = 35651, .adv_w = 293, .box_w = 18, .box_h = 27, .ofs_x = 0, .ofs_y = 0},
    {.bitmap_index = 35809, .adv_w = 283, .box_w = 17, .box_h = 27, .ofs_x = 0, .ofs_y = 0},
    {.bitmap_index = 35942, .adv_w = 227, .box_w = 12, .box_h = 21, .ofs_x = 1, .ofs_y = 0},
    {.bitmap_index = 36022, .adv_w = 283, .box_w = 17, .box_h = 27, .ofs_x = 0, .ofs_y = 0},
    {.bitmap_index = 36150, .adv_w = 227, .box_w = 12, .box_h = 21, .ofs_x = 1, .ofs_y = 0},
    {.bitmap_index = 36227, .adv_w = 283, .box_w = 17, .box_h = 27, .ofs_x = 0, .ofs_y = 0},
    {.bitmap_index = 36362, .adv_w = 227, .box_w = 12, .box_h = 21, .ofs_x = 1, .ofs_y = 0},
    {.bitmap_index = 36446, .adv_w = 361, .box_w = 21, .box_h = 21, .ofs_x = 1, .ofs_y = 0},
    {.bitmap_index = 36589, .adv_w = 269, .box_w = 13, .box_h = 27, .ofs_x = 2, .ofs_y = -6},
    {.bitmap_index = 36705, .adv_w = 326, .box_w = 20, .box_h = 27, .ofs_x = -1, .ofs_y = -6},
    {.bitmap_index = 36910, .adv_w = 359, .box_w = 22, .box_h = 21, .ofs_x = 1, .ofs_y = 0},
    {.bitmap_index = 37079, .adv_w = 276, .box_w = 17, .box_h = 17, .ofs_x = 1, .ofs_y = 0},
    {.bitmap_index = 37194, .adv_w = 360, .box_w = 20, .box_h = 21, .ofs_x = 2, .ofs_y = 0},
    {.bitmap_index = 37347, .adv_w = 265, .box_w = 16, .box_h = 19, .ofs_x = 1, .ofs_y = 0},
    {.bitmap_index = 37469, .adv_w = 312, .box_w = 20, .box_h = 27, .ofs_x = 0, .ofs_y = 0},
    {.bitmap_index = 37640, .adv_w = 260, .box_w = 14, .box_h = 21, .ofs_x = 1, .ofs_y = 0},
    {.bitmap_index = 37751, .adv_w = 121, .box_w = 10, .box_h = 27, .ofs_x = -1, .ofs_y = 0},
    {.bitmap_index = 37853, .adv_w = 111, .box_w = 11, .box_h = 21, .ofs_x = -2, .ofs_y = 0},
    {.bitmap_index = 37922, .adv_w = 359, .box_w = 21, .box_h = 28, .ofs_x = 1, .ofs_y = 0},
    {.bitmap_index = 38110, .adv_w = 276, .box_w = 15, .box_h = 21, .ofs_x = 1, .ofs_y = 0},
    {.bitmap_index = 38227, .adv_w = 315, .box_w = 16, .box_h = 28, .ofs_x = 2, .ofs_y = 0},
    {.bitmap_index = 38381, .adv_w = 265, .box_w = 14, .box_h = 21, .ofs_x = 1, .ofs_y = 0},
    {.bitmap_index = 38498, .adv_w = 351, .box_w = 20, .box_h = 28, .ofs_x = 1, .ofs_y = 0},
    {.bitmap_index = 38677, .adv_w = 248, .box_w = 15, .box_h = 27, .ofs_x = 1, .ofs_y = -6},
    {.bitmap_index = 38835, .adv_w = 359, .box_w = 21, .box_h = 27, .ofs_x = 1, .ofs_y = -6},
    {.bitmap_index = 39024, .adv_w = 276, .box_w = 15, .box_h = 21, .ofs_x = 1, .ofs_y = -6},
    {.bitmap_index = 39143, .adv_w = 312, .box_w = 20, .box_h = 28, .ofs_x = 0, .ofs_y = 0},
    {.bitmap_index = 39330, .adv_w = 260, .box_w = 15, .box_h = 25, .ofs_x = 1, .ofs_y = 0},
    {.bitmap_index = 39467, .adv_w = 435, .box_w = 26, .box_h = 27, .ofs_x = 0, .ofs_y = 0},
    {.bitmap_index = 39659, .adv_w = 415, .box_w = 24, .box_h = 21, .ofs_x = 1, .ofs_y = 0},
    {.bitmap_index = 39824, .adv_w = 359, .box_w = 21, .box_h = 28, .ofs_x = 1, .ofs_y = 0},
    {.bitmap_index = 40025, .adv_w = 276, .box_w = 15, .box_h = 22, .ofs_x = 1, .ofs_y = -1},
    {.bitmap_index = 40158, .adv_w = 273, .box_w = 15, .box_h = 27, .ofs_x = 1, .ofs_y = -6},
    {.bitmap_index = 40295, .adv_w = 226, .box_w = 13, .box_h = 21, .ofs_x = 0, .ofs_y = -6},
    {.bitmap_index = 40395, .adv_w = 281, .box_w = 18, .box_h = 27, .ofs_x = 0, .ofs_y = -6},
    {.bitmap_index = 40530, .adv_w = 161, .box_w = 10, .box_h = 27, .ofs_x = 0, .ofs_y = -6},
    {.bitmap_index = 40630, .adv_w = 293, .box_w = 18, .box_h = 25, .ofs_x = 0, .ofs_y = 0},
    {.bitmap_index = 40770, .adv_w = 252, .box_w = 16, .box_h = 25, .ofs_x = 0, .ofs_y = -6},
    {.bitmap_index = 40902, .adv_w = 111, .box_w = 6, .box_h = 21, .ofs_x = -1, .ofs_y = -6},
    {.bitmap_index = 40957, .adv_w = 259, .box_w = 14, .box_h = 15, .ofs_x = 1, .ofs_y = 0},
    {.bitmap_index = 41039, .adv_w = 266, .box_w = 16, .box_h = 21, .ofs_x = -1, .ofs_y = -6},
    {.bitmap_index = 41170, .adv_w = 190, .box_w = 10, .box_h = 5, .ofs_x = 1, .ofs_y = 16},
    {.bitmap_index = 41192, .adv_w = 190, .box_w = 10, .box_h = 5, .ofs_x = 1, .ofs_y = 16},
    {.bitmap_index = 41214, .adv_w = 191, .box_w = 10, .box_h = 4, .ofs_x = 1, .ofs_y = 17},
    {.bitmap_index = 41235, .adv_w = 97, .box_w = 4, .box_h = 4, .ofs_x = 1, .ofs_y = 17},
    {.bitmap_index = 41244, .adv_w = 146, .box_w = 7, .box_h = 7, .ofs_x = 1, .ofs_y = 16},
    {.bitmap_index = 41268, .adv_w = 139, .box_w = 7, .box_h = 6, .ofs_x = 1, .ofs_y = -6},
    {.bitmap_index = 41288, .adv_w = 200, .box_w = 11, .box_h = 4, .ofs_x = 1, .ofs_y = 17},
    {.bitmap_index = 41311, .adv_w = 234, .box_w = 13, .box_h = 5, .ofs_x = 1, .ofs_y = 16},
    {.bitmap_index = 41343, .adv_w = 255, .box_w = 14, .box_h = 5, .ofs_x = 1, .ofs_y = 10},
    {.bitmap_index = 41375, .adv_w = 255, .box_w = 14, .box_h = 5, .ofs_x = 1, .ofs_y = 10},
    {.bitmap_index = 41409, .adv_w = 0, .box_w = 7, .box_h = 4, .ofs_x = 1, .ofs_y = 17},
    {.bitmap_index = 41422, .adv_w = 0, .box_w = 7, .box_h = 4, .ofs_x = 1, .ofs_y = 17},
    {.bitmap_index = 41437, .adv_w = 0, .box_w = 10, .box_h = 5, .ofs_x = 1, .ofs_y = 16},
    {.bitmap_index = 41459, .adv_w = 0, .box_w = 11, .box_h = 4, .ofs_x = 1, .ofs_y = 17},
    {.bitmap_index = 41482, .adv_w = 0, .box_w = 9, .box_h = 2, .ofs_x = 1, .ofs_y = 17},
    {.bitmap_index = 41488, .adv_w = 0, .box_w = 10, .box_h = 5, .ofs_x = 1, .ofs_y = 17},
    {.bitmap_index = 41513, .adv_w = 0, .box_w = 4, .box_h = 4, .ofs_x = 1, .ofs_y = 17},
    {.bitmap_index = 41522, .adv_w = 0, .box_w = 10, .box_h = 4, .ofs_x = 1, .ofs_y = 17},
    {.bitmap_index = 41543, .adv_w = 0, .box_w = 6, .box_h = 6, .ofs_x = 1, .ofs_y = 15},
    {.bitmap_index = 41561, .adv_w = 0, .box_w = 7, .box_h = 7, .ofs_x = 1, .ofs_y = 16},
    {.bitmap_index = 41585, .adv_w = 0, .box_w = 13, .box_h = 5, .ofs_x = 1, .ofs_y = 16},
    {.bitmap_index = 41617, .adv_w = 0, .box_w = 10, .box_h = 5, .ofs_x = 1, .ofs_y = 16},
    {.bitmap_index = 41639, .adv_w = 0, .box_w = 13, .box_h = 5, .ofs_x = 1, .ofs_y = 16},
    {.bitmap_index = 41669, .adv_w = 0, .box_w = 6, .box_h = 5, .ofs_x = 1, .ofs_y = 17},
    {.bitmap_index = 41685, .adv_w = 0, .box_w = 5, .box_h = 6, .ofs_x = 1, .ofs_y = 15},
    {.bitmap_index = 41701, .adv_w = 0, .box_w = 4, .box_h = 4, .ofs_x = 1, .ofs_y = -5},
    {.bitmap_index = 41710, .adv_w = 0, .box_w = 6, .box_h = 5, .ofs_x = 1, .ofs_y = -6},
    {.bitmap_index = 41726, .adv_w = 0, .box_w = 7, .box_h = 8, .ofs_x = 1, .ofs_y = -7},
    {.bitmap_index = 41751, .adv_w = 0, .box_w = 7, .box_h = 6, .ofs_x = 1, .ofs_y = -6},
    {.bitmap_index = 41771, .adv_w = 0, .box_w = 10, .box_h = 2, .ofs_x = 1, .ofs_y = 8},
    {.bitmap_index = 41777, .adv_w = 0, .box_w = 20, .box_h = 2, .ofs_x = 1, .ofs_y = 8},
    {.bitmap_index = 41786, .adv_w = 0, .box_w = 8, .box_h = 10, .ofs_x = 1, .ofs_y = 6},
    {.bitmap_index = 41817, .adv_w = 0, .box_w = 13, .box_h = 18, .ofs_x = 1, .ofs_y = 0},
    {.bitmap_index = 41880, .adv_w = 147, .box_w = 6, .box_h = 9, .ofs_x = 1, .ofs_y = 13},
    {.bitmap_index = 41908, .adv_w = 147, .box_w = 7, .box_h = 9, .ofs_x = 0, .ofs_y = 0},
    {.bitmap_index = 41938, .adv_w = 115, .box_w = 7, .box_h = 19, .ofs_x = 0, .ofs_y = -5},
    {.bitmap_index = 41984, .adv_w = 118, .box_w = 5, .box_h = 5, .ofs_x = 1, .ofs_y = 17},
    {.bitmap_index = 41997, .adv_w = 220, .box_w = 12, .box_h = 8, .ofs_x = 1, .ofs_y = 18},
    {.bitmap_index = 42036, .adv_w = 169, .box_w = 8, .box_h = 8, .ofs_x = 1, .ofs_y = 4},
    {.bitmap_index = 42056, .adv_w = 347, .box_w = 20, .box_h = 22, .ofs_x = 1, .ofs_y = 0},
    {.bitmap_index = 42204, .adv_w = 395, .box_w = 20, .box_h = 22, .ofs_x = 1, .ofs_y = 0},
    {.bitmap_index = 42365, .adv_w = 265, .box_w = 14, .box_h = 20, .ofs_x = 1, .ofs_y = -5},
    {.bitmap_index = 42476, .adv_w = 280, .box_w = 16, .box_h = 15, .ofs_x = 1, .ofs_y = 0},
    {.bitmap_index = 42573, .adv_w = 351, .box_w = 20, .box_h = 26, .ofs_x = 1, .ofs_y = 0},
    {.bitmap_index = 42733, .adv_w = 248, .box_w = 15, .box_h = 26, .ofs_x = 1, .ofs_y = -6},
    {.bitmap_index = 42874, .adv_w = 326, .box_w = 17, .box_h = 27, .ofs_x = 2, .ofs_y = 0},
    {.bitmap_index = 43050, .adv_w = 265, .box_w = 13, .box_h = 21, .ofs_x = 2, .ofs_y = 0},
    {.bitmap_index = 43147, .adv_w = 463, .box_w = 29, .box_h = 27, .ofs_x = 0, .ofs_y = 0},
    {.bitmap_index = 43404, .adv_w = 360, .box_w = 22, .box_h = 21, .ofs_x = 0, .ofs_y = 0},
    {.bitmap_index = 43573, .adv_w = 463, .box_w = 29, .box_h = 27, .ofs_x = 0, .ofs_y = 0},
    {.bitmap_index = 43831, .adv_w = 360, .box_w = 22, .box_h = 21, .ofs_x = 0, .ofs_y = 0},
    {.bitmap_index = 44002, .adv_w = 463, .box_w = 29, .box_h = 27, .ofs_x = 0, .ofs_y = 0},
    {.bitmap_index = 44263, .adv_w = 360, .box_w = 22, .box_h = 21, .ofs_x = 0, .ofs_y = 0},
    {.bitmap_index = 44439, .adv_w = 372, .box_w = 20, .box_h = 21, .ofs_x = 2, .ofs_y = 0},
    {.bitmap_index = 44601, .adv_w = 312, .box_w = 20, .box_h = 27, .ofs_x = 0, .ofs_y = -6},
    {.bitmap_index = 44763, .adv_w = 260, .box_w = 14, .box_h = 20, .ofs_x = 1, .ofs_y = -5},
    {.bitmap_index = 44867, .adv_w = 312, .box_w = 20, .box_h = 27, .ofs_x = 0, .ofs_y = 0},
    {.bitmap_index = 45039, .adv_w = 260, .box_w = 14, .box_h = 21, .ofs_x = 1, .ofs_y = 0},
    {.bitmap_index = 45149, .adv_w = 312, .box_w = 20, .box_h = 30, .ofs_x = 0, .ofs_y = 0},
    {.bitmap_index = 45338, .adv_w = 260, .box_w = 14, .box_h = 24, .ofs_x = 1, .ofs_y = 0},
    {.bitmap_index = 45464, .adv_w = 312, .box_w = 20, .box_h = 30, .ofs_x = 0, .ofs_y = 0},
    {.bitmap_index = 45651, .adv_w = 260, .box_w = 14, .box_h = 24, .ofs_x = 1, .ofs_y = 0},
    {.bitmap_index = 45777, .adv_w = 312, .box_w = 20, .box_h = 30, .ofs_x = 0, .ofs_y = 0},
    {.bitmap_index = 45966, .adv_w = 260, .box_w = 14, .box_h = 25, .ofs_x = 1, .ofs_y = 0},
    {.bitmap_index = 46098, .adv_w = 312, .box_w = 20, .box_h = 30, .ofs_x = 0, .ofs_y = 0},
    {.bitmap_index = 46289, .adv_w = 260, .box_w = 14, .box_h = 24, .ofs_x = 1, .ofs_y = 0},
    {.bitmap_index = 46418, .adv_w = 312, .box_w = 20, .box_h = 34, .ofs_x = 0, .ofs_y = -6},
    {.bitmap_index = 46616, .adv_w = 260, .box_w = 14, .box_h = 27, .ofs_x = 1, .ofs_y = -5},
    {.bitmap_index = 46752, .adv_w = 312, .box_w = 20, .box_h = 30, .ofs_x = 0, .ofs_y = 0},
    {.bitmap_index = 46940, .adv_w = 260, .box_w = 14, .box_h = 25, .ofs_x = 1, .ofs_y = 0},
    {.bitmap_index = 47066, .adv_w = 312, .box_w = 20, .box_h = 30, .ofs_x = 0, .ofs_y = 0},
    {.bitmap_index = 47254, .adv_w = 260, .box_w = 14, .box_h = 25, .ofs_x = 1, .ofs_y = 0},
    {.bitmap_index = 47381, .adv_w = 312, .box_w = 20, .box_h = 31, .ofs_x = 0, .ofs_y = 0},
    {.bitmap_index = 47574, .adv_w = 260, .box_w = 14, .box_h = 26, .ofs_x = 1, .ofs_y = 0},
    {.bitmap_index = 47706, .adv_w = 312, .box_w = 20, .box_h = 30, .ofs_x = 0, .ofs_y = 0},
    {.bitmap_index = 47899, .adv_w = 260, .box_w = 14, .box_h = 25, .ofs_x = 1, .ofs_y = 0},
    {.bitmap_index = 48029, .adv_w = 312, .box_w = 20, .box_h = 32, .ofs_x = 0, .ofs_y = -6},
    {.bitmap_index = 48219, .adv_w = 260, .box_w = 14, .box_h = 26, .ofs_x = 1, .ofs_y = -5},
    {.bitmap_index = 48349, .adv_w = 280, .box_w = 15, .box_h = 27, .ofs_x = 2, .ofs_y = -6},
    {.bitmap_index = 48462, .adv_w = 259, .box_w = 14, .box_h = 20, .ofs_x = 1, .ofs_y = -5},
    {.bitmap_index = 48562, .adv_w = 280, .box_w = 15, .box_h = 27, .ofs_x = 2, .ofs_y = 0},
    {.bitmap_index = 48682, .adv_w = 259, .box_w = 14, .box_h = 21, .ofs_x = 1, .ofs_y = 0},
    {.bitmap_index = 48789, .adv_w = 280, .box_w = 15, .box_h = 26, .ofs_x = 2, .ofs_y = 0},
    {.bitmap_index = 48910, .adv_w = 259, .box_w = 14, .box_h = 21, .ofs_x = 1, .ofs_y = 0},
    {.bitmap_index = 49018, .adv_w = 280, .box_w = 15, .box_h = 30, .ofs_x = 2, .ofs_y = 0},
    {.bitmap_index = 49153, .adv_w = 259, .box_w = 14, .box_h = 24, .ofs_x = 1, .ofs_y = 0},
    {.bitmap_index = 49275, .adv_w = 280, .box_w = 15, .box_h = 30, .ofs_x = 2, .ofs_y = 0},
    {.bitmap_index = 49411, .adv_w = 259, .box_w = 14, .box_h = 24, .ofs_x = 1, .ofs_y = 0},
    {.bitmap_index = 49534, .adv_w = 280, .box_w = 15, .box_h = 30, .ofs_x = 2, .ofs_y = 0},
    {.bitmap_index = 49673, .adv_w = 259, .box_w = 14, .box_h = 25, .ofs_x = 1, .ofs_y = 0},
    {.bitmap_index = 49801, .adv_w = 280, .box_w = 15, .box_h = 30, .ofs_x = 2, .ofs_y = 0},
    {.bitmap_index = 49940, .adv_w = 259, .box_w = 14, .box_h = 24, .ofs_x = 1, .ofs_y = 0},
    {.bitmap_index = 50066, .adv_w = 280, .box_w = 15, .box_h = 34, .ofs_x = 2, .ofs_y = -6},
    {.bitmap_index = 50212, .adv_w = 259, .box_w = 14, .box_h = 27, .ofs_x = 1, .ofs_y = -5},
    {.bitmap_index = 50342, .adv_w = 121, .box_w = 7, .box_h = 27, .ofs_x = 1, .ofs_y = 0},
    {.bitmap_index = 50432, .adv_w = 111, .box_w = 6, .box_h = 21, .ofs_x = 1, .ofs_y = 0},
    {.bitmap_index = 50487, .adv_w = 121, .box_w = 4, .box_h = 27, .ofs_x = 2, .ofs_y = -6},
    {.bitmap_index = 50542, .adv_w = 111, .box_w = 5, .box_h = 27, .ofs_x = 1, .ofs_y = -6},
    {.bitmap_index = 50599, .adv_w = 359, .box_w = 21, .box_h = 26, .ofs_x = 1, .ofs_y = -5},
    {.bitmap_index = 50776, .adv_w = 276, .box_w = 15, .box_h = 20, .ofs_x = 1, .ofs_y = -5},
    {.bitmap_index = 50885, .adv_w = 359, .box_w = 21, .box_h = 28, .ofs_x = 1, .ofs_y = 0},
    {.bitmap_index = 51076, .adv_w = 276, .box_w = 15, .box_h = 21, .ofs_x = 1, .ofs_y = 0},
    {.bitmap_index = 51195, .adv_w = 359, .box_w = 21, .box_h = 30, .ofs_x = 1, .ofs_y = 0},
    {.bitmap_index = 51400, .adv_w = 276, .box_w = 15, .box_h = 24, .ofs_x = 1, .ofs_y = 0},
    {.bitmap_index = 51533, .adv_w = 359, .box_w = 21, .box_h = 30, .ofs_x = 1, .ofs_y = 0},
    {.bitmap_index = 51737, .adv_w = 276, .box_w = 15, .box_h = 24, .ofs_x = 1, .ofs_y = 0},
    {.bitmap_index = 51871, .adv_w = 359, .box_w = 21, .box_h = 30, .ofs_x = 1, .ofs_y = 0},
    {.bitmap_index = 52081, .adv_w = 276, .box_w = 15, .box_h = 25, .ofs_x = 1, .ofs_y = 0},
    {.bitmap_index = 52222, .adv_w = 359, .box_w = 21, .box_h = 30, .ofs_x = 1, .ofs_y = 0},
    {.bitmap_index = 52431, .adv_w = 276, .box_w = 15, .box_h = 24, .ofs_x = 1, .ofs_y = 0},
    {.bitmap_index = 52568, .adv_w = 359, .box_w = 21, .box_h = 33, .ofs_x = 1, .ofs_y = -5},
    {.bitmap_index = 52777, .adv_w = 276, .box_w = 15, .box_h = 27, .ofs_x = 1, .ofs_y = -5},
    {.bitmap_index = 52917, .adv_w = 359, .box_w = 22, .box_h = 28, .ofs_x = 1, .ofs_y = 0},
    {.bitmap_index = 53113, .adv_w = 276, .box_w = 17, .box_h = 21, .ofs_x = 1, .ofs_y = 0},
    {.bitmap_index = 53250, .adv_w = 359, .box_w = 22, .box_h = 28, .ofs_x = 1, .ofs_y = 0},
    {.bitmap_index = 53445, .adv_w = 276, .box_w = 17, .box_h = 21, .ofs_x = 1, .ofs_y = 0},
    {.bitmap_index = 53582, .adv_w = 359, .box_w = 22, .box_h = 28, .ofs_x = 1, .ofs_y = 0},
    {.bitmap_index = 53786, .adv_w = 276, .box_w = 17, .box_h = 21, .ofs_x = 1, .ofs_y = 0},
    {.bitmap_index = 53925, .adv_w = 359, .box_w = 22, .box_h = 27, .ofs_x = 1, .ofs_y = 0},
    {.bitmap_index = 54133, .adv_w = 276, .box_w = 17, .box_h = 21, .ofs_x = 1, .ofs_y = 0},
    {.bitmap_index = 54275, .adv_w = 359, .box_w = 22, .box_h = 26, .ofs_x = 1, .ofs_y = -5},
    {.bitmap_index = 54465, .adv_w = 276, .box_w = 17, .box_h = 22, .ofs_x = 1, .ofs_y = -5},
    {.bitmap_index = 54599, .adv_w = 315, .box_w = 16, .box_h = 26, .ofs_x = 2, .ofs_y = -5},
    {.bitmap_index = 54745, .adv_w = 265, .box_w = 14, .box_h = 20, .ofs_x = 1, .ofs_y = -5},
    {.bitmap_index = 54853, .adv_w = 315, .box_w = 16, .box_h = 28, .ofs_x = 2, .ofs_y = 0},
    {.bitmap_index = 55009, .adv_w = 265, .box_w = 14, .box_h = 21, .ofs_x = 1, .ofs_y = 0},
    {.bitmap_index = 55124, .adv_w = 360, .box_w = 20, .box_h = 28, .ofs_x = 2, .ofs_y = 0},
    {.bitmap_index = 55305, .adv_w = 265, .box_w = 16, .box_h = 21, .ofs_x = 1, .ofs_y = 0},
    {.bitmap_index = 55441, .adv_w = 360, .box_w = 20, .box_h = 28, .ofs_x = 2, .ofs_y = 0},
    {.bitmap_index = 55620, .adv_w = 265, .box_w = 16, .box_h = 21, .ofs_x = 1, .ofs_y = 0},
    {.bitmap_index = 55757, .adv_w = 360, .box_w = 20, .box_h = 28, .ofs_x = 2, .ofs_y = 0},
    {.bitmap_index = 55941, .adv_w = 265, .box_w = 16, .box_h = 21, .ofs_x = 1, .ofs_y = 0},
    {.bitmap_index = 56079, .adv_w = 360, .box_w = 20, .box_h = 27, .ofs_x = 2, .ofs_y = 0},
    {.bitmap_index = 56268, .adv_w = 265, .box_w = 16, .box_h = 21, .ofs_x = 1, .ofs_y = 0},
    {.bitmap_index = 56410, .adv_w = 360, .box_w = 20, .box_h = 26, .ofs_x = 2, .ofs_y = -5},
    {.bitmap_index = 56584, .adv_w = 265, .box_w = 16, .box_h = 24, .ofs_x = 1, .ofs_y = -5},
    {.bitmap_index = 56727, .adv_w = 293, .box_w = 18, .box_h = 27, .ofs_x = 0, .ofs_y = 0},
    {.bitmap_index = 56881, .adv_w = 252, .box_w = 16, .box_h = 27, .ofs_x = 0, .ofs_y = -6},
    {.bitmap_index = 57026, .adv_w = 293, .box_w = 18, .box_h = 27, .ofs_x = 0, .ofs_y = -6},
    {.bitmap_index = 57174, .adv_w = 252, .box_w = 16, .box_h = 21, .ofs_x = 0, .ofs_y = -6},
    {.bitmap_index = 57301, .adv_w = 293, .box_w = 18, .box_h = 27, .ofs_x = 0, .ofs_y = 0},
    {.bitmap_index = 57460, .adv_w = 252, .box_w = 16, .box_h = 27, .ofs_x = 0, .ofs_y = -6},
    {.bitmap_index = 57610, .adv_w = 293, .box_w = 18, .box_h = 26, .ofs_x = 0, .ofs_y = 0},
    {.bitmap_index = 57767, .adv_w = 252, .box_w = 16, .box_h = 27, .ofs_x = 0, .ofs_y = -6},
    {.bitmap_index = 57916, .adv_w = 200, .box_w = 12, .box_h = 3, .ofs_x = 0, .ofs_y = 8},
    {.bitmap_index = 57925, .adv_w = 508, .box_w = 32, .box_h = 3, .ofs_x = 0, .ofs_y = 8},
    {.bitmap_index = 57938, .adv_w = 334, .box_w = 19, .box_h = 3, .ofs_x = 1, .ofs_y = 8},
    {.bitmap_index = 57950, .adv_w = 127, .box_w = 7, .box_h = 9, .ofs_x = 0, .ofs_y = 12},
    {.bitmap_index = 57980, .adv_w = 127, .box_w = 6, .box_h = 9, .ofs_x = 1, .ofs_y = 12},
    {.bitmap_index = 58008, .adv_w = 138, .box_w = 7, .box_h = 9, .ofs_x = 1, .ofs_y = -5},
    {.bitmap_index = 58038, .adv_w = 214, .box_w = 13, .box_h = 9, .ofs_x = 0, .ofs_y = 12},
    {.bitmap_index = 58094, .adv_w = 214, .box_w = 12, .box_h = 9, .ofs_x = 1, .ofs_y = 12},
    {.bitmap_index = 58148, .adv_w = 194, .box_w = 12, .box_h = 9, .ofs_x = 0, .ofs_y = -5},
    {.bitmap_index = 58204, .adv_w = 186, .box_w = 11, .box_h = 24, .ofs_x = 0, .ofs_y = -3},
    {.bitmap_index = 58288, .adv_w = 192, .box_w = 10, .box_h = 24, .ofs_x = 1, .ofs_y = -3},
    {.bitmap_index = 58380, .adv_w = 174, .box_w = 8, .box_h = 7, .ofs_x = 1, .ofs_y = 4},
    {.bitmap_index = 58399, .adv_w = 185, .box_w = 10, .box_h = 11, .ofs_x = 2, .ofs_y = 2},
    {.bitmap_index = 58436, .adv_w = 213, .box_w = 11, .box_h = 4, .ofs_x = 1, .ofs_y = 0},
    {.bitmap_index = 58457, .adv_w = 324, .box_w = 18, .box_h = 4, .ofs_x = 1, .ofs_y = 0},
    {.bitmap_index = 58491, .adv_w = 495, .box_w = 29, .box_h = 21, .ofs_x = 1, .ofs_y = 0},
    {.bitmap_index = 58709, .adv_w = 647, .box_w = 39, .box_h = 21, .ofs_x = 1, .ofs_y = 0},
    {.bitmap_index = 58972, .adv_w = 124, .box_w = 8, .box_h = 13, .ofs_x = 0, .ofs_y = 1},
    {.bitmap_index = 59015, .adv_w = 124, .box_w = 8, .box_h = 13, .ofs_x = 0, .ofs_y = 1},
    {.bitmap_index = 59058, .adv_w = 62, .box_w = 16, .box_h = 21, .ofs_x = -6, .ofs_y = 0},
    {.bitmap_index = 59160, .adv_w = 196, .box_w = 10, .box_h = 12, .ofs_x = 1, .ofs_y = 15},
    {.bitmap_index = 59209, .adv_w = 269, .box_w = 15, .box_h = 22, .ofs_x = 1, .ofs_y = 0},
    {.bitmap_index = 59330, .adv_w = 269, .box_w = 17, .box_h = 21, .ofs_x = 0, .ofs_y = 0},
    {.bitmap_index = 59447, .adv_w = 269, .box_w = 17, .box_h = 21, .ofs_x = 0, .ofs_y = 0},
    {.bitmap_index = 59571, .adv_w = 269, .box_w = 17, .box_h = 21, .ofs_x = 0, .ofs_y = 0},
    {.bitmap_index = 59695, .adv_w = 269, .box_w = 17, .box_h = 21, .ofs_x = 0, .ofs_y = 0},
    {.bitmap_index = 59810, .adv_w = 269, .box_w = 16, .box_h = 21, .ofs_x = 0, .ofs_y = 0},
    {.bitmap_index = 59903, .adv_w = 269, .box_w = 17, .box_h = 21, .ofs_x = 0, .ofs_y = 0},
    {.bitmap_index = 60029, .adv_w = 541, .box_w = 31, .box_h = 21, .ofs_x = 2, .ofs_y = 0},
    {.bitmap_index = 60278, .adv_w = 340, .box_w = 20, .box_h = 10, .ofs_x = 0, .ofs_y = 11},
    {.bitmap_index = 60369, .adv_w = 376, .box_w = 21, .box_h = 22, .ofs_x = 1, .ofs_y = 0},
    {.bitmap_index = 60532, .adv_w = 380, .box_w = 23, .box_h = 21, .ofs_x = 0, .ofs_y = 0},
    {.bitmap_index = 60713, .adv_w = 418, .box_w = 26, .box_h = 21, .ofs_x = 0, .ofs_y = 0},
    {.bitmap_index = 60917, .adv_w = 416, .box_w = 25, .box_h = 21, .ofs_x = 0, .ofs_y = 0},
    {.bitmap_index = 61115, .adv_w = 386, .box_w = 24, .box_h = 21, .ofs_x = 0, .ofs_y = 0},
    {.bitmap_index = 61305, .adv_w = 538, .box_w = 32, .box_h = 18, .ofs_x = 1, .ofs_y = 0},
    {.bitmap_index = 61412, .adv_w = 538, .box_w = 33, .box_h = 18, .ofs_x = 0, .ofs_y = 0},
    {.bitmap_index = 61520, .adv_w = 303, .box_w = 16, .box_h = 23, .ofs_x = 1, .ofs_y = -1},
    {.bitmap_index = 61663, .adv_w = 345, .box_w = 20, .box_h = 19, .ofs_x = 1, .ofs_y = 1},
    {.bitmap_index = 61813, .adv_w = 316, .box_w = 18, .box_h = 21, .ofs_x = 1, .ofs_y = 0},
    {.bitmap_index = 61939, .adv_w = 281, .box_w = 16, .box_h = 21, .ofs_x = 1, .ofs_y = 0},
    {.bitmap_index = 62062, .adv_w = 299, .box_w = 17, .box_h = 21, .ofs_x = 1, .ofs_y = 0},
    {.bitmap_index = 62165, .adv_w = 269, .box_w = 13, .box_h = 3, .ofs_x = 2, .ofs_y = 6},
    {.bitmap_index = 62175, .adv_w = 197, .box_w = 12, .box_h = 21, .ofs_x = 0, .ofs_y = 0},
    {.bitmap_index = 62252, .adv_w = 293, .box_w = 17, .box_h = 24, .ofs_x = 1, .ofs_y = -3},
    {.bitmap_index = 62381, .adv_w = 414, .box_w = 25, .box_h = 13, .ofs_x = 0, .ofs_y = 4},
    {.bitmap_index = 62505, .adv_w = 228, .box_w = 13, .box_h = 29, .ofs_x = 1, .ofs_y = -7},
    {.bitmap_index = 62626, .adv_w = 269, .box_w = 14, .box_h = 13, .ofs_x = 1, .ofs_y = 1},
    {.bitmap_index = 62704, .adv_w = 269, .box_w = 13, .box_h = 15, .ofs_x = 2, .ofs_y = 0},
    {.bitmap_index = 62760, .adv_w = 269, .box_w = 16, .box_h = 18, .ofs_x = 0, .ofs_y = -2},
    {.bitmap_index = 62846, .adv_w = 269, .box_w = 16, .box_h = 18, .ofs_x = 1, .ofs_y = -2},
    {.bitmap_index = 62929, .adv_w = 284, .box_w = 16, .box_h = 21, .ofs_x = 1, .ofs_y = 0},
    {.bitmap_index = 63060, .adv_w = 252, .box_w = 14, .box_h = 21, .ofs_x = 0, .ofs_y = 0},
    {.bitmap_index = 63183, .adv_w = 271, .box_w = 17, .box_h = 21, .ofs_x = 0, .ofs_y = 0}
};

/*---------------------
 *  CHARACTER MAPPING
 *--------------------*/

static const uint16_t unicode_list_2[] = {
    0x0, 0x3, 0xe, 0x11, 0x12, 0x20, 0x21, 0x3e,
    0x3f, 0x40, 0x41, 0x42, 0x43, 0x44, 0x45, 0x57,
    0x58, 0x5b, 0x5c, 0x6b, 0x6c, 0x6d, 0x6e, 0x6f,
    0x70, 0x89, 0x8a, 0x8b, 0x8c, 0xa3, 0xa4, 0xa8,
    0xca, 0xe3, 0x137, 0x138, 0x149, 0x14a, 0x14b, 0x14c,
    0x14d, 0x14e, 0x166, 0x167, 0x171, 0x172, 0x173, 0x174,
    0x175, 0x177, 0x178, 0x179, 0x17a, 0x17b, 0x17c, 0x17d,
    0x180, 0x183, 0x18c, 0x194, 0x197, 0x198, 0x199, 0x1a6,
    0x1a7, 0x1a8, 0x1a9, 0x1e5, 0x1e6, 0x1ef, 0x1f5, 0x1f6,
    0x1f8, 0x205, 0x21a, 0x22d, 0x231, 0x1c91, 0x1c92, 0x1cb5,
    0x1cb6, 0x1cf1, 0x1cf2, 0x1cf3, 0x1cf4, 0x1cf5, 0x1cf6, 0x1d0f
};

static const uint16_t unicode_list_4[] = {
    0x0, 0x1, 0x2, 0x5, 0x6, 0x7, 0x9, 0xa,
    0xb, 0xd, 0xe, 0xf, 0x10, 0x12, 0x13, 0x1d,
    0x1e, 0x26, 0x27, 0x31, 0x61, 0x98, 0x99, 0x9e,
    0xa0, 0xa1, 0xa5, 0xaa, 0x103, 0x10f, 0x113, 0x148,
    0x149, 0x14a, 0x14b, 0x17d, 0x17f, 0x1ef, 0x1f2, 0x1f3,
    0x1fc, 0x1fe, 0x1ff, 0x202, 0x207, 0x20b, 0x218, 0x235,
    0x24d, 0x251, 0x252, 0x5b7, 0xdaee, 0xdaef
};

/*Collect the unicode lists and glyph_id offsets*/
static const lv_font_fmt_txt_cmap_t cmaps[] =
{
    {
        .range_start = 32, .range_length = 95, .glyph_id_start = 1,
        .unicode_list = NULL, .glyph_id_ofs_list = NULL, .list_length = 0, .type = LV_FONT_FMT_TXT_CMAP_FORMAT0_TINY
    },
    {
        .range_start = 160, .range_length = 223, .glyph_id_start = 96,
        .unicode_list = NULL, .glyph_id_ofs_list = NULL, .list_length = 0, .type = LV_FONT_FMT_TXT_CMAP_FORMAT0_TINY
    },
    {
        .range_start = 399, .range_length = 7440, .glyph_id_start = 319,
        .unicode_list = unicode_list_2, .glyph_id_ofs_list = NULL, .list_length = 88, .type = LV_FONT_FMT_TXT_CMAP_SPARSE_TINY
    },
    {
        .range_start = 7840, .range_length = 90, .glyph_id_start = 407,
        .unicode_list = NULL, .glyph_id_ofs_list = NULL, .list_length = 0, .type = LV_FONT_FMT_TXT_CMAP_FORMAT0_TINY
    },
    {
        .range_start = 8211, .range_length = 56048, .glyph_id_start = 497,
        .unicode_list = unicode_list_4, .glyph_id_ofs_list = NULL, .list_length = 54, .type = LV_FONT_FMT_TXT_CMAP_SPARSE_TINY
    }
};

/*-----------------
 *    KERNING
 *----------------*/


/*Map glyph_ids to kern left classes*/
static const uint8_t kern_left_class_mapping[] =
{
    0, 0, 0, 0, 0, 0, 0, 0,
    0, 0, 0, 0, 0, 0, 0, 0,
    1, 0, 0, 0, 0, 0, 0, 0,
    2, 0, 0, 0, 0, 0, 0, 0,
    0, 0, 3, 4, 5, 6, 7, 8,
    9, 0, 0, 10, 11, 12, 0, 0,
    13, 14, 15, 16, 17, 18, 10, 19,
    20, 21, 22, 23, 0, 0, 0, 0,
    0, 0, 24, 25, 26, 0, 27, 28,
    29, 30, 0, 0, 31, 32, 24, 24,
    33, 34, 0, 35, 36, 37, 38, 39,
    40, 41, 39, 42, 0, 0, 0, 0,
    0, 0, 0, 0, 0, 0, 0, 0,
    0, 0, 0, 0, 0, 0, 0, 0,
    0, 0, 0, 0, 0, 0, 0, 0,
    0, 0, 0, 0, 0, 0, 0, 0,
    3, 3, 3, 3, 3, 3, 7, 5,
    7, 7, 7, 7, 0, 0, 0, 0,
    6, 0, 13, 13, 13, 13, 13, 0,
    13, 10, 10, 10, 10, 22, 0, 43,
    24, 24, 24, 24, 24, 24, 27, 26,
    27, 27, 27, 27, 0, 0, 0, 0,
    0, 24, 33, 33, 33, 33, 33, 0,
    33, 38, 38, 38, 38, 39, 33, 39,
    3, 24, 3, 24, 3, 24, 5, 26,
    5, 26, 5, 26, 5, 26, 6, 0,
    6, 0, 7, 27, 7, 27, 7, 27,
    7, 27, 7, 27, 9, 29, 9, 29,
    9, 29, 9, 29, 0, 30, 0, 30,
    0, 0, 0, 0, 0, 0, 0, 0,
    0, 0, 10, 0, 10, 0, 11, 31,
    31, 12, 32, 12, 32, 12, 32, 0,
    0, 12, 0, 0, 24, 0, 24, 0,
    24, 24, 0, 24, 13, 33, 13, 33,
    13, 33, 7, 27, 16, 35, 16, 35,
    16, 35, 17, 36, 17, 36, 17, 36,
    17, 36, 18, 37, 18, 37, 18, 37,
    10, 38, 10, 38, 10, 38, 10, 38,
    10, 38, 10, 38, 20, 40, 22, 39,
    22, 23, 42, 23, 42, 23, 42, 6,
    0, 0, 0, 33, 0, 38, 3, 24,
    0, 0, 13, 33, 10, 38, 9, 29,
    13, 33, 3, 24, 7, 27, 13, 33,
    17, 36, 18, 37, 22, 39, 0, 27,
    24, 0, 0, 0, 0, 0, 0, 0,
    0, 0, 0, 0, 0, 0, 0, 0,
    0, 0, 0, 0, 0, 0, 0, 0,
    0, 0, 0, 0, 0, 0, 0, 0,
    0, 0, 0, 0, 0, 0, 0, 0,
    3, 0, 0, 0, 9, 29, 0, 24,
    20, 40, 20, 40, 20, 40, 17, 3,
    24, 3, 24, 3, 24, 3, 24, 3,
    24, 3, 24, 3, 24, 3, 24, 3,
    24, 3, 24, 3, 24, 3, 24, 7,
    27, 7, 27, 7, 27, 7, 27, 7,
    27, 7, 27, 7, 27, 7, 27, 0,
    0, 0, 0, 13, 33, 13, 33, 13,
    33, 13, 33, 13, 33, 13, 33, 13,
    33, 0, 33, 0, 33, 0, 33, 0,
    33, 0, 33, 10, 38, 10, 38, 0,
    38, 0, 38, 0, 38, 0, 38, 0,
    38, 22, 39, 22, 39, 22, 39, 22,
    39, 0, 0, 0, 0, 0, 0, 0,
    0, 0, 0, 0, 0, 0, 0, 0,
    0, 0, 0, 0, 44, 0, 0, 0,
    0, 0, 0, 0, 0, 0, 0, 0,
    0, 0, 0, 0, 0, 0, 0, 0,
    3, 0, 0, 0, 0, 0, 0, 0,
    0, 0, 0, 0, 0, 0, 32
};

/*Map glyph_ids to kern right classes*/
static const uint8_t kern_right_class_mapping[] =
{
    0, 0, 1, 0, 0, 0, 0, 0,
    0, 0, 0, 2, 0, 3, 0, 4,
    5, 0, 0, 0, 0, 6, 0, 0,
    0, 0, 0, 0, 7, 0, 0, 0,
    8, 0, 9, 10, 11, 10, 10, 10,
    11, 10, 10, 12, 10, 10, 10, 10,
    11, 10, 11, 10, 13, 14, 15, 16,
    17, 18, 19, 20, 0, 21, 0, 0,
    0, 0, 22, 0, 23, 23, 23, 24,
    25, 0, 26, 0, 0, 27, 28, 28,
    23, 28, 23, 28, 29, 30, 31, 32,
    33, 34, 32, 35, 0, 0, 0, 0,
    0, 36, 22, 0, 0, 0, 0, 0,
    0, 0, 0, 0, 0, 0, 0, 0,
    0, 0, 0, 0, 0, 0, 0, 0,
    0, 0, 0, 0, 0, 0, 0, 37,
    9, 9, 9, 9, 9, 9, 9, 11,
    10, 10, 10, 10, 10, 10, 10, 10,
    0, 10, 11, 11, 11, 11, 11, 0,
    11, 15, 15, 15, 15, 19, 10, 38,
    22, 22, 22, 22, 22, 22, 22, 23,
    23, 23, 23, 23, 0, 0, 0, 0,
    23, 28, 23, 23, 23, 23, 23, 0,
    23, 31, 31, 31, 31, 33, 0, 33,
    9, 22, 9, 22, 9, 22, 11, 23,
    11, 23, 11, 23, 11, 23, 10, 23,
    10, 23, 10, 23, 10, 23, 10, 23,
    10, 23, 10, 23, 11, 25, 11, 25,
    11, 25, 11, 25, 10, 0, 10, 0,
    10, 0, 10, 0, 10, 0, 10, 0,
    10, 0, 10, 0, 12, 0, 10, 0,
    28, 10, 27, 10, 27, 10, 27, 10,
    27, 0, 0, 10, 28, 10, 28, 10,
    28, 39, 10, 28, 11, 23, 11, 23,
    11, 23, 11, 23, 10, 28, 10, 28,
    10, 28, 13, 29, 13, 29, 13, 29,
    13, 29, 14, 30, 14, 30, 14, 30,
    15, 31, 15, 31, 15, 31, 15, 31,
    15, 31, 15, 31, 17, 33, 19, 33,
    19, 20, 35, 20, 35, 20, 35, 11,
    0, 10, 11, 23, 15, 31, 9, 22,
    10, 0, 11, 23, 15, 31, 11, 25,
    11, 23, 9, 22, 9, 22, 11, 23,
    13, 29, 14, 30, 19, 33, 0, 23,
    28, 0, 0, 0, 0, 0, 0, 0,
    0, 0, 0, 0, 0, 0, 0, 0,
    0, 0, 0, 0, 0, 0, 0, 0,
    0, 0, 0, 0, 0, 0, 0, 0,
    0, 0, 0, 0, 0, 0, 0, 0,
    9, 0, 0, 0, 11, 25, 10, 28,
    17, 33, 17, 33, 17, 33, 13, 9,
    22, 9, 22, 9, 22, 9, 22, 9,
    22, 9, 22, 9, 22, 9, 22, 9,
    22, 9, 22, 9, 22, 9, 22, 10,
    23, 10, 23, 10, 23, 10, 23, 10,
    23, 10, 23, 10, 23, 10, 23, 10,
    0, 0, 0, 11, 23, 11, 23, 11,
    23, 11, 23, 11, 23, 11, 23, 11,
    23, 11, 23, 11, 23, 11, 23, 11,
    23, 11, 23, 15, 31, 15, 31, 15,
    31, 15, 31, 15, 31, 15, 31, 15,
    31, 19, 33, 19, 33, 19, 33, 19,
    33, 0, 0, 0, 39, 40, 0, 39,
    40, 0, 0, 0, 0, 0, 4, 4,
    0, 0, 0, 0, 41, 0, 0, 0,
    0, 0, 0, 0, 0, 0, 0, 0,
    0, 0, 0, 0, 0, 0, 22, 0,
    9, 0, 0, 0, 0, 0, 0, 0,
    0, 0, 0, 0, 0, 24, 24
};

/*Kern values between classes*/
static const int8_t kern_class_values[] =
{
    0, 0, 0, 0, -53, 0, 0, 0,
    0, 0, 0, 0, 0, 0, 0, 0,
    0, 0, 0, 0, 0, 0, 0, 0,
    0, 0, 0, 0, 0, 0, 0, 0,
    0, 0, 0, 0, 0, 0, 0, 0,
    0, 0, 0, 0, 0, 0, 0, 0,
    0, 0, 0, 0, 0, 0, 0, 0,
    0, 0, 0, 0, 0, 0, 0, 0,
    0, 0, 0, 0, 0, 0, 0, 0,
    0, 0, 0, 0, 0, 0, 0, 0,
    0, -19, 0, -23, 0, 0, 0, 0,
    0, -23, 0, 0, -15, 0, 0, -46,
    -13, -40, -36, 0, -44, 0, -5, 0,
    0, -20, 0, 0, -4, 0, 0, -23,
    0, -27, -23, 0, 0, 0, 0, 0,
    -24, -23, 0, -3, -4, 0, 0, -1,
    0, 0, -10, 0, 0, 0, 0, 0,
    -11, 0, -15, -12, -10, -20, 0, -4,
    0, 0, 0, 0, 0, 0, 0, 0,
    0, 0, -6, -3, -4, 0, 0, -6,
    0, -7, -4, 0, -2, 0, 0, 0,
    -2, 0, -5, 0, -5, 0, 0, 0,
    0, -3, 0, -6, 0, -10, -11, 0,
    -2, 0, 0, 0, 0, 0, 0, 0,
    -1, 0, 0, 0, 0, 0, -2, 0,
    -10, 0, 0, 0, 0, 0, -3, -12,
    0, -4, 0, 0, -7, -15, 0, 0,
    0, -2, -20, 0, -17, -11, -24, -25,
    -14, -4, 0, 0, 0, 0, 0, 0,
    0, 0, 0, 0, 0, 0, 0, 0,
    0, -18, 0, 0, 0, 0, 0, 0,
    0, 0, 0, 0, 0, -6, 0, 0,
    -2, -4, -4, 0, 0, 0, 0, 0,
    0, 0, 0, 0, -3, -5, 0, 0,
    0, 0, 0, -5, 0, -11, -7, 0,
    0, 0, 0, 0, -6, -3, 0, 0,
    0, -30, 0, -5, 0, -12, 0, -40,
    0, -4, -18, -12, 0, 0, 0, 0,
    0, 0, 0, 0, -19, -14, -6, -18,
    0, 0, -17, -19, -6, -12, -16, -14,
    -22, -18, -12, -26, -8, 0, 0, 0,
    0, -3, 0, 0, 0, 0, 0, -6,
    0, 0, 0, 0, 0, -14, 0, -16,
    -11, 0, -22, 0, -4, 0, 0, 0,
    0, 0, 0, 0, 0, 0, 0, -5,
    0, 0, 0, 0, 0, 0, -8, -4,
    0, -2, 0, -5, 0, -3, 0, 0,
    0, -12, 0, 0, 0, 0, 0, 0,
    0, 0, -2, 0, -3, 0, 0, 0,
    0, 0, 0, 0, 0, 0, 0, 0,
    0, 0, 0, 0, 0, -17, 0, 0,
    0, 0, 0, -3, 0, 0, 0, 0,
    0, -15, 0, 0, -24, -4, -7, 0,
    0, 0, 0, 0, 0, 0, 0, -1,
    -12, -21, 0, 0, 0, 0, 0, -24,
    -7, -33, -29, 0, 0, 0, 0, 0,
    -17, -10, 0, 0, -28, 0, 0, 0,
    0, 0, -27, 0, 0, -19, 0, 0,
    -56, -12, -52, -48, 0, -55, 0, -5,
    0, -4, -20, 0, 0, 0, 0, 0,
    -23, 0, -41, -26, 0, 0, 0, 0,
    0, -29, -28, 0, 0, -2, -12, 0,
    -4, 0, 0, -7, -15, 0, 0, 0,
    -2, -18, 0, -16, -10, -23, -24, -14,
    -4, 0, 0, 0, 0, 0, 0, 0,
    0, 0, 0, 0, 0, 0, 0, 0,
    -18, 0, 0, 0, 0, 0, 0, -30,
    0, -5, 0, 0, 0, -39, 0, 0,
    -28, -4, 0, 0, 0, 0, -9, -3,
    -8, 0, -6, -14, 0, -11, 0, 0,
    0, -9, 0, 0, 0, 0, 0, 0,
    0, -25, 0, 0, 0, 0, 0, -10,
    0, 0, 0, 0, 0, -14, 0, -2,
    0, -5, -7, -25, -1, -24, -17, 0,
    -31, 0, -4, 0, 0, 0, 0, 0,
    0, 0, 0, 0, 0, -1, 0, 0,
    0, 0, 0, 0, -1, -1, 0, 0,
    -1, 0, 0, 0, 0, 0, -8, 0,
    -2, -8, -7, -7, -9, -9, -15, -11,
    0, -20, 0, -4, 0, -10, -1, 0,
    0, -1, 0, 0, -1, -3, -4, -4,
    0, 0, 0, 0, 0, -1, 0, 0,
    -2, -3, 0, 0, -1, 0, 0, -14,
    0, 0, 0, 0, 0, -2, 0, -11,
    -8, -7, -15, 0, -3, 0, 0, -14,
    0, 0, 0, 0, 0, -14, 0, -16,
    -9, -7, 0, 0, -4, 0, -17, -14,
    0, 0, 0, -24, 0, -5, 0, -24,
    0, -46, 0, -18, -15, -8, 0, 0,
    0, 0, 0, 0, 0, 0, -44, -44,
    -17, -43, 0, 0, -41, -44, -18, -36,
    -31, -33, -34, -42, -24, -27, -10, -4,
    0, 0, 0, 0, -24, 0, -5, 0,
    -20, 0, -40, 0, -16, -18, -13, 0,
    0, 0, 0, 0, 0, 0, 0, -33,
    -33, -9, -33, 0, 0, -27, -33, -9,
    -21, -11, -13, -13, -24, -20, -24, -13,
    -5, 0, 0, 0, 0, -21, 0, -5,
    0, -16, 0, -36, 0, -10, -19, -10,
    0, 0, 0, 0, 0, 0, 0, 0,
    -23, -25, -1, -25, 0, 0, -18, -24,
    -1, -13, -5, -7, -8, -16, -12, -23,
    -9, 0, 0, 0, 0, 0, 0, 0,
    0, 0, 0, -11, 0, 0, -23, -6,
    -8, 0, -2, 0, 0, 0, 0, 0,
    0, -1, -13, -18, 0, 0, 0, 0,
    0, -20, -8, -31, -29, 0, 0, 0,
    0, 0, -16, -7, 0, 0, 0, -24,
    0, -5, 0, -22, -5, -44, 0, -24,
    -16, -18, 0, 0, 0, 0, 0, 0,
    0, 0, -39, -40, -17, -38, 0, 0,
    -37, -40, -18, -31, -21, -23, -24, -34,
    -22, -26, -19, -10, 0, 0, 0, 0,
    0, 0, 0, 0, 0, -3, 0, 0,
    -15, 0, -2, 0, 0, 0, 0, 0,
    0, 0, 0, 0, -7, -12, 0, 0,
    0, 0, 0, -12, -3, -22, -22, 0,
    0, 0, 0, 0, -11, -3, 0, 0,
    -15, 0, 0, 0, 0, 0, -20, 0,
    0, 0, 0, 0, 0, 0, 0, 0,
    0, 0, 0, -4, 0, 0, 0, 0,
    0, 0, 0, 0, 0, 0, -6, -3,
    0, 0, 0, 0, 0, 0, 0, 0,
    -5, -21, 0, 0, -3, 0, 0, -22,
    0, 0, 0, 0, 0, 0, 0, 0,
    0, 0, 0, 0, -4, 0, 0, -9,
    0, 0, 0, 0, 0, -9, 0, -7,
    -1, -12, -4, 0, -11, 0, -15, -17,
    0, 0, -6, 0, 0, 0, 0, 0,
    -20, 0, 0, 0, 0, 0, 0, 0,
    0, 0, 0, 0, 0, -4, 0, 0,
    0, 0, 0, 0, 0, 0, 0, 0,
    0, 0, -1, 0, 0, 0, 0, 0,
    0, 0, 0, -15, 0, 0, -1, 0,
    0, -21, 0, 0, 0, 0, 0, 0,
    0, 0, 0, 0, 0, 0, -4, 0,
    0, -2, 0, 0, 0, 0, 0, -2,
    0, -6, -1, -6, 0, 0, -4, 0,
    0, -1, 0, 0, 0, -28, -27, -4,
    0, 0, 0, 0, 0, 0, 0, 0,
    0, 0, 0, 0, 0, 0, 0, 0,
    0, -12, -40, -9, -5, -5, 0, -4,
    0, 0, 0, 0, 0, 0, 0, -26,
    0, 0, 0, 0, 0, 0, 0, 0,
    0, 0, 0, 0, 0, 0, 0, 0,
    0, 0, 0, 0, 0, 0, 0, 0,
    -4, -3, -5, 0, 0, 0, 0, 0,
    -5, 0, 0, 0, 0, 0, 0, 0,
    -5, 0, 0, 0, 0, -3, -20, 0,
    0, 0, 0, 0, -21, 0, 0, 0,
    0, 0, 0, 0, 0, 0, 0, 0,
    0, -4, 0, 0, -7, 0, 0, 0,
    0, 0, -5, 0, -6, -3, 0, 0,
    0, 0, 0, -12, -13, 0, 0, -8,
    0, 0, 0, 0, 0, 0, 0, 0,
    0, 0, 0, 0, 0, 0, 0, 0,
    0, 0, -4, -1, -13, 0, 0, 0,
    -13, 0, 0, 0, -3, 0, 0, 0,
    0, 0, 0, 0, 0, 0, 0, 0,
    -13, 0, 0, 0, 0, 0, -18, 0,
    0, 0, 0, 0, 0, 0, 0, 0,
    0, 0, 0, -3, 0, 0, -10, 0,
    0, 0, 0, 0, -4, 0, 0, 0,
    0, 0, 0, 0, 0, -15, -12, 0,
    0, -17, 0, 0, -2, 0, 0, -21,
    0, 0, 0, 0, 0, 0, 0, 0,
    0, 0, 0, 0, -4, 0, 0, -4,
    0, 0, 0, 0, 0, -4, 0, -7,
    -3, -12, -5, 0, -12, 0, -1, -1,
    0, 0, -3, 0, 0, -1, 0, 0,
    -4, 0, 0, 0, 0, 0, 0, 0,
    0, 0, 0, 0, 0, -4, 0, 0,
    0, 0, 0, 0, 0, 0, 0, 0,
    -1, -1, -2, 0, 0, -2, 0, 0,
    0, 0, 0, 0, -24, -48, -4, 0,
    0, 0, 0, 0, 0, 0, 0, 0,
    0, 0, 0, 0, 0, 0, -3, -6,
    -13, 0, -11, 0, -10, 0, -7, 0,
    0, 0, 0, 0, 0, 0, -24, 0,
    0, 0, 0, 0, -8, 0, 0, 0,
    0, 0, -21, 0, 0, 0, 0, 0,
    0, 0, 0, 0, 0, 0, 0, -4,
    0, 0, 0, 0, 0, 0, 0, 0,
    0, 0, -4, -1, -1, 0, 0, 0,
    0, 0, 0, 0, 0, 0, 0, 0,
    0, 0, 0, 0, 0, 0, 0, 0,
    0, 0, 0, 0, 0, 0, 0, 0,
    -4, 0, -5, 0, 0, 0, 0, 0,
    0, 0, 0, 0, 0, 0, 0, 0,
    0, 0, 0, 0, 0, 0, -5, 0,
    0, 0, 0, 0, -13, 0, 0, 0,
    0, 0, 0, 0, 0, 0, 0, 0,
    0, 0, 0, 0, 0, 0, 0, 0,
    0, 0, 0, 0, 0, 0, 0, 0,
    0, 0, 0, 0, 0, 0, 0, 0,
    -19, 0, -4, 0, 0, 0, 0, 0,
    0, 0, 0, 0, 0, 0, 0, 0,
    0, 0, -3, -3, -7, 0, -6, 0,
    0, 0, -4, 0, 0, 0, 0, 0,
    0, 0, -21, 0, 0, 0, 0, 0,
    0, -17, 0, -4, 0, 0, 0, 0,
    0, 0, 0, 0, 0, 0, 0, 0,
    0, 0, 0, -3, 0, -1, 0, -3,
    0, 0, 0, 0, 0, 0, 0, 0,
    0, 0, 0, -19, 0, 0, 0, 0,
    0, 0, 0, 0, 0, 0, 0, 0,
    0, 0, 0, 0, 0, 0, 0, 0,
    0, 0, 0, 0, -4, -1, -12, 0,
    -2, 0, 0, 0, 0, 0, 0, 0,
    0, 0, 0, 0, 0, 0, 0, 0,
    0, 0, 0, 0, 0, 0, 0, 0,
    0, 0, 0, 0, 0, 0, 0, 0,
    0, 0, 0, 0, 0, -4, 0, -4,
    0, 0, 0, 0, 0, 0, 0, 0,
    0, 0, 0, 0, 0, 0, 0, 0,
    0, 0, 0, -10, 0, 0, 0, 0,
    0, -17, 0, 0, 0, 0, 0, 0,
    0, 0, 0, 0, 0, 0, -3, 0,
    0, -10, 0, 0, 0, 0, 0, -10,
    0, -15, -10, 0, 0, 0, 0, 0,
    -15, -13, 0, 0, 0, 0, 0, 0,
    -29, 0, 0, 0, 0, 0, 0, 0,
    0, 0, 0, 0, 0, 0, 0, 0,
    0, 0, 0, 0, 0, 0, 0, 0,
    0, 0, 0, 0, 0, 0, 0, 0,
    0, 0, 0, 0
};


/*Collect the kern class' data in one place*/
static const lv_font_fmt_txt_kern_classes_t kern_classes =
{
    .class_pair_values   = kern_class_values,
    .left_class_mapping  = kern_left_class_mapping,
    .right_class_mapping = kern_right_class_mapping,
    .left_class_cnt      = 44,
    .right_class_cnt     = 41,
};

/*--------------------
 *  ALL CUSTOM DATA
 *--------------------*/

#if LVGL_VERSION_MAJOR == 8
/*Store all the custom data of the font*/
static  lv_font_fmt_txt_glyph_cache_t cache;
#endif

#if LVGL_VERSION_MAJOR >= 8
static const lv_font_fmt_txt_dsc_t font_dsc = {
#else
static lv_font_fmt_txt_dsc_t font_dsc = {
#endif
    .glyph_bitmap = glyph_bitmap,
    .glyph_dsc = glyph_dsc,
    .cmaps = cmaps,
    .kern_dsc = &kern_classes,
    .kern_scale = 16,
    .cmap_num = 5,
    .bpp = 4,
    .kern_classes = 1,
    .bitmap_format = 2,
#if LVGL_VERSION_MAJOR == 8
    .cache = &cache
#endif
};



/*-----------------
 *  PUBLIC FONT
 *----------------*/

/*Initialize a public general font descriptor*/
#if LVGL_VERSION_MAJOR >= 8
const lv_font_t ori_font_hanken_30 = {
#else
lv_font_t ori_font_hanken_30 = {
#endif
    .get_glyph_dsc = lv_font_get_glyph_dsc_fmt_txt,    /*Function pointer to get glyph's data*/
    .get_glyph_bitmap = lv_font_get_bitmap_fmt_txt,    /*Function pointer to get glyph's bitmap*/
    .line_height = 39,          /*The maximum line height required by the font*/
    .base_line = 8,             /*Baseline measured from the bottom of the line*/
#if !(LVGL_VERSION_MAJOR == 6 && LVGL_VERSION_MINOR == 0)
    .subpx = LV_FONT_SUBPX_NONE,
#endif
#if LV_VERSION_CHECK(7, 4, 0) || LVGL_VERSION_MAJOR >= 8
    .underline_position = -4,
    .underline_thickness = 1,
#endif
    .dsc = &font_dsc,          /*The custom font data. Will be accessed by `get_glyph_bitmap/dsc` */
#if LV_VERSION_CHECK(8, 2, 0) || LVGL_VERSION_MAJOR >= 9
    .fallback = NULL,
#endif
    .user_data = NULL,
};



#endif /*#if ORI_FONT_HANKEN_30*/

