/*******************************************************************************
 * Size: 24 px
 * Bpp: 4
 * Opts: --no-prefilter --bpp 4 --size 24 --font src/fonts/HankenGrotesk-Medium.ttf -r 0x20-0x3FF,0x1E00-0x1EFF,0x2000-0x20CF,0x2100-0x21FF,0x2200-0x22FF,0x25A0-0x25FF,0xFB00-0xFB02 --format lvgl -o src/fonts/ori_font_hanken_24.c
 ******************************************************************************/

#ifdef LV_LVGL_H_INCLUDE_SIMPLE
#include "lvgl.h"
#else
#include "lvgl/lvgl.h"
#endif

#ifndef ORI_FONT_HANKEN_24
#define ORI_FONT_HANKEN_24 1
#endif

#if ORI_FONT_HANKEN_24

/*-----------------
 *    BITMAPS
 *----------------*/

/*Store the image of the glyphs*/
static LV_ATTRIBUTE_LARGE_CONST const uint8_t glyph_bitmap[] = {
    /* U+0020 " " */

    /* U+0021 "!" */
    0x3f, 0xf0, 0x9f, 0xf8, 0x4b, 0xfc, 0x5, 0xfe,
    0x1, 0xff, 0x0, 0xff, 0x80, 0x7f, 0xc0, 0xf,
    0xf0, 0x3, 0xf8, 0x1, 0xfc, 0x0, 0xfd, 0x0,
    0x5d, 0x0, 0x7f, 0x37, 0x70, 0xdb, 0xfc, 0x8d,
    0xfe, 0x40,

    /* U+0022 "\"" */
    0xdf, 0x20, 0xdf, 0x2d, 0xf2, 0xd, 0xf2, 0xdf,
    0x20, 0xdf, 0x2d, 0xf2, 0xd, 0xf2, 0xdf, 0x20,
    0xdf, 0x2d, 0xf2, 0xd, 0xf2, 0xac, 0x10, 0xac,
    0x10,

    /* U+0023 "#" */
    0x0, 0xe8, 0xf5, 0x0, 0x1f, 0xd0, 0x7, 0xd7,
    0xe4, 0x0, 0x7f, 0x60, 0xf, 0xbf, 0x80, 0x2a,
    0xf3, 0x0, 0xf1, 0x7d, 0x80, 0x5b, 0xe0, 0x1f,
    0x37, 0xb8, 0x5, 0xf8, 0x1, 0xb7, 0xff, 0xff,
    0x81, 0x1, 0x59, 0x8f, 0xf6, 0x65, 0xdf, 0xb9,
    0x86, 0x0, 0xdf, 0xa0, 0x15, 0x79, 0x0, 0x78,
    0xfe, 0x80, 0x2e, 0xe0, 0x7, 0xcd, 0xee, 0x0,
    0x1f, 0xb0, 0xd, 0x15, 0x4d, 0xfc, 0xaa, 0x67,
    0xed, 0x51, 0x83, 0x3f, 0xff, 0xf8, 0x12, 0x1,
    0xf, 0xe0, 0x5, 0x9e, 0x20, 0x1e, 0x4f, 0x80,
    0xb, 0xf4, 0x3, 0xe8, 0xf5, 0x0, 0x1f, 0xd0,
    0x7, 0xd7, 0xe4, 0x0, 0x6f, 0x60, 0xf, 0xbb,
    0x80, 0x15, 0x79, 0x80, 0x70,

    /* U+0024 "$" */
    0x0, 0xf4, 0x28, 0x7, 0xfd, 0xf4, 0x1, 0xff,
    0x7d, 0x0, 0x7f, 0x46, 0xff, 0xb1, 0x80, 0x38,
    0x77, 0xff, 0xd6, 0x1, 0xaf, 0xfc, 0xe4, 0x73,
    0xfe, 0x80, 0xb, 0xfc, 0xe0, 0x1a, 0x28, 0x40,
    0x3, 0xfe, 0x50, 0xf, 0xf7, 0xfa, 0xc0, 0x3f,
    0xd1, 0xfe, 0xd5, 0x0, 0xfe, 0x9f, 0xfb, 0xa0,
    0x40, 0x3e, 0x4b, 0xff, 0xce, 0x1, 0xf8, 0xa3,
    0xfe, 0xa0, 0xf, 0xe1, 0xbf, 0xf1, 0x80, 0x10,
    0x40, 0x3d, 0xfe, 0x81, 0xff, 0x38, 0x7, 0xbb,
    0xe0, 0x33, 0xf8, 0x80, 0x31, 0xff, 0x94, 0x13,
    0xfd, 0xce, 0x86, 0xfd, 0xfa, 0x1, 0x37, 0xff,
    0xdc, 0x40, 0x18, 0xa7, 0xbf, 0xdb, 0x2, 0x1,
    0xfb, 0xe8, 0x3, 0xfe, 0xfa, 0x0, 0xff, 0xa1,
    0x40, 0x38,

    /* U+0025 "%" */
    0x2, 0xbf, 0xe8, 0x0, 0xf7, 0x60, 0x0, 0x7b,
    0x5a, 0x7e, 0x80, 0x34, 0xf9, 0x0, 0x27, 0xc4,
    0x1, 0x1e, 0x40, 0x3, 0xf7, 0x0, 0xb3, 0x0,
    0x11, 0xfb, 0x0, 0x37, 0x40, 0x1b, 0x30, 0x1,
    0x1f, 0xb0, 0x3f, 0x98, 0x6, 0x9f, 0x30, 0x5,
    0x79, 0x13, 0xe4, 0x3, 0x87, 0xbe, 0xb3, 0xe8,
    0x2f, 0x84, 0x3, 0xc5, 0x7f, 0xd0, 0xb, 0xea,
    0x1, 0xff, 0xc0, 0x1e, 0xb0, 0xf, 0xfe, 0xc,
    0xf8, 0x81, 0xc4, 0xc, 0x3, 0xe3, 0xf7, 0x8,
    0xff, 0xd0, 0x1, 0xed, 0xc0, 0x4f, 0xb1, 0x15,
    0xfa, 0x0, 0x68, 0xf3, 0x8, 0xf1, 0x0, 0xf,
    0xc8, 0x4, 0x5f, 0x0, 0x9, 0xf0, 0xd, 0xf4,
    0x1, 0x67, 0x0, 0x4d, 0xe8, 0x0, 0x4f, 0x60,
    0x3, 0x7a, 0x0, 0x6d, 0xe7, 0x77, 0x68, 0x0,
    0x7a, 0x80, 0x38, 0x6b, 0xbe, 0x84, 0x0,

    /* U+0026 "&" */
    0x0, 0xcf, 0xbf, 0xd6, 0x60, 0x1f, 0xb3, 0xfd,
    0xdf, 0xf2, 0x0, 0x79, 0xff, 0xc6, 0x0, 0xbf,
    0xc0, 0xf, 0x57, 0xc8, 0x4, 0x9f, 0xc0, 0x1e,
    0xaf, 0x90, 0x9, 0xff, 0x0, 0x3c, 0xdf, 0xe1,
    0x3, 0xff, 0x30, 0x7, 0xdb, 0xf8, 0xff, 0xea,
    0x0, 0xfc, 0x5f, 0xfa, 0x0, 0x3f, 0xd, 0x7f,
    0xe0, 0xd, 0xb6, 0x0, 0x3e, 0xff, 0x57, 0xfa,
    0x80, 0x9, 0xfa, 0x3, 0xdf, 0xa4, 0xb, 0xfe,
    0x80, 0xaf, 0x90, 0x8f, 0xe1, 0x0, 0x9f, 0xfd,
    0x1f, 0xe4, 0xb, 0xfb, 0x0, 0xe9, 0xff, 0xb0,
    0x1, 0x7f, 0xa0, 0x1e, 0xff, 0x9c, 0x0, 0xdf,
    0xea, 0x20, 0x15, 0xcf, 0xfb, 0x88, 0x1, 0x5f,
    0xff, 0x9f, 0xbf, 0x44, 0x0, 0xb7, 0xdf, 0xd8,
    0xe2, 0x5, 0xfa, 0x40, 0x1f, 0xfc, 0x3, 0x10,

    /* U+0027 "'" */
    0xdf, 0x2d, 0xf2, 0xdf, 0x2d, 0xf2, 0xdf, 0x2d,
    0xf2, 0xac, 0x20,

    /* U+0028 "(" */
    0x0, 0xaf, 0xd4, 0x0, 0x9f, 0x80, 0x16, 0x7a,
    0x0, 0xb, 0xf4, 0x2, 0x7f, 0x80, 0xa, 0xfc,
    0xc0, 0x2e, 0xf0, 0x8, 0x7f, 0x40, 0x23, 0xfb,
    0x0, 0x93, 0xe4, 0x2, 0x4f, 0x90, 0x9, 0x3e,
    0x40, 0x23, 0xfa, 0x0, 0x8b, 0xec, 0x3, 0x7e,
    0x80, 0x6d, 0xf0, 0xd, 0x5e, 0x80, 0x13, 0x7c,
    0x0, 0x43, 0xfc, 0x1, 0xb3, 0xd0, 0x2, 0x5f,
    0xc0, 0xd, 0x9e, 0xa0,

    /* U+0029 ")" */
    0x9f, 0x80, 0x8, 0x7b, 0xc4, 0x2, 0x8f, 0x80,
    0x8, 0x7f, 0x80, 0x36, 0x79, 0x80, 0x4f, 0xee,
    0x1, 0x1f, 0xd0, 0x4, 0x3f, 0xa0, 0x1b, 0xfc,
    0x1, 0xb7, 0xc0, 0x36, 0x78, 0x80, 0x5b, 0xe0,
    0x1b, 0xbc, 0x3, 0x7f, 0x0, 0x43, 0xf8, 0x1,
    0x27, 0xd0, 0x4, 0xfe, 0xe0, 0x16, 0x79, 0x0,
    0xb, 0xf4, 0x2, 0x8f, 0x80, 0xb, 0xbc, 0x40,
    0x13, 0xf0, 0x1, 0x0,

    /* U+002A "*" */
    0x0, 0xdc, 0xe0, 0x1f, 0x62, 0x80, 0x6c, 0x92,
    0xb5, 0x56, 0x30, 0x35, 0x77, 0xfb, 0x20, 0xc0,
    0x25, 0xdd, 0x8, 0x6, 0x3f, 0x3a, 0xb0, 0xd,
    0x72, 0x3, 0xca, 0x1, 0xf0, 0x80, 0x0,

    /* U+002B "+" */
    0x0, 0xe3, 0xfa, 0x0, 0xff, 0x1f, 0xd0, 0x7,
    0xf8, 0xfe, 0x80, 0x3f, 0xc7, 0xf4, 0x1, 0xfe,
    0x3f, 0xa0, 0xf, 0x6e, 0xee, 0xff, 0x6e, 0xe6,
    0x1f, 0xff, 0xfa, 0x0, 0x38, 0xfe, 0x80, 0x3f,
    0xc7, 0xf4, 0x1, 0xfe, 0x3f, 0xa0, 0xf, 0xf1,
    0xfd, 0x0, 0x7f, 0x8f, 0xe8, 0x3, 0x80,

    /* U+002C "," */
    0x0, 0x47, 0xf8, 0x2, 0xdf, 0x90, 0x0, 0xff,
    0x88, 0x0, 0xdf, 0x60, 0x15, 0xfa, 0x0, 0x5f,
    0xa0, 0x12, 0x7b, 0x0, 0x40,

    /* U+002D "-" */
    0xc, 0xce, 0xa0, 0xff, 0xee,

    /* U+002E "." */
    0x6e, 0xe1, 0x3f, 0xf8, 0xdf, 0xfc, 0x60,

    /* U+002F "/" */
    0x0, 0xfe, 0xbf, 0x10, 0xf, 0xc5, 0xf4, 0x1,
    0xfd, 0x1e, 0x80, 0x1f, 0xdd, 0xc0, 0xf, 0xe4,
    0xf8, 0x0, 0xfe, 0xaf, 0x10, 0xf, 0xc3, 0xf6,
    0x1, 0xfc, 0xfe, 0xa0, 0x1f, 0xdb, 0xc0, 0x1f,
    0xc7, 0xf0, 0x1, 0xfd, 0x5e, 0x40, 0x1f, 0xdf,
    0x80, 0x1f, 0xcd, 0xea, 0x1, 0xfd, 0x9c, 0x1,
    0xfc, 0x7f, 0x20, 0x1f, 0xd3, 0xe6, 0x1, 0xfd,
    0xf8, 0x1, 0xfc, 0xbe, 0xc0, 0x1f, 0xd9, 0xe0,
    0x1f, 0xc5, 0xf2, 0x1, 0xfd, 0x1e, 0x60, 0x1f,
    0xdd, 0xa0, 0x1f, 0xc0,

    /* U+0030 "0" */
    0x0, 0xc, 0x6f, 0xf5, 0x98, 0x6, 0x1d, 0xff,
    0xf2, 0x80, 0x57, 0xfe, 0x84, 0x6e, 0xff, 0x10,
    0x17, 0xfa, 0x0, 0x22, 0xff, 0x40, 0x37, 0xf8,
    0x40, 0x35, 0x7e, 0x84, 0xfe, 0x80, 0x73, 0x7f,
    0x82, 0xfe, 0x80, 0x38, 0xff, 0xc5, 0x9f, 0x20,
    0x1c, 0x5f, 0xe3, 0xdf, 0x80, 0xe, 0x1f, 0xf2,
    0x67, 0xc8, 0x7, 0x17, 0xf8, 0xef, 0xe8, 0x3,
    0x8f, 0xfc, 0x53, 0xfa, 0x1, 0xcb, 0xfe, 0x6,
    0xff, 0x8, 0x6, 0x9f, 0xd0, 0x2f, 0xf4, 0x0,
    0x45, 0xfe, 0x80, 0x5, 0x7f, 0xa5, 0x1b, 0xbf,
    0xc2, 0x0, 0x1d, 0xff, 0xf2, 0x80, 0x74, 0x6f,
    0xf5, 0x98, 0x4,

    /* U+0031 "1" */
    0x0, 0xc7, 0xfe, 0x30, 0xc, 0x7f, 0xe3, 0x0,
    0xd3, 0xfe, 0x38, 0xff, 0xf1, 0xb6, 0xed, 0xff,
    0x18, 0x6, 0x3f, 0xf1, 0x80, 0x63, 0xff, 0x18,
    0x6, 0x3f, 0xf1, 0x80, 0x63, 0xff, 0x18, 0x6,
    0x3f, 0xf1, 0x80, 0x63, 0xff, 0x18, 0x6, 0x3f,
    0xf1, 0x80, 0x63, 0xff, 0x18, 0x6, 0x3f, 0xf1,
    0x80, 0x63, 0xff, 0x18, 0x6, 0x3f, 0xf1, 0x80,
    0x63, 0xff, 0x18,

    /* U+0032 "2" */
    0x0, 0x14, 0xf7, 0xf5, 0x18, 0x6, 0x4f, 0xff,
    0x94, 0x0, 0x3d, 0xfc, 0xe8, 0xfd, 0xfe, 0x10,
    0x8f, 0xf1, 0x0, 0x45, 0xfe, 0x70, 0xcf, 0x90,
    0xe, 0xbf, 0xa0, 0xef, 0x60, 0xe, 0xaf, 0xa0,
    0xf, 0xec, 0xf9, 0x0, 0xfc, 0x5f, 0xe5, 0x0,
    0xfd, 0x5f, 0xc0, 0x1f, 0x9b, 0xfc, 0xa0, 0x1f,
    0x2f, 0xfa, 0x40, 0x3e, 0x5f, 0xf5, 0x80, 0x7d,
    0x1f, 0xea, 0x0, 0xf0, 0xdf, 0xf9, 0x80, 0x3c,
    0x7d, 0xfe, 0x52, 0x2f, 0xf, 0x7f, 0xff, 0x9b,
    0xbf, 0xff, 0xcc,

    /* U+0033 "3" */
    0x0, 0x8a, 0x77, 0xfa, 0xd0, 0x3, 0x97, 0xff,
    0xe8, 0x0, 0x87, 0xfd, 0xac, 0x8b, 0xbf, 0xe3,
    0x0, 0x47, 0xf0, 0x80, 0x6e, 0xf9, 0x0, 0x46,
    0xc8, 0x7, 0x57, 0xd0, 0x7, 0xfb, 0x7e, 0x0,
    0x3f, 0xd, 0x7e, 0x88, 0x7, 0x93, 0xbf, 0xd4,
    0x20, 0x1f, 0x2f, 0xfe, 0x90, 0xf, 0xc2, 0x4f,
    0xdf, 0x80, 0x1f, 0xe2, 0xff, 0x31, 0x32, 0x80,
    0x7d, 0x7f, 0x2b, 0xfe, 0x0, 0xfb, 0x3e, 0xb,
    0xfd, 0x0, 0x1c, 0x9f, 0xe5, 0xa, 0xff, 0x63,
    0x22, 0xcf, 0xfb, 0x40, 0x2b, 0xff, 0xfb, 0x48,
    0x3, 0x2d, 0xf7, 0xf6, 0x30, 0x4,

    /* U+0034 "4" */
    0x0, 0xf8, 0x7b, 0xdc, 0x3, 0xfd, 0x7f, 0xe7,
    0x0, 0xfe, 0x7f, 0xf9, 0xc0, 0x3f, 0x1f, 0xef,
    0xf9, 0xc0, 0x3f, 0x6f, 0x9f, 0x7b, 0x80, 0x7d,
    0x5f, 0x1, 0xde, 0xe0, 0x1e, 0x5f, 0xc0, 0x7,
    0x7b, 0x80, 0x70, 0xff, 0x88, 0x1, 0xde, 0xe0,
    0x1d, 0x9e, 0xc0, 0x17, 0x7b, 0x80, 0x68, 0xfb,
    0x0, 0xdd, 0xee, 0x1, 0x1f, 0xf9, 0xc, 0xf7,
    0x7c, 0x99, 0x82, 0xbf, 0xff, 0xf8, 0x5, 0x7f,
    0xff, 0xfc, 0x2, 0x0, 0xfd, 0xde, 0xe0, 0x1f,
    0xf7, 0x7b, 0x80, 0x7f, 0xdd, 0xee, 0x1, 0xff,
    0x77, 0xb8, 0x4,

    /* U+0035 "5" */
    0x0, 0x1f, 0xff, 0xee, 0x0, 0x9b, 0xff, 0xf7,
    0x0, 0x53, 0xfc, 0x45, 0xf0, 0x5, 0x9f, 0x0,
    0x1f, 0xef, 0xf2, 0x80, 0x7f, 0x17, 0xf9, 0xaf,
    0xfd, 0x8c, 0x1, 0x97, 0xff, 0xf5, 0x80, 0x53,
    0xfe, 0xe7, 0x34, 0xaf, 0xf5, 0x0, 0x17, 0x38,
    0x40, 0x34, 0xff, 0x88, 0x3, 0xf8, 0x7f, 0xce,
    0x1, 0xfe, 0xef, 0x90, 0x36, 0x10, 0xf, 0x77,
    0xc0, 0xff, 0x98, 0x3, 0x8f, 0xfc, 0xa1, 0x7f,
    0xc2, 0x1, 0xb3, 0xfc, 0x20, 0x5f, 0xee, 0x74,
    0x6c, 0xff, 0x30, 0x4, 0x9f, 0xff, 0x40, 0x7,
    0xc, 0x6f, 0xf5, 0xa0, 0x4,

    /* U+0036 "6" */
    0x0, 0xf7, 0x7d, 0x80, 0x7f, 0x4f, 0xf8, 0x80,
    0x3f, 0x1f, 0xfa, 0x0, 0x3f, 0xb3, 0xf4, 0x3,
    0xf9, 0xbf, 0xc8, 0x1, 0xf8, 0x7f, 0xd4, 0x1,
    0xfd, 0x5f, 0xfd, 0x68, 0x1, 0x93, 0xff, 0xf4,
    0x0, 0x5b, 0xfe, 0x81, 0x3, 0xbf, 0xf2, 0x81,
    0xff, 0x98, 0x3, 0xaf, 0xf4, 0x1f, 0xfc, 0x1,
    0xe4, 0xff, 0xc, 0x7e, 0x80, 0x78, 0xbf, 0xc6,
    0xdf, 0xe0, 0xf, 0x2f, 0xf8, 0x45, 0xfe, 0x90,
    0xc, 0x3b, 0xf8, 0x0, 0x8f, 0xf5, 0xaa, 0x37,
    0x7f, 0x8c, 0x2, 0x9f, 0xff, 0x94, 0x3, 0x92,
    0xfb, 0xf6, 0x48, 0x2,

    /* U+0037 "7" */
    0x5f, 0xff, 0xfa, 0xd7, 0xff, 0xfe, 0xb0, 0x22,
    0xfc, 0xdf, 0xe5, 0x0, 0xfe, 0xbf, 0xd0, 0xf,
    0xe4, 0xff, 0x28, 0x7, 0xf6, 0x7e, 0x0, 0x7f,
    0x27, 0xf9, 0x0, 0x3f, 0xb3, 0xf0, 0x3, 0xf9,
    0x3f, 0xc8, 0x1, 0xfd, 0x9f, 0x80, 0x1f, 0xcb,
    0xfe, 0x40, 0xf, 0xed, 0xfc, 0x0, 0xfe, 0x5f,
    0xf2, 0x0, 0x7f, 0x6f, 0xd8, 0x7, 0xf2, 0xff,
    0x8c, 0x3, 0xfb, 0x7e, 0xc0, 0x3f, 0x9b, 0xfc,
    0x60, 0x1f, 0x0,

    /* U+0038 "8" */
    0x0, 0x86, 0x37, 0xfa, 0xd0, 0x3, 0x8b, 0xbf,
    0xfd, 0x0, 0x1b, 0x7f, 0xce, 0x8b, 0x9f, 0xe4,
    0x0, 0x1f, 0xf9, 0x40, 0x36, 0xfd, 0x0, 0x17,
    0xfc, 0x1, 0xd3, 0xf8, 0x0, 0x3f, 0xf1, 0x80,
    0x6b, 0xfa, 0x0, 0xb3, 0xf5, 0x0, 0x63, 0xfc,
    0x60, 0x10, 0xef, 0xff, 0x94, 0x3, 0x5f, 0xfb,
    0x2a, 0xfb, 0xf8, 0xc0, 0x13, 0xfc, 0x60, 0x1a,
    0xbf, 0x84, 0x3f, 0xcc, 0x1, 0xee, 0xf6, 0x2f,
    0xf1, 0x0, 0x7a, 0xfe, 0x4b, 0xfc, 0x80, 0x1e,
    0xdf, 0x90, 0xff, 0x58, 0x7, 0x27, 0xf9, 0x81,
    0xff, 0xda, 0xc8, 0xb3, 0xfe, 0xd0, 0xa, 0x7f,
    0xfe, 0xd2, 0x0, 0xc7, 0x5d, 0xfd, 0x8e, 0x1,
    0x0,

    /* U+0039 "9" */
    0x0, 0x8a, 0x37, 0xfa, 0xd0, 0x3, 0x97, 0xff,
    0xea, 0x0, 0x8f, 0xfd, 0xce, 0x8b, 0x7f, 0xe9,
    0x0, 0x67, 0xe8, 0x80, 0x68, 0xff, 0x10, 0xff,
    0x94, 0x3, 0xdf, 0xe7, 0x2f, 0xf1, 0x80, 0x7b,
    0x7e, 0x47, 0xfc, 0xa0, 0x1e, 0xef, 0x70, 0xdf,
    0xc0, 0xe, 0x6f, 0xf2, 0x2, 0xff, 0xac, 0xc0,
    0x5f, 0xfd, 0xa0, 0x14, 0x7f, 0xfe, 0x40, 0xc,
    0x97, 0xfe, 0xef, 0xf5, 0x0, 0x7f, 0x57, 0xf8,
    0x40, 0x3f, 0x1f, 0xf9, 0xc0, 0x3f, 0xb7, 0xf4,
    0x3, 0xf9, 0xff, 0xc6, 0x1, 0xf8, 0x7f, 0xd2,
    0x1, 0xfd, 0x5f, 0xc2, 0x1, 0xc0,

    /* U+003A ":" */
    0x7f, 0xf1, 0xbf, 0xf8, 0xdb, 0xb8, 0x60, 0x1f,
    0xfc, 0x86, 0xee, 0x1b, 0xff, 0x8d, 0xff, 0xc6,

    /* U+003B ";" */
    0x1, 0xee, 0x40, 0xf, 0xfa, 0x40, 0x7f, 0xd2,
    0x1, 0xff, 0xcf, 0xac, 0x80, 0x2f, 0xf2, 0x3,
    0xfe, 0x80, 0x33, 0xd4, 0x7, 0xf8, 0x0, 0xbe,
    0xe0, 0xa, 0xf0, 0x8,

    /* U+003C "<" */
    0x0, 0xff, 0x99, 0x80, 0x1f, 0x8a, 0x7b, 0xe4,
    0x3, 0xcb, 0x9f, 0xf4, 0x90, 0x4, 0x53, 0xdf,
    0xec, 0x60, 0xc, 0xb9, 0xfe, 0xe9, 0x20, 0xe,
    0x6f, 0xf5, 0xa8, 0x7, 0xe6, 0xff, 0x41, 0x0,
    0x7e, 0x18, 0xef, 0xf6, 0x28, 0x7, 0xf2, 0xe7,
    0xfb, 0xa4, 0x80, 0x3f, 0x14, 0x77, 0xfb, 0x18,
    0x3, 0xf9, 0x73, 0xfd, 0x20, 0x1f, 0xe2, 0x98,

    /* U+003D "=" */
    0x1f, 0xff, 0xe9, 0x1d, 0xdf, 0xe7, 0x0, 0xff,
    0xea, 0x8e, 0xef, 0xf3, 0x8f, 0xff, 0xf4, 0x80,

    /* U+003E ">" */
    0x18, 0x20, 0xf, 0xf1, 0x7f, 0xb1, 0x40, 0x3f,
    0x9b, 0x7f, 0xdd, 0x4, 0x1, 0xf8, 0xe7, 0xfe,
    0xb5, 0x0, 0xfe, 0x6c, 0xff, 0x74, 0x10, 0x7,
    0xe2, 0x9e, 0xfd, 0x0, 0xfe, 0x6c, 0xfd, 0x0,
    0xf1, 0xcf, 0xfd, 0x68, 0x1, 0x9b, 0x3f, 0xdd,
    0x4, 0x1, 0x1c, 0xff, 0xd6, 0xa0, 0x1c, 0x5f,
    0xee, 0x82, 0x0, 0xf8, 0xad, 0x40, 0x3f, 0xc0,

    /* U+003F "?" */
    0x0, 0x96, 0xfb, 0xf6, 0x48, 0x3, 0x57, 0xff,
    0xc6, 0x0, 0x7f, 0xf2, 0x80, 0xa, 0xff, 0x40,
    0x1b, 0xec, 0x1, 0xdf, 0xe1, 0xf, 0xf0, 0x80,
    0x76, 0xf9, 0x80, 0x7e, 0x2f, 0xf0, 0x80, 0x7c,
    0x3b, 0xf6, 0x1, 0xf1, 0xf7, 0xe8, 0x80, 0x78,
    0xbf, 0xd6, 0x20, 0x1f, 0x57, 0xd8, 0x7, 0xf6,
    0xf9, 0x80, 0x7f, 0x77, 0x88, 0x7, 0xf0, 0x90,
    0x7, 0xff, 0x24, 0xbb, 0x8c, 0x1, 0xf8, 0xff,
    0xce, 0x1, 0xf8, 0xff, 0xce, 0x1, 0x80,

    /* U+0040 "@" */
    0x0, 0xe2, 0x7c, 0xef, 0xec, 0x82, 0x0, 0xfe,
    0x9f, 0xfb, 0x73, 0x7f, 0xe9, 0x0, 0xf0, 0xe7,
    0xea, 0x80, 0x72, 0x67, 0xe8, 0x80, 0x6b, 0xf9,
    0x0, 0xfe, 0x8f, 0xc0, 0x9, 0xbe, 0x80, 0x5,
    0x39, 0x87, 0xb, 0xd0, 0x9f, 0x70, 0x7, 0x70,
    0x41, 0x3f, 0xfa, 0xbf, 0xc0, 0xe, 0xe0, 0x1f,
    0xc8, 0x3, 0xbf, 0x8, 0x17, 0xfe, 0x0, 0x47,
    0xa3, 0xfa, 0x2, 0x7f, 0x84, 0x2, 0x7f, 0xf0,
    0x0, 0xfd, 0xe7, 0xc8, 0x1f, 0xf0, 0x3, 0x1f,
    0xf8, 0x0, 0x5f, 0x32, 0xf2, 0x7, 0xfc, 0x0,
    0xc7, 0xfe, 0x0, 0x17, 0xcb, 0xfa, 0x2, 0x7f,
    0x84, 0x2, 0x7f, 0xf0, 0x1, 0x3d, 0xd3, 0xe0,
    0x1, 0xdf, 0x84, 0xb, 0xff, 0x20, 0xdf, 0x98,
    0x77, 0x4, 0xf, 0xbf, 0xf6, 0x47, 0xfe, 0xa0,
    0x3, 0x7d, 0x0, 0x6, 0x2e, 0xce, 0x0, 0x6b,
    0xb3, 0x80, 0x6b, 0xf9, 0x0, 0xff, 0xe2, 0xe,
    0x7e, 0xa8, 0x7, 0x2b, 0x80, 0x7f, 0x47, 0xfd,
    0x97, 0x9f, 0xf0, 0x80, 0x7f, 0xb, 0xe7, 0x7f,
    0x63, 0x88, 0x7, 0x0,

    /* U+0041 "A" */
    0x0, 0xf2, 0xff, 0x0, 0x7f, 0xf0, 0x6f, 0xfc,
    0x80, 0x1f, 0xf0, 0xff, 0xd4, 0x1, 0xff, 0x3f,
    0xfe, 0x10, 0xf, 0xf6, 0xfb, 0xf7, 0xb8, 0x7,
    0xf2, 0x7f, 0x8a, 0x3f, 0x40, 0x3f, 0xab, 0xf0,
    0xb, 0xfc, 0x60, 0x1f, 0xbf, 0xcc, 0x0, 0xdf,
    0x90, 0xf, 0x9b, 0xfc, 0x20, 0x7, 0xff, 0x0,
    0x7d, 0x9f, 0x60, 0x10, 0xff, 0x94, 0x3, 0x8b,
    0xfc, 0xa0, 0x1b, 0x3e, 0xc0, 0x3a, 0x3f, 0xff,
    0xc4, 0x1, 0xbb, 0xff, 0xfd, 0x0, 0x12, 0xff,
    0x98, 0x8b, 0xd9, 0xfc, 0x1, 0x5f, 0xf0, 0x7,
    0xcb, 0xfe, 0x40, 0x1f, 0xf4, 0x80, 0x7e, 0xff,
    0x50, 0x3f, 0xf8, 0xc0, 0x3f, 0x57, 0xf8, 0x0,

    /* U+0042 "B" */
    0x3f, 0xff, 0x75, 0xa0, 0x4, 0x7f, 0xff, 0xce,
    0x0, 0x3f, 0xf3, 0x19, 0x91, 0xfb, 0xfc, 0x40,
    0x7f, 0xe4, 0x0, 0xc7, 0xfe, 0x60, 0x3f, 0xf2,
    0x0, 0x77, 0xf9, 0xc0, 0xff, 0xc8, 0x1, 0x8b,
    0xfc, 0x80, 0x7f, 0xe4, 0x0, 0x8b, 0x3f, 0x0,
    0x7, 0xff, 0xfb, 0x44, 0x0, 0x7f, 0xff, 0xd6,
    0x20, 0x7f, 0xe6, 0x22, 0x8d, 0xff, 0xd6, 0x7,
    0xfe, 0x40, 0xe, 0x7f, 0xf1, 0x1f, 0xf9, 0x0,
    0x38, 0xbf, 0xc8, 0x7f, 0xe4, 0x0, 0xe2, 0xff,
    0x29, 0xff, 0x90, 0x3, 0x9f, 0xfc, 0x66, 0xff,
    0x3a, 0x24, 0xb3, 0xfe, 0xd0, 0x3f, 0xff, 0xee,
    0x20, 0x3f, 0xff, 0xb6, 0x4, 0x0,

    /* U+0043 "C" */
    0x0, 0xc9, 0x5b, 0xfe, 0xd9, 0x30, 0xf, 0xab,
    0xff, 0xf5, 0x0, 0x76, 0x7f, 0xba, 0x15, 0xa3,
    0xbf, 0xd6, 0x1, 0x47, 0xfa, 0x40, 0x3d, 0x5f,
    0xe7, 0x1, 0xff, 0x50, 0x7, 0xec, 0xfd, 0x6,
    0xff, 0x8, 0x7, 0xe2, 0x40, 0x5, 0x7e, 0x0,
    0x7f, 0xf0, 0x73, 0xe8, 0x3, 0xff, 0x83, 0xbf,
    0x20, 0x1f, 0xfc, 0x1c, 0xfa, 0x0, 0xff, 0xe0,
    0xd7, 0xe0, 0x7, 0xff, 0x5, 0xbf, 0xc2, 0x1,
    0xf8, 0xd0, 0x0, 0x3f, 0xea, 0x0, 0xfd, 0x9f,
    0xa0, 0x8, 0xff, 0x48, 0x7, 0xab, 0xfc, 0xe0,
    0x16, 0x7f, 0xba, 0x19, 0x91, 0xdf, 0xeb, 0x0,
    0xea, 0xff, 0xfd, 0x20, 0x1f, 0x25, 0x77, 0xfb,
    0x64, 0xc0, 0x30,

    /* U+0044 "D" */
    0x3f, 0xfe, 0xed, 0x94, 0x0, 0xe3, 0xff, 0xfe,
    0xc1, 0x0, 0x8f, 0xfc, 0xc6, 0x65, 0x7c, 0xff,
    0x71, 0x0, 0xf, 0xfc, 0x80, 0x1c, 0xbf, 0xed,
    0x0, 0x1f, 0xf9, 0x0, 0x3c, 0xbf, 0xe5, 0x3,
    0xff, 0x20, 0x7, 0xdb, 0xf6, 0x7, 0xfe, 0x40,
    0xf, 0xa3, 0xfc, 0x7, 0xfe, 0x40, 0xf, 0x9b,
    0xfc, 0x27, 0xfe, 0x40, 0xf, 0x97, 0xfc, 0x47,
    0xfe, 0x40, 0xf, 0x9b, 0xfc, 0x27, 0xfe, 0x40,
    0xf, 0xa3, 0xfc, 0x7, 0xfe, 0x40, 0xf, 0xb7,
    0xf0, 0xf, 0xfc, 0x80, 0x1e, 0x4f, 0xf3, 0x81,
    0xff, 0x90, 0x3, 0x93, 0xfd, 0xc0, 0x3, 0xff,
    0x3a, 0x21, 0x5f, 0x3f, 0xe3, 0x0, 0x1f, 0xff,
    0xf6, 0x98, 0x4, 0x7f, 0xfd, 0xdb, 0x4a, 0x1,
    0xc0,

    /* U+0045 "E" */
    0x3f, 0xff, 0xf6, 0x9f, 0xff, 0xfb, 0x4f, 0xfc,
    0xc4, 0x5f, 0x8f, 0xfc, 0x80, 0x1f, 0x8f, 0xfc,
    0x80, 0x1f, 0x8f, 0xfc, 0x80, 0x1f, 0x8f, 0xfc,
    0x80, 0x1f, 0x8f, 0xff, 0xfc, 0x47, 0xff, 0xfe,
    0x23, 0xff, 0x31, 0x17, 0xc0, 0x7f, 0xe4, 0x0,
    0xfc, 0x7f, 0xe4, 0x0, 0xfc, 0x7f, 0xe4, 0x0,
    0xfc, 0x7f, 0xe4, 0x0, 0xfc, 0x7f, 0xe6, 0x22,
    0xfc, 0x7f, 0xff, 0xed, 0x3f, 0xff, 0xf6, 0x80,

    /* U+0046 "F" */
    0x3f, 0xff, 0xf6, 0x9f, 0xff, 0xfb, 0x4f, 0xfc,
    0xc4, 0x5f, 0x8f, 0xfc, 0x80, 0x1f, 0x8f, 0xfc,
    0x80, 0x1f, 0x8f, 0xfc, 0x80, 0x1f, 0x8f, 0xfc,
    0x80, 0x1f, 0x8f, 0xff, 0xfa, 0xc0, 0xff, 0xff,
    0xac, 0xf, 0xfc, 0xc4, 0x5e, 0x10, 0x3f, 0xf2,
    0x0, 0x7e, 0x3f, 0xf2, 0x0, 0x7e, 0x3f, 0xf2,
    0x0, 0x7e, 0x3f, 0xf2, 0x0, 0x7e, 0x3f, 0xf2,
    0x0, 0x7e, 0x3f, 0xf2, 0x0, 0x7e, 0x3f, 0xf2,
    0x0, 0x7e,

    /* U+0047 "G" */
    0x0, 0xc9, 0x5b, 0xfe, 0xd9, 0x30, 0xf, 0xab,
    0xff, 0xf5, 0x0, 0x76, 0x7f, 0xba, 0x15, 0xa3,
    0xbf, 0xd8, 0x1, 0x47, 0xfa, 0x40, 0x3d, 0x5f,
    0xe8, 0x1, 0xff, 0x50, 0x7, 0xeb, 0xfc, 0x6,
    0xff, 0x8, 0x7, 0xe2, 0x30, 0x5, 0x7e, 0x0,
    0x7f, 0xf0, 0x73, 0xe8, 0x3, 0xc4, 0x5e, 0xd,
    0xf9, 0x0, 0xe4, 0xff, 0xf0, 0xe7, 0xd0, 0x7,
    0x27, 0xff, 0x86, 0xbf, 0x0, 0x3f, 0x8b, 0xfc,
    0x2d, 0xfe, 0x10, 0xf, 0xcb, 0xfe, 0x11, 0x7f,
    0xa8, 0x3, 0xf6, 0x7f, 0x84, 0x23, 0xfd, 0x20,
    0x1e, 0x9f, 0xf8, 0x40, 0x19, 0xfe, 0xe8, 0x66,
    0x47, 0x7f, 0xe1, 0x0, 0xab, 0xff, 0xed, 0x4f,
    0xf0, 0x80, 0x64, 0xae, 0xff, 0x63, 0x81, 0x7f,
    0x84,

    /* U+0048 "H" */
    0x3f, 0xf2, 0x0, 0x7d, 0xbf, 0x27, 0xfe, 0x40,
    0xf, 0xb7, 0xe4, 0xff, 0xc8, 0x1, 0xf6, 0xfc,
    0x9f, 0xf9, 0x0, 0x3e, 0xdf, 0x93, 0xff, 0x20,
    0x7, 0xdb, 0xf2, 0x7f, 0xe4, 0x0, 0xfb, 0x7e,
    0x4f, 0xfc, 0x80, 0x1f, 0x6f, 0xc9, 0xff, 0xff,
    0xf0, 0x24, 0xff, 0xff, 0xf8, 0x12, 0x7f, 0xe7,
    0x44, 0xfb, 0xbe, 0x4f, 0xfc, 0x80, 0x1f, 0x6f,
    0xc9, 0xff, 0x90, 0x3, 0xed, 0xf9, 0x3f, 0xf2,
    0x0, 0x7d, 0xbf, 0x27, 0xfe, 0x40, 0xf, 0xb7,
    0xe4, 0xff, 0xc8, 0x1, 0xf6, 0xfc, 0x9f, 0xf9,
    0x0, 0x3e, 0xdf, 0x93, 0xff, 0x20, 0x7, 0xdb,
    0xf2,

    /* U+0049 "I" */
    0x3f, 0xf2, 0x1f, 0xf9, 0xf, 0xfc, 0x87, 0xfe,
    0x43, 0xff, 0x21, 0xff, 0x90, 0xff, 0xc8, 0x7f,
    0xe4, 0x3f, 0xf2, 0x1f, 0xf9, 0xf, 0xfc, 0x87,
    0xfe, 0x43, 0xff, 0x21, 0xff, 0x90, 0xff, 0xc8,
    0x7f, 0xe4, 0x3f, 0xf2, 0x0,

    /* U+004A "J" */
    0x0, 0x2f, 0xff, 0xea, 0x0, 0x2f, 0xff, 0xea,
    0x0, 0x88, 0xbd, 0xbf, 0x40, 0x1f, 0xdb, 0xf4,
    0x1, 0xfd, 0xbf, 0x40, 0x1f, 0xdb, 0xf4, 0x1,
    0xfd, 0xbf, 0x40, 0x1f, 0xdb, 0xf4, 0x1, 0xfd,
    0xbf, 0x40, 0x1f, 0xdb, 0xf4, 0x1, 0xfd, 0xbf,
    0x44, 0xf2, 0x1, 0xee, 0xf9, 0x3f, 0xf1, 0x80,
    0x61, 0xff, 0x38, 0x7f, 0xac, 0x3, 0x3f, 0xf8,
    0x82, 0x3f, 0xd6, 0xa9, 0x1f, 0xeb, 0x0, 0xaf,
    0xff, 0xda, 0x20, 0x19, 0xb3, 0xfd, 0xb0, 0x20,
    0x0,

    /* U+004B "K" */
    0x3f, 0xf2, 0x0, 0x7a, 0xff, 0xd0, 0x7, 0xfe,
    0x40, 0xe, 0xaf, 0xf4, 0x0, 0xf, 0xfc, 0x80,
    0x1a, 0x7f, 0xd2, 0x1, 0x1f, 0xf9, 0x0, 0x28,
    0xff, 0x48, 0x6, 0x3f, 0xf2, 0x0, 0x1f, 0xfd,
    0x40, 0x1c, 0x7f, 0xe4, 0x6, 0xff, 0x50, 0x7,
    0x8f, 0xfc, 0x8d, 0xff, 0x0, 0x7c, 0x7f, 0xe9,
    0xff, 0xc6, 0x1, 0xe3, 0xff, 0xdd, 0xfe, 0xc0,
    0xf, 0x1f, 0xfd, 0x80, 0xff, 0xe6, 0x0, 0xe3,
    0xff, 0x80, 0x2d, 0xff, 0x8, 0x6, 0x3f, 0xf2,
    0x80, 0x47, 0xfe, 0xa0, 0xc, 0x7f, 0xe4, 0x0,
    0xd3, 0xfe, 0x40, 0x8, 0xff, 0xc8, 0x1, 0x87,
    0xbf, 0x40, 0x23, 0xff, 0x20, 0x7, 0x2f, 0xfa,
    0x0, 0x7, 0xfe, 0x40, 0xf, 0x5f, 0xf8, 0x80,
    0xff, 0xc8, 0x1, 0xe2, 0xff, 0x58, 0x0,

    /* U+004C "L" */
    0x3f, 0xf2, 0x0, 0x7c, 0x7f, 0xe4, 0x0, 0xf8,
    0xff, 0xc8, 0x1, 0xf1, 0xff, 0x90, 0x3, 0xe3,
    0xff, 0x20, 0x7, 0xc7, 0xfe, 0x40, 0xf, 0x8f,
    0xfc, 0x80, 0x1f, 0x1f, 0xf9, 0x0, 0x3e, 0x3f,
    0xf2, 0x0, 0x7c, 0x7f, 0xe4, 0x0, 0xf8, 0xff,
    0xc8, 0x1, 0xf1, 0xff, 0x90, 0x3, 0xe3, 0xff,
    0x20, 0x7, 0xc7, 0xfe, 0x40, 0xf, 0x8f, 0xfc,
    0xc4, 0x5e, 0x13, 0xff, 0xfe, 0x93, 0xff, 0xfe,
    0x90,

    /* U+004D "M" */
    0x3f, 0xfa, 0x40, 0x3f, 0x27, 0xfc, 0xe7, 0xff,
    0x80, 0x3f, 0x57, 0xfc, 0xe7, 0xff, 0x94, 0x3,
    0xc3, 0xff, 0x9c, 0xff, 0xf5, 0x80, 0x79, 0xbf,
    0xf3, 0x9f, 0xfa, 0x7f, 0xc2, 0x1, 0xd9, 0xf5,
    0xfe, 0x73, 0xff, 0x27, 0x7b, 0x80, 0x62, 0xff,
    0x1f, 0xf9, 0xcf, 0xfc, 0x93, 0xfa, 0x1, 0xa7,
    0xf4, 0x3f, 0xce, 0x7f, 0xe4, 0x2f, 0xf2, 0x0,
    0x5d, 0xee, 0x1f, 0xe7, 0x3f, 0xf2, 0x6, 0x7d,
    0x0, 0x17, 0xfc, 0x21, 0xfe, 0x73, 0xff, 0x20,
    0x37, 0xf8, 0x1, 0x7f, 0x40, 0xf, 0xf3, 0x9f,
    0xf9, 0x0, 0x1f, 0xe6, 0x1f, 0xf2, 0x0, 0x3f,
    0xce, 0x7f, 0xe4, 0x0, 0x4f, 0xe3, 0xff, 0x0,
    0x5f, 0xe7, 0x3f, 0xf2, 0x0, 0xf, 0xff, 0x40,
    0x5, 0xfe, 0x73, 0xff, 0x20, 0x5, 0xbf, 0xf1,
    0x0, 0x5f, 0xe7, 0x3f, 0xf2, 0x0, 0x4f, 0xfe,
    0xb0, 0xd, 0xfe, 0x73, 0xff, 0x20, 0x4, 0x31,
    0x3, 0x0, 0xdf, 0xe7, 0x3f, 0xf2, 0x0, 0x7f,
    0xdf, 0xe7,

    /* U+004E "N" */
    0x3f, 0xf5, 0x0, 0x7d, 0xdf, 0x7, 0xff, 0x20,
    0x7, 0xbb, 0xe0, 0xff, 0xed, 0x0, 0xf7, 0x7c,
    0x1f, 0xfe, 0x80, 0xe, 0xef, 0x83, 0xff, 0xe2,
    0x0, 0xdd, 0xf0, 0x7f, 0xe6, 0xff, 0x58, 0x6,
    0xef, 0x83, 0xff, 0x23, 0xff, 0x94, 0x2, 0xef,
    0x83, 0xff, 0x20, 0x6f, 0xf0, 0x5, 0xdf, 0x7,
    0xfe, 0x40, 0x4f, 0xf4, 0x80, 0x3b, 0xe0, 0xff,
    0xc8, 0x0, 0xaf, 0xf1, 0x87, 0x7c, 0x1f, 0xf9,
    0x0, 0x3, 0xfe, 0xc0, 0xef, 0x83, 0xff, 0x20,
    0x4, 0xdf, 0xe7, 0xef, 0x83, 0xff, 0x20, 0x6,
    0xcf, 0xfd, 0x7, 0xfe, 0x40, 0xc, 0x7f, 0xfa,
    0xf, 0xfc, 0x80, 0x1d, 0x3f, 0xf4, 0x1f, 0xf9,
    0x0, 0x38, 0x7b, 0xfd, 0x7, 0xfe, 0x40, 0xf,
    0x37, 0xfa, 0x0,

    /* U+004F "O" */
    0x0, 0xc9, 0x5b, 0xfe, 0xd9, 0x30, 0xf, 0xab,
    0xff, 0xf4, 0x80, 0x76, 0x7f, 0xb6, 0x15, 0xa3,
    0xbf, 0xd6, 0x1, 0x47, 0xfa, 0x0, 0x3d, 0x5f,
    0xe7, 0x1, 0xff, 0x50, 0x7, 0xec, 0xff, 0x3,
    0x7f, 0x84, 0x3, 0xf1, 0xff, 0x96, 0xbf, 0x0,
    0x3f, 0xdd, 0xf3, 0x9f, 0x40, 0x1f, 0xeb, 0xfb,
    0xdf, 0x90, 0xf, 0xf5, 0x7e, 0x63, 0xe8, 0x3,
    0xfd, 0x7f, 0x75, 0xf8, 0x1, 0xfe, 0xef, 0x96,
    0xff, 0x8, 0x7, 0xe3, 0xff, 0x28, 0xff, 0xa8,
    0x3, 0xf6, 0x7f, 0x80, 0x11, 0xfe, 0x80, 0xf,
    0x57, 0xf9, 0xc0, 0x2c, 0xff, 0x6c, 0x33, 0x23,
    0xbf, 0xd6, 0x1, 0xd5, 0xff, 0xfa, 0x40, 0x3e,
    0x4a, 0xef, 0xf6, 0xc9, 0x80, 0x60,

    /* U+0050 "P" */
    0x3f, 0xff, 0x6c, 0x98, 0x0, 0xff, 0xff, 0x94,
    0xf, 0xfc, 0xa4, 0x44, 0x7e, 0xff, 0x9, 0xff,
    0x8c, 0x3, 0x1f, 0xf9, 0x8f, 0xfc, 0x60, 0x1d,
    0xdf, 0x7, 0xfe, 0x30, 0xe, 0xef, 0x83, 0xff,
    0x18, 0x6, 0x4f, 0xf3, 0x1f, 0xf9, 0x48, 0x86,
    0xff, 0xf0, 0x9f, 0xff, 0xf2, 0x81, 0xff, 0xfb,
    0x64, 0x80, 0x7, 0xfe, 0x30, 0xf, 0xc7, 0xfe,
    0x30, 0xf, 0xc7, 0xfe, 0x30, 0xf, 0xc7, 0xfe,
    0x30, 0xf, 0xc7, 0xfe, 0x30, 0xf, 0xc7, 0xfe,
    0x30, 0xf, 0xc7, 0xfe, 0x30, 0xf, 0xc0,

    /* U+0051 "Q" */
    0x0, 0xc9, 0x5b, 0xfe, 0xd9, 0x30, 0xf, 0xd5,
    0xff, 0xfa, 0x40, 0x3d, 0x9f, 0xed, 0x85, 0x68,
    0xef, 0xf5, 0x80, 0x68, 0xff, 0x40, 0x7, 0xab,
    0xfc, 0xe0, 0x1, 0xff, 0x50, 0x7, 0xec, 0xff,
    0x0, 0x1b, 0xfc, 0x20, 0x1f, 0x8f, 0xfc, 0xa1,
    0x5f, 0x80, 0x1f, 0xee, 0xf9, 0xc, 0xfa, 0x0,
    0xff, 0x5f, 0xd8, 0x6f, 0xc8, 0x7, 0xfa, 0xbf,
    0x3, 0x3e, 0x80, 0x3f, 0xd7, 0xf6, 0x15, 0xf8,
    0x1, 0xe8, 0x50, 0x7, 0x7c, 0x83, 0x7f, 0x84,
    0x3, 0x27, 0xf9, 0x8f, 0xfc, 0xa0, 0x3f, 0xea,
    0x0, 0xe8, 0xff, 0xe0, 0xa, 0x3f, 0xd0, 0x1,
    0xd1, 0xff, 0x38, 0x6, 0xcf, 0xf6, 0xc3, 0x32,
    0x3b, 0xfe, 0x80, 0xe, 0xaf, 0xff, 0xfa, 0x40,
    0x39, 0x2b, 0xbf, 0xdb, 0x26, 0xb, 0xfe, 0x40,
    0xf, 0xfe, 0x12, 0xb0, 0x0,

    /* U+0052 "R" */
    0x3f, 0xff, 0x6c, 0x90, 0x4, 0x7f, 0xff, 0xca,
    0x0, 0x3f, 0xf3, 0x11, 0xd, 0xfb, 0xfc, 0x20,
    0x7f, 0xe4, 0x0, 0xc7, 0xfe, 0x60, 0x3f, 0xf2,
    0x0, 0x77, 0x7c, 0x1, 0xff, 0x90, 0x3, 0xbb,
    0xe0, 0xf, 0xfc, 0x80, 0x18, 0xff, 0xcc, 0x7,
    0xfe, 0x52, 0x21, 0xbf, 0x7f, 0x84, 0xf, 0xff,
    0xf9, 0x40, 0x7, 0xff, 0xf7, 0x10, 0x4, 0x7f,
    0xe4, 0x0, 0x67, 0xf0, 0x6, 0x3f, 0xf2, 0x0,
    0xf, 0xfd, 0x0, 0x11, 0xff, 0x90, 0x2, 0x9f,
    0xf1, 0x0, 0xf, 0xfc, 0x80, 0x10, 0xf7, 0xd8,
    0x0, 0xff, 0xc8, 0x1, 0x9b, 0xfc, 0xa0, 0x7f,
    0xe4, 0x0, 0xed, 0xfe, 0x3, 0xff, 0x20, 0x7,
    0x1f, 0xfa, 0x40,

    /* U+0053 "S" */
    0x0, 0xcf, 0xbf, 0xec, 0x60, 0xe, 0x1d, 0xff,
    0xf5, 0x80, 0x6a, 0xff, 0x39, 0x9a, 0x7f, 0xd2,
    0x1, 0x7f, 0xa0, 0x3, 0x45, 0x90, 0x0, 0x7f,
    0xcc, 0x1, 0xfe, 0xef, 0xc0, 0xf, 0xf3, 0xff,
    0xb5, 0x40, 0x3f, 0xa7, 0xfe, 0xe8, 0x10, 0xf,
    0x8e, 0xff, 0xf3, 0x80, 0x7e, 0x28, 0xff, 0xa8,
    0x3, 0xf8, 0x6f, 0xfc, 0x80, 0x3, 0x10, 0xf,
    0x77, 0xc0, 0x7f, 0xa0, 0x3, 0xdb, 0xf2, 0x19,
    0xfe, 0x20, 0xc, 0x7f, 0xe6, 0x3, 0xff, 0x73,
    0xa1, 0xb7, 0x7f, 0x0, 0x4b, 0xff, 0xf7, 0x18,
    0x6, 0x29, 0xdf, 0xf6, 0xc0, 0x80, 0x0,

    /* U+0054 "T" */
    0xaf, 0xff, 0xfe, 0x5, 0xd7, 0xff, 0xff, 0x2,
    0xc4, 0x8b, 0x2f, 0xf9, 0x88, 0xb8, 0x3, 0x8f,
    0xfc, 0x80, 0x1f, 0xe3, 0xff, 0x20, 0x7, 0xf8,
    0xff, 0xc8, 0x1, 0xfe, 0x3f, 0xf2, 0x0, 0x7f,
    0x8f, 0xfc, 0x80, 0x1f, 0xe3, 0xff, 0x20, 0x7,
    0xf8, 0xff, 0xc8, 0x1, 0xfe, 0x3f, 0xf2, 0x0,
    0x7f, 0x8f, 0xfc, 0x80, 0x1f, 0xe3, 0xff, 0x20,
    0x7, 0xf8, 0xff, 0xc8, 0x1, 0xfe, 0x3f, 0xf2,
    0x0, 0x7f, 0x8f, 0xfc, 0x80, 0x1f, 0xe3, 0xff,
    0x20, 0x7, 0x0,

    /* U+0055 "U" */
    0x6f, 0xf0, 0x80, 0x79, 0x7f, 0xc2, 0xdf, 0xe1,
    0x0, 0xf2, 0xff, 0x85, 0xbf, 0xc2, 0x1, 0xe5,
    0xff, 0xb, 0x7f, 0x84, 0x3, 0xcb, 0xfe, 0x16,
    0xff, 0x8, 0x7, 0x97, 0xfc, 0x2d, 0xfe, 0x10,
    0xf, 0x2f, 0xf8, 0x5b, 0xfc, 0x20, 0x1e, 0x5f,
    0xf0, 0xb7, 0xf8, 0x40, 0x3c, 0xbf, 0xe1, 0x6f,
    0xf0, 0x80, 0x79, 0x7f, 0xc2, 0xdf, 0xe1, 0x0,
    0xf2, 0xff, 0x85, 0x7f, 0xc2, 0x1, 0xe5, 0xff,
    0xa, 0xff, 0x88, 0x3, 0xcd, 0xfe, 0x3, 0xff,
    0x28, 0x7, 0xab, 0xf8, 0x1, 0xdf, 0xa0, 0x1c,
    0x5f, 0xe9, 0x0, 0x3f, 0xfb, 0x59, 0x11, 0x1d,
    0xfe, 0x20, 0xa, 0x7f, 0xff, 0x28, 0x7, 0x25,
    0x77, 0xfb, 0x64, 0x80, 0x20,

    /* U+0056 "V" */
    0x7f, 0xf1, 0x80, 0x7e, 0x5f, 0xf2, 0x8f, 0xfa,
    0x40, 0x3f, 0x5f, 0xf0, 0x2, 0xbf, 0xc0, 0x1f,
    0xf, 0xfa, 0x0, 0x9, 0xfe, 0x50, 0xf, 0x3f,
    0xf8, 0x80, 0x2e, 0xfb, 0x0, 0xf6, 0xfe, 0x0,
    0x67, 0xff, 0x8, 0x6, 0x3f, 0xf3, 0x0, 0x61,
    0xff, 0x38, 0x6, 0x9f, 0xf0, 0x7, 0xaf, 0xf4,
    0x3, 0x77, 0xc8, 0x7, 0x97, 0xfc, 0x80, 0x5,
    0xff, 0x18, 0x7, 0xdd, 0xf4, 0x0, 0xbf, 0xc0,
    0xf, 0xd1, 0xfe, 0x1, 0xff, 0x30, 0x7, 0xe2,
    0xff, 0x33, 0xff, 0x84, 0x3, 0xfa, 0xff, 0x37,
    0xe8, 0x3, 0xfc, 0xbf, 0xf8, 0xc0, 0x3f, 0xee,
    0xff, 0x68, 0x7, 0xff, 0x2, 0x3f, 0xce, 0x1,
    0xff, 0xc0, 0x2f, 0xf0, 0x80, 0x78,

    /* U+0057 "W" */
    0x5f, 0xf1, 0x0, 0x7c, 0x20, 0x1f, 0xbf, 0xd0,
    0x3f, 0xe7, 0x0, 0xf6, 0x7f, 0x80, 0x3c, 0xbf,
    0xe3, 0xc, 0xfb, 0x0, 0xe1, 0xff, 0x90, 0x3,
    0xa7, 0xfc, 0x0, 0x8f, 0xf0, 0x7, 0x37, 0xfd,
    0x0, 0x1d, 0xdf, 0x40, 0x3, 0xff, 0x20, 0x6,
    0xaf, 0xfb, 0x40, 0x31, 0x7f, 0x98, 0x2, 0xef,
    0x90, 0xd, 0xfe, 0x6f, 0xf1, 0x0, 0x4f, 0xfe,
    0x10, 0xa, 0xbf, 0x40, 0x24, 0xff, 0x6, 0xfb,
    0x0, 0x57, 0xf8, 0x1, 0x97, 0xfc, 0x40, 0x8,
    0xfb, 0x8, 0xfb, 0x0, 0xbf, 0xd0, 0x1, 0x87,
    0xfc, 0xc0, 0xd, 0xf6, 0x3, 0xff, 0x0, 0x13,
    0xfc, 0x60, 0x1d, 0x9f, 0x60, 0x5f, 0xe1, 0x0,
    0x77, 0xa0, 0x4f, 0xf0, 0x7, 0x9f, 0xfc, 0xf,
    0xf8, 0x1, 0x57, 0xc8, 0x6f, 0xd0, 0x7, 0x8b,
    0xfc, 0x97, 0xee, 0x1, 0x2f, 0xf1, 0x7f, 0x94,
    0x3, 0xee, 0xf9, 0xff, 0x10, 0x6, 0xff, 0x4f,
    0xf8, 0x3, 0xf4, 0xff, 0xdc, 0x1, 0xd7, 0xff,
    0x60, 0x7, 0xe4, 0xff, 0xa4, 0x3, 0x9b, 0xfe,
    0x70, 0xf, 0xef, 0xf9, 0x0, 0x38, 0x7f, 0xe2,
    0x0, 0xfe, 0xbf, 0xf0, 0x7, 0xd9, 0xfc, 0x1,
    0xc0,

    /* U+0058 "X" */
    0x3f, 0xf5, 0x80, 0x7c, 0x5f, 0xec, 0x0, 0x47,
    0xf9, 0x80, 0x3d, 0x9f, 0xe2, 0x0, 0xb7, 0xfc,
    0x20, 0x19, 0xbf, 0xce, 0x1, 0x8f, 0xfd, 0x60,
    0x10, 0xff, 0xb0, 0x3, 0xd1, 0xfe, 0x50, 0x5,
    0xff, 0x88, 0x3, 0xed, 0xfe, 0x16, 0xff, 0x38,
    0x7, 0xe3, 0xff, 0x5f, 0x7e, 0x0, 0x7f, 0xa3,
    0xff, 0x10, 0x7, 0xf8, 0x7f, 0xea, 0x0, 0xff,
    0xa3, 0xff, 0x10, 0x7, 0xf1, 0xff, 0xaf, 0xfd,
    0x80, 0x1f, 0xdb, 0xfc, 0x2d, 0xfe, 0x80, 0xf,
    0xa3, 0xfc, 0xa0, 0xb, 0xff, 0x18, 0x7, 0x1f,
    0xfa, 0x80, 0x21, 0xff, 0x68, 0x7, 0x6f, 0xf0,
    0x80, 0x66, 0xff, 0x40, 0x5, 0x1f, 0xe5, 0x0,
    0xf5, 0xff, 0x8c, 0xf, 0xfd, 0x40, 0x1f, 0xf,
    0xfb, 0x40,

    /* U+0059 "Y" */
    0x8f, 0xf2, 0x0, 0x7d, 0x5f, 0xe2, 0xe, 0xfc,
    0x0, 0xf1, 0xff, 0xa4, 0x0, 0xbf, 0xe5, 0x0,
    0xeb, 0xfe, 0x10, 0xb, 0x3f, 0x40, 0x32, 0x7f,
    0x9c, 0x3, 0x1f, 0xf9, 0x80, 0x2d, 0xfd, 0x0,
    0xf5, 0x7f, 0x0, 0x1b, 0xfc, 0xa0, 0x1e, 0x2f,
    0xf3, 0x87, 0x7e, 0x0, 0x7e, 0x8f, 0xf4, 0xff,
    0x8c, 0x3, 0xfb, 0xbf, 0xea, 0x0, 0xff, 0x37,
    0xfc, 0x20, 0x1f, 0xf7, 0x7c, 0x80, 0x7f, 0xf0,
    0x3b, 0xe4, 0x3, 0xff, 0x81, 0xdf, 0x20, 0x1f,
    0xfc, 0xe, 0xf9, 0x0, 0xff, 0xe0, 0x77, 0xc8,
    0x7, 0xff, 0x3, 0xbe, 0x40, 0x3f, 0xf8, 0x1d,
    0xf2, 0x1, 0xe0,

    /* U+005A "Z" */
    0xb, 0xff, 0xff, 0x84, 0x2f, 0xff, 0xfe, 0x10,
    0x12, 0x2f, 0x97, 0xfd, 0x80, 0x1f, 0xed, 0xfe,
    0x10, 0xf, 0xe9, 0xff, 0x20, 0x7, 0xf2, 0xff,
    0xa4, 0x3, 0xf8, 0x7b, 0xf0, 0x3, 0xfd, 0x9f,
    0xe2, 0x0, 0xfe, 0x8f, 0xf2, 0x80, 0x7f, 0x27,
    0xfa, 0x80, 0x3f, 0x87, 0xbf, 0x40, 0x3f, 0xd7,
    0xfe, 0x30, 0xf, 0xe7, 0xff, 0x30, 0x7, 0xf1,
    0xff, 0xac, 0x3, 0xfd, 0xbf, 0xe3, 0x22, 0xfc,
    0x29, 0xff, 0xff, 0xc0, 0x64, 0xff, 0xff, 0xe0,
    0x30,

    /* U+005B "[" */
    0x48, 0x8c, 0x51, 0xff, 0x96, 0x3d, 0x80, 0x28,
    0xf6, 0x0, 0xa3, 0xd8, 0x2, 0x8f, 0x60, 0xa,
    0x3d, 0x80, 0x28, 0xf6, 0x0, 0xa3, 0xd8, 0x2,
    0x8f, 0x60, 0xa, 0x3d, 0x80, 0x28, 0xf6, 0x0,
    0xa3, 0xd8, 0x2, 0x8f, 0x60, 0xa, 0x3d, 0x80,
    0x28, 0xf6, 0x0, 0xa3, 0xd8, 0x2, 0x8f, 0x60,
    0xa, 0x3d, 0x80, 0x28, 0xf6, 0x0, 0xa3, 0xd8,
    0x2, 0x8f, 0x60, 0xa, 0x3e, 0xe6, 0x45, 0x1f,
    0xf9, 0x40,

    /* U+005C "\\" */
    0x2f, 0xa0, 0xf, 0xf6, 0x78, 0x7, 0xf9, 0xbd,
    0x80, 0x3f, 0xdf, 0x80, 0x1f, 0xe9, 0xf3, 0x0,
    0xfe, 0x3f, 0x90, 0xf, 0xf6, 0xf8, 0x7, 0xf9,
    0xfd, 0x40, 0x3f, 0x87, 0xf0, 0x3, 0xfd, 0x5e,
    0x40, 0x1f, 0xc9, 0xf0, 0x1, 0xfe, 0xde, 0x0,
    0xff, 0x3f, 0xa8, 0x7, 0xf0, 0xfd, 0x80, 0x7f,
    0xaf, 0xc4, 0x3, 0xf9, 0x3e, 0x0, 0x3f, 0xdd,
    0xc0, 0xf, 0xf4, 0x7a, 0x0, 0x7f, 0x17, 0xd0,
    0x7, 0xfa, 0xfc, 0x40, 0x3f, 0x97, 0xdc, 0x3,
    0xfd, 0xda, 0x0,

    /* U+005D "]" */
    0x68, 0x8c, 0x19, 0xff, 0x84, 0x2, 0xef, 0x10,
    0xb, 0xbc, 0x40, 0x2e, 0xf1, 0x0, 0xbb, 0xc4,
    0x2, 0xef, 0x10, 0xb, 0xbc, 0x40, 0x2e, 0xf1,
    0x0, 0xbb, 0xc4, 0x2, 0xef, 0x10, 0xb, 0xbc,
    0x40, 0x2e, 0xf1, 0x0, 0xbb, 0xc4, 0x2, 0xef,
    0x10, 0xb, 0xbc, 0x40, 0x2e, 0xf1, 0x0, 0xbb,
    0xc4, 0x2, 0xef, 0x10, 0xb, 0xbc, 0x40, 0x2e,
    0xf1, 0x0, 0xbb, 0xc5, 0xe6, 0x5f, 0xe1, 0xcf,
    0xfc, 0x20,

    /* U+005E "^" */
    0x0, 0xe5, 0x88, 0x20, 0x7, 0xfb, 0xbf, 0xda,
    0x1, 0xfc, 0xbf, 0xdf, 0xe3, 0x0, 0xfd, 0x9e,
    0xf5, 0xf4, 0x1, 0xf1, 0xff, 0x85, 0x3f, 0xc2,
    0x1, 0xe9, 0xfb, 0x0, 0x77, 0xb8, 0x7, 0xbf,
    0xca, 0x0, 0x7f, 0xd0, 0xe, 0x6f, 0xe0, 0x8,
    0x7f, 0xc8, 0x1, 0xb7, 0xe0, 0x3, 0x5f, 0xd0,
    0x4, 0x9f, 0xe2, 0x0, 0xcb, 0xfe, 0x10, 0x5,
    0x7e, 0x0, 0x7b, 0xbe, 0x0, 0x7f, 0xcc, 0x1,
    0xe9, 0xfe, 0x0,

    /* U+005F "_" */
    0x9c, 0xcf, 0xe1, 0xbf, 0xff, 0xe2,

    /* U+0060 "`" */
    0x58, 0x60, 0x8, 0x7b, 0xd0, 0x2, 0x2e, 0xe0,
    0x80, 0x47, 0xf6, 0x0,

    /* U+0061 "a" */
    0x0, 0x2d, 0xf7, 0xf5, 0xa0, 0x0, 0x73, 0xff,
    0xe7, 0x4, 0xfe, 0x61, 0x3, 0xcf, 0xf0, 0x82,
    0x10, 0x6, 0x1f, 0xf3, 0x0, 0x7e, 0xdf, 0x80,
    0x3a, 0xef, 0xff, 0x42, 0x7f, 0xd9, 0x9b, 0xfd,
    0x19, 0xf8, 0x20, 0x1b, 0xfd, 0x1b, 0xf0, 0x1,
    0x8f, 0xfd, 0x15, 0xfa, 0x1, 0x16, 0xff, 0xa0,
    0xbf, 0xeb, 0xcf, 0xdd, 0x7c, 0x1, 0x57, 0x7f,
    0x48, 0xd7, 0xc0,

    /* U+0062 "b" */
    0x6f, 0xf0, 0x7, 0xf3, 0x7f, 0x80, 0x3f, 0x9b,
    0xfc, 0x1, 0xfc, 0xdf, 0xe0, 0xf, 0xe6, 0xff,
    0x0, 0x7f, 0x37, 0xf8, 0x1b, 0x7f, 0xa4, 0x80,
    0xd, 0xfe, 0x9f, 0xff, 0x20, 0x37, 0xfd, 0x26,
    0x67, 0xff, 0x70, 0xb7, 0xfa, 0x0, 0x31, 0xff,
    0x9d, 0xbf, 0xc0, 0x1e, 0xbf, 0xb6, 0xfc, 0x0,
    0xf4, 0x7e, 0xb7, 0xe8, 0x7, 0xa3, 0xf5, 0xbf,
    0xc0, 0x1e, 0xbf, 0xb6, 0xff, 0x40, 0x6, 0x4f,
    0xf3, 0x33, 0xfe, 0x93, 0x33, 0xff, 0xb8, 0x1b,
    0xfd, 0x5f, 0xfe, 0x30, 0x6f, 0xf0, 0x36, 0xff,
    0x51, 0x0, 0x0,

    /* U+0063 "c" */
    0x0, 0xc, 0xef, 0xf5, 0x18, 0x4, 0x7f, 0xff,
    0x30, 0x3, 0xbf, 0x50, 0x4a, 0xff, 0xc4, 0xff,
    0xe1, 0x0, 0xd9, 0x67, 0x7f, 0x40, 0x1f, 0xbb,
    0xdc, 0x3, 0xf7, 0x7b, 0x80, 0x7e, 0xbf, 0xa0,
    0xf, 0xcf, 0xfe, 0x10, 0xd, 0xb6, 0x61, 0xdf,
    0xa8, 0x27, 0x7f, 0xe1, 0x3, 0xff, 0xf9, 0x80,
    0x21, 0x9e, 0xfe, 0xa3, 0x0, 0x0,

    /* U+0064 "d" */
    0x0, 0xfe, 0xff, 0x28, 0x7, 0xf7, 0xf9, 0x40,
    0x3f, 0xbf, 0xca, 0x1, 0xfd, 0xfe, 0x50, 0xf,
    0xef, 0xf2, 0x80, 0xa, 0x7b, 0xf5, 0x83, 0xfc,
    0xa0, 0x9f, 0xfe, 0xaf, 0xf2, 0x8f, 0x7f, 0x9c,
    0xcd, 0x3f, 0xf2, 0xbf, 0xf8, 0xc0, 0x34, 0x7f,
    0x97, 0x3e, 0xc0, 0x3d, 0xfe, 0x5d, 0xf7, 0x0,
    0xf6, 0xfa, 0xef, 0xc0, 0x7, 0xb7, 0xd6, 0xfe,
    0xc0, 0x3d, 0xfe, 0x57, 0xff, 0x18, 0x6, 0x8f,
    0xf2, 0x8f, 0x7f, 0x9c, 0xcd, 0x3f, 0xf2, 0x82,
    0x7f, 0xfa, 0x7f, 0xca, 0x0, 0x2a, 0xef, 0xd6,
    0xf, 0xf2, 0x80,

    /* U+0065 "e" */
    0x0, 0x14, 0xf7, 0xf5, 0x18, 0x4, 0x7f, 0xff,
    0x28, 0xf, 0x7d, 0x90, 0x15, 0x7f, 0x85, 0xff,
    0x40, 0x3b, 0x3e, 0x2f, 0xe0, 0x3, 0x9f, 0xf3,
    0xbf, 0xff, 0xb7, 0xbf, 0x6e, 0xfe, 0x9c, 0xf9,
    0x0, 0xfc, 0xff, 0xc2, 0x1, 0x84, 0x40, 0x3d,
    0xfa, 0xa4, 0x46, 0xed, 0x10, 0x4f, 0xff, 0xb4,
    0x80, 0x5, 0x3d, 0xfd, 0x8c, 0x0,

    /* U+0066 "f" */
    0x0, 0x8a, 0xff, 0xd8, 0x20, 0x17, 0x7f, 0xd8,
    0x1, 0x27, 0xf9, 0x0, 0x40, 0x26, 0xff, 0x0,
    0x79, 0xbf, 0xc0, 0x1b, 0x3f, 0xfd, 0x41, 0x3b,
    0xdf, 0xed, 0xd4, 0x0, 0x4d, 0xfe, 0x0, 0xf3,
    0x7f, 0x80, 0x3c, 0xdf, 0xe0, 0xf, 0x37, 0xf8,
    0x3, 0xcd, 0xfe, 0x0, 0xf3, 0x7f, 0x80, 0x3c,
    0xdf, 0xe0, 0xf, 0x37, 0xf8, 0x3, 0xcd, 0xfe,
    0x0, 0xf3, 0x7f, 0x80, 0x30,

    /* U+0067 "g" */
    0x0, 0xff, 0x29, 0x0, 0x64, 0xbe, 0xfc, 0x79,
    0xfd, 0x0, 0xa3, 0xff, 0xf2, 0x0, 0xb, 0xfd,
    0x0, 0x4, 0xff, 0x48, 0x4, 0xff, 0xc0, 0x1a,
    0xbe, 0xc0, 0x27, 0xfe, 0x0, 0xd5, 0xf6, 0x1,
    0x1f, 0xfa, 0x0, 0x9, 0xfe, 0x80, 0xd, 0xbf,
    0xf7, 0x7f, 0xb4, 0x40, 0x23, 0xff, 0x77, 0x3f,
    0x60, 0x3, 0xaf, 0xd8, 0x3, 0xfd, 0x7f, 0xaa,
    0x40, 0x1f, 0x93, 0xff, 0xb2, 0x10, 0x3, 0xa7,
    0xff, 0xec, 0x0, 0xaf, 0xe8, 0x5, 0x1f, 0x3f,
    0xce, 0x3, 0xfe, 0x20, 0xe, 0xcf, 0x90, 0x6,
    0xfd, 0x0, 0x61, 0xef, 0x70, 0x2, 0x7f, 0xd9,
    0x79, 0xfe, 0xd0, 0xc, 0x31, 0xbf, 0xf6, 0x38,
    0x4,

    /* U+0068 "h" */
    0x6f, 0xf0, 0x7, 0xe6, 0xff, 0x0, 0x7e, 0x6f,
    0xf0, 0x7, 0xe6, 0xff, 0x0, 0x7e, 0x6f, 0xf0,
    0x7, 0xe6, 0xff, 0x3, 0xef, 0xf4, 0x88, 0x37,
    0xfa, 0xff, 0xfb, 0x41, 0xbf, 0xe7, 0x12, 0x9f,
    0xf3, 0xb7, 0xfa, 0x0, 0x37, 0x7d, 0x37, 0xf8,
    0x80, 0x35, 0x7e, 0x37, 0xf8, 0x3, 0xa7, 0xf1,
    0xbf, 0xc0, 0x1d, 0x3f, 0x8d, 0xfe, 0x0, 0xe9,
    0xfc, 0x6f, 0xf0, 0x7, 0x4f, 0xe3, 0x7f, 0x80,
    0x3a, 0x7f, 0x1b, 0xfc, 0x1, 0xd3, 0xf8, 0xdf,
    0xe0, 0xe, 0x9f, 0xc0,

    /* U+0069 "i" */
    0x9f, 0xf0, 0xcf, 0xf8, 0x5f, 0x74, 0x20, 0x1f,
    0x9b, 0xfc, 0xd, 0xfe, 0x6, 0xff, 0x3, 0x7f,
    0x81, 0xbf, 0xc0, 0xdf, 0xe0, 0x6f, 0xf0, 0x37,
    0xf8, 0x1b, 0xfc, 0xd, 0xfe, 0x6, 0xff, 0x3,
    0x7f, 0x80,

    /* U+006A "j" */
    0x0, 0x47, 0xf8, 0x80, 0x11, 0xfe, 0x20, 0x3,
    0xee, 0x84, 0x3, 0xff, 0x84, 0xdf, 0xe0, 0x9,
    0xbf, 0xc0, 0x13, 0x7f, 0x80, 0x26, 0xff, 0x0,
    0x4d, 0xfe, 0x0, 0x9b, 0xfc, 0x1, 0x37, 0xf8,
    0x2, 0x6f, 0xf0, 0x4, 0xdf, 0xe0, 0x9, 0xbf,
    0xc0, 0x13, 0x7f, 0x80, 0x26, 0xff, 0x0, 0x4d,
    0xfe, 0x0, 0x9b, 0xfc, 0x4, 0x77, 0xfc, 0x13,
    0xff, 0x50, 0x3f, 0x7d, 0x88, 0x0,

    /* U+006B "k" */
    0x6f, 0xf0, 0x7, 0xf3, 0x7f, 0x80, 0x3f, 0x9b,
    0xfc, 0x1, 0xfc, 0xdf, 0xe0, 0xf, 0xe6, 0xff,
    0x0, 0x7f, 0x37, 0xf8, 0x3, 0x4f, 0xf9, 0x81,
    0xbf, 0xc0, 0x14, 0x7f, 0x9c, 0x0, 0xdf, 0xe0,
    0x3, 0xff, 0xa0, 0x2, 0x6f, 0xf0, 0x37, 0xfa,
    0x0, 0x33, 0x7f, 0x9b, 0xfd, 0xa0, 0x1c, 0xdf,
    0xfe, 0x40, 0xc, 0xdf, 0xf4, 0x67, 0xf0, 0x6,
    0x6f, 0xf5, 0x1, 0x7f, 0xa4, 0x2, 0x6f, 0xf0,
    0x5, 0x1f, 0xe3, 0x0, 0x37, 0xf8, 0x3, 0x6f,
    0xe8, 0x1, 0xbf, 0xc0, 0x19, 0x3f, 0xd0, 0xd,
    0xfe, 0x0, 0xe9, 0xff, 0x10,

    /* U+006C "l" */
    0x6f, 0xe0, 0x3, 0x7f, 0x0, 0x1b, 0xf8, 0x0,
    0xdf, 0xc0, 0x6, 0xfe, 0x0, 0x37, 0xf0, 0x1,
    0xbf, 0x80, 0xd, 0xfc, 0x0, 0x6f, 0xe0, 0x3,
    0x7f, 0x0, 0x1b, 0xf8, 0x0, 0xdf, 0xc0, 0x6,
    0xfe, 0x0, 0x37, 0xf0, 0x1, 0x7f, 0xca, 0x65,
    0xff, 0x70, 0x37, 0x7d, 0x0,

    /* U+006D "m" */
    0x6f, 0xf0, 0x46, 0xfe, 0xb0, 0xc, 0xf7, 0xeb,
    0x0, 0x1b, 0xfd, 0x7f, 0xbf, 0xf4, 0x6f, 0xef,
    0x7f, 0xa0, 0x1b, 0xfd, 0xc4, 0x3, 0x9f, 0xf2,
    0x0, 0x27, 0xfc, 0x2d, 0xfe, 0x50, 0x9, 0x7f,
    0xd8, 0x1, 0xf, 0xf9, 0x5b, 0xfc, 0x20, 0x11,
    0x7f, 0x94, 0x3, 0x77, 0xbb, 0x7f, 0x80, 0x30,
    0xff, 0x90, 0x3, 0x6f, 0xbb, 0x7f, 0x80, 0x30,
    0xff, 0x90, 0x3, 0x6f, 0xbb, 0x7f, 0x80, 0x30,
    0xff, 0x90, 0x3, 0x6f, 0xbb, 0x7f, 0x80, 0x30,
    0xff, 0x90, 0x3, 0x6f, 0xbb, 0x7f, 0x80, 0x30,
    0xff, 0x90, 0x3, 0x6f, 0xbb, 0x7f, 0x80, 0x30,
    0xff, 0x90, 0x3, 0x6f, 0xbb, 0x7f, 0x80, 0x30,
    0xff, 0x90, 0x3, 0x6f, 0xb8,

    /* U+006E "n" */
    0x6f, 0xf0, 0x46, 0xff, 0x48, 0x83, 0x7f, 0xb3,
    0xf7, 0xbf, 0xda, 0xd, 0xfe, 0xe3, 0x0, 0x37,
    0xf9, 0xdb, 0xfc, 0xc0, 0x1b, 0x7e, 0x9b, 0xfc,
    0x40, 0x1a, 0xbf, 0x1b, 0xfc, 0x1, 0xd3, 0xf8,
    0xdf, 0xe0, 0xe, 0x9f, 0xc6, 0xff, 0x0, 0x74,
    0xfe, 0x37, 0xf8, 0x3, 0xa7, 0xf1, 0xbf, 0xc0,
    0x1d, 0x3f, 0x8d, 0xfe, 0x0, 0xe9, 0xfc, 0x6f,
    0xf0, 0x7, 0x4f, 0xe0,

    /* U+006F "o" */
    0x0, 0x9f, 0x3f, 0xb1, 0x80, 0x31, 0x6f, 0xff,
    0xac, 0x2, 0xdf, 0xe5, 0x12, 0x7f, 0xf5, 0x3,
    0x7f, 0x88, 0x3, 0x27, 0xf8, 0xef, 0xe8, 0x3,
    0xdb, 0xf1, 0xbe, 0xe0, 0x1e, 0xaf, 0xad, 0xf7,
    0x0, 0xf5, 0x7d, 0x5f, 0xd0, 0x7, 0xb7, 0xe1,
    0xbf, 0xc4, 0x1, 0x97, 0xfc, 0x41, 0xbf, 0xca,
    0x44, 0x7f, 0xf5, 0x0, 0xb, 0x7f, 0xfd, 0x60,
    0x1c, 0xfb, 0xfd, 0x8c, 0x1, 0x0,

    /* U+0070 "p" */
    0x6f, 0xf0, 0x46, 0xff, 0x51, 0x0, 0x1b, 0xfd,
    0x9f, 0xfe, 0x40, 0x6f, 0xf9, 0x80, 0x9, 0xbf,
    0xc0, 0xdf, 0xe6, 0x0, 0xc5, 0xfe, 0x66, 0x7f,
    0x80, 0x3d, 0x7f, 0x6d, 0xf8, 0x1, 0xe8, 0xfd,
    0x6f, 0xd0, 0xf, 0x47, 0xeb, 0x7f, 0x80, 0x3d,
    0x7f, 0x6d, 0xfe, 0x80, 0xc, 0x9f, 0xe6, 0x67,
    0xfd, 0x26, 0x67, 0xff, 0x70, 0xb7, 0xfa, 0xff,
    0xfc, 0x80, 0xdf, 0xe0, 0x7d, 0xfe, 0x92, 0x0,
    0x37, 0xf8, 0x3, 0xf9, 0xbf, 0xc0, 0x1f, 0xcd,
    0xfe, 0x0, 0xfe, 0x6f, 0xf0, 0x7, 0xf3, 0x7f,
    0x80, 0x3f, 0x80,

    /* U+0071 "q" */
    0x0, 0x15, 0x77, 0xeb, 0x87, 0xf9, 0x41, 0x3f,
    0xfd, 0x7f, 0xe5, 0x1e, 0xff, 0x39, 0x9a, 0x7f,
    0xe5, 0x7f, 0xf1, 0x80, 0x68, 0xff, 0x2e, 0x7d,
    0x80, 0x70, 0xff, 0x97, 0x7e, 0x0, 0x3d, 0xbe,
    0xbb, 0xee, 0x1, 0xed, 0xf5, 0xcf, 0xb0, 0xf,
    0x7f, 0x95, 0xff, 0xc6, 0x1, 0xa3, 0xfc, 0xa3,
    0xdf, 0xe7, 0x33, 0x4f, 0xfc, 0xa0, 0x9f, 0xfe,
    0xaf, 0xf2, 0x80, 0xa, 0xbb, 0xf5, 0xc3, 0xfc,
    0xa0, 0x1f, 0xdf, 0xe5, 0x0, 0xfe, 0xff, 0x28,
    0x7, 0xf7, 0xf9, 0x40, 0x3f, 0xbf, 0xca, 0x1,
    0xfd, 0xfe, 0x50,

    /* U+0072 "r" */
    0x6f, 0xf0, 0x3e, 0xfe, 0x9b, 0x7f, 0xab, 0xfe,
    0xd0, 0x6f, 0xfa, 0xc, 0xe0, 0x6f, 0xf4, 0x0,
    0x73, 0x7f, 0x88, 0x3, 0x9b, 0xfc, 0x1, 0xe6,
    0xff, 0x0, 0x79, 0xbf, 0xc0, 0x1e, 0x6f, 0xf0,
    0x7, 0x9b, 0xfc, 0x1, 0xe6, 0xff, 0x0, 0x79,
    0xbf, 0xc0, 0x1e,

    /* U+0073 "s" */
    0x0, 0x14, 0xef, 0xf4, 0x90, 0x4, 0x5f, 0xf6,
    0xff, 0xc6, 0x0, 0x9f, 0xb0, 0xa, 0x3d, 0x40,
    0x17, 0xf2, 0x1, 0x84, 0x2, 0x7f, 0xf6, 0x39,
    0x0, 0x7a, 0x3f, 0xf6, 0xb0, 0x7, 0xb, 0xdf,
    0xfd, 0x20, 0x1f, 0xd, 0x7f, 0x84, 0xe, 0x0,
    0x31, 0x7f, 0x88, 0x7f, 0xd2, 0x20, 0x33, 0xfc,
    0x0, 0x6f, 0xff, 0x98, 0x2, 0x2a, 0xef, 0xeb,
    0x40, 0x0,

    /* U+0074 "t" */
    0x0, 0xc2, 0x1, 0xe8, 0xe0, 0xe, 0x6f, 0xf0,
    0x7, 0x37, 0xf8, 0x3, 0x9b, 0xfc, 0x1, 0x67,
    0xff, 0xaa, 0x77, 0xfe, 0xdd, 0x40, 0x1, 0xbf,
    0xc0, 0x1c, 0xdf, 0xe0, 0xe, 0x6f, 0xf0, 0x7,
    0x37, 0xf8, 0x3, 0x9b, 0xfc, 0x1, 0xcd, 0xfe,
    0x0, 0xe6, 0xff, 0x0, 0x72, 0x7f, 0x94, 0x3,
    0xbb, 0xfe, 0xa0, 0x8, 0xf3, 0xf9, 0xc0,

    /* U+0075 "u" */
    0x8f, 0xd0, 0xe, 0xbf, 0x98, 0xfd, 0x0, 0xeb,
    0xf9, 0x8f, 0xd0, 0xe, 0xbf, 0x98, 0xfd, 0x0,
    0xeb, 0xf9, 0x8f, 0xd0, 0xe, 0xbf, 0x98, 0xfd,
    0x0, 0xeb, 0xf9, 0x8f, 0xd0, 0xe, 0xcf, 0x98,
    0xfe, 0x0, 0xef, 0xf4, 0xb7, 0xf8, 0x80, 0x24,
    0xff, 0x49, 0x7f, 0xb0, 0xc5, 0x7b, 0xfd, 0x21,
    0x3f, 0xfd, 0xdb, 0xf2, 0x0, 0x7d, 0xfe, 0x91,
    0xbf, 0x90,

    /* U+0076 "v" */
    0x5f, 0xf2, 0x0, 0x75, 0x7f, 0x0, 0x3b, 0xe4,
    0x3, 0xbf, 0xce, 0x0, 0x8f, 0xf0, 0x6, 0x5f,
    0xf0, 0x80, 0x7, 0xfc, 0xa0, 0x15, 0xfd, 0x80,
    0x6b, 0xfb, 0x0, 0xf, 0xf9, 0x0, 0x32, 0x7f,
    0x84, 0x1f, 0xf8, 0x3, 0xdd, 0xec, 0x1b, 0xee,
    0x1, 0xe7, 0xfc, 0x3f, 0xf0, 0x80, 0x78, 0x7f,
    0xd7, 0xf6, 0x1, 0xfa, 0xbf, 0xe4, 0x0, 0xfc,
    0x9f, 0xee, 0x0, 0xff, 0x6f, 0xb8, 0x7, 0x0,

    /* U+0077 "w" */
    0x4f, 0xf1, 0x80, 0x47, 0xfe, 0x20, 0x8, 0xff,
    0xc8, 0x1f, 0xe7, 0x0, 0xa3, 0xfc, 0xe0, 0x14,
    0x7f, 0x80, 0x15, 0xf8, 0x1, 0x6f, 0xfb, 0x0,
    0x2c, 0xfa, 0x0, 0x2f, 0xf8, 0x0, 0x5f, 0xdc,
    0xf1, 0x1, 0xff, 0x28, 0x0, 0x7f, 0xc8, 0xd,
    0xf5, 0x4f, 0x60, 0x5f, 0xf0, 0x80, 0x59, 0xf2,
    0x17, 0xea, 0xaf, 0xb0, 0x9f, 0xc0, 0xc, 0xff,
    0xa3, 0xfe, 0x0, 0x7f, 0x87, 0x7d, 0xc0, 0x31,
    0x7f, 0x9f, 0xec, 0x1, 0x7f, 0x1f, 0xe2, 0x0,
    0xee, 0xff, 0x98, 0x0, 0xdf, 0xf6, 0x80, 0x7a,
    0x7f, 0xe1, 0x0, 0xf, 0xfd, 0x20, 0x1e, 0x4f,
    0xf6, 0x0, 0x6c, 0xff, 0x20, 0x7, 0xdf, 0xe7,
    0x0, 0xcf, 0xfe, 0x0, 0xc0,

    /* U+0078 "x" */
    0x1f, 0xf6, 0x0, 0x61, 0xff, 0x58, 0x1, 0x7f,
    0xcc, 0x1, 0x5f, 0xf0, 0x80, 0x55, 0xfe, 0x20,
    0x6f, 0xf2, 0x0, 0x61, 0xef, 0xc2, 0xff, 0x48,
    0x7, 0x93, 0xfd, 0xdf, 0xa0, 0x1f, 0xa3, 0xfe,
    0x30, 0xf, 0xd3, 0xff, 0x18, 0x7, 0xc9, 0xfe,
    0xef, 0xd0, 0xf, 0xf, 0x7d, 0x8f, 0xfa, 0x40,
    0x3a, 0xbf, 0xc2, 0xd, 0xfe, 0x50, 0x9, 0x7f,
    0xcc, 0x1, 0x67, 0xf0, 0x80, 0xff, 0xac, 0x3,
    0x17, 0xfa, 0xc0,

    /* U+0079 "y" */
    0x5f, 0xf2, 0x0, 0x75, 0x7f, 0x0, 0x3b, 0xe4,
    0x3, 0xbf, 0xce, 0x0, 0x8f, 0xf0, 0x6, 0x5f,
    0xf0, 0x80, 0x7, 0xfc, 0xa0, 0x15, 0xfd, 0x80,
    0x6b, 0xfb, 0x0, 0xf, 0xf9, 0x0, 0x32, 0x7f,
    0x84, 0x1f, 0xf8, 0x3, 0xdd, 0xec, 0x1b, 0xee,
    0x1, 0xe7, 0xfc, 0x3f, 0xf0, 0x80, 0x78, 0x7f,
    0xd5, 0xf6, 0x1, 0xfa, 0xff, 0xe4, 0x0, 0xfc,
    0x9f, 0xee, 0x0, 0xfe, 0x1f, 0xf3, 0x80, 0x7f,
    0x37, 0xf8, 0x40, 0x3f, 0xb7, 0xec, 0x3, 0xf8,
    0xff, 0xc8, 0x1, 0xfd, 0x5f, 0xc0, 0x1f, 0xc3,
    0xfe, 0x70, 0xf, 0x80,

    /* U+007A "z" */
    0xd, 0xff, 0xfc, 0xa1, 0x9d, 0xdd, 0xff, 0x20,
    0x7, 0xdb, 0xf6, 0x1, 0xf5, 0x7f, 0x8, 0x7,
    0x9f, 0xfc, 0x60, 0x1e, 0x4f, 0xf3, 0x0, 0x78,
    0xbb, 0xe4, 0x3, 0xed, 0xfc, 0x0, 0xfa, 0xbf,
    0x84, 0x3, 0xcf, 0xfe, 0x40, 0xf, 0xf, 0xfd,
    0xdd, 0xe4, 0x2f, 0xff, 0xe5,

    /* U+007B "{" */
    0x0, 0x95, 0xdc, 0x0, 0xbf, 0xf7, 0x1, 0x7f,
    0x10, 0x1, 0x7e, 0xc0, 0x25, 0xfa, 0x0, 0x97,
    0xe8, 0x2, 0x5f, 0xa0, 0x9, 0x7e, 0x80, 0x25,
    0xfa, 0x0, 0x97, 0xe8, 0x2, 0x9f, 0x80, 0x5,
    0x7e, 0x88, 0x3, 0x7d, 0x80, 0x23, 0xdf, 0x50,
    0x9, 0xfe, 0x40, 0x25, 0xfa, 0x0, 0x97, 0xe8,
    0x2, 0x5f, 0xa0, 0x9, 0x7e, 0x80, 0x25, 0xfa,
    0x0, 0x97, 0xe8, 0x2, 0x4f, 0xc0, 0x8, 0x7f,
    0xd4, 0xe0, 0x4, 0xdf, 0xe0,

    /* U+007C "|" */
    0xcf, 0xc, 0xf0, 0xcf, 0xc, 0xf0, 0xcf, 0xc,
    0xf0, 0xcf, 0xc, 0xf0, 0xcf, 0xc, 0xf0, 0xcf,
    0xc, 0xf0, 0xcf, 0xc, 0xf0, 0xcf, 0xc, 0xf0,
    0xcf, 0xc, 0xf0, 0xcf, 0xc, 0xf0, 0xcf, 0xc,
    0xf0, 0xcf, 0xc, 0xf0,

    /* U+007D "}" */
    0x67, 0x50, 0xb, 0x7f, 0xd8, 0x1, 0xe, 0xfa,
    0x0, 0x53, 0xec, 0x1, 0x4f, 0xb8, 0x5, 0x3e,
    0xe0, 0x14, 0xfb, 0x80, 0x53, 0xee, 0x1, 0x4f,
    0xb8, 0x5, 0x3e, 0xe0, 0x13, 0xfd, 0x80, 0x43,
    0x9f, 0x60, 0x12, 0xff, 0x0, 0x13, 0xf8, 0xc0,
    0x11, 0xf0, 0x1, 0x4f, 0xb8, 0x5, 0x3e, 0xe0,
    0x14, 0xfb, 0x80, 0x53, 0xee, 0x1, 0x4f, 0xb8,
    0x5, 0x3e, 0xc0, 0x15, 0xfa, 0x83, 0x4f, 0xf8,
    0x43, 0x7f, 0x54, 0x0,

    /* U+007E "~" */
    0x0, 0x3d, 0x40, 0x80, 0x48, 0x80, 0xaf, 0xfb,
    0x40, 0x2f, 0xd2, 0xfd, 0x17, 0xf9, 0x4, 0xfa,
    0x6f, 0x70, 0x5, 0xfd, 0xf7, 0x99, 0x29, 0x0,
    0x55, 0xfc, 0xc0,

    /* U+00A0 " " */

    /* U+00A1 "¡" */
    0x6f, 0xf2, 0x37, 0xf9, 0x1b, 0xb8, 0x60, 0x1f,
    0xd9, 0x40, 0xf, 0xd0, 0x7, 0xe8, 0x3, 0xf8,
    0x7, 0xf8, 0x7, 0xf8, 0xb, 0xfc, 0x5, 0xfe,
    0x2, 0xff, 0x1, 0xff, 0x80, 0xff, 0xc0, 0x7f,
    0xe1,

    /* U+00A2 "¢" */
    0x0, 0xe6, 0x70, 0xf, 0xf6, 0xf0, 0x7, 0xfb,
    0x78, 0x3, 0xf2, 0xe7, 0xfb, 0x5c, 0x3, 0xab,
    0xff, 0xd8, 0x20, 0x7, 0xff, 0x41, 0xa, 0xff,
    0xa4, 0x1, 0xdf, 0x20, 0x19, 0x7a, 0x0, 0xff,
    0xc4, 0x1, 0xf9, 0xbf, 0xc0, 0x1f, 0xcd, 0xfe,
    0x0, 0xfe, 0x3f, 0xf1, 0x0, 0x7f, 0x77, 0xc8,
    0x6, 0x5e, 0x80, 0x3, 0xff, 0xa0, 0x85, 0xbf,
    0xd2, 0x1, 0x57, 0xff, 0xb0, 0x40, 0x32, 0xe7,
    0xfb, 0x5c, 0x3, 0xf6, 0xf0, 0x7, 0xfb, 0x78,
    0x3, 0xfc, 0xce, 0x1, 0xc0,

    /* U+00A3 "£" */
    0x0, 0xcf, 0xbf, 0xd4, 0x40, 0x1d, 0x9f, 0xfe,
    0x40, 0xa, 0x7f, 0x50, 0xa, 0xbf, 0x80, 0x2f,
    0xf1, 0x0, 0x6b, 0xf4, 0x2, 0xfd, 0x0, 0xe2,
    0x20, 0x0, 0xbf, 0x0, 0x3f, 0x87, 0xf8, 0x3,
    0xfd, 0xbe, 0x40, 0x1f, 0x67, 0xff, 0xe2, 0x0,
    0x67, 0xff, 0xe1, 0x0, 0xc5, 0xfa, 0x1, 0xfe,
    0xef, 0x10, 0xf, 0xee, 0xf1, 0x0, 0xfd, 0x3f,
    0x60, 0x1f, 0x1e, 0x7d, 0x88, 0x7, 0xdb, 0xff,
    0xfe, 0x7d, 0xff, 0xff, 0x38,

    /* U+00A4 "¤" */
    0x2, 0x0, 0xfe, 0x10, 0x2e, 0x92, 0xae, 0xfd,
    0x81, 0xcc, 0x8, 0xb7, 0xfe, 0xec, 0xff, 0xd4,
    0x0, 0x4f, 0xe5, 0x0, 0x9f, 0xfc, 0x20, 0xb,
    0xf4, 0x0, 0xe7, 0xf8, 0x0, 0x7e, 0x0, 0x7d,
    0xfa, 0x3, 0xf4, 0x1, 0xf7, 0x70, 0x1, 0xf8,
    0x1, 0xf7, 0xe8, 0x2, 0xfc, 0xc0, 0x3a, 0x3e,
    0x0, 0x9, 0xfc, 0x80, 0x13, 0xff, 0x84, 0x7,
    0x7f, 0xee, 0xce, 0xff, 0xa8, 0xb, 0xa4, 0xa7,
    0xbf, 0x60, 0xb3, 0x44, 0x8, 0x3, 0xf8, 0x40,

    /* U+00A5 "¥" */
    0xaf, 0xe0, 0xf, 0x9f, 0xfc, 0x65, 0xfe, 0x60,
    0xf, 0x77, 0xd8, 0x2, 0xff, 0x40, 0x39, 0xbf,
    0xc6, 0x0, 0x3f, 0xf2, 0x80, 0x6d, 0xfb, 0x0,
    0xd7, 0xfa, 0x1, 0x2f, 0xf8, 0xc0, 0x31, 0xff,
    0x90, 0x1, 0xbf, 0x60, 0x1e, 0xbf, 0xc0, 0x5f,
    0xf2, 0x0, 0x78, 0xff, 0xc9, 0x9f, 0x80, 0x1f,
    0xaf, 0xfb, 0xfc, 0x80, 0x1c, 0xff, 0xff, 0xe0,
    0x9, 0xbb, 0xaf, 0xfb, 0xbb, 0x0, 0x7c, 0xff,
    0xe0, 0xf, 0x9b, 0xba, 0xff, 0xbb, 0xad, 0x0,
    0x9f, 0xff, 0xfc, 0x1, 0xf3, 0xff, 0x80, 0x3f,
    0xe7, 0xff, 0x0, 0x7f, 0xcf, 0xfe, 0x0, 0xf0,

    /* U+00A6 "¦" */
    0xbf, 0xc, 0xf0, 0xcf, 0xc, 0xf0, 0xcf, 0xc,
    0xf0, 0xcf, 0xc, 0xf0, 0xcf, 0xc, 0xf0, 0xf,
    0xfe, 0xc, 0xe0, 0x67, 0x86, 0x78, 0x67, 0x86,
    0x78, 0x67, 0x86, 0x78, 0x67, 0x86, 0x78, 0x67,
    0x80,

    /* U+00A7 "§" */
    0x0, 0x96, 0xfb, 0xf6, 0x4, 0x3, 0x4f, 0xff,
    0xb4, 0x80, 0xb, 0xfe, 0xa4, 0x38, 0xff, 0x60,
    0x2, 0xff, 0x0, 0x32, 0xe1, 0x80, 0x37, 0xe8,
    0x3, 0xfa, 0xff, 0x84, 0x3, 0xf4, 0xff, 0xb9,
    0x80, 0x3c, 0x7f, 0xfe, 0x92, 0x0, 0xab, 0xf4,
    0xef, 0xff, 0x48, 0x3, 0x3e, 0x80, 0x3, 0x1d,
    0xfe, 0xd0, 0xbf, 0xe0, 0xe, 0x9f, 0xf4, 0x37,
    0xfb, 0x8, 0x3, 0x67, 0xe0, 0x67, 0xfd, 0x46,
    0x0, 0x9f, 0xd0, 0x4, 0x7f, 0xed, 0x4d, 0xfb,
    0x0, 0x86, 0x3b, 0xff, 0x94, 0x3, 0xcb, 0xbf,
    0xeb, 0x0, 0xfc, 0x3b, 0xf8, 0x1, 0xfd, 0x1f,
    0xc0, 0x2, 0xc6, 0x0, 0xd7, 0xfa, 0x0, 0xbf,
    0xf4, 0xa1, 0xd7, 0xf9, 0xc0, 0x3, 0xbf, 0xfe,
    0xb0, 0xe, 0x7c, 0xff, 0x63, 0x0, 0x40,

    /* U+00A8 "¨" */
    0xcd, 0xa0, 0x5d, 0xd1, 0xf7, 0xe0, 0x37, 0xf9,
    0x3b, 0xf0, 0x1b, 0xfc, 0x80,

    /* U+00A9 "©" */
    0x0, 0xe4, 0x9d, 0xee, 0x63, 0x88, 0x7, 0xe1,
    0xbe, 0x94, 0x33, 0x2d, 0x7c, 0x0, 0x78, 0xfa,
    0x44, 0x3, 0xc5, 0xb6, 0x1, 0x87, 0xa0, 0x0,
    0x51, 0x74, 0xc0, 0x16, 0x48, 0x5, 0x36, 0x0,
    0x4f, 0xfe, 0xd1, 0x1, 0xf3, 0x1, 0xf2, 0x1,
    0xff, 0x38, 0x15, 0xfd, 0x80, 0x22, 0xc1, 0xb4,
    0x0, 0xff, 0x20, 0x1a, 0xd8, 0x0, 0x5e, 0x11,
    0x20, 0xb, 0xf3, 0x0, 0xfe, 0xe3, 0xa8, 0x0,
    0x6f, 0x88, 0x7, 0xf6, 0xa4, 0xc8, 0x1, 0x9e,
    0x40, 0x1f, 0xdc, 0x6d, 0x80, 0x9, 0xf6, 0x0,
    0xce, 0x40, 0x1, 0xf1, 0x2f, 0x10, 0x3f, 0xe3,
    0x0, 0x3f, 0xd8, 0x1, 0xb0, 0x1, 0x72, 0x0,
    0x8f, 0xf6, 0xf7, 0xf1, 0x0, 0x39, 0x40, 0x5,
    0xea, 0x0, 0x5c, 0xfe, 0xa2, 0x0, 0x55, 0x80,
    0x65, 0xf7, 0x0, 0xf8, 0x6f, 0x44, 0x3, 0x8f,
    0xb5, 0x88, 0x0, 0x71, 0xd6, 0x20, 0x1f, 0x9f,
    0x3f, 0xf5, 0xa0, 0x7, 0xff, 0x4, 0x84, 0x3,
    0xf0,

    /* U+00AA "ª" */
    0x0, 0xfe, 0x5d, 0xfe, 0x90, 0x2, 0xfc, 0xa2,
    0xf4, 0x80, 0xb8, 0x4, 0xde, 0x1, 0x11, 0xa3,
    0x79, 0x13, 0x7f, 0xf8, 0xaf, 0x88, 0x0, 0x7e,
    0x5d, 0x20, 0x14, 0x79, 0x5f, 0x18, 0xb7, 0xf8,
    0x89, 0xbf, 0xed, 0x4f, 0x20, 0x1, 0x10, 0x3,
    0x0,

    /* U+00AB "«" */
    0x0, 0xe5, 0x0, 0xc2, 0x60, 0x1a, 0xec, 0x1,
    0x1f, 0x30, 0x0, 0xb7, 0xec, 0x0, 0xbf, 0xe5,
    0x4, 0xef, 0xa0, 0x4, 0x7f, 0x98, 0x1b, 0xfc,
    0xe0, 0xb, 0xfe, 0x30, 0x2, 0xff, 0xa0, 0x1,
    0x3f, 0xc8, 0x1, 0x1f, 0x7d, 0x88, 0x3f, 0xf9,
    0xc0, 0x21, 0xcf, 0xb0, 0x2, 0x7f, 0x94, 0x3,
    0x55, 0x80, 0x45, 0xcc, 0x1, 0xc8, 0x1, 0x84,
    0xc0,

    /* U+00AC "¬" */
    0x4d, 0xdf, 0xf3, 0x27, 0xff, 0xfa, 0x0, 0x3f,
    0x9b, 0xe0, 0x3, 0xf9, 0xbe, 0x0, 0x3f, 0x9b,
    0xe0, 0x3, 0xf9, 0xbe, 0x0, 0x3f, 0x9b, 0xe0,

    /* U+00AD "­" */
    0xc, 0xce, 0xa0, 0xff, 0xee,

    /* U+00AE "®" */
    0x0, 0x8e, 0x77, 0xb2, 0x48, 0x3, 0xa3, 0xa0,
    0xc9, 0x23, 0xdc, 0x2, 0x8c, 0x17, 0xff, 0x6a,
    0x97, 0x30, 0x17, 0x88, 0x3d, 0x2, 0x70, 0x1f,
    0x84, 0x50, 0x1, 0xe8, 0x13, 0x80, 0x16, 0xd4,
    0xc0, 0x7, 0xff, 0x72, 0x0, 0x22, 0x14, 0xc0,
    0x7, 0x93, 0xd0, 0xa, 0x22, 0x90, 0x3, 0xc8,
    0x5b, 0x0, 0x2d, 0x8f, 0x80, 0xf, 0x20, 0x7a,
    0x5, 0xe2, 0x17, 0x60, 0x12, 0x0, 0x18, 0xe4,
    0x80, 0x59, 0xaa, 0x20, 0x2d, 0xd4, 0x1, 0xcd,
    0xbf, 0xf6, 0x28, 0x7, 0xf0, 0x80, 0x78,

    /* U+00AF "¯" */
    0x12, 0x2e, 0x1e, 0xff, 0xea, 0x44, 0xf1, 0x0,

    /* U+00B0 "°" */
    0x0, 0x4f, 0x72, 0x84, 0x1, 0x9f, 0x76, 0xfc,
    0x3, 0xf8, 0x0, 0x3f, 0xa3, 0x79, 0x80, 0xb,
    0xd8, 0xfe, 0x0, 0xf, 0xe8, 0x17, 0xf9, 0x7f,
    0x80, 0x14, 0xf7, 0x28, 0x40,

    /* U+00B1 "±" */
    0x0, 0xe2, 0xa6, 0x0, 0xff, 0x1f, 0xd0, 0x7,
    0xf8, 0xfe, 0x80, 0x3f, 0xc7, 0xf4, 0x1, 0xc7,
    0xbb, 0xbb, 0xfd, 0xbb, 0xa4, 0xff, 0xff, 0xea,
    0x0, 0xe3, 0xfa, 0x0, 0xff, 0x1f, 0xd0, 0x7,
    0xf8, 0xfe, 0x80, 0x3f, 0xc7, 0xf4, 0x1, 0xff,
    0xd3, 0x3e, 0xef, 0xfa, 0x4f, 0xff, 0xfe, 0xa0,

    /* U+00B2 "²" */
    0x0, 0x4f, 0x72, 0x84, 0x1, 0x7a, 0x88, 0xdb,
    0x1, 0xf4, 0x0, 0x27, 0x80, 0xc0, 0x4, 0x9e,
    0x1, 0xe9, 0xc0, 0xe, 0x4f, 0x30, 0xc, 0xbe,
    0xc0, 0x1a, 0x3d, 0x0, 0x23, 0xdd, 0x21, 0x14,
    0x37, 0xff, 0xe9,

    /* U+00B3 "³" */
    0x2, 0xbf, 0xe9, 0x0, 0xba, 0x91, 0x7a, 0x80,
    0xac, 0x2, 0x7d, 0x0, 0xe1, 0xb7, 0x0, 0xd3,
    0xf8, 0x20, 0x1c, 0x31, 0xa0, 0x44, 0x0, 0xdc,
    0xb5, 0x60, 0x1b, 0xd4, 0xfe, 0x4d, 0x33, 0x80,
    0x9, 0x9f, 0xd4, 0x40,

    /* U+00B4 "´" */
    0x0, 0x1c, 0x38, 0x0, 0x7b, 0xd0, 0x1, 0x9e,
    0x80, 0x8, 0xf5, 0x0, 0x80,

    /* U+00B5 "µ" */
    0x8f, 0xd0, 0xe, 0xbf, 0x98, 0xfd, 0x0, 0xeb,
    0xf9, 0x8f, 0xd0, 0xe, 0xbf, 0x98, 0xfd, 0x0,
    0xeb, 0xf9, 0x8f, 0xd0, 0xe, 0xbf, 0x98, 0xfd,
    0x0, 0xec, 0xf9, 0x8f, 0xd0, 0xe, 0xdf, 0x98,
    0xfe, 0x0, 0xef, 0xf4, 0xc7, 0xf8, 0x40, 0x23,
    0xff, 0x4c, 0x7f, 0xa8, 0x0, 0x39, 0xfe, 0x98,
    0xff, 0xdd, 0xfd, 0xbf, 0x31, 0xfd, 0x7f, 0xd4,
    0x57, 0xf3, 0x1f, 0xa0, 0x1f, 0xa3, 0xf4, 0x3,
    0xf4, 0x7e, 0x80, 0x7e, 0x6c, 0xa0, 0xf, 0xc0,

    /* U+00B6 "¶" */
    0x0, 0x25, 0x77, 0xe0, 0x2, 0x70, 0x23, 0xff,
    0x60, 0x2, 0x71, 0x7f, 0xfb, 0x0, 0x13, 0x97,
    0xff, 0xd8, 0x0, 0x9c, 0xef, 0xfe, 0xc0, 0x4,
    0xe6, 0x3f, 0xfb, 0x0, 0x13, 0x8f, 0xff, 0xd8,
    0x0, 0x9c, 0xc, 0xff, 0xd8, 0x0, 0x9c, 0x0,
    0x4f, 0xfd, 0x80, 0x9, 0xc0, 0xc, 0x77, 0x80,
    0x9, 0xc0, 0xe, 0x9c, 0x0, 0x4e, 0x0, 0x74,
    0xe0, 0x2, 0x70, 0x3, 0xa7, 0x0, 0x13, 0x80,
    0x1d, 0x38, 0x0, 0x9c, 0x0, 0xe9, 0xc0, 0x4,
    0xe0, 0x7, 0x4e, 0x0, 0x27, 0x0, 0x3a, 0x70,
    0x1, 0x38, 0x1, 0xd3, 0x80, 0x9, 0xc0, 0xe,
    0x9c, 0x0, 0x4e, 0x0, 0x72, 0x30, 0x1, 0x58,

    /* U+00B7 "·" */
    0x7e, 0xe0, 0x47, 0xf8, 0x23, 0xfc, 0x0,

    /* U+00B8 "¸" */
    0x4, 0xf2, 0x0, 0x6e, 0x98, 0x5, 0x1f, 0xe8,
    0x2, 0x8f, 0x69, 0x2b, 0xd5, 0xff, 0x71, 0x80,
    0x98, 0x0,

    /* U+00B9 "¹" */
    0x0, 0xaa, 0x40, 0x2c, 0x91, 0xff, 0xa4, 0x2,
    0xb9, 0x0, 0xae, 0x40, 0x2b, 0x90, 0xa, 0xe4,
    0x2, 0xb9, 0x0, 0xae, 0x40, 0x2b, 0x90,

    /* U+00BA "º" */
    0x0, 0xff, 0xd, 0x7f, 0xb5, 0x40, 0x3, 0xd8,
    0xa9, 0x3e, 0xc1, 0x3c, 0x20, 0x15, 0x70, 0x75,
    0x0, 0x64, 0xf3, 0xea, 0x0, 0xc9, 0xe9, 0x5c,
    0x1, 0xa3, 0xc4, 0xfe, 0x88, 0x5b, 0xe0, 0x0,
    0x9b, 0xff, 0x40, 0x7, 0x11, 0x80, 0x60,

    /* U+00BB "»" */
    0x22, 0x0, 0x65, 0x0, 0xf2, 0x7a, 0x0, 0x55,
    0x82, 0x1, 0x8f, 0xfc, 0xe0, 0x9, 0xfe, 0x30,
    0xc, 0xbf, 0xea, 0x0, 0x4f, 0xf9, 0x40, 0x31,
    0x6f, 0xe0, 0x82, 0xff, 0xa0, 0x2, 0x3d, 0xfb,
    0x0, 0x3f, 0xf9, 0x80, 0xd, 0xfe, 0x80, 0x5,
    0x7f, 0x20, 0x0, 0xff, 0xcc, 0x0, 0x9f, 0xd2,
    0x0, 0x93, 0x90, 0x2, 0xab, 0x10, 0xc, 0x44,
    0x0, 0xc8, 0x1, 0xe0,

    /* U+00BC "¼" */
    0x0, 0x9d, 0x40, 0x3e, 0x47, 0x0, 0xe2, 0xfa,
    0x0, 0xf0, 0xf5, 0x0, 0x51, 0xff, 0x50, 0x7,
    0xa7, 0xc4, 0x2, 0x13, 0x37, 0xd0, 0x7, 0x1f,
    0xb8, 0x7, 0xdf, 0x40, 0x1d, 0x9a, 0x1, 0xfb,
    0xe8, 0x3, 0x37, 0xa0, 0x7, 0xef, 0xa0, 0x8,
    0x7a, 0x80, 0x3f, 0xbe, 0x80, 0x29, 0xf1, 0x0,
    0x47, 0xa8, 0x6, 0xfa, 0x0, 0x1f, 0xb8, 0x1,
    0x3f, 0xca, 0x1, 0xbe, 0x80, 0x19, 0xa0, 0x2,
    0xe9, 0xf5, 0x0, 0xc4, 0x20, 0xbe, 0x80, 0xc,
    0x93, 0xf5, 0x0, 0xfb, 0xac, 0x1, 0x3a, 0x7,
    0xea, 0x1, 0xe8, 0xf2, 0x6, 0xf3, 0x14, 0xf6,
    0x10, 0xc, 0x5f, 0x0, 0xc, 0xff, 0xf8, 0x3,
    0x5f, 0x0, 0x46, 0x89, 0x3f, 0xc2, 0x0, 0x4b,
    0xea, 0x1, 0xf2, 0x7a, 0x80, 0x6e, 0xb0, 0xf,
    0xc9, 0xea, 0x0,

    /* U+00BD "½" */
    0x0, 0x88, 0x40, 0x3e, 0x12, 0x0, 0xf1, 0x7d,
    0x0, 0x7d, 0x9a, 0x1, 0xa3, 0xfe, 0xa0, 0xf,
    0x37, 0xa0, 0x6, 0x13, 0x37, 0xd0, 0x7, 0xf,
    0x50, 0x7, 0xef, 0xa0, 0xe, 0x9f, 0x10, 0xf,
    0xdf, 0x40, 0x18, 0xfd, 0xc0, 0x3f, 0xbe, 0x80,
    0x36, 0x68, 0x7, 0xfb, 0xe8, 0x2, 0x6f, 0x40,
    0x27, 0x84, 0x0, 0xef, 0xa0, 0x0, 0xf5, 0x2,
    0x7f, 0xe8, 0x0, 0xdf, 0x40, 0x9, 0xf2, 0xe,
    0xe1, 0xd, 0xf8, 0x80, 0x59, 0x0, 0x5e, 0xe0,
    0x5e, 0xe0, 0x5, 0xf4, 0x0, 0xf6, 0x68, 0x7,
    0xcf, 0xe4, 0x1, 0xcb, 0xe8, 0x1, 0xe1, 0xec,
    0x0, 0xf7, 0x58, 0x7, 0x87, 0x3c, 0x80, 0x3a,
    0x3c, 0x80, 0x38, 0xb7, 0x8c, 0x3, 0x8b, 0xe0,
    0x3, 0x9b, 0xf5, 0x8, 0x82, 0x1, 0x5f, 0x0,
    0x71, 0x7f, 0xfa, 0xc0, 0x25, 0x20, 0xf, 0x2a,
    0xf8, 0xc0,

    /* U+00BE "¾" */
    0x0, 0x3e, 0xfe, 0xa8, 0x7, 0xd9, 0xa0, 0x19,
    0xbe, 0xe3, 0x7c, 0xc0, 0x39, 0x7d, 0x0, 0x34,
    0xd8, 0x0, 0xbd, 0xc0, 0x3b, 0xac, 0x3, 0xf0,
    0xc7, 0x98, 0x6, 0x8f, 0x20, 0xf, 0x87, 0xfd,
    0x0, 0x18, 0xbe, 0x40, 0x3f, 0x92, 0x3e, 0x0,
    0x2a, 0xe1, 0x0, 0xff, 0xab, 0xc0, 0x9, 0xec,
    0x1, 0xe3, 0xd5, 0x0, 0xa7, 0xc0, 0x1b, 0xa0,
    0x9, 0xf4, 0xc0, 0x1f, 0xa6, 0x9, 0xf8, 0xd,
    0xe8, 0x0, 0x4f, 0xf2, 0x0, 0x17, 0xff, 0x69,
    0xf, 0x58, 0x0, 0xba, 0xbd, 0x0, 0x21, 0x67,
    0x50, 0x4, 0xf9, 0x0, 0x36, 0x53, 0xd0, 0x3,
    0xf1, 0x7c, 0x0, 0x2b, 0x1, 0x3d, 0x0, 0x3f,
    0x5f, 0x0, 0x1f, 0xcc, 0x57, 0xd4, 0x40, 0x3c,
    0x9e, 0xc0, 0xe, 0xff, 0xf6, 0x80, 0x7b, 0x70,
    0x2, 0x44, 0xd1, 0xee, 0x60, 0x1c, 0xfe, 0x60,
    0x1f, 0x2f, 0xa0, 0x7, 0xf, 0xd0, 0x7, 0xe5,
    0xf4, 0x0,

    /* U+00BF "¿" */
    0x0, 0xd5, 0xfe, 0x0, 0xfd, 0x5f, 0xe0, 0xf,
    0xd1, 0xdc, 0x0, 0xff, 0xe4, 0x10, 0x80, 0x7e,
    0x4f, 0xc0, 0xf, 0xcb, 0xf6, 0x1, 0xfb, 0x7e,
    0x0, 0x3c, 0x5b, 0xfc, 0x1, 0xe3, 0xef, 0xd2,
    0x0, 0xf6, 0xfd, 0x80, 0x7c, 0x9f, 0xc0, 0x1f,
    0x9b, 0xec, 0x3, 0x93, 0xf5, 0x3f, 0x40, 0x3a,
    0x3e, 0x83, 0xfd, 0x44, 0x2, 0xff, 0xe4, 0x5,
    0xff, 0xfa, 0x0, 0x23, 0xae, 0xfe, 0xb4, 0x0,
    0x0,

    /* U+00C0 "À" */
    0x0, 0xcf, 0x4, 0x1, 0xff, 0xc1, 0x6f, 0xd0,
    0xf, 0xfe, 0x13, 0xfc, 0x80, 0x7f, 0xf0, 0xa3,
    0xd0, 0x3, 0xff, 0xa2, 0xbf, 0xc0, 0x1f, 0xfc,
    0x1b, 0xff, 0x20, 0x7, 0xfc, 0x3f, 0xf5, 0x0,
    0x7f, 0xcf, 0xff, 0x84, 0x3, 0xfd, 0xbe, 0xfd,
    0xee, 0x1, 0xfc, 0x9f, 0xe2, 0x8f, 0xd0, 0xf,
    0xea, 0xfc, 0x2, 0xff, 0x18, 0x7, 0xef, 0xf3,
    0x0, 0x37, 0xe4, 0x3, 0xe6, 0xff, 0x8, 0x1,
    0xff, 0xc0, 0x1f, 0x67, 0xd8, 0x4, 0x3f, 0xe5,
    0x0, 0xe2, 0xff, 0x28, 0x6, 0xcf, 0xb0, 0xe,
    0x8f, 0xff, 0xf1, 0x0, 0x6e, 0xff, 0xff, 0x40,
    0x4, 0xbf, 0xe6, 0x22, 0xf6, 0x7f, 0x0, 0x57,
    0xfc, 0x1, 0xf2, 0xff, 0x90, 0x7, 0xfd, 0x20,
    0x1f, 0xbf, 0xd4, 0xf, 0xfe, 0x30, 0xf, 0xd5,
    0xfe, 0x0,

    /* U+00C1 "Á" */
    0x0, 0xfe, 0x58, 0x60, 0xf, 0xfe, 0x1, 0xff,
    0x10, 0x7, 0xfc, 0x3d, 0xc3, 0x0, 0xff, 0xe0,
    0x5f, 0x98, 0x7, 0xff, 0x41, 0x7f, 0x80, 0x3f,
    0xf8, 0x37, 0xfe, 0x40, 0xf, 0xf8, 0x7f, 0xea,
    0x0, 0xff, 0x9f, 0xff, 0x8, 0x7, 0xfb, 0x7d,
    0xfb, 0xdc, 0x3, 0xf9, 0x3f, 0xc5, 0x1f, 0xa0,
    0x1f, 0xd5, 0xf8, 0x5, 0xfe, 0x30, 0xf, 0xdf,
    0xe6, 0x0, 0x6f, 0xc8, 0x7, 0xcd, 0xfe, 0x10,
    0x3, 0xff, 0x80, 0x3e, 0xcf, 0xb0, 0x8, 0x7f,
    0xca, 0x1, 0xc5, 0xfe, 0x50, 0xd, 0x9f, 0x60,
    0x1d, 0x1f, 0xff, 0xe2, 0x0, 0xdd, 0xff, 0xfe,
    0x80, 0x9, 0x7f, 0xcc, 0x45, 0xec, 0xfe, 0x0,
    0xaf, 0xf8, 0x3, 0xe5, 0xff, 0x20, 0xf, 0xfa,
    0x40, 0x3f, 0x7f, 0xa8, 0x1f, 0xfc, 0x60, 0x1f,
    0xab, 0xfc, 0x0,

    /* U+00C2 "Â" */
    0x0, 0xfa, 0x50, 0x3, 0xff, 0x83, 0x1f, 0xe3,
    0x0, 0xff, 0x9f, 0xdb, 0x38, 0x80, 0x3f, 0x9b,
    0xe0, 0x7, 0x78, 0x40, 0x3f, 0xf9, 0xcb, 0xfc,
    0x1, 0xff, 0xc1, 0xbf, 0xf2, 0x0, 0x7f, 0xc3,
    0xff, 0x50, 0x7, 0xfc, 0xff, 0xf8, 0x40, 0x3f,
    0xdb, 0xef, 0xde, 0xe0, 0x1f, 0xc9, 0xfe, 0x28,
    0xfd, 0x0, 0xfe, 0xaf, 0xc0, 0x2f, 0xf1, 0x80,
    0x7e, 0xff, 0x30, 0x3, 0x7e, 0x40, 0x3e, 0x6f,
    0xf0, 0x80, 0x1f, 0xfc, 0x1, 0xf6, 0x7d, 0x80,
    0x43, 0xfe, 0x50, 0xe, 0x2f, 0xf2, 0x80, 0x6c,
    0xfb, 0x0, 0xe8, 0xff, 0xff, 0x10, 0x6, 0xef,
    0xff, 0xf4, 0x0, 0x4b, 0xfe, 0x62, 0x2f, 0x67,
    0xf0, 0x5, 0x7f, 0xc0, 0x1f, 0x2f, 0xf9, 0x0,
    0x7f, 0xd2, 0x1, 0xfb, 0xfd, 0x40, 0xff, 0xe3,
    0x0, 0xfd, 0x5f, 0xe0,

    /* U+00C3 "Ã" */
    0x0, 0xff, 0xe4, 0x1e, 0xfc, 0x0, 0x32, 0x80,
    0x3f, 0x6d, 0xb7, 0xc9, 0x7b, 0x80, 0x7e, 0xf5,
    0x5, 0xff, 0x68, 0x80, 0x7e, 0x30, 0xc, 0x40,
    0x1f, 0xfc, 0x5, 0xfe, 0x0, 0xff, 0xe0, 0xdf,
    0xf9, 0x0, 0x3f, 0xe1, 0xff, 0xa8, 0x3, 0xfe,
    0x7f, 0xfc, 0x20, 0x1f, 0xed, 0xf7, 0xef, 0x70,
    0xf, 0xe4, 0xff, 0x14, 0x7e, 0x80, 0x7f, 0x57,
    0xe0, 0x17, 0xf8, 0xc0, 0x3f, 0x7f, 0x98, 0x1,
    0xbf, 0x20, 0x1f, 0x37, 0xf8, 0x40, 0xf, 0xfe,
    0x0, 0xfb, 0x3e, 0xc0, 0x21, 0xff, 0x28, 0x7,
    0x17, 0xf9, 0x40, 0x36, 0x7d, 0x80, 0x74, 0x7f,
    0xff, 0x88, 0x3, 0x77, 0xff, 0xfa, 0x0, 0x25,
    0xff, 0x31, 0x17, 0xb3, 0xf8, 0x2, 0xbf, 0xe0,
    0xf, 0x97, 0xfc, 0x80, 0x3f, 0xe9, 0x0, 0xfd,
    0xfe, 0xa0, 0x7f, 0xf1, 0x80, 0x7e, 0xaf, 0xf0,
    0x0,

    /* U+00C4 "Ä" */
    0x0, 0xd5, 0xb6, 0x7, 0xba, 0x50, 0xf, 0xd9,
    0xfa, 0x9, 0xfe, 0x60, 0xf, 0xd9, 0xfa, 0x9,
    0xfe, 0x60, 0xf, 0xfe, 0xf2, 0xff, 0x0, 0x7f,
    0xf0, 0x6f, 0xfc, 0x80, 0x1f, 0xf0, 0xff, 0xd4,
    0x1, 0xff, 0x3f, 0xfe, 0x10, 0xf, 0xf6, 0xfb,
    0xf7, 0xb8, 0x7, 0xf2, 0x7f, 0x8a, 0x3f, 0x40,
    0x3f, 0xab, 0xf0, 0xb, 0xfc, 0x60, 0x1f, 0xbf,
    0xcc, 0x0, 0xdf, 0x90, 0xf, 0x9b, 0xfc, 0x20,
    0x7, 0xff, 0x0, 0x7d, 0x9f, 0x60, 0x10, 0xff,
    0x94, 0x3, 0x8b, 0xfc, 0xa0, 0x1b, 0x3e, 0xc0,
    0x3a, 0x3f, 0xff, 0xc4, 0x1, 0xbb, 0xff, 0xfd,
    0x0, 0x12, 0xff, 0x98, 0x8b, 0xd9, 0xfc, 0x1,
    0x5f, 0xf0, 0x7, 0xcb, 0xfe, 0x40, 0x1f, 0xf4,
    0x80, 0x7e, 0xff, 0x50, 0x3f, 0xf8, 0xc0, 0x3f,
    0x57, 0xf8, 0x0,

    /* U+00C5 "Å" */
    0x0, 0xff, 0xe5, 0x57, 0xf3, 0x0, 0x7f, 0xd3,
    0xaa, 0xfe, 0x60, 0x1f, 0xea, 0xb1, 0x3f, 0x40,
    0xf, 0xf1, 0x7f, 0xd2, 0x1, 0xff, 0xc0, 0xbf,
    0xf2, 0x0, 0x7f, 0xc3, 0xff, 0x50, 0x7, 0xfc,
    0xff, 0xf8, 0x40, 0x3f, 0xdb, 0xef, 0xde, 0xe0,
    0x1f, 0xc9, 0xfe, 0x18, 0xfd, 0x0, 0xfe, 0xaf,
    0xc0, 0x2f, 0xf1, 0x80, 0x7e, 0xff, 0x30, 0x3,
    0x7e, 0x40, 0x3e, 0x6f, 0xf0, 0x80, 0x1f, 0xfc,
    0x1, 0xf6, 0x7d, 0x80, 0x43, 0xfe, 0x50, 0xe,
    0x2f, 0xf2, 0x80, 0x6c, 0xfb, 0x0, 0xe8, 0xff,
    0xff, 0x10, 0x6, 0xef, 0xff, 0xf4, 0x0, 0x4b,
    0xfe, 0x62, 0x2f, 0x67, 0xf0, 0x5, 0x7f, 0xc0,
    0x1f, 0x2f, 0xf9, 0x0, 0x7f, 0xd2, 0x1, 0xfb,
    0xfd, 0x40, 0xff, 0xe3, 0x0, 0xfd, 0x5f, 0xe0,

    /* U+00C6 "Æ" */
    0x0, 0xf2, 0xff, 0xff, 0xf0, 0x68, 0x3, 0xd7,
    0xff, 0xff, 0xc1, 0xa0, 0xe, 0x1f, 0xf2, 0xc7,
    0xf8, 0x8b, 0xf0, 0x80, 0x73, 0xfe, 0x83, 0xff,
    0x80, 0x3f, 0xf8, 0x5b, 0xee, 0xf, 0xfe, 0x0,
    0xff, 0xe0, 0xa7, 0xf8, 0x81, 0xff, 0xc0, 0x1f,
    0xfc, 0x1a, 0xfc, 0x0, 0x3f, 0xf8, 0x3, 0xff,
    0x83, 0xfe, 0x60, 0x3, 0xff, 0x8c, 0xfe, 0x10,
    0xc, 0xdf, 0xe1, 0x0, 0x3f, 0xff, 0xf4, 0x0,
    0x6c, 0xfb, 0x0, 0x9f, 0xff, 0xfa, 0x0, 0x22,
    0xff, 0x28, 0x4, 0xff, 0xe0, 0xf, 0xfa, 0x3f,
    0xff, 0x80, 0x3f, 0xee, 0xff, 0xfe, 0x0, 0xff,
    0x2f, 0xf9, 0xcc, 0xf5, 0xff, 0x80, 0x3f, 0xd7,
    0xfc, 0x1, 0xcf, 0xfe, 0x22, 0xfc, 0x22, 0xff,
    0x48, 0x7, 0x3f, 0xff, 0xfa, 0x9f, 0xfc, 0x60,
    0x1c, 0xff, 0xff, 0xea,

    /* U+00C7 "Ç" */
    0x0, 0xc9, 0x5b, 0xfe, 0xd9, 0x30, 0xf, 0xab,
    0xff, 0xf5, 0x0, 0x76, 0x7f, 0xba, 0x15, 0xa3,
    0xbf, 0xd6, 0x1, 0x47, 0xfa, 0x40, 0x3d, 0x5f,
    0xe7, 0x1, 0xff, 0x50, 0x7, 0xec, 0xfd, 0x6,
    0xff, 0x8, 0x7, 0xe2, 0x40, 0x5, 0x7e, 0x0,
    0x7f, 0xf0, 0x73, 0xe8, 0x3, 0xff, 0x83, 0xbf,
    0x20, 0x1f, 0xfc, 0x1c, 0xfa, 0x0, 0xff, 0xe0,
    0xd7, 0xe0, 0x7, 0xff, 0x5, 0xbf, 0xc2, 0x1,
    0xf8, 0xd0, 0x0, 0x3f, 0xea, 0x0, 0xfd, 0x9f,
    0xa0, 0x8, 0xff, 0x48, 0x7, 0xab, 0xfc, 0xe0,
    0x16, 0x7f, 0xba, 0x19, 0x91, 0xdf, 0xeb, 0x0,
    0xea, 0xff, 0xfd, 0x20, 0x1f, 0x25, 0x7f, 0xdb,
    0x26, 0x1, 0xfe, 0xaa, 0x0, 0x7f, 0xf0, 0x4b,
    0x7f, 0x4, 0x3, 0xff, 0x82, 0x3d, 0x0, 0x1f,
    0xf3, 0x22, 0x39, 0xc0, 0x3f, 0xe9, 0xef, 0xa0,
    0xf, 0x80,

    /* U+00C8 "È" */
    0x0, 0x24, 0x38, 0x7, 0xfb, 0x3d, 0x80, 0x3f,
    0x87, 0x7c, 0x80, 0x3f, 0x87, 0xb4, 0x3, 0xff,
    0x8a, 0x7f, 0xff, 0xed, 0x3f, 0xff, 0xf6, 0x9f,
    0xf9, 0x88, 0xbf, 0x1f, 0xf9, 0x0, 0x3f, 0x1f,
    0xf9, 0x0, 0x3f, 0x1f, 0xf9, 0x0, 0x3f, 0x1f,
    0xf9, 0x0, 0x3f, 0x1f, 0xff, 0xf8, 0x8f, 0xff,
    0xfc, 0x47, 0xfe, 0x62, 0x2f, 0x80, 0xff, 0xc8,
    0x1, 0xf8, 0xff, 0xc8, 0x1, 0xf8, 0xff, 0xc8,
    0x1, 0xf8, 0xff, 0xc8, 0x1, 0xf8, 0xff, 0xcc,
    0x45, 0xf8, 0xff, 0xff, 0xda, 0x7f, 0xff, 0xed,

    /* U+00C9 "É" */
    0x0, 0xfc, 0xf0, 0x40, 0x1f, 0xab, 0xe8, 0x3,
    0xf3, 0x7d, 0x0, 0x7e, 0x3f, 0xa0, 0xf, 0xfe,
    0x21, 0xff, 0xff, 0xb4, 0xff, 0xff, 0xda, 0x7f,
    0xe6, 0x22, 0xfc, 0x7f, 0xe4, 0x0, 0xfc, 0x7f,
    0xe4, 0x0, 0xfc, 0x7f, 0xe4, 0x0, 0xfc, 0x7f,
    0xe4, 0x0, 0xfc, 0x7f, 0xff, 0xe2, 0x3f, 0xff,
    0xf1, 0x1f, 0xf9, 0x88, 0xbe, 0x3, 0xff, 0x20,
    0x7, 0xe3, 0xff, 0x20, 0x7, 0xe3, 0xff, 0x20,
    0x7, 0xe3, 0xff, 0x20, 0x7, 0xe3, 0xff, 0x31,
    0x17, 0xe3, 0xff, 0xff, 0x69, 0xff, 0xff, 0xb4,

    /* U+00CA "Ê" */
    0x0, 0xe2, 0xa0, 0xf, 0xe1, 0xef, 0xa0, 0xf,
    0x87, 0x74, 0xbf, 0x20, 0x1e, 0xce, 0x20, 0x5f,
    0x80, 0xf, 0xfe, 0x11, 0xff, 0xff, 0xb4, 0xff,
    0xff, 0xda, 0x7f, 0xe6, 0x22, 0xfc, 0x7f, 0xe4,
    0x0, 0xfc, 0x7f, 0xe4, 0x0, 0xfc, 0x7f, 0xe4,
    0x0, 0xfc, 0x7f, 0xe4, 0x0, 0xfc, 0x7f, 0xff,
    0xe2, 0x3f, 0xff, 0xf1, 0x1f, 0xf9, 0x88, 0xbe,
    0x3, 0xff, 0x20, 0x7, 0xe3, 0xff, 0x20, 0x7,
    0xe3, 0xff, 0x20, 0x7, 0xe3, 0xff, 0x20, 0x7,
    0xe3, 0xff, 0x31, 0x17, 0xe3, 0xff, 0xff, 0x69,
    0xff, 0xff, 0xb4,

    /* U+00CB "Ë" */
    0x0, 0x1e, 0xe9, 0x42, 0x77, 0x0, 0x32, 0x7f,
    0x98, 0x2f, 0xfc, 0x1, 0x93, 0xfc, 0xc1, 0x7f,
    0xe0, 0xf, 0xfe, 0x71, 0xff, 0xff, 0xb4, 0xff,
    0xff, 0xda, 0x7f, 0xe6, 0x22, 0xfc, 0x7f, 0xe4,
    0x0, 0xfc, 0x7f, 0xe4, 0x0, 0xfc, 0x7f, 0xe4,
    0x0, 0xfc, 0x7f, 0xe4, 0x0, 0xfc, 0x7f, 0xff,
    0xe2, 0x3f, 0xff, 0xf1, 0x1f, 0xf9, 0x88, 0xbe,
    0x3, 0xff, 0x20, 0x7, 0xe3, 0xff, 0x20, 0x7,
    0xe3, 0xff, 0x20, 0x7, 0xe3, 0xff, 0x20, 0x7,
    0xe3, 0xff, 0x31, 0x17, 0xe3, 0xff, 0xff, 0x69,
    0xff, 0xff, 0xb4,

    /* U+00CC "Ì" */
    0x6, 0x84, 0x0, 0xc7, 0xfe, 0x20, 0xc, 0x9f,
    0xa0, 0x1c, 0xbf, 0x0, 0x1f, 0xf1, 0xff, 0x90,
    0x2, 0x3f, 0xf2, 0x0, 0x47, 0xfe, 0x40, 0x8,
    0xff, 0xc8, 0x1, 0x1f, 0xf9, 0x0, 0x23, 0xff,
    0x20, 0x4, 0x7f, 0xe4, 0x0, 0x8f, 0xfc, 0x80,
    0x11, 0xff, 0x90, 0x2, 0x3f, 0xf2, 0x0, 0x47,
    0xfe, 0x40, 0x8, 0xff, 0xc8, 0x1, 0x1f, 0xf9,
    0x0, 0x23, 0xff, 0x20, 0x4, 0x7f, 0xe4, 0x0,
    0x8f, 0xfc, 0x80, 0x11, 0xff, 0x90,

    /* U+00CD "Í" */
    0x0, 0x8e, 0x1c, 0x2, 0x1e, 0xf5, 0x0, 0xaf,
    0xd4, 0x2, 0x7f, 0x60, 0xf, 0xf1, 0xff, 0x90,
    0x2, 0x3f, 0xf2, 0x0, 0x47, 0xfe, 0x40, 0x8,
    0xff, 0xc8, 0x1, 0x1f, 0xf9, 0x0, 0x23, 0xff,
    0x20, 0x4, 0x7f, 0xe4, 0x0, 0x8f, 0xfc, 0x80,
    0x11, 0xff, 0x90, 0x2, 0x3f, 0xf2, 0x0, 0x47,
    0xfe, 0x40, 0x8, 0xff, 0xc8, 0x1, 0x1f, 0xf9,
    0x0, 0x23, 0xff, 0x20, 0x4, 0x7f, 0xe4, 0x0,
    0x8f, 0xfc, 0x80, 0x11, 0xff, 0x90, 0x2,

    /* U+00CE "Î" */
    0x0, 0x99, 0xc0, 0x39, 0x7f, 0xcc, 0x1, 0x27,
    0xd4, 0x7a, 0x81, 0xfd, 0x80, 0x27, 0xd0, 0x3,
    0xfc, 0x7f, 0xe4, 0x0, 0xc7, 0xfe, 0x40, 0xc,
    0x7f, 0xe4, 0x0, 0xc7, 0xfe, 0x40, 0xc, 0x7f,
    0xe4, 0x0, 0xc7, 0xfe, 0x40, 0xc, 0x7f, 0xe4,
    0x0, 0xc7, 0xfe, 0x40, 0xc, 0x7f, 0xe4, 0x0,
    0xc7, 0xfe, 0x40, 0xc, 0x7f, 0xe4, 0x0, 0xc7,
    0xfe, 0x40, 0xc, 0x7f, 0xe4, 0x0, 0xc7, 0xfe,
    0x40, 0xc, 0x7f, 0xe4, 0x0, 0xc7, 0xfe, 0x40,
    0xc, 0x7f, 0xe4, 0x0, 0x0,

    /* U+00CF "Ï" */
    0x7d, 0xd0, 0x86, 0xea, 0x21, 0xfe, 0x10, 0xff,
    0x54, 0x7f, 0x84, 0x3f, 0xd4, 0x1, 0xff, 0xc6,
    0x3f, 0xf2, 0x0, 0x63, 0xff, 0x20, 0x6, 0x3f,
    0xf2, 0x0, 0x63, 0xff, 0x20, 0x6, 0x3f, 0xf2,
    0x0, 0x63, 0xff, 0x20, 0x6, 0x3f, 0xf2, 0x0,
    0x63, 0xff, 0x20, 0x6, 0x3f, 0xf2, 0x0, 0x63,
    0xff, 0x20, 0x6, 0x3f, 0xf2, 0x0, 0x63, 0xff,
    0x20, 0x6, 0x3f, 0xf2, 0x0, 0x63, 0xff, 0x20,
    0x6, 0x3f, 0xf2, 0x0, 0x63, 0xff, 0x20, 0x6,
    0x3f, 0xf2, 0x0, 0x0,

    /* U+00D0 "Ð" */
    0x3, 0xff, 0xee, 0xd9, 0x40, 0xf, 0x1f, 0xff,
    0xf6, 0x8, 0x6, 0x3f, 0xf3, 0x19, 0x95, 0xf3,
    0xfd, 0xc4, 0x1, 0x1f, 0xf9, 0x0, 0x39, 0x7f,
    0xda, 0x1, 0x1f, 0xf9, 0x0, 0x3c, 0xbf, 0xe5,
    0x0, 0x1f, 0xf9, 0x0, 0x3e, 0xdf, 0xb0, 0x1,
    0xff, 0x90, 0x3, 0xe8, 0xff, 0x0, 0xf, 0xfc,
    0x80, 0x1f, 0x37, 0xf8, 0x7b, 0xff, 0xc8, 0x1,
    0x97, 0xfc, 0x51, 0x9f, 0xed, 0x99, 0x10, 0x6,
    0x6f, 0xf0, 0x81, 0xff, 0x90, 0x3, 0xe8, 0xff,
    0x0, 0xf, 0xfc, 0x80, 0x1f, 0x6f, 0xe0, 0x0,
    0xff, 0xc8, 0x1, 0xe4, 0xff, 0x38, 0x0, 0xff,
    0xc8, 0x1, 0xc9, 0xfe, 0xe0, 0x8, 0xff, 0xce,
    0x88, 0x57, 0xcf, 0xf8, 0xc0, 0x23, 0xff, 0xfe,
    0xd3, 0x0, 0xc7, 0xff, 0xdd, 0xb4, 0xa0, 0x1c,

    /* U+00D1 "Ñ" */
    0x0, 0xff, 0xe2, 0x8d, 0xfd, 0x88, 0x3f, 0x0,
    0x7a, 0x39, 0x77, 0xb, 0x2c, 0x3, 0xd9, 0x20,
    0x5b, 0xfe, 0x30, 0xf, 0x10, 0x80, 0x44, 0x1,
    0xc7, 0xfe, 0xa0, 0xf, 0xbb, 0xe0, 0xff, 0xe4,
    0x0, 0xf7, 0x7c, 0x1f, 0xfd, 0xa0, 0x1e, 0xef,
    0x83, 0xff, 0xd0, 0x1, 0xdd, 0xf0, 0x7f, 0xfc,
    0x40, 0x1b, 0xbe, 0xf, 0xfc, 0xdf, 0xeb, 0x0,
    0xdd, 0xf0, 0x7f, 0xe4, 0x7f, 0xf2, 0x80, 0x5d,
    0xf0, 0x7f, 0xe4, 0xd, 0xfe, 0x0, 0xbb, 0xe0,
    0xff, 0xc8, 0x9, 0xfe, 0x90, 0x7, 0x7c, 0x1f,
    0xf9, 0x0, 0x15, 0xfe, 0x30, 0xef, 0x83, 0xff,
    0x20, 0x0, 0x7f, 0xd8, 0x1d, 0xf0, 0x7f, 0xe4,
    0x0, 0x9b, 0xfc, 0xfd, 0xf0, 0x7f, 0xe4, 0x0,
    0xd9, 0xff, 0xa0, 0xff, 0xc8, 0x1, 0x8f, 0xff,
    0x41, 0xff, 0x90, 0x3, 0xa7, 0xfe, 0x83, 0xff,
    0x20, 0x7, 0xf, 0x7f, 0xa0, 0xff, 0xc8, 0x1,
    0xe6, 0xff, 0x40,

    /* U+00D2 "Ò" */
    0x0, 0xd7, 0xf4, 0x1, 0xff, 0xc2, 0xcf, 0x60,
    0xf, 0xfe, 0x16, 0x79, 0x0, 0x7f, 0xf0, 0x45,
    0xd4, 0x3, 0xff, 0x9e, 0x95, 0xbf, 0xed, 0x93,
    0x0, 0xfa, 0xbf, 0xff, 0x48, 0x7, 0x67, 0xfb,
    0x61, 0x5a, 0x3b, 0xfd, 0x60, 0x14, 0x7f, 0xa0,
    0x3, 0xd5, 0xfe, 0x70, 0x1f, 0xf5, 0x0, 0x7e,
    0xcf, 0xf0, 0x37, 0xf8, 0x40, 0x3f, 0x1f, 0xf9,
    0x6b, 0xf0, 0x3, 0xfd, 0xdf, 0x39, 0xf4, 0x1,
    0xfe, 0xbf, 0xbd, 0xf9, 0x0, 0xff, 0x57, 0xe6,
    0x3e, 0x80, 0x3f, 0xd7, 0xf7, 0x5f, 0x80, 0x1f,
    0xee, 0xf9, 0x6f, 0xf0, 0x80, 0x7e, 0x3f, 0xf2,
    0x8f, 0xfa, 0x80, 0x3f, 0x67, 0xf8, 0x1, 0x1f,
    0xe8, 0x0, 0xf5, 0x7f, 0x9c, 0x2, 0xcf, 0xf6,
    0xc3, 0x32, 0x3b, 0xfd, 0x60, 0x1d, 0x5f, 0xff,
    0xa4, 0x3, 0xe4, 0xae, 0xff, 0x6c, 0x98, 0x6,

    /* U+00D3 "Ó" */
    0x0, 0xfe, 0xaf, 0xb0, 0xf, 0xfe, 0x3, 0x7d,
    0x80, 0x7f, 0xf0, 0xf, 0xec, 0x3, 0xff, 0x82,
    0xce, 0x1, 0xff, 0xcf, 0x4a, 0xdf, 0xf6, 0xc9,
    0x80, 0x7d, 0x5f, 0xff, 0xa4, 0x3, 0xb3, 0xfd,
    0xb0, 0xad, 0x1d, 0xfe, 0xb0, 0xa, 0x3f, 0xd0,
    0x1, 0xea, 0xff, 0x38, 0xf, 0xfa, 0x80, 0x3f,
    0x67, 0xf8, 0x1b, 0xfc, 0x20, 0x1f, 0x8f, 0xfc,
    0xb5, 0xf8, 0x1, 0xfe, 0xef, 0x9c, 0xfa, 0x0,
    0xff, 0x5f, 0xde, 0xfc, 0x80, 0x7f, 0xab, 0xf3,
    0x1f, 0x40, 0x1f, 0xeb, 0xfb, 0xaf, 0xc0, 0xf,
    0xf7, 0x7c, 0xb7, 0xf8, 0x40, 0x3f, 0x1f, 0xf9,
    0x47, 0xfd, 0x40, 0x1f, 0xb3, 0xfc, 0x0, 0x8f,
    0xf4, 0x0, 0x7a, 0xbf, 0xce, 0x1, 0x67, 0xfb,
    0x61, 0x99, 0x1d, 0xfe, 0xb0, 0xe, 0xaf, 0xff,
    0xd2, 0x1, 0xf2, 0x57, 0x7f, 0xb6, 0x4c, 0x3,
    0x0,

    /* U+00D4 "Ô" */
    0x0, 0xf9, 0xd8, 0x3, 0xff, 0x82, 0xdf, 0xe5,
    0x0, 0xff, 0x97, 0xe2, 0xbd, 0x0, 0x3f, 0x93,
    0xe8, 0x1, 0x7e, 0x60, 0x1f, 0xfc, 0xc4, 0xad,
    0xff, 0x6c, 0x98, 0x7, 0xd5, 0xff, 0xfa, 0x40,
    0x3b, 0x3f, 0xdb, 0xa, 0xd1, 0xdf, 0xeb, 0x0,
    0xa3, 0xfd, 0x0, 0x1e, 0xaf, 0xf3, 0x80, 0xff,
    0xa8, 0x3, 0xf6, 0x7f, 0x81, 0xbf, 0xc2, 0x1,
    0xf8, 0xff, 0xcb, 0x5f, 0x80, 0x1f, 0xee, 0xf9,
    0xcf, 0xa0, 0xf, 0xf5, 0xfd, 0xef, 0xc8, 0x7,
    0xfa, 0xbf, 0x31, 0xf4, 0x1, 0xfe, 0xbf, 0xba,
    0xfc, 0x0, 0xff, 0x77, 0xcb, 0x7f, 0x84, 0x3,
    0xf1, 0xff, 0x94, 0x7f, 0xd4, 0x1, 0xfb, 0x3f,
    0xc0, 0x8, 0xff, 0x40, 0x7, 0xab, 0xfc, 0xe0,
    0x16, 0x7f, 0xb6, 0x19, 0x91, 0xdf, 0xeb, 0x0,
    0xea, 0xff, 0xfd, 0x20, 0x1f, 0x25, 0x77, 0xfb,
    0x64, 0xc0, 0x30,

    /* U+00D5 "Õ" */
    0x0, 0xff, 0xe4, 0x16, 0x7d, 0x0, 0x2b, 0x0,
    0x3f, 0x56, 0xaf, 0x51, 0x74, 0x80, 0x7e, 0xe7,
    0x3, 0xef, 0xe2, 0x0, 0xfc, 0x62, 0x1, 0x10,
    0x7, 0xf9, 0x2b, 0x7f, 0xdb, 0x26, 0x1, 0xf5,
    0x7f, 0xfe, 0x90, 0xe, 0xcf, 0xf6, 0xc2, 0xb4,
    0x77, 0xfa, 0xc0, 0x28, 0xff, 0x40, 0x7, 0xab,
    0xfc, 0xe0, 0x3f, 0xea, 0x0, 0xfd, 0x9f, 0xe0,
    0x6f, 0xf0, 0x80, 0x7e, 0x3f, 0xf2, 0xd7, 0xe0,
    0x7, 0xfb, 0xbe, 0x73, 0xe8, 0x3, 0xfd, 0x7f,
    0x7b, 0xf2, 0x1, 0xfe, 0xaf, 0xcc, 0x7d, 0x0,
    0x7f, 0xaf, 0xee, 0xbf, 0x0, 0x3f, 0xdd, 0xf2,
    0xdf, 0xe1, 0x0, 0xfc, 0x7f, 0xe5, 0x1f, 0xf5,
    0x0, 0x7e, 0xcf, 0xf0, 0x2, 0x3f, 0xd0, 0x1,
    0xea, 0xff, 0x38, 0x5, 0x9f, 0xed, 0x86, 0x64,
    0x77, 0xfa, 0xc0, 0x3a, 0xbf, 0xff, 0x48, 0x7,
    0xc9, 0x5d, 0xfe, 0xd9, 0x30, 0xc,

    /* U+00D6 "Ö" */
    0x0, 0xd1, 0xba, 0x1, 0xdd, 0x38, 0x7, 0xea,
    0xff, 0x0, 0xff, 0xa0, 0x3, 0xf5, 0x7f, 0x80,
    0x7f, 0xd0, 0x1, 0xff, 0xdc, 0x4a, 0xdf, 0xf6,
    0xc9, 0x80, 0x7d, 0x5f, 0xff, 0xa4, 0x3, 0xb3,
    0xfd, 0xb0, 0xad, 0x1d, 0xfe, 0xb0, 0xa, 0x3f,
    0xd0, 0x1, 0xea, 0xff, 0x38, 0xf, 0xfa, 0x80,
    0x3f, 0x67, 0xf8, 0x1b, 0xfc, 0x20, 0x1f, 0x8f,
    0xfc, 0xb5, 0xf8, 0x1, 0xfe, 0xef, 0x9c, 0xfa,
    0x0, 0xff, 0x5f, 0xde, 0xfc, 0x80, 0x7f, 0xab,
    0xf3, 0x1f, 0x40, 0x1f, 0xeb, 0xfb, 0xaf, 0xc0,
    0xf, 0xf7, 0x7c, 0xb7, 0xf8, 0x40, 0x3f, 0x1f,
    0xf9, 0x47, 0xfd, 0x40, 0x1f, 0xb3, 0xfc, 0x0,
    0x8f, 0xf4, 0x0, 0x7a, 0xbf, 0xce, 0x1, 0x67,
    0xfb, 0x61, 0x99, 0x1d, 0xfe, 0xb0, 0xe, 0xaf,
    0xff, 0xd2, 0x1, 0xf2, 0x57, 0x7f, 0xb6, 0x4c,
    0x3, 0x0,

    /* U+00D7 "×" */
    0x5, 0x80, 0xe, 0x3a, 0x1, 0xff, 0x40, 0x4,
    0x7f, 0xe8, 0x5, 0xff, 0x40, 0x1f, 0xfa, 0xc0,
    0x26, 0xff, 0x4f, 0xfa, 0xc0, 0x39, 0xbf, 0xeb,
    0x0, 0xf1, 0xff, 0xd0, 0x1, 0xc7, 0xdf, 0x9f,
    0xe8, 0x0, 0x8f, 0xbe, 0xc1, 0x7f, 0xd0, 0x3,
    0xdf, 0x60, 0x12, 0xff, 0x9c, 0x22, 0xc0, 0x39,
    0x74, 0x40, 0x3f, 0xe0,

    /* U+00D8 "Ø" */
    0x0, 0xc9, 0x5b, 0xfe, 0xd9, 0x32, 0xf7, 0x0,
    0xd5, 0xff, 0xfd, 0x80, 0x1b, 0x3f, 0xdb, 0xa,
    0xd1, 0xdf, 0xed, 0x0, 0xa3, 0xfd, 0x0, 0x1c,
    0xbf, 0xf3, 0x80, 0xff, 0xa8, 0x3, 0x87, 0xab,
    0x3f, 0xc0, 0xdf, 0xe1, 0x0, 0xeb, 0xd0, 0x3f,
    0xf2, 0xd7, 0xe0, 0x7, 0x37, 0x98, 0x3, 0xbe,
    0x73, 0xe8, 0x3, 0x17, 0xb8, 0x5, 0x7f, 0x7b,
    0xf2, 0x1, 0xb7, 0x0, 0x35, 0x7e, 0x63, 0xe8,
    0x2, 0x9f, 0x20, 0xd, 0x7f, 0x75, 0xf8, 0x0,
    0x4f, 0x50, 0xe, 0xef, 0x96, 0xff, 0x8, 0xba,
    0x80, 0x38, 0xff, 0xca, 0x3f, 0xea, 0xbd, 0x0,
    0xf6, 0x7f, 0x80, 0x11, 0xff, 0x18, 0x7, 0x57,
    0xf9, 0xc0, 0x2f, 0xfb, 0x61, 0x99, 0x1d, 0xfe,
    0xb0, 0xd, 0xdf, 0xff, 0xd2, 0x1, 0xa7, 0xc5,
    0x2b, 0xbf, 0xdb, 0x26, 0x1, 0x80,

    /* U+00D9 "Ù" */
    0x0, 0xaf, 0xe4, 0x3, 0xff, 0x81, 0x9e, 0xa0,
    0x1f, 0xf0, 0xef, 0x8, 0x7, 0xfc, 0x2e, 0x80,
    0x1f, 0xfc, 0x86, 0xff, 0x8, 0x7, 0x97, 0xfc,
    0x2d, 0xfe, 0x10, 0xf, 0x2f, 0xf8, 0x5b, 0xfc,
    0x20, 0x1e, 0x5f, 0xf0, 0xb7, 0xf8, 0x40, 0x3c,
    0xbf, 0xe1, 0x6f, 0xf0, 0x80, 0x79, 0x7f, 0xc2,
    0xdf, 0xe1, 0x0, 0xf2, 0xff, 0x85, 0xbf, 0xc2,
    0x1, 0xe5, 0xff, 0xb, 0x7f, 0x84, 0x3, 0xcb,
    0xfe, 0x16, 0xff, 0x8, 0x7, 0x97, 0xfc, 0x2d,
    0xfe, 0x10, 0xf, 0x2f, 0xf8, 0x57, 0xfc, 0x20,
    0x1e, 0x5f, 0xf0, 0xaf, 0xf8, 0x80, 0x3c, 0xdf,
    0xe0, 0x3f, 0xf2, 0x80, 0x7a, 0xbf, 0x80, 0x1d,
    0xfa, 0x1, 0xc5, 0xfe, 0x90, 0x3, 0xff, 0xb5,
    0x91, 0x11, 0xdf, 0xe2, 0x0, 0xa7, 0xff, 0xf2,
    0x80, 0x72, 0x57, 0x7f, 0xb6, 0x48, 0x2,

    /* U+00DA "Ú" */
    0x0, 0xfd, 0x7f, 0x40, 0x1f, 0xe8, 0xfa, 0x0,
    0xff, 0x27, 0xd8, 0x7, 0xfc, 0xce, 0x1, 0xff,
    0xc8, 0x6f, 0xf0, 0x80, 0x79, 0x7f, 0xc2, 0xdf,
    0xe1, 0x0, 0xf2, 0xff, 0x85, 0xbf, 0xc2, 0x1,
    0xe5, 0xff, 0xb, 0x7f, 0x84, 0x3, 0xcb, 0xfe,
    0x16, 0xff, 0x8, 0x7, 0x97, 0xfc, 0x2d, 0xfe,
    0x10, 0xf, 0x2f, 0xf8, 0x5b, 0xfc, 0x20, 0x1e,
    0x5f, 0xf0, 0xb7, 0xf8, 0x40, 0x3c, 0xbf, 0xe1,
    0x6f, 0xf0, 0x80, 0x79, 0x7f, 0xc2, 0xdf, 0xe1,
    0x0, 0xf2, 0xff, 0x85, 0x7f, 0xc2, 0x1, 0xe5,
    0xff, 0xa, 0xff, 0x88, 0x3, 0xcd, 0xfe, 0x3,
    0xff, 0x28, 0x7, 0xab, 0xf8, 0x1, 0xdf, 0xa0,
    0x1c, 0x5f, 0xe9, 0x0, 0x3f, 0xfb, 0x59, 0x11,
    0x1d, 0xfe, 0x20, 0xa, 0x7f, 0xff, 0x28, 0x7,
    0x25, 0x77, 0xfb, 0x64, 0x80, 0x20,

    /* U+00DB "Û" */
    0x0, 0xf4, 0x28, 0x7, 0xfc, 0xff, 0xe4, 0x0,
    0xfe, 0x6f, 0x7b, 0xf3, 0x0, 0xf9, 0x7e, 0x40,
    0x19, 0xc4, 0x1, 0xff, 0xc5, 0x6f, 0xf0, 0x80,
    0x79, 0x7f, 0xc2, 0xdf, 0xe1, 0x0, 0xf2, 0xff,
    0x85, 0xbf, 0xc2, 0x1, 0xe5, 0xff, 0xb, 0x7f,
    0x84, 0x3, 0xcb, 0xfe, 0x16, 0xff, 0x8, 0x7,
    0x97, 0xfc, 0x2d, 0xfe, 0x10, 0xf, 0x2f, 0xf8,
    0x5b, 0xfc, 0x20, 0x1e, 0x5f, 0xf0, 0xb7, 0xf8,
    0x40, 0x3c, 0xbf, 0xe1, 0x6f, 0xf0, 0x80, 0x79,
    0x7f, 0xc2, 0xdf, 0xe1, 0x0, 0xf2, 0xff, 0x85,
    0x7f, 0xc2, 0x1, 0xe5, 0xff, 0xa, 0xff, 0x88,
    0x3, 0xcd, 0xfe, 0x3, 0xff, 0x28, 0x7, 0xab,
    0xf8, 0x1, 0xdf, 0xa0, 0x1c, 0x5f, 0xe9, 0x0,
    0x3f, 0xfb, 0x59, 0x11, 0x1d, 0xfe, 0x20, 0xa,
    0x7f, 0xff, 0x28, 0x7, 0x25, 0x77, 0xfb, 0x64,
    0x80, 0x20,

    /* U+00DC "Ü" */
    0x0, 0xa7, 0x74, 0x5, 0xba, 0x60, 0xf, 0x5f,
    0xf8, 0xb, 0xfd, 0x0, 0x1e, 0xbf, 0xf0, 0x17,
    0xfa, 0x0, 0x3f, 0xfa, 0x6d, 0xfe, 0x10, 0xf,
    0x2f, 0xf8, 0x5b, 0xfc, 0x20, 0x1e, 0x5f, 0xf0,
    0xb7, 0xf8, 0x40, 0x3c, 0xbf, 0xe1, 0x6f, 0xf0,
    0x80, 0x79, 0x7f, 0xc2, 0xdf, 0xe1, 0x0, 0xf2,
    0xff, 0x85, 0xbf, 0xc2, 0x1, 0xe5, 0xff, 0xb,
    0x7f, 0x84, 0x3, 0xcb, 0xfe, 0x16, 0xff, 0x8,
    0x7, 0x97, 0xfc, 0x2d, 0xfe, 0x10, 0xf, 0x2f,
    0xf8, 0x5b, 0xfc, 0x20, 0x1e, 0x5f, 0xf0, 0xaf,
    0xf8, 0x40, 0x3c, 0xbf, 0xe1, 0x5f, 0xf1, 0x0,
    0x79, 0xbf, 0xc0, 0x7f, 0xe5, 0x0, 0xf5, 0x7f,
    0x0, 0x3b, 0xf4, 0x3, 0x8b, 0xfd, 0x20, 0x7,
    0xff, 0x6b, 0x22, 0x23, 0xbf, 0xc4, 0x1, 0x4f,
    0xff, 0xe5, 0x0, 0xe4, 0xae, 0xff, 0x6c, 0x90,
    0x4,

    /* U+00DD "Ý" */
    0x0, 0xfe, 0x78, 0x20, 0xf, 0xfa, 0xbe, 0x80,
    0x3f, 0xe6, 0xfa, 0x0, 0xff, 0x8f, 0xe8, 0x3,
    0xff, 0x93, 0x1f, 0xe4, 0x0, 0xfa, 0xbf, 0xc4,
    0x1d, 0xf8, 0x1, 0xe3, 0xff, 0x48, 0x1, 0x7f,
    0xca, 0x1, 0xd7, 0xfc, 0x20, 0x16, 0x7e, 0x80,
    0x64, 0xff, 0x38, 0x6, 0x3f, 0xf3, 0x0, 0x5b,
    0xfa, 0x1, 0xea, 0xfe, 0x0, 0x37, 0xf9, 0x40,
    0x3c, 0x5f, 0xe7, 0xe, 0xfc, 0x0, 0xfd, 0x1f,
    0xe9, 0xff, 0x18, 0x7, 0xf7, 0x7f, 0xd4, 0x1,
    0xfe, 0x6f, 0xf8, 0x40, 0x3f, 0xee, 0xf9, 0x0,
    0xff, 0xe0, 0x77, 0xc8, 0x7, 0xff, 0x3, 0xbe,
    0x40, 0x3f, 0xf8, 0x1d, 0xf2, 0x1, 0xff, 0xc0,
    0xef, 0x90, 0xf, 0xfe, 0x7, 0x7c, 0x80, 0x7f,
    0xf0, 0x3b, 0xe4, 0x3, 0xc0,

    /* U+00DE "Þ" */
    0xf, 0xf1, 0x80, 0x7f, 0x7f, 0x8c, 0x3, 0xfb,
    0xfc, 0x60, 0x1f, 0xdf, 0xfe, 0xea, 0x40, 0xb,
    0xfd, 0xdd, 0x7f, 0xe7, 0x0, 0x7f, 0x8c, 0x2,
    0x2b, 0xff, 0x10, 0x7f, 0x8c, 0x3, 0xbb, 0xd8,
    0x3f, 0xc6, 0x1, 0xd9, 0xf0, 0x1f, 0xe3, 0x0,
    0xee, 0xf6, 0xf, 0xf1, 0x80, 0x5, 0x33, 0xfc,
    0x21, 0xff, 0xfc, 0xa0, 0xf, 0xff, 0x6c, 0x90,
    0x5, 0xfe, 0x30, 0xf, 0xef, 0xf1, 0x80, 0x7f,
    0x7f, 0x8c, 0x3, 0xfb, 0xfc, 0x60, 0x1f, 0xdf,
    0xe3, 0x0, 0xfc,

    /* U+00DF "ß" */
    0x0, 0x9a, 0xfb, 0xfd, 0xb2, 0x20, 0x1d, 0x7f,
    0xff, 0x8c, 0x2, 0x8f, 0xf5, 0xa9, 0xa3, 0xf7,
    0xe0, 0x5, 0xfe, 0xb0, 0xe, 0x5f, 0xf0, 0x0,
    0xff, 0xc8, 0x1, 0x8f, 0x3f, 0x40, 0x9, 0xfe,
    0x10, 0x2, 0xef, 0xfc, 0x60, 0x5, 0xff, 0x8,
    0x4f, 0xfb, 0xa0, 0x40, 0x26, 0xff, 0x8, 0x7f,
    0xa4, 0x3, 0xcd, 0xfe, 0x11, 0x7f, 0x90, 0x3,
    0xcd, 0xfe, 0x10, 0xdf, 0xf5, 0x28, 0x80, 0x4d,
    0xfe, 0x10, 0x2d, 0xff, 0xd6, 0x40, 0xdf, 0xe1,
    0x0, 0x92, 0x37, 0xfd, 0xc2, 0xdf, 0xe1, 0x0,
    0xf2, 0xff, 0x99, 0x9f, 0xe1, 0x5d, 0x50, 0xd,
    0xbe, 0xed, 0xfe, 0x17, 0xff, 0x28, 0x1, 0xbf,
    0xc8, 0xdf, 0xe1, 0xb, 0xff, 0xf5, 0x3, 0x7f,
    0x84, 0x0, 0xd9, 0xfe, 0xc5, 0x0, 0x0,

    /* U+00E0 "à" */
    0x2, 0xef, 0x50, 0xf, 0xc7, 0xfc, 0x20, 0x1f,
    0x93, 0xec, 0x3, 0xf9, 0x64, 0x80, 0x3f, 0xf8,
    0xab, 0x7d, 0xfd, 0x68, 0x0, 0x1c, 0xff, 0xf9,
    0xc1, 0x3f, 0x98, 0x40, 0xf3, 0xfc, 0x20, 0x84,
    0x1, 0x87, 0xfc, 0xc0, 0x1f, 0xb7, 0xe0, 0xe,
    0xbb, 0xff, 0xd0, 0x9f, 0xf6, 0x66, 0xff, 0x46,
    0x7e, 0x8, 0x6, 0xff, 0x46, 0xfc, 0x0, 0x63,
    0xff, 0x45, 0x7e, 0x80, 0x45, 0xbf, 0xe8, 0x2f,
    0xfa, 0xf3, 0xf7, 0x5f, 0x0, 0x55, 0xdf, 0xd2,
    0x35, 0xf0,

    /* U+00E1 "á" */
    0x0, 0xf0, 0xf7, 0xb0, 0x7, 0xd9, 0xec, 0x1,
    0xf4, 0x7b, 0x80, 0x7c, 0x32, 0xe0, 0x1f, 0xfc,
    0x55, 0xbe, 0xfe, 0xb4, 0x0, 0xe, 0x7f, 0xfc,
    0xe0, 0x9f, 0xcc, 0x20, 0x79, 0xfe, 0x10, 0x42,
    0x0, 0xc3, 0xfe, 0x60, 0xf, 0xdb, 0xf0, 0x7,
    0x5d, 0xff, 0xe8, 0x4f, 0xfb, 0x33, 0x7f, 0xa3,
    0x3f, 0x4, 0x3, 0x7f, 0xa3, 0x7e, 0x0, 0x31,
    0xff, 0xa2, 0xbf, 0x40, 0x22, 0xdf, 0xf4, 0x17,
    0xfd, 0x79, 0xfb, 0xaf, 0x80, 0x2a, 0xef, 0xe9,
    0x1a, 0xf8,

    /* U+00E2 "â" */
    0x0, 0xeb, 0x10, 0xf, 0xd7, 0xfa, 0x20, 0x1e,
    0xbf, 0x5e, 0xc0, 0xe, 0xaf, 0x40, 0x2e, 0xc0,
    0xf, 0xfe, 0x1a, 0xdf, 0x7f, 0x5a, 0x0, 0x7,
    0x3f, 0xfe, 0x70, 0x4f, 0xe6, 0x10, 0x3c, 0xff,
    0x8, 0x21, 0x0, 0x61, 0xff, 0x30, 0x7, 0xed,
    0xf8, 0x3, 0xae, 0xff, 0xf4, 0x27, 0xfd, 0x99,
    0xbf, 0xd1, 0x9f, 0x82, 0x1, 0xbf, 0xd1, 0xbf,
    0x0, 0x18, 0xff, 0xd1, 0x5f, 0xa0, 0x11, 0x6f,
    0xfa, 0xb, 0xfe, 0xbc, 0xfd, 0xd7, 0xc0, 0x15,
    0x77, 0xf4, 0x8d, 0x7c, 0x0,

    /* U+00E3 "ã" */
    0x0, 0x2f, 0x71, 0x40, 0x1e, 0xc0, 0x17, 0xdd,
    0xbd, 0xdb, 0xcc, 0x0, 0x9e, 0x41, 0x5f, 0xeb,
    0x0, 0x85, 0x40, 0x23, 0x30, 0x7, 0xff, 0x11,
    0x6f, 0xbf, 0xad, 0x0, 0x3, 0x9f, 0xff, 0x38,
    0x27, 0xf3, 0x8, 0x1e, 0x7f, 0x84, 0x10, 0x80,
    0x30, 0xff, 0x98, 0x3, 0xf6, 0xfc, 0x1, 0xd7,
    0x7f, 0xfa, 0x13, 0xfe, 0xcc, 0xdf, 0xe8, 0xcf,
    0xc1, 0x0, 0xdf, 0xe8, 0xdf, 0x80, 0xc, 0x7f,
    0xe8, 0xaf, 0xd0, 0x8, 0xb7, 0xfd, 0x5, 0xff,
    0x5e, 0x7e, 0xeb, 0xe0, 0xa, 0xbb, 0xfa, 0x46,
    0xbe, 0x0,

    /* U+00E4 "ä" */
    0x0, 0x7f, 0xa8, 0x1f, 0xfc, 0x60, 0x17, 0xfa,
    0x81, 0xff, 0xc6, 0x1, 0x6e, 0xa0, 0x1b, 0x74,
    0x40, 0x1f, 0xfc, 0xd5, 0xbe, 0xfe, 0xb4, 0x0,
    0xe, 0x7f, 0xfc, 0xe0, 0x9f, 0xcc, 0x20, 0x79,
    0xfe, 0x10, 0x42, 0x0, 0xc3, 0xfe, 0x60, 0xf,
    0xdb, 0xf0, 0x7, 0x5d, 0xff, 0xe8, 0x4f, 0xfb,
    0x33, 0x7f, 0xa3, 0x3f, 0x4, 0x3, 0x7f, 0xa3,
    0x7e, 0x0, 0x31, 0xff, 0xa2, 0xbf, 0x40, 0x22,
    0xdf, 0xf4, 0x17, 0xfd, 0x79, 0xfb, 0xaf, 0x80,
    0x2a, 0xef, 0xe9, 0x1a, 0xf8,

    /* U+00E5 "å" */
    0x0, 0xff, 0xe1, 0xdf, 0xe9, 0x0, 0x7a, 0xb1,
    0x2b, 0x40, 0x3d, 0xca, 0x5, 0xe2, 0x1, 0xd9,
    0x63, 0x1c, 0x1, 0xe2, 0xef, 0xf2, 0x0, 0x7e,
    0x31, 0x0, 0xf2, 0xdf, 0x7f, 0x5a, 0x0, 0x7,
    0x3f, 0xfe, 0x70, 0x4f, 0xe6, 0x10, 0x3c, 0xff,
    0x8, 0x21, 0x0, 0x61, 0xff, 0x30, 0x7, 0xed,
    0xf8, 0x3, 0xae, 0xff, 0xf4, 0x27, 0xfd, 0x99,
    0xbf, 0xd1, 0x9f, 0x82, 0x1, 0xbf, 0xd1, 0xbf,
    0x0, 0x18, 0xff, 0xd1, 0x5f, 0xa0, 0x11, 0x6f,
    0xfa, 0xb, 0xfe, 0xbc, 0xfd, 0xd7, 0xc0, 0x15,
    0x77, 0xf4, 0x8d, 0x7c, 0x0,

    /* U+00E6 "æ" */
    0x0, 0x25, 0x77, 0xf5, 0xa0, 0x2, 0x3b, 0xfa,
    0x88, 0x2, 0xaf, 0xff, 0x93, 0x3f, 0xfc, 0x80,
    0x7d, 0xf0, 0x42, 0x77, 0xff, 0x51, 0x1, 0xef,
    0xf0, 0x0, 0x90, 0x3, 0xbf, 0xd8, 0x1, 0x87,
    0xfc, 0xa0, 0x1f, 0xb3, 0xd8, 0x3, 0xab, 0xe0,
    0xe, 0xbb, 0xff, 0xff, 0x85, 0x29, 0xff, 0x6d,
    0xdd, 0xfe, 0xdb, 0xbf, 0x9b, 0x3f, 0x44, 0x3,
    0x7f, 0xa0, 0x3, 0xf6, 0xfc, 0x80, 0x67, 0xff,
    0x70, 0x7, 0x10, 0x2, 0xff, 0xca, 0x47, 0x3f,
    0x59, 0xf8, 0x84, 0x71, 0xf6, 0x7, 0xff, 0xed,
    0x12, 0xef, 0xff, 0x58, 0x0, 0xeb, 0xbf, 0x60,
    0x2, 0x19, 0xef, 0xeb, 0x50, 0x0,

    /* U+00E7 "ç" */
    0x0, 0xc, 0xef, 0xf5, 0x18, 0x4, 0x7f, 0xff,
    0x30, 0x3, 0xbf, 0x50, 0x4a, 0xff, 0xc4, 0xff,
    0xe1, 0x0, 0xd9, 0x67, 0x7f, 0x40, 0x1f, 0xbb,
    0xdc, 0x3, 0xf7, 0x7b, 0x80, 0x7e, 0xbf, 0xa0,
    0xf, 0xcf, 0xfe, 0x10, 0xd, 0xb6, 0x61, 0xdf,
    0xa8, 0x27, 0x7f, 0xe1, 0x3, 0xff, 0xf9, 0x80,
    0x21, 0x9e, 0xff, 0x51, 0x80, 0x79, 0x74, 0x3,
    0xfb, 0x3f, 0x4c, 0x3, 0xfa, 0xf0, 0x3, 0xc8,
    0xc7, 0x96, 0x1, 0xe6, 0xef, 0xc2, 0x0, 0x80,

    /* U+00E8 "è" */
    0x2, 0xef, 0x40, 0xf, 0xc7, 0xfc, 0x20, 0x1f,
    0x97, 0xe8, 0x3, 0xf9, 0x64, 0x80, 0x3f, 0xf8,
    0xa5, 0x3d, 0xfd, 0x46, 0x1, 0x1f, 0xff, 0xca,
    0x3, 0xdf, 0x64, 0x5, 0x5f, 0xe1, 0x7f, 0xd0,
    0xe, 0xcf, 0x8b, 0xf8, 0x0, 0xe7, 0xfc, 0xef,
    0xff, 0xed, 0xef, 0xdb, 0xbf, 0xa7, 0x3e, 0x40,
    0x3f, 0x3f, 0xf0, 0x80, 0x61, 0x10, 0xf, 0x7e,
    0xa9, 0x11, 0xbb, 0x44, 0x13, 0xff, 0xed, 0x20,
    0x1, 0x4f, 0x7f, 0x63, 0x0, 0x0,

    /* U+00E9 "é" */
    0x0, 0xf1, 0x7f, 0x94, 0x3, 0xec, 0xf6, 0x0,
    0xfa, 0x3d, 0xc0, 0x3e, 0x19, 0x60, 0xf, 0xfe,
    0x29, 0x4f, 0x7f, 0x51, 0x80, 0x47, 0xff, 0xf2,
    0x80, 0xf7, 0xd9, 0x1, 0x57, 0xf8, 0x5f, 0xf4,
    0x3, 0xb3, 0xe2, 0xfe, 0x0, 0x39, 0xff, 0x3b,
    0xff, 0xfb, 0x7b, 0xf6, 0xef, 0xe9, 0xcf, 0x90,
    0xf, 0xcf, 0xfc, 0x20, 0x18, 0x44, 0x3, 0xdf,
    0xaa, 0x44, 0x6e, 0xd1, 0x4, 0xff, 0xfb, 0x48,
    0x0, 0x53, 0xdf, 0xd8, 0xc0, 0x0,

    /* U+00EA "ê" */
    0x0, 0xe3, 0x0, 0xfe, 0x5f, 0x70, 0xf, 0x93,
    0xf7, 0xd4, 0x3, 0x8f, 0xe8, 0x27, 0xd0, 0x3,
    0x3b, 0x80, 0x27, 0x70, 0x7, 0xff, 0xc, 0xa7,
    0xbf, 0xa8, 0xc0, 0x23, 0xff, 0xf9, 0x40, 0x7b,
    0xec, 0x80, 0xab, 0xfc, 0x2f, 0xfa, 0x1, 0xd9,
    0xf1, 0x7f, 0x0, 0x1c, 0xff, 0x9d, 0xff, 0xfd,
    0xbd, 0xfb, 0x77, 0xf4, 0xe7, 0xc8, 0x7, 0xe7,
    0xfe, 0x10, 0xc, 0x22, 0x1, 0xef, 0xd5, 0x22,
    0x37, 0x68, 0x82, 0x7f, 0xfd, 0xa4, 0x0, 0x29,
    0xef, 0xec, 0x60, 0x0,

    /* U+00EB "ë" */
    0x0, 0x7f, 0xa8, 0x1f, 0xfc, 0x40, 0x17, 0xfa,
    0x81, 0xff, 0xc4, 0x1, 0x6e, 0xa0, 0x1b, 0x74,
    0x40, 0x1f, 0xfc, 0xd2, 0x9e, 0xfe, 0xa3, 0x0,
    0x8f, 0xff, 0xe5, 0x1, 0xef, 0xb2, 0x2, 0xaf,
    0xf0, 0xbf, 0xe8, 0x7, 0x67, 0xc5, 0xfc, 0x0,
    0x73, 0xfe, 0x77, 0xff, 0xf6, 0xf7, 0xed, 0xdf,
    0xd3, 0x9f, 0x20, 0x1f, 0x9f, 0xf8, 0x40, 0x30,
    0x88, 0x7, 0xbf, 0x54, 0x88, 0xdd, 0xa2, 0x9,
    0xff, 0xf6, 0x90, 0x0, 0xa7, 0xbf, 0xb1, 0x80,
    0x0,

    /* U+00EC "ì" */
    0x1d, 0xf8, 0x0, 0x87, 0x7c, 0xc0, 0x21, 0xee,
    0x8, 0x4, 0x4e, 0x60, 0x1f, 0xcd, 0xfe, 0x0,
    0x9b, 0xfc, 0x1, 0x37, 0xf8, 0x2, 0x6f, 0xf0,
    0x4, 0xdf, 0xe0, 0x9, 0xbf, 0xc0, 0x13, 0x7f,
    0x80, 0x26, 0xff, 0x0, 0x4d, 0xfe, 0x0, 0x9b,
    0xfc, 0x1, 0x37, 0xf8, 0x2, 0x6f, 0xf0,

    /* U+00ED "í" */
    0x0, 0xb7, 0xe4, 0x2, 0x9f, 0x90, 0x9, 0xbe,
    0x40, 0x33, 0x30, 0x3, 0xfe, 0x6f, 0xf0, 0x6,
    0x6f, 0xf0, 0x6, 0x6f, 0xf0, 0x6, 0x6f, 0xf0,
    0x6, 0x6f, 0xf0, 0x6, 0x6f, 0xf0, 0x6, 0x6f,
    0xf0, 0x6, 0x6f, 0xf0, 0x6, 0x6f, 0xf0, 0x6,
    0x6f, 0xf0, 0x6, 0x6f, 0xf0, 0x6, 0x6f, 0xf0,
    0x6,

    /* U+00EE "î" */
    0x0, 0xa4, 0xc0, 0x3a, 0x7f, 0xc6, 0x1, 0x47,
    0xb6, 0x71, 0x3, 0x7b, 0x80, 0xef, 0x8, 0x7,
    0xf9, 0xbf, 0xc0, 0x1c, 0xdf, 0xe0, 0xe, 0x6f,
    0xf0, 0x7, 0x37, 0xf8, 0x3, 0x9b, 0xfc, 0x1,
    0xcd, 0xfe, 0x0, 0xe6, 0xff, 0x0, 0x73, 0x7f,
    0x80, 0x39, 0xbf, 0xc0, 0x1c, 0xdf, 0xe0, 0xe,
    0x6f, 0xf0, 0x7, 0x37, 0xf8, 0x2,

    /* U+00EF "ï" */
    0xdf, 0xd0, 0x4f, 0xf3, 0x6f, 0xe8, 0x27, 0xf9,
    0xab, 0x6c, 0xf, 0x74, 0xa0, 0x1f, 0xfc, 0x66,
    0xff, 0x0, 0x73, 0x7f, 0x80, 0x39, 0xbf, 0xc0,
    0x1c, 0xdf, 0xe0, 0xe, 0x6f, 0xf0, 0x7, 0x37,
    0xf8, 0x3, 0x9b, 0xfc, 0x1, 0xcd, 0xfe, 0x0,
    0xe6, 0xff, 0x0, 0x73, 0x7f, 0x80, 0x39, 0xbf,
    0xc0, 0x1c, 0xdf, 0xe0, 0x8,

    /* U+00F0 "ð" */
    0x0, 0xd5, 0xdb, 0x28, 0x1, 0xfc, 0xf5, 0xbf,
    0xed, 0x46, 0xa1, 0x0, 0xf1, 0x47, 0xfd, 0x6a,
    0x1, 0xee, 0xe4, 0xac, 0xfe, 0x0, 0x7c, 0x20,
    0x1b, 0x7c, 0x80, 0x30, 0xc6, 0xff, 0x48, 0xc7,
    0xb8, 0x4, 0x9f, 0xfe, 0xd6, 0xf9, 0x0, 0x1f,
    0xfa, 0xcc, 0x0, 0x7b, 0xaf, 0xb0, 0x6, 0xfd,
    0x0, 0x71, 0x7f, 0xac, 0x13, 0xfc, 0x20, 0x1e,
    0xcf, 0xa0, 0x7f, 0xb0, 0xf, 0xab, 0xe0, 0x27,
    0xe4, 0x3, 0xed, 0xf4, 0x8, 0xfb, 0x0, 0xf1,
    0xff, 0x80, 0x9, 0xfe, 0x20, 0xe, 0xdf, 0x80,
    0xb, 0x7f, 0x94, 0x44, 0xbb, 0xfa, 0x1, 0x8f,
    0xbf, 0xfd, 0xa4, 0x1, 0xc3, 0x1b, 0xfd, 0x8e,
    0x1, 0xc0,

    /* U+00F1 "ñ" */
    0x0, 0x37, 0x71, 0x0, 0x7d, 0x40, 0x3, 0xf7,
    0x9e, 0xcf, 0xe4, 0x0, 0x5f, 0x0, 0x5f, 0xfa,
    0x40, 0x22, 0x40, 0x8, 0xcc, 0x1, 0xff, 0xc2,
    0x6f, 0xf0, 0x46, 0xff, 0x48, 0x83, 0x7f, 0xb3,
    0xf7, 0xbf, 0xda, 0xd, 0xfe, 0xe3, 0x0, 0x37,
    0xf9, 0xdb, 0xfc, 0xc0, 0x1b, 0x7e, 0x9b, 0xfc,
    0x40, 0x1a, 0xbf, 0x1b, 0xfc, 0x1, 0xd3, 0xf8,
    0xdf, 0xe0, 0xe, 0x9f, 0xc6, 0xff, 0x0, 0x74,
    0xfe, 0x37, 0xf8, 0x3, 0xa7, 0xf1, 0xbf, 0xc0,
    0x1d, 0x3f, 0x8d, 0xfe, 0x0, 0xe9, 0xfc, 0x6f,
    0xf0, 0x7, 0x4f, 0xe0,

    /* U+00F2 "ò" */
    0x0, 0x5f, 0xd0, 0x7, 0xfb, 0x3d, 0x40, 0x3f,
    0x87, 0x78, 0x40, 0x3f, 0x8a, 0x54, 0x3, 0xff,
    0x90, 0xf9, 0xfd, 0x8c, 0x1, 0x8b, 0x7f, 0xfd,
    0x60, 0x16, 0xff, 0x28, 0x93, 0xff, 0xa8, 0x1b,
    0xfc, 0x40, 0x19, 0x3f, 0xc7, 0x7f, 0x40, 0x1e,
    0xdf, 0x8d, 0xf7, 0x0, 0xf5, 0x7d, 0x6f, 0xb8,
    0x7, 0xab, 0xea, 0xfe, 0x80, 0x3d, 0xbf, 0xd,
    0xfe, 0x20, 0xc, 0xbf, 0xe2, 0xd, 0xfe, 0x52,
    0x23, 0xff, 0xa8, 0x0, 0x5b, 0xff, 0xeb, 0x0,
    0xe7, 0xdf, 0xec, 0x60, 0x8,

    /* U+00F3 "ó" */
    0x0, 0xfa, 0xfe, 0xc0, 0x3f, 0x3f, 0xd8, 0x7,
    0xe3, 0xfc, 0x0, 0xfe, 0x79, 0x10, 0xf, 0xfe,
    0x3b, 0xe7, 0xf6, 0x30, 0x6, 0x2d, 0xff, 0xf5,
    0x80, 0x5b, 0xfc, 0xa2, 0x4f, 0xfe, 0xa0, 0x6f,
    0xf1, 0x0, 0x64, 0xff, 0x1d, 0xfd, 0x0, 0x7b,
    0x7e, 0x37, 0xdc, 0x3, 0xd5, 0xf5, 0xbe, 0xe0,
    0x1e, 0xaf, 0xab, 0xfa, 0x0, 0xf6, 0xfc, 0x37,
    0xf8, 0x80, 0x32, 0xff, 0x88, 0x37, 0xf9, 0x48,
    0x8f, 0xfe, 0xa0, 0x1, 0x6f, 0xff, 0xac, 0x3,
    0x9f, 0x7f, 0xb1, 0x80, 0x20,

    /* U+00F4 "ô" */
    0x0, 0xe2, 0x0, 0xff, 0xf, 0x60, 0x7, 0xe1,
    0xdd, 0x7d, 0x80, 0x7d, 0x9c, 0x49, 0xf4, 0x1,
    0xc9, 0x6, 0x0, 0x48, 0x20, 0xf, 0xfe, 0x2b,
    0xe7, 0xf6, 0x30, 0x6, 0x2d, 0xff, 0xf5, 0x80,
    0x5b, 0xfc, 0xa2, 0x4f, 0xfe, 0xa0, 0x6f, 0xf1,
    0x0, 0x64, 0xff, 0x1d, 0xfd, 0x0, 0x7b, 0x7e,
    0x37, 0xdc, 0x3, 0xd5, 0xf5, 0xbe, 0xe0, 0x1e,
    0xaf, 0xab, 0xfa, 0x0, 0xf6, 0xfc, 0x37, 0xf8,
    0x80, 0x32, 0xff, 0x88, 0x37, 0xf9, 0x48, 0x8f,
    0xfe, 0xa0, 0x1, 0x6f, 0xff, 0xac, 0x3, 0x9f,
    0x7f, 0xb1, 0x80, 0x20,

    /* U+00F5 "õ" */
    0x0, 0xe, 0x7c, 0x80, 0x2b, 0x0, 0x35, 0x74,
    0xfd, 0x9f, 0x48, 0x6, 0xf7, 0x5, 0xff, 0x71,
    0x0, 0x64, 0x10, 0x0, 0xa0, 0x80, 0x7f, 0xf1,
    0x9f, 0x3f, 0xb1, 0x80, 0x31, 0x6f, 0xff, 0xac,
    0x2, 0xdf, 0xe5, 0x12, 0x7f, 0xf5, 0x3, 0x7f,
    0x88, 0x3, 0x27, 0xf8, 0xef, 0xe8, 0x3, 0xdb,
    0xf1, 0xbe, 0xe0, 0x1e, 0xaf, 0xad, 0xf7, 0x0,
    0xf5, 0x7d, 0x5f, 0xd0, 0x7, 0xb7, 0xe1, 0xbf,
    0xc4, 0x1, 0x97, 0xfc, 0x41, 0xbf, 0xca, 0x44,
    0x7f, 0xf5, 0x0, 0xb, 0x7f, 0xfd, 0x60, 0x1c,
    0xfb, 0xfd, 0x8c, 0x1, 0x0,

    /* U+00F6 "ö" */
    0x0, 0x5f, 0xf8, 0xb, 0xfd, 0x0, 0x1a, 0xff,
    0xc0, 0x5f, 0xe8, 0x0, 0xd3, 0xba, 0x2, 0xdd,
    0x30, 0x7, 0xff, 0x45, 0xf3, 0xfb, 0x18, 0x3,
    0x16, 0xff, 0xfa, 0xc0, 0x2d, 0xfe, 0x51, 0x27,
    0xff, 0x50, 0x37, 0xf8, 0x80, 0x32, 0x7f, 0x8e,
    0xfe, 0x80, 0x3d, 0xbf, 0x1b, 0xee, 0x1, 0xea,
    0xfa, 0xdf, 0x70, 0xf, 0x57, 0xd5, 0xfd, 0x0,
    0x7b, 0x7e, 0x1b, 0xfc, 0x40, 0x19, 0x7f, 0xc4,
    0x1b, 0xfc, 0xa4, 0x47, 0xff, 0x50, 0x0, 0xb7,
    0xff, 0xd6, 0x1, 0xcf, 0xbf, 0xd8, 0xc0, 0x10,

    /* U+00F7 "÷" */
    0x0, 0xd3, 0xdc, 0x10, 0xf, 0xab, 0xfc, 0x20,
    0x1f, 0x57, 0xf8, 0x40, 0x3f, 0xf9, 0xb1, 0xff,
    0xfe, 0x6d, 0xdf, 0xec, 0x0, 0xff, 0xe1, 0xcf,
    0xf8, 0x40, 0x3e, 0xaf, 0xf0, 0x80, 0x7d, 0x5f,
    0xe1, 0x0, 0x80,

    /* U+00F8 "ø" */
    0x0, 0xfe, 0xb7, 0x0, 0xcf, 0x9f, 0xd9, 0x7a,
    0x1, 0x16, 0xff, 0xfc, 0x1, 0x6f, 0xf2, 0x89,
    0x7f, 0xd4, 0xd, 0xfe, 0x20, 0x1, 0x73, 0x7f,
    0x8e, 0xfe, 0x80, 0x2c, 0x60, 0xdf, 0x8d, 0xf7,
    0x0, 0x36, 0x0, 0x2b, 0xeb, 0x7d, 0xc0, 0x78,
    0xc0, 0x15, 0xf5, 0x7f, 0x41, 0x30, 0x1, 0x6f,
    0xc3, 0x7f, 0x9b, 0x80, 0x25, 0xff, 0x10, 0x6f,
    0xfa, 0xc8, 0x8f, 0xfe, 0xa0, 0x1, 0x7f, 0xfd,
    0x60, 0x10, 0xfc, 0xef, 0xf6, 0x30, 0x6, 0xa7,
    0x0, 0xfe,

    /* U+00F9 "ù" */
    0x3, 0xff, 0x20, 0x7, 0xe3, 0xfe, 0x10, 0xf,
    0xc9, 0xf6, 0x1, 0xfc, 0x8e, 0x20, 0x1f, 0xfc,
    0x38, 0xfd, 0x0, 0xeb, 0xf9, 0x8f, 0xd0, 0xe,
    0xbf, 0x98, 0xfd, 0x0, 0xeb, 0xf9, 0x8f, 0xd0,
    0xe, 0xbf, 0x98, 0xfd, 0x0, 0xeb, 0xf9, 0x8f,
    0xd0, 0xe, 0xbf, 0x98, 0xfd, 0x0, 0xec, 0xf9,
    0x8f, 0xe0, 0xe, 0xff, 0x4b, 0x7f, 0x88, 0x2,
    0x4f, 0xf4, 0x97, 0xfb, 0xc, 0x57, 0xbf, 0xd2,
    0x13, 0xff, 0xdd, 0xbf, 0x20, 0x7, 0xdf, 0xe9,
    0x1b, 0xf9,

    /* U+00FA "ú" */
    0x0, 0xf1, 0x7f, 0x94, 0x3, 0xed, 0xf5, 0x0,
    0xfa, 0xbd, 0x40, 0x3e, 0x17, 0x40, 0xf, 0xfe,
    0x1c, 0x7e, 0x80, 0x75, 0xfc, 0xc7, 0xe8, 0x7,
    0x5f, 0xcc, 0x7e, 0x80, 0x75, 0xfc, 0xc7, 0xe8,
    0x7, 0x5f, 0xcc, 0x7e, 0x80, 0x75, 0xfc, 0xc7,
    0xe8, 0x7, 0x5f, 0xcc, 0x7e, 0x80, 0x76, 0x7c,
    0xc7, 0xf0, 0x7, 0x7f, 0xa5, 0xbf, 0xc4, 0x1,
    0x27, 0xfa, 0x4b, 0xfd, 0x86, 0x2b, 0xdf, 0xe9,
    0x9, 0xff, 0xee, 0xdf, 0x90, 0x3, 0xef, 0xf4,
    0x8d, 0xfc, 0x80,

    /* U+00FB "û" */
    0x0, 0xe3, 0x0, 0xfe, 0x5f, 0x60, 0xf, 0x93,
    0xf7, 0xd4, 0x3, 0x8f, 0xe8, 0x27, 0xd0, 0x3,
    0x3b, 0x80, 0x27, 0x70, 0x7, 0xff, 0x6, 0x3f,
    0x40, 0x3a, 0xfe, 0x63, 0xf4, 0x3, 0xaf, 0xe6,
    0x3f, 0x40, 0x3a, 0xfe, 0x63, 0xf4, 0x3, 0xaf,
    0xe6, 0x3f, 0x40, 0x3a, 0xfe, 0x63, 0xf4, 0x3,
    0xaf, 0xe6, 0x3f, 0x40, 0x3b, 0x3e, 0x63, 0xf8,
    0x3, 0xbf, 0xd2, 0xdf, 0xe2, 0x0, 0x93, 0xfd,
    0x25, 0xfe, 0xc3, 0x15, 0xef, 0xf4, 0x84, 0xff,
    0xf7, 0x6f, 0xc8, 0x1, 0xf7, 0xfa, 0x46, 0xfe,
    0x40,

    /* U+00FC "ü" */
    0x1, 0xff, 0x48, 0x47, 0xf8, 0x80, 0x3, 0xfe,
    0x90, 0x8f, 0xf1, 0x0, 0x7, 0x75, 0x0, 0xfb,
    0xa1, 0x0, 0xff, 0xe5, 0xc7, 0xe8, 0x7, 0x5f,
    0xcc, 0x7e, 0x80, 0x75, 0xfc, 0xc7, 0xe8, 0x7,
    0x5f, 0xcc, 0x7e, 0x80, 0x75, 0xfc, 0xc7, 0xe8,
    0x7, 0x5f, 0xcc, 0x7e, 0x80, 0x75, 0xfc, 0xc7,
    0xe8, 0x7, 0x67, 0xcc, 0x7f, 0x0, 0x77, 0xfa,
    0x5b, 0xfc, 0x40, 0x12, 0x7f, 0xa4, 0xbf, 0xd8,
    0x62, 0xbd, 0xfe, 0x90, 0x9f, 0xfe, 0xed, 0xf9,
    0x0, 0x3e, 0xff, 0x48, 0xdf, 0xc8,

    /* U+00FD "ý" */
    0x0, 0xf9, 0x7f, 0x88, 0x3, 0xf1, 0x7f, 0x10,
    0x7, 0xf6, 0xf1, 0x0, 0x7f, 0x13, 0x90, 0x7,
    0xff, 0x19, 0x7f, 0xc8, 0x1, 0xd5, 0xfc, 0x0,
    0xef, 0x90, 0xe, 0xff, 0x38, 0x2, 0x3f, 0xc0,
    0x19, 0x7f, 0xc2, 0x0, 0x1f, 0xf2, 0x80, 0x57,
    0xf6, 0x1, 0xaf, 0xec, 0x0, 0x3f, 0xe4, 0x0,
    0xc9, 0xfe, 0x10, 0x7f, 0xe0, 0xf, 0x77, 0xb0,
    0x6f, 0xb8, 0x7, 0x9f, 0xf0, 0xff, 0xc2, 0x1,
    0xe1, 0xff, 0x57, 0xd8, 0x7, 0xeb, 0xff, 0x90,
    0x3, 0xf2, 0x7f, 0xb8, 0x3, 0xf8, 0x7f, 0xce,
    0x1, 0xfc, 0xdf, 0xe1, 0x0, 0xfe, 0xdf, 0xb0,
    0xf, 0xe3, 0xff, 0x20, 0x7, 0xf5, 0x7f, 0x0,
    0x7f, 0xf, 0xf9, 0xc0, 0x3e,

    /* U+00FE "þ" */
    0xaf, 0xb0, 0xf, 0xea, 0xfb, 0x0, 0xfe, 0xaf,
    0xb0, 0xf, 0xea, 0xfb, 0x0, 0xfe, 0xaf, 0xb0,
    0xf, 0xea, 0xfb, 0x8, 0xdf, 0xd9, 0x10, 0x5,
    0x7e, 0x63, 0xff, 0xb4, 0x42, 0xbf, 0xdc, 0xc2,
    0x4f, 0xfe, 0xa0, 0xaf, 0xf1, 0x80, 0x67, 0xff,
    0xd, 0x7d, 0x80, 0x70, 0xff, 0x96, 0xbe, 0x0,
    0x3d, 0xde, 0xd5, 0xf0, 0x1, 0xee, 0xf6, 0xaf,
    0xc0, 0xe, 0x1f, 0xf2, 0xd7, 0xf8, 0xc0, 0x33,
    0xff, 0x86, 0xbf, 0xdc, 0xc2, 0x4f, 0xfe, 0xa0,
    0xaf, 0xcc, 0x7f, 0xf6, 0x88, 0x57, 0xd8, 0x3e,
    0xff, 0x40, 0x80, 0x2b, 0xec, 0x3, 0xfa, 0xbe,
    0xc0, 0x3f, 0xab, 0xec, 0x3, 0xfa, 0xbe, 0xc0,
    0x3f, 0xab, 0xec, 0x3, 0xf8,

    /* U+00FF "ÿ" */
    0x0, 0x27, 0xf9, 0x82, 0xff, 0xc0, 0x1c, 0x9f,
    0xe6, 0xb, 0xff, 0x0, 0x71, 0xee, 0x94, 0x27,
    0x70, 0x3, 0xff, 0xa2, 0xbf, 0xe4, 0x0, 0xea,
    0xfe, 0x0, 0x77, 0xc8, 0x7, 0x7f, 0x9c, 0x1,
    0x1f, 0xe0, 0xc, 0xbf, 0xe1, 0x0, 0xf, 0xf9,
    0x40, 0x2b, 0xfb, 0x0, 0xd7, 0xf6, 0x0, 0x1f,
    0xf2, 0x0, 0x64, 0xff, 0x8, 0x3f, 0xf0, 0x7,
    0xbb, 0xd8, 0x37, 0xdc, 0x3, 0xcf, 0xf8, 0x7f,
    0xe1, 0x0, 0xf0, 0xff, 0xab, 0xec, 0x3, 0xf5,
    0xff, 0xc8, 0x1, 0xf9, 0x3f, 0xdc, 0x1, 0xfc,
    0x3f, 0xe7, 0x0, 0xfe, 0x6f, 0xf0, 0x80, 0x7f,
    0x6f, 0xd8, 0x7, 0xf1, 0xff, 0x90, 0x3, 0xfa,
    0xbf, 0x80, 0x3f, 0x87, 0xfc, 0xe0, 0x1f, 0x0,

    /* U+0100 "Ā" */
    0x0, 0xe1, 0x1f, 0x0, 0x7f, 0x3f, 0xff, 0x84,
    0x3, 0xf1, 0x22, 0x78, 0x3, 0xff, 0x9e, 0xbf,
    0xc0, 0x1f, 0xfc, 0x1b, 0xff, 0x20, 0x7, 0xfc,
    0x3f, 0xf5, 0x0, 0x7f, 0xcf, 0xff, 0x84, 0x3,
    0xfd, 0xbe, 0xfd, 0xee, 0x1, 0xfc, 0x9f, 0xe2,
    0x8f, 0xd0, 0xf, 0xea, 0xfc, 0x2, 0xff, 0x18,
    0x7, 0xef, 0xf3, 0x0, 0x37, 0xe4, 0x3, 0xe6,
    0xff, 0x8, 0x1, 0xff, 0xc0, 0x1f, 0x67, 0xd8,
    0x4, 0x3f, 0xe5, 0x0, 0xe2, 0xff, 0x28, 0x6,
    0xcf, 0xb0, 0xe, 0x8f, 0xff, 0xf1, 0x0, 0x6e,
    0xff, 0xff, 0x40, 0x4, 0xbf, 0xe6, 0x22, 0xf6,
    0x7f, 0x0, 0x57, 0xfc, 0x1, 0xf2, 0xff, 0x90,
    0x7, 0xfd, 0x20, 0x1f, 0xbf, 0xd4, 0xf, 0xfe,
    0x30, 0xf, 0xd5, 0xfe, 0x0,

    /* U+0101 "ā" */
    0x0, 0x8, 0xfc, 0x1, 0xaf, 0xff, 0xb4, 0x3,
    0x1a, 0x27, 0x80, 0x3f, 0xf8, 0x6b, 0x7d, 0xfd,
    0x68, 0x0, 0x1c, 0xff, 0xf9, 0xc1, 0x3f, 0x98,
    0x40, 0xf3, 0xfc, 0x20, 0x84, 0x1, 0x87, 0xfc,
    0xc0, 0x1f, 0xb7, 0xe0, 0xe, 0xbb, 0xff, 0xd0,
    0x9f, 0xf6, 0x66, 0xff, 0x46, 0x7e, 0x8, 0x6,
    0xff, 0x46, 0xfc, 0x0, 0x63, 0xff, 0x45, 0x7e,
    0x80, 0x45, 0xbf, 0xe8, 0x2f, 0xfa, 0xf3, 0xf7,
    0x5f, 0x0, 0x55, 0xdf, 0xd2, 0x35, 0xf0,

    /* U+0102 "Ă" */
    0x0, 0xdb, 0xa0, 0x9, 0x3d, 0x80, 0x3f, 0x4f,
    0xc1, 0x1e, 0xf9, 0x0, 0x7e, 0x1b, 0xff, 0xcc,
    0x1, 0xff, 0xa, 0x18, 0x7, 0xff, 0x5, 0x7f,
    0x80, 0x3f, 0xf8, 0x37, 0xfe, 0x40, 0xf, 0xf8,
    0x7f, 0xea, 0x0, 0xff, 0x9f, 0xff, 0x8, 0x7,
    0xfb, 0x7d, 0xfb, 0xdc, 0x3, 0xf9, 0x3f, 0xc5,
    0x1f, 0xa0, 0x1f, 0xd5, 0xf8, 0x5, 0xfe, 0x30,
    0xf, 0xdf, 0xe6, 0x0, 0x6f, 0xc8, 0x7, 0xcd,
    0xfe, 0x10, 0x3, 0xff, 0x80, 0x3e, 0xcf, 0xb0,
    0x8, 0x7f, 0xca, 0x1, 0xc5, 0xfe, 0x50, 0xd,
    0x9f, 0x60, 0x1d, 0x1f, 0xff, 0xe2, 0x0, 0xdd,
    0xff, 0xfe, 0x80, 0x9, 0x7f, 0xcc, 0x45, 0xec,
    0xfe, 0x0, 0xaf, 0xf8, 0x3, 0xe5, 0xff, 0x20,
    0xf, 0xfa, 0x40, 0x3f, 0x7f, 0xa8, 0x1f, 0xfc,
    0x60, 0x1f, 0xab, 0xfc, 0x0,

    /* U+0103 "ă" */
    0x0, 0x7c, 0x0, 0x4b, 0xe4, 0x1, 0x67, 0x28,
    0x9e, 0xf0, 0x6, 0x2d, 0xff, 0xb9, 0x0, 0x3c,
    0x48, 0x40, 0x1f, 0xfc, 0x55, 0xbe, 0xfe, 0xb4,
    0x0, 0xe, 0x7f, 0xfc, 0xe0, 0x9f, 0xcc, 0x20,
    0x79, 0xfe, 0x10, 0x42, 0x0, 0xc3, 0xfe, 0x60,
    0xf, 0xdb, 0xf0, 0x7, 0x5d, 0xff, 0xe8, 0x4f,
    0xfb, 0x33, 0x7f, 0xa3, 0x3f, 0x4, 0x3, 0x7f,
    0xa3, 0x7e, 0x0, 0x31, 0xff, 0xa2, 0xbf, 0x40,
    0x22, 0xdf, 0xf4, 0x17, 0xfd, 0x79, 0xfb, 0xaf,
    0x80, 0x2a, 0xef, 0xe9, 0x1a, 0xf8,

    /* U+0104 "Ą" */
    0x0, 0xf2, 0xff, 0x0, 0x7f, 0xf0, 0x6f, 0xfc,
    0x80, 0x1f, 0xf0, 0xff, 0xd4, 0x1, 0xff, 0x3f,
    0xfe, 0x10, 0xf, 0xf6, 0xfb, 0xf7, 0xb8, 0x7,
    0xf2, 0x7f, 0x8a, 0x3f, 0x40, 0x3f, 0xab, 0xf0,
    0xb, 0xfc, 0x60, 0x1f, 0xbf, 0xcc, 0x0, 0xdf,
    0x90, 0xf, 0x9b, 0xfc, 0x20, 0x7, 0xff, 0x0,
    0x7d, 0x9f, 0x60, 0x10, 0xff, 0x94, 0x3, 0x8b,
    0xfc, 0xa0, 0x1b, 0x3e, 0xc0, 0x3a, 0x3f, 0xff,
    0xc4, 0x1, 0xbb, 0xff, 0xfd, 0x0, 0x12, 0xff,
    0x98, 0x8b, 0xd9, 0xfc, 0x1, 0x5f, 0xf0, 0x7,
    0xcb, 0xfe, 0x40, 0x1f, 0xf4, 0x80, 0x7e, 0xff,
    0x50, 0x3f, 0xf8, 0xc0, 0x3f, 0x57, 0xf8, 0x3,
    0xff, 0x83, 0x3a, 0x60, 0x1f, 0xfc, 0x8, 0xd1,
    0x0, 0xff, 0xe0, 0xf4, 0x0, 0x7f, 0xf0, 0xb7,
    0x1a, 0xe0, 0x3, 0xfe, 0x3d, 0xfc, 0x20,

    /* U+0105 "ą" */
    0x0, 0x2d, 0xf7, 0xf5, 0xa0, 0x4, 0x39, 0xff,
    0xf3, 0x80, 0x13, 0xf9, 0x84, 0xf, 0x3f, 0xc2,
    0x0, 0x42, 0x0, 0xc3, 0xfe, 0x60, 0xf, 0xed,
    0xf8, 0x0, 0x1d, 0x77, 0xff, 0xa0, 0x13, 0xfe,
    0xcc, 0xdf, 0xe8, 0xc, 0xfc, 0x10, 0xd, 0xfe,
    0x80, 0xdf, 0x80, 0xc, 0x7f, 0xe8, 0xa, 0xfd,
    0x0, 0x8b, 0x7f, 0xd0, 0x5, 0xff, 0x5e, 0x7e,
    0xeb, 0xe0, 0x0, 0x55, 0xdf, 0xd2, 0x37, 0xf0,
    0x1, 0xf8, 0xb6, 0x40, 0x3f, 0xf, 0x40, 0x7,
    0xf2, 0xf8, 0x80, 0x7f, 0x27, 0xc3, 0xe9, 0x0,
    0x7d, 0x1d, 0xc8, 0x0,

    /* U+0106 "Ć" */
    0x0, 0xfc, 0x3d, 0xec, 0x1, 0xff, 0xc0, 0xbf,
    0x70, 0xf, 0xfe, 0x3, 0xfb, 0x80, 0x7f, 0xf0,
    0x5d, 0x40, 0x3f, 0xf9, 0xe9, 0x5b, 0xfe, 0xd9,
    0x30, 0xf, 0xab, 0xff, 0xf5, 0x0, 0x76, 0x7f,
    0xba, 0x15, 0xa3, 0xbf, 0xd6, 0x1, 0x47, 0xfa,
    0x40, 0x3d, 0x5f, 0xe7, 0x1, 0xff, 0x50, 0x7,
    0xec, 0xfd, 0x6, 0xff, 0x8, 0x7, 0xe2, 0x40,
    0x5, 0x7e, 0x0, 0x7f, 0xf0, 0x73, 0xe8, 0x3,
    0xff, 0x83, 0xbf, 0x20, 0x1f, 0xfc, 0x1c, 0xfa,
    0x0, 0xff, 0xe0, 0xd7, 0xe0, 0x7, 0xff, 0x5,
    0xbf, 0xc2, 0x1, 0xf8, 0xd0, 0x0, 0x3f, 0xea,
    0x0, 0xfd, 0x9f, 0xa0, 0x8, 0xff, 0x48, 0x7,
    0xab, 0xfc, 0xe0, 0x16, 0x7f, 0xba, 0x19, 0x91,
    0xdf, 0xeb, 0x0, 0xea, 0xff, 0xfd, 0x20, 0x1f,
    0x25, 0x77, 0xfb, 0x64, 0xc0, 0x30,

    /* U+0107 "ć" */
    0x0, 0xf1, 0xff, 0x8c, 0x3, 0xc3, 0xde, 0x80,
    0x1f, 0x57, 0xa8, 0x7, 0xc5, 0x2a, 0x1, 0xff,
    0xc5, 0x19, 0xdf, 0xea, 0x30, 0x8, 0xff, 0xfe,
    0x60, 0x7, 0x7e, 0xa0, 0x95, 0xff, 0x89, 0xff,
    0xc2, 0x1, 0xb2, 0xce, 0xfe, 0x80, 0x3f, 0x77,
    0xb8, 0x7, 0xee, 0xf7, 0x0, 0xfd, 0x7f, 0x40,
    0x1f, 0x9f, 0xfc, 0x20, 0x1b, 0x6c, 0xc3, 0xbf,
    0x50, 0x4e, 0xff, 0xc2, 0x7, 0xff, 0xf3, 0x0,
    0x43, 0x3d, 0xfd, 0x46, 0x0,

    /* U+0108 "Ĉ" */
    0x0, 0xfa, 0x88, 0x3, 0xff, 0x83, 0x7f, 0xc2,
    0x1, 0xff, 0x57, 0xae, 0xe8, 0x40, 0x3f, 0xa7,
    0xd4, 0xb, 0xb0, 0x3, 0xff, 0x9a, 0x95, 0xbf,
    0xed, 0x93, 0x0, 0xfa, 0xbf, 0xff, 0x50, 0x7,
    0x67, 0xfb, 0xa1, 0x5a, 0x3b, 0xfd, 0x60, 0x14,
    0x7f, 0xa4, 0x3, 0xd5, 0xfe, 0x70, 0x1f, 0xf5,
    0x0, 0x7e, 0xcf, 0xd0, 0x6f, 0xf0, 0x80, 0x7e,
    0x24, 0x0, 0x57, 0xe0, 0x7, 0xff, 0x7, 0x3e,
    0x80, 0x3f, 0xf8, 0x3b, 0xf2, 0x1, 0xff, 0xc1,
    0xcf, 0xa0, 0xf, 0xfe, 0xd, 0x7e, 0x0, 0x7f,
    0xf0, 0x5b, 0xfc, 0x20, 0x1f, 0x8d, 0x0, 0x3,
    0xfe, 0xa0, 0xf, 0xd9, 0xfa, 0x0, 0x8f, 0xf4,
    0x80, 0x7a, 0xbf, 0xce, 0x1, 0x67, 0xfb, 0xa1,
    0x99, 0x1d, 0xfe, 0xb0, 0xe, 0xaf, 0xff, 0xd2,
    0x1, 0xf2, 0x57, 0x7f, 0xb6, 0x4c, 0x3, 0x0,

    /* U+0109 "ĉ" */
    0x0, 0xe3, 0x0, 0xfe, 0x8f, 0x40, 0xf, 0x9b,
    0xf7, 0xcc, 0x3, 0x97, 0xe0, 0x2f, 0xcc, 0x3,
    0x3b, 0x0, 0x4e, 0xc0, 0x1f, 0xfc, 0x31, 0x9d,
    0xfe, 0xa3, 0x0, 0x8f, 0xff, 0xe6, 0x0, 0x77,
    0xea, 0x9, 0x5f, 0xf8, 0x9f, 0xfc, 0x20, 0x1b,
    0x2c, 0xef, 0xe8, 0x3, 0xf7, 0x7b, 0x80, 0x7e,
    0xef, 0x70, 0xf, 0xd7, 0xf4, 0x1, 0xf9, 0xff,
    0xc2, 0x1, 0xb6, 0xcc, 0x3b, 0xf5, 0x4, 0xef,
    0xfc, 0x20, 0x7f, 0xff, 0x30, 0x4, 0x33, 0xdf,
    0xd4, 0x60, 0x0,

    /* U+010A "Ċ" */
    0x0, 0xf4, 0xee, 0x80, 0x3f, 0xf8, 0x37, 0xfe,
    0x0, 0xff, 0xe0, 0xdf, 0xf8, 0x3, 0xff, 0xbe,
    0x95, 0xbf, 0xed, 0x93, 0x0, 0xfa, 0xbf, 0xff,
    0x50, 0x7, 0x67, 0xfb, 0xa1, 0x5a, 0x3b, 0xfd,
    0x60, 0x14, 0x7f, 0xa4, 0x3, 0xd5, 0xfe, 0x70,
    0x1f, 0xf5, 0x0, 0x7e, 0xcf, 0xd0, 0x6f, 0xf0,
    0x80, 0x7e, 0x24, 0x0, 0x57, 0xe0, 0x7, 0xff,
    0x7, 0x3e, 0x80, 0x3f, 0xf8, 0x3b, 0xf2, 0x1,
    0xff, 0xc1, 0xcf, 0xa0, 0xf, 0xfe, 0xd, 0x7e,
    0x0, 0x7f, 0xf0, 0x5b, 0xfc, 0x20, 0x1f, 0x8d,
    0x0, 0x3, 0xfe, 0xa0, 0xf, 0xd9, 0xfa, 0x0,
    0x8f, 0xf4, 0x80, 0x7a, 0xbf, 0xce, 0x1, 0x67,
    0xfb, 0xa1, 0x99, 0x1d, 0xfe, 0xb0, 0xe, 0xaf,
    0xff, 0xd2, 0x1, 0xf2, 0x57, 0x7f, 0xb6, 0x4c,
    0x3, 0x0,

    /* U+010B "ċ" */
    0x0, 0xdf, 0xeb, 0x0, 0xfd, 0xfe, 0xb0, 0xf,
    0xd9, 0xb2, 0x1, 0xff, 0xd0, 0x19, 0xdf, 0xea,
    0x30, 0x8, 0xff, 0xfe, 0x60, 0x7, 0x7e, 0xa0,
    0x95, 0xff, 0x89, 0xff, 0xc2, 0x1, 0xb2, 0xce,
    0xfe, 0x80, 0x3f, 0x77, 0xb8, 0x7, 0xee, 0xf7,
    0x0, 0xfd, 0x7f, 0x40, 0x1f, 0x9f, 0xfc, 0x20,
    0x1b, 0x6c, 0xc3, 0xbf, 0x50, 0x4e, 0xff, 0xc2,
    0x7, 0xff, 0xf3, 0x0, 0x43, 0x3d, 0xfd, 0x46,
    0x0,

    /* U+010C "Č" */
    0x0, 0xd1, 0xe8, 0x3, 0xb8, 0x1, 0xfe, 0x9e,
    0x3c, 0xc0, 0x80, 0x7f, 0xd3, 0xfa, 0x20, 0x1f,
    0xfc, 0x18, 0x10, 0xf, 0xfe, 0x7a, 0x56, 0xff,
    0xb6, 0x4c, 0x3, 0xea, 0xff, 0xfd, 0x40, 0x1d,
    0x9f, 0xee, 0x85, 0x68, 0xef, 0xf5, 0x80, 0x51,
    0xfe, 0x90, 0xf, 0x57, 0xf9, 0xc0, 0x7f, 0xd4,
    0x1, 0xfb, 0x3f, 0x41, 0xbf, 0xc2, 0x1, 0xf8,
    0x90, 0x1, 0x5f, 0x80, 0x1f, 0xfc, 0x1c, 0xfa,
    0x0, 0xff, 0xe0, 0xef, 0xc8, 0x7, 0xff, 0x7,
    0x3e, 0x80, 0x3f, 0xf8, 0x35, 0xf8, 0x1, 0xff,
    0xc1, 0x6f, 0xf0, 0x80, 0x7e, 0x34, 0x0, 0xf,
    0xfa, 0x80, 0x3f, 0x67, 0xe8, 0x2, 0x3f, 0xd2,
    0x1, 0xea, 0xff, 0x38, 0x5, 0x9f, 0xee, 0x86,
    0x64, 0x77, 0xfa, 0xc0, 0x3a, 0xbf, 0xff, 0x48,
    0x7, 0xc9, 0x5d, 0xfe, 0xd9, 0x30, 0xc,

    /* U+010D "č" */
    0x0, 0x67, 0x8, 0x1f, 0xc8, 0x7, 0x66, 0x9f,
    0x48, 0x7, 0xd9, 0xf4, 0x1, 0xf8, 0x60, 0x3,
    0xff, 0x8c, 0x33, 0xbf, 0xd4, 0x60, 0x11, 0xff,
    0xfc, 0xc0, 0xe, 0xfd, 0x41, 0x2b, 0xff, 0x13,
    0xff, 0x84, 0x3, 0x65, 0x9d, 0xfd, 0x0, 0x7e,
    0xef, 0x70, 0xf, 0xdd, 0xee, 0x1, 0xfa, 0xfe,
    0x80, 0x3f, 0x3f, 0xf8, 0x40, 0x36, 0xd9, 0x87,
    0x7e, 0xa0, 0x9d, 0xff, 0x84, 0xf, 0xff, 0xe6,
    0x0, 0x86, 0x7b, 0xfa, 0x8c, 0x0,

    /* U+010E "Ď" */
    0x0, 0x92, 0x8, 0x0, 0x90, 0x40, 0x1f, 0xb3,
    0x89, 0x7e, 0x40, 0x3f, 0xd9, 0xdf, 0x40, 0x1f,
    0xf0, 0xed, 0x0, 0x7f, 0xf0, 0x44, 0x3, 0xf1,
    0xff, 0xf7, 0x6c, 0xa0, 0x7, 0x1f, 0xff, 0xf6,
    0x8, 0x4, 0x7f, 0xe6, 0x33, 0x2b, 0xe7, 0xfb,
    0x88, 0x0, 0x7f, 0xe4, 0x0, 0xe5, 0xff, 0x68,
    0x0, 0xff, 0xc8, 0x1, 0xe5, 0xff, 0x28, 0x1f,
    0xf9, 0x0, 0x3e, 0xdf, 0xb0, 0x3f, 0xf2, 0x0,
    0x7d, 0x1f, 0xe0, 0x3f, 0xf2, 0x0, 0x7c, 0xdf,
    0xe1, 0x3f, 0xf2, 0x0, 0x7c, 0xbf, 0xe2, 0x3f,
    0xf2, 0x0, 0x7c, 0xdf, 0xe1, 0x3f, 0xf2, 0x0,
    0x7d, 0x1f, 0xe0, 0x3f, 0xf2, 0x0, 0x7d, 0xbf,
    0x80, 0x7f, 0xe4, 0x0, 0xf2, 0x7f, 0x9c, 0xf,
    0xfc, 0x80, 0x1c, 0x9f, 0xee, 0x0, 0x1f, 0xf9,
    0xd1, 0xa, 0xf9, 0xff, 0x18, 0x0, 0xff, 0xff,
    0xb4, 0xc0, 0x23, 0xff, 0xee, 0xda, 0x50, 0xe,

    /* U+010F "ď" */
    0x0, 0xfe, 0xff, 0x28, 0x27, 0xf8, 0x40, 0x3f,
    0xbf, 0xca, 0x11, 0xf4, 0x1, 0xfe, 0xff, 0x28,
    0x67, 0x98, 0x7, 0xfb, 0xfc, 0xa1, 0xf8, 0x1,
    0xff, 0x7f, 0x95, 0x3d, 0x40, 0x31, 0x4f, 0x7e,
    0xb0, 0x7f, 0x94, 0xe0, 0x3, 0x27, 0xff, 0xab,
    0xfc, 0xa0, 0x1c, 0x3d, 0xfe, 0x73, 0x34, 0xff,
    0xca, 0x1, 0xcf, 0xfe, 0x30, 0xd, 0x1f, 0xe5,
    0x0, 0xec, 0xfb, 0x0, 0xf7, 0xf9, 0x40, 0x3b,
    0x7d, 0xc0, 0x3d, 0xbe, 0xa0, 0x1d, 0xbf, 0x0,
    0x1e, 0xdf, 0x50, 0xe, 0xbf, 0xb0, 0xf, 0x7f,
    0x94, 0x3, 0x9f, 0xfc, 0x60, 0x1a, 0x3f, 0xca,
    0x1, 0xc3, 0xdf, 0xe7, 0x33, 0x4f, 0xfc, 0xa0,
    0x1e, 0x4f, 0xff, 0x4f, 0xf9, 0x40, 0x3e, 0x2a,
    0xef, 0xd6, 0xf, 0xf2, 0x80, 0x70,

    /* U+0110 "Đ" */
    0x3, 0xff, 0xee, 0xd9, 0x40, 0xf, 0x1f, 0xff,
    0xf6, 0x8, 0x6, 0x3f, 0xf3, 0x19, 0x95, 0xf3,
    0xfd, 0xc4, 0x1, 0x1f, 0xf9, 0x0, 0x39, 0x7f,
    0xda, 0x1, 0x1f, 0xf9, 0x0, 0x3c, 0xbf, 0xe5,
    0x0, 0x1f, 0xf9, 0x0, 0x3e, 0xdf, 0xb0, 0x1,
    0xff, 0x90, 0x3, 0xe8, 0xff, 0x0, 0xf, 0xfc,
    0x80, 0x1f, 0x37, 0xf8, 0x7b, 0xff, 0xc8, 0x1,
    0x97, 0xfc, 0x51, 0x9f, 0xed, 0x99, 0x10, 0x6,
    0x6f, 0xf0, 0x81, 0xff, 0x90, 0x3, 0xe8, 0xff,
    0x0, 0xf, 0xfc, 0x80, 0x1f, 0x6f, 0xe0, 0x0,
    0xff, 0xc8, 0x1, 0xe4, 0xff, 0x38, 0x0, 0xff,
    0xc8, 0x1, 0xc9, 0xfe, 0xe0, 0x8, 0xff, 0xce,
    0x88, 0x57, 0xcf, 0xf8, 0xc0, 0x23, 0xff, 0xfe,
    0xd3, 0x0, 0xc7, 0xff, 0xdd, 0xb4, 0xa0, 0x1c,

    /* U+0111 "đ" */
    0x0, 0xfe, 0xff, 0x28, 0x7, 0x8a, 0x66, 0xff,
    0x74, 0x0, 0x71, 0xff, 0xfc, 0x1, 0xfd, 0xfe,
    0x50, 0xf, 0xf7, 0xf9, 0x40, 0x22, 0x9e, 0xfd,
    0x60, 0xff, 0x28, 0x1, 0x3f, 0xfd, 0x5f, 0xe5,
    0x1, 0xef, 0xf3, 0x99, 0xa7, 0xfe, 0x50, 0x7f,
    0xf1, 0x80, 0x68, 0xff, 0x28, 0x67, 0xd8, 0x7,
    0xbf, 0xca, 0x1b, 0xee, 0x1, 0xed, 0xf5, 0xd,
    0xf8, 0x0, 0xf6, 0xfa, 0x85, 0xfd, 0x80, 0x7b,
    0xfc, 0xa0, 0xff, 0xe3, 0x0, 0xd1, 0xfe, 0x50,
    0x1e, 0xff, 0x39, 0x9a, 0x7f, 0xe5, 0x0, 0x27,
    0xff, 0xa7, 0xfc, 0xa0, 0x11, 0x57, 0x7e, 0xb0,
    0x7f, 0x94, 0x0,

    /* U+0112 "Ē" */
    0x0, 0x84, 0x7e, 0x0, 0xef, 0xff, 0x48, 0x7,
    0x22, 0x78, 0x80, 0x3f, 0xf8, 0x47, 0xff, 0xfe,
    0xd3, 0xff, 0xff, 0x69, 0xff, 0x98, 0x8b, 0xf1,
    0xff, 0x90, 0x3, 0xf1, 0xff, 0x90, 0x3, 0xf1,
    0xff, 0x90, 0x3, 0xf1, 0xff, 0x90, 0x3, 0xf1,
    0xff, 0xff, 0x88, 0xff, 0xff, 0xc4, 0x7f, 0xe6,
    0x22, 0xf8, 0xf, 0xfc, 0x80, 0x1f, 0x8f, 0xfc,
    0x80, 0x1f, 0x8f, 0xfc, 0x80, 0x1f, 0x8f, 0xfc,
    0x80, 0x1f, 0x8f, 0xfc, 0xc4, 0x5f, 0x8f, 0xff,
    0xfd, 0xa7, 0xff, 0xfe, 0xd0,

    /* U+0113 "ē" */
    0x0, 0x8, 0xfc, 0x1, 0xaf, 0xff, 0xb4, 0x3,
    0x1a, 0x27, 0x18, 0x7, 0xff, 0xc, 0xa7, 0xbf,
    0xa8, 0xc0, 0x23, 0xff, 0xf9, 0x40, 0x7b, 0xec,
    0x80, 0xab, 0xfc, 0x2f, 0xfa, 0x1, 0xd9, 0xf1,
    0x7f, 0x0, 0x1c, 0xff, 0x9d, 0xff, 0xfd, 0xbd,
    0xfb, 0x77, 0xf4, 0xe7, 0xc8, 0x7, 0xe7, 0xfe,
    0x10, 0xc, 0x22, 0x1, 0xef, 0xd5, 0x22, 0x37,
    0x68, 0x82, 0x7f, 0xfd, 0xa4, 0x0, 0x29, 0xef,
    0xec, 0x60, 0x0,

    /* U+0114 "Ĕ" */
    0x0, 0x27, 0xb0, 0x5, 0x7c, 0x1, 0x87, 0xf9,
    0x9, 0xfe, 0xc0, 0x39, 0x7b, 0xfe, 0xc1, 0x0,
    0xf8, 0xd0, 0x80, 0x31, 0xff, 0xff, 0xb4, 0xff,
    0xff, 0xda, 0x7f, 0xe6, 0x22, 0xfc, 0x7f, 0xe4,
    0x0, 0xfc, 0x7f, 0xe4, 0x0, 0xfc, 0x7f, 0xe4,
    0x0, 0xfc, 0x7f, 0xe4, 0x0, 0xfc, 0x7f, 0xff,
    0xe2, 0x3f, 0xff, 0xf1, 0x1f, 0xf9, 0x88, 0xbe,
    0x3, 0xff, 0x20, 0x7, 0xe3, 0xff, 0x20, 0x7,
    0xe3, 0xff, 0x20, 0x7, 0xe3, 0xff, 0x20, 0x7,
    0xe3, 0xff, 0x31, 0x17, 0xe3, 0xff, 0xff, 0x69,
    0xff, 0xff, 0xb4,

    /* U+0115 "ĕ" */
    0x0, 0x7c, 0x0, 0x4b, 0xe4, 0x1, 0x67, 0x20,
    0xa6, 0xf0, 0x6, 0x3d, 0xff, 0xb9, 0x0, 0x3c,
    0x48, 0x40, 0x1f, 0xfc, 0x52, 0x9e, 0xfe, 0xa3,
    0x0, 0x8f, 0xff, 0xe5, 0x1, 0xef, 0xb2, 0x2,
    0xaf, 0xf0, 0xbf, 0xe8, 0x7, 0x67, 0xc5, 0xfc,
    0x0, 0x73, 0xfe, 0x77, 0xff, 0xf6, 0xf7, 0xed,
    0xdf, 0xd3, 0x9f, 0x20, 0x1f, 0x9f, 0xf8, 0x40,
    0x30, 0x88, 0x7, 0xbf, 0x54, 0x88, 0xdd, 0xa2,
    0x9, 0xff, 0xf6, 0x90, 0x0, 0xa7, 0xbf, 0xb1,
    0x80, 0x0,

    /* U+0116 "Ė" */
    0x0, 0xed, 0xd4, 0x80, 0x7f, 0x7f, 0xa8, 0x3,
    0xfb, 0xfd, 0x40, 0x1f, 0xfd, 0x3, 0xff, 0xff,
    0x69, 0xff, 0xff, 0xb4, 0xff, 0xcc, 0x45, 0xf8,
    0xff, 0xc8, 0x1, 0xf8, 0xff, 0xc8, 0x1, 0xf8,
    0xff, 0xc8, 0x1, 0xf8, 0xff, 0xc8, 0x1, 0xf8,
    0xff, 0xff, 0xc4, 0x7f, 0xff, 0xe2, 0x3f, 0xf3,
    0x11, 0x7c, 0x7, 0xfe, 0x40, 0xf, 0xc7, 0xfe,
    0x40, 0xf, 0xc7, 0xfe, 0x40, 0xf, 0xc7, 0xfe,
    0x40, 0xf, 0xc7, 0xfe, 0x62, 0x2f, 0xc7, 0xff,
    0xfe, 0xd3, 0xff, 0xff, 0x68,

    /* U+0117 "ė" */
    0x0, 0xd9, 0xfc, 0x1, 0xfb, 0x3f, 0x80, 0x3f,
    0x56, 0xe0, 0x7, 0xff, 0x40, 0xa7, 0xbf, 0xa8,
    0xc0, 0x23, 0xff, 0xf9, 0x40, 0x7b, 0xec, 0x80,
    0xab, 0xfc, 0x2f, 0xfa, 0x1, 0xd9, 0xf1, 0x7f,
    0x0, 0x1c, 0xff, 0x9d, 0xff, 0xfd, 0xbd, 0xfb,
    0x77, 0xf4, 0xe7, 0xc8, 0x7, 0xe7, 0xfe, 0x10,
    0xc, 0x22, 0x1, 0xef, 0xd5, 0x22, 0x37, 0x68,
    0x82, 0x7f, 0xfd, 0xa4, 0x0, 0x29, 0xef, 0xec,
    0x60, 0x0,

    /* U+0118 "Ę" */
    0x3f, 0xff, 0xf6, 0x81, 0xff, 0xff, 0xb4, 0xf,
    0xfc, 0xc4, 0x5f, 0x80, 0xff, 0xc8, 0x1, 0xfc,
    0x7f, 0xe4, 0x0, 0xfe, 0x3f, 0xf2, 0x0, 0x7f,
    0x1f, 0xf9, 0x0, 0x3f, 0x8f, 0xfc, 0xc4, 0x5f,
    0x0, 0xf, 0xff, 0xfc, 0x40, 0x7f, 0xff, 0xe2,
    0x3, 0xff, 0x20, 0x7, 0xf1, 0xff, 0x90, 0x3,
    0xf8, 0xff, 0xc8, 0x1, 0xfc, 0x7f, 0xe4, 0x0,
    0xfe, 0x3f, 0xf3, 0x11, 0x7e, 0x3, 0xff, 0xff,
    0x68, 0x1f, 0xff, 0xfb, 0x80, 0x3f, 0xd5, 0xa4,
    0x1, 0xfd, 0x3a, 0x1, 0xff, 0x7b, 0x80, 0x7f,
    0xdd, 0x8d, 0x8e, 0x1, 0xf9, 0x37, 0xec, 0x80,

    /* U+0119 "ę" */
    0x0, 0x14, 0xf7, 0xf5, 0x10, 0x4, 0x7f, 0xff,
    0x20, 0xf, 0x7e, 0x10, 0xd, 0x7f, 0xb, 0xff,
    0x0, 0x76, 0xfb, 0xdf, 0xc0, 0x7, 0x3f, 0xdf,
    0x7e, 0xdd, 0xf7, 0xfb, 0x7b, 0xff, 0xfb, 0x73,
    0xe0, 0x3, 0xf3, 0xfe, 0x80, 0x78, 0x40, 0x7b,
    0xf1, 0x48, 0x8d, 0xba, 0x10, 0x4f, 0xff, 0xb4,
    0x80, 0x5, 0x3d, 0xfe, 0xd6, 0x0, 0xf3, 0x7a,
    0x80, 0x7c, 0x5e, 0xa0, 0x1f, 0x9f, 0xc0, 0x3f,
    0x97, 0xdd, 0xdc, 0x20, 0x1e, 0x9f, 0xe7, 0x0,
    0x80,

    /* U+011A "Ě" */
    0x0, 0x9d, 0x80, 0x27, 0x60, 0xe, 0x5f, 0x81,
    0xce, 0x20, 0xf, 0x37, 0xf7, 0x8, 0x3, 0xf3,
    0xf1, 0x80, 0x7f, 0x84, 0x3, 0x8f, 0xff, 0xfd,
    0xa7, 0xff, 0xfe, 0xd3, 0xff, 0x31, 0x17, 0xe3,
    0xff, 0x20, 0x7, 0xe3, 0xff, 0x20, 0x7, 0xe3,
    0xff, 0x20, 0x7, 0xe3, 0xff, 0x20, 0x7, 0xe3,
    0xff, 0xff, 0x11, 0xff, 0xff, 0x88, 0xff, 0xcc,
    0x45, 0xf0, 0x1f, 0xf9, 0x0, 0x3f, 0x1f, 0xf9,
    0x0, 0x3f, 0x1f, 0xf9, 0x0, 0x3f, 0x1f, 0xf9,
    0x0, 0x3f, 0x1f, 0xf9, 0x88, 0xbf, 0x1f, 0xff,
    0xfb, 0x4f, 0xff, 0xfd, 0xa0,

    /* U+011B "ě" */
    0x0, 0x57, 0x98, 0x17, 0x58, 0x7, 0x57, 0x1e,
    0xd8, 0x7, 0xd7, 0xf8, 0x1, 0xfd, 0x0, 0x1f,
    0xfc, 0x62, 0x9e, 0xfe, 0xa3, 0x0, 0x8f, 0xff,
    0xe5, 0x1, 0xef, 0xb2, 0x2, 0xaf, 0xf0, 0xbf,
    0xe8, 0x7, 0x67, 0xc5, 0xfc, 0x0, 0x73, 0xfe,
    0x77, 0xff, 0xf6, 0xf7, 0xed, 0xdf, 0xd3, 0x9f,
    0x20, 0x1f, 0x9f, 0xf8, 0x40, 0x30, 0x88, 0x7,
    0xbf, 0x54, 0x88, 0xdd, 0xa2, 0x9, 0xff, 0xf6,
    0x90, 0x0, 0xa7, 0xbf, 0xb1, 0x80, 0x0,

    /* U+011C "Ĝ" */
    0x0, 0xfa, 0x14, 0x3, 0xff, 0x82, 0xdf, 0xe4,
    0x0, 0xff, 0x97, 0xe2, 0xbc, 0xc0, 0x3f, 0x93,
    0xe4, 0x1, 0x7e, 0x60, 0x1f, 0xfc, 0xc4, 0xad,
    0xff, 0x6c, 0x98, 0x7, 0xd5, 0xff, 0xfa, 0x80,
    0x3b, 0x3f, 0xdd, 0xa, 0xd1, 0xdf, 0xec, 0x0,
    0xa3, 0xfd, 0x20, 0x1e, 0xaf, 0xf4, 0x0, 0xff,
    0xa8, 0x3, 0xf5, 0xfe, 0x3, 0x7f, 0x84, 0x3,
    0xf1, 0x18, 0x2, 0xbf, 0x0, 0x3f, 0xf8, 0x39,
    0xf4, 0x1, 0xe2, 0x2f, 0x6, 0xfc, 0x80, 0x72,
    0x7f, 0xf8, 0x73, 0xe8, 0x3, 0x93, 0xff, 0xc3,
    0x5f, 0x80, 0x1f, 0xc5, 0xfe, 0x16, 0xff, 0x8,
    0x7, 0xe5, 0xff, 0x8, 0xbf, 0xd4, 0x1, 0xfb,
    0x3f, 0xc2, 0x11, 0xfe, 0x90, 0xf, 0x4f, 0xfc,
    0x20, 0xc, 0xff, 0x74, 0x33, 0x23, 0xbf, 0xf0,
    0x80, 0x55, 0xff, 0xf6, 0xa7, 0xf8, 0x40, 0x32,
    0x57, 0x7f, 0xb1, 0xc0, 0xbf, 0xc2,

    /* U+011D "ĝ" */
    0x0, 0xe3, 0x90, 0xf, 0xf1, 0x7f, 0xa4, 0x3,
    0xf1, 0x76, 0x37, 0xc0, 0x7, 0x87, 0x74, 0x20,
    0xfe, 0xe0, 0x1f, 0xfc, 0x15, 0x20, 0xc, 0x97,
    0xdf, 0x8f, 0x1f, 0x80, 0x14, 0x7f, 0xfe, 0x40,
    0x1, 0x7f, 0xa0, 0x0, 0x9f, 0xe9, 0x0, 0x9f,
    0xf8, 0x3, 0x57, 0xd8, 0x4, 0xff, 0xc0, 0x1a,
    0xbe, 0xc0, 0x23, 0xff, 0x40, 0x1, 0x3f, 0xd0,
    0x1, 0xb7, 0xfe, 0xef, 0xf6, 0x88, 0x4, 0x7f,
    0xee, 0xe7, 0xec, 0x0, 0x75, 0xfb, 0x0, 0x7f,
    0xaf, 0xf5, 0x48, 0x3, 0xf2, 0x7f, 0xf6, 0x42,
    0x0, 0x74, 0xff, 0xfd, 0x80, 0x15, 0xfd, 0x0,
    0xa3, 0xe7, 0xf9, 0xc0, 0x7f, 0xc4, 0x1, 0xd9,
    0xf2, 0x0, 0xdf, 0xa0, 0xc, 0x3d, 0xee, 0x0,
    0x4f, 0xfb, 0x2f, 0x3f, 0xda, 0x1, 0x86, 0x37,
    0xfe, 0xc7, 0x0, 0x80,

    /* U+011E "Ğ" */
    0x0, 0xd7, 0xe0, 0x11, 0x7c, 0x0, 0x7e, 0x7f,
    0xa2, 0x3b, 0xf4, 0x0, 0xfe, 0xaf, 0xfd, 0x0,
    0x1f, 0xf0, 0x99, 0x84, 0x3, 0xfc, 0x95, 0xbf,
    0xed, 0x93, 0x0, 0xfa, 0xbf, 0xff, 0x50, 0x7,
    0x67, 0xfb, 0xa1, 0x5a, 0x3b, 0xfd, 0x80, 0x14,
    0x7f, 0xa4, 0x3, 0xd5, 0xfe, 0x80, 0x1f, 0xf5,
    0x0, 0x7e, 0xbf, 0xc0, 0x6f, 0xf0, 0x80, 0x7e,
    0x23, 0x0, 0x57, 0xe0, 0x7, 0xff, 0x7, 0x3e,
    0x80, 0x3c, 0x45, 0xe0, 0xdf, 0x90, 0xe, 0x4f,
    0xff, 0xe, 0x7d, 0x0, 0x72, 0x7f, 0xf8, 0x6b,
    0xf0, 0x3, 0xf8, 0xbf, 0xc2, 0xdf, 0xe1, 0x0,
    0xfc, 0xbf, 0xe1, 0x17, 0xfa, 0x80, 0x3f, 0x67,
    0xf8, 0x42, 0x3f, 0xd2, 0x1, 0xe9, 0xff, 0x84,
    0x1, 0x9f, 0xee, 0x86, 0x64, 0x77, 0xfe, 0x10,
    0xa, 0xbf, 0xfe, 0xd4, 0xff, 0x8, 0x6, 0x4a,
    0xef, 0xf6, 0x38, 0x17, 0xf8, 0x40,

    /* U+011F "ğ" */
    0x0, 0x37, 0x90, 0x5, 0x5a, 0x1, 0xc5, 0xf6,
    0x64, 0xdf, 0x20, 0x1e, 0x6f, 0xfd, 0x62, 0x1,
    0xf8, 0xcc, 0x20, 0x1f, 0xfc, 0x39, 0x40, 0xc,
    0x97, 0xdf, 0x8f, 0x7f, 0xa0, 0x14, 0x7f, 0xfe,
    0x40, 0x1, 0x7f, 0xa0, 0x0, 0x9f, 0xe9, 0x0,
    0x9f, 0xf8, 0x3, 0x57, 0xd8, 0x4, 0xff, 0xc0,
    0x1a, 0xbe, 0xc0, 0x23, 0xff, 0x40, 0x1, 0x3f,
    0xd0, 0x1, 0xb7, 0xfe, 0xef, 0xf6, 0x88, 0x4,
    0x7f, 0xee, 0xe7, 0xec, 0x0, 0x75, 0xfb, 0x0,
    0x7f, 0xaf, 0xf5, 0x48, 0x3, 0xf2, 0x7f, 0xf6,
    0x42, 0x0, 0x74, 0xff, 0xfd, 0x80, 0x15, 0xfd,
    0x0, 0xa3, 0xe7, 0xf9, 0xc0, 0x7f, 0xc4, 0x1,
    0xd9, 0xf2, 0x0, 0xdf, 0xa0, 0xc, 0x3d, 0xee,
    0x0, 0x4f, 0xfb, 0x2f, 0x3f, 0xda, 0x1, 0x86,
    0x37, 0xfe, 0xc7, 0x0, 0x80,

    /* U+0120 "Ġ" */
    0x0, 0xf2, 0xee, 0x8c, 0x3, 0xff, 0x80, 0xdf,
    0xe4, 0x0, 0xff, 0xe0, 0x37, 0xf9, 0x0, 0x3f,
    0xfb, 0xc9, 0x5b, 0xfe, 0xd9, 0x30, 0xf, 0xab,
    0xff, 0xf5, 0x0, 0x76, 0x7f, 0xba, 0x15, 0xa3,
    0xbf, 0xd8, 0x1, 0x47, 0xfa, 0x40, 0x3d, 0x5f,
    0xe8, 0x1, 0xff, 0x50, 0x7, 0xeb, 0xfc, 0x6,
    0xff, 0x8, 0x7, 0xe2, 0x30, 0x5, 0x7e, 0x0,
    0x7f, 0xf0, 0x73, 0xe8, 0x3, 0xc4, 0x5e, 0xd,
    0xf9, 0x0, 0xe4, 0xff, 0xf0, 0xe7, 0xd0, 0x7,
    0x27, 0xff, 0x86, 0xbf, 0x0, 0x3f, 0x8b, 0xfc,
    0x2d, 0xfe, 0x10, 0xf, 0xcb, 0xfe, 0x11, 0x7f,
    0xa8, 0x3, 0xf6, 0x7f, 0x84, 0x23, 0xfd, 0x20,
    0x1e, 0x9f, 0xf8, 0x40, 0x19, 0xfe, 0xe8, 0x66,
    0x47, 0x7f, 0xe1, 0x0, 0xab, 0xff, 0xed, 0x4f,
    0xf0, 0x80, 0x64, 0xae, 0xff, 0x63, 0x81, 0x7f,
    0x84,

    /* U+0121 "ġ" */
    0x0, 0xc3, 0xfe, 0x90, 0xf, 0xe1, 0xff, 0x48,
    0x7, 0xf0, 0xee, 0x9c, 0x3, 0xff, 0xa0, 0xe6,
    0x1, 0x92, 0xfb, 0xf1, 0xeb, 0xf4, 0x2, 0x8f,
    0xff, 0xc8, 0x0, 0x2f, 0xf4, 0x0, 0x13, 0xfd,
    0x20, 0x13, 0xff, 0x0, 0x6a, 0xfb, 0x0, 0x9f,
    0xf8, 0x3, 0x57, 0xd8, 0x4, 0x7f, 0xe8, 0x0,
    0x27, 0xfa, 0x0, 0x36, 0xff, 0xdd, 0xfe, 0xd1,
    0x0, 0x8f, 0xfd, 0xdc, 0xfd, 0x80, 0xe, 0xbf,
    0x60, 0xf, 0xf5, 0xfe, 0xa9, 0x0, 0x7e, 0x4f,
    0xfe, 0xc8, 0x40, 0xe, 0x9f, 0xff, 0xb0, 0x2,
    0xbf, 0xa0, 0x14, 0x7c, 0xff, 0x38, 0xf, 0xf8,
    0x80, 0x3b, 0x3e, 0x40, 0x1b, 0xf4, 0x1, 0x87,
    0xbd, 0xc0, 0x9, 0xff, 0x65, 0xe7, 0xfb, 0x40,
    0x30, 0xc6, 0xff, 0xd8, 0xe0, 0x10,

    /* U+0122 "Ģ" */
    0x0, 0xc9, 0x5b, 0xfe, 0xd9, 0x30, 0xf, 0xab,
    0xff, 0xf5, 0x0, 0x76, 0x7f, 0xba, 0x15, 0xa3,
    0xbf, 0xd6, 0x1, 0x47, 0xfa, 0x40, 0x3d, 0x5f,
    0xe7, 0x1, 0xff, 0x50, 0x7, 0xec, 0xfd, 0x6,
    0xff, 0x8, 0x7, 0xe3, 0x40, 0x5, 0x7e, 0x0,
    0x7f, 0xf0, 0x73, 0xe8, 0x3, 0xff, 0x83, 0xbf,
    0x20, 0x1c, 0x9f, 0xfe, 0x1c, 0xfa, 0x0, 0xe4,
    0xff, 0xf0, 0xd7, 0xe0, 0x7, 0x88, 0xa5, 0xff,
    0xb, 0x7f, 0x84, 0x3, 0xf2, 0xff, 0x84, 0x5f,
    0xea, 0x0, 0xfd, 0x9f, 0xe1, 0x8, 0xff, 0x48,
    0x7, 0xa7, 0xfe, 0x10, 0x6, 0x7f, 0xba, 0x19,
    0x91, 0xbf, 0xf8, 0x40, 0x2a, 0xff, 0xfb, 0x57,
    0xfc, 0x20, 0x19, 0x2b, 0xbf, 0xd8, 0xe0, 0x5f,
    0xe1, 0x0, 0xff, 0xe5, 0x3f, 0x58, 0x7, 0xff,
    0x7, 0xbc, 0x80, 0x3f, 0xf8, 0xf, 0xea, 0x1,
    0xff, 0xc1, 0xea, 0x0, 0xfe,

    /* U+0123 "ģ" */
    0x0, 0xf3, 0x79, 0x0, 0x7f, 0x1f, 0xd0, 0x7,
    0xf0, 0xef, 0x98, 0x7, 0xf3, 0xe4, 0x80, 0x7f,
    0xf1, 0x14, 0x80, 0x32, 0x5f, 0x7e, 0x3c, 0xfe,
    0x80, 0x51, 0xff, 0xf9, 0x0, 0x5, 0xfe, 0x80,
    0x2, 0x7f, 0xa4, 0x2, 0x7f, 0xe0, 0xd, 0x5f,
    0x60, 0x13, 0xff, 0x0, 0x6a, 0xfb, 0x0, 0x8f,
    0xfd, 0x0, 0x4, 0xff, 0x40, 0x6, 0xdf, 0xfb,
    0xbf, 0xda, 0x20, 0x11, 0xff, 0xbb, 0x9f, 0xb0,
    0x1, 0xd7, 0xec, 0x1, 0xfe, 0xbf, 0xd5, 0x20,
    0xf, 0xc9, 0xff, 0xd9, 0x8, 0x1, 0xd3, 0xff,
    0xf6, 0x0, 0x57, 0xf4, 0x2, 0x8f, 0x9f, 0xe7,
    0x1, 0xff, 0x10, 0x7, 0x67, 0xc8, 0x3, 0x7e,
    0x80, 0x30, 0xf7, 0xb8, 0x1, 0x3f, 0xec, 0xbc,
    0xff, 0x68, 0x6, 0x18, 0xdf, 0xfb, 0x1c, 0x2,

    /* U+0124 "Ĥ" */
    0x0, 0xf2, 0x48, 0x7, 0xfc, 0x7f, 0xe8, 0x0,
    0xfe, 0x2e, 0xc6, 0xf7, 0x0, 0xf8, 0xbb, 0x40,
    0x11, 0xec, 0x1, 0xff, 0xc5, 0x3f, 0xf2, 0x0,
    0x7d, 0xbf, 0x27, 0xfe, 0x40, 0xf, 0xb7, 0xe4,
    0xff, 0xc8, 0x1, 0xf6, 0xfc, 0x9f, 0xf9, 0x0,
    0x3e, 0xdf, 0x93, 0xff, 0x20, 0x7, 0xdb, 0xf2,
    0x7f, 0xe4, 0x0, 0xfb, 0x7e, 0x4f, 0xfc, 0x80,
    0x1f, 0x6f, 0xc9, 0xff, 0xff, 0xf0, 0x24, 0xff,
    0xff, 0xf8, 0x12, 0x7f, 0xe7, 0x44, 0xfb, 0xbe,
    0x4f, 0xfc, 0x80, 0x1f, 0x6f, 0xc9, 0xff, 0x90,
    0x3, 0xed, 0xf9, 0x3f, 0xf2, 0x0, 0x7d, 0xbf,
    0x27, 0xfe, 0x40, 0xf, 0xb7, 0xe4, 0xff, 0xc8,
    0x1, 0xf6, 0xfc, 0x9f, 0xf9, 0x0, 0x3e, 0xdf,
    0x93, 0xff, 0x20, 0x7, 0xdb, 0xf2,

    /* U+0125 "ĥ" */
    0x0, 0xa5, 0x0, 0x3f, 0xd1, 0xfe, 0x30, 0xf,
    0xcf, 0xef, 0x7c, 0x40, 0x1e, 0x6f, 0x80, 0x6,
    0xf1, 0x0, 0x7f, 0xf2, 0x1b, 0xfc, 0x1, 0xfe,
    0x6f, 0xf0, 0x7, 0xf9, 0xbf, 0xc0, 0x1f, 0xe6,
    0xff, 0x0, 0x7f, 0x9b, 0xfc, 0x1, 0xfe, 0x6f,
    0xf0, 0x3e, 0xff, 0x48, 0x80, 0x4d, 0xfe, 0xbf,
    0xfe, 0xd0, 0x9, 0xbf, 0xe7, 0x12, 0x9f, 0xf3,
    0x80, 0x1b, 0xfd, 0x0, 0x1b, 0xbe, 0x80, 0xd,
    0xfe, 0x20, 0xd, 0x5f, 0x80, 0x6, 0xff, 0x0,
    0x74, 0xfe, 0x0, 0x1b, 0xfc, 0x1, 0xd3, 0xf8,
    0x0, 0x6f, 0xf0, 0x7, 0x4f, 0xe0, 0x1, 0xbf,
    0xc0, 0x1d, 0x3f, 0x80, 0x6, 0xff, 0x0, 0x74,
    0xfe, 0x0, 0x1b, 0xfc, 0x1, 0xd3, 0xf8, 0x0,
    0x6f, 0xf0, 0x7, 0x4f, 0xe0,

    /* U+0126 "Ħ" */
    0x3, 0xff, 0x20, 0x7, 0xdb, 0xf2, 0x0, 0x3f,
    0xf2, 0x0, 0x7d, 0xbf, 0x20, 0x4, 0xff, 0x28,
    0x8f, 0xdf, 0xeb, 0x19, 0xff, 0xff, 0xe1, 0x93,
    0xff, 0xa1, 0x13, 0xef, 0xf7, 0x20, 0x1f, 0xf9,
    0x0, 0x3e, 0xdf, 0x90, 0x1, 0xff, 0x90, 0x3,
    0xed, 0xf9, 0x0, 0x1f, 0xff, 0xff, 0x2, 0x40,
    0x7, 0xff, 0xff, 0xc0, 0x90, 0x1, 0xff, 0x9d,
    0x13, 0xee, 0xf9, 0x0, 0x1f, 0xf9, 0x0, 0x3e,
    0xdf, 0x90, 0x1, 0xff, 0x90, 0x3, 0xed, 0xf9,
    0x0, 0x1f, 0xf9, 0x0, 0x3e, 0xdf, 0x90, 0x1,
    0xff, 0x90, 0x3, 0xed, 0xf9, 0x0, 0x1f, 0xf9,
    0x0, 0x3e, 0xdf, 0x90, 0x1, 0xff, 0x90, 0x3,
    0xed, 0xf9, 0x0, 0x1f, 0xf9, 0x0, 0x3e, 0xdf,
    0x90,

    /* U+0127 "ħ" */
    0x6, 0xff, 0x0, 0x7f, 0x37, 0xf8, 0x3, 0xf4,
    0xff, 0xfa, 0x40, 0x32, 0xff, 0xd3, 0x32, 0x80,
    0x73, 0x7f, 0x80, 0x3f, 0x9b, 0xfc, 0xf, 0xbf,
    0xd2, 0x20, 0x6, 0xff, 0x5f, 0xff, 0x68, 0x1,
    0xbf, 0xe7, 0x12, 0x9f, 0xf3, 0x83, 0x7f, 0xa0,
    0x3, 0x77, 0xd0, 0x37, 0xf8, 0x80, 0x35, 0x7e,
    0x3, 0x7f, 0x80, 0x3a, 0x7f, 0x1, 0xbf, 0xc0,
    0x1d, 0x3f, 0x80, 0xdf, 0xe0, 0xe, 0x9f, 0xc0,
    0x6f, 0xf0, 0x7, 0x4f, 0xe0, 0x37, 0xf8, 0x3,
    0xa7, 0xf0, 0x1b, 0xfc, 0x1, 0xd3, 0xf8, 0xd,
    0xfe, 0x0, 0xe9, 0xfc,

    /* U+0128 "Ĩ" */
    0x0, 0xfc, 0x39, 0xf6, 0x0, 0x8d, 0x9e, 0x5e,
    0xb2, 0xda, 0xd8, 0x2, 0xef, 0xe2, 0x31, 0x0,
    0x88, 0x3, 0x1f, 0xf9, 0x0, 0x31, 0xff, 0x90,
    0x3, 0x1f, 0xf9, 0x0, 0x31, 0xff, 0x90, 0x3,
    0x1f, 0xf9, 0x0, 0x31, 0xff, 0x90, 0x3, 0x1f,
    0xf9, 0x0, 0x31, 0xff, 0x90, 0x3, 0x1f, 0xf9,
    0x0, 0x31, 0xff, 0x90, 0x3, 0x1f, 0xf9, 0x0,
    0x31, 0xff, 0x90, 0x3, 0x1f, 0xf9, 0x0, 0x31,
    0xff, 0x90, 0x3, 0x1f, 0xf9, 0x0, 0x31, 0xff,
    0x90, 0x3, 0x1f, 0xf9, 0x0, 0x0,

    /* U+0129 "ĩ" */
    0x2, 0xcf, 0x80, 0x6, 0x50, 0x66, 0xcf, 0xca,
    0x7b, 0x8f, 0xa8, 0x3f, 0xfb, 0x44, 0x14, 0x40,
    0x4, 0x80, 0x1f, 0xfc, 0x26, 0xff, 0x0, 0x79,
    0xbf, 0xc0, 0x1e, 0x6f, 0xf0, 0x7, 0x9b, 0xfc,
    0x1, 0xe6, 0xff, 0x0, 0x79, 0xbf, 0xc0, 0x1e,
    0x6f, 0xf0, 0x7, 0x9b, 0xfc, 0x1, 0xe6, 0xff,
    0x0, 0x79, 0xbf, 0xc0, 0x1e, 0x6f, 0xf0, 0x7,
    0x9b, 0xfc, 0x1, 0x0,

    /* U+012A "Ī" */
    0x1, 0x1f, 0x1, 0xff, 0xf9, 0x45, 0x13, 0xc2,
    0x1, 0xfe, 0x3f, 0xf2, 0x0, 0x63, 0xff, 0x20,
    0x6, 0x3f, 0xf2, 0x0, 0x63, 0xff, 0x20, 0x6,
    0x3f, 0xf2, 0x0, 0x63, 0xff, 0x20, 0x6, 0x3f,
    0xf2, 0x0, 0x63, 0xff, 0x20, 0x6, 0x3f, 0xf2,
    0x0, 0x63, 0xff, 0x20, 0x6, 0x3f, 0xf2, 0x0,
    0x63, 0xff, 0x20, 0x6, 0x3f, 0xf2, 0x0, 0x63,
    0xff, 0x20, 0x6, 0x3f, 0xf2, 0x0, 0x63, 0xff,
    0x20, 0x6, 0x3f, 0xf2, 0x0, 0x0,

    /* U+012B "ī" */
    0x1, 0x1f, 0x4, 0x7f, 0xf8, 0x9, 0x13, 0xc0,
    0x1f, 0xf3, 0x7f, 0x80, 0x39, 0xbf, 0xc0, 0x1c,
    0xdf, 0xe0, 0xe, 0x6f, 0xf0, 0x7, 0x37, 0xf8,
    0x3, 0x9b, 0xfc, 0x1, 0xcd, 0xfe, 0x0, 0xe6,
    0xff, 0x0, 0x73, 0x7f, 0x80, 0x39, 0xbf, 0xc0,
    0x1c, 0xdf, 0xe0, 0xe, 0x6f, 0xf0, 0x4,

    /* U+012C "Ĭ" */
    0x9f, 0x10, 0xb, 0xe9, 0x7e, 0xcc, 0xab, 0xd8,
    0x23, 0xff, 0x48, 0x4, 0x26, 0x61, 0x0, 0xc7,
    0xfe, 0x40, 0xc, 0x7f, 0xe4, 0x0, 0xc7, 0xfe,
    0x40, 0xc, 0x7f, 0xe4, 0x0, 0xc7, 0xfe, 0x40,
    0xc, 0x7f, 0xe4, 0x0, 0xc7, 0xfe, 0x40, 0xc,
    0x7f, 0xe4, 0x0, 0xc7, 0xfe, 0x40, 0xc, 0x7f,
    0xe4, 0x0, 0xc7, 0xfe, 0x40, 0xc, 0x7f, 0xe4,
    0x0, 0xc7, 0xfe, 0x40, 0xc, 0x7f, 0xe4, 0x0,
    0xc7, 0xfe, 0x40, 0xc, 0x7f, 0xe4, 0x0, 0xc7,
    0xfe, 0x40, 0x0,

    /* U+012D "ĭ" */
    0xdb, 0x0, 0x8b, 0xd6, 0x7d, 0x88, 0xef, 0xc8,
    0x6f, 0xff, 0x30, 0x4, 0x26, 0x60, 0xf, 0xfe,
    0xb, 0x7f, 0x80, 0x39, 0xbf, 0xc0, 0x1c, 0xdf,
    0xe0, 0xe, 0x6f, 0xf0, 0x7, 0x37, 0xf8, 0x3,
    0x9b, 0xfc, 0x1, 0xcd, 0xfe, 0x0, 0xe6, 0xff,
    0x0, 0x73, 0x7f, 0x80, 0x39, 0xbf, 0xc0, 0x1c,
    0xdf, 0xe0, 0xe, 0x6f, 0xf0, 0x4,

    /* U+012E "Į" */
    0x3, 0xff, 0x20, 0x0, 0xff, 0xc8, 0x0, 0x3f,
    0xf2, 0x0, 0xf, 0xfc, 0x80, 0x3, 0xff, 0x20,
    0x0, 0xff, 0xc8, 0x0, 0x3f, 0xf2, 0x0, 0xf,
    0xfc, 0x80, 0x3, 0xff, 0x20, 0x0, 0xff, 0xc8,
    0x0, 0x3f, 0xf2, 0x0, 0xf, 0xfc, 0x80, 0x3,
    0xff, 0x20, 0x0, 0xff, 0xc8, 0x0, 0x3f, 0xf2,
    0x0, 0xf, 0xfc, 0x80, 0x3, 0xff, 0x20, 0x1,
    0x79, 0x80, 0x7, 0xe8, 0x1, 0x4e, 0x80, 0x68,
    0xf6, 0x9c, 0x1, 0xbf, 0xd5, 0x0,

    /* U+012F "į" */
    0x9, 0xff, 0x8, 0x4f, 0xf8, 0x41, 0xf7, 0x42,
    0x1, 0xff, 0x37, 0xf8, 0x0, 0xdf, 0xe0, 0x3,
    0x7f, 0x80, 0xd, 0xfe, 0x0, 0x37, 0xf8, 0x0,
    0xdf, 0xe0, 0x3, 0x7f, 0x80, 0xd, 0xfe, 0x0,
    0x37, 0xf8, 0x0, 0xdf, 0xe0, 0x3, 0x7f, 0x80,
    0xd, 0xfe, 0x0, 0x4e, 0x98, 0x47, 0x8, 0x3,
    0xa0, 0x2, 0xdd, 0x35, 0xc1, 0xef, 0xe1, 0x0,

    /* U+0130 "İ" */
    0x4d, 0xd2, 0xa7, 0xf9, 0x93, 0xfc, 0xc0, 0x1f,
    0x8f, 0xfc, 0x87, 0xfe, 0x43, 0xff, 0x21, 0xff,
    0x90, 0xff, 0xc8, 0x7f, 0xe4, 0x3f, 0xf2, 0x1f,
    0xf9, 0xf, 0xfc, 0x87, 0xfe, 0x43, 0xff, 0x21,
    0xff, 0x90, 0xff, 0xc8, 0x7f, 0xe4, 0x3f, 0xf2,
    0x1f, 0xf9, 0xf, 0xfc, 0x80,

    /* U+0131 "ı" */
    0x6f, 0xf3, 0x7f, 0x9b, 0xfc, 0xdf, 0xe6, 0xff,
    0x37, 0xf9, 0xbf, 0xcd, 0xfe, 0x6f, 0xf3, 0x7f,
    0x9b, 0xfc, 0xdf, 0xe0,

    /* U+0132 "Ĳ" */
    0x3f, 0xf2, 0x0, 0x49, 0xff, 0xfa, 0xcf, 0xfc,
    0x80, 0x12, 0x7f, 0xfe, 0xb3, 0xff, 0x20, 0x6,
    0x22, 0xf6, 0x7d, 0x9f, 0xf9, 0x0, 0x3f, 0xd9,
    0xf6, 0x7f, 0xe4, 0x0, 0xff, 0x67, 0xd9, 0xff,
    0x90, 0x3, 0xfd, 0x9f, 0x67, 0xfe, 0x40, 0xf,
    0xf6, 0x7d, 0x9f, 0xf9, 0x0, 0x3f, 0xd9, 0xf6,
    0x7f, 0xe4, 0x0, 0xff, 0x67, 0xd9, 0xff, 0x90,
    0x3, 0xfd, 0x9f, 0x67, 0xfe, 0x40, 0xf, 0xf6,
    0x7d, 0x1f, 0xf9, 0x0, 0x5e, 0x44, 0x3, 0xb7,
    0xe4, 0xff, 0xc8, 0x7, 0xfe, 0x40, 0xe, 0xff,
    0x41, 0xff, 0x90, 0x1, 0xdf, 0x60, 0x19, 0xbf,
    0xc6, 0x6f, 0xf2, 0x0, 0x1f, 0xfd, 0x6a, 0x91,
    0xfe, 0xc0, 0x3f, 0xf2, 0x0, 0x55, 0xff, 0xee,
    0x20, 0x3f, 0xf2, 0x0, 0x65, 0xcf, 0xf6, 0xc0,
    0x80, 0x0,

    /* U+0133 "ĳ" */
    0x9f, 0xf0, 0x80, 0x3f, 0xd7, 0x3f, 0xe1, 0x0,
    0x7f, 0xad, 0xf7, 0x42, 0x0, 0xcd, 0x90, 0xf,
    0xfe, 0x33, 0x7f, 0x80, 0x2d, 0xf8, 0x6f, 0xf0,
    0x5, 0xbf, 0xd, 0xfe, 0x0, 0xb7, 0xe1, 0xbf,
    0xc0, 0x16, 0xfc, 0x37, 0xf8, 0x2, 0xdf, 0x86,
    0xff, 0x0, 0x5b, 0xf0, 0xdf, 0xe0, 0xb, 0x7e,
    0x1b, 0xfc, 0x1, 0x6f, 0xc3, 0x7f, 0x80, 0x2d,
    0xf8, 0x6f, 0xf0, 0x5, 0xbf, 0xd, 0xfe, 0x0,
    0xb7, 0xe1, 0xbf, 0xc0, 0x16, 0xfc, 0x0, 0x7b,
    0x7e, 0x0, 0x3d, 0xbf, 0x0, 0x18, 0xd3, 0xfc,
    0xe0, 0x1b, 0xff, 0x20, 0x6, 0xcf, 0xe7, 0x0,

    /* U+0134 "Ĵ" */
    0x0, 0xf2, 0x48, 0x7, 0xf1, 0xff, 0xa0, 0x3,
    0xe3, 0xfb, 0x7f, 0x70, 0xe, 0x2e, 0xc0, 0x4,
    0x7a, 0x80, 0x7f, 0xf0, 0xd7, 0xff, 0xf5, 0x0,
    0x17, 0xff, 0xf5, 0x0, 0x44, 0x5e, 0xdf, 0xa0,
    0xf, 0xed, 0xfa, 0x0, 0xfe, 0xdf, 0xa0, 0xf,
    0xed, 0xfa, 0x0, 0xfe, 0xdf, 0xa0, 0xf, 0xed,
    0xfa, 0x0, 0xfe, 0xdf, 0xa0, 0xf, 0xed, 0xfa,
    0x0, 0xfe, 0xdf, 0xa2, 0x79, 0x0, 0xf7, 0x7c,
    0x9f, 0xf8, 0xc0, 0x30, 0xff, 0x9c, 0x3f, 0xd6,
    0x1, 0x9f, 0xfc, 0x41, 0x1f, 0xeb, 0x54, 0x8f,
    0xf5, 0x80, 0x57, 0xff, 0xed, 0x10, 0xc, 0xd9,
    0xfe, 0xd8, 0x10, 0x0,

    /* U+0135 "ĵ" */
    0x0, 0xa5, 0x0, 0x3a, 0x3f, 0xc6, 0x1, 0x3f,
    0xb6, 0x71, 0x3, 0x7c, 0x0, 0x37, 0x88, 0x3,
    0xfc, 0xdf, 0xe0, 0xe, 0x6f, 0xf0, 0x7, 0x37,
    0xf8, 0x3, 0x9b, 0xfc, 0x1, 0xcd, 0xfe, 0x0,
    0xe6, 0xff, 0x0, 0x73, 0x7f, 0x80, 0x39, 0xbf,
    0xc0, 0x1c, 0xdf, 0xe0, 0xe, 0x6f, 0xf0, 0x7,
    0x37, 0xf8, 0x3, 0x9b, 0xfc, 0x1, 0xcd, 0xfe,
    0x0, 0xe6, 0xff, 0x0, 0x44, 0x77, 0xfc, 0x1,
    0x4f, 0xfd, 0x40, 0x13, 0xf7, 0xd8, 0x80, 0x40,

    /* U+0136 "Ķ" */
    0x3f, 0xf2, 0x0, 0x7a, 0xff, 0xd0, 0x7, 0xfe,
    0x40, 0xe, 0xaf, 0xf4, 0x0, 0xf, 0xfc, 0x80,
    0x1a, 0x7f, 0xd2, 0x1, 0x1f, 0xf9, 0x0, 0x28,
    0xff, 0x48, 0x6, 0x3f, 0xf2, 0x0, 0x1f, 0xfd,
    0x40, 0x1c, 0x7f, 0xe4, 0x6, 0xff, 0x50, 0x7,
    0x8f, 0xfc, 0x8d, 0xff, 0x0, 0x7c, 0x7f, 0xe9,
    0xff, 0xc6, 0x1, 0xe3, 0xff, 0xdd, 0xfe, 0xc0,
    0xf, 0x1f, 0xfd, 0x80, 0xff, 0xe6, 0x0, 0xe3,
    0xff, 0x80, 0x2d, 0xff, 0x8, 0x6, 0x3f, 0xf2,
    0x80, 0x47, 0xfe, 0xa0, 0xc, 0x7f, 0xe4, 0x0,
    0xd3, 0xfe, 0x40, 0x8, 0xff, 0xc8, 0x1, 0x87,
    0xbf, 0x40, 0x23, 0xff, 0x20, 0x7, 0x2f, 0xfa,
    0x0, 0x7, 0xfe, 0x40, 0xf, 0x5f, 0xf8, 0x80,
    0xff, 0xc8, 0x1, 0xe2, 0xff, 0x58, 0x7, 0xff,
    0x25, 0xe9, 0xc0, 0x3f, 0xe1, 0xfe, 0x20, 0xf,
    0xfa, 0x7d, 0x0, 0x3f, 0xe1, 0xf7, 0x0, 0xfe,

    /* U+0137 "ķ" */
    0x6f, 0xf0, 0x7, 0xf3, 0x7f, 0x80, 0x3f, 0x9b,
    0xfc, 0x1, 0xfc, 0xdf, 0xe0, 0xf, 0xe6, 0xff,
    0x0, 0x7f, 0x37, 0xf8, 0x3, 0x4f, 0xf9, 0x81,
    0xbf, 0xc0, 0x14, 0x7f, 0x9c, 0x0, 0xdf, 0xe0,
    0x3, 0xff, 0xa0, 0x2, 0x6f, 0xf0, 0x37, 0xfa,
    0x0, 0x33, 0x7f, 0x9b, 0xfd, 0xa0, 0x1c, 0xdf,
    0xfe, 0x40, 0xc, 0xdf, 0xf4, 0x67, 0xf0, 0x6,
    0x6f, 0xf5, 0x1, 0x7f, 0xa4, 0x2, 0x6f, 0xf0,
    0x5, 0x1f, 0xe3, 0x0, 0x37, 0xf8, 0x3, 0x6f,
    0xe8, 0x1, 0xbf, 0xc0, 0x19, 0x3f, 0xd0, 0xd,
    0xfe, 0x0, 0xe9, 0xff, 0x10, 0x7, 0xff, 0x12,
    0x29, 0x80, 0x3f, 0x1f, 0xe8, 0x80, 0x7e, 0xbf,
    0x20, 0xf, 0xc7, 0xea, 0x1, 0xf0,

    /* U+0138 "ĸ" */
    0x6f, 0xf0, 0x6, 0x9f, 0xf3, 0x3, 0x7f, 0x80,
    0x28, 0xff, 0x38, 0x1, 0xbf, 0xc0, 0x7, 0xff,
    0x38, 0x4, 0xdf, 0xe0, 0x7f, 0xf4, 0x0, 0x66,
    0xff, 0x37, 0xfb, 0x40, 0x39, 0xbf, 0xfc, 0x80,
    0x19, 0xbf, 0xe8, 0xcf, 0xe0, 0xc, 0xdf, 0xe9,
    0x3, 0xff, 0x48, 0x4, 0xdf, 0xe0, 0xa, 0x3f,
    0xc6, 0x0, 0x6f, 0xf0, 0x6, 0xdf, 0xd0, 0x3,
    0x7f, 0x80, 0x32, 0x7f, 0x9c, 0x1b, 0xfc, 0x1,
    0xd5, 0xfe, 0x20,

    /* U+0139 "Ĺ" */
    0x0, 0x8e, 0x1c, 0x3, 0xe1, 0xef, 0x50, 0xf,
    0xaf, 0xd4, 0x3, 0xe7, 0xf6, 0x0, 0xff, 0xe3,
    0x1f, 0xf9, 0x0, 0x3e, 0x3f, 0xf2, 0x0, 0x7c,
    0x7f, 0xe4, 0x0, 0xf8, 0xff, 0xc8, 0x1, 0xf1,
    0xff, 0x90, 0x3, 0xe3, 0xff, 0x20, 0x7, 0xc7,
    0xfe, 0x40, 0xf, 0x8f, 0xfc, 0x80, 0x1f, 0x1f,
    0xf9, 0x0, 0x3e, 0x3f, 0xf2, 0x0, 0x7c, 0x7f,
    0xe4, 0x0, 0xf8, 0xff, 0xc8, 0x1, 0xf1, 0xff,
    0x90, 0x3, 0xe3, 0xff, 0x20, 0x7, 0xc7, 0xfe,
    0x62, 0x2f, 0x9, 0xff, 0xff, 0x49, 0xff, 0xff,
    0x48,

    /* U+013A "ĺ" */
    0x0, 0xb7, 0xe0, 0x2, 0x9f, 0x90, 0x9, 0x7e,
    0x40, 0x33, 0xb0, 0x7, 0xfc, 0xdf, 0xc0, 0x19,
    0xbf, 0x80, 0x33, 0x7f, 0x0, 0x66, 0xfe, 0x0,
    0xcd, 0xfc, 0x1, 0x9b, 0xf8, 0x3, 0x37, 0xf0,
    0x6, 0x6f, 0xe0, 0xc, 0xdf, 0xc0, 0x19, 0xbf,
    0x80, 0x33, 0x7f, 0x0, 0x66, 0xfe, 0x0, 0xcd,
    0xfc, 0x1, 0x9b, 0xf8, 0x3, 0x2f, 0xf9, 0x4c,
    0x0, 0x5f, 0xf7, 0x0, 0x4d, 0xdf, 0x40, 0x0,

    /* U+013B "Ļ" */
    0x3f, 0xf2, 0x0, 0x7c, 0x7f, 0xe4, 0x0, 0xf8,
    0xff, 0xc8, 0x1, 0xf1, 0xff, 0x90, 0x3, 0xe3,
    0xff, 0x20, 0x7, 0xc7, 0xfe, 0x40, 0xf, 0x8f,
    0xfc, 0x80, 0x1f, 0x1f, 0xf9, 0x0, 0x3e, 0x3f,
    0xf2, 0x0, 0x7c, 0x7f, 0xe4, 0x0, 0xf8, 0xff,
    0xc8, 0x1, 0xf1, 0xff, 0x90, 0x3, 0xe3, 0xff,
    0x20, 0x7, 0xc7, 0xfe, 0x40, 0xf, 0x8f, 0xfc,
    0xc4, 0x5e, 0x13, 0xff, 0xfe, 0x93, 0xff, 0xfe,
    0x90, 0xf, 0xfe, 0x11, 0xd5, 0x4, 0x3, 0xeb,
    0xf6, 0x0, 0xf8, 0xfe, 0x40, 0x3f, 0x5e, 0x0,
    0x7c,

    /* U+013C "ļ" */
    0x6, 0xfe, 0x0, 0x9b, 0xf8, 0x2, 0x6f, 0xe0,
    0x9, 0xbf, 0x80, 0x26, 0xfe, 0x0, 0x9b, 0xf8,
    0x2, 0x6f, 0xe0, 0x9, 0xbf, 0x80, 0x26, 0xfe,
    0x0, 0x9b, 0xf8, 0x2, 0x6f, 0xe0, 0x9, 0xbf,
    0x80, 0x26, 0xfe, 0x0, 0x9b, 0xf8, 0x2, 0x5f,
    0xf2, 0x98, 0x17, 0xfd, 0xc0, 0x6, 0xef, 0xa0,
    0xf, 0x87, 0x74, 0x60, 0x8, 0xf8, 0x0, 0xf,
    0xe0, 0x4, 0xfc, 0x40, 0x10,

    /* U+013D "Ľ" */
    0x3f, 0xf2, 0x0, 0x6b, 0xfa, 0x3f, 0xf2, 0x0,
    0x6f, 0xf1, 0x9b, 0xfc, 0x80, 0x11, 0xfd, 0x81,
    0xff, 0x90, 0x2, 0x7f, 0x40, 0x3f, 0xf2, 0x0,
    0x57, 0xa0, 0x3, 0xff, 0x20, 0x4, 0x84, 0x0,
    0x3f, 0xf2, 0x0, 0x7c, 0x7f, 0xe4, 0x0, 0xf8,
    0xff, 0xc8, 0x1, 0xf1, 0xff, 0x90, 0x3, 0xe3,
    0xff, 0x20, 0x7, 0xc7, 0xfe, 0x40, 0xf, 0x8f,
    0xfc, 0x80, 0x1f, 0x1f, 0xf9, 0x0, 0x3e, 0x3f,
    0xf3, 0x11, 0x78, 0x4f, 0xff, 0xfa, 0x4f, 0xff,
    0xfa, 0x40,

    /* U+013E "ľ" */
    0x6f, 0xe0, 0x4, 0xfe, 0x37, 0xf0, 0x3, 0x7d,
    0x1b, 0xf8, 0xb, 0xf4, 0x1b, 0xf8, 0x1b, 0xd4,
    0x1b, 0xf8, 0x2b, 0x80, 0xd, 0xfc, 0x4, 0x40,
    0x3, 0x7f, 0x0, 0x73, 0x7f, 0x0, 0x73, 0x7f,
    0x0, 0x73, 0x7f, 0x0, 0x73, 0x7f, 0x0, 0x73,
    0x7f, 0x0, 0x73, 0x7f, 0x0, 0x73, 0x7f, 0x0,
    0x72, 0xff, 0x94, 0xc0, 0x22, 0xff, 0xb8, 0x3,
    0x37, 0x7d, 0x0, 0x40,

    /* U+013F "Ŀ" */
    0x3f, 0xf2, 0x0, 0x7e, 0x3f, 0xf2, 0x0, 0x7e,
    0x3f, 0xf2, 0x0, 0x7e, 0x3f, 0xf2, 0x0, 0x7e,
    0x3f, 0xf2, 0x0, 0x7e, 0x3f, 0xf2, 0x0, 0x7e,
    0x3f, 0xf2, 0x0, 0x7e, 0x3f, 0xf2, 0x0, 0x75,
    0x76, 0x1f, 0xf9, 0x0, 0x3a, 0xff, 0x8f, 0xfc,
    0x80, 0x1d, 0x7f, 0xc7, 0xfe, 0x40, 0xf, 0xc7,
    0xfe, 0x40, 0xf, 0xc7, 0xfe, 0x40, 0xf, 0xc7,
    0xfe, 0x40, 0xf, 0xc7, 0xfe, 0x62, 0x2f, 0x8,
    0x1f, 0xff, 0xf4, 0x81, 0xff, 0xff, 0x48, 0x0,

    /* U+0140 "ŀ" */
    0x6f, 0xe0, 0xe, 0x6f, 0xe0, 0xe, 0x6f, 0xe0,
    0xe, 0x6f, 0xe0, 0xe, 0x6f, 0xe0, 0xe, 0x6f,
    0xe0, 0xe, 0x6f, 0xe0, 0xe, 0x6f, 0xe0, 0x7,
    0x7d, 0xb7, 0xf0, 0x3, 0xbe, 0xdb, 0xf8, 0x1,
    0xbd, 0x2d, 0xfc, 0x1, 0xcd, 0xfc, 0x1, 0xcd,
    0xfc, 0x1, 0xcd, 0xfc, 0x1, 0xcb, 0xfe, 0x53,
    0x0, 0x8b, 0xfe, 0xe0, 0xc, 0xdd, 0xf4, 0x1,
    0x0,

    /* U+0141 "Ł" */
    0x3, 0xff, 0x20, 0x7, 0xe3, 0xff, 0x20, 0x7,
    0xe3, 0xff, 0x20, 0x7, 0xe3, 0xff, 0x20, 0x7,
    0xe3, 0xff, 0x20, 0x0, 0x40, 0x38, 0xff, 0xc8,
    0x38, 0xa0, 0x1c, 0x7f, 0xe7, 0xef, 0x50, 0xe,
    0x3f, 0xfd, 0x40, 0x1e, 0x3f, 0xf9, 0xc0, 0x3c,
    0x3d, 0xfe, 0x90, 0xf, 0xab, 0xfe, 0x40, 0xf,
    0xaf, 0xbf, 0xc8, 0x1, 0xf2, 0x1f, 0xf9, 0x0,
    0x3f, 0x1f, 0xf9, 0x0, 0x3f, 0x1f, 0xf9, 0x88,
    0xbc, 0x20, 0x7f, 0xff, 0xd2, 0x7, 0xff, 0xfd,
    0x20,

    /* U+0142 "ł" */
    0x6, 0xfe, 0x0, 0x9b, 0xf8, 0x2, 0x6f, 0xe0,
    0x9, 0xbf, 0x80, 0x26, 0xfe, 0x2, 0x6, 0xfe,
    0x6e, 0x6, 0xff, 0xb8, 0x27, 0xfd, 0xa4, 0x9f,
    0xf0, 0x2, 0xbf, 0xdc, 0x0, 0x8a, 0xfe, 0x0,
    0x9b, 0xf8, 0x2, 0x6f, 0xe0, 0x9, 0xbf, 0x80,
    0x25, 0xff, 0x29, 0x81, 0x7f, 0xdc, 0x0, 0x6e,
    0xfa,

    /* U+0143 "Ń" */
    0x0, 0xfc, 0x50, 0xe2, 0x1, 0xfe, 0xdf, 0x60,
    0xf, 0xf5, 0x7b, 0x0, 0x7f, 0x9b, 0xdc, 0x3,
    0xff, 0x8e, 0x7f, 0xea, 0x0, 0xfb, 0xbe, 0xf,
    0xfe, 0x40, 0xf, 0x77, 0xc1, 0xff, 0xda, 0x1,
    0xee, 0xf8, 0x3f, 0xfd, 0x0, 0x1d, 0xdf, 0x7,
    0xff, 0xc4, 0x1, 0xbb, 0xe0, 0xff, 0xcd, 0xfe,
    0xb0, 0xd, 0xdf, 0x7, 0xfe, 0x47, 0xff, 0x28,
    0x5, 0xdf, 0x7, 0xfe, 0x40, 0xdf, 0xe0, 0xb,
    0xbe, 0xf, 0xfc, 0x80, 0x9f, 0xe9, 0x0, 0x77,
    0xc1, 0xff, 0x90, 0x1, 0x5f, 0xe3, 0xe, 0xf8,
    0x3f, 0xf2, 0x0, 0x7, 0xfd, 0x81, 0xdf, 0x7,
    0xfe, 0x40, 0x9, 0xbf, 0xcf, 0xdf, 0x7, 0xfe,
    0x40, 0xd, 0x9f, 0xfa, 0xf, 0xfc, 0x80, 0x18,
    0xff, 0xf4, 0x1f, 0xf9, 0x0, 0x3a, 0x7f, 0xe8,
    0x3f, 0xf2, 0x0, 0x70, 0xf7, 0xfa, 0xf, 0xfc,
    0x80, 0x1e, 0x6f, 0xf4, 0x0,

    /* U+0144 "ń" */
    0x0, 0xf1, 0x7f, 0x90, 0x3, 0xed, 0xf4, 0x0,
    0xfa, 0xbd, 0x0, 0x3e, 0x17, 0x40, 0xf, 0xfe,
    0x1b, 0x7f, 0x82, 0x37, 0xfa, 0x44, 0x1b, 0xfd,
    0x9f, 0xbd, 0xfe, 0xd0, 0x6f, 0xf7, 0x18, 0x1,
    0xbf, 0xce, 0xdf, 0xe6, 0x0, 0xdb, 0xf4, 0xdf,
    0xe2, 0x0, 0xd5, 0xf8, 0xdf, 0xe0, 0xe, 0x9f,
    0xc6, 0xff, 0x0, 0x74, 0xfe, 0x37, 0xf8, 0x3,
    0xa7, 0xf1, 0xbf, 0xc0, 0x1d, 0x3f, 0x8d, 0xfe,
    0x0, 0xe9, 0xfc, 0x6f, 0xf0, 0x7, 0x4f, 0xe3,
    0x7f, 0x80, 0x3a, 0x7f, 0x0,

    /* U+0145 "Ņ" */
    0x3f, 0xf5, 0x0, 0x7d, 0xdf, 0x7, 0xff, 0x20,
    0x7, 0xbb, 0xe0, 0xff, 0xed, 0x0, 0xf7, 0x7c,
    0x1f, 0xfe, 0x80, 0xe, 0xef, 0x83, 0xff, 0xe2,
    0x0, 0xdd, 0xf0, 0x7f, 0xe6, 0xff, 0x58, 0x6,
    0xef, 0x83, 0xff, 0x23, 0xff, 0x94, 0x2, 0xef,
    0x83, 0xff, 0x20, 0x6f, 0xf0, 0x5, 0xdf, 0x7,
    0xfe, 0x40, 0x4f, 0xf4, 0x80, 0x3b, 0xe0, 0xff,
    0xc8, 0x0, 0xaf, 0xf1, 0x87, 0x7c, 0x1f, 0xf9,
    0x0, 0x3, 0xfe, 0xc0, 0xef, 0x83, 0xff, 0x20,
    0x4, 0xdf, 0xe7, 0xef, 0x83, 0xff, 0x20, 0x6,
    0xcf, 0xfd, 0x7, 0xfe, 0x40, 0xc, 0x7f, 0xfa,
    0xf, 0xfc, 0x80, 0x1d, 0x3f, 0xf4, 0x1f, 0xf9,
    0x0, 0x38, 0x7b, 0xfd, 0x7, 0xfe, 0x40, 0xf,
    0x37, 0xfa, 0x0, 0x3f, 0xf8, 0xe7, 0x54, 0x10,
    0xf, 0xf5, 0xfb, 0x0, 0x7f, 0x8f, 0xe4, 0x3,
    0xfe, 0xbc, 0x0, 0xfc,

    /* U+0146 "ņ" */
    0x6f, 0xf0, 0x46, 0xff, 0x48, 0x83, 0x7f, 0xb3,
    0xf7, 0xbf, 0xda, 0xd, 0xfe, 0xe3, 0x0, 0x37,
    0xf9, 0xdb, 0xfc, 0xc0, 0x1b, 0x7e, 0x9b, 0xfc,
    0x40, 0x1a, 0xbf, 0x1b, 0xfc, 0x1, 0xd3, 0xf8,
    0xdf, 0xe0, 0xe, 0x9f, 0xc6, 0xff, 0x0, 0x74,
    0xfe, 0x37, 0xf8, 0x3, 0xa7, 0xf1, 0xbf, 0xc0,
    0x1d, 0x3f, 0x8d, 0xfe, 0x0, 0xe9, 0xfc, 0x6f,
    0xf0, 0x7, 0x4f, 0xe0, 0x7, 0xff, 0xe, 0x69,
    0x40, 0x3e, 0x4f, 0xd0, 0xf, 0xd9, 0xc4, 0x1,
    0xf2, 0x7a, 0x0, 0x78,

    /* U+0147 "Ň" */
    0x0, 0x8a, 0x10, 0x0, 0x50, 0x80, 0x1f, 0x4f,
    0xa9, 0x76, 0x0, 0x7f, 0x57, 0xf6, 0x0, 0x7f,
    0xd5, 0x82, 0x1, 0xff, 0xc0, 0x10, 0xf, 0x1f,
    0xfa, 0x80, 0x3e, 0xef, 0x83, 0xff, 0x90, 0x3,
    0xdd, 0xf0, 0x7f, 0xf6, 0x80, 0x7b, 0xbe, 0xf,
    0xff, 0x40, 0x7, 0x77, 0xc1, 0xff, 0xf1, 0x0,
    0x6e, 0xf8, 0x3f, 0xf3, 0x7f, 0xac, 0x3, 0x77,
    0xc1, 0xff, 0x91, 0xff, 0xca, 0x1, 0x77, 0xc1,
    0xff, 0x90, 0x37, 0xf8, 0x2, 0xef, 0x83, 0xff,
    0x20, 0x27, 0xfa, 0x40, 0x1d, 0xf0, 0x7f, 0xe4,
    0x0, 0x57, 0xf8, 0xc3, 0xbe, 0xf, 0xfc, 0x80,
    0x1, 0xff, 0x60, 0x77, 0xc1, 0xff, 0x90, 0x2,
    0x6f, 0xf3, 0xf7, 0xc1, 0xff, 0x90, 0x3, 0x67,
    0xfe, 0x83, 0xff, 0x20, 0x6, 0x3f, 0xfd, 0x7,
    0xfe, 0x40, 0xe, 0x9f, 0xfa, 0xf, 0xfc, 0x80,
    0x1c, 0x3d, 0xfe, 0x83, 0xff, 0x20, 0x7, 0x9b,
    0xfd, 0x0,

    /* U+0148 "ň" */
    0x0, 0x57, 0x10, 0x1f, 0xd0, 0x7, 0x5f, 0x27,
    0x50, 0x7, 0xd7, 0xf6, 0x1, 0xfd, 0x0, 0x1f,
    0xfc, 0x46, 0xff, 0x4, 0x6f, 0xf4, 0x88, 0x37,
    0xfb, 0x3f, 0x7b, 0xfd, 0xa0, 0xdf, 0xee, 0x30,
    0x3, 0x7f, 0x9d, 0xbf, 0xcc, 0x1, 0xb7, 0xe9,
    0xbf, 0xc4, 0x1, 0xab, 0xf1, 0xbf, 0xc0, 0x1d,
    0x3f, 0x8d, 0xfe, 0x0, 0xe9, 0xfc, 0x6f, 0xf0,
    0x7, 0x4f, 0xe3, 0x7f, 0x80, 0x3a, 0x7f, 0x1b,
    0xfc, 0x1, 0xd3, 0xf8, 0xdf, 0xe0, 0xe, 0x9f,
    0xc6, 0xff, 0x0, 0x74, 0xfe, 0x0,

    /* U+0149 "ŉ" */
    0x1, 0xff, 0x40, 0x7, 0xfc, 0xbf, 0xe1, 0x0,
    0xff, 0xab, 0xe8, 0x3, 0xff, 0x81, 0xde, 0x60,
    0x1f, 0xf1, 0xfd, 0x80, 0x7f, 0xf0, 0x23, 0xd0,
    0x17, 0xfc, 0x2f, 0xbf, 0xd4, 0x21, 0x56, 0x0,
    0x5f, 0xf6, 0x7f, 0x7f, 0xdc, 0x20, 0x19, 0x7f,
    0xe4, 0x0, 0x37, 0xf9, 0xc0, 0x32, 0xff, 0x9c,
    0x3, 0x67, 0xd8, 0x6, 0x5f, 0xf1, 0x80, 0x69,
    0xfc, 0x0, 0xcb, 0xfe, 0x10, 0xd, 0x1f, 0xa0,
    0x19, 0x7f, 0xc2, 0x1, 0xa3, 0xf4, 0x3, 0x2f,
    0xf8, 0x40, 0x34, 0x7e, 0x80, 0x65, 0xff, 0x8,
    0x6, 0x8f, 0xd0, 0xc, 0xbf, 0xe1, 0x0, 0xd1,
    0xfa, 0x1, 0x97, 0xfc, 0x20, 0x1a, 0x3f, 0x40,
    0x32, 0xff, 0x84, 0x3, 0x47, 0xe8,

    /* U+014A "Ŋ" */
    0x3f, 0xf5, 0x0, 0x7d, 0xdf, 0x7, 0xff, 0x20,
    0x7, 0xbb, 0xe0, 0xff, 0xed, 0x0, 0xf7, 0x7c,
    0x1f, 0xfe, 0x80, 0xe, 0xef, 0x83, 0xff, 0xe2,
    0x0, 0xdd, 0xf0, 0x7f, 0xe7, 0xff, 0x60, 0x6,
    0xef, 0x83, 0xff, 0x24, 0x7f, 0x98, 0x2, 0xef,
    0x83, 0xff, 0x20, 0x77, 0xf0, 0x80, 0x3b, 0xe0,
    0xff, 0xc8, 0x9, 0xfe, 0xa0, 0x7, 0x7c, 0x1f,
    0xf9, 0x0, 0x15, 0xfe, 0x40, 0xef, 0x83, 0xff,
    0x20, 0x0, 0x7b, 0xf4, 0x3b, 0xe0, 0xff, 0xc8,
    0x1, 0x37, 0xfa, 0x3b, 0xe0, 0xff, 0xc8, 0x1,
    0xb3, 0xff, 0x41, 0xff, 0x90, 0x3, 0x17, 0xfe,
    0x83, 0xff, 0x20, 0x7, 0x47, 0xfd, 0x7, 0xfe,
    0x40, 0xf, 0x6f, 0xfa, 0xf, 0xfc, 0x80, 0x1e,
    0x4f, 0xf4, 0x0, 0x7f, 0xdb, 0xee, 0x1, 0xfe,
    0x2f, 0xf2, 0x0, 0x7e, 0xaa, 0x7f, 0xb0, 0x3,
    0xfb, 0xbf, 0xa4, 0x40,

    /* U+014B "ŋ" */
    0xaf, 0xb2, 0xae, 0xfd, 0x70, 0x5, 0x7f, 0x7f,
    0xb7, 0xfe, 0xa0, 0xaf, 0xf5, 0x80, 0x55, 0xfe,
    0x3a, 0xff, 0x8, 0x4, 0x3f, 0xe6, 0xaf, 0xd0,
    0xe, 0xef, 0x7a, 0xfb, 0x0, 0xee, 0xf7, 0xaf,
    0xb0, 0xe, 0xef, 0x7a, 0xfb, 0x0, 0xee, 0xf7,
    0xaf, 0xb0, 0xe, 0xef, 0x7a, 0xfb, 0x0, 0xee,
    0xf7, 0xaf, 0xb0, 0xe, 0xef, 0x7a, 0xfb, 0x0,
    0xee, 0xf7, 0x0, 0xfd, 0xde, 0xe0, 0x1f, 0xbb,
    0xdc, 0x3, 0xc2, 0x5f, 0xe6, 0x0, 0xf6, 0xff,
    0xc6, 0x1, 0xea, 0xfe, 0x70,

    /* U+014C "Ō" */
    0x0, 0xe1, 0x1f, 0x0, 0x7f, 0x2f, 0xff, 0x8c,
    0x3, 0xf0, 0xa2, 0x78, 0x40, 0x3f, 0xf9, 0x89,
    0x5b, 0xfe, 0xd9, 0x30, 0xf, 0xab, 0xff, 0xf4,
    0x80, 0x76, 0x7f, 0xb6, 0x15, 0xa3, 0xbf, 0xd6,
    0x1, 0x47, 0xfa, 0x0, 0x3d, 0x5f, 0xe7, 0x1,
    0xff, 0x50, 0x7, 0xec, 0xff, 0x3, 0x7f, 0x84,
    0x3, 0xf1, 0xff, 0x96, 0xbf, 0x0, 0x3f, 0xdd,
    0xf3, 0x9f, 0x40, 0x1f, 0xeb, 0xfb, 0xdf, 0x90,
    0xf, 0xf5, 0x7e, 0x63, 0xe8, 0x3, 0xfd, 0x7f,
    0x75, 0xf8, 0x1, 0xfe, 0xef, 0x96, 0xff, 0x8,
    0x7, 0xe3, 0xff, 0x28, 0xff, 0xa8, 0x3, 0xf6,
    0x7f, 0x80, 0x11, 0xfe, 0x80, 0xf, 0x57, 0xf9,
    0xc0, 0x2c, 0xff, 0x6c, 0x33, 0x23, 0xbf, 0xd6,
    0x1, 0xd5, 0xff, 0xfa, 0x40, 0x3e, 0x4a, 0xef,
    0xf6, 0xc9, 0x80, 0x60,

    /* U+014D "ō" */
    0x0, 0x84, 0x7c, 0x1, 0xcd, 0xff, 0xe2, 0x0,
    0xc2, 0x89, 0xe0, 0xf, 0xfe, 0x33, 0xe7, 0xf6,
    0x30, 0x6, 0x2d, 0xff, 0xf5, 0x80, 0x5b, 0xfc,
    0xa2, 0x4f, 0xfe, 0xa0, 0x6f, 0xf1, 0x0, 0x64,
    0xff, 0x1d, 0xfd, 0x0, 0x7b, 0x7e, 0x37, 0xdc,
    0x3, 0xd5, 0xf5, 0xbe, 0xe0, 0x1e, 0xaf, 0xab,
    0xfa, 0x0, 0xf6, 0xfc, 0x37, 0xf8, 0x80, 0x32,
    0xff, 0x88, 0x37, 0xf9, 0x48, 0x8f, 0xfe, 0xa0,
    0x1, 0x6f, 0xff, 0xac, 0x3, 0x9f, 0x7f, 0xb1,
    0x80, 0x20,

    /* U+014E "Ŏ" */
    0x0, 0xd5, 0xe0, 0x11, 0x7c, 0x0, 0x7e, 0x6f,
    0xa2, 0x3b, 0xf4, 0x0, 0xfe, 0x9f, 0xfd, 0x0,
    0x1f, 0xf0, 0x99, 0x84, 0x3, 0xfc, 0x95, 0xbf,
    0xed, 0x93, 0x0, 0xfa, 0xbf, 0xff, 0x48, 0x7,
    0x67, 0xfb, 0x61, 0x5a, 0x3b, 0xfd, 0x60, 0x14,
    0x7f, 0xa0, 0x3, 0xd5, 0xfe, 0x70, 0x1f, 0xf5,
    0x0, 0x7e, 0xcf, 0xf0, 0x37, 0xf8, 0x40, 0x3f,
    0x1f, 0xf9, 0x6b, 0xf0, 0x3, 0xfd, 0xdf, 0x39,
    0xf4, 0x1, 0xfe, 0xbf, 0xbd, 0xf9, 0x0, 0xff,
    0x57, 0xe6, 0x3e, 0x80, 0x3f, 0xd7, 0xf7, 0x5f,
    0x80, 0x1f, 0xee, 0xf9, 0x6f, 0xf0, 0x80, 0x7e,
    0x3f, 0xf2, 0x8f, 0xfa, 0x80, 0x3f, 0x67, 0xf8,
    0x1, 0x1f, 0xe8, 0x0, 0xf5, 0x7f, 0x9c, 0x2,
    0xcf, 0xf6, 0xc3, 0x32, 0x3b, 0xfd, 0x60, 0x1d,
    0x5f, 0xff, 0xa4, 0x3, 0xe4, 0xae, 0xff, 0x6c,
    0x98, 0x6,

    /* U+014F "ŏ" */
    0x0, 0x5e, 0x80, 0x6f, 0x70, 0xc, 0xfe, 0xe4,
    0x4a, 0xf4, 0x0, 0xea, 0xff, 0xd0, 0x1, 0xf0,
    0x99, 0x84, 0x3, 0xff, 0x8e, 0xf9, 0xfd, 0x8c,
    0x1, 0x8b, 0x7f, 0xfd, 0x60, 0x16, 0xff, 0x28,
    0x93, 0xff, 0xa8, 0x1b, 0xfc, 0x40, 0x19, 0x3f,
    0xc7, 0x7f, 0x40, 0x1e, 0xdf, 0x8d, 0xf7, 0x0,
    0xf5, 0x7d, 0x6f, 0xb8, 0x7, 0xab, 0xea, 0xfe,
    0x80, 0x3d, 0xbf, 0xd, 0xfe, 0x20, 0xc, 0xbf,
    0xe2, 0xd, 0xfe, 0x52, 0x23, 0xff, 0xa8, 0x0,
    0x5b, 0xff, 0xeb, 0x0, 0xe7, 0xdf, 0xec, 0x60,
    0x8,

    /* U+0150 "Ő" */
    0x0, 0xfa, 0x71, 0x1, 0x32, 0xc4, 0x3, 0xe6,
    0xfa, 0x1, 0xef, 0x40, 0xf, 0x8b, 0xf0, 0x1,
    0x7e, 0xa0, 0x1f, 0xb3, 0x84, 0x1b, 0xdc, 0x3,
    0xff, 0x98, 0x95, 0xbf, 0xed, 0x93, 0x0, 0xfa,
    0xbf, 0xff, 0x48, 0x7, 0x67, 0xfb, 0x61, 0x5a,
    0x3b, 0xfd, 0x60, 0x14, 0x7f, 0xa0, 0x3, 0xd5,
    0xfe, 0x70, 0x1f, 0xf5, 0x0, 0x7e, 0xcf, 0xf0,
    0x37, 0xf8, 0x40, 0x3f, 0x1f, 0xf9, 0x6b, 0xf0,
    0x3, 0xfd, 0xdf, 0x39, 0xf4, 0x1, 0xfe, 0xbf,
    0xbd, 0xf9, 0x0, 0xff, 0x57, 0xe6, 0x3e, 0x80,
    0x3f, 0xd7, 0xf7, 0x5f, 0x80, 0x1f, 0xee, 0xf9,
    0x6f, 0xf0, 0x80, 0x7e, 0x3f, 0xf2, 0x8f, 0xfa,
    0x80, 0x3f, 0x67, 0xf8, 0x1, 0x1f, 0xe8, 0x0,
    0xf5, 0x7f, 0x9c, 0x2, 0xcf, 0xf6, 0xc3, 0x32,
    0x3b, 0xfd, 0x60, 0x1d, 0x5f, 0xff, 0xa4, 0x3,
    0xe4, 0xae, 0xff, 0x6c, 0x98, 0x6,

    /* U+0151 "ő" */
    0x0, 0xed, 0xf3, 0x7, 0xfd, 0x10, 0xd, 0x3e,
    0xc0, 0x7f, 0xc2, 0x1, 0x93, 0xe4, 0x1, 0xbc,
    0x40, 0x1d, 0x54, 0x0, 0x36, 0x18, 0x7, 0xff,
    0x1d, 0xf3, 0xfb, 0x18, 0x3, 0x8b, 0x7f, 0xfd,
    0x60, 0x1b, 0x7f, 0x94, 0x49, 0xff, 0xd4, 0x0,
    0x6f, 0xf1, 0x0, 0x64, 0xff, 0x18, 0x5f, 0xd0,
    0x7, 0xb7, 0xe0, 0x37, 0xdc, 0x3, 0xd5, 0xf4,
    0x1b, 0xee, 0x1, 0xea, 0xfa, 0xb, 0xfa, 0x0,
    0xf6, 0xfc, 0x3, 0x7f, 0x88, 0x3, 0x2f, 0xf8,
    0x80, 0x1b, 0xfc, 0xa4, 0x47, 0xff, 0x50, 0x4,
    0x5b, 0xff, 0xeb, 0x0, 0xf3, 0xef, 0xf6, 0x30,
    0x6,

    /* U+0152 "Œ" */
    0x0, 0xc5, 0x19, 0xdf, 0xff, 0xfc, 0x21, 0x0,
    0xa7, 0xff, 0xff, 0x8c, 0x20, 0xc, 0xff, 0x6b,
    0xa1, 0x91, 0x3f, 0xd0, 0x45, 0xf8, 0x1, 0x3f,
    0xe7, 0x0, 0xf7, 0xf9, 0xc0, 0x3f, 0x87, 0xfd,
    0x20, 0x1f, 0x7f, 0x9c, 0x3, 0xf9, 0xff, 0xc2,
    0x1, 0xf7, 0xf9, 0xc0, 0x3f, 0xaf, 0xf0, 0x3,
    0xf7, 0xf9, 0xc0, 0x3f, 0xb3, 0xe8, 0x3, 0xf7,
    0xff, 0xf9, 0x43, 0x7e, 0x40, 0x3f, 0x7f, 0xff,
    0x94, 0x37, 0xe8, 0x3, 0xf7, 0xfa, 0x8, 0xbe,
    0x0, 0x5f, 0xe0, 0x7, 0xef, 0xf3, 0x80, 0x7f,
    0x47, 0xf8, 0x40, 0x3e, 0xff, 0x38, 0x7, 0xf1,
    0xff, 0xa0, 0x3, 0xef, 0xf3, 0x80, 0x7f, 0xaf,
    0xfc, 0xc0, 0x1e, 0xff, 0x38, 0x7, 0xf8, 0x77,
    0xfd, 0xae, 0x86, 0x44, 0xff, 0x41, 0x17, 0xe0,
    0x8, 0x6f, 0xff, 0xff, 0x8c, 0x20, 0x18, 0xe7,
    0x3b, 0xff, 0xff, 0x84, 0x20,

    /* U+0153 "œ" */
    0x0, 0x9f, 0x3f, 0xb1, 0x80, 0x28, 0xdf, 0xeb,
    0x50, 0xc, 0x5b, 0xff, 0xeb, 0x2d, 0xff, 0xf4,
    0x0, 0x5b, 0xfa, 0x80, 0x5, 0xef, 0xfb, 0x50,
    0x5, 0xff, 0xc8, 0xd, 0xfe, 0x10, 0xc, 0x9f,
    0xf1, 0x0, 0x68, 0xfc, 0xb, 0xfa, 0x0, 0xf7,
    0xfc, 0x1, 0xc7, 0xfe, 0xd, 0xf7, 0x0, 0xf7,
    0xff, 0xfc, 0x3b, 0xee, 0x1, 0xef, 0xfa, 0xef,
    0xf0, 0x5f, 0xd0, 0x7, 0xbf, 0xe0, 0xf, 0xe6,
    0xff, 0x18, 0x6, 0x6f, 0xf8, 0xc0, 0x38, 0x80,
    0x2d, 0xfe, 0x62, 0x24, 0x7f, 0xee, 0x73, 0x25,
    0xcf, 0x30, 0x1, 0x6f, 0xff, 0xac, 0xb7, 0xff,
    0xdc, 0x80, 0x19, 0xf7, 0xfb, 0x18, 0x2, 0x8d,
    0xff, 0x6c, 0x8, 0x0,

    /* U+0154 "Ŕ" */
    0x0, 0xf9, 0x21, 0xc0, 0x3f, 0x8f, 0xf8, 0x80,
    0x3f, 0xf, 0x69, 0x0, 0x7f, 0x34, 0x88, 0x7,
    0xff, 0x18, 0xff, 0xfd, 0xb2, 0x40, 0x11, 0xff,
    0xff, 0x28, 0x0, 0xff, 0xcc, 0x44, 0x37, 0xef,
    0xf0, 0x81, 0xff, 0x90, 0x3, 0x1f, 0xf9, 0x80,
    0xff, 0xc8, 0x1, 0xdd, 0xf0, 0x7, 0xfe, 0x40,
    0xe, 0xef, 0x80, 0x3f, 0xf2, 0x0, 0x63, 0xff,
    0x30, 0x1f, 0xf9, 0x48, 0x86, 0xfd, 0xfe, 0x10,
    0x3f, 0xff, 0xe5, 0x0, 0x1f, 0xff, 0xdc, 0x40,
    0x11, 0xff, 0x90, 0x1, 0x9f, 0xc0, 0x18, 0xff,
    0xc8, 0x0, 0x3f, 0xf4, 0x0, 0x47, 0xfe, 0x40,
    0xa, 0x7f, 0xc4, 0x0, 0x3f, 0xf2, 0x0, 0x43,
    0xdf, 0x60, 0x3, 0xff, 0x20, 0x6, 0x6f, 0xf2,
    0x81, 0xff, 0x90, 0x3, 0xb7, 0xf8, 0xf, 0xfc,
    0x80, 0x1c, 0x7f, 0xe9,

    /* U+0155 "ŕ" */
    0x0, 0xc3, 0xde, 0xc0, 0x1d, 0x9e, 0xc0, 0x1d,
    0x1e, 0xc0, 0x1e, 0x75, 0x0, 0xff, 0xe0, 0xb7,
    0xf8, 0x1f, 0x7f, 0x4d, 0xbf, 0xd5, 0xff, 0x68,
    0x37, 0xfd, 0x6, 0x70, 0x37, 0xfa, 0x0, 0x39,
    0xbf, 0xc4, 0x1, 0xcd, 0xfe, 0x0, 0xf3, 0x7f,
    0x80, 0x3c, 0xdf, 0xe0, 0xf, 0x37, 0xf8, 0x3,
    0xcd, 0xfe, 0x0, 0xf3, 0x7f, 0x80, 0x3c, 0xdf,
    0xe0, 0xf, 0x0,

    /* U+0156 "Ŗ" */
    0x3f, 0xff, 0x6c, 0x90, 0x4, 0x7f, 0xff, 0xca,
    0x0, 0x3f, 0xf3, 0x11, 0xd, 0xfb, 0xfc, 0x20,
    0x7f, 0xe4, 0x0, 0xc7, 0xfe, 0x60, 0x3f, 0xf2,
    0x0, 0x77, 0x7c, 0x1, 0xff, 0x90, 0x3, 0xbb,
    0xe0, 0xf, 0xfc, 0x80, 0x18, 0xff, 0xcc, 0x7,
    0xfe, 0x52, 0x21, 0xbf, 0x7f, 0x84, 0xf, 0xff,
    0xf9, 0x40, 0x7, 0xff, 0xf7, 0x10, 0x4, 0x7f,
    0xe4, 0x0, 0x67, 0xf0, 0x6, 0x3f, 0xf2, 0x0,
    0xf, 0xfd, 0x0, 0x11, 0xff, 0x90, 0x2, 0x9f,
    0xf1, 0x0, 0xf, 0xfc, 0x80, 0x10, 0xf7, 0xd8,
    0x0, 0xff, 0xc8, 0x1, 0x9b, 0xfc, 0xa0, 0x7f,
    0xe4, 0x0, 0xed, 0xfe, 0x3, 0xff, 0x20, 0x7,
    0x1f, 0xfa, 0x40, 0x3f, 0xf8, 0xab, 0x52, 0x1,
    0xfe, 0xef, 0x40, 0xf, 0xe6, 0xf7, 0x0, 0xff,
    0x6d, 0x0, 0x7e,

    /* U+0157 "ŗ" */
    0x6f, 0xf0, 0x3e, 0xfe, 0x9b, 0x7f, 0xab, 0xfe,
    0xd0, 0x6f, 0xfa, 0xc, 0xe0, 0x6f, 0xf4, 0x0,
    0x73, 0x7f, 0x88, 0x3, 0x9b, 0xfc, 0x1, 0xe6,
    0xff, 0x0, 0x79, 0xbf, 0xc0, 0x1e, 0x6f, 0xf0,
    0x7, 0x9b, 0xfc, 0x1, 0xe6, 0xff, 0x0, 0x79,
    0xbf, 0xc0, 0x1f, 0xfc, 0x58, 0xa6, 0x0, 0xe3,
    0xfd, 0x0, 0xf5, 0xf9, 0x0, 0x71, 0xfa, 0x80,
    0x78,

    /* U+0158 "Ř" */
    0x0, 0x1c, 0x10, 0x0, 0xe0, 0x80, 0x3d, 0x7c,
    0x69, 0xf4, 0x1, 0xfb, 0x3f, 0xd4, 0x1, 0xfe,
    0xcb, 0x0, 0xff, 0x84, 0x3, 0xe3, 0xff, 0xf6,
    0xc9, 0x0, 0x47, 0xff, 0xfc, 0xa0, 0x3, 0xff,
    0x31, 0x10, 0xdf, 0xbf, 0xc2, 0x7, 0xfe, 0x40,
    0xc, 0x7f, 0xe6, 0x3, 0xff, 0x20, 0x7, 0x77,
    0xc0, 0x1f, 0xf9, 0x0, 0x3b, 0xbe, 0x0, 0xff,
    0xc8, 0x1, 0x8f, 0xfc, 0xc0, 0x7f, 0xe5, 0x22,
    0x1b, 0xf7, 0xf8, 0x40, 0xff, 0xff, 0x94, 0x0,
    0x7f, 0xff, 0x71, 0x0, 0x47, 0xfe, 0x40, 0x6,
    0x7f, 0x0, 0x63, 0xff, 0x20, 0x0, 0xff, 0xd0,
    0x1, 0x1f, 0xf9, 0x0, 0x29, 0xff, 0x10, 0x0,
    0xff, 0xc8, 0x1, 0xf, 0x7d, 0x80, 0xf, 0xfc,
    0x80, 0x19, 0xbf, 0xca, 0x7, 0xfe, 0x40, 0xe,
    0xdf, 0xe0, 0x3f, 0xf2, 0x0, 0x71, 0xff, 0xa4,

    /* U+0159 "ř" */
    0x9, 0xf4, 0x1, 0xec, 0x0, 0xd3, 0xe9, 0xb8,
    0x1, 0xea, 0xfc, 0x0, 0xfd, 0x2, 0x1, 0xff,
    0xc3, 0x6f, 0xf0, 0x3e, 0xfe, 0x98, 0x37, 0xfa,
    0xbf, 0xed, 0x0, 0x37, 0xfd, 0x6, 0x70, 0x1,
    0xbf, 0xd0, 0x1, 0xe6, 0xff, 0x10, 0x7, 0x9b,
    0xfc, 0x1, 0xf3, 0x7f, 0x80, 0x3e, 0x6f, 0xf0,
    0x7, 0xcd, 0xfe, 0x0, 0xf9, 0xbf, 0xc0, 0x1f,
    0x37, 0xf8, 0x3, 0xe6, 0xff, 0x0, 0x78,

    /* U+015A "Ś" */
    0x0, 0xfd, 0x9f, 0x20, 0x1f, 0xd3, 0xf4, 0x1,
    0xfc, 0xbf, 0x40, 0x1f, 0xe7, 0x70, 0x7, 0xff,
    0x29, 0xf7, 0xfd, 0x8c, 0x1, 0xc3, 0xbf, 0xfe,
    0xb0, 0xd, 0x5f, 0xe7, 0x33, 0x4f, 0xfa, 0x40,
    0x2f, 0xf4, 0x0, 0x68, 0xb2, 0x0, 0xf, 0xf9,
    0x80, 0x3f, 0xdd, 0xf8, 0x1, 0xfe, 0x7f, 0xf6,
    0xa8, 0x7, 0xf4, 0xff, 0xdd, 0x2, 0x1, 0xf1,
    0xdf, 0xfe, 0x70, 0xf, 0xc5, 0x1f, 0xf5, 0x0,
    0x7f, 0xd, 0xff, 0x90, 0x0, 0x62, 0x1, 0xee,
    0xf8, 0xf, 0xf4, 0x0, 0x7b, 0x7e, 0x43, 0x3f,
    0xc4, 0x1, 0x8f, 0xfc, 0xc0, 0x7f, 0xee, 0x74,
    0x36, 0xef, 0xe0, 0x9, 0x7f, 0xfe, 0xe3, 0x0,
    0xc5, 0x3b, 0xfe, 0xd8, 0x10, 0x0,

    /* U+015B "ś" */
    0x0, 0xf0, 0xf7, 0xb0, 0x7, 0xd7, 0xee, 0x1,
    0xf3, 0xfb, 0x80, 0x7e, 0x97, 0x0, 0xff, 0xe2,
    0x94, 0xef, 0xf4, 0x90, 0x4, 0x5f, 0xf6, 0xff,
    0xc6, 0x0, 0x9f, 0xb0, 0xa, 0x3d, 0x40, 0x17,
    0xf2, 0x1, 0x84, 0x2, 0x7f, 0xf6, 0x39, 0x0,
    0x7a, 0x3f, 0xf6, 0xb0, 0x7, 0xb, 0xdf, 0xfd,
    0x20, 0x1f, 0xd, 0x7f, 0x84, 0xe, 0x0, 0x31,
    0x7f, 0x88, 0x7f, 0xd2, 0x20, 0x33, 0xfc, 0x0,
    0x6f, 0xff, 0x98, 0x2, 0x2a, 0xef, 0xeb, 0x40,
    0x0,

    /* U+015C "Ŝ" */
    0x0, 0xf4, 0xa0, 0x7, 0xfa, 0x3f, 0xc6, 0x1,
    0xf9, 0xfd, 0xf3, 0x88, 0x3, 0xcd, 0xf0, 0x3,
    0xbc, 0x40, 0x1f, 0xfc, 0x77, 0xdf, 0xf6, 0x30,
    0x7, 0xe, 0xff, 0xfa, 0xc0, 0x35, 0x7f, 0x9c,
    0xcd, 0x3f, 0xe9, 0x0, 0xbf, 0xd0, 0x1, 0xa2,
    0xc8, 0x0, 0x3f, 0xe6, 0x0, 0xff, 0x77, 0xe0,
    0x7, 0xf9, 0xff, 0xda, 0xa0, 0x1f, 0xd3, 0xff,
    0x74, 0x8, 0x7, 0xc7, 0x7f, 0xf9, 0xc0, 0x3f,
    0x14, 0x7f, 0xd4, 0x1, 0xfc, 0x37, 0xfe, 0x40,
    0x1, 0x88, 0x7, 0xbb, 0xe0, 0x3f, 0xd0, 0x1,
    0xed, 0xf9, 0xc, 0xff, 0x10, 0x6, 0x3f, 0xf3,
    0x1, 0xff, 0xb9, 0xd0, 0xdb, 0xbf, 0x80, 0x25,
    0xff, 0xfb, 0x8c, 0x3, 0x14, 0xef, 0xfb, 0x60,
    0x40, 0x0,

    /* U+015D "ŝ" */
    0x0, 0xe3, 0x0, 0xfe, 0x5f, 0x70, 0xf, 0x93,
    0xf7, 0xd8, 0x3, 0x8f, 0xec, 0x23, 0xd4, 0x3,
    0x33, 0x80, 0x4c, 0xe0, 0x1f, 0xfc, 0x32, 0x9d,
    0xfe, 0x92, 0x0, 0x8b, 0xfe, 0xdf, 0xf8, 0xc0,
    0x13, 0xf6, 0x1, 0x47, 0xa8, 0x2, 0xfe, 0x40,
    0x30, 0x80, 0x4f, 0xfe, 0xc7, 0x20, 0xf, 0x47,
    0xfe, 0xd6, 0x0, 0xe1, 0x7b, 0xff, 0xa4, 0x3,
    0xe1, 0xaf, 0xf0, 0x81, 0xc0, 0x6, 0x2f, 0xf1,
    0xf, 0xfa, 0x44, 0x6, 0x7f, 0x80, 0xd, 0xff,
    0xf3, 0x0, 0x45, 0x5d, 0xfd, 0x68, 0x0,

    /* U+015E "Ş" */
    0x0, 0xcf, 0xbf, 0xec, 0x60, 0xe, 0x1d, 0xff,
    0xf5, 0x80, 0x6a, 0xff, 0x39, 0x9a, 0x7f, 0xd2,
    0x1, 0x7f, 0xa0, 0x3, 0x45, 0x90, 0x0, 0x7f,
    0xcc, 0x1, 0xfe, 0xef, 0xc0, 0xf, 0xf3, 0xff,
    0xb5, 0x40, 0x3f, 0xa7, 0xfe, 0xe8, 0x10, 0xf,
    0x8e, 0xff, 0xf3, 0x80, 0x7e, 0x28, 0xff, 0xa8,
    0x3, 0xf8, 0x6f, 0xfc, 0x80, 0x3, 0x10, 0xf,
    0x77, 0xc0, 0x7f, 0xa0, 0x3, 0xdb, 0xf2, 0x19,
    0xfe, 0x20, 0xc, 0x7f, 0xe6, 0x3, 0xff, 0x73,
    0xa1, 0xb7, 0x7f, 0x0, 0x4b, 0xff, 0xf7, 0x18,
    0x6, 0x29, 0xdf, 0xf6, 0xc0, 0x80, 0x7c, 0xda,
    0x1, 0xff, 0x67, 0xe9, 0x80, 0x7f, 0xd9, 0x60,
    0x1f, 0x95, 0x47, 0xb4, 0x1, 0xf9, 0xfb, 0xec,
    0x40, 0x30,

    /* U+015F "ş" */
    0x0, 0x14, 0xef, 0xf4, 0x90, 0x4, 0x5f, 0xf6,
    0xff, 0xc6, 0x0, 0x9f, 0xb0, 0xa, 0x3d, 0x40,
    0x17, 0xf2, 0x1, 0x84, 0x2, 0x7f, 0xf6, 0x39,
    0x0, 0x7a, 0x3f, 0xf6, 0xb0, 0x7, 0xb, 0xdf,
    0xfd, 0x20, 0x1f, 0xd, 0x7f, 0x84, 0xe, 0x0,
    0x31, 0x7f, 0x88, 0x7f, 0xd2, 0x20, 0x33, 0xfc,
    0x0, 0x6f, 0xff, 0x98, 0x2, 0x2a, 0xff, 0xad,
    0x0, 0x3d, 0x54, 0x0, 0xfc, 0x7b, 0xf6, 0x20,
    0x1f, 0x8b, 0xe0, 0x3, 0xce, 0x88, 0xf6, 0x0,
    0xf5, 0x77, 0xc8, 0x6,

    /* U+0160 "Š" */
    0x0, 0x9b, 0xd8, 0x1, 0x9c, 0x20, 0x1e, 0x6f,
    0x4a, 0xe2, 0x0, 0xfc, 0xff, 0xc4, 0x1, 0xfe,
    0x72, 0x0, 0xff, 0xe5, 0x3e, 0xff, 0xb1, 0x80,
    0x38, 0x77, 0xff, 0xd6, 0x1, 0xab, 0xfc, 0xe6,
    0x69, 0xff, 0x48, 0x5, 0xfe, 0x80, 0xd, 0x16,
    0x40, 0x1, 0xff, 0x30, 0x7, 0xfb, 0xbf, 0x0,
    0x3f, 0xcf, 0xfe, 0xd5, 0x0, 0xfe, 0x9f, 0xfb,
    0xa0, 0x40, 0x3e, 0x3b, 0xff, 0xce, 0x1, 0xf8,
    0xa3, 0xfe, 0xa0, 0xf, 0xe1, 0xbf, 0xf2, 0x0,
    0xc, 0x40, 0x3d, 0xdf, 0x1, 0xfe, 0x80, 0xf,
    0x6f, 0xc8, 0x67, 0xf8, 0x80, 0x31, 0xff, 0x98,
    0xf, 0xfd, 0xce, 0x86, 0xdd, 0xfc, 0x1, 0x2f,
    0xff, 0xdc, 0x60, 0x18, 0xa7, 0x7f, 0xdb, 0x2,
    0x0,

    /* U+0161 "š" */
    0x0, 0x4f, 0x98, 0xf, 0x58, 0x7, 0x4f, 0x1e,
    0xe0, 0x7, 0xd5, 0xf8, 0x1, 0xfd, 0x2, 0x1,
    0xff, 0xc5, 0x29, 0xdf, 0xe9, 0x20, 0x8, 0xbf,
    0xed, 0xff, 0x8c, 0x1, 0x3f, 0x60, 0x14, 0x7a,
    0x80, 0x2f, 0xe4, 0x3, 0x8, 0x4, 0xff, 0xec,
    0x72, 0x0, 0xf4, 0x7f, 0xed, 0x60, 0xe, 0x17,
    0xbf, 0xfa, 0x40, 0x3e, 0x1a, 0xff, 0x8, 0x1c,
    0x0, 0x62, 0xff, 0x10, 0xff, 0xa4, 0x40, 0x67,
    0xf8, 0x0, 0xdf, 0xff, 0x30, 0x4, 0x55, 0xdf,
    0xd6, 0x80, 0x0,

    /* U+0162 "Ţ" */
    0xaf, 0xff, 0xfe, 0x5, 0xd7, 0xff, 0xff, 0x2,
    0xc4, 0x8b, 0x2f, 0xf9, 0x88, 0xb8, 0x3, 0x8f,
    0xfc, 0x80, 0x1f, 0xe3, 0xff, 0x20, 0x7, 0xf8,
    0xff, 0xc8, 0x1, 0xfe, 0x3f, 0xf2, 0x0, 0x7f,
    0x8f, 0xfc, 0x80, 0x1f, 0xe3, 0xff, 0x20, 0x7,
    0xf8, 0xff, 0xc8, 0x1, 0xfe, 0x3f, 0xf2, 0x0,
    0x7f, 0x8f, 0xfc, 0x80, 0x1f, 0xe3, 0xff, 0x20,
    0x7, 0xf8, 0xff, 0xc8, 0x1, 0xfe, 0x3f, 0xf2,
    0x0, 0x7f, 0x8f, 0xfc, 0x80, 0x1f, 0xe3, 0xff,
    0x20, 0x7, 0xf8, 0x78, 0xc0, 0x3f, 0xeb, 0xfb,
    0x30, 0xf, 0xf8, 0x6b, 0x80, 0x3f, 0x89, 0xce,
    0xb8, 0x3, 0xf9, 0x77, 0xf4, 0xc0, 0x38,

    /* U+0163 "ţ" */
    0x0, 0xc2, 0x1, 0xe8, 0xe0, 0xe, 0x6f, 0xf0,
    0x7, 0x37, 0xf8, 0x3, 0x9b, 0xfc, 0x1, 0x67,
    0xff, 0xaa, 0x77, 0xfe, 0xdd, 0x40, 0x1, 0xbf,
    0xc0, 0x1c, 0xdf, 0xe0, 0xe, 0x6f, 0xf0, 0x7,
    0x37, 0xf8, 0x3, 0x9b, 0xfc, 0x1, 0xcd, 0xfe,
    0x0, 0xe6, 0xff, 0x0, 0x72, 0x7f, 0x94, 0x3,
    0xbb, 0xfe, 0xa0, 0x8, 0xff, 0xdc, 0xe0, 0x12,
    0xf0, 0x7, 0xaf, 0xf4, 0xc0, 0x3d, 0x78, 0x1,
    0x23, 0x1e, 0x58, 0x4, 0xdd, 0xf8, 0x40,

    /* U+0164 "Ť" */
    0x0, 0x8e, 0xc, 0x0, 0x70, 0x60, 0x1f, 0x57,
    0xa1, 0xfd, 0x80, 0x7f, 0x5f, 0xfa, 0xc0, 0x3f,
    0xeb, 0xc0, 0xf, 0xfe, 0x45, 0x7f, 0xff, 0xf0,
    0x2e, 0xbf, 0xff, 0xf8, 0x16, 0x24, 0x59, 0x7f,
    0xcc, 0x45, 0xc0, 0x1c, 0x7f, 0xe4, 0x0, 0xff,
    0x1f, 0xf9, 0x0, 0x3f, 0xc7, 0xfe, 0x40, 0xf,
    0xf1, 0xff, 0x90, 0x3, 0xfc, 0x7f, 0xe4, 0x0,
    0xff, 0x1f, 0xf9, 0x0, 0x3f, 0xc7, 0xfe, 0x40,
    0xf, 0xf1, 0xff, 0x90, 0x3, 0xfc, 0x7f, 0xe4,
    0x0, 0xff, 0x1f, 0xf9, 0x0, 0x3f, 0xc7, 0xfe,
    0x40, 0xf, 0xf1, 0xff, 0x90, 0x3, 0xfc, 0x7f,
    0xe4, 0x0, 0xff, 0x1f, 0xf9, 0x0, 0x38,

    /* U+0165 "ť" */
    0x0, 0xfa, 0x3f, 0x40, 0x3f, 0x6f, 0xa8, 0x6,
    0x6e, 0x1, 0xfd, 0x0, 0xcd, 0xfe, 0x6, 0xf5,
    0x0, 0xcd, 0xfe, 0xa, 0xd0, 0xe, 0x6f, 0xf0,
    0x7, 0xb3, 0xff, 0xd4, 0x1, 0x4e, 0xff, 0xdb,
    0xa8, 0x0, 0xe6, 0xff, 0x0, 0x7e, 0x6f, 0xf0,
    0x7, 0xe6, 0xff, 0x0, 0x7e, 0x6f, 0xf0, 0x7,
    0xe6, 0xff, 0x0, 0x7e, 0x6f, 0xf0, 0x7, 0xe6,
    0xff, 0x0, 0x7e, 0x5f, 0xf2, 0x80, 0x7e, 0xef,
    0xfa, 0x80, 0x3c, 0x79, 0xfc, 0xe0, 0x10,

    /* U+0166 "Ŧ" */
    0xaf, 0xff, 0xfe, 0x5, 0xd7, 0xff, 0xff, 0x2,
    0xc4, 0x8b, 0x2f, 0xf9, 0x88, 0xb8, 0x3, 0x8f,
    0xfc, 0x80, 0x1f, 0xe3, 0xff, 0x20, 0x7, 0xf8,
    0xff, 0xc8, 0x1, 0xfe, 0x3f, 0xf2, 0x0, 0x7f,
    0x8f, 0xfc, 0x80, 0x1f, 0xa7, 0xff, 0xd2, 0x1,
    0xe5, 0x9c, 0xff, 0x6c, 0xa8, 0x7, 0xe3, 0xff,
    0x20, 0x7, 0xf8, 0xff, 0xc8, 0x1, 0xfe, 0x3f,
    0xf2, 0x0, 0x7f, 0x8f, 0xfc, 0x80, 0x1f, 0xe3,
    0xff, 0x20, 0x7, 0xf8, 0xff, 0xc8, 0x1, 0xfe,
    0x3f, 0xf2, 0x0, 0x70,

    /* U+0167 "ŧ" */
    0x0, 0xe1, 0x0, 0xe5, 0xe4, 0x0, 0xc5, 0xfe,
    0x40, 0xc, 0x5f, 0xe4, 0x0, 0xc5, 0xfe, 0x40,
    0x4, 0x7f, 0xfb, 0x9b, 0x7f, 0xf6, 0xd8, 0x0,
    0xbf, 0xc8, 0x1, 0x8b, 0xfc, 0x80, 0x18, 0xbf,
    0xc8, 0x0, 0x8f, 0xff, 0x72, 0x4d, 0xff, 0xb6,
    0x60, 0x0, 0x5f, 0xe4, 0x0, 0xc5, 0xfe, 0x40,
    0xe, 0xff, 0x48, 0x7, 0x5f, 0xfd, 0xc0, 0x10,
    0xd7, 0xfa, 0xc0,

    /* U+0168 "Ũ" */
    0x0, 0xff, 0xe2, 0x96, 0xfc, 0x80, 0x2e, 0xc0,
    0x1e, 0xbc, 0x6f, 0x92, 0xe8, 0x0, 0xf7, 0xb0,
    0x27, 0xfb, 0x44, 0x3, 0xc6, 0x20, 0x11, 0x0,
    0x73, 0x7f, 0x84, 0x3, 0xcb, 0xfe, 0x16, 0xff,
    0x8, 0x7, 0x97, 0xfc, 0x2d, 0xfe, 0x10, 0xf,
    0x2f, 0xf8, 0x5b, 0xfc, 0x20, 0x1e, 0x5f, 0xf0,
    0xb7, 0xf8, 0x40, 0x3c, 0xbf, 0xe1, 0x6f, 0xf0,
    0x80, 0x79, 0x7f, 0xc2, 0xdf, 0xe1, 0x0, 0xf2,
    0xff, 0x85, 0xbf, 0xc2, 0x1, 0xe5, 0xff, 0xb,
    0x7f, 0x84, 0x3, 0xcb, 0xfe, 0x16, 0xff, 0x8,
    0x7, 0x97, 0xfc, 0x2b, 0xfe, 0x10, 0xf, 0x2f,
    0xf8, 0x57, 0xfc, 0x40, 0x1e, 0x6f, 0xf0, 0x1f,
    0xf9, 0x40, 0x3d, 0x5f, 0xc0, 0xe, 0xfd, 0x0,
    0xe2, 0xff, 0x48, 0x1, 0xff, 0xda, 0xc8, 0x88,
    0xef, 0xf1, 0x0, 0x53, 0xff, 0xf9, 0x40, 0x39,
    0x2b, 0xbf, 0xdb, 0x24, 0x1, 0x0,

    /* U+0169 "ũ" */
    0x0, 0x2f, 0x71, 0x40, 0x1e, 0xc0, 0x1, 0xfb,
    0xb7, 0xb3, 0xf9, 0x80, 0x17, 0xc4, 0x2b, 0xfd,
    0x40, 0x10, 0xa0, 0x4, 0x66, 0x0, 0xff, 0xe1,
    0x47, 0xe8, 0x7, 0x5f, 0xcc, 0x7e, 0x80, 0x75,
    0xfc, 0xc7, 0xe8, 0x7, 0x5f, 0xcc, 0x7e, 0x80,
    0x75, 0xfc, 0xc7, 0xe8, 0x7, 0x5f, 0xcc, 0x7e,
    0x80, 0x75, 0xfc, 0xc7, 0xe8, 0x7, 0x67, 0xcc,
    0x7f, 0x0, 0x77, 0xfa, 0x5b, 0xfc, 0x40, 0x12,
    0x7f, 0xa4, 0xbf, 0xd8, 0x62, 0xbd, 0xfe, 0x90,
    0x9f, 0xfe, 0xed, 0xf9, 0x0, 0x3e, 0xff, 0x48,
    0xdf, 0xc8,

    /* U+016A "Ū" */
    0x0, 0xc2, 0x3e, 0x0, 0xf9, 0xbf, 0xfc, 0x40,
    0x1e, 0x24, 0x4f, 0x0, 0x7f, 0xf1, 0x9b, 0xfc,
    0x20, 0x1e, 0x5f, 0xf0, 0xb7, 0xf8, 0x40, 0x3c,
    0xbf, 0xe1, 0x6f, 0xf0, 0x80, 0x79, 0x7f, 0xc2,
    0xdf, 0xe1, 0x0, 0xf2, 0xff, 0x85, 0xbf, 0xc2,
    0x1, 0xe5, 0xff, 0xb, 0x7f, 0x84, 0x3, 0xcb,
    0xfe, 0x16, 0xff, 0x8, 0x7, 0x97, 0xfc, 0x2d,
    0xfe, 0x10, 0xf, 0x2f, 0xf8, 0x5b, 0xfc, 0x20,
    0x1e, 0x5f, 0xf0, 0xb7, 0xf8, 0x40, 0x3c, 0xbf,
    0xe1, 0x5f, 0xf0, 0x80, 0x79, 0x7f, 0xc2, 0xbf,
    0xe2, 0x0, 0xf3, 0x7f, 0x80, 0xff, 0xca, 0x1,
    0xea, 0xfe, 0x0, 0x77, 0xe8, 0x7, 0x17, 0xfa,
    0x40, 0xf, 0xfe, 0xd6, 0x44, 0x47, 0x7f, 0x88,
    0x2, 0x9f, 0xff, 0xca, 0x1, 0xc9, 0x5d, 0xfe,
    0xd9, 0x20, 0x8,

    /* U+016B "ū" */
    0x0, 0x8, 0xfc, 0x1, 0xb3, 0xff, 0xb0, 0x3,
    0x1a, 0x27, 0x18, 0x7, 0xff, 0x6, 0x3f, 0x40,
    0x3a, 0xfe, 0x63, 0xf4, 0x3, 0xaf, 0xe6, 0x3f,
    0x40, 0x3a, 0xfe, 0x63, 0xf4, 0x3, 0xaf, 0xe6,
    0x3f, 0x40, 0x3a, 0xfe, 0x63, 0xf4, 0x3, 0xaf,
    0xe6, 0x3f, 0x40, 0x3b, 0x3e, 0x63, 0xf8, 0x3,
    0xbf, 0xd2, 0xdf, 0xe2, 0x0, 0x93, 0xfd, 0x25,
    0xfe, 0xc3, 0x15, 0xef, 0xf4, 0x84, 0xff, 0xf7,
    0x6f, 0xc8, 0x1, 0xf7, 0xfa, 0x46, 0xfe, 0x40,

    /* U+016C "Ŭ" */
    0x0, 0xaf, 0xc0, 0x23, 0xf7, 0x0, 0xf3, 0xfc,
    0x91, 0xe7, 0x98, 0x7, 0xd5, 0xff, 0x9c, 0x3,
    0xf8, 0x4c, 0xc2, 0x1, 0xcd, 0xfe, 0x10, 0xf,
    0x2f, 0xf8, 0x5b, 0xfc, 0x20, 0x1e, 0x5f, 0xf0,
    0xb7, 0xf8, 0x40, 0x3c, 0xbf, 0xe1, 0x6f, 0xf0,
    0x80, 0x79, 0x7f, 0xc2, 0xdf, 0xe1, 0x0, 0xf2,
    0xff, 0x85, 0xbf, 0xc2, 0x1, 0xe5, 0xff, 0xb,
    0x7f, 0x84, 0x3, 0xcb, 0xfe, 0x16, 0xff, 0x8,
    0x7, 0x97, 0xfc, 0x2d, 0xfe, 0x10, 0xf, 0x2f,
    0xf8, 0x5b, 0xfc, 0x20, 0x1e, 0x5f, 0xf0, 0xaf,
    0xf8, 0x40, 0x3c, 0xbf, 0xe1, 0x5f, 0xf1, 0x0,
    0x79, 0xbf, 0xc0, 0x7f, 0xe5, 0x0, 0xf5, 0x7f,
    0x0, 0x3b, 0xf4, 0x3, 0x8b, 0xfd, 0x20, 0x7,
    0xff, 0x6b, 0x22, 0x23, 0xbf, 0xc4, 0x1, 0x4f,
    0xff, 0xe5, 0x0, 0xe4, 0xae, 0xff, 0x6c, 0x90,
    0x4,

    /* U+016D "ŭ" */
    0x1, 0xf7, 0x0, 0x9b, 0xc4, 0x2, 0xde, 0x41,
    0x4d, 0xe0, 0xc, 0x7b, 0xff, 0x71, 0x80, 0x78,
    0x90, 0x80, 0x3f, 0xf8, 0x71, 0xfa, 0x1, 0xd7,
    0xf3, 0x1f, 0xa0, 0x1d, 0x7f, 0x31, 0xfa, 0x1,
    0xd7, 0xf3, 0x1f, 0xa0, 0x1d, 0x7f, 0x31, 0xfa,
    0x1, 0xd7, 0xf3, 0x1f, 0xa0, 0x1d, 0x7f, 0x31,
    0xfa, 0x1, 0xd9, 0xf3, 0x1f, 0xc0, 0x1d, 0xfe,
    0x96, 0xff, 0x10, 0x4, 0x9f, 0xe9, 0x2f, 0xf6,
    0x18, 0xaf, 0x7f, 0xa4, 0x27, 0xff, 0xbb, 0x7e,
    0x40, 0xf, 0xbf, 0xd2, 0x37, 0xf2,

    /* U+016E "Ů" */
    0x0, 0xff, 0xe3, 0xc7, 0xf2, 0x80, 0x7f, 0x37,
    0xab, 0xf9, 0x0, 0x7e, 0xaa, 0x0, 0x35, 0x80,
    0x3f, 0x3f, 0x12, 0x7a, 0x0, 0x7f, 0x5f, 0xfa,
    0x40, 0x39, 0xbf, 0xc2, 0x0, 0x21, 0x0, 0x2f,
    0xf8, 0x5b, 0xfc, 0x20, 0x1e, 0x5f, 0xf0, 0xb7,
    0xf8, 0x40, 0x3c, 0xbf, 0xe1, 0x6f, 0xf0, 0x80,
    0x79, 0x7f, 0xc2, 0xdf, 0xe1, 0x0, 0xf2, 0xff,
    0x85, 0xbf, 0xc2, 0x1, 0xe5, 0xff, 0xb, 0x7f,
    0x84, 0x3, 0xcb, 0xfe, 0x16, 0xff, 0x8, 0x7,
    0x97, 0xfc, 0x2d, 0xfe, 0x10, 0xf, 0x2f, 0xf8,
    0x5b, 0xfc, 0x20, 0x1e, 0x5f, 0xf0, 0xaf, 0xf8,
    0x40, 0x3c, 0xbf, 0xe1, 0x5f, 0xf1, 0x0, 0x79,
    0xbf, 0xc0, 0x7f, 0xe5, 0x0, 0xf5, 0x7f, 0x0,
    0x3b, 0xf4, 0x3, 0x8b, 0xfd, 0x20, 0x7, 0xff,
    0x6b, 0x22, 0x23, 0xbf, 0xc4, 0x1, 0x4f, 0xff,
    0xe5, 0x0, 0xe4, 0xae, 0xff, 0x6c, 0x90, 0x4,

    /* U+016F "ů" */
    0x0, 0xff, 0xe1, 0xe, 0x7e, 0x8, 0x7, 0xb2,
    0xd2, 0xf0, 0x3, 0xde, 0x80, 0x7e, 0x1, 0xed,
    0xa1, 0x9e, 0x0, 0xf1, 0xf7, 0xf8, 0xc0, 0x3f,
    0x18, 0x7, 0x47, 0xe8, 0x7, 0x5f, 0xcc, 0x7e,
    0x80, 0x75, 0xfc, 0xc7, 0xe8, 0x7, 0x5f, 0xcc,
    0x7e, 0x80, 0x75, 0xfc, 0xc7, 0xe8, 0x7, 0x5f,
    0xcc, 0x7e, 0x80, 0x75, 0xfc, 0xc7, 0xe8, 0x7,
    0x67, 0xcc, 0x7f, 0x0, 0x77, 0xfa, 0x5b, 0xfc,
    0x40, 0x12, 0x7f, 0xa4, 0xbf, 0xd8, 0x62, 0xbd,
    0xfe, 0x90, 0x9f, 0xfe, 0xed, 0xf9, 0x0, 0x3e,
    0xff, 0x48, 0xdf, 0xc8,

    /* U+0170 "Ű" */
    0x0, 0xf4, 0xe1, 0x82, 0xe5, 0x88, 0x7, 0x37,
    0xc8, 0xf, 0x79, 0x80, 0x71, 0x7e, 0x0, 0x2f,
    0xd0, 0x3, 0xd9, 0xc2, 0xf, 0xec, 0x1, 0xff,
    0xc5, 0x6f, 0xf0, 0x80, 0x79, 0x7f, 0xc2, 0xdf,
    0xe1, 0x0, 0xf2, 0xff, 0x85, 0xbf, 0xc2, 0x1,
    0xe5, 0xff, 0xb, 0x7f, 0x84, 0x3, 0xcb, 0xfe,
    0x16, 0xff, 0x8, 0x7, 0x97, 0xfc, 0x2d, 0xfe,
    0x10, 0xf, 0x2f, 0xf8, 0x5b, 0xfc, 0x20, 0x1e,
    0x5f, 0xf0, 0xb7, 0xf8, 0x40, 0x3c, 0xbf, 0xe1,
    0x6f, 0xf0, 0x80, 0x79, 0x7f, 0xc2, 0xdf, 0xe1,
    0x0, 0xf2, 0xff, 0x85, 0x7f, 0xc2, 0x1, 0xe5,
    0xff, 0xa, 0xff, 0x88, 0x3, 0xcd, 0xfe, 0x3,
    0xff, 0x28, 0x7, 0xab, 0xf8, 0x1, 0xdf, 0xa0,
    0x1c, 0x5f, 0xe9, 0x0, 0x3f, 0xfb, 0x59, 0x11,
    0x1d, 0xfe, 0x20, 0xa, 0x7f, 0xff, 0x28, 0x7,
    0x25, 0x77, 0xfb, 0x64, 0x80, 0x20,

    /* U+0171 "ű" */
    0x0, 0xc9, 0xf8, 0x0, 0xdf, 0x80, 0x8, 0x7b,
    0x82, 0x13, 0xf2, 0x1, 0xab, 0xcc, 0x13, 0xec,
    0x3, 0x1e, 0x30, 0x2, 0xa8, 0x1, 0xff, 0xc3,
    0x8f, 0xd0, 0xe, 0xbf, 0x90, 0x8f, 0xd0, 0xe,
    0xbf, 0x90, 0x8f, 0xd0, 0xe, 0xbf, 0x90, 0x8f,
    0xd0, 0xe, 0xbf, 0x90, 0x8f, 0xd0, 0xe, 0xbf,
    0x90, 0x8f, 0xd0, 0xe, 0xbf, 0x90, 0x8f, 0xd0,
    0xe, 0xcf, 0x90, 0x8f, 0xe0, 0xe, 0xff, 0x48,
    0x37, 0xf8, 0x80, 0x24, 0xff, 0x48, 0x17, 0xfb,
    0xc, 0x57, 0xbf, 0xd2, 0x0, 0x9f, 0xfe, 0xed,
    0xf9, 0x0, 0x9f, 0x7f, 0xa4, 0x6f, 0xe4, 0x0,

    /* U+0172 "Ų" */
    0x6f, 0xf0, 0x80, 0x79, 0x7f, 0xc2, 0xdf, 0xe1,
    0x0, 0xf2, 0xff, 0x85, 0xbf, 0xc2, 0x1, 0xe5,
    0xff, 0xb, 0x7f, 0x84, 0x3, 0xcb, 0xfe, 0x16,
    0xff, 0x8, 0x7, 0x97, 0xfc, 0x2d, 0xfe, 0x10,
    0xf, 0x2f, 0xf8, 0x5b, 0xfc, 0x20, 0x1e, 0x5f,
    0xf0, 0xb7, 0xf8, 0x40, 0x3c, 0xbf, 0xe1, 0x6f,
    0xf0, 0x80, 0x79, 0x7f, 0xc2, 0xdf, 0xe1, 0x0,
    0xf2, 0xff, 0x85, 0x7f, 0xc2, 0x1, 0xe5, 0xff,
    0xa, 0xff, 0x88, 0x3, 0xcd, 0xfe, 0x3, 0xff,
    0x28, 0x7, 0xab, 0xf8, 0x1, 0xdf, 0xa0, 0x1c,
    0x5f, 0xe9, 0x0, 0x3f, 0xfb, 0x59, 0x11, 0x1d,
    0xfe, 0x20, 0xa, 0x7f, 0xff, 0x28, 0x7, 0x25,
    0x77, 0xfd, 0x24, 0x1, 0xf8, 0xba, 0x40, 0x3f,
    0xec, 0xb0, 0xf, 0xf8, 0x7d, 0x40, 0x3f, 0xf8,
    0x1f, 0x6d, 0xac, 0x1, 0xfc, 0x9b, 0xf6, 0x20,
    0x18,

    /* U+0173 "ų" */
    0x8f, 0xd0, 0xe, 0xbf, 0x90, 0x8f, 0xd0, 0xe,
    0xbf, 0x90, 0x8f, 0xd0, 0xe, 0xbf, 0x90, 0x8f,
    0xd0, 0xe, 0xbf, 0x90, 0x8f, 0xd0, 0xe, 0xbf,
    0x90, 0x8f, 0xd0, 0xe, 0xbf, 0x90, 0x8f, 0xd0,
    0xe, 0xcf, 0x90, 0x8f, 0xe0, 0xe, 0xff, 0x48,
    0x37, 0xf8, 0x80, 0x24, 0xff, 0x48, 0x17, 0xfb,
    0xc, 0x57, 0xbf, 0xd2, 0x0, 0x9f, 0xfe, 0xed,
    0xf9, 0x0, 0x9f, 0x7f, 0xa4, 0x77, 0xe8, 0x3,
    0xf2, 0x7b, 0x80, 0x7f, 0x74, 0x0, 0x7f, 0x27,
    0x90, 0x7, 0xf1, 0x7c, 0xbf, 0x18, 0x7, 0xcf,
    0xdf, 0x20,

    /* U+0174 "Ŵ" */
    0x0, 0xff, 0xac, 0x40, 0x3f, 0xf9, 0x19, 0xfa,
    0x20, 0x1f, 0xfc, 0x6b, 0xf5, 0xec, 0x0, 0xff,
    0xe2, 0xd7, 0xa0, 0x1f, 0xd8, 0x7, 0xff, 0x4d,
    0x7f, 0xc4, 0x1, 0xf0, 0x80, 0x7e, 0xff, 0x40,
    0xff, 0x9c, 0x3, 0xd9, 0xfe, 0x0, 0xf2, 0xff,
    0x8c, 0x33, 0xec, 0x3, 0x87, 0xfe, 0x40, 0xe,
    0x9f, 0xf0, 0x2, 0x3f, 0xc0, 0x1c, 0xdf, 0xf4,
    0x0, 0x77, 0x7d, 0x0, 0xf, 0xfc, 0x80, 0x1a,
    0xbf, 0xed, 0x0, 0xc5, 0xfe, 0x60, 0xb, 0xbe,
    0x40, 0x37, 0xf9, 0xbf, 0xc4, 0x1, 0x3f, 0xf8,
    0x40, 0x2a, 0xfd, 0x0, 0x93, 0xfc, 0x1b, 0xec,
    0x1, 0x5f, 0xe0, 0x6, 0x5f, 0xf1, 0x0, 0x23,
    0xec, 0x23, 0xec, 0x2, 0xff, 0x40, 0x6, 0x1f,
    0xf3, 0x0, 0x37, 0xd8, 0xf, 0xfc, 0x0, 0x4f,
    0xf1, 0x80, 0x76, 0x7d, 0x81, 0x7f, 0x84, 0x1,
    0xde, 0x81, 0x3f, 0xc0, 0x1e, 0x7f, 0xf0, 0x3f,
    0xe0, 0x5, 0x5f, 0x21, 0xbf, 0x40, 0x1e, 0x2f,
    0xf2, 0x5f, 0xb8, 0x4, 0xbf, 0xc5, 0xfe, 0x50,
    0xf, 0xbb, 0xe7, 0xfc, 0x40, 0x1b, 0xfd, 0x3f,
    0xe0, 0xf, 0xd3, 0xff, 0x70, 0x7, 0x5f, 0xfd,
    0x80, 0x1f, 0x93, 0xfe, 0x90, 0xe, 0x6f, 0xf9,
    0xc0, 0x3f, 0xbf, 0xe4, 0x0, 0xe1, 0xff, 0x88,
    0x3, 0xfa, 0xff, 0xc0, 0x1f, 0x67, 0xf0, 0x7,
    0x0,

    /* U+0175 "ŵ" */
    0x0, 0xfc, 0xcc, 0x0, 0xff, 0xe1, 0xaf, 0xf9,
    0x40, 0x3f, 0xf8, 0x29, 0xf3, 0x2f, 0x40, 0xf,
    0xf8, 0xfe, 0x80, 0x15, 0xe6, 0x1, 0xff, 0xcb,
    0x4f, 0xf1, 0x80, 0x47, 0xfe, 0x20, 0x8, 0xff,
    0xc8, 0x1f, 0xe7, 0x0, 0xa3, 0xfc, 0xe0, 0x14,
    0x7f, 0x80, 0x15, 0xf8, 0x1, 0x6f, 0xfb, 0x0,
    0x2c, 0xfa, 0x0, 0x2f, 0xf8, 0x0, 0x5f, 0xdc,
    0xf1, 0x1, 0xff, 0x28, 0x0, 0x7f, 0xc8, 0xd,
    0xf5, 0x4f, 0x60, 0x5f, 0xf0, 0x80, 0x59, 0xf2,
    0x17, 0xea, 0xaf, 0xb0, 0x9f, 0xc0, 0xc, 0xff,
    0xa3, 0xfe, 0x0, 0x7f, 0x87, 0x7d, 0xc0, 0x31,
    0x7f, 0x9f, 0xec, 0x1, 0x7f, 0x1f, 0xe2, 0x0,
    0xee, 0xff, 0x98, 0x0, 0xdf, 0xf6, 0x80, 0x7a,
    0x7f, 0xe1, 0x0, 0xf, 0xfd, 0x20, 0x1e, 0x4f,
    0xf6, 0x0, 0x6c, 0xff, 0x20, 0x7, 0xdf, 0xe7,
    0x0, 0xcf, 0xfe, 0x0, 0xc0,

    /* U+0176 "Ŷ" */
    0x0, 0xf1, 0x50, 0x7, 0xff, 0x0, 0x7b, 0xe8,
    0x3, 0xfc, 0x3b, 0xa5, 0xf9, 0x0, 0xfe, 0xce,
    0x20, 0x5f, 0x80, 0xf, 0xfe, 0x3c, 0x7f, 0x90,
    0x3, 0xea, 0xff, 0x10, 0x77, 0xe0, 0x7, 0x8f,
    0xfd, 0x20, 0x5, 0xff, 0x28, 0x7, 0x5f, 0xf0,
    0x80, 0x59, 0xfa, 0x1, 0x93, 0xfc, 0xe0, 0x18,
    0xff, 0xcc, 0x1, 0x6f, 0xe8, 0x7, 0xab, 0xf8,
    0x0, 0xdf, 0xe5, 0x0, 0xf1, 0x7f, 0x9c, 0x3b,
    0xf0, 0x3, 0xf4, 0x7f, 0xa7, 0xfc, 0x60, 0x1f,
    0xdd, 0xff, 0x50, 0x7, 0xf9, 0xbf, 0xe1, 0x0,
    0xff, 0xbb, 0xe4, 0x3, 0xff, 0x81, 0xdf, 0x20,
    0x1f, 0xfc, 0xe, 0xf9, 0x0, 0xff, 0xe0, 0x77,
    0xc8, 0x7, 0xff, 0x3, 0xbe, 0x40, 0x3f, 0xf8,
    0x1d, 0xf2, 0x1, 0xff, 0xc0, 0xef, 0x90, 0xf,
    0x0,

    /* U+0177 "ŷ" */
    0x0, 0xe2, 0xa0, 0xf, 0xf1, 0x77, 0xd0, 0x7,
    0xe1, 0xdd, 0x2f, 0xc8, 0x7, 0x87, 0x78, 0x41,
    0x7e, 0x0, 0x3f, 0xf8, 0x8b, 0xfe, 0x40, 0xe,
    0xaf, 0xe0, 0x7, 0x7c, 0x80, 0x77, 0xf9, 0xc0,
    0x11, 0xfe, 0x0, 0xcb, 0xfe, 0x10, 0x0, 0xff,
    0x94, 0x2, 0xbf, 0xb0, 0xd, 0x7f, 0x60, 0x1,
    0xff, 0x20, 0x6, 0x4f, 0xf0, 0x83, 0xff, 0x0,
    0x7b, 0xbd, 0x83, 0x7d, 0xc0, 0x3c, 0xff, 0x87,
    0xfe, 0x10, 0xf, 0xf, 0xfa, 0xbe, 0xc0, 0x3f,
    0x5f, 0xfc, 0x80, 0x1f, 0x93, 0xfd, 0xc0, 0x1f,
    0xc3, 0xfe, 0x70, 0xf, 0xe6, 0xff, 0x8, 0x7,
    0xf6, 0xfd, 0x80, 0x7f, 0x1f, 0xf9, 0x0, 0x3f,
    0xab, 0xf8, 0x3, 0xf8, 0x7f, 0xce, 0x1, 0xf0,

    /* U+0178 "Ÿ" */
    0x0, 0x8f, 0x74, 0xa1, 0x3b, 0x80, 0x1f, 0x27,
    0xf9, 0x82, 0xff, 0xc0, 0x1f, 0x27, 0xf9, 0x82,
    0xff, 0xc0, 0x1f, 0xfd, 0x68, 0xff, 0x20, 0x7,
    0xd5, 0xfe, 0x20, 0xef, 0xc0, 0xf, 0x1f, 0xfa,
    0x40, 0xb, 0xfe, 0x50, 0xe, 0xbf, 0xe1, 0x0,
    0xb3, 0xf4, 0x3, 0x27, 0xf9, 0xc0, 0x31, 0xff,
    0x98, 0x2, 0xdf, 0xd0, 0xf, 0x57, 0xf0, 0x1,
    0xbf, 0xca, 0x1, 0xe2, 0xff, 0x38, 0x77, 0xe0,
    0x7, 0xe8, 0xff, 0x4f, 0xf8, 0xc0, 0x3f, 0xbb,
    0xfe, 0xa0, 0xf, 0xf3, 0x7f, 0xc2, 0x1, 0xff,
    0x77, 0xc8, 0x7, 0xff, 0x3, 0xbe, 0x40, 0x3f,
    0xf8, 0x1d, 0xf2, 0x1, 0xff, 0xc0, 0xef, 0x90,
    0xf, 0xfe, 0x7, 0x7c, 0x80, 0x7f, 0xf0, 0x3b,
    0xe4, 0x3, 0xff, 0x81, 0xdf, 0x20, 0x1e,

    /* U+0179 "Ź" */
    0x0, 0xfc, 0x50, 0xe2, 0x1, 0xfe, 0xdf, 0x60,
    0xf, 0xf5, 0x7b, 0x80, 0x7f, 0x9b, 0xdc, 0x3,
    0xff, 0x91, 0x7f, 0xff, 0xf0, 0x85, 0xff, 0xff,
    0xc2, 0x2, 0x45, 0xf2, 0xff, 0xb0, 0x3, 0xfd,
    0xbf, 0xc2, 0x1, 0xfd, 0x3f, 0xe4, 0x0, 0xfe,
    0x5f, 0xf4, 0x80, 0x7f, 0xf, 0x7e, 0x0, 0x7f,
    0xb3, 0xfc, 0x40, 0x1f, 0xd1, 0xfe, 0x50, 0xf,
    0xe4, 0xff, 0x50, 0x7, 0xf0, 0xf7, 0xe8, 0x7,
    0xfa, 0xff, 0xc6, 0x1, 0xfc, 0xff, 0xe6, 0x0,
    0xfe, 0x3f, 0xf5, 0x80, 0x7f, 0xb7, 0xfc, 0x64,
    0x5f, 0x85, 0x3f, 0xff, 0xf8, 0xc, 0x9f, 0xff,
    0xfc, 0x6,

    /* U+017A "ź" */
    0x0, 0xf0, 0xf7, 0xb8, 0x7, 0xd7, 0xee, 0x1,
    0xf3, 0xfb, 0x80, 0x7e, 0x75, 0x0, 0xff, 0xe2,
    0x6f, 0xff, 0xe5, 0xc, 0xee, 0xef, 0xf9, 0x0,
    0x3e, 0xdf, 0xb0, 0xf, 0xab, 0xf8, 0x40, 0x3c,
    0xff, 0xe3, 0x0, 0xf2, 0x7f, 0x98, 0x3, 0xc5,
    0xdf, 0x20, 0x1f, 0x6f, 0xe0, 0x7, 0xd5, 0xfc,
    0x20, 0x1e, 0x7f, 0xf2, 0x0, 0x78, 0x7f, 0xee,
    0xef, 0x21, 0x7f, 0xff, 0x28,

    /* U+017B "Ż" */
    0x0, 0xe3, 0xdd, 0x30, 0x7, 0xf8, 0xff, 0xce,
    0x1, 0xfe, 0x3f, 0xf3, 0x80, 0x7f, 0xf5, 0xaf,
    0xff, 0xfe, 0x10, 0xbf, 0xff, 0xf8, 0x40, 0x48,
    0xbe, 0x5f, 0xf6, 0x0, 0x7f, 0xb7, 0xf8, 0x40,
    0x3f, 0xa7, 0xfc, 0x80, 0x1f, 0xcb, 0xfe, 0x90,
    0xf, 0xe1, 0xef, 0xc0, 0xf, 0xf6, 0x7f, 0x88,
    0x3, 0xfa, 0x3f, 0xca, 0x1, 0xfc, 0x9f, 0xea,
    0x0, 0xfe, 0x1e, 0xfd, 0x0, 0xff, 0x5f, 0xf8,
    0xc0, 0x3f, 0x9f, 0xfc, 0xc0, 0x1f, 0xc7, 0xfe,
    0xb0, 0xf, 0xf6, 0xff, 0x8c, 0x8b, 0xf0, 0xa7,
    0xff, 0xff, 0x1, 0x93, 0xff, 0xff, 0x80, 0xc0,

    /* U+017C "ż" */
    0x0, 0xd5, 0xfe, 0x0, 0xfd, 0x5f, 0xe0, 0xf,
    0xd1, 0xba, 0x0, 0xff, 0xe7, 0xef, 0xff, 0xe5,
    0xc, 0xee, 0xef, 0xf9, 0x0, 0x3e, 0xdf, 0xb0,
    0xf, 0xab, 0xf8, 0x40, 0x3c, 0xff, 0xe3, 0x0,
    0xf2, 0x7f, 0x98, 0x3, 0xc5, 0xdf, 0x20, 0x1f,
    0x6f, 0xe0, 0x7, 0xd5, 0xfc, 0x20, 0x1e, 0x7f,
    0xf2, 0x0, 0x78, 0x7f, 0xee, 0xef, 0x21, 0x7f,
    0xff, 0x28,

    /* U+017D "Ž" */
    0x0, 0x8a, 0x10, 0x0, 0x50, 0x80, 0x1f, 0x4f,
    0xa9, 0x76, 0x0, 0x7f, 0x4f, 0xf6, 0x8, 0x7,
    0xfa, 0xb4, 0x40, 0x3f, 0xf8, 0x2, 0x1, 0xf5,
    0xff, 0xff, 0xc2, 0x17, 0xff, 0xff, 0x8, 0x9,
    0x17, 0xcb, 0xfe, 0xc0, 0xf, 0xf6, 0xff, 0x8,
    0x7, 0xf4, 0xff, 0x90, 0x3, 0xf9, 0x7f, 0xd2,
    0x1, 0xfc, 0x3d, 0xf8, 0x1, 0xfe, 0xcf, 0xf1,
    0x0, 0x7f, 0x47, 0xf9, 0x40, 0x3f, 0x93, 0xfd,
    0x40, 0x1f, 0xc3, 0xdf, 0xa0, 0x1f, 0xeb, 0xff,
    0x18, 0x7, 0xf3, 0xff, 0x98, 0x3, 0xf8, 0xff,
    0xd6, 0x1, 0xfe, 0xdf, 0xf1, 0x91, 0x7e, 0x14,
    0xff, 0xff, 0xe0, 0x32, 0x7f, 0xff, 0xf0, 0x18,

    /* U+017E "ž" */
    0x0, 0x47, 0xa8, 0xe, 0xe0, 0x80, 0x68, 0xf5,
    0xcd, 0x10, 0xf, 0x4f, 0xe8, 0x80, 0x7e, 0x81,
    0x0, 0xff, 0xe2, 0x6f, 0xff, 0xe5, 0xc, 0xee,
    0xef, 0xf9, 0x0, 0x3e, 0xdf, 0xb0, 0xf, 0xab,
    0xf8, 0x40, 0x3c, 0xff, 0xe3, 0x0, 0xf2, 0x7f,
    0x98, 0x3, 0xc5, 0xdf, 0x20, 0x1f, 0x6f, 0xe0,
    0x7, 0xd5, 0xfc, 0x20, 0x1e, 0x7f, 0xf2, 0x0,
    0x78, 0x7f, 0xee, 0xef, 0x21, 0x7f, 0xff, 0x28,

    /* U+018F "Ə" */
    0x0, 0xcb, 0x5d, 0xfe, 0xda, 0x40, 0xf, 0xe,
    0x7f, 0xfe, 0xb1, 0x0, 0x87, 0x7f, 0xdb, 0xc,
    0xb1, 0xbf, 0xed, 0x0, 0xab, 0xfc, 0xc0, 0x1e,
    0x7f, 0xf5, 0x0, 0x37, 0xe0, 0x3, 0xf4, 0x7f,
    0x88, 0x0, 0x40, 0x1f, 0xc3, 0xfe, 0x70, 0xf,
    0xfe, 0xd, 0xfd, 0x80, 0x7f, 0xf0, 0x67, 0xf6,
    0xff, 0xdb, 0xbf, 0xef, 0xfb, 0x3f, 0xff, 0xf8,
    0x75, 0xfa, 0x1, 0xfe, 0xcf, 0xb6, 0xff, 0x10,
    0x7, 0xe1, 0xff, 0x38, 0xff, 0xa8, 0x3, 0xf4,
    0xff, 0x84, 0x23, 0xfd, 0x0, 0x1e, 0x7f, 0xf4,
    0x80, 0x59, 0xfe, 0xd8, 0x55, 0x46, 0xff, 0xb4,
    0x3, 0xab, 0xff, 0xf5, 0x88, 0x7, 0x92, 0xb7,
    0xfd, 0xd4, 0x80, 0x18,

    /* U+0192 "ƒ" */
    0x0, 0xc9, 0x9f, 0xb0, 0x1, 0x8b, 0xff, 0x8c,
    0x2, 0x8f, 0xa0, 0x34, 0x0, 0xd7, 0xe8, 0x1,
    0xf5, 0xfa, 0x0, 0x76, 0x7f, 0xf8, 0xc0, 0x13,
    0x9d, 0xfb, 0x98, 0x20, 0xd, 0x7e, 0x80, 0x1f,
    0x5f, 0xa0, 0x7, 0xd7, 0xe8, 0x1, 0xf5, 0xfa,
    0x0, 0x7d, 0x7e, 0x80, 0x1f, 0x5f, 0xa0, 0x7,
    0xd7, 0xe8, 0x1, 0xf5, 0xfa, 0x0, 0x7d, 0x7e,
    0x80, 0x1f, 0x5f, 0xa0, 0x7, 0xd9, 0xe6, 0x1,
    0xf7, 0x78, 0x80, 0x7a, 0x3f, 0x0, 0x3b, 0x3f,
    0xe3, 0x0, 0xee, 0xd9, 0x20, 0xf, 0x0,

    /* U+019D "Ɲ" */
    0x0, 0x1f, 0xfa, 0x80, 0x3e, 0xef, 0x80, 0x1,
    0xff, 0xc8, 0x1, 0xee, 0xf8, 0x0, 0x1f, 0xfd,
    0xa0, 0x1e, 0xef, 0x80, 0x1, 0xff, 0xe8, 0x0,
    0xee, 0xf8, 0x0, 0x1f, 0xff, 0x10, 0x6, 0xef,
    0x80, 0x1, 0xff, 0x9f, 0xfd, 0x80, 0x1b, 0xbe,
    0x0, 0x7, 0xfe, 0x49, 0xff, 0x30, 0x5, 0xdf,
    0x0, 0x3, 0xff, 0x20, 0x77, 0xf0, 0x80, 0x3b,
    0xe0, 0x0, 0x7f, 0xe4, 0x5, 0xff, 0x50, 0x3,
    0xbe, 0x0, 0x7, 0xfe, 0x40, 0x5, 0xff, 0x90,
    0x3b, 0xe0, 0x0, 0x7f, 0xe4, 0x0, 0x17, 0xfb,
    0x43, 0xbe, 0x0, 0x7, 0xfe, 0x40, 0x9, 0xff,
    0xd1, 0xdf, 0x0, 0x3, 0xff, 0x20, 0x6, 0xdf,
    0xfd, 0x0, 0x3, 0xff, 0x20, 0x6, 0x3f, 0xfd,
    0x0, 0x3, 0xff, 0x20, 0x7, 0x57, 0xfd, 0x0,
    0x3, 0xff, 0x20, 0x7, 0xf, 0x7f, 0xa0, 0x0,
    0x7f, 0xe4, 0x0, 0xf3, 0x7f, 0xa0, 0x0, 0x7f,
    0xe3, 0x0, 0xff, 0xe0, 0x3f, 0xf8, 0x40, 0x3f,
    0xc3, 0x7f, 0xe9, 0x0, 0xff, 0x8b, 0xf1, 0x80,
    0x3f, 0xf8, 0x0,

    /* U+01A0 "Ơ" */
    0x0, 0xc9, 0x5b, 0xfe, 0xd9, 0x30, 0xb, 0xe8,
    0x2, 0xaf, 0xff, 0xd2, 0x0, 0xf9, 0x0, 0x67,
    0xfb, 0x61, 0x5a, 0x3b, 0xfd, 0x6b, 0xee, 0x11,
    0xfe, 0x80, 0xf, 0x57, 0xfd, 0xc2, 0x2f, 0xf5,
    0x0, 0x7e, 0xcf, 0xf1, 0x83, 0x7f, 0x84, 0x3,
    0xf1, 0xff, 0x94, 0x2b, 0xf0, 0x3, 0xfd, 0xdf,
    0x21, 0x9f, 0x40, 0x1f, 0xeb, 0xfb, 0xd, 0xf9,
    0x0, 0xff, 0x57, 0xe0, 0x67, 0xd0, 0x7, 0xfa,
    0xfe, 0xc2, 0xbf, 0x0, 0x3f, 0xdd, 0xf2, 0xd,
    0xfe, 0x10, 0xf, 0xc7, 0xfe, 0x50, 0x1f, 0xf5,
    0x0, 0x7e, 0xcf, 0xf0, 0x5, 0x1f, 0xe8, 0x0,
    0xf5, 0x7f, 0x9c, 0x3, 0x67, 0xfb, 0x61, 0x99,
    0x1d, 0xfe, 0xb0, 0xf, 0x57, 0xff, 0xe9, 0x0,
    0xfc, 0x95, 0xdf, 0xed, 0x93, 0x0, 0xe0,

    /* U+01A1 "ơ" */
    0x0, 0xff, 0x92, 0x0, 0x3f, 0xf8, 0x13, 0xe2,
    0x1, 0x3e, 0x7f, 0x63, 0x0, 0x2f, 0xc0, 0x5,
    0xbf, 0xfe, 0xc5, 0xfb, 0x0, 0x6f, 0xf2, 0x89,
    0x3f, 0xfd, 0xc4, 0xd, 0xfe, 0x20, 0xc, 0x9f,
    0xe4, 0x0, 0x5f, 0xd0, 0x7, 0xb7, 0xe0, 0x1,
    0xbe, 0xe0, 0x1e, 0xaf, 0xa0, 0x6, 0xfb, 0x80,
    0x7a, 0xbe, 0x80, 0x17, 0xf4, 0x1, 0xed, 0xf8,
    0x0, 0x37, 0xf8, 0x80, 0x32, 0xff, 0x88, 0x2,
    0xdf, 0xe5, 0x22, 0x3f, 0xfa, 0x80, 0x31, 0x6f,
    0xff, 0xac, 0x3, 0xe7, 0xdf, 0xec, 0x60, 0xe,

    /* U+01AF "Ư" */
    0x6f, 0xf0, 0x80, 0x79, 0x7f, 0xc2, 0xde, 0x8d,
    0xfe, 0x10, 0xf, 0x2f, 0xf8, 0x5b, 0xcd, 0xbf,
    0xc2, 0x1, 0xe5, 0xff, 0xd, 0xf8, 0xb7, 0xf8,
    0x40, 0x3c, 0xbf, 0xed, 0xfa, 0x6, 0xff, 0x8,
    0x7, 0x97, 0xfe, 0x90, 0x3, 0x7f, 0x84, 0x3,
    0xcb, 0xfe, 0x10, 0x9, 0xbf, 0xc2, 0x1, 0xe5,
    0xff, 0x8, 0x4, 0xdf, 0xe1, 0x0, 0xf2, 0xff,
    0x84, 0x2, 0x6f, 0xf0, 0x80, 0x79, 0x7f, 0xc2,
    0x1, 0x37, 0xf8, 0x40, 0x3c, 0xbf, 0xe1, 0x0,
    0x97, 0xfc, 0x20, 0x1e, 0x5f, 0xf0, 0x80, 0x4b,
    0xfe, 0x20, 0xf, 0x37, 0xf8, 0x3, 0x1f, 0xf9,
    0x40, 0x3d, 0x5f, 0xc0, 0x1d, 0xdf, 0xa0, 0x1c,
    0x5f, 0xe9, 0x0, 0xe7, 0xff, 0x6b, 0x22, 0x23,
    0xbf, 0xc4, 0x1, 0xe9, 0xff, 0xfc, 0xa0, 0x1f,
    0x92, 0xbb, 0xfd, 0xb2, 0x40, 0x1e,

    /* U+01B0 "ư" */
    0x0, 0xff, 0xa1, 0x0, 0x3f, 0xc3, 0xf2, 0x1,
    0xfe, 0x3f, 0x70, 0xf, 0xe1, 0xbf, 0x38, 0xfd,
    0x0, 0xeb, 0xff, 0x48, 0x47, 0xe8, 0x7, 0x5f,
    0xe8, 0x2, 0x3f, 0x40, 0x3a, 0xfe, 0x40, 0x11,
    0xfa, 0x1, 0xd7, 0xf2, 0x0, 0x8f, 0xd0, 0xe,
    0xbf, 0x90, 0x4, 0x7e, 0x80, 0x75, 0xfc, 0x80,
    0x23, 0xf4, 0x3, 0xb3, 0xe4, 0x1, 0x1f, 0xc0,
    0x1d, 0xfe, 0x90, 0x3, 0x7f, 0x88, 0x2, 0x4f,
    0xf4, 0x80, 0xb, 0xfd, 0x86, 0x2b, 0xdf, 0xe9,
    0x0, 0xa7, 0xff, 0xbb, 0x7e, 0x40, 0x33, 0xef,
    0xf4, 0x8d, 0xfc, 0x80, 0x0,

    /* U+01CD "Ǎ" */
    0x0, 0xca, 0xe2, 0x0, 0x47, 0x10, 0xf, 0xc3,
    0xba, 0x16, 0xf8, 0x0, 0xff, 0xe, 0xf7, 0xc0,
    0x7, 0xff, 0x0, 0x76, 0x40, 0x3f, 0xf8, 0x42,
    0x1, 0xff, 0xc2, 0x5f, 0xe0, 0xf, 0xfe, 0xd,
    0xff, 0x90, 0x3, 0xfe, 0x1f, 0xfa, 0x80, 0x3f,
    0xe7, 0xff, 0xc2, 0x1, 0xfe, 0xdf, 0x7e, 0xf7,
    0x0, 0xfe, 0x4f, 0xf1, 0x47, 0xe8, 0x7, 0xf5,
    0x7e, 0x1, 0x7f, 0x8c, 0x3, 0xf7, 0xf9, 0x80,
    0x1b, 0xf2, 0x1, 0xf3, 0x7f, 0x84, 0x0, 0xff,
    0xe0, 0xf, 0xb3, 0xec, 0x2, 0x1f, 0xf2, 0x80,
    0x71, 0x7f, 0x94, 0x3, 0x67, 0xd8, 0x7, 0x47,
    0xff, 0xf8, 0x80, 0x37, 0x7f, 0xff, 0xa0, 0x2,
    0x5f, 0xf3, 0x11, 0x7b, 0x3f, 0x80, 0x2b, 0xfe,
    0x0, 0xf9, 0x7f, 0xc8, 0x3, 0xfe, 0x90, 0xf,
    0xdf, 0xea, 0x7, 0xff, 0x18, 0x7, 0xea, 0xff,
    0x0,

    /* U+01CE "ǎ" */
    0x0, 0x4f, 0x98, 0xf, 0x58, 0x7, 0x57, 0x1e,
    0xe0, 0x7, 0xd5, 0xf8, 0x1, 0xfd, 0x2, 0x1,
    0xff, 0xc5, 0x5b, 0xef, 0xeb, 0x40, 0x0, 0xe7,
    0xff, 0xce, 0x9, 0xfc, 0xc2, 0x7, 0x9f, 0xe1,
    0x4, 0x20, 0xc, 0x3f, 0xe6, 0x0, 0xfd, 0xbf,
    0x0, 0x75, 0xdf, 0xfe, 0x84, 0xff, 0xb3, 0x37,
    0xfa, 0x33, 0xf0, 0x40, 0x37, 0xfa, 0x37, 0xe0,
    0x3, 0x1f, 0xfa, 0x2b, 0xf4, 0x2, 0x2d, 0xff,
    0x41, 0x7f, 0xd7, 0x9f, 0xba, 0xf8, 0x2, 0xae,
    0xfe, 0x91, 0xaf, 0x80,

    /* U+01CF "Ǐ" */
    0x38, 0x30, 0x1, 0x41, 0x85, 0x7a, 0x1f, 0x58,
    0x5, 0x5f, 0xec, 0x0, 0xeb, 0xc0, 0xf, 0xfe,
    0x9, 0xff, 0x90, 0x3, 0x1f, 0xf9, 0x0, 0x31,
    0xff, 0x90, 0x3, 0x1f, 0xf9, 0x0, 0x31, 0xff,
    0x90, 0x3, 0x1f, 0xf9, 0x0, 0x31, 0xff, 0x90,
    0x3, 0x1f, 0xf9, 0x0, 0x31, 0xff, 0x90, 0x3,
    0x1f, 0xf9, 0x0, 0x31, 0xff, 0x90, 0x3, 0x1f,
    0xf9, 0x0, 0x31, 0xff, 0x90, 0x3, 0x1f, 0xf9,
    0x0, 0x31, 0xff, 0x90, 0x3, 0x1f, 0xf9, 0x0,
    0x31, 0xff, 0x90, 0x0,

    /* U+01D0 "ǐ" */
    0x6f, 0x60, 0x6, 0x68, 0x83, 0xfa, 0xdf, 0x8,
    0x4, 0xff, 0xc4, 0x1, 0xce, 0x40, 0x1f, 0xfc,
    0x16, 0xff, 0x0, 0x73, 0x7f, 0x80, 0x39, 0xbf,
    0xc0, 0x1c, 0xdf, 0xe0, 0xe, 0x6f, 0xf0, 0x7,
    0x37, 0xf8, 0x3, 0x9b, 0xfc, 0x1, 0xcd, 0xfe,
    0x0, 0xe6, 0xff, 0x0, 0x73, 0x7f, 0x80, 0x39,
    0xbf, 0xc0, 0x1c, 0xdf, 0xe0, 0x8,

    /* U+01D1 "Ǒ" */
    0x0, 0xc9, 0xf0, 0x0, 0xaf, 0x30, 0xf, 0xe4,
    0xf6, 0x8f, 0x30, 0xf, 0xf9, 0x7f, 0xc8, 0x1,
    0xff, 0xc1, 0x54, 0x0, 0xff, 0xe7, 0xa5, 0x6f,
    0xfb, 0x64, 0xc0, 0x3e, 0xaf, 0xff, 0xd2, 0x1,
    0xd9, 0xfe, 0xd8, 0x56, 0x8e, 0xff, 0x58, 0x5,
    0x1f, 0xe8, 0x0, 0xf5, 0x7f, 0x9c, 0x7, 0xfd,
    0x40, 0x1f, 0xb3, 0xfc, 0xd, 0xfe, 0x10, 0xf,
    0xc7, 0xfe, 0x5a, 0xfc, 0x0, 0xff, 0x77, 0xce,
    0x7d, 0x0, 0x7f, 0xaf, 0xef, 0x7e, 0x40, 0x3f,
    0xd5, 0xf9, 0x8f, 0xa0, 0xf, 0xf5, 0xfd, 0xd7,
    0xe0, 0x7, 0xfb, 0xbe, 0x5b, 0xfc, 0x20, 0x1f,
    0x8f, 0xfc, 0xa3, 0xfe, 0xa0, 0xf, 0xd9, 0xfe,
    0x0, 0x47, 0xfa, 0x0, 0x3d, 0x5f, 0xe7, 0x0,
    0xb3, 0xfd, 0xb0, 0xcc, 0x8e, 0xff, 0x58, 0x7,
    0x57, 0xff, 0xe9, 0x0, 0xf9, 0x2b, 0xbf, 0xdb,
    0x26, 0x1, 0x80,

    /* U+01D2 "ǒ" */
    0x0, 0x27, 0xc0, 0x2, 0xb8, 0x80, 0x39, 0x7d,
    0xa7, 0x8c, 0x3, 0xe5, 0xff, 0x18, 0x7, 0xf3,
    0x18, 0x7, 0xff, 0x21, 0xf3, 0xfb, 0x18, 0x3,
    0x16, 0xff, 0xfa, 0xc0, 0x2d, 0xfe, 0x51, 0x27,
    0xff, 0x50, 0x37, 0xf8, 0x80, 0x32, 0x7f, 0x8e,
    0xfe, 0x80, 0x3d, 0xbf, 0x1b, 0xee, 0x1, 0xea,
    0xfa, 0xdf, 0x70, 0xf, 0x57, 0xd5, 0xfd, 0x0,
    0x7b, 0x7e, 0x1b, 0xfc, 0x40, 0x19, 0x7f, 0xc4,
    0x1b, 0xfc, 0xa4, 0x47, 0xff, 0x50, 0x0, 0xb7,
    0xff, 0xd6, 0x1, 0xcf, 0xbf, 0xd8, 0xc0, 0x10,

    /* U+01D3 "Ǔ" */
    0x0, 0x97, 0xe0, 0x1, 0x7c, 0x40, 0x1f, 0x2f,
    0xbd, 0x71, 0x0, 0x7f, 0x37, 0xf8, 0xc0, 0x3f,
    0xe6, 0x30, 0xf, 0xfe, 0x43, 0x7f, 0x84, 0x3,
    0xcb, 0xfe, 0x16, 0xff, 0x8, 0x7, 0x97, 0xfc,
    0x2d, 0xfe, 0x10, 0xf, 0x2f, 0xf8, 0x5b, 0xfc,
    0x20, 0x1e, 0x5f, 0xf0, 0xb7, 0xf8, 0x40, 0x3c,
    0xbf, 0xe1, 0x6f, 0xf0, 0x80, 0x79, 0x7f, 0xc2,
    0xdf, 0xe1, 0x0, 0xf2, 0xff, 0x85, 0xbf, 0xc2,
    0x1, 0xe5, 0xff, 0xb, 0x7f, 0x84, 0x3, 0xcb,
    0xfe, 0x16, 0xff, 0x8, 0x7, 0x97, 0xfc, 0x2b,
    0xfe, 0x10, 0xf, 0x2f, 0xf8, 0x57, 0xfc, 0x40,
    0x1e, 0x6f, 0xf0, 0x1f, 0xf9, 0x40, 0x3d, 0x5f,
    0xc0, 0xe, 0xfd, 0x0, 0xe2, 0xff, 0x48, 0x1,
    0xff, 0xda, 0xc8, 0x88, 0xef, 0xf1, 0x0, 0x53,
    0xff, 0xf9, 0x40, 0x39, 0x2b, 0xbf, 0xdb, 0x24,
    0x1, 0x0,

    /* U+01D4 "ǔ" */
    0x0, 0x57, 0x98, 0x17, 0x58, 0x7, 0x57, 0x27,
    0x58, 0x7, 0xd7, 0xf6, 0x1, 0xfd, 0x0, 0x1f,
    0xfc, 0x48, 0xfd, 0x0, 0xeb, 0xf9, 0x8f, 0xd0,
    0xe, 0xbf, 0x98, 0xfd, 0x0, 0xeb, 0xf9, 0x8f,
    0xd0, 0xe, 0xbf, 0x98, 0xfd, 0x0, 0xeb, 0xf9,
    0x8f, 0xd0, 0xe, 0xbf, 0x98, 0xfd, 0x0, 0xec,
    0xf9, 0x8f, 0xe0, 0xe, 0xff, 0x4b, 0x7f, 0x88,
    0x2, 0x4f, 0xf4, 0x97, 0xfb, 0xc, 0x57, 0xbf,
    0xd2, 0x13, 0xff, 0xdd, 0xbf, 0x20, 0x7, 0xdf,
    0xe9, 0x1b, 0xf9,

    /* U+01E6 "Ǧ" */
    0x0, 0xc9, 0xf0, 0x0, 0xae, 0x20, 0xf, 0xe5,
    0xf6, 0x8f, 0x30, 0xf, 0xf9, 0x7f, 0xc6, 0x1,
    0xff, 0xc1, 0x64, 0x0, 0xff, 0xe7, 0xa5, 0x6f,
    0xfb, 0x64, 0xc0, 0x3e, 0xaf, 0xff, 0xd4, 0x1,
    0xd9, 0xfe, 0xe8, 0x56, 0x8e, 0xff, 0x60, 0x5,
    0x1f, 0xe9, 0x0, 0xf5, 0x7f, 0xa0, 0x7, 0xfd,
    0x40, 0x1f, 0xaf, 0xf0, 0x1b, 0xfc, 0x20, 0x1f,
    0x88, 0xc0, 0x15, 0xf8, 0x1, 0xff, 0xc1, 0xcf,
    0xa0, 0xf, 0x11, 0x78, 0x37, 0xe4, 0x3, 0x93,
    0xff, 0xc3, 0x9f, 0x40, 0x1c, 0x9f, 0xfe, 0x1a,
    0xfc, 0x0, 0xfe, 0x2f, 0xf0, 0xb7, 0xf8, 0x40,
    0x3f, 0x2f, 0xf8, 0x45, 0xfe, 0xa0, 0xf, 0xd9,
    0xfe, 0x10, 0x8f, 0xf4, 0x80, 0x7a, 0x7f, 0xe1,
    0x0, 0x67, 0xfb, 0xa1, 0x99, 0x1d, 0xff, 0x84,
    0x2, 0xaf, 0xff, 0xb5, 0x3f, 0xc2, 0x1, 0x92,
    0xbb, 0xfd, 0x8e, 0x5, 0xfe, 0x10,

    /* U+01E7 "ǧ" */
    0x0, 0xe, 0xe0, 0x1, 0x7d, 0x80, 0x3c, 0x3b,
    0x69, 0xee, 0x1, 0xf8, 0xbb, 0xdc, 0x3, 0xfc,
    0x4e, 0x1, 0xff, 0xc4, 0x62, 0x0, 0xc9, 0x7d,
    0xf8, 0xf3, 0xfa, 0x1, 0x47, 0xff, 0xe4, 0x0,
    0x17, 0xfa, 0x0, 0x9, 0xfe, 0x90, 0x9, 0xff,
    0x80, 0x35, 0x7d, 0x80, 0x4f, 0xfc, 0x1, 0xab,
    0xec, 0x2, 0x3f, 0xf4, 0x0, 0x13, 0xfd, 0x0,
    0x1b, 0x7f, 0xee, 0xff, 0x68, 0x80, 0x47, 0xfe,
    0xee, 0x7e, 0xc0, 0x7, 0x5f, 0xb0, 0x7, 0xfa,
    0xff, 0x54, 0x80, 0x3f, 0x27, 0xff, 0x64, 0x20,
    0x7, 0x4f, 0xff, 0xd8, 0x1, 0x5f, 0xd0, 0xa,
    0x3e, 0x7f, 0x9c, 0x7, 0xfc, 0x40, 0x1d, 0x9f,
    0x20, 0xd, 0xfa, 0x0, 0xc3, 0xde, 0xe0, 0x4,
    0xff, 0xb2, 0xf3, 0xfd, 0xa0, 0x18, 0x63, 0x7f,
    0xec, 0x70, 0x8,

    /* U+01EA "Ǫ" */
    0x0, 0xc9, 0x5b, 0xfe, 0xd9, 0x30, 0xf, 0xab,
    0xff, 0xf4, 0x80, 0x76, 0x7f, 0xb6, 0x15, 0xa3,
    0xbf, 0xd6, 0x1, 0x47, 0xfa, 0x0, 0x3d, 0x5f,
    0xe7, 0x1, 0xff, 0x50, 0x7, 0xec, 0xff, 0x3,
    0x7f, 0x84, 0x3, 0xf1, 0xff, 0x96, 0xbf, 0x0,
    0x3f, 0xdd, 0xf3, 0x9f, 0x40, 0x1f, 0xeb, 0xfb,
    0xdf, 0x90, 0xf, 0xf5, 0x7e, 0x63, 0xe8, 0x3,
    0xfd, 0x7f, 0x75, 0xf8, 0x1, 0xfe, 0xef, 0x96,
    0xff, 0x8, 0x7, 0xe3, 0xff, 0x28, 0xff, 0xa8,
    0x3, 0xf6, 0x7f, 0x80, 0x11, 0xfe, 0x80, 0xf,
    0x57, 0xf9, 0xc0, 0x2c, 0xff, 0x6c, 0x33, 0x23,
    0xbf, 0xd6, 0x1, 0xd5, 0xff, 0xfa, 0x40, 0x3e,
    0x4a, 0xef, 0xfa, 0x4c, 0x3, 0xfc, 0x5d, 0x20,
    0x1f, 0xfc, 0x1c, 0xb0, 0xf, 0xfe, 0x17, 0xb0,
    0x7, 0xff, 0xb, 0xad, 0xb5, 0x80, 0x3f, 0xe4,
    0xdf, 0xb1, 0x0, 0xe0,

    /* U+01EB "ǫ" */
    0x0, 0x9f, 0x3f, 0xb1, 0x80, 0x31, 0x6f, 0xff,
    0xac, 0x2, 0xdf, 0xe5, 0x12, 0x7f, 0xf5, 0x3,
    0x7f, 0x88, 0x3, 0x27, 0xf8, 0xef, 0xe8, 0x3,
    0xdb, 0xf1, 0xbe, 0xe0, 0x1e, 0xaf, 0xad, 0xf7,
    0x0, 0xf5, 0x7d, 0x5f, 0xd0, 0x7, 0xb7, 0xe1,
    0xbf, 0xc4, 0x1, 0x97, 0xfc, 0x41, 0xbf, 0xca,
    0x44, 0x7f, 0xf5, 0x0, 0xb, 0x7f, 0xfd, 0x60,
    0x1c, 0xfb, 0xfe, 0xd6, 0x0, 0xf9, 0x7d, 0x80,
    0x3f, 0xf, 0xb0, 0x7, 0xf3, 0x78, 0x80, 0x7f,
    0x27, 0xc3, 0xf1, 0x0, 0x7d, 0x1d, 0xc8, 0x0,
    0xc0,

    /* U+01FA "Ǻ" */
    0x0, 0xff, 0x14, 0x38, 0x80, 0x7f, 0xf0, 0x33,
    0xdc, 0x3, 0xff, 0x81, 0x1f, 0x20, 0x1f, 0xea,
    0xff, 0xa8, 0x3, 0xfd, 0x3a, 0xb3, 0xe8, 0x1,
    0xfe, 0xab, 0x13, 0xf4, 0x0, 0xff, 0x17, 0xfd,
    0x20, 0x1f, 0xfc, 0xb, 0xff, 0x20, 0x7, 0xfc,
    0x3f, 0xf5, 0x0, 0x7f, 0xcf, 0xff, 0x84, 0x3,
    0xfd, 0xbe, 0xfd, 0xee, 0x1, 0xfc, 0x9f, 0xe1,
    0x8f, 0xd0, 0xf, 0xea, 0xfc, 0x2, 0xff, 0x18,
    0x7, 0xef, 0xf3, 0x0, 0x37, 0xe4, 0x3, 0xe6,
    0xff, 0x8, 0x1, 0xff, 0xc0, 0x1f, 0x67, 0xd8,
    0x4, 0x3f, 0xe5, 0x0, 0xe2, 0xff, 0x28, 0x6,
    0xcf, 0xb0, 0xe, 0x8f, 0xff, 0xf1, 0x0, 0x6e,
    0xff, 0xff, 0x40, 0x4, 0xbf, 0xe6, 0x22, 0xf6,
    0x7f, 0x0, 0x57, 0xfc, 0x1, 0xf2, 0xff, 0x90,
    0x7, 0xfd, 0x20, 0x1f, 0xbf, 0xd4, 0xf, 0xfe,
    0x30, 0xf, 0xd5, 0xfe, 0x0,

    /* U+01FB "ǻ" */
    0x0, 0xfd, 0x9f, 0x0, 0x1f, 0xab, 0xe0, 0x3,
    0xd7, 0xff, 0x38, 0x7, 0xab, 0x13, 0xbc, 0x3,
    0xee, 0x50, 0x2f, 0x10, 0xf, 0x65, 0x8c, 0x70,
    0x7, 0xc5, 0xdf, 0xe4, 0x0, 0xfe, 0x31, 0x0,
    0xf9, 0x6f, 0xbf, 0xad, 0x0, 0x21, 0xcf, 0xff,
    0x9c, 0x0, 0x9f, 0xcc, 0x20, 0x79, 0xfe, 0x10,
    0x2, 0x10, 0x6, 0x1f, 0xf3, 0x0, 0x7f, 0x6f,
    0xc0, 0x0, 0xeb, 0xbf, 0xfd, 0x0, 0x9f, 0xf6,
    0x66, 0xff, 0x40, 0x67, 0xe0, 0x80, 0x6f, 0xf4,
    0x6, 0xfc, 0x0, 0x63, 0xff, 0x40, 0x57, 0xe8,
    0x4, 0x5b, 0xfe, 0x80, 0x2f, 0xfa, 0xf3, 0xf7,
    0x5f, 0x0, 0x2, 0xae, 0xfe, 0x91, 0xaf, 0x80,

    /* U+01FC "Ǽ" */
    0x0, 0xff, 0xe0, 0x1c, 0x38, 0x7, 0xff, 0x14,
    0x7b, 0xd0, 0x3, 0xff, 0x8b, 0x9e, 0x80, 0x1f,
    0xfc, 0x58, 0xf5, 0x0, 0xff, 0xeb, 0xaf, 0xff,
    0xff, 0x6, 0x80, 0x3d, 0x7f, 0xff, 0xfc, 0x1a,
    0x0, 0xe1, 0xff, 0x2c, 0x7f, 0x88, 0xbf, 0x8,
    0x7, 0x3f, 0xe8, 0x3f, 0xf8, 0x3, 0xff, 0x85,
    0xbe, 0xe0, 0xff, 0xe0, 0xf, 0xfe, 0xa, 0x7f,
    0x88, 0x1f, 0xfc, 0x1, 0xff, 0xc1, 0xaf, 0xc0,
    0x3, 0xff, 0x80, 0x3f, 0xf8, 0x3f, 0xe6, 0x0,
    0x3f, 0xf8, 0xcf, 0xe1, 0x0, 0xcd, 0xfe, 0x10,
    0x3, 0xff, 0xff, 0x40, 0x6, 0xcf, 0xb0, 0x9,
    0xff, 0xff, 0xa0, 0x2, 0x2f, 0xf2, 0x80, 0x4f,
    0xfe, 0x0, 0xff, 0xa3, 0xff, 0xf8, 0x3, 0xfe,
    0xef, 0xff, 0xe0, 0xf, 0xf2, 0xff, 0x9c, 0xcf,
    0x5f, 0xf8, 0x3, 0xfd, 0x7f, 0xc0, 0x1c, 0xff,
    0xe2, 0x2f, 0xc2, 0x2f, 0xf4, 0x80, 0x73, 0xff,
    0xff, 0xa9, 0xff, 0xc6, 0x1, 0xcf, 0xff, 0xfe,
    0xa0,

    /* U+01FD "ǽ" */
    0x0, 0xff, 0x1f, 0xf8, 0xc0, 0x3f, 0xf8, 0x7b,
    0xe8, 0x1, 0xff, 0xc3, 0xaf, 0x50, 0xf, 0xfe,
    0x19, 0x4a, 0x80, 0x7f, 0xf4, 0x52, 0xbb, 0xfa,
    0xd0, 0x1, 0x1d, 0xfd, 0x44, 0x1, 0x57, 0xff,
    0xc9, 0x9f, 0xfe, 0x40, 0x3e, 0xf8, 0x21, 0x3b,
    0xff, 0xa8, 0x80, 0xf7, 0xf8, 0x0, 0x48, 0x1,
    0xdf, 0xec, 0x0, 0xc3, 0xfe, 0x50, 0xf, 0xd9,
    0xec, 0x1, 0xd5, 0xf0, 0x7, 0x5d, 0xff, 0xff,
    0xc2, 0x94, 0xff, 0xb6, 0xee, 0xff, 0x6d, 0xdf,
    0xcd, 0x9f, 0xa2, 0x1, 0xbf, 0xd0, 0x1, 0xfb,
    0x7e, 0x40, 0x33, 0xff, 0xb8, 0x3, 0x88, 0x1,
    0x7f, 0xe5, 0x23, 0x9f, 0xac, 0xfc, 0x42, 0x38,
    0xfb, 0x3, 0xff, 0xf6, 0x89, 0x77, 0xff, 0xac,
    0x0, 0x75, 0xdf, 0xb0, 0x1, 0xc, 0xf7, 0xf5,
    0xa8, 0x0,

    /* U+01FE "Ǿ" */
    0x0, 0xfe, 0xaf, 0xb0, 0xf, 0xfe, 0x3, 0x7d,
    0x80, 0x7f, 0xf0, 0xf, 0xec, 0x3, 0xff, 0x82,
    0xce, 0x1, 0xff, 0xcf, 0x4a, 0xdf, 0xf6, 0xc9,
    0x97, 0xb8, 0x6, 0xaf, 0xff, 0xec, 0x0, 0xd9,
    0xfe, 0xd8, 0x56, 0x8e, 0xff, 0x68, 0x5, 0x1f,
    0xe8, 0x0, 0xe5, 0xff, 0x9c, 0x7, 0xfd, 0x40,
    0x1c, 0x3d, 0x59, 0xfe, 0x6, 0xff, 0x8, 0x7,
    0x5e, 0x81, 0xff, 0x96, 0xbf, 0x0, 0x39, 0xbc,
    0xc0, 0x1d, 0xf3, 0x9f, 0x40, 0x18, 0xbd, 0xc0,
    0x2b, 0xfb, 0xdf, 0x90, 0xd, 0xb8, 0x1, 0xab,
    0xf3, 0x1f, 0x40, 0x14, 0xf9, 0x0, 0x6b, 0xfb,
    0xaf, 0xc0, 0x2, 0x7a, 0x80, 0x77, 0x7c, 0xb7,
    0xf8, 0x45, 0xd4, 0x1, 0xc7, 0xfe, 0x51, 0xff,
    0x55, 0xe8, 0x7, 0xb3, 0xfc, 0x0, 0x8f, 0xf8,
    0xc0, 0x3a, 0xbf, 0xce, 0x1, 0x7f, 0xdb, 0xc,
    0xc8, 0xef, 0xf5, 0x80, 0x6e, 0xff, 0xfe, 0x90,
    0xd, 0x3e, 0x29, 0x5d, 0xfe, 0xd9, 0x30, 0xc,

    /* U+01FF "ǿ" */
    0x0, 0xfa, 0xfe, 0xc0, 0x3f, 0x3f, 0xd8, 0x7,
    0xe3, 0xfc, 0x0, 0xfe, 0x79, 0x10, 0xf, 0xfe,
    0xd, 0x38, 0x6, 0x7c, 0xfe, 0xca, 0xd0, 0x8,
    0xb7, 0xff, 0xe0, 0xb, 0x7f, 0x94, 0x4b, 0xfe,
    0xa0, 0x6f, 0xf1, 0x0, 0xb, 0x9b, 0xfc, 0x77,
    0xf4, 0x1, 0x5b, 0x6, 0xfc, 0x6f, 0xb8, 0x1,
    0x70, 0x1, 0x5f, 0x5b, 0xee, 0x3, 0xc6, 0x0,
    0xaf, 0xab, 0xfa, 0x9, 0x90, 0x5, 0xbf, 0xd,
    0xfe, 0x6e, 0x0, 0x97, 0xfc, 0x41, 0xbf, 0xeb,
    0x22, 0x3f, 0xfa, 0x80, 0x5, 0xff, 0xf5, 0x80,
    0x43, 0xf3, 0xbf, 0xd8, 0xc0, 0x1a, 0x9c, 0x3,
    0xf8,

    /* U+0218 "Ș" */
    0x0, 0xcf, 0xbf, 0xec, 0x60, 0xe, 0x1d, 0xff,
    0xf5, 0x80, 0x6a, 0xff, 0x39, 0x9a, 0x7f, 0xd2,
    0x1, 0x7f, 0xa0, 0x3, 0x45, 0x90, 0x0, 0x7f,
    0xcc, 0x1, 0xfe, 0xef, 0xc0, 0xf, 0xf3, 0xff,
    0xb5, 0x40, 0x3f, 0xa7, 0xfe, 0xe8, 0x10, 0xf,
    0x8e, 0xff, 0xf3, 0x80, 0x7e, 0x28, 0xff, 0xa8,
    0x3, 0xf8, 0x6f, 0xfc, 0x80, 0x3, 0x10, 0xf,
    0x77, 0xc0, 0x7f, 0xa0, 0x3, 0xdb, 0xf2, 0x19,
    0xfe, 0x20, 0xc, 0x7f, 0xe6, 0x3, 0xff, 0x73,
    0xa1, 0xb7, 0x7f, 0x0, 0x4b, 0xff, 0xf7, 0x18,
    0x6, 0x29, 0xdf, 0xf6, 0xc0, 0x80, 0x7f, 0xf2,
    0x27, 0xa8, 0x3, 0xf8, 0x7f, 0x84, 0x3, 0xfa,
    0x3d, 0x0, 0x3f, 0x87, 0xe0, 0x3, 0xe0,

    /* U+0219 "ș" */
    0x0, 0x14, 0xef, 0xf4, 0x90, 0x4, 0x5f, 0xf6,
    0xff, 0xc6, 0x0, 0x9f, 0xb0, 0xa, 0x3d, 0x40,
    0x17, 0xf2, 0x1, 0x84, 0x2, 0x7f, 0xf6, 0x39,
    0x0, 0x7a, 0x3f, 0xf6, 0xb0, 0x7, 0xb, 0xdf,
    0xfd, 0x20, 0x1f, 0xd, 0x7f, 0x84, 0xe, 0x0,
    0x31, 0x7f, 0x88, 0x7f, 0xd2, 0x20, 0x33, 0xfc,
    0x0, 0x6f, 0xff, 0x98, 0x2, 0x2a, 0xef, 0xeb,
    0x40, 0xf, 0xfe, 0x2d, 0xeb, 0x0, 0x7c, 0x9f,
    0x80, 0x1f, 0xb3, 0x88, 0x3, 0xe3, 0xf5, 0x0,
    0xf0,

    /* U+021A "Ț" */
    0xaf, 0xff, 0xfe, 0x5, 0xd7, 0xff, 0xff, 0x2,
    0xc4, 0x8b, 0x2f, 0xf9, 0x88, 0xb8, 0x3, 0x8f,
    0xfc, 0x80, 0x1f, 0xe3, 0xff, 0x20, 0x7, 0xf8,
    0xff, 0xc8, 0x1, 0xfe, 0x3f, 0xf2, 0x0, 0x7f,
    0x8f, 0xfc, 0x80, 0x1f, 0xe3, 0xff, 0x20, 0x7,
    0xf8, 0xff, 0xc8, 0x1, 0xfe, 0x3f, 0xf2, 0x0,
    0x7f, 0x8f, 0xfc, 0x80, 0x1f, 0xe3, 0xff, 0x20,
    0x7, 0xf8, 0xff, 0xc8, 0x1, 0xfe, 0x3f, 0xf2,
    0x0, 0x7f, 0x8f, 0xfc, 0x80, 0x1f, 0xe3, 0xff,
    0x20, 0x7, 0xff, 0x31, 0x2a, 0x40, 0x3f, 0xec,
    0xf5, 0x0, 0xff, 0x27, 0xc0, 0x7, 0xfd, 0x98,
    0x0, 0xfc,

    /* U+021B "ț" */
    0x0, 0xc2, 0x1, 0xe8, 0xe0, 0xe, 0x6f, 0xf0,
    0x7, 0x37, 0xf8, 0x3, 0x9b, 0xfc, 0x1, 0x67,
    0xff, 0xaa, 0x77, 0xfe, 0xdd, 0x40, 0x1, 0xbf,
    0xc0, 0x1c, 0xdf, 0xe0, 0xe, 0x6f, 0xf0, 0x7,
    0x37, 0xf8, 0x3, 0x9b, 0xfc, 0x1, 0xcd, 0xfe,
    0x0, 0xe6, 0xff, 0x0, 0x72, 0x7f, 0x94, 0x3,
    0xbb, 0xfe, 0xa0, 0x8, 0xf3, 0xf9, 0xc0, 0x3f,
    0xe7, 0xda, 0x0, 0xef, 0xf1, 0x0, 0x67, 0xf5,
    0x0, 0xee, 0x90, 0xc,

    /* U+0232 "Ȳ" */
    0x0, 0xc2, 0x3f, 0x0, 0x7e, 0xff, 0xf4, 0x80,
    0x7e, 0x44, 0xf1, 0x0, 0x7f, 0xf1, 0xe3, 0xfc,
    0x80, 0x1f, 0x57, 0xf8, 0x83, 0xbf, 0x0, 0x3c,
    0x7f, 0xe9, 0x0, 0x2f, 0xf9, 0x40, 0x3a, 0xff,
    0x84, 0x2, 0xcf, 0xd0, 0xc, 0x9f, 0xe7, 0x0,
    0xc7, 0xfe, 0x60, 0xb, 0x7f, 0x40, 0x3d, 0x5f,
    0xc0, 0x6, 0xff, 0x28, 0x7, 0x8b, 0xfc, 0xe1,
    0xdf, 0x80, 0x1f, 0xa3, 0xfd, 0x3f, 0xe3, 0x0,
    0xfe, 0xef, 0xfa, 0x80, 0x3f, 0xcd, 0xff, 0x8,
    0x7, 0xfd, 0xdf, 0x20, 0x1f, 0xfc, 0xe, 0xf9,
    0x0, 0xff, 0xe0, 0x77, 0xc8, 0x7, 0xff, 0x3,
    0xbe, 0x40, 0x3f, 0xf8, 0x1d, 0xf2, 0x1, 0xff,
    0xc0, 0xef, 0x90, 0xf, 0xfe, 0x7, 0x7c, 0x80,
    0x78,

    /* U+0233 "ȳ" */
    0x0, 0x84, 0x7e, 0x0, 0xf7, 0xff, 0xa4, 0x3,
    0xc8, 0x9e, 0x20, 0xf, 0xfe, 0x22, 0xff, 0x90,
    0x3, 0xab, 0xf8, 0x1, 0xdf, 0x20, 0x1d, 0xfe,
    0x70, 0x4, 0x7f, 0x80, 0x32, 0xff, 0x84, 0x0,
    0x3f, 0xe5, 0x0, 0xaf, 0xec, 0x3, 0x5f, 0xd8,
    0x0, 0x7f, 0xc8, 0x1, 0x93, 0xfc, 0x20, 0xff,
    0xc0, 0x1e, 0xef, 0x60, 0xdf, 0x70, 0xf, 0x3f,
    0xe1, 0xff, 0x84, 0x3, 0xc3, 0xfe, 0xaf, 0xb0,
    0xf, 0xd7, 0xff, 0x20, 0x7, 0xe4, 0xff, 0x70,
    0x7, 0xf0, 0xff, 0x9c, 0x3, 0xf9, 0xbf, 0xc2,
    0x1, 0xfd, 0xbf, 0x60, 0x1f, 0xc7, 0xfe, 0x40,
    0xf, 0xea, 0xfe, 0x0, 0xfe, 0x1f, 0xf3, 0x80,
    0x7c,

    /* U+0237 "ȷ" */
    0x0, 0x37, 0xf8, 0x0, 0xdf, 0xe0, 0x3, 0x7f,
    0x80, 0xd, 0xfe, 0x0, 0x37, 0xf8, 0x0, 0xdf,
    0xe0, 0x3, 0x7f, 0x80, 0xd, 0xfe, 0x0, 0x37,
    0xf8, 0x0, 0xdf, 0xe0, 0x3, 0x7f, 0x80, 0xd,
    0xfe, 0x0, 0x37, 0xf8, 0x0, 0xdf, 0xe2, 0x3b,
    0xfe, 0x9f, 0xfa, 0x9f, 0xbe, 0xc4,

    /* U+0259 "ə" */
    0x0, 0x36, 0x77, 0xec, 0x90, 0x0, 0xb3, 0xff,
    0xe3, 0x2, 0xee, 0x31, 0x11, 0x77, 0xf8, 0x40,
    0x44, 0x1, 0x87, 0xbd, 0xc0, 0x3f, 0x57, 0xdc,
    0xdd, 0xfd, 0xbf, 0xba, 0xff, 0xfe, 0xdc, 0xf6,
    0x0, 0xe8, 0xfb, 0x8f, 0xb0, 0xe, 0xdf, 0x62,
    0xff, 0x49, 0x1, 0x5f, 0xf0, 0x1, 0xbf, 0xfe,
    0x30, 0x8, 0xef, 0xbf, 0xa4, 0x80, 0x0,

    /* U+0272 "ɲ" */
    0x0, 0x27, 0xf8, 0x63, 0x7f, 0xa8, 0x40, 0x24,
    0xff, 0x6f, 0xef, 0x7f, 0xb8, 0x40, 0x9, 0xff,
    0x10, 0x1, 0x7f, 0xd0, 0x0, 0x4f, 0xf3, 0x80,
    0x6c, 0xfc, 0x0, 0x27, 0xf8, 0x80, 0x34, 0xfe,
    0x0, 0x13, 0xfc, 0x20, 0x1a, 0x7f, 0x40, 0x9,
    0xfe, 0x0, 0xe9, 0xfd, 0x0, 0x27, 0xf8, 0x3,
    0xa7, 0xf4, 0x0, 0x9f, 0xe0, 0xe, 0x9f, 0xd0,
    0x2, 0x7f, 0x80, 0x3a, 0x7f, 0x40, 0x9, 0xfe,
    0x0, 0xe9, 0xfd, 0x0, 0x27, 0xf8, 0x3, 0xa7,
    0xf4, 0x0, 0x9f, 0xe0, 0xf, 0xf2, 0x7f, 0x80,
    0x3f, 0x86, 0x3f, 0xc0, 0x1f, 0x93, 0xfe, 0xc0,
    0xf, 0xc7, 0xbf, 0x84, 0x1, 0xf8,

    /* U+02C6 "ˆ" */
    0x0, 0xa8, 0xc0, 0x3a, 0x7f, 0x88, 0x2, 0x8f,
    0x6c, 0xe2, 0x7, 0xf6, 0x1, 0xdd, 0x8,

    /* U+02C7 "ˇ" */
    0x7f, 0x60, 0x1d, 0xd0, 0x83, 0xfb, 0xee, 0x84,
    0x2, 0x8f, 0xe1, 0x0, 0xe7, 0x20, 0x8,

    /* U+02D8 "˘" */
    0x99, 0x0, 0x47, 0x69, 0x5e, 0xe4, 0x79, 0xe6,
    0x39, 0xff, 0x9c, 0x2, 0x24, 0x30, 0x8,

    /* U+02D9 "˙" */
    0xcd, 0xae, 0xfc, 0xef, 0xc0,

    /* U+02DA "˚" */
    0x0, 0xfa, 0xff, 0x48, 0x2b, 0x52, 0xb8, 0x39,
    0x80, 0x7c, 0xae, 0xc2, 0xfe, 0x5, 0xdf, 0xe5,
    0x0, 0x8c, 0x40, 0x0,

    /* U+02DB "˛" */
    0x4, 0xb4, 0x4, 0xf4, 0x0, 0x65, 0x0, 0x5b,
    0x64, 0xec, 0xbf, 0xf3, 0x0, 0x98, 0x80,

    /* U+02DC "˜" */
    0x0, 0x8, 0x4, 0x24, 0x3b, 0xf8, 0x21, 0x3b,
    0x3c, 0xdd, 0x87, 0xb5, 0xb0, 0x7, 0xdf, 0xc4,
    0x84, 0x0, 0x14, 0x10,

    /* U+02DD "˝" */
    0x0, 0x36, 0x30, 0x16, 0x60, 0xc0, 0xff, 0x0,
    0x19, 0xee, 0x0, 0xde, 0x10, 0x7f, 0x80, 0x4,
    0xf9, 0x81, 0xfd, 0x0, 0x40,

    /* U+02F5 "˵" */
    0x4c, 0xb1, 0x3, 0xbb, 0x8, 0x5, 0x3f, 0x60,
    0x8, 0xfb, 0x0, 0xd5, 0xec, 0x0, 0x9f, 0x70,
    0xd, 0x7e, 0x40, 0xa, 0xf2,

    /* U+02F6 "˶" */
    0x0, 0x1e, 0x58, 0x81, 0xe5, 0x90, 0xf, 0x7a,
    0x0, 0x37, 0xd4, 0x1, 0x5e, 0xc0, 0x9, 0xf7,
    0x0, 0x37, 0xb8, 0x1, 0x7e, 0x0, 0x20,

    /* U+0300 "̀" */
    0x58, 0x60, 0x8, 0x7b, 0xd0, 0x2, 0x2e, 0xe0,
    0x80, 0x47, 0xf6, 0x0,

    /* U+0301 "́" */
    0x0, 0x1c, 0x38, 0x0, 0x7b, 0xd0, 0x1, 0x9e,
    0x80, 0x8, 0xf5, 0x0, 0x80,

    /* U+0302 "̂" */
    0x0, 0xa8, 0xc0, 0x3a, 0x7f, 0x88, 0x2, 0x8f,
    0x6c, 0xe2, 0x7, 0xf7, 0x1, 0xdd, 0x8,

    /* U+0303 "̃" */
    0x0, 0x8, 0x4, 0x24, 0x3b, 0xf8, 0x21, 0x3b,
    0x3c, 0xdd, 0x87, 0xb5, 0xb0, 0x7, 0xdf, 0xc4,
    0x84, 0x0, 0x14, 0x10,

    /* U+0304 "̄" */
    0x12, 0x2e, 0x1e, 0xff, 0xea, 0x44, 0xf1, 0x0,

    /* U+0306 "̆" */
    0x32, 0x0, 0xc6, 0x3b, 0x60, 0x11, 0xfa, 0xcf,
    0xb9, 0x1e, 0x78, 0x8a, 0xff, 0xee, 0x50, 0x8,
    0x4c, 0xc0, 0x10,

    /* U+0307 "̇" */
    0xcd, 0xae, 0xfc, 0xef, 0xc0,

    /* U+0308 "̈" */
    0xcd, 0xa0, 0x5d, 0xd1, 0xf7, 0xe0, 0x37, 0xf9,
    0x3b, 0xf0, 0x1b, 0xfc, 0x80,

    /* U+0309 "̉" */
    0x0, 0xee, 0xfb, 0x40, 0x46, 0xdf, 0x10, 0x4,
    0xf8, 0x8b, 0x74, 0xa0, 0x1, 0x0, 0x80,

    /* U+030A "̊" */
    0x0, 0xfa, 0xff, 0x48, 0x2b, 0x52, 0xb8, 0x39,
    0x80, 0x7c, 0xae, 0xc2, 0xfe, 0x5, 0xdf, 0xe5,
    0x0, 0x8c, 0x40, 0x0,

    /* U+030B "̋" */
    0x0, 0x36, 0x30, 0x16, 0x60, 0xc0, 0xff, 0x0,
    0x19, 0xee, 0x0, 0xde, 0x10, 0x7f, 0x80, 0x4,
    0xf9, 0x81, 0xfd, 0x0, 0x40,

    /* U+030C "̌" */
    0x7f, 0x60, 0x1d, 0xd0, 0x83, 0xfb, 0x66, 0x88,
    0x5, 0x1f, 0xc2, 0x1, 0xce, 0x40, 0x10,

    /* U+030F "̏" */
    0x7c, 0xa0, 0x5, 0x61, 0x0, 0x59, 0xee, 0x5,
    0xfa, 0x1, 0xb7, 0xcc, 0x17, 0xe0, 0x2, 0x1e,
    0xd0, 0x4, 0x7a, 0x0,

    /* U+0312 "̒" */
    0x0, 0x14, 0x8, 0x3, 0x74, 0x0, 0xaf, 0x50,
    0x8f, 0xc0, 0x0,

    /* U+031B "̛" */
    0x0, 0x7d, 0x0, 0x3e, 0x41, 0x7d, 0xe7, 0xf8,
    0x7a, 0xcc, 0x0,

    /* U+0323 "̣" */
    0x89, 0x6e, 0xfc, 0xef, 0xc0,

    /* U+0326 "̦" */
    0x1, 0x87, 0x10, 0x9f, 0x80, 0x2f, 0xb0, 0x5,
    0x68, 0x80, 0x0,

    /* U+0327 "̧" */
    0x1, 0xc2, 0x0, 0x66, 0xa8, 0x0, 0xdb, 0xa4,
    0xc8, 0x6e, 0xd3, 0xfe, 0xe3, 0x1, 0x20, 0x0,

    /* U+0328 "̨" */
    0x4, 0xb4, 0x4, 0xf4, 0x0, 0x65, 0x0, 0x5b,
    0x64, 0xec, 0xbf, 0xf3, 0x0, 0x98, 0x80,

    /* U+0335 "̵" */
    0x89, 0x9f, 0x17, 0x7f, 0xf9, 0x0,

    /* U+0336 "̶" */
    0x11, 0xff, 0xe1, 0x87, 0x7f, 0xff, 0xf0, 0xa9,
    0x13, 0xff, 0x86, 0x40,

    /* U+0337 "̷" */
    0x0, 0xff, 0x1c, 0x0, 0x4d, 0xf4, 0x0, 0x9f,
    0xf2, 0x96, 0x7e, 0x90, 0x77, 0xd0, 0x5, 0xce,
    0x1, 0x8c, 0x3, 0x80,

    /* U+0338 "̸" */
    0x0, 0xfd, 0x50, 0x1, 0xf2, 0x70, 0x7, 0xed,
    0x40, 0xf, 0x9e, 0xc0, 0x3e, 0x2e, 0x10, 0xf,
    0xad, 0xc0, 0x3e, 0x5d, 0x0, 0xfd, 0xc6, 0x1,
    0xf4, 0x48, 0x7, 0xc5, 0xc2, 0x1, 0xf6, 0x30,
    0x7, 0xcd, 0x80, 0x1f, 0xf, 0x10, 0x7, 0xd3,
    0x0, 0x1f, 0x80,

    /* U+0374 "ʹ" */
    0x0, 0x2f, 0xf9, 0x0, 0x13, 0xfa, 0x1, 0x77,
    0xb0, 0x0, 0xbf, 0x80, 0x27, 0xf8, 0x0, 0xaf,
    0xc4, 0x2, 0xfa, 0x0, 0x80,

    /* U+0375 "͵" */
    0x0, 0x97, 0xd0, 0x2, 0xcf, 0x0, 0x8f, 0xf0,
    0x2, 0xaf, 0x70, 0x1, 0x7f, 0x8c, 0x1, 0x3f,
    0xc0, 0x17, 0xfa, 0x80, 0x0,

    /* U+037E ";" */
    0x1, 0xff, 0x48, 0xf, 0xfa, 0x40, 0x7f, 0xd2,
    0x1, 0xff, 0xcf, 0xbc, 0x80, 0x2f, 0xf2, 0x3,
    0xfe, 0x0, 0x33, 0xd4, 0x7, 0xf8, 0x0, 0xde,
    0xe0, 0xa, 0xf0, 0x8,

    /* U+0384 "΄" */
    0x3, 0x74, 0xd, 0xf4, 0x47, 0xd0, 0x5f, 0x90,
    0x0,

    /* U+0385 "΅" */
    0x0, 0xc6, 0xe4, 0x1, 0xe8, 0xf4, 0x0, 0xf5,
    0xf0, 0x5, 0xbc, 0xe1, 0xf2, 0xfd, 0x9d, 0xf0,
    0x5e, 0x71, 0xfd, 0xcf, 0x82, 0x90, 0x8f, 0xe0,

    /* U+0387 "·" */
    0x4a, 0xae, 0x16, 0xff, 0xe2, 0x6f, 0xfe, 0x26,
    0xff, 0xe2, 0x6f, 0xfe, 0x26, 0xff, 0xe2,

    /* U+0394 "Δ" */
    0x0, 0xf3, 0xfe, 0x80, 0x7f, 0xf0, 0x77, 0xfc,
    0x60, 0x1f, 0xf2, 0x7f, 0xd2, 0x1, 0xff, 0x57,
    0xfd, 0xc0, 0x1f, 0xf7, 0xf9, 0xbf, 0xca, 0x1,
    0xfc, 0xdf, 0xe0, 0xaf, 0xb0, 0xf, 0xec, 0xfa,
    0x4, 0xff, 0x8, 0x7, 0xc5, 0xfe, 0x40, 0x7,
    0x7b, 0x80, 0x7d, 0x1f, 0xc0, 0x14, 0xfe, 0x80,
    0x7d, 0xdf, 0x20, 0x11, 0xff, 0x8c, 0x3, 0x93,
    0xfc, 0x60, 0x1b, 0xbe, 0x80, 0x3a, 0xbf, 0x40,
    0x3a, 0x3f, 0xc0, 0x18, 0x7f, 0xd0, 0x1, 0xc7,
    0xfe, 0x60, 0x9, 0xff, 0xc4, 0x1, 0xed, 0xfc,
    0x0, 0xb7, 0xf9, 0x13, 0xea, 0xff, 0x10, 0x1f,
    0xff, 0xff, 0x6, 0x2, 0x7f, 0xff, 0xf8, 0x3c,
    0x0,

    /* U+03A9 "Ω" */
    0x0, 0xe6, 0xbe, 0xfe, 0xc8, 0x10, 0xf, 0x8f,
    0xbf, 0xff, 0x38, 0x7, 0x27, 0xfd, 0x90, 0xcf,
    0x5f, 0xf4, 0x80, 0x43, 0xdf, 0xe5, 0x0, 0xe1,
    0xcf, 0xf3, 0x0, 0x23, 0xfc, 0xa0, 0x1f, 0xf,
    0x7f, 0x0, 0x37, 0xf4, 0x3, 0xf9, 0xff, 0xc8,
    0x3f, 0xe8, 0x0, 0xfe, 0x2f, 0xf4, 0x17, 0xf9,
    0x80, 0x3f, 0xdf, 0xe9, 0x2f, 0xf2, 0x80, 0x7f,
    0xbf, 0xd0, 0x1f, 0xe7, 0x0, 0xfe, 0x1f, 0xf3,
    0x5, 0xfd, 0x80, 0x7f, 0x2f, 0xf8, 0x81, 0x3f,
    0xc2, 0x1, 0xfa, 0xfe, 0x80, 0x2a, 0xfb, 0x0,
    0xf9, 0x7f, 0x84, 0x3, 0x57, 0xd0, 0x7, 0x27,
    0xf1, 0x80, 0x4a, 0xb6, 0x7e, 0x98, 0x2, 0x7f,
    0x9d, 0x54, 0x21, 0xdf, 0xfc, 0xe0, 0xf, 0xff,
    0x28, 0x77, 0xff, 0x38, 0x3, 0xff, 0xca,

    /* U+03BC "μ" */
    0x8f, 0xd0, 0xe, 0xbf, 0x98, 0xfd, 0x0, 0xeb,
    0xf9, 0x8f, 0xd0, 0xe, 0xbf, 0x98, 0xfd, 0x0,
    0xeb, 0xf9, 0x8f, 0xd0, 0xe, 0xbf, 0x98, 0xfd,
    0x0, 0xec, 0xf9, 0x8f, 0xd0, 0xe, 0xdf, 0x98,
    0xfe, 0x0, 0xef, 0xf4, 0xc7, 0xf8, 0x80, 0x25,
    0xff, 0x4c, 0x7f, 0xb0, 0xc9, 0x7b, 0xfd, 0x31,
    0xff, 0xed, 0xcf, 0x98, 0xfd, 0xaf, 0xe9, 0x1b,
    0xf9, 0x8f, 0xd0, 0xf, 0xd1, 0xfa, 0x1, 0xfa,
    0x3f, 0x40, 0x3f, 0x47, 0xe8, 0x7, 0xe0,

    /* U+03C0 "π" */
    0xff, 0xff, 0xe0, 0x7, 0xff, 0xff, 0x0, 0x0,
    0xff, 0xc0, 0x11, 0xff, 0x88, 0x2, 0x7f, 0xe0,
    0x8, 0xff, 0xc4, 0x1, 0x3f, 0xf0, 0x4, 0x7f,
    0xe2, 0x0, 0x9f, 0xf8, 0x2, 0x3f, 0xf1, 0x0,
    0x4f, 0xfc, 0x1, 0x1f, 0xf8, 0x80, 0x27, 0xfe,
    0x0, 0x8f, 0xfc, 0x40, 0x13, 0xff, 0x0, 0x45,
    0xfe, 0x30, 0x9, 0xff, 0x80, 0x21, 0xff, 0x52,
    0x8, 0x3f, 0xf0, 0x6, 0xdf, 0xf9, 0x41, 0xff,
    0x80, 0x31, 0x5f, 0xf9, 0x80,

    /* U+1E20 "Ḡ" */
    0x0, 0xe1, 0x1f, 0x0, 0x7f, 0x2f, 0xff, 0x8c,
    0x3, 0xf0, 0xa2, 0x78, 0x3, 0xff, 0x9a, 0x95,
    0xbf, 0xed, 0x93, 0x0, 0xfa, 0xbf, 0xff, 0x50,
    0x7, 0x67, 0xfb, 0xa1, 0x5a, 0x3b, 0xfd, 0x80,
    0x14, 0x7f, 0xa4, 0x3, 0xd5, 0xfe, 0x80, 0x1f,
    0xf5, 0x0, 0x7e, 0xbf, 0xc0, 0x6f, 0xf0, 0x80,
    0x7e, 0x23, 0x0, 0x57, 0xe0, 0x7, 0xff, 0x7,
    0x3e, 0x80, 0x3c, 0x45, 0xe0, 0xdf, 0x90, 0xe,
    0x4f, 0xff, 0xe, 0x7d, 0x0, 0x72, 0x7f, 0xf8,
    0x6b, 0xf0, 0x3, 0xf8, 0xbf, 0xc2, 0xdf, 0xe1,
    0x0, 0xfc, 0xbf, 0xe1, 0x17, 0xfa, 0x80, 0x3f,
    0x67, 0xf8, 0x42, 0x3f, 0xd2, 0x1, 0xe9, 0xff,
    0x84, 0x1, 0x9f, 0xee, 0x86, 0x64, 0x77, 0xfe,
    0x10, 0xa, 0xbf, 0xfe, 0xd4, 0xff, 0x8, 0x6,
    0x4a, 0xef, 0xf6, 0x38, 0x17, 0xf8, 0x40,

    /* U+1E21 "ḡ" */
    0x0, 0x84, 0x7c, 0x1, 0xf7, 0xff, 0xa0, 0x3,
    0xc8, 0x9e, 0x20, 0xf, 0xfe, 0xa, 0x8, 0x6,
    0x4b, 0xef, 0xc7, 0x8f, 0xc0, 0xa, 0x3f, 0xff,
    0x20, 0x0, 0xbf, 0xd0, 0x0, 0x4f, 0xf4, 0x80,
    0x4f, 0xfc, 0x1, 0xab, 0xec, 0x2, 0x7f, 0xe0,
    0xd, 0x5f, 0x60, 0x11, 0xff, 0xa0, 0x0, 0x9f,
    0xe8, 0x0, 0xdb, 0xff, 0x77, 0xfb, 0x44, 0x2,
    0x3f, 0xf7, 0x73, 0xf6, 0x0, 0x3a, 0xfd, 0x80,
    0x3f, 0xd7, 0xfa, 0xa4, 0x1, 0xf9, 0x3f, 0xfb,
    0x21, 0x0, 0x3a, 0x7f, 0xfe, 0xc0, 0xa, 0xfe,
    0x80, 0x51, 0xf3, 0xfc, 0xe0, 0x3f, 0xe2, 0x0,
    0xec, 0xf9, 0x0, 0x6f, 0xd0, 0x6, 0x1e, 0xf7,
    0x0, 0x27, 0xfd, 0x97, 0x9f, 0xed, 0x0, 0xc3,
    0x1b, 0xff, 0x63, 0x80, 0x40,

    /* U+1E44 "Ṅ" */
    0x0, 0xe3, 0xdd, 0x28, 0x7, 0xf9, 0x3f, 0xcc,
    0x1, 0xfe, 0x4f, 0xf3, 0x0, 0x7f, 0xf5, 0x4f,
    0xfd, 0x40, 0x1f, 0x77, 0xc1, 0xff, 0xc8, 0x1,
    0xee, 0xf8, 0x3f, 0xfb, 0x40, 0x3d, 0xdf, 0x7,
    0xff, 0xa0, 0x3, 0xbb, 0xe0, 0xff, 0xf8, 0x80,
    0x37, 0x7c, 0x1f, 0xf9, 0xbf, 0xd6, 0x1, 0xbb,
    0xe0, 0xff, 0xc8, 0xff, 0xe5, 0x0, 0xbb, 0xe0,
    0xff, 0xc8, 0x1b, 0xfc, 0x1, 0x77, 0xc1, 0xff,
    0x90, 0x13, 0xfd, 0x20, 0xe, 0xf8, 0x3f, 0xf2,
    0x0, 0x2b, 0xfc, 0x61, 0xdf, 0x7, 0xfe, 0x40,
    0x0, 0xff, 0xb0, 0x3b, 0xe0, 0xff, 0xc8, 0x1,
    0x37, 0xf9, 0xfb, 0xe0, 0xff, 0xc8, 0x1, 0xb3,
    0xff, 0x41, 0xff, 0x90, 0x3, 0x1f, 0xfe, 0x83,
    0xff, 0x20, 0x7, 0x4f, 0xfd, 0x7, 0xfe, 0x40,
    0xe, 0x1e, 0xff, 0x41, 0xff, 0x90, 0x3, 0xcd,
    0xfe, 0x80,

    /* U+1E45 "ṅ" */
    0x0, 0xdb, 0xfa, 0x1, 0xfb, 0x7f, 0x40, 0x3f,
    0x5e, 0xd8, 0x7, 0xff, 0x39, 0xbf, 0xc1, 0x1b,
    0xfd, 0x22, 0xd, 0xfe, 0xcf, 0xde, 0xff, 0x68,
    0x37, 0xfb, 0x8c, 0x0, 0xdf, 0xe7, 0x6f, 0xf3,
    0x0, 0x6d, 0xfa, 0x6f, 0xf1, 0x0, 0x6a, 0xfc,
    0x6f, 0xf0, 0x7, 0x4f, 0xe3, 0x7f, 0x80, 0x3a,
    0x7f, 0x1b, 0xfc, 0x1, 0xd3, 0xf8, 0xdf, 0xe0,
    0xe, 0x9f, 0xc6, 0xff, 0x0, 0x74, 0xfe, 0x37,
    0xf8, 0x3, 0xa7, 0xf1, 0xbf, 0xc0, 0x1d, 0x3f,
    0x80,

    /* U+1E80 "Ẁ" */
    0x0, 0xf8, 0xa2, 0x2, 0x1, 0xff, 0xc8, 0x7f,
    0xc0, 0xf, 0xfe, 0x4b, 0x7c, 0x80, 0x7f, 0xf2,
    0x56, 0x48, 0x3, 0xff, 0xaa, 0xbf, 0xe2, 0x0,
    0xf8, 0x40, 0x3f, 0x7f, 0xa0, 0x7f, 0xce, 0x1,
    0xec, 0xff, 0x0, 0x79, 0x7f, 0xc6, 0x19, 0xf6,
    0x1, 0xc3, 0xff, 0x20, 0x7, 0x4f, 0xf8, 0x1,
    0x1f, 0xe0, 0xe, 0x6f, 0xfa, 0x0, 0x3b, 0xbe,
    0x80, 0x7, 0xfe, 0x40, 0xd, 0x5f, 0xf6, 0x80,
    0x62, 0xff, 0x30, 0x5, 0xdf, 0x20, 0x1b, 0xfc,
    0xdf, 0xe2, 0x0, 0x9f, 0xfc, 0x20, 0x15, 0x7e,
    0x80, 0x49, 0xfe, 0xd, 0xf6, 0x0, 0xaf, 0xf0,
    0x3, 0x2f, 0xf8, 0x80, 0x11, 0xf6, 0x11, 0xf6,
    0x1, 0x7f, 0xa0, 0x3, 0xf, 0xf9, 0x80, 0x1b,
    0xec, 0x7, 0xfe, 0x0, 0x27, 0xf8, 0xc0, 0x3b,
    0x3e, 0xc0, 0xbf, 0xc2, 0x0, 0xef, 0x40, 0x9f,
    0xe0, 0xf, 0x3f, 0xf8, 0x1f, 0xf0, 0x2, 0xaf,
    0x90, 0xdf, 0xa0, 0xf, 0x17, 0xf9, 0x2f, 0xdc,
    0x2, 0x5f, 0xe2, 0xff, 0x28, 0x7, 0xdd, 0xf3,
    0xfe, 0x20, 0xd, 0xfe, 0x9f, 0xf0, 0x7, 0xe9,
    0xff, 0xb8, 0x3, 0xaf, 0xfe, 0xc0, 0xf, 0xc9,
    0xff, 0x48, 0x7, 0x37, 0xfc, 0xe0, 0x1f, 0xdf,
    0xf2, 0x0, 0x70, 0xff, 0xc4, 0x1, 0xfd, 0x7f,
    0xe0, 0xf, 0xb3, 0xf8, 0x3, 0x80,

    /* U+1E81 "ẁ" */
    0x0, 0xea, 0xfb, 0x0, 0xff, 0xe2, 0x5f, 0xb8,
    0x7, 0xff, 0x13, 0x3c, 0xc0, 0x3f, 0xf8, 0x8e,
    0xa0, 0x1f, 0xfc, 0xe4, 0xff, 0x18, 0x4, 0x7f,
    0xe2, 0x0, 0x8f, 0xfc, 0x81, 0xfe, 0x70, 0xa,
    0x3f, 0xce, 0x1, 0x47, 0xf8, 0x1, 0x5f, 0x80,
    0x16, 0xff, 0xb0, 0x2, 0xcf, 0xa0, 0x2, 0xff,
    0x80, 0x5, 0xfd, 0xcf, 0x10, 0x1f, 0xf2, 0x80,
    0x7, 0xfc, 0x80, 0xdf, 0x54, 0xf6, 0x5, 0xff,
    0x8, 0x5, 0x9f, 0x21, 0x7e, 0xaa, 0xfb, 0x9,
    0xfc, 0x0, 0xcf, 0xfa, 0x3f, 0xe0, 0x7, 0xf8,
    0x77, 0xdc, 0x3, 0x17, 0xf9, 0xfe, 0xc0, 0x17,
    0xf1, 0xfe, 0x20, 0xe, 0xef, 0xf9, 0x80, 0xd,
    0xff, 0x68, 0x7, 0xa7, 0xfe, 0x10, 0x0, 0xff,
    0xd2, 0x1, 0xe4, 0xff, 0x60, 0x6, 0xcf, 0xf2,
    0x0, 0x7d, 0xfe, 0x70, 0xc, 0xff, 0xe0, 0xc,

    /* U+1E82 "Ẃ" */
    0x0, 0xff, 0xe0, 0xbc, 0x20, 0x7, 0xff, 0x1e,
    0x3e, 0xc0, 0x3f, 0xf8, 0xed, 0xf2, 0x1, 0xff,
    0xc8, 0x97, 0x0, 0xff, 0xea, 0xaf, 0xf8, 0x80,
    0x3e, 0x10, 0xf, 0xdf, 0xe8, 0x1f, 0xf3, 0x80,
    0x7b, 0x3f, 0xc0, 0x1e, 0x5f, 0xf1, 0x86, 0x7d,
    0x80, 0x70, 0xff, 0xc8, 0x1, 0xd3, 0xfe, 0x0,
    0x47, 0xf8, 0x3, 0x9b, 0xfe, 0x80, 0xe, 0xef,
    0xa0, 0x1, 0xff, 0x90, 0x3, 0x57, 0xfd, 0xa0,
    0x18, 0xbf, 0xcc, 0x1, 0x77, 0xc8, 0x6, 0xff,
    0x37, 0xf8, 0x80, 0x27, 0xff, 0x8, 0x5, 0x5f,
    0xa0, 0x12, 0x7f, 0x83, 0x7d, 0x80, 0x2b, 0xfc,
    0x0, 0xcb, 0xfe, 0x20, 0x4, 0x7d, 0x84, 0x7d,
    0x80, 0x5f, 0xe8, 0x0, 0xc3, 0xfe, 0x60, 0x6,
    0xfb, 0x1, 0xff, 0x80, 0x9, 0xfe, 0x30, 0xe,
    0xcf, 0xb0, 0x2f, 0xf0, 0x80, 0x3b, 0xd0, 0x27,
    0xf8, 0x3, 0xcf, 0xfe, 0x7, 0xfc, 0x0, 0xab,
    0xe4, 0x37, 0xe8, 0x3, 0xc5, 0xfe, 0x4b, 0xf7,
    0x0, 0x97, 0xf8, 0xbf, 0xca, 0x1, 0xf7, 0x7c,
    0xff, 0x88, 0x3, 0x7f, 0xa7, 0xfc, 0x1, 0xfa,
    0x7f, 0xee, 0x0, 0xeb, 0xff, 0xb0, 0x3, 0xf2,
    0x7f, 0xd2, 0x1, 0xcd, 0xff, 0x38, 0x7, 0xf7,
    0xfc, 0x80, 0x1c, 0x3f, 0xf1, 0x0, 0x7f, 0x5f,
    0xf8, 0x3, 0xec, 0xfe, 0x0, 0xe0,

    /* U+1E83 "ẃ" */
    0x0, 0xff, 0x57, 0xd8, 0x7, 0xff, 0x9, 0xbe,
    0xc0, 0x3f, 0xf8, 0x47, 0xf8, 0x1, 0xff, 0xc3,
    0x57, 0x0, 0xff, 0xe7, 0x27, 0xf8, 0xc0, 0x23,
    0xff, 0x10, 0x4, 0x7f, 0xe4, 0xf, 0xf3, 0x80,
    0x51, 0xfe, 0x70, 0xa, 0x3f, 0xc0, 0xa, 0xfc,
    0x0, 0xb7, 0xfd, 0x80, 0x16, 0x7d, 0x0, 0x17,
    0xfc, 0x0, 0x2f, 0xee, 0x78, 0x80, 0xff, 0x94,
    0x0, 0x3f, 0xe4, 0x6, 0xfa, 0xa7, 0xb0, 0x2f,
    0xf8, 0x40, 0x2c, 0xf9, 0xb, 0xf5, 0x57, 0xd8,
    0x4f, 0xe0, 0x6, 0x7f, 0xd1, 0xff, 0x0, 0x3f,
    0xc3, 0xbe, 0xe0, 0x18, 0xbf, 0xcf, 0xf6, 0x0,
    0xbf, 0x8f, 0xf1, 0x0, 0x77, 0x7f, 0xcc, 0x0,
    0x6f, 0xfb, 0x40, 0x3d, 0x3f, 0xf0, 0x80, 0x7,
    0xfe, 0x90, 0xf, 0x27, 0xfb, 0x0, 0x36, 0x7f,
    0x90, 0x3, 0xef, 0xf3, 0x80, 0x67, 0xff, 0x0,
    0x60,

    /* U+1E84 "Ẅ" */
    0x0, 0xfd, 0xba, 0x90, 0x6d, 0xd1, 0x0, 0x7f,
    0xf0, 0xff, 0xd4, 0xf, 0xfe, 0x30, 0xf, 0xfe,
    0x1f, 0xfa, 0x81, 0xff, 0xc6, 0x1, 0xff, 0xe9,
    0x5f, 0xf1, 0x0, 0x7c, 0x20, 0x1f, 0xbf, 0xd0,
    0x3f, 0xe7, 0x0, 0xf6, 0x7f, 0x80, 0x3c, 0xbf,
    0xe3, 0xc, 0xfb, 0x0, 0xe1, 0xff, 0x90, 0x3,
    0xa7, 0xfc, 0x0, 0x8f, 0xf0, 0x7, 0x37, 0xfd,
    0x0, 0x1d, 0xdf, 0x40, 0x3, 0xff, 0x20, 0x6,
    0xaf, 0xfb, 0x40, 0x31, 0x7f, 0x98, 0x2, 0xef,
    0x90, 0xd, 0xfe, 0x6f, 0xf1, 0x0, 0x4f, 0xfe,
    0x10, 0xa, 0xbf, 0x40, 0x24, 0xff, 0x6, 0xfb,
    0x0, 0x57, 0xf8, 0x1, 0x97, 0xfc, 0x40, 0x8,
    0xfb, 0x8, 0xfb, 0x0, 0xbf, 0xd0, 0x1, 0x87,
    0xfc, 0xc0, 0xd, 0xf6, 0x3, 0xff, 0x0, 0x13,
    0xfc, 0x60, 0x1d, 0x9f, 0x60, 0x5f, 0xe1, 0x0,
    0x77, 0xa0, 0x4f, 0xf0, 0x7, 0x9f, 0xfc, 0xf,
    0xf8, 0x1, 0x57, 0xc8, 0x6f, 0xd0, 0x7, 0x8b,
    0xfc, 0x97, 0xee, 0x1, 0x2f, 0xf1, 0x7f, 0x94,
    0x3, 0xee, 0xf9, 0xff, 0x10, 0x6, 0xff, 0x4f,
    0xf8, 0x3, 0xf4, 0xff, 0xdc, 0x1, 0xd7, 0xff,
    0x60, 0x7, 0xe4, 0xff, 0xa4, 0x3, 0x9b, 0xfe,
    0x70, 0xf, 0xef, 0xf9, 0x0, 0x38, 0x7f, 0xe2,
    0x0, 0xfe, 0xbf, 0xf0, 0x7, 0xd9, 0xfc, 0x1,
    0xc0,

    /* U+1E85 "ẅ" */
    0x0, 0xe9, 0xff, 0x8, 0xbf, 0xd2, 0x1, 0xfe,
    0x9f, 0xf0, 0x8b, 0xfd, 0x20, 0x1f, 0xe8, 0xdd,
    0x0, 0x37, 0x50, 0x1, 0xff, 0xdd, 0x4f, 0xf1,
    0x80, 0x47, 0xfe, 0x20, 0x8, 0xff, 0xc8, 0x1f,
    0xe7, 0x0, 0xa3, 0xfc, 0xe0, 0x14, 0x7f, 0x80,
    0x15, 0xf8, 0x1, 0x6f, 0xfb, 0x0, 0x2c, 0xfa,
    0x0, 0x2f, 0xf8, 0x0, 0x5f, 0xdc, 0xf1, 0x1,
    0xff, 0x28, 0x0, 0x7f, 0xc8, 0xd, 0xf5, 0x4f,
    0x60, 0x5f, 0xf0, 0x80, 0x59, 0xf2, 0x17, 0xea,
    0xaf, 0xb0, 0x9f, 0xc0, 0xc, 0xff, 0xa3, 0xfe,
    0x0, 0x7f, 0x87, 0x7d, 0xc0, 0x31, 0x7f, 0x9f,
    0xec, 0x1, 0x7f, 0x1f, 0xe2, 0x0, 0xee, 0xff,
    0x98, 0x0, 0xdf, 0xf6, 0x80, 0x7a, 0x7f, 0xe1,
    0x0, 0xf, 0xfd, 0x20, 0x1e, 0x4f, 0xf6, 0x0,
    0x6c, 0xff, 0x20, 0x7, 0xdf, 0xe7, 0x0, 0xcf,
    0xfe, 0x0, 0xc0,

    /* U+1E9E "ẞ" */
    0x3f, 0xff, 0xfe, 0x16, 0x1, 0xff, 0xff, 0xf0,
    0xb0, 0xf, 0xfc, 0xc4, 0x4e, 0xfd, 0x22, 0xf8,
    0xf, 0xfc, 0x80, 0x3f, 0xe5, 0x0, 0xfc, 0x7f,
    0xe4, 0x1, 0xff, 0x30, 0x7, 0xe3, 0xff, 0x20,
    0x3, 0x7f, 0x88, 0x3, 0xe3, 0xff, 0x20, 0x1,
    0x7f, 0xe9, 0x20, 0xe, 0x3f, 0xf2, 0x0, 0x4d,
    0xff, 0xac, 0xc0, 0x23, 0xff, 0x20, 0x6, 0x18,
    0xff, 0xd4, 0x0, 0x3f, 0xf2, 0x0, 0x7c, 0xfd,
    0xfe, 0xc0, 0x3f, 0xf2, 0x0, 0x7f, 0x57, 0xf9,
    0x4f, 0xfc, 0x80, 0x2a, 0x40, 0x1e, 0xff, 0x41,
    0xff, 0x90, 0x7f, 0xce, 0x1, 0xee, 0xf8, 0x3f,
    0xf2, 0x6, 0x7f, 0x10, 0x6, 0x4f, 0xf2, 0x9f,
    0xf9, 0x0, 0xff, 0xdc, 0xe6, 0x67, 0xff, 0x68,
    0x1f, 0xf9, 0x0, 0xb, 0xff, 0xf6, 0x88, 0x1f,
    0xf9, 0x0, 0x22, 0x9d, 0xff, 0x63, 0x80, 0x40,

    /* U+1EA0 "Ạ" */
    0x0, 0xf2, 0xff, 0x0, 0x7f, 0xf0, 0x6f, 0xfc,
    0x80, 0x1f, 0xf0, 0xff, 0xd4, 0x1, 0xff, 0x3f,
    0xfe, 0x10, 0xf, 0xf6, 0xfb, 0xf7, 0xb8, 0x7,
    0xf2, 0x7f, 0x8a, 0x3f, 0x40, 0x3f, 0xab, 0xf0,
    0xb, 0xfc, 0x60, 0x1f, 0xbf, 0xcc, 0x0, 0xdf,
    0x90, 0xf, 0x9b, 0xfc, 0x20, 0x7, 0xff, 0x0,
    0x7d, 0x9f, 0x60, 0x10, 0xff, 0x94, 0x3, 0x8b,
    0xfc, 0xa0, 0x1b, 0x3e, 0xc0, 0x3a, 0x3f, 0xff,
    0xc4, 0x1, 0xbb, 0xff, 0xfd, 0x0, 0x12, 0xff,
    0x98, 0x8b, 0xd9, 0xfc, 0x1, 0x5f, 0xf0, 0x7,
    0xcb, 0xfe, 0x40, 0x1f, 0xf4, 0x80, 0x7e, 0xff,
    0x50, 0x3f, 0xf8, 0xc0, 0x3f, 0x57, 0xf8, 0x3,
    0xff, 0x96, 0xb3, 0x21, 0x0, 0xff, 0xe0, 0x47,
    0xf8, 0x80, 0x3f, 0xf8, 0x11, 0xfe, 0x20, 0xf,
    0x0,

    /* U+1EA1 "ạ" */
    0x0, 0x2d, 0xf7, 0xf5, 0xa0, 0x0, 0x73, 0xff,
    0xe7, 0x4, 0xfe, 0x61, 0x3, 0xcf, 0xf0, 0x82,
    0x10, 0x6, 0x1f, 0xf3, 0x0, 0x7e, 0xdf, 0x80,
    0x3a, 0xef, 0xff, 0x42, 0x7f, 0xd9, 0x9b, 0xfd,
    0x19, 0xf8, 0x20, 0x1b, 0xfd, 0x1b, 0xf0, 0x1,
    0x8f, 0xfd, 0x15, 0xfa, 0x1, 0x16, 0xff, 0xa0,
    0xbf, 0xeb, 0xcf, 0xdd, 0x7c, 0x1, 0x57, 0x7f,
    0x48, 0xd7, 0xc0, 0x7, 0xff, 0xd, 0xa6, 0x0,
    0x3f, 0x67, 0xf0, 0x7, 0xec, 0xfe, 0x0, 0xc0,

    /* U+1EA2 "Ả" */
    0x0, 0xff, 0xe5, 0x5f, 0xeb, 0x80, 0x7f, 0xf0,
    0xd, 0x6b, 0xd4, 0x3, 0xff, 0x80, 0x73, 0xe6,
    0x1, 0xff, 0xc0, 0x87, 0x10, 0xf, 0xfe, 0x2,
    0xff, 0x0, 0x7f, 0xf0, 0x6f, 0xfc, 0x80, 0x1f,
    0xf0, 0xff, 0xd4, 0x1, 0xff, 0x3f, 0xfe, 0x10,
    0xf, 0xf6, 0xfb, 0xf7, 0xb8, 0x7, 0xf2, 0x7f,
    0x8a, 0x3f, 0x40, 0x3f, 0xab, 0xf0, 0xb, 0xfc,
    0x60, 0x1f, 0xbf, 0xcc, 0x0, 0xdf, 0x90, 0xf,
    0x9b, 0xfc, 0x20, 0x7, 0xff, 0x0, 0x7d, 0x9f,
    0x60, 0x10, 0xff, 0x94, 0x3, 0x8b, 0xfc, 0xa0,
    0x1b, 0x3e, 0xc0, 0x3a, 0x3f, 0xff, 0xc4, 0x1,
    0xbb, 0xff, 0xfd, 0x0, 0x12, 0xff, 0x98, 0x8b,
    0xd9, 0xfc, 0x1, 0x5f, 0xf0, 0x7, 0xcb, 0xfe,
    0x40, 0x1f, 0xf4, 0x80, 0x7e, 0xff, 0x50, 0x3f,
    0xf8, 0xc0, 0x3f, 0x57, 0xf8, 0x0,

    /* U+1EA3 "ả" */
    0x0, 0xdd, 0xca, 0x20, 0xf, 0x96, 0x3b, 0x80,
    0x1f, 0xd1, 0xe4, 0x1, 0xf4, 0xfc, 0x80, 0x7e,
    0x51, 0x0, 0xf2, 0xdf, 0x7f, 0x5a, 0x0, 0x7,
    0x3f, 0xfe, 0x70, 0x4f, 0xe6, 0x10, 0x3c, 0xff,
    0x8, 0x21, 0x0, 0x61, 0xff, 0x30, 0x7, 0xed,
    0xf8, 0x3, 0xae, 0xff, 0xf4, 0x27, 0xfd, 0x99,
    0xbf, 0xd1, 0x9f, 0x82, 0x1, 0xbf, 0xd1, 0xbf,
    0x0, 0x18, 0xff, 0xd1, 0x5f, 0xa0, 0x11, 0x6f,
    0xfa, 0xb, 0xfe, 0xbc, 0xfd, 0xd7, 0xc0, 0x15,
    0x77, 0xf4, 0x8d, 0x7c, 0x0,

    /* U+1EA4 "Ấ" */
    0x0, 0xff, 0xaa, 0x80, 0x1f, 0xfc, 0x16, 0xf5,
    0x0, 0xff, 0x8, 0x3, 0xa8, 0x3, 0xfc, 0x7d,
    0x44, 0xe2, 0x1, 0xfc, 0x9f, 0x3b, 0x60, 0x1f,
    0xe5, 0xf8, 0x1, 0xdd, 0x8, 0x7, 0xff, 0x39,
    0x7f, 0x80, 0x3f, 0xf8, 0x37, 0xfe, 0x40, 0xf,
    0xf8, 0x7f, 0xea, 0x0, 0xff, 0x9f, 0xff, 0x8,
    0x7, 0xfb, 0x7d, 0xfb, 0xdc, 0x3, 0xf9, 0x3f,
    0xc5, 0x1f, 0xa0, 0x1f, 0xd5, 0xf8, 0x5, 0xfe,
    0x30, 0xf, 0xdf, 0xe6, 0x0, 0x6f, 0xc8, 0x7,
    0xcd, 0xfe, 0x10, 0x3, 0xff, 0x80, 0x3e, 0xcf,
    0xb0, 0x8, 0x7f, 0xca, 0x1, 0xc5, 0xfe, 0x50,
    0xd, 0x9f, 0x60, 0x1d, 0x1f, 0xff, 0xe2, 0x0,
    0xdd, 0xff, 0xfe, 0x80, 0x9, 0x7f, 0xcc, 0x45,
    0xec, 0xfe, 0x0, 0xaf, 0xf8, 0x3, 0xe5, 0xff,
    0x20, 0xf, 0xfa, 0x40, 0x3f, 0x7f, 0xa8, 0x1f,
    0xfc, 0x60, 0x1f, 0xab, 0xfc, 0x0,

    /* U+1EA5 "ấ" */
    0x0, 0xfc, 0x37, 0x0, 0x1f, 0xa7, 0xc8, 0x3,
    0x98, 0xb, 0xdc, 0x3, 0xa7, 0xed, 0x1c, 0x3,
    0xa7, 0xe7, 0xec, 0x3, 0xa7, 0xd4, 0xf, 0xec,
    0x3, 0xff, 0x86, 0xb7, 0xdf, 0xd6, 0x80, 0x1,
    0xcf, 0xff, 0x9c, 0x13, 0xf9, 0x84, 0xf, 0x3f,
    0xc2, 0x8, 0x40, 0x18, 0x7f, 0xcc, 0x1, 0xfb,
    0x7e, 0x0, 0xeb, 0xbf, 0xfd, 0x9, 0xff, 0x66,
    0x6f, 0xf4, 0x67, 0xe0, 0x80, 0x6f, 0xf4, 0x6f,
    0xc0, 0x6, 0x3f, 0xf4, 0x57, 0xe8, 0x4, 0x5b,
    0xfe, 0x82, 0xff, 0xaf, 0x3f, 0x75, 0xf0, 0x5,
    0x5d, 0xfd, 0x23, 0x5f, 0x0,

    /* U+1EA6 "Ầ" */
    0x0, 0xfc, 0x56, 0xe0, 0x1f, 0xfc, 0x2a, 0xf1,
    0x0, 0xff, 0x84, 0x7, 0xa4, 0x3, 0xfc, 0x7d,
    0x40, 0x6e, 0x1, 0xfc, 0x9f, 0x5b, 0x60, 0x1f,
    0xe5, 0xf9, 0x1, 0xdd, 0x8, 0x7, 0xff, 0x39,
    0x7f, 0x80, 0x3f, 0xf8, 0x37, 0xfe, 0x40, 0xf,
    0xf8, 0x7f, 0xea, 0x0, 0xff, 0x9f, 0xff, 0x8,
    0x7, 0xfb, 0x7d, 0xfb, 0xdc, 0x3, 0xf9, 0x3f,
    0xc5, 0x1f, 0xa0, 0x1f, 0xd5, 0xf8, 0x5, 0xfe,
    0x30, 0xf, 0xdf, 0xe6, 0x0, 0x6f, 0xc8, 0x7,
    0xcd, 0xfe, 0x10, 0x3, 0xff, 0x80, 0x3e, 0xcf,
    0xb0, 0x8, 0x7f, 0xca, 0x1, 0xc5, 0xfe, 0x50,
    0xd, 0x9f, 0x60, 0x1d, 0x1f, 0xff, 0xe2, 0x0,
    0xdd, 0xff, 0xfe, 0x80, 0x9, 0x7f, 0xcc, 0x45,
    0xec, 0xfe, 0x0, 0xaf, 0xf8, 0x3, 0xe5, 0xff,
    0x20, 0xf, 0xfa, 0x40, 0x3f, 0x7f, 0xa8, 0x1f,
    0xfc, 0x60, 0x1f, 0xab, 0xfc, 0x0,

    /* U+1EA7 "ầ" */
    0x0, 0xf2, 0xda, 0x0, 0x7f, 0x6e, 0x80, 0x3e,
    0x60, 0x3f, 0x50, 0xe, 0x9f, 0xb0, 0x55, 0x0,
    0x69, 0xf9, 0xfb, 0x0, 0xe9, 0xf5, 0x3, 0xfb,
    0x0, 0xff, 0xe1, 0xad, 0xf7, 0xf5, 0xa0, 0x0,
    0x73, 0xff, 0xe7, 0x4, 0xfe, 0x61, 0x3, 0xcf,
    0xf0, 0x82, 0x10, 0x6, 0x1f, 0xf3, 0x0, 0x7e,
    0xdf, 0x80, 0x3a, 0xef, 0xff, 0x42, 0x7f, 0xd9,
    0x9b, 0xfd, 0x19, 0xf8, 0x20, 0x1b, 0xfd, 0x1b,
    0xf0, 0x1, 0x8f, 0xfd, 0x15, 0xfa, 0x1, 0x16,
    0xff, 0xa0, 0xbf, 0xeb, 0xcf, 0xdd, 0x7c, 0x1,
    0x57, 0x7f, 0x48, 0xd7, 0xc0,

    /* U+1EA8 "Ẩ" */
    0x0, 0xff, 0xe6, 0xdf, 0x50, 0x80, 0x7f, 0xf0,
    0x9, 0x76, 0xc0, 0x3f, 0xc6, 0x1, 0x56, 0x0,
    0x7f, 0x2f, 0xe0, 0xdd, 0x88, 0x3, 0xf3, 0x7b,
    0xe6, 0x90, 0x7, 0xf2, 0xf3, 0x80, 0x2f, 0x4,
    0x3, 0xff, 0x9c, 0xbf, 0xc0, 0x1f, 0xfc, 0x1b,
    0xff, 0x20, 0x7, 0xfc, 0x3f, 0xf5, 0x0, 0x7f,
    0xcf, 0xff, 0x84, 0x3, 0xfd, 0xbe, 0xfd, 0xee,
    0x1, 0xfc, 0x9f, 0xe2, 0x8f, 0xd0, 0xf, 0xea,
    0xfc, 0x2, 0xff, 0x18, 0x7, 0xef, 0xf3, 0x0,
    0x37, 0xe4, 0x3, 0xe6, 0xff, 0x8, 0x1, 0xff,
    0xc0, 0x1f, 0x67, 0xd8, 0x4, 0x3f, 0xe5, 0x0,
    0xe2, 0xff, 0x28, 0x6, 0xcf, 0xb0, 0xe, 0x8f,
    0xff, 0xf1, 0x0, 0x6e, 0xff, 0xff, 0x40, 0x4,
    0xbf, 0xe6, 0x22, 0xf6, 0x7f, 0x0, 0x57, 0xfc,
    0x1, 0xf2, 0xff, 0x90, 0x7, 0xfd, 0x20, 0x1f,
    0xbf, 0xd4, 0xf, 0xfe, 0x30, 0xf, 0xd5, 0xfe,
    0x0,

    /* U+1EA9 "ẩ" */
    0x0, 0xff, 0xe2, 0x97, 0xeb, 0x80, 0x7e, 0x48,
    0xf4, 0x0, 0xe5, 0x0, 0x1f, 0xa0, 0x6, 0x8f,
    0xa4, 0xd7, 0x0, 0xd1, 0xf5, 0xf4, 0x1, 0xd3,
    0xec, 0x9, 0xf6, 0x1, 0xff, 0xc3, 0x5b, 0xef,
    0xeb, 0x40, 0x0, 0xe7, 0xff, 0xce, 0x9, 0xfc,
    0xc2, 0x7, 0x9f, 0xe1, 0x4, 0x20, 0xc, 0x3f,
    0xe6, 0x0, 0xfd, 0xbf, 0x0, 0x75, 0xdf, 0xfe,
    0x84, 0xff, 0xb3, 0x37, 0xfa, 0x33, 0xf0, 0x40,
    0x37, 0xfa, 0x37, 0xe0, 0x3, 0x1f, 0xfa, 0x2b,
    0xf4, 0x2, 0x2d, 0xff, 0x41, 0x7f, 0xd7, 0x9f,
    0xba, 0xf8, 0x2, 0xae, 0xfe, 0x91, 0xaf, 0x80,

    /* U+1EAA "Ẫ" */
    0x0, 0xff, 0xe4, 0x16, 0xfe, 0x29, 0xe2, 0x0,
    0x7e, 0xac, 0x4b, 0xff, 0x68, 0x7, 0xf1, 0x90,
    0x11, 0xc, 0x3, 0xff, 0x80, 0x9f, 0x60, 0x1f,
    0xfc, 0x5, 0xf8, 0xcd, 0x10, 0xf, 0xe5, 0xe7,
    0x0, 0x5e, 0x8, 0x7, 0xff, 0x39, 0x7f, 0x80,
    0x3f, 0xf8, 0x37, 0xfe, 0x40, 0xf, 0xf8, 0x7f,
    0xea, 0x0, 0xff, 0x9f, 0xff, 0x8, 0x7, 0xfb,
    0x7d, 0xfb, 0xdc, 0x3, 0xf9, 0x3f, 0xc5, 0x1f,
    0xa0, 0x1f, 0xd5, 0xf8, 0x5, 0xfe, 0x30, 0xf,
    0xdf, 0xe6, 0x0, 0x6f, 0xc8, 0x7, 0xcd, 0xfe,
    0x10, 0x3, 0xff, 0x80, 0x3e, 0xcf, 0xb0, 0x8,
    0x7f, 0xca, 0x1, 0xc5, 0xfe, 0x50, 0xd, 0x9f,
    0x60, 0x1d, 0x1f, 0xff, 0xe2, 0x0, 0xdd, 0xff,
    0xfe, 0x80, 0x9, 0x7f, 0xcc, 0x45, 0xec, 0xfe,
    0x0, 0xaf, 0xf8, 0x3, 0xe5, 0xff, 0x20, 0xf,
    0xfa, 0x40, 0x3f, 0x7f, 0xa8, 0x1f, 0xfc, 0x60,
    0x1f, 0xab, 0xfc, 0x0,

    /* U+1EAB "ẫ" */
    0x0, 0xff, 0xe0, 0xa7, 0x7d, 0x9a, 0xe0, 0x80,
    0x5d, 0x49, 0x7f, 0xeb, 0x0, 0xc8, 0x20, 0xa4,
    0x60, 0x1f, 0x47, 0xd8, 0x7, 0xd3, 0xf1, 0xf6,
    0x1, 0xd3, 0xea, 0x7, 0xd6, 0x1, 0xff, 0xc3,
    0x5b, 0xef, 0xeb, 0x40, 0x0, 0xe7, 0xff, 0xce,
    0x9, 0xfc, 0xc2, 0x7, 0x9f, 0xe1, 0x4, 0x20,
    0xc, 0x3f, 0xe6, 0x0, 0xfd, 0xbf, 0x0, 0x75,
    0xdf, 0xfe, 0x84, 0xff, 0xb3, 0x37, 0xfa, 0x33,
    0xf0, 0x40, 0x37, 0xfa, 0x37, 0xe0, 0x3, 0x1f,
    0xfa, 0x2b, 0xf4, 0x2, 0x2d, 0xff, 0x41, 0x7f,
    0xd7, 0x9f, 0xba, 0xf8, 0x2, 0xae, 0xfe, 0x91,
    0xaf, 0x80,

    /* U+1EAC "Ậ" */
    0x0, 0xfa, 0x50, 0x3, 0xff, 0x83, 0x1f, 0xe3,
    0x0, 0xff, 0x9f, 0xdb, 0x38, 0x80, 0x3f, 0x9b,
    0xdc, 0x1, 0xbc, 0x20, 0x1f, 0xfc, 0xe5, 0xfe,
    0x0, 0xff, 0xe0, 0xdf, 0xf9, 0x0, 0x3f, 0xe1,
    0xff, 0xa8, 0x3, 0xfe, 0x7f, 0xfc, 0x20, 0x1f,
    0xed, 0xf7, 0xef, 0x70, 0xf, 0xe4, 0xff, 0x14,
    0x7e, 0x80, 0x7f, 0x57, 0xe0, 0x17, 0xf8, 0xc0,
    0x3f, 0x7f, 0x98, 0x1, 0xbf, 0x20, 0x1f, 0x37,
    0xf8, 0x40, 0xf, 0xfe, 0x0, 0xfb, 0x3e, 0xc0,
    0x21, 0xff, 0x28, 0x7, 0x17, 0xf9, 0x40, 0x36,
    0x7d, 0x80, 0x74, 0x7f, 0xff, 0x88, 0x3, 0x77,
    0xff, 0xfa, 0x0, 0x25, 0xff, 0x31, 0x17, 0xb3,
    0xf8, 0x2, 0xbf, 0xe0, 0xf, 0x97, 0xfc, 0x80,
    0x3f, 0xe9, 0x0, 0xfd, 0xfe, 0xa0, 0x7f, 0xf1,
    0x80, 0x7e, 0xaf, 0xf0, 0x7, 0xff, 0x2d, 0x66,
    0x42, 0x1, 0xff, 0xc0, 0x8f, 0xf1, 0x0, 0x7f,
    0xf0, 0x23, 0xfc, 0x40, 0x1e,

    /* U+1EAD "ậ" */
    0x0, 0xeb, 0x10, 0xf, 0xd7, 0xfa, 0x20, 0x1e,
    0xbf, 0x5e, 0xc0, 0xe, 0xaf, 0x40, 0x2e, 0xc0,
    0xf, 0xfe, 0x1a, 0xdf, 0x7f, 0x5a, 0x0, 0x7,
    0x3f, 0xfe, 0x70, 0x4f, 0xe6, 0x10, 0x3c, 0xff,
    0x8, 0x21, 0x0, 0x61, 0xff, 0x30, 0x7, 0xed,
    0xf8, 0x3, 0xae, 0xff, 0xf4, 0x27, 0xfd, 0x99,
    0xbf, 0xd1, 0x9f, 0x82, 0x1, 0xbf, 0xd1, 0xbf,
    0x0, 0x18, 0xff, 0xd1, 0x5f, 0xa0, 0x11, 0x6f,
    0xfa, 0xb, 0xfe, 0xbc, 0xfd, 0xd7, 0xc0, 0x15,
    0x77, 0xf4, 0x8d, 0x7c, 0x0, 0x7f, 0xf0, 0xda,
    0x60, 0x3, 0xf6, 0x7f, 0x0, 0x7e, 0xcf, 0xe0,
    0xc,

    /* U+1EAE "Ắ" */
    0x0, 0xfd, 0xbc, 0x1, 0xff, 0xc1, 0x5f, 0x40,
    0xf, 0xfe, 0xe, 0xd0, 0x7, 0xfd, 0xb6, 0x1,
    0x17, 0xb0, 0x7, 0xe9, 0xf7, 0x23, 0xcf, 0x20,
    0xf, 0xc3, 0x7f, 0xf9, 0x80, 0x3f, 0xe1, 0x43,
    0x0, 0xff, 0xe0, 0xaf, 0xf0, 0x7, 0xff, 0x6,
    0xff, 0xc8, 0x1, 0xff, 0xf, 0xfd, 0x40, 0x1f,
    0xf3, 0xff, 0xe1, 0x0, 0xff, 0x6f, 0xbf, 0x7b,
    0x80, 0x7f, 0x27, 0xf8, 0xa3, 0xf4, 0x3, 0xfa,
    0xbf, 0x0, 0xbf, 0xc6, 0x1, 0xfb, 0xfc, 0xc0,
    0xd, 0xf9, 0x0, 0xf9, 0xbf, 0xc2, 0x0, 0x7f,
    0xf0, 0x7, 0xd9, 0xf6, 0x1, 0xf, 0xf9, 0x40,
    0x38, 0xbf, 0xca, 0x1, 0xb3, 0xec, 0x3, 0xa3,
    0xff, 0xfc, 0x40, 0x1b, 0xbf, 0xff, 0xd0, 0x1,
    0x2f, 0xf9, 0x88, 0xbd, 0x9f, 0xc0, 0x15, 0xff,
    0x0, 0x7c, 0xbf, 0xe4, 0x1, 0xff, 0x48, 0x7,
    0xef, 0xf5, 0x3, 0xff, 0x8c, 0x3, 0xf5, 0x7f,
    0x80,

    /* U+1EAF "ắ" */
    0x0, 0xf7, 0x68, 0x7, 0xe6, 0xf4, 0x0, 0xfd,
    0xb6, 0x1, 0xef, 0x81, 0x82, 0x5f, 0x20, 0xb,
    0x39, 0x44, 0xf7, 0x80, 0x31, 0x6f, 0xfd, 0xc8,
    0x1, 0xe2, 0x42, 0x0, 0xff, 0xe2, 0xad, 0xf7,
    0xf5, 0xa0, 0x0, 0x73, 0xff, 0xe7, 0x4, 0xfe,
    0x61, 0x3, 0xcf, 0xf0, 0x82, 0x10, 0x6, 0x1f,
    0xf3, 0x0, 0x7e, 0xdf, 0x80, 0x3a, 0xef, 0xff,
    0x42, 0x7f, 0xd9, 0x9b, 0xfd, 0x19, 0xf8, 0x20,
    0x1b, 0xfd, 0x1b, 0xf0, 0x1, 0x8f, 0xfd, 0x15,
    0xfa, 0x1, 0x16, 0xff, 0xa0, 0xbf, 0xeb, 0xcf,
    0xdd, 0x7c, 0x1, 0x57, 0x7f, 0x48, 0xd7, 0xc0,

    /* U+1EB0 "Ằ" */
    0x0, 0xe5, 0xf7, 0x0, 0xff, 0xe1, 0x5f, 0x0,
    0x7f, 0xf0, 0x87, 0xdc, 0x3, 0xfe, 0xdb, 0x0,
    0x8b, 0xd8, 0x3, 0xf4, 0xfb, 0x91, 0xe7, 0x90,
    0x7, 0xe1, 0xbf, 0xfc, 0xc0, 0x1f, 0xf0, 0xa1,
    0x80, 0x7f, 0xf0, 0x57, 0xf8, 0x3, 0xff, 0x83,
    0x7f, 0xe4, 0x0, 0xff, 0x87, 0xfe, 0xa0, 0xf,
    0xf9, 0xff, 0xf0, 0x80, 0x7f, 0xb7, 0xdf, 0xbd,
    0xc0, 0x3f, 0x93, 0xfc, 0x51, 0xfa, 0x1, 0xfd,
    0x5f, 0x80, 0x5f, 0xe3, 0x0, 0xfd, 0xfe, 0x60,
    0x6, 0xfc, 0x80, 0x7c, 0xdf, 0xe1, 0x0, 0x3f,
    0xf8, 0x3, 0xec, 0xfb, 0x0, 0x87, 0xfc, 0xa0,
    0x1c, 0x5f, 0xe5, 0x0, 0xd9, 0xf6, 0x1, 0xd1,
    0xff, 0xfe, 0x20, 0xd, 0xdf, 0xff, 0xe8, 0x0,
    0x97, 0xfc, 0xc4, 0x5e, 0xcf, 0xe0, 0xa, 0xff,
    0x80, 0x3e, 0x5f, 0xf2, 0x0, 0xff, 0xa4, 0x3,
    0xf7, 0xfa, 0x81, 0xff, 0xc6, 0x1, 0xfa, 0xbf,
    0xc0,

    /* U+1EB1 "ằ" */
    0x0, 0xaf, 0xc8, 0x3, 0xf1, 0x7c, 0x80, 0x7f,
    0x47, 0x88, 0x7, 0xbe, 0x1, 0xcd, 0x7c, 0x80,
    0x2c, 0xe5, 0x13, 0xde, 0x0, 0xc5, 0xbf, 0xf7,
    0x20, 0x7, 0x89, 0x8, 0x3, 0xff, 0x8a, 0xb7,
    0xdf, 0xd6, 0x80, 0x1, 0xcf, 0xff, 0x9c, 0x13,
    0xf9, 0x84, 0xf, 0x3f, 0xc2, 0x8, 0x40, 0x18,
    0x7f, 0xcc, 0x1, 0xfb, 0x7e, 0x0, 0xeb, 0xbf,
    0xfd, 0x9, 0xff, 0x66, 0x6f, 0xf4, 0x67, 0xe0,
    0x80, 0x6f, 0xf4, 0x6f, 0xc0, 0x6, 0x3f, 0xf4,
    0x57, 0xe8, 0x4, 0x5b, 0xfe, 0x82, 0xff, 0xaf,
    0x3f, 0x75, 0xf0, 0x5, 0x5d, 0xfd, 0x23, 0x5f,
    0x0,

    /* U+1EB2 "Ẳ" */
    0x0, 0xf6, 0x75, 0x8, 0x7, 0xff, 0x4, 0xb6,
    0x80, 0x3f, 0xf8, 0x27, 0xb2, 0x1, 0xfe, 0xcb,
    0x8, 0x52, 0xf6, 0x0, 0xfd, 0x3e, 0xe4, 0x77,
    0xe4, 0x1, 0xf8, 0x6f, 0xff, 0x30, 0x7, 0xfc,
    0x48, 0x60, 0x1f, 0xfc, 0x15, 0xfe, 0x0, 0xff,
    0xe0, 0xdf, 0xf9, 0x0, 0x3f, 0xe1, 0xff, 0xa8,
    0x3, 0xfe, 0x7f, 0xfc, 0x20, 0x1f, 0xed, 0xf7,
    0xef, 0x70, 0xf, 0xe4, 0xff, 0x14, 0x7e, 0x80,
    0x7f, 0x57, 0xe0, 0x17, 0xf8, 0xc0, 0x3f, 0x7f,
    0x98, 0x1, 0xbf, 0x20, 0x1f, 0x37, 0xf8, 0x40,
    0xf, 0xfe, 0x0, 0xfb, 0x3e, 0xc0, 0x21, 0xff,
    0x28, 0x7, 0x17, 0xf9, 0x40, 0x36, 0x7d, 0x80,
    0x74, 0x7f, 0xff, 0x88, 0x3, 0x77, 0xff, 0xfa,
    0x0, 0x25, 0xff, 0x31, 0x17, 0xb3, 0xf8, 0x2,
    0xbf, 0xe0, 0xf, 0x97, 0xfc, 0x80, 0x3f, 0xe9,
    0x0, 0xfd, 0xfe, 0xa0, 0x7f, 0xf1, 0x80, 0x7e,
    0xaf, 0xf0, 0x0,

    /* U+1EB3 "ẳ" */
    0x0, 0xff, 0xe1, 0xff, 0x50, 0x80, 0x7c, 0x6d,
    0xee, 0x1, 0xf0, 0xbf, 0xa0, 0x7, 0x7c, 0x3,
    0x12, 0xf9, 0x0, 0x59, 0xca, 0x27, 0xbc, 0x1,
    0x8b, 0x7f, 0xee, 0x40, 0xf, 0x12, 0x10, 0x7,
    0xff, 0x15, 0x6f, 0xbf, 0xad, 0x0, 0x3, 0x9f,
    0xff, 0x38, 0x27, 0xf3, 0x8, 0x1e, 0x7f, 0x84,
    0x10, 0x80, 0x30, 0xff, 0x98, 0x3, 0xf6, 0xfc,
    0x1, 0xd7, 0x7f, 0xfa, 0x13, 0xfe, 0xcc, 0xdf,
    0xe8, 0xcf, 0xc1, 0x0, 0xdf, 0xe8, 0xdf, 0x80,
    0xc, 0x7f, 0xe8, 0xaf, 0xd0, 0x8, 0xb7, 0xfd,
    0x5, 0xff, 0x5e, 0x7e, 0xeb, 0xe0, 0xa, 0xbb,
    0xfa, 0x46, 0xbe, 0x0,

    /* U+1EB4 "Ẵ" */
    0x0, 0xc3, 0x9f, 0x88, 0x7e, 0xc0, 0x1f, 0xab,
    0x52, 0xbf, 0xda, 0x1, 0xfc, 0xc8, 0x0, 0x13,
    0x41, 0x0, 0xfd, 0x98, 0x0, 0x8b, 0xd4, 0x3,
    0xf4, 0x7b, 0x91, 0xe7, 0x90, 0x7, 0xf5, 0x7f,
    0xe5, 0x0, 0xff, 0x85, 0xc, 0x3, 0xff, 0x82,
    0xbf, 0xc0, 0x1f, 0xfc, 0x1b, 0xff, 0x20, 0x7,
    0xfc, 0x3f, 0xf5, 0x0, 0x7f, 0xcf, 0xff, 0x84,
    0x3, 0xfd, 0xbe, 0xfd, 0xee, 0x1, 0xfc, 0x9f,
    0xe2, 0x8f, 0xd0, 0xf, 0xea, 0xfc, 0x2, 0xff,
    0x18, 0x7, 0xef, 0xf3, 0x0, 0x37, 0xe4, 0x3,
    0xe6, 0xff, 0x8, 0x1, 0xff, 0xc0, 0x1f, 0x67,
    0xd8, 0x4, 0x3f, 0xe5, 0x0, 0xe2, 0xff, 0x28,
    0x6, 0xcf, 0xb0, 0xe, 0x8f, 0xff, 0xf1, 0x0,
    0x6e, 0xff, 0xff, 0x40, 0x4, 0xbf, 0xe6, 0x22,
    0xf6, 0x7f, 0x0, 0x57, 0xfc, 0x1, 0xf2, 0xff,
    0x90, 0x7, 0xfd, 0x20, 0x1f, 0xbf, 0xd4, 0xf,
    0xfe, 0x30, 0xf, 0xd5, 0xfe, 0x0,

    /* U+1EB5 "ẵ" */
    0x0, 0xff, 0xe0, 0x9f, 0x7d, 0x9b, 0x79, 0x0,
    0x5b, 0x69, 0x7f, 0xeb, 0x0, 0xc8, 0x20, 0x2,
    0x30, 0xe, 0xf8, 0x0, 0x97, 0xc8, 0x2, 0xce,
    0x51, 0x3d, 0xe0, 0xc, 0x5b, 0xff, 0x72, 0x0,
    0x78, 0x90, 0x80, 0x3f, 0xf8, 0xab, 0x7d, 0xfd,
    0x68, 0x0, 0x1c, 0xff, 0xf9, 0xc1, 0x3f, 0x98,
    0x40, 0xf3, 0xfc, 0x20, 0x84, 0x1, 0x87, 0xfc,
    0xc0, 0x1f, 0xb7, 0xe0, 0xe, 0xbb, 0xff, 0xd0,
    0x9f, 0xf6, 0x66, 0xff, 0x46, 0x7e, 0x8, 0x6,
    0xff, 0x46, 0xfc, 0x0, 0x63, 0xff, 0x45, 0x7e,
    0x80, 0x45, 0xbf, 0xe8, 0x2f, 0xfa, 0xf3, 0xf7,
    0x5f, 0x0, 0x55, 0xdf, 0xd2, 0x35, 0xf0,

    /* U+1EB6 "Ặ" */
    0x0, 0xdb, 0xa0, 0x9, 0x3d, 0x80, 0x3f, 0x4f,
    0xc1, 0x1e, 0xf9, 0x0, 0x7e, 0x1b, 0xff, 0xcc,
    0x1, 0xff, 0xa, 0x18, 0x7, 0xff, 0x5, 0x7f,
    0x80, 0x3f, 0xf8, 0x37, 0xfe, 0x40, 0xf, 0xf8,
    0x7f, 0xea, 0x0, 0xff, 0x9f, 0xff, 0x8, 0x7,
    0xfb, 0x7d, 0xfb, 0xdc, 0x3, 0xf9, 0x3f, 0xc5,
    0x1f, 0xa0, 0x1f, 0xd5, 0xf8, 0x5, 0xfe, 0x30,
    0xf, 0xdf, 0xe6, 0x0, 0x6f, 0xc8, 0x7, 0xcd,
    0xfe, 0x10, 0x3, 0xff, 0x80, 0x3e, 0xcf, 0xb0,
    0x8, 0x7f, 0xca, 0x1, 0xc5, 0xfe, 0x50, 0xd,
    0x9f, 0x60, 0x1d, 0x1f, 0xff, 0xe2, 0x0, 0xdd,
    0xff, 0xfe, 0x80, 0x9, 0x7f, 0xcc, 0x45, 0xec,
    0xfe, 0x0, 0xaf, 0xf8, 0x3, 0xe5, 0xff, 0x20,
    0xf, 0xfa, 0x40, 0x3f, 0x7f, 0xa8, 0x1f, 0xfc,
    0x60, 0x1f, 0xab, 0xfc, 0x1, 0xff, 0xcb, 0x59,
    0x90, 0x80, 0x7f, 0xf0, 0x23, 0xfc, 0x40, 0x1f,
    0xfc, 0x8, 0xff, 0x10, 0x7, 0x80,

    /* U+1EB7 "ặ" */
    0x0, 0x7c, 0x0, 0x4b, 0xe4, 0x1, 0x67, 0x28,
    0x9e, 0xf0, 0x6, 0x2d, 0xff, 0xb9, 0x0, 0x3c,
    0x48, 0x40, 0x1f, 0xfc, 0x55, 0xbe, 0xfe, 0xb4,
    0x0, 0xe, 0x7f, 0xfc, 0xe0, 0x9f, 0xcc, 0x20,
    0x79, 0xfe, 0x10, 0x42, 0x0, 0xc3, 0xfe, 0x60,
    0xf, 0xdb, 0xf0, 0x7, 0x5d, 0xff, 0xe8, 0x4f,
    0xfb, 0x33, 0x7f, 0xa3, 0x3f, 0x4, 0x3, 0x7f,
    0xa3, 0x7e, 0x0, 0x31, 0xff, 0xa2, 0xbf, 0x40,
    0x22, 0xdf, 0xf4, 0x17, 0xfd, 0x79, 0xfb, 0xaf,
    0x80, 0x2a, 0xef, 0xe9, 0x1a, 0xf8, 0x0, 0xff,
    0xe1, 0xb4, 0xc0, 0x7, 0xec, 0xfe, 0x0, 0xfd,
    0x9f, 0xc0, 0x18,

    /* U+1EB8 "Ẹ" */
    0x3f, 0xff, 0xf6, 0x9f, 0xff, 0xfb, 0x4f, 0xfc,
    0xc4, 0x5f, 0x8f, 0xfc, 0x80, 0x1f, 0x8f, 0xfc,
    0x80, 0x1f, 0x8f, 0xfc, 0x80, 0x1f, 0x8f, 0xfc,
    0x80, 0x1f, 0x8f, 0xff, 0xfc, 0x47, 0xff, 0xfe,
    0x23, 0xff, 0x31, 0x17, 0xc0, 0x7f, 0xe4, 0x0,
    0xfc, 0x7f, 0xe4, 0x0, 0xfc, 0x7f, 0xe4, 0x0,
    0xfc, 0x7f, 0xe4, 0x0, 0xfc, 0x7f, 0xe6, 0x22,
    0xfc, 0x7f, 0xff, 0xed, 0x3f, 0xff, 0xf6, 0x80,
    0x7f, 0xf1, 0x66, 0x4c, 0x1, 0xfd, 0xfe, 0xa0,
    0xf, 0xef, 0xf5, 0x0, 0x60,

    /* U+1EB9 "ẹ" */
    0x0, 0x14, 0xf7, 0xf5, 0x18, 0x4, 0x7f, 0xff,
    0x28, 0xf, 0x7d, 0x90, 0x15, 0x7f, 0x85, 0xff,
    0x40, 0x3b, 0x3e, 0x2f, 0xe0, 0x3, 0x9f, 0xf3,
    0xbf, 0xff, 0xb7, 0xbf, 0x6e, 0xfe, 0x9c, 0xf9,
    0x0, 0xfc, 0xff, 0xc2, 0x1, 0x84, 0x40, 0x3d,
    0xfa, 0xa4, 0x46, 0xed, 0x10, 0x4f, 0xff, 0xb4,
    0x80, 0x5, 0x3d, 0xfd, 0x8c, 0x1, 0xff, 0xc5,
    0x59, 0x90, 0x7, 0xe9, 0xff, 0x8, 0x7, 0xd3,
    0xfe, 0x10, 0x8,

    /* U+1EBA "Ẻ" */
    0x0, 0xff, 0xe2, 0x17, 0xfa, 0xcc, 0x3, 0xf2,
    0x37, 0x70, 0x3, 0xf0, 0xaf, 0x58, 0x7, 0xe2,
    0x84, 0x0, 0xc7, 0xff, 0xfe, 0xd3, 0xff, 0xff,
    0x69, 0xff, 0x98, 0x8b, 0xf1, 0xff, 0x90, 0x3,
    0xf1, 0xff, 0x90, 0x3, 0xf1, 0xff, 0x90, 0x3,
    0xf1, 0xff, 0x90, 0x3, 0xf1, 0xff, 0xff, 0x88,
    0xff, 0xff, 0xc4, 0x7f, 0xe6, 0x22, 0xf8, 0xf,
    0xfc, 0x80, 0x1f, 0x8f, 0xfc, 0x80, 0x1f, 0x8f,
    0xfc, 0x80, 0x1f, 0x8f, 0xfc, 0x80, 0x1f, 0x8f,
    0xfc, 0xc4, 0x5f, 0x8f, 0xff, 0xfd, 0xa7, 0xff,
    0xfe, 0xd0,

    /* U+1EBB "ẻ" */
    0x0, 0xdd, 0xca, 0x20, 0xf, 0x96, 0x3b, 0x80,
    0x1f, 0xd1, 0xe4, 0x1, 0xf4, 0xfc, 0x80, 0x7e,
    0x51, 0x0, 0xf1, 0x4f, 0x7f, 0x51, 0x80, 0x47,
    0xff, 0xf2, 0x80, 0xf7, 0xd9, 0x1, 0x57, 0xf8,
    0x5f, 0xf4, 0x3, 0xb3, 0xe2, 0xfe, 0x0, 0x39,
    0xff, 0x3b, 0xff, 0xfb, 0x7b, 0xf6, 0xef, 0xe9,
    0xcf, 0x90, 0xf, 0xcf, 0xfc, 0x20, 0x18, 0x44,
    0x3, 0xdf, 0xaa, 0x44, 0x6e, 0xd1, 0x4, 0xff,
    0xfb, 0x48, 0x0, 0x53, 0xdf, 0xd8, 0xc0, 0x0,

    /* U+1EBC "Ẽ" */
    0x0, 0xfe, 0x10, 0xe, 0x9f, 0xd3, 0x4, 0xf2,
    0x0, 0x93, 0xda, 0xf8, 0xe7, 0xc0, 0x34, 0x68,
    0x2, 0xff, 0xcc, 0x1, 0x88, 0x80, 0x11, 0x8,
    0x4, 0x7f, 0xff, 0xed, 0x3f, 0xff, 0xf6, 0x9f,
    0xf9, 0x88, 0xbf, 0x1f, 0xf9, 0x0, 0x3f, 0x1f,
    0xf9, 0x0, 0x3f, 0x1f, 0xf9, 0x0, 0x3f, 0x1f,
    0xf9, 0x0, 0x3f, 0x1f, 0xff, 0xf8, 0x8f, 0xff,
    0xfc, 0x47, 0xfe, 0x62, 0x2f, 0x80, 0xff, 0xc8,
    0x1, 0xf8, 0xff, 0xc8, 0x1, 0xf8, 0xff, 0xc8,
    0x1, 0xf8, 0xff, 0xc8, 0x1, 0xf8, 0xff, 0xcc,
    0x45, 0xf8, 0xff, 0xff, 0xda, 0x7f, 0xff, 0xed,

    /* U+1EBD "ẽ" */
    0x0, 0x2f, 0x71, 0x40, 0x1e, 0xc0, 0x1, 0xfb,
    0xb7, 0xb3, 0x3c, 0xc0, 0x9, 0xe2, 0x15, 0xfe,
    0xb0, 0x8, 0x54, 0x2, 0x33, 0x0, 0x7f, 0xf1,
    0xa, 0x7b, 0xfa, 0x8c, 0x2, 0x3f, 0xff, 0x94,
    0x7, 0xbe, 0xc8, 0xa, 0xbf, 0xc2, 0xff, 0xa0,
    0x1d, 0x9f, 0x17, 0xf0, 0x1, 0xcf, 0xf9, 0xdf,
    0xff, 0xdb, 0xdf, 0xb7, 0x7f, 0x4e, 0x7c, 0x80,
    0x7e, 0x7f, 0xe1, 0x0, 0xc2, 0x20, 0x1e, 0xfd,
    0x52, 0x23, 0x76, 0x88, 0x27, 0xff, 0xda, 0x40,
    0x2, 0x9e, 0xfe, 0xc6, 0x0, 0x0,

    /* U+1EBE "Ế" */
    0x0, 0xfe, 0x4b, 0x50, 0xf, 0xed, 0xd0, 0x7,
    0xc2, 0xb, 0xe6, 0x1, 0xe8, 0xf4, 0x55, 0x0,
    0x7a, 0xba, 0x7d, 0x40, 0x3d, 0x7c, 0x60, 0xde,
    0xe0, 0x1f, 0xfc, 0x23, 0xff, 0xff, 0x69, 0xff,
    0xff, 0xb4, 0xff, 0xcc, 0x45, 0xf8, 0xff, 0xc8,
    0x1, 0xf8, 0xff, 0xc8, 0x1, 0xf8, 0xff, 0xc8,
    0x1, 0xf8, 0xff, 0xc8, 0x1, 0xf8, 0xff, 0xff,
    0xc4, 0x7f, 0xff, 0xe2, 0x3f, 0xf3, 0x11, 0x7c,
    0x7, 0xfe, 0x40, 0xf, 0xc7, 0xfe, 0x40, 0xf,
    0xc7, 0xfe, 0x40, 0xf, 0xc7, 0xfe, 0x40, 0xf,
    0xc7, 0xfe, 0x62, 0x2f, 0xc7, 0xff, 0xfe, 0xd3,
    0xff, 0xff, 0x68,

    /* U+1EBF "ế" */
    0x0, 0xfc, 0x7f, 0x20, 0x1f, 0xb3, 0x40, 0x38,
    0x6c, 0x93, 0xcc, 0x3, 0xe, 0xff, 0x19, 0x0,
    0x61, 0xde, 0x4d, 0xe2, 0x0, 0xd1, 0x64, 0x3,
    0x52, 0x1, 0xff, 0xc3, 0x29, 0xef, 0xea, 0x30,
    0x8, 0xff, 0xfe, 0x50, 0x1e, 0xfb, 0x20, 0x2a,
    0xff, 0xb, 0xfe, 0x80, 0x76, 0x7c, 0x5f, 0xc0,
    0x7, 0x3f, 0xe7, 0x7f, 0xff, 0x6f, 0x7e, 0xdd,
    0xfd, 0x39, 0xf2, 0x1, 0xf9, 0xff, 0x84, 0x3,
    0x8, 0x80, 0x7b, 0xf5, 0x48, 0x8d, 0xda, 0x20,
    0x9f, 0xff, 0x69, 0x0, 0xa, 0x7b, 0xfb, 0x18,
    0x0,

    /* U+1EC0 "Ề" */
    0x0, 0xfa, 0x2c, 0x80, 0x3f, 0x8b, 0xe4, 0x3,
    0xf0, 0x83, 0xf9, 0x0, 0x7a, 0x3d, 0x1, 0xcc,
    0x3, 0xab, 0xa7, 0xd4, 0x3, 0xd7, 0xc6, 0xd,
    0xee, 0x1, 0xff, 0xc2, 0x3f, 0xff, 0xf6, 0x9f,
    0xff, 0xfb, 0x4f, 0xfc, 0xc4, 0x5f, 0x8f, 0xfc,
    0x80, 0x1f, 0x8f, 0xfc, 0x80, 0x1f, 0x8f, 0xfc,
    0x80, 0x1f, 0x8f, 0xfc, 0x80, 0x1f, 0x8f, 0xff,
    0xfc, 0x47, 0xff, 0xfe, 0x23, 0xff, 0x31, 0x17,
    0xc0, 0x7f, 0xe4, 0x0, 0xfc, 0x7f, 0xe4, 0x0,
    0xfc, 0x7f, 0xe4, 0x0, 0xfc, 0x7f, 0xe4, 0x0,
    0xfc, 0x7f, 0xe6, 0x22, 0xfc, 0x7f, 0xff, 0xed,
    0x3f, 0xff, 0xf6, 0x80,

    /* U+1EC1 "ề" */
    0x0, 0xf3, 0x7b, 0x80, 0x7f, 0x5f, 0x0, 0x78,
    0x6c, 0x87, 0xdc, 0x3, 0xe, 0xff, 0x10, 0x90,
    0x4, 0x3b, 0xc9, 0xbc, 0x40, 0x1a, 0x2c, 0x80,
    0x6a, 0x40, 0x3f, 0xf8, 0x65, 0x3d, 0xfd, 0x46,
    0x1, 0x1f, 0xff, 0xca, 0x3, 0xdf, 0x64, 0x5,
    0x5f, 0xe1, 0x7f, 0xd0, 0xe, 0xcf, 0x8b, 0xf8,
    0x0, 0xe7, 0xfc, 0xef, 0xff, 0xed, 0xef, 0xdb,
    0xbf, 0xa7, 0x3e, 0x40, 0x3f, 0x3f, 0xf0, 0x80,
    0x61, 0x10, 0xf, 0x7e, 0xa9, 0x11, 0xbb, 0x44,
    0x13, 0xff, 0xed, 0x20, 0x1, 0x4f, 0x7f, 0x63,
    0x0, 0x0,

    /* U+1EC2 "Ể" */
    0x0, 0xff, 0xe3, 0x97, 0xeb, 0x80, 0x7f, 0x1c,
    0x7a, 0x0, 0x79, 0x0, 0x3, 0xea, 0x1, 0xd7,
    0xee, 0x9d, 0x0, 0x18, 0x73, 0x5b, 0xe0, 0x3,
    0xd7, 0xa2, 0xb, 0xce, 0x1, 0xff, 0xc2, 0x3f,
    0xff, 0xf6, 0x9f, 0xff, 0xfb, 0x4f, 0xfc, 0xc4,
    0x5f, 0x8f, 0xfc, 0x80, 0x1f, 0x8f, 0xfc, 0x80,
    0x1f, 0x8f, 0xfc, 0x80, 0x1f, 0x8f, 0xfc, 0x80,
    0x1f, 0x8f, 0xff, 0xfc, 0x47, 0xff, 0xfe, 0x23,
    0xff, 0x31, 0x17, 0xc0, 0x7f, 0xe4, 0x0, 0xfc,
    0x7f, 0xe4, 0x0, 0xfc, 0x7f, 0xe4, 0x0, 0xfc,
    0x7f, 0xe4, 0x0, 0xfc, 0x7f, 0xe6, 0x22, 0xfc,
    0x7f, 0xff, 0xed, 0x3f, 0xff, 0xf6, 0x80,

    /* U+1EC3 "ể" */
    0x0, 0xff, 0xe2, 0x9f, 0xeb, 0x0, 0x7e, 0x48,
    0xf3, 0x0, 0xe5, 0x0, 0x1f, 0xa0, 0x6, 0x8f,
    0xa4, 0xd6, 0x0, 0xd3, 0xf5, 0xf4, 0x1, 0xd3,
    0xec, 0x9, 0xf4, 0x1, 0xff, 0xc3, 0x29, 0xef,
    0xea, 0x30, 0x8, 0xff, 0xfe, 0x50, 0x1e, 0xfb,
    0x20, 0x2a, 0xff, 0xb, 0xfe, 0x80, 0x76, 0x7c,
    0x5f, 0xc0, 0x7, 0x3f, 0xe7, 0x7f, 0xff, 0x6f,
    0x7e, 0xdd, 0xfd, 0x39, 0xf2, 0x1, 0xf9, 0xff,
    0x84, 0x3, 0x8, 0x80, 0x7b, 0xf5, 0x48, 0x8d,
    0xda, 0x20, 0x9f, 0xff, 0x69, 0x0, 0xa, 0x7b,
    0xfb, 0x18, 0x0,

    /* U+1EC4 "Ễ" */
    0x0, 0xff, 0xe1, 0xbf, 0xfa, 0x4a, 0x2c, 0x3,
    0x17, 0xbb, 0xbb, 0xfc, 0xe0, 0x18, 0x50, 0x0,
    0x66, 0x20, 0xf, 0xd5, 0xea, 0x1, 0xfa, 0xf5,
    0xfd, 0xc0, 0x3d, 0x78, 0x20, 0xbc, 0xc0, 0x1f,
    0xfc, 0x23, 0xff, 0xff, 0x69, 0xff, 0xff, 0xb4,
    0xff, 0xcc, 0x45, 0xf8, 0xff, 0xc8, 0x1, 0xf8,
    0xff, 0xc8, 0x1, 0xf8, 0xff, 0xc8, 0x1, 0xf8,
    0xff, 0xc8, 0x1, 0xf8, 0xff, 0xff, 0xc4, 0x7f,
    0xff, 0xe2, 0x3f, 0xf3, 0x11, 0x7c, 0x7, 0xfe,
    0x40, 0xf, 0xc7, 0xfe, 0x40, 0xf, 0xc7, 0xfe,
    0x40, 0xf, 0xc7, 0xfe, 0x40, 0xf, 0xc7, 0xfe,
    0x62, 0x2f, 0xc7, 0xff, 0xfe, 0xd3, 0xff, 0xff,
    0x68,

    /* U+1EC5 "ễ" */
    0x0, 0xff, 0xe0, 0xa7, 0x7d, 0x9a, 0xe0, 0x80,
    0x5d, 0x49, 0x7f, 0xeb, 0x0, 0xc8, 0x20, 0xc4,
    0x60, 0x1f, 0x4f, 0xd0, 0x7, 0xd3, 0xef, 0xf4,
    0x1, 0xd3, 0xe8, 0x7, 0xd4, 0x1, 0xff, 0xc3,
    0x29, 0xef, 0xea, 0x30, 0x8, 0xff, 0xfe, 0x50,
    0x1e, 0xfb, 0x20, 0x2a, 0xff, 0xb, 0xfe, 0x80,
    0x76, 0x7c, 0x5f, 0xc0, 0x7, 0x3f, 0xe7, 0x7f,
    0xff, 0x6f, 0x7e, 0xdd, 0xfd, 0x39, 0xf2, 0x1,
    0xf9, 0xff, 0x84, 0x3, 0x8, 0x80, 0x7b, 0xf5,
    0x48, 0x8d, 0xda, 0x20, 0x9f, 0xff, 0x69, 0x0,
    0xa, 0x7b, 0xfb, 0x18, 0x0,

    /* U+1EC6 "Ệ" */
    0x0, 0xe2, 0xa0, 0xf, 0xe1, 0xef, 0xa0, 0xf,
    0x87, 0x74, 0xbf, 0x20, 0x1e, 0xce, 0x20, 0x5f,
    0x80, 0xf, 0xfe, 0x11, 0xff, 0xff, 0xb4, 0xff,
    0xff, 0xda, 0x7f, 0xe6, 0x22, 0xfc, 0x7f, 0xe4,
    0x0, 0xfc, 0x7f, 0xe4, 0x0, 0xfc, 0x7f, 0xe4,
    0x0, 0xfc, 0x7f, 0xe4, 0x0, 0xfc, 0x7f, 0xff,
    0xe2, 0x3f, 0xff, 0xf1, 0x1f, 0xf9, 0x88, 0xbe,
    0x3, 0xff, 0x20, 0x7, 0xe3, 0xff, 0x20, 0x7,
    0xe3, 0xff, 0x20, 0x7, 0xe3, 0xff, 0x20, 0x7,
    0xe3, 0xff, 0x31, 0x17, 0xe3, 0xff, 0xff, 0x69,
    0xff, 0xff, 0xb4, 0x3, 0xff, 0x8b, 0x32, 0x60,
    0xf, 0xef, 0xf5, 0x0, 0x7f, 0x7f, 0xa8, 0x3,
    0x0,

    /* U+1EC7 "ệ" */
    0x0, 0xe3, 0x0, 0xfe, 0x5f, 0x70, 0xf, 0x93,
    0xf7, 0xd4, 0x3, 0x8f, 0xe8, 0x27, 0xd0, 0x3,
    0x3b, 0x80, 0x27, 0x70, 0x7, 0xff, 0xc, 0xa7,
    0xbf, 0xa8, 0xc0, 0x23, 0xff, 0xf9, 0x40, 0x7b,
    0xec, 0x80, 0xab, 0xfc, 0x2f, 0xfa, 0x1, 0xd9,
    0xf1, 0x7f, 0x0, 0x1c, 0xff, 0x9d, 0xff, 0xfd,
    0xbd, 0xfb, 0x77, 0xf4, 0xe7, 0xc8, 0x7, 0xe7,
    0xfe, 0x10, 0xc, 0x22, 0x1, 0xef, 0xd5, 0x22,
    0x37, 0x68, 0x82, 0x7f, 0xfd, 0xa4, 0x0, 0x29,
    0xef, 0xec, 0x60, 0xf, 0xfe, 0x2a, 0xcc, 0x80,
    0x3f, 0x4f, 0xf8, 0x40, 0x3e, 0x9f, 0xf0, 0x80,
    0x40,

    /* U+1EC8 "Ỉ" */
    0x0, 0xe7, 0xfe, 0x91, 0x12, 0xc7, 0xc8, 0x13,
    0xfb, 0x2, 0xc1, 0x1, 0xff, 0x90, 0xf, 0xfc,
    0x80, 0x7f, 0xe4, 0x3, 0xff, 0x20, 0x1f, 0xf9,
    0x0, 0xff, 0xc8, 0x7, 0xfe, 0x40, 0x3f, 0xf2,
    0x1, 0xff, 0x90, 0xf, 0xfc, 0x80, 0x7f, 0xe4,
    0x3, 0xff, 0x20, 0x1f, 0xf9, 0x0, 0xff, 0xc8,
    0x7, 0xfe, 0x40, 0x3f, 0xf2, 0x1, 0xff, 0x90,
    0x0,

    /* U+1EC9 "ỉ" */
    0xbe, 0xb4, 0x3, 0x7d, 0xf3, 0x0, 0x2f, 0xa8,
    0x4f, 0x50, 0x0, 0x80, 0x26, 0xff, 0x0, 0x1b,
    0xfc, 0x0, 0x6f, 0xf0, 0x1, 0xbf, 0xc0, 0x6,
    0xff, 0x0, 0x1b, 0xfc, 0x0, 0x6f, 0xf0, 0x1,
    0xbf, 0xc0, 0x6, 0xff, 0x0, 0x1b, 0xfc, 0x0,
    0x6f, 0xf0, 0x1, 0xbf, 0xc0, 0x0,

    /* U+1ECA "Ị" */
    0x3f, 0xf2, 0x1f, 0xf9, 0xf, 0xfc, 0x87, 0xfe,
    0x43, 0xff, 0x21, 0xff, 0x90, 0xff, 0xc8, 0x7f,
    0xe4, 0x3f, 0xf2, 0x1f, 0xf9, 0xf, 0xfc, 0x87,
    0xfe, 0x43, 0xff, 0x21, 0xff, 0x90, 0xff, 0xc8,
    0x7f, 0xe4, 0x3f, 0xf2, 0x0, 0x62, 0x99, 0x1a,
    0x7f, 0x99, 0x3f, 0xcc,

    /* U+1ECB "ị" */
    0x9f, 0xf0, 0xcf, 0xf8, 0x5f, 0x74, 0x20, 0x1f,
    0x9b, 0xfc, 0xd, 0xfe, 0x6, 0xff, 0x3, 0x7f,
    0x81, 0xbf, 0xc0, 0xdf, 0xe0, 0x6f, 0xf0, 0x37,
    0xf8, 0x1b, 0xfc, 0xd, 0xfe, 0x6, 0xff, 0x3,
    0x7f, 0x80, 0x39, 0x66, 0x43, 0x3f, 0xe1, 0x9f,
    0xf0, 0x80,

    /* U+1ECC "Ọ" */
    0x0, 0xc9, 0x5b, 0xfe, 0xd9, 0x30, 0xf, 0xab,
    0xff, 0xf4, 0x80, 0x76, 0x7f, 0xb6, 0x15, 0xa3,
    0xbf, 0xd6, 0x1, 0x47, 0xfa, 0x0, 0x3d, 0x5f,
    0xe7, 0x1, 0xff, 0x50, 0x7, 0xec, 0xff, 0x3,
    0x7f, 0x84, 0x3, 0xf1, 0xff, 0x96, 0xbf, 0x0,
    0x3f, 0xdd, 0xf3, 0x9f, 0x40, 0x1f, 0xeb, 0xfb,
    0xdf, 0x90, 0xf, 0xf5, 0x7e, 0x63, 0xe8, 0x3,
    0xfd, 0x7f, 0x75, 0xf8, 0x1, 0xfe, 0xef, 0x96,
    0xff, 0x8, 0x7, 0xe3, 0xff, 0x28, 0xff, 0xa8,
    0x3, 0xf6, 0x7f, 0x80, 0x11, 0xfe, 0x80, 0xf,
    0x57, 0xf9, 0xc0, 0x2c, 0xff, 0x6c, 0x33, 0x23,
    0xbf, 0xd6, 0x1, 0xd5, 0xff, 0xfa, 0x40, 0x3e,
    0x4a, 0xef, 0xf6, 0xc9, 0x80, 0x7f, 0xf3, 0x8e,
    0x64, 0x40, 0x1f, 0xfc, 0x6, 0xff, 0x20, 0x7,
    0xff, 0x1, 0xbf, 0xc8, 0x1, 0xe0,

    /* U+1ECD "ọ" */
    0x0, 0x9f, 0x3f, 0xb1, 0x80, 0x31, 0x6f, 0xff,
    0xac, 0x2, 0xdf, 0xe5, 0x12, 0x7f, 0xf5, 0x3,
    0x7f, 0x88, 0x3, 0x27, 0xf8, 0xef, 0xe8, 0x3,
    0xdb, 0xf1, 0xbe, 0xe0, 0x1e, 0xaf, 0xad, 0xf7,
    0x0, 0xf5, 0x7d, 0x5f, 0xd0, 0x7, 0xb7, 0xe1,
    0xbf, 0xc4, 0x1, 0x97, 0xfc, 0x41, 0xbf, 0xca,
    0x44, 0x7f, 0xf5, 0x0, 0xb, 0x7f, 0xfd, 0x60,
    0x1c, 0xfb, 0xfd, 0x8c, 0x1, 0xff, 0xc7, 0x49,
    0x91, 0x0, 0x7e, 0x7f, 0xf1, 0x80, 0x7e, 0x7f,
    0xf1, 0x80, 0x60,

    /* U+1ECE "Ỏ" */
    0x0, 0xff, 0xe5, 0x47, 0xeb, 0x0, 0x7f, 0xf0,
    0x9, 0xaf, 0xd8, 0x3, 0xff, 0x82, 0x5f, 0x0,
    0x1f, 0xfc, 0x5, 0xdd, 0x10, 0x7, 0xff, 0x1,
    0xc, 0x3, 0xfe, 0x4a, 0xdf, 0xf6, 0xc9, 0x80,
    0x7d, 0x5f, 0xff, 0xa4, 0x3, 0xb3, 0xfd, 0xb0,
    0xad, 0x1d, 0xfe, 0xb0, 0xa, 0x3f, 0xd0, 0x1,
    0xea, 0xff, 0x38, 0xf, 0xfa, 0x80, 0x3f, 0x67,
    0xf8, 0x1b, 0xfc, 0x20, 0x1f, 0x8f, 0xfc, 0xb5,
    0xf8, 0x1, 0xfe, 0xef, 0x9c, 0xfa, 0x0, 0xff,
    0x5f, 0xde, 0xfc, 0x80, 0x7f, 0xab, 0xf3, 0x1f,
    0x40, 0x1f, 0xeb, 0xfb, 0xaf, 0xc0, 0xf, 0xf7,
    0x7c, 0xb7, 0xf8, 0x40, 0x3f, 0x1f, 0xf9, 0x47,
    0xfd, 0x40, 0x1f, 0xb3, 0xfc, 0x0, 0x8f, 0xf4,
    0x0, 0x7a, 0xbf, 0xce, 0x1, 0x67, 0xfb, 0x61,
    0x99, 0x1d, 0xfe, 0xb0, 0xe, 0xaf, 0xff, 0xd2,
    0x1, 0xf2, 0x57, 0x7f, 0xb6, 0x4c, 0x3, 0x0,

    /* U+1ECF "ỏ" */
    0x0, 0xd3, 0xd8, 0xa0, 0x1f, 0x8d, 0xf3, 0xd4,
    0x3, 0xf8, 0xbd, 0xc0, 0x3f, 0x36, 0xe8, 0x80,
    0x3f, 0x21, 0x80, 0x7e, 0x7c, 0xfe, 0xc6, 0x0,
    0xc5, 0xbf, 0xfe, 0xb0, 0xb, 0x7f, 0x94, 0x49,
    0xff, 0xd4, 0xd, 0xfe, 0x20, 0xc, 0x9f, 0xe3,
    0xbf, 0xa0, 0xf, 0x6f, 0xc6, 0xfb, 0x80, 0x7a,
    0xbe, 0xb7, 0xdc, 0x3, 0xd5, 0xf5, 0x7f, 0x40,
    0x1e, 0xdf, 0x86, 0xff, 0x10, 0x6, 0x5f, 0xf1,
    0x6, 0xff, 0x29, 0x11, 0xff, 0xd4, 0x0, 0x2d,
    0xff, 0xf5, 0x80, 0x73, 0xef, 0xf6, 0x30, 0x4,

    /* U+1ED0 "Ố" */
    0x0, 0xff, 0xa6, 0xc4, 0x3, 0xff, 0x80, 0x7e,
    0xe0, 0x1f, 0xe1, 0x0, 0x66, 0x0, 0x3f, 0xc3,
    0xb8, 0x4e, 0x40, 0x1f, 0xc5, 0xd7, 0x9a, 0x20,
    0x1f, 0xc7, 0xd6, 0x0, 0xce, 0x20, 0xf, 0xfe,
    0x62, 0x56, 0xff, 0xb6, 0x4c, 0x3, 0xea, 0xff,
    0xfd, 0x20, 0x1d, 0x9f, 0xed, 0x85, 0x68, 0xef,
    0xf5, 0x80, 0x51, 0xfe, 0x80, 0xf, 0x57, 0xf9,
    0xc0, 0x7f, 0xd4, 0x1, 0xfb, 0x3f, 0xc0, 0xdf,
    0xe1, 0x0, 0xfc, 0x7f, 0xe5, 0xaf, 0xc0, 0xf,
    0xf7, 0x7c, 0xe7, 0xd0, 0x7, 0xfa, 0xfe, 0xf7,
    0xe4, 0x3, 0xfd, 0x5f, 0x98, 0xfa, 0x0, 0xff,
    0x5f, 0xdd, 0x7e, 0x0, 0x7f, 0xbb, 0xe5, 0xbf,
    0xc2, 0x1, 0xf8, 0xff, 0xca, 0x3f, 0xea, 0x0,
    0xfd, 0x9f, 0xe0, 0x4, 0x7f, 0xa0, 0x3, 0xd5,
    0xfe, 0x70, 0xb, 0x3f, 0xdb, 0xc, 0xc8, 0xef,
    0xf5, 0x80, 0x75, 0x7f, 0xfe, 0x90, 0xf, 0x92,
    0xbb, 0xfd, 0xb2, 0x60, 0x18,

    /* U+1ED1 "ố" */
    0x0, 0xfe, 0xde, 0x0, 0xfe, 0x6f, 0x40, 0xf,
    0x43, 0x7, 0x48, 0x7, 0xa3, 0xfc, 0xc6, 0x1,
    0xe8, 0xf7, 0x9f, 0x50, 0xe, 0x4b, 0x60, 0x4,
    0x59, 0x0, 0x7f, 0xf1, 0x5f, 0x3f, 0xb1, 0x80,
    0x31, 0x6f, 0xff, 0xac, 0x2, 0xdf, 0xe5, 0x12,
    0x7f, 0xf5, 0x3, 0x7f, 0x88, 0x3, 0x27, 0xf8,
    0xef, 0xe8, 0x3, 0xdb, 0xf1, 0xbe, 0xe0, 0x1e,
    0xaf, 0xad, 0xf7, 0x0, 0xf5, 0x7d, 0x5f, 0xd0,
    0x7, 0xb7, 0xe1, 0xbf, 0xc4, 0x1, 0x97, 0xfc,
    0x41, 0xbf, 0xca, 0x44, 0x7f, 0xf5, 0x0, 0xb,
    0x7f, 0xfd, 0x60, 0x1c, 0xfb, 0xfd, 0x8c, 0x1,
    0x0,

    /* U+1ED2 "Ồ" */
    0x0, 0xfc, 0x37, 0x20, 0x1f, 0xfc, 0x28, 0xf3,
    0x0, 0xff, 0x84, 0x1, 0xb6, 0x1, 0xfe, 0x1d,
    0xc1, 0x27, 0x0, 0xfe, 0x2e, 0xbc, 0xd1, 0x0,
    0xfe, 0x3e, 0xb0, 0x6, 0x71, 0x0, 0x7f, 0xf3,
    0x12, 0xb7, 0xfd, 0xb2, 0x60, 0x1f, 0x57, 0xff,
    0xe9, 0x0, 0xec, 0xff, 0x6c, 0x2b, 0x47, 0x7f,
    0xac, 0x2, 0x8f, 0xf4, 0x0, 0x7a, 0xbf, 0xce,
    0x3, 0xfe, 0xa0, 0xf, 0xd9, 0xfe, 0x6, 0xff,
    0x8, 0x7, 0xe3, 0xff, 0x2d, 0x7e, 0x0, 0x7f,
    0xbb, 0xe7, 0x3e, 0x80, 0x3f, 0xd7, 0xf7, 0xbf,
    0x20, 0x1f, 0xea, 0xfc, 0xc7, 0xd0, 0x7, 0xfa,
    0xfe, 0xeb, 0xf0, 0x3, 0xfd, 0xdf, 0x2d, 0xfe,
    0x10, 0xf, 0xc7, 0xfe, 0x51, 0xff, 0x50, 0x7,
    0xec, 0xff, 0x0, 0x23, 0xfd, 0x0, 0x1e, 0xaf,
    0xf3, 0x80, 0x59, 0xfe, 0xd8, 0x66, 0x47, 0x7f,
    0xac, 0x3, 0xab, 0xff, 0xf4, 0x80, 0x7c, 0x95,
    0xdf, 0xed, 0x93, 0x0, 0xc0,

    /* U+1ED3 "ồ" */
    0x0, 0xf0, 0xfe, 0x0, 0x7f, 0x9b, 0xd4, 0x3,
    0xe8, 0x60, 0xbd, 0x0, 0xf4, 0x7f, 0x94, 0xc,
    0x3, 0xa3, 0xde, 0x7d, 0x40, 0x39, 0x2d, 0x80,
    0x11, 0x64, 0x1, 0xff, 0xc5, 0x7c, 0xfe, 0xc6,
    0x0, 0xc5, 0xbf, 0xfe, 0xb0, 0xb, 0x7f, 0x94,
    0x49, 0xff, 0xd4, 0xd, 0xfe, 0x20, 0xc, 0x9f,
    0xe3, 0xbf, 0xa0, 0xf, 0x6f, 0xc6, 0xfb, 0x80,
    0x7a, 0xbe, 0xb7, 0xdc, 0x3, 0xd5, 0xf5, 0x7f,
    0x40, 0x1e, 0xdf, 0x86, 0xff, 0x10, 0x6, 0x5f,
    0xf1, 0x6, 0xff, 0x29, 0x11, 0xff, 0xd4, 0x0,
    0x2d, 0xff, 0xf5, 0x80, 0x73, 0xef, 0xf6, 0x30,
    0x4,

    /* U+1ED4 "Ổ" */
    0x0, 0xff, 0xe6, 0xc7, 0xd9, 0x0, 0x7f, 0xf0,
    0x5, 0x33, 0x40, 0x3f, 0xc4, 0x20, 0x7, 0xf0,
    0xf, 0xe2, 0xed, 0x19, 0xe5, 0x0, 0xfc, 0x5d,
    0x79, 0xa4, 0x1, 0xfc, 0x5d, 0x80, 0x3b, 0xa1,
    0x0, 0xfc, 0x24, 0x1, 0x88, 0x40, 0x3f, 0x25,
    0x6f, 0xfb, 0x64, 0xc0, 0x3e, 0xaf, 0xff, 0xd2,
    0x1, 0xd9, 0xfe, 0xd8, 0x56, 0x8e, 0xff, 0x58,
    0x5, 0x1f, 0xe8, 0x0, 0xf5, 0x7f, 0x9c, 0x7,
    0xfd, 0x40, 0x1f, 0xb3, 0xfc, 0xd, 0xfe, 0x10,
    0xf, 0xc7, 0xfe, 0x5a, 0xfc, 0x0, 0xff, 0x77,
    0xce, 0x7d, 0x0, 0x7f, 0xaf, 0xef, 0x7e, 0x40,
    0x3f, 0xd5, 0xf9, 0x8f, 0xa0, 0xf, 0xf5, 0xfd,
    0xd7, 0xe0, 0x7, 0xfb, 0xbe, 0x5b, 0xfc, 0x20,
    0x1f, 0x8f, 0xfc, 0xa3, 0xfe, 0xa0, 0xf, 0xd9,
    0xfe, 0x0, 0x47, 0xfa, 0x0, 0x3d, 0x5f, 0xe7,
    0x0, 0xb3, 0xfd, 0xb0, 0xcc, 0x8e, 0xff, 0x58,
    0x7, 0x57, 0xff, 0xe9, 0x0, 0xf9, 0x2b, 0xbf,
    0xdb, 0x26, 0x1, 0x80,

    /* U+1ED5 "ổ" */
    0x0, 0xff, 0xe3, 0xef, 0x50, 0x80, 0x7e, 0x36,
    0xe9, 0x0, 0xf1, 0x88, 0xe, 0x50, 0x7, 0x1f,
    0xe9, 0x6c, 0x88, 0x6, 0x4f, 0xbd, 0xe2, 0x0,
    0xe4, 0xfb, 0x1, 0xce, 0x20, 0xf, 0xfe, 0x2b,
    0xe7, 0xf6, 0x30, 0x6, 0x2d, 0xff, 0xf5, 0x80,
    0x5b, 0xfc, 0xa2, 0x4f, 0xfe, 0xa0, 0x6f, 0xf1,
    0x0, 0x64, 0xff, 0x1d, 0xfd, 0x0, 0x7b, 0x7e,
    0x37, 0xdc, 0x3, 0xd5, 0xf5, 0xbe, 0xe0, 0x1e,
    0xaf, 0xab, 0xfa, 0x0, 0xf6, 0xfc, 0x37, 0xf8,
    0x80, 0x32, 0xff, 0x88, 0x37, 0xf9, 0x48, 0x8f,
    0xfe, 0xa0, 0x1, 0x6f, 0xff, 0xac, 0x3, 0x9f,
    0x7f, 0xb1, 0x80, 0x20,

    /* U+1ED6 "Ỗ" */
    0x0, 0xff, 0xe4, 0xe, 0x7e, 0xb1, 0x5b, 0x0,
    0x7e, 0x7e, 0x4a, 0xff, 0x71, 0x0, 0x7e, 0x33,
    0x0, 0x91, 0x88, 0x7, 0xfc, 0x3b, 0x82, 0x1,
    0xff, 0x16, 0xe6, 0xe8, 0x40, 0x3f, 0x8b, 0xb0,
    0x7, 0x74, 0x20, 0x1f, 0x84, 0x80, 0x31, 0x8,
    0x7, 0xe4, 0xad, 0xff, 0x6c, 0x98, 0x7, 0xd5,
    0xff, 0xfa, 0x40, 0x3b, 0x3f, 0xdb, 0xa, 0xd1,
    0xdf, 0xeb, 0x0, 0xa3, 0xfd, 0x0, 0x1e, 0xaf,
    0xf3, 0x80, 0xff, 0xa8, 0x3, 0xf6, 0x7f, 0x81,
    0xbf, 0xc2, 0x1, 0xf8, 0xff, 0xcb, 0x5f, 0x80,
    0x1f, 0xee, 0xf9, 0xcf, 0xa0, 0xf, 0xf5, 0xfd,
    0xef, 0xc8, 0x7, 0xfa, 0xbf, 0x31, 0xf4, 0x1,
    0xfe, 0xbf, 0xba, 0xfc, 0x0, 0xff, 0x77, 0xcb,
    0x7f, 0x84, 0x3, 0xf1, 0xff, 0x94, 0x7f, 0xd4,
    0x1, 0xfb, 0x3f, 0xc0, 0x8, 0xff, 0x40, 0x7,
    0xab, 0xfc, 0xe0, 0x16, 0x7f, 0xb6, 0x19, 0x91,
    0xdf, 0xeb, 0x0, 0xea, 0xff, 0xfd, 0x20, 0x1f,
    0x25, 0x77, 0xfb, 0x64, 0xc0, 0x30,

    /* U+1ED7 "ỗ" */
    0x0, 0xff, 0xe1, 0xe, 0x7e, 0xa9, 0x63, 0x0,
    0x68, 0xe4, 0x8f, 0xf7, 0x10, 0x6, 0x32, 0x4,
    0x33, 0x8, 0x7, 0xc9, 0xfc, 0x40, 0x1f, 0x27,
    0xd6, 0x71, 0x0, 0x72, 0x7d, 0x0, 0x33, 0x88,
    0x3, 0xff, 0x8a, 0xf9, 0xfd, 0x8c, 0x1, 0x8b,
    0x7f, 0xfd, 0x60, 0x16, 0xff, 0x28, 0x93, 0xff,
    0xa8, 0x1b, 0xfc, 0x40, 0x19, 0x3f, 0xc7, 0x7f,
    0x40, 0x1e, 0xdf, 0x8d, 0xf7, 0x0, 0xf5, 0x7d,
    0x6f, 0xb8, 0x7, 0xab, 0xea, 0xfe, 0x80, 0x3d,
    0xbf, 0xd, 0xfe, 0x20, 0xc, 0xbf, 0xe2, 0xd,
    0xfe, 0x52, 0x23, 0xff, 0xa8, 0x0, 0x5b, 0xff,
    0xeb, 0x0, 0xe7, 0xdf, 0xec, 0x60, 0x8,

    /* U+1ED8 "Ộ" */
    0x0, 0xf9, 0xd8, 0x3, 0xff, 0x82, 0xdf, 0xe5,
    0x0, 0xff, 0x97, 0xe2, 0xbd, 0x0, 0x3f, 0x93,
    0xe8, 0x1, 0x7e, 0x60, 0x1f, 0xfc, 0xc4, 0xad,
    0xff, 0x6c, 0x98, 0x7, 0xd5, 0xff, 0xfa, 0x40,
    0x3b, 0x3f, 0xdb, 0xa, 0xd1, 0xdf, 0xeb, 0x0,
    0xa3, 0xfd, 0x0, 0x1e, 0xaf, 0xf3, 0x80, 0xff,
    0xa8, 0x3, 0xf6, 0x7f, 0x81, 0xbf, 0xc2, 0x1,
    0xf8, 0xff, 0xcb, 0x5f, 0x80, 0x1f, 0xee, 0xf9,
    0xcf, 0xa0, 0xf, 0xf5, 0xfd, 0xef, 0xc8, 0x7,
    0xfa, 0xbf, 0x31, 0xf4, 0x1, 0xfe, 0xbf, 0xba,
    0xfc, 0x0, 0xff, 0x77, 0xcb, 0x7f, 0x84, 0x3,
    0xf1, 0xff, 0x94, 0x7f, 0xd4, 0x1, 0xfb, 0x3f,
    0xc0, 0x8, 0xff, 0x40, 0x7, 0xab, 0xfc, 0xe0,
    0x16, 0x7f, 0xb6, 0x19, 0x91, 0xdf, 0xeb, 0x0,
    0xea, 0xff, 0xfd, 0x20, 0x1f, 0x25, 0x77, 0xfb,
    0x64, 0xc0, 0x3f, 0xf9, 0xc7, 0x32, 0x20, 0xf,
    0xfe, 0x3, 0x7f, 0x90, 0x3, 0xff, 0x80, 0xdf,
    0xe4, 0x0, 0xf0,

    /* U+1ED9 "ộ" */
    0x0, 0xe2, 0x0, 0xff, 0xf, 0x60, 0x7, 0xe1,
    0xdd, 0x7d, 0x80, 0x7d, 0x9c, 0x49, 0xf4, 0x1,
    0xc9, 0x6, 0x0, 0x48, 0x20, 0xf, 0xfe, 0x2b,
    0xe7, 0xf6, 0x30, 0x6, 0x2d, 0xff, 0xf5, 0x80,
    0x5b, 0xfc, 0xa2, 0x4f, 0xfe, 0xa0, 0x6f, 0xf1,
    0x0, 0x64, 0xff, 0x1d, 0xfd, 0x0, 0x7b, 0x7e,
    0x37, 0xdc, 0x3, 0xd5, 0xf5, 0xbe, 0xe0, 0x1e,
    0xaf, 0xab, 0xfa, 0x0, 0xf6, 0xfc, 0x37, 0xf8,
    0x80, 0x32, 0xff, 0x88, 0x37, 0xf9, 0x48, 0x8f,
    0xfe, 0xa0, 0x1, 0x6f, 0xff, 0xac, 0x3, 0x9f,
    0x7f, 0xb1, 0x80, 0x3f, 0xf8, 0xe9, 0x32, 0x20,
    0xf, 0xcf, 0xfe, 0x30, 0xf, 0xcf, 0xfe, 0x30,
    0xc,

    /* U+1EDA "Ớ" */
    0x0, 0xfe, 0xaf, 0xb0, 0xf, 0xfe, 0xb, 0x7d,
    0x80, 0x7f, 0xf0, 0x4f, 0xec, 0x3, 0xff, 0x84,
    0xce, 0x1, 0xff, 0xd1, 0x4a, 0xdf, 0xf6, 0xc9,
    0x80, 0x5f, 0x40, 0x15, 0x7f, 0xfe, 0x90, 0x7,
    0xc8, 0x3, 0x3f, 0xdb, 0xa, 0xd1, 0xdf, 0xeb,
    0x5f, 0x70, 0x8f, 0xf4, 0x0, 0x7a, 0xbf, 0xee,
    0x11, 0x7f, 0xa8, 0x3, 0xf6, 0x7f, 0x8c, 0x1b,
    0xfc, 0x20, 0x1f, 0x8f, 0xfc, 0xa1, 0x5f, 0x80,
    0x1f, 0xee, 0xf9, 0xc, 0xfa, 0x0, 0xff, 0x5f,
    0xd8, 0x6f, 0xc8, 0x7, 0xfa, 0xbf, 0x3, 0x3e,
    0x80, 0x3f, 0xd7, 0xf6, 0x15, 0xf8, 0x1, 0xfe,
    0xef, 0x90, 0x6f, 0xf0, 0x80, 0x7e, 0x3f, 0xf2,
    0x80, 0xff, 0xa8, 0x3, 0xf6, 0x7f, 0x80, 0x28,
    0xff, 0x40, 0x7, 0xab, 0xfc, 0xe0, 0x1b, 0x3f,
    0xdb, 0xc, 0xc8, 0xef, 0xf5, 0x80, 0x7a, 0xbf,
    0xff, 0x48, 0x7, 0xe4, 0xae, 0xff, 0x6c, 0x98,
    0x7, 0x0,

    /* U+1EDB "ớ" */
    0x0, 0xfa, 0xfe, 0xc0, 0x3f, 0xcf, 0xf6, 0x1,
    0xfe, 0x3f, 0xc0, 0xf, 0xf9, 0xe4, 0x40, 0x23,
    0x50, 0xf, 0xfe, 0x4, 0x78, 0x80, 0x4f, 0x9f,
    0xd8, 0xc0, 0xa, 0xf0, 0x1, 0x6f, 0xff, 0xb1,
    0x7f, 0x0, 0x1b, 0xfc, 0xa2, 0x4f, 0xff, 0x8c,
    0x1b, 0xfc, 0x40, 0x19, 0x3f, 0xc8, 0x0, 0xbf,
    0xa0, 0xf, 0x6f, 0xc0, 0x3, 0x7d, 0xc0, 0x3d,
    0x5f, 0x40, 0xd, 0xf7, 0x0, 0xf5, 0x7d, 0x0,
    0x2f, 0xe8, 0x3, 0xdb, 0xf0, 0x0, 0x6f, 0xf1,
    0x0, 0x65, 0xff, 0x10, 0x5, 0xbf, 0xca, 0x44,
    0x7f, 0xf5, 0x0, 0x62, 0xdf, 0xff, 0x58, 0x7,
    0xcf, 0xbf, 0xd8, 0xc0, 0x1c,

    /* U+1EDC "Ờ" */
    0x0, 0xd7, 0xf4, 0x1, 0xff, 0xc3, 0xcf, 0x60,
    0xf, 0xfe, 0x1e, 0x79, 0x0, 0x7f, 0xf0, 0x85,
    0xd4, 0x3, 0xff, 0xa2, 0x95, 0xbf, 0xed, 0x93,
    0x0, 0xbe, 0x80, 0x2a, 0xff, 0xfd, 0x20, 0xf,
    0x90, 0x6, 0x7f, 0xb6, 0x15, 0xa3, 0xbf, 0xd6,
    0xbe, 0xe1, 0x1f, 0xe8, 0x0, 0xf5, 0x7f, 0xdc,
    0x22, 0xff, 0x50, 0x7, 0xec, 0xff, 0x18, 0x37,
    0xf8, 0x40, 0x3f, 0x1f, 0xf9, 0x42, 0xbf, 0x0,
    0x3f, 0xdd, 0xf2, 0x19, 0xf4, 0x1, 0xfe, 0xbf,
    0xb0, 0xdf, 0x90, 0xf, 0xf5, 0x7e, 0x6, 0x7d,
    0x0, 0x7f, 0xaf, 0xec, 0x2b, 0xf0, 0x3, 0xfd,
    0xdf, 0x20, 0xdf, 0xe1, 0x0, 0xfc, 0x7f, 0xe5,
    0x1, 0xff, 0x50, 0x7, 0xec, 0xff, 0x0, 0x51,
    0xfe, 0x80, 0xf, 0x57, 0xf9, 0xc0, 0x36, 0x7f,
    0xb6, 0x19, 0x91, 0xdf, 0xeb, 0x0, 0xf5, 0x7f,
    0xfe, 0x90, 0xf, 0xc9, 0x5d, 0xfe, 0xd9, 0x30,
    0xe,

    /* U+1EDD "ờ" */
    0x0, 0x5f, 0xd0, 0x7, 0xff, 0x3, 0x3d, 0x40,
    0x3f, 0xe1, 0xde, 0x10, 0xf, 0xf8, 0xa5, 0x40,
    0x31, 0xa8, 0x7, 0xff, 0x2, 0x3c, 0x40, 0x27,
    0xcf, 0xec, 0x60, 0x5, 0x78, 0x0, 0xb7, 0xff,
    0xd8, 0xbf, 0x80, 0xd, 0xfe, 0x51, 0x27, 0xff,
    0xc6, 0xd, 0xfe, 0x20, 0xc, 0x9f, 0xe4, 0x0,
    0x5f, 0xd0, 0x7, 0xb7, 0xe0, 0x1, 0xbe, 0xe0,
    0x1e, 0xaf, 0xa0, 0x6, 0xfb, 0x80, 0x7a, 0xbe,
    0x80, 0x17, 0xf4, 0x1, 0xed, 0xf8, 0x0, 0x37,
    0xf8, 0x80, 0x32, 0xff, 0x88, 0x2, 0xdf, 0xe5,
    0x22, 0x3f, 0xfa, 0x80, 0x31, 0x6f, 0xff, 0xac,
    0x3, 0xe7, 0xdf, 0xec, 0x60, 0xe,

    /* U+1EDE "Ở" */
    0x0, 0xff, 0xe5, 0xc7, 0xeb, 0x0, 0x7f, 0xf0,
    0x49, 0xaf, 0xd8, 0x3, 0xff, 0x84, 0x5f, 0x0,
    0x1f, 0xfc, 0x15, 0xdd, 0x10, 0x7, 0xff, 0x5,
    0xc, 0x3, 0xff, 0x80, 0x95, 0xbf, 0xed, 0x93,
    0x0, 0xbe, 0x80, 0x2a, 0xff, 0xfd, 0x20, 0xf,
    0x90, 0x6, 0x7f, 0xb6, 0x15, 0xa3, 0xbf, 0xd6,
    0xbe, 0xe1, 0x1f, 0xe8, 0x0, 0xf5, 0x7f, 0xdc,
    0x22, 0xff, 0x50, 0x7, 0xec, 0xff, 0x18, 0x37,
    0xf8, 0x40, 0x3f, 0x1f, 0xf9, 0x42, 0xbf, 0x0,
    0x3f, 0xdd, 0xf2, 0x19, 0xf4, 0x1, 0xfe, 0xbf,
    0xb0, 0xdf, 0x90, 0xf, 0xf5, 0x7e, 0x6, 0x7d,
    0x0, 0x7f, 0xaf, 0xec, 0x2b, 0xf0, 0x3, 0xfd,
    0xdf, 0x20, 0xdf, 0xe1, 0x0, 0xfc, 0x7f, 0xe5,
    0x1, 0xff, 0x50, 0x7, 0xec, 0xff, 0x0, 0x51,
    0xfe, 0x80, 0xf, 0x57, 0xf9, 0xc0, 0x36, 0x7f,
    0xb6, 0x19, 0x91, 0xdf, 0xeb, 0x0, 0xf5, 0x7f,
    0xfe, 0x90, 0xf, 0xc9, 0x5d, 0xfe, 0xd9, 0x30,
    0xe,

    /* U+1EDF "ở" */
    0x0, 0xd3, 0xd8, 0xa0, 0x1f, 0xe3, 0x7c, 0xf5,
    0x0, 0xff, 0x8b, 0xdc, 0x3, 0xfc, 0xdb, 0xa2,
    0x0, 0x1b, 0x0, 0x79, 0xc, 0x3, 0x47, 0x88,
    0x4, 0xf9, 0xfd, 0x8c, 0x0, 0xaf, 0x0, 0x16,
    0xff, 0xfb, 0x17, 0xf0, 0x1, 0xbf, 0xca, 0x24,
    0xff, 0xf8, 0xc1, 0xbf, 0xc4, 0x1, 0x93, 0xfc,
    0x80, 0xb, 0xfa, 0x0, 0xf6, 0xfc, 0x0, 0x37,
    0xdc, 0x3, 0xd5, 0xf4, 0x0, 0xdf, 0x70, 0xf,
    0x57, 0xd0, 0x2, 0xfe, 0x80, 0x3d, 0xbf, 0x0,
    0x6, 0xff, 0x10, 0x6, 0x5f, 0xf1, 0x0, 0x5b,
    0xfc, 0xa4, 0x47, 0xff, 0x50, 0x6, 0x2d, 0xff,
    0xf5, 0x80, 0x7c, 0xfb, 0xfd, 0x8c, 0x1, 0xc0,

    /* U+1EE0 "Ỡ" */
    0x0, 0xff, 0xe4, 0x96, 0x7d, 0x0, 0x2b, 0x0,
    0x3f, 0xab, 0x57, 0xa8, 0xba, 0x40, 0x3f, 0xb9,
    0xc0, 0xfb, 0xf8, 0x80, 0x3f, 0x8c, 0x40, 0x22,
    0x0, 0xff, 0x92, 0xb7, 0xfd, 0xb2, 0x60, 0x17,
    0xd0, 0x5, 0x5f, 0xff, 0xa4, 0x1, 0xf2, 0x0,
    0xcf, 0xf6, 0xc2, 0xb4, 0x77, 0xfa, 0xd7, 0xdc,
    0x23, 0xfd, 0x0, 0x1e, 0xaf, 0xfb, 0x84, 0x5f,
    0xea, 0x0, 0xfd, 0x9f, 0xe3, 0x6, 0xff, 0x8,
    0x7, 0xe3, 0xff, 0x28, 0x57, 0xe0, 0x7, 0xfb,
    0xbe, 0x43, 0x3e, 0x80, 0x3f, 0xd7, 0xf6, 0x1b,
    0xf2, 0x1, 0xfe, 0xaf, 0xc0, 0xcf, 0xa0, 0xf,
    0xf5, 0xfd, 0x85, 0x7e, 0x0, 0x7f, 0xbb, 0xe4,
    0x1b, 0xfc, 0x20, 0x1f, 0x8f, 0xfc, 0xa0, 0x3f,
    0xea, 0x0, 0xfd, 0x9f, 0xe0, 0xa, 0x3f, 0xd0,
    0x1, 0xea, 0xff, 0x38, 0x6, 0xcf, 0xf6, 0xc3,
    0x32, 0x3b, 0xfd, 0x60, 0x1e, 0xaf, 0xff, 0xd2,
    0x1, 0xf9, 0x2b, 0xbf, 0xdb, 0x26, 0x1, 0xc0,

    /* U+1EE1 "ỡ" */
    0x0, 0xe, 0x7c, 0x80, 0x2b, 0x0, 0x3d, 0x5d,
    0x3f, 0x67, 0xd2, 0x1, 0xef, 0x70, 0x5f, 0xf7,
    0x10, 0x7, 0x90, 0x40, 0x2, 0x82, 0x0, 0x47,
    0x0, 0xff, 0xe0, 0x4f, 0x88, 0x4, 0xf9, 0xfd,
    0x8c, 0x0, 0xaf, 0x0, 0x16, 0xff, 0xfb, 0x17,
    0xec, 0x1, 0xbf, 0xca, 0x24, 0xff, 0xf7, 0x18,
    0x37, 0xf8, 0x80, 0x32, 0x7f, 0x90, 0x1, 0x7f,
    0x40, 0x1e, 0xdf, 0x80, 0x6, 0xfb, 0x80, 0x7a,
    0xbe, 0x80, 0x1b, 0xee, 0x1, 0xea, 0xfa, 0x0,
    0x5f, 0xd0, 0x7, 0xb7, 0xe0, 0x0, 0xdf, 0xe2,
    0x0, 0xcb, 0xfe, 0x20, 0xb, 0x7f, 0x94, 0x88,
    0xff, 0xea, 0x0, 0xc5, 0xbf, 0xfe, 0xb0, 0xf,
    0x9f, 0x7f, 0xb1, 0x80, 0x38,

    /* U+1EE2 "Ợ" */
    0x0, 0xc9, 0x5b, 0xfe, 0xd9, 0x30, 0xb, 0xe8,
    0x2, 0xaf, 0xff, 0xd2, 0x0, 0xf9, 0x0, 0x67,
    0xfb, 0x61, 0x5a, 0x3b, 0xfd, 0x6b, 0xee, 0x11,
    0xfe, 0x80, 0xf, 0x57, 0xfd, 0xc2, 0x2f, 0xf5,
    0x0, 0x7e, 0xcf, 0xf1, 0x83, 0x7f, 0x84, 0x3,
    0xf1, 0xff, 0x94, 0x2b, 0xf0, 0x3, 0xfd, 0xdf,
    0x21, 0x9f, 0x40, 0x1f, 0xeb, 0xfb, 0xd, 0xf9,
    0x0, 0xff, 0x57, 0xe0, 0x67, 0xd0, 0x7, 0xfa,
    0xfe, 0xc2, 0xbf, 0x0, 0x3f, 0xdd, 0xf2, 0xd,
    0xfe, 0x10, 0xf, 0xc7, 0xfe, 0x50, 0x1f, 0xf5,
    0x0, 0x7e, 0xcf, 0xf0, 0x5, 0x1f, 0xe8, 0x0,
    0xf5, 0x7f, 0x9c, 0x3, 0x67, 0xfb, 0x61, 0x99,
    0x1d, 0xfe, 0xb0, 0xf, 0x57, 0xff, 0xe9, 0x0,
    0xfc, 0x95, 0xdf, 0xed, 0x93, 0x0, 0xff, 0xe8,
    0x1c, 0xc8, 0x80, 0x3f, 0xf8, 0x2d, 0xfe, 0x40,
    0xf, 0xfe, 0xb, 0x7f, 0x90, 0x3, 0xe0,

    /* U+1EE3 "ợ" */
    0x0, 0xff, 0x92, 0x0, 0x3f, 0xf8, 0x13, 0xe2,
    0x1, 0x3e, 0x7f, 0x63, 0x0, 0x2f, 0xc0, 0x5,
    0xbf, 0xfe, 0xc5, 0xfb, 0x0, 0x6f, 0xf2, 0x89,
    0x3f, 0xfd, 0xc4, 0xd, 0xfe, 0x20, 0xc, 0x9f,
    0xe4, 0x0, 0x5f, 0xd0, 0x7, 0xb7, 0xe0, 0x1,
    0xbe, 0xe0, 0x1e, 0xaf, 0xa0, 0x6, 0xfb, 0x80,
    0x7a, 0xbe, 0x80, 0x17, 0xf4, 0x1, 0xed, 0xf8,
    0x0, 0x37, 0xf8, 0x80, 0x32, 0xff, 0x88, 0x2,
    0xdf, 0xe5, 0x22, 0x3f, 0xfa, 0x80, 0x31, 0x6f,
    0xff, 0xac, 0x3, 0xe7, 0xdf, 0xec, 0x60, 0xf,
    0xfe, 0x5a, 0x4c, 0x88, 0x3, 0xfc, 0xff, 0xe3,
    0x0, 0xff, 0x3f, 0xf8, 0xc0, 0x3c,

    /* U+1EE4 "Ụ" */
    0x6f, 0xf0, 0x80, 0x79, 0x7f, 0xc2, 0xdf, 0xe1,
    0x0, 0xf2, 0xff, 0x85, 0xbf, 0xc2, 0x1, 0xe5,
    0xff, 0xb, 0x7f, 0x84, 0x3, 0xcb, 0xfe, 0x16,
    0xff, 0x8, 0x7, 0x97, 0xfc, 0x2d, 0xfe, 0x10,
    0xf, 0x2f, 0xf8, 0x5b, 0xfc, 0x20, 0x1e, 0x5f,
    0xf0, 0xb7, 0xf8, 0x40, 0x3c, 0xbf, 0xe1, 0x6f,
    0xf0, 0x80, 0x79, 0x7f, 0xc2, 0xdf, 0xe1, 0x0,
    0xf2, 0xff, 0x85, 0x7f, 0xc2, 0x1, 0xe5, 0xff,
    0xa, 0xff, 0x88, 0x3, 0xcd, 0xfe, 0x3, 0xff,
    0x28, 0x7, 0xab, 0xf8, 0x1, 0xdf, 0xa0, 0x1c,
    0x5f, 0xe9, 0x0, 0x3f, 0xfb, 0x59, 0x11, 0x1d,
    0xfe, 0x20, 0xa, 0x7f, 0xff, 0x28, 0x7, 0x25,
    0x77, 0xfb, 0x64, 0x80, 0x3f, 0xf9, 0x49, 0x32,
    0x20, 0xf, 0xf3, 0xff, 0x8c, 0x3, 0xfc, 0xff,
    0xe3, 0x0, 0xe0,

    /* U+1EE5 "ụ" */
    0x8f, 0xd0, 0xe, 0xbf, 0x98, 0xfd, 0x0, 0xeb,
    0xf9, 0x8f, 0xd0, 0xe, 0xbf, 0x98, 0xfd, 0x0,
    0xeb, 0xf9, 0x8f, 0xd0, 0xe, 0xbf, 0x98, 0xfd,
    0x0, 0xeb, 0xf9, 0x8f, 0xd0, 0xe, 0xcf, 0x98,
    0xfe, 0x0, 0xef, 0xf4, 0xb7, 0xf8, 0x80, 0x24,
    0xff, 0x49, 0x7f, 0xb0, 0xc5, 0x7b, 0xfd, 0x21,
    0x3f, 0xfd, 0xdb, 0xf2, 0x0, 0x7d, 0xfe, 0x91,
    0xbf, 0x90, 0xf, 0xfe, 0x1b, 0x4c, 0x80, 0x3f,
    0x57, 0xf8, 0x3, 0xf5, 0x7f, 0x80, 0x30,

    /* U+1EE6 "Ủ" */
    0x0, 0xff, 0xe3, 0xcf, 0xeb, 0x0, 0x7f, 0x89,
    0xaf, 0xd4, 0x3, 0xfe, 0x3f, 0x70, 0xf, 0xf4,
    0xf5, 0x0, 0x7f, 0xc4, 0x1, 0xf3, 0x7f, 0x84,
    0x3, 0xcb, 0xfe, 0x16, 0xff, 0x8, 0x7, 0x97,
    0xfc, 0x2d, 0xfe, 0x10, 0xf, 0x2f, 0xf8, 0x5b,
    0xfc, 0x20, 0x1e, 0x5f, 0xf0, 0xb7, 0xf8, 0x40,
    0x3c, 0xbf, 0xe1, 0x6f, 0xf0, 0x80, 0x79, 0x7f,
    0xc2, 0xdf, 0xe1, 0x0, 0xf2, 0xff, 0x85, 0xbf,
    0xc2, 0x1, 0xe5, 0xff, 0xb, 0x7f, 0x84, 0x3,
    0xcb, 0xfe, 0x16, 0xff, 0x8, 0x7, 0x97, 0xfc,
    0x2b, 0xfe, 0x10, 0xf, 0x2f, 0xf8, 0x57, 0xfc,
    0x40, 0x1e, 0x6f, 0xf0, 0x1f, 0xf9, 0x40, 0x3d,
    0x5f, 0xc0, 0xe, 0xfd, 0x0, 0xe2, 0xff, 0x48,
    0x1, 0xff, 0xda, 0xc8, 0x88, 0xef, 0xf1, 0x0,
    0x53, 0xff, 0xf9, 0x40, 0x39, 0x2b, 0xbf, 0xdb,
    0x24, 0x1, 0x0,

    /* U+1EE7 "ủ" */
    0x0, 0xdd, 0xca, 0x20, 0xf, 0x96, 0x3b, 0x80,
    0x1f, 0xd3, 0xe2, 0x1, 0xe1, 0xbe, 0x70, 0xf,
    0xc4, 0x1, 0xd1, 0xfa, 0x1, 0xd7, 0xf3, 0x1f,
    0xa0, 0x1d, 0x7f, 0x31, 0xfa, 0x1, 0xd7, 0xf3,
    0x1f, 0xa0, 0x1d, 0x7f, 0x31, 0xfa, 0x1, 0xd7,
    0xf3, 0x1f, 0xa0, 0x1d, 0x7f, 0x31, 0xfa, 0x1,
    0xd9, 0xf3, 0x1f, 0xc0, 0x1d, 0xfe, 0x96, 0xff,
    0x10, 0x4, 0x9f, 0xe9, 0x2f, 0xf6, 0x18, 0xaf,
    0x7f, 0xa4, 0x27, 0xff, 0xbb, 0x7e, 0x40, 0xf,
    0xbf, 0xd2, 0x37, 0xf2,

    /* U+1EE8 "Ứ" */
    0x0, 0xfd, 0x7f, 0x40, 0x1f, 0xfc, 0x18, 0xfa,
    0x0, 0xff, 0xe0, 0xa7, 0xd8, 0x7, 0xff, 0x9,
    0x9c, 0x3, 0xff, 0x9c, 0xdf, 0xe1, 0x0, 0xf2,
    0xff, 0x85, 0xbd, 0x1b, 0xfc, 0x20, 0x1e, 0x5f,
    0xf0, 0xb7, 0x9b, 0x7f, 0x84, 0x3, 0xcb, 0xfe,
    0x1b, 0xf1, 0x6f, 0xf0, 0x80, 0x79, 0x7f, 0xdb,
    0xf4, 0xd, 0xfe, 0x10, 0xf, 0x2f, 0xfd, 0x20,
    0x6, 0xff, 0x8, 0x7, 0x97, 0xfc, 0x20, 0x13,
    0x7f, 0x84, 0x3, 0xcb, 0xfe, 0x10, 0x9, 0xbf,
    0xc2, 0x1, 0xe5, 0xff, 0x8, 0x4, 0xdf, 0xe1,
    0x0, 0xf2, 0xff, 0x84, 0x2, 0x6f, 0xf0, 0x80,
    0x79, 0x7f, 0xc2, 0x1, 0x2f, 0xf8, 0x40, 0x3c,
    0xbf, 0xe1, 0x0, 0x97, 0xfc, 0x40, 0x1e, 0x6f,
    0xf0, 0x6, 0x3f, 0xf2, 0x80, 0x7a, 0xbf, 0x80,
    0x3b, 0xbf, 0x40, 0x38, 0xbf, 0xd2, 0x1, 0xcf,
    0xfe, 0xd6, 0x44, 0x47, 0x7f, 0x88, 0x3, 0xd3,
    0xff, 0xf9, 0x40, 0x3f, 0x25, 0x77, 0xfb, 0x64,
    0x80, 0x3c,

    /* U+1EE9 "ứ" */
    0x0, 0xf1, 0x7f, 0x94, 0x3, 0xfb, 0x7d, 0x40,
    0xa, 0x60, 0x1d, 0x5e, 0xa0, 0x1, 0xf9, 0x0,
    0xc2, 0xe8, 0x1, 0x1f, 0xb8, 0x7, 0xf0, 0xdf,
    0x9c, 0x7e, 0x80, 0x75, 0xff, 0xa4, 0x23, 0xf4,
    0x3, 0xaf, 0xf4, 0x1, 0x1f, 0xa0, 0x1d, 0x7f,
    0x20, 0x8, 0xfd, 0x0, 0xeb, 0xf9, 0x0, 0x47,
    0xe8, 0x7, 0x5f, 0xc8, 0x2, 0x3f, 0x40, 0x3a,
    0xfe, 0x40, 0x11, 0xfa, 0x1, 0xd9, 0xf2, 0x0,
    0x8f, 0xe0, 0xe, 0xff, 0x48, 0x1, 0xbf, 0xc4,
    0x1, 0x27, 0xfa, 0x40, 0x5, 0xfe, 0xc3, 0x15,
    0xef, 0xf4, 0x80, 0x53, 0xff, 0xdd, 0xbf, 0x20,
    0x19, 0xf7, 0xfa, 0x46, 0xfe, 0x40, 0x0,

    /* U+1EEA "Ừ" */
    0x0, 0xaf, 0xe4, 0x3, 0xff, 0x87, 0x9e, 0xa0,
    0x1f, 0xfc, 0x21, 0xde, 0x10, 0xf, 0xfe, 0x10,
    0xba, 0x0, 0x7f, 0xf3, 0x9b, 0xfc, 0x20, 0x1e,
    0x5f, 0xf0, 0xb7, 0xa3, 0x7f, 0x84, 0x3, 0xcb,
    0xfe, 0x16, 0xf3, 0x6f, 0xf0, 0x80, 0x79, 0x7f,
    0xc3, 0x7e, 0x2d, 0xfe, 0x10, 0xf, 0x2f, 0xfb,
    0x7e, 0x81, 0xbf, 0xc2, 0x1, 0xe5, 0xff, 0xa4,
    0x0, 0xdf, 0xe1, 0x0, 0xf2, 0xff, 0x84, 0x2,
    0x6f, 0xf0, 0x80, 0x79, 0x7f, 0xc2, 0x1, 0x37,
    0xf8, 0x40, 0x3c, 0xbf, 0xe1, 0x0, 0x9b, 0xfc,
    0x20, 0x1e, 0x5f, 0xf0, 0x80, 0x4d, 0xfe, 0x10,
    0xf, 0x2f, 0xf8, 0x40, 0x25, 0xff, 0x8, 0x7,
    0x97, 0xfc, 0x20, 0x12, 0xff, 0x88, 0x3, 0xcd,
    0xfe, 0x0, 0xc7, 0xfe, 0x50, 0xf, 0x57, 0xf0,
    0x7, 0x77, 0xe8, 0x7, 0x17, 0xfa, 0x40, 0x39,
    0xff, 0xda, 0xc8, 0x88, 0xef, 0xf1, 0x0, 0x7a,
    0x7f, 0xff, 0x28, 0x7, 0xe4, 0xae, 0xff, 0x6c,
    0x90, 0x7, 0x80,

    /* U+1EEB "ừ" */
    0x3, 0xff, 0x20, 0x7, 0xf8, 0xff, 0x84, 0x3,
    0x94, 0xc0, 0x24, 0xfb, 0x0, 0xc3, 0xf2, 0x1,
    0x91, 0xc4, 0x2, 0x3f, 0x70, 0xf, 0xe1, 0xbf,
    0x38, 0xfd, 0x0, 0xeb, 0xff, 0x48, 0x47, 0xe8,
    0x7, 0x5f, 0xe8, 0x2, 0x3f, 0x40, 0x3a, 0xfe,
    0x40, 0x11, 0xfa, 0x1, 0xd7, 0xf2, 0x0, 0x8f,
    0xd0, 0xe, 0xbf, 0x90, 0x4, 0x7e, 0x80, 0x75,
    0xfc, 0x80, 0x23, 0xf4, 0x3, 0xb3, 0xe4, 0x1,
    0x1f, 0xc0, 0x1d, 0xfe, 0x90, 0x3, 0x7f, 0x88,
    0x2, 0x4f, 0xf4, 0x80, 0xb, 0xfd, 0x86, 0x2b,
    0xdf, 0xe9, 0x0, 0xa7, 0xff, 0xbb, 0x7e, 0x40,
    0x33, 0xef, 0xf4, 0x8d, 0xfc, 0x80, 0x0,

    /* U+1EEC "Ử" */
    0x0, 0xff, 0xe5, 0x4f, 0xeb, 0x0, 0x7f, 0xf0,
    0x49, 0xaf, 0xd4, 0x3, 0xff, 0x84, 0x7e, 0xe0,
    0x1f, 0xfc, 0x19, 0xea, 0x0, 0xff, 0xe1, 0x10,
    0x7, 0xf9, 0xbf, 0xc2, 0x1, 0xe5, 0xff, 0xb,
    0x7a, 0x37, 0xf8, 0x40, 0x3c, 0xbf, 0xe1, 0x6f,
    0x36, 0xff, 0x8, 0x7, 0x97, 0xfc, 0x37, 0xe2,
    0xdf, 0xe1, 0x0, 0xf2, 0xff, 0xb7, 0xe8, 0x1b,
    0xfc, 0x20, 0x1e, 0x5f, 0xfa, 0x40, 0xd, 0xfe,
    0x10, 0xf, 0x2f, 0xf8, 0x40, 0x26, 0xff, 0x8,
    0x7, 0x97, 0xfc, 0x20, 0x13, 0x7f, 0x84, 0x3,
    0xcb, 0xfe, 0x10, 0x9, 0xbf, 0xc2, 0x1, 0xe5,
    0xff, 0x8, 0x4, 0xdf, 0xe1, 0x0, 0xf2, 0xff,
    0x84, 0x2, 0x5f, 0xf0, 0x80, 0x79, 0x7f, 0xc2,
    0x1, 0x2f, 0xf8, 0x80, 0x3c, 0xdf, 0xe0, 0xc,
    0x7f, 0xe5, 0x0, 0xf5, 0x7f, 0x0, 0x77, 0x7e,
    0x80, 0x71, 0x7f, 0xa4, 0x3, 0x9f, 0xfd, 0xac,
    0x88, 0x8e, 0xff, 0x10, 0x7, 0xa7, 0xff, 0xf2,
    0x80, 0x7e, 0x4a, 0xef, 0xf6, 0xc9, 0x0, 0x78,

    /* U+1EED "ử" */
    0x0, 0xdd, 0xca, 0x20, 0xf, 0xe5, 0x8e, 0xe0,
    0x4, 0xc6, 0x1, 0xe9, 0xf1, 0x1, 0xf9, 0x0,
    0xc3, 0x7c, 0xe0, 0x3, 0xf7, 0x0, 0xe2, 0x0,
    0x86, 0xfc, 0xe3, 0xf4, 0x3, 0xaf, 0xfd, 0x21,
    0x1f, 0xa0, 0x1d, 0x7f, 0xa0, 0x8, 0xfd, 0x0,
    0xeb, 0xf9, 0x0, 0x47, 0xe8, 0x7, 0x5f, 0xc8,
    0x2, 0x3f, 0x40, 0x3a, 0xfe, 0x40, 0x11, 0xfa,
    0x1, 0xd7, 0xf2, 0x0, 0x8f, 0xd0, 0xe, 0xcf,
    0x90, 0x4, 0x7f, 0x0, 0x77, 0xfa, 0x40, 0xd,
    0xfe, 0x20, 0x9, 0x3f, 0xd2, 0x0, 0x2f, 0xf6,
    0x18, 0xaf, 0x7f, 0xa4, 0x2, 0x9f, 0xfe, 0xed,
    0xf9, 0x0, 0xcf, 0xbf, 0xd2, 0x37, 0xf2, 0x0,

    /* U+1EEE "Ữ" */
    0x0, 0xff, 0xe4, 0x16, 0xfc, 0x80, 0x2e, 0xc0,
    0x1f, 0xd7, 0x8d, 0xf2, 0x5d, 0x0, 0x1f, 0xde,
    0xc0, 0x9f, 0xed, 0x10, 0xf, 0xe3, 0x10, 0x8,
    0x80, 0x3f, 0x37, 0xf8, 0x40, 0x3c, 0xbf, 0xe1,
    0x6f, 0x46, 0xff, 0x8, 0x7, 0x97, 0xfc, 0x2d,
    0xe6, 0xdf, 0xe1, 0x0, 0xf2, 0xff, 0x86, 0xfc,
    0x5b, 0xfc, 0x20, 0x1e, 0x5f, 0xf6, 0xfd, 0x3,
    0x7f, 0x84, 0x3, 0xcb, 0xff, 0x48, 0x1, 0xbf,
    0xc2, 0x1, 0xe5, 0xff, 0x8, 0x4, 0xdf, 0xe1,
    0x0, 0xf2, 0xff, 0x84, 0x2, 0x6f, 0xf0, 0x80,
    0x79, 0x7f, 0xc2, 0x1, 0x37, 0xf8, 0x40, 0x3c,
    0xbf, 0xe1, 0x0, 0x9b, 0xfc, 0x20, 0x1e, 0x5f,
    0xf0, 0x80, 0x4b, 0xfe, 0x10, 0xf, 0x2f, 0xf8,
    0x40, 0x25, 0xff, 0x10, 0x7, 0x9b, 0xfc, 0x1,
    0x8f, 0xfc, 0xa0, 0x1e, 0xaf, 0xe0, 0xe, 0xef,
    0xd0, 0xe, 0x2f, 0xf4, 0x80, 0x73, 0xff, 0xb5,
    0x91, 0x11, 0xdf, 0xe2, 0x0, 0xf4, 0xff, 0xfe,
    0x50, 0xf, 0xc9, 0x5d, 0xfe, 0xd9, 0x20, 0xf,
    0x0,

    /* U+1EEF "ữ" */
    0x0, 0x27, 0x71, 0x0, 0x1e, 0xc0, 0x1d, 0xf7,
    0x9e, 0x8b, 0xe6, 0x1, 0x93, 0xc4, 0x33, 0xfd,
    0xa0, 0x3f, 0x20, 0x72, 0x0, 0x18, 0x80, 0x81,
    0x7c, 0x0, 0x7f, 0xd, 0x7a, 0x47, 0xe8, 0x7,
    0x5f, 0xfa, 0x82, 0x3f, 0x40, 0x3a, 0xff, 0x80,
    0x11, 0xfa, 0x1, 0xd7, 0xf2, 0x0, 0x8f, 0xd0,
    0xe, 0xbf, 0x90, 0x4, 0x7e, 0x80, 0x75, 0xfc,
    0x80, 0x23, 0xf4, 0x3, 0xaf, 0xe4, 0x1, 0x1f,
    0xa0, 0x1d, 0x9f, 0x20, 0x8, 0xfe, 0x0, 0xef,
    0xf4, 0x80, 0x1b, 0xfc, 0x40, 0x12, 0x7f, 0xa4,
    0x0, 0x5f, 0xec, 0x31, 0x5e, 0xff, 0x48, 0x5,
    0x3f, 0xfd, 0xdb, 0xf2, 0x1, 0x9f, 0x7f, 0xa4,
    0x6f, 0xe4, 0x0,

    /* U+1EF0 "Ự" */
    0x6f, 0xf0, 0x80, 0x79, 0x7f, 0xc2, 0xde, 0x8d,
    0xfe, 0x10, 0xf, 0x2f, 0xf8, 0x5b, 0xcd, 0xbf,
    0xc2, 0x1, 0xe5, 0xff, 0xd, 0xf8, 0xb7, 0xf8,
    0x40, 0x3c, 0xbf, 0xed, 0xfa, 0x6, 0xff, 0x8,
    0x7, 0x97, 0xfe, 0x90, 0x3, 0x7f, 0x84, 0x3,
    0xcb, 0xfe, 0x10, 0x9, 0xbf, 0xc2, 0x1, 0xe5,
    0xff, 0x8, 0x4, 0xdf, 0xe1, 0x0, 0xf2, 0xff,
    0x84, 0x2, 0x6f, 0xf0, 0x80, 0x79, 0x7f, 0xc2,
    0x1, 0x37, 0xf8, 0x40, 0x3c, 0xbf, 0xe1, 0x0,
    0x97, 0xfc, 0x20, 0x1e, 0x5f, 0xf0, 0x80, 0x4b,
    0xfe, 0x20, 0xf, 0x37, 0xf8, 0x3, 0x1f, 0xf9,
    0x40, 0x3d, 0x5f, 0xc0, 0x1d, 0xdf, 0xa0, 0x1c,
    0x5f, 0xe9, 0x0, 0xe7, 0xff, 0x6b, 0x22, 0x23,
    0xbf, 0xc4, 0x1, 0xe9, 0xff, 0xfc, 0xa0, 0x1f,
    0x92, 0xbb, 0xfd, 0xb2, 0x40, 0x1f, 0xfd, 0x4,
    0x99, 0x10, 0x7, 0xff, 0x5, 0xff, 0xc6, 0x1,
    0xff, 0xc1, 0x7f, 0xf1, 0x80, 0x7e,

    /* U+1EF1 "ự" */
    0x0, 0xff, 0xa1, 0x0, 0x3f, 0xc3, 0xf2, 0x1,
    0xfe, 0x3f, 0x70, 0xf, 0xe1, 0xbf, 0x38, 0xfd,
    0x0, 0xeb, 0xff, 0x48, 0x47, 0xe8, 0x7, 0x5f,
    0xe8, 0x2, 0x3f, 0x40, 0x3a, 0xfe, 0x40, 0x11,
    0xfa, 0x1, 0xd7, 0xf2, 0x0, 0x8f, 0xd0, 0xe,
    0xbf, 0x90, 0x4, 0x7e, 0x80, 0x75, 0xfc, 0x80,
    0x23, 0xf4, 0x3, 0xb3, 0xe4, 0x1, 0x1f, 0xc0,
    0x1d, 0xfe, 0x90, 0x3, 0x7f, 0x88, 0x2, 0x4f,
    0xf4, 0x80, 0xb, 0xfd, 0x86, 0x2b, 0xdf, 0xe9,
    0x0, 0xa7, 0xff, 0xbb, 0x7e, 0x40, 0x33, 0xef,
    0xf4, 0x8d, 0xfc, 0x80, 0x7f, 0xf1, 0xda, 0x64,
    0x1, 0xfe, 0xaf, 0xf0, 0x7, 0xfa, 0xbf, 0xc0,
    0x1e,

    /* U+1EF2 "Ỳ" */
    0x0, 0x92, 0x1c, 0x3, 0xff, 0x83, 0x9e, 0xc0,
    0x1f, 0xfc, 0x1, 0xdf, 0x20, 0xf, 0xfe, 0x0,
    0xf6, 0x80, 0x7f, 0xf2, 0xa3, 0xfc, 0x80, 0x1f,
    0x57, 0xf8, 0x83, 0xbf, 0x0, 0x3c, 0x7f, 0xe9,
    0x0, 0x2f, 0xf9, 0x40, 0x3a, 0xff, 0x84, 0x2,
    0xcf, 0xd0, 0xc, 0x9f, 0xe7, 0x0, 0xc7, 0xfe,
    0x60, 0xb, 0x7f, 0x40, 0x3d, 0x5f, 0xc0, 0x6,
    0xff, 0x28, 0x7, 0x8b, 0xfc, 0xe1, 0xdf, 0x80,
    0x1f, 0xa3, 0xfd, 0x3f, 0xe3, 0x0, 0xfe, 0xef,
    0xfa, 0x80, 0x3f, 0xcd, 0xff, 0x8, 0x7, 0xfd,
    0xdf, 0x20, 0x1f, 0xfc, 0xe, 0xf9, 0x0, 0xff,
    0xe0, 0x77, 0xc8, 0x7, 0xff, 0x3, 0xbe, 0x40,
    0x3f, 0xf8, 0x1d, 0xf2, 0x1, 0xff, 0xc0, 0xef,
    0x90, 0xf, 0xfe, 0x7, 0x7c, 0x80, 0x78,

    /* U+1EF3 "ỳ" */
    0x0, 0x2f, 0xf8, 0x80, 0x3f, 0xcd, 0xf8, 0x1,
    0xff, 0x3f, 0xc0, 0x7, 0xfc, 0xae, 0x1, 0xff,
    0xc7, 0x5f, 0xf2, 0x0, 0x75, 0x7f, 0x0, 0x3b,
    0xe4, 0x3, 0xbf, 0xce, 0x0, 0x8f, 0xf0, 0x6,
    0x5f, 0xf0, 0x80, 0x7, 0xfc, 0xa0, 0x15, 0xfd,
    0x80, 0x6b, 0xfb, 0x0, 0xf, 0xf9, 0x0, 0x32,
    0x7f, 0x84, 0x1f, 0xf8, 0x3, 0xdd, 0xec, 0x1b,
    0xee, 0x1, 0xe7, 0xfc, 0x3f, 0xf0, 0x80, 0x78,
    0x7f, 0xd5, 0xf6, 0x1, 0xfa, 0xff, 0xe4, 0x0,
    0xfc, 0x9f, 0xee, 0x0, 0xfe, 0x1f, 0xf3, 0x80,
    0x7f, 0x37, 0xf8, 0x40, 0x3f, 0xb7, 0xec, 0x3,
    0xf8, 0xff, 0xc8, 0x1, 0xfd, 0x5f, 0xc0, 0x1f,
    0xc3, 0xfe, 0x70, 0xf, 0x80,

    /* U+1EF4 "Ỵ" */
    0x8f, 0xf2, 0x0, 0x7d, 0x5f, 0xe2, 0xe, 0xfc,
    0x0, 0xf1, 0xff, 0xa4, 0x0, 0xbf, 0xe5, 0x0,
    0xeb, 0xfe, 0x10, 0xb, 0x3f, 0x40, 0x32, 0x7f,
    0x9c, 0x3, 0x1f, 0xf9, 0x80, 0x2d, 0xfd, 0x0,
    0xf5, 0x7f, 0x0, 0x1b, 0xfc, 0xa0, 0x1e, 0x2f,
    0xf3, 0x87, 0x7e, 0x0, 0x7e, 0x8f, 0xf4, 0xff,
    0x8c, 0x3, 0xfb, 0xbf, 0xea, 0x0, 0xff, 0x37,
    0xfc, 0x20, 0x1f, 0xf7, 0x7c, 0x80, 0x7f, 0xf0,
    0x3b, 0xe4, 0x3, 0xff, 0x81, 0xdf, 0x20, 0x1f,
    0xfc, 0xe, 0xf9, 0x0, 0xff, 0xe0, 0x77, 0xc8,
    0x7, 0xff, 0x3, 0xbe, 0x40, 0x3f, 0xf8, 0x1d,
    0xf2, 0x1, 0xff, 0xcf, 0x99, 0x30, 0x7, 0xff,
    0x3, 0xfd, 0x40, 0x1f, 0xfc, 0xf, 0xf5, 0x0,
    0x78,

    /* U+1EF5 "ỵ" */
    0x5f, 0xf2, 0x0, 0x75, 0x7f, 0x0, 0x3b, 0xe4,
    0x3, 0xbf, 0xce, 0x0, 0x8f, 0xf0, 0x6, 0x5f,
    0xf0, 0x80, 0x7, 0xfc, 0xa0, 0x15, 0xfd, 0x80,
    0x6b, 0xfa, 0x0, 0xf, 0xf9, 0x0, 0x32, 0x7f,
    0x84, 0x1f, 0xf8, 0x3, 0xdd, 0xec, 0x1b, 0xee,
    0x1, 0xe8, 0xfc, 0x2f, 0xf0, 0x80, 0x78, 0x7f,
    0xd5, 0xf6, 0x1, 0xfa, 0xff, 0xe4, 0x0, 0xfc,
    0x9f, 0xee, 0x0, 0xfe, 0x1f, 0xf3, 0x80, 0x7f,
    0x37, 0xf8, 0x40, 0x3f, 0xb7, 0xec, 0x3, 0xf8,
    0xff, 0xc8, 0x3, 0x32, 0x40, 0xd, 0x5f, 0xc0,
    0x3, 0xff, 0x38, 0x4, 0x3f, 0xe7, 0x0, 0x1f,
    0xf9, 0xc0,

    /* U+1EF6 "Ỷ" */
    0x0, 0xff, 0xe4, 0x17, 0xfa, 0xcc, 0x3, 0xfe,
    0x46, 0xee, 0x0, 0x7f, 0xc2, 0xbd, 0x60, 0x1f,
    0xf1, 0x42, 0x0, 0x7a, 0x3f, 0xc8, 0x1, 0xf5,
    0x7f, 0x88, 0x3b, 0xf0, 0x3, 0xc7, 0xfe, 0x90,
    0x2, 0xff, 0x94, 0x3, 0xaf, 0xf8, 0x40, 0x2c,
    0xfd, 0x0, 0xc9, 0xfe, 0x70, 0xc, 0x7f, 0xe6,
    0x0, 0xb7, 0xf4, 0x3, 0xd5, 0xfc, 0x0, 0x6f,
    0xf2, 0x80, 0x78, 0xbf, 0xce, 0x1d, 0xf8, 0x1,
    0xfa, 0x3f, 0xd3, 0xfe, 0x30, 0xf, 0xee, 0xff,
    0xa8, 0x3, 0xfc, 0xdf, 0xf0, 0x80, 0x7f, 0xdd,
    0xf2, 0x1, 0xff, 0xc0, 0xef, 0x90, 0xf, 0xfe,
    0x7, 0x7c, 0x80, 0x7f, 0xf0, 0x3b, 0xe4, 0x3,
    0xff, 0x81, 0xdf, 0x20, 0x1f, 0xfc, 0xe, 0xf9,
    0x0, 0xff, 0xe0, 0x77, 0xc8, 0x7, 0x80,

    /* U+1EF7 "ỷ" */
    0x0, 0xc5, 0xfb, 0x22, 0x1, 0xfc, 0xd3, 0xf8,
    0x1, 0xff, 0x67, 0x0, 0x7f, 0x1e, 0xe9, 0x0,
    0x3f, 0x84, 0x80, 0x3c, 0xbf, 0xe4, 0x0, 0xea,
    0xfe, 0x0, 0x77, 0xc8, 0x7, 0x7f, 0x9c, 0x1,
    0x1f, 0xe0, 0xc, 0xbf, 0xe1, 0x0, 0xf, 0xf9,
    0x40, 0x2b, 0xfb, 0x0, 0xd7, 0xf6, 0x0, 0x1f,
    0xf2, 0x0, 0x64, 0xff, 0x8, 0x3f, 0xf0, 0x7,
    0xbb, 0xd8, 0x37, 0xdc, 0x3, 0xcf, 0xf8, 0x7f,
    0xe1, 0x0, 0xf0, 0xff, 0xab, 0xec, 0x3, 0xf5,
    0xff, 0xc8, 0x1, 0xf9, 0x3f, 0xdc, 0x1, 0xfc,
    0x3f, 0xe7, 0x0, 0xfe, 0x6f, 0xf0, 0x80, 0x7f,
    0x6f, 0xd8, 0x7, 0xf1, 0xff, 0x90, 0x3, 0xfa,
    0xbf, 0x80, 0x3f, 0x87, 0xfc, 0xe0, 0x1f, 0x0,

    /* U+1EF8 "Ỹ" */
    0x0, 0xff, 0x8, 0x7, 0xe9, 0xfd, 0x30, 0x4f,
    0x20, 0xf, 0x27, 0xb5, 0xf1, 0xcf, 0x80, 0x7d,
    0x1a, 0x0, 0xbf, 0xf3, 0x0, 0x7c, 0x44, 0x0,
    0x88, 0x40, 0x3a, 0x3f, 0xc8, 0x1, 0xf5, 0x7f,
    0x88, 0x3b, 0xf0, 0x3, 0xc7, 0xfe, 0x90, 0x2,
    0xff, 0x94, 0x3, 0xaf, 0xf8, 0x40, 0x2c, 0xfd,
    0x0, 0xc9, 0xfe, 0x70, 0xc, 0x7f, 0xe6, 0x0,
    0xb7, 0xf4, 0x3, 0xd5, 0xfc, 0x0, 0x6f, 0xf2,
    0x80, 0x78, 0xbf, 0xce, 0x1d, 0xf8, 0x1, 0xfa,
    0x3f, 0xd3, 0xfe, 0x30, 0xf, 0xee, 0xff, 0xa8,
    0x3, 0xfc, 0xdf, 0xf0, 0x80, 0x7f, 0xdd, 0xf2,
    0x1, 0xff, 0xc0, 0xef, 0x90, 0xf, 0xfe, 0x7,
    0x7c, 0x80, 0x7f, 0xf0, 0x3b, 0xe4, 0x3, 0xff,
    0x81, 0xdf, 0x20, 0x1f, 0xfc, 0xe, 0xf9, 0x0,
    0xff, 0xe0, 0x77, 0xc8, 0x7, 0x80,

    /* U+1EF9 "ỹ" */
    0x0, 0xa3, 0xb4, 0xc1, 0x3c, 0x80, 0x32, 0x7c,
    0xef, 0x25, 0x78, 0x7, 0x46, 0x80, 0xef, 0xf9,
    0xc0, 0x38, 0xcc, 0x1, 0x21, 0x0, 0x7f, 0xf1,
    0x57, 0xfc, 0x80, 0x1d, 0x5f, 0xc0, 0xe, 0xf9,
    0x0, 0xef, 0xf3, 0x80, 0x23, 0xfc, 0x1, 0x97,
    0xfc, 0x20, 0x1, 0xff, 0x28, 0x5, 0x7f, 0x60,
    0x1a, 0xfe, 0xc0, 0x3, 0xfe, 0x40, 0xc, 0x9f,
    0xe1, 0x7, 0xfe, 0x0, 0xf7, 0x7b, 0x6, 0xfb,
    0x80, 0x79, 0xff, 0xf, 0xfc, 0x20, 0x1e, 0x1f,
    0xf5, 0x7d, 0x80, 0x7e, 0xbf, 0xf9, 0x0, 0x3f,
    0x27, 0xfb, 0x80, 0x3f, 0x87, 0xfc, 0xe0, 0x1f,
    0xcd, 0xfe, 0x10, 0xf, 0xed, 0xfb, 0x0, 0xfe,
    0x3f, 0xf2, 0x0, 0x7f, 0x57, 0xf0, 0x7, 0xf0,
    0xff, 0x9c, 0x3, 0xe0,

    /* U+2013 "–" */
    0x5c, 0xcf, 0xca, 0xdf, 0xff, 0x9c,

    /* U+2014 "—" */
    0x5c, 0xcf, 0xfe, 0x5c, 0xb7, 0xff, 0xff, 0x2f,
    0x40,

    /* U+2015 "―" */
    0xbc, 0xcf, 0xfe, 0xc, 0x7f, 0xff, 0xf0, 0xac,

    /* U+2018 "‘" */
    0x0, 0x97, 0xd0, 0x2, 0xdf, 0x0, 0x97, 0xec,
    0x2, 0xcf, 0x60, 0x2, 0x7f, 0x84, 0x1, 0x9f,
    0x80, 0x13, 0xc2, 0x0, 0x0,

    /* U+2019 "’" */
    0x0, 0x27, 0xf9, 0x40, 0x13, 0xfa, 0x1, 0x77,
    0xa8, 0x0, 0xff, 0x80, 0x28, 0xf6, 0x0, 0xb3,
    0x80, 0x33, 0xa0, 0x4,

    /* U+201A "‚" */
    0x0, 0x7f, 0xa4, 0x17, 0xfc, 0x41, 0x3f, 0x60,
    0xe, 0xf4, 0x2, 0xfd, 0x0, 0x37, 0xb0, 0x2,
    0xf8, 0x2,

    /* U+201C "“" */
    0x0, 0x97, 0xd0, 0x7, 0xe4, 0x2, 0xdf, 0x0,
    0x3f, 0xa8, 0x1, 0x3e, 0xc0, 0x1d, 0xe2, 0x0,
    0xcf, 0x60, 0x6f, 0xc0, 0x1, 0xff, 0x88, 0x37,
    0xdc, 0x1, 0x5f, 0xa0, 0x9f, 0xe3, 0x0, 0x5d,
    0x98, 0x22, 0xec, 0x0,

    /* U+201D "”" */
    0x0, 0x27, 0xf9, 0x43, 0xbe, 0x80, 0x13, 0xfa,
    0x7, 0xfe, 0x30, 0x6, 0xfb, 0x4, 0x7e, 0x0,
    0xb, 0xf8, 0x1, 0x9e, 0x80, 0x7, 0xf7, 0x1,
    0xfd, 0x0, 0xb3, 0xc4, 0x1b, 0xd8, 0x2, 0xb7,
    0x0, 0x3d, 0x80, 0x40,

    /* U+201E "„" */
    0x0, 0x56, 0x48, 0x26, 0x60, 0xc0, 0xbf, 0xca,
    0x13, 0xfc, 0x0, 0x6f, 0xe0, 0x7, 0x7b, 0x80,
    0x2f, 0xdc, 0xb, 0xfc, 0x1, 0x7f, 0x0, 0x1f,
    0xe0, 0x0, 0x9f, 0x0, 0xb, 0xf1, 0x0, 0x4f,
    0x88, 0x3, 0xe8, 0x2,

    /* U+2020 "†" */
    0x0, 0x93, 0xe0, 0x3, 0xc9, 0xf0, 0x1, 0xe4,
    0xf8, 0x0, 0xf2, 0x7c, 0x0, 0x79, 0x3e, 0x0,
    0x23, 0xff, 0xfa, 0xb, 0x31, 0xbf, 0xd9, 0x86,
    0x0, 0x93, 0xe0, 0x3, 0xc9, 0xf0, 0x1, 0xe4,
    0xf8, 0x0, 0xf2, 0x7c, 0x0, 0x79, 0x3e, 0x0,
    0x3c, 0x9f, 0x0, 0x1e, 0x4f, 0x80, 0xf, 0x27,
    0xc0, 0x7, 0x93, 0xe0, 0x3, 0xc9, 0xf0, 0x1,
    0xe4, 0xf8, 0x0, 0xf2, 0x7c, 0x0, 0x7c, 0x20,
    0x18,

    /* U+2021 "‡" */
    0x0, 0x87, 0xec, 0x3, 0xc3, 0xf6, 0x1, 0xe1,
    0xfb, 0x0, 0xf0, 0xfd, 0x80, 0x78, 0x7e, 0xc0,
    0x37, 0xff, 0xd2, 0x19, 0x97, 0xf6, 0x61, 0xc0,
    0x21, 0xfb, 0x0, 0xf0, 0xfd, 0x80, 0x78, 0x7e,
    0xc0, 0x3c, 0x3f, 0x60, 0x1e, 0x1f, 0xb0, 0xd,
    0x76, 0xcf, 0xeb, 0xb3, 0x87, 0xff, 0xd2, 0x1,
    0xf, 0xd8, 0x7, 0x87, 0xec, 0x3, 0xc3, 0xf6,
    0x1, 0xe1, 0xfb, 0x0, 0xf0, 0xfd, 0x80, 0x7c,
    0x20, 0x18,

    /* U+2022 "•" */
    0x38, 0x8e, 0x16, 0xff, 0xe2, 0x6f, 0xfe, 0x26,
    0xff, 0xe2, 0x6f, 0xfe, 0x26, 0xff, 0xe2,

    /* U+2023 "‣" */
    0x10, 0xf, 0x9b, 0xc, 0x3, 0x9b, 0xfd, 0x42,
    0x1, 0x37, 0xfe, 0x80, 0x3, 0x7f, 0xf7, 0x23,
    0x7f, 0xf4, 0x8b, 0x7f, 0xd8, 0x40, 0x6, 0xfe,
    0x50, 0xc, 0xb0, 0x1, 0xff, 0xc2,

    /* U+2025 "‥" */
    0x6e, 0xe1, 0x3, 0xf7, 0x5, 0xff, 0xc6, 0x11,
    0xfe, 0x17, 0xff, 0x18, 0x47, 0xf8, 0x40,

    /* U+2026 "…" */
    0x6e, 0xe0, 0x0, 0x7b, 0x88, 0x0, 0xbe, 0x97,
    0xff, 0x0, 0x7, 0xfc, 0xa0, 0xc, 0xfa, 0x7f,
    0xf0, 0x0, 0x7f, 0xca, 0x0, 0xcf, 0xa0,

    /* U+2030 "‰" */
    0x4, 0xdf, 0xc3, 0x0, 0xe9, 0xf1, 0x0, 0xfe,
    0x3f, 0xb6, 0xdf, 0x10, 0x8, 0xfd, 0xc0, 0x3f,
    0xd5, 0xe0, 0x2, 0xf8, 0x0, 0xb3, 0x80, 0x3f,
    0xec, 0xc0, 0x5, 0xd6, 0x0, 0x5f, 0x50, 0xf,
    0xfb, 0x38, 0x2, 0xfa, 0x0, 0x76, 0x0, 0x7f,
    0xf0, 0x1f, 0xdc, 0x23, 0xd8, 0x23, 0xcc, 0x3,
    0xff, 0x83, 0xbf, 0xf5, 0x80, 0xfc, 0x80, 0x7f,
    0xf0, 0xda, 0x18, 0x1, 0x5e, 0x20, 0x1f, 0xfc,
    0x73, 0xf7, 0x0, 0xff, 0xe4, 0x66, 0x80, 0x16,
    0x1c, 0x40, 0x21, 0x78, 0x50, 0xf, 0x9b, 0xd0,
    0x27, 0xfe, 0xe2, 0x1, 0xef, 0xfa, 0x80, 0x3d,
    0xd6, 0x7, 0xf6, 0x9, 0xf6, 0x13, 0xea, 0x15,
    0xe8, 0x1, 0xa3, 0xc8, 0x1f, 0xcc, 0x1, 0x7e,
    0x1d, 0x80, 0x1, 0xf8, 0x0, 0x8b, 0xe0, 0x1,
    0x1e, 0x20, 0x9, 0xf0, 0xea, 0x0, 0xbe, 0x40,
    0x2b, 0xe0, 0x9, 0x7d, 0x40, 0x19, 0xa1, 0x7c,
    0x0, 0x3f, 0x60, 0x2, 0x7b, 0x0, 0x6d, 0xe7,
    0xaf, 0x60, 0x4f, 0xb7, 0xee, 0x8, 0x3, 0x70,
    0x3, 0x86, 0xff, 0x98, 0x2, 0x5d, 0xfb, 0x20,

    /* U+2031 "‱" */
    0x4, 0xdf, 0xc3, 0x0, 0xe9, 0xf1, 0x0, 0xff,
    0xe2, 0x9f, 0xdb, 0x6f, 0x88, 0x4, 0x7e, 0xe0,
    0x1f, 0xfc, 0x6a, 0xf0, 0x1, 0x7c, 0x0, 0x59,
    0xc0, 0x1f, 0xfc, 0x7c, 0xc0, 0x5, 0xd6, 0x0,
    0x5f, 0x50, 0xf, 0xfe, 0x3e, 0x70, 0x5, 0xf4,
    0x0, 0xec, 0x0, 0xff, 0xe4, 0x3f, 0xb8, 0x47,
    0xb0, 0x47, 0x98, 0x7, 0xff, 0x27, 0x7f, 0xeb,
    0x1, 0xf9, 0x0, 0xff, 0xe5, 0xb4, 0x30, 0x2,
    0xbc, 0x40, 0x3f, 0xf9, 0xe7, 0xee, 0x1, 0xff,
    0xd0, 0xcd, 0x0, 0x2c, 0x38, 0x80, 0x42, 0xf0,
    0xa0, 0x18, 0xe2, 0x4, 0x1, 0xf3, 0x7a, 0x4,
    0xff, 0xdc, 0x40, 0x3d, 0xff, 0x50, 0x1, 0xbf,
    0xf1, 0x80, 0x7b, 0xac, 0xf, 0xec, 0x13, 0xec,
    0x27, 0xd4, 0x2b, 0xd0, 0x7f, 0x4, 0xbb, 0x40,
    0x3a, 0x3c, 0x81, 0xfc, 0xc0, 0x17, 0xe1, 0xd8,
    0x0, 0x1f, 0x84, 0xf5, 0x0, 0x47, 0x90, 0x4,
    0x5f, 0x0, 0x8, 0xf1, 0x0, 0x4f, 0x87, 0x50,
    0x5, 0xf2, 0xbe, 0x80, 0x6, 0xf2, 0x0, 0xaf,
    0x80, 0x25, 0xf5, 0x0, 0x66, 0x85, 0xf0, 0x0,
    0xfd, 0x8b, 0xe0, 0x1, 0x5e, 0x1, 0x27, 0xb0,
    0x6, 0xde, 0x7a, 0xf6, 0x4, 0xfb, 0x7e, 0xe0,
    0x85, 0xfc, 0x4f, 0xc0, 0x5, 0xb8, 0x1, 0xc3,
    0x7f, 0xcc, 0x1, 0x2e, 0xfd, 0x90, 0x5, 0x3f,
    0xd0, 0x0,

    /* U+2039 "‹" */
    0x0, 0xe5, 0x0, 0xd7, 0x60, 0x1, 0x6f, 0xd8,
    0x27, 0x7d, 0x3, 0x7f, 0x9c, 0x0, 0xbf, 0xe8,
    0x0, 0x8f, 0xbe, 0xc4, 0x0, 0x39, 0xf6, 0x1,
    0xaa, 0xc0, 0x39, 0x0,

    /* U+203A "›" */
    0x40, 0xf, 0x4e, 0x90, 0x6, 0x8f, 0xe3, 0x0,
    0xd1, 0xfe, 0x60, 0xc, 0xbf, 0xe9, 0x0, 0x9b,
    0xfc, 0xe0, 0xa, 0xff, 0x28, 0x2, 0x3f, 0x8c,
    0x2, 0x9c, 0x10, 0xc, 0x80, 0x1e,

    /* U+2044 "⁄" */
    0x0, 0xff, 0x57, 0x8, 0x7, 0xf2, 0x7b, 0x0,
    0x7f, 0xb7, 0x40, 0x1f, 0xe6, 0xf4, 0x0, 0xfe,
    0x1e, 0xb0, 0xf, 0xf4, 0xf9, 0x0, 0x7f, 0x17,
    0xc0, 0x7, 0xfa, 0xf8, 0x3, 0xfc, 0x9e, 0xc0,
    0x1f, 0xed, 0xc0, 0xf, 0xf3, 0xf9, 0x80, 0x7f,
    0xf, 0xd0, 0x7, 0xfa, 0x7c, 0x40, 0x3f, 0x8f,
    0xe0, 0x3, 0xfd, 0x9c, 0x1, 0xfe, 0x5f, 0x50,
    0xf, 0xf7, 0x60, 0x7, 0xf8,

    /* U+2074 "⁴" */
    0x0, 0xd9, 0xe2, 0x1, 0xa3, 0xfc, 0x20, 0x12,
    0xf3, 0xf8, 0x80, 0xb, 0xd1, 0x7c, 0x40, 0x1b,
    0x0, 0xbe, 0x21, 0x58, 0x0, 0x5f, 0x20, 0xff,
    0xfa, 0xcc, 0xf3, 0xfa, 0x90, 0x6, 0x5f, 0x10,
    0xe, 0x5f, 0x10,

    /* U+20AB "₫" */
    0x0, 0xf8, 0xe1, 0x0, 0x3f, 0x9f, 0xe8, 0x3,
    0xef, 0xff, 0x0, 0x78, 0xcd, 0x5f, 0xa6, 0x1,
    0xf9, 0xfe, 0x40, 0x33, 0x67, 0xf4, 0x3f, 0xc8,
    0x5, 0x1f, 0xf7, 0x7f, 0xd2, 0x0, 0x3f, 0xf3,
    0x0, 0x17, 0xfd, 0x20, 0x8, 0xfa, 0x0, 0xd1,
    0xf2, 0x0, 0xbf, 0x60, 0xc, 0x9f, 0x20, 0xa,
    0xf6, 0x0, 0xc9, 0xf2, 0x0, 0x8f, 0xb0, 0xd,
    0x3f, 0x20, 0x2, 0xff, 0x40, 0x83, 0xff, 0xa4,
    0x2, 0x6f, 0xfe, 0x9f, 0x90, 0xc, 0x95, 0xb6,
    0x85, 0xb0, 0x1, 0xff, 0xc2, 0x36, 0x6f, 0xf0,
    0x4f, 0xff, 0xf8, 0x0,

    /* U+20AC "€" */
    0x0, 0xe6, 0xcf, 0xf7, 0x5b, 0x0, 0x70, 0xe7,
    0xff, 0xd6, 0x1, 0xb7, 0xfd, 0x2a, 0x6b, 0x5e,
    0xa0, 0x13, 0xff, 0x94, 0x3, 0x8c, 0x3, 0x7f,
    0xa8, 0x3, 0xfc, 0x9f, 0xe3, 0x0, 0xfe, 0xdf,
    0xff, 0xe2, 0x0, 0x9f, 0xfe, 0x99, 0xf0, 0x80,
    0x6a, 0xfc, 0x0, 0xff, 0x3f, 0xfd, 0x33, 0xe1,
    0x0, 0xb7, 0xff, 0xf8, 0x40, 0x31, 0xff, 0x8c,
    0x3, 0xfe, 0xef, 0xa0, 0xf, 0xf9, 0xff, 0xca,
    0x1, 0xc6, 0x1, 0xdb, 0xfe, 0x94, 0x35, 0xaf,
    0x70, 0xc, 0x3b, 0xff, 0xf6, 0x0, 0x79, 0xf3,
    0xfd, 0xd6, 0xa0, 0x0,

    /* U+20B1 "₱" */
    0x4, 0xff, 0xee, 0xb5, 0x0, 0xe4, 0xff, 0xfd,
    0x40, 0x19, 0x3f, 0xcc, 0x88, 0x6d, 0xff, 0x28,
    0x4, 0x9f, 0xe2, 0x0, 0xdb, 0xf6, 0x0, 0x9f,
    0xf8, 0x80, 0x34, 0xff, 0xb0, 0xaf, 0xfe, 0x20,
    0xd, 0x3f, 0xf1, 0x82, 0x7f, 0x88, 0x3, 0x6f,
    0xd8, 0x4, 0x9f, 0xe6, 0x44, 0x36, 0xff, 0x90,
    0x2, 0x4f, 0xff, 0xd0, 0x1, 0x93, 0xff, 0xba,
    0x90, 0x3, 0x93, 0xfc, 0x40, 0x1f, 0xe4, 0xff,
    0x10, 0x7, 0xf9, 0x3f, 0xc4, 0x1, 0xfe, 0x4f,
    0xf1, 0x0, 0x7f, 0x93, 0xfc, 0x40, 0x1f, 0xe4,
    0xff, 0x10, 0x7, 0xf9, 0x3f, 0xc4, 0x1, 0xfc,

    /* U+20B3 "₳" */
    0x0, 0xe5, 0xfd, 0x0, 0xff, 0xab, 0xfc, 0x40,
    0x1f, 0xef, 0xf9, 0xc0, 0x3f, 0x97, 0xfe, 0xc0,
    0xf, 0xea, 0xf9, 0xff, 0x8, 0x7, 0xee, 0xf4,
    0xcf, 0x70, 0xf, 0x93, 0xfc, 0xf, 0xf8, 0x1,
    0xf4, 0xfd, 0x81, 0xff, 0x84, 0x2, 0x89, 0x97,
    0xfd, 0x32, 0xff, 0xa6, 0x47, 0xdf, 0xff, 0xfc,
    0x5, 0x0, 0x47, 0xe8, 0x4, 0xdf, 0xe0, 0xe,
    0xef, 0x90, 0x8, 0x7f, 0xca, 0x0, 0xef, 0xff,
    0xfe, 0x3, 0x47, 0xfd, 0x53, 0x3b, 0xfe, 0x93,
    0xd, 0xfb, 0x0, 0xe4, 0xff, 0x20, 0x17, 0xf9,
    0xc0, 0x3d, 0xfe, 0xa0, 0x7f, 0xf1, 0x0, 0x7a,
    0xff, 0x80,

    /* U+20B4 "₴" */
    0x0, 0x86, 0x37, 0xfb, 0x18, 0x3, 0x8f, 0xbf,
    0xfd, 0x60, 0x1b, 0x7f, 0x9c, 0xcd, 0x5f, 0xe6,
    0x0, 0x8a, 0x88, 0x3, 0x67, 0xd8, 0x7, 0xfa,
    0xff, 0x1, 0x66, 0x7e, 0xff, 0xb9, 0xe7, 0xff,
    0xfe, 0xd0, 0xf, 0xfe, 0x74, 0xff, 0xff, 0xda,
    0x9d, 0xfe, 0xc8, 0x8f, 0x98, 0x2f, 0xf4, 0x3,
    0xfd, 0x7f, 0x60, 0x1e, 0x74, 0x0, 0x47, 0xf8,
    0x40, 0x32, 0x7f, 0xa0, 0x7, 0xfd, 0xcc, 0x69,
    0x1f, 0xf0, 0x80, 0x13, 0xff, 0xee, 0x30, 0xc,
    0x53, 0xbf, 0xd8, 0xe2, 0x0,

    /* U+20B8 "₸" */
    0x4f, 0xff, 0xfa, 0xcf, 0xff, 0xfe, 0xa0, 0xf,
    0xfe, 0x71, 0xff, 0xff, 0xd6, 0x9f, 0xff, 0xf5,
    0x80, 0x74, 0x7f, 0x80, 0x3f, 0xd1, 0xfe, 0x0,
    0xff, 0x47, 0xf8, 0x3, 0xfd, 0x1f, 0xe0, 0xf,
    0xf4, 0x7f, 0x80, 0x3f, 0xd1, 0xfe, 0x0, 0xff,
    0x47, 0xf8, 0x3, 0xfd, 0x1f, 0xe0, 0xf, 0xf4,
    0x7f, 0x80, 0x3f, 0xd1, 0xfe, 0x0, 0xff, 0x47,
    0xf8, 0x3, 0x80,

    /* U+20BD "₽" */
    0x0, 0x3f, 0xff, 0xb1, 0xc0, 0x39, 0xff, 0xff,
    0x68, 0x80, 0x4f, 0xfe, 0x44, 0x96, 0xbf, 0xd6,
    0x1, 0x3f, 0xf8, 0x3, 0xa3, 0xfc, 0x20, 0x7,
    0xff, 0x0, 0x71, 0x7f, 0x90, 0x0, 0xff, 0xe0,
    0xe, 0x2f, 0xf2, 0x0, 0x1f, 0xfc, 0x1, 0xcd,
    0xfe, 0x20, 0x17, 0xff, 0x8, 0xc6, 0xff, 0xed,
    0x8, 0xff, 0xff, 0x71, 0x4, 0x7f, 0xfe, 0xc8,
    0x10, 0xc, 0xff, 0xe0, 0xf, 0xf9, 0xff, 0xc0,
    0x1f, 0xd1, 0xff, 0xf7, 0x0, 0x74, 0x7f, 0xfd,
    0xc0, 0x1f, 0x3f, 0xf8, 0x3, 0xfe, 0x7f, 0xf0,
    0x7, 0xfc, 0xff, 0xe0, 0xf, 0xe0,

    /* U+2116 "№" */
    0x2b, 0xb3, 0x0, 0x7d, 0x56, 0xa0, 0x1f, 0xfc,
    0x3, 0xff, 0x88, 0x3, 0xdd, 0xf0, 0x1, 0xff,
    0xc0, 0x3f, 0xfa, 0xc0, 0x3d, 0xdf, 0x0, 0x1f,
    0xfc, 0x3, 0xff, 0xca, 0x1, 0xdd, 0xf0, 0x1,
    0xc, 0xf7, 0xf4, 0x0, 0x47, 0xfe, 0xef, 0xe0,
    0xe, 0xef, 0x80, 0x0, 0xef, 0xed, 0xf7, 0xe8,
    0x81, 0xff, 0x97, 0xfd, 0x0, 0x1b, 0xbe, 0x0,
    0x13, 0xf2, 0x1, 0x57, 0xc8, 0x1f, 0xf9, 0x1f,
    0xfc, 0x40, 0x17, 0x7c, 0x0, 0x3f, 0xc2, 0x1,
    0xf, 0xf8, 0xf, 0xfc, 0x81, 0xbf, 0x80, 0x17,
    0x7c, 0x1, 0xfe, 0x80, 0x76, 0xf9, 0x9b, 0xfc,
    0x80, 0x9f, 0xe6, 0x0, 0x77, 0xc0, 0x1f, 0xe0,
    0x7, 0x67, 0x99, 0xbf, 0xc8, 0x0, 0xaf, 0xe1,
    0xe, 0xf8, 0x0, 0x7f, 0x80, 0x3b, 0xfc, 0x27,
    0xfe, 0x40, 0x0, 0xff, 0xa4, 0x3b, 0xe0, 0x1,
    0x5f, 0x0, 0x14, 0x7d, 0x1, 0xff, 0x90, 0x2,
    0x6f, 0xf1, 0xf7, 0xc0, 0x0, 0x7b, 0xf2, 0x73,
    0xf8, 0x40, 0xff, 0xc8, 0x1, 0xb3, 0xf7, 0xfd,
    0x0, 0x10, 0xd7, 0xfd, 0x42, 0x0, 0x3f, 0xf2,
    0x0, 0x63, 0xff, 0xd0, 0x1, 0xe1, 0x0, 0xe3,
    0xff, 0x20, 0x7, 0x4f, 0xfd, 0x0, 0x1f, 0xfc,
    0x3, 0xff, 0x20, 0x7, 0xf, 0x7f, 0xa0, 0xb,
    0x33, 0xf5, 0x81, 0xff, 0x90, 0x3, 0xcd, 0xfe,
    0x80, 0x2f, 0xff, 0xdc, 0x0,

    /* U+2122 "™" */
    0xb, 0xbe, 0x60, 0xab, 0x20, 0x0, 0xdd, 0x3,
    0xbb, 0xa9, 0xd0, 0x3b, 0xe0, 0x0, 0xff, 0xc0,
    0x16, 0xb0, 0x5, 0xd3, 0xa0, 0xd, 0xae, 0x0,
    0xb5, 0x80, 0x2e, 0x4e, 0x33, 0x72, 0xf0, 0x5,
    0xac, 0x1, 0x72, 0x44, 0xc4, 0xa7, 0x0, 0x5a,
    0xc0, 0x17, 0x21, 0x77, 0x9, 0x38, 0x2, 0xd6,
    0x0, 0xb9, 0x3, 0x30, 0x9, 0xc0, 0x16, 0x28,
    0x5, 0xc8, 0x6, 0x60, 0x4e,

    /* U+2126 "Ω" */
    0x0, 0xff, 0xe4, 0x94, 0x6f, 0xfd, 0x8e, 0x1,
    0xf9, 0xff, 0xff, 0x72, 0x0, 0x74, 0xff, 0xd2,
    0xc8, 0xd7, 0xff, 0x28, 0x4, 0xbf, 0xec, 0x10,
    0xe, 0x3e, 0xff, 0x10, 0x3, 0x7f, 0x84, 0x3,
    0xe4, 0xff, 0x50, 0x17, 0xfa, 0x0, 0x3f, 0xb3,
    0xfc, 0xd, 0xfe, 0x30, 0xf, 0xe7, 0xff, 0x1b,
    0xff, 0x84, 0x3, 0xf9, 0x7f, 0xc8, 0xdf, 0xe0,
    0xf, 0xf2, 0x7f, 0x91, 0x1f, 0xe2, 0x0, 0xfe,
    0x6f, 0xf0, 0x87, 0xf9, 0x80, 0x3f, 0xab, 0xf4,
    0x1, 0x3f, 0x80, 0x1f, 0x87, 0xfc, 0xa0, 0x1,
    0xdf, 0x60, 0xf, 0xab, 0xec, 0x3, 0x17, 0x7a,
    0x80, 0x74, 0x7d, 0x80, 0x42, 0x88, 0x6e, 0xfa,
    0x0, 0xd, 0xfe, 0x2a, 0x20, 0xf, 0xff, 0xc4,
    0xb, 0xff, 0xe0, 0x3f, 0xff, 0x10, 0x2f, 0xff,
    0x80,

    /* U+215B "⅛" */
    0x0, 0xbe, 0x80, 0x3e, 0xbe, 0x0, 0xf8, 0xfe,
    0x80, 0x3c, 0x9e, 0xc0, 0x1d, 0x1f, 0xf5, 0x0,
    0x7b, 0x70, 0x3, 0xc2, 0x66, 0xfa, 0x0, 0xe7,
    0xf3, 0x0, 0xfe, 0xfa, 0x0, 0xc3, 0xf4, 0x1,
    0xfe, 0xfa, 0x0, 0xd3, 0xe2, 0x1, 0xfe, 0xfa,
    0x0, 0x8b, 0xdc, 0x3, 0xfe, 0xfa, 0x0, 0xb3,
    0x80, 0xd, 0xbf, 0xac, 0x1, 0xdf, 0x40, 0x5,
    0xf5, 0x5, 0xfc, 0x8c, 0xf5, 0x0, 0xdf, 0x40,
    0xd, 0xc0, 0x4, 0xf8, 0x5, 0xf2, 0x1, 0x90,
    0xc1, 0xfc, 0xc0, 0xf, 0xe8, 0x7, 0xee, 0x1,
    0xe1, 0xf9, 0x0, 0xdd, 0xff, 0x70, 0x80, 0x7a,
    0xbc, 0x40, 0x2a, 0xf5, 0x25, 0xfb, 0x0, 0xe3,
    0xf7, 0x0, 0x87, 0xe0, 0x2, 0x8f, 0x10, 0xd,
    0x9a, 0x1, 0xdf, 0x20, 0x14, 0xf8, 0x80, 0x4b,
    0xe8, 0x1, 0xd5, 0xf4, 0xd3, 0xf6, 0x1, 0xba,
    0xc0, 0x3e, 0x8d, 0xfe, 0x80, 0x0,

    /* U+215C "⅜" */
    0x0, 0x3e, 0xfe, 0xa8, 0x7, 0xd9, 0xa0, 0x1e,
    0x6f, 0xb8, 0xdf, 0x30, 0xe, 0x5f, 0x40, 0xf,
    0x4d, 0x80, 0xb, 0xdc, 0x3, 0xba, 0xc0, 0x3f,
    0xc3, 0x1e, 0x60, 0x1a, 0x3c, 0x80, 0x3f, 0x87,
    0xfd, 0x0, 0x18, 0xbe, 0x40, 0x3f, 0xe4, 0x8f,
    0x80, 0xa, 0xb8, 0x40, 0x3f, 0xf8, 0x35, 0xe0,
    0x4, 0xf6, 0x0, 0xfc, 0x56, 0x80, 0x14, 0xf8,
    0x3, 0x74, 0x0, 0x7d, 0xfd, 0x50, 0x0, 0xfe,
    0x98, 0x27, 0xe0, 0x37, 0xa0, 0x37, 0xe4, 0x6f,
    0xa0, 0x1, 0x7f, 0xf6, 0x90, 0xf5, 0x80, 0x2f,
    0xc0, 0x3, 0xf0, 0x1, 0xb, 0x3a, 0x80, 0x27,
    0xc8, 0x1, 0x1e, 0x60, 0xbe, 0xc0, 0x1f, 0x8b,
    0xe0, 0x2, 0x1e, 0xff, 0xb4, 0x3, 0xfa, 0xf8,
    0x3, 0x67, 0x29, 0x37, 0xd0, 0x7, 0xc9, 0xec,
    0x1, 0x17, 0xb8, 0x5, 0x3e, 0x1, 0xf6, 0xe0,
    0x6, 0x2f, 0x80, 0xa, 0xbc, 0x3, 0xcf, 0xe6,
    0x1, 0xd7, 0xf2, 0xd5, 0xf2, 0x1, 0xc3, 0xf4,
    0x1, 0xf4, 0x77, 0xec, 0x0, 0x0,

    /* U+215D "⅝" */
    0x1, 0xff, 0xe8, 0x0, 0xf6, 0xe0, 0x7, 0x1f,
    0xe3, 0xbc, 0x60, 0x1c, 0xfe, 0x60, 0x1c, 0xde,
    0x40, 0x1f, 0x87, 0xe8, 0x3, 0xd3, 0xe8, 0xea,
    0x1, 0xe9, 0xf1, 0x0, 0xf5, 0xff, 0xed, 0x10,
    0x8, 0xfd, 0xc0, 0x3e, 0xad, 0x30, 0x5f, 0xa0,
    0xb, 0x34, 0x3, 0xff, 0x83, 0x9c, 0x0, 0x5f,
    0x50, 0xf, 0x86, 0x10, 0x2, 0xde, 0x0, 0x75,
    0x80, 0x1f, 0xbf, 0x10, 0x1, 0xdc, 0x30, 0x7f,
    0x80, 0x8f, 0x20, 0x8f, 0xb8, 0xdf, 0x20, 0x4f,
    0xfd, 0x80, 0x3f, 0x20, 0xc, 0xd0, 0x1, 0x7b,
    0x80, 0x5, 0x9d, 0x0, 0x15, 0xc2, 0x0, 0xaf,
    0x20, 0x6f, 0x40, 0xf, 0x8f, 0xdc, 0x2, 0x2f,
    0xfd, 0x80, 0x1f, 0xb3, 0x40, 0x36, 0xe9, 0x9,
    0xfe, 0x0, 0x3c, 0xde, 0x80, 0x11, 0xfa, 0x80,
    0x57, 0xc0, 0x1e, 0xeb, 0x0, 0xc7, 0xec, 0x1,
    0x67, 0x0, 0x74, 0x79, 0x0, 0x76, 0x7c, 0x35,
    0xfc, 0x0, 0x62, 0xf8, 0x0, 0xf0, 0xcf, 0x7e,
    0xb8, 0x0,

    /* U+215E "⅞" */
    0x8f, 0xff, 0x60, 0x6, 0x6f, 0x40, 0xc, 0x6e,
    0xfa, 0xbe, 0x40, 0x37, 0x58, 0x7, 0xfa, 0xbc,
    0x40, 0x28, 0xf2, 0x0, 0xfe, 0x2f, 0x90, 0x8,
    0xbe, 0x0, 0x3f, 0xd5, 0xe2, 0x1, 0x5f, 0x0,
    0x7f, 0x8b, 0xe4, 0x2, 0x4f, 0x60, 0xf, 0xf5,
    0x79, 0x0, 0x5b, 0x80, 0x1f, 0xe2, 0xf9, 0x0,
    0x9f, 0xcc, 0xe, 0xff, 0xa4, 0x3, 0x57, 0x90,
    0x0, 0x7a, 0x80, 0x7f, 0xa2, 0xbe, 0x80, 0x5,
    0xf2, 0x1, 0x4f, 0x88, 0x27, 0xa8, 0x2, 0xf8,
    0x0, 0x4a, 0x20, 0x2, 0xf8, 0x0, 0x17, 0xc8,
    0xe, 0xe0, 0x7, 0xd7, 0xc0, 0x1a, 0x7f, 0xf2,
    0x0, 0x79, 0x7d, 0x40, 0x25, 0xf8, 0x24, 0xce,
    0x10, 0xe, 0xdc, 0x0, 0xd7, 0xa0, 0x11, 0xfb,
    0x0, 0x67, 0xf3, 0x0, 0xd7, 0xc0, 0x12, 0x7b,
    0x0, 0x43, 0xf2, 0x1, 0xcb, 0xf8, 0xcf, 0xdc,
    0x10, 0xa, 0xbc, 0x40, 0x3c, 0xb9, 0xfd, 0x64,
    0x0,

    /* U+2190 "←" */
    0x0, 0xff, 0xed, 0xd, 0x48, 0x7, 0xff, 0x2e,
    0x3f, 0xd8, 0x1, 0xff, 0xc9, 0x6e, 0xfe, 0x60,
    0xf, 0xfe, 0x42, 0x6f, 0xfa, 0x0, 0x3f, 0xf9,
    0x7, 0x9f, 0xe9, 0x10, 0xf, 0xfe, 0x38, 0xd7,
    0xfb, 0xc, 0x3, 0xff, 0x91, 0x1f, 0xff, 0xfc,
    0xc5, 0x2, 0xbf, 0xfb, 0x2e, 0xff, 0xf8, 0xe6,
    0x1, 0x26, 0xff, 0xa0, 0x3, 0xff, 0x98, 0xdd,
    0xfc, 0xc0, 0x1f, 0xfc, 0xc8, 0xff, 0x6a, 0x0,
    0x7f, 0xf2, 0xc6, 0x7f, 0xd6, 0x40, 0x1f, 0xfc,
    0xb2, 0xbf, 0xe0, 0xf, 0xfe, 0x6a, 0x28, 0x7,
    0xff, 0x4,

    /* U+2192 "→" */
    0x0, 0xff, 0xee, 0x54, 0x88, 0x7, 0xff, 0x33,
    0x7f, 0xce, 0x1, 0xff, 0xcc, 0x7e, 0xfe, 0x50,
    0xf, 0xfe, 0x58, 0xcf, 0xfb, 0x10, 0x3, 0xff,
    0x96, 0x55, 0xfe, 0xb2, 0x0, 0xff, 0xe5, 0xa6,
    0xff, 0xa4, 0x40, 0xd, 0xff, 0xff, 0xcc, 0x70,
    0x4b, 0xbf, 0xfe, 0x3e, 0xff, 0xd4, 0x40, 0x1f,
    0xfc, 0x71, 0x9f, 0xf6, 0x18, 0x7, 0xff, 0x21,
    0xfb, 0xf5, 0x40, 0x3f, 0xf9, 0xb, 0xbf, 0xce,
    0x1, 0xff, 0xc8, 0x3c, 0xff, 0x48, 0x80, 0x7f,
    0xf2, 0x7f, 0xd4, 0x40, 0x1f, 0xfc, 0xb6, 0x30,
    0xf, 0xfe, 0x0,

    /* U+2202 "∂" */
    0x0, 0xcd, 0x7b, 0xaa, 0x40, 0xe, 0x1d, 0xff,
    0x77, 0x3f, 0xd2, 0x1, 0xb3, 0xe4, 0x40, 0x9,
    0xde, 0xc0, 0x1, 0x99, 0x0, 0x72, 0x7f, 0x0,
    0x7f, 0xdb, 0xe8, 0x1, 0xc, 0x67, 0x6c, 0x8c,
    0xfc, 0x0, 0x17, 0xff, 0xda, 0xff, 0x40, 0xbf,
    0xeb, 0x30, 0x2, 0x76, 0xfd, 0x87, 0x7c, 0x80,
    0x71, 0xff, 0xad, 0xbf, 0x80, 0x3e, 0xcf, 0xaa,
    0x7c, 0x80, 0x7d, 0x5f, 0x17, 0xee, 0x1, 0xf6,
    0x7a, 0xd7, 0xc0, 0x7, 0x8b, 0xfc, 0xf, 0xfa,
    0x1, 0xec, 0xf8, 0x1, 0xff, 0x59, 0x0, 0xf,
    0x3f, 0x40, 0x25, 0xff, 0xbb, 0xfe, 0xd2, 0x0,
    0xc7, 0x7f, 0xf6, 0xb8, 0x7, 0xf0, 0x80, 0x7c,

    /* U+2205 "∅" */
    0x0, 0xc5, 0x19, 0xb9, 0x28, 0x15, 0x40, 0xe,
    0x9f, 0xf5, 0xcd, 0xf7, 0xef, 0x10, 0x6, 0xcf,
    0x70, 0xe, 0x9f, 0xe1, 0x0, 0xa7, 0xcc, 0x3,
    0x87, 0xa7, 0xb0, 0x0, 0x7e, 0xe0, 0x1e, 0xbb,
    0x2, 0x7b, 0x4, 0x70, 0x7, 0xa3, 0x84, 0x1,
    0x98, 0xc, 0xa0, 0xe, 0x4f, 0x30, 0x9, 0xfc,
    0x36, 0x40, 0x30, 0xf3, 0x80, 0x66, 0xf1, 0xca,
    0x0, 0xd9, 0x60, 0x1c, 0xfe, 0x15, 0xc0, 0x14,
    0xe8, 0x80, 0x75, 0x68, 0x27, 0xa8, 0x2f, 0x98,
    0x7, 0x17, 0xc0, 0x3, 0x39, 0x3d, 0x80, 0x3d,
    0x9c, 0x20, 0x2, 0xef, 0xb0, 0xe, 0x2c, 0xf4,
    0x0, 0xd5, 0xfe, 0xb7, 0x56, 0xaf, 0xe4, 0x0,
    0xcd, 0xe6, 0xfb, 0xff, 0x6c, 0x8, 0x7, 0x8,
    0x80, 0x30, 0x80, 0x7e,

    /* U+2206 "∆" */
    0x0, 0xf9, 0x90, 0x3, 0xff, 0x83, 0xb6, 0x1,
    0xff, 0xc0, 0x4f, 0xf0, 0x80, 0x7f, 0xd5, 0xfe,
    0x70, 0xf, 0xf0, 0xfe, 0xff, 0x0, 0x7f, 0x9f,
    0xde, 0xbd, 0x0, 0x3f, 0xb7, 0xc4, 0xfe, 0xc0,
    0x3f, 0x27, 0xd8, 0x3, 0x7c, 0x40, 0x3e, 0xaf,
    0x50, 0x3, 0xfb, 0x80, 0x78, 0x7f, 0x80, 0x21,
    0xfe, 0x0, 0xf3, 0xfc, 0x80, 0x6b, 0xf4, 0x0,
    0xed, 0xf2, 0x0, 0xcb, 0xf4, 0x1, 0x93, 0xf0,
    0x3, 0xdd, 0xe2, 0x1, 0x57, 0xb0, 0x7, 0xa3,
    0xdc, 0x0, 0x3f, 0xe1, 0x0, 0xf1, 0x7e, 0x80,
    0x1f, 0xff, 0xff, 0x80, 0x81, 0xbf, 0xff, 0xfc,
    0xa,

    /* U+220F "∏" */
    0xee, 0xff, 0xe0, 0x7, 0xff, 0xff, 0x0, 0x43,
    0xbc, 0x80, 0x3b, 0xfc, 0x1, 0x77, 0x88, 0x7,
    0x7f, 0x80, 0x2e, 0xf1, 0x0, 0xef, 0xf0, 0x5,
    0xde, 0x20, 0x1d, 0xfe, 0x0, 0xbb, 0xc4, 0x3,
    0xbf, 0xc0, 0x17, 0x78, 0x80, 0x77, 0xf8, 0x2,
    0xef, 0x10, 0xe, 0xff, 0x0, 0x5d, 0xe2, 0x1,
    0xdf, 0xe0, 0xb, 0xbc, 0x40, 0x3b, 0xfc, 0x1,
    0x77, 0x88, 0x7, 0x7f, 0x80, 0x2e, 0xf1, 0x0,
    0xef, 0xf0, 0x5, 0xde, 0x20, 0x1d, 0xfe, 0x0,
    0xbb, 0xc4, 0x3, 0xbf, 0xc0, 0x17, 0x78, 0x80,
    0x77, 0xf8, 0x2, 0xbd, 0x10, 0xe, 0xdc, 0x0,
    0x0,

    /* U+2211 "∑" */
    0xef, 0xff, 0xfb, 0x2f, 0xff, 0xfe, 0xd0, 0xcf,
    0xf3, 0xa2, 0x7c, 0x60, 0x3b, 0xfc, 0x60, 0x1f,
    0xc3, 0xbf, 0xc4, 0x1, 0xfc, 0x5d, 0xfc, 0x40,
    0x1f, 0xc5, 0xdf, 0xc4, 0x1, 0xfc, 0x7f, 0xee,
    0x10, 0xf, 0xe6, 0xff, 0x60, 0x7, 0xe2, 0xef,
    0xe2, 0x0, 0xf8, 0xbb, 0xf8, 0x80, 0x3e, 0x1d,
    0xfe, 0x20, 0xf, 0x87, 0x7f, 0x8c, 0x3, 0xf6,
    0x7f, 0x8c, 0x3, 0xf5, 0xff, 0x9c, 0xcf, 0xf5,
    0x7f, 0xff, 0xdb, 0xdf, 0xff, 0xf6, 0x80,

    /* U+2212 "−" */
    0xdd, 0xfe, 0x5f, 0xff, 0xe6,

    /* U+2215 "∕" */
    0x0, 0xfa, 0x6c, 0x3, 0xe2, 0xfa, 0x0, 0xfa,
    0x7c, 0xc0, 0x3e, 0xed, 0x0, 0xf9, 0x7d, 0xc0,
    0x3e, 0xcf, 0x10, 0xf, 0x17, 0xd0, 0x7, 0xd1,
    0xe8, 0x1, 0xf7, 0x68, 0x7, 0xcb, 0xee, 0x1,
    0xf5, 0xf8, 0x80, 0x78, 0x7e, 0x80, 0x3e, 0x8f,
    0x40, 0xf, 0xbb, 0x80, 0x1f, 0x27, 0xb8, 0x7,
    0xd7, 0xe2, 0x1, 0xe1, 0xfb, 0x0, 0xf8,

    /* U+221A "√" */
    0x0, 0xff, 0x8e, 0x14, 0x3, 0xfe, 0xcf, 0x50,
    0xf, 0xf1, 0x7f, 0x0, 0x7f, 0xd1, 0xf0, 0x1,
    0xff, 0x77, 0x88, 0x7, 0xf9, 0x7e, 0xc0, 0x3f,
    0xec, 0xf4, 0x0, 0xff, 0x17, 0xf0, 0x6, 0x44,
    0x80, 0x34, 0x7b, 0x80, 0x43, 0xff, 0x30, 0x5,
    0xde, 0x20, 0x10, 0xde, 0x7d, 0x80, 0x17, 0xe8,
    0x3, 0xef, 0xf0, 0x85, 0xfa, 0x0, 0x7d, 0x5e,
    0xc5, 0xfa, 0x1, 0xf9, 0x3e, 0xe3, 0xd8, 0x3,
    0xfb, 0xbf, 0xbc, 0x40, 0x3f, 0xa3, 0xfd, 0x20,
    0x1f, 0xe2, 0xff, 0x18, 0x7, 0xfd, 0x98, 0x0,
    0xff, 0xe0, 0x3b, 0x0, 0x7f, 0xf0, 0x4, 0x3,
    0xf0,

    /* U+221E "∞" */
    0x0, 0xb, 0xde, 0x52, 0x0, 0x73, 0x5e, 0xda,
    0x80, 0x45, 0xdf, 0xfd, 0x62, 0x7, 0xdf, 0xfd,
    0x60, 0xc, 0xfd, 0x41, 0x4b, 0xfc, 0x4f, 0xf4,
    0x90, 0xb7, 0xf9, 0xcb, 0xfc, 0x20, 0x1a, 0x7f,
    0xe5, 0x0, 0xcd, 0xfa, 0x9f, 0xa0, 0x1e, 0xef,
    0x90, 0xe, 0x2f, 0xf1, 0x7f, 0x80, 0x39, 0xbf,
    0xdc, 0x40, 0x19, 0x3f, 0x83, 0x7e, 0x80, 0x27,
    0xfe, 0x8f, 0xe4, 0x0, 0x16, 0xfc, 0x82, 0x7f,
    0xdb, 0xfe, 0xe3, 0x6, 0xff, 0x76, 0xff, 0xb8,
    0x40, 0x7, 0x9f, 0xee, 0x91, 0x0, 0x8e, 0xff,
    0xea, 0x10, 0xf, 0x8, 0x7, 0xf0, 0x80, 0x60,

    /* U+222B "∫" */
    0x0, 0xff, 0xe1, 0xc7, 0xfb, 0x50, 0x3, 0x4f,
    0xfe, 0x50, 0x8, 0x7f, 0xc6, 0x6, 0x1, 0x8f,
    0xf0, 0x3, 0xe3, 0xfc, 0x0, 0xf8, 0xff, 0x0,
    0x3e, 0x3f, 0xc0, 0xf, 0x8f, 0xf0, 0x3, 0xe3,
    0xfc, 0x0, 0xf8, 0xff, 0x0, 0x3e, 0x3f, 0xc0,
    0xf, 0x8f, 0xf0, 0x3, 0xe3, 0xfc, 0x0, 0xf8,
    0xff, 0x0, 0x3e, 0x3f, 0xc0, 0xf, 0x8f, 0xf0,
    0x3, 0xe3, 0xfc, 0x0, 0xf8, 0xfe, 0xc0, 0x3e,
    0x5f, 0xa0, 0xf, 0xaf, 0xd8, 0x3, 0x23, 0x67,
    0xe8, 0x7, 0x7f, 0xda, 0x40, 0x1d, 0x52, 0xa0,
    0x1f, 0x0,

    /* U+2248 "≈" */
    0x3, 0xcf, 0xc3, 0x0, 0xa5, 0xc7, 0xfd, 0x7f,
    0xe2, 0x3, 0xfb, 0x7f, 0x80, 0x4f, 0xd3, 0xaf,
    0x67, 0xd3, 0x0, 0x3f, 0xfd, 0x80, 0x1f, 0x24,
    0x30, 0x7, 0x8, 0x7, 0xe5, 0xff, 0x98, 0x0,
    0x39, 0x43, 0xfe, 0x9e, 0xf5, 0x4, 0xfa, 0x7f,
    0x70, 0x2f, 0xf5, 0x77, 0xa3, 0x51, 0x0, 0xf,
    0xbf, 0xce, 0x1, 0xf8, 0x40, 0x20,

    /* U+2260 "≠" */
    0x0, 0xff, 0xe1, 0xf0, 0x80, 0x7c, 0xd6, 0x1,
    0xa6, 0xaa, 0xff, 0x55, 0x4f, 0xdf, 0xff, 0xb0,
    0xce, 0xcb, 0x33, 0xc4, 0x1, 0x71, 0x0, 0x7c,
    0xb6, 0x1, 0xe1, 0x16, 0xb0, 0x8f, 0x7, 0x7f,
    0xfe, 0xcb, 0xff, 0x66, 0x7a, 0x43, 0x88, 0x3,
    0xe4, 0xc0, 0xf, 0xc2, 0x20, 0xf, 0xc0,

    /* U+2264 "≤" */
    0x0, 0xff, 0x89, 0x40, 0x3f, 0x1c, 0x6f, 0xe0,
    0x7, 0x24, 0xf7, 0xfd, 0x8c, 0x0, 0x4a, 0xef,
    0xfa, 0x94, 0x40, 0x5, 0xff, 0x74, 0xa0, 0x7,
    0x8f, 0xfd, 0x88, 0x1, 0xf8, 0x6b, 0xbf, 0xdd,
    0x4a, 0x20, 0x1f, 0x24, 0xf7, 0xfd, 0x6c, 0x40,
    0x1f, 0x1c, 0x6f, 0xfd, 0x40, 0x1f, 0xc7, 0x1b,
    0x80, 0x1f, 0xfc, 0x1, 0x0, 0xff, 0xe0, 0x9f,
    0xff, 0xfd, 0x85, 0xbb, 0xff, 0x50,

    /* U+2265 "≥" */
    0x6, 0x10, 0xf, 0xf0, 0xff, 0xb1, 0x84, 0x3,
    0xf4, 0x6f, 0xfd, 0x8e, 0x40, 0x1f, 0x13, 0xe7,
    0xfd, 0xb0, 0x60, 0x1f, 0xb, 0x5f, 0xfd, 0x80,
    0x1f, 0x85, 0xbf, 0xdc, 0x1, 0xc4, 0xf7, 0xff,
    0x6b, 0x80, 0xe, 0x37, 0xfe, 0xd7, 0x20, 0xb,
    0xbf, 0xec, 0x72, 0x0, 0xe1, 0xfb, 0x61, 0x0,
    0xfe, 0x10, 0xf, 0xfe, 0x60, 0xff, 0xff, 0xdc,
    0x3b, 0xbf, 0xf6, 0x0,

    /* U+25CA "◊" */
    0x0, 0xd7, 0xfe, 0xd0, 0xf, 0xc9, 0xfb, 0x7e,
    0xe0, 0x1f, 0x67, 0xa9, 0x7f, 0x0, 0x79, 0x7f,
    0x40, 0x15, 0xf0, 0x1, 0xdb, 0xea, 0x0, 0x2f,
    0xf0, 0x80, 0x4d, 0xfa, 0x1, 0xab, 0xe4, 0x2,
    0xef, 0x50, 0xc, 0x5f, 0xe2, 0x7, 0xfd, 0x0,
    0xf5, 0x7d, 0x6, 0xfb, 0x80, 0x79, 0x3f, 0xc2,
    0xff, 0xa0, 0x1e, 0xaf, 0xa0, 0x7, 0x7a, 0x80,
    0x62, 0xff, 0x10, 0x1, 0xbf, 0x40, 0x35, 0x7c,
    0x80, 0x6d, 0xf5, 0x0, 0x17, 0xf8, 0x40, 0x32,
    0xfe, 0x0, 0x2b, 0xe0, 0x3, 0xd9, 0xea, 0x5f,
    0xe1, 0x0, 0xf2, 0x7e, 0xd7, 0xb8, 0x7, 0xec,
    0xff, 0x70, 0x7, 0x0,

    /* U+FB01 "ﬁ" */
    0x0, 0xcd, 0x9f, 0xed, 0x92, 0x0, 0xd7, 0xff,
    0xed, 0x0, 0x9b, 0xfc, 0xa0, 0x2, 0x83, 0x0,
    0xab, 0xec, 0x3, 0xfa, 0xfe, 0x40, 0x3e, 0xcf,
    0xff, 0xf0, 0xce, 0xff, 0xbb, 0x76, 0xff, 0x84,
    0x1, 0x7f, 0x20, 0x11, 0xff, 0x84, 0x1, 0x7f,
    0x20, 0x11, 0xff, 0x84, 0x1, 0x7f, 0x20, 0x11,
    0xff, 0x84, 0x1, 0x7f, 0x20, 0x11, 0xff, 0x84,
    0x1, 0x7f, 0x20, 0x11, 0xff, 0x84, 0x1, 0x7f,
    0x20, 0x11, 0xff, 0x84, 0x1, 0x7f, 0x20, 0x11,
    0xff, 0x84, 0x1, 0x7f, 0x20, 0x11, 0xff, 0x84,
    0x1, 0x7f, 0x20, 0x11, 0xff, 0x84, 0x1, 0x7f,
    0x20, 0x11, 0xff, 0x84,

    /* U+FB02 "ﬂ" */
    0x0, 0xcf, 0xbf, 0xed, 0x81, 0x0, 0xec, 0xff,
    0xf8, 0x3, 0x37, 0xf9, 0x0, 0xf, 0xfe, 0x0,
    0xd7, 0xf4, 0x1, 0x2f, 0xf8, 0x3, 0x67, 0xc8,
    0x4, 0xbf, 0xe0, 0x6, 0x7f, 0xf7, 0x2, 0xff,
    0x80, 0x13, 0xbf, 0xee, 0xdb, 0x5, 0xff, 0x0,
    0x6c, 0xf9, 0x0, 0x97, 0xfc, 0x1, 0xb3, 0xe4,
    0x2, 0x5f, 0xf0, 0x6, 0xcf, 0x90, 0x9, 0x7f,
    0xc0, 0x1b, 0x3e, 0x40, 0x25, 0xff, 0x0, 0x6c,
    0xf9, 0x0, 0x97, 0xfc, 0x1, 0xb3, 0xe4, 0x2,
    0x5f, 0xf0, 0x6, 0xcf, 0x90, 0x9, 0x7f, 0xc0,
    0x1b, 0x3e, 0x40, 0x24, 0xff, 0x31, 0x80, 0x33,
    0xe4, 0x2, 0x1f, 0xfc, 0x0, 0xcf, 0x90, 0xc,
    0xbb, 0xf8
};


/*---------------------
 *  GLYPH DESCRIPTION
 *--------------------*/

static const lv_font_fmt_txt_glyph_dsc_t glyph_dsc[] = {
    {.bitmap_index = 0, .adv_w = 0, .box_w = 0, .box_h = 0, .ofs_x = 0, .ofs_y = 0} /* id = 0 reserved */,
    {.bitmap_index = 0, .adv_w = 100, .box_w = 0, .box_h = 0, .ofs_x = 0, .ofs_y = 0},
    {.bitmap_index = 0, .adv_w = 94, .box_w = 4, .box_h = 17, .ofs_x = 1, .ofs_y = 0},
    {.bitmap_index = 34, .adv_w = 133, .box_w = 7, .box_h = 7, .ofs_x = 1, .ofs_y = 10},
    {.bitmap_index = 59, .adv_w = 268, .box_w = 15, .box_h = 17, .ofs_x = 1, .ofs_y = 0},
    {.bitmap_index = 160, .adv_w = 215, .box_w = 13, .box_h = 23, .ofs_x = 0, .ofs_y = -3},
    {.bitmap_index = 266, .adv_w = 285, .box_w = 16, .box_h = 17, .ofs_x = 1, .ofs_y = 0},
    {.bitmap_index = 385, .adv_w = 265, .box_w = 15, .box_h = 18, .ofs_x = 1, .ofs_y = -1},
    {.bitmap_index = 497, .adv_w = 69, .box_w = 3, .box_h = 7, .ofs_x = 1, .ofs_y = 10},
    {.bitmap_index = 508, .adv_w = 92, .box_w = 6, .box_h = 22, .ofs_x = 0, .ofs_y = -5},
    {.bitmap_index = 568, .adv_w = 92, .box_w = 6, .box_h = 22, .ofs_x = 0, .ofs_y = -5},
    {.bitmap_index = 628, .adv_w = 153, .box_w = 9, .box_h = 8, .ofs_x = 0, .ofs_y = 9},
    {.bitmap_index = 659, .adv_w = 215, .box_w = 13, .box_h = 12, .ofs_x = 0, .ofs_y = 0},
    {.bitmap_index = 706, .adv_w = 92, .box_w = 6, .box_h = 7, .ofs_x = 0, .ofs_y = -4},
    {.bitmap_index = 727, .adv_w = 126, .box_w = 7, .box_h = 2, .ofs_x = 0, .ofs_y = 6},
    {.bitmap_index = 732, .adv_w = 92, .box_w = 4, .box_h = 3, .ofs_x = 1, .ofs_y = 0},
    {.bitmap_index = 739, .adv_w = 161, .box_w = 12, .box_h = 22, .ofs_x = -2, .ofs_y = -5},
    {.bitmap_index = 815, .adv_w = 215, .box_w = 12, .box_h = 17, .ofs_x = 1, .ofs_y = 0},
    {.bitmap_index = 906, .adv_w = 215, .box_w = 8, .box_h = 17, .ofs_x = 2, .ofs_y = 0},
    {.bitmap_index = 965, .adv_w = 215, .box_w = 12, .box_h = 17, .ofs_x = 1, .ofs_y = 0},
    {.bitmap_index = 1040, .adv_w = 215, .box_w = 13, .box_h = 17, .ofs_x = 0, .ofs_y = 0},
    {.bitmap_index = 1126, .adv_w = 215, .box_w = 14, .box_h = 17, .ofs_x = 0, .ofs_y = 0},
    {.bitmap_index = 1209, .adv_w = 215, .box_w = 13, .box_h = 17, .ofs_x = 0, .ofs_y = 0},
    {.bitmap_index = 1294, .adv_w = 215, .box_w = 13, .box_h = 17, .ofs_x = 0, .ofs_y = 0},
    {.bitmap_index = 1378, .adv_w = 215, .box_w = 13, .box_h = 17, .ofs_x = 0, .ofs_y = 0},
    {.bitmap_index = 1445, .adv_w = 215, .box_w = 13, .box_h = 17, .ofs_x = 0, .ofs_y = 0},
    {.bitmap_index = 1542, .adv_w = 215, .box_w = 13, .box_h = 17, .ofs_x = 0, .ofs_y = 0},
    {.bitmap_index = 1628, .adv_w = 92, .box_w = 4, .box_h = 11, .ofs_x = 1, .ofs_y = 0},
    {.bitmap_index = 1644, .adv_w = 92, .box_w = 5, .box_h = 15, .ofs_x = 0, .ofs_y = -4},
    {.bitmap_index = 1672, .adv_w = 215, .box_w = 13, .box_h = 12, .ofs_x = 0, .ofs_y = 0},
    {.bitmap_index = 1728, .adv_w = 215, .box_w = 11, .box_h = 7, .ofs_x = 1, .ofs_y = 2},
    {.bitmap_index = 1744, .adv_w = 215, .box_w = 13, .box_h = 12, .ofs_x = 0, .ofs_y = 0},
    {.bitmap_index = 1800, .adv_w = 198, .box_w = 12, .box_h = 17, .ofs_x = 0, .ofs_y = 0},
    {.bitmap_index = 1871, .adv_w = 336, .box_w = 19, .box_h = 18, .ofs_x = 1, .ofs_y = -3},
    {.bitmap_index = 2019, .adv_w = 249, .box_w = 16, .box_h = 17, .ofs_x = 0, .ofs_y = 0},
    {.bitmap_index = 2115, .adv_w = 232, .box_w = 13, .box_h = 17, .ofs_x = 1, .ofs_y = 0},
    {.bitmap_index = 2209, .adv_w = 271, .box_w = 16, .box_h = 17, .ofs_x = 1, .ofs_y = 0},
    {.bitmap_index = 2308, .adv_w = 261, .box_w = 15, .box_h = 17, .ofs_x = 1, .ofs_y = 0},
    {.bitmap_index = 2413, .adv_w = 224, .box_w = 12, .box_h = 17, .ofs_x = 1, .ofs_y = 0},
    {.bitmap_index = 2477, .adv_w = 216, .box_w = 12, .box_h = 17, .ofs_x = 1, .ofs_y = 0},
    {.bitmap_index = 2543, .adv_w = 281, .box_w = 16, .box_h = 17, .ofs_x = 1, .ofs_y = 0},
    {.bitmap_index = 2648, .adv_w = 262, .box_w = 14, .box_h = 17, .ofs_x = 1, .ofs_y = 0},
    {.bitmap_index = 2737, .adv_w = 97, .box_w = 4, .box_h = 17, .ofs_x = 1, .ofs_y = 0},
    {.bitmap_index = 2774, .adv_w = 212, .box_w = 12, .box_h = 17, .ofs_x = 0, .ofs_y = 0},
    {.bitmap_index = 2847, .adv_w = 247, .box_w = 15, .box_h = 17, .ofs_x = 1, .ofs_y = 0},
    {.bitmap_index = 2958, .adv_w = 191, .box_w = 11, .box_h = 17, .ofs_x = 1, .ofs_y = 0},
    {.bitmap_index = 3023, .adv_w = 324, .box_w = 18, .box_h = 17, .ofs_x = 1, .ofs_y = 0},
    {.bitmap_index = 3161, .adv_w = 261, .box_w = 14, .box_h = 17, .ofs_x = 1, .ofs_y = 0},
    {.bitmap_index = 3268, .adv_w = 287, .box_w = 16, .box_h = 17, .ofs_x = 1, .ofs_y = 0},
    {.bitmap_index = 3370, .adv_w = 214, .box_w = 12, .box_h = 17, .ofs_x = 1, .ofs_y = 0},
    {.bitmap_index = 3449, .adv_w = 299, .box_w = 17, .box_h = 18, .ofs_x = 1, .ofs_y = -1},
    {.bitmap_index = 3566, .adv_w = 232, .box_w = 13, .box_h = 17, .ofs_x = 1, .ofs_y = 0},
    {.bitmap_index = 3665, .adv_w = 218, .box_w = 13, .box_h = 17, .ofs_x = 0, .ofs_y = 0},
    {.bitmap_index = 3752, .adv_w = 225, .box_w = 14, .box_h = 17, .ofs_x = 0, .ofs_y = 0},
    {.bitmap_index = 3827, .adv_w = 252, .box_w = 14, .box_h = 17, .ofs_x = 1, .ofs_y = 0},
    {.bitmap_index = 3928, .adv_w = 254, .box_w = 16, .box_h = 17, .ofs_x = 0, .ofs_y = 0},
    {.bitmap_index = 4030, .adv_w = 370, .box_w = 23, .box_h = 17, .ofs_x = 0, .ofs_y = 0},
    {.bitmap_index = 4191, .adv_w = 250, .box_w = 16, .box_h = 17, .ofs_x = 0, .ofs_y = 0},
    {.bitmap_index = 4297, .adv_w = 234, .box_w = 15, .box_h = 17, .ofs_x = 0, .ofs_y = 0},
    {.bitmap_index = 4388, .adv_w = 227, .box_w = 14, .box_h = 17, .ofs_x = 0, .ofs_y = 0},
    {.bitmap_index = 4461, .adv_w = 104, .box_w = 6, .box_h = 24, .ofs_x = 1, .ofs_y = -6},
    {.bitmap_index = 4527, .adv_w = 174, .box_w = 12, .box_h = 22, .ofs_x = 1, .ofs_y = -5},
    {.bitmap_index = 4602, .adv_w = 104, .box_w = 6, .box_h = 24, .ofs_x = 0, .ofs_y = -6},
    {.bitmap_index = 4668, .adv_w = 222, .box_w = 14, .box_h = 12, .ofs_x = 0, .ofs_y = 5},
    {.bitmap_index = 4735, .adv_w = 167, .box_w = 11, .box_h = 2, .ofs_x = 0, .ofs_y = -2},
    {.bitmap_index = 4741, .adv_w = 115, .box_w = 6, .box_h = 4, .ofs_x = 1, .ofs_y = 13},
    {.bitmap_index = 4753, .adv_w = 208, .box_w = 11, .box_h = 12, .ofs_x = 1, .ofs_y = 0},
    {.bitmap_index = 4812, .adv_w = 224, .box_w = 12, .box_h = 17, .ofs_x = 1, .ofs_y = 0},
    {.bitmap_index = 4895, .adv_w = 199, .box_w = 11, .box_h = 12, .ofs_x = 1, .ofs_y = 0},
    {.bitmap_index = 4949, .adv_w = 224, .box_w = 12, .box_h = 17, .ofs_x = 1, .ofs_y = 0},
    {.bitmap_index = 5032, .adv_w = 207, .box_w = 11, .box_h = 12, .ofs_x = 1, .ofs_y = 0},
    {.bitmap_index = 5086, .adv_w = 130, .box_w = 9, .box_h = 17, .ofs_x = 0, .ofs_y = 0},
    {.bitmap_index = 5147, .adv_w = 199, .box_w = 13, .box_h = 18, .ofs_x = 0, .ofs_y = -5},
    {.bitmap_index = 5244, .adv_w = 212, .box_w = 11, .box_h = 17, .ofs_x = 1, .ofs_y = 0},
    {.bitmap_index = 5320, .adv_w = 89, .box_w = 4, .box_h = 17, .ofs_x = 1, .ofs_y = 0},
    {.bitmap_index = 5354, .adv_w = 89, .box_w = 6, .box_h = 22, .ofs_x = -1, .ofs_y = -5},
    {.bitmap_index = 5416, .adv_w = 208, .box_w = 12, .box_h = 17, .ofs_x = 1, .ofs_y = 0},
    {.bitmap_index = 5501, .adv_w = 103, .box_w = 5, .box_h = 17, .ofs_x = 1, .ofs_y = 0},
    {.bitmap_index = 5546, .adv_w = 320, .box_w = 18, .box_h = 12, .ofs_x = 1, .ofs_y = 0},
    {.bitmap_index = 5647, .adv_w = 212, .box_w = 11, .box_h = 12, .ofs_x = 1, .ofs_y = 0},
    {.bitmap_index = 5707, .adv_w = 221, .box_w = 12, .box_h = 12, .ofs_x = 1, .ofs_y = 0},
    {.bitmap_index = 5769, .adv_w = 224, .box_w = 12, .box_h = 17, .ofs_x = 1, .ofs_y = -5},
    {.bitmap_index = 5852, .adv_w = 224, .box_w = 12, .box_h = 17, .ofs_x = 1, .ofs_y = -5},
    {.bitmap_index = 5935, .adv_w = 159, .box_w = 9, .box_h = 12, .ofs_x = 1, .ofs_y = 0},
    {.bitmap_index = 5978, .adv_w = 181, .box_w = 11, .box_h = 12, .ofs_x = 0, .ofs_y = 0},
    {.bitmap_index = 6036, .adv_w = 136, .box_w = 8, .box_h = 17, .ofs_x = 0, .ofs_y = 0},
    {.bitmap_index = 6091, .adv_w = 212, .box_w = 11, .box_h = 12, .ofs_x = 1, .ofs_y = 0},
    {.bitmap_index = 6149, .adv_w = 202, .box_w = 13, .box_h = 12, .ofs_x = 0, .ofs_y = 0},
    {.bitmap_index = 6213, .adv_w = 288, .box_w = 18, .box_h = 12, .ofs_x = 0, .ofs_y = 0},
    {.bitmap_index = 6314, .adv_w = 202, .box_w = 13, .box_h = 12, .ofs_x = 0, .ofs_y = 0},
    {.bitmap_index = 6381, .adv_w = 202, .box_w = 13, .box_h = 17, .ofs_x = 0, .ofs_y = -5},
    {.bitmap_index = 6465, .adv_w = 181, .box_w = 11, .box_h = 12, .ofs_x = 0, .ofs_y = 0},
    {.bitmap_index = 6510, .adv_w = 98, .box_w = 6, .box_h = 24, .ofs_x = 0, .ofs_y = -6},
    {.bitmap_index = 6579, .adv_w = 101, .box_w = 3, .box_h = 24, .ofs_x = 2, .ofs_y = -6},
    {.bitmap_index = 6615, .adv_w = 98, .box_w = 6, .box_h = 24, .ofs_x = 0, .ofs_y = -6},
    {.bitmap_index = 6683, .adv_w = 215, .box_w = 11, .box_h = 5, .ofs_x = 1, .ofs_y = 4},
    {.bitmap_index = 6710, .adv_w = 100, .box_w = 0, .box_h = 0, .ofs_x = 0, .ofs_y = 0},
    {.bitmap_index = 6710, .adv_w = 94, .box_w = 4, .box_h = 17, .ofs_x = 1, .ofs_y = -5},
    {.bitmap_index = 6743, .adv_w = 215, .box_w = 12, .box_h = 18, .ofs_x = 1, .ofs_y = -3},
    {.bitmap_index = 6820, .adv_w = 215, .box_w = 12, .box_h = 17, .ofs_x = 1, .ofs_y = 0},
    {.bitmap_index = 6889, .adv_w = 235, .box_w = 13, .box_h = 13, .ofs_x = 1, .ofs_y = 1},
    {.bitmap_index = 6961, .adv_w = 215, .box_w = 14, .box_h = 17, .ofs_x = 0, .ofs_y = 0},
    {.bitmap_index = 7049, .adv_w = 101, .box_w = 3, .box_h = 24, .ofs_x = 2, .ofs_y = -6},
    {.bitmap_index = 7082, .adv_w = 225, .box_w = 12, .box_h = 22, .ofs_x = 1, .ofs_y = -5},
    {.bitmap_index = 7193, .adv_w = 150, .box_w = 8, .box_h = 3, .ofs_x = 1, .ofs_y = 14},
    {.bitmap_index = 7206, .adv_w = 314, .box_w = 18, .box_h = 18, .ofs_x = 1, .ofs_y = -1},
    {.bitmap_index = 7343, .adv_w = 188, .box_w = 8, .box_h = 11, .ofs_x = 2, .ofs_y = 7},
    {.bitmap_index = 7384, .adv_w = 189, .box_w = 12, .box_h = 10, .ofs_x = 0, .ofs_y = 1},
    {.bitmap_index = 7441, .adv_w = 215, .box_w = 12, .box_h = 7, .ofs_x = 0, .ofs_y = 0},
    {.bitmap_index = 7465, .adv_w = 126, .box_w = 7, .box_h = 2, .ofs_x = 0, .ofs_y = 6},
    {.bitmap_index = 7470, .adv_w = 238, .box_w = 13, .box_h = 13, .ofs_x = 1, .ofs_y = 4},
    {.bitmap_index = 7549, .adv_w = 139, .box_w = 7, .box_h = 3, .ofs_x = 1, .ofs_y = 13},
    {.bitmap_index = 7557, .adv_w = 161, .box_w = 8, .box_h = 7, .ofs_x = 1, .ofs_y = 10},
    {.bitmap_index = 7586, .adv_w = 215, .box_w = 13, .box_h = 14, .ofs_x = 0, .ofs_y = -1},
    {.bitmap_index = 7634, .adv_w = 159, .box_w = 8, .box_h = 10, .ofs_x = 1, .ofs_y = 12},
    {.bitmap_index = 7669, .adv_w = 157, .box_w = 8, .box_h = 10, .ofs_x = 1, .ofs_y = 12},
    {.bitmap_index = 7705, .adv_w = 118, .box_w = 6, .box_h = 4, .ofs_x = 1, .ofs_y = 13},
    {.bitmap_index = 7718, .adv_w = 212, .box_w = 11, .box_h = 16, .ofs_x = 1, .ofs_y = -4},
    {.bitmap_index = 7790, .adv_w = 225, .box_w = 11, .box_h = 20, .ofs_x = 1, .ofs_y = -3},
    {.bitmap_index = 7886, .adv_w = 125, .box_w = 4, .box_h = 3, .ofs_x = 2, .ofs_y = 7},
    {.bitmap_index = 7893, .adv_w = 113, .box_w = 5, .box_h = 7, .ofs_x = 1, .ofs_y = -7},
    {.bitmap_index = 7911, .adv_w = 103, .box_w = 5, .box_h = 10, .ofs_x = 0, .ofs_y = 12},
    {.bitmap_index = 7934, .adv_w = 198, .box_w = 9, .box_h = 10, .ofs_x = 2, .ofs_y = 8},
    {.bitmap_index = 7973, .adv_w = 178, .box_w = 13, .box_h = 10, .ofs_x = -1, .ofs_y = 1},
    {.bitmap_index = 8033, .adv_w = 281, .box_w = 17, .box_h = 17, .ofs_x = 0, .ofs_y = 0},
    {.bitmap_index = 8148, .adv_w = 295, .box_w = 18, .box_h = 18, .ofs_x = 0, .ofs_y = -1},
    {.bitmap_index = 8270, .adv_w = 311, .box_w = 19, .box_h = 17, .ofs_x = 0, .ofs_y = 0},
    {.bitmap_index = 8400, .adv_w = 140, .box_w = 11, .box_h = 17, .ofs_x = 0, .ofs_y = -5},
    {.bitmap_index = 8465, .adv_w = 249, .box_w = 16, .box_h = 22, .ofs_x = 0, .ofs_y = 0},
    {.bitmap_index = 8579, .adv_w = 249, .box_w = 16, .box_h = 22, .ofs_x = 0, .ofs_y = 0},
    {.bitmap_index = 8694, .adv_w = 249, .box_w = 16, .box_h = 22, .ofs_x = 0, .ofs_y = 0},
    {.bitmap_index = 8810, .adv_w = 249, .box_w = 16, .box_h = 22, .ofs_x = 0, .ofs_y = 0},
    {.bitmap_index = 8931, .adv_w = 249, .box_w = 16, .box_h = 22, .ofs_x = 0, .ofs_y = 0},
    {.bitmap_index = 9046, .adv_w = 249, .box_w = 16, .box_h = 21, .ofs_x = 0, .ofs_y = 0},
    {.bitmap_index = 9158, .adv_w = 348, .box_w = 21, .box_h = 17, .ofs_x = 0, .ofs_y = 0},
    {.bitmap_index = 9274, .adv_w = 271, .box_w = 16, .box_h = 22, .ofs_x = 1, .ofs_y = -5},
    {.bitmap_index = 9396, .adv_w = 224, .box_w = 12, .box_h = 22, .ofs_x = 1, .ofs_y = 0},
    {.bitmap_index = 9476, .adv_w = 224, .box_w = 12, .box_h = 22, .ofs_x = 1, .ofs_y = 0},
    {.bitmap_index = 9556, .adv_w = 224, .box_w = 12, .box_h = 22, .ofs_x = 1, .ofs_y = 0},
    {.bitmap_index = 9639, .adv_w = 224, .box_w = 12, .box_h = 22, .ofs_x = 1, .ofs_y = 0},
    {.bitmap_index = 9722, .adv_w = 97, .box_w = 7, .box_h = 22, .ofs_x = -2, .ofs_y = 0},
    {.bitmap_index = 9792, .adv_w = 97, .box_w = 7, .box_h = 22, .ofs_x = 1, .ofs_y = 0},
    {.bitmap_index = 9863, .adv_w = 97, .box_w = 8, .box_h = 22, .ofs_x = -1, .ofs_y = 0},
    {.bitmap_index = 9940, .adv_w = 97, .box_w = 8, .box_h = 22, .ofs_x = -1, .ofs_y = 0},
    {.bitmap_index = 10016, .adv_w = 261, .box_w = 16, .box_h = 17, .ofs_x = 0, .ofs_y = 0},
    {.bitmap_index = 10128, .adv_w = 261, .box_w = 14, .box_h = 22, .ofs_x = 1, .ofs_y = 0},
    {.bitmap_index = 10259, .adv_w = 287, .box_w = 16, .box_h = 22, .ofs_x = 1, .ofs_y = 0},
    {.bitmap_index = 10379, .adv_w = 287, .box_w = 16, .box_h = 22, .ofs_x = 1, .ofs_y = 0},
    {.bitmap_index = 10500, .adv_w = 287, .box_w = 16, .box_h = 22, .ofs_x = 1, .ofs_y = 0},
    {.bitmap_index = 10623, .adv_w = 287, .box_w = 16, .box_h = 22, .ofs_x = 1, .ofs_y = 0},
    {.bitmap_index = 10749, .adv_w = 287, .box_w = 16, .box_h = 22, .ofs_x = 1, .ofs_y = 0},
    {.bitmap_index = 10871, .adv_w = 215, .box_w = 11, .box_h = 11, .ofs_x = 1, .ofs_y = 0},
    {.bitmap_index = 10923, .adv_w = 287, .box_w = 16, .box_h = 17, .ofs_x = 1, .ofs_y = 0},
    {.bitmap_index = 11041, .adv_w = 252, .box_w = 14, .box_h = 22, .ofs_x = 1, .ofs_y = 0},
    {.bitmap_index = 11160, .adv_w = 252, .box_w = 14, .box_h = 22, .ofs_x = 1, .ofs_y = 0},
    {.bitmap_index = 11278, .adv_w = 252, .box_w = 14, .box_h = 22, .ofs_x = 1, .ofs_y = 0},
    {.bitmap_index = 11400, .adv_w = 252, .box_w = 14, .box_h = 22, .ofs_x = 1, .ofs_y = 0},
    {.bitmap_index = 11521, .adv_w = 234, .box_w = 15, .box_h = 22, .ofs_x = 0, .ofs_y = 0},
    {.bitmap_index = 11630, .adv_w = 240, .box_w = 12, .box_h = 17, .ofs_x = 2, .ofs_y = 0},
    {.bitmap_index = 11705, .adv_w = 246, .box_w = 14, .box_h = 17, .ofs_x = 1, .ofs_y = 0},
    {.bitmap_index = 11816, .adv_w = 208, .box_w = 11, .box_h = 17, .ofs_x = 1, .ofs_y = 0},
    {.bitmap_index = 11890, .adv_w = 208, .box_w = 11, .box_h = 17, .ofs_x = 1, .ofs_y = 0},
    {.bitmap_index = 11964, .adv_w = 208, .box_w = 11, .box_h = 17, .ofs_x = 1, .ofs_y = 0},
    {.bitmap_index = 12041, .adv_w = 208, .box_w = 11, .box_h = 17, .ofs_x = 1, .ofs_y = 0},
    {.bitmap_index = 12123, .adv_w = 208, .box_w = 11, .box_h = 17, .ofs_x = 1, .ofs_y = 0},
    {.bitmap_index = 12200, .adv_w = 208, .box_w = 11, .box_h = 19, .ofs_x = 1, .ofs_y = 0},
    {.bitmap_index = 12285, .adv_w = 332, .box_w = 19, .box_h = 12, .ofs_x = 1, .ofs_y = 0},
    {.bitmap_index = 12379, .adv_w = 199, .box_w = 11, .box_h = 17, .ofs_x = 1, .ofs_y = -5},
    {.bitmap_index = 12451, .adv_w = 207, .box_w = 11, .box_h = 17, .ofs_x = 1, .ofs_y = 0},
    {.bitmap_index = 12521, .adv_w = 207, .box_w = 11, .box_h = 17, .ofs_x = 1, .ofs_y = 0},
    {.bitmap_index = 12591, .adv_w = 207, .box_w = 11, .box_h = 18, .ofs_x = 1, .ofs_y = 0},
    {.bitmap_index = 12667, .adv_w = 207, .box_w = 11, .box_h = 17, .ofs_x = 1, .ofs_y = 0},
    {.bitmap_index = 12740, .adv_w = 89, .box_w = 6, .box_h = 17, .ofs_x = -2, .ofs_y = 0},
    {.bitmap_index = 12787, .adv_w = 89, .box_w = 7, .box_h = 17, .ofs_x = 1, .ofs_y = 0},
    {.bitmap_index = 12836, .adv_w = 89, .box_w = 8, .box_h = 17, .ofs_x = -1, .ofs_y = 0},
    {.bitmap_index = 12890, .adv_w = 89, .box_w = 8, .box_h = 17, .ofs_x = -1, .ofs_y = 0},
    {.bitmap_index = 12943, .adv_w = 235, .box_w = 14, .box_h = 17, .ofs_x = 1, .ofs_y = 0},
    {.bitmap_index = 13041, .adv_w = 212, .box_w = 11, .box_h = 17, .ofs_x = 1, .ofs_y = 0},
    {.bitmap_index = 13125, .adv_w = 221, .box_w = 12, .box_h = 17, .ofs_x = 1, .ofs_y = 0},
    {.bitmap_index = 13202, .adv_w = 221, .box_w = 12, .box_h = 17, .ofs_x = 1, .ofs_y = 0},
    {.bitmap_index = 13279, .adv_w = 221, .box_w = 12, .box_h = 18, .ofs_x = 1, .ofs_y = 0},
    {.bitmap_index = 13363, .adv_w = 221, .box_w = 12, .box_h = 17, .ofs_x = 1, .ofs_y = 0},
    {.bitmap_index = 13448, .adv_w = 221, .box_w = 12, .box_h = 17, .ofs_x = 1, .ofs_y = 0},
    {.bitmap_index = 13528, .adv_w = 215, .box_w = 11, .box_h = 11, .ofs_x = 1, .ofs_y = 1},
    {.bitmap_index = 13563, .adv_w = 221, .box_w = 12, .box_h = 14, .ofs_x = 1, .ofs_y = -1},
    {.bitmap_index = 13637, .adv_w = 212, .box_w = 11, .box_h = 17, .ofs_x = 1, .ofs_y = 0},
    {.bitmap_index = 13711, .adv_w = 212, .box_w = 11, .box_h = 17, .ofs_x = 1, .ofs_y = 0},
    {.bitmap_index = 13786, .adv_w = 212, .box_w = 11, .box_h = 18, .ofs_x = 1, .ofs_y = 0},
    {.bitmap_index = 13867, .adv_w = 212, .box_w = 11, .box_h = 17, .ofs_x = 1, .ofs_y = 0},
    {.bitmap_index = 13945, .adv_w = 202, .box_w = 13, .box_h = 22, .ofs_x = 0, .ofs_y = -5},
    {.bitmap_index = 14046, .adv_w = 239, .box_w = 12, .box_h = 22, .ofs_x = 2, .ofs_y = -5},
    {.bitmap_index = 14147, .adv_w = 202, .box_w = 13, .box_h = 22, .ofs_x = 0, .ofs_y = -5},
    {.bitmap_index = 14251, .adv_w = 249, .box_w = 16, .box_h = 21, .ofs_x = 0, .ofs_y = 0},
    {.bitmap_index = 14360, .adv_w = 208, .box_w = 11, .box_h = 16, .ofs_x = 1, .ofs_y = 0},
    {.bitmap_index = 14431, .adv_w = 249, .box_w = 16, .box_h = 21, .ofs_x = 0, .ofs_y = 0},
    {.bitmap_index = 14548, .adv_w = 208, .box_w = 11, .box_h = 17, .ofs_x = 1, .ofs_y = 0},
    {.bitmap_index = 14626, .adv_w = 249, .box_w = 16, .box_h = 22, .ofs_x = 0, .ofs_y = -5},
    {.bitmap_index = 14745, .adv_w = 208, .box_w = 12, .box_h = 17, .ofs_x = 1, .ofs_y = -5},
    {.bitmap_index = 14829, .adv_w = 271, .box_w = 16, .box_h = 22, .ofs_x = 1, .ofs_y = 0},
    {.bitmap_index = 14947, .adv_w = 199, .box_w = 11, .box_h = 17, .ofs_x = 1, .ofs_y = 0},
    {.bitmap_index = 15016, .adv_w = 271, .box_w = 16, .box_h = 22, .ofs_x = 1, .ofs_y = 0},
    {.bitmap_index = 15136, .adv_w = 199, .box_w = 11, .box_h = 18, .ofs_x = 1, .ofs_y = 0},
    {.bitmap_index = 15211, .adv_w = 271, .box_w = 16, .box_h = 22, .ofs_x = 1, .ofs_y = 0},
    {.bitmap_index = 15325, .adv_w = 199, .box_w = 11, .box_h = 17, .ofs_x = 1, .ofs_y = 0},
    {.bitmap_index = 15390, .adv_w = 271, .box_w = 16, .box_h = 22, .ofs_x = 1, .ofs_y = 0},
    {.bitmap_index = 15509, .adv_w = 199, .box_w = 11, .box_h = 17, .ofs_x = 1, .ofs_y = 0},
    {.bitmap_index = 15579, .adv_w = 261, .box_w = 15, .box_h = 22, .ofs_x = 1, .ofs_y = 0},
    {.bitmap_index = 15707, .adv_w = 290, .box_w = 17, .box_h = 17, .ofs_x = 1, .ofs_y = 0},
    {.bitmap_index = 15817, .adv_w = 261, .box_w = 16, .box_h = 17, .ofs_x = 0, .ofs_y = 0},
    {.bitmap_index = 15929, .adv_w = 224, .box_w = 13, .box_h = 17, .ofs_x = 1, .ofs_y = 0},
    {.bitmap_index = 16020, .adv_w = 224, .box_w = 12, .box_h = 21, .ofs_x = 1, .ofs_y = 0},
    {.bitmap_index = 16097, .adv_w = 207, .box_w = 11, .box_h = 16, .ofs_x = 1, .ofs_y = 0},
    {.bitmap_index = 16164, .adv_w = 224, .box_w = 12, .box_h = 21, .ofs_x = 1, .ofs_y = 0},
    {.bitmap_index = 16247, .adv_w = 207, .box_w = 11, .box_h = 17, .ofs_x = 1, .ofs_y = 0},
    {.bitmap_index = 16321, .adv_w = 224, .box_w = 12, .box_h = 22, .ofs_x = 1, .ofs_y = 0},
    {.bitmap_index = 16398, .adv_w = 207, .box_w = 11, .box_h = 17, .ofs_x = 1, .ofs_y = 0},
    {.bitmap_index = 16464, .adv_w = 224, .box_w = 13, .box_h = 22, .ofs_x = 1, .ofs_y = -5},
    {.bitmap_index = 16552, .adv_w = 207, .box_w = 11, .box_h = 17, .ofs_x = 1, .ofs_y = -5},
    {.bitmap_index = 16625, .adv_w = 224, .box_w = 12, .box_h = 22, .ofs_x = 1, .ofs_y = 0},
    {.bitmap_index = 16710, .adv_w = 207, .box_w = 11, .box_h = 17, .ofs_x = 1, .ofs_y = 0},
    {.bitmap_index = 16781, .adv_w = 281, .box_w = 16, .box_h = 22, .ofs_x = 1, .ofs_y = 0},
    {.bitmap_index = 16907, .adv_w = 199, .box_w = 13, .box_h = 22, .ofs_x = 0, .ofs_y = -5},
    {.bitmap_index = 17023, .adv_w = 281, .box_w = 16, .box_h = 21, .ofs_x = 1, .ofs_y = 0},
    {.bitmap_index = 17149, .adv_w = 199, .box_w = 13, .box_h = 22, .ofs_x = 0, .ofs_y = -5},
    {.bitmap_index = 17266, .adv_w = 281, .box_w = 16, .box_h = 22, .ofs_x = 1, .ofs_y = 0},
    {.bitmap_index = 17387, .adv_w = 199, .box_w = 13, .box_h = 22, .ofs_x = 0, .ofs_y = -5},
    {.bitmap_index = 17497, .adv_w = 281, .box_w = 16, .box_h = 22, .ofs_x = 1, .ofs_y = -5},
    {.bitmap_index = 17622, .adv_w = 199, .box_w = 13, .box_h = 22, .ofs_x = 0, .ofs_y = -5},
    {.bitmap_index = 17734, .adv_w = 262, .box_w = 14, .box_h = 22, .ofs_x = 1, .ofs_y = 0},
    {.bitmap_index = 17844, .adv_w = 212, .box_w = 13, .box_h = 22, .ofs_x = -1, .ofs_y = 0},
    {.bitmap_index = 17953, .adv_w = 262, .box_w = 16, .box_h = 17, .ofs_x = 0, .ofs_y = 0},
    {.bitmap_index = 18058, .adv_w = 212, .box_w = 12, .box_h = 17, .ofs_x = 0, .ofs_y = 0},
    {.bitmap_index = 18142, .adv_w = 97, .box_w = 8, .box_h = 22, .ofs_x = -1, .ofs_y = 0},
    {.bitmap_index = 18220, .adv_w = 89, .box_w = 9, .box_h = 17, .ofs_x = -2, .ofs_y = 0},
    {.bitmap_index = 18280, .adv_w = 97, .box_w = 8, .box_h = 21, .ofs_x = -1, .ofs_y = 0},
    {.bitmap_index = 18350, .adv_w = 89, .box_w = 8, .box_h = 16, .ofs_x = -1, .ofs_y = 0},
    {.bitmap_index = 18397, .adv_w = 97, .box_w = 8, .box_h = 21, .ofs_x = -1, .ofs_y = 0},
    {.bitmap_index = 18472, .adv_w = 89, .box_w = 8, .box_h = 17, .ofs_x = -1, .ofs_y = 0},
    {.bitmap_index = 18526, .adv_w = 97, .box_w = 6, .box_h = 22, .ofs_x = 0, .ofs_y = -5},
    {.bitmap_index = 18596, .adv_w = 89, .box_w = 5, .box_h = 22, .ofs_x = 0, .ofs_y = -5},
    {.bitmap_index = 18652, .adv_w = 97, .box_w = 4, .box_h = 22, .ofs_x = 1, .ofs_y = 0},
    {.bitmap_index = 18697, .adv_w = 89, .box_w = 3, .box_h = 12, .ofs_x = 1, .ofs_y = 0},
    {.bitmap_index = 18717, .adv_w = 309, .box_w = 17, .box_h = 17, .ofs_x = 1, .ofs_y = 0},
    {.bitmap_index = 18831, .adv_w = 179, .box_w = 9, .box_h = 22, .ofs_x = 1, .ofs_y = -5},
    {.bitmap_index = 18919, .adv_w = 212, .box_w = 12, .box_h = 22, .ofs_x = 0, .ofs_y = 0},
    {.bitmap_index = 19011, .adv_w = 89, .box_w = 8, .box_h = 22, .ofs_x = -1, .ofs_y = -5},
    {.bitmap_index = 19083, .adv_w = 247, .box_w = 15, .box_h = 22, .ofs_x = 1, .ofs_y = -5},
    {.bitmap_index = 19211, .adv_w = 208, .box_w = 12, .box_h = 22, .ofs_x = 1, .ofs_y = -5},
    {.bitmap_index = 19313, .adv_w = 213, .box_w = 12, .box_h = 12, .ofs_x = 1, .ofs_y = 0},
    {.bitmap_index = 19380, .adv_w = 191, .box_w = 11, .box_h = 22, .ofs_x = 1, .ofs_y = 0},
    {.bitmap_index = 19461, .adv_w = 98, .box_w = 7, .box_h = 22, .ofs_x = 1, .ofs_y = 0},
    {.bitmap_index = 19525, .adv_w = 191, .box_w = 11, .box_h = 22, .ofs_x = 1, .ofs_y = -5},
    {.bitmap_index = 19606, .adv_w = 98, .box_w = 6, .box_h = 22, .ofs_x = 0, .ofs_y = -5},
    {.bitmap_index = 19667, .adv_w = 191, .box_w = 11, .box_h = 17, .ofs_x = 1, .ofs_y = 0},
    {.bitmap_index = 19741, .adv_w = 118, .box_w = 8, .box_h = 17, .ofs_x = 1, .ofs_y = 0},
    {.bitmap_index = 19801, .adv_w = 230, .box_w = 12, .box_h = 17, .ofs_x = 1, .ofs_y = 0},
    {.bitmap_index = 19873, .adv_w = 161, .box_w = 8, .box_h = 17, .ofs_x = 1, .ofs_y = 0},
    {.bitmap_index = 19930, .adv_w = 191, .box_w = 12, .box_h = 17, .ofs_x = 0, .ofs_y = 0},
    {.bitmap_index = 20003, .adv_w = 98, .box_w = 6, .box_h = 17, .ofs_x = 0, .ofs_y = 0},
    {.bitmap_index = 20052, .adv_w = 261, .box_w = 14, .box_h = 22, .ofs_x = 1, .ofs_y = 0},
    {.bitmap_index = 20177, .adv_w = 212, .box_w = 11, .box_h = 17, .ofs_x = 1, .ofs_y = 0},
    {.bitmap_index = 20254, .adv_w = 261, .box_w = 14, .box_h = 22, .ofs_x = 1, .ofs_y = -5},
    {.bitmap_index = 20378, .adv_w = 212, .box_w = 11, .box_h = 17, .ofs_x = 1, .ofs_y = -5},
    {.bitmap_index = 20454, .adv_w = 261, .box_w = 14, .box_h = 22, .ofs_x = 1, .ofs_y = 0},
    {.bitmap_index = 20584, .adv_w = 212, .box_w = 11, .box_h = 17, .ofs_x = 1, .ofs_y = 0},
    {.bitmap_index = 20662, .adv_w = 268, .box_w = 15, .box_h = 17, .ofs_x = 0, .ofs_y = 0},
    {.bitmap_index = 20764, .adv_w = 261, .box_w = 14, .box_h = 21, .ofs_x = 1, .ofs_y = -4},
    {.bitmap_index = 20888, .adv_w = 233, .box_w = 11, .box_h = 17, .ofs_x = 2, .ofs_y = -5},
    {.bitmap_index = 20965, .adv_w = 287, .box_w = 16, .box_h = 21, .ofs_x = 1, .ofs_y = 0},
    {.bitmap_index = 21081, .adv_w = 221, .box_w = 12, .box_h = 16, .ofs_x = 1, .ofs_y = 0},
    {.bitmap_index = 21155, .adv_w = 287, .box_w = 16, .box_h = 21, .ofs_x = 1, .ofs_y = 0},
    {.bitmap_index = 21277, .adv_w = 221, .box_w = 12, .box_h = 17, .ofs_x = 1, .ofs_y = 0},
    {.bitmap_index = 21358, .adv_w = 287, .box_w = 16, .box_h = 22, .ofs_x = 1, .ofs_y = 0},
    {.bitmap_index = 21484, .adv_w = 221, .box_w = 13, .box_h = 17, .ofs_x = 1, .ofs_y = 0},
    {.bitmap_index = 21573, .adv_w = 387, .box_w = 23, .box_h = 17, .ofs_x = 1, .ofs_y = 0},
    {.bitmap_index = 21698, .adv_w = 356, .box_w = 21, .box_h = 12, .ofs_x = 1, .ofs_y = 0},
    {.bitmap_index = 21798, .adv_w = 232, .box_w = 13, .box_h = 22, .ofs_x = 1, .ofs_y = 0},
    {.bitmap_index = 21914, .adv_w = 159, .box_w = 9, .box_h = 17, .ofs_x = 1, .ofs_y = 0},
    {.bitmap_index = 21973, .adv_w = 232, .box_w = 13, .box_h = 22, .ofs_x = 1, .ofs_y = -5},
    {.bitmap_index = 22088, .adv_w = 159, .box_w = 9, .box_h = 17, .ofs_x = 1, .ofs_y = -5},
    {.bitmap_index = 22145, .adv_w = 232, .box_w = 13, .box_h = 22, .ofs_x = 1, .ofs_y = 0},
    {.bitmap_index = 22265, .adv_w = 159, .box_w = 10, .box_h = 17, .ofs_x = 0, .ofs_y = 0},
    {.bitmap_index = 22328, .adv_w = 218, .box_w = 13, .box_h = 22, .ofs_x = 0, .ofs_y = 0},
    {.bitmap_index = 22430, .adv_w = 181, .box_w = 11, .box_h = 17, .ofs_x = 0, .ofs_y = 0},
    {.bitmap_index = 22503, .adv_w = 218, .box_w = 13, .box_h = 22, .ofs_x = 0, .ofs_y = 0},
    {.bitmap_index = 22609, .adv_w = 181, .box_w = 11, .box_h = 18, .ofs_x = 0, .ofs_y = 0},
    {.bitmap_index = 22688, .adv_w = 218, .box_w = 13, .box_h = 22, .ofs_x = 0, .ofs_y = -5},
    {.bitmap_index = 22794, .adv_w = 181, .box_w = 11, .box_h = 17, .ofs_x = 0, .ofs_y = -5},
    {.bitmap_index = 22870, .adv_w = 218, .box_w = 13, .box_h = 22, .ofs_x = 0, .ofs_y = 0},
    {.bitmap_index = 22975, .adv_w = 181, .box_w = 11, .box_h = 17, .ofs_x = 0, .ofs_y = 0},
    {.bitmap_index = 23050, .adv_w = 225, .box_w = 14, .box_h = 22, .ofs_x = 0, .ofs_y = -5},
    {.bitmap_index = 23145, .adv_w = 129, .box_w = 8, .box_h = 22, .ofs_x = 0, .ofs_y = -5},
    {.bitmap_index = 23216, .adv_w = 225, .box_w = 14, .box_h = 22, .ofs_x = 0, .ofs_y = 0},
    {.bitmap_index = 23311, .adv_w = 174, .box_w = 11, .box_h = 18, .ofs_x = 0, .ofs_y = 0},
    {.bitmap_index = 23382, .adv_w = 225, .box_w = 14, .box_h = 17, .ofs_x = 0, .ofs_y = 0},
    {.bitmap_index = 23458, .adv_w = 143, .box_w = 8, .box_h = 17, .ofs_x = 0, .ofs_y = 0},
    {.bitmap_index = 23517, .adv_w = 252, .box_w = 14, .box_h = 22, .ofs_x = 1, .ofs_y = 0},
    {.bitmap_index = 23643, .adv_w = 212, .box_w = 11, .box_h = 17, .ofs_x = 1, .ofs_y = 0},
    {.bitmap_index = 23725, .adv_w = 252, .box_w = 14, .box_h = 21, .ofs_x = 1, .ofs_y = 0},
    {.bitmap_index = 23840, .adv_w = 212, .box_w = 11, .box_h = 16, .ofs_x = 1, .ofs_y = 0},
    {.bitmap_index = 23912, .adv_w = 252, .box_w = 14, .box_h = 21, .ofs_x = 1, .ofs_y = 0},
    {.bitmap_index = 24033, .adv_w = 212, .box_w = 11, .box_h = 17, .ofs_x = 1, .ofs_y = 0},
    {.bitmap_index = 24111, .adv_w = 252, .box_w = 14, .box_h = 23, .ofs_x = 1, .ofs_y = 0},
    {.bitmap_index = 24239, .adv_w = 212, .box_w = 11, .box_h = 19, .ofs_x = 1, .ofs_y = 0},
    {.bitmap_index = 24323, .adv_w = 252, .box_w = 14, .box_h = 22, .ofs_x = 1, .ofs_y = 0},
    {.bitmap_index = 24449, .adv_w = 212, .box_w = 12, .box_h = 17, .ofs_x = 1, .ofs_y = 0},
    {.bitmap_index = 24537, .adv_w = 252, .box_w = 14, .box_h = 22, .ofs_x = 1, .ofs_y = -5},
    {.bitmap_index = 24658, .adv_w = 212, .box_w = 12, .box_h = 17, .ofs_x = 1, .ofs_y = -5},
    {.bitmap_index = 24740, .adv_w = 370, .box_w = 23, .box_h = 22, .ofs_x = 0, .ofs_y = 0},
    {.bitmap_index = 24925, .adv_w = 288, .box_w = 18, .box_h = 17, .ofs_x = 0, .ofs_y = 0},
    {.bitmap_index = 25050, .adv_w = 234, .box_w = 15, .box_h = 22, .ofs_x = 0, .ofs_y = 0},
    {.bitmap_index = 25163, .adv_w = 202, .box_w = 13, .box_h = 22, .ofs_x = 0, .ofs_y = -5},
    {.bitmap_index = 25267, .adv_w = 234, .box_w = 15, .box_h = 22, .ofs_x = 0, .ofs_y = 0},
    {.bitmap_index = 25378, .adv_w = 227, .box_w = 14, .box_h = 22, .ofs_x = 0, .ofs_y = 0},
    {.bitmap_index = 25468, .adv_w = 181, .box_w = 11, .box_h = 17, .ofs_x = 0, .ofs_y = 0},
    {.bitmap_index = 25529, .adv_w = 227, .box_w = 14, .box_h = 22, .ofs_x = 0, .ofs_y = 0},
    {.bitmap_index = 25617, .adv_w = 181, .box_w = 11, .box_h = 17, .ofs_x = 0, .ofs_y = 0},
    {.bitmap_index = 25675, .adv_w = 227, .box_w = 14, .box_h = 22, .ofs_x = 0, .ofs_y = 0},
    {.bitmap_index = 25771, .adv_w = 181, .box_w = 11, .box_h = 17, .ofs_x = 0, .ofs_y = 0},
    {.bitmap_index = 25835, .adv_w = 289, .box_w = 16, .box_h = 17, .ofs_x = 1, .ofs_y = 0},
    {.bitmap_index = 25935, .adv_w = 215, .box_w = 10, .box_h = 22, .ofs_x = 2, .ofs_y = -5},
    {.bitmap_index = 26014, .adv_w = 261, .box_w = 16, .box_h = 21, .ofs_x = -1, .ofs_y = -4},
    {.bitmap_index = 26161, .adv_w = 287, .box_w = 17, .box_h = 17, .ofs_x = 1, .ofs_y = 0},
    {.bitmap_index = 26272, .adv_w = 221, .box_w = 14, .box_h = 14, .ofs_x = 1, .ofs_y = 0},
    {.bitmap_index = 26352, .adv_w = 288, .box_w = 17, .box_h = 17, .ofs_x = 1, .ofs_y = 0},
    {.bitmap_index = 26470, .adv_w = 212, .box_w = 13, .box_h = 16, .ofs_x = 1, .ofs_y = 0},
    {.bitmap_index = 26555, .adv_w = 249, .box_w = 16, .box_h = 22, .ofs_x = 0, .ofs_y = 0},
    {.bitmap_index = 26676, .adv_w = 208, .box_w = 11, .box_h = 17, .ofs_x = 1, .ofs_y = 0},
    {.bitmap_index = 26752, .adv_w = 97, .box_w = 8, .box_h = 22, .ofs_x = -1, .ofs_y = 0},
    {.bitmap_index = 26828, .adv_w = 89, .box_w = 8, .box_h = 17, .ofs_x = -1, .ofs_y = 0},
    {.bitmap_index = 26882, .adv_w = 287, .box_w = 16, .box_h = 22, .ofs_x = 1, .ofs_y = 0},
    {.bitmap_index = 27005, .adv_w = 221, .box_w = 12, .box_h = 17, .ofs_x = 1, .ofs_y = 0},
    {.bitmap_index = 27085, .adv_w = 252, .box_w = 14, .box_h = 22, .ofs_x = 1, .ofs_y = 0},
    {.bitmap_index = 27207, .adv_w = 212, .box_w = 11, .box_h = 17, .ofs_x = 1, .ofs_y = 0},
    {.bitmap_index = 27282, .adv_w = 281, .box_w = 16, .box_h = 22, .ofs_x = 1, .ofs_y = 0},
    {.bitmap_index = 27408, .adv_w = 199, .box_w = 13, .box_h = 22, .ofs_x = 0, .ofs_y = -5},
    {.bitmap_index = 27523, .adv_w = 287, .box_w = 16, .box_h = 22, .ofs_x = 1, .ofs_y = -5},
    {.bitmap_index = 27647, .adv_w = 221, .box_w = 12, .box_h = 17, .ofs_x = 1, .ofs_y = -5},
    {.bitmap_index = 27728, .adv_w = 249, .box_w = 16, .box_h = 23, .ofs_x = 0, .ofs_y = 0},
    {.bitmap_index = 27853, .adv_w = 208, .box_w = 12, .box_h = 20, .ofs_x = 1, .ofs_y = 0},
    {.bitmap_index = 27949, .adv_w = 348, .box_w = 21, .box_h = 22, .ofs_x = 0, .ofs_y = 0},
    {.bitmap_index = 28086, .adv_w = 332, .box_w = 19, .box_h = 17, .ofs_x = 1, .ofs_y = 0},
    {.bitmap_index = 28200, .adv_w = 287, .box_w = 16, .box_h = 22, .ofs_x = 1, .ofs_y = 0},
    {.bitmap_index = 28336, .adv_w = 221, .box_w = 12, .box_h = 18, .ofs_x = 1, .ofs_y = -1},
    {.bitmap_index = 28425, .adv_w = 218, .box_w = 13, .box_h = 22, .ofs_x = 0, .ofs_y = -5},
    {.bitmap_index = 28528, .adv_w = 181, .box_w = 11, .box_h = 17, .ofs_x = 0, .ofs_y = -5},
    {.bitmap_index = 28601, .adv_w = 225, .box_w = 14, .box_h = 22, .ofs_x = 0, .ofs_y = -5},
    {.bitmap_index = 28691, .adv_w = 129, .box_w = 8, .box_h = 22, .ofs_x = 0, .ofs_y = -5},
    {.bitmap_index = 28759, .adv_w = 234, .box_w = 15, .box_h = 21, .ofs_x = 0, .ofs_y = 0},
    {.bitmap_index = 28864, .adv_w = 202, .box_w = 13, .box_h = 21, .ofs_x = 0, .ofs_y = -5},
    {.bitmap_index = 28961, .adv_w = 89, .box_w = 5, .box_h = 17, .ofs_x = -1, .ofs_y = -5},
    {.bitmap_index = 29007, .adv_w = 207, .box_w = 11, .box_h = 12, .ofs_x = 1, .ofs_y = 0},
    {.bitmap_index = 29062, .adv_w = 213, .box_w = 13, .box_h = 17, .ofs_x = -1, .ofs_y = -5},
    {.bitmap_index = 29156, .adv_w = 152, .box_w = 8, .box_h = 4, .ofs_x = 1, .ofs_y = 13},
    {.bitmap_index = 29171, .adv_w = 152, .box_w = 8, .box_h = 4, .ofs_x = 1, .ofs_y = 13},
    {.bitmap_index = 29186, .adv_w = 153, .box_w = 8, .box_h = 4, .ofs_x = 1, .ofs_y = 13},
    {.bitmap_index = 29201, .adv_w = 78, .box_w = 3, .box_h = 3, .ofs_x = 1, .ofs_y = 14},
    {.bitmap_index = 29206, .adv_w = 117, .box_w = 6, .box_h = 7, .ofs_x = 1, .ofs_y = 12},
    {.bitmap_index = 29226, .adv_w = 111, .box_w = 5, .box_h = 6, .ofs_x = 1, .ofs_y = -6},
    {.bitmap_index = 29241, .adv_w = 160, .box_w = 8, .box_h = 5, .ofs_x = 1, .ofs_y = 13},
    {.bitmap_index = 29261, .adv_w = 187, .box_w = 10, .box_h = 4, .ofs_x = 1, .ofs_y = 13},
    {.bitmap_index = 29282, .adv_w = 204, .box_w = 11, .box_h = 4, .ofs_x = 1, .ofs_y = 8},
    {.bitmap_index = 29303, .adv_w = 204, .box_w = 11, .box_h = 4, .ofs_x = 1, .ofs_y = 8},
    {.bitmap_index = 29326, .adv_w = 0, .box_w = 6, .box_h = 4, .ofs_x = 1, .ofs_y = 13},
    {.bitmap_index = 29338, .adv_w = 0, .box_w = 6, .box_h = 4, .ofs_x = 1, .ofs_y = 13},
    {.bitmap_index = 29351, .adv_w = 0, .box_w = 8, .box_h = 4, .ofs_x = 1, .ofs_y = 13},
    {.bitmap_index = 29366, .adv_w = 0, .box_w = 8, .box_h = 5, .ofs_x = 1, .ofs_y = 13},
    {.bitmap_index = 29386, .adv_w = 0, .box_w = 7, .box_h = 3, .ofs_x = 1, .ofs_y = 13},
    {.bitmap_index = 29394, .adv_w = 0, .box_w = 8, .box_h = 5, .ofs_x = 1, .ofs_y = 13},
    {.bitmap_index = 29413, .adv_w = 0, .box_w = 3, .box_h = 3, .ofs_x = 1, .ofs_y = 14},
    {.bitmap_index = 29418, .adv_w = 0, .box_w = 8, .box_h = 3, .ofs_x = 1, .ofs_y = 14},
    {.bitmap_index = 29431, .adv_w = 0, .box_w = 5, .box_h = 6, .ofs_x = 1, .ofs_y = 12},
    {.bitmap_index = 29446, .adv_w = 0, .box_w = 6, .box_h = 7, .ofs_x = 1, .ofs_y = 12},
    {.bitmap_index = 29466, .adv_w = 0, .box_w = 10, .box_h = 4, .ofs_x = 1, .ofs_y = 13},
    {.bitmap_index = 29487, .adv_w = 0, .box_w = 8, .box_h = 4, .ofs_x = 1, .ofs_y = 13},
    {.bitmap_index = 29502, .adv_w = 0, .box_w = 10, .box_h = 4, .ofs_x = 1, .ofs_y = 13},
    {.bitmap_index = 29522, .adv_w = 0, .box_w = 5, .box_h = 4, .ofs_x = 1, .ofs_y = 13},
    {.bitmap_index = 29533, .adv_w = 0, .box_w = 4, .box_h = 5, .ofs_x = 1, .ofs_y = 12},
    {.bitmap_index = 29544, .adv_w = 0, .box_w = 3, .box_h = 3, .ofs_x = 1, .ofs_y = -4},
    {.bitmap_index = 29549, .adv_w = 0, .box_w = 5, .box_h = 4, .ofs_x = 1, .ofs_y = -5},
    {.bitmap_index = 29560, .adv_w = 0, .box_w = 5, .box_h = 6, .ofs_x = 1, .ofs_y = -6},
    {.bitmap_index = 29576, .adv_w = 0, .box_w = 5, .box_h = 6, .ofs_x = 1, .ofs_y = -6},
    {.bitmap_index = 29591, .adv_w = 0, .box_w = 8, .box_h = 2, .ofs_x = 1, .ofs_y = 6},
    {.bitmap_index = 29597, .adv_w = 0, .box_w = 16, .box_h = 3, .ofs_x = 1, .ofs_y = 5},
    {.bitmap_index = 29609, .adv_w = 0, .box_w = 6, .box_h = 8, .ofs_x = 1, .ofs_y = 5},
    {.bitmap_index = 29629, .adv_w = 0, .box_w = 10, .box_h = 14, .ofs_x = 1, .ofs_y = 0},
    {.bitmap_index = 29672, .adv_w = 118, .box_w = 6, .box_h = 7, .ofs_x = 0, .ofs_y = 10},
    {.bitmap_index = 29693, .adv_w = 118, .box_w = 6, .box_h = 7, .ofs_x = 0, .ofs_y = 0},
    {.bitmap_index = 29714, .adv_w = 92, .box_w = 5, .box_h = 15, .ofs_x = 0, .ofs_y = -4},
    {.bitmap_index = 29742, .adv_w = 94, .box_w = 4, .box_h = 4, .ofs_x = 1, .ofs_y = 14},
    {.bitmap_index = 29751, .adv_w = 176, .box_w = 9, .box_h = 6, .ofs_x = 1, .ofs_y = 14},
    {.bitmap_index = 29775, .adv_w = 135, .box_w = 7, .box_h = 6, .ofs_x = 1, .ofs_y = 3},
    {.bitmap_index = 29790, .adv_w = 277, .box_w = 16, .box_h = 17, .ofs_x = 1, .ofs_y = 0},
    {.bitmap_index = 29887, .adv_w = 316, .box_w = 17, .box_h = 17, .ofs_x = 0, .ofs_y = 0},
    {.bitmap_index = 29998, .adv_w = 212, .box_w = 11, .box_h = 16, .ofs_x = 1, .ofs_y = -4},
    {.bitmap_index = 30069, .adv_w = 224, .box_w = 13, .box_h = 12, .ofs_x = 1, .ofs_y = 0},
    {.bitmap_index = 30138, .adv_w = 281, .box_w = 16, .box_h = 21, .ofs_x = 1, .ofs_y = 0},
    {.bitmap_index = 30257, .adv_w = 199, .box_w = 13, .box_h = 21, .ofs_x = 0, .ofs_y = -5},
    {.bitmap_index = 30366, .adv_w = 261, .box_w = 14, .box_h = 22, .ofs_x = 1, .ofs_y = 0},
    {.bitmap_index = 30488, .adv_w = 212, .box_w = 11, .box_h = 17, .ofs_x = 1, .ofs_y = 0},
    {.bitmap_index = 30561, .adv_w = 370, .box_w = 23, .box_h = 22, .ofs_x = 0, .ofs_y = 0},
    {.bitmap_index = 30743, .adv_w = 288, .box_w = 18, .box_h = 17, .ofs_x = 0, .ofs_y = 0},
    {.bitmap_index = 30863, .adv_w = 370, .box_w = 23, .box_h = 22, .ofs_x = 0, .ofs_y = 0},
    {.bitmap_index = 31045, .adv_w = 288, .box_w = 18, .box_h = 17, .ofs_x = 0, .ofs_y = 0},
    {.bitmap_index = 31166, .adv_w = 370, .box_w = 23, .box_h = 22, .ofs_x = 0, .ofs_y = 0},
    {.bitmap_index = 31351, .adv_w = 288, .box_w = 18, .box_h = 17, .ofs_x = 0, .ofs_y = 0},
    {.bitmap_index = 31474, .adv_w = 298, .box_w = 17, .box_h = 17, .ofs_x = 1, .ofs_y = 0},
    {.bitmap_index = 31594, .adv_w = 249, .box_w = 16, .box_h = 21, .ofs_x = 0, .ofs_y = -4},
    {.bitmap_index = 31707, .adv_w = 208, .box_w = 11, .box_h = 16, .ofs_x = 1, .ofs_y = -4},
    {.bitmap_index = 31779, .adv_w = 249, .box_w = 16, .box_h = 22, .ofs_x = 0, .ofs_y = 0},
    {.bitmap_index = 31897, .adv_w = 208, .box_w = 11, .box_h = 17, .ofs_x = 1, .ofs_y = 0},
    {.bitmap_index = 31974, .adv_w = 249, .box_w = 16, .box_h = 24, .ofs_x = 0, .ofs_y = 0},
    {.bitmap_index = 32100, .adv_w = 208, .box_w = 11, .box_h = 19, .ofs_x = 1, .ofs_y = 0},
    {.bitmap_index = 32185, .adv_w = 249, .box_w = 16, .box_h = 24, .ofs_x = 0, .ofs_y = 0},
    {.bitmap_index = 32311, .adv_w = 208, .box_w = 11, .box_h = 19, .ofs_x = 1, .ofs_y = 0},
    {.bitmap_index = 32396, .adv_w = 249, .box_w = 16, .box_h = 25, .ofs_x = 0, .ofs_y = 0},
    {.bitmap_index = 32525, .adv_w = 208, .box_w = 11, .box_h = 20, .ofs_x = 1, .ofs_y = 0},
    {.bitmap_index = 32613, .adv_w = 249, .box_w = 16, .box_h = 25, .ofs_x = 0, .ofs_y = 0},
    {.bitmap_index = 32745, .adv_w = 208, .box_w = 11, .box_h = 20, .ofs_x = 1, .ofs_y = 0},
    {.bitmap_index = 32835, .adv_w = 249, .box_w = 16, .box_h = 26, .ofs_x = 0, .ofs_y = -4},
    {.bitmap_index = 32968, .adv_w = 208, .box_w = 11, .box_h = 21, .ofs_x = 1, .ofs_y = -4},
    {.bitmap_index = 33057, .adv_w = 249, .box_w = 16, .box_h = 24, .ofs_x = 0, .ofs_y = 0},
    {.bitmap_index = 33186, .adv_w = 208, .box_w = 11, .box_h = 20, .ofs_x = 1, .ofs_y = 0},
    {.bitmap_index = 33274, .adv_w = 249, .box_w = 16, .box_h = 24, .ofs_x = 0, .ofs_y = 0},
    {.bitmap_index = 33403, .adv_w = 208, .box_w = 11, .box_h = 20, .ofs_x = 1, .ofs_y = 0},
    {.bitmap_index = 33492, .adv_w = 249, .box_w = 16, .box_h = 24, .ofs_x = 0, .ofs_y = 0},
    {.bitmap_index = 33623, .adv_w = 208, .box_w = 11, .box_h = 21, .ofs_x = 1, .ofs_y = 0},
    {.bitmap_index = 33715, .adv_w = 249, .box_w = 16, .box_h = 24, .ofs_x = 0, .ofs_y = 0},
    {.bitmap_index = 33849, .adv_w = 208, .box_w = 11, .box_h = 21, .ofs_x = 1, .ofs_y = 0},
    {.bitmap_index = 33944, .adv_w = 249, .box_w = 16, .box_h = 25, .ofs_x = 0, .ofs_y = -4},
    {.bitmap_index = 34078, .adv_w = 208, .box_w = 11, .box_h = 21, .ofs_x = 1, .ofs_y = -4},
    {.bitmap_index = 34169, .adv_w = 224, .box_w = 12, .box_h = 21, .ofs_x = 1, .ofs_y = -4},
    {.bitmap_index = 34246, .adv_w = 207, .box_w = 11, .box_h = 16, .ofs_x = 1, .ofs_y = -4},
    {.bitmap_index = 34313, .adv_w = 224, .box_w = 12, .box_h = 22, .ofs_x = 1, .ofs_y = 0},
    {.bitmap_index = 34395, .adv_w = 207, .box_w = 11, .box_h = 17, .ofs_x = 1, .ofs_y = 0},
    {.bitmap_index = 34467, .adv_w = 224, .box_w = 12, .box_h = 22, .ofs_x = 1, .ofs_y = 0},
    {.bitmap_index = 34555, .adv_w = 207, .box_w = 11, .box_h = 17, .ofs_x = 1, .ofs_y = 0},
    {.bitmap_index = 34633, .adv_w = 224, .box_w = 12, .box_h = 24, .ofs_x = 1, .ofs_y = 0},
    {.bitmap_index = 34724, .adv_w = 207, .box_w = 11, .box_h = 19, .ofs_x = 1, .ofs_y = 0},
    {.bitmap_index = 34805, .adv_w = 224, .box_w = 12, .box_h = 24, .ofs_x = 1, .ofs_y = 0},
    {.bitmap_index = 34897, .adv_w = 207, .box_w = 11, .box_h = 19, .ofs_x = 1, .ofs_y = 0},
    {.bitmap_index = 34979, .adv_w = 224, .box_w = 12, .box_h = 25, .ofs_x = 1, .ofs_y = 0},
    {.bitmap_index = 35074, .adv_w = 207, .box_w = 11, .box_h = 20, .ofs_x = 1, .ofs_y = 0},
    {.bitmap_index = 35157, .adv_w = 224, .box_w = 12, .box_h = 25, .ofs_x = 1, .ofs_y = 0},
    {.bitmap_index = 35254, .adv_w = 207, .box_w = 11, .box_h = 20, .ofs_x = 1, .ofs_y = 0},
    {.bitmap_index = 35339, .adv_w = 224, .box_w = 12, .box_h = 26, .ofs_x = 1, .ofs_y = -4},
    {.bitmap_index = 35436, .adv_w = 207, .box_w = 11, .box_h = 22, .ofs_x = 1, .ofs_y = -4},
    {.bitmap_index = 35525, .adv_w = 97, .box_w = 5, .box_h = 22, .ofs_x = 1, .ofs_y = 0},
    {.bitmap_index = 35582, .adv_w = 89, .box_w = 5, .box_h = 17, .ofs_x = 1, .ofs_y = 0},
    {.bitmap_index = 35628, .adv_w = 97, .box_w = 4, .box_h = 21, .ofs_x = 1, .ofs_y = -4},
    {.bitmap_index = 35672, .adv_w = 89, .box_w = 4, .box_h = 21, .ofs_x = 1, .ofs_y = -4},
    {.bitmap_index = 35714, .adv_w = 287, .box_w = 16, .box_h = 21, .ofs_x = 1, .ofs_y = -4},
    {.bitmap_index = 35832, .adv_w = 221, .box_w = 12, .box_h = 16, .ofs_x = 1, .ofs_y = -4},
    {.bitmap_index = 35907, .adv_w = 287, .box_w = 16, .box_h = 23, .ofs_x = 1, .ofs_y = 0},
    {.bitmap_index = 36035, .adv_w = 221, .box_w = 12, .box_h = 17, .ofs_x = 1, .ofs_y = 0},
    {.bitmap_index = 36115, .adv_w = 287, .box_w = 16, .box_h = 24, .ofs_x = 1, .ofs_y = 0},
    {.bitmap_index = 36248, .adv_w = 221, .box_w = 12, .box_h = 19, .ofs_x = 1, .ofs_y = 0},
    {.bitmap_index = 36337, .adv_w = 287, .box_w = 16, .box_h = 24, .ofs_x = 1, .ofs_y = 0},
    {.bitmap_index = 36470, .adv_w = 221, .box_w = 12, .box_h = 19, .ofs_x = 1, .ofs_y = 0},
    {.bitmap_index = 36559, .adv_w = 287, .box_w = 16, .box_h = 25, .ofs_x = 1, .ofs_y = 0},
    {.bitmap_index = 36699, .adv_w = 221, .box_w = 12, .box_h = 20, .ofs_x = 1, .ofs_y = 0},
    {.bitmap_index = 36791, .adv_w = 287, .box_w = 16, .box_h = 25, .ofs_x = 1, .ofs_y = 0},
    {.bitmap_index = 36933, .adv_w = 221, .box_w = 12, .box_h = 20, .ofs_x = 1, .ofs_y = 0},
    {.bitmap_index = 37028, .adv_w = 287, .box_w = 16, .box_h = 26, .ofs_x = 1, .ofs_y = -4},
    {.bitmap_index = 37167, .adv_w = 221, .box_w = 12, .box_h = 22, .ofs_x = 1, .ofs_y = -4},
    {.bitmap_index = 37264, .adv_w = 287, .box_w = 17, .box_h = 22, .ofs_x = 1, .ofs_y = 0},
    {.bitmap_index = 37394, .adv_w = 221, .box_w = 14, .box_h = 17, .ofs_x = 1, .ofs_y = 0},
    {.bitmap_index = 37487, .adv_w = 287, .box_w = 17, .box_h = 22, .ofs_x = 1, .ofs_y = 0},
    {.bitmap_index = 37616, .adv_w = 221, .box_w = 14, .box_h = 17, .ofs_x = 1, .ofs_y = 0},
    {.bitmap_index = 37710, .adv_w = 287, .box_w = 17, .box_h = 23, .ofs_x = 1, .ofs_y = 0},
    {.bitmap_index = 37847, .adv_w = 221, .box_w = 14, .box_h = 17, .ofs_x = 1, .ofs_y = 0},
    {.bitmap_index = 37943, .adv_w = 287, .box_w = 17, .box_h = 22, .ofs_x = 1, .ofs_y = 0},
    {.bitmap_index = 38079, .adv_w = 221, .box_w = 14, .box_h = 17, .ofs_x = 1, .ofs_y = 0},
    {.bitmap_index = 38180, .adv_w = 287, .box_w = 17, .box_h = 21, .ofs_x = 1, .ofs_y = -4},
    {.bitmap_index = 38307, .adv_w = 221, .box_w = 14, .box_h = 18, .ofs_x = 1, .ofs_y = -4},
    {.bitmap_index = 38401, .adv_w = 252, .box_w = 14, .box_h = 21, .ofs_x = 1, .ofs_y = -4},
    {.bitmap_index = 38516, .adv_w = 212, .box_w = 11, .box_h = 16, .ofs_x = 1, .ofs_y = -4},
    {.bitmap_index = 38587, .adv_w = 252, .box_w = 14, .box_h = 23, .ofs_x = 1, .ofs_y = 0},
    {.bitmap_index = 38710, .adv_w = 212, .box_w = 11, .box_h = 17, .ofs_x = 1, .ofs_y = 0},
    {.bitmap_index = 38786, .adv_w = 288, .box_w = 17, .box_h = 22, .ofs_x = 1, .ofs_y = 0},
    {.bitmap_index = 38924, .adv_w = 212, .box_w = 13, .box_h = 17, .ofs_x = 1, .ofs_y = 0},
    {.bitmap_index = 39019, .adv_w = 288, .box_w = 17, .box_h = 22, .ofs_x = 1, .ofs_y = 0},
    {.bitmap_index = 39158, .adv_w = 212, .box_w = 13, .box_h = 17, .ofs_x = 1, .ofs_y = 0},
    {.bitmap_index = 39253, .adv_w = 288, .box_w = 17, .box_h = 23, .ofs_x = 1, .ofs_y = 0},
    {.bitmap_index = 39397, .adv_w = 212, .box_w = 13, .box_h = 17, .ofs_x = 1, .ofs_y = 0},
    {.bitmap_index = 39493, .adv_w = 288, .box_w = 17, .box_h = 22, .ofs_x = 1, .ofs_y = 0},
    {.bitmap_index = 39638, .adv_w = 212, .box_w = 13, .box_h = 17, .ofs_x = 1, .ofs_y = 0},
    {.bitmap_index = 39737, .adv_w = 288, .box_w = 17, .box_h = 21, .ofs_x = 1, .ofs_y = -4},
    {.bitmap_index = 39871, .adv_w = 212, .box_w = 13, .box_h = 20, .ofs_x = 1, .ofs_y = -4},
    {.bitmap_index = 39968, .adv_w = 234, .box_w = 15, .box_h = 22, .ofs_x = 0, .ofs_y = 0},
    {.bitmap_index = 40079, .adv_w = 202, .box_w = 13, .box_h = 22, .ofs_x = 0, .ofs_y = -5},
    {.bitmap_index = 40180, .adv_w = 234, .box_w = 15, .box_h = 21, .ofs_x = 0, .ofs_y = -4},
    {.bitmap_index = 40285, .adv_w = 202, .box_w = 13, .box_h = 17, .ofs_x = 0, .ofs_y = -5},
    {.bitmap_index = 40375, .adv_w = 234, .box_w = 15, .box_h = 22, .ofs_x = 0, .ofs_y = 0},
    {.bitmap_index = 40486, .adv_w = 202, .box_w = 13, .box_h = 22, .ofs_x = 0, .ofs_y = -5},
    {.bitmap_index = 40590, .adv_w = 234, .box_w = 15, .box_h = 22, .ofs_x = 0, .ofs_y = 0},
    {.bitmap_index = 40708, .adv_w = 202, .box_w = 13, .box_h = 22, .ofs_x = 0, .ofs_y = -5},
    {.bitmap_index = 40816, .adv_w = 160, .box_w = 10, .box_h = 2, .ofs_x = 0, .ofs_y = 6},
    {.bitmap_index = 40822, .adv_w = 406, .box_w = 25, .box_h = 2, .ofs_x = 0, .ofs_y = 6},
    {.bitmap_index = 40831, .adv_w = 267, .box_w = 15, .box_h = 2, .ofs_x = 1, .ofs_y = 6},
    {.bitmap_index = 40839, .adv_w = 102, .box_w = 6, .box_h = 7, .ofs_x = 0, .ofs_y = 10},
    {.bitmap_index = 40860, .adv_w = 102, .box_w = 6, .box_h = 7, .ofs_x = 0, .ofs_y = 10},
    {.bitmap_index = 40880, .adv_w = 110, .box_w = 5, .box_h = 7, .ofs_x = 1, .ofs_y = -4},
    {.bitmap_index = 40898, .adv_w = 171, .box_w = 10, .box_h = 7, .ofs_x = 0, .ofs_y = 10},
    {.bitmap_index = 40934, .adv_w = 171, .box_w = 10, .box_h = 7, .ofs_x = 0, .ofs_y = 10},
    {.bitmap_index = 40970, .adv_w = 155, .box_w = 10, .box_h = 7, .ofs_x = 0, .ofs_y = -4},
    {.bitmap_index = 41006, .adv_w = 149, .box_w = 9, .box_h = 20, .ofs_x = 0, .ofs_y = -3},
    {.bitmap_index = 41071, .adv_w = 154, .box_w = 9, .box_h = 20, .ofs_x = 0, .ofs_y = -3},
    {.bitmap_index = 41137, .adv_w = 139, .box_w = 7, .box_h = 6, .ofs_x = 1, .ofs_y = 3},
    {.bitmap_index = 41152, .adv_w = 148, .box_w = 8, .box_h = 10, .ofs_x = 1, .ofs_y = 1},
    {.bitmap_index = 41182, .adv_w = 170, .box_w = 9, .box_h = 3, .ofs_x = 1, .ofs_y = 0},
    {.bitmap_index = 41197, .adv_w = 260, .box_w = 14, .box_h = 3, .ofs_x = 1, .ofs_y = 0},
    {.bitmap_index = 41220, .adv_w = 396, .box_w = 23, .box_h = 17, .ofs_x = 1, .ofs_y = 0},
    {.bitmap_index = 41372, .adv_w = 518, .box_w = 31, .box_h = 17, .ofs_x = 1, .ofs_y = 0},
    {.bitmap_index = 41558, .adv_w = 99, .box_w = 6, .box_h = 10, .ofs_x = 0, .ofs_y = 1},
    {.bitmap_index = 41586, .adv_w = 99, .box_w = 7, .box_h = 10, .ofs_x = 0, .ofs_y = 1},
    {.bitmap_index = 41616, .adv_w = 50, .box_w = 13, .box_h = 17, .ofs_x = -5, .ofs_y = 0},
    {.bitmap_index = 41677, .adv_w = 157, .box_w = 8, .box_h = 10, .ofs_x = 1, .ofs_y = 12},
    {.bitmap_index = 41712, .adv_w = 215, .box_w = 12, .box_h = 18, .ofs_x = 1, .ofs_y = 0},
    {.bitmap_index = 41796, .adv_w = 215, .box_w = 14, .box_h = 17, .ofs_x = 0, .ofs_y = 0},
    {.bitmap_index = 41880, .adv_w = 215, .box_w = 14, .box_h = 17, .ofs_x = 0, .ofs_y = 0},
    {.bitmap_index = 41968, .adv_w = 215, .box_w = 14, .box_h = 17, .ofs_x = 0, .ofs_y = 0},
    {.bitmap_index = 42058, .adv_w = 215, .box_w = 13, .box_h = 17, .ofs_x = 0, .ofs_y = 0},
    {.bitmap_index = 42135, .adv_w = 215, .box_w = 13, .box_h = 17, .ofs_x = 0, .ofs_y = 0},
    {.bitmap_index = 42194, .adv_w = 215, .box_w = 14, .box_h = 17, .ofs_x = 0, .ofs_y = 0},
    {.bitmap_index = 42280, .adv_w = 433, .box_w = 26, .box_h = 17, .ofs_x = 1, .ofs_y = 0},
    {.bitmap_index = 42469, .adv_w = 272, .box_w = 16, .box_h = 8, .ofs_x = 0, .ofs_y = 9},
    {.bitmap_index = 42530, .adv_w = 301, .box_w = 17, .box_h = 18, .ofs_x = 1, .ofs_y = 0},
    {.bitmap_index = 42643, .adv_w = 304, .box_w = 19, .box_h = 17, .ofs_x = 0, .ofs_y = 0},
    {.bitmap_index = 42769, .adv_w = 334, .box_w = 21, .box_h = 17, .ofs_x = 0, .ofs_y = 0},
    {.bitmap_index = 42911, .adv_w = 333, .box_w = 20, .box_h = 17, .ofs_x = 0, .ofs_y = 0},
    {.bitmap_index = 43049, .adv_w = 309, .box_w = 19, .box_h = 17, .ofs_x = 0, .ofs_y = 0},
    {.bitmap_index = 43178, .adv_w = 430, .box_w = 27, .box_h = 15, .ofs_x = 0, .ofs_y = 0},
    {.bitmap_index = 43260, .adv_w = 430, .box_w = 27, .box_h = 15, .ofs_x = 0, .ofs_y = 0},
    {.bitmap_index = 43343, .adv_w = 242, .box_w = 13, .box_h = 18, .ofs_x = 1, .ofs_y = -1},
    {.bitmap_index = 43439, .adv_w = 276, .box_w = 16, .box_h = 16, .ofs_x = 1, .ofs_y = 0},
    {.bitmap_index = 43547, .adv_w = 253, .box_w = 15, .box_h = 17, .ofs_x = 0, .ofs_y = 0},
    {.bitmap_index = 43636, .adv_w = 225, .box_w = 13, .box_h = 17, .ofs_x = 1, .ofs_y = 0},
    {.bitmap_index = 43725, .adv_w = 239, .box_w = 13, .box_h = 17, .ofs_x = 1, .ofs_y = 0},
    {.bitmap_index = 43796, .adv_w = 215, .box_w = 10, .box_h = 2, .ofs_x = 2, .ofs_y = 5},
    {.bitmap_index = 43801, .adv_w = 157, .box_w = 10, .box_h = 17, .ofs_x = 0, .ofs_y = 0},
    {.bitmap_index = 43856, .adv_w = 235, .box_w = 14, .box_h = 20, .ofs_x = 0, .ofs_y = -3},
    {.bitmap_index = 43945, .adv_w = 331, .box_w = 20, .box_h = 10, .ofs_x = 0, .ofs_y = 3},
    {.bitmap_index = 44033, .adv_w = 183, .box_w = 10, .box_h = 24, .ofs_x = 1, .ofs_y = -6},
    {.bitmap_index = 44115, .adv_w = 215, .box_w = 11, .box_h = 11, .ofs_x = 1, .ofs_y = 0},
    {.bitmap_index = 44169, .adv_w = 215, .box_w = 10, .box_h = 14, .ofs_x = 2, .ofs_y = -1},
    {.bitmap_index = 44216, .adv_w = 215, .box_w = 13, .box_h = 14, .ofs_x = 0, .ofs_y = -1},
    {.bitmap_index = 44278, .adv_w = 215, .box_w = 13, .box_h = 14, .ofs_x = 0, .ofs_y = -1},
    {.bitmap_index = 44338, .adv_w = 227, .box_w = 13, .box_h = 17, .ofs_x = 1, .ofs_y = 0},
    {.bitmap_index = 44430, .adv_w = 201, .box_w = 12, .box_h = 17, .ofs_x = 0, .ofs_y = 0},
    {.bitmap_index = 44522, .adv_w = 217, .box_w = 13, .box_h = 17, .ofs_x = 0, .ofs_y = 0}
};

/*---------------------
 *  CHARACTER MAPPING
 *--------------------*/

static const uint16_t unicode_list_2[] = {
    0x0, 0x3, 0xe, 0x11, 0x12, 0x20, 0x21, 0x3e,
    0x3f, 0x40, 0x41, 0x42, 0x43, 0x44, 0x45, 0x57,
    0x58, 0x5b, 0x5c, 0x6b, 0x6c, 0x6d, 0x6e, 0x6f,
    0x70, 0x89, 0x8a, 0x8b, 0x8c, 0xa3, 0xa4, 0xa8,
    0xca, 0xe3, 0x137, 0x138, 0x149, 0x14a, 0x14b, 0x14c,
    0x14d, 0x14e, 0x166, 0x167, 0x171, 0x172, 0x173, 0x174,
    0x175, 0x177, 0x178, 0x179, 0x17a, 0x17b, 0x17c, 0x17d,
    0x180, 0x183, 0x18c, 0x194, 0x197, 0x198, 0x199, 0x1a6,
    0x1a7, 0x1a8, 0x1a9, 0x1e5, 0x1e6, 0x1ef, 0x1f5, 0x1f6,
    0x1f8, 0x205, 0x21a, 0x22d, 0x231, 0x1c91, 0x1c92, 0x1cb5,
    0x1cb6, 0x1cf1, 0x1cf2, 0x1cf3, 0x1cf4, 0x1cf5, 0x1cf6, 0x1d0f
};

static const uint16_t unicode_list_4[] = {
    0x0, 0x1, 0x2, 0x5, 0x6, 0x7, 0x9, 0xa,
    0xb, 0xd, 0xe, 0xf, 0x10, 0x12, 0x13, 0x1d,
    0x1e, 0x26, 0x27, 0x31, 0x61, 0x98, 0x99, 0x9e,
    0xa0, 0xa1, 0xa5, 0xaa, 0x103, 0x10f, 0x113, 0x148,
    0x149, 0x14a, 0x14b, 0x17d, 0x17f, 0x1ef, 0x1f2, 0x1f3,
    0x1fc, 0x1fe, 0x1ff, 0x202, 0x207, 0x20b, 0x218, 0x235,
    0x24d, 0x251, 0x252, 0x5b7, 0xdaee, 0xdaef
};

/*Collect the unicode lists and glyph_id offsets*/
static const lv_font_fmt_txt_cmap_t cmaps[] =
{
    {
        .range_start = 32, .range_length = 95, .glyph_id_start = 1,
        .unicode_list = NULL, .glyph_id_ofs_list = NULL, .list_length = 0, .type = LV_FONT_FMT_TXT_CMAP_FORMAT0_TINY
    },
    {
        .range_start = 160, .range_length = 223, .glyph_id_start = 96,
        .unicode_list = NULL, .glyph_id_ofs_list = NULL, .list_length = 0, .type = LV_FONT_FMT_TXT_CMAP_FORMAT0_TINY
    },
    {
        .range_start = 399, .range_length = 7440, .glyph_id_start = 319,
        .unicode_list = unicode_list_2, .glyph_id_ofs_list = NULL, .list_length = 88, .type = LV_FONT_FMT_TXT_CMAP_SPARSE_TINY
    },
    {
        .range_start = 7840, .range_length = 90, .glyph_id_start = 407,
        .unicode_list = NULL, .glyph_id_ofs_list = NULL, .list_length = 0, .type = LV_FONT_FMT_TXT_CMAP_FORMAT0_TINY
    },
    {
        .range_start = 8211, .range_length = 56048, .glyph_id_start = 497,
        .unicode_list = unicode_list_4, .glyph_id_ofs_list = NULL, .list_length = 54, .type = LV_FONT_FMT_TXT_CMAP_SPARSE_TINY
    }
};

/*-----------------
 *    KERNING
 *----------------*/


/*Map glyph_ids to kern left classes*/
static const uint8_t kern_left_class_mapping[] =
{
    0, 0, 0, 0, 0, 0, 0, 0,
    0, 0, 0, 0, 0, 0, 0, 0,
    1, 0, 0, 0, 0, 0, 0, 0,
    2, 0, 0, 0, 0, 0, 0, 0,
    0, 0, 3, 4, 5, 6, 7, 8,
    9, 0, 0, 10, 11, 12, 0, 0,
    13, 14, 15, 16, 17, 18, 10, 19,
    20, 21, 22, 23, 0, 0, 0, 0,
    0, 0, 24, 25, 26, 0, 27, 28,
    29, 30, 0, 0, 31, 32, 24, 24,
    33, 34, 0, 35, 36, 37, 38, 39,
    40, 41, 39, 42, 0, 0, 0, 0,
    0, 0, 0, 0, 0, 0, 0, 0,
    0, 0, 0, 0, 0, 0, 0, 0,
    0, 0, 0, 0, 0, 0, 0, 0,
    0, 0, 0, 0, 0, 0, 0, 0,
    3, 3, 3, 3, 3, 3, 7, 5,
    7, 7, 7, 7, 0, 0, 0, 0,
    6, 0, 13, 13, 13, 13, 13, 0,
    13, 10, 10, 10, 10, 22, 0, 43,
    24, 24, 24, 24, 24, 24, 27, 26,
    27, 27, 27, 27, 0, 0, 0, 0,
    0, 24, 33, 33, 33, 33, 33, 0,
    33, 38, 38, 38, 38, 39, 33, 39,
    3, 24, 3, 24, 3, 24, 5, 26,
    5, 26, 5, 26, 5, 26, 6, 0,
    6, 0, 7, 27, 7, 27, 7, 27,
    7, 27, 7, 27, 9, 29, 9, 29,
    9, 29, 9, 29, 0, 30, 0, 30,
    0, 0, 0, 0, 0, 0, 0, 0,
    0, 0, 10, 0, 10, 0, 11, 31,
    31, 12, 32, 12, 32, 12, 32, 0,
    0, 12, 0, 0, 24, 0, 24, 0,
    24, 24, 0, 24, 13, 33, 13, 33,
    13, 33, 7, 27, 16, 35, 16, 35,
    16, 35, 17, 36, 17, 36, 17, 36,
    17, 36, 18, 37, 18, 37, 18, 37,
    10, 38, 10, 38, 10, 38, 10, 38,
    10, 38, 10, 38, 20, 40, 22, 39,
    22, 23, 42, 23, 42, 23, 42, 6,
    0, 0, 0, 33, 0, 38, 3, 24,
    0, 0, 13, 33, 10, 38, 9, 29,
    13, 33, 3, 24, 7, 27, 13, 33,
    17, 36, 18, 37, 22, 39, 0, 27,
    24, 0, 0, 0, 0, 0, 0, 0,
    0, 0, 0, 0, 0, 0, 0, 0,
    0, 0, 0, 0, 0, 0, 0, 0,
    0, 0, 0, 0, 0, 0, 0, 0,
    0, 0, 0, 0, 0, 0, 0, 0,
    3, 0, 0, 0, 9, 29, 0, 24,
    20, 40, 20, 40, 20, 40, 17, 3,
    24, 3, 24, 3, 24, 3, 24, 3,
    24, 3, 24, 3, 24, 3, 24, 3,
    24, 3, 24, 3, 24, 3, 24, 7,
    27, 7, 27, 7, 27, 7, 27, 7,
    27, 7, 27, 7, 27, 7, 27, 0,
    0, 0, 0, 13, 33, 13, 33, 13,
    33, 13, 33, 13, 33, 13, 33, 13,
    33, 0, 33, 0, 33, 0, 33, 0,
    33, 0, 33, 10, 38, 10, 38, 0,
    38, 0, 38, 0, 38, 0, 38, 0,
    38, 22, 39, 22, 39, 22, 39, 22,
    39, 0, 0, 0, 0, 0, 0, 0,
    0, 0, 0, 0, 0, 0, 0, 0,
    0, 0, 0, 0, 44, 0, 0, 0,
    0, 0, 0, 0, 0, 0, 0, 0,
    0, 0, 0, 0, 0, 0, 0, 0,
    3, 0, 0, 0, 0, 0, 0, 0,
    0, 0, 0, 0, 0, 0, 32
};

/*Map glyph_ids to kern right classes*/
static const uint8_t kern_right_class_mapping[] =
{
    0, 0, 1, 0, 0, 0, 0, 0,
    0, 0, 0, 2, 0, 3, 0, 4,
    5, 0, 0, 0, 0, 6, 0, 0,
    0, 0, 0, 0, 7, 0, 0, 0,
    8, 0, 9, 10, 11, 10, 10, 10,
    11, 10, 10, 12, 10, 10, 10, 10,
    11, 10, 11, 10, 13, 14, 15, 16,
    17, 18, 19, 20, 0, 21, 0, 0,
    0, 0, 22, 0, 23, 23, 23, 24,
    25, 0, 26, 0, 0, 27, 28, 28,
    23, 28, 23, 28, 29, 30, 31, 32,
    33, 34, 32, 35, 0, 0, 0, 0,
    0, 36, 22, 0, 0, 0, 0, 0,
    0, 0, 0, 0, 0, 0, 0, 0,
    0, 0, 0, 0, 0, 0, 0, 0,
    0, 0, 0, 0, 0, 0, 0, 37,
    9, 9, 9, 9, 9, 9, 9, 11,
    10, 10, 10, 10, 10, 10, 10, 10,
    0, 10, 11, 11, 11, 11, 11, 0,
    11, 15, 15, 15, 15, 19, 10, 38,
    22, 22, 22, 22, 22, 22, 22, 23,
    23, 23, 23, 23, 0, 0, 0, 0,
    23, 28, 23, 23, 23, 23, 23, 0,
    23, 31, 31, 31, 31, 33, 0, 33,
    9, 22, 9, 22, 9, 22, 11, 23,
    11, 23, 11, 23, 11, 23, 10, 23,
    10, 23, 10, 23, 10, 23, 10, 23,
    10, 23, 10, 23, 11, 25, 11, 25,
    11, 25, 11, 25, 10, 0, 10, 0,
    10, 0, 10, 0, 10, 0, 10, 0,
    10, 0, 10, 0, 12, 0, 10, 0,
    28, 10, 27, 10, 27, 10, 27, 10,
    27, 0, 0, 10, 28, 10, 28, 10,
    28, 39, 10, 28, 11, 23, 11, 23,
    11, 23, 11, 23, 10, 28, 10, 28,
    10, 28, 13, 29, 13, 29, 13, 29,
    13, 29, 14, 30, 14, 30, 14, 30,
    15, 31, 15, 31, 15, 31, 15, 31,
    15, 31, 15, 31, 17, 33, 19, 33,
    19, 20, 35, 20, 35, 20, 35, 11,
    0, 10, 11, 23, 15, 31, 9, 22,
    10, 0, 11, 23, 15, 31, 11, 25,
    11, 23, 9, 22, 9, 22, 11, 23,
    13, 29, 14, 30, 19, 33, 0, 23,
    28, 0, 0, 0, 0, 0, 0, 0,
    0, 0, 0, 0, 0, 0, 0, 0,
    0, 0, 0, 0, 0, 0, 0, 0,
    0, 0, 0, 0, 0, 0, 0, 0,
    0, 0, 0, 0, 0, 0, 0, 0,
    9, 0, 0, 0, 11, 25, 10, 28,
    17, 33, 17, 33, 17, 33, 13, 9,
    22, 9, 22, 9, 22, 9, 22, 9,
    22, 9, 22, 9, 22, 9, 22, 9,
    22, 9, 22, 9, 22, 9, 22, 10,
    23, 10, 23, 10, 23, 10, 23, 10,
    23, 10, 23, 10, 23, 10, 23, 10,
    0, 0, 0, 11, 23, 11, 23, 11,
    23, 11, 23, 11, 23, 11, 23, 11,
    23, 11, 23, 11, 23, 11, 23, 11,
    23, 11, 23, 15, 31, 15, 31, 15,
    31, 15, 31, 15, 31, 15, 31, 15,
    31, 19, 33, 19, 33, 19, 33, 19,
    33, 0, 0, 0, 39, 40, 0, 39,
    40, 0, 0, 0, 0, 0, 4, 4,
    0, 0, 0, 0, 41, 0, 0, 0,
    0, 0, 0, 0, 0, 0, 0, 0,
    0, 0, 0, 0, 0, 0, 22, 0,
    9, 0, 0, 0, 0, 0, 0, 0,
    0, 0, 0, 0, 0, 24, 24
};

/*Kern values between classes*/
static const int8_t kern_class_values[] =
{
    0, 0, 0, 0, -42, 0, 0, 0,
    0, 0, 0, 0, 0, 0, 0, 0,
    0, 0, 0, 0, 0, 0, 0, 0,
    0, 0, 0, 0, 0, 0, 0, 0,
    0, 0, 0, 0, 0, 0, 0, 0,
    0, 0, 0, 0, 0, 0, 0, 0,
    0, 0, 0, 0, 0, 0, 0, 0,
    0, 0, 0, 0, 0, 0, 0, 0,
    0, 0, 0, 0, 0, 0, 0, 0,
    0, 0, 0, 0, 0, 0, 0, 0,
    0, -15, 0, -18, 0, 0, 0, 0,
    0, -18, 0, 0, -12, 0, 0, -36,
    -10, -32, -28, 0, -35, 0, -4, 0,
    0, -16, 0, 0, -3, 0, 0, -18,
    0, -22, -18, 0, 0, 0, 0, 0,
    -19, -18, 0, -2, -3, 0, 0, -1,
    0, 0, -8, 0, 0, 0, 0, 0,
    -8, 0, -12, -9, -8, -16, 0, -3,
    0, 0, 0, 0, 0, 0, 0, 0,
    0, 0, -5, -2, -3, 0, 0, -5,
    0, -5, -3, 0, -2, 0, 0, 0,
    -2, 0, -4, 0, -4, 0, 0, 0,
    0, -3, 0, -5, 0, -8, -9, 0,
    -2, 0, 0, 0, 0, 0, 0, 0,
    -1, 0, 0, 0, 0, 0, -2, 0,
    -8, 0, 0, 0, 0, 0, -2, -10,
    0, -3, 0, 0, -5, -12, 0, 0,
    0, -2, -16, 0, -14, -8, -19, -20,
    -11, -3, 0, 0, 0, 0, 0, 0,
    0, 0, 0, 0, 0, 0, 0, 0,
    0, -14, 0, 0, 0, 0, 0, 0,
    0, 0, 0, 0, 0, -5, 0, 0,
    -2, -3, -3, 0, 0, 0, 0, 0,
    0, 0, 0, 0, -2, -4, 0, 0,
    0, 0, 0, -4, 0, -9, -6, 0,
    0, 0, 0, 0, -5, -2, 0, 0,
    0, -24, 0, -4, 0, -10, 0, -32,
    0, -3, -15, -10, 0, 0, 0, 0,
    0, 0, 0, 0, -15, -12, -5, -14,
    0, 0, -14, -15, -5, -10, -13, -11,
    -18, -14, -10, -21, -7, 0, 0, 0,
    0, -2, 0, 0, 0, 0, 0, -5,
    0, 0, 0, 0, 0, -11, 0, -13,
    -9, 0, -17, 0, -3, 0, 0, 0,
    0, 0, 0, 0, 0, 0, 0, -4,
    0, 0, 0, 0, 0, 0, -7, -3,
    0, -2, 0, -4, 0, -3, 0, 0,
    0, -10, 0, 0, 0, 0, 0, 0,
    0, 0, -2, 0, -2, 0, 0, 0,
    0, 0, 0, 0, 0, 0, 0, 0,
    0, 0, 0, 0, 0, -13, 0, 0,
    0, 0, 0, -2, 0, 0, 0, 0,
    0, -12, 0, 0, -19, -3, -6, 0,
    0, 0, 0, 0, 0, 0, 0, -1,
    -10, -17, 0, 0, 0, 0, 0, -19,
    -6, -26, -23, 0, 0, 0, 0, 0,
    -14, -8, 0, 0, -23, 0, 0, 0,
    0, 0, -22, 0, 0, -15, 0, 0,
    -45, -10, -42, -39, 0, -44, 0, -4,
    0, -3, -16, 0, 0, 0, 0, 0,
    -18, 0, -33, -21, 0, 0, 0, 0,
    0, -23, -23, 0, 0, -2, -10, 0,
    -3, 0, 0, -5, -12, 0, 0, 0,
    -2, -14, 0, -13, -8, -18, -19, -11,
    -3, 0, 0, 0, 0, 0, 0, 0,
    0, 0, 0, 0, 0, 0, 0, 0,
    -14, 0, 0, 0, 0, 0, 0, -24,
    0, -4, 0, 0, 0, -31, 0, 0,
    -23, -3, 0, 0, 0, 0, -7, -3,
    -6, 0, -5, -11, 0, -8, 0, 0,
    0, -7, 0, 0, 0, 0, 0, 0,
    0, -20, 0, 0, 0, 0, 0, -8,
    0, 0, 0, 0, 0, -11, 0, -2,
    0, -4, -6, -20, -1, -19, -14, 0,
    -25, 0, -3, 0, 0, 0, 0, 0,
    0, 0, 0, 0, 0, -1, 0, 0,
    0, 0, 0, 0, -1, -1, 0, 0,
    -1, 0, 0, 0, 0, 0, -7, 0,
    -2, -7, -5, -6, -7, -7, -12, -9,
    0, -16, 0, -3, 0, -8, -1, 0,
    0, -1, 0, 0, -1, -3, -3, -3,
    0, 0, 0, 0, 0, -1, 0, 0,
    -2, -3, 0, 0, -1, 0, 0, -11,
    0, 0, 0, 0, 0, -2, 0, -9,
    -7, -5, -12, 0, -3, 0, 0, -12,
    0, 0, 0, 0, 0, -11, 0, -13,
    -7, -6, 0, 0, -3, 0, -14, -12,
    0, 0, 0, -19, 0, -4, 0, -19,
    0, -36, 0, -14, -12, -6, 0, 0,
    0, 0, 0, 0, 0, 0, -35, -35,
    -13, -34, 0, 0, -33, -35, -15, -28,
    -25, -26, -27, -34, -19, -22, -8, -3,
    0, 0, 0, 0, -19, 0, -4, 0,
    -16, 0, -32, 0, -13, -14, -11, 0,
    0, 0, 0, 0, 0, 0, 0, -26,
    -26, -7, -26, 0, 0, -22, -26, -7,
    -17, -9, -10, -11, -19, -16, -20, -11,
    -4, 0, 0, 0, 0, -17, 0, -4,
    0, -13, 0, -28, 0, -8, -15, -8,
    0, 0, 0, 0, 0, 0, 0, 0,
    -18, -20, -1, -20, 0, 0, -15, -19,
    -1, -10, -4, -6, -6, -13, -10, -18,
    -7, 0, 0, 0, 0, 0, 0, 0,
    0, 0, 0, -8, 0, 0, -18, -5,
    -6, 0, -2, 0, 0, 0, 0, 0,
    0, -1, -11, -14, 0, 0, 0, 0,
    0, -16, -6, -25, -23, 0, 0, 0,
    0, 0, -13, -6, 0, 0, 0, -19,
    0, -4, 0, -17, -4, -35, 0, -19,
    -13, -14, 0, 0, 0, 0, 0, 0,
    0, 0, -31, -32, -14, -31, 0, 0,
    -30, -32, -14, -25, -17, -18, -19, -27,
    -18, -21, -15, -8, 0, 0, 0, 0,
    0, 0, 0, 0, 0, -3, 0, 0,
    -12, 0, -2, 0, 0, 0, 0, 0,
    0, 0, 0, 0, -5, -9, 0, 0,
    0, 0, 0, -10, -3, -18, -17, 0,
    0, 0, 0, 0, -8, -2, 0, 0,
    -12, 0, 0, 0, 0, 0, -16, 0,
    0, 0, 0, 0, 0, 0, 0, 0,
    0, 0, 0, -3, 0, 0, 0, 0,
    0, 0, 0, 0, 0, 0, -5, -3,
    0, 0, 0, 0, 0, 0, 0, 0,
    -4, -17, 0, 0, -2, 0, 0, -17,
    0, 0, 0, 0, 0, 0, 0, 0,
    0, 0, 0, 0, -3, 0, 0, -7,
    0, 0, 0, 0, 0, -7, 0, -6,
    -1, -9, -3, 0, -8, 0, -12, -14,
    0, 0, -5, 0, 0, 0, 0, 0,
    -16, 0, 0, 0, 0, 0, 0, 0,
    0, 0, 0, 0, 0, -3, 0, 0,
    0, 0, 0, 0, 0, 0, 0, 0,
    0, 0, -1, 0, 0, 0, 0, 0,
    0, 0, 0, -12, 0, 0, -1, 0,
    0, -17, 0, 0, 0, 0, 0, 0,
    0, 0, 0, 0, 0, 0, -3, 0,
    0, -2, 0, 0, 0, 0, 0, -2,
    0, -5, -1, -5, 0, 0, -3, 0,
    0, -1, 0, 0, 0, -23, -22, -3,
    0, 0, 0, 0, 0, 0, 0, 0,
    0, 0, 0, 0, 0, 0, 0, 0,
    0, -10, -32, -7, -4, -4, 0, -3,
    0, 0, 0, 0, 0, 0, 0, -21,
    0, 0, 0, 0, 0, 0, 0, 0,
    0, 0, 0, 0, 0, 0, 0, 0,
    0, 0, 0, 0, 0, 0, 0, 0,
    -3, -3, -4, 0, 0, 0, 0, 0,
    -4, 0, 0, 0, 0, 0, 0, 0,
    -4, 0, 0, 0, 0, -3, -16, 0,
    0, 0, 0, 0, -17, 0, 0, 0,
    0, 0, 0, 0, 0, 0, 0, 0,
    0, -3, 0, 0, -5, 0, 0, 0,
    0, 0, -4, 0, -5, -3, 0, 0,
    0, 0, 0, -10, -10, 0, 0, -6,
    0, 0, 0, 0, 0, 0, 0, 0,
    0, 0, 0, 0, 0, 0, 0, 0,
    0, 0, -3, -1, -10, 0, 0, 0,
    -10, 0, 0, 0, -3, 0, 0, 0,
    0, 0, 0, 0, 0, 0, 0, 0,
    -10, 0, 0, 0, 0, 0, -15, 0,
    0, 0, 0, 0, 0, 0, 0, 0,
    0, 0, 0, -2, 0, 0, -8, 0,
    0, 0, 0, 0, -3, 0, 0, 0,
    0, 0, 0, 0, 0, -12, -10, 0,
    0, -13, 0, 0, -2, 0, 0, -17,
    0, 0, 0, 0, 0, 0, 0, 0,
    0, 0, 0, 0, -3, 0, 0, -3,
    0, 0, 0, 0, 0, -3, 0, -6,
    -2, -10, -4, 0, -9, 0, -1, -1,
    0, 0, -3, 0, 0, -1, 0, 0,
    -3, 0, 0, 0, 0, 0, 0, 0,
    0, 0, 0, 0, 0, -3, 0, 0,
    0, 0, 0, 0, 0, 0, 0, 0,
    -1, -1, -2, 0, 0, -2, 0, 0,
    0, 0, 0, 0, -19, -38, -3, 0,
    0, 0, 0, 0, 0, 0, 0, 0,
    0, 0, 0, 0, 0, 0, -3, -5,
    -10, 0, -8, 0, -8, 0, -6, 0,
    0, 0, 0, 0, 0, 0, -19, 0,
    0, 0, 0, 0, -7, 0, 0, 0,
    0, 0, -17, 0, 0, 0, 0, 0,
    0, 0, 0, 0, 0, 0, 0, -3,
    0, 0, 0, 0, 0, 0, 0, 0,
    0, 0, -3, -1, -1, 0, 0, 0,
    0, 0, 0, 0, 0, 0, 0, 0,
    0, 0, 0, 0, 0, 0, 0, 0,
    0, 0, 0, 0, 0, 0, 0, 0,
    -3, 0, -4, 0, 0, 0, 0, 0,
    0, 0, 0, 0, 0, 0, 0, 0,
    0, 0, 0, 0, 0, 0, -4, 0,
    0, 0, 0, 0, -10, 0, 0, 0,
    0, 0, 0, 0, 0, 0, 0, 0,
    0, 0, 0, 0, 0, 0, 0, 0,
    0, 0, 0, 0, 0, 0, 0, 0,
    0, 0, 0, 0, 0, 0, 0, 0,
    -15, 0, -3, 0, 0, 0, 0, 0,
    0, 0, 0, 0, 0, 0, 0, 0,
    0, 0, -2, -2, -6, 0, -5, 0,
    0, 0, -3, 0, 0, 0, 0, 0,
    0, 0, -17, 0, 0, 0, 0, 0,
    0, -13, 0, -3, 0, 0, 0, 0,
    0, 0, 0, 0, 0, 0, 0, 0,
    0, 0, 0, -3, 0, -1, 0, -2,
    0, 0, 0, 0, 0, 0, 0, 0,
    0, 0, 0, -15, 0, 0, 0, 0,
    0, 0, 0, 0, 0, 0, 0, 0,
    0, 0, 0, 0, 0, 0, 0, 0,
    0, 0, 0, 0, -3, -1, -10, 0,
    -2, 0, 0, 0, 0, 0, 0, 0,
    0, 0, 0, 0, 0, 0, 0, 0,
    0, 0, 0, 0, 0, 0, 0, 0,
    0, 0, 0, 0, 0, 0, 0, 0,
    0, 0, 0, 0, 0, -3, 0, -3,
    0, 0, 0, 0, 0, 0, 0, 0,
    0, 0, 0, 0, 0, 0, 0, 0,
    0, 0, 0, -8, 0, 0, 0, 0,
    0, -14, 0, 0, 0, 0, 0, 0,
    0, 0, 0, 0, 0, 0, -3, 0,
    0, -8, 0, 0, 0, 0, 0, -8,
    0, -12, -8, 0, 0, 0, 0, 0,
    -12, -11, 0, 0, 0, 0, 0, 0,
    -23, 0, 0, 0, 0, 0, 0, 0,
    0, 0, 0, 0, 0, 0, 0, 0,
    0, 0, 0, 0, 0, 0, 0, 0,
    0, 0, 0, 0, 0, 0, 0, 0,
    0, 0, 0, 0
};


/*Collect the kern class' data in one place*/
static const lv_font_fmt_txt_kern_classes_t kern_classes =
{
    .class_pair_values   = kern_class_values,
    .left_class_mapping  = kern_left_class_mapping,
    .right_class_mapping = kern_right_class_mapping,
    .left_class_cnt      = 44,
    .right_class_cnt     = 41,
};

/*--------------------
 *  ALL CUSTOM DATA
 *--------------------*/

#if LVGL_VERSION_MAJOR == 8
/*Store all the custom data of the font*/
static  lv_font_fmt_txt_glyph_cache_t cache;
#endif

#if LVGL_VERSION_MAJOR >= 8
static const lv_font_fmt_txt_dsc_t font_dsc = {
#else
static lv_font_fmt_txt_dsc_t font_dsc = {
#endif
    .glyph_bitmap = glyph_bitmap,
    .glyph_dsc = glyph_dsc,
    .cmaps = cmaps,
    .kern_dsc = &kern_classes,
    .kern_scale = 16,
    .cmap_num = 5,
    .bpp = 4,
    .kern_classes = 1,
    .bitmap_format = 2,
#if LVGL_VERSION_MAJOR == 8
    .cache = &cache
#endif
};



/*-----------------
 *  PUBLIC FONT
 *----------------*/

/*Initialize a public general font descriptor*/
#if LVGL_VERSION_MAJOR >= 8
const lv_font_t ori_font_hanken_24 = {
#else
lv_font_t ori_font_hanken_24 = {
#endif
    .get_glyph_dsc = lv_font_get_glyph_dsc_fmt_txt,    /*Function pointer to get glyph's data*/
    .get_glyph_bitmap = lv_font_get_bitmap_fmt_txt,    /*Function pointer to get glyph's bitmap*/
    .line_height = 32,          /*The maximum line height required by the font*/
    .base_line = 7,             /*Baseline measured from the bottom of the line*/
#if !(LVGL_VERSION_MAJOR == 6 && LVGL_VERSION_MINOR == 0)
    .subpx = LV_FONT_SUBPX_NONE,
#endif
#if LV_VERSION_CHECK(7, 4, 0) || LVGL_VERSION_MAJOR >= 8
    .underline_position = -3,
    .underline_thickness = 1,
#endif
    .dsc = &font_dsc,          /*The custom font data. Will be accessed by `get_glyph_bitmap/dsc` */
#if LV_VERSION_CHECK(8, 2, 0) || LVGL_VERSION_MAJOR >= 9
    .fallback = NULL,
#endif
    .user_data = NULL,
};



#endif /*#if ORI_FONT_HANKEN_24*/

