/*******************************************************************************
 * Size: 28 px
 * Bpp: 4
 * Opts: --no-compress --no-prefilter --bpp 4 --size 28 --font F:/OneDrive/Desktop/GREEN_SMART_HOME/My_Invention/Ori/firmware/src/fonts/HankenGrotesk-Medium.ttf -r 0x20-0x7F,0xA0-0xFF,0x100-0x17F,0x1A0-0x1A1,0x1AF-0x1B0,0x1EA0-0x1EFF,0x2013,0x2014,0x2018-0x2019,0x2022,0x2026,0x201C-0x201D,0x20AC --format lvgl -o F:/OneDrive/Desktop/GREEN_SMART_HOME/My_Invention/Ori/firmware/src/fonts/ori_font_hanken_28.c
 ******************************************************************************/

#ifdef LV_LVGL_H_INCLUDE_SIMPLE
#include "lvgl.h"
#else
#include "lvgl/lvgl.h"
#endif

#ifndef ORI_FONT_HANKEN_28
#define ORI_FONT_HANKEN_28 1
#endif

#if ORI_FONT_HANKEN_28

/*-----------------
 *    BITMAPS
 *----------------*/

/*Store the image of the glyphs*/
static LV_ATTRIBUTE_LARGE_CONST const uint8_t glyph_bitmap[] = {
    /* U+0020 " " */

    /* U+0021 "!" */
    0xe, 0xfc, 0xe, 0xfb, 0xd, 0xfb, 0xd, 0xfb,
    0xd, 0xfa, 0xc, 0xfa, 0xc, 0xfa, 0xc, 0xf9,
    0xb, 0xf9, 0xb, 0xf9, 0xb, 0xf8, 0xa, 0xf8,
    0xa, 0xf8, 0x7, 0xb5, 0x0, 0x0, 0x6, 0x65,
    0x2f, 0xff, 0x2f, 0xff, 0x2f, 0xff,

    /* U+0022 "\"" */
    0xaf, 0xa0, 0xf, 0xf5, 0xaf, 0xa0, 0xf, 0xf5,
    0xaf, 0xa0, 0xf, 0xf5, 0xaf, 0xa0, 0xf, 0xf5,
    0xaf, 0xa0, 0xf, 0xf5, 0xaf, 0xa0, 0xf, 0xf5,
    0xaf, 0xa0, 0xf, 0xf5, 0x9e, 0x90, 0xe, 0xe4,

    /* U+0023 "#" */
    0x0, 0x0, 0x0, 0x7f, 0xb0, 0x0, 0x4f, 0xe0,
    0x0, 0x0, 0x0, 0x0, 0xbf, 0x70, 0x0, 0x8f,
    0xa0, 0x0, 0x0, 0x0, 0x0, 0xef, 0x30, 0x0,
    0xcf, 0x60, 0x0, 0x0, 0x0, 0x3, 0xff, 0x0,
    0x0, 0xff, 0x20, 0x0, 0x0, 0x0, 0x7, 0xfb,
    0x0, 0x3, 0xfe, 0x0, 0x0, 0x7, 0xff, 0xff,
    0xff, 0xff, 0xff, 0xff, 0xff, 0xf1, 0x7, 0xff,
    0xff, 0xff, 0xff, 0xff, 0xff, 0xff, 0xf1, 0x0,
    0x11, 0x2f, 0xf2, 0x11, 0x1e, 0xf5, 0x11, 0x10,
    0x0, 0x0, 0x4f, 0xd0, 0x0, 0x1f, 0xf0, 0x0,
    0x0, 0x0, 0x0, 0x8f, 0xa0, 0x0, 0x5f, 0xc0,
    0x0, 0x0, 0x0, 0x0, 0xcf, 0x60, 0x0, 0x8f,
    0x90, 0x0, 0x0, 0x9f, 0xff, 0xff, 0xff, 0xff,
    0xff, 0xff, 0xff, 0x0, 0x9f, 0xff, 0xff, 0xff,
    0xff, 0xff, 0xff, 0xff, 0x0, 0x0, 0x6, 0xfb,
    0x0, 0x3, 0xfe, 0x0, 0x0, 0x0, 0x0, 0x9,
    0xf8, 0x0, 0x6, 0xfb, 0x0, 0x0, 0x0, 0x0,
    0xd, 0xf5, 0x0, 0xa, 0xf8, 0x0, 0x0, 0x0,
    0x0, 0xf, 0xf1, 0x0, 0xd, 0xf4, 0x0, 0x0,
    0x0, 0x0, 0x3f, 0xe0, 0x0, 0x1f, 0xf1, 0x0,
    0x0, 0x0, 0x0, 0x6f, 0xb0, 0x0, 0x4f, 0xe0,
    0x0, 0x0, 0x0,

    /* U+0024 "$" */
    0x0, 0x0, 0x0, 0x1f, 0xf0, 0x0, 0x0, 0x0,
    0x0, 0x0, 0x1, 0xff, 0x0, 0x0, 0x0, 0x0,
    0x0, 0x0, 0x1f, 0xf0, 0x0, 0x0, 0x0, 0x0,
    0x0, 0x1, 0xff, 0x0, 0x0, 0x0, 0x0, 0x0,
    0x18, 0xdf, 0xfd, 0x82, 0x0, 0x0, 0x0, 0x5f,
    0xff, 0xff, 0xff, 0xf5, 0x0, 0x0, 0x2f, 0xff,
    0xb7, 0x7b, 0xff, 0xf4, 0x0, 0x9, 0xff, 0x70,
    0x0, 0x5, 0xfe, 0x50, 0x0, 0xcf, 0xf1, 0x0,
    0x0, 0x4, 0x0, 0x0, 0xc, 0xff, 0x20, 0x0,
    0x0, 0x0, 0x0, 0x0, 0x8f, 0xfc, 0x10, 0x0,
    0x0, 0x0, 0x0, 0x1, 0xdf, 0xff, 0x93, 0x0,
    0x0, 0x0, 0x0, 0x1, 0xbf, 0xff, 0xfd, 0x60,
    0x0, 0x0, 0x0, 0x0, 0x4b, 0xff, 0xff, 0xe5,
    0x0, 0x0, 0x0, 0x0, 0x2, 0x8e, 0xff, 0xf7,
    0x0, 0x0, 0x0, 0x0, 0x0, 0x7, 0xff, 0xf2,
    0x0, 0x0, 0x0, 0x0, 0x0, 0x7, 0xff, 0x80,
    0x9d, 0xe0, 0x0, 0x0, 0x0, 0x3f, 0xfa, 0xd,
    0xff, 0x50, 0x0, 0x0, 0x5, 0xff, 0x80, 0x6f,
    0xff, 0x50, 0x0, 0x2, 0xef, 0xf3, 0x0, 0xbf,
    0xff, 0xda, 0x8b, 0xff, 0xfb, 0x0, 0x0, 0xaf,
    0xff, 0xff, 0xff, 0xfa, 0x0, 0x0, 0x0, 0x39,
    0xef, 0xfd, 0xa4, 0x0, 0x0, 0x0, 0x0, 0x1,
    0xff, 0x0, 0x0, 0x0, 0x0, 0x0, 0x0, 0x1f,
    0xf0, 0x0, 0x0, 0x0, 0x0, 0x0, 0x1, 0xff,
    0x0, 0x0, 0x0,

    /* U+0025 "%" */
    0x0, 0x7d, 0xfe, 0x80, 0x0, 0x0, 0x0, 0xbf,
    0x40, 0x0, 0xbf, 0xfe, 0xff, 0xd1, 0x0, 0x0,
    0x6f, 0x90, 0x0, 0x5f, 0xd2, 0x1, 0xbf, 0x80,
    0x0, 0x1f, 0xe0, 0x0, 0x9, 0xf4, 0x0, 0x1,
    0xfd, 0x0, 0xb, 0xf4, 0x0, 0x0, 0x9f, 0x40,
    0x0, 0x1f, 0xd0, 0x5, 0xf9, 0x0, 0x0, 0x5,
    0xfd, 0x20, 0x1b, 0xf8, 0x1, 0xee, 0x0, 0x0,
    0x0, 0xb, 0xff, 0xef, 0xfd, 0x10, 0xaf, 0x40,
    0x0, 0x0, 0x0, 0x7, 0xdf, 0xe9, 0x10, 0x5f,
    0xa0, 0x0, 0x0, 0x0, 0x0, 0x0, 0x0, 0x0,
    0x1e, 0xe1, 0x0, 0x0, 0x0, 0x0, 0x0, 0x0,
    0x0, 0xa, 0xf5, 0x0, 0x0, 0x0, 0x0, 0x0,
    0x0, 0x0, 0x4, 0xfa, 0x1, 0xae, 0xfc, 0x40,
    0x0, 0x0, 0x0, 0x1, 0xee, 0x11, 0xef, 0xee,
    0xff, 0x50, 0x0, 0x0, 0x0, 0x9f, 0x50, 0xaf,
    0x90, 0x4, 0xff, 0x0, 0x0, 0x0, 0x4f, 0xa0,
    0xf, 0xf0, 0x0, 0x9, 0xf5, 0x0, 0x0, 0xe,
    0xe1, 0x0, 0xfd, 0x0, 0x0, 0x6f, 0x60, 0x0,
    0x9, 0xf5, 0x0, 0xf, 0xf0, 0x0, 0x9, 0xf5,
    0x0, 0x4, 0xfb, 0x0, 0x0, 0xaf, 0xa0, 0x5,
    0xfe, 0x0, 0x0, 0xdf, 0x10, 0x0, 0x1, 0xef,
    0xfe, 0xff, 0x50, 0x0, 0x9f, 0x60, 0x0, 0x0,
    0x1, 0x9e, 0xfc, 0x40, 0x0,

    /* U+0026 "&" */
    0x0, 0x0, 0x7, 0xcf, 0xfd, 0x81, 0x0, 0x0,
    0x0, 0x0, 0x1, 0xdf, 0xff, 0xff, 0xfe, 0x10,
    0x0, 0x0, 0x0, 0xb, 0xff, 0x93, 0x38, 0xff,
    0xa0, 0x0, 0x0, 0x0, 0x1f, 0xfb, 0x0, 0x0,
    0xcf, 0xe0, 0x0, 0x0, 0x0, 0x2f, 0xf7, 0x0,
    0x0, 0xbf, 0xd0, 0x0, 0x0, 0x0, 0xf, 0xfb,
    0x0, 0x1, 0xff, 0x90, 0x0, 0x0, 0x0, 0x9,
    0xff, 0x40, 0x2d, 0xff, 0x20, 0x0, 0x0, 0x0,
    0x1, 0xef, 0xf9, 0xff, 0xf4, 0x0, 0x0, 0x0,
    0x0, 0x0, 0x3f, 0xff, 0xfc, 0x20, 0x0, 0x0,
    0x0, 0x0, 0x3, 0xcf, 0xff, 0xf4, 0x0, 0x0,
    0xdc, 0x60, 0x0, 0x7f, 0xff, 0xbf, 0xff, 0x30,
    0x2, 0xff, 0x60, 0x7, 0xff, 0xd2, 0x4, 0xff,
    0xe2, 0x8, 0xff, 0x20, 0x2f, 0xfd, 0x0, 0x0,
    0x5f, 0xfe, 0x2e, 0xfc, 0x0, 0x7f, 0xf5, 0x0,
    0x0, 0x7, 0xff, 0xff, 0xf5, 0x0, 0x8f, 0xf5,
    0x0, 0x0, 0x0, 0x8f, 0xff, 0xe0, 0x0, 0x6f,
    0xfc, 0x0, 0x0, 0x0, 0x7f, 0xff, 0xe0, 0x0,
    0xe, 0xff, 0xe8, 0x66, 0x9e, 0xff, 0xff, 0xfb,
    0x0, 0x3, 0xef, 0xff, 0xff, 0xff, 0xfc, 0x3c,
    0xff, 0x90, 0x0, 0x7, 0xbe, 0xff, 0xda, 0x40,
    0x1, 0xdf, 0x70, 0x0, 0x0, 0x0, 0x0, 0x0,
    0x0, 0x0, 0x24, 0x0,

    /* U+0027 "'" */
    0xaf, 0xba, 0xfb, 0xaf, 0xba, 0xfb, 0xaf, 0xba,
    0xfb, 0xaf, 0xb9, 0xea,

    /* U+0028 "(" */
    0x0, 0x2, 0xff, 0x50, 0x0, 0xbf, 0xa0, 0x0,
    0x3f, 0xf2, 0x0, 0xa, 0xfb, 0x0, 0x0, 0xff,
    0x50, 0x0, 0x4f, 0xf0, 0x0, 0x8, 0xfb, 0x0,
    0x0, 0xcf, 0x70, 0x0, 0xe, 0xf4, 0x0, 0x0,
    0xff, 0x20, 0x0, 0x2f, 0xf0, 0x0, 0x2, 0xff,
    0x0, 0x0, 0x3f, 0xf0, 0x0, 0x2, 0xff, 0x0,
    0x0, 0x1f, 0xf1, 0x0, 0x0, 0xff, 0x20, 0x0,
    0xe, 0xf5, 0x0, 0x0, 0xbf, 0x80, 0x0, 0x8,
    0xfc, 0x0, 0x0, 0x4f, 0xf0, 0x0, 0x0, 0xef,
    0x60, 0x0, 0x9, 0xfb, 0x0, 0x0, 0x4f, 0xf2,
    0x0, 0x0, 0xcf, 0xa0, 0x0, 0x3, 0xff, 0x40,

    /* U+0029 ")" */
    0x9f, 0xd0, 0x0, 0xe, 0xf7, 0x0, 0x6, 0xfe,
    0x0, 0x0, 0xef, 0x60, 0x0, 0x9f, 0xb0, 0x0,
    0x3f, 0xf0, 0x0, 0xf, 0xf4, 0x0, 0xc, 0xf7,
    0x0, 0x9, 0xfa, 0x0, 0x7, 0xfc, 0x0, 0x5,
    0xfd, 0x0, 0x4, 0xfe, 0x0, 0x4, 0xfe, 0x0,
    0x5, 0xfd, 0x0, 0x6, 0xfc, 0x0, 0x7, 0xfb,
    0x0, 0xa, 0xf9, 0x0, 0xd, 0xf6, 0x0, 0xf,
    0xf3, 0x0, 0x4f, 0xf0, 0x0, 0xaf, 0xa0, 0x0,
    0xff, 0x50, 0x6, 0xfe, 0x0, 0xe, 0xf8, 0x0,
    0x8f, 0xe0, 0x0,

    /* U+002A "*" */
    0x0, 0x3, 0xf5, 0x0, 0x0, 0x0, 0x2, 0xf4,
    0x0, 0x0, 0x66, 0x0, 0xf3, 0x5, 0x70, 0xbf,
    0xe8, 0xf8, 0xef, 0xe0, 0x2, 0x6b, 0xfd, 0x73,
    0x0, 0x0, 0x1d, 0xae, 0x20, 0x0, 0x0, 0xcd,
    0xa, 0xd1, 0x0, 0x6, 0xf3, 0x1, 0xf9, 0x0,
    0x0, 0x40, 0x0, 0x30, 0x0,

    /* U+002B "+" */
    0x0, 0x0, 0x4, 0xff, 0x0, 0x0, 0x0, 0x0,
    0x0, 0x4, 0xff, 0x0, 0x0, 0x0, 0x0, 0x0,
    0x4, 0xff, 0x0, 0x0, 0x0, 0x0, 0x0, 0x4,
    0xff, 0x0, 0x0, 0x0, 0x0, 0x0, 0x4, 0xff,
    0x0, 0x0, 0x0, 0x0, 0x0, 0x4, 0xff, 0x0,
    0x0, 0x0, 0xef, 0xff, 0xff, 0xff, 0xff, 0xff,
    0xf9, 0xef, 0xff, 0xff, 0xff, 0xff, 0xff, 0xf9,
    0x22, 0x22, 0x25, 0xff, 0x22, 0x22, 0x21, 0x0,
    0x0, 0x4, 0xff, 0x0, 0x0, 0x0, 0x0, 0x0,
    0x4, 0xff, 0x0, 0x0, 0x0, 0x0, 0x0, 0x4,
    0xff, 0x0, 0x0, 0x0, 0x0, 0x0, 0x4, 0xff,
    0x0, 0x0, 0x0, 0x0, 0x0, 0x4, 0xff, 0x0,
    0x0, 0x0,

    /* U+002C "," */
    0x0, 0x7, 0x87, 0x0, 0x3, 0xff, 0xa0, 0x0,
    0x8f, 0xf4, 0x0, 0xc, 0xfd, 0x0, 0x1, 0xff,
    0x60, 0x0, 0x5f, 0xf0, 0x0, 0xa, 0xf9, 0x0,
    0x0, 0xef, 0x20, 0x0, 0x3f, 0xb0, 0x0, 0x0,

    /* U+002D "-" */
    0x0, 0x0, 0x0, 0x0, 0xef, 0xff, 0xff, 0xf1,
    0xef, 0xff, 0xff, 0xf1,

    /* U+002E "." */
    0x16, 0x65, 0x3f, 0xfe, 0x3f, 0xfe, 0x3f, 0xfe,

    /* U+002F "/" */
    0x0, 0x0, 0x0, 0x0, 0x0, 0x8f, 0x90, 0x0,
    0x0, 0x0, 0x0, 0xe, 0xf3, 0x0, 0x0, 0x0,
    0x0, 0x4, 0xfc, 0x0, 0x0, 0x0, 0x0, 0x0,
    0xbf, 0x60, 0x0, 0x0, 0x0, 0x0, 0x1f, 0xf0,
    0x0, 0x0, 0x0, 0x0, 0x8, 0xf9, 0x0, 0x0,
    0x0, 0x0, 0x0, 0xef, 0x30, 0x0, 0x0, 0x0,
    0x0, 0x4f, 0xc0, 0x0, 0x0, 0x0, 0x0, 0xb,
    0xf6, 0x0, 0x0, 0x0, 0x0, 0x1, 0xff, 0x0,
    0x0, 0x0, 0x0, 0x0, 0x8f, 0x90, 0x0, 0x0,
    0x0, 0x0, 0xe, 0xf2, 0x0, 0x0, 0x0, 0x0,
    0x4, 0xfc, 0x0, 0x0, 0x0, 0x0, 0x0, 0xbf,
    0x60, 0x0, 0x0, 0x0, 0x0, 0x1f, 0xe0, 0x0,
    0x0, 0x0, 0x0, 0x8, 0xf9, 0x0, 0x0, 0x0,
    0x0, 0x0, 0xef, 0x20, 0x0, 0x0, 0x0, 0x0,
    0x4f, 0xc0, 0x0, 0x0, 0x0, 0x0, 0xb, 0xf5,
    0x0, 0x0, 0x0, 0x0, 0x1, 0xfe, 0x0, 0x0,
    0x0, 0x0, 0x0, 0x8f, 0x80, 0x0, 0x0, 0x0,
    0x0, 0xe, 0xf2, 0x0, 0x0, 0x0, 0x0, 0x5,
    0xfc, 0x0, 0x0, 0x0, 0x0, 0x0, 0xbf, 0x50,
    0x0, 0x0, 0x0, 0x0, 0x1f, 0xe0, 0x0, 0x0,
    0x0, 0x0, 0x0,

    /* U+0030 "0" */
    0x0, 0x2, 0x9d, 0xfe, 0xc7, 0x0, 0x0, 0x0,
    0x5f, 0xff, 0xff, 0xff, 0xd1, 0x0, 0x2, 0xff,
    0xfe, 0xab, 0xff, 0xfc, 0x0, 0xa, 0xff, 0xa0,
    0x0, 0x2e, 0xff, 0x50, 0xf, 0xfe, 0x0, 0x0,
    0x5, 0xff, 0xa0, 0x4f, 0xf9, 0x0, 0x0, 0x0,
    0xff, 0xe0, 0x7f, 0xf6, 0x0, 0x0, 0x0, 0xbf,
    0xf1, 0x8f, 0xf4, 0x0, 0x0, 0x0, 0x8f, 0xf3,
    0x9f, 0xf3, 0x0, 0x0, 0x0, 0x7f, 0xf4, 0xaf,
    0xf2, 0x0, 0x0, 0x0, 0x7f, 0xf5, 0x9f, 0xf3,
    0x0, 0x0, 0x0, 0x7f, 0xf4, 0x8f, 0xf4, 0x0,
    0x0, 0x0, 0x8f, 0xf3, 0x6f, 0xf6, 0x0, 0x0,
    0x0, 0xbf, 0xf1, 0x3f, 0xf9, 0x0, 0x0, 0x0,
    0xef, 0xe0, 0xf, 0xff, 0x10, 0x0, 0x4, 0xff,
    0xa0, 0xa, 0xff, 0xa0, 0x0, 0x2e, 0xff, 0x40,
    0x2, 0xff, 0xfe, 0xab, 0xff, 0xfb, 0x0, 0x0,
    0x4f, 0xff, 0xff, 0xff, 0xd1, 0x0, 0x0, 0x2,
    0x9d, 0xff, 0xc7, 0x0, 0x0,

    /* U+0031 "1" */
    0x0, 0x0, 0x0, 0xff, 0xb0, 0x0, 0x0, 0x1f,
    0xfb, 0x2, 0x22, 0x39, 0xff, 0xb1, 0xff, 0xff,
    0xff, 0xfb, 0x1f, 0xff, 0xff, 0xff, 0xb0, 0x0,
    0x0, 0xf, 0xfb, 0x0, 0x0, 0x0, 0xff, 0xb0,
    0x0, 0x0, 0xf, 0xfb, 0x0, 0x0, 0x0, 0xff,
    0xb0, 0x0, 0x0, 0xf, 0xfb, 0x0, 0x0, 0x0,
    0xff, 0xb0, 0x0, 0x0, 0xf, 0xfb, 0x0, 0x0,
    0x0, 0xff, 0xb0, 0x0, 0x0, 0xf, 0xfb, 0x0,
    0x0, 0x0, 0xff, 0xb0, 0x0, 0x0, 0xf, 0xfb,
    0x0, 0x0, 0x0, 0xff, 0xb0, 0x0, 0x0, 0xf,
    0xfb, 0x0, 0x0, 0x0, 0xff, 0xb0,

    /* U+0032 "2" */
    0x0, 0x3, 0xae, 0xfe, 0xb6, 0x0, 0x0, 0x0,
    0x8f, 0xff, 0xff, 0xff, 0xc1, 0x0, 0x7, 0xff,
    0xfd, 0xbc, 0xff, 0xfb, 0x0, 0x1f, 0xff, 0x40,
    0x0, 0x2e, 0xff, 0x30, 0x7f, 0xf7, 0x0, 0x0,
    0x5, 0xff, 0x80, 0xbf, 0xf1, 0x0, 0x0, 0x1,
    0xff, 0x90, 0x8c, 0xc0, 0x0, 0x0, 0x1, 0xff,
    0x90, 0x0, 0x0, 0x0, 0x0, 0x4, 0xff, 0x70,
    0x0, 0x0, 0x0, 0x0, 0xa, 0xff, 0x20, 0x0,
    0x0, 0x0, 0x0, 0x4f, 0xfb, 0x0, 0x0, 0x0,
    0x0, 0x1, 0xef, 0xf2, 0x0, 0x0, 0x0, 0x0,
    0x1d, 0xff, 0x60, 0x0, 0x0, 0x0, 0x2, 0xef,
    0xf7, 0x0, 0x0, 0x0, 0x0, 0x4e, 0xff, 0x70,
    0x0, 0x0, 0x0, 0x8, 0xff, 0xe3, 0x0, 0x0,
    0x0, 0x1, 0xcf, 0xfb, 0x10, 0x0, 0x0, 0x0,
    0x5f, 0xff, 0xd8, 0x88, 0x88, 0x88, 0x83, 0xbf,
    0xff, 0xff, 0xff, 0xff, 0xff, 0xf7, 0xbf, 0xff,
    0xff, 0xff, 0xff, 0xff, 0xf7,

    /* U+0033 "3" */
    0x0, 0x0, 0x4a, 0xdf, 0xec, 0x70, 0x0, 0x0,
    0x0, 0xaf, 0xff, 0xff, 0xff, 0xe3, 0x0, 0x0,
    0x9f, 0xff, 0xca, 0xaf, 0xff, 0xe0, 0x0, 0x1f,
    0xfe, 0x30, 0x0, 0x1c, 0xff, 0x60, 0x5, 0xff,
    0x60, 0x0, 0x0, 0x3f, 0xf9, 0x0, 0x26, 0x61,
    0x0, 0x0, 0x2, 0xff, 0x80, 0x0, 0x0, 0x0,
    0x0, 0x0, 0x8f, 0xf3, 0x0, 0x0, 0x0, 0x0,
    0x35, 0xbf, 0xf7, 0x0, 0x0, 0x0, 0x0, 0x5f,
    0xff, 0xf4, 0x0, 0x0, 0x0, 0x0, 0x5, 0xff,
    0xff, 0xf9, 0x0, 0x0, 0x0, 0x0, 0x0, 0x24,
    0xbf, 0xfb, 0x0, 0x0, 0x0, 0x0, 0x0, 0x0,
    0x8f, 0xf6, 0x1, 0x10, 0x0, 0x0, 0x0, 0x1,
    0xff, 0xa5, 0xff, 0x60, 0x0, 0x0, 0x0, 0xf,
    0xfb, 0x2f, 0xfc, 0x0, 0x0, 0x0, 0x5, 0xff,
    0x80, 0xcf, 0xfa, 0x10, 0x0, 0x4, 0xef, 0xf3,
    0x3, 0xff, 0xff, 0xca, 0xad, 0xff, 0xf9, 0x0,
    0x4, 0xef, 0xff, 0xff, 0xff, 0xf9, 0x0, 0x0,
    0x0, 0x6b, 0xef, 0xed, 0x83, 0x0, 0x0,

    /* U+0034 "4" */
    0x0, 0x0, 0x0, 0x0, 0xa, 0xff, 0x30, 0x0,
    0x0, 0x0, 0x0, 0x0, 0x6f, 0xff, 0x30, 0x0,
    0x0, 0x0, 0x0, 0x3, 0xff, 0xff, 0x30, 0x0,
    0x0, 0x0, 0x0, 0xd, 0xff, 0xff, 0x30, 0x0,
    0x0, 0x0, 0x0, 0xaf, 0xc9, 0xff, 0x30, 0x0,
    0x0, 0x0, 0x6, 0xff, 0x29, 0xff, 0x30, 0x0,
    0x0, 0x0, 0x3f, 0xf5, 0x9, 0xff, 0x30, 0x0,
    0x0, 0x1, 0xdf, 0x90, 0x9, 0xff, 0x30, 0x0,
    0x0, 0xa, 0xfd, 0x0, 0x9, 0xff, 0x30, 0x0,
    0x0, 0x7f, 0xf2, 0x0, 0x9, 0xff, 0x30, 0x0,
    0x3, 0xff, 0x60, 0x0, 0x9, 0xff, 0x30, 0x0,
    0x1e, 0xfa, 0x0, 0x0, 0x9, 0xff, 0x30, 0x0,
    0x9f, 0xff, 0xff, 0xff, 0xff, 0xff, 0xff, 0xf5,
    0xaf, 0xff, 0xff, 0xff, 0xff, 0xff, 0xff, 0xf5,
    0x59, 0x99, 0x99, 0x99, 0x9c, 0xff, 0xa9, 0x92,
    0x0, 0x0, 0x0, 0x0, 0x9, 0xff, 0x30, 0x0,
    0x0, 0x0, 0x0, 0x0, 0x9, 0xff, 0x30, 0x0,
    0x0, 0x0, 0x0, 0x0, 0x9, 0xff, 0x30, 0x0,
    0x0, 0x0, 0x0, 0x0, 0x9, 0xff, 0x30, 0x0,

    /* U+0035 "5" */
    0x0, 0xc, 0xff, 0xff, 0xff, 0xff, 0xfd, 0x0,
    0x0, 0xff, 0xff, 0xff, 0xff, 0xff, 0xd0, 0x0,
    0x2f, 0xff, 0x88, 0x88, 0x88, 0x87, 0x0, 0x5,
    0xff, 0x50, 0x0, 0x0, 0x0, 0x0, 0x0, 0x8f,
    0xf2, 0x0, 0x0, 0x0, 0x0, 0x0, 0xc, 0xff,
    0x4, 0x78, 0x62, 0x0, 0x0, 0x0, 0xff, 0xfd,
    0xff, 0xff, 0xfa, 0x10, 0x0, 0x2f, 0xff, 0xff,
    0xff, 0xff, 0xfe, 0x10, 0x5, 0xff, 0xfb, 0x30,
    0x15, 0xdf, 0xfb, 0x0, 0x3a, 0xe9, 0x0, 0x0,
    0x1, 0xef, 0xf3, 0x0, 0x0, 0x0, 0x0, 0x0,
    0x6, 0xff, 0x80, 0x0, 0x0, 0x0, 0x0, 0x0,
    0x3f, 0xfa, 0x0, 0x12, 0x0, 0x0, 0x0, 0x3,
    0xff, 0xa0, 0xdf, 0xc0, 0x0, 0x0, 0x0, 0x6f,
    0xf8, 0xb, 0xff, 0x40, 0x0, 0x0, 0xd, 0xff,
    0x40, 0x4f, 0xfe, 0x30, 0x0, 0x1b, 0xff, 0xc0,
    0x0, 0x9f, 0xff, 0xca, 0xbf, 0xff, 0xf2, 0x0,
    0x0, 0x8f, 0xff, 0xff, 0xff, 0xe3, 0x0, 0x0,
    0x0, 0x39, 0xdf, 0xec, 0x70, 0x0, 0x0,

    /* U+0036 "6" */
    0x0, 0x0, 0x0, 0xe, 0xff, 0x30, 0x0, 0x0,
    0x0, 0x0, 0x9, 0xff, 0x70, 0x0, 0x0, 0x0,
    0x0, 0x3, 0xff, 0xc0, 0x0, 0x0, 0x0, 0x0,
    0x0, 0xdf, 0xf2, 0x0, 0x0, 0x0, 0x0, 0x0,
    0x7f, 0xf6, 0x0, 0x0, 0x0, 0x0, 0x0, 0x2f,
    0xfb, 0x0, 0x0, 0x0, 0x0, 0x0, 0xb, 0xff,
    0xef, 0xec, 0x60, 0x0, 0x0, 0x6, 0xff, 0xff,
    0xff, 0xff, 0xc2, 0x0, 0x1, 0xef, 0xfd, 0x87,
    0x9e, 0xff, 0xd0, 0x0, 0x9f, 0xf9, 0x0, 0x0,
    0xb, 0xff, 0x80, 0x1f, 0xfc, 0x0, 0x0, 0x0,
    0xe, 0xfe, 0x6, 0xff, 0x60, 0x0, 0x0, 0x0,
    0x9f, 0xf2, 0x8f, 0xf4, 0x0, 0x0, 0x0, 0x8,
    0xff, 0x36, 0xff, 0x70, 0x0, 0x0, 0x0, 0xaf,
    0xf2, 0x3f, 0xfd, 0x0, 0x0, 0x0, 0x2f, 0xfe,
    0x0, 0xcf, 0xfb, 0x10, 0x0, 0x2d, 0xff, 0x70,
    0x2, 0xef, 0xff, 0xb9, 0xcf, 0xff, 0xc0, 0x0,
    0x2, 0xdf, 0xff, 0xff, 0xff, 0xa0, 0x0, 0x0,
    0x0, 0x6b, 0xef, 0xda, 0x40, 0x0, 0x0,

    /* U+0037 "7" */
    0x3f, 0xff, 0xff, 0xff, 0xff, 0xff, 0xff, 0xd3,
    0xff, 0xff, 0xff, 0xff, 0xff, 0xff, 0xfd, 0x18,
    0x88, 0x88, 0x88, 0x88, 0x8f, 0xff, 0x90, 0x0,
    0x0, 0x0, 0x0, 0x0, 0xef, 0xf1, 0x0, 0x0,
    0x0, 0x0, 0x0, 0x7f, 0xf8, 0x0, 0x0, 0x0,
    0x0, 0x0, 0x1f, 0xfe, 0x0, 0x0, 0x0, 0x0,
    0x0, 0x9, 0xff, 0x70, 0x0, 0x0, 0x0, 0x0,
    0x2, 0xff, 0xe0, 0x0, 0x0, 0x0, 0x0, 0x0,
    0xaf, 0xf6, 0x0, 0x0, 0x0, 0x0, 0x0, 0x2f,
    0xfd, 0x0, 0x0, 0x0, 0x0, 0x0, 0xb, 0xff,
    0x50, 0x0, 0x0, 0x0, 0x0, 0x3, 0xff, 0xc0,
    0x0, 0x0, 0x0, 0x0, 0x0, 0xcf, 0xf4, 0x0,
    0x0, 0x0, 0x0, 0x0, 0x4f, 0xfb, 0x0, 0x0,
    0x0, 0x0, 0x0, 0xd, 0xff, 0x30, 0x0, 0x0,
    0x0, 0x0, 0x6, 0xff, 0xa0, 0x0, 0x0, 0x0,
    0x0, 0x0, 0xef, 0xf2, 0x0, 0x0, 0x0, 0x0,
    0x0, 0x7f, 0xf9, 0x0, 0x0, 0x0, 0x0, 0x0,
    0xe, 0xff, 0x10, 0x0, 0x0, 0x0, 0x0,

    /* U+0038 "8" */
    0x0, 0x0, 0x29, 0xdf, 0xfc, 0x81, 0x0, 0x0,
    0x0, 0x8f, 0xff, 0xff, 0xff, 0xf4, 0x0, 0x0,
    0x7f, 0xff, 0xca, 0xae, 0xff, 0xf2, 0x0, 0xe,
    0xff, 0x50, 0x0, 0x9, 0xff, 0x90, 0x0, 0xff,
    0xb0, 0x0, 0x0, 0xf, 0xfb, 0x0, 0xf, 0xfc,
    0x0, 0x0, 0x1, 0xff, 0xa0, 0x0, 0x8f, 0xf9,
    0x10, 0x2, 0xcf, 0xf3, 0x0, 0x0, 0x8f, 0xff,
    0xee, 0xff, 0xe4, 0x0, 0x0, 0x1b, 0xff, 0xff,
    0xff, 0xff, 0x80, 0x0, 0x1d, 0xff, 0x93, 0x1,
    0x4c, 0xff, 0x90, 0x8, 0xff, 0x60, 0x0, 0x0,
    0xb, 0xff, 0x30, 0xef, 0xd0, 0x0, 0x0, 0x0,
    0x2f, 0xf9, 0xf, 0xfa, 0x0, 0x0, 0x0, 0x0,
    0xff, 0xb0, 0xff, 0xb0, 0x0, 0x0, 0x0, 0xf,
    0xfb, 0xe, 0xff, 0x10, 0x0, 0x0, 0x6, 0xff,
    0x80, 0x8f, 0xfd, 0x20, 0x0, 0x5, 0xff, 0xf2,
    0x0, 0xdf, 0xff, 0xca, 0xad, 0xff, 0xf8, 0x0,
    0x1, 0xbf, 0xff, 0xff, 0xff, 0xf8, 0x0, 0x0,
    0x0, 0x4a, 0xdf, 0xfd, 0x82, 0x0, 0x0,

    /* U+0039 "9" */
    0x0, 0x0, 0x39, 0xdf, 0xec, 0x71, 0x0, 0x0,
    0x0, 0x9f, 0xff, 0xff, 0xff, 0xe4, 0x0, 0x0,
    0xaf, 0xff, 0xca, 0xae, 0xff, 0xf4, 0x0, 0x5f,
    0xfe, 0x30, 0x0, 0x8, 0xff, 0xe0, 0xc, 0xff,
    0x30, 0x0, 0x0, 0x9, 0xff, 0x60, 0xff, 0xd0,
    0x0, 0x0, 0x0, 0x3f, 0xf9, 0xf, 0xfb, 0x0,
    0x0, 0x0, 0x1, 0xff, 0xb0, 0xef, 0xe0, 0x0,
    0x0, 0x0, 0x5f, 0xf9, 0x9, 0xff, 0x80, 0x0,
    0x0, 0xd, 0xff, 0x40, 0x2f, 0xff, 0xa3, 0x1,
    0x5d, 0xff, 0xc0, 0x0, 0x4f, 0xff, 0xff, 0xff,
    0xff, 0xf3, 0x0, 0x0, 0x2b, 0xff, 0xff, 0xff,
    0xf9, 0x0, 0x0, 0x0, 0x1, 0x45, 0x7f, 0xfe,
    0x0, 0x0, 0x0, 0x0, 0x0, 0xc, 0xff, 0x50,
    0x0, 0x0, 0x0, 0x0, 0x7, 0xff, 0xa0, 0x0,
    0x0, 0x0, 0x0, 0x2, 0xff, 0xf1, 0x0, 0x0,
    0x0, 0x0, 0x0, 0xbf, 0xf6, 0x0, 0x0, 0x0,
    0x0, 0x0, 0x5f, 0xfc, 0x0, 0x0, 0x0, 0x0,
    0x0, 0x1e, 0xff, 0x20, 0x0, 0x0, 0x0,

    /* U+003A ":" */
    0x3f, 0xfe, 0x3f, 0xfe, 0x3f, 0xfe, 0x16, 0x65,
    0x0, 0x0, 0x0, 0x0, 0x0, 0x0, 0x0, 0x0,
    0x0, 0x0, 0x16, 0x65, 0x3f, 0xfe, 0x3f, 0xfe,
    0x3f, 0xfe,

    /* U+003B ";" */
    0x0, 0x46, 0x62, 0x0, 0xcf, 0xf6, 0x0, 0xcf,
    0xf6, 0x0, 0xcf, 0xf6, 0x0, 0x0, 0x0, 0x0,
    0x0, 0x0, 0x0, 0x0, 0x0, 0x0, 0x0, 0x0,
    0x0, 0x0, 0x0, 0x0, 0x0, 0x0, 0x0, 0x7e,
    0xe6, 0x0, 0xdf, 0xf1, 0x1, 0xff, 0x90, 0x6,
    0xff, 0x20, 0xb, 0xfa, 0x0, 0xf, 0xf3, 0x0,
    0x5f, 0xc0, 0x0, 0xaf, 0x40, 0x0,

    /* U+003C "<" */
    0x0, 0x0, 0x0, 0x0, 0x0, 0x0, 0x4, 0x60,
    0x0, 0x0, 0x0, 0x0, 0x1, 0x7e, 0xfa, 0x0,
    0x0, 0x0, 0x0, 0x4b, 0xff, 0xff, 0x70, 0x0,
    0x0, 0x17, 0xef, 0xff, 0xc6, 0x0, 0x0, 0x4,
    0xbf, 0xff, 0xe9, 0x20, 0x0, 0x1, 0x7e, 0xff,
    0xfc, 0x50, 0x0, 0x0, 0x0, 0x4f, 0xfe, 0x82,
    0x0, 0x0, 0x0, 0x0, 0x4, 0xff, 0xb4, 0x0,
    0x0, 0x0, 0x0, 0x0, 0x2b, 0xff, 0xfe, 0x81,
    0x0, 0x0, 0x0, 0x0, 0x1, 0x8e, 0xff, 0xfb,
    0x50, 0x0, 0x0, 0x0, 0x0, 0x5, 0xbf, 0xff,
    0xe8, 0x20, 0x0, 0x0, 0x0, 0x0, 0x28, 0xef,
    0xff, 0xb4, 0x0, 0x0, 0x0, 0x0, 0x0, 0x5b,
    0xff, 0xa0, 0x0, 0x0, 0x0, 0x0, 0x0, 0x2,
    0x89,

    /* U+003D "=" */
    0x22, 0x22, 0x22, 0x22, 0x22, 0x21, 0xcf, 0xff,
    0xff, 0xff, 0xff, 0xf8, 0xcf, 0xff, 0xff, 0xff,
    0xff, 0xf8, 0x0, 0x0, 0x0, 0x0, 0x0, 0x0,
    0x0, 0x0, 0x0, 0x0, 0x0, 0x0, 0x0, 0x0,
    0x0, 0x0, 0x0, 0x0, 0x22, 0x22, 0x22, 0x22,
    0x22, 0x21, 0xcf, 0xff, 0xff, 0xff, 0xff, 0xf8,
    0xcf, 0xff, 0xff, 0xff, 0xff, 0xf8,

    /* U+003E ">" */
    0x82, 0x0, 0x0, 0x0, 0x0, 0x0, 0x0, 0xff,
    0xc5, 0x0, 0x0, 0x0, 0x0, 0x0, 0xbf, 0xff,
    0xe9, 0x20, 0x0, 0x0, 0x0, 0x2, 0x8e, 0xff,
    0xfc, 0x50, 0x0, 0x0, 0x0, 0x0, 0x5b, 0xff,
    0xfe, 0x92, 0x0, 0x0, 0x0, 0x0, 0x17, 0xef,
    0xff, 0xc5, 0x0, 0x0, 0x0, 0x0, 0x4, 0xaf,
    0xff, 0x0, 0x0, 0x0, 0x0, 0x1, 0x6e, 0xff,
    0x0, 0x0, 0x0, 0x3, 0xaf, 0xff, 0xf9, 0x0,
    0x0, 0x17, 0xdf, 0xff, 0xc6, 0x0, 0x0, 0x4a,
    0xff, 0xff, 0x93, 0x0, 0x0, 0x7d, 0xff, 0xfc,
    0x60, 0x0, 0x0, 0x0, 0xff, 0xf9, 0x30, 0x0,
    0x0, 0x0, 0x0, 0xc6, 0x0, 0x0, 0x0, 0x0,
    0x0, 0x0,

    /* U+003F "?" */
    0x0, 0x7, 0xce, 0xfe, 0xa5, 0x0, 0x0, 0x3e,
    0xff, 0xff, 0xff, 0xfa, 0x0, 0x1e, 0xff, 0xa6,
    0x57, 0xdf, 0xf7, 0x7, 0xff, 0x40, 0x0, 0x0,
    0xcf, 0xe0, 0xbf, 0xb0, 0x0, 0x0, 0x5, 0xff,
    0x8, 0xa5, 0x0, 0x0, 0x0, 0x5f, 0xf0, 0x0,
    0x0, 0x0, 0x0, 0xc, 0xfd, 0x0, 0x0, 0x0,
    0x0, 0x1c, 0xff, 0x40, 0x0, 0x0, 0x0, 0x4e,
    0xff, 0x70, 0x0, 0x0, 0x0, 0x2f, 0xfe, 0x40,
    0x0, 0x0, 0x0, 0xc, 0xfe, 0x10, 0x0, 0x0,
    0x0, 0x0, 0xff, 0x60, 0x0, 0x0, 0x0, 0x0,
    0xf, 0xf4, 0x0, 0x0, 0x0, 0x0, 0x0, 0x77,
    0x20, 0x0, 0x0, 0x0, 0x0, 0x0, 0x0, 0x0,
    0x0, 0x0, 0x0, 0x2, 0x66, 0x40, 0x0, 0x0,
    0x0, 0x0, 0x6f, 0xfb, 0x0, 0x0, 0x0, 0x0,
    0x6, 0xff, 0xb0, 0x0, 0x0, 0x0, 0x0, 0x6f,
    0xfb, 0x0, 0x0, 0x0,

    /* U+0040 "@" */
    0x0, 0x0, 0x0, 0x5, 0xad, 0xef, 0xec, 0x82,
    0x0, 0x0, 0x0, 0x0, 0x0, 0x6, 0xef, 0xff,
    0xff, 0xff, 0xff, 0xb2, 0x0, 0x0, 0x0, 0x0,
    0xaf, 0xfd, 0x72, 0x10, 0x14, 0x8f, 0xff, 0x50,
    0x0, 0x0, 0xb, 0xff, 0x50, 0x0, 0x0, 0x0,
    0x1, 0x9f, 0xf5, 0x0, 0x0, 0x8f, 0xe2, 0x0,
    0x0, 0x0, 0x0, 0x0, 0x7, 0xff, 0x20, 0x2,
    0xff, 0x30, 0x1, 0x9d, 0xfd, 0x70, 0xbf, 0x70,
    0x9f, 0xb0, 0x9, 0xfa, 0x0, 0x2e, 0xff, 0xff,
    0xfb, 0xdf, 0x70, 0x1f, 0xf2, 0xe, 0xf2, 0x0,
    0xcf, 0xfa, 0x33, 0x9f, 0xff, 0x70, 0x9, 0xf7,
    0x3f, 0xe0, 0x4, 0xff, 0x90, 0x0, 0x9, 0xff,
    0x70, 0x5, 0xfb, 0x4f, 0xb0, 0x7, 0xff, 0x30,
    0x0, 0x2, 0xff, 0x70, 0x3, 0xfd, 0x6f, 0xa0,
    0x9, 0xff, 0x10, 0x0, 0x0, 0xff, 0x70, 0x2,
    0xfe, 0x5f, 0xb0, 0x7, 0xff, 0x20, 0x0, 0x2,
    0xff, 0x70, 0x3, 0xfd, 0x3f, 0xd0, 0x4, 0xff,
    0x90, 0x0, 0x8, 0xff, 0x80, 0x6, 0xfa, 0xf,
    0xf2, 0x0, 0xcf, 0xf8, 0x22, 0x8f, 0xff, 0xd2,
    0x3e, 0xf5, 0xa, 0xf9, 0x0, 0x2e, 0xff, 0xff,
    0xfe, 0x6f, 0xff, 0xff, 0xc0, 0x2, 0xff, 0x30,
    0x1, 0x9e, 0xfd, 0x81, 0x5, 0xcf, 0xe9, 0x10,
    0x0, 0x8f, 0xe2, 0x0, 0x0, 0x0, 0x0, 0x0,
    0x0, 0x0, 0x0, 0x0, 0xb, 0xff, 0x60, 0x0,
    0x0, 0x0, 0x1, 0x0, 0x0, 0x0, 0x0, 0x0,
    0xaf, 0xfd, 0x72, 0x10, 0x14, 0x9f, 0x50, 0x0,
    0x0, 0x0, 0x0, 0x5, 0xef, 0xff, 0xff, 0xff,
    0xff, 0x80, 0x0, 0x0, 0x0, 0x0, 0x0, 0x5,
    0xad, 0xef, 0xec, 0x82, 0x0, 0x0, 0x0,

    /* U+0041 "A" */
    0x0, 0x0, 0x0, 0x3, 0xff, 0x60, 0x0, 0x0,
    0x0, 0x0, 0x0, 0x0, 0x9, 0xff, 0xc0, 0x0,
    0x0, 0x0, 0x0, 0x0, 0x0, 0xf, 0xff, 0xf2,
    0x0, 0x0, 0x0, 0x0, 0x0, 0x0, 0x6f, 0xff,
    0xf9, 0x0, 0x0, 0x0, 0x0, 0x0, 0x0, 0xdf,
    0xeb, 0xff, 0x0, 0x0, 0x0, 0x0, 0x0, 0x3,
    0xff, 0x85, 0xff, 0x60, 0x0, 0x0, 0x0, 0x0,
    0x9, 0xff, 0x20, 0xef, 0xc0, 0x0, 0x0, 0x0,
    0x0, 0xf, 0xfc, 0x0, 0x9f, 0xf2, 0x0, 0x0,
    0x0, 0x0, 0x6f, 0xf6, 0x0, 0x3f, 0xf9, 0x0,
    0x0, 0x0, 0x0, 0xcf, 0xf1, 0x0, 0xd, 0xfe,
    0x0, 0x0, 0x0, 0x3, 0xff, 0xa0, 0x0, 0x7,
    0xff, 0x50, 0x0, 0x0, 0x9, 0xff, 0x40, 0x0,
    0x2, 0xff, 0xc0, 0x0, 0x0, 0xf, 0xff, 0xff,
    0xff, 0xff, 0xff, 0xf2, 0x0, 0x0, 0x6f, 0xff,
    0xff, 0xff, 0xff, 0xff, 0xf8, 0x0, 0x0, 0xcf,
    0xfb, 0x88, 0x88, 0x88, 0x9f, 0xfe, 0x0, 0x3,
    0xff, 0xd0, 0x0, 0x0, 0x0, 0xa, 0xff, 0x50,
    0x9, 0xff, 0x70, 0x0, 0x0, 0x0, 0x4, 0xff,
    0xc0, 0xf, 0xff, 0x10, 0x0, 0x0, 0x0, 0x0,
    0xef, 0xf2, 0x6f, 0xfb, 0x0, 0x0, 0x0, 0x0,
    0x0, 0x8f, 0xf8,

    /* U+0042 "B" */
    0xef, 0xff, 0xff, 0xff, 0xc8, 0x20, 0x0, 0xef,
    0xff, 0xff, 0xff, 0xff, 0xf5, 0x0, 0xef, 0xf9,
    0x99, 0x9b, 0xff, 0xff, 0x20, 0xef, 0xf0, 0x0,
    0x0, 0x1c, 0xff, 0x70, 0xef, 0xf0, 0x0, 0x0,
    0x5, 0xff, 0x90, 0xef, 0xf0, 0x0, 0x0, 0x5,
    0xff, 0x70, 0xef, 0xf0, 0x0, 0x0, 0xc, 0xff,
    0x10, 0xef, 0xf8, 0x88, 0x89, 0xef, 0xf6, 0x0,
    0xef, 0xff, 0xff, 0xff, 0xff, 0xa1, 0x0, 0xef,
    0xff, 0xff, 0xff, 0xff, 0xfe, 0x30, 0xef, 0xf0,
    0x0, 0x0, 0x29, 0xff, 0xe0, 0xef, 0xf0, 0x0,
    0x0, 0x0, 0xaf, 0xf5, 0xef, 0xf0, 0x0, 0x0,
    0x0, 0x5f, 0xf7, 0xef, 0xf0, 0x0, 0x0, 0x0,
    0x4f, 0xf9, 0xef, 0xf0, 0x0, 0x0, 0x0, 0x7f,
    0xf7, 0xef, 0xf0, 0x0, 0x0, 0x3, 0xff, 0xf3,
    0xef, 0xfa, 0xaa, 0xaa, 0xdf, 0xff, 0xb0, 0xef,
    0xff, 0xff, 0xff, 0xff, 0xfc, 0x10, 0xef, 0xff,
    0xff, 0xff, 0xeb, 0x60, 0x0,

    /* U+0043 "C" */
    0x0, 0x0, 0x3, 0x9d, 0xff, 0xec, 0x82, 0x0,
    0x0, 0x0, 0x1, 0xaf, 0xff, 0xff, 0xff, 0xff,
    0x90, 0x0, 0x0, 0x2d, 0xff, 0xff, 0xdb, 0xdf,
    0xff, 0xfd, 0x10, 0x0, 0xcf, 0xfe, 0x60, 0x0,
    0x0, 0x7f, 0xff, 0xc0, 0x8, 0xff, 0xd1, 0x0,
    0x0, 0x0, 0x3, 0xef, 0xf5, 0xf, 0xff, 0x30,
    0x0, 0x0, 0x0, 0x0, 0x5f, 0xc5, 0x5f, 0xfb,
    0x0, 0x0, 0x0, 0x0, 0x0, 0x1, 0x0, 0x8f,
    0xf5, 0x0, 0x0, 0x0, 0x0, 0x0, 0x0, 0x0,
    0xaf, 0xf3, 0x0, 0x0, 0x0, 0x0, 0x0, 0x0,
    0x0, 0xbf, 0xf2, 0x0, 0x0, 0x0, 0x0, 0x0,
    0x0, 0x0, 0xaf, 0xf3, 0x0, 0x0, 0x0, 0x0,
    0x0, 0x0, 0x0, 0x8f, 0xf5, 0x0, 0x0, 0x0,
    0x0, 0x0, 0x0, 0x0, 0x5f, 0xfb, 0x0, 0x0,
    0x0, 0x0, 0x0, 0x1, 0x0, 0xf, 0xff, 0x30,
    0x0, 0x0, 0x0, 0x0, 0x5f, 0xc5, 0x8, 0xff,
    0xd1, 0x0, 0x0, 0x0, 0x3, 0xef, 0xf5, 0x0,
    0xdf, 0xfe, 0x50, 0x0, 0x0, 0x7f, 0xff, 0xb0,
    0x0, 0x2d, 0xff, 0xff, 0xcb, 0xdf, 0xff, 0xfd,
    0x10, 0x0, 0x1, 0xbf, 0xff, 0xff, 0xff, 0xff,
    0x90, 0x0, 0x0, 0x0, 0x3, 0x9d, 0xff, 0xec,
    0x82, 0x0, 0x0,

    /* U+0044 "D" */
    0xef, 0xff, 0xff, 0xed, 0xb7, 0x10, 0x0, 0x0,
    0xef, 0xff, 0xff, 0xff, 0xff, 0xf9, 0x0, 0x0,
    0xef, 0xf9, 0x99, 0xbc, 0xff, 0xff, 0xd1, 0x0,
    0xef, 0xf0, 0x0, 0x0, 0x5, 0xef, 0xfc, 0x0,
    0xef, 0xf0, 0x0, 0x0, 0x0, 0xd, 0xff, 0x70,
    0xef, 0xf0, 0x0, 0x0, 0x0, 0x2, 0xff, 0xf0,
    0xef, 0xf0, 0x0, 0x0, 0x0, 0x0, 0xbf, 0xf4,
    0xef, 0xf0, 0x0, 0x0, 0x0, 0x0, 0x6f, 0xf8,
    0xef, 0xf0, 0x0, 0x0, 0x0, 0x0, 0x4f, 0xf9,
    0xef, 0xf0, 0x0, 0x0, 0x0, 0x0, 0x3f, 0xfa,
    0xef, 0xf0, 0x0, 0x0, 0x0, 0x0, 0x4f, 0xfa,
    0xef, 0xf0, 0x0, 0x0, 0x0, 0x0, 0x6f, 0xf8,
    0xef, 0xf0, 0x0, 0x0, 0x0, 0x0, 0xaf, 0xf5,
    0xef, 0xf0, 0x0, 0x0, 0x0, 0x1, 0xff, 0xf1,
    0xef, 0xf0, 0x0, 0x0, 0x0, 0xc, 0xff, 0x90,
    0xef, 0xf0, 0x0, 0x0, 0x5, 0xef, 0xfe, 0x10,
    0xef, 0xfa, 0xaa, 0xbc, 0xff, 0xff, 0xe3, 0x0,
    0xef, 0xff, 0xff, 0xff, 0xff, 0xfa, 0x10, 0x0,
    0xef, 0xff, 0xff, 0xfd, 0xb7, 0x20, 0x0, 0x0,

    /* U+0045 "E" */
    0xef, 0xff, 0xff, 0xff, 0xff, 0xff, 0xf0, 0xef,
    0xff, 0xff, 0xff, 0xff, 0xff, 0xf0, 0xef, 0xf8,
    0x88, 0x88, 0x88, 0x88, 0x80, 0xef, 0xf0, 0x0,
    0x0, 0x0, 0x0, 0x0, 0xef, 0xf0, 0x0, 0x0,
    0x0, 0x0, 0x0, 0xef, 0xf0, 0x0, 0x0, 0x0,
    0x0, 0x0, 0xef, 0xf0, 0x0, 0x0, 0x0, 0x0,
    0x0, 0xef, 0xf0, 0x0, 0x0, 0x0, 0x0, 0x0,
    0xef, 0xff, 0xff, 0xff, 0xff, 0xff, 0x20, 0xef,
    0xff, 0xff, 0xff, 0xff, 0xff, 0x20, 0xef, 0xf8,
    0x88, 0x88, 0x88, 0x88, 0x10, 0xef, 0xf0, 0x0,
    0x0, 0x0, 0x0, 0x0, 0xef, 0xf0, 0x0, 0x0,
    0x0, 0x0, 0x0, 0xef, 0xf0, 0x0, 0x0, 0x0,
    0x0, 0x0, 0xef, 0xf0, 0x0, 0x0, 0x0, 0x0,
    0x0, 0xef, 0xf0, 0x0, 0x0, 0x0, 0x0, 0x0,
    0xef, 0xf8, 0x88, 0x88, 0x88, 0x88, 0x80, 0xef,
    0xff, 0xff, 0xff, 0xff, 0xff, 0xf0, 0xef, 0xff,
    0xff, 0xff, 0xff, 0xff, 0xf0,

    /* U+0046 "F" */
    0xef, 0xff, 0xff, 0xff, 0xff, 0xff, 0xfe, 0xff,
    0xff, 0xff, 0xff, 0xff, 0xff, 0xef, 0xf8, 0x88,
    0x88, 0x88, 0x88, 0x8e, 0xff, 0x0, 0x0, 0x0,
    0x0, 0x0, 0xef, 0xf0, 0x0, 0x0, 0x0, 0x0,
    0xe, 0xff, 0x0, 0x0, 0x0, 0x0, 0x0, 0xef,
    0xf0, 0x0, 0x0, 0x0, 0x0, 0xe, 0xff, 0x0,
    0x0, 0x0, 0x0, 0x0, 0xef, 0xff, 0xff, 0xff,
    0xff, 0xfa, 0xe, 0xff, 0xff, 0xff, 0xff, 0xff,
    0xa0, 0xef, 0xf8, 0x88, 0x88, 0x88, 0x85, 0xe,
    0xff, 0x0, 0x0, 0x0, 0x0, 0x0, 0xef, 0xf0,
    0x0, 0x0, 0x0, 0x0, 0xe, 0xff, 0x0, 0x0,
    0x0, 0x0, 0x0, 0xef, 0xf0, 0x0, 0x0, 0x0,
    0x0, 0xe, 0xff, 0x0, 0x0, 0x0, 0x0, 0x0,
    0xef, 0xf0, 0x0, 0x0, 0x0, 0x0, 0xe, 0xff,
    0x0, 0x0, 0x0, 0x0, 0x0, 0xef, 0xf0, 0x0,
    0x0, 0x0, 0x0, 0x0,

    /* U+0047 "G" */
    0x0, 0x0, 0x3, 0x9d, 0xff, 0xec, 0x83, 0x0,
    0x0, 0x0, 0x1, 0xaf, 0xff, 0xff, 0xff, 0xff,
    0xa1, 0x0, 0x0, 0x2d, 0xff, 0xff, 0xdb, 0xdf,
    0xff, 0xfe, 0x20, 0x0, 0xcf, 0xfe, 0x60, 0x0,
    0x0, 0x6e, 0xff, 0xd0, 0x8, 0xff, 0xd1, 0x0,
    0x0, 0x0, 0x1, 0xdf, 0xf7, 0xf, 0xff, 0x30,
    0x0, 0x0, 0x0, 0x0, 0x3d, 0x83, 0x5f, 0xfb,
    0x0, 0x0, 0x0, 0x0, 0x0, 0x0, 0x0, 0x8f,
    0xf5, 0x0, 0x0, 0x0, 0x0, 0x0, 0x0, 0x0,
    0xaf, 0xf3, 0x0, 0x0, 0x0, 0x58, 0x88, 0x88,
    0x86, 0xbf, 0xf2, 0x0, 0x0, 0x0, 0xaf, 0xff,
    0xff, 0xfc, 0xaf, 0xf3, 0x0, 0x0, 0x0, 0xaf,
    0xff, 0xff, 0xfc, 0x8f, 0xf5, 0x0, 0x0, 0x0,
    0x0, 0x0, 0xd, 0xfc, 0x5f, 0xfb, 0x0, 0x0,
    0x0, 0x0, 0x0, 0x1f, 0xfc, 0xf, 0xff, 0x30,
    0x0, 0x0, 0x0, 0x0, 0x6f, 0xfc, 0x8, 0xff,
    0xd1, 0x0, 0x0, 0x0, 0x2, 0xff, 0xfc, 0x0,
    0xdf, 0xfe, 0x50, 0x0, 0x0, 0x6e, 0xff, 0xfc,
    0x0, 0x2e, 0xff, 0xff, 0xcb, 0xdf, 0xff, 0xbf,
    0xfc, 0x0, 0x1, 0xbf, 0xff, 0xff, 0xff, 0xfb,
    0xe, 0xfc, 0x0, 0x0, 0x4, 0x9d, 0xff, 0xea,
    0x50, 0xd, 0xfc,

    /* U+0048 "H" */
    0xef, 0xf0, 0x0, 0x0, 0x0, 0x0, 0xdf, 0xf0,
    0xef, 0xf0, 0x0, 0x0, 0x0, 0x0, 0xdf, 0xf0,
    0xef, 0xf0, 0x0, 0x0, 0x0, 0x0, 0xdf, 0xf0,
    0xef, 0xf0, 0x0, 0x0, 0x0, 0x0, 0xdf, 0xf0,
    0xef, 0xf0, 0x0, 0x0, 0x0, 0x0, 0xdf, 0xf0,
    0xef, 0xf0, 0x0, 0x0, 0x0, 0x0, 0xdf, 0xf0,
    0xef, 0xf0, 0x0, 0x0, 0x0, 0x0, 0xdf, 0xf0,
    0xef, 0xf0, 0x0, 0x0, 0x0, 0x0, 0xdf, 0xf0,
    0xef, 0xff, 0xff, 0xff, 0xff, 0xff, 0xff, 0xf0,
    0xef, 0xff, 0xff, 0xff, 0xff, 0xff, 0xff, 0xf0,
    0xef, 0xfa, 0xaa, 0xaa, 0xaa, 0xaa, 0xff, 0xf0,
    0xef, 0xf0, 0x0, 0x0, 0x0, 0x0, 0xdf, 0xf0,
    0xef, 0xf0, 0x0, 0x0, 0x0, 0x0, 0xdf, 0xf0,
    0xef, 0xf0, 0x0, 0x0, 0x0, 0x0, 0xdf, 0xf0,
    0xef, 0xf0, 0x0, 0x0, 0x0, 0x0, 0xdf, 0xf0,
    0xef, 0xf0, 0x0, 0x0, 0x0, 0x0, 0xdf, 0xf0,
    0xef, 0xf0, 0x0, 0x0, 0x0, 0x0, 0xdf, 0xf0,
    0xef, 0xf0, 0x0, 0x0, 0x0, 0x0, 0xdf, 0xf0,
    0xef, 0xf0, 0x0, 0x0, 0x0, 0x0, 0xdf, 0xf0,

    /* U+0049 "I" */
    0xef, 0xfe, 0xff, 0xef, 0xfe, 0xff, 0xef, 0xfe,
    0xff, 0xef, 0xfe, 0xff, 0xef, 0xfe, 0xff, 0xef,
    0xfe, 0xff, 0xef, 0xfe, 0xff, 0xef, 0xfe, 0xff,
    0xef, 0xfe, 0xff, 0xef, 0xf0,

    /* U+004A "J" */
    0x0, 0xd, 0xff, 0xff, 0xff, 0xff, 0xf9, 0x0,
    0xd, 0xff, 0xff, 0xff, 0xff, 0xf9, 0x0, 0x7,
    0x88, 0x88, 0x88, 0xaf, 0xf9, 0x0, 0x0, 0x0,
    0x0, 0x0, 0x4f, 0xf9, 0x0, 0x0, 0x0, 0x0,
    0x0, 0x4f, 0xf9, 0x0, 0x0, 0x0, 0x0, 0x0,
    0x4f, 0xf9, 0x0, 0x0, 0x0, 0x0, 0x0, 0x4f,
    0xf9, 0x0, 0x0, 0x0, 0x0, 0x0, 0x4f, 0xf9,
    0x0, 0x0, 0x0, 0x0, 0x0, 0x4f, 0xf9, 0x0,
    0x0, 0x0, 0x0, 0x0, 0x4f, 0xf9, 0x0, 0x0,
    0x0, 0x0, 0x0, 0x4f, 0xf9, 0x0, 0x0, 0x0,
    0x0, 0x0, 0x4f, 0xf9, 0x2, 0x43, 0x0, 0x0,
    0x0, 0x5f, 0xf8, 0x2f, 0xfa, 0x0, 0x0, 0x0,
    0x7f, 0xf7, 0xf, 0xfe, 0x0, 0x0, 0x0, 0xcf,
    0xf3, 0xa, 0xff, 0xa1, 0x0, 0x6, 0xff, 0xe0,
    0x2, 0xef, 0xfe, 0xba, 0xdf, 0xff, 0x50, 0x0,
    0x3e, 0xff, 0xff, 0xff, 0xf7, 0x0, 0x0, 0x1,
    0x7c, 0xff, 0xd9, 0x30, 0x0,

    /* U+004B "K" */
    0xef, 0xf0, 0x0, 0x0, 0x0, 0xc, 0xff, 0xd1,
    0xef, 0xf0, 0x0, 0x0, 0x0, 0xbf, 0xfd, 0x10,
    0xef, 0xf0, 0x0, 0x0, 0xb, 0xff, 0xd1, 0x0,
    0xef, 0xf0, 0x0, 0x0, 0xbf, 0xfd, 0x10, 0x0,
    0xef, 0xf0, 0x0, 0xb, 0xff, 0xd1, 0x0, 0x0,
    0xef, 0xf0, 0x0, 0xaf, 0xfd, 0x10, 0x0, 0x0,
    0xef, 0xf0, 0xa, 0xff, 0xd1, 0x0, 0x0, 0x0,
    0xef, 0xf0, 0xaf, 0xff, 0x40, 0x0, 0x0, 0x0,
    0xef, 0xf9, 0xff, 0xff, 0xc0, 0x0, 0x0, 0x0,
    0xef, 0xff, 0xfe, 0xff, 0xf6, 0x0, 0x0, 0x0,
    0xef, 0xff, 0xd1, 0x4f, 0xff, 0x10, 0x0, 0x0,
    0xef, 0xfd, 0x10, 0xa, 0xff, 0xb0, 0x0, 0x0,
    0xef, 0xf1, 0x0, 0x1, 0xef, 0xf5, 0x0, 0x0,
    0xef, 0xf0, 0x0, 0x0, 0x5f, 0xfe, 0x10, 0x0,
    0xef, 0xf0, 0x0, 0x0, 0xb, 0xff, 0xa0, 0x0,
    0xef, 0xf0, 0x0, 0x0, 0x1, 0xff, 0xf4, 0x0,
    0xef, 0xf0, 0x0, 0x0, 0x0, 0x6f, 0xfe, 0x0,
    0xef, 0xf0, 0x0, 0x0, 0x0, 0xc, 0xff, 0x90,
    0xef, 0xf0, 0x0, 0x0, 0x0, 0x2, 0xff, 0xf3,

    /* U+004C "L" */
    0xef, 0xf0, 0x0, 0x0, 0x0, 0x0, 0xef, 0xf0,
    0x0, 0x0, 0x0, 0x0, 0xef, 0xf0, 0x0, 0x0,
    0x0, 0x0, 0xef, 0xf0, 0x0, 0x0, 0x0, 0x0,
    0xef, 0xf0, 0x0, 0x0, 0x0, 0x0, 0xef, 0xf0,
    0x0, 0x0, 0x0, 0x0, 0xef, 0xf0, 0x0, 0x0,
    0x0, 0x0, 0xef, 0xf0, 0x0, 0x0, 0x0, 0x0,
    0xef, 0xf0, 0x0, 0x0, 0x0, 0x0, 0xef, 0xf0,
    0x0, 0x0, 0x0, 0x0, 0xef, 0xf0, 0x0, 0x0,
    0x0, 0x0, 0xef, 0xf0, 0x0, 0x0, 0x0, 0x0,
    0xef, 0xf0, 0x0, 0x0, 0x0, 0x0, 0xef, 0xf0,
    0x0, 0x0, 0x0, 0x0, 0xef, 0xf0, 0x0, 0x0,
    0x0, 0x0, 0xef, 0xf0, 0x0, 0x0, 0x0, 0x0,
    0xef, 0xf8, 0x88, 0x88, 0x88, 0x84, 0xef, 0xff,
    0xff, 0xff, 0xff, 0xf8, 0xef, 0xff, 0xff, 0xff,
    0xff, 0xf8,

    /* U+004D "M" */
    0xef, 0xff, 0x70, 0x0, 0x0, 0x0, 0x0, 0xc,
    0xff, 0xf9, 0xef, 0xff, 0xe0, 0x0, 0x0, 0x0,
    0x0, 0x3f, 0xff, 0xf9, 0xef, 0xff, 0xf4, 0x0,
    0x0, 0x0, 0x0, 0x9f, 0xff, 0xf9, 0xef, 0xff,
    0xfa, 0x0, 0x0, 0x0, 0x0, 0xff, 0xff, 0xf9,
    0xef, 0xfc, 0xff, 0x10, 0x0, 0x0, 0x6, 0xff,
    0xcf, 0xf9, 0xef, 0xf6, 0xff, 0x70, 0x0, 0x0,
    0xc, 0xff, 0x6f, 0xf9, 0xef, 0xf0, 0xff, 0xd0,
    0x0, 0x0, 0x3f, 0xfa, 0x4f, 0xf9, 0xef, 0xf0,
    0x9f, 0xf4, 0x0, 0x0, 0x9f, 0xf3, 0x4f, 0xf9,
    0xef, 0xf0, 0x2f, 0xfa, 0x0, 0x0, 0xff, 0xd0,
    0x4f, 0xf9, 0xef, 0xf0, 0xc, 0xff, 0x10, 0x6,
    0xff, 0x60, 0x4f, 0xf9, 0xef, 0xf0, 0x5, 0xff,
    0x70, 0xc, 0xff, 0x0, 0x4f, 0xf9, 0xef, 0xf0,
    0x0, 0xef, 0xd0, 0x2f, 0xf9, 0x0, 0x4f, 0xf9,
    0xef, 0xf0, 0x0, 0x8f, 0xf4, 0x9f, 0xf3, 0x0,
    0x4f, 0xf9, 0xef, 0xf0, 0x0, 0x2f, 0xfa, 0xef,
    0xc0, 0x0, 0x4f, 0xf9, 0xef, 0xf0, 0x0, 0xb,
    0xff, 0xff, 0x60, 0x0, 0x4f, 0xf9, 0xef, 0xf0,
    0x0, 0x5, 0xff, 0xfe, 0x0, 0x0, 0x4f, 0xf9,
    0xef, 0xf0, 0x0, 0x0, 0xef, 0xf9, 0x0, 0x0,
    0x4f, 0xf9, 0xef, 0xf0, 0x0, 0x0, 0x35, 0x51,
    0x0, 0x0, 0x4f, 0xf9, 0xef, 0xf0, 0x0, 0x0,
    0x0, 0x0, 0x0, 0x0, 0x4f, 0xf9,

    /* U+004E "N" */
    0xef, 0xf5, 0x0, 0x0, 0x0, 0x0, 0xef, 0xfe,
    0xff, 0xe1, 0x0, 0x0, 0x0, 0xe, 0xff, 0xef,
    0xff, 0x90, 0x0, 0x0, 0x0, 0xef, 0xfe, 0xff,
    0xff, 0x30, 0x0, 0x0, 0xe, 0xff, 0xef, 0xfe,
    0xfd, 0x0, 0x0, 0x0, 0xef, 0xfe, 0xff, 0x5f,
    0xf7, 0x0, 0x0, 0xe, 0xff, 0xef, 0xf0, 0xbf,
    0xf1, 0x0, 0x0, 0xef, 0xfe, 0xff, 0x2, 0xff,
    0xb0, 0x0, 0xe, 0xff, 0xef, 0xf0, 0x7, 0xff,
    0x40, 0x0, 0xef, 0xfe, 0xff, 0x0, 0xd, 0xfe,
    0x0, 0xe, 0xff, 0xef, 0xf0, 0x0, 0x4f, 0xf8,
    0x0, 0xef, 0xfe, 0xff, 0x0, 0x0, 0xaf, 0xf2,
    0xe, 0xff, 0xef, 0xf0, 0x0, 0x1, 0xff, 0xc0,
    0xef, 0xfe, 0xff, 0x0, 0x0, 0x7, 0xff, 0x6e,
    0xff, 0xef, 0xf0, 0x0, 0x0, 0xd, 0xfe, 0xff,
    0xfe, 0xff, 0x0, 0x0, 0x0, 0x3f, 0xff, 0xff,
    0xef, 0xf0, 0x0, 0x0, 0x0, 0x9f, 0xff, 0xfe,
    0xff, 0x0, 0x0, 0x0, 0x1, 0xef, 0xff, 0xef,
    0xf0, 0x0, 0x0, 0x0, 0x6, 0xff, 0xf0,

    /* U+004F "O" */
    0x0, 0x0, 0x3, 0x9d, 0xff, 0xec, 0x82, 0x0,
    0x0, 0x0, 0x0, 0x1a, 0xff, 0xff, 0xff, 0xff,
    0xf9, 0x0, 0x0, 0x0, 0x2d, 0xff, 0xff, 0xdb,
    0xdf, 0xff, 0xfc, 0x10, 0x0, 0xc, 0xff, 0xe5,
    0x0, 0x0, 0x17, 0xff, 0xfb, 0x0, 0x8, 0xff,
    0xd1, 0x0, 0x0, 0x0, 0x2, 0xef, 0xf6, 0x0,
    0xff, 0xf3, 0x0, 0x0, 0x0, 0x0, 0x5, 0xff,
    0xe0, 0x5f, 0xfb, 0x0, 0x0, 0x0, 0x0, 0x0,
    0xd, 0xff, 0x38, 0xff, 0x50, 0x0, 0x0, 0x0,
    0x0, 0x0, 0x7f, 0xf7, 0xaf, 0xf3, 0x0, 0x0,
    0x0, 0x0, 0x0, 0x5, 0xff, 0x9b, 0xff, 0x20,
    0x0, 0x0, 0x0, 0x0, 0x0, 0x4f, 0xf9, 0xaf,
    0xf3, 0x0, 0x0, 0x0, 0x0, 0x0, 0x5, 0xff,
    0x98, 0xff, 0x50, 0x0, 0x0, 0x0, 0x0, 0x0,
    0x7f, 0xf7, 0x5f, 0xfa, 0x0, 0x0, 0x0, 0x0,
    0x0, 0xd, 0xff, 0x30, 0xff, 0xf2, 0x0, 0x0,
    0x0, 0x0, 0x5, 0xff, 0xe0, 0x8, 0xff, 0xd1,
    0x0, 0x0, 0x0, 0x2, 0xef, 0xf6, 0x0, 0xd,
    0xff, 0xe5, 0x0, 0x0, 0x6, 0xff, 0xfb, 0x0,
    0x0, 0x2d, 0xff, 0xff, 0xcb, 0xdf, 0xff, 0xfc,
    0x10, 0x0, 0x0, 0x1b, 0xff, 0xff, 0xff, 0xff,
    0xf9, 0x0, 0x0, 0x0, 0x0, 0x3, 0x9d, 0xff,
    0xfc, 0x82, 0x0, 0x0, 0x0,

    /* U+0050 "P" */
    0xef, 0xff, 0xff, 0xfe, 0xc7, 0x10, 0xe, 0xff,
    0xff, 0xff, 0xff, 0xfe, 0x30, 0xef, 0xf8, 0x88,
    0x9b, 0xff, 0xfe, 0x1e, 0xfe, 0x0, 0x0, 0x1,
    0xcf, 0xf6, 0xef, 0xe0, 0x0, 0x0, 0x4, 0xff,
    0x9e, 0xfe, 0x0, 0x0, 0x0, 0x3f, 0xfa, 0xef,
    0xe0, 0x0, 0x0, 0x7, 0xff, 0x8e, 0xfe, 0x0,
    0x1, 0x38, 0xff, 0xf3, 0xef, 0xff, 0xff, 0xff,
    0xff, 0xf9, 0xe, 0xff, 0xff, 0xff, 0xff, 0xe7,
    0x0, 0xef, 0xf8, 0x88, 0x76, 0x40, 0x0, 0xe,
    0xfe, 0x0, 0x0, 0x0, 0x0, 0x0, 0xef, 0xe0,
    0x0, 0x0, 0x0, 0x0, 0xe, 0xfe, 0x0, 0x0,
    0x0, 0x0, 0x0, 0xef, 0xe0, 0x0, 0x0, 0x0,
    0x0, 0xe, 0xfe, 0x0, 0x0, 0x0, 0x0, 0x0,
    0xef, 0xe0, 0x0, 0x0, 0x0, 0x0, 0xe, 0xfe,
    0x0, 0x0, 0x0, 0x0, 0x0, 0xef, 0xe0, 0x0,
    0x0, 0x0, 0x0, 0x0,

    /* U+0051 "Q" */
    0x0, 0x0, 0x3, 0x9d, 0xff, 0xec, 0x82, 0x0,
    0x0, 0x0, 0x0, 0x1, 0xaf, 0xff, 0xff, 0xff,
    0xff, 0x90, 0x0, 0x0, 0x0, 0x2d, 0xff, 0xff,
    0xdb, 0xdf, 0xff, 0xfc, 0x10, 0x0, 0x0, 0xcf,
    0xfe, 0x50, 0x0, 0x1, 0x7f, 0xff, 0xb0, 0x0,
    0x8, 0xff, 0xd1, 0x0, 0x0, 0x0, 0x2, 0xef,
    0xf6, 0x0, 0xf, 0xff, 0x30, 0x0, 0x0, 0x0,
    0x0, 0x5f, 0xfe, 0x0, 0x5f, 0xfb, 0x0, 0x0,
    0x0, 0x0, 0x0, 0xd, 0xff, 0x30, 0x8f, 0xf5,
    0x0, 0x0, 0x0, 0x0, 0x0, 0x7, 0xff, 0x70,
    0xaf, 0xf3, 0x0, 0x0, 0x0, 0x0, 0x0, 0x5,
    0xff, 0x90, 0xbf, 0xf2, 0x0, 0x0, 0x0, 0x0,
    0x0, 0x4, 0xff, 0x90, 0xaf, 0xf3, 0x0, 0x0,
    0x0, 0x0, 0x0, 0x5, 0xff, 0x90, 0x8f, 0xf5,
    0x0, 0x0, 0x0, 0x8, 0x20, 0x7, 0xff, 0x70,
    0x5f, 0xfa, 0x0, 0x0, 0x0, 0x9f, 0xe3, 0xd,
    0xff, 0x30, 0xf, 0xff, 0x20, 0x0, 0x0, 0x4f,
    0xff, 0x9f, 0xfe, 0x0, 0x8, 0xff, 0xd1, 0x0,
    0x0, 0x3, 0xff, 0xff, 0xf6, 0x0, 0x0, 0xcf,
    0xfe, 0x50, 0x0, 0x0, 0x9f, 0xff, 0xf0, 0x0,
    0x0, 0x2d, 0xff, 0xff, 0xcb, 0xdf, 0xff, 0xff,
    0xf7, 0x0, 0x0, 0x1, 0xbf, 0xff, 0xff, 0xff,
    0xff, 0xbd, 0xff, 0x80, 0x0, 0x0, 0x3, 0x9d,
    0xff, 0xfc, 0x82, 0x1, 0xcf, 0xf3, 0x0, 0x0,
    0x0, 0x0, 0x0, 0x0, 0x0, 0x0, 0xb, 0x40,

    /* U+0052 "R" */
    0xef, 0xff, 0xff, 0xfe, 0xc7, 0x10, 0x0, 0xe,
    0xff, 0xff, 0xff, 0xff, 0xfe, 0x30, 0x0, 0xef,
    0xf8, 0x88, 0x9b, 0xff, 0xfe, 0x0, 0xe, 0xff,
    0x0, 0x0, 0x1, 0xcf, 0xf6, 0x0, 0xef, 0xf0,
    0x0, 0x0, 0x4, 0xff, 0x90, 0xe, 0xff, 0x0,
    0x0, 0x0, 0x3f, 0xfa, 0x0, 0xef, 0xf0, 0x0,
    0x0, 0x7, 0xff, 0x80, 0xe, 0xff, 0x0, 0x0,
    0x28, 0xff, 0xf3, 0x0, 0xef, 0xff, 0xff, 0xff,
    0xff, 0xf9, 0x0, 0xe, 0xff, 0xff, 0xff, 0xff,
    0xe7, 0x0, 0x0, 0xef, 0xf8, 0x88, 0xff, 0xf3,
    0x0, 0x0, 0xe, 0xff, 0x0, 0x5, 0xff, 0xc0,
    0x0, 0x0, 0xef, 0xf0, 0x0, 0xc, 0xff, 0x60,
    0x0, 0xe, 0xff, 0x0, 0x0, 0x3f, 0xfe, 0x0,
    0x0, 0xef, 0xf0, 0x0, 0x0, 0xaf, 0xf8, 0x0,
    0xe, 0xff, 0x0, 0x0, 0x1, 0xff, 0xf2, 0x0,
    0xef, 0xf0, 0x0, 0x0, 0x8, 0xff, 0xb0, 0xe,
    0xff, 0x0, 0x0, 0x0, 0xe, 0xff, 0x40, 0xef,
    0xf0, 0x0, 0x0, 0x0, 0x6f, 0xfd, 0x0,

    /* U+0053 "S" */
    0x0, 0x0, 0x18, 0xce, 0xfd, 0x82, 0x0, 0x0,
    0x0, 0x4e, 0xff, 0xff, 0xff, 0xf5, 0x0, 0x0,
    0x2f, 0xff, 0xd9, 0x9d, 0xff, 0xf4, 0x0, 0x8,
    0xff, 0xa0, 0x0, 0x6, 0xff, 0x70, 0x0, 0xbf,
    0xf2, 0x0, 0x0, 0x5, 0x20, 0x0, 0xb, 0xff,
    0x20, 0x0, 0x0, 0x0, 0x0, 0x0, 0x7f, 0xfc,
    0x10, 0x0, 0x0, 0x0, 0x0, 0x0, 0xcf, 0xfe,
    0x82, 0x0, 0x0, 0x0, 0x0, 0x1, 0xbf, 0xff,
    0xfb, 0x50, 0x0, 0x0, 0x0, 0x0, 0x4b, 0xff,
    0xff, 0xd4, 0x0, 0x0, 0x0, 0x0, 0x1, 0x7e,
    0xff, 0xf7, 0x0, 0x0, 0x0, 0x0, 0x0, 0x7,
    0xff, 0xf3, 0x0, 0x0, 0x0, 0x0, 0x0, 0x6,
    0xff, 0x90, 0x8c, 0xe0, 0x0, 0x0, 0x0, 0x2f,
    0xfb, 0xc, 0xff, 0x60, 0x0, 0x0, 0x4, 0xff,
    0x90, 0x5f, 0xff, 0x50, 0x0, 0x2, 0xdf, 0xf5,
    0x0, 0xaf, 0xff, 0xda, 0x8a, 0xff, 0xfc, 0x0,
    0x0, 0x9f, 0xff, 0xff, 0xff, 0xfb, 0x10, 0x0,
    0x0, 0x39, 0xdf, 0xfe, 0xa4, 0x0, 0x0,

    /* U+0054 "T" */
    0x9f, 0xff, 0xff, 0xff, 0xff, 0xff, 0xff, 0xff,
    0x9, 0xff, 0xff, 0xff, 0xff, 0xff, 0xff, 0xff,
    0xf0, 0x58, 0x88, 0x88, 0xaf, 0xfd, 0x88, 0x88,
    0x88, 0x0, 0x0, 0x0, 0x3, 0xff, 0xa0, 0x0,
    0x0, 0x0, 0x0, 0x0, 0x0, 0x3f, 0xfa, 0x0,
    0x0, 0x0, 0x0, 0x0, 0x0, 0x3, 0xff, 0xa0,
    0x0, 0x0, 0x0, 0x0, 0x0, 0x0, 0x3f, 0xfa,
    0x0, 0x0, 0x0, 0x0, 0x0, 0x0, 0x3, 0xff,
    0xa0, 0x0, 0x0, 0x0, 0x0, 0x0, 0x0, 0x3f,
    0xfa, 0x0, 0x0, 0x0, 0x0, 0x0, 0x0, 0x3,
    0xff, 0xa0, 0x0, 0x0, 0x0, 0x0, 0x0, 0x0,
    0x3f, 0xfa, 0x0, 0x0, 0x0, 0x0, 0x0, 0x0,
    0x3, 0xff, 0xa0, 0x0, 0x0, 0x0, 0x0, 0x0,
    0x0, 0x3f, 0xfa, 0x0, 0x0, 0x0, 0x0, 0x0,
    0x0, 0x3, 0xff, 0xa0, 0x0, 0x0, 0x0, 0x0,
    0x0, 0x0, 0x3f, 0xfa, 0x0, 0x0, 0x0, 0x0,
    0x0, 0x0, 0x3, 0xff, 0xa0, 0x0, 0x0, 0x0,
    0x0, 0x0, 0x0, 0x3f, 0xfa, 0x0, 0x0, 0x0,
    0x0, 0x0, 0x0, 0x3, 0xff, 0xa0, 0x0, 0x0,
    0x0, 0x0, 0x0, 0x0, 0x3f, 0xfa, 0x0, 0x0,
    0x0, 0x0,

    /* U+0055 "U" */
    0x1f, 0xfc, 0x0, 0x0, 0x0, 0x0, 0x6f, 0xf7,
    0x1f, 0xfc, 0x0, 0x0, 0x0, 0x0, 0x6f, 0xf7,
    0x1f, 0xfc, 0x0, 0x0, 0x0, 0x0, 0x6f, 0xf7,
    0x1f, 0xfc, 0x0, 0x0, 0x0, 0x0, 0x6f, 0xf7,
    0x1f, 0xfc, 0x0, 0x0, 0x0, 0x0, 0x6f, 0xf7,
    0x1f, 0xfc, 0x0, 0x0, 0x0, 0x0, 0x6f, 0xf7,
    0x1f, 0xfc, 0x0, 0x0, 0x0, 0x0, 0x6f, 0xf7,
    0x1f, 0xfc, 0x0, 0x0, 0x0, 0x0, 0x6f, 0xf7,
    0x1f, 0xfc, 0x0, 0x0, 0x0, 0x0, 0x6f, 0xf7,
    0x1f, 0xfc, 0x0, 0x0, 0x0, 0x0, 0x6f, 0xf7,
    0x1f, 0xfc, 0x0, 0x0, 0x0, 0x0, 0x6f, 0xf7,
    0x1f, 0xfc, 0x0, 0x0, 0x0, 0x0, 0x6f, 0xf6,
    0xf, 0xfd, 0x0, 0x0, 0x0, 0x0, 0x7f, 0xf6,
    0xf, 0xff, 0x0, 0x0, 0x0, 0x0, 0xaf, 0xf4,
    0xb, 0xff, 0x50, 0x0, 0x0, 0x1, 0xef, 0xf1,
    0x6, 0xff, 0xe4, 0x0, 0x0, 0x1b, 0xff, 0xb0,
    0x0, 0xcf, 0xff, 0xda, 0xab, 0xff, 0xff, 0x20,
    0x0, 0x1c, 0xff, 0xff, 0xff, 0xff, 0xe3, 0x0,
    0x0, 0x0, 0x4a, 0xdf, 0xfe, 0xb7, 0x0, 0x0,

    /* U+0056 "V" */
    0x6f, 0xfb, 0x0, 0x0, 0x0, 0x0, 0x0, 0x3f,
    0xfe, 0x0, 0xff, 0xf2, 0x0, 0x0, 0x0, 0x0,
    0x9, 0xff, 0x70, 0x9, 0xff, 0x80, 0x0, 0x0,
    0x0, 0x0, 0xff, 0xf1, 0x0, 0x2f, 0xfe, 0x0,
    0x0, 0x0, 0x0, 0x6f, 0xfa, 0x0, 0x0, 0xcf,
    0xf4, 0x0, 0x0, 0x0, 0xc, 0xff, 0x40, 0x0,
    0x5, 0xff, 0xb0, 0x0, 0x0, 0x2, 0xff, 0xd0,
    0x0, 0x0, 0xe, 0xff, 0x10, 0x0, 0x0, 0x8f,
    0xf7, 0x0, 0x0, 0x0, 0x8f, 0xf8, 0x0, 0x0,
    0xe, 0xff, 0x10, 0x0, 0x0, 0x2, 0xff, 0xe0,
    0x0, 0x5, 0xff, 0xa0, 0x0, 0x0, 0x0, 0xb,
    0xff, 0x40, 0x0, 0xbf, 0xf3, 0x0, 0x0, 0x0,
    0x0, 0x4f, 0xfb, 0x0, 0x2f, 0xfd, 0x0, 0x0,
    0x0, 0x0, 0x0, 0xdf, 0xf1, 0x8, 0xff, 0x60,
    0x0, 0x0, 0x0, 0x0, 0x7, 0xff, 0x70, 0xef,
    0xf0, 0x0, 0x0, 0x0, 0x0, 0x0, 0x1f, 0xfd,
    0x4f, 0xf9, 0x0, 0x0, 0x0, 0x0, 0x0, 0x0,
    0xaf, 0xff, 0xff, 0x30, 0x0, 0x0, 0x0, 0x0,
    0x0, 0x3, 0xff, 0xff, 0xc0, 0x0, 0x0, 0x0,
    0x0, 0x0, 0x0, 0xd, 0xff, 0xf6, 0x0, 0x0,
    0x0, 0x0, 0x0, 0x0, 0x0, 0x6f, 0xfe, 0x0,
    0x0, 0x0, 0x0, 0x0, 0x0, 0x0, 0x0, 0xff,
    0x90, 0x0, 0x0, 0x0, 0x0,

    /* U+0057 "W" */
    0x4f, 0xfa, 0x0, 0x0, 0x0, 0x0, 0x0, 0x0,
    0x0, 0x0, 0x0, 0xa, 0xff, 0x40, 0xff, 0xf0,
    0x0, 0x0, 0x0, 0xe, 0xfe, 0x10, 0x0, 0x0,
    0x0, 0xff, 0xf0, 0xa, 0xff, 0x40, 0x0, 0x0,
    0x5, 0xff, 0xf5, 0x0, 0x0, 0x0, 0x4f, 0xfb,
    0x0, 0x6f, 0xf9, 0x0, 0x0, 0x0, 0xaf, 0xff,
    0xa0, 0x0, 0x0, 0x8, 0xff, 0x60, 0x1, 0xff,
    0xd0, 0x0, 0x0, 0xf, 0xff, 0xff, 0x0, 0x0,
    0x0, 0xdf, 0xf1, 0x0, 0xc, 0xff, 0x20, 0x0,
    0x4, 0xff, 0xcf, 0xf4, 0x0, 0x0, 0x2f, 0xfc,
    0x0, 0x0, 0x7f, 0xf7, 0x0, 0x0, 0x9f, 0xf2,
    0xff, 0x90, 0x0, 0x7, 0xff, 0x70, 0x0, 0x2,
    0xff, 0xb0, 0x0, 0xe, 0xfc, 0xb, 0xfe, 0x0,
    0x0, 0xbf, 0xf2, 0x0, 0x0, 0xd, 0xff, 0x0,
    0x3, 0xff, 0x70, 0x6f, 0xf3, 0x0, 0xf, 0xfd,
    0x0, 0x0, 0x0, 0x8f, 0xf5, 0x0, 0x7f, 0xf2,
    0x1, 0xff, 0x80, 0x5, 0xff, 0x90, 0x0, 0x0,
    0x4, 0xff, 0xa0, 0xc, 0xfc, 0x0, 0xc, 0xfc,
    0x0, 0x9f, 0xf4, 0x0, 0x0, 0x0, 0xe, 0xfe,
    0x1, 0xff, 0x70, 0x0, 0x7f, 0xf1, 0xe, 0xff,
    0x0, 0x0, 0x0, 0x0, 0xaf, 0xf3, 0x6f, 0xf2,
    0x0, 0x2, 0xff, 0x63, 0xff, 0xa0, 0x0, 0x0,
    0x0, 0x5, 0xff, 0x8b, 0xfd, 0x0, 0x0, 0xd,
    0xfb, 0x8f, 0xf5, 0x0, 0x0, 0x0, 0x0, 0xf,
    0xfd, 0xff, 0x80, 0x0, 0x0, 0x8f, 0xfd, 0xff,
    0x10, 0x0, 0x0, 0x0, 0x0, 0xbf, 0xff, 0xf3,
    0x0, 0x0, 0x3, 0xff, 0xff, 0xb0, 0x0, 0x0,
    0x0, 0x0, 0x6, 0xff, 0xfe, 0x0, 0x0, 0x0,
    0xe, 0xff, 0xf7, 0x0, 0x0, 0x0, 0x0, 0x0,
    0x2f, 0xff, 0x90, 0x0, 0x0, 0x0, 0x9f, 0xff,
    0x20, 0x0, 0x0, 0x0, 0x0, 0x0, 0xdf, 0xf4,
    0x0, 0x0, 0x0, 0x4, 0xff, 0xd0, 0x0, 0x0,
    0x0,

    /* U+0058 "X" */
    0x1f, 0xff, 0x40, 0x0, 0x0, 0x0, 0x2, 0xff,
    0xf4, 0x5, 0xff, 0xe1, 0x0, 0x0, 0x0, 0xc,
    0xff, 0x90, 0x0, 0xaf, 0xfa, 0x0, 0x0, 0x0,
    0x7f, 0xfd, 0x0, 0x0, 0x1e, 0xff, 0x50, 0x0,
    0x2, 0xff, 0xf3, 0x0, 0x0, 0x4, 0xff, 0xe1,
    0x0, 0xc, 0xff, 0x80, 0x0, 0x0, 0x0, 0x9f,
    0xfb, 0x0, 0x8f, 0xfc, 0x0, 0x0, 0x0, 0x0,
    0xd, 0xff, 0x63, 0xff, 0xf2, 0x0, 0x0, 0x0,
    0x0, 0x3, 0xff, 0xfd, 0xff, 0x70, 0x0, 0x0,
    0x0, 0x0, 0x0, 0x8f, 0xff, 0xfb, 0x0, 0x0,
    0x0, 0x0, 0x0, 0x0, 0xf, 0xff, 0xf3, 0x0,
    0x0, 0x0, 0x0, 0x0, 0x0, 0x9f, 0xff, 0xfc,
    0x0, 0x0, 0x0, 0x0, 0x0, 0x4, 0xff, 0xfd,
    0xff, 0x70, 0x0, 0x0, 0x0, 0x0, 0x1e, 0xff,
    0x63, 0xff, 0xf3, 0x0, 0x0, 0x0, 0x0, 0xaf,
    0xfb, 0x0, 0x8f, 0xfd, 0x0, 0x0, 0x0, 0x5,
    0xff, 0xe1, 0x0, 0xc, 0xff, 0x90, 0x0, 0x0,
    0x1e, 0xff, 0x50, 0x0, 0x2, 0xff, 0xf4, 0x0,
    0x0, 0xbf, 0xf9, 0x0, 0x0, 0x0, 0x6f, 0xfe,
    0x10, 0x6, 0xff, 0xe0, 0x0, 0x0, 0x0, 0xb,
    0xff, 0xa0, 0x2f, 0xff, 0x30, 0x0, 0x0, 0x0,
    0x1, 0xef, 0xf5,

    /* U+0059 "Y" */
    0x7f, 0xfc, 0x0, 0x0, 0x0, 0x0, 0xb, 0xff,
    0x80, 0xdf, 0xf5, 0x0, 0x0, 0x0, 0x4, 0xff,
    0xe0, 0x4, 0xff, 0xd0, 0x0, 0x0, 0x0, 0xdf,
    0xf5, 0x0, 0xa, 0xff, 0x70, 0x0, 0x0, 0x6f,
    0xfc, 0x0, 0x0, 0x1f, 0xff, 0x10, 0x0, 0x1e,
    0xff, 0x20, 0x0, 0x0, 0x7f, 0xf9, 0x0, 0x9,
    0xff, 0x90, 0x0, 0x0, 0x0, 0xdf, 0xf2, 0x2,
    0xff, 0xe1, 0x0, 0x0, 0x0, 0x5, 0xff, 0xb0,
    0xbf, 0xf6, 0x0, 0x0, 0x0, 0x0, 0xb, 0xff,
    0x9f, 0xfd, 0x0, 0x0, 0x0, 0x0, 0x0, 0x2f,
    0xff, 0xff, 0x40, 0x0, 0x0, 0x0, 0x0, 0x0,
    0x8f, 0xff, 0xa0, 0x0, 0x0, 0x0, 0x0, 0x0,
    0x0, 0xef, 0xf1, 0x0, 0x0, 0x0, 0x0, 0x0,
    0x0, 0xd, 0xff, 0x0, 0x0, 0x0, 0x0, 0x0,
    0x0, 0x0, 0xdf, 0xf0, 0x0, 0x0, 0x0, 0x0,
    0x0, 0x0, 0xd, 0xff, 0x0, 0x0, 0x0, 0x0,
    0x0, 0x0, 0x0, 0xdf, 0xf0, 0x0, 0x0, 0x0,
    0x0, 0x0, 0x0, 0xd, 0xff, 0x0, 0x0, 0x0,
    0x0, 0x0, 0x0, 0x0, 0xdf, 0xf0, 0x0, 0x0,
    0x0, 0x0, 0x0, 0x0, 0xd, 0xff, 0x0, 0x0,
    0x0, 0x0,

    /* U+005A "Z" */
    0x7, 0xff, 0xff, 0xff, 0xff, 0xff, 0xff, 0xf4,
    0x7, 0xff, 0xff, 0xff, 0xff, 0xff, 0xff, 0xf4,
    0x4, 0x88, 0x88, 0x88, 0x88, 0x8c, 0xff, 0xf2,
    0x0, 0x0, 0x0, 0x0, 0x0, 0x1e, 0xff, 0x60,
    0x0, 0x0, 0x0, 0x0, 0x0, 0xbf, 0xf9, 0x0,
    0x0, 0x0, 0x0, 0x0, 0x8, 0xff, 0xd0, 0x0,
    0x0, 0x0, 0x0, 0x0, 0x4f, 0xff, 0x20, 0x0,
    0x0, 0x0, 0x0, 0x2, 0xef, 0xf4, 0x0, 0x0,
    0x0, 0x0, 0x0, 0xc, 0xff, 0x80, 0x0, 0x0,
    0x0, 0x0, 0x0, 0x9f, 0xfb, 0x0, 0x0, 0x0,
    0x0, 0x0, 0x6, 0xff, 0xe1, 0x0, 0x0, 0x0,
    0x0, 0x0, 0x3f, 0xff, 0x30, 0x0, 0x0, 0x0,
    0x0, 0x1, 0xdf, 0xf6, 0x0, 0x0, 0x0, 0x0,
    0x0, 0xb, 0xff, 0xa0, 0x0, 0x0, 0x0, 0x0,
    0x0, 0x7f, 0xfd, 0x0, 0x0, 0x0, 0x0, 0x0,
    0x4, 0xff, 0xf2, 0x0, 0x0, 0x0, 0x0, 0x0,
    0xe, 0xff, 0xd8, 0x88, 0x88, 0x88, 0x88, 0x85,
    0x2f, 0xff, 0xff, 0xff, 0xff, 0xff, 0xff, 0xfa,
    0x2f, 0xff, 0xff, 0xff, 0xff, 0xff, 0xff, 0xfa,

    /* U+005B "[" */
    0x3d, 0xdd, 0xdd, 0x44, 0xff, 0xff, 0xf5, 0x4f,
    0xf0, 0x0, 0x4, 0xff, 0x0, 0x0, 0x4f, 0xf0,
    0x0, 0x4, 0xff, 0x0, 0x0, 0x4f, 0xf0, 0x0,
    0x4, 0xff, 0x0, 0x0, 0x4f, 0xf0, 0x0, 0x4,
    0xff, 0x0, 0x0, 0x4f, 0xf0, 0x0, 0x4, 0xff,
    0x0, 0x0, 0x4f, 0xf0, 0x0, 0x4, 0xff, 0x0,
    0x0, 0x4f, 0xf0, 0x0, 0x4, 0xff, 0x0, 0x0,
    0x4f, 0xf0, 0x0, 0x4, 0xff, 0x0, 0x0, 0x4f,
    0xf0, 0x0, 0x4, 0xff, 0x0, 0x0, 0x4f, 0xf0,
    0x0, 0x4, 0xff, 0x0, 0x0, 0x4f, 0xf0, 0x0,
    0x4, 0xff, 0x0, 0x0, 0x4f, 0xf0, 0x0, 0x4,
    0xff, 0x0, 0x0, 0x4f, 0xfd, 0xdd, 0x44, 0xff,
    0xff, 0xf5,

    /* U+005C "\\" */
    0xe, 0xf3, 0x0, 0x0, 0x0, 0x0, 0x0, 0x7,
    0xf9, 0x0, 0x0, 0x0, 0x0, 0x0, 0x1, 0xff,
    0x0, 0x0, 0x0, 0x0, 0x0, 0x0, 0xbf, 0x60,
    0x0, 0x0, 0x0, 0x0, 0x0, 0x4f, 0xc0, 0x0,
    0x0, 0x0, 0x0, 0x0, 0xe, 0xf3, 0x0, 0x0,
    0x0, 0x0, 0x0, 0x7, 0xf9, 0x0, 0x0, 0x0,
    0x0, 0x0, 0x1, 0xff, 0x0, 0x0, 0x0, 0x0,
    0x0, 0x0, 0xaf, 0x60, 0x0, 0x0, 0x0, 0x0,
    0x0, 0x4f, 0xd0, 0x0, 0x0, 0x0, 0x0, 0x0,
    0xd, 0xf3, 0x0, 0x0, 0x0, 0x0, 0x0, 0x7,
    0xfa, 0x0, 0x0, 0x0, 0x0, 0x0, 0x1, 0xff,
    0x10, 0x0, 0x0, 0x0, 0x0, 0x0, 0xaf, 0x60,
    0x0, 0x0, 0x0, 0x0, 0x0, 0x4f, 0xd0, 0x0,
    0x0, 0x0, 0x0, 0x0, 0xd, 0xf3, 0x0, 0x0,
    0x0, 0x0, 0x0, 0x7, 0xfa, 0x0, 0x0, 0x0,
    0x0, 0x0, 0x1, 0xff, 0x10, 0x0, 0x0, 0x0,
    0x0, 0x0, 0xaf, 0x70, 0x0, 0x0, 0x0, 0x0,
    0x0, 0x4f, 0xd0, 0x0, 0x0, 0x0, 0x0, 0x0,
    0xd, 0xf3, 0x0, 0x0, 0x0, 0x0, 0x0, 0x7,
    0xfa, 0x0, 0x0, 0x0, 0x0, 0x0, 0x1, 0xff,
    0x10, 0x0, 0x0, 0x0, 0x0, 0x0, 0xaf, 0x70,
    0x0, 0x0, 0x0, 0x0, 0x0, 0x3f, 0xd0,

    /* U+005D "]" */
    0x9d, 0xdd, 0xdb, 0xcf, 0xff, 0xfe, 0x0, 0x5,
    0xfe, 0x0, 0x5, 0xfe, 0x0, 0x5, 0xfe, 0x0,
    0x5, 0xfe, 0x0, 0x5, 0xfe, 0x0, 0x5, 0xfe,
    0x0, 0x5, 0xfe, 0x0, 0x5, 0xfe, 0x0, 0x5,
    0xfe, 0x0, 0x5, 0xfe, 0x0, 0x5, 0xfe, 0x0,
    0x5, 0xfe, 0x0, 0x5, 0xfe, 0x0, 0x5, 0xfe,
    0x0, 0x5, 0xfe, 0x0, 0x5, 0xfe, 0x0, 0x5,
    0xfe, 0x0, 0x5, 0xfe, 0x0, 0x5, 0xfe, 0x0,
    0x5, 0xfe, 0x0, 0x5, 0xfe, 0x0, 0x5, 0xfe,
    0x0, 0x5, 0xfe, 0x0, 0x5, 0xfe, 0x9d, 0xde,
    0xfe, 0xcf, 0xff, 0xfe,

    /* U+005E "^" */
    0x0, 0x0, 0x0, 0x58, 0x87, 0x0, 0x0, 0x0,
    0x0, 0x0, 0x1, 0xff, 0xff, 0x30, 0x0, 0x0,
    0x0, 0x0, 0x7, 0xff, 0xff, 0x90, 0x0, 0x0,
    0x0, 0x0, 0xd, 0xfd, 0xbf, 0xf1, 0x0, 0x0,
    0x0, 0x0, 0x4f, 0xf7, 0x5f, 0xf6, 0x0, 0x0,
    0x0, 0x0, 0xaf, 0xf1, 0xe, 0xfd, 0x0, 0x0,
    0x0, 0x1, 0xff, 0xb0, 0x8, 0xff, 0x30, 0x0,
    0x0, 0x8, 0xff, 0x40, 0x2, 0xff, 0xa0, 0x0,
    0x0, 0xe, 0xfe, 0x0, 0x0, 0xcf, 0xf1, 0x0,
    0x0, 0x5f, 0xf8, 0x0, 0x0, 0x5f, 0xf7, 0x0,
    0x0, 0xbf, 0xf2, 0x0, 0x0, 0xf, 0xfd, 0x0,
    0x2, 0xff, 0xb0, 0x0, 0x0, 0x9, 0xff, 0x40,
    0x8, 0xff, 0x50, 0x0, 0x0, 0x3, 0xff, 0xb0,
    0xe, 0xfe, 0x0, 0x0, 0x0, 0x0, 0xcf, 0xf1,

    /* U+005F "_" */
    0x1, 0x11, 0x11, 0x11, 0x11, 0x11, 0xaf, 0xff,
    0xff, 0xff, 0xff, 0xfd, 0xaf, 0xff, 0xff, 0xff,
    0xff, 0xfd,

    /* U+0060 "`" */
    0x4f, 0xf8, 0x0, 0x0, 0x5f, 0xf4, 0x0, 0x0,
    0x6f, 0xe1, 0x0, 0x0, 0x6f, 0xb0,

    /* U+0061 "a" */
    0x0, 0x6, 0xbe, 0xff, 0xc7, 0x0, 0x0, 0x4e,
    0xff, 0xff, 0xff, 0xfd, 0x10, 0x2f, 0xff, 0xb7,
    0x67, 0xef, 0xfb, 0x0, 0x6f, 0x40, 0x0, 0x0,
    0xdf, 0xf2, 0x0, 0x10, 0x0, 0x0, 0x6, 0xff,
    0x50, 0x0, 0x0, 0x11, 0x11, 0x6f, 0xf6, 0x0,
    0x7d, 0xff, 0xff, 0xff, 0xff, 0x70, 0xdf, 0xff,
    0xff, 0xff, 0xff, 0xf7, 0x7f, 0xfb, 0x30, 0x0,
    0x7, 0xff, 0x7a, 0xff, 0x10, 0x0, 0x0, 0xdf,
    0xf7, 0x9f, 0xf3, 0x0, 0x0, 0x3f, 0xff, 0x75,
    0xff, 0xe7, 0x44, 0x9f, 0xff, 0xf7, 0x9, 0xff,
    0xff, 0xff, 0xf6, 0xff, 0x70, 0x4, 0xbe, 0xfe,
    0x91, 0x1f, 0xf7,

    /* U+0062 "b" */
    0x1f, 0xfa, 0x0, 0x0, 0x0, 0x0, 0x0, 0x1,
    0xff, 0xa0, 0x0, 0x0, 0x0, 0x0, 0x0, 0x1f,
    0xfa, 0x0, 0x0, 0x0, 0x0, 0x0, 0x1, 0xff,
    0xa0, 0x0, 0x0, 0x0, 0x0, 0x0, 0x1f, 0xfa,
    0x0, 0x0, 0x0, 0x0, 0x0, 0x1, 0xff, 0xa0,
    0x5c, 0xfe, 0xc5, 0x0, 0x0, 0x1f, 0xfa, 0xaf,
    0xff, 0xff, 0xfb, 0x0, 0x1, 0xff, 0xff, 0xea,
    0x8b, 0xff, 0xfa, 0x0, 0x1f, 0xff, 0xb0, 0x0,
    0x3, 0xef, 0xf4, 0x1, 0xff, 0xf1, 0x0, 0x0,
    0x5, 0xff, 0xa0, 0x1f, 0xf9, 0x0, 0x0, 0x0,
    0xe, 0xfe, 0x1, 0xff, 0x60, 0x0, 0x0, 0x0,
    0xcf, 0xf0, 0x1f, 0xf7, 0x0, 0x0, 0x0, 0xc,
    0xff, 0x1, 0xff, 0x90, 0x0, 0x0, 0x0, 0xef,
    0xe0, 0x1f, 0xfe, 0x10, 0x0, 0x0, 0x5f, 0xfa,
    0x1, 0xff, 0xfb, 0x0, 0x0, 0x3e, 0xff, 0x40,
    0x1f, 0xff, 0xfe, 0xa8, 0xbf, 0xff, 0xb0, 0x1,
    0xff, 0xac, 0xff, 0xff, 0xff, 0xb1, 0x0, 0x1f,
    0xfa, 0x7, 0xcf, 0xec, 0x60, 0x0, 0x0,

    /* U+0063 "c" */
    0x0, 0x2, 0x9d, 0xfe, 0xc5, 0x0, 0x0, 0x6,
    0xff, 0xff, 0xff, 0xfc, 0x10, 0x5, 0xff, 0xf9,
    0x67, 0xdf, 0xfb, 0x0, 0xef, 0xf3, 0x0, 0x0,
    0xbf, 0xf3, 0x5f, 0xf8, 0x0, 0x0, 0x1, 0xa4,
    0x9, 0xff, 0x30, 0x0, 0x0, 0x0, 0x0, 0xbf,
    0xf0, 0x0, 0x0, 0x0, 0x0, 0xb, 0xff, 0x0,
    0x0, 0x0, 0x0, 0x0, 0x9f, 0xf3, 0x0, 0x0,
    0x0, 0x0, 0x5, 0xff, 0x80, 0x0, 0x0, 0x1a,
    0x40, 0xe, 0xff, 0x30, 0x0, 0xb, 0xff, 0x30,
    0x5f, 0xff, 0xa6, 0x7d, 0xff, 0xb0, 0x0, 0x6f,
    0xff, 0xff, 0xff, 0xc0, 0x0, 0x0, 0x29, 0xdf,
    0xec, 0x60, 0x0,

    /* U+0064 "d" */
    0x0, 0x0, 0x0, 0x0, 0x0, 0x5f, 0xf6, 0x0,
    0x0, 0x0, 0x0, 0x0, 0x5f, 0xf6, 0x0, 0x0,
    0x0, 0x0, 0x0, 0x5f, 0xf6, 0x0, 0x0, 0x0,
    0x0, 0x0, 0x5f, 0xf6, 0x0, 0x0, 0x0, 0x0,
    0x0, 0x5f, 0xf6, 0x0, 0x3, 0xae, 0xfd, 0x80,
    0x5f, 0xf6, 0x0, 0x7f, 0xff, 0xff, 0xfd, 0x7f,
    0xf6, 0x6, 0xff, 0xfd, 0x99, 0xdf, 0xff, 0xf6,
    0xf, 0xff, 0x60, 0x0, 0x7, 0xff, 0xf6, 0x5f,
    0xfa, 0x0, 0x0, 0x0, 0xbf, 0xf6, 0x9f, 0xf3,
    0x0, 0x0, 0x0, 0x4f, 0xf6, 0xaf, 0xf1, 0x0,
    0x0, 0x0, 0x2f, 0xf6, 0xaf, 0xf1, 0x0, 0x0,
    0x0, 0x2f, 0xf6, 0x9f, 0xf3, 0x0, 0x0, 0x0,
    0x4f, 0xf6, 0x5f, 0xfa, 0x0, 0x0, 0x0, 0xaf,
    0xf6, 0xe, 0xff, 0x60, 0x0, 0x7, 0xff, 0xf6,
    0x6, 0xff, 0xfd, 0x99, 0xdf, 0xff, 0xf6, 0x0,
    0x7f, 0xff, 0xff, 0xfe, 0x8f, 0xf6, 0x0, 0x3,
    0xae, 0xfe, 0x91, 0x5f, 0xf6,

    /* U+0065 "e" */
    0x0, 0x3, 0xae, 0xfe, 0xb5, 0x0, 0x0, 0x7,
    0xff, 0xff, 0xff, 0xfb, 0x0, 0x5, 0xff, 0xe8,
    0x56, 0xcf, 0xfa, 0x0, 0xef, 0xe1, 0x0, 0x0,
    0xaf, 0xf2, 0x5f, 0xf5, 0x0, 0x0, 0x1, 0xff,
    0x89, 0xff, 0x10, 0x0, 0x0, 0xd, 0xfb, 0xbf,
    0xff, 0xff, 0xff, 0xff, 0xff, 0xdb, 0xff, 0xff,
    0xff, 0xff, 0xff, 0xfd, 0x9f, 0xf1, 0x0, 0x0,
    0x0, 0x0, 0x5, 0xff, 0x60, 0x0, 0x0, 0x0,
    0x0, 0xf, 0xfe, 0x30, 0x0, 0x1, 0xa3, 0x0,
    0x6f, 0xff, 0xb8, 0x7a, 0xff, 0xf2, 0x0, 0x8f,
    0xff, 0xff, 0xff, 0xf7, 0x0, 0x0, 0x3a, 0xef,
    0xed, 0x92, 0x0,

    /* U+0066 "f" */
    0x0, 0x0, 0x6c, 0xff, 0xc4, 0x0, 0x6, 0xff,
    0xff, 0xf3, 0x0, 0xd, 0xff, 0x85, 0x60, 0x0,
    0xe, 0xfd, 0x0, 0x0, 0x0, 0xf, 0xfc, 0x0,
    0x0, 0xbf, 0xff, 0xff, 0xff, 0xe0, 0xbf, 0xff,
    0xff, 0xff, 0xe0, 0x12, 0x2f, 0xfc, 0x22, 0x10,
    0x0, 0xf, 0xfc, 0x0, 0x0, 0x0, 0xf, 0xfc,
    0x0, 0x0, 0x0, 0xf, 0xfc, 0x0, 0x0, 0x0,
    0xf, 0xfc, 0x0, 0x0, 0x0, 0xf, 0xfc, 0x0,
    0x0, 0x0, 0xf, 0xfc, 0x0, 0x0, 0x0, 0xf,
    0xfc, 0x0, 0x0, 0x0, 0xf, 0xfc, 0x0, 0x0,
    0x0, 0xf, 0xfc, 0x0, 0x0, 0x0, 0xf, 0xfc,
    0x0, 0x0, 0x0, 0xf, 0xfc, 0x0, 0x0,

    /* U+0067 "g" */
    0x0, 0x0, 0x0, 0x0, 0x0, 0x8, 0x10, 0x0,
    0x5, 0xbe, 0xfd, 0x72, 0xcf, 0xc0, 0x0, 0xbf,
    0xff, 0xff, 0xff, 0xff, 0x60, 0x9, 0xff, 0xc5,
    0x49, 0xff, 0xf4, 0x0, 0x1f, 0xfd, 0x0, 0x0,
    0x8f, 0xf4, 0x0, 0x3f, 0xf8, 0x0, 0x0, 0x3f,
    0xf8, 0x0, 0x3f, 0xf8, 0x0, 0x0, 0x3f, 0xf8,
    0x0, 0x1f, 0xfd, 0x0, 0x0, 0x8f, 0xf6, 0x0,
    0x9, 0xff, 0xb4, 0x38, 0xff, 0xe0, 0x0, 0x4,
    0xff, 0xff, 0xff, 0xff, 0x40, 0x0, 0x1f, 0xfd,
    0xce, 0xfd, 0x92, 0x0, 0x0, 0x7f, 0xe0, 0x0,
    0x0, 0x0, 0x0, 0x0, 0x8f, 0xf8, 0x20, 0x0,
    0x0, 0x0, 0x0, 0x2f, 0xff, 0xff, 0xca, 0x73,
    0x0, 0x0, 0x2, 0xff, 0xff, 0xff, 0xff, 0xe4,
    0x0, 0x2c, 0xfb, 0x47, 0xac, 0xff, 0xff, 0x30,
    0xef, 0xd0, 0x0, 0x0, 0x8, 0xff, 0x80, 0xdf,
    0xc0, 0x0, 0x0, 0x2, 0xff, 0x80, 0x8f, 0xfa,
    0x41, 0x0, 0x3c, 0xff, 0x40, 0xa, 0xff, 0xff,
    0xff, 0xff, 0xf8, 0x0, 0x0, 0x49, 0xdf, 0xff,
    0xd9, 0x30, 0x0,

    /* U+0068 "h" */
    0x1f, 0xfa, 0x0, 0x0, 0x0, 0x0, 0x1, 0xff,
    0xa0, 0x0, 0x0, 0x0, 0x0, 0x1f, 0xfa, 0x0,
    0x0, 0x0, 0x0, 0x1, 0xff, 0xa0, 0x0, 0x0,
    0x0, 0x0, 0x1f, 0xfa, 0x0, 0x0, 0x0, 0x0,
    0x1, 0xff, 0xa0, 0x6c, 0xff, 0xc5, 0x0, 0x1f,
    0xfb, 0xbf, 0xff, 0xff, 0xf8, 0x1, 0xff, 0xff,
    0xc7, 0x7b, 0xff, 0xf2, 0x1f, 0xff, 0x90, 0x0,
    0xa, 0xff, 0x81, 0xff, 0xf1, 0x0, 0x0, 0x3f,
    0xfa, 0x1f, 0xfc, 0x0, 0x0, 0x1, 0xff, 0xb1,
    0xff, 0xb0, 0x0, 0x0, 0xf, 0xfb, 0x1f, 0xfa,
    0x0, 0x0, 0x0, 0xff, 0xb1, 0xff, 0xa0, 0x0,
    0x0, 0xf, 0xfb, 0x1f, 0xfa, 0x0, 0x0, 0x0,
    0xff, 0xb1, 0xff, 0xa0, 0x0, 0x0, 0xf, 0xfb,
    0x1f, 0xfa, 0x0, 0x0, 0x0, 0xff, 0xb1, 0xff,
    0xa0, 0x0, 0x0, 0xf, 0xfb, 0x1f, 0xfa, 0x0,
    0x0, 0x0, 0xff, 0xb0,

    /* U+0069 "i" */
    0x5f, 0xfc, 0x5f, 0xfc, 0x5f, 0xfc, 0x15, 0x53,
    0x0, 0x0, 0x2f, 0xfa, 0x2f, 0xfa, 0x2f, 0xfa,
    0x2f, 0xfa, 0x2f, 0xfa, 0x2f, 0xfa, 0x2f, 0xfa,
    0x2f, 0xfa, 0x2f, 0xfa, 0x2f, 0xfa, 0x2f, 0xfa,
    0x2f, 0xfa, 0x2f, 0xfa, 0x2f, 0xfa,

    /* U+006A "j" */
    0x0, 0x4f, 0xfd, 0x0, 0x4f, 0xfd, 0x0, 0x4f,
    0xfd, 0x0, 0x15, 0x54, 0x0, 0x0, 0x0, 0x0,
    0x2f, 0xfa, 0x0, 0x2f, 0xfa, 0x0, 0x2f, 0xfa,
    0x0, 0x2f, 0xfa, 0x0, 0x2f, 0xfa, 0x0, 0x2f,
    0xfa, 0x0, 0x2f, 0xfa, 0x0, 0x2f, 0xfa, 0x0,
    0x2f, 0xfa, 0x0, 0x2f, 0xfa, 0x0, 0x2f, 0xfa,
    0x0, 0x2f, 0xfa, 0x0, 0x2f, 0xfa, 0x0, 0x2f,
    0xfa, 0x0, 0x2f, 0xfa, 0x0, 0x2f, 0xfa, 0x0,
    0x3f, 0xf9, 0x78, 0xdf, 0xf7, 0xbf, 0xff, 0xf3,
    0x7e, 0xfd, 0x50,

    /* U+006B "k" */
    0x1f, 0xfa, 0x0, 0x0, 0x0, 0x0, 0x0, 0x1f,
    0xfa, 0x0, 0x0, 0x0, 0x0, 0x0, 0x1f, 0xfa,
    0x0, 0x0, 0x0, 0x0, 0x0, 0x1f, 0xfa, 0x0,
    0x0, 0x0, 0x0, 0x0, 0x1f, 0xfa, 0x0, 0x0,
    0x0, 0x0, 0x0, 0x1f, 0xfa, 0x0, 0x0, 0x2e,
    0xff, 0x60, 0x1f, 0xfa, 0x0, 0x2, 0xef, 0xf7,
    0x0, 0x1f, 0xfa, 0x0, 0x1e, 0xff, 0x70, 0x0,
    0x1f, 0xfa, 0x1, 0xdf, 0xf8, 0x0, 0x0, 0x1f,
    0xfa, 0x1d, 0xff, 0x90, 0x0, 0x0, 0x1f, 0xfb,
    0xcf, 0xff, 0x20, 0x0, 0x0, 0x1f, 0xff, 0xff,
    0xff, 0xb0, 0x0, 0x0, 0x1f, 0xff, 0xf8, 0xcf,
    0xf6, 0x0, 0x0, 0x1f, 0xff, 0x90, 0x3f, 0xfe,
    0x10, 0x0, 0x1f, 0xff, 0x0, 0x8, 0xff, 0xa0,
    0x0, 0x1f, 0xfa, 0x0, 0x0, 0xdf, 0xf4, 0x0,
    0x1f, 0xfa, 0x0, 0x0, 0x4f, 0xfe, 0x0, 0x1f,
    0xfa, 0x0, 0x0, 0xa, 0xff, 0x90, 0x1f, 0xfa,
    0x0, 0x0, 0x1, 0xef, 0xf3,

    /* U+006C "l" */
    0x2f, 0xf9, 0x0, 0x2f, 0xf9, 0x0, 0x2f, 0xf9,
    0x0, 0x2f, 0xf9, 0x0, 0x2f, 0xf9, 0x0, 0x2f,
    0xf9, 0x0, 0x2f, 0xf9, 0x0, 0x2f, 0xf9, 0x0,
    0x2f, 0xf9, 0x0, 0x2f, 0xf9, 0x0, 0x2f, 0xf9,
    0x0, 0x2f, 0xf9, 0x0, 0x2f, 0xf9, 0x0, 0x2f,
    0xf9, 0x0, 0x2f, 0xf9, 0x0, 0x2f, 0xf9, 0x0,
    0xf, 0xff, 0x77, 0xc, 0xff, 0xfd, 0x1, 0xbf,
    0xe9,

    /* U+006D "m" */
    0x1f, 0xfa, 0x7, 0xdf, 0xe9, 0x10, 0x7, 0xdf,
    0xeb, 0x30, 0x1, 0xff, 0xab, 0xff, 0xff, 0xfe,
    0x2b, 0xff, 0xff, 0xff, 0x40, 0x1f, 0xff, 0xfa,
    0x68, 0xff, 0xff, 0xfd, 0x76, 0xcf, 0xfd, 0x1,
    0xff, 0xf8, 0x0, 0x3, 0xff, 0xfe, 0x10, 0x0,
    0xcf, 0xf4, 0x1f, 0xff, 0x0, 0x0, 0xc, 0xff,
    0x80, 0x0, 0x5, 0xff, 0x71, 0xff, 0xc0, 0x0,
    0x0, 0xaf, 0xf3, 0x0, 0x0, 0x3f, 0xf8, 0x1f,
    0xfb, 0x0, 0x0, 0x9, 0xff, 0x20, 0x0, 0x2,
    0xff, 0x91, 0xff, 0xa0, 0x0, 0x0, 0x9f, 0xf2,
    0x0, 0x0, 0x2f, 0xf9, 0x1f, 0xfa, 0x0, 0x0,
    0x9, 0xff, 0x20, 0x0, 0x2, 0xff, 0x91, 0xff,
    0xa0, 0x0, 0x0, 0x9f, 0xf2, 0x0, 0x0, 0x2f,
    0xf9, 0x1f, 0xfa, 0x0, 0x0, 0x9, 0xff, 0x20,
    0x0, 0x2, 0xff, 0x91, 0xff, 0xa0, 0x0, 0x0,
    0x9f, 0xf2, 0x0, 0x0, 0x2f, 0xf9, 0x1f, 0xfa,
    0x0, 0x0, 0x9, 0xff, 0x20, 0x0, 0x2, 0xff,
    0x91, 0xff, 0xa0, 0x0, 0x0, 0x9f, 0xf2, 0x0,
    0x0, 0x2f, 0xf9,

    /* U+006E "n" */
    0x1f, 0xfa, 0x7, 0xdf, 0xfc, 0x50, 0x1, 0xff,
    0xbb, 0xff, 0xff, 0xff, 0x80, 0x1f, 0xff, 0xfb,
    0x77, 0xbf, 0xff, 0x21, 0xff, 0xf9, 0x0, 0x0,
    0xaf, 0xf8, 0x1f, 0xff, 0x10, 0x0, 0x3, 0xff,
    0xa1, 0xff, 0xd0, 0x0, 0x0, 0x1f, 0xfb, 0x1f,
    0xfb, 0x0, 0x0, 0x0, 0xff, 0xb1, 0xff, 0xa0,
    0x0, 0x0, 0xf, 0xfb, 0x1f, 0xfa, 0x0, 0x0,
    0x0, 0xff, 0xb1, 0xff, 0xa0, 0x0, 0x0, 0xf,
    0xfb, 0x1f, 0xfa, 0x0, 0x0, 0x0, 0xff, 0xb1,
    0xff, 0xa0, 0x0, 0x0, 0xf, 0xfb, 0x1f, 0xfa,
    0x0, 0x0, 0x0, 0xff, 0xb1, 0xff, 0xa0, 0x0,
    0x0, 0xf, 0xfb,

    /* U+006F "o" */
    0x0, 0x1, 0x7c, 0xef, 0xd8, 0x10, 0x0, 0x0,
    0x4e, 0xff, 0xff, 0xff, 0xf5, 0x0, 0x3, 0xff,
    0xfb, 0x77, 0xaf, 0xff, 0x40, 0xd, 0xff, 0x50,
    0x0, 0x3, 0xff, 0xe0, 0x4f, 0xf8, 0x0, 0x0,
    0x0, 0x7f, 0xf6, 0x9f, 0xf3, 0x0, 0x0, 0x0,
    0x1f, 0xfa, 0xaf, 0xf0, 0x0, 0x0, 0x0, 0xf,
    0xfc, 0xaf, 0xf0, 0x0, 0x0, 0x0, 0xf, 0xfc,
    0x8f, 0xf3, 0x0, 0x0, 0x0, 0x1f, 0xfa, 0x4f,
    0xf9, 0x0, 0x0, 0x0, 0x7f, 0xf6, 0xd, 0xff,
    0x50, 0x0, 0x4, 0xff, 0xe0, 0x3, 0xff, 0xfb,
    0x77, 0xbf, 0xff, 0x40, 0x0, 0x4e, 0xff, 0xff,
    0xff, 0xf5, 0x0, 0x0, 0x1, 0x7c, 0xef, 0xd8,
    0x10, 0x0,

    /* U+0070 "p" */
    0x1f, 0xfa, 0x7, 0xcf, 0xec, 0x50, 0x0, 0x1,
    0xff, 0xac, 0xff, 0xff, 0xff, 0xb0, 0x0, 0x1f,
    0xff, 0xfe, 0xa8, 0xbf, 0xff, 0xa0, 0x1, 0xff,
    0xfb, 0x0, 0x0, 0x3e, 0xff, 0x40, 0x1f, 0xff,
    0x10, 0x0, 0x0, 0x5f, 0xfa, 0x1, 0xff, 0x90,
    0x0, 0x0, 0x0, 0xef, 0xe0, 0x1f, 0xf7, 0x0,
    0x0, 0x0, 0xc, 0xff, 0x1, 0xff, 0x60, 0x0,
    0x0, 0x0, 0xcf, 0xf0, 0x1f, 0xf9, 0x0, 0x0,
    0x0, 0xe, 0xfe, 0x1, 0xff, 0xf1, 0x0, 0x0,
    0x5, 0xff, 0xa0, 0x1f, 0xff, 0xb0, 0x0, 0x3,
    0xef, 0xf4, 0x1, 0xff, 0xff, 0xe9, 0x8b, 0xff,
    0xfa, 0x0, 0x1f, 0xfa, 0xbf, 0xff, 0xff, 0xfb,
    0x10, 0x1, 0xff, 0xa0, 0x6c, 0xfe, 0xc6, 0x0,
    0x0, 0x1f, 0xfa, 0x0, 0x0, 0x0, 0x0, 0x0,
    0x1, 0xff, 0xa0, 0x0, 0x0, 0x0, 0x0, 0x0,
    0x1f, 0xfa, 0x0, 0x0, 0x0, 0x0, 0x0, 0x1,
    0xff, 0xa0, 0x0, 0x0, 0x0, 0x0, 0x0, 0x1f,
    0xfa, 0x0, 0x0, 0x0, 0x0, 0x0, 0x1, 0xff,
    0xa0, 0x0, 0x0, 0x0, 0x0, 0x0,

    /* U+0071 "q" */
    0x0, 0x3, 0xae, 0xfe, 0x91, 0x5f, 0xf6, 0x0,
    0x7f, 0xff, 0xff, 0xfe, 0x8f, 0xf6, 0x5, 0xff,
    0xfd, 0x99, 0xdf, 0xff, 0xf6, 0xe, 0xff, 0x70,
    0x0, 0x7, 0xff, 0xf6, 0x5f, 0xfa, 0x0, 0x0,
    0x0, 0xbf, 0xf6, 0x9f, 0xf3, 0x0, 0x0, 0x0,
    0x4f, 0xf6, 0xaf, 0xf1, 0x0, 0x0, 0x0, 0x2f,
    0xf6, 0xaf, 0xf1, 0x0, 0x0, 0x0, 0x2f, 0xf6,
    0x9f, 0xf3, 0x0, 0x0, 0x0, 0x4f, 0xf6, 0x5f,
    0xf9, 0x0, 0x0, 0x0, 0xbf, 0xf6, 0xf, 0xff,
    0x60, 0x0, 0x7, 0xff, 0xf6, 0x6, 0xff, 0xfc,
    0x99, 0xdf, 0xff, 0xf6, 0x0, 0x7f, 0xff, 0xff,
    0xfe, 0x8f, 0xf6, 0x0, 0x3, 0xae, 0xfe, 0x91,
    0x5f, 0xf6, 0x0, 0x0, 0x0, 0x0, 0x0, 0x5f,
    0xf6, 0x0, 0x0, 0x0, 0x0, 0x0, 0x5f, 0xf6,
    0x0, 0x0, 0x0, 0x0, 0x0, 0x5f, 0xf6, 0x0,
    0x0, 0x0, 0x0, 0x0, 0x5f, 0xf6, 0x0, 0x0,
    0x0, 0x0, 0x0, 0x5f, 0xf6, 0x0, 0x0, 0x0,
    0x0, 0x0, 0x5f, 0xf6,

    /* U+0072 "r" */
    0x1f, 0xfa, 0x6, 0xcf, 0xea, 0x1, 0xff, 0xaa,
    0xff, 0xff, 0x80, 0x1f, 0xff, 0xff, 0xdc, 0xe1,
    0x1, 0xff, 0xfd, 0x20, 0x0, 0x0, 0x1f, 0xff,
    0x20, 0x0, 0x0, 0x1, 0xff, 0xd0, 0x0, 0x0,
    0x0, 0x1f, 0xfb, 0x0, 0x0, 0x0, 0x1, 0xff,
    0xa0, 0x0, 0x0, 0x0, 0x1f, 0xfa, 0x0, 0x0,
    0x0, 0x1, 0xff, 0xa0, 0x0, 0x0, 0x0, 0x1f,
    0xfa, 0x0, 0x0, 0x0, 0x1, 0xff, 0xa0, 0x0,
    0x0, 0x0, 0x1f, 0xfa, 0x0, 0x0, 0x0, 0x1,
    0xff, 0xa0, 0x0, 0x0, 0x0,

    /* U+0073 "s" */
    0x0, 0x5, 0xbe, 0xfe, 0xa3, 0x0, 0x0, 0x9f,
    0xff, 0xff, 0xff, 0x70, 0x3, 0xff, 0xb4, 0x25,
    0xbf, 0xf2, 0x7, 0xff, 0x10, 0x0, 0x8, 0x40,
    0x6, 0xff, 0x70, 0x0, 0x0, 0x0, 0x1, 0xef,
    0xfe, 0xa6, 0x10, 0x0, 0x0, 0x3d, 0xff, 0xff,
    0xfb, 0x30, 0x0, 0x0, 0x49, 0xef, 0xff, 0xf3,
    0x0, 0x0, 0x0, 0x2, 0xaf, 0xfb, 0x0, 0x30,
    0x0, 0x0, 0xd, 0xfe, 0x8, 0xf7, 0x0, 0x0,
    0xe, 0xfc, 0xd, 0xff, 0xc6, 0x45, 0xcf, 0xf7,
    0x1, 0xcf, 0xff, 0xff, 0xff, 0xb0, 0x0, 0x5,
    0xbe, 0xfe, 0xb5, 0x0,

    /* U+0074 "t" */
    0x0, 0x0, 0x0, 0x0, 0x0, 0x0, 0x5, 0xa0,
    0x0, 0x0, 0xb, 0xfc, 0x0, 0x0, 0x0, 0xff,
    0xc0, 0x0, 0x0, 0xf, 0xfc, 0x0, 0x0, 0x0,
    0xff, 0xc0, 0x0, 0xbf, 0xff, 0xff, 0xff, 0xfb,
    0xff, 0xff, 0xff, 0xff, 0x12, 0x2f, 0xfe, 0x22,
    0x10, 0x0, 0xff, 0xc0, 0x0, 0x0, 0xf, 0xfc,
    0x0, 0x0, 0x0, 0xff, 0xc0, 0x0, 0x0, 0xf,
    0xfc, 0x0, 0x0, 0x0, 0xff, 0xc0, 0x0, 0x0,
    0xf, 0xfc, 0x0, 0x0, 0x0, 0xff, 0xd0, 0x0,
    0x0, 0xe, 0xfe, 0x0, 0x0, 0x0, 0xcf, 0xf9,
    0x45, 0x0, 0x5, 0xff, 0xff, 0xf0, 0x0, 0x5,
    0xdf, 0xeb,

    /* U+0075 "u" */
    0x4f, 0xf7, 0x0, 0x0, 0x3, 0xff, 0x84, 0xff,
    0x70, 0x0, 0x0, 0x3f, 0xf8, 0x4f, 0xf7, 0x0,
    0x0, 0x3, 0xff, 0x84, 0xff, 0x70, 0x0, 0x0,
    0x3f, 0xf8, 0x4f, 0xf7, 0x0, 0x0, 0x3, 0xff,
    0x84, 0xff, 0x70, 0x0, 0x0, 0x3f, 0xf8, 0x4f,
    0xf7, 0x0, 0x0, 0x3, 0xff, 0x84, 0xff, 0x70,
    0x0, 0x0, 0x4f, 0xf8, 0x4f, 0xf8, 0x0, 0x0,
    0x6, 0xff, 0x83, 0xff, 0xb0, 0x0, 0x0, 0xaf,
    0xf8, 0xf, 0xff, 0x20, 0x0, 0x3f, 0xff, 0x80,
    0xaf, 0xfe, 0x86, 0x9f, 0xff, 0xf8, 0x1, 0xef,
    0xff, 0xff, 0xf8, 0xff, 0x80, 0x1, 0x9d, 0xfe,
    0xa2, 0x3f, 0xf8,

    /* U+0076 "v" */
    0x3f, 0xfc, 0x0, 0x0, 0x0, 0x1f, 0xfe, 0x0,
    0xdf, 0xf2, 0x0, 0x0, 0x6, 0xff, 0x80, 0x6,
    0xff, 0x70, 0x0, 0x0, 0xcf, 0xf1, 0x0, 0x1f,
    0xfd, 0x0, 0x0, 0x2f, 0xfb, 0x0, 0x0, 0x9f,
    0xf3, 0x0, 0x8, 0xff, 0x40, 0x0, 0x3, 0xff,
    0x90, 0x0, 0xdf, 0xe0, 0x0, 0x0, 0xd, 0xfe,
    0x0, 0x3f, 0xf8, 0x0, 0x0, 0x0, 0x6f, 0xf4,
    0x9, 0xff, 0x10, 0x0, 0x0, 0x0, 0xff, 0xa0,
    0xef, 0xb0, 0x0, 0x0, 0x0, 0x9, 0xff, 0x6f,
    0xf5, 0x0, 0x0, 0x0, 0x0, 0x3f, 0xff, 0xfe,
    0x0, 0x0, 0x0, 0x0, 0x0, 0xcf, 0xff, 0x80,
    0x0, 0x0, 0x0, 0x0, 0x6, 0xff, 0xf1, 0x0,
    0x0, 0x0, 0x0, 0x0, 0xf, 0xfb, 0x0, 0x0,
    0x0,

    /* U+0077 "w" */
    0x2f, 0xfb, 0x0, 0x0, 0xd, 0xfd, 0x0, 0x0,
    0xb, 0xff, 0x20, 0xdf, 0xf0, 0x0, 0x2, 0xff,
    0xf2, 0x0, 0x0, 0xff, 0xd0, 0x8, 0xff, 0x40,
    0x0, 0x7f, 0xff, 0x70, 0x0, 0x4f, 0xf8, 0x0,
    0x4f, 0xf8, 0x0, 0xc, 0xff, 0xfc, 0x0, 0x9,
    0xff, 0x40, 0x0, 0xff, 0xd0, 0x1, 0xff, 0x9f,
    0xf1, 0x0, 0xdf, 0xe0, 0x0, 0xa, 0xff, 0x10,
    0x6f, 0xf1, 0xff, 0x60, 0x1f, 0xfa, 0x0, 0x0,
    0x6f, 0xf5, 0xb, 0xfb, 0xb, 0xfb, 0x6, 0xff,
    0x50, 0x0, 0x1, 0xff, 0xa1, 0xff, 0x60, 0x6f,
    0xf0, 0xaf, 0xf1, 0x0, 0x0, 0xc, 0xfe, 0x5f,
    0xf1, 0x1, 0xff, 0x5e, 0xfc, 0x0, 0x0, 0x0,
    0x7f, 0xfd, 0xfc, 0x0, 0xc, 0xfd, 0xff, 0x70,
    0x0, 0x0, 0x3, 0xff, 0xff, 0x70, 0x0, 0x7f,
    0xff, 0xf2, 0x0, 0x0, 0x0, 0xe, 0xff, 0xf2,
    0x0, 0x2, 0xff, 0xfd, 0x0, 0x0, 0x0, 0x0,
    0x9f, 0xfd, 0x0, 0x0, 0xd, 0xff, 0x90, 0x0,
    0x0, 0x0, 0x4, 0xff, 0x80, 0x0, 0x0, 0x8f,
    0xf4, 0x0, 0x0,

    /* U+0078 "x" */
    0x1e, 0xff, 0x50, 0x0, 0x0, 0x8f, 0xfb, 0x0,
    0x4f, 0xfe, 0x10, 0x0, 0x3f, 0xfe, 0x10, 0x0,
    0x8f, 0xfa, 0x0, 0xd, 0xff, 0x40, 0x0, 0x0,
    0xdf, 0xf5, 0x8, 0xff, 0x90, 0x0, 0x0, 0x2,
    0xff, 0xe5, 0xff, 0xd0, 0x0, 0x0, 0x0, 0x7,
    0xff, 0xff, 0xf3, 0x0, 0x0, 0x0, 0x0, 0xb,
    0xff, 0xf7, 0x0, 0x0, 0x0, 0x0, 0x0, 0xcf,
    0xff, 0x80, 0x0, 0x0, 0x0, 0x0, 0x7f, 0xff,
    0xff, 0x30, 0x0, 0x0, 0x0, 0x3f, 0xfe, 0x4f,
    0xfe, 0x0, 0x0, 0x0, 0xd, 0xff, 0x40, 0x8f,
    0xfa, 0x0, 0x0, 0x9, 0xff, 0x90, 0x0, 0xdf,
    0xf5, 0x0, 0x4, 0xff, 0xe1, 0x0, 0x3, 0xff,
    0xe1, 0x1, 0xef, 0xf4, 0x0, 0x0, 0x9, 0xff,
    0xb0,

    /* U+0079 "y" */
    0x3f, 0xfc, 0x0, 0x0, 0x0, 0x1f, 0xfe, 0x0,
    0xdf, 0xf1, 0x0, 0x0, 0x6, 0xff, 0x80, 0x7,
    0xff, 0x70, 0x0, 0x0, 0xcf, 0xf2, 0x0, 0x1f,
    0xfd, 0x0, 0x0, 0x2f, 0xfb, 0x0, 0x0, 0xaf,
    0xf3, 0x0, 0x7, 0xff, 0x50, 0x0, 0x3, 0xff,
    0x80, 0x0, 0xdf, 0xe0, 0x0, 0x0, 0xd, 0xfe,
    0x0, 0x3f, 0xf8, 0x0, 0x0, 0x0, 0x7f, 0xf4,
    0x9, 0xff, 0x20, 0x0, 0x0, 0x1, 0xff, 0x90,
    0xef, 0xb0, 0x0, 0x0, 0x0, 0xa, 0xff, 0x5f,
    0xf5, 0x0, 0x0, 0x0, 0x0, 0x4f, 0xfe, 0xfe,
    0x0, 0x0, 0x0, 0x0, 0x0, 0xdf, 0xff, 0x80,
    0x0, 0x0, 0x0, 0x0, 0x7, 0xff, 0xf2, 0x0,
    0x0, 0x0, 0x0, 0x0, 0x3f, 0xfc, 0x0, 0x0,
    0x0, 0x0, 0x0, 0x9, 0xff, 0x50, 0x0, 0x0,
    0x0, 0x0, 0x0, 0xff, 0xe0, 0x0, 0x0, 0x0,
    0x0, 0x0, 0x6f, 0xf9, 0x0, 0x0, 0x0, 0x0,
    0x0, 0xc, 0xff, 0x20, 0x0, 0x0, 0x0, 0x0,
    0x3, 0xff, 0xc0, 0x0, 0x0, 0x0, 0x0, 0x0,
    0x9f, 0xf6, 0x0, 0x0, 0x0, 0x0,

    /* U+007A "z" */
    0xaf, 0xff, 0xff, 0xff, 0xff, 0xf1, 0xaf, 0xff,
    0xff, 0xff, 0xff, 0xf1, 0x23, 0x33, 0x33, 0x39,
    0xff, 0xa0, 0x0, 0x0, 0x0, 0x3f, 0xfd, 0x0,
    0x0, 0x0, 0x1, 0xef, 0xf2, 0x0, 0x0, 0x0,
    0xb, 0xff, 0x50, 0x0, 0x0, 0x0, 0x8f, 0xf8,
    0x0, 0x0, 0x0, 0x5, 0xff, 0xc0, 0x0, 0x0,
    0x0, 0x2f, 0xfe, 0x10, 0x0, 0x0, 0x1, 0xdf,
    0xf3, 0x0, 0x0, 0x0, 0xb, 0xff, 0x60, 0x0,
    0x0, 0x0, 0x8f, 0xfe, 0x33, 0x33, 0x33, 0x30,
    0xff, 0xff, 0xff, 0xff, 0xff, 0xf0, 0xff, 0xff,
    0xff, 0xff, 0xff, 0xf0,

    /* U+007B "{" */
    0x0, 0x5, 0xac, 0xa0, 0x6, 0xff, 0xfe, 0x0,
    0xdf, 0xb1, 0x0, 0xf, 0xf5, 0x0, 0x1, 0xff,
    0x40, 0x0, 0x1f, 0xf4, 0x0, 0x1, 0xff, 0x40,
    0x0, 0x1f, 0xf4, 0x0, 0x1, 0xff, 0x40, 0x0,
    0x1f, 0xf4, 0x0, 0x1, 0xff, 0x40, 0x0, 0x2f,
    0xf3, 0x0, 0xa, 0xfe, 0x0, 0xc, 0xfe, 0x40,
    0x0, 0xdf, 0xc1, 0x0, 0x3, 0xcf, 0xd0, 0x0,
    0x3, 0xff, 0x30, 0x0, 0x1f, 0xf4, 0x0, 0x1,
    0xff, 0x40, 0x0, 0x1f, 0xf4, 0x0, 0x1, 0xff,
    0x40, 0x0, 0x1f, 0xf4, 0x0, 0x1, 0xff, 0x40,
    0x0, 0x1f, 0xf4, 0x0, 0x0, 0xff, 0x40, 0x0,
    0xe, 0xf9, 0x0, 0x0, 0x8f, 0xfd, 0xa0, 0x0,
    0x9e, 0xfe,

    /* U+007C "|" */
    0x6f, 0xb6, 0xfb, 0x6f, 0xb6, 0xfb, 0x6f, 0xb6,
    0xfb, 0x6f, 0xb6, 0xfb, 0x6f, 0xb6, 0xfb, 0x6f,
    0xb6, 0xfb, 0x6f, 0xb6, 0xfb, 0x6f, 0xb6, 0xfb,
    0x6f, 0xb6, 0xfb, 0x6f, 0xb6, 0xfb, 0x6f, 0xb6,
    0xfb, 0x6f, 0xb6, 0xfb, 0x6f, 0xb6, 0xfb, 0x6f,
    0xb6, 0xfb,

    /* U+007D "}" */
    0x9c, 0xa6, 0x0, 0xc, 0xff, 0xf8, 0x0, 0x0,
    0xaf, 0xf0, 0x0, 0x3, 0xff, 0x20, 0x0, 0x2f,
    0xf3, 0x0, 0x2, 0xff, 0x30, 0x0, 0x2f, 0xf3,
    0x0, 0x2, 0xff, 0x30, 0x0, 0x2f, 0xf3, 0x0,
    0x2, 0xff, 0x30, 0x0, 0x2f, 0xf3, 0x0, 0x1,
    0xff, 0x40, 0x0, 0xd, 0xfb, 0x0, 0x0, 0x3e,
    0xfe, 0x0, 0x1, 0xbf, 0xe0, 0x0, 0xcf, 0xd3,
    0x0, 0x1f, 0xf5, 0x0, 0x2, 0xff, 0x30, 0x0,
    0x2f, 0xf3, 0x0, 0x2, 0xff, 0x30, 0x0, 0x2f,
    0xf3, 0x0, 0x2, 0xff, 0x30, 0x0, 0x2f, 0xf3,
    0x0, 0x2, 0xff, 0x30, 0x0, 0x3f, 0xf2, 0x0,
    0x7, 0xff, 0x0, 0x9d, 0xff, 0xa0, 0xc, 0xfe,
    0xa1, 0x0,

    /* U+007E "~" */
    0x0, 0x7e, 0xfd, 0x40, 0x0, 0x28, 0x70, 0x6f,
    0xff, 0xff, 0x50, 0x5, 0xfc, 0xe, 0xf7, 0x8,
    0xff, 0x30, 0xcf, 0x82, 0xff, 0x0, 0x9, 0xff,
    0xff, 0xf1, 0x4, 0x30, 0x0, 0x8, 0xef, 0xc3,
    0x0,

    /* U+00A0 " " */

    /* U+00A1 "¡" */
    0x2f, 0xff, 0x2f, 0xff, 0x2f, 0xff, 0x6, 0x65,
    0x0, 0x0, 0x0, 0x0, 0x7, 0xb5, 0xa, 0xf7,
    0xb, 0xf8, 0xb, 0xf8, 0xb, 0xf8, 0xc, 0xf9,
    0xc, 0xf9, 0xc, 0xf9, 0xd, 0xfa, 0xd, 0xfa,
    0xe, 0xfa, 0xe, 0xfb, 0xe, 0xfb, 0xf, 0xfc,

    /* U+00A2 "¢" */
    0x0, 0x0, 0x0, 0xcf, 0x30, 0x0, 0x0, 0x0,
    0x0, 0x0, 0xcf, 0x30, 0x0, 0x0, 0x0, 0x0,
    0x0, 0xcf, 0x30, 0x0, 0x0, 0x0, 0x0, 0x5b,
    0xff, 0xf9, 0x20, 0x0, 0x0, 0xc, 0xff, 0xff,
    0xff, 0xf6, 0x0, 0x0, 0xbf, 0xfd, 0x86, 0x9f,
    0xff, 0x40, 0x5, 0xff, 0xc0, 0x0, 0x3, 0xff,
    0xd0, 0xc, 0xff, 0x20, 0x0, 0x0, 0x67, 0x10,
    0xf, 0xfc, 0x0, 0x0, 0x0, 0x0, 0x0, 0x1f,
    0xf9, 0x0, 0x0, 0x0, 0x0, 0x0, 0x1f, 0xf9,
    0x0, 0x0, 0x0, 0x0, 0x0, 0xf, 0xfc, 0x0,
    0x0, 0x0, 0x0, 0x0, 0xc, 0xff, 0x20, 0x0,
    0x0, 0x67, 0x10, 0x5, 0xff, 0xb0, 0x0, 0x3,
    0xff, 0xd0, 0x0, 0xbf, 0xfe, 0x86, 0x9f, 0xff,
    0x40, 0x0, 0x1c, 0xff, 0xff, 0xff, 0xf6, 0x0,
    0x0, 0x0, 0x6b, 0xff, 0xf9, 0x20, 0x0, 0x0,
    0x0, 0x0, 0xcf, 0x30, 0x0, 0x0, 0x0, 0x0,
    0x0, 0xcf, 0x30, 0x0, 0x0, 0x0, 0x0, 0x0,
    0xcf, 0x30, 0x0, 0x0,

    /* U+00A3 "£" */
    0x0, 0x0, 0x18, 0xdf, 0xfd, 0x80, 0x0, 0x0,
    0x3, 0xef, 0xff, 0xff, 0xfd, 0x10, 0x0, 0x1e,
    0xff, 0x95, 0x6a, 0xff, 0xd0, 0x0, 0x7f, 0xf3,
    0x0, 0x0, 0x3f, 0xf5, 0x0, 0xaf, 0xa0, 0x0,
    0x0, 0x6, 0x50, 0x0, 0xbf, 0x90, 0x0, 0x0,
    0x0, 0x0, 0x0, 0x9f, 0xb0, 0x0, 0x0, 0x0,
    0x0, 0x0, 0x5f, 0xf0, 0x0, 0x0, 0x0, 0x0,
    0x9f, 0xff, 0xff, 0xff, 0xff, 0xd0, 0x0, 0x9f,
    0xff, 0xff, 0xff, 0xff, 0xd0, 0x0, 0x25, 0x5b,
    0xfc, 0x55, 0x55, 0x40, 0x0, 0x0, 0x5, 0xff,
    0x0, 0x0, 0x0, 0x0, 0x0, 0x2, 0xff, 0x10,
    0x0, 0x0, 0x0, 0x0, 0x4, 0xff, 0x10, 0x0,
    0x0, 0x0, 0x0, 0xc, 0xfc, 0x0, 0x0, 0x0,
    0x0, 0x1, 0xbf, 0xf3, 0x0, 0x0, 0x0, 0x0,
    0x5e, 0xff, 0x75, 0x55, 0x55, 0x55, 0x52, 0xaf,
    0xff, 0xff, 0xff, 0xff, 0xff, 0xf8, 0xaf, 0xff,
    0xff, 0xff, 0xff, 0xff, 0xf8,

    /* U+00A4 "¤" */
    0x0, 0x20, 0x0, 0x0, 0x0, 0x0, 0x11, 0x0,
    0xae, 0x32, 0x9e, 0xfe, 0xb4, 0x1d, 0xd1, 0xc,
    0xff, 0xff, 0xff, 0xff, 0xfe, 0xfe, 0x20, 0xd,
    0xff, 0xa3, 0x13, 0x8f, 0xff, 0x20, 0x1, 0xff,
    0x70, 0x0, 0x0, 0x4f, 0xf5, 0x0, 0x7f, 0xc0,
    0x0, 0x0, 0x0, 0x8f, 0xb0, 0xb, 0xf6, 0x0,
    0x0, 0x0, 0x2, 0xff, 0x0, 0xcf, 0x40, 0x0,
    0x0, 0x0, 0xf, 0xf1, 0xb, 0xf5, 0x0, 0x0,
    0x0, 0x2, 0xff, 0x0, 0x7f, 0xb0, 0x0, 0x0,
    0x0, 0x8f, 0xb0, 0x1, 0xff, 0x60, 0x0, 0x0,
    0x4f, 0xf5, 0x0, 0xd, 0xff, 0xa3, 0x12, 0x8f,
    0xff, 0x20, 0xc, 0xff, 0xff, 0xff, 0xff, 0xfe,
    0xfe, 0x20, 0xbe, 0x32, 0x9e, 0xfe, 0xb4, 0x1d,
    0xd1, 0x0, 0x20, 0x0, 0x0, 0x0, 0x0, 0x11,
    0x0,

    /* U+00A5 "¥" */
    0xaf, 0xf6, 0x0, 0x0, 0x0, 0x0, 0xbf, 0xf6,
    0x1f, 0xfe, 0x0, 0x0, 0x0, 0x3, 0xff, 0xd0,
    0x7, 0xff, 0x80, 0x0, 0x0, 0xc, 0xff, 0x40,
    0x0, 0xdf, 0xf1, 0x0, 0x0, 0x5f, 0xfa, 0x0,
    0x0, 0x5f, 0xfa, 0x0, 0x0, 0xef, 0xf2, 0x0,
    0x0, 0xc, 0xff, 0x30, 0x7, 0xff, 0x80, 0x0,
    0x0, 0x2, 0xff, 0xb0, 0x1f, 0xfe, 0x0, 0x0,
    0x0, 0x0, 0x9f, 0xf4, 0x9f, 0xf6, 0x0, 0x0,
    0x0, 0x0, 0x1f, 0xfe, 0xff, 0xc0, 0x0, 0x0,
    0x3, 0xff, 0xff, 0xff, 0xff, 0xff, 0xff, 0x0,
    0x3, 0xff, 0xff, 0xff, 0xff, 0xff, 0xff, 0x0,
    0x0, 0x33, 0x33, 0xaf, 0xf7, 0x33, 0x33, 0x0,
    0x0, 0x0, 0x0, 0x8f, 0xf5, 0x0, 0x0, 0x0,
    0x0, 0x33, 0x33, 0xaf, 0xf7, 0x33, 0x33, 0x0,
    0x3, 0xff, 0xff, 0xff, 0xff, 0xff, 0xff, 0x0,
    0x3, 0xff, 0xff, 0xff, 0xff, 0xff, 0xff, 0x0,
    0x0, 0x0, 0x0, 0x8f, 0xf5, 0x0, 0x0, 0x0,
    0x0, 0x0, 0x0, 0x8f, 0xf5, 0x0, 0x0, 0x0,
    0x0, 0x0, 0x0, 0x8f, 0xf5, 0x0, 0x0, 0x0,

    /* U+00A6 "¦" */
    0x6f, 0xb6, 0xfb, 0x6f, 0xb6, 0xfb, 0x6f, 0xb6,
    0xfb, 0x6f, 0xb6, 0xfb, 0x6f, 0xb6, 0xfb, 0x6f,
    0xb3, 0x96, 0x0, 0x0, 0x0, 0x0, 0x0, 0x0,
    0x26, 0x46, 0xfb, 0x6f, 0xb6, 0xfb, 0x6f, 0xb6,
    0xfb, 0x6f, 0xb6, 0xfb, 0x6f, 0xb6, 0xfb, 0x6f,
    0xb6, 0xfb,

    /* U+00A7 "§" */
    0x0, 0x0, 0x5b, 0xef, 0xda, 0x30, 0x0, 0x0,
    0x1, 0xcf, 0xff, 0xff, 0xff, 0x90, 0x0, 0x0,
    0xbf, 0xff, 0xa9, 0xcf, 0xff, 0x80, 0x0, 0x3f,
    0xfd, 0x10, 0x0, 0x4f, 0xfa, 0x0, 0x6, 0xff,
    0x70, 0x0, 0x0, 0x54, 0x0, 0x0, 0x7f, 0xf7,
    0x0, 0x0, 0x0, 0x0, 0x0, 0x4, 0xff, 0xe2,
    0x0, 0x0, 0x0, 0x0, 0x0, 0x4f, 0xff, 0xf8,
    0x10, 0x0, 0x0, 0x0, 0xe, 0xff, 0xff, 0xff,
    0xb4, 0x0, 0x0, 0x5, 0xff, 0xa7, 0xef, 0xff,
    0xfd, 0x30, 0x0, 0x8f, 0xf4, 0x0, 0x6d, 0xff,
    0xff, 0x80, 0x8, 0xff, 0x50, 0x0, 0x4, 0xbf,
    0xff, 0x60, 0x6f, 0xfd, 0x10, 0x0, 0x0, 0x8f,
    0xfd, 0x0, 0xef, 0xfd, 0x40, 0x0, 0x0, 0xef,
    0xf0, 0x3, 0xef, 0xff, 0xd6, 0x0, 0xd, 0xff,
    0x0, 0x1, 0x9f, 0xff, 0xff, 0x83, 0xff, 0xc0,
    0x0, 0x0, 0x18, 0xef, 0xff, 0xff, 0xf5, 0x0,
    0x0, 0x0, 0x0, 0x4c, 0xff, 0xfa, 0x0, 0x0,
    0x0, 0x0, 0x0, 0x9, 0xff, 0xb0, 0x0, 0x0,
    0x0, 0x0, 0x0, 0xf, 0xfe, 0x0, 0x0, 0x17,
    0x0, 0x0, 0x0, 0xff, 0xd0, 0x0, 0x5e, 0xfa,
    0x0, 0x0, 0x9f, 0xfa, 0x0, 0x2, 0xff, 0xfe,
    0xa9, 0xdf, 0xff, 0x20, 0x0, 0x4, 0xef, 0xff,
    0xff, 0xff, 0x50, 0x0, 0x0, 0x1, 0x7c, 0xff,
    0xd8, 0x10, 0x0, 0x0,

    /* U+00A8 "¨" */
    0x35, 0x51, 0x2, 0x55, 0x3b, 0xff, 0x60, 0x7f,
    0xfa, 0xbf, 0xf6, 0x7, 0xff, 0xab, 0xff, 0x60,
    0x7f, 0xfa,

    /* U+00A9 "©" */
    0x0, 0x0, 0x0, 0x0, 0x0, 0x0, 0x0, 0x0,
    0x0, 0x0, 0x0, 0x0, 0x0, 0x3, 0x8d, 0xff,
    0xfd, 0x83, 0x0, 0x0, 0x0, 0x0, 0x0, 0x2b,
    0xfc, 0x75, 0x45, 0x7c, 0xfa, 0x10, 0x0, 0x0,
    0x0, 0x3e, 0xc3, 0x0, 0x0, 0x0, 0x4, 0xde,
    0x30, 0x0, 0x0, 0x3f, 0xa0, 0x2, 0xad, 0xfd,
    0x92, 0x0, 0xae, 0x20, 0x0, 0xd, 0xb0, 0x4,
    0xff, 0xff, 0xff, 0xf4, 0x0, 0xcd, 0x0, 0x7,
    0xf1, 0x1, 0xef, 0xc3, 0x14, 0xdf, 0xe1, 0x1,
    0xf6, 0x0, 0xd8, 0x0, 0x8f, 0xe0, 0x0, 0x1,
    0xeb, 0x20, 0x9, 0xc0, 0x2f, 0x30, 0xd, 0xf8,
    0x0, 0x0, 0x0, 0x0, 0x0, 0x4f, 0x15, 0xf0,
    0x0, 0xff, 0x50, 0x0, 0x0, 0x0, 0x0, 0x1,
    0xf3, 0x6e, 0x0, 0xf, 0xf4, 0x0, 0x0, 0x0,
    0x0, 0x0, 0xf, 0x55, 0xf0, 0x0, 0xdf, 0x70,
    0x0, 0x0, 0x0, 0x0, 0x0, 0xf4, 0x3f, 0x20,
    0x9, 0xfd, 0x0, 0x0, 0x1e, 0x91, 0x0, 0x3f,
    0x20, 0xe7, 0x0, 0x2f, 0xfb, 0x20, 0x3c, 0xfe,
    0x0, 0x8, 0xd0, 0x9, 0xe0, 0x0, 0x5f, 0xff,
    0xff, 0xff, 0x30, 0x1, 0xe7, 0x0, 0x1f, 0x90,
    0x0, 0x3b, 0xff, 0xea, 0x20, 0x0, 0xae, 0x0,
    0x0, 0x5f, 0x70, 0x0, 0x0, 0x0, 0x0, 0x0,
    0x8f, 0x40, 0x0, 0x0, 0x6f, 0xa1, 0x0, 0x0,
    0x0, 0x1, 0xaf, 0x50, 0x0, 0x0, 0x0, 0x4e,
    0xf9, 0x52, 0x12, 0x5a, 0xfd, 0x30, 0x0, 0x0,
    0x0, 0x0, 0x6, 0xcf, 0xff, 0xff, 0xc6, 0x0,
    0x0, 0x0, 0x0, 0x0, 0x0, 0x0, 0x2, 0x32,
    0x0, 0x0, 0x0, 0x0, 0x0,

    /* U+00AA "ª" */
    0x0, 0x0, 0x11, 0x0, 0x0, 0x9, 0xff, 0xfc,
    0x30, 0xc, 0xf9, 0x57, 0xef, 0x10, 0x85, 0x0,
    0x2, 0xf8, 0x0, 0x0, 0x22, 0x2e, 0xa0, 0x5d,
    0xff, 0xff, 0xfb, 0x4f, 0xd7, 0x55, 0x5f, 0xb8,
    0xf3, 0x0, 0x1, 0xfb, 0x7f, 0x50, 0x0, 0xaf,
    0xb2, 0xff, 0x98, 0xde, 0xdb, 0x3, 0xbf, 0xea,
    0x19, 0x80,

    /* U+00AB "«" */
    0x0, 0x0, 0x0, 0x20, 0x0, 0x0, 0x11, 0x0,
    0x0, 0x8, 0xa0, 0x0, 0x2, 0xd4, 0x0, 0x0,
    0xbf, 0xb0, 0x0, 0x4e, 0xf4, 0x0, 0x2d, 0xff,
    0x60, 0x6, 0xff, 0xe1, 0x4, 0xef, 0xe4, 0x0,
    0x9f, 0xfb, 0x10, 0x6f, 0xfc, 0x10, 0x1b, 0xff,
    0x70, 0x0, 0x5f, 0xfd, 0x20, 0xa, 0xff, 0x90,
    0x0, 0x3, 0xef, 0xf5, 0x0, 0x8f, 0xfc, 0x10,
    0x0, 0x1c, 0xff, 0x70, 0x5, 0xff, 0xe2, 0x0,
    0x0, 0xaf, 0xb0, 0x0, 0x3e, 0xf4, 0x0, 0x0,
    0x8, 0xa0, 0x0, 0x1, 0xd4, 0x0, 0x0, 0x0,
    0x20, 0x0, 0x0, 0x1,

    /* U+00AC "¬" */
    0x2, 0x22, 0x22, 0x22, 0x22, 0x22, 0x20, 0x3f,
    0xff, 0xff, 0xff, 0xff, 0xff, 0xf6, 0x3f, 0xff,
    0xff, 0xff, 0xff, 0xff, 0xf6, 0x0, 0x0, 0x0,
    0x0, 0x0, 0xc, 0xf6, 0x0, 0x0, 0x0, 0x0,
    0x0, 0xc, 0xf6, 0x0, 0x0, 0x0, 0x0, 0x0,
    0xc, 0xf6, 0x0, 0x0, 0x0, 0x0, 0x0, 0xc,
    0xf6, 0x0, 0x0, 0x0, 0x0, 0x0, 0xc, 0xf6,

    /* U+00AD "­" */
    0x0, 0x0, 0x0, 0x0, 0xef, 0xff, 0xff, 0xf1,
    0xef, 0xff, 0xff, 0xf1,

    /* U+00AE "®" */
    0x0, 0x0, 0x0, 0x0, 0x0, 0x0, 0x0, 0x0,
    0x0, 0x4, 0xae, 0xfe, 0xc6, 0x0, 0x0, 0x0,
    0x1b, 0xfa, 0x54, 0x58, 0xee, 0x30, 0x0, 0xc,
    0xd2, 0x0, 0x0, 0x0, 0x9f, 0x30, 0x8, 0xe1,
    0x8, 0xff, 0xea, 0x10, 0x9e, 0x0, 0xf5, 0x0,
    0x8c, 0x24, 0xc9, 0x0, 0xf5, 0x5f, 0x0, 0x8,
    0xb0, 0xb, 0x90, 0x9, 0xa7, 0xd0, 0x0, 0x8f,
    0xff, 0xc1, 0x0, 0x7c, 0x7c, 0x0, 0x8, 0xb2,
    0xf3, 0x0, 0x7, 0xd5, 0xe0, 0x0, 0x8b, 0x8,
    0xc0, 0x0, 0x9b, 0x1f, 0x40, 0x8, 0xb0, 0x1f,
    0x40, 0xe, 0x70, 0xac, 0x0, 0x7a, 0x0, 0x8a,
    0x7, 0xf1, 0x1, 0xeb, 0x0, 0x0, 0x0, 0x6,
    0xf5, 0x0, 0x2, 0xde, 0x73, 0x12, 0x5b, 0xf6,
    0x0, 0x0, 0x0, 0x8e, 0xff, 0xff, 0xa3, 0x0,
    0x0, 0x0, 0x0, 0x1, 0x32, 0x0, 0x0, 0x0,

    /* U+00AF "¯" */
    0x7a, 0xaa, 0xaa, 0xa9, 0xbf, 0xff, 0xff, 0xfe,

    /* U+00B0 "°" */
    0x0, 0x3b, 0xfe, 0x91, 0x0, 0x3f, 0xfe, 0xff,
    0xd1, 0xd, 0xf7, 0x0, 0xaf, 0x81, 0xfc, 0x0,
    0x1, 0xfd, 0x1f, 0xc0, 0x0, 0x1f, 0xd0, 0xdf,
    0x70, 0xa, 0xf8, 0x3, 0xff, 0xef, 0xfd, 0x10,
    0x3, 0xbf, 0xe9, 0x10,

    /* U+00B1 "±" */
    0x0, 0x0, 0x0, 0x4f, 0xf0, 0x0, 0x0, 0x0,
    0x0, 0x0, 0x4, 0xff, 0x0, 0x0, 0x0, 0x0,
    0x0, 0x0, 0x4f, 0xf0, 0x0, 0x0, 0x0, 0x0,
    0x0, 0x4, 0xff, 0x0, 0x0, 0x0, 0x2, 0x22,
    0x22, 0x6f, 0xf2, 0x22, 0x22, 0x21, 0xff, 0xff,
    0xff, 0xff, 0xff, 0xff, 0xfc, 0x1f, 0xff, 0xff,
    0xff, 0xff, 0xff, 0xff, 0xc0, 0x0, 0x0, 0x4,
    0xff, 0x0, 0x0, 0x0, 0x0, 0x0, 0x0, 0x4f,
    0xf0, 0x0, 0x0, 0x0, 0x0, 0x0, 0x4, 0xff,
    0x0, 0x0, 0x0, 0x0, 0x0, 0x0, 0x4f, 0xf0,
    0x0, 0x0, 0x0, 0x0, 0x0, 0x1, 0x43, 0x0,
    0x0, 0x0, 0x0, 0x0, 0x0, 0x0, 0x0, 0x0,
    0x0, 0x0, 0x22, 0x22, 0x22, 0x22, 0x22, 0x22,
    0x22, 0x1f, 0xff, 0xff, 0xff, 0xff, 0xff, 0xff,
    0xc1, 0xff, 0xff, 0xff, 0xff, 0xff, 0xff, 0xfc,

    /* U+00B2 "²" */
    0x0, 0x3c, 0xfe, 0xa2, 0x0, 0x3, 0xfc, 0x67,
    0xee, 0x10, 0xb, 0xe1, 0x0, 0x3f, 0x50, 0xc,
    0x80, 0x0, 0x1f, 0x60, 0x0, 0x0, 0x0, 0x5f,
    0x30, 0x0, 0x0, 0x0, 0xdb, 0x0, 0x0, 0x0,
    0xb, 0xe1, 0x0, 0x0, 0x3, 0xdd, 0x20, 0x0,
    0x0, 0x7f, 0x90, 0x0, 0x0, 0x2d, 0xf9, 0x66,
    0x66, 0x60, 0x7f, 0xff, 0xff, 0xff, 0xf0,

    /* U+00B3 "³" */
    0x0, 0x7d, 0xfe, 0xa1, 0x0, 0x9f, 0xa7, 0x8f,
    0xd0, 0xb, 0x70, 0x0, 0x5f, 0x20, 0x0, 0x0,
    0x19, 0xc0, 0x0, 0x0, 0xdf, 0xd2, 0x0, 0x0,
    0x2, 0x4a, 0xe1, 0x0, 0x0, 0x0, 0xc, 0xa5,
    0xc0, 0x0, 0x0, 0xac, 0x4f, 0x50, 0x0, 0x1e,
    0x90, 0xcf, 0x96, 0x8e, 0xf2, 0x0, 0x8d, 0xfe,
    0xa2, 0x0,

    /* U+00B4 "´" */
    0x0, 0x1e, 0xfb, 0x0, 0xc, 0xfb, 0x0, 0x9,
    0xfb, 0x0, 0x5, 0xfc, 0x0, 0x0,

    /* U+00B5 "µ" */
    0x4f, 0xf7, 0x0, 0x0, 0x3, 0xff, 0x84, 0xff,
    0x70, 0x0, 0x0, 0x3f, 0xf8, 0x4f, 0xf7, 0x0,
    0x0, 0x3, 0xff, 0x84, 0xff, 0x70, 0x0, 0x0,
    0x3f, 0xf8, 0x4f, 0xf7, 0x0, 0x0, 0x3, 0xff,
    0x84, 0xff, 0x70, 0x0, 0x0, 0x3f, 0xf8, 0x4f,
    0xf7, 0x0, 0x0, 0x3, 0xff, 0x84, 0xff, 0x70,
    0x0, 0x0, 0x4f, 0xf8, 0x4f, 0xf8, 0x0, 0x0,
    0x6, 0xff, 0x84, 0xff, 0xa0, 0x0, 0x0, 0xaf,
    0xf8, 0x4f, 0xff, 0x20, 0x0, 0x3f, 0xff, 0x84,
    0xff, 0xfe, 0x86, 0x9f, 0xff, 0xf8, 0x4f, 0xff,
    0xff, 0xff, 0xf7, 0xff, 0x84, 0xff, 0xac, 0xfe,
    0xa2, 0x3f, 0xf8, 0x4f, 0xf7, 0x0, 0x0, 0x0,
    0x0, 0x4, 0xff, 0x70, 0x0, 0x0, 0x0, 0x0,
    0x4f, 0xf7, 0x0, 0x0, 0x0, 0x0, 0x4, 0xff,
    0x70, 0x0, 0x0, 0x0, 0x0, 0x16, 0x63, 0x0,
    0x0, 0x0, 0x0, 0x0,

    /* U+00B6 "¶" */
    0x0, 0x5, 0xbe, 0xff, 0x10, 0xd, 0xb0, 0x1c,
    0xff, 0xff, 0xf1, 0x0, 0xdb, 0xc, 0xff, 0xff,
    0xff, 0x10, 0xd, 0xb5, 0xff, 0xff, 0xff, 0xf1,
    0x0, 0xdb, 0x9f, 0xff, 0xff, 0xff, 0x10, 0xd,
    0xbb, 0xff, 0xff, 0xff, 0xf1, 0x0, 0xdb, 0x9f,
    0xff, 0xff, 0xff, 0x10, 0xd, 0xb4, 0xff, 0xff,
    0xff, 0xf1, 0x0, 0xdb, 0xa, 0xff, 0xff, 0xff,
    0x10, 0xd, 0xb0, 0x9, 0xff, 0xff, 0xf1, 0x0,
    0xdb, 0x0, 0x3, 0x8c, 0xef, 0x10, 0xd, 0xb0,
    0x0, 0x0, 0x8, 0xf1, 0x0, 0xdb, 0x0, 0x0,
    0x0, 0x8f, 0x10, 0xd, 0xb0, 0x0, 0x0, 0x8,
    0xf1, 0x0, 0xdb, 0x0, 0x0, 0x0, 0x8f, 0x10,
    0xd, 0xb0, 0x0, 0x0, 0x8, 0xf1, 0x0, 0xdb,
    0x0, 0x0, 0x0, 0x8f, 0x10, 0xd, 0xb0, 0x0,
    0x0, 0x8, 0xf1, 0x0, 0xdb, 0x0, 0x0, 0x0,
    0x8f, 0x10, 0xd, 0xb0, 0x0, 0x0, 0x8, 0xf1,
    0x0, 0xdb, 0x0, 0x0, 0x0, 0x8f, 0x10, 0xd,
    0xb0, 0x0, 0x0, 0x8, 0xf1, 0x0, 0xdb, 0x0,
    0x0, 0x0, 0x6c, 0x10, 0xa, 0x90,

    /* U+00B7 "·" */
    0x6, 0x65, 0x2f, 0xfe, 0x2f, 0xfe, 0x2f, 0xfe,

    /* U+00B8 "¸" */
    0x0, 0xcd, 0x0, 0x5, 0xf8, 0x10, 0x9, 0xbf,
    0xf5, 0x0, 0x1, 0xee, 0x3, 0x0, 0xbf, 0x7f,
    0xcb, 0xf9, 0x9, 0xee, 0x90,

    /* U+00B9 "¹" */
    0x0, 0x2f, 0x5f, 0xff, 0xf5, 0x22, 0x4f, 0x50,
    0x2, 0xf5, 0x0, 0x2f, 0x50, 0x2, 0xf5, 0x0,
    0x2f, 0x50, 0x2, 0xf5, 0x0, 0x2f, 0x50, 0x2,
    0xf5, 0x0, 0x2f, 0x50,

    /* U+00BA "º" */
    0x0, 0x2a, 0xef, 0xc6, 0x0, 0x0, 0x3f, 0xf9,
    0x8c, 0xfa, 0x0, 0xe, 0xe2, 0x0, 0x9, 0xf6,
    0x6, 0xf7, 0x0, 0x0, 0xf, 0xc0, 0x9f, 0x30,
    0x0, 0x0, 0xcf, 0x9, 0xf3, 0x0, 0x0, 0xc,
    0xf0, 0x6f, 0x70, 0x0, 0x0, 0xfc, 0x0, 0xee,
    0x20, 0x0, 0x9f, 0x60, 0x3, 0xff, 0xa9, 0xdf,
    0xa0, 0x0, 0x2, 0xae, 0xfd, 0x60, 0x0,

    /* U+00BB "»" */
    0x20, 0x0, 0x0, 0x2, 0x0, 0x0, 0x0, 0x5d,
    0x20, 0x0, 0xb, 0x80, 0x0, 0x0, 0x5f, 0xe3,
    0x0, 0xb, 0xfb, 0x0, 0x0, 0x2e, 0xff, 0x60,
    0x7, 0xff, 0xd1, 0x0, 0x1, 0xbf, 0xf8, 0x0,
    0x4e, 0xfe, 0x30, 0x0, 0x8, 0xff, 0xb0, 0x2,
    0xcf, 0xf6, 0x0, 0x9, 0xff, 0xa0, 0x3, 0xdf,
    0xf4, 0x2, 0xcf, 0xf7, 0x0, 0x6f, 0xfe, 0x20,
    0x2e, 0xff, 0x50, 0x8, 0xff, 0xc1, 0x0, 0x5f,
    0xe3, 0x0, 0xb, 0xfa, 0x0, 0x0, 0x5c, 0x10,
    0x0, 0xb, 0x70, 0x0, 0x0, 0x10, 0x0, 0x0,
    0x2, 0x0, 0x0, 0x0,

    /* U+00BC "¼" */
    0x0, 0x3, 0x83, 0x0, 0x0, 0x0, 0x0, 0x38,
    0x30, 0x0, 0x0, 0x7, 0xf7, 0x0, 0x0, 0x0,
    0x0, 0xef, 0x10, 0x0, 0x38, 0x8e, 0xf7, 0x0,
    0x0, 0x0, 0x8, 0xf7, 0x0, 0x0, 0x7f, 0xff,
    0xf7, 0x0, 0x0, 0x0, 0x2f, 0xd0, 0x0, 0x0,
    0x0, 0x7, 0xf7, 0x0, 0x0, 0x0, 0xaf, 0x40,
    0x0, 0x0, 0x0, 0x7, 0xf7, 0x0, 0x0, 0x4,
    0xfb, 0x0, 0x0, 0x0, 0x0, 0x7, 0xf7, 0x0,
    0x0, 0xd, 0xf2, 0x0, 0x0, 0x0, 0x0, 0x7,
    0xf7, 0x0, 0x0, 0x7f, 0x80, 0x0, 0x0, 0x0,
    0x0, 0x7, 0xf7, 0x0, 0x1, 0xfe, 0x0, 0x1,
    0xa9, 0x0, 0x0, 0x7, 0xf7, 0x0, 0x9, 0xf5,
    0x0, 0xa, 0xfe, 0x0, 0x0, 0x7, 0xf7, 0x0,
    0x3f, 0xc0, 0x0, 0x7f, 0xfe, 0x0, 0x0, 0x7,
    0xf7, 0x0, 0xcf, 0x20, 0x3, 0xf7, 0xee, 0x0,
    0x0, 0x0, 0x10, 0x6, 0xf9, 0x0, 0x1e, 0xb0,
    0xee, 0x0, 0x0, 0x0, 0x0, 0xe, 0xe1, 0x0,
    0xbe, 0x10, 0xee, 0x0, 0x0, 0x0, 0x0, 0x8f,
    0x60, 0x7, 0xf4, 0x0, 0xee, 0x0, 0x0, 0x0,
    0x2, 0xfd, 0x0, 0x2f, 0xfa, 0xaa, 0xff, 0xa7,
    0x0, 0x0, 0xb, 0xf3, 0x0, 0x4f, 0xff, 0xff,
    0xff, 0xfc, 0x0, 0x0, 0x5f, 0xa0, 0x0, 0x0,
    0x0, 0x0, 0xfe, 0x0, 0x0, 0x0, 0xdf, 0x10,
    0x0, 0x0, 0x0, 0x0, 0xfe, 0x0, 0x0, 0x7,
    0xf7, 0x0, 0x0, 0x0, 0x0, 0x0, 0xfe, 0x0,

    /* U+00BD "½" */
    0x0, 0x3, 0x83, 0x0, 0x0, 0x0, 0x0, 0x38,
    0x30, 0x0, 0x0, 0x0, 0x7f, 0x70, 0x0, 0x0,
    0x0, 0xe, 0xf1, 0x0, 0x0, 0x38, 0x8e, 0xf7,
    0x0, 0x0, 0x0, 0x8, 0xf7, 0x0, 0x0, 0x7,
    0xff, 0xff, 0x70, 0x0, 0x0, 0x2, 0xfd, 0x0,
    0x0, 0x0, 0x0, 0x7, 0xf7, 0x0, 0x0, 0x0,
    0xaf, 0x40, 0x0, 0x0, 0x0, 0x0, 0x7f, 0x70,
    0x0, 0x0, 0x4f, 0xb0, 0x0, 0x0, 0x0, 0x0,
    0x7, 0xf7, 0x0, 0x0, 0xd, 0xf2, 0x0, 0x0,
    0x0, 0x0, 0x0, 0x7f, 0x70, 0x0, 0x7, 0xf8,
    0x0, 0x0, 0x0, 0x0, 0x0, 0x7, 0xf7, 0x0,
    0x1, 0xfe, 0x0, 0x3a, 0xca, 0x30, 0x0, 0x0,
    0x7f, 0x70, 0x0, 0x9f, 0x50, 0x5f, 0xff, 0xff,
    0x60, 0x0, 0x7, 0xf7, 0x0, 0x3f, 0xc0, 0xe,
    0xf5, 0x4, 0xfe, 0x0, 0x0, 0x7f, 0x70, 0xc,
    0xf2, 0x4, 0xfa, 0x0, 0xc, 0xf2, 0x0, 0x1,
    0x31, 0x6, 0xf9, 0x0, 0x26, 0x30, 0x0, 0xcf,
    0x10, 0x0, 0x0, 0x0, 0xee, 0x10, 0x0, 0x0,
    0x0, 0x1f, 0xe0, 0x0, 0x0, 0x0, 0x8f, 0x60,
    0x0, 0x0, 0x0, 0xb, 0xf6, 0x0, 0x0, 0x0,
    0x2f, 0xd0, 0x0, 0x0, 0x0, 0x9, 0xfb, 0x0,
    0x0, 0x0, 0xb, 0xf3, 0x0, 0x0, 0x0, 0xa,
    0xfc, 0x0, 0x0, 0x0, 0x5, 0xfa, 0x0, 0x0,
    0x0, 0x2c, 0xf9, 0x0, 0x0, 0x0, 0x0, 0xdf,
    0x10, 0x0, 0x0, 0x3f, 0xff, 0xbb, 0xbb, 0x70,
    0x0, 0x7f, 0x70, 0x0, 0x0, 0x5, 0xff, 0xff,
    0xff, 0xfa,

    /* U+00BE "¾" */
    0x0, 0x6, 0xab, 0x81, 0x0, 0x0, 0x0, 0x0,
    0x3c, 0x70, 0x0, 0x0, 0xb, 0xff, 0xff, 0xe2,
    0x0, 0x0, 0x0, 0xc, 0xf2, 0x0, 0x0, 0x5,
    0xfc, 0x21, 0x9f, 0x90, 0x0, 0x0, 0x6, 0xf9,
    0x0, 0x0, 0x0, 0x8e, 0x40, 0x2, 0xfc, 0x0,
    0x0, 0x0, 0xee, 0x10, 0x0, 0x0, 0x0, 0x0,
    0x0, 0x4f, 0x90, 0x0, 0x0, 0x8f, 0x60, 0x0,
    0x0, 0x0, 0x0, 0x4, 0xaf, 0xc1, 0x0, 0x0,
    0x2f, 0xd0, 0x0, 0x0, 0x0, 0x0, 0x0, 0x7f,
    0xfd, 0x40, 0x0, 0xb, 0xf4, 0x0, 0x0, 0x0,
    0x0, 0x0, 0x0, 0x14, 0xef, 0x20, 0x4, 0xfa,
    0x0, 0x0, 0x0, 0x0, 0x7, 0x50, 0x0, 0x8,
    0xf6, 0x0, 0xdf, 0x20, 0x0, 0x57, 0x0, 0x0,
    0xff, 0x30, 0x0, 0xcf, 0x40, 0x7f, 0x80, 0x0,
    0x5f, 0xf2, 0x0, 0x7, 0xff, 0xdc, 0xff, 0xb0,
    0x1f, 0xe0, 0x0, 0x2f, 0xef, 0x20, 0x0, 0x4,
    0xbe, 0xfd, 0x70, 0x9, 0xf5, 0x0, 0xd, 0x8b,
    0xf2, 0x0, 0x0, 0x0, 0x0, 0x0, 0x3, 0xfc,
    0x0, 0xa, 0xd0, 0xbf, 0x20, 0x0, 0x0, 0x0,
    0x0, 0x0, 0xcf, 0x30, 0x7, 0xf2, 0xb, 0xf2,
    0x0, 0x0, 0x0, 0x0, 0x0, 0x5f, 0x90, 0x3,
    0xf6, 0x0, 0xbf, 0x20, 0x0, 0x0, 0x0, 0x0,
    0xe, 0xf1, 0x0, 0xef, 0xaa, 0xae, 0xfa, 0xa0,
    0x0, 0x0, 0x0, 0x8, 0xf7, 0x0, 0xf, 0xff,
    0xff, 0xff, 0xff, 0x0, 0x0, 0x0, 0x2, 0xfd,
    0x0, 0x0, 0x0, 0x0, 0xb, 0xf2, 0x0, 0x0,
    0x0, 0x0, 0xaf, 0x40, 0x0, 0x0, 0x0, 0x0,
    0xbf, 0x20, 0x0, 0x0, 0x0, 0x4f, 0xb0, 0x0,
    0x0, 0x0, 0x0, 0xb, 0xf2, 0x0,

    /* U+00BF "¿" */
    0x0, 0x0, 0xe, 0xff, 0x30, 0x0, 0x0, 0x0,
    0x0, 0xef, 0xf3, 0x0, 0x0, 0x0, 0x0, 0xe,
    0xff, 0x30, 0x0, 0x0, 0x0, 0x0, 0x56, 0x61,
    0x0, 0x0, 0x0, 0x0, 0x0, 0x0, 0x0, 0x0,
    0x0, 0x0, 0x0, 0x24, 0x30, 0x0, 0x0, 0x0,
    0x0, 0x7, 0xfe, 0x0, 0x0, 0x0, 0x0, 0x0,
    0x8f, 0xd0, 0x0, 0x0, 0x0, 0x0, 0x1e, 0xfb,
    0x0, 0x0, 0x0, 0x0, 0x1c, 0xff, 0x40, 0x0,
    0x0, 0x0, 0x3e, 0xff, 0x90, 0x0, 0x0, 0x0,
    0x3f, 0xff, 0x70, 0x0, 0x0, 0x0, 0xc, 0xff,
    0x40, 0x0, 0x0, 0x0, 0x2, 0xff, 0x70, 0x0,
    0x0, 0x0, 0x0, 0x4f, 0xf2, 0x0, 0x0, 0x0,
    0xbe, 0x93, 0xff, 0x30, 0x0, 0x0, 0xf, 0xf8,
    0x1f, 0xfa, 0x0, 0x0, 0x8, 0xff, 0x40, 0x9f,
    0xfc, 0x65, 0x6b, 0xff, 0xb0, 0x0, 0xcf, 0xff,
    0xff, 0xff, 0xc1, 0x0, 0x0, 0x5b, 0xef, 0xeb,
    0x60, 0x0,

    /* U+00C0 "À" */
    0x0, 0x0, 0x4f, 0xf9, 0x0, 0x0, 0x0, 0x0,
    0x0, 0x0, 0x0, 0x5, 0xff, 0x40, 0x0, 0x0,
    0x0, 0x0, 0x0, 0x0, 0x0, 0x5f, 0xe1, 0x0,
    0x0, 0x0, 0x0, 0x0, 0x0, 0x0, 0x6, 0xfb,
    0x0, 0x0, 0x0, 0x0, 0x0, 0x0, 0x0, 0x0,
    0x0, 0x0, 0x0, 0x0, 0x0, 0x0, 0x0, 0x0,
    0x0, 0x0, 0x0, 0x0, 0x0, 0x0, 0x0, 0x0,
    0x0, 0x3, 0xff, 0x60, 0x0, 0x0, 0x0, 0x0,
    0x0, 0x0, 0x9, 0xff, 0xc0, 0x0, 0x0, 0x0,
    0x0, 0x0, 0x0, 0xf, 0xff, 0xf2, 0x0, 0x0,
    0x0, 0x0, 0x0, 0x0, 0x6f, 0xff, 0xf9, 0x0,
    0x0, 0x0, 0x0, 0x0, 0x0, 0xdf, 0xeb, 0xff,
    0x0, 0x0, 0x0, 0x0, 0x0, 0x3, 0xff, 0x85,
    0xff, 0x60, 0x0, 0x0, 0x0, 0x0, 0x9, 0xff,
    0x20, 0xef, 0xc0, 0x0, 0x0, 0x0, 0x0, 0xf,
    0xfc, 0x0, 0x9f, 0xf2, 0x0, 0x0, 0x0, 0x0,
    0x6f, 0xf6, 0x0, 0x3f, 0xf9, 0x0, 0x0, 0x0,
    0x0, 0xcf, 0xf1, 0x0, 0xd, 0xfe, 0x0, 0x0,
    0x0, 0x3, 0xff, 0xa0, 0x0, 0x7, 0xff, 0x50,
    0x0, 0x0, 0x9, 0xff, 0x40, 0x0, 0x2, 0xff,
    0xc0, 0x0, 0x0, 0xf, 0xff, 0xff, 0xff, 0xff,
    0xff, 0xf2, 0x0, 0x0, 0x6f, 0xff, 0xff, 0xff,
    0xff, 0xff, 0xf8, 0x0, 0x0, 0xcf, 0xfb, 0x88,
    0x88, 0x88, 0x9f, 0xfe, 0x0, 0x3, 0xff, 0xd0,
    0x0, 0x0, 0x0, 0xa, 0xff, 0x50, 0x9, 0xff,
    0x70, 0x0, 0x0, 0x0, 0x4, 0xff, 0xc0, 0xf,
    0xff, 0x10, 0x0, 0x0, 0x0, 0x0, 0xef, 0xf2,
    0x6f, 0xfb, 0x0, 0x0, 0x0, 0x0, 0x0, 0x8f,
    0xf8,

    /* U+00C1 "Á" */
    0x0, 0x0, 0x0, 0x0, 0x0, 0x4f, 0xf9, 0x0,
    0x0, 0x0, 0x0, 0x0, 0x0, 0x1, 0xef, 0x90,
    0x0, 0x0, 0x0, 0x0, 0x0, 0x0, 0xc, 0xf9,
    0x0, 0x0, 0x0, 0x0, 0x0, 0x0, 0x0, 0x8f,
    0x90, 0x0, 0x0, 0x0, 0x0, 0x0, 0x0, 0x0,
    0x0, 0x0, 0x0, 0x0, 0x0, 0x0, 0x0, 0x0,
    0x0, 0x0, 0x0, 0x0, 0x0, 0x0, 0x0, 0x0,
    0x0, 0x3, 0xff, 0x60, 0x0, 0x0, 0x0, 0x0,
    0x0, 0x0, 0x9, 0xff, 0xc0, 0x0, 0x0, 0x0,
    0x0, 0x0, 0x0, 0xf, 0xff, 0xf2, 0x0, 0x0,
    0x0, 0x0, 0x0, 0x0, 0x6f, 0xff, 0xf9, 0x0,
    0x0, 0x0, 0x0, 0x0, 0x0, 0xdf, 0xeb, 0xff,
    0x0, 0x0, 0x0, 0x0, 0x0, 0x3, 0xff, 0x85,
    0xff, 0x60, 0x0, 0x0, 0x0, 0x0, 0x9, 0xff,
    0x20, 0xef, 0xc0, 0x0, 0x0, 0x0, 0x0, 0xf,
    0xfc, 0x0, 0x9f, 0xf2, 0x0, 0x0, 0x0, 0x0,
    0x6f, 0xf6, 0x0, 0x3f, 0xf9, 0x0, 0x0, 0x0,
    0x0, 0xcf, 0xf1, 0x0, 0xd, 0xfe, 0x0, 0x0,
    0x0, 0x3, 0xff, 0xa0, 0x0, 0x7, 0xff, 0x50,
    0x0, 0x0, 0x9, 0xff, 0x40, 0x0, 0x2, 0xff,
    0xc0, 0x0, 0x0, 0xf, 0xff, 0xff, 0xff, 0xff,
    0xff, 0xf2, 0x0, 0x0, 0x6f, 0xff, 0xff, 0xff,
    0xff, 0xff, 0xf8, 0x0, 0x0, 0xcf, 0xfb, 0x88,
    0x88, 0x88, 0x9f, 0xfe, 0x0, 0x3, 0xff, 0xd0,
    0x0, 0x0, 0x0, 0xa, 0xff, 0x50, 0x9, 0xff,
    0x70, 0x0, 0x0, 0x0, 0x4, 0xff, 0xc0, 0xf,
    0xff, 0x10, 0x0, 0x0, 0x0, 0x0, 0xef, 0xf2,
    0x6f, 0xfb, 0x0, 0x0, 0x0, 0x0, 0x0, 0x8f,
    0xf8,

    /* U+00C2 "Â" */
    0x0, 0x0, 0x0, 0x0, 0x23, 0x0, 0x0, 0x0,
    0x0, 0x0, 0x0, 0x0, 0x1, 0xdf, 0x30, 0x0,
    0x0, 0x0, 0x0, 0x0, 0x0, 0xc, 0xff, 0xe2,
    0x0, 0x0, 0x0, 0x0, 0x0, 0x0, 0xcf, 0x63,
    0xfe, 0x10, 0x0, 0x0, 0x0, 0x0, 0xb, 0xf8,
    0x0, 0x5f, 0xd1, 0x0, 0x0, 0x0, 0x0, 0x0,
    0x0, 0x0, 0x0, 0x0, 0x0, 0x0, 0x0, 0x0,
    0x0, 0x0, 0x0, 0x0, 0x0, 0x0, 0x0, 0x0,
    0x0, 0x0, 0x3, 0xff, 0x60, 0x0, 0x0, 0x0,
    0x0, 0x0, 0x0, 0x9, 0xff, 0xc0, 0x0, 0x0,
    0x0, 0x0, 0x0, 0x0, 0xf, 0xff, 0xf2, 0x0,
    0x0, 0x0, 0x0, 0x0, 0x0, 0x6f, 0xff, 0xf9,
    0x0, 0x0, 0x0, 0x0, 0x0, 0x0, 0xdf, 0xeb,
    0xff, 0x0, 0x0, 0x0, 0x0, 0x0, 0x3, 0xff,
    0x85, 0xff, 0x60, 0x0, 0x0, 0x0, 0x0, 0x9,
    0xff, 0x20, 0xef, 0xc0, 0x0, 0x0, 0x0, 0x0,
    0xf, 0xfc, 0x0, 0x9f, 0xf2, 0x0, 0x0, 0x0,
    0x0, 0x6f, 0xf6, 0x0, 0x3f, 0xf9, 0x0, 0x0,
    0x0, 0x0, 0xcf, 0xf1, 0x0, 0xd, 0xfe, 0x0,
    0x0, 0x0, 0x3, 0xff, 0xa0, 0x0, 0x7, 0xff,
    0x50, 0x0, 0x0, 0x9, 0xff, 0x40, 0x0, 0x2,
    0xff, 0xc0, 0x0, 0x0, 0xf, 0xff, 0xff, 0xff,
    0xff, 0xff, 0xf2, 0x0, 0x0, 0x6f, 0xff, 0xff,
    0xff, 0xff, 0xff, 0xf8, 0x0, 0x0, 0xcf, 0xfb,
    0x88, 0x88, 0x88, 0x9f, 0xfe, 0x0, 0x3, 0xff,
    0xd0, 0x0, 0x0, 0x0, 0xa, 0xff, 0x50, 0x9,
    0xff, 0x70, 0x0, 0x0, 0x0, 0x4, 0xff, 0xc0,
    0xf, 0xff, 0x10, 0x0, 0x0, 0x0, 0x0, 0xef,
    0xf2, 0x6f, 0xfb, 0x0, 0x0, 0x0, 0x0, 0x0,
    0x8f, 0xf8,

    /* U+00C3 "Ã" */
    0x0, 0x0, 0x0, 0x67, 0x20, 0x0, 0x85, 0x0,
    0x0, 0x0, 0x0, 0xa, 0xff, 0xf4, 0x2, 0xf8,
    0x0, 0x0, 0x0, 0x0, 0x3f, 0x82, 0xdf, 0x59,
    0xf4, 0x0, 0x0, 0x0, 0x0, 0x6f, 0x30, 0x2d,
    0xff, 0xa0, 0x0, 0x0, 0x0, 0x0, 0x25, 0x0,
    0x0, 0x33, 0x0, 0x0, 0x0, 0x0, 0x0, 0x0,
    0x0, 0x0, 0x0, 0x0, 0x0, 0x0, 0x0, 0x0,
    0x0, 0x3, 0xff, 0x60, 0x0, 0x0, 0x0, 0x0,
    0x0, 0x0, 0x9, 0xff, 0xc0, 0x0, 0x0, 0x0,
    0x0, 0x0, 0x0, 0xf, 0xff, 0xf2, 0x0, 0x0,
    0x0, 0x0, 0x0, 0x0, 0x6f, 0xff, 0xf9, 0x0,
    0x0, 0x0, 0x0, 0x0, 0x0, 0xdf, 0xeb, 0xff,
    0x0, 0x0, 0x0, 0x0, 0x0, 0x3, 0xff, 0x85,
    0xff, 0x60, 0x0, 0x0, 0x0, 0x0, 0x9, 0xff,
    0x20, 0xef, 0xc0, 0x0, 0x0, 0x0, 0x0, 0xf,
    0xfc, 0x0, 0x9f, 0xf2, 0x0, 0x0, 0x0, 0x0,
    0x6f, 0xf6, 0x0, 0x3f, 0xf9, 0x0, 0x0, 0x0,
    0x0, 0xcf, 0xf1, 0x0, 0xd, 0xfe, 0x0, 0x0,
    0x0, 0x3, 0xff, 0xa0, 0x0, 0x7, 0xff, 0x50,
    0x0, 0x0, 0x9, 0xff, 0x40, 0x0, 0x2, 0xff,
    0xc0, 0x0, 0x0, 0xf, 0xff, 0xff, 0xff, 0xff,
    0xff, 0xf2, 0x0, 0x0, 0x6f, 0xff, 0xff, 0xff,
    0xff, 0xff, 0xf8, 0x0, 0x0, 0xcf, 0xfb, 0x88,
    0x88, 0x88, 0x9f, 0xfe, 0x0, 0x3, 0xff, 0xd0,
    0x0, 0x0, 0x0, 0xa, 0xff, 0x50, 0x9, 0xff,
    0x70, 0x0, 0x0, 0x0, 0x4, 0xff, 0xc0, 0xf,
    0xff, 0x10, 0x0, 0x0, 0x0, 0x0, 0xef, 0xf2,
    0x6f, 0xfb, 0x0, 0x0, 0x0, 0x0, 0x0, 0x8f,
    0xf8,

    /* U+00C4 "Ä" */
    0x0, 0x0, 0x1f, 0xff, 0x0, 0xdf, 0xf4, 0x0,
    0x0, 0x0, 0x0, 0x1f, 0xff, 0x0, 0xdf, 0xf4,
    0x0, 0x0, 0x0, 0x0, 0x1f, 0xff, 0x0, 0xdf,
    0xf4, 0x0, 0x0, 0x0, 0x0, 0x5, 0x55, 0x0,
    0x45, 0x51, 0x0, 0x0, 0x0, 0x0, 0x0, 0x0,
    0x0, 0x0, 0x0, 0x0, 0x0, 0x0, 0x0, 0x0,
    0x0, 0x0, 0x0, 0x0, 0x0, 0x0, 0x0, 0x0,
    0x0, 0x3, 0xff, 0x60, 0x0, 0x0, 0x0, 0x0,
    0x0, 0x0, 0x9, 0xff, 0xc0, 0x0, 0x0, 0x0,
    0x0, 0x0, 0x0, 0xf, 0xff, 0xf2, 0x0, 0x0,
    0x0, 0x0, 0x0, 0x0, 0x6f, 0xff, 0xf9, 0x0,
    0x0, 0x0, 0x0, 0x0, 0x0, 0xdf, 0xeb, 0xff,
    0x0, 0x0, 0x0, 0x0, 0x0, 0x3, 0xff, 0x85,
    0xff, 0x60, 0x0, 0x0, 0x0, 0x0, 0x9, 0xff,
    0x20, 0xef, 0xc0, 0x0, 0x0, 0x0, 0x0, 0xf,
    0xfc, 0x0, 0x9f, 0xf2, 0x0, 0x0, 0x0, 0x0,
    0x6f, 0xf6, 0x0, 0x3f, 0xf9, 0x0, 0x0, 0x0,
    0x0, 0xcf, 0xf1, 0x0, 0xd, 0xfe, 0x0, 0x0,
    0x0, 0x3, 0xff, 0xa0, 0x0, 0x7, 0xff, 0x50,
    0x0, 0x0, 0x9, 0xff, 0x40, 0x0, 0x2, 0xff,
    0xc0, 0x0, 0x0, 0xf, 0xff, 0xff, 0xff, 0xff,
    0xff, 0xf2, 0x0, 0x0, 0x6f, 0xff, 0xff, 0xff,
    0xff, 0xff, 0xf8, 0x0, 0x0, 0xcf, 0xfb, 0x88,
    0x88, 0x88, 0x9f, 0xfe, 0x0, 0x3, 0xff, 0xd0,
    0x0, 0x0, 0x0, 0xa, 0xff, 0x50, 0x9, 0xff,
    0x70, 0x0, 0x0, 0x0, 0x4, 0xff, 0xc0, 0xf,
    0xff, 0x10, 0x0, 0x0, 0x0, 0x0, 0xef, 0xf2,
    0x6f, 0xfb, 0x0, 0x0, 0x0, 0x0, 0x0, 0x8f,
    0xf8,

    /* U+00C5 "Å" */
    0x0, 0x0, 0x0, 0x6, 0xef, 0x90, 0x0, 0x0,
    0x0, 0x0, 0x0, 0x0, 0x5f, 0xb9, 0xf9, 0x0,
    0x0, 0x0, 0x0, 0x0, 0x0, 0xcc, 0x0, 0x8f,
    0x0, 0x0, 0x0, 0x0, 0x0, 0x0, 0xdb, 0x0,
    0x7f, 0x0, 0x0, 0x0, 0x0, 0x0, 0x0, 0x9f,
    0x31, 0xdd, 0x0, 0x0, 0x0, 0x0, 0x0, 0x0,
    0x1f, 0xff, 0xf3, 0x0, 0x0, 0x0, 0x0, 0x0,
    0x0, 0xa, 0xff, 0xd0, 0x0, 0x0, 0x0, 0x0,
    0x0, 0x0, 0xf, 0xff, 0xf2, 0x0, 0x0, 0x0,
    0x0, 0x0, 0x0, 0x6f, 0xff, 0xf9, 0x0, 0x0,
    0x0, 0x0, 0x0, 0x0, 0xdf, 0xeb, 0xff, 0x0,
    0x0, 0x0, 0x0, 0x0, 0x3, 0xff, 0x85, 0xff,
    0x60, 0x0, 0x0, 0x0, 0x0, 0x9, 0xff, 0x20,
    0xff, 0xc0, 0x0, 0x0, 0x0, 0x0, 0xf, 0xfc,
    0x0, 0x9f, 0xf2, 0x0, 0x0, 0x0, 0x0, 0x6f,
    0xf6, 0x0, 0x3f, 0xf9, 0x0, 0x0, 0x0, 0x0,
    0xcf, 0xf1, 0x0, 0xd, 0xfe, 0x0, 0x0, 0x0,
    0x3, 0xff, 0xa0, 0x0, 0x8, 0xff, 0x50, 0x0,
    0x0, 0x9, 0xff, 0x40, 0x0, 0x2, 0xff, 0xc0,
    0x0, 0x0, 0xf, 0xff, 0xff, 0xff, 0xff, 0xff,
    0xf2, 0x0, 0x0, 0x6f, 0xff, 0xff, 0xff, 0xff,
    0xff, 0xf8, 0x0, 0x0, 0xcf, 0xfb, 0x88, 0x88,
    0x88, 0x9f, 0xfe, 0x0, 0x3, 0xff, 0xd0, 0x0,
    0x0, 0x0, 0xa, 0xff, 0x50, 0x9, 0xff, 0x70,
    0x0, 0x0, 0x0, 0x4, 0xff, 0xc0, 0xf, 0xff,
    0x10, 0x0, 0x0, 0x0, 0x0, 0xef, 0xf2, 0x6f,
    0xfb, 0x0, 0x0, 0x0, 0x0, 0x0, 0x8f, 0xf8,

    /* U+00C6 "Æ" */
    0x0, 0x0, 0x0, 0x3, 0xff, 0xff, 0xff, 0xff,
    0xff, 0xff, 0xff, 0xff, 0x10, 0x0, 0x0, 0x0,
    0x9f, 0xff, 0xff, 0xff, 0xff, 0xff, 0xff, 0xff,
    0xf1, 0x0, 0x0, 0x0, 0xf, 0xfd, 0x8f, 0xff,
    0x88, 0x88, 0x88, 0x88, 0x88, 0x0, 0x0, 0x0,
    0x6, 0xff, 0x50, 0xef, 0xf0, 0x0, 0x0, 0x0,
    0x0, 0x0, 0x0, 0x0, 0x0, 0xdf, 0xf0, 0xe,
    0xff, 0x0, 0x0, 0x0, 0x0, 0x0, 0x0, 0x0,
    0x0, 0x3f, 0xf9, 0x0, 0xef, 0xf0, 0x0, 0x0,
    0x0, 0x0, 0x0, 0x0, 0x0, 0x9, 0xff, 0x30,
    0xe, 0xff, 0x0, 0x0, 0x0, 0x0, 0x0, 0x0,
    0x0, 0x0, 0xff, 0xd0, 0x0, 0xef, 0xf0, 0x0,
    0x0, 0x0, 0x0, 0x0, 0x0, 0x0, 0x6f, 0xf7,
    0x0, 0xe, 0xff, 0xff, 0xff, 0xff, 0xff, 0xc0,
    0x0, 0x0, 0xc, 0xff, 0x10, 0x0, 0xef, 0xff,
    0xff, 0xff, 0xff, 0xfc, 0x0, 0x0, 0x3, 0xff,
    0xb0, 0x0, 0xe, 0xff, 0x99, 0x99, 0x99, 0x99,
    0x70, 0x0, 0x0, 0x9f, 0xf5, 0x0, 0x0, 0xef,
    0xf0, 0x0, 0x0, 0x0, 0x0, 0x0, 0x0, 0xf,
    0xff, 0xff, 0xff, 0xff, 0xff, 0x0, 0x0, 0x0,
    0x0, 0x0, 0x0, 0x6, 0xff, 0xff, 0xff, 0xff,
    0xff, 0xf0, 0x0, 0x0, 0x0, 0x0, 0x0, 0x0,
    0xcf, 0xfc, 0x99, 0x99, 0x9f, 0xff, 0x0, 0x0,
    0x0, 0x0, 0x0, 0x0, 0x3f, 0xfd, 0x0, 0x0,
    0x0, 0xef, 0xf0, 0x0, 0x0, 0x0, 0x0, 0x0,
    0x9, 0xff, 0x70, 0x0, 0x0, 0xe, 0xff, 0x88,
    0x88, 0x88, 0x88, 0x88, 0x0, 0xff, 0xf1, 0x0,
    0x0, 0x0, 0xef, 0xff, 0xff, 0xff, 0xff, 0xff,
    0xf1, 0x6f, 0xfb, 0x0, 0x0, 0x0, 0xe, 0xff,
    0xff, 0xff, 0xff, 0xff, 0xff, 0x10,

    /* U+00C7 "Ç" */
    0x0, 0x0, 0x3, 0x9d, 0xff, 0xec, 0x82, 0x0,
    0x0, 0x0, 0x1, 0xaf, 0xff, 0xff, 0xff, 0xff,
    0x90, 0x0, 0x0, 0x2d, 0xff, 0xff, 0xdb, 0xdf,
    0xff, 0xfd, 0x10, 0x0, 0xcf, 0xfe, 0x60, 0x0,
    0x0, 0x7f, 0xff, 0xc0, 0x8, 0xff, 0xd1, 0x0,
    0x0, 0x0, 0x3, 0xef, 0xf5, 0xf, 0xff, 0x30,
    0x0, 0x0, 0x0, 0x0, 0x5f, 0xc5, 0x5f, 0xfb,
    0x0, 0x0, 0x0, 0x0, 0x0, 0x1, 0x0, 0x8f,
    0xf5, 0x0, 0x0, 0x0, 0x0, 0x0, 0x0, 0x0,
    0xaf, 0xf3, 0x0, 0x0, 0x0, 0x0, 0x0, 0x0,
    0x0, 0xbf, 0xf2, 0x0, 0x0, 0x0, 0x0, 0x0,
    0x0, 0x0, 0xaf, 0xf3, 0x0, 0x0, 0x0, 0x0,
    0x0, 0x0, 0x0, 0x8f, 0xf5, 0x0, 0x0, 0x0,
    0x0, 0x0, 0x0, 0x0, 0x5f, 0xfb, 0x0, 0x0,
    0x0, 0x0, 0x0, 0x1, 0x0, 0xf, 0xff, 0x30,
    0x0, 0x0, 0x0, 0x0, 0x5f, 0xc5, 0x8, 0xff,
    0xd1, 0x0, 0x0, 0x0, 0x3, 0xef, 0xf5, 0x0,
    0xdf, 0xfe, 0x50, 0x0, 0x0, 0x7f, 0xff, 0xb0,
    0x0, 0x2d, 0xff, 0xff, 0xcb, 0xdf, 0xff, 0xfd,
    0x10, 0x0, 0x1, 0xbf, 0xff, 0xff, 0xff, 0xff,
    0x90, 0x0, 0x0, 0x0, 0x3, 0x9d, 0xff, 0xec,
    0x82, 0x0, 0x0, 0x0, 0x0, 0x0, 0x5, 0xf2,
    0x0, 0x0, 0x0, 0x0, 0x0, 0x0, 0x0, 0x1e,
    0xfd, 0x50, 0x0, 0x0, 0x0, 0x0, 0x0, 0x0,
    0x2, 0x5c, 0xf3, 0x0, 0x0, 0x0, 0x0, 0x0,
    0x0, 0x0, 0x4, 0xf5, 0x0, 0x0, 0x0, 0x0,
    0x0, 0x0, 0xa9, 0x6c, 0xf2, 0x0, 0x0, 0x0,
    0x0, 0x0, 0x0, 0x8d, 0xfd, 0x40, 0x0, 0x0,
    0x0,

    /* U+00C8 "È" */
    0x0, 0xbf, 0xe1, 0x0, 0x0, 0x0, 0x0, 0x0,
    0xc, 0xfb, 0x0, 0x0, 0x0, 0x0, 0x0, 0x1,
    0xdf, 0x70, 0x0, 0x0, 0x0, 0x0, 0x0, 0x1d,
    0xf3, 0x0, 0x0, 0x0, 0x0, 0x0, 0x0, 0x0,
    0x0, 0x0, 0x0, 0x0, 0x0, 0x0, 0x0, 0x0,
    0x0, 0x0, 0xef, 0xff, 0xff, 0xff, 0xff, 0xff,
    0xf0, 0xef, 0xff, 0xff, 0xff, 0xff, 0xff, 0xf0,
    0xef, 0xf8, 0x88, 0x88, 0x88, 0x88, 0x80, 0xef,
    0xf0, 0x0, 0x0, 0x0, 0x0, 0x0, 0xef, 0xf0,
    0x0, 0x0, 0x0, 0x0, 0x0, 0xef, 0xf0, 0x0,
    0x0, 0x0, 0x0, 0x0, 0xef, 0xf0, 0x0, 0x0,
    0x0, 0x0, 0x0, 0xef, 0xf0, 0x0, 0x0, 0x0,
    0x0, 0x0, 0xef, 0xff, 0xff, 0xff, 0xff, 0xff,
    0x20, 0xef, 0xff, 0xff, 0xff, 0xff, 0xff, 0x20,
    0xef, 0xf8, 0x88, 0x88, 0x88, 0x88, 0x10, 0xef,
    0xf0, 0x0, 0x0, 0x0, 0x0, 0x0, 0xef, 0xf0,
    0x0, 0x0, 0x0, 0x0, 0x0, 0xef, 0xf0, 0x0,
    0x0, 0x0, 0x0, 0x0, 0xef, 0xf0, 0x0, 0x0,
    0x0, 0x0, 0x0, 0xef, 0xf0, 0x0, 0x0, 0x0,
    0x0, 0x0, 0xef, 0xf8, 0x88, 0x88, 0x88, 0x88,
    0x80, 0xef, 0xff, 0xff, 0xff, 0xff, 0xff, 0xf0,
    0xef, 0xff, 0xff, 0xff, 0xff, 0xff, 0xf0,

    /* U+00C9 "É" */
    0x0, 0x0, 0x0, 0x0, 0xcf, 0xe2, 0x0, 0x0,
    0x0, 0x0, 0x8, 0xfe, 0x20, 0x0, 0x0, 0x0,
    0x0, 0x5f, 0xe2, 0x0, 0x0, 0x0, 0x0, 0x2,
    0xfe, 0x20, 0x0, 0x0, 0x0, 0x0, 0x0, 0x0,
    0x0, 0x0, 0x0, 0x0, 0x0, 0x0, 0x0, 0x0,
    0x0, 0x0, 0xef, 0xff, 0xff, 0xff, 0xff, 0xff,
    0xf0, 0xef, 0xff, 0xff, 0xff, 0xff, 0xff, 0xf0,
    0xef, 0xf8, 0x88, 0x88, 0x88, 0x88, 0x80, 0xef,
    0xf0, 0x0, 0x0, 0x0, 0x0, 0x0, 0xef, 0xf0,
    0x0, 0x0, 0x0, 0x0, 0x0, 0xef, 0xf0, 0x0,
    0x0, 0x0, 0x0, 0x0, 0xef, 0xf0, 0x0, 0x0,
    0x0, 0x0, 0x0, 0xef, 0xf0, 0x0, 0x0, 0x0,
    0x0, 0x0, 0xef, 0xff, 0xff, 0xff, 0xff, 0xff,
    0x20, 0xef, 0xff, 0xff, 0xff, 0xff, 0xff, 0x20,
    0xef, 0xf8, 0x88, 0x88, 0x88, 0x88, 0x10, 0xef,
    0xf0, 0x0, 0x0, 0x0, 0x0, 0x0, 0xef, 0xf0,
    0x0, 0x0, 0x0, 0x0, 0x0, 0xef, 0xf0, 0x0,
    0x0, 0x0, 0x0, 0x0, 0xef, 0xf0, 0x0, 0x0,
    0x0, 0x0, 0x0, 0xef, 0xf0, 0x0, 0x0, 0x0,
    0x0, 0x0, 0xef, 0xf8, 0x88, 0x88, 0x88, 0x88,
    0x80, 0xef, 0xff, 0xff, 0xff, 0xff, 0xff, 0xf0,
    0xef, 0xff, 0xff, 0xff, 0xff, 0xff, 0xf0,

    /* U+00CA "Ê" */
    0x0, 0x0, 0x0, 0x50, 0x0, 0x0, 0x0, 0x0,
    0x0, 0x7, 0xf9, 0x0, 0x0, 0x0, 0x0, 0x0,
    0x6f, 0xef, 0x80, 0x0, 0x0, 0x0, 0x5, 0xfc,
    0x1b, 0xf7, 0x0, 0x0, 0x0, 0x4f, 0xe1, 0x0,
    0xcf, 0x60, 0x0, 0x0, 0x0, 0x0, 0x0, 0x0,
    0x0, 0x0, 0x0, 0x0, 0x0, 0x0, 0x0, 0x0,
    0x0, 0xef, 0xff, 0xff, 0xff, 0xff, 0xff, 0xf0,
    0xef, 0xff, 0xff, 0xff, 0xff, 0xff, 0xf0, 0xef,
    0xf8, 0x88, 0x88, 0x88, 0x88, 0x80, 0xef, 0xf0,
    0x0, 0x0, 0x0, 0x0, 0x0, 0xef, 0xf0, 0x0,
    0x0, 0x0, 0x0, 0x0, 0xef, 0xf0, 0x0, 0x0,
    0x0, 0x0, 0x0, 0xef, 0xf0, 0x0, 0x0, 0x0,
    0x0, 0x0, 0xef, 0xf0, 0x0, 0x0, 0x0, 0x0,
    0x0, 0xef, 0xff, 0xff, 0xff, 0xff, 0xff, 0x20,
    0xef, 0xff, 0xff, 0xff, 0xff, 0xff, 0x20, 0xef,
    0xf8, 0x88, 0x88, 0x88, 0x88, 0x10, 0xef, 0xf0,
    0x0, 0x0, 0x0, 0x0, 0x0, 0xef, 0xf0, 0x0,
    0x0, 0x0, 0x0, 0x0, 0xef, 0xf0, 0x0, 0x0,
    0x0, 0x0, 0x0, 0xef, 0xf0, 0x0, 0x0, 0x0,
    0x0, 0x0, 0xef, 0xf0, 0x0, 0x0, 0x0, 0x0,
    0x0, 0xef, 0xf8, 0x88, 0x88, 0x88, 0x88, 0x80,
    0xef, 0xff, 0xff, 0xff, 0xff, 0xff, 0xf0, 0xef,
    0xff, 0xff, 0xff, 0xff, 0xff, 0xf0,

    /* U+00CB "Ë" */
    0x0, 0xaf, 0xf7, 0x5, 0xff, 0xc0, 0x0, 0x0,
    0xaf, 0xf7, 0x5, 0xff, 0xc0, 0x0, 0x0, 0xaf,
    0xf7, 0x5, 0xff, 0xc0, 0x0, 0x0, 0x35, 0x52,
    0x1, 0x55, 0x30, 0x0, 0x0, 0x0, 0x0, 0x0,
    0x0, 0x0, 0x0, 0x0, 0x0, 0x0, 0x0, 0x0,
    0x0, 0x0, 0xef, 0xff, 0xff, 0xff, 0xff, 0xff,
    0xf0, 0xef, 0xff, 0xff, 0xff, 0xff, 0xff, 0xf0,
    0xef, 0xf8, 0x88, 0x88, 0x88, 0x88, 0x80, 0xef,
    0xf0, 0x0, 0x0, 0x0, 0x0, 0x0, 0xef, 0xf0,
    0x0, 0x0, 0x0, 0x0, 0x0, 0xef, 0xf0, 0x0,
    0x0, 0x0, 0x0, 0x0, 0xef, 0xf0, 0x0, 0x0,
    0x0, 0x0, 0x0, 0xef, 0xf0, 0x0, 0x0, 0x0,
    0x0, 0x0, 0xef, 0xff, 0xff, 0xff, 0xff, 0xff,
    0x20, 0xef, 0xff, 0xff, 0xff, 0xff, 0xff, 0x20,
    0xef, 0xf8, 0x88, 0x88, 0x88, 0x88, 0x10, 0xef,
    0xf0, 0x0, 0x0, 0x0, 0x0, 0x0, 0xef, 0xf0,
    0x0, 0x0, 0x0, 0x0, 0x0, 0xef, 0xf0, 0x0,
    0x0, 0x0, 0x0, 0x0, 0xef, 0xf0, 0x0, 0x0,
    0x0, 0x0, 0x0, 0xef, 0xf0, 0x0, 0x0, 0x0,
    0x0, 0x0, 0xef, 0xf8, 0x88, 0x88, 0x88, 0x88,
    0x80, 0xef, 0xff, 0xff, 0xff, 0xff, 0xff, 0xf0,
    0xef, 0xff, 0xff, 0xff, 0xff, 0xff, 0xf0,

    /* U+00CC "Ì" */
    0xc, 0xfe, 0x10, 0x0, 0xc, 0xfb, 0x0, 0x0,
    0x1d, 0xf7, 0x0, 0x0, 0x1d, 0xf3, 0x0, 0x0,
    0x0, 0x0, 0x0, 0x0, 0x0, 0x0, 0x0, 0xef,
    0xf0, 0x0, 0xe, 0xff, 0x0, 0x0, 0xef, 0xf0,
    0x0, 0xe, 0xff, 0x0, 0x0, 0xef, 0xf0, 0x0,
    0xe, 0xff, 0x0, 0x0, 0xef, 0xf0, 0x0, 0xe,
    0xff, 0x0, 0x0, 0xef, 0xf0, 0x0, 0xe, 0xff,
    0x0, 0x0, 0xef, 0xf0, 0x0, 0xe, 0xff, 0x0,
    0x0, 0xef, 0xf0, 0x0, 0xe, 0xff, 0x0, 0x0,
    0xef, 0xf0, 0x0, 0xe, 0xff, 0x0, 0x0, 0xef,
    0xf0, 0x0, 0xe, 0xff, 0x0, 0x0, 0xef, 0xf0,

    /* U+00CD "Í" */
    0x0, 0xc, 0xfe, 0x20, 0x9, 0xfe, 0x20, 0x5,
    0xfe, 0x20, 0x2, 0xfe, 0x20, 0x0, 0x0, 0x0,
    0x0, 0x0, 0x0, 0x0, 0x0, 0xef, 0xf0, 0x0,
    0xe, 0xff, 0x0, 0x0, 0xef, 0xf0, 0x0, 0xe,
    0xff, 0x0, 0x0, 0xef, 0xf0, 0x0, 0xe, 0xff,
    0x0, 0x0, 0xef, 0xf0, 0x0, 0xe, 0xff, 0x0,
    0x0, 0xef, 0xf0, 0x0, 0xe, 0xff, 0x0, 0x0,
    0xef, 0xf0, 0x0, 0xe, 0xff, 0x0, 0x0, 0xef,
    0xf0, 0x0, 0xe, 0xff, 0x0, 0x0, 0xef, 0xf0,
    0x0, 0xe, 0xff, 0x0, 0x0, 0xef, 0xf0, 0x0,
    0xe, 0xff, 0x0, 0x0, 0xef, 0xf0, 0x0, 0x0,

    /* U+00CE "Î" */
    0x0, 0x0, 0x50, 0x0, 0x0, 0x0, 0x7f, 0x90,
    0x0, 0x0, 0x6f, 0xef, 0x80, 0x0, 0x5f, 0xc1,
    0xbf, 0x70, 0x4f, 0xd1, 0x0, 0xcf, 0x60, 0x0,
    0x0, 0x0, 0x0, 0x0, 0x0, 0x0, 0x0, 0x0,
    0x0, 0xef, 0xf0, 0x0, 0x0, 0xe, 0xff, 0x0,
    0x0, 0x0, 0xef, 0xf0, 0x0, 0x0, 0xe, 0xff,
    0x0, 0x0, 0x0, 0xef, 0xf0, 0x0, 0x0, 0xe,
    0xff, 0x0, 0x0, 0x0, 0xef, 0xf0, 0x0, 0x0,
    0xe, 0xff, 0x0, 0x0, 0x0, 0xef, 0xf0, 0x0,
    0x0, 0xe, 0xff, 0x0, 0x0, 0x0, 0xef, 0xf0,
    0x0, 0x0, 0xe, 0xff, 0x0, 0x0, 0x0, 0xef,
    0xf0, 0x0, 0x0, 0xe, 0xff, 0x0, 0x0, 0x0,
    0xef, 0xf0, 0x0, 0x0, 0xe, 0xff, 0x0, 0x0,
    0x0, 0xef, 0xf0, 0x0, 0x0, 0xe, 0xff, 0x0,
    0x0, 0x0, 0xef, 0xf0, 0x0,

    /* U+00CF "Ï" */
    0xaf, 0xf7, 0x5, 0xff, 0xca, 0xff, 0x70, 0x5f,
    0xfc, 0xaf, 0xf7, 0x5, 0xff, 0xc3, 0x55, 0x20,
    0x15, 0x53, 0x0, 0x0, 0x0, 0x0, 0x0, 0x0,
    0x0, 0x0, 0x0, 0x0, 0xe, 0xff, 0x0, 0x0,
    0x0, 0xef, 0xf0, 0x0, 0x0, 0xe, 0xff, 0x0,
    0x0, 0x0, 0xef, 0xf0, 0x0, 0x0, 0xe, 0xff,
    0x0, 0x0, 0x0, 0xef, 0xf0, 0x0, 0x0, 0xe,
    0xff, 0x0, 0x0, 0x0, 0xef, 0xf0, 0x0, 0x0,
    0xe, 0xff, 0x0, 0x0, 0x0, 0xef, 0xf0, 0x0,
    0x0, 0xe, 0xff, 0x0, 0x0, 0x0, 0xef, 0xf0,
    0x0, 0x0, 0xe, 0xff, 0x0, 0x0, 0x0, 0xef,
    0xf0, 0x0, 0x0, 0xe, 0xff, 0x0, 0x0, 0x0,
    0xef, 0xf0, 0x0, 0x0, 0xe, 0xff, 0x0, 0x0,
    0x0, 0xef, 0xf0, 0x0, 0x0, 0xe, 0xff, 0x0,
    0x0,

    /* U+00D0 "Ð" */
    0x0, 0xef, 0xff, 0xff, 0xed, 0xb7, 0x10, 0x0,
    0x0, 0x0, 0xef, 0xff, 0xff, 0xff, 0xff, 0xf9,
    0x0, 0x0, 0x0, 0xef, 0xf9, 0x99, 0xbc, 0xff,
    0xff, 0xd1, 0x0, 0x0, 0xef, 0xf0, 0x0, 0x0,
    0x5, 0xef, 0xfc, 0x0, 0x0, 0xef, 0xf0, 0x0,
    0x0, 0x0, 0xd, 0xff, 0x70, 0x0, 0xef, 0xf0,
    0x0, 0x0, 0x0, 0x2, 0xff, 0xf0, 0x0, 0xef,
    0xf0, 0x0, 0x0, 0x0, 0x0, 0xbf, 0xf4, 0x0,
    0xef, 0xf0, 0x0, 0x0, 0x0, 0x0, 0x6f, 0xf8,
    0xbd, 0xff, 0xfd, 0xdd, 0x60, 0x0, 0x0, 0x4f,
    0xf9, 0xef, 0xff, 0xff, 0xff, 0x80, 0x0, 0x0,
    0x3f, 0xfa, 0x0, 0xef, 0xf0, 0x0, 0x0, 0x0,
    0x0, 0x4f, 0xfa, 0x0, 0xef, 0xf0, 0x0, 0x0,
    0x0, 0x0, 0x6f, 0xf8, 0x0, 0xef, 0xf0, 0x0,
    0x0, 0x0, 0x0, 0xaf, 0xf5, 0x0, 0xef, 0xf0,
    0x0, 0x0, 0x0, 0x1, 0xff, 0xf1, 0x0, 0xef,
    0xf0, 0x0, 0x0, 0x0, 0xc, 0xff, 0x90, 0x0,
    0xef, 0xf0, 0x0, 0x0, 0x5, 0xef, 0xfe, 0x10,
    0x0, 0xef, 0xfa, 0xaa, 0xbc, 0xff, 0xff, 0xe3,
    0x0, 0x0, 0xef, 0xff, 0xff, 0xff, 0xff, 0xfa,
    0x10, 0x0, 0x0, 0xef, 0xff, 0xff, 0xfd, 0xb7,
    0x20, 0x0, 0x0,

    /* U+00D1 "Ñ" */
    0x0, 0x0, 0x37, 0x40, 0x0, 0x68, 0x0, 0x0,
    0x0, 0x5f, 0xff, 0x90, 0xc, 0xe0, 0x0, 0x0,
    0xd, 0xd1, 0x9f, 0x84, 0xfa, 0x0, 0x0, 0x1,
    0xf8, 0x0, 0xaf, 0xfe, 0x20, 0x0, 0x0, 0x5,
    0x20, 0x0, 0x24, 0x0, 0x0, 0x0, 0x0, 0x0,
    0x0, 0x0, 0x0, 0x0, 0x0, 0xef, 0xf5, 0x0,
    0x0, 0x0, 0x0, 0xef, 0xfe, 0xff, 0xe1, 0x0,
    0x0, 0x0, 0xe, 0xff, 0xef, 0xff, 0x90, 0x0,
    0x0, 0x0, 0xef, 0xfe, 0xff, 0xff, 0x30, 0x0,
    0x0, 0xe, 0xff, 0xef, 0xfe, 0xfd, 0x0, 0x0,
    0x0, 0xef, 0xfe, 0xff, 0x5f, 0xf7, 0x0, 0x0,
    0xe, 0xff, 0xef, 0xf0, 0xbf, 0xf1, 0x0, 0x0,
    0xef, 0xfe, 0xff, 0x2, 0xff, 0xb0, 0x0, 0xe,
    0xff, 0xef, 0xf0, 0x7, 0xff, 0x40, 0x0, 0xef,
    0xfe, 0xff, 0x0, 0xd, 0xfe, 0x0, 0xe, 0xff,
    0xef, 0xf0, 0x0, 0x4f, 0xf8, 0x0, 0xef, 0xfe,
    0xff, 0x0, 0x0, 0xaf, 0xf2, 0xe, 0xff, 0xef,
    0xf0, 0x0, 0x1, 0xff, 0xc0, 0xef, 0xfe, 0xff,
    0x0, 0x0, 0x7, 0xff, 0x6e, 0xff, 0xef, 0xf0,
    0x0, 0x0, 0xd, 0xfe, 0xff, 0xfe, 0xff, 0x0,
    0x0, 0x0, 0x3f, 0xff, 0xff, 0xef, 0xf0, 0x0,
    0x0, 0x0, 0x9f, 0xff, 0xfe, 0xff, 0x0, 0x0,
    0x0, 0x1, 0xef, 0xff, 0xef, 0xf0, 0x0, 0x0,
    0x0, 0x6, 0xff, 0xf0,

    /* U+00D2 "Ò" */
    0x0, 0x0, 0x17, 0x85, 0x0, 0x0, 0x0, 0x0,
    0x0, 0x0, 0x0, 0x0, 0x6f, 0xf4, 0x0, 0x0,
    0x0, 0x0, 0x0, 0x0, 0x0, 0x0, 0x7f, 0xe1,
    0x0, 0x0, 0x0, 0x0, 0x0, 0x0, 0x0, 0x0,
    0x8f, 0xb0, 0x0, 0x0, 0x0, 0x0, 0x0, 0x0,
    0x0, 0x0, 0x68, 0x20, 0x0, 0x0, 0x0, 0x0,
    0x0, 0x0, 0x0, 0x0, 0x0, 0x0, 0x0, 0x0,
    0x0, 0x0, 0x0, 0x0, 0x0, 0x0, 0x0, 0x0,
    0x0, 0x0, 0x0, 0x0, 0x0, 0x39, 0xdf, 0xfe,
    0xc8, 0x20, 0x0, 0x0, 0x0, 0x1, 0xaf, 0xff,
    0xff, 0xff, 0xff, 0x90, 0x0, 0x0, 0x2, 0xdf,
    0xff, 0xfd, 0xbd, 0xff, 0xff, 0xc1, 0x0, 0x0,
    0xcf, 0xfe, 0x50, 0x0, 0x1, 0x7f, 0xff, 0xb0,
    0x0, 0x8f, 0xfd, 0x10, 0x0, 0x0, 0x0, 0x2e,
    0xff, 0x60, 0xf, 0xff, 0x30, 0x0, 0x0, 0x0,
    0x0, 0x5f, 0xfe, 0x5, 0xff, 0xb0, 0x0, 0x0,
    0x0, 0x0, 0x0, 0xdf, 0xf3, 0x8f, 0xf5, 0x0,
    0x0, 0x0, 0x0, 0x0, 0x7, 0xff, 0x7a, 0xff,
    0x30, 0x0, 0x0, 0x0, 0x0, 0x0, 0x5f, 0xf9,
    0xbf, 0xf2, 0x0, 0x0, 0x0, 0x0, 0x0, 0x4,
    0xff, 0x9a, 0xff, 0x30, 0x0, 0x0, 0x0, 0x0,
    0x0, 0x5f, 0xf9, 0x8f, 0xf5, 0x0, 0x0, 0x0,
    0x0, 0x0, 0x7, 0xff, 0x75, 0xff, 0xa0, 0x0,
    0x0, 0x0, 0x0, 0x0, 0xdf, 0xf3, 0xf, 0xff,
    0x20, 0x0, 0x0, 0x0, 0x0, 0x5f, 0xfe, 0x0,
    0x8f, 0xfd, 0x10, 0x0, 0x0, 0x0, 0x2e, 0xff,
    0x60, 0x0, 0xdf, 0xfe, 0x50, 0x0, 0x0, 0x6f,
    0xff, 0xb0, 0x0, 0x2, 0xdf, 0xff, 0xfc, 0xbd,
    0xff, 0xff, 0xc1, 0x0, 0x0, 0x1, 0xbf, 0xff,
    0xff, 0xff, 0xff, 0x90, 0x0, 0x0, 0x0, 0x0,
    0x39, 0xdf, 0xff, 0xc8, 0x20, 0x0, 0x0,

    /* U+00D3 "Ó" */
    0x0, 0x0, 0x0, 0x0, 0x0, 0x5, 0x87, 0x10,
    0x0, 0x0, 0x0, 0x0, 0x0, 0x0, 0x4, 0xff,
    0x60, 0x0, 0x0, 0x0, 0x0, 0x0, 0x0, 0x2,
    0xef, 0x70, 0x0, 0x0, 0x0, 0x0, 0x0, 0x0,
    0x0, 0xcf, 0x70, 0x0, 0x0, 0x0, 0x0, 0x0,
    0x0, 0x0, 0x38, 0x50, 0x0, 0x0, 0x0, 0x0,
    0x0, 0x0, 0x0, 0x0, 0x0, 0x0, 0x0, 0x0,
    0x0, 0x0, 0x0, 0x0, 0x0, 0x0, 0x0, 0x0,
    0x0, 0x0, 0x0, 0x0, 0x0, 0x39, 0xdf, 0xfe,
    0xc8, 0x20, 0x0, 0x0, 0x0, 0x1, 0xaf, 0xff,
    0xff, 0xff, 0xff, 0x90, 0x0, 0x0, 0x2, 0xdf,
    0xff, 0xfd, 0xbd, 0xff, 0xff, 0xc1, 0x0, 0x0,
    0xcf, 0xfe, 0x50, 0x0, 0x1, 0x7f, 0xff, 0xb0,
    0x0, 0x8f, 0xfd, 0x10, 0x0, 0x0, 0x0, 0x2e,
    0xff, 0x60, 0xf, 0xff, 0x30, 0x0, 0x0, 0x0,
    0x0, 0x5f, 0xfe, 0x5, 0xff, 0xb0, 0x0, 0x0,
    0x0, 0x0, 0x0, 0xdf, 0xf3, 0x8f, 0xf5, 0x0,
    0x0, 0x0, 0x0, 0x0, 0x7, 0xff, 0x7a, 0xff,
    0x30, 0x0, 0x0, 0x0, 0x0, 0x0, 0x5f, 0xf9,
    0xbf, 0xf2, 0x0, 0x0, 0x0, 0x0, 0x0, 0x4,
    0xff, 0x9a, 0xff, 0x30, 0x0, 0x0, 0x0, 0x0,
    0x0, 0x5f, 0xf9, 0x8f, 0xf5, 0x0, 0x0, 0x0,
    0x0, 0x0, 0x7, 0xff, 0x75, 0xff, 0xa0, 0x0,
    0x0, 0x0, 0x0, 0x0, 0xdf, 0xf3, 0xf, 0xff,
    0x20, 0x0, 0x0, 0x0, 0x0, 0x5f, 0xfe, 0x0,
    0x8f, 0xfd, 0x10, 0x0, 0x0, 0x0, 0x2e, 0xff,
    0x60, 0x0, 0xdf, 0xfe, 0x50, 0x0, 0x0, 0x6f,
    0xff, 0xb0, 0x0, 0x2, 0xdf, 0xff, 0xfc, 0xbd,
    0xff, 0xff, 0xc1, 0x0, 0x0, 0x1, 0xbf, 0xff,
    0xff, 0xff, 0xff, 0x90, 0x0, 0x0, 0x0, 0x0,
    0x39, 0xdf, 0xff, 0xc8, 0x20, 0x0, 0x0,

    /* U+00D4 "Ô" */
    0x0, 0x0, 0x0, 0x0, 0x5, 0x0, 0x0, 0x0,
    0x0, 0x0, 0x0, 0x0, 0x0, 0x9, 0xf7, 0x0,
    0x0, 0x0, 0x0, 0x0, 0x0, 0x0, 0x8, 0xfe,
    0xf6, 0x0, 0x0, 0x0, 0x0, 0x0, 0x0, 0x7,
    0xfb, 0x1c, 0xf5, 0x0, 0x0, 0x0, 0x0, 0x0,
    0x6, 0xfc, 0x0, 0x1d, 0xf4, 0x0, 0x0, 0x0,
    0x0, 0x0, 0x0, 0x0, 0x0, 0x0, 0x0, 0x0,
    0x0, 0x0, 0x0, 0x0, 0x0, 0x0, 0x0, 0x0,
    0x0, 0x0, 0x0, 0x0, 0x0, 0x39, 0xdf, 0xfe,
    0xc8, 0x20, 0x0, 0x0, 0x0, 0x1, 0xaf, 0xff,
    0xff, 0xff, 0xff, 0x90, 0x0, 0x0, 0x2, 0xdf,
    0xff, 0xfd, 0xbd, 0xff, 0xff, 0xc1, 0x0, 0x0,
    0xcf, 0xfe, 0x50, 0x0, 0x1, 0x7f, 0xff, 0xb0,
    0x0, 0x8f, 0xfd, 0x10, 0x0, 0x0, 0x0, 0x2e,
    0xff, 0x60, 0xf, 0xff, 0x30, 0x0, 0x0, 0x0,
    0x0, 0x5f, 0xfe, 0x5, 0xff, 0xb0, 0x0, 0x0,
    0x0, 0x0, 0x0, 0xdf, 0xf3, 0x8f, 0xf5, 0x0,
    0x0, 0x0, 0x0, 0x0, 0x7, 0xff, 0x7a, 0xff,
    0x30, 0x0, 0x0, 0x0, 0x0, 0x0, 0x5f, 0xf9,
    0xbf, 0xf2, 0x0, 0x0, 0x0, 0x0, 0x0, 0x4,
    0xff, 0x9a, 0xff, 0x30, 0x0, 0x0, 0x0, 0x0,
    0x0, 0x5f, 0xf9, 0x8f, 0xf5, 0x0, 0x0, 0x0,
    0x0, 0x0, 0x7, 0xff, 0x75, 0xff, 0xa0, 0x0,
    0x0, 0x0, 0x0, 0x0, 0xdf, 0xf3, 0xf, 0xff,
    0x20, 0x0, 0x0, 0x0, 0x0, 0x5f, 0xfe, 0x0,
    0x8f, 0xfd, 0x10, 0x0, 0x0, 0x0, 0x2e, 0xff,
    0x60, 0x0, 0xdf, 0xfe, 0x50, 0x0, 0x0, 0x6f,
    0xff, 0xb0, 0x0, 0x2, 0xdf, 0xff, 0xfc, 0xbd,
    0xff, 0xff, 0xc1, 0x0, 0x0, 0x1, 0xbf, 0xff,
    0xff, 0xff, 0xff, 0x90, 0x0, 0x0, 0x0, 0x0,
    0x39, 0xdf, 0xff, 0xc8, 0x20, 0x0, 0x0,

    /* U+00D5 "Õ" */
    0x0, 0x0, 0x0, 0x37, 0x40, 0x0, 0x58, 0x0,
    0x0, 0x0, 0x0, 0x0, 0x5f, 0xff, 0x90, 0xc,
    0xe0, 0x0, 0x0, 0x0, 0x0, 0xd, 0xd1, 0x9f,
    0x84, 0xfa, 0x0, 0x0, 0x0, 0x0, 0x0, 0xf8,
    0x0, 0xaf, 0xfe, 0x20, 0x0, 0x0, 0x0, 0x0,
    0x5, 0x20, 0x0, 0x24, 0x0, 0x0, 0x0, 0x0,
    0x0, 0x0, 0x0, 0x0, 0x0, 0x0, 0x0, 0x0,
    0x0, 0x0, 0x0, 0x3, 0x9d, 0xff, 0xec, 0x82,
    0x0, 0x0, 0x0, 0x0, 0x1a, 0xff, 0xff, 0xff,
    0xff, 0xf9, 0x0, 0x0, 0x0, 0x2d, 0xff, 0xff,
    0xdb, 0xdf, 0xff, 0xfc, 0x10, 0x0, 0xc, 0xff,
    0xe5, 0x0, 0x0, 0x17, 0xff, 0xfb, 0x0, 0x8,
    0xff, 0xd1, 0x0, 0x0, 0x0, 0x2, 0xef, 0xf6,
    0x0, 0xff, 0xf3, 0x0, 0x0, 0x0, 0x0, 0x5,
    0xff, 0xe0, 0x5f, 0xfb, 0x0, 0x0, 0x0, 0x0,
    0x0, 0xd, 0xff, 0x38, 0xff, 0x50, 0x0, 0x0,
    0x0, 0x0, 0x0, 0x7f, 0xf7, 0xaf, 0xf3, 0x0,
    0x0, 0x0, 0x0, 0x0, 0x5, 0xff, 0x9b, 0xff,
    0x20, 0x0, 0x0, 0x0, 0x0, 0x0, 0x4f, 0xf9,
    0xaf, 0xf3, 0x0, 0x0, 0x0, 0x0, 0x0, 0x5,
    0xff, 0x98, 0xff, 0x50, 0x0, 0x0, 0x0, 0x0,
    0x0, 0x7f, 0xf7, 0x5f, 0xfa, 0x0, 0x0, 0x0,
    0x0, 0x0, 0xd, 0xff, 0x30, 0xff, 0xf2, 0x0,
    0x0, 0x0, 0x0, 0x5, 0xff, 0xe0, 0x8, 0xff,
    0xd1, 0x0, 0x0, 0x0, 0x2, 0xef, 0xf6, 0x0,
    0xd, 0xff, 0xe5, 0x0, 0x0, 0x6, 0xff, 0xfb,
    0x0, 0x0, 0x2d, 0xff, 0xff, 0xcb, 0xdf, 0xff,
    0xfc, 0x10, 0x0, 0x0, 0x1b, 0xff, 0xff, 0xff,
    0xff, 0xf9, 0x0, 0x0, 0x0, 0x0, 0x3, 0x9d,
    0xff, 0xfc, 0x82, 0x0, 0x0, 0x0,

    /* U+00D6 "Ö" */
    0x0, 0x0, 0x3, 0x55, 0x10, 0x25, 0x53, 0x0,
    0x0, 0x0, 0x0, 0x0, 0xcf, 0xf5, 0x7, 0xff,
    0xa0, 0x0, 0x0, 0x0, 0x0, 0xc, 0xff, 0x50,
    0x7f, 0xfa, 0x0, 0x0, 0x0, 0x0, 0x0, 0xcf,
    0xf5, 0x7, 0xff, 0xa0, 0x0, 0x0, 0x0, 0x0,
    0x0, 0x0, 0x0, 0x0, 0x0, 0x0, 0x0, 0x0,
    0x0, 0x0, 0x0, 0x0, 0x0, 0x0, 0x0, 0x0,
    0x0, 0x0, 0x0, 0x0, 0x0, 0x0, 0x0, 0x0,
    0x0, 0x0, 0x0, 0x0, 0x0, 0x39, 0xdf, 0xfe,
    0xc8, 0x20, 0x0, 0x0, 0x0, 0x1, 0xaf, 0xff,
    0xff, 0xff, 0xff, 0x90, 0x0, 0x0, 0x2, 0xdf,
    0xff, 0xfd, 0xbd, 0xff, 0xff, 0xc1, 0x0, 0x0,
    0xcf, 0xfe, 0x50, 0x0, 0x1, 0x7f, 0xff, 0xb0,
    0x0, 0x8f, 0xfd, 0x10, 0x0, 0x0, 0x0, 0x2e,
    0xff, 0x60, 0xf, 0xff, 0x30, 0x0, 0x0, 0x0,
    0x0, 0x5f, 0xfe, 0x5, 0xff, 0xb0, 0x0, 0x0,
    0x0, 0x0, 0x0, 0xdf, 0xf3, 0x8f, 0xf5, 0x0,
    0x0, 0x0, 0x0, 0x0, 0x7, 0xff, 0x7a, 0xff,
    0x30, 0x0, 0x0, 0x0, 0x0, 0x0, 0x5f, 0xf9,
    0xbf, 0xf2, 0x0, 0x0, 0x0, 0x0, 0x0, 0x4,
    0xff, 0x9a, 0xff, 0x30, 0x0, 0x0, 0x0, 0x0,
    0x0, 0x5f, 0xf9, 0x8f, 0xf5, 0x0, 0x0, 0x0,
    0x0, 0x0, 0x7, 0xff, 0x75, 0xff, 0xa0, 0x0,
    0x0, 0x0, 0x0, 0x0, 0xdf, 0xf3, 0xf, 0xff,
    0x20, 0x0, 0x0, 0x0, 0x0, 0x5f, 0xfe, 0x0,
    0x8f, 0xfd, 0x10, 0x0, 0x0, 0x0, 0x2e, 0xff,
    0x60, 0x0, 0xdf, 0xfe, 0x50, 0x0, 0x0, 0x6f,
    0xff, 0xb0, 0x0, 0x2, 0xdf, 0xff, 0xfc, 0xbd,
    0xff, 0xff, 0xc1, 0x0, 0x0, 0x1, 0xbf, 0xff,
    0xff, 0xff, 0xff, 0x90, 0x0, 0x0, 0x0, 0x0,
    0x39, 0xdf, 0xff, 0xc8, 0x20, 0x0, 0x0,

    /* U+00D7 "×" */
    0x0, 0x71, 0x0, 0x0, 0x0, 0x45, 0x0, 0xaf,
    0xc1, 0x0, 0x0, 0x4f, 0xf4, 0x8, 0xff, 0xc0,
    0x0, 0x4f, 0xff, 0x30, 0x8, 0xff, 0xc0, 0x4f,
    0xff, 0x30, 0x0, 0x8, 0xff, 0xdf, 0xff, 0x30,
    0x0, 0x0, 0x8, 0xff, 0xff, 0x30, 0x0, 0x0,
    0x0, 0x4f, 0xff, 0xd1, 0x0, 0x0, 0x0, 0x4f,
    0xff, 0xff, 0xc1, 0x0, 0x0, 0x4f, 0xfe, 0x28,
    0xff, 0xc1, 0x0, 0x4f, 0xfe, 0x20, 0x8, 0xff,
    0xc1, 0xc, 0xfe, 0x20, 0x0, 0x7, 0xff, 0x60,
    0x1b, 0x20, 0x0, 0x0, 0x7, 0x80,

    /* U+00D8 "Ø" */
    0x0, 0x0, 0x3, 0x9d, 0xff, 0xec, 0x82, 0xc,
    0xf2, 0x0, 0x0, 0x1a, 0xff, 0xff, 0xff, 0xff,
    0xff, 0xf6, 0x0, 0x0, 0x2d, 0xff, 0xff, 0xdb,
    0xdf, 0xff, 0xff, 0x10, 0x0, 0xc, 0xff, 0xe5,
    0x0, 0x0, 0x18, 0xff, 0xfb, 0x0, 0x8, 0xff,
    0xd1, 0x0, 0x0, 0x0, 0xcf, 0xff, 0xf6, 0x0,
    0xff, 0xf3, 0x0, 0x0, 0x0, 0x8f, 0x65, 0xff,
    0xe0, 0x5f, 0xfb, 0x0, 0x0, 0x0, 0x4f, 0xa0,
    0xd, 0xff, 0x38, 0xff, 0x50, 0x0, 0x0, 0x1e,
    0xd0, 0x0, 0x7f, 0xf7, 0xaf, 0xf3, 0x0, 0x0,
    0xb, 0xf3, 0x0, 0x5, 0xff, 0x9b, 0xff, 0x20,
    0x0, 0x8, 0xf6, 0x0, 0x0, 0x4f, 0xf9, 0xaf,
    0xf3, 0x0, 0x4, 0xfa, 0x0, 0x0, 0x5, 0xff,
    0x98, 0xff, 0x50, 0x1, 0xed, 0x0, 0x0, 0x0,
    0x7f, 0xf7, 0x5f, 0xfa, 0x0, 0xbf, 0x30, 0x0,
    0x0, 0xd, 0xff, 0x30, 0xff, 0xf2, 0x8f, 0x60,
    0x0, 0x0, 0x5, 0xff, 0xe0, 0x8, 0xff, 0xff,
    0xa0, 0x0, 0x0, 0x2, 0xef, 0xf6, 0x0, 0xd,
    0xff, 0xf6, 0x0, 0x0, 0x6, 0xff, 0xfb, 0x0,
    0x0, 0x2f, 0xff, 0xff, 0xcb, 0xdf, 0xff, 0xfc,
    0x10, 0x0, 0x8, 0xff, 0xff, 0xff, 0xff, 0xff,
    0xf9, 0x0, 0x0, 0x4, 0xfa, 0x3, 0x9d, 0xff,
    0xfc, 0x82, 0x0, 0x0, 0x0,

    /* U+00D9 "Ù" */
    0x0, 0x3, 0x88, 0x30, 0x0, 0x0, 0x0, 0x0,
    0x0, 0x0, 0xaf, 0xe1, 0x0, 0x0, 0x0, 0x0,
    0x0, 0x0, 0xb, 0xfc, 0x0, 0x0, 0x0, 0x0,
    0x0, 0x0, 0x0, 0xbf, 0x70, 0x0, 0x0, 0x0,
    0x0, 0x0, 0x0, 0x7, 0x70, 0x0, 0x0, 0x0,
    0x0, 0x0, 0x0, 0x0, 0x0, 0x0, 0x0, 0x0,
    0x0, 0x0, 0x0, 0x0, 0x0, 0x0, 0x0, 0x0,
    0x1f, 0xfc, 0x0, 0x0, 0x0, 0x0, 0x6f, 0xf7,
    0x1f, 0xfc, 0x0, 0x0, 0x0, 0x0, 0x6f, 0xf7,
    0x1f, 0xfc, 0x0, 0x0, 0x0, 0x0, 0x6f, 0xf7,
    0x1f, 0xfc, 0x0, 0x0, 0x0, 0x0, 0x6f, 0xf7,
    0x1f, 0xfc, 0x0, 0x0, 0x0, 0x0, 0x6f, 0xf7,
    0x1f, 0xfc, 0x0, 0x0, 0x0, 0x0, 0x6f, 0xf7,
    0x1f, 0xfc, 0x0, 0x0, 0x0, 0x0, 0x6f, 0xf7,
    0x1f, 0xfc, 0x0, 0x0, 0x0, 0x0, 0x6f, 0xf7,
    0x1f, 0xfc, 0x0, 0x0, 0x0, 0x0, 0x6f, 0xf7,
    0x1f, 0xfc, 0x0, 0x0, 0x0, 0x0, 0x6f, 0xf7,
    0x1f, 0xfc, 0x0, 0x0, 0x0, 0x0, 0x6f, 0xf7,
    0x1f, 0xfc, 0x0, 0x0, 0x0, 0x0, 0x6f, 0xf6,
    0xf, 0xfd, 0x0, 0x0, 0x0, 0x0, 0x7f, 0xf6,
    0xf, 0xff, 0x0, 0x0, 0x0, 0x0, 0xaf, 0xf4,
    0xb, 0xff, 0x50, 0x0, 0x0, 0x1, 0xef, 0xf1,
    0x6, 0xff, 0xe4, 0x0, 0x0, 0x1b, 0xff, 0xb0,
    0x0, 0xcf, 0xff, 0xda, 0xab, 0xff, 0xff, 0x20,
    0x0, 0x1c, 0xff, 0xff, 0xff, 0xff, 0xe3, 0x0,
    0x0, 0x0, 0x4a, 0xdf, 0xfe, 0xb7, 0x0, 0x0,

    /* U+00DA "Ú" */
    0x0, 0x0, 0x0, 0x0, 0x0, 0x78, 0x70, 0x0,
    0x0, 0x0, 0x0, 0x0, 0x8, 0xff, 0x30, 0x0,
    0x0, 0x0, 0x0, 0x0, 0x5f, 0xf3, 0x0, 0x0,
    0x0, 0x0, 0x0, 0x2, 0xff, 0x30, 0x0, 0x0,
    0x0, 0x0, 0x0, 0x5, 0x83, 0x0, 0x0, 0x0,
    0x0, 0x0, 0x0, 0x0, 0x0, 0x0, 0x0, 0x0,
    0x0, 0x0, 0x0, 0x0, 0x0, 0x0, 0x0, 0x0,
    0x1f, 0xfc, 0x0, 0x0, 0x0, 0x0, 0x6f, 0xf7,
    0x1f, 0xfc, 0x0, 0x0, 0x0, 0x0, 0x6f, 0xf7,
    0x1f, 0xfc, 0x0, 0x0, 0x0, 0x0, 0x6f, 0xf7,
    0x1f, 0xfc, 0x0, 0x0, 0x0, 0x0, 0x6f, 0xf7,
    0x1f, 0xfc, 0x0, 0x0, 0x0, 0x0, 0x6f, 0xf7,
    0x1f, 0xfc, 0x0, 0x0, 0x0, 0x0, 0x6f, 0xf7,
    0x1f, 0xfc, 0x0, 0x0, 0x0, 0x0, 0x6f, 0xf7,
    0x1f, 0xfc, 0x0, 0x0, 0x0, 0x0, 0x6f, 0xf7,
    0x1f, 0xfc, 0x0, 0x0, 0x0, 0x0, 0x6f, 0xf7,
    0x1f, 0xfc, 0x0, 0x0, 0x0, 0x0, 0x6f, 0xf7,
    0x1f, 0xfc, 0x0, 0x0, 0x0, 0x0, 0x6f, 0xf7,
    0x1f, 0xfc, 0x0, 0x0, 0x0, 0x0, 0x6f, 0xf6,
    0xf, 0xfd, 0x0, 0x0, 0x0, 0x0, 0x7f, 0xf6,
    0xf, 0xff, 0x0, 0x0, 0x0, 0x0, 0xaf, 0xf4,
    0xb, 0xff, 0x50, 0x0, 0x0, 0x1, 0xef, 0xf1,
    0x6, 0xff, 0xe4, 0x0, 0x0, 0x1b, 0xff, 0xb0,
    0x0, 0xcf, 0xff, 0xda, 0xab, 0xff, 0xff, 0x20,
    0x0, 0x1c, 0xff, 0xff, 0xff, 0xff, 0xe3, 0x0,
    0x0, 0x0, 0x4a, 0xdf, 0xfe, 0xb7, 0x0, 0x0,

    /* U+00DB "Û" */
    0x0, 0x0, 0x0, 0x1, 0x40, 0x0, 0x0, 0x0,
    0x0, 0x0, 0x0, 0xc, 0xf4, 0x0, 0x0, 0x0,
    0x0, 0x0, 0x0, 0xbf, 0xef, 0x30, 0x0, 0x0,
    0x0, 0x0, 0xb, 0xf7, 0x2e, 0xe2, 0x0, 0x0,
    0x0, 0x0, 0xaf, 0x90, 0x3, 0xfe, 0x10, 0x0,
    0x0, 0x0, 0x0, 0x0, 0x0, 0x0, 0x0, 0x0,
    0x0, 0x0, 0x0, 0x0, 0x0, 0x0, 0x0, 0x0,
    0x1f, 0xfc, 0x0, 0x0, 0x0, 0x0, 0x6f, 0xf7,
    0x1f, 0xfc, 0x0, 0x0, 0x0, 0x0, 0x6f, 0xf7,
    0x1f, 0xfc, 0x0, 0x0, 0x0, 0x0, 0x6f, 0xf7,
    0x1f, 0xfc, 0x0, 0x0, 0x0, 0x0, 0x6f, 0xf7,
    0x1f, 0xfc, 0x0, 0x0, 0x0, 0x0, 0x6f, 0xf7,
    0x1f, 0xfc, 0x0, 0x0, 0x0, 0x0, 0x6f, 0xf7,
    0x1f, 0xfc, 0x0, 0x0, 0x0, 0x0, 0x6f, 0xf7,
    0x1f, 0xfc, 0x0, 0x0, 0x0, 0x0, 0x6f, 0xf7,
    0x1f, 0xfc, 0x0, 0x0, 0x0, 0x0, 0x6f, 0xf7,
    0x1f, 0xfc, 0x0, 0x0, 0x0, 0x0, 0x6f, 0xf7,
    0x1f, 0xfc, 0x0, 0x0, 0x0, 0x0, 0x6f, 0xf7,
    0x1f, 0xfc, 0x0, 0x0, 0x0, 0x0, 0x6f, 0xf6,
    0xf, 0xfd, 0x0, 0x0, 0x0, 0x0, 0x7f, 0xf6,
    0xf, 0xff, 0x0, 0x0, 0x0, 0x0, 0xaf, 0xf4,
    0xb, 0xff, 0x50, 0x0, 0x0, 0x1, 0xef, 0xf1,
    0x6, 0xff, 0xe4, 0x0, 0x0, 0x1b, 0xff, 0xb0,
    0x0, 0xcf, 0xff, 0xda, 0xab, 0xff, 0xff, 0x20,
    0x0, 0x1c, 0xff, 0xff, 0xff, 0xff, 0xe3, 0x0,
    0x0, 0x0, 0x4a, 0xdf, 0xfe, 0xb7, 0x0, 0x0,

    /* U+00DC "Ü" */
    0x0, 0x0, 0x45, 0x50, 0x3, 0x55, 0x20, 0x0,
    0x0, 0x0, 0xff, 0xf2, 0xb, 0xff, 0x60, 0x0,
    0x0, 0x0, 0xff, 0xf2, 0xb, 0xff, 0x60, 0x0,
    0x0, 0x0, 0xff, 0xf2, 0xb, 0xff, 0x60, 0x0,
    0x0, 0x0, 0x0, 0x0, 0x0, 0x0, 0x0, 0x0,
    0x0, 0x0, 0x0, 0x0, 0x0, 0x0, 0x0, 0x0,
    0x0, 0x0, 0x0, 0x0, 0x0, 0x0, 0x0, 0x0,
    0x1f, 0xfc, 0x0, 0x0, 0x0, 0x0, 0x6f, 0xf7,
    0x1f, 0xfc, 0x0, 0x0, 0x0, 0x0, 0x6f, 0xf7,
    0x1f, 0xfc, 0x0, 0x0, 0x0, 0x0, 0x6f, 0xf7,
    0x1f, 0xfc, 0x0, 0x0, 0x0, 0x0, 0x6f, 0xf7,
    0x1f, 0xfc, 0x0, 0x0, 0x0, 0x0, 0x6f, 0xf7,
    0x1f, 0xfc, 0x0, 0x0, 0x0, 0x0, 0x6f, 0xf7,
    0x1f, 0xfc, 0x0, 0x0, 0x0, 0x0, 0x6f, 0xf7,
    0x1f, 0xfc, 0x0, 0x0, 0x0, 0x0, 0x6f, 0xf7,
    0x1f, 0xfc, 0x0, 0x0, 0x0, 0x0, 0x6f, 0xf7,
    0x1f, 0xfc, 0x0, 0x0, 0x0, 0x0, 0x6f, 0xf7,
    0x1f, 0xfc, 0x0, 0x0, 0x0, 0x0, 0x6f, 0xf7,
    0x1f, 0xfc, 0x0, 0x0, 0x0, 0x0, 0x6f, 0xf6,
    0xf, 0xfd, 0x0, 0x0, 0x0, 0x0, 0x7f, 0xf6,
    0xf, 0xff, 0x0, 0x0, 0x0, 0x0, 0xaf, 0xf4,
    0xb, 0xff, 0x50, 0x0, 0x0, 0x1, 0xef, 0xf1,
    0x6, 0xff, 0xe4, 0x0, 0x0, 0x1b, 0xff, 0xb0,
    0x0, 0xcf, 0xff, 0xda, 0xab, 0xff, 0xff, 0x20,
    0x0, 0x1c, 0xff, 0xff, 0xff, 0xff, 0xe3, 0x0,
    0x0, 0x0, 0x4a, 0xdf, 0xfe, 0xb7, 0x0, 0x0,

    /* U+00DD "Ý" */
    0x0, 0x0, 0x0, 0x0, 0x0, 0xcf, 0xe2, 0x0,
    0x0, 0x0, 0x0, 0x0, 0x0, 0x8f, 0xe2, 0x0,
    0x0, 0x0, 0x0, 0x0, 0x0, 0x5f, 0xe2, 0x0,
    0x0, 0x0, 0x0, 0x0, 0x0, 0x2f, 0xe2, 0x0,
    0x0, 0x0, 0x0, 0x0, 0x0, 0x0, 0x0, 0x0,
    0x0, 0x0, 0x0, 0x0, 0x0, 0x0, 0x0, 0x0,
    0x0, 0x0, 0x0, 0x7f, 0xfc, 0x0, 0x0, 0x0,
    0x0, 0xb, 0xff, 0x80, 0xdf, 0xf5, 0x0, 0x0,
    0x0, 0x4, 0xff, 0xe0, 0x4, 0xff, 0xd0, 0x0,
    0x0, 0x0, 0xdf, 0xf5, 0x0, 0xa, 0xff, 0x70,
    0x0, 0x0, 0x6f, 0xfc, 0x0, 0x0, 0x1f, 0xff,
    0x10, 0x0, 0x1e, 0xff, 0x20, 0x0, 0x0, 0x7f,
    0xf9, 0x0, 0x9, 0xff, 0x90, 0x0, 0x0, 0x0,
    0xdf, 0xf2, 0x2, 0xff, 0xe1, 0x0, 0x0, 0x0,
    0x5, 0xff, 0xb0, 0xbf, 0xf6, 0x0, 0x0, 0x0,
    0x0, 0xb, 0xff, 0x9f, 0xfd, 0x0, 0x0, 0x0,
    0x0, 0x0, 0x2f, 0xff, 0xff, 0x40, 0x0, 0x0,
    0x0, 0x0, 0x0, 0x8f, 0xff, 0xa0, 0x0, 0x0,
    0x0, 0x0, 0x0, 0x0, 0xef, 0xf1, 0x0, 0x0,
    0x0, 0x0, 0x0, 0x0, 0xd, 0xff, 0x0, 0x0,
    0x0, 0x0, 0x0, 0x0, 0x0, 0xdf, 0xf0, 0x0,
    0x0, 0x0, 0x0, 0x0, 0x0, 0xd, 0xff, 0x0,
    0x0, 0x0, 0x0, 0x0, 0x0, 0x0, 0xdf, 0xf0,
    0x0, 0x0, 0x0, 0x0, 0x0, 0x0, 0xd, 0xff,
    0x0, 0x0, 0x0, 0x0, 0x0, 0x0, 0x0, 0xdf,
    0xf0, 0x0, 0x0, 0x0, 0x0, 0x0, 0x0, 0xd,
    0xff, 0x0, 0x0, 0x0, 0x0,

    /* U+00DE "Þ" */
    0x9f, 0xf0, 0x0, 0x0, 0x0, 0x0, 0x9, 0xff,
    0x0, 0x0, 0x0, 0x0, 0x0, 0x9f, 0xff, 0xff,
    0xff, 0xc8, 0x10, 0x9, 0xff, 0xff, 0xff, 0xff,
    0xfe, 0x30, 0x9f, 0xf4, 0x33, 0x46, 0xcf, 0xfe,
    0x19, 0xff, 0x0, 0x0, 0x0, 0x8f, 0xf7, 0x9f,
    0xf0, 0x0, 0x0, 0x0, 0xff, 0xb9, 0xff, 0x0,
    0x0, 0x0, 0xd, 0xfc, 0x9f, 0xf0, 0x0, 0x0,
    0x0, 0xff, 0xb9, 0xff, 0x0, 0x0, 0x0, 0x5f,
    0xf7, 0x9f, 0xf0, 0x0, 0x2, 0x8f, 0xff, 0x19,
    0xff, 0xff, 0xff, 0xff, 0xff, 0x50, 0x9f, 0xff,
    0xff, 0xff, 0xfb, 0x30, 0x9, 0xff, 0x55, 0x54,
    0x30, 0x0, 0x0, 0x9f, 0xf0, 0x0, 0x0, 0x0,
    0x0, 0x9, 0xff, 0x0, 0x0, 0x0, 0x0, 0x0,
    0x9f, 0xf0, 0x0, 0x0, 0x0, 0x0, 0x9, 0xff,
    0x0, 0x0, 0x0, 0x0, 0x0, 0x9f, 0xf0, 0x0,
    0x0, 0x0, 0x0, 0x0,

    /* U+00DF "ß" */
    0x0, 0x0, 0x6b, 0xef, 0xfe, 0xb6, 0x0, 0x0,
    0x0, 0x3e, 0xff, 0xff, 0xff, 0xff, 0xd2, 0x0,
    0x1, 0xef, 0xff, 0xb9, 0x9b, 0xff, 0xfc, 0x0,
    0x8, 0xff, 0xd2, 0x0, 0x0, 0xc, 0xff, 0x10,
    0xd, 0xff, 0x30, 0x0, 0x0, 0xa, 0xff, 0x10,
    0xf, 0xfe, 0x0, 0x0, 0x5, 0xcf, 0xfc, 0x0,
    0x1f, 0xfc, 0x0, 0x8, 0xff, 0xff, 0xb1, 0x0,
    0x1f, 0xfc, 0x0, 0xaf, 0xff, 0x93, 0x0, 0x0,
    0x1f, 0xfc, 0x1, 0xff, 0xd1, 0x0, 0x0, 0x0,
    0x1f, 0xfc, 0x2, 0xff, 0xa0, 0x0, 0x0, 0x0,
    0x1f, 0xfc, 0x0, 0xef, 0xfc, 0x62, 0x0, 0x0,
    0x1f, 0xfc, 0x0, 0x2e, 0xff, 0xff, 0xe8, 0x10,
    0x1f, 0xfc, 0x0, 0x0, 0x6b, 0xff, 0xff, 0xe2,
    0x1f, 0xfc, 0x0, 0x0, 0x0, 0x4, 0xcf, 0xfa,
    0x1f, 0xfc, 0x0, 0x43, 0x0, 0x0, 0xe, 0xfd,
    0x1f, 0xfc, 0xc, 0xfd, 0x10, 0x0, 0xe, 0xfd,
    0x1f, 0xfc, 0x5, 0xff, 0xe7, 0x46, 0xcf, 0xf8,
    0x1f, 0xfc, 0x0, 0x7f, 0xff, 0xff, 0xff, 0xc0,
    0x1f, 0xfc, 0x0, 0x2, 0x9d, 0xff, 0xb5, 0x0,

    /* U+00E0 "à" */
    0x0, 0x9f, 0xf3, 0x0, 0x0, 0x0, 0x0, 0x0,
    0x8f, 0xe1, 0x0, 0x0, 0x0, 0x0, 0x0, 0x8f,
    0xc0, 0x0, 0x0, 0x0, 0x0, 0x0, 0x69, 0x40,
    0x0, 0x0, 0x0, 0x0, 0x0, 0x0, 0x0, 0x0,
    0x0, 0x0, 0x6b, 0xef, 0xfc, 0x70, 0x0, 0x4,
    0xef, 0xff, 0xff, 0xff, 0xd1, 0x2, 0xff, 0xfb,
    0x76, 0x7e, 0xff, 0xb0, 0x6, 0xf4, 0x0, 0x0,
    0xd, 0xff, 0x20, 0x1, 0x0, 0x0, 0x0, 0x6f,
    0xf5, 0x0, 0x0, 0x1, 0x11, 0x16, 0xff, 0x60,
    0x7, 0xdf, 0xff, 0xff, 0xff, 0xf7, 0xd, 0xff,
    0xff, 0xff, 0xff, 0xff, 0x77, 0xff, 0xb3, 0x0,
    0x0, 0x7f, 0xf7, 0xaf, 0xf1, 0x0, 0x0, 0xd,
    0xff, 0x79, 0xff, 0x30, 0x0, 0x3, 0xff, 0xf7,
    0x5f, 0xfe, 0x74, 0x49, 0xff, 0xff, 0x70, 0x9f,
    0xff, 0xff, 0xff, 0x6f, 0xf7, 0x0, 0x4b, 0xef,
    0xe9, 0x11, 0xff, 0x70,

    /* U+00E1 "á" */
    0x0, 0x0, 0x0, 0x0, 0xbf, 0xe3, 0x0, 0x0,
    0x0, 0x0, 0x9f, 0xd2, 0x0, 0x0, 0x0, 0x0,
    0x6f, 0xc1, 0x0, 0x0, 0x0, 0x0, 0x19, 0x90,
    0x0, 0x0, 0x0, 0x0, 0x0, 0x0, 0x0, 0x0,
    0x0, 0x0, 0x6b, 0xef, 0xfc, 0x70, 0x0, 0x4,
    0xef, 0xff, 0xff, 0xff, 0xd1, 0x2, 0xff, 0xfb,
    0x76, 0x7e, 0xff, 0xb0, 0x6, 0xf4, 0x0, 0x0,
    0xd, 0xff, 0x20, 0x1, 0x0, 0x0, 0x0, 0x6f,
    0xf5, 0x0, 0x0, 0x1, 0x11, 0x16, 0xff, 0x60,
    0x7, 0xdf, 0xff, 0xff, 0xff, 0xf7, 0xd, 0xff,
    0xff, 0xff, 0xff, 0xff, 0x77, 0xff, 0xb3, 0x0,
    0x0, 0x7f, 0xf7, 0xaf, 0xf1, 0x0, 0x0, 0xd,
    0xff, 0x79, 0xff, 0x30, 0x0, 0x3, 0xff, 0xf7,
    0x5f, 0xfe, 0x74, 0x49, 0xff, 0xff, 0x70, 0x9f,
    0xff, 0xff, 0xff, 0x6f, 0xf7, 0x0, 0x4b, 0xef,
    0xe9, 0x11, 0xff, 0x70,

    /* U+00E2 "â" */
    0x0, 0x0, 0x0, 0x0, 0x0, 0x0, 0x0, 0x0,
    0x0, 0x1c, 0x40, 0x0, 0x0, 0x0, 0x0, 0xc,
    0xff, 0x30, 0x0, 0x0, 0x0, 0xb, 0xf8, 0xee,
    0x20, 0x0, 0x0, 0xa, 0xf8, 0x3, 0xfe, 0x20,
    0x0, 0x3, 0x86, 0x0, 0x3, 0x85, 0x0, 0x0,
    0x0, 0x0, 0x0, 0x0, 0x0, 0x0, 0x0, 0x6b,
    0xef, 0xfc, 0x70, 0x0, 0x4, 0xef, 0xff, 0xff,
    0xff, 0xd1, 0x2, 0xff, 0xfb, 0x76, 0x7e, 0xff,
    0xb0, 0x6, 0xf4, 0x0, 0x0, 0xd, 0xff, 0x20,
    0x1, 0x0, 0x0, 0x0, 0x6f, 0xf5, 0x0, 0x0,
    0x1, 0x11, 0x16, 0xff, 0x60, 0x7, 0xdf, 0xff,
    0xff, 0xff, 0xf7, 0xd, 0xff, 0xff, 0xff, 0xff,
    0xff, 0x77, 0xff, 0xb3, 0x0, 0x0, 0x7f, 0xf7,
    0xaf, 0xf1, 0x0, 0x0, 0xd, 0xff, 0x79, 0xff,
    0x30, 0x0, 0x3, 0xff, 0xf7, 0x5f, 0xfe, 0x74,
    0x49, 0xff, 0xff, 0x70, 0x9f, 0xff, 0xff, 0xff,
    0x6f, 0xf7, 0x0, 0x4b, 0xef, 0xe9, 0x11, 0xff,
    0x70,

    /* U+00E3 "ã" */
    0x0, 0xa, 0xee, 0x91, 0x8, 0xf2, 0x0, 0x9,
    0xfd, 0xef, 0xfb, 0xfd, 0x0, 0x0, 0xdd, 0x0,
    0x7e, 0xfc, 0x30, 0x0, 0x0, 0x0, 0x0, 0x0,
    0x0, 0x0, 0x0, 0x0, 0x0, 0x0, 0x0, 0x0,
    0x0, 0x0, 0x6b, 0xef, 0xfc, 0x70, 0x0, 0x4,
    0xef, 0xff, 0xff, 0xff, 0xd1, 0x2, 0xff, 0xfb,
    0x76, 0x7e, 0xff, 0xb0, 0x6, 0xf4, 0x0, 0x0,
    0xd, 0xff, 0x20, 0x1, 0x0, 0x0, 0x0, 0x6f,
    0xf5, 0x0, 0x0, 0x1, 0x11, 0x16, 0xff, 0x60,
    0x7, 0xdf, 0xff, 0xff, 0xff, 0xf7, 0xd, 0xff,
    0xff, 0xff, 0xff, 0xff, 0x77, 0xff, 0xb3, 0x0,
    0x0, 0x7f, 0xf7, 0xaf, 0xf1, 0x0, 0x0, 0xd,
    0xff, 0x79, 0xff, 0x30, 0x0, 0x3, 0xff, 0xf7,
    0x5f, 0xfe, 0x74, 0x49, 0xff, 0xff, 0x70, 0x9f,
    0xff, 0xff, 0xff, 0x6f, 0xf7, 0x0, 0x4b, 0xef,
    0xe9, 0x11, 0xff, 0x70,

    /* U+00E4 "ä" */
    0x0, 0x8f, 0xf9, 0x3, 0xff, 0xe0, 0x0, 0x8,
    0xff, 0x90, 0x3f, 0xfe, 0x0, 0x0, 0x8f, 0xf9,
    0x3, 0xff, 0xe0, 0x0, 0x2, 0x55, 0x30, 0x15,
    0x54, 0x0, 0x0, 0x0, 0x0, 0x0, 0x0, 0x0,
    0x0, 0x0, 0x6b, 0xef, 0xfc, 0x70, 0x0, 0x4,
    0xef, 0xff, 0xff, 0xff, 0xd1, 0x2, 0xff, 0xfb,
    0x76, 0x7e, 0xff, 0xb0, 0x6, 0xf4, 0x0, 0x0,
    0xd, 0xff, 0x20, 0x1, 0x0, 0x0, 0x0, 0x6f,
    0xf5, 0x0, 0x0, 0x1, 0x11, 0x16, 0xff, 0x60,
    0x7, 0xdf, 0xff, 0xff, 0xff, 0xf7, 0xd, 0xff,
    0xff, 0xff, 0xff, 0xff, 0x77, 0xff, 0xb3, 0x0,
    0x0, 0x7f, 0xf7, 0xaf, 0xf1, 0x0, 0x0, 0xd,
    0xff, 0x79, 0xff, 0x30, 0x0, 0x3, 0xff, 0xf7,
    0x5f, 0xfe, 0x74, 0x49, 0xff, 0xff, 0x70, 0x9f,
    0xff, 0xff, 0xff, 0x6f, 0xf7, 0x0, 0x4b, 0xef,
    0xe9, 0x11, 0xff, 0x70,

    /* U+00E5 "å" */
    0x0, 0x0, 0x1a, 0xfd, 0x40, 0x0, 0x0, 0x0,
    0xc, 0xf8, 0xcf, 0x30, 0x0, 0x0, 0x3, 0xf5,
    0x0, 0xe9, 0x0, 0x0, 0x0, 0x4f, 0x40, 0xe,
    0xa0, 0x0, 0x0, 0x0, 0xec, 0x37, 0xf5, 0x0,
    0x0, 0x0, 0x4, 0xff, 0xfa, 0x0, 0x0, 0x0,
    0x0, 0x1, 0x42, 0x0, 0x0, 0x0, 0x0, 0x6b,
    0xef, 0xfc, 0x70, 0x0, 0x4, 0xef, 0xff, 0xff,
    0xff, 0xd1, 0x2, 0xff, 0xfb, 0x76, 0x7e, 0xff,
    0xb0, 0x6, 0xf4, 0x0, 0x0, 0xd, 0xff, 0x20,
    0x1, 0x0, 0x0, 0x0, 0x6f, 0xf5, 0x0, 0x0,
    0x1, 0x11, 0x16, 0xff, 0x60, 0x7, 0xdf, 0xff,
    0xff, 0xff, 0xf7, 0xd, 0xff, 0xff, 0xff, 0xff,
    0xff, 0x77, 0xff, 0xb3, 0x0, 0x0, 0x7f, 0xf7,
    0xaf, 0xf1, 0x0, 0x0, 0xd, 0xff, 0x79, 0xff,
    0x30, 0x0, 0x3, 0xff, 0xf7, 0x5f, 0xfe, 0x74,
    0x49, 0xff, 0xff, 0x70, 0x9f, 0xff, 0xff, 0xff,
    0x6f, 0xf7, 0x0, 0x4b, 0xef, 0xe9, 0x11, 0xff,
    0x70,

    /* U+00E6 "æ" */
    0x0, 0x5, 0xae, 0xfe, 0xc7, 0x0, 0x6, 0xcf,
    0xfc, 0x70, 0x0, 0x2, 0xdf, 0xff, 0xff, 0xff,
    0xc0, 0xaf, 0xff, 0xff, 0xfe, 0x20, 0x1e, 0xff,
    0xd8, 0x68, 0xef, 0xfd, 0xff, 0x96, 0x7c, 0xff,
    0xd0, 0x4, 0xf7, 0x0, 0x0, 0xd, 0xff, 0xf3,
    0x0, 0x0, 0xaf, 0xf5, 0x0, 0x10, 0x0, 0x0,
    0x6, 0xff, 0x90, 0x0, 0x0, 0x1f, 0xfa, 0x0,
    0x0, 0x0, 0x0, 0x4, 0xff, 0x50, 0x0, 0x0,
    0xb, 0xfd, 0x0, 0x6b, 0xef, 0xff, 0xff, 0xff,
    0xff, 0xff, 0xff, 0xff, 0xfe, 0xc, 0xff, 0xff,
    0xff, 0xff, 0xff, 0xff, 0xff, 0xff, 0xff, 0xfd,
    0x7f, 0xfd, 0x41, 0x0, 0x5, 0xff, 0x50, 0x0,
    0x0, 0x0, 0x0, 0xaf, 0xf3, 0x0, 0x0, 0xb,
    0xff, 0xa0, 0x0, 0x0, 0x0, 0x0, 0xaf, 0xf5,
    0x0, 0x0, 0x7f, 0xef, 0xf5, 0x0, 0x0, 0x19,
    0x40, 0x5f, 0xff, 0xa8, 0x9d, 0xfe, 0x1c, 0xff,
    0xc8, 0x8a, 0xff, 0xf3, 0xa, 0xff, 0xff, 0xff,
    0xe3, 0x2, 0xef, 0xff, 0xff, 0xff, 0x90, 0x0,
    0x6c, 0xff, 0xd8, 0x10, 0x0, 0x18, 0xdf, 0xfd,
    0xa3, 0x0,

    /* U+00E7 "ç" */
    0x0, 0x2, 0x9d, 0xfe, 0xc5, 0x0, 0x0, 0x6,
    0xff, 0xff, 0xff, 0xfc, 0x10, 0x5, 0xff, 0xf9,
    0x67, 0xdf, 0xfb, 0x0, 0xef, 0xf3, 0x0, 0x0,
    0xbf, 0xf3, 0x5f, 0xf8, 0x0, 0x0, 0x1, 0xa4,
    0x9, 0xff, 0x30, 0x0, 0x0, 0x0, 0x0, 0xbf,
    0xf0, 0x0, 0x0, 0x0, 0x0, 0xb, 0xff, 0x0,
    0x0, 0x0, 0x0, 0x0, 0x9f, 0xf3, 0x0, 0x0,
    0x0, 0x0, 0x5, 0xff, 0x80, 0x0, 0x0, 0x1a,
    0x40, 0xe, 0xff, 0x30, 0x0, 0xb, 0xff, 0x30,
    0x5f, 0xff, 0xa6, 0x7d, 0xff, 0xb0, 0x0, 0x6f,
    0xff, 0xff, 0xff, 0xc0, 0x0, 0x0, 0x29, 0xdf,
    0xfc, 0x60, 0x0, 0x0, 0x0, 0x4, 0xf2, 0x0,
    0x0, 0x0, 0x0, 0x1, 0xef, 0xb3, 0x0, 0x0,
    0x0, 0x0, 0x3, 0x6d, 0xf2, 0x0, 0x0, 0x0,
    0x0, 0x0, 0x5f, 0x40, 0x0, 0x0, 0x0, 0xa9,
    0x6c, 0xf1, 0x0, 0x0, 0x0, 0x8, 0xef, 0xc4,
    0x0, 0x0,

    /* U+00E8 "è" */
    0x0, 0x9f, 0xf3, 0x0, 0x0, 0x0, 0x0, 0x0,
    0x9f, 0xe1, 0x0, 0x0, 0x0, 0x0, 0x0, 0x8f,
    0xc0, 0x0, 0x0, 0x0, 0x0, 0x0, 0x69, 0x40,
    0x0, 0x0, 0x0, 0x0, 0x0, 0x0, 0x0, 0x0,
    0x0, 0x0, 0x3a, 0xef, 0xeb, 0x50, 0x0, 0x0,
    0x7f, 0xff, 0xff, 0xff, 0xb0, 0x0, 0x5f, 0xfe,
    0x85, 0x6c, 0xff, 0xa0, 0xe, 0xfe, 0x10, 0x0,
    0xa, 0xff, 0x25, 0xff, 0x50, 0x0, 0x0, 0x1f,
    0xf8, 0x9f, 0xf1, 0x0, 0x0, 0x0, 0xdf, 0xbb,
    0xff, 0xff, 0xff, 0xff, 0xff, 0xfd, 0xbf, 0xff,
    0xff, 0xff, 0xff, 0xff, 0xd9, 0xff, 0x10, 0x0,
    0x0, 0x0, 0x0, 0x5f, 0xf6, 0x0, 0x0, 0x0,
    0x0, 0x0, 0xff, 0xe3, 0x0, 0x0, 0x1a, 0x30,
    0x6, 0xff, 0xfb, 0x87, 0xaf, 0xff, 0x20, 0x8,
    0xff, 0xff, 0xff, 0xff, 0x70, 0x0, 0x3, 0xae,
    0xfe, 0xd9, 0x20, 0x0,

    /* U+00E9 "é" */
    0x0, 0x0, 0x0, 0x0, 0xbf, 0xe2, 0x0, 0x0,
    0x0, 0x0, 0x9f, 0xd2, 0x0, 0x0, 0x0, 0x0,
    0x7f, 0xc1, 0x0, 0x0, 0x0, 0x0, 0x19, 0x80,
    0x0, 0x0, 0x0, 0x0, 0x0, 0x0, 0x0, 0x0,
    0x0, 0x0, 0x3a, 0xef, 0xeb, 0x50, 0x0, 0x0,
    0x7f, 0xff, 0xff, 0xff, 0xb0, 0x0, 0x5f, 0xfe,
    0x85, 0x6c, 0xff, 0xa0, 0xe, 0xfe, 0x10, 0x0,
    0xa, 0xff, 0x25, 0xff, 0x50, 0x0, 0x0, 0x1f,
    0xf8, 0x9f, 0xf1, 0x0, 0x0, 0x0, 0xdf, 0xbb,
    0xff, 0xff, 0xff, 0xff, 0xff, 0xfd, 0xbf, 0xff,
    0xff, 0xff, 0xff, 0xff, 0xd9, 0xff, 0x10, 0x0,
    0x0, 0x0, 0x0, 0x5f, 0xf6, 0x0, 0x0, 0x0,
    0x0, 0x0, 0xff, 0xe3, 0x0, 0x0, 0x1a, 0x30,
    0x6, 0xff, 0xfb, 0x87, 0xaf, 0xff, 0x20, 0x8,
    0xff, 0xff, 0xff, 0xff, 0x70, 0x0, 0x3, 0xae,
    0xfe, 0xd9, 0x20, 0x0,

    /* U+00EA "ê" */
    0x0, 0x0, 0x0, 0x0, 0x0, 0x0, 0x0, 0x0,
    0x0, 0x1d, 0x30, 0x0, 0x0, 0x0, 0x0, 0xc,
    0xff, 0x30, 0x0, 0x0, 0x0, 0xc, 0xf8, 0xee,
    0x20, 0x0, 0x0, 0xb, 0xf7, 0x3, 0xfe, 0x10,
    0x0, 0x3, 0x86, 0x0, 0x4, 0x85, 0x0, 0x0,
    0x0, 0x0, 0x0, 0x0, 0x0, 0x0, 0x0, 0x3a,
    0xef, 0xeb, 0x50, 0x0, 0x0, 0x7f, 0xff, 0xff,
    0xff, 0xb0, 0x0, 0x5f, 0xfe, 0x85, 0x6c, 0xff,
    0xa0, 0xe, 0xfe, 0x10, 0x0, 0xa, 0xff, 0x25,
    0xff, 0x50, 0x0, 0x0, 0x1f, 0xf8, 0x9f, 0xf1,
    0x0, 0x0, 0x0, 0xdf, 0xbb, 0xff, 0xff, 0xff,
    0xff, 0xff, 0xfd, 0xbf, 0xff, 0xff, 0xff, 0xff,
    0xff, 0xd9, 0xff, 0x10, 0x0, 0x0, 0x0, 0x0,
    0x5f, 0xf6, 0x0, 0x0, 0x0, 0x0, 0x0, 0xff,
    0xe3, 0x0, 0x0, 0x1a, 0x30, 0x6, 0xff, 0xfb,
    0x87, 0xaf, 0xff, 0x20, 0x8, 0xff, 0xff, 0xff,
    0xff, 0x70, 0x0, 0x3, 0xae, 0xfe, 0xd9, 0x20,
    0x0,

    /* U+00EB "ë" */
    0x0, 0x8f, 0xf9, 0x3, 0xff, 0xe0, 0x0, 0x8,
    0xff, 0x90, 0x3f, 0xfe, 0x0, 0x0, 0x8f, 0xf9,
    0x3, 0xff, 0xe0, 0x0, 0x2, 0x55, 0x20, 0x15,
    0x54, 0x0, 0x0, 0x0, 0x0, 0x0, 0x0, 0x0,
    0x0, 0x0, 0x3a, 0xef, 0xeb, 0x50, 0x0, 0x0,
    0x7f, 0xff, 0xff, 0xff, 0xb0, 0x0, 0x5f, 0xfe,
    0x85, 0x6c, 0xff, 0xa0, 0xe, 0xfe, 0x10, 0x0,
    0xa, 0xff, 0x25, 0xff, 0x50, 0x0, 0x0, 0x1f,
    0xf8, 0x9f, 0xf1, 0x0, 0x0, 0x0, 0xdf, 0xbb,
    0xff, 0xff, 0xff, 0xff, 0xff, 0xfd, 0xbf, 0xff,
    0xff, 0xff, 0xff, 0xff, 0xd9, 0xff, 0x10, 0x0,
    0x0, 0x0, 0x0, 0x5f, 0xf6, 0x0, 0x0, 0x0,
    0x0, 0x0, 0xff, 0xe3, 0x0, 0x0, 0x1a, 0x30,
    0x6, 0xff, 0xfb, 0x87, 0xaf, 0xff, 0x20, 0x8,
    0xff, 0xff, 0xff, 0xff, 0x70, 0x0, 0x3, 0xae,
    0xfe, 0xd9, 0x20, 0x0,

    /* U+00EC "ì" */
    0x2d, 0xfb, 0x0, 0x0, 0x1d, 0xf9, 0x0, 0x0,
    0x1c, 0xf7, 0x0, 0x0, 0x6, 0x70, 0x0, 0x0,
    0x0, 0x0, 0x0, 0x2f, 0xfa, 0x0, 0x2, 0xff,
    0xa0, 0x0, 0x2f, 0xfa, 0x0, 0x2, 0xff, 0xa0,
    0x0, 0x2f, 0xfa, 0x0, 0x2, 0xff, 0xa0, 0x0,
    0x2f, 0xfa, 0x0, 0x2, 0xff, 0xa0, 0x0, 0x2f,
    0xfa, 0x0, 0x2, 0xff, 0xa0, 0x0, 0x2f, 0xfa,
    0x0, 0x2, 0xff, 0xa0, 0x0, 0x2f, 0xfa, 0x0,
    0x2, 0xff, 0xa0,

    /* U+00ED "í" */
    0x0, 0x3, 0xff, 0xa0, 0x0, 0x2e, 0xf8, 0x0,
    0x1, 0xdf, 0x50, 0x0, 0x4, 0x73, 0x0, 0x0,
    0x0, 0x0, 0x0, 0x0, 0x2f, 0xfa, 0x0, 0x0,
    0x2f, 0xfa, 0x0, 0x0, 0x2f, 0xfa, 0x0, 0x0,
    0x2f, 0xfa, 0x0, 0x0, 0x2f, 0xfa, 0x0, 0x0,
    0x2f, 0xfa, 0x0, 0x0, 0x2f, 0xfa, 0x0, 0x0,
    0x2f, 0xfa, 0x0, 0x0, 0x2f, 0xfa, 0x0, 0x0,
    0x2f, 0xfa, 0x0, 0x0, 0x2f, 0xfa, 0x0, 0x0,
    0x2f, 0xfa, 0x0, 0x0, 0x2f, 0xfa, 0x0, 0x0,
    0x2f, 0xfa, 0x0, 0x0,

    /* U+00EE "î" */
    0x0, 0x0, 0x4, 0x0, 0x0, 0x0, 0x0, 0xcf,
    0x40, 0x0, 0x0, 0xb, 0xfe, 0xf3, 0x0, 0x0,
    0xaf, 0x82, 0xef, 0x30, 0x9, 0xfa, 0x0, 0x3f,
    0xe2, 0x0, 0x0, 0x0, 0x0, 0x0, 0x0, 0x2,
    0xff, 0xa0, 0x0, 0x0, 0x2, 0xff, 0xa0, 0x0,
    0x0, 0x2, 0xff, 0xa0, 0x0, 0x0, 0x2, 0xff,
    0xa0, 0x0, 0x0, 0x2, 0xff, 0xa0, 0x0, 0x0,
    0x2, 0xff, 0xa0, 0x0, 0x0, 0x2, 0xff, 0xa0,
    0x0, 0x0, 0x2, 0xff, 0xa0, 0x0, 0x0, 0x2,
    0xff, 0xa0, 0x0, 0x0, 0x2, 0xff, 0xa0, 0x0,
    0x0, 0x2, 0xff, 0xa0, 0x0, 0x0, 0x2, 0xff,
    0xa0, 0x0, 0x0, 0x2, 0xff, 0xa0, 0x0, 0x0,
    0x2, 0xff, 0xa0, 0x0,

    /* U+00EF "ï" */
    0xff, 0xf2, 0xa, 0xff, 0x7f, 0xff, 0x20, 0xaf,
    0xf7, 0xff, 0xf2, 0xa, 0xff, 0x74, 0x55, 0x0,
    0x35, 0x52, 0x0, 0x0, 0x0, 0x0, 0x0, 0x2,
    0xff, 0xa0, 0x0, 0x0, 0x2f, 0xfa, 0x0, 0x0,
    0x2, 0xff, 0xa0, 0x0, 0x0, 0x2f, 0xfa, 0x0,
    0x0, 0x2, 0xff, 0xa0, 0x0, 0x0, 0x2f, 0xfa,
    0x0, 0x0, 0x2, 0xff, 0xa0, 0x0, 0x0, 0x2f,
    0xfa, 0x0, 0x0, 0x2, 0xff, 0xa0, 0x0, 0x0,
    0x2f, 0xfa, 0x0, 0x0, 0x2, 0xff, 0xa0, 0x0,
    0x0, 0x2f, 0xfa, 0x0, 0x0, 0x2, 0xff, 0xa0,
    0x0, 0x0, 0x2f, 0xfa, 0x0, 0x0,

    /* U+00F0 "ð" */
    0x0, 0x0, 0xa, 0xba, 0x72, 0x0, 0x0, 0x0,
    0x0, 0x0, 0xe, 0xff, 0xff, 0xc3, 0x0, 0x22,
    0x0, 0x0, 0x0, 0x13, 0x8e, 0xff, 0xed, 0xf8,
    0x0, 0x0, 0x0, 0x0, 0x4a, 0xff, 0xfb, 0x20,
    0x0, 0x0, 0x0, 0xbf, 0xea, 0x5d, 0xfe, 0x0,
    0x0, 0x0, 0x0, 0x73, 0x0, 0x2, 0xff, 0x40,
    0x0, 0x0, 0x0, 0x0, 0x0, 0x0, 0xcf, 0x90,
    0x0, 0x0, 0x17, 0xce, 0xfc, 0x50, 0x8f, 0xc0,
    0x0, 0x5, 0xff, 0xff, 0xff, 0xf8, 0x6f, 0xe0,
    0x0, 0x6f, 0xff, 0xa6, 0x46, 0xcf, 0x9f, 0xf0,
    0x2, 0xff, 0xd2, 0x0, 0x0, 0xb, 0xff, 0xf0,
    0xb, 0xff, 0x20, 0x0, 0x0, 0x2, 0xff, 0xf0,
    0xf, 0xfa, 0x0, 0x0, 0x0, 0x0, 0xdf, 0xd0,
    0x4f, 0xf5, 0x0, 0x0, 0x0, 0x0, 0xcf, 0xa0,
    0x5f, 0xf3, 0x0, 0x0, 0x0, 0x0, 0xef, 0x70,
    0x4f, 0xf4, 0x0, 0x0, 0x0, 0x4, 0xff, 0x20,
    0x2f, 0xf9, 0x0, 0x0, 0x0, 0xd, 0xfc, 0x0,
    0xc, 0xff, 0x40, 0x0, 0x1, 0xbf, 0xf3, 0x0,
    0x4, 0xff, 0xfa, 0x66, 0x9f, 0xff, 0x70, 0x0,
    0x0, 0x6f, 0xff, 0xff, 0xff, 0xf7, 0x0, 0x0,
    0x0, 0x2, 0x9d, 0xff, 0xd8, 0x20, 0x0, 0x0,

    /* U+00F1 "ñ" */
    0x0, 0x1a, 0xfe, 0x80, 0xa, 0xf0, 0x0, 0xa,
    0xfc, 0xef, 0xeb, 0xfc, 0x0, 0x0, 0xfb, 0x0,
    0x8e, 0xfb, 0x20, 0x0, 0x0, 0x0, 0x0, 0x0,
    0x0, 0x0, 0x0, 0x0, 0x0, 0x0, 0x0, 0x0,
    0x1, 0xff, 0xa0, 0x7d, 0xff, 0xc5, 0x0, 0x1f,
    0xfb, 0xbf, 0xff, 0xff, 0xf8, 0x1, 0xff, 0xff,
    0xb7, 0x7b, 0xff, 0xf2, 0x1f, 0xff, 0x90, 0x0,
    0xa, 0xff, 0x81, 0xff, 0xf1, 0x0, 0x0, 0x3f,
    0xfa, 0x1f, 0xfd, 0x0, 0x0, 0x1, 0xff, 0xb1,
    0xff, 0xb0, 0x0, 0x0, 0xf, 0xfb, 0x1f, 0xfa,
    0x0, 0x0, 0x0, 0xff, 0xb1, 0xff, 0xa0, 0x0,
    0x0, 0xf, 0xfb, 0x1f, 0xfa, 0x0, 0x0, 0x0,
    0xff, 0xb1, 0xff, 0xa0, 0x0, 0x0, 0xf, 0xfb,
    0x1f, 0xfa, 0x0, 0x0, 0x0, 0xff, 0xb1, 0xff,
    0xa0, 0x0, 0x0, 0xf, 0xfb, 0x1f, 0xfa, 0x0,
    0x0, 0x0, 0xff, 0xb0,

    /* U+00F2 "ò" */
    0x0, 0x4f, 0xf8, 0x0, 0x0, 0x0, 0x0, 0x0,
    0x3, 0xff, 0x50, 0x0, 0x0, 0x0, 0x0, 0x0,
    0x3e, 0xf3, 0x0, 0x0, 0x0, 0x0, 0x0, 0x2,
    0x98, 0x0, 0x0, 0x0, 0x0, 0x0, 0x0, 0x0,
    0x0, 0x0, 0x0, 0x0, 0x1, 0x7c, 0xef, 0xd8,
    0x10, 0x0, 0x0, 0x4e, 0xff, 0xff, 0xff, 0xf5,
    0x0, 0x3, 0xff, 0xfb, 0x77, 0xaf, 0xff, 0x40,
    0xd, 0xff, 0x50, 0x0, 0x3, 0xff, 0xe0, 0x4f,
    0xf8, 0x0, 0x0, 0x0, 0x7f, 0xf6, 0x9f, 0xf3,
    0x0, 0x0, 0x0, 0x1f, 0xfa, 0xaf, 0xf0, 0x0,
    0x0, 0x0, 0xf, 0xfc, 0xaf, 0xf0, 0x0, 0x0,
    0x0, 0xf, 0xfc, 0x8f, 0xf3, 0x0, 0x0, 0x0,
    0x1f, 0xfa, 0x4f, 0xf9, 0x0, 0x0, 0x0, 0x7f,
    0xf6, 0xd, 0xff, 0x50, 0x0, 0x4, 0xff, 0xe0,
    0x3, 0xff, 0xfb, 0x77, 0xbf, 0xff, 0x40, 0x0,
    0x4e, 0xff, 0xff, 0xff, 0xf5, 0x0, 0x0, 0x1,
    0x7c, 0xef, 0xd8, 0x10, 0x0,

    /* U+00F3 "ó" */
    0x0, 0x0, 0x0, 0x0, 0x5f, 0xf7, 0x0, 0x0,
    0x0, 0x0, 0x3, 0xff, 0x60, 0x0, 0x0, 0x0,
    0x0, 0x1e, 0xf5, 0x0, 0x0, 0x0, 0x0, 0x0,
    0x69, 0x40, 0x0, 0x0, 0x0, 0x0, 0x0, 0x0,
    0x0, 0x0, 0x0, 0x0, 0x1, 0x7c, 0xef, 0xd8,
    0x10, 0x0, 0x0, 0x4e, 0xff, 0xff, 0xff, 0xf5,
    0x0, 0x3, 0xff, 0xfb, 0x77, 0xaf, 0xff, 0x40,
    0xd, 0xff, 0x50, 0x0, 0x3, 0xff, 0xe0, 0x4f,
    0xf8, 0x0, 0x0, 0x0, 0x7f, 0xf6, 0x9f, 0xf3,
    0x0, 0x0, 0x0, 0x1f, 0xfa, 0xaf, 0xf0, 0x0,
    0x0, 0x0, 0xf, 0xfc, 0xaf, 0xf0, 0x0, 0x0,
    0x0, 0xf, 0xfc, 0x8f, 0xf3, 0x0, 0x0, 0x0,
    0x1f, 0xfa, 0x4f, 0xf9, 0x0, 0x0, 0x0, 0x7f,
    0xf6, 0xd, 0xff, 0x50, 0x0, 0x4, 0xff, 0xe0,
    0x3, 0xff, 0xfb, 0x77, 0xbf, 0xff, 0x40, 0x0,
    0x4e, 0xff, 0xff, 0xff, 0xf5, 0x0, 0x0, 0x1,
    0x7c, 0xef, 0xd8, 0x10, 0x0,

    /* U+00F4 "ô" */
    0x0, 0x0, 0x0, 0x0, 0x0, 0x0, 0x0, 0x0,
    0x0, 0x0, 0x8a, 0x0, 0x0, 0x0, 0x0, 0x0,
    0x7, 0xff, 0x90, 0x0, 0x0, 0x0, 0x0, 0x5f,
    0xca, 0xf7, 0x0, 0x0, 0x0, 0x4, 0xfd, 0x10,
    0xbf, 0x60, 0x0, 0x0, 0x7, 0x81, 0x0, 0x7,
    0x71, 0x0, 0x0, 0x0, 0x0, 0x0, 0x0, 0x0,
    0x0, 0x0, 0x1, 0x7c, 0xef, 0xd8, 0x10, 0x0,
    0x0, 0x4e, 0xff, 0xff, 0xff, 0xf5, 0x0, 0x3,
    0xff, 0xfb, 0x77, 0xaf, 0xff, 0x40, 0xd, 0xff,
    0x50, 0x0, 0x3, 0xff, 0xe0, 0x4f, 0xf8, 0x0,
    0x0, 0x0, 0x7f, 0xf6, 0x9f, 0xf3, 0x0, 0x0,
    0x0, 0x1f, 0xfa, 0xaf, 0xf0, 0x0, 0x0, 0x0,
    0xf, 0xfc, 0xaf, 0xf0, 0x0, 0x0, 0x0, 0xf,
    0xfc, 0x8f, 0xf3, 0x0, 0x0, 0x0, 0x1f, 0xfa,
    0x4f, 0xf9, 0x0, 0x0, 0x0, 0x7f, 0xf6, 0xd,
    0xff, 0x50, 0x0, 0x4, 0xff, 0xe0, 0x3, 0xff,
    0xfb, 0x77, 0xbf, 0xff, 0x40, 0x0, 0x4e, 0xff,
    0xff, 0xff, 0xf5, 0x0, 0x0, 0x1, 0x7c, 0xef,
    0xd8, 0x10, 0x0,

    /* U+00F5 "õ" */
    0x0, 0x5, 0xdf, 0xc4, 0x2, 0xf8, 0x0, 0x0,
    0x3f, 0xed, 0xff, 0xce, 0xf4, 0x0, 0x0, 0x7f,
    0x30, 0x4c, 0xfe, 0x70, 0x0, 0x0, 0x0, 0x0,
    0x0, 0x0, 0x0, 0x0, 0x0, 0x0, 0x0, 0x0,
    0x0, 0x0, 0x0, 0x0, 0x1, 0x7c, 0xef, 0xd8,
    0x10, 0x0, 0x0, 0x4e, 0xff, 0xff, 0xff, 0xf5,
    0x0, 0x3, 0xff, 0xfb, 0x77, 0xaf, 0xff, 0x40,
    0xd, 0xff, 0x50, 0x0, 0x3, 0xff, 0xe0, 0x4f,
    0xf8, 0x0, 0x0, 0x0, 0x7f, 0xf6, 0x9f, 0xf3,
    0x0, 0x0, 0x0, 0x1f, 0xfa, 0xaf, 0xf0, 0x0,
    0x0, 0x0, 0xf, 0xfc, 0xaf, 0xf0, 0x0, 0x0,
    0x0, 0xf, 0xfc, 0x8f, 0xf3, 0x0, 0x0, 0x0,
    0x1f, 0xfa, 0x4f, 0xf9, 0x0, 0x0, 0x0, 0x7f,
    0xf6, 0xd, 0xff, 0x50, 0x0, 0x4, 0xff, 0xe0,
    0x3, 0xff, 0xfb, 0x77, 0xbf, 0xff, 0x40, 0x0,
    0x4e, 0xff, 0xff, 0xff, 0xf5, 0x0, 0x0, 0x1,
    0x7c, 0xef, 0xd8, 0x10, 0x0,

    /* U+00F6 "ö" */
    0x0, 0x2f, 0xff, 0x0, 0xdf, 0xf4, 0x0, 0x0,
    0x2f, 0xff, 0x0, 0xdf, 0xf4, 0x0, 0x0, 0x2f,
    0xff, 0x0, 0xdf, 0xf4, 0x0, 0x0, 0x5, 0x54,
    0x0, 0x45, 0x51, 0x0, 0x0, 0x0, 0x0, 0x0,
    0x0, 0x0, 0x0, 0x0, 0x1, 0x7c, 0xef, 0xd8,
    0x10, 0x0, 0x0, 0x4e, 0xff, 0xff, 0xff, 0xf5,
    0x0, 0x3, 0xff, 0xfb, 0x77, 0xaf, 0xff, 0x40,
    0xd, 0xff, 0x50, 0x0, 0x3, 0xff, 0xe0, 0x4f,
    0xf8, 0x0, 0x0, 0x0, 0x7f, 0xf6, 0x9f, 0xf3,
    0x0, 0x0, 0x0, 0x1f, 0xfa, 0xaf, 0xf0, 0x0,
    0x0, 0x0, 0xf, 0xfc, 0xaf, 0xf0, 0x0, 0x0,
    0x0, 0xf, 0xfc, 0x8f, 0xf3, 0x0, 0x0, 0x0,
    0x1f, 0xfa, 0x4f, 0xf9, 0x0, 0x0, 0x0, 0x7f,
    0xf6, 0xd, 0xff, 0x50, 0x0, 0x4, 0xff, 0xe0,
    0x3, 0xff, 0xfb, 0x77, 0xbf, 0xff, 0x40, 0x0,
    0x4e, 0xff, 0xff, 0xff, 0xf5, 0x0, 0x0, 0x1,
    0x7c, 0xef, 0xd8, 0x10, 0x0,

    /* U+00F7 "÷" */
    0x0, 0x0, 0x4, 0x66, 0x20, 0x0, 0x0, 0x0,
    0x0, 0xcf, 0xf7, 0x0, 0x0, 0x0, 0x0, 0xc,
    0xff, 0x70, 0x0, 0x0, 0x0, 0x0, 0xcf, 0xf7,
    0x0, 0x0, 0x0, 0x0, 0x0, 0x0, 0x0, 0x0,
    0x0, 0x22, 0x22, 0x22, 0x22, 0x22, 0x22, 0x4f,
    0xff, 0xff, 0xff, 0xff, 0xff, 0xf4, 0xff, 0xff,
    0xff, 0xff, 0xff, 0xff, 0x0, 0x0, 0x0, 0x0,
    0x0, 0x0, 0x0, 0x0, 0x0, 0x56, 0x62, 0x0,
    0x0, 0x0, 0x0, 0xc, 0xff, 0x70, 0x0, 0x0,
    0x0, 0x0, 0xcf, 0xf7, 0x0, 0x0, 0x0, 0x0,
    0xc, 0xff, 0x70, 0x0, 0x0,

    /* U+00F8 "ø" */
    0x0, 0x0, 0x0, 0x0, 0x0, 0x6, 0x40, 0x0,
    0x0, 0x0, 0x0, 0x0, 0x3f, 0x20, 0x0, 0x1,
    0x7c, 0xef, 0xd8, 0xf8, 0x0, 0x0, 0x4e, 0xff,
    0xff, 0xff, 0xf6, 0x0, 0x3, 0xff, 0xfb, 0x77,
    0xcf, 0xff, 0x40, 0xd, 0xff, 0x50, 0x0, 0xaf,
    0xff, 0xe0, 0x4f, 0xf8, 0x0, 0x4, 0xf2, 0x7f,
    0xf6, 0x9f, 0xf3, 0x0, 0xd, 0x70, 0x1f, 0xfa,
    0xaf, 0xf0, 0x0, 0x7d, 0x0, 0xf, 0xfc, 0xaf,
    0xf0, 0x2, 0xf4, 0x0, 0xf, 0xfc, 0x8f, 0xf3,
    0xb, 0xa0, 0x0, 0x1f, 0xfa, 0x4f, 0xf9, 0x4f,
    0x10, 0x0, 0x7f, 0xf6, 0xd, 0xff, 0xf7, 0x0,
    0x4, 0xff, 0xe0, 0x3, 0xff, 0xfb, 0x77, 0xbf,
    0xff, 0x40, 0x0, 0x6f, 0xff, 0xff, 0xff, 0xf5,
    0x0, 0x0, 0xbb, 0x7c, 0xef, 0xd8, 0x10, 0x0,
    0x5, 0xe1, 0x0, 0x0, 0x0, 0x0, 0x0,

    /* U+00F9 "ù" */
    0x0, 0xaf, 0xf2, 0x0, 0x0, 0x0, 0x0, 0x0,
    0x8f, 0xe1, 0x0, 0x0, 0x0, 0x0, 0x0, 0x7f,
    0xc0, 0x0, 0x0, 0x0, 0x0, 0x0, 0x47, 0x30,
    0x0, 0x0, 0x0, 0x0, 0x0, 0x0, 0x0, 0x0,
    0x4, 0xff, 0x70, 0x0, 0x0, 0x3f, 0xf8, 0x4f,
    0xf7, 0x0, 0x0, 0x3, 0xff, 0x84, 0xff, 0x70,
    0x0, 0x0, 0x3f, 0xf8, 0x4f, 0xf7, 0x0, 0x0,
    0x3, 0xff, 0x84, 0xff, 0x70, 0x0, 0x0, 0x3f,
    0xf8, 0x4f, 0xf7, 0x0, 0x0, 0x3, 0xff, 0x84,
    0xff, 0x70, 0x0, 0x0, 0x3f, 0xf8, 0x4f, 0xf7,
    0x0, 0x0, 0x4, 0xff, 0x84, 0xff, 0x80, 0x0,
    0x0, 0x6f, 0xf8, 0x3f, 0xfb, 0x0, 0x0, 0xa,
    0xff, 0x80, 0xff, 0xf2, 0x0, 0x3, 0xff, 0xf8,
    0xa, 0xff, 0xe8, 0x69, 0xff, 0xff, 0x80, 0x1e,
    0xff, 0xff, 0xff, 0x8f, 0xf8, 0x0, 0x19, 0xdf,
    0xea, 0x23, 0xff, 0x80,

    /* U+00FA "ú" */
    0x0, 0x0, 0x0, 0x0, 0xcf, 0xd2, 0x0, 0x0,
    0x0, 0x0, 0xaf, 0xc1, 0x0, 0x0, 0x0, 0x0,
    0x9f, 0xa0, 0x0, 0x0, 0x0, 0x0, 0x17, 0x60,
    0x0, 0x0, 0x0, 0x0, 0x0, 0x0, 0x0, 0x0,
    0x4, 0xff, 0x70, 0x0, 0x0, 0x3f, 0xf8, 0x4f,
    0xf7, 0x0, 0x0, 0x3, 0xff, 0x84, 0xff, 0x70,
    0x0, 0x0, 0x3f, 0xf8, 0x4f, 0xf7, 0x0, 0x0,
    0x3, 0xff, 0x84, 0xff, 0x70, 0x0, 0x0, 0x3f,
    0xf8, 0x4f, 0xf7, 0x0, 0x0, 0x3, 0xff, 0x84,
    0xff, 0x70, 0x0, 0x0, 0x3f, 0xf8, 0x4f, 0xf7,
    0x0, 0x0, 0x4, 0xff, 0x84, 0xff, 0x80, 0x0,
    0x0, 0x6f, 0xf8, 0x3f, 0xfb, 0x0, 0x0, 0xa,
    0xff, 0x80, 0xff, 0xf2, 0x0, 0x3, 0xff, 0xf8,
    0xa, 0xff, 0xe8, 0x69, 0xff, 0xff, 0x80, 0x1e,
    0xff, 0xff, 0xff, 0x8f, 0xf8, 0x0, 0x19, 0xdf,
    0xea, 0x23, 0xff, 0x80,

    /* U+00FB "û" */
    0x0, 0x0, 0x0, 0x0, 0x0, 0x0, 0x0, 0x0,
    0x0, 0x1d, 0x30, 0x0, 0x0, 0x0, 0x0, 0x1d,
    0xfe, 0x20, 0x0, 0x0, 0x0, 0xc, 0xf7, 0xfe,
    0x20, 0x0, 0x0, 0xb, 0xf7, 0x3, 0xfd, 0x10,
    0x0, 0x3, 0x86, 0x0, 0x4, 0x85, 0x0, 0x0,
    0x0, 0x0, 0x0, 0x0, 0x0, 0x4, 0xff, 0x70,
    0x0, 0x0, 0x3f, 0xf8, 0x4f, 0xf7, 0x0, 0x0,
    0x3, 0xff, 0x84, 0xff, 0x70, 0x0, 0x0, 0x3f,
    0xf8, 0x4f, 0xf7, 0x0, 0x0, 0x3, 0xff, 0x84,
    0xff, 0x70, 0x0, 0x0, 0x3f, 0xf8, 0x4f, 0xf7,
    0x0, 0x0, 0x3, 0xff, 0x84, 0xff, 0x70, 0x0,
    0x0, 0x3f, 0xf8, 0x4f, 0xf7, 0x0, 0x0, 0x4,
    0xff, 0x84, 0xff, 0x80, 0x0, 0x0, 0x6f, 0xf8,
    0x3f, 0xfb, 0x0, 0x0, 0xa, 0xff, 0x80, 0xff,
    0xf2, 0x0, 0x3, 0xff, 0xf8, 0xa, 0xff, 0xe8,
    0x69, 0xff, 0xff, 0x80, 0x1e, 0xff, 0xff, 0xff,
    0x8f, 0xf8, 0x0, 0x19, 0xdf, 0xea, 0x23, 0xff,
    0x80,

    /* U+00FC "ü" */
    0x0, 0x9f, 0xf8, 0x4, 0xff, 0xd0, 0x0, 0x9,
    0xff, 0x80, 0x4f, 0xfd, 0x0, 0x0, 0x9f, 0xf8,
    0x4, 0xff, 0xd0, 0x0, 0x2, 0x55, 0x20, 0x15,
    0x54, 0x0, 0x0, 0x0, 0x0, 0x0, 0x0, 0x0,
    0x4, 0xff, 0x70, 0x0, 0x0, 0x3f, 0xf8, 0x4f,
    0xf7, 0x0, 0x0, 0x3, 0xff, 0x84, 0xff, 0x70,
    0x0, 0x0, 0x3f, 0xf8, 0x4f, 0xf7, 0x0, 0x0,
    0x3, 0xff, 0x84, 0xff, 0x70, 0x0, 0x0, 0x3f,
    0xf8, 0x4f, 0xf7, 0x0, 0x0, 0x3, 0xff, 0x84,
    0xff, 0x70, 0x0, 0x0, 0x3f, 0xf8, 0x4f, 0xf7,
    0x0, 0x0, 0x4, 0xff, 0x84, 0xff, 0x80, 0x0,
    0x0, 0x6f, 0xf8, 0x3f, 0xfb, 0x0, 0x0, 0xa,
    0xff, 0x80, 0xff, 0xf2, 0x0, 0x3, 0xff, 0xf8,
    0xa, 0xff, 0xe8, 0x69, 0xff, 0xff, 0x80, 0x1e,
    0xff, 0xff, 0xff, 0x8f, 0xf8, 0x0, 0x19, 0xdf,
    0xea, 0x23, 0xff, 0x80,

    /* U+00FD "ý" */
    0x0, 0x0, 0x0, 0x0, 0x2e, 0xfb, 0x0, 0x0,
    0x0, 0x0, 0x0, 0x1d, 0xf9, 0x0, 0x0, 0x0,
    0x0, 0x0, 0xc, 0xf7, 0x0, 0x0, 0x0, 0x0,
    0x0, 0x3, 0x74, 0x0, 0x0, 0x0, 0x0, 0x0,
    0x0, 0x0, 0x0, 0x0, 0x0, 0x3, 0xff, 0xc0,
    0x0, 0x0, 0x1, 0xff, 0xe0, 0xd, 0xff, 0x10,
    0x0, 0x0, 0x6f, 0xf8, 0x0, 0x7f, 0xf7, 0x0,
    0x0, 0xc, 0xff, 0x20, 0x1, 0xff, 0xd0, 0x0,
    0x2, 0xff, 0xb0, 0x0, 0xa, 0xff, 0x30, 0x0,
    0x7f, 0xf5, 0x0, 0x0, 0x3f, 0xf8, 0x0, 0xd,
    0xfe, 0x0, 0x0, 0x0, 0xdf, 0xe0, 0x3, 0xff,
    0x80, 0x0, 0x0, 0x7, 0xff, 0x40, 0x9f, 0xf2,
    0x0, 0x0, 0x0, 0x1f, 0xf9, 0xe, 0xfb, 0x0,
    0x0, 0x0, 0x0, 0xaf, 0xf5, 0xff, 0x50, 0x0,
    0x0, 0x0, 0x4, 0xff, 0xef, 0xe0, 0x0, 0x0,
    0x0, 0x0, 0xd, 0xff, 0xf8, 0x0, 0x0, 0x0,
    0x0, 0x0, 0x7f, 0xff, 0x20, 0x0, 0x0, 0x0,
    0x0, 0x3, 0xff, 0xc0, 0x0, 0x0, 0x0, 0x0,
    0x0, 0x9f, 0xf5, 0x0, 0x0, 0x0, 0x0, 0x0,
    0xf, 0xfe, 0x0, 0x0, 0x0, 0x0, 0x0, 0x6,
    0xff, 0x90, 0x0, 0x0, 0x0, 0x0, 0x0, 0xcf,
    0xf2, 0x0, 0x0, 0x0, 0x0, 0x0, 0x3f, 0xfc,
    0x0, 0x0, 0x0, 0x0, 0x0, 0x9, 0xff, 0x60,
    0x0, 0x0, 0x0, 0x0,

    /* U+00FE "þ" */
    0x3f, 0xf8, 0x0, 0x0, 0x0, 0x0, 0x0, 0x3f,
    0xf8, 0x0, 0x0, 0x0, 0x0, 0x0, 0x3f, 0xf8,
    0x0, 0x0, 0x0, 0x0, 0x0, 0x3f, 0xf8, 0x0,
    0x0, 0x0, 0x0, 0x0, 0x3f, 0xf8, 0x0, 0x0,
    0x0, 0x0, 0x0, 0x3f, 0xf8, 0x6, 0xcf, 0xec,
    0x50, 0x0, 0x3f, 0xf8, 0xbf, 0xff, 0xff, 0xfa,
    0x0, 0x3f, 0xff, 0xfd, 0x87, 0x9f, 0xff, 0x70,
    0x3f, 0xff, 0x80, 0x0, 0x2, 0xef, 0xf1, 0x3f,
    0xfd, 0x0, 0x0, 0x0, 0x7f, 0xf5, 0x3f, 0xf7,
    0x0, 0x0, 0x0, 0x2f, 0xf9, 0x3f, 0xf4, 0x0,
    0x0, 0x0, 0xf, 0xfa, 0x3f, 0xf4, 0x0, 0x0,
    0x0, 0xf, 0xfa, 0x3f, 0xf7, 0x0, 0x0, 0x0,
    0x2f, 0xf9, 0x3f, 0xfd, 0x0, 0x0, 0x0, 0x7f,
    0xf5, 0x3f, 0xff, 0x80, 0x0, 0x2, 0xff, 0xf1,
    0x3f, 0xff, 0xfc, 0x76, 0x9f, 0xff, 0x70, 0x3f,
    0xf8, 0xbf, 0xff, 0xff, 0xfa, 0x0, 0x3f, 0xf8,
    0x5, 0xcf, 0xfc, 0x50, 0x0, 0x3f, 0xf8, 0x0,
    0x0, 0x0, 0x0, 0x0, 0x3f, 0xf8, 0x0, 0x0,
    0x0, 0x0, 0x0, 0x3f, 0xf8, 0x0, 0x0, 0x0,
    0x0, 0x0, 0x3f, 0xf8, 0x0, 0x0, 0x0, 0x0,
    0x0, 0x3f, 0xf8, 0x0, 0x0, 0x0, 0x0, 0x0,
    0x3f, 0xf8, 0x0, 0x0, 0x0, 0x0, 0x0,

    /* U+00FF "ÿ" */
    0x0, 0xd, 0xff, 0x40, 0x8f, 0xf9, 0x0, 0x0,
    0x0, 0xdf, 0xf4, 0x8, 0xff, 0x90, 0x0, 0x0,
    0xd, 0xff, 0x40, 0x8f, 0xf9, 0x0, 0x0, 0x0,
    0x45, 0x51, 0x2, 0x55, 0x20, 0x0, 0x0, 0x0,
    0x0, 0x0, 0x0, 0x0, 0x0, 0x3, 0xff, 0xc0,
    0x0, 0x0, 0x1, 0xff, 0xe0, 0xd, 0xff, 0x10,
    0x0, 0x0, 0x6f, 0xf8, 0x0, 0x7f, 0xf7, 0x0,
    0x0, 0xc, 0xff, 0x20, 0x1, 0xff, 0xd0, 0x0,
    0x2, 0xff, 0xb0, 0x0, 0xa, 0xff, 0x30, 0x0,
    0x7f, 0xf5, 0x0, 0x0, 0x3f, 0xf8, 0x0, 0xd,
    0xfe, 0x0, 0x0, 0x0, 0xdf, 0xe0, 0x3, 0xff,
    0x80, 0x0, 0x0, 0x7, 0xff, 0x40, 0x9f, 0xf2,
    0x0, 0x0, 0x0, 0x1f, 0xf9, 0xe, 0xfb, 0x0,
    0x0, 0x0, 0x0, 0xaf, 0xf5, 0xff, 0x50, 0x0,
    0x0, 0x0, 0x4, 0xff, 0xef, 0xe0, 0x0, 0x0,
    0x0, 0x0, 0xd, 0xff, 0xf8, 0x0, 0x0, 0x0,
    0x0, 0x0, 0x7f, 0xff, 0x20, 0x0, 0x0, 0x0,
    0x0, 0x3, 0xff, 0xc0, 0x0, 0x0, 0x0, 0x0,
    0x0, 0x9f, 0xf5, 0x0, 0x0, 0x0, 0x0, 0x0,
    0xf, 0xfe, 0x0, 0x0, 0x0, 0x0, 0x0, 0x6,
    0xff, 0x90, 0x0, 0x0, 0x0, 0x0, 0x0, 0xcf,
    0xf2, 0x0, 0x0, 0x0, 0x0, 0x0, 0x3f, 0xfc,
    0x0, 0x0, 0x0, 0x0, 0x0, 0x9, 0xff, 0x60,
    0x0, 0x0, 0x0, 0x0,

    /* U+0100 "Ā" */
    0x0, 0x0, 0x7, 0xaa, 0xaa, 0xaa, 0x90, 0x0,
    0x0, 0x0, 0x0, 0xb, 0xff, 0xff, 0xff, 0xe0,
    0x0, 0x0, 0x0, 0x0, 0x0, 0x0, 0x0, 0x0,
    0x0, 0x0, 0x0, 0x0, 0x0, 0x0, 0x0, 0x0,
    0x0, 0x0, 0x0, 0x0, 0x0, 0x0, 0x0, 0x0,
    0x0, 0x0, 0x0, 0x0, 0x0, 0x0, 0x0, 0x0,
    0x3, 0xff, 0x60, 0x0, 0x0, 0x0, 0x0, 0x0,
    0x0, 0x9, 0xff, 0xc0, 0x0, 0x0, 0x0, 0x0,
    0x0, 0x0, 0xf, 0xff, 0xf2, 0x0, 0x0, 0x0,
    0x0, 0x0, 0x0, 0x6f, 0xff, 0xf9, 0x0, 0x0,
    0x0, 0x0, 0x0, 0x0, 0xdf, 0xeb, 0xff, 0x0,
    0x0, 0x0, 0x0, 0x0, 0x3, 0xff, 0x85, 0xff,
    0x60, 0x0, 0x0, 0x0, 0x0, 0x9, 0xff, 0x20,
    0xef, 0xc0, 0x0, 0x0, 0x0, 0x0, 0xf, 0xfc,
    0x0, 0x9f, 0xf2, 0x0, 0x0, 0x0, 0x0, 0x6f,
    0xf6, 0x0, 0x3f, 0xf9, 0x0, 0x0, 0x0, 0x0,
    0xcf, 0xf1, 0x0, 0xd, 0xfe, 0x0, 0x0, 0x0,
    0x3, 0xff, 0xa0, 0x0, 0x7, 0xff, 0x50, 0x0,
    0x0, 0x9, 0xff, 0x40, 0x0, 0x2, 0xff, 0xc0,
    0x0, 0x0, 0xf, 0xff, 0xff, 0xff, 0xff, 0xff,
    0xf2, 0x0, 0x0, 0x6f, 0xff, 0xff, 0xff, 0xff,
    0xff, 0xf8, 0x0, 0x0, 0xcf, 0xfb, 0x88, 0x88,
    0x88, 0x9f, 0xfe, 0x0, 0x3, 0xff, 0xd0, 0x0,
    0x0, 0x0, 0xa, 0xff, 0x50, 0x9, 0xff, 0x70,
    0x0, 0x0, 0x0, 0x4, 0xff, 0xc0, 0xf, 0xff,
    0x10, 0x0, 0x0, 0x0, 0x0, 0xef, 0xf2, 0x6f,
    0xfb, 0x0, 0x0, 0x0, 0x0, 0x0, 0x8f, 0xf8,

    /* U+0101 "ā" */
    0x0, 0x2f, 0xff, 0xff, 0xff, 0x70, 0x0, 0x1,
    0xaa, 0xaa, 0xaa, 0xa4, 0x0, 0x0, 0x0, 0x0,
    0x0, 0x0, 0x0, 0x0, 0x0, 0x0, 0x0, 0x0,
    0x0, 0x0, 0x0, 0x6, 0xbe, 0xff, 0xc7, 0x0,
    0x0, 0x4e, 0xff, 0xff, 0xff, 0xfd, 0x10, 0x2f,
    0xff, 0xb7, 0x67, 0xef, 0xfb, 0x0, 0x6f, 0x40,
    0x0, 0x0, 0xdf, 0xf2, 0x0, 0x10, 0x0, 0x0,
    0x6, 0xff, 0x50, 0x0, 0x0, 0x11, 0x11, 0x6f,
    0xf6, 0x0, 0x7d, 0xff, 0xff, 0xff, 0xff, 0x70,
    0xdf, 0xff, 0xff, 0xff, 0xff, 0xf7, 0x7f, 0xfb,
    0x30, 0x0, 0x7, 0xff, 0x7a, 0xff, 0x10, 0x0,
    0x0, 0xdf, 0xf7, 0x9f, 0xf3, 0x0, 0x0, 0x3f,
    0xff, 0x75, 0xff, 0xe7, 0x44, 0x9f, 0xff, 0xf7,
    0x9, 0xff, 0xff, 0xff, 0xf6, 0xff, 0x70, 0x4,
    0xbe, 0xfe, 0x91, 0x1f, 0xf7,

    /* U+0102 "Ă" */
    0x0, 0x0, 0x18, 0x60, 0x0, 0x4, 0x82, 0x0,
    0x0, 0x0, 0x0, 0x1f, 0xe0, 0x0, 0xb, 0xf4,
    0x0, 0x0, 0x0, 0x0, 0xd, 0xf9, 0x11, 0x7f,
    0xf1, 0x0, 0x0, 0x0, 0x0, 0x3, 0xff, 0xff,
    0xff, 0x60, 0x0, 0x0, 0x0, 0x0, 0x0, 0x17,
    0x9a, 0x82, 0x0, 0x0, 0x0, 0x0, 0x0, 0x0,
    0x0, 0x0, 0x0, 0x0, 0x0, 0x0, 0x0, 0x0,
    0x0, 0x3, 0xff, 0x60, 0x0, 0x0, 0x0, 0x0,
    0x0, 0x0, 0x9, 0xff, 0xc0, 0x0, 0x0, 0x0,
    0x0, 0x0, 0x0, 0xf, 0xff, 0xf2, 0x0, 0x0,
    0x0, 0x0, 0x0, 0x0, 0x6f, 0xff, 0xf9, 0x0,
    0x0, 0x0, 0x0, 0x0, 0x0, 0xdf, 0xeb, 0xff,
    0x0, 0x0, 0x0, 0x0, 0x0, 0x3, 0xff, 0x85,
    0xff, 0x60, 0x0, 0x0, 0x0, 0x0, 0x9, 0xff,
    0x20, 0xef, 0xc0, 0x0, 0x0, 0x0, 0x0, 0xf,
    0xfc, 0x0, 0x9f, 0xf2, 0x0, 0x0, 0x0, 0x0,
    0x6f, 0xf6, 0x0, 0x3f, 0xf9, 0x0, 0x0, 0x0,
    0x0, 0xcf, 0xf1, 0x0, 0xd, 0xfe, 0x0, 0x0,
    0x0, 0x3, 0xff, 0xa0, 0x0, 0x7, 0xff, 0x50,
    0x0, 0x0, 0x9, 0xff, 0x40, 0x0, 0x2, 0xff,
    0xc0, 0x0, 0x0, 0xf, 0xff, 0xff, 0xff, 0xff,
    0xff, 0xf2, 0x0, 0x0, 0x6f, 0xff, 0xff, 0xff,
    0xff, 0xff, 0xf8, 0x0, 0x0, 0xcf, 0xfb, 0x88,
    0x88, 0x88, 0x9f, 0xfe, 0x0, 0x3, 0xff, 0xd0,
    0x0, 0x0, 0x0, 0xa, 0xff, 0x50, 0x9, 0xff,
    0x70, 0x0, 0x0, 0x0, 0x4, 0xff, 0xc0, 0xf,
    0xff, 0x10, 0x0, 0x0, 0x0, 0x0, 0xef, 0xf2,
    0x6f, 0xfb, 0x0, 0x0, 0x0, 0x0, 0x0, 0x8f,
    0xf8,

    /* U+0103 "ă" */
    0x0, 0x9f, 0x40, 0x0, 0xe, 0xf0, 0x0, 0x5,
    0xfc, 0x30, 0x18, 0xfb, 0x0, 0x0, 0xb, 0xff,
    0xff, 0xfe, 0x20, 0x0, 0x0, 0x4, 0x89, 0x96,
    0x10, 0x0, 0x0, 0x0, 0x0, 0x0, 0x0, 0x0,
    0x0, 0x0, 0x6b, 0xef, 0xfc, 0x70, 0x0, 0x4,
    0xef, 0xff, 0xff, 0xff, 0xd1, 0x2, 0xff, 0xfb,
    0x76, 0x7e, 0xff, 0xb0, 0x6, 0xf4, 0x0, 0x0,
    0xd, 0xff, 0x20, 0x1, 0x0, 0x0, 0x0, 0x6f,
    0xf5, 0x0, 0x0, 0x1, 0x11, 0x16, 0xff, 0x60,
    0x7, 0xdf, 0xff, 0xff, 0xff, 0xf7, 0xd, 0xff,
    0xff, 0xff, 0xff, 0xff, 0x77, 0xff, 0xb3, 0x0,
    0x0, 0x7f, 0xf7, 0xaf, 0xf1, 0x0, 0x0, 0xd,
    0xff, 0x79, 0xff, 0x30, 0x0, 0x3, 0xff, 0xf7,
    0x5f, 0xfe, 0x74, 0x49, 0xff, 0xff, 0x70, 0x9f,
    0xff, 0xff, 0xff, 0x6f, 0xf7, 0x0, 0x4b, 0xef,
    0xe9, 0x11, 0xff, 0x70,

    /* U+0104 "Ą" */
    0x0, 0x0, 0x0, 0x3, 0xff, 0x60, 0x0, 0x0,
    0x0, 0x0, 0x0, 0x0, 0x0, 0x9f, 0xfc, 0x0,
    0x0, 0x0, 0x0, 0x0, 0x0, 0x0, 0xf, 0xff,
    0xf2, 0x0, 0x0, 0x0, 0x0, 0x0, 0x0, 0x6,
    0xff, 0xff, 0x90, 0x0, 0x0, 0x0, 0x0, 0x0,
    0x0, 0xdf, 0xec, 0xff, 0x0, 0x0, 0x0, 0x0,
    0x0, 0x0, 0x3f, 0xf9, 0x6f, 0xf6, 0x0, 0x0,
    0x0, 0x0, 0x0, 0x9, 0xff, 0x30, 0xff, 0xc0,
    0x0, 0x0, 0x0, 0x0, 0x0, 0xff, 0xd0, 0xa,
    0xff, 0x20, 0x0, 0x0, 0x0, 0x0, 0x6f, 0xf7,
    0x0, 0x4f, 0xf9, 0x0, 0x0, 0x0, 0x0, 0xc,
    0xff, 0x10, 0x0, 0xef, 0xe0, 0x0, 0x0, 0x0,
    0x3, 0xff, 0xb0, 0x0, 0x8, 0xff, 0x50, 0x0,
    0x0, 0x0, 0x9f, 0xf5, 0x0, 0x0, 0x2f, 0xfc,
    0x0, 0x0, 0x0, 0xf, 0xff, 0x88, 0x88, 0x88,
    0xff, 0xf2, 0x0, 0x0, 0x6, 0xff, 0xff, 0xff,
    0xff, 0xff, 0xff, 0x80, 0x0, 0x0, 0xcf, 0xff,
    0xff, 0xff, 0xff, 0xff, 0xfe, 0x0, 0x0, 0x3f,
    0xfd, 0x0, 0x0, 0x0, 0x0, 0xaf, 0xf5, 0x0,
    0x9, 0xff, 0x70, 0x0, 0x0, 0x0, 0x4, 0xff,
    0xc0, 0x0, 0xff, 0xf1, 0x0, 0x0, 0x0, 0x0,
    0xe, 0xff, 0x20, 0x6f, 0xfb, 0x0, 0x0, 0x0,
    0x0, 0x0, 0x8f, 0xf8, 0x0, 0x0, 0x0, 0x0,
    0x0, 0x0, 0x0, 0x7, 0xf8, 0x0, 0x0, 0x0,
    0x0, 0x0, 0x0, 0x0, 0x6, 0xf5, 0x0, 0x0,
    0x0, 0x0, 0x0, 0x0, 0x0, 0x0, 0xfa, 0x0,
    0x0, 0x0, 0x0, 0x0, 0x0, 0x0, 0x0, 0x1f,
    0x80, 0x4, 0x0, 0x0, 0x0, 0x0, 0x0, 0x0,
    0x0, 0xef, 0x9c, 0xf3, 0x0, 0x0, 0x0, 0x0,
    0x0, 0x0, 0x3, 0xcf, 0xd7, 0x0,

    /* U+0105 "ą" */
    0x0, 0x6, 0xbe, 0xff, 0xc7, 0x0, 0x0, 0x4,
    0xef, 0xff, 0xff, 0xff, 0xd1, 0x0, 0x2f, 0xff,
    0xb7, 0x67, 0xef, 0xfb, 0x0, 0x7, 0xf4, 0x0,
    0x0, 0xd, 0xff, 0x20, 0x0, 0x10, 0x0, 0x0,
    0x6, 0xff, 0x50, 0x0, 0x0, 0x0, 0x0, 0x4,
    0xff, 0x60, 0x0, 0x6c, 0xef, 0xff, 0xff, 0xff,
    0x70, 0xc, 0xff, 0xff, 0xff, 0xff, 0xff, 0x70,
    0x7f, 0xfc, 0x41, 0x11, 0x18, 0xff, 0x70, 0xaf,
    0xf1, 0x0, 0x0, 0xd, 0xff, 0x70, 0xaf, 0xf3,
    0x0, 0x0, 0x3f, 0xff, 0x70, 0x5f, 0xfe, 0x74,
    0x49, 0xff, 0xff, 0x70, 0x9, 0xff, 0xff, 0xff,
    0xf6, 0xff, 0x70, 0x0, 0x5b, 0xef, 0xe9, 0x21,
    0xff, 0x70, 0x0, 0x0, 0x0, 0x0, 0x7, 0xf8,
    0x0, 0x0, 0x0, 0x0, 0x0, 0x6f, 0x60, 0x0,
    0x0, 0x0, 0x0, 0x0, 0xeb, 0x0, 0x0, 0x0,
    0x0, 0x0, 0x1, 0xf9, 0x0, 0x50, 0x0, 0x0,
    0x0, 0x0, 0xdf, 0x9c, 0xf3, 0x0, 0x0, 0x0,
    0x0, 0x2c, 0xfd, 0x70,

    /* U+0106 "Ć" */
    0x0, 0x0, 0x0, 0x0, 0x0, 0x7, 0x86, 0x0,
    0x0, 0x0, 0x0, 0x0, 0x0, 0x0, 0xaf, 0xe2,
    0x0, 0x0, 0x0, 0x0, 0x0, 0x0, 0x6, 0xfe,
    0x20, 0x0, 0x0, 0x0, 0x0, 0x0, 0x0, 0x3f,
    0xe2, 0x0, 0x0, 0x0, 0x0, 0x0, 0x0, 0x0,
    0x68, 0x20, 0x0, 0x0, 0x0, 0x0, 0x0, 0x0,
    0x0, 0x0, 0x0, 0x0, 0x0, 0x0, 0x0, 0x0,
    0x0, 0x0, 0x0, 0x0, 0x0, 0x0, 0x0, 0x0,
    0x0, 0x3, 0x9d, 0xff, 0xec, 0x82, 0x0, 0x0,
    0x0, 0x1, 0xaf, 0xff, 0xff, 0xff, 0xff, 0x90,
    0x0, 0x0, 0x2d, 0xff, 0xff, 0xdb, 0xdf, 0xff,
    0xfd, 0x10, 0x0, 0xcf, 0xfe, 0x60, 0x0, 0x0,
    0x7f, 0xff, 0xc0, 0x8, 0xff, 0xd1, 0x0, 0x0,
    0x0, 0x3, 0xef, 0xf5, 0xf, 0xff, 0x30, 0x0,
    0x0, 0x0, 0x0, 0x5f, 0xc5, 0x5f, 0xfb, 0x0,
    0x0, 0x0, 0x0, 0x0, 0x1, 0x0, 0x8f, 0xf5,
    0x0, 0x0, 0x0, 0x0, 0x0, 0x0, 0x0, 0xaf,
    0xf3, 0x0, 0x0, 0x0, 0x0, 0x0, 0x0, 0x0,
    0xbf, 0xf2, 0x0, 0x0, 0x0, 0x0, 0x0, 0x0,
    0x0, 0xaf, 0xf3, 0x0, 0x0, 0x0, 0x0, 0x0,
    0x0, 0x0, 0x8f, 0xf5, 0x0, 0x0, 0x0, 0x0,
    0x0, 0x0, 0x0, 0x5f, 0xfb, 0x0, 0x0, 0x0,
    0x0, 0x0, 0x1, 0x0, 0xf, 0xff, 0x30, 0x0,
    0x0, 0x0, 0x0, 0x5f, 0xc5, 0x8, 0xff, 0xd1,
    0x0, 0x0, 0x0, 0x3, 0xef, 0xf5, 0x0, 0xdf,
    0xfe, 0x50, 0x0, 0x0, 0x7f, 0xff, 0xb0, 0x0,
    0x2d, 0xff, 0xff, 0xcb, 0xdf, 0xff, 0xfd, 0x10,
    0x0, 0x1, 0xbf, 0xff, 0xff, 0xff, 0xff, 0x90,
    0x0, 0x0, 0x0, 0x3, 0x9d, 0xff, 0xec, 0x82,
    0x0, 0x0,

    /* U+0107 "ć" */
    0x0, 0x0, 0x0, 0x1, 0xdf, 0xc1, 0x0, 0x0,
    0x0, 0x0, 0xbf, 0xb0, 0x0, 0x0, 0x0, 0x0,
    0x9f, 0xa0, 0x0, 0x0, 0x0, 0x0, 0x29, 0x70,
    0x0, 0x0, 0x0, 0x0, 0x0, 0x0, 0x0, 0x0,
    0x0, 0x0, 0x29, 0xdf, 0xec, 0x50, 0x0, 0x0,
    0x6f, 0xff, 0xff, 0xff, 0xc1, 0x0, 0x5f, 0xff,
    0x96, 0x7d, 0xff, 0xb0, 0xe, 0xff, 0x30, 0x0,
    0xb, 0xff, 0x35, 0xff, 0x80, 0x0, 0x0, 0x1a,
    0x40, 0x9f, 0xf3, 0x0, 0x0, 0x0, 0x0, 0xb,
    0xff, 0x0, 0x0, 0x0, 0x0, 0x0, 0xbf, 0xf0,
    0x0, 0x0, 0x0, 0x0, 0x9, 0xff, 0x30, 0x0,
    0x0, 0x0, 0x0, 0x5f, 0xf8, 0x0, 0x0, 0x1,
    0xa4, 0x0, 0xef, 0xf3, 0x0, 0x0, 0xbf, 0xf3,
    0x5, 0xff, 0xfa, 0x67, 0xdf, 0xfb, 0x0, 0x6,
    0xff, 0xff, 0xff, 0xfc, 0x0, 0x0, 0x2, 0x9d,
    0xfe, 0xc6, 0x0, 0x0,

    /* U+0108 "Ĉ" */
    0x0, 0x0, 0x0, 0x0, 0x23, 0x0, 0x0, 0x0,
    0x0, 0x0, 0x0, 0x0, 0x1, 0xde, 0x20, 0x0,
    0x0, 0x0, 0x0, 0x0, 0x0, 0x1d, 0xff, 0xe2,
    0x0, 0x0, 0x0, 0x0, 0x0, 0x0, 0xcf, 0x63,
    0xfd, 0x10, 0x0, 0x0, 0x0, 0x0, 0xb, 0xf8,
    0x0, 0x5f, 0xd1, 0x0, 0x0, 0x0, 0x0, 0x0,
    0x0, 0x0, 0x0, 0x0, 0x0, 0x0, 0x0, 0x0,
    0x0, 0x0, 0x0, 0x0, 0x0, 0x0, 0x0, 0x0,
    0x0, 0x3, 0x9d, 0xff, 0xec, 0x82, 0x0, 0x0,
    0x0, 0x1, 0xaf, 0xff, 0xff, 0xff, 0xff, 0x90,
    0x0, 0x0, 0x2d, 0xff, 0xff, 0xdb, 0xdf, 0xff,
    0xfd, 0x10, 0x0, 0xcf, 0xfe, 0x60, 0x0, 0x0,
    0x7f, 0xff, 0xc0, 0x8, 0xff, 0xd1, 0x0, 0x0,
    0x0, 0x3, 0xef, 0xf5, 0xf, 0xff, 0x30, 0x0,
    0x0, 0x0, 0x0, 0x5f, 0xc5, 0x5f, 0xfb, 0x0,
    0x0, 0x0, 0x0, 0x0, 0x1, 0x0, 0x8f, 0xf5,
    0x0, 0x0, 0x0, 0x0, 0x0, 0x0, 0x0, 0xaf,
    0xf3, 0x0, 0x0, 0x0, 0x0, 0x0, 0x0, 0x0,
    0xbf, 0xf2, 0x0, 0x0, 0x0, 0x0, 0x0, 0x0,
    0x0, 0xaf, 0xf3, 0x0, 0x0, 0x0, 0x0, 0x0,
    0x0, 0x0, 0x8f, 0xf5, 0x0, 0x0, 0x0, 0x0,
    0x0, 0x0, 0x0, 0x5f, 0xfb, 0x0, 0x0, 0x0,
    0x0, 0x0, 0x1, 0x0, 0xf, 0xff, 0x30, 0x0,
    0x0, 0x0, 0x0, 0x5f, 0xc5, 0x8, 0xff, 0xd1,
    0x0, 0x0, 0x0, 0x3, 0xef, 0xf5, 0x0, 0xdf,
    0xfe, 0x50, 0x0, 0x0, 0x7f, 0xff, 0xb0, 0x0,
    0x2d, 0xff, 0xff, 0xcb, 0xdf, 0xff, 0xfd, 0x10,
    0x0, 0x1, 0xbf, 0xff, 0xff, 0xff, 0xff, 0x90,
    0x0, 0x0, 0x0, 0x3, 0x9d, 0xff, 0xec, 0x82,
    0x0, 0x0,

    /* U+0109 "ĉ" */
    0x0, 0x0, 0x0, 0x0, 0x0, 0x0, 0x0, 0x0,
    0x0, 0x3d, 0x20, 0x0, 0x0, 0x0, 0x0, 0x2e,
    0xfd, 0x10, 0x0, 0x0, 0x0, 0x1e, 0xf7, 0xfd,
    0x10, 0x0, 0x0, 0x1d, 0xf4, 0x6, 0xfc, 0x0,
    0x0, 0x4, 0x85, 0x0, 0x5, 0x84, 0x0, 0x0,
    0x0, 0x0, 0x0, 0x0, 0x0, 0x0, 0x0, 0x29,
    0xdf, 0xec, 0x50, 0x0, 0x0, 0x6f, 0xff, 0xff,
    0xff, 0xc1, 0x0, 0x5f, 0xff, 0x96, 0x7d, 0xff,
    0xb0, 0xe, 0xff, 0x30, 0x0, 0xb, 0xff, 0x35,
    0xff, 0x80, 0x0, 0x0, 0x1a, 0x40, 0x9f, 0xf3,
    0x0, 0x0, 0x0, 0x0, 0xb, 0xff, 0x0, 0x0,
    0x0, 0x0, 0x0, 0xbf, 0xf0, 0x0, 0x0, 0x0,
    0x0, 0x9, 0xff, 0x30, 0x0, 0x0, 0x0, 0x0,
    0x5f, 0xf8, 0x0, 0x0, 0x1, 0xa4, 0x0, 0xef,
    0xf3, 0x0, 0x0, 0xbf, 0xf3, 0x5, 0xff, 0xfa,
    0x67, 0xdf, 0xfb, 0x0, 0x6, 0xff, 0xff, 0xff,
    0xfc, 0x0, 0x0, 0x2, 0x9d, 0xfe, 0xc6, 0x0,
    0x0,

    /* U+010A "Ċ" */
    0x0, 0x0, 0x0, 0x2, 0x55, 0x30, 0x0, 0x0,
    0x0, 0x0, 0x0, 0x0, 0x7, 0xff, 0xa0, 0x0,
    0x0, 0x0, 0x0, 0x0, 0x0, 0x7, 0xff, 0xa0,
    0x0, 0x0, 0x0, 0x0, 0x0, 0x0, 0x7, 0xff,
    0xa0, 0x0, 0x0, 0x0, 0x0, 0x0, 0x0, 0x0,
    0x0, 0x0, 0x0, 0x0, 0x0, 0x0, 0x0, 0x0,
    0x0, 0x0, 0x0, 0x0, 0x0, 0x0, 0x0, 0x0,
    0x0, 0x0, 0x0, 0x0, 0x0, 0x0, 0x0, 0x0,
    0x0, 0x3, 0x9d, 0xff, 0xec, 0x82, 0x0, 0x0,
    0x0, 0x1, 0xaf, 0xff, 0xff, 0xff, 0xff, 0x90,
    0x0, 0x0, 0x2d, 0xff, 0xff, 0xdb, 0xdf, 0xff,
    0xfd, 0x10, 0x0, 0xcf, 0xfe, 0x60, 0x0, 0x0,
    0x7f, 0xff, 0xc0, 0x8, 0xff, 0xd1, 0x0, 0x0,
    0x0, 0x3, 0xef, 0xf5, 0xf, 0xff, 0x30, 0x0,
    0x0, 0x0, 0x0, 0x5f, 0xc5, 0x5f, 0xfb, 0x0,
    0x0, 0x0, 0x0, 0x0, 0x1, 0x0, 0x8f, 0xf5,
    0x0, 0x0, 0x0, 0x0, 0x0, 0x0, 0x0, 0xaf,
    0xf3, 0x0, 0x0, 0x0, 0x0, 0x0, 0x0, 0x0,
    0xbf, 0xf2, 0x0, 0x0, 0x0, 0x0, 0x0, 0x0,
    0x0, 0xaf, 0xf3, 0x0, 0x0, 0x0, 0x0, 0x0,
    0x0, 0x0, 0x8f, 0xf5, 0x0, 0x0, 0x0, 0x0,
    0x0, 0x0, 0x0, 0x5f, 0xfb, 0x0, 0x0, 0x0,
    0x0, 0x0, 0x1, 0x0, 0xf, 0xff, 0x30, 0x0,
    0x0, 0x0, 0x0, 0x5f, 0xc5, 0x8, 0xff, 0xd1,
    0x0, 0x0, 0x0, 0x3, 0xef, 0xf5, 0x0, 0xdf,
    0xfe, 0x50, 0x0, 0x0, 0x7f, 0xff, 0xb0, 0x0,
    0x2d, 0xff, 0xff, 0xcb, 0xdf, 0xff, 0xfd, 0x10,
    0x0, 0x1, 0xbf, 0xff, 0xff, 0xff, 0xff, 0x90,
    0x0, 0x0, 0x0, 0x3, 0x9d, 0xff, 0xec, 0x82,
    0x0, 0x0,

    /* U+010B "ċ" */
    0x0, 0x0, 0x1f, 0xff, 0x0, 0x0, 0x0, 0x0,
    0x1, 0xff, 0xf0, 0x0, 0x0, 0x0, 0x0, 0x1f,
    0xff, 0x0, 0x0, 0x0, 0x0, 0x0, 0x55, 0x50,
    0x0, 0x0, 0x0, 0x0, 0x0, 0x0, 0x0, 0x0,
    0x0, 0x0, 0x29, 0xdf, 0xec, 0x50, 0x0, 0x0,
    0x6f, 0xff, 0xff, 0xff, 0xc1, 0x0, 0x5f, 0xff,
    0x96, 0x7d, 0xff, 0xb0, 0xe, 0xff, 0x30, 0x0,
    0xb, 0xff, 0x35, 0xff, 0x80, 0x0, 0x0, 0x1a,
    0x40, 0x9f, 0xf3, 0x0, 0x0, 0x0, 0x0, 0xb,
    0xff, 0x0, 0x0, 0x0, 0x0, 0x0, 0xbf, 0xf0,
    0x0, 0x0, 0x0, 0x0, 0x9, 0xff, 0x30, 0x0,
    0x0, 0x0, 0x0, 0x5f, 0xf8, 0x0, 0x0, 0x1,
    0xa4, 0x0, 0xef, 0xf3, 0x0, 0x0, 0xbf, 0xf3,
    0x5, 0xff, 0xfa, 0x67, 0xdf, 0xfb, 0x0, 0x6,
    0xff, 0xff, 0xff, 0xfc, 0x0, 0x0, 0x2, 0x9d,
    0xfe, 0xc6, 0x0, 0x0,

    /* U+010C "Č" */
    0x0, 0x0, 0x7, 0x71, 0x0, 0x7, 0x71, 0x0,
    0x0, 0x0, 0x0, 0x4, 0xfb, 0x0, 0x8f, 0x60,
    0x0, 0x0, 0x0, 0x0, 0x0, 0x4f, 0x75, 0xf6,
    0x0, 0x0, 0x0, 0x0, 0x0, 0x0, 0x5, 0xff,
    0x70, 0x0, 0x0, 0x0, 0x0, 0x0, 0x0, 0x0,
    0x57, 0x0, 0x0, 0x0, 0x0, 0x0, 0x0, 0x0,
    0x0, 0x0, 0x0, 0x0, 0x0, 0x0, 0x0, 0x0,
    0x0, 0x0, 0x0, 0x0, 0x0, 0x0, 0x0, 0x0,
    0x0, 0x3, 0x9d, 0xff, 0xec, 0x82, 0x0, 0x0,
    0x0, 0x1, 0xaf, 0xff, 0xff, 0xff, 0xff, 0x90,
    0x0, 0x0, 0x2d, 0xff, 0xff, 0xdb, 0xdf, 0xff,
    0xfd, 0x10, 0x0, 0xcf, 0xfe, 0x60, 0x0, 0x0,
    0x7f, 0xff, 0xc0, 0x8, 0xff, 0xd1, 0x0, 0x0,
    0x0, 0x3, 0xef, 0xf5, 0xf, 0xff, 0x30, 0x0,
    0x0, 0x0, 0x0, 0x5f, 0xc5, 0x5f, 0xfb, 0x0,
    0x0, 0x0, 0x0, 0x0, 0x1, 0x0, 0x8f, 0xf5,
    0x0, 0x0, 0x0, 0x0, 0x0, 0x0, 0x0, 0xaf,
    0xf3, 0x0, 0x0, 0x0, 0x0, 0x0, 0x0, 0x0,
    0xbf, 0xf2, 0x0, 0x0, 0x0, 0x0, 0x0, 0x0,
    0x0, 0xaf, 0xf3, 0x0, 0x0, 0x0, 0x0, 0x0,
    0x0, 0x0, 0x8f, 0xf5, 0x0, 0x0, 0x0, 0x0,
    0x0, 0x0, 0x0, 0x5f, 0xfb, 0x0, 0x0, 0x0,
    0x0, 0x0, 0x1, 0x0, 0xf, 0xff, 0x30, 0x0,
    0x0, 0x0, 0x0, 0x5f, 0xc5, 0x8, 0xff, 0xd1,
    0x0, 0x0, 0x0, 0x3, 0xef, 0xf5, 0x0, 0xdf,
    0xfe, 0x50, 0x0, 0x0, 0x7f, 0xff, 0xb0, 0x0,
    0x2d, 0xff, 0xff, 0xcb, 0xdf, 0xff, 0xfd, 0x10,
    0x0, 0x1, 0xbf, 0xff, 0xff, 0xff, 0xff, 0x90,
    0x0, 0x0, 0x0, 0x3, 0x9d, 0xff, 0xec, 0x82,
    0x0, 0x0,

    /* U+010D "č" */
    0x0, 0x5f, 0xc0, 0x1, 0xdf, 0x40, 0x0, 0x0,
    0x6f, 0xc2, 0xdf, 0x40, 0x0, 0x0, 0x0, 0x6f,
    0xff, 0x50, 0x0, 0x0, 0x0, 0x0, 0x7f, 0x50,
    0x0, 0x0, 0x0, 0x0, 0x0, 0x20, 0x0, 0x0,
    0x0, 0x0, 0x29, 0xdf, 0xec, 0x50, 0x0, 0x0,
    0x6f, 0xff, 0xff, 0xff, 0xc1, 0x0, 0x5f, 0xff,
    0x96, 0x7d, 0xff, 0xb0, 0xe, 0xff, 0x30, 0x0,
    0xb, 0xff, 0x35, 0xff, 0x80, 0x0, 0x0, 0x1a,
    0x40, 0x9f, 0xf3, 0x0, 0x0, 0x0, 0x0, 0xb,
    0xff, 0x0, 0x0, 0x0, 0x0, 0x0, 0xbf, 0xf0,
    0x0, 0x0, 0x0, 0x0, 0x9, 0xff, 0x30, 0x0,
    0x0, 0x0, 0x0, 0x5f, 0xf8, 0x0, 0x0, 0x1,
    0xa4, 0x0, 0xef, 0xf3, 0x0, 0x0, 0xbf, 0xf3,
    0x5, 0xff, 0xfa, 0x67, 0xdf, 0xfb, 0x0, 0x6,
    0xff, 0xff, 0xff, 0xfc, 0x0, 0x0, 0x2, 0x9d,
    0xfe, 0xc6, 0x0, 0x0,

    /* U+010E "Ď" */
    0x0, 0x9, 0xf8, 0x0, 0x2e, 0xe2, 0x0, 0x0,
    0x0, 0x0, 0x9f, 0x61, 0xee, 0x20, 0x0, 0x0,
    0x0, 0x0, 0xa, 0xfe, 0xe2, 0x0, 0x0, 0x0,
    0x0, 0x0, 0x0, 0xae, 0x20, 0x0, 0x0, 0x0,
    0x0, 0x0, 0x0, 0x2, 0x0, 0x0, 0x0, 0x0,
    0x0, 0x0, 0x0, 0x0, 0x0, 0x0, 0x0, 0x0,
    0xef, 0xff, 0xff, 0xed, 0xb7, 0x10, 0x0, 0x0,
    0xef, 0xff, 0xff, 0xff, 0xff, 0xf9, 0x0, 0x0,
    0xef, 0xf9, 0x99, 0xbc, 0xff, 0xff, 0xd1, 0x0,
    0xef, 0xf0, 0x0, 0x0, 0x5, 0xef, 0xfc, 0x0,
    0xef, 0xf0, 0x0, 0x0, 0x0, 0xd, 0xff, 0x70,
    0xef, 0xf0, 0x0, 0x0, 0x0, 0x2, 0xff, 0xf0,
    0xef, 0xf0, 0x0, 0x0, 0x0, 0x0, 0xbf, 0xf4,
    0xef, 0xf0, 0x0, 0x0, 0x0, 0x0, 0x6f, 0xf8,
    0xef, 0xf0, 0x0, 0x0, 0x0, 0x0, 0x4f, 0xf9,
    0xef, 0xf0, 0x0, 0x0, 0x0, 0x0, 0x3f, 0xfa,
    0xef, 0xf0, 0x0, 0x0, 0x0, 0x0, 0x4f, 0xfa,
    0xef, 0xf0, 0x0, 0x0, 0x0, 0x0, 0x6f, 0xf8,
    0xef, 0xf0, 0x0, 0x0, 0x0, 0x0, 0xaf, 0xf5,
    0xef, 0xf0, 0x0, 0x0, 0x0, 0x1, 0xff, 0xf1,
    0xef, 0xf0, 0x0, 0x0, 0x0, 0xc, 0xff, 0x90,
    0xef, 0xf0, 0x0, 0x0, 0x5, 0xef, 0xfe, 0x10,
    0xef, 0xfa, 0xaa, 0xbc, 0xff, 0xff, 0xe3, 0x0,
    0xef, 0xff, 0xff, 0xff, 0xff, 0xfa, 0x10, 0x0,
    0xef, 0xff, 0xff, 0xfd, 0xb7, 0x20, 0x0, 0x0,

    /* U+010F "ď" */
    0x0, 0x0, 0x0, 0x0, 0x0, 0x5f, 0xf6, 0x0,
    0xdf, 0xe0, 0x0, 0x0, 0x0, 0x0, 0x0, 0x5f,
    0xf6, 0x1, 0xff, 0x70, 0x0, 0x0, 0x0, 0x0,
    0x0, 0x5f, 0xf6, 0x6, 0xfe, 0x0, 0x0, 0x0,
    0x0, 0x0, 0x0, 0x5f, 0xf6, 0xa, 0xf7, 0x0,
    0x0, 0x0, 0x0, 0x0, 0x0, 0x5f, 0xf6, 0xe,
    0xe0, 0x0, 0x0, 0x3, 0xae, 0xfd, 0x80, 0x5f,
    0xf6, 0x1a, 0x50, 0x0, 0x0, 0x7f, 0xff, 0xff,
    0xfd, 0x7f, 0xf6, 0x0, 0x0, 0x0, 0x6, 0xff,
    0xfd, 0x99, 0xdf, 0xff, 0xf6, 0x0, 0x0, 0x0,
    0xf, 0xff, 0x60, 0x0, 0x7, 0xff, 0xf6, 0x0,
    0x0, 0x0, 0x5f, 0xfa, 0x0, 0x0, 0x0, 0xbf,
    0xf6, 0x0, 0x0, 0x0, 0x9f, 0xf3, 0x0, 0x0,
    0x0, 0x4f, 0xf6, 0x0, 0x0, 0x0, 0xaf, 0xf1,
    0x0, 0x0, 0x0, 0x2f, 0xf6, 0x0, 0x0, 0x0,
    0xaf, 0xf1, 0x0, 0x0, 0x0, 0x2f, 0xf6, 0x0,
    0x0, 0x0, 0x9f, 0xf3, 0x0, 0x0, 0x0, 0x4f,
    0xf6, 0x0, 0x0, 0x0, 0x5f, 0xfa, 0x0, 0x0,
    0x0, 0xaf, 0xf6, 0x0, 0x0, 0x0, 0xe, 0xff,
    0x60, 0x0, 0x7, 0xff, 0xf6, 0x0, 0x0, 0x0,
    0x6, 0xff, 0xfd, 0x99, 0xdf, 0xff, 0xf6, 0x0,
    0x0, 0x0, 0x0, 0x7f, 0xff, 0xff, 0xfe, 0x8f,
    0xf6, 0x0, 0x0, 0x0, 0x0, 0x3, 0xae, 0xfe,
    0x91, 0x5f, 0xf6, 0x0, 0x0, 0x0,

    /* U+0110 "Đ" */
    0x0, 0xef, 0xff, 0xff, 0xed, 0xb7, 0x10, 0x0,
    0x0, 0x0, 0xef, 0xff, 0xff, 0xff, 0xff, 0xf9,
    0x0, 0x0, 0x0, 0xef, 0xf9, 0x99, 0xbc, 0xff,
    0xff, 0xd1, 0x0, 0x0, 0xef, 0xf0, 0x0, 0x0,
    0x5, 0xef, 0xfc, 0x0, 0x0, 0xef, 0xf0, 0x0,
    0x0, 0x0, 0xd, 0xff, 0x70, 0x0, 0xef, 0xf0,
    0x0, 0x0, 0x0, 0x2, 0xff, 0xf0, 0x0, 0xef,
    0xf0, 0x0, 0x0, 0x0, 0x0, 0xbf, 0xf4, 0x0,
    0xef, 0xf0, 0x0, 0x0, 0x0, 0x0, 0x6f, 0xf8,
    0xbd, 0xff, 0xfd, 0xdd, 0x60, 0x0, 0x0, 0x4f,
    0xf9, 0xef, 0xff, 0xff, 0xff, 0x80, 0x0, 0x0,
    0x3f, 0xfa, 0x0, 0xef, 0xf0, 0x0, 0x0, 0x0,
    0x0, 0x4f, 0xfa, 0x0, 0xef, 0xf0, 0x0, 0x0,
    0x0, 0x0, 0x6f, 0xf8, 0x0, 0xef, 0xf0, 0x0,
    0x0, 0x0, 0x0, 0xaf, 0xf5, 0x0, 0xef, 0xf0,
    0x0, 0x0, 0x0, 0x1, 0xff, 0xf1, 0x0, 0xef,
    0xf0, 0x0, 0x0, 0x0, 0xc, 0xff, 0x90, 0x0,
    0xef, 0xf0, 0x0, 0x0, 0x5, 0xef, 0xfe, 0x10,
    0x0, 0xef, 0xfa, 0xaa, 0xbc, 0xff, 0xff, 0xe3,
    0x0, 0x0, 0xef, 0xff, 0xff, 0xff, 0xff, 0xfa,
    0x10, 0x0, 0x0, 0xef, 0xff, 0xff, 0xfd, 0xb7,
    0x20, 0x0, 0x0,

    /* U+0111 "đ" */
    0x0, 0x0, 0x0, 0x0, 0x0, 0x5f, 0xf6, 0x0,
    0x0, 0x0, 0x0, 0x1f, 0xff, 0xff, 0xff, 0xf4,
    0x0, 0x0, 0x0, 0x1d, 0xdd, 0xff, 0xff, 0xd4,
    0x0, 0x0, 0x0, 0x0, 0x0, 0x5f, 0xf6, 0x0,
    0x0, 0x0, 0x0, 0x0, 0x0, 0x5f, 0xf6, 0x0,
    0x0, 0x3, 0xae, 0xfd, 0x80, 0x5f, 0xf6, 0x0,
    0x0, 0x7f, 0xff, 0xff, 0xfd, 0x7f, 0xf6, 0x0,
    0x6, 0xff, 0xfd, 0x99, 0xdf, 0xff, 0xf6, 0x0,
    0xf, 0xff, 0x60, 0x0, 0x7, 0xff, 0xf6, 0x0,
    0x5f, 0xfa, 0x0, 0x0, 0x0, 0xbf, 0xf6, 0x0,
    0x9f, 0xf3, 0x0, 0x0, 0x0, 0x4f, 0xf6, 0x0,
    0xaf, 0xf1, 0x0, 0x0, 0x0, 0x2f, 0xf6, 0x0,
    0xaf, 0xf1, 0x0, 0x0, 0x0, 0x2f, 0xf6, 0x0,
    0x9f, 0xf3, 0x0, 0x0, 0x0, 0x4f, 0xf6, 0x0,
    0x5f, 0xfa, 0x0, 0x0, 0x0, 0xaf, 0xf6, 0x0,
    0xe, 0xff, 0x60, 0x0, 0x7, 0xff, 0xf6, 0x0,
    0x6, 0xff, 0xfd, 0x99, 0xdf, 0xff, 0xf6, 0x0,
    0x0, 0x7f, 0xff, 0xff, 0xfe, 0x8f, 0xf6, 0x0,
    0x0, 0x3, 0xae, 0xfe, 0x91, 0x5f, 0xf6, 0x0,

    /* U+0112 "Ē" */
    0x0, 0x2a, 0xaa, 0xaa, 0xaa, 0x30, 0x0, 0x0,
    0x4f, 0xff, 0xff, 0xff, 0x60, 0x0, 0x0, 0x0,
    0x0, 0x0, 0x0, 0x0, 0x0, 0x0, 0x0, 0x0,
    0x0, 0x0, 0x0, 0x0, 0x0, 0x0, 0x0, 0x0,
    0x0, 0x0, 0x0, 0xef, 0xff, 0xff, 0xff, 0xff,
    0xff, 0xf0, 0xef, 0xff, 0xff, 0xff, 0xff, 0xff,
    0xf0, 0xef, 0xf8, 0x88, 0x88, 0x88, 0x88, 0x80,
    0xef, 0xf0, 0x0, 0x0, 0x0, 0x0, 0x0, 0xef,
    0xf0, 0x0, 0x0, 0x0, 0x0, 0x0, 0xef, 0xf0,
    0x0, 0x0, 0x0, 0x0, 0x0, 0xef, 0xf0, 0x0,
    0x0, 0x0, 0x0, 0x0, 0xef, 0xf0, 0x0, 0x0,
    0x0, 0x0, 0x0, 0xef, 0xff, 0xff, 0xff, 0xff,
    0xff, 0x20, 0xef, 0xff, 0xff, 0xff, 0xff, 0xff,
    0x20, 0xef, 0xf8, 0x88, 0x88, 0x88, 0x88, 0x10,
    0xef, 0xf0, 0x0, 0x0, 0x0, 0x0, 0x0, 0xef,
    0xf0, 0x0, 0x0, 0x0, 0x0, 0x0, 0xef, 0xf0,
    0x0, 0x0, 0x0, 0x0, 0x0, 0xef, 0xf0, 0x0,
    0x0, 0x0, 0x0, 0x0, 0xef, 0xf0, 0x0, 0x0,
    0x0, 0x0, 0x0, 0xef, 0xf8, 0x88, 0x88, 0x88,
    0x88, 0x80, 0xef, 0xff, 0xff, 0xff, 0xff, 0xff,
    0xf0, 0xef, 0xff, 0xff, 0xff, 0xff, 0xff, 0xf0,

    /* U+0113 "ē" */
    0x0, 0x3f, 0xff, 0xff, 0xff, 0x70, 0x0, 0x1,
    0xaa, 0xaa, 0xaa, 0xa4, 0x0, 0x0, 0x0, 0x0,
    0x0, 0x0, 0x0, 0x0, 0x0, 0x0, 0x0, 0x0,
    0x0, 0x0, 0x0, 0x3, 0xae, 0xfe, 0xb5, 0x0,
    0x0, 0x7, 0xff, 0xff, 0xff, 0xfb, 0x0, 0x5,
    0xff, 0xe8, 0x56, 0xcf, 0xfa, 0x0, 0xef, 0xe1,
    0x0, 0x0, 0xaf, 0xf2, 0x5f, 0xf5, 0x0, 0x0,
    0x1, 0xff, 0x89, 0xff, 0x10, 0x0, 0x0, 0xd,
    0xfb, 0xbf, 0xff, 0xff, 0xff, 0xff, 0xff, 0xdb,
    0xff, 0xff, 0xff, 0xff, 0xff, 0xfd, 0x9f, 0xf1,
    0x0, 0x0, 0x0, 0x0, 0x5, 0xff, 0x60, 0x0,
    0x0, 0x0, 0x0, 0xf, 0xfe, 0x30, 0x0, 0x1,
    0xa3, 0x0, 0x6f, 0xff, 0xb8, 0x7a, 0xff, 0xf2,
    0x0, 0x8f, 0xff, 0xff, 0xff, 0xf7, 0x0, 0x0,
    0x3a, 0xef, 0xed, 0x92, 0x0,

    /* U+0114 "Ĕ" */
    0x0, 0x58, 0x20, 0x0, 0x8, 0x60, 0x0, 0x0,
    0xaf, 0x60, 0x0, 0x4f, 0xc0, 0x0, 0x0, 0x5f,
    0xe4, 0x3, 0xdf, 0x70, 0x0, 0x0, 0xb, 0xff,
    0xff, 0xfc, 0x0, 0x0, 0x0, 0x0, 0x49, 0xa9,
    0x50, 0x0, 0x0, 0x0, 0x0, 0x0, 0x0, 0x0,
    0x0, 0x0, 0xef, 0xff, 0xff, 0xff, 0xff, 0xff,
    0xf0, 0xef, 0xff, 0xff, 0xff, 0xff, 0xff, 0xf0,
    0xef, 0xf8, 0x88, 0x88, 0x88, 0x88, 0x80, 0xef,
    0xf0, 0x0, 0x0, 0x0, 0x0, 0x0, 0xef, 0xf0,
    0x0, 0x0, 0x0, 0x0, 0x0, 0xef, 0xf0, 0x0,
    0x0, 0x0, 0x0, 0x0, 0xef, 0xf0, 0x0, 0x0,
    0x0, 0x0, 0x0, 0xef, 0xf0, 0x0, 0x0, 0x0,
    0x0, 0x0, 0xef, 0xff, 0xff, 0xff, 0xff, 0xff,
    0x20, 0xef, 0xff, 0xff, 0xff, 0xff, 0xff, 0x20,
    0xef, 0xf8, 0x88, 0x88, 0x88, 0x88, 0x10, 0xef,
    0xf0, 0x0, 0x0, 0x0, 0x0, 0x0, 0xef, 0xf0,
    0x0, 0x0, 0x0, 0x0, 0x0, 0xef, 0xf0, 0x0,
    0x0, 0x0, 0x0, 0x0, 0xef, 0xf0, 0x0, 0x0,
    0x0, 0x0, 0x0, 0xef, 0xf0, 0x0, 0x0, 0x0,
    0x0, 0x0, 0xef, 0xf8, 0x88, 0x88, 0x88, 0x88,
    0x80, 0xef, 0xff, 0xff, 0xff, 0xff, 0xff, 0xf0,
    0xef, 0xff, 0xff, 0xff, 0xff, 0xff, 0xf0,

    /* U+0115 "ĕ" */
    0x0, 0x9f, 0x30, 0x0, 0xe, 0xe0, 0x0, 0x6,
    0xfc, 0x30, 0x18, 0xfb, 0x0, 0x0, 0xb, 0xff,
    0xff, 0xfe, 0x20, 0x0, 0x0, 0x4, 0x89, 0x86,
    0x0, 0x0, 0x0, 0x0, 0x0, 0x0, 0x0, 0x0,
    0x0, 0x0, 0x3a, 0xef, 0xeb, 0x50, 0x0, 0x0,
    0x7f, 0xff, 0xff, 0xff, 0xb0, 0x0, 0x5f, 0xfe,
    0x85, 0x6c, 0xff, 0xa0, 0xe, 0xfe, 0x10, 0x0,
    0xa, 0xff, 0x25, 0xff, 0x50, 0x0, 0x0, 0x1f,
    0xf8, 0x9f, 0xf1, 0x0, 0x0, 0x0, 0xdf, 0xbb,
    0xff, 0xff, 0xff, 0xff, 0xff, 0xfd, 0xbf, 0xff,
    0xff, 0xff, 0xff, 0xff, 0xd9, 0xff, 0x10, 0x0,
    0x0, 0x0, 0x0, 0x5f, 0xf6, 0x0, 0x0, 0x0,
    0x0, 0x0, 0xff, 0xe3, 0x0, 0x0, 0x1a, 0x30,
    0x6, 0xff, 0xfb, 0x87, 0xaf, 0xff, 0x20, 0x8,
    0xff, 0xff, 0xff, 0xff, 0x70, 0x0, 0x3, 0xae,
    0xfe, 0xd9, 0x20, 0x0,

    /* U+0116 "Ė" */
    0x0, 0x0, 0xf, 0xff, 0x10, 0x0, 0x0, 0x0,
    0x0, 0xf, 0xff, 0x10, 0x0, 0x0, 0x0, 0x0,
    0xf, 0xff, 0x10, 0x0, 0x0, 0x0, 0x0, 0x5,
    0x55, 0x0, 0x0, 0x0, 0x0, 0x0, 0x0, 0x0,
    0x0, 0x0, 0x0, 0x0, 0x0, 0x0, 0x0, 0x0,
    0x0, 0x0, 0xef, 0xff, 0xff, 0xff, 0xff, 0xff,
    0xf0, 0xef, 0xff, 0xff, 0xff, 0xff, 0xff, 0xf0,
    0xef, 0xf8, 0x88, 0x88, 0x88, 0x88, 0x80, 0xef,
    0xf0, 0x0, 0x0, 0x0, 0x0, 0x0, 0xef, 0xf0,
    0x0, 0x0, 0x0, 0x0, 0x0, 0xef, 0xf0, 0x0,
    0x0, 0x0, 0x0, 0x0, 0xef, 0xf0, 0x0, 0x0,
    0x0, 0x0, 0x0, 0xef, 0xf0, 0x0, 0x0, 0x0,
    0x0, 0x0, 0xef, 0xff, 0xff, 0xff, 0xff, 0xff,
    0x20, 0xef, 0xff, 0xff, 0xff, 0xff, 0xff, 0x20,
    0xef, 0xf8, 0x88, 0x88, 0x88, 0x88, 0x10, 0xef,
    0xf0, 0x0, 0x0, 0x0, 0x0, 0x0, 0xef, 0xf0,
    0x0, 0x0, 0x0, 0x0, 0x0, 0xef, 0xf0, 0x0,
    0x0, 0x0, 0x0, 0x0, 0xef, 0xf0, 0x0, 0x0,
    0x0, 0x0, 0x0, 0xef, 0xf0, 0x0, 0x0, 0x0,
    0x0, 0x0, 0xef, 0xf8, 0x88, 0x88, 0x88, 0x88,
    0x80, 0xef, 0xff, 0xff, 0xff, 0xff, 0xff, 0xf0,
    0xef, 0xff, 0xff, 0xff, 0xff, 0xff, 0xf0,

    /* U+0117 "ė" */
    0x0, 0x0, 0xe, 0xff, 0x30, 0x0, 0x0, 0x0,
    0x0, 0xef, 0xf3, 0x0, 0x0, 0x0, 0x0, 0xe,
    0xff, 0x30, 0x0, 0x0, 0x0, 0x0, 0x45, 0x51,
    0x0, 0x0, 0x0, 0x0, 0x0, 0x0, 0x0, 0x0,
    0x0, 0x0, 0x3a, 0xef, 0xeb, 0x50, 0x0, 0x0,
    0x7f, 0xff, 0xff, 0xff, 0xb0, 0x0, 0x5f, 0xfe,
    0x85, 0x6c, 0xff, 0xa0, 0xe, 0xfe, 0x10, 0x0,
    0xa, 0xff, 0x25, 0xff, 0x50, 0x0, 0x0, 0x1f,
    0xf8, 0x9f, 0xf1, 0x0, 0x0, 0x0, 0xdf, 0xbb,
    0xff, 0xff, 0xff, 0xff, 0xff, 0xfd, 0xbf, 0xff,
    0xff, 0xff, 0xff, 0xff, 0xd9, 0xff, 0x10, 0x0,
    0x0, 0x0, 0x0, 0x5f, 0xf6, 0x0, 0x0, 0x0,
    0x0, 0x0, 0xff, 0xe3, 0x0, 0x0, 0x1a, 0x30,
    0x6, 0xff, 0xfb, 0x87, 0xaf, 0xff, 0x20, 0x8,
    0xff, 0xff, 0xff, 0xff, 0x70, 0x0, 0x3, 0xae,
    0xfe, 0xd9, 0x20, 0x0,

    /* U+0118 "Ę" */
    0xef, 0xff, 0xff, 0xff, 0xff, 0xff, 0xf0, 0xe,
    0xff, 0xff, 0xff, 0xff, 0xff, 0xff, 0x0, 0xef,
    0xf8, 0x88, 0x88, 0x88, 0x88, 0x80, 0xe, 0xff,
    0x0, 0x0, 0x0, 0x0, 0x0, 0x0, 0xef, 0xf0,
    0x0, 0x0, 0x0, 0x0, 0x0, 0xe, 0xff, 0x0,
    0x0, 0x0, 0x0, 0x0, 0x0, 0xef, 0xf0, 0x0,
    0x0, 0x0, 0x0, 0x0, 0xe, 0xff, 0x0, 0x0,
    0x0, 0x0, 0x0, 0x0, 0xef, 0xff, 0xff, 0xff,
    0xff, 0xff, 0x20, 0xe, 0xff, 0xff, 0xff, 0xff,
    0xff, 0xf2, 0x0, 0xef, 0xf8, 0x88, 0x88, 0x88,
    0x88, 0x10, 0xe, 0xff, 0x0, 0x0, 0x0, 0x0,
    0x0, 0x0, 0xef, 0xf0, 0x0, 0x0, 0x0, 0x0,
    0x0, 0xe, 0xff, 0x0, 0x0, 0x0, 0x0, 0x0,
    0x0, 0xef, 0xf0, 0x0, 0x0, 0x0, 0x0, 0x0,
    0xe, 0xff, 0x0, 0x0, 0x0, 0x0, 0x0, 0x0,
    0xef, 0xf8, 0x88, 0x88, 0x88, 0x88, 0x80, 0xe,
    0xff, 0xff, 0xff, 0xff, 0xff, 0xff, 0x0, 0xef,
    0xff, 0xff, 0xff, 0xff, 0xff, 0xf0, 0x0, 0x0,
    0x0, 0x0, 0x0, 0x1c, 0xe4, 0x0, 0x0, 0x0,
    0x0, 0x0, 0xc, 0xd1, 0x0, 0x0, 0x0, 0x0,
    0x0, 0x6, 0xf4, 0x0, 0x0, 0x0, 0x0, 0x0,
    0x0, 0x8f, 0x20, 0x12, 0x0, 0x0, 0x0, 0x0,
    0x5, 0xfc, 0x9e, 0xc0, 0x0, 0x0, 0x0, 0x0,
    0x7, 0xef, 0xb3, 0x0,

    /* U+0119 "ę" */
    0x0, 0x3, 0xae, 0xfe, 0xb5, 0x0, 0x0, 0x7,
    0xff, 0xff, 0xff, 0xfb, 0x0, 0x5, 0xff, 0xe8,
    0x56, 0xcf, 0xfa, 0x0, 0xef, 0xe1, 0x0, 0x0,
    0xaf, 0xf2, 0x5f, 0xf5, 0x0, 0x0, 0x1, 0xff,
    0x89, 0xff, 0x10, 0x0, 0x0, 0xd, 0xfb, 0xbf,
    0xff, 0xff, 0xff, 0xff, 0xff, 0xdb, 0xff, 0xff,
    0xff, 0xff, 0xff, 0xfd, 0x9f, 0xf1, 0x0, 0x0,
    0x0, 0x0, 0x5, 0xff, 0x60, 0x0, 0x0, 0x0,
    0x0, 0xf, 0xfe, 0x30, 0x0, 0x1, 0xa3, 0x0,
    0x6f, 0xff, 0xb8, 0x7a, 0xff, 0xf2, 0x0, 0x8f,
    0xff, 0xff, 0xff, 0xf7, 0x0, 0x0, 0x3a, 0xef,
    0xff, 0x92, 0x0, 0x0, 0x0, 0x5, 0xfa, 0x0,
    0x0, 0x0, 0x0, 0x2, 0xfa, 0x0, 0x0, 0x0,
    0x0, 0x0, 0x9f, 0x10, 0x0, 0x0, 0x0, 0x0,
    0xb, 0xf0, 0x3, 0x10, 0x0, 0x0, 0x0, 0x7f,
    0xba, 0xfa, 0x0, 0x0, 0x0, 0x0, 0x9e, 0xfa,
    0x10, 0x0,

    /* U+011A "Ě" */
    0x0, 0x4f, 0xd0, 0x0, 0xbf, 0x60, 0x0, 0x0,
    0x4, 0xfb, 0xa, 0xf6, 0x0, 0x0, 0x0, 0x0,
    0x5f, 0xdf, 0x60, 0x0, 0x0, 0x0, 0x0, 0x5,
    0xf7, 0x0, 0x0, 0x0, 0x0, 0x0, 0x0, 0x20,
    0x0, 0x0, 0x0, 0x0, 0x0, 0x0, 0x0, 0x0,
    0x0, 0x0, 0xef, 0xff, 0xff, 0xff, 0xff, 0xff,
    0xf0, 0xef, 0xff, 0xff, 0xff, 0xff, 0xff, 0xf0,
    0xef, 0xf8, 0x88, 0x88, 0x88, 0x88, 0x80, 0xef,
    0xf0, 0x0, 0x0, 0x0, 0x0, 0x0, 0xef, 0xf0,
    0x0, 0x0, 0x0, 0x0, 0x0, 0xef, 0xf0, 0x0,
    0x0, 0x0, 0x0, 0x0, 0xef, 0xf0, 0x0, 0x0,
    0x0, 0x0, 0x0, 0xef, 0xf0, 0x0, 0x0, 0x0,
    0x0, 0x0, 0xef, 0xff, 0xff, 0xff, 0xff, 0xff,
    0x20, 0xef, 0xff, 0xff, 0xff, 0xff, 0xff, 0x20,
    0xef, 0xf8, 0x88, 0x88, 0x88, 0x88, 0x10, 0xef,
    0xf0, 0x0, 0x0, 0x0, 0x0, 0x0, 0xef, 0xf0,
    0x0, 0x0, 0x0, 0x0, 0x0, 0xef, 0xf0, 0x0,
    0x0, 0x0, 0x0, 0x0, 0xef, 0xf0, 0x0, 0x0,
    0x0, 0x0, 0x0, 0xef, 0xf0, 0x0, 0x0, 0x0,
    0x0, 0x0, 0xef, 0xf8, 0x88, 0x88, 0x88, 0x88,
    0x80, 0xef, 0xff, 0xff, 0xff, 0xff, 0xff, 0xf0,
    0xef, 0xff, 0xff, 0xff, 0xff, 0xff, 0xf0,

    /* U+011B "ě" */
    0x0, 0x3f, 0xe2, 0x0, 0xbf, 0x60, 0x0, 0x0,
    0x3f, 0xe3, 0xbf, 0x70, 0x0, 0x0, 0x0, 0x4f,
    0xff, 0x80, 0x0, 0x0, 0x0, 0x0, 0x4f, 0x80,
    0x0, 0x0, 0x0, 0x0, 0x0, 0x20, 0x0, 0x0,
    0x0, 0x0, 0x3a, 0xef, 0xeb, 0x50, 0x0, 0x0,
    0x7f, 0xff, 0xff, 0xff, 0xb0, 0x0, 0x5f, 0xfe,
    0x85, 0x6c, 0xff, 0xa0, 0xe, 0xfe, 0x10, 0x0,
    0xa, 0xff, 0x25, 0xff, 0x50, 0x0, 0x0, 0x1f,
    0xf8, 0x9f, 0xf1, 0x0, 0x0, 0x0, 0xdf, 0xbb,
    0xff, 0xff, 0xff, 0xff, 0xff, 0xfd, 0xbf, 0xff,
    0xff, 0xff, 0xff, 0xff, 0xd9, 0xff, 0x10, 0x0,
    0x0, 0x0, 0x0, 0x5f, 0xf6, 0x0, 0x0, 0x0,
    0x0, 0x0, 0xff, 0xe3, 0x0, 0x0, 0x1a, 0x30,
    0x6, 0xff, 0xfb, 0x87, 0xaf, 0xff, 0x20, 0x8,
    0xff, 0xff, 0xff, 0xff, 0x70, 0x0, 0x3, 0xae,
    0xfe, 0xd9, 0x20, 0x0,

    /* U+011C "Ĝ" */
    0x0, 0x0, 0x0, 0x0, 0x5, 0x0, 0x0, 0x0,
    0x0, 0x0, 0x0, 0x0, 0x0, 0x9f, 0x70, 0x0,
    0x0, 0x0, 0x0, 0x0, 0x0, 0x8, 0xfe, 0xf6,
    0x0, 0x0, 0x0, 0x0, 0x0, 0x0, 0x7f, 0xb1,
    0xcf, 0x50, 0x0, 0x0, 0x0, 0x0, 0x6, 0xfc,
    0x0, 0x1d, 0xf4, 0x0, 0x0, 0x0, 0x0, 0x0,
    0x0, 0x0, 0x0, 0x0, 0x0, 0x0, 0x0, 0x0,
    0x0, 0x0, 0x0, 0x0, 0x0, 0x0, 0x0, 0x0,
    0x0, 0x3, 0x9d, 0xff, 0xec, 0x83, 0x0, 0x0,
    0x0, 0x1, 0xaf, 0xff, 0xff, 0xff, 0xff, 0xa1,
    0x0, 0x0, 0x2d, 0xff, 0xff, 0xdb, 0xdf, 0xff,
    0xfe, 0x20, 0x0, 0xcf, 0xfe, 0x60, 0x0, 0x0,
    0x6e, 0xff, 0xd0, 0x8, 0xff, 0xd1, 0x0, 0x0,
    0x0, 0x1, 0xdf, 0xf7, 0xf, 0xff, 0x30, 0x0,
    0x0, 0x0, 0x0, 0x3d, 0x83, 0x5f, 0xfb, 0x0,
    0x0, 0x0, 0x0, 0x0, 0x0, 0x0, 0x8f, 0xf5,
    0x0, 0x0, 0x0, 0x0, 0x0, 0x0, 0x0, 0xaf,
    0xf3, 0x0, 0x0, 0x0, 0x58, 0x88, 0x88, 0x86,
    0xbf, 0xf2, 0x0, 0x0, 0x0, 0xaf, 0xff, 0xff,
    0xfc, 0xaf, 0xf3, 0x0, 0x0, 0x0, 0xaf, 0xff,
    0xff, 0xfc, 0x8f, 0xf5, 0x0, 0x0, 0x0, 0x0,
    0x0, 0xd, 0xfc, 0x5f, 0xfb, 0x0, 0x0, 0x0,
    0x0, 0x0, 0x1f, 0xfc, 0xf, 0xff, 0x30, 0x0,
    0x0, 0x0, 0x0, 0x6f, 0xfc, 0x8, 0xff, 0xd1,
    0x0, 0x0, 0x0, 0x2, 0xff, 0xfc, 0x0, 0xdf,
    0xfe, 0x50, 0x0, 0x0, 0x6e, 0xff, 0xfc, 0x0,
    0x2e, 0xff, 0xff, 0xcb, 0xdf, 0xff, 0xbf, 0xfc,
    0x0, 0x1, 0xbf, 0xff, 0xff, 0xff, 0xfb, 0xe,
    0xfc, 0x0, 0x0, 0x4, 0x9d, 0xff, 0xea, 0x50,
    0xd, 0xfc,

    /* U+011D "ĝ" */
    0x0, 0x0, 0x0, 0x50, 0x0, 0x0, 0x0, 0x0,
    0x0, 0xb, 0xf5, 0x0, 0x0, 0x0, 0x0, 0x0,
    0xaf, 0xef, 0x40, 0x0, 0x0, 0x0, 0x9, 0xf9,
    0x1e, 0xf3, 0x0, 0x0, 0x0, 0x8f, 0xa0, 0x2,
    0xee, 0x20, 0x0, 0x0, 0x0, 0x0, 0x0, 0x0,
    0x6, 0x0, 0x0, 0x5, 0xbe, 0xfd, 0x72, 0xbf,
    0xb0, 0x0, 0xbf, 0xff, 0xff, 0xff, 0xff, 0x60,
    0x9, 0xff, 0xc5, 0x49, 0xff, 0xf4, 0x0, 0x1f,
    0xfd, 0x0, 0x0, 0x8f, 0xf4, 0x0, 0x3f, 0xf8,
    0x0, 0x0, 0x3f, 0xf8, 0x0, 0x3f, 0xf8, 0x0,
    0x0, 0x3f, 0xf8, 0x0, 0x1f, 0xfd, 0x0, 0x0,
    0x8f, 0xf6, 0x0, 0x9, 0xff, 0xb4, 0x38, 0xff,
    0xe0, 0x0, 0x4, 0xff, 0xff, 0xff, 0xff, 0x40,
    0x0, 0x1f, 0xfd, 0xce, 0xfd, 0x92, 0x0, 0x0,
    0x7f, 0xe0, 0x0, 0x0, 0x0, 0x0, 0x0, 0x8f,
    0xf8, 0x20, 0x0, 0x0, 0x0, 0x0, 0x2f, 0xff,
    0xff, 0xca, 0x73, 0x0, 0x0, 0x2, 0xff, 0xff,
    0xff, 0xff, 0xe4, 0x0, 0x2c, 0xfb, 0x47, 0xac,
    0xff, 0xff, 0x30, 0xef, 0xd0, 0x0, 0x0, 0x8,
    0xff, 0x80, 0xdf, 0xc0, 0x0, 0x0, 0x2, 0xff,
    0x80, 0x8f, 0xfa, 0x41, 0x0, 0x3c, 0xff, 0x40,
    0xa, 0xff, 0xff, 0xff, 0xff, 0xf8, 0x0, 0x0,
    0x49, 0xdf, 0xff, 0xd9, 0x30, 0x0,

    /* U+011E "Ğ" */
    0x0, 0x0, 0x6, 0x80, 0x0, 0x2, 0x85, 0x0,
    0x0, 0x0, 0x0, 0xc, 0xf6, 0x0, 0x9, 0xf9,
    0x0, 0x0, 0x0, 0x0, 0x5, 0xff, 0xca, 0xdf,
    0xf2, 0x0, 0x0, 0x0, 0x0, 0x0, 0x4b, 0xff,
    0xeb, 0x30, 0x0, 0x0, 0x0, 0x0, 0x0, 0x0,
    0x0, 0x0, 0x0, 0x0, 0x0, 0x0, 0x0, 0x0,
    0x0, 0x0, 0x0, 0x0, 0x0, 0x0, 0x0, 0x0,
    0x3, 0x9d, 0xff, 0xec, 0x83, 0x0, 0x0, 0x0,
    0x1, 0xaf, 0xff, 0xff, 0xff, 0xff, 0xa1, 0x0,
    0x0, 0x2d, 0xff, 0xff, 0xdb, 0xdf, 0xff, 0xfe,
    0x20, 0x0, 0xcf, 0xfe, 0x60, 0x0, 0x0, 0x6e,
    0xff, 0xd0, 0x8, 0xff, 0xd1, 0x0, 0x0, 0x0,
    0x1, 0xdf, 0xf7, 0xf, 0xff, 0x30, 0x0, 0x0,
    0x0, 0x0, 0x3d, 0x83, 0x5f, 0xfb, 0x0, 0x0,
    0x0, 0x0, 0x0, 0x0, 0x0, 0x8f, 0xf5, 0x0,
    0x0, 0x0, 0x0, 0x0, 0x0, 0x0, 0xaf, 0xf3,
    0x0, 0x0, 0x0, 0x58, 0x88, 0x88, 0x86, 0xbf,
    0xf2, 0x0, 0x0, 0x0, 0xaf, 0xff, 0xff, 0xfc,
    0xaf, 0xf3, 0x0, 0x0, 0x0, 0xaf, 0xff, 0xff,
    0xfc, 0x8f, 0xf5, 0x0, 0x0, 0x0, 0x0, 0x0,
    0xd, 0xfc, 0x5f, 0xfb, 0x0, 0x0, 0x0, 0x0,
    0x0, 0x1f, 0xfc, 0xf, 0xff, 0x30, 0x0, 0x0,
    0x0, 0x0, 0x6f, 0xfc, 0x8, 0xff, 0xd1, 0x0,
    0x0, 0x0, 0x2, 0xff, 0xfc, 0x0, 0xdf, 0xfe,
    0x50, 0x0, 0x0, 0x6e, 0xff, 0xfc, 0x0, 0x2e,
    0xff, 0xff, 0xcb, 0xdf, 0xff, 0xbf, 0xfc, 0x0,
    0x1, 0xbf, 0xff, 0xff, 0xff, 0xfb, 0xe, 0xfc,
    0x0, 0x0, 0x4, 0x9d, 0xff, 0xea, 0x50, 0xd,
    0xfc,

    /* U+011F "ğ" */
    0x0, 0xfd, 0x0, 0x0, 0x4f, 0x80, 0x0, 0x0,
    0xcf, 0x81, 0x3, 0xcf, 0x40, 0x0, 0x0, 0x3e,
    0xff, 0xff, 0xfa, 0x0, 0x0, 0x0, 0x1, 0x69,
    0x98, 0x40, 0x0, 0x0, 0x0, 0x0, 0x0, 0x0,
    0x0, 0x8, 0x10, 0x0, 0x5, 0xbe, 0xfd, 0x72,
    0xcf, 0xc0, 0x0, 0xbf, 0xff, 0xff, 0xff, 0xff,
    0x60, 0x9, 0xff, 0xc5, 0x49, 0xff, 0xf4, 0x0,
    0x1f, 0xfd, 0x0, 0x0, 0x8f, 0xf4, 0x0, 0x3f,
    0xf8, 0x0, 0x0, 0x3f, 0xf8, 0x0, 0x3f, 0xf8,
    0x0, 0x0, 0x3f, 0xf8, 0x0, 0x1f, 0xfd, 0x0,
    0x0, 0x8f, 0xf6, 0x0, 0x9, 0xff, 0xb4, 0x38,
    0xff, 0xe0, 0x0, 0x4, 0xff, 0xff, 0xff, 0xff,
    0x40, 0x0, 0x1f, 0xfd, 0xce, 0xfd, 0x92, 0x0,
    0x0, 0x7f, 0xe0, 0x0, 0x0, 0x0, 0x0, 0x0,
    0x8f, 0xf8, 0x20, 0x0, 0x0, 0x0, 0x0, 0x2f,
    0xff, 0xff, 0xca, 0x73, 0x0, 0x0, 0x2, 0xff,
    0xff, 0xff, 0xff, 0xe4, 0x0, 0x2c, 0xfb, 0x47,
    0xac, 0xff, 0xff, 0x30, 0xef, 0xd0, 0x0, 0x0,
    0x8, 0xff, 0x80, 0xdf, 0xc0, 0x0, 0x0, 0x2,
    0xff, 0x80, 0x8f, 0xfa, 0x41, 0x0, 0x3c, 0xff,
    0x40, 0xa, 0xff, 0xff, 0xff, 0xff, 0xf8, 0x0,
    0x0, 0x49, 0xdf, 0xff, 0xd9, 0x30, 0x0,

    /* U+0120 "Ġ" */
    0x0, 0x0, 0x0, 0x0, 0x55, 0x40, 0x0, 0x0,
    0x0, 0x0, 0x0, 0x0, 0x2, 0xff, 0xf0, 0x0,
    0x0, 0x0, 0x0, 0x0, 0x0, 0x2, 0xff, 0xf0,
    0x0, 0x0, 0x0, 0x0, 0x0, 0x0, 0x2, 0xff,
    0xf0, 0x0, 0x0, 0x0, 0x0, 0x0, 0x0, 0x0,
    0x0, 0x0, 0x0, 0x0, 0x0, 0x0, 0x0, 0x0,
    0x0, 0x0, 0x0, 0x0, 0x0, 0x0, 0x0, 0x0,
    0x0, 0x0, 0x0, 0x0, 0x0, 0x0, 0x0, 0x0,
    0x0, 0x3, 0x9d, 0xff, 0xec, 0x83, 0x0, 0x0,
    0x0, 0x1, 0xaf, 0xff, 0xff, 0xff, 0xff, 0xa1,
    0x0, 0x0, 0x2d, 0xff, 0xff, 0xdb, 0xdf, 0xff,
    0xfe, 0x20, 0x0, 0xcf, 0xfe, 0x60, 0x0, 0x0,
    0x6e, 0xff, 0xd0, 0x8, 0xff, 0xd1, 0x0, 0x0,
    0x0, 0x1, 0xdf, 0xf7, 0xf, 0xff, 0x30, 0x0,
    0x0, 0x0, 0x0, 0x3d, 0x83, 0x5f, 0xfb, 0x0,
    0x0, 0x0, 0x0, 0x0, 0x0, 0x0, 0x8f, 0xf5,
    0x0, 0x0, 0x0, 0x0, 0x0, 0x0, 0x0, 0xaf,
    0xf3, 0x0, 0x0, 0x0, 0x58, 0x88, 0x88, 0x86,
    0xbf, 0xf2, 0x0, 0x0, 0x0, 0xaf, 0xff, 0xff,
    0xfc, 0xaf, 0xf3, 0x0, 0x0, 0x0, 0xaf, 0xff,
    0xff, 0xfc, 0x8f, 0xf5, 0x0, 0x0, 0x0, 0x0,
    0x0, 0xd, 0xfc, 0x5f, 0xfb, 0x0, 0x0, 0x0,
    0x0, 0x0, 0x1f, 0xfc, 0xf, 0xff, 0x30, 0x0,
    0x0, 0x0, 0x0, 0x6f, 0xfc, 0x8, 0xff, 0xd1,
    0x0, 0x0, 0x0, 0x2, 0xff, 0xfc, 0x0, 0xdf,
    0xfe, 0x50, 0x0, 0x0, 0x6e, 0xff, 0xfc, 0x0,
    0x2e, 0xff, 0xff, 0xcb, 0xdf, 0xff, 0xbf, 0xfc,
    0x0, 0x1, 0xbf, 0xff, 0xff, 0xff, 0xfb, 0xe,
    0xfc, 0x0, 0x0, 0x4, 0x9d, 0xff, 0xea, 0x50,
    0xd, 0xfc,

    /* U+0121 "ġ" */
    0x0, 0x0, 0x4f, 0xfd, 0x0, 0x0, 0x0, 0x0,
    0x0, 0x4f, 0xfd, 0x0, 0x0, 0x0, 0x0, 0x0,
    0x4f, 0xfd, 0x0, 0x0, 0x0, 0x0, 0x0, 0x15,
    0x54, 0x0, 0x0, 0x0, 0x0, 0x0, 0x0, 0x0,
    0x0, 0x6, 0x0, 0x0, 0x5, 0xbe, 0xfd, 0x72,
    0xbf, 0xb0, 0x0, 0xbf, 0xff, 0xff, 0xff, 0xff,
    0x60, 0x9, 0xff, 0xc5, 0x49, 0xff, 0xf4, 0x0,
    0x1f, 0xfd, 0x0, 0x0, 0x8f, 0xf4, 0x0, 0x3f,
    0xf8, 0x0, 0x0, 0x3f, 0xf8, 0x0, 0x3f, 0xf8,
    0x0, 0x0, 0x3f, 0xf8, 0x0, 0x1f, 0xfd, 0x0,
    0x0, 0x8f, 0xf6, 0x0, 0x9, 0xff, 0xb4, 0x38,
    0xff, 0xe0, 0x0, 0x4, 0xff, 0xff, 0xff, 0xff,
    0x40, 0x0, 0x1f, 0xfd, 0xce, 0xfd, 0x92, 0x0,
    0x0, 0x7f, 0xe0, 0x0, 0x0, 0x0, 0x0, 0x0,
    0x8f, 0xf8, 0x20, 0x0, 0x0, 0x0, 0x0, 0x2f,
    0xff, 0xff, 0xca, 0x73, 0x0, 0x0, 0x2, 0xff,
    0xff, 0xff, 0xff, 0xe4, 0x0, 0x2c, 0xfb, 0x47,
    0xac, 0xff, 0xff, 0x30, 0xef, 0xd0, 0x0, 0x0,
    0x8, 0xff, 0x80, 0xdf, 0xc0, 0x0, 0x0, 0x2,
    0xff, 0x80, 0x8f, 0xfa, 0x41, 0x0, 0x3c, 0xff,
    0x40, 0xa, 0xff, 0xff, 0xff, 0xff, 0xf8, 0x0,
    0x0, 0x49, 0xdf, 0xff, 0xd9, 0x30, 0x0,

    /* U+0122 "Ģ" */
    0x0, 0x0, 0x3, 0x9d, 0xff, 0xec, 0x82, 0x0,
    0x0, 0x0, 0x1, 0xaf, 0xff, 0xff, 0xff, 0xff,
    0x90, 0x0, 0x0, 0x2d, 0xff, 0xff, 0xdb, 0xdf,
    0xff, 0xfd, 0x10, 0x0, 0xcf, 0xfe, 0x60, 0x0,
    0x1, 0x7f, 0xff, 0xb0, 0x8, 0xff, 0xd1, 0x0,
    0x0, 0x0, 0x3, 0xef, 0xf5, 0xf, 0xff, 0x30,
    0x0, 0x0, 0x0, 0x0, 0x5f, 0xc5, 0x5f, 0xfb,
    0x0, 0x0, 0x0, 0x0, 0x0, 0x2, 0x0, 0x8f,
    0xf5, 0x0, 0x0, 0x0, 0x0, 0x0, 0x0, 0x0,
    0xaf, 0xf3, 0x0, 0x0, 0x0, 0x0, 0x0, 0x0,
    0x0, 0xbf, 0xf2, 0x0, 0x0, 0x0, 0xaf, 0xff,
    0xff, 0xfc, 0xaf, 0xf3, 0x0, 0x0, 0x0, 0xaf,
    0xff, 0xff, 0xfc, 0x8f, 0xf5, 0x0, 0x0, 0x0,
    0x58, 0x88, 0x8f, 0xfc, 0x5f, 0xfb, 0x0, 0x0,
    0x0, 0x0, 0x0, 0xf, 0xfc, 0xf, 0xff, 0x30,
    0x0, 0x0, 0x0, 0x0, 0x5f, 0xfc, 0x8, 0xff,
    0xd1, 0x0, 0x0, 0x0, 0x1, 0xef, 0xfc, 0x0,
    0xdf, 0xfe, 0x50, 0x0, 0x0, 0x5e, 0xff, 0xfc,
    0x0, 0x2e, 0xff, 0xff, 0xcb, 0xdf, 0xff, 0xcf,
    0xfc, 0x0, 0x1, 0xbf, 0xff, 0xff, 0xff, 0xfc,
    0x1e, 0xfc, 0x0, 0x0, 0x4, 0x9d, 0xff, 0xeb,
    0x50, 0xd, 0xfc, 0x0, 0x0, 0x0, 0x0, 0x0,
    0x0, 0x0, 0x0, 0x0, 0x0, 0x0, 0x0, 0x2,
    0xbb, 0x60, 0x0, 0x0, 0x0, 0x0, 0x0, 0x0,
    0x9, 0xfe, 0x10, 0x0, 0x0, 0x0, 0x0, 0x0,
    0x0, 0x1f, 0xf4, 0x0, 0x0, 0x0, 0x0, 0x0,
    0x0, 0x0, 0x7f, 0x80, 0x0, 0x0, 0x0, 0x0,
    0x0, 0x0, 0x0, 0xed, 0x0, 0x0, 0x0, 0x0,
    0x0,

    /* U+0123 "ģ" */
    0x0, 0x0, 0x0, 0x5f, 0x80, 0x0, 0x0, 0x0,
    0x0, 0x3, 0xfe, 0x0, 0x0, 0x0, 0x0, 0x0,
    0x2e, 0xf6, 0x0, 0x0, 0x0, 0x0, 0x0, 0xac,
    0xa0, 0x0, 0x0, 0x0, 0x0, 0x0, 0x0, 0x0,
    0x0, 0x7, 0x10, 0x0, 0x5, 0xbe, 0xfd, 0x72,
    0xbf, 0xb0, 0x0, 0xbf, 0xff, 0xff, 0xff, 0xff,
    0x60, 0x9, 0xff, 0xc5, 0x49, 0xff, 0xf4, 0x0,
    0x1f, 0xfd, 0x0, 0x0, 0x8f, 0xf4, 0x0, 0x3f,
    0xf8, 0x0, 0x0, 0x3f, 0xf8, 0x0, 0x3f, 0xf8,
    0x0, 0x0, 0x3f, 0xf8, 0x0, 0x1f, 0xfd, 0x0,
    0x0, 0x8f, 0xf6, 0x0, 0x9, 0xff, 0xb4, 0x38,
    0xff, 0xe0, 0x0, 0x4, 0xff, 0xff, 0xff, 0xff,
    0x40, 0x0, 0x1f, 0xfd, 0xce, 0xfd, 0x92, 0x0,
    0x0, 0x7f, 0xe0, 0x0, 0x0, 0x0, 0x0, 0x0,
    0x8f, 0xf8, 0x20, 0x0, 0x0, 0x0, 0x0, 0x2f,
    0xff, 0xff, 0xca, 0x73, 0x0, 0x0, 0x2, 0xff,
    0xff, 0xff, 0xff, 0xe4, 0x0, 0x2c, 0xfb, 0x47,
    0xac, 0xff, 0xff, 0x30, 0xef, 0xd0, 0x0, 0x0,
    0x8, 0xff, 0x80, 0xdf, 0xc0, 0x0, 0x0, 0x2,
    0xff, 0x80, 0x8f, 0xfa, 0x41, 0x0, 0x3c, 0xff,
    0x40, 0xa, 0xff, 0xff, 0xff, 0xff, 0xf8, 0x0,
    0x0, 0x49, 0xdf, 0xff, 0xd9, 0x30, 0x0,

    /* U+0124 "Ĥ" */
    0x0, 0x0, 0x0, 0x5, 0x0, 0x0, 0x0, 0x0,
    0x0, 0x0, 0x0, 0x7f, 0x90, 0x0, 0x0, 0x0,
    0x0, 0x0, 0x6, 0xfe, 0xf8, 0x0, 0x0, 0x0,
    0x0, 0x0, 0x5f, 0xc1, 0xbf, 0x70, 0x0, 0x0,
    0x0, 0x4, 0xfd, 0x10, 0xc, 0xf5, 0x0, 0x0,
    0x0, 0x0, 0x0, 0x0, 0x0, 0x0, 0x0, 0x0,
    0x0, 0x0, 0x0, 0x0, 0x0, 0x0, 0x0, 0x0,
    0xef, 0xf0, 0x0, 0x0, 0x0, 0x0, 0xdf, 0xf0,
    0xef, 0xf0, 0x0, 0x0, 0x0, 0x0, 0xdf, 0xf0,
    0xef, 0xf0, 0x0, 0x0, 0x0, 0x0, 0xdf, 0xf0,
    0xef, 0xf0, 0x0, 0x0, 0x0, 0x0, 0xdf, 0xf0,
    0xef, 0xf0, 0x0, 0x0, 0x0, 0x0, 0xdf, 0xf0,
    0xef, 0xf0, 0x0, 0x0, 0x0, 0x0, 0xdf, 0xf0,
    0xef, 0xf0, 0x0, 0x0, 0x0, 0x0, 0xdf, 0xf0,
    0xef, 0xf0, 0x0, 0x0, 0x0, 0x0, 0xdf, 0xf0,
    0xef, 0xff, 0xff, 0xff, 0xff, 0xff, 0xff, 0xf0,
    0xef, 0xff, 0xff, 0xff, 0xff, 0xff, 0xff, 0xf0,
    0xef, 0xfa, 0xaa, 0xaa, 0xaa, 0xaa, 0xff, 0xf0,
    0xef, 0xf0, 0x0, 0x0, 0x0, 0x0, 0xdf, 0xf0,
    0xef, 0xf0, 0x0, 0x0, 0x0, 0x0, 0xdf, 0xf0,
    0xef, 0xf0, 0x0, 0x0, 0x0, 0x0, 0xdf, 0xf0,
    0xef, 0xf0, 0x0, 0x0, 0x0, 0x0, 0xdf, 0xf0,
    0xef, 0xf0, 0x0, 0x0, 0x0, 0x0, 0xdf, 0xf0,
    0xef, 0xf0, 0x0, 0x0, 0x0, 0x0, 0xdf, 0xf0,
    0xef, 0xf0, 0x0, 0x0, 0x0, 0x0, 0xdf, 0xf0,
    0xef, 0xf0, 0x0, 0x0, 0x0, 0x0, 0xdf, 0xf0,

    /* U+0125 "ĥ" */
    0x0, 0x0, 0x50, 0x0, 0x0, 0x0, 0x0, 0x0,
    0x0, 0xbf, 0x50, 0x0, 0x0, 0x0, 0x0, 0x0,
    0xaf, 0xef, 0x40, 0x0, 0x0, 0x0, 0x0, 0x9f,
    0x91, 0xef, 0x30, 0x0, 0x0, 0x0, 0x8f, 0xb0,
    0x2, 0xef, 0x30, 0x0, 0x0, 0x0, 0x0, 0x0,
    0x0, 0x0, 0x0, 0x0, 0x0, 0x0, 0x0, 0x0,
    0x0, 0x0, 0x0, 0x0, 0x0, 0x1, 0xff, 0xa0,
    0x0, 0x0, 0x0, 0x0, 0x0, 0x1f, 0xfa, 0x0,
    0x0, 0x0, 0x0, 0x0, 0x1, 0xff, 0xa0, 0x0,
    0x0, 0x0, 0x0, 0x0, 0x1f, 0xfa, 0x0, 0x0,
    0x0, 0x0, 0x0, 0x1, 0xff, 0xa0, 0x0, 0x0,
    0x0, 0x0, 0x0, 0x1f, 0xfa, 0x6, 0xcf, 0xfc,
    0x50, 0x0, 0x1, 0xff, 0xbb, 0xff, 0xff, 0xff,
    0x80, 0x0, 0x1f, 0xff, 0xfc, 0x77, 0xbf, 0xff,
    0x20, 0x1, 0xff, 0xf9, 0x0, 0x0, 0xaf, 0xf8,
    0x0, 0x1f, 0xff, 0x10, 0x0, 0x3, 0xff, 0xa0,
    0x1, 0xff, 0xc0, 0x0, 0x0, 0x1f, 0xfb, 0x0,
    0x1f, 0xfb, 0x0, 0x0, 0x0, 0xff, 0xb0, 0x1,
    0xff, 0xa0, 0x0, 0x0, 0xf, 0xfb, 0x0, 0x1f,
    0xfa, 0x0, 0x0, 0x0, 0xff, 0xb0, 0x1, 0xff,
    0xa0, 0x0, 0x0, 0xf, 0xfb, 0x0, 0x1f, 0xfa,
    0x0, 0x0, 0x0, 0xff, 0xb0, 0x1, 0xff, 0xa0,
    0x0, 0x0, 0xf, 0xfb, 0x0, 0x1f, 0xfa, 0x0,
    0x0, 0x0, 0xff, 0xb0, 0x1, 0xff, 0xa0, 0x0,
    0x0, 0xf, 0xfb,

    /* U+0126 "Ħ" */
    0x0, 0xef, 0xf0, 0x0, 0x0, 0x0, 0x0, 0xdf,
    0xf0, 0x0, 0xe, 0xff, 0x0, 0x0, 0x0, 0x0,
    0xd, 0xff, 0x0, 0x0, 0xef, 0xf0, 0x0, 0x0,
    0x0, 0x0, 0xdf, 0xf0, 0x8, 0xff, 0xff, 0xff,
    0xff, 0xff, 0xff, 0xff, 0xff, 0xfa, 0x5a, 0xff,
    0xfa, 0xaa, 0xaa, 0xaa, 0xaa, 0xff, 0xfa, 0x60,
    0xe, 0xff, 0x0, 0x0, 0x0, 0x0, 0xd, 0xff,
    0x0, 0x0, 0xef, 0xf0, 0x0, 0x0, 0x0, 0x0,
    0xdf, 0xf0, 0x0, 0xe, 0xff, 0x0, 0x0, 0x0,
    0x0, 0xd, 0xff, 0x0, 0x0, 0xef, 0xff, 0xff,
    0xff, 0xff, 0xff, 0xff, 0xf0, 0x0, 0xe, 0xff,
    0xff, 0xff, 0xff, 0xff, 0xff, 0xff, 0x0, 0x0,
    0xef, 0xfa, 0xaa, 0xaa, 0xaa, 0xaa, 0xff, 0xf0,
    0x0, 0xe, 0xff, 0x0, 0x0, 0x0, 0x0, 0xd,
    0xff, 0x0, 0x0, 0xef, 0xf0, 0x0, 0x0, 0x0,
    0x0, 0xdf, 0xf0, 0x0, 0xe, 0xff, 0x0, 0x0,
    0x0, 0x0, 0xd, 0xff, 0x0, 0x0, 0xef, 0xf0,
    0x0, 0x0, 0x0, 0x0, 0xdf, 0xf0, 0x0, 0xe,
    0xff, 0x0, 0x0, 0x0, 0x0, 0xd, 0xff, 0x0,
    0x0, 0xef, 0xf0, 0x0, 0x0, 0x0, 0x0, 0xdf,
    0xf0, 0x0, 0xe, 0xff, 0x0, 0x0, 0x0, 0x0,
    0xd, 0xff, 0x0, 0x0, 0xef, 0xf0, 0x0, 0x0,
    0x0, 0x0, 0xdf, 0xf0, 0x0,

    /* U+0127 "ħ" */
    0x1, 0xff, 0xa0, 0x0, 0x0, 0x0, 0x0, 0x7f,
    0xff, 0xfd, 0xdd, 0xb0, 0x0, 0x0, 0x8f, 0xff,
    0xff, 0xff, 0xd0, 0x0, 0x0, 0x1, 0xff, 0xa0,
    0x0, 0x0, 0x0, 0x0, 0x1, 0xff, 0xa0, 0x0,
    0x0, 0x0, 0x0, 0x1, 0xff, 0xa0, 0x6c, 0xff,
    0xc5, 0x0, 0x1, 0xff, 0xbb, 0xff, 0xff, 0xff,
    0x80, 0x1, 0xff, 0xff, 0xc7, 0x7b, 0xff, 0xf2,
    0x1, 0xff, 0xf9, 0x0, 0x0, 0xaf, 0xf8, 0x1,
    0xff, 0xf1, 0x0, 0x0, 0x3f, 0xfa, 0x1, 0xff,
    0xc0, 0x0, 0x0, 0x1f, 0xfb, 0x1, 0xff, 0xb0,
    0x0, 0x0, 0xf, 0xfb, 0x1, 0xff, 0xa0, 0x0,
    0x0, 0xf, 0xfb, 0x1, 0xff, 0xa0, 0x0, 0x0,
    0xf, 0xfb, 0x1, 0xff, 0xa0, 0x0, 0x0, 0xf,
    0xfb, 0x1, 0xff, 0xa0, 0x0, 0x0, 0xf, 0xfb,
    0x1, 0xff, 0xa0, 0x0, 0x0, 0xf, 0xfb, 0x1,
    0xff, 0xa0, 0x0, 0x0, 0xf, 0xfb, 0x1, 0xff,
    0xa0, 0x0, 0x0, 0xf, 0xfb,

    /* U+0128 "Ĩ" */
    0x0, 0x37, 0x50, 0x0, 0x58, 0x0, 0x4f, 0xff,
    0xa0, 0xb, 0xf0, 0xc, 0xe1, 0x8f, 0x94, 0xfb,
    0x0, 0xfa, 0x0, 0x8f, 0xfe, 0x30, 0x5, 0x30,
    0x0, 0x24, 0x10, 0x0, 0x0, 0x0, 0x0, 0x0,
    0x0, 0x0, 0x0, 0xef, 0xf0, 0x0, 0x0, 0x0,
    0xe, 0xff, 0x0, 0x0, 0x0, 0x0, 0xef, 0xf0,
    0x0, 0x0, 0x0, 0xe, 0xff, 0x0, 0x0, 0x0,
    0x0, 0xef, 0xf0, 0x0, 0x0, 0x0, 0xe, 0xff,
    0x0, 0x0, 0x0, 0x0, 0xef, 0xf0, 0x0, 0x0,
    0x0, 0xe, 0xff, 0x0, 0x0, 0x0, 0x0, 0xef,
    0xf0, 0x0, 0x0, 0x0, 0xe, 0xff, 0x0, 0x0,
    0x0, 0x0, 0xef, 0xf0, 0x0, 0x0, 0x0, 0xe,
    0xff, 0x0, 0x0, 0x0, 0x0, 0xef, 0xf0, 0x0,
    0x0, 0x0, 0xe, 0xff, 0x0, 0x0, 0x0, 0x0,
    0xef, 0xf0, 0x0, 0x0, 0x0, 0xe, 0xff, 0x0,
    0x0, 0x0, 0x0, 0xef, 0xf0, 0x0, 0x0, 0x0,
    0xe, 0xff, 0x0, 0x0, 0x0, 0x0, 0xef, 0xf0,
    0x0, 0x0,

    /* U+0129 "ĩ" */
    0x3, 0xcf, 0xd5, 0x0, 0xfb, 0x1e, 0xfc, 0xff,
    0xdd, 0xf7, 0x4f, 0x60, 0x2b, 0xfe, 0x90, 0x0,
    0x0, 0x0, 0x0, 0x0, 0x0, 0x0, 0x0, 0x0,
    0x0, 0x0, 0x2, 0xff, 0xa0, 0x0, 0x0, 0x2,
    0xff, 0xa0, 0x0, 0x0, 0x2, 0xff, 0xa0, 0x0,
    0x0, 0x2, 0xff, 0xa0, 0x0, 0x0, 0x2, 0xff,
    0xa0, 0x0, 0x0, 0x2, 0xff, 0xa0, 0x0, 0x0,
    0x2, 0xff, 0xa0, 0x0, 0x0, 0x2, 0xff, 0xa0,
    0x0, 0x0, 0x2, 0xff, 0xa0, 0x0, 0x0, 0x2,
    0xff, 0xa0, 0x0, 0x0, 0x2, 0xff, 0xa0, 0x0,
    0x0, 0x2, 0xff, 0xa0, 0x0, 0x0, 0x2, 0xff,
    0xa0, 0x0, 0x0, 0x2, 0xff, 0xa0, 0x0,

    /* U+012A "Ī" */
    0x2a, 0xaa, 0xaa, 0xaa, 0x34, 0xff, 0xff, 0xff,
    0xf5, 0x0, 0x0, 0x0, 0x0, 0x0, 0x0, 0x0,
    0x0, 0x0, 0x0, 0x0, 0x0, 0x0, 0x0, 0x0,
    0xef, 0xf0, 0x0, 0x0, 0xe, 0xff, 0x0, 0x0,
    0x0, 0xef, 0xf0, 0x0, 0x0, 0xe, 0xff, 0x0,
    0x0, 0x0, 0xef, 0xf0, 0x0, 0x0, 0xe, 0xff,
    0x0, 0x0, 0x0, 0xef, 0xf0, 0x0, 0x0, 0xe,
    0xff, 0x0, 0x0, 0x0, 0xef, 0xf0, 0x0, 0x0,
    0xe, 0xff, 0x0, 0x0, 0x0, 0xef, 0xf0, 0x0,
    0x0, 0xe, 0xff, 0x0, 0x0, 0x0, 0xef, 0xf0,
    0x0, 0x0, 0xe, 0xff, 0x0, 0x0, 0x0, 0xef,
    0xf0, 0x0, 0x0, 0xe, 0xff, 0x0, 0x0, 0x0,
    0xef, 0xf0, 0x0, 0x0, 0xe, 0xff, 0x0, 0x0,
    0x0, 0xef, 0xf0, 0x0,

    /* U+012B "ī" */
    0x6a, 0xaa, 0xaa, 0xaa, 0x9, 0xff, 0xff, 0xff,
    0xf1, 0x0, 0x0, 0x0, 0x0, 0x0, 0x0, 0x0,
    0x0, 0x0, 0x0, 0x2f, 0xfa, 0x0, 0x0, 0x2,
    0xff, 0xa0, 0x0, 0x0, 0x2f, 0xfa, 0x0, 0x0,
    0x2, 0xff, 0xa0, 0x0, 0x0, 0x2f, 0xfa, 0x0,
    0x0, 0x2, 0xff, 0xa0, 0x0, 0x0, 0x2f, 0xfa,
    0x0, 0x0, 0x2, 0xff, 0xa0, 0x0, 0x0, 0x2f,
    0xfa, 0x0, 0x0, 0x2, 0xff, 0xa0, 0x0, 0x0,
    0x2f, 0xfa, 0x0, 0x0, 0x2, 0xff, 0xa0, 0x0,
    0x0, 0x2f, 0xfa, 0x0, 0x0, 0x2, 0xff, 0xa0,
    0x0,

    /* U+012C "Ĭ" */
    0x58, 0x10, 0x0, 0x18, 0x6a, 0xf6, 0x0, 0x4,
    0xfb, 0x5f, 0xe4, 0x3, 0xdf, 0x70, 0xbf, 0xff,
    0xff, 0xc0, 0x0, 0x49, 0xa9, 0x50, 0x0, 0x0,
    0x0, 0x0, 0x0, 0x0, 0xe, 0xff, 0x0, 0x0,
    0x0, 0xef, 0xf0, 0x0, 0x0, 0xe, 0xff, 0x0,
    0x0, 0x0, 0xef, 0xf0, 0x0, 0x0, 0xe, 0xff,
    0x0, 0x0, 0x0, 0xef, 0xf0, 0x0, 0x0, 0xe,
    0xff, 0x0, 0x0, 0x0, 0xef, 0xf0, 0x0, 0x0,
    0xe, 0xff, 0x0, 0x0, 0x0, 0xef, 0xf0, 0x0,
    0x0, 0xe, 0xff, 0x0, 0x0, 0x0, 0xef, 0xf0,
    0x0, 0x0, 0xe, 0xff, 0x0, 0x0, 0x0, 0xef,
    0xf0, 0x0, 0x0, 0xe, 0xff, 0x0, 0x0, 0x0,
    0xef, 0xf0, 0x0, 0x0, 0xe, 0xff, 0x0, 0x0,
    0x0, 0xef, 0xf0, 0x0, 0x0, 0xe, 0xff, 0x0,
    0x0,

    /* U+012D "ĭ" */
    0xf, 0xd0, 0x0, 0x5, 0xf7, 0xc, 0xf7, 0x10,
    0x3d, 0xf4, 0x3, 0xff, 0xff, 0xff, 0xa0, 0x0,
    0x16, 0x99, 0x84, 0x0, 0x0, 0x0, 0x0, 0x0,
    0x0, 0x0, 0x2, 0xff, 0xa0, 0x0, 0x0, 0x2,
    0xff, 0xa0, 0x0, 0x0, 0x2, 0xff, 0xa0, 0x0,
    0x0, 0x2, 0xff, 0xa0, 0x0, 0x0, 0x2, 0xff,
    0xa0, 0x0, 0x0, 0x2, 0xff, 0xa0, 0x0, 0x0,
    0x2, 0xff, 0xa0, 0x0, 0x0, 0x2, 0xff, 0xa0,
    0x0, 0x0, 0x2, 0xff, 0xa0, 0x0, 0x0, 0x2,
    0xff, 0xa0, 0x0, 0x0, 0x2, 0xff, 0xa0, 0x0,
    0x0, 0x2, 0xff, 0xa0, 0x0, 0x0, 0x2, 0xff,
    0xa0, 0x0, 0x0, 0x2, 0xff, 0xa0, 0x0,

    /* U+012E "Į" */
    0x0, 0xef, 0xf0, 0x0, 0xef, 0xf0, 0x0, 0xef,
    0xf0, 0x0, 0xef, 0xf0, 0x0, 0xef, 0xf0, 0x0,
    0xef, 0xf0, 0x0, 0xef, 0xf0, 0x0, 0xef, 0xf0,
    0x0, 0xef, 0xf0, 0x0, 0xef, 0xf0, 0x0, 0xef,
    0xf0, 0x0, 0xef, 0xf0, 0x0, 0xef, 0xf0, 0x0,
    0xef, 0xf0, 0x0, 0xef, 0xf0, 0x0, 0xef, 0xf0,
    0x0, 0xef, 0xf0, 0x0, 0xef, 0xf0, 0x0, 0xef,
    0xf0, 0x1, 0xcd, 0x30, 0xd, 0xd1, 0x0, 0x7f,
    0x30, 0x0, 0x9f, 0x10, 0x22, 0x5f, 0xca, 0xfc,
    0x7, 0xef, 0xb2,

    /* U+012F "į" */
    0x5, 0xff, 0xc0, 0x5, 0xff, 0xc0, 0x5, 0xff,
    0xc0, 0x1, 0x55, 0x30, 0x0, 0x0, 0x0, 0x2,
    0xff, 0xa0, 0x2, 0xff, 0xa0, 0x2, 0xff, 0xa0,
    0x2, 0xff, 0xa0, 0x2, 0xff, 0xa0, 0x2, 0xff,
    0xa0, 0x2, 0xff, 0xa0, 0x2, 0xff, 0xa0, 0x2,
    0xff, 0xa0, 0x2, 0xff, 0xa0, 0x2, 0xff, 0xa0,
    0x2, 0xff, 0xa0, 0x2, 0xff, 0xa0, 0x2, 0xff,
    0xa0, 0x5, 0xfa, 0x10, 0x3f, 0x80, 0x0, 0xcd,
    0x0, 0x0, 0xec, 0x0, 0x40, 0xbf, 0xab, 0xf6,
    0x1a, 0xfe, 0x80,

    /* U+0130 "İ" */
    0xf, 0xff, 0x10, 0xff, 0xf1, 0xf, 0xff, 0x10,
    0x55, 0x50, 0x0, 0x0, 0x0, 0x0, 0x0, 0xe,
    0xff, 0x0, 0xef, 0xf0, 0xe, 0xff, 0x0, 0xef,
    0xf0, 0xe, 0xff, 0x0, 0xef, 0xf0, 0xe, 0xff,
    0x0, 0xef, 0xf0, 0xe, 0xff, 0x0, 0xef, 0xf0,
    0xe, 0xff, 0x0, 0xef, 0xf0, 0xe, 0xff, 0x0,
    0xef, 0xf0, 0xe, 0xff, 0x0, 0xef, 0xf0, 0xe,
    0xff, 0x0, 0xef, 0xf0, 0xe, 0xff, 0x0,

    /* U+0131 "ı" */
    0x2f, 0xfa, 0x2f, 0xfa, 0x2f, 0xfa, 0x2f, 0xfa,
    0x2f, 0xfa, 0x2f, 0xfa, 0x2f, 0xfa, 0x2f, 0xfa,
    0x2f, 0xfa, 0x2f, 0xfa, 0x2f, 0xfa, 0x2f, 0xfa,
    0x2f, 0xfa, 0x2f, 0xfa,

    /* U+0132 "Ĳ" */
    0xef, 0xf0, 0x0, 0x0, 0xdf, 0xff, 0xff, 0xff,
    0xff, 0xae, 0xff, 0x0, 0x0, 0xd, 0xff, 0xff,
    0xff, 0xff, 0xfa, 0xef, 0xf0, 0x0, 0x0, 0x68,
    0x88, 0x88, 0x8a, 0xff, 0xae, 0xff, 0x0, 0x0,
    0x0, 0x0, 0x0, 0x0, 0x3f, 0xfa, 0xef, 0xf0,
    0x0, 0x0, 0x0, 0x0, 0x0, 0x3, 0xff, 0xae,
    0xff, 0x0, 0x0, 0x0, 0x0, 0x0, 0x0, 0x3f,
    0xfa, 0xef, 0xf0, 0x0, 0x0, 0x0, 0x0, 0x0,
    0x3, 0xff, 0xae, 0xff, 0x0, 0x0, 0x0, 0x0,
    0x0, 0x0, 0x3f, 0xfa, 0xef, 0xf0, 0x0, 0x0,
    0x0, 0x0, 0x0, 0x3, 0xff, 0xae, 0xff, 0x0,
    0x0, 0x0, 0x0, 0x0, 0x0, 0x3f, 0xfa, 0xef,
    0xf0, 0x0, 0x0, 0x0, 0x0, 0x0, 0x3, 0xff,
    0xae, 0xff, 0x0, 0x0, 0x0, 0x0, 0x0, 0x0,
    0x3f, 0xfa, 0xef, 0xf0, 0x0, 0x24, 0x30, 0x0,
    0x0, 0x4, 0xff, 0x9e, 0xff, 0x0, 0x2f, 0xfb,
    0x0, 0x0, 0x0, 0x6f, 0xf8, 0xef, 0xf0, 0x0,
    0xef, 0xf1, 0x0, 0x0, 0xb, 0xff, 0x4e, 0xff,
    0x0, 0x9, 0xff, 0xb1, 0x0, 0x5, 0xff, 0xe0,
    0xef, 0xf0, 0x0, 0x1e, 0xff, 0xfb, 0xad, 0xff,
    0xf6, 0xe, 0xff, 0x0, 0x0, 0x3e, 0xff, 0xff,
    0xff, 0xf8, 0x0, 0xef, 0xf0, 0x0, 0x0, 0x7,
    0xcf, 0xfd, 0xa3, 0x0, 0x0,

    /* U+0133 "ĳ" */
    0x5f, 0xfc, 0x0, 0xc, 0xff, 0x55, 0xff, 0xc0,
    0x0, 0xcf, 0xf5, 0x5f, 0xfc, 0x0, 0xc, 0xff,
    0x51, 0x55, 0x30, 0x0, 0x35, 0x51, 0x0, 0x0,
    0x0, 0x0, 0x0, 0x2, 0xff, 0xa0, 0x0, 0xaf,
    0xf1, 0x2f, 0xfa, 0x0, 0xa, 0xff, 0x12, 0xff,
    0xa0, 0x0, 0xaf, 0xf1, 0x2f, 0xfa, 0x0, 0xa,
    0xff, 0x12, 0xff, 0xa0, 0x0, 0xaf, 0xf1, 0x2f,
    0xfa, 0x0, 0xa, 0xff, 0x12, 0xff, 0xa0, 0x0,
    0xaf, 0xf1, 0x2f, 0xfa, 0x0, 0xa, 0xff, 0x12,
    0xff, 0xa0, 0x0, 0xaf, 0xf1, 0x2f, 0xfa, 0x0,
    0xa, 0xff, 0x12, 0xff, 0xa0, 0x0, 0xaf, 0xf1,
    0x2f, 0xfa, 0x0, 0xa, 0xff, 0x12, 0xff, 0xa0,
    0x0, 0xaf, 0xf1, 0x2f, 0xfa, 0x0, 0xa, 0xff,
    0x10, 0x0, 0x0, 0x0, 0xaf, 0xf1, 0x0, 0x0,
    0x0, 0xa, 0xff, 0x10, 0x0, 0x0, 0x0, 0xbf,
    0xf1, 0x0, 0x0, 0x29, 0xaf, 0xff, 0x0, 0x0,
    0x3, 0xff, 0xff, 0xa0, 0x0, 0x0, 0x2c, 0xfe,
    0xa1, 0x0,

    /* U+0134 "Ĵ" */
    0x0, 0x0, 0x0, 0x0, 0x50, 0x0, 0x0, 0x0,
    0x0, 0x0, 0xa, 0xf6, 0x0, 0x0, 0x0, 0x0,
    0x0, 0x9f, 0xef, 0x50, 0x0, 0x0, 0x0, 0x8,
    0xfa, 0x1d, 0xf4, 0x0, 0x0, 0x0, 0x7f, 0xb0,
    0x2, 0xef, 0x30, 0x0, 0x0, 0x0, 0x0, 0x0,
    0x0, 0x0, 0x0, 0x0, 0x0, 0x0, 0x0, 0x0,
    0x0, 0x0, 0xd, 0xff, 0xff, 0xff, 0xff, 0xf9,
    0x0, 0xd, 0xff, 0xff, 0xff, 0xff, 0xf9, 0x0,
    0x7, 0x88, 0x88, 0x88, 0xaf, 0xf9, 0x0, 0x0,
    0x0, 0x0, 0x0, 0x4f, 0xf9, 0x0, 0x0, 0x0,
    0x0, 0x0, 0x4f, 0xf9, 0x0, 0x0, 0x0, 0x0,
    0x0, 0x4f, 0xf9, 0x0, 0x0, 0x0, 0x0, 0x0,
    0x4f, 0xf9, 0x0, 0x0, 0x0, 0x0, 0x0, 0x4f,
    0xf9, 0x0, 0x0, 0x0, 0x0, 0x0, 0x4f, 0xf9,
    0x0, 0x0, 0x0, 0x0, 0x0, 0x4f, 0xf9, 0x0,
    0x0, 0x0, 0x0, 0x0, 0x4f, 0xf9, 0x0, 0x0,
    0x0, 0x0, 0x0, 0x4f, 0xf9, 0x2, 0x43, 0x0,
    0x0, 0x0, 0x5f, 0xf8, 0x2f, 0xfa, 0x0, 0x0,
    0x0, 0x7f, 0xf7, 0xf, 0xfe, 0x0, 0x0, 0x0,
    0xcf, 0xf3, 0xa, 0xff, 0xa1, 0x0, 0x6, 0xff,
    0xe0, 0x2, 0xef, 0xfe, 0xba, 0xdf, 0xff, 0x50,
    0x0, 0x3e, 0xff, 0xff, 0xff, 0xf7, 0x0, 0x0,
    0x1, 0x7c, 0xff, 0xd9, 0x30, 0x0,

    /* U+0135 "ĵ" */
    0x0, 0x0, 0x5, 0x0, 0x0, 0x0, 0x0, 0xbf,
    0x50, 0x0, 0x0, 0xa, 0xfe, 0xf4, 0x0, 0x0,
    0x9f, 0x91, 0xef, 0x30, 0x8, 0xfa, 0x0, 0x2e,
    0xe2, 0x0, 0x0, 0x0, 0x0, 0x0, 0x0, 0x2,
    0xff, 0xa0, 0x0, 0x0, 0x2, 0xff, 0xa0, 0x0,
    0x0, 0x2, 0xff, 0xa0, 0x0, 0x0, 0x2, 0xff,
    0xa0, 0x0, 0x0, 0x2, 0xff, 0xa0, 0x0, 0x0,
    0x2, 0xff, 0xa0, 0x0, 0x0, 0x2, 0xff, 0xa0,
    0x0, 0x0, 0x2, 0xff, 0xa0, 0x0, 0x0, 0x2,
    0xff, 0xa0, 0x0, 0x0, 0x2, 0xff, 0xa0, 0x0,
    0x0, 0x2, 0xff, 0xa0, 0x0, 0x0, 0x2, 0xff,
    0xa0, 0x0, 0x0, 0x2, 0xff, 0xa0, 0x0, 0x0,
    0x2, 0xff, 0xa0, 0x0, 0x0, 0x2, 0xff, 0xa0,
    0x0, 0x0, 0x2, 0xff, 0xa0, 0x0, 0x0, 0x3,
    0xff, 0x90, 0x0, 0x7, 0x8d, 0xff, 0x70, 0x0,
    0xb, 0xff, 0xff, 0x30, 0x0, 0x7, 0xef, 0xd5,
    0x0, 0x0,

    /* U+0136 "Ķ" */
    0xef, 0xf0, 0x0, 0x0, 0x0, 0xc, 0xff, 0xd1,
    0xef, 0xf0, 0x0, 0x0, 0x0, 0xbf, 0xfd, 0x10,
    0xef, 0xf0, 0x0, 0x0, 0xb, 0xff, 0xd1, 0x0,
    0xef, 0xf0, 0x0, 0x0, 0xbf, 0xfd, 0x10, 0x0,
    0xef, 0xf0, 0x0, 0xb, 0xff, 0xd1, 0x0, 0x0,
    0xef, 0xf0, 0x0, 0xaf, 0xfd, 0x10, 0x0, 0x0,
    0xef, 0xf0, 0xa, 0xff, 0xd1, 0x0, 0x0, 0x0,
    0xef, 0xf0, 0xaf, 0xff, 0x40, 0x0, 0x0, 0x0,
    0xef, 0xf9, 0xff, 0xff, 0xc0, 0x0, 0x0, 0x0,
    0xef, 0xff, 0xfe, 0xff, 0xf6, 0x0, 0x0, 0x0,
    0xef, 0xff, 0xd1, 0x4f, 0xff, 0x10, 0x0, 0x0,
    0xef, 0xfd, 0x10, 0xa, 0xff, 0xb0, 0x0, 0x0,
    0xef, 0xf1, 0x0, 0x1, 0xef, 0xf5, 0x0, 0x0,
    0xef, 0xf0, 0x0, 0x0, 0x5f, 0xfe, 0x10, 0x0,
    0xef, 0xf0, 0x0, 0x0, 0xb, 0xff, 0xa0, 0x0,
    0xef, 0xf0, 0x0, 0x0, 0x1, 0xff, 0xf4, 0x0,
    0xef, 0xf0, 0x0, 0x0, 0x0, 0x6f, 0xfe, 0x0,
    0xef, 0xf0, 0x0, 0x0, 0x0, 0xc, 0xff, 0x90,
    0xef, 0xf0, 0x0, 0x0, 0x0, 0x2, 0xff, 0xf3,
    0x0, 0x0, 0x0, 0x0, 0x0, 0x0, 0x0, 0x0,
    0x0, 0x0, 0x3, 0x66, 0x20, 0x0, 0x0, 0x0,
    0x0, 0x0, 0xd, 0xfc, 0x0, 0x0, 0x0, 0x0,
    0x0, 0x0, 0x5f, 0xe1, 0x0, 0x0, 0x0, 0x0,
    0x0, 0x0, 0xdf, 0x40, 0x0, 0x0, 0x0, 0x0,
    0x0, 0x4, 0xf7, 0x0, 0x0, 0x0, 0x0, 0x0,

    /* U+0137 "ķ" */
    0x1f, 0xfa, 0x0, 0x0, 0x0, 0x0, 0x0, 0x1f,
    0xfa, 0x0, 0x0, 0x0, 0x0, 0x0, 0x1f, 0xfa,
    0x0, 0x0, 0x0, 0x0, 0x0, 0x1f, 0xfa, 0x0,
    0x0, 0x0, 0x0, 0x0, 0x1f, 0xfa, 0x0, 0x0,
    0x0, 0x0, 0x0, 0x1f, 0xfa, 0x0, 0x0, 0x2e,
    0xff, 0x60, 0x1f, 0xfa, 0x0, 0x2, 0xef, 0xf7,
    0x0, 0x1f, 0xfa, 0x0, 0x1e, 0xff, 0x70, 0x0,
    0x1f, 0xfa, 0x1, 0xdf, 0xf8, 0x0, 0x0, 0x1f,
    0xfa, 0x1d, 0xff, 0x90, 0x0, 0x0, 0x1f, 0xfb,
    0xcf, 0xff, 0x20, 0x0, 0x0, 0x1f, 0xff, 0xff,
    0xff, 0xb0, 0x0, 0x0, 0x1f, 0xff, 0xf8, 0xcf,
    0xf6, 0x0, 0x0, 0x1f, 0xff, 0x90, 0x3f, 0xfe,
    0x10, 0x0, 0x1f, 0xff, 0x0, 0x8, 0xff, 0xa0,
    0x0, 0x1f, 0xfa, 0x0, 0x0, 0xdf, 0xf4, 0x0,
    0x1f, 0xfa, 0x0, 0x0, 0x4f, 0xfe, 0x0, 0x1f,
    0xfa, 0x0, 0x0, 0xa, 0xff, 0x90, 0x1f, 0xfa,
    0x0, 0x0, 0x1, 0xef, 0xf3, 0x0, 0x0, 0x0,
    0x0, 0x0, 0x0, 0x0, 0x0, 0x0, 0x5, 0x66,
    0x0, 0x0, 0x0, 0x0, 0x0, 0x2f, 0xf7, 0x0,
    0x0, 0x0, 0x0, 0x0, 0xaf, 0xb0, 0x0, 0x0,
    0x0, 0x0, 0x2, 0xfd, 0x10, 0x0, 0x0, 0x0,
    0x0, 0x9, 0xf3, 0x0, 0x0, 0x0, 0x0,

    /* U+0138 "ĸ" */
    0x1f, 0xfa, 0x0, 0x0, 0x2e, 0xff, 0x60, 0x1f,
    0xfa, 0x0, 0x2, 0xef, 0xf6, 0x0, 0x1f, 0xfa,
    0x0, 0x2e, 0xff, 0x70, 0x0, 0x1f, 0xfa, 0x1,
    0xdf, 0xf8, 0x0, 0x0, 0x1f, 0xfa, 0x1d, 0xff,
    0x90, 0x0, 0x0, 0x1f, 0xfb, 0xcf, 0xff, 0x20,
    0x0, 0x0, 0x1f, 0xff, 0xff, 0xff, 0xb0, 0x0,
    0x0, 0x1f, 0xff, 0xf8, 0xdf, 0xf5, 0x0, 0x0,
    0x1f, 0xff, 0x90, 0x3f, 0xfe, 0x10, 0x0, 0x1f,
    0xff, 0x0, 0x9, 0xff, 0xa0, 0x0, 0x1f, 0xfa,
    0x0, 0x0, 0xef, 0xf4, 0x0, 0x1f, 0xfa, 0x0,
    0x0, 0x4f, 0xfe, 0x0, 0x1f, 0xfa, 0x0, 0x0,
    0xa, 0xff, 0x90, 0x1f, 0xfa, 0x0, 0x0, 0x1,
    0xff, 0xf3,

    /* U+0139 "Ĺ" */
    0x0, 0xc, 0xfe, 0x20, 0x0, 0x0, 0x0, 0x9f,
    0xe2, 0x0, 0x0, 0x0, 0x5, 0xfe, 0x20, 0x0,
    0x0, 0x0, 0x2f, 0xe2, 0x0, 0x0, 0x0, 0x0,
    0x0, 0x0, 0x0, 0x0, 0x0, 0x0, 0x0, 0x0,
    0x0, 0x0, 0x0, 0x0, 0xef, 0xf0, 0x0, 0x0,
    0x0, 0x0, 0xef, 0xf0, 0x0, 0x0, 0x0, 0x0,
    0xef, 0xf0, 0x0, 0x0, 0x0, 0x0, 0xef, 0xf0,
    0x0, 0x0, 0x0, 0x0, 0xef, 0xf0, 0x0, 0x0,
    0x0, 0x0, 0xef, 0xf0, 0x0, 0x0, 0x0, 0x0,
    0xef, 0xf0, 0x0, 0x0, 0x0, 0x0, 0xef, 0xf0,
    0x0, 0x0, 0x0, 0x0, 0xef, 0xf0, 0x0, 0x0,
    0x0, 0x0, 0xef, 0xf0, 0x0, 0x0, 0x0, 0x0,
    0xef, 0xf0, 0x0, 0x0, 0x0, 0x0, 0xef, 0xf0,
    0x0, 0x0, 0x0, 0x0, 0xef, 0xf0, 0x0, 0x0,
    0x0, 0x0, 0xef, 0xf0, 0x0, 0x0, 0x0, 0x0,
    0xef, 0xf0, 0x0, 0x0, 0x0, 0x0, 0xef, 0xf0,
    0x0, 0x0, 0x0, 0x0, 0xef, 0xf8, 0x88, 0x88,
    0x88, 0x84, 0xef, 0xff, 0xff, 0xff, 0xff, 0xf8,
    0xef, 0xff, 0xff, 0xff, 0xff, 0xf8,

    /* U+013A "ĺ" */
    0x0, 0x0, 0x78, 0x70, 0x0, 0x8, 0xff, 0x40,
    0x0, 0x4f, 0xf4, 0x0, 0x1, 0xef, 0x40, 0x0,
    0x4, 0x83, 0x0, 0x0, 0x0, 0x0, 0x0, 0x0,
    0x0, 0x0, 0x0, 0x0, 0x2f, 0xf9, 0x0, 0x0,
    0x2f, 0xf9, 0x0, 0x0, 0x2f, 0xf9, 0x0, 0x0,
    0x2f, 0xf9, 0x0, 0x0, 0x2f, 0xf9, 0x0, 0x0,
    0x2f, 0xf9, 0x0, 0x0, 0x2f, 0xf9, 0x0, 0x0,
    0x2f, 0xf9, 0x0, 0x0, 0x2f, 0xf9, 0x0, 0x0,
    0x2f, 0xf9, 0x0, 0x0, 0x2f, 0xf9, 0x0, 0x0,
    0x2f, 0xf9, 0x0, 0x0, 0x2f, 0xf9, 0x0, 0x0,
    0x2f, 0xf9, 0x0, 0x0, 0x2f, 0xf9, 0x0, 0x0,
    0x2f, 0xf9, 0x0, 0x0, 0xf, 0xff, 0x77, 0x0,
    0xc, 0xff, 0xfd, 0x0, 0x1, 0xbf, 0xe9, 0x0,

    /* U+013B "Ļ" */
    0xef, 0xf0, 0x0, 0x0, 0x0, 0x0, 0xef, 0xf0,
    0x0, 0x0, 0x0, 0x0, 0xef, 0xf0, 0x0, 0x0,
    0x0, 0x0, 0xef, 0xf0, 0x0, 0x0, 0x0, 0x0,
    0xef, 0xf0, 0x0, 0x0, 0x0, 0x0, 0xef, 0xf0,
    0x0, 0x0, 0x0, 0x0, 0xef, 0xf0, 0x0, 0x0,
    0x0, 0x0, 0xef, 0xf0, 0x0, 0x0, 0x0, 0x0,
    0xef, 0xf0, 0x0, 0x0, 0x0, 0x0, 0xef, 0xf0,
    0x0, 0x0, 0x0, 0x0, 0xef, 0xf0, 0x0, 0x0,
    0x0, 0x0, 0xef, 0xf0, 0x0, 0x0, 0x0, 0x0,
    0xef, 0xf0, 0x0, 0x0, 0x0, 0x0, 0xef, 0xf0,
    0x0, 0x0, 0x0, 0x0, 0xef, 0xf0, 0x0, 0x0,
    0x0, 0x0, 0xef, 0xf0, 0x0, 0x0, 0x0, 0x0,
    0xef, 0xf8, 0x88, 0x88, 0x88, 0x84, 0xef, 0xff,
    0xff, 0xff, 0xff, 0xf8, 0xef, 0xff, 0xff, 0xff,
    0xff, 0xf8, 0x0, 0x0, 0x0, 0x0, 0x0, 0x0,
    0x0, 0x3, 0x66, 0x20, 0x0, 0x0, 0x0, 0xc,
    0xfd, 0x0, 0x0, 0x0, 0x0, 0x4f, 0xf2, 0x0,
    0x0, 0x0, 0x0, 0xbf, 0x50, 0x0, 0x0, 0x0,
    0x3, 0xf9, 0x0, 0x0, 0x0, 0x0,

    /* U+013C "ļ" */
    0x2, 0xff, 0x90, 0x0, 0x2f, 0xf9, 0x0, 0x2,
    0xff, 0x90, 0x0, 0x2f, 0xf9, 0x0, 0x2, 0xff,
    0x90, 0x0, 0x2f, 0xf9, 0x0, 0x2, 0xff, 0x90,
    0x0, 0x2f, 0xf9, 0x0, 0x2, 0xff, 0x90, 0x0,
    0x2f, 0xf9, 0x0, 0x2, 0xff, 0x90, 0x0, 0x2f,
    0xf9, 0x0, 0x2, 0xff, 0x90, 0x0, 0x2f, 0xf9,
    0x0, 0x2, 0xff, 0x90, 0x0, 0x2f, 0xf9, 0x0,
    0x0, 0xff, 0xf7, 0x70, 0xc, 0xff, 0xfd, 0x0,
    0x1b, 0xfe, 0x90, 0x0, 0x0, 0x0, 0x0, 0x7a,
    0x91, 0x0, 0x1f, 0xf7, 0x0, 0x8, 0xfc, 0x0,
    0x0, 0xfe, 0x10, 0x0, 0x7f, 0x50, 0x0, 0x0,

    /* U+013D "Ľ" */
    0xef, 0xf0, 0x0, 0x0, 0x2f, 0xf9, 0xef, 0xf0,
    0x0, 0x0, 0x7f, 0xf2, 0xef, 0xf0, 0x0, 0x0,
    0xbf, 0xa0, 0xef, 0xf0, 0x0, 0x0, 0xff, 0x20,
    0xef, 0xf0, 0x0, 0x4, 0xfb, 0x0, 0xef, 0xf0,
    0x0, 0x7, 0xe3, 0x0, 0xef, 0xf0, 0x0, 0x0,
    0x0, 0x0, 0xef, 0xf0, 0x0, 0x0, 0x0, 0x0,
    0xef, 0xf0, 0x0, 0x0, 0x0, 0x0, 0xef, 0xf0,
    0x0, 0x0, 0x0, 0x0, 0xef, 0xf0, 0x0, 0x0,
    0x0, 0x0, 0xef, 0xf0, 0x0, 0x0, 0x0, 0x0,
    0xef, 0xf0, 0x0, 0x0, 0x0, 0x0, 0xef, 0xf0,
    0x0, 0x0, 0x0, 0x0, 0xef, 0xf0, 0x0, 0x0,
    0x0, 0x0, 0xef, 0xf0, 0x0, 0x0, 0x0, 0x0,
    0xef, 0xf8, 0x88, 0x88, 0x88, 0x84, 0xef, 0xff,
    0xff, 0xff, 0xff, 0xf8, 0xef, 0xff, 0xff, 0xff,
    0xff, 0xf8,

    /* U+013E "ľ" */
    0x2f, 0xf9, 0x0, 0x8f, 0xf4, 0x2f, 0xf9, 0x0,
    0xcf, 0xc0, 0x2f, 0xf9, 0x1, 0xff, 0x40, 0x2f,
    0xf9, 0x5, 0xfc, 0x0, 0x2f, 0xf9, 0x9, 0xf5,
    0x0, 0x2f, 0xf9, 0xb, 0xb0, 0x0, 0x2f, 0xf9,
    0x0, 0x0, 0x0, 0x2f, 0xf9, 0x0, 0x0, 0x0,
    0x2f, 0xf9, 0x0, 0x0, 0x0, 0x2f, 0xf9, 0x0,
    0x0, 0x0, 0x2f, 0xf9, 0x0, 0x0, 0x0, 0x2f,
    0xf9, 0x0, 0x0, 0x0, 0x2f, 0xf9, 0x0, 0x0,
    0x0, 0x2f, 0xf9, 0x0, 0x0, 0x0, 0x2f, 0xf9,
    0x0, 0x0, 0x0, 0x2f, 0xf9, 0x0, 0x0, 0x0,
    0xf, 0xff, 0x77, 0x0, 0x0, 0xc, 0xff, 0xfd,
    0x0, 0x0, 0x1, 0xbf, 0xe9, 0x0, 0x0,

    /* U+013F "Ŀ" */
    0xef, 0xf0, 0x0, 0x0, 0x0, 0x0, 0x0, 0xef,
    0xf0, 0x0, 0x0, 0x0, 0x0, 0x0, 0xef, 0xf0,
    0x0, 0x0, 0x0, 0x0, 0x0, 0xef, 0xf0, 0x0,
    0x0, 0x0, 0x0, 0x0, 0xef, 0xf0, 0x0, 0x0,
    0x0, 0x0, 0x0, 0xef, 0xf0, 0x0, 0x0, 0x0,
    0x0, 0x0, 0xef, 0xf0, 0x0, 0x0, 0x0, 0x0,
    0x0, 0xef, 0xf0, 0x0, 0x0, 0x0, 0x66, 0x60,
    0xef, 0xf0, 0x0, 0x0, 0x0, 0xff, 0xf0, 0xef,
    0xf0, 0x0, 0x0, 0x0, 0xff, 0xf0, 0xef, 0xf0,
    0x0, 0x0, 0x0, 0xff, 0xf0, 0xef, 0xf0, 0x0,
    0x0, 0x0, 0x0, 0x0, 0xef, 0xf0, 0x0, 0x0,
    0x0, 0x0, 0x0, 0xef, 0xf0, 0x0, 0x0, 0x0,
    0x0, 0x0, 0xef, 0xf0, 0x0, 0x0, 0x0, 0x0,
    0x0, 0xef, 0xf0, 0x0, 0x0, 0x0, 0x0, 0x0,
    0xef, 0xf8, 0x88, 0x88, 0x88, 0x84, 0x0, 0xef,
    0xff, 0xff, 0xff, 0xff, 0xf8, 0x0, 0xef, 0xff,
    0xff, 0xff, 0xff, 0xf8, 0x0,

    /* U+0140 "ŀ" */
    0x2f, 0xf9, 0x0, 0x0, 0x0, 0x2f, 0xf9, 0x0,
    0x0, 0x0, 0x2f, 0xf9, 0x0, 0x0, 0x0, 0x2f,
    0xf9, 0x0, 0x0, 0x0, 0x2f, 0xf9, 0x0, 0x0,
    0x0, 0x2f, 0xf9, 0x0, 0x0, 0x0, 0x2f, 0xf9,
    0x0, 0x0, 0x0, 0x2f, 0xf9, 0x0, 0x56, 0x60,
    0x2f, 0xf9, 0x0, 0xef, 0xf2, 0x2f, 0xf9, 0x0,
    0xef, 0xf2, 0x2f, 0xf9, 0x0, 0xef, 0xf2, 0x2f,
    0xf9, 0x0, 0x0, 0x0, 0x2f, 0xf9, 0x0, 0x0,
    0x0, 0x2f, 0xf9, 0x0, 0x0, 0x0, 0x2f, 0xf9,
    0x0, 0x0, 0x0, 0x2f, 0xf9, 0x0, 0x0, 0x0,
    0xf, 0xff, 0x77, 0x0, 0x0, 0xc, 0xff, 0xfd,
    0x0, 0x0, 0x1, 0xbf, 0xe9, 0x0, 0x0,

    /* U+0141 "Ł" */
    0x0, 0xef, 0xf0, 0x0, 0x0, 0x0, 0x0, 0x0,
    0xef, 0xf0, 0x0, 0x0, 0x0, 0x0, 0x0, 0xef,
    0xf0, 0x0, 0x0, 0x0, 0x0, 0x0, 0xef, 0xf0,
    0x0, 0x0, 0x0, 0x0, 0x0, 0xef, 0xf0, 0x0,
    0x0, 0x0, 0x0, 0x0, 0xef, 0xf0, 0x2, 0x60,
    0x0, 0x0, 0x0, 0xef, 0xf0, 0x5f, 0x90, 0x0,
    0x0, 0x0, 0xef, 0xf9, 0xff, 0x80, 0x0, 0x0,
    0x0, 0xef, 0xff, 0xf9, 0x0, 0x0, 0x0, 0x0,
    0xff, 0xff, 0x50, 0x0, 0x0, 0x0, 0x8, 0xff,
    0xf2, 0x0, 0x0, 0x0, 0x0, 0x9f, 0xff, 0xf0,
    0x0, 0x0, 0x0, 0x0, 0xaf, 0xff, 0xf0, 0x0,
    0x0, 0x0, 0x0, 0x83, 0xef, 0xf0, 0x0, 0x0,
    0x0, 0x0, 0x0, 0xef, 0xf0, 0x0, 0x0, 0x0,
    0x0, 0x0, 0xef, 0xf0, 0x0, 0x0, 0x0, 0x0,
    0x0, 0xef, 0xf8, 0x88, 0x88, 0x88, 0x84, 0x0,
    0xef, 0xff, 0xff, 0xff, 0xff, 0xf8, 0x0, 0xef,
    0xff, 0xff, 0xff, 0xff, 0xf8,

    /* U+0142 "ł" */
    0x2, 0xff, 0x90, 0x0, 0x2f, 0xf9, 0x0, 0x2,
    0xff, 0x90, 0x0, 0x2f, 0xf9, 0x0, 0x2, 0xff,
    0x90, 0x0, 0x2f, 0xf9, 0x19, 0x2, 0xff, 0xcd,
    0xe0, 0x2f, 0xff, 0xfc, 0x3, 0xff, 0xfa, 0x3,
    0xff, 0xff, 0x0, 0x9f, 0xff, 0x90, 0x9, 0xcf,
    0xf9, 0x0, 0x22, 0xff, 0x90, 0x0, 0x2f, 0xf9,
    0x0, 0x2, 0xff, 0x90, 0x0, 0x2f, 0xf9, 0x0,
    0x0, 0xff, 0xf7, 0x70, 0xc, 0xff, 0xfd, 0x0,
    0x1b, 0xfe, 0x90,

    /* U+0143 "Ń" */
    0x0, 0x0, 0x0, 0x0, 0xd, 0xfd, 0x10, 0x0,
    0x0, 0x0, 0x0, 0xa, 0xfd, 0x10, 0x0, 0x0,
    0x0, 0x0, 0x7, 0xfd, 0x10, 0x0, 0x0, 0x0,
    0x0, 0x3, 0xfd, 0x10, 0x0, 0x0, 0x0, 0x0,
    0x0, 0x0, 0x0, 0x0, 0x0, 0x0, 0x0, 0x0,
    0x0, 0x0, 0x0, 0x0, 0x0, 0xef, 0xf5, 0x0,
    0x0, 0x0, 0x0, 0xef, 0xfe, 0xff, 0xe1, 0x0,
    0x0, 0x0, 0xe, 0xff, 0xef, 0xff, 0x90, 0x0,
    0x0, 0x0, 0xef, 0xfe, 0xff, 0xff, 0x30, 0x0,
    0x0, 0xe, 0xff, 0xef, 0xfe, 0xfd, 0x0, 0x0,
    0x0, 0xef, 0xfe, 0xff, 0x5f, 0xf7, 0x0, 0x0,
    0xe, 0xff, 0xef, 0xf0, 0xbf, 0xf1, 0x0, 0x0,
    0xef, 0xfe, 0xff, 0x2, 0xff, 0xb0, 0x0, 0xe,
    0xff, 0xef, 0xf0, 0x7, 0xff, 0x40, 0x0, 0xef,
    0xfe, 0xff, 0x0, 0xd, 0xfe, 0x0, 0xe, 0xff,
    0xef, 0xf0, 0x0, 0x4f, 0xf8, 0x0, 0xef, 0xfe,
    0xff, 0x0, 0x0, 0xaf, 0xf2, 0xe, 0xff, 0xef,
    0xf0, 0x0, 0x1, 0xff, 0xc0, 0xef, 0xfe, 0xff,
    0x0, 0x0, 0x7, 0xff, 0x6e, 0xff, 0xef, 0xf0,
    0x0, 0x0, 0xd, 0xfe, 0xff, 0xfe, 0xff, 0x0,
    0x0, 0x0, 0x3f, 0xff, 0xff, 0xef, 0xf0, 0x0,
    0x0, 0x0, 0x9f, 0xff, 0xfe, 0xff, 0x0, 0x0,
    0x0, 0x1, 0xef, 0xff, 0xef, 0xf0, 0x0, 0x0,
    0x0, 0x6, 0xff, 0xf0,

    /* U+0144 "ń" */
    0x0, 0x0, 0x0, 0x0, 0xcf, 0xd2, 0x0, 0x0,
    0x0, 0x0, 0xaf, 0xc1, 0x0, 0x0, 0x0, 0x0,
    0x8f, 0xb0, 0x0, 0x0, 0x0, 0x0, 0x29, 0x80,
    0x0, 0x0, 0x0, 0x0, 0x0, 0x0, 0x0, 0x0,
    0x1, 0xff, 0xa0, 0x7d, 0xff, 0xc5, 0x0, 0x1f,
    0xfb, 0xbf, 0xff, 0xff, 0xf8, 0x1, 0xff, 0xff,
    0xb7, 0x7b, 0xff, 0xf2, 0x1f, 0xff, 0x90, 0x0,
    0xa, 0xff, 0x81, 0xff, 0xf1, 0x0, 0x0, 0x3f,
    0xfa, 0x1f, 0xfd, 0x0, 0x0, 0x1, 0xff, 0xb1,
    0xff, 0xb0, 0x0, 0x0, 0xf, 0xfb, 0x1f, 0xfa,
    0x0, 0x0, 0x0, 0xff, 0xb1, 0xff, 0xa0, 0x0,
    0x0, 0xf, 0xfb, 0x1f, 0xfa, 0x0, 0x0, 0x0,
    0xff, 0xb1, 0xff, 0xa0, 0x0, 0x0, 0xf, 0xfb,
    0x1f, 0xfa, 0x0, 0x0, 0x0, 0xff, 0xb1, 0xff,
    0xa0, 0x0, 0x0, 0xf, 0xfb, 0x1f, 0xfa, 0x0,
    0x0, 0x0, 0xff, 0xb0,

    /* U+0145 "Ņ" */
    0xef, 0xf5, 0x0, 0x0, 0x0, 0x0, 0xef, 0xfe,
    0xff, 0xe1, 0x0, 0x0, 0x0, 0xe, 0xff, 0xef,
    0xff, 0x90, 0x0, 0x0, 0x0, 0xef, 0xfe, 0xff,
    0xff, 0x30, 0x0, 0x0, 0xe, 0xff, 0xef, 0xfe,
    0xfd, 0x0, 0x0, 0x0, 0xef, 0xfe, 0xff, 0x5f,
    0xf7, 0x0, 0x0, 0xe, 0xff, 0xef, 0xf0, 0xbf,
    0xf1, 0x0, 0x0, 0xef, 0xfe, 0xff, 0x2, 0xff,
    0xb0, 0x0, 0xe, 0xff, 0xef, 0xf0, 0x7, 0xff,
    0x40, 0x0, 0xef, 0xfe, 0xff, 0x0, 0xd, 0xfe,
    0x0, 0xe, 0xff, 0xef, 0xf0, 0x0, 0x4f, 0xf8,
    0x0, 0xef, 0xfe, 0xff, 0x0, 0x0, 0xaf, 0xf2,
    0xe, 0xff, 0xef, 0xf0, 0x0, 0x1, 0xff, 0xc0,
    0xef, 0xfe, 0xff, 0x0, 0x0, 0x7, 0xff, 0x6e,
    0xff, 0xef, 0xf0, 0x0, 0x0, 0xd, 0xfe, 0xff,
    0xfe, 0xff, 0x0, 0x0, 0x0, 0x3f, 0xff, 0xff,
    0xef, 0xf0, 0x0, 0x0, 0x0, 0x9f, 0xff, 0xfe,
    0xff, 0x0, 0x0, 0x0, 0x1, 0xef, 0xff, 0xef,
    0xf0, 0x0, 0x0, 0x0, 0x6, 0xff, 0xf0, 0x0,
    0x0, 0x0, 0x0, 0x0, 0x0, 0x0, 0x0, 0x0,
    0x0, 0x66, 0x40, 0x0, 0x0, 0x0, 0x0, 0x0,
    0x7f, 0xf3, 0x0, 0x0, 0x0, 0x0, 0x0, 0xe,
    0xf6, 0x0, 0x0, 0x0, 0x0, 0x0, 0x6, 0xfa,
    0x0, 0x0, 0x0, 0x0, 0x0, 0x0, 0xed, 0x0,
    0x0, 0x0, 0x0, 0x0,

    /* U+0146 "ņ" */
    0x1f, 0xfa, 0x7, 0xdf, 0xfc, 0x50, 0x1, 0xff,
    0xbb, 0xff, 0xff, 0xff, 0x80, 0x1f, 0xff, 0xfb,
    0x77, 0xbf, 0xff, 0x21, 0xff, 0xf9, 0x0, 0x0,
    0xaf, 0xf8, 0x1f, 0xff, 0x10, 0x0, 0x3, 0xff,
    0xa1, 0xff, 0xd0, 0x0, 0x0, 0x1f, 0xfb, 0x1f,
    0xfb, 0x0, 0x0, 0x0, 0xff, 0xb1, 0xff, 0xa0,
    0x0, 0x0, 0xf, 0xfb, 0x1f, 0xfa, 0x0, 0x0,
    0x0, 0xff, 0xb1, 0xff, 0xa0, 0x0, 0x0, 0xf,
    0xfb, 0x1f, 0xfa, 0x0, 0x0, 0x0, 0xff, 0xb1,
    0xff, 0xa0, 0x0, 0x0, 0xf, 0xfb, 0x1f, 0xfa,
    0x0, 0x0, 0x0, 0xff, 0xb1, 0xff, 0xa0, 0x0,
    0x0, 0xf, 0xfb, 0x0, 0x0, 0x0, 0x0, 0x0,
    0x0, 0x0, 0x0, 0x0, 0x66, 0x60, 0x0, 0x0,
    0x0, 0x0, 0x4f, 0xf6, 0x0, 0x0, 0x0, 0x0,
    0xb, 0xf9, 0x0, 0x0, 0x0, 0x0, 0x3, 0xfd,
    0x0, 0x0, 0x0, 0x0, 0x0, 0xbf, 0x20, 0x0,
    0x0, 0x0,

    /* U+0147 "Ň" */
    0x0, 0x5, 0xfb, 0x0, 0xc, 0xf4, 0x0, 0x0,
    0x0, 0x6, 0xfa, 0xb, 0xf4, 0x0, 0x0, 0x0,
    0x0, 0x6, 0xfd, 0xf5, 0x0, 0x0, 0x0, 0x0,
    0x0, 0x7, 0xf5, 0x0, 0x0, 0x0, 0x0, 0x0,
    0x0, 0x2, 0x0, 0x0, 0x0, 0x0, 0x0, 0x0,
    0x0, 0x0, 0x0, 0x0, 0x0, 0xef, 0xf5, 0x0,
    0x0, 0x0, 0x0, 0xef, 0xfe, 0xff, 0xe1, 0x0,
    0x0, 0x0, 0xe, 0xff, 0xef, 0xff, 0x90, 0x0,
    0x0, 0x0, 0xef, 0xfe, 0xff, 0xff, 0x30, 0x0,
    0x0, 0xe, 0xff, 0xef, 0xfe, 0xfd, 0x0, 0x0,
    0x0, 0xef, 0xfe, 0xff, 0x5f, 0xf7, 0x0, 0x0,
    0xe, 0xff, 0xef, 0xf0, 0xbf, 0xf1, 0x0, 0x0,
    0xef, 0xfe, 0xff, 0x2, 0xff, 0xb0, 0x0, 0xe,
    0xff, 0xef, 0xf0, 0x7, 0xff, 0x40, 0x0, 0xef,
    0xfe, 0xff, 0x0, 0xd, 0xfe, 0x0, 0xe, 0xff,
    0xef, 0xf0, 0x0, 0x4f, 0xf8, 0x0, 0xef, 0xfe,
    0xff, 0x0, 0x0, 0xaf, 0xf2, 0xe, 0xff, 0xef,
    0xf0, 0x0, 0x1, 0xff, 0xc0, 0xef, 0xfe, 0xff,
    0x0, 0x0, 0x7, 0xff, 0x6e, 0xff, 0xef, 0xf0,
    0x0, 0x0, 0xd, 0xfe, 0xff, 0xfe, 0xff, 0x0,
    0x0, 0x0, 0x3f, 0xff, 0xff, 0xef, 0xf0, 0x0,
    0x0, 0x0, 0x9f, 0xff, 0xfe, 0xff, 0x0, 0x0,
    0x0, 0x1, 0xef, 0xff, 0xef, 0xf0, 0x0, 0x0,
    0x0, 0x6, 0xff, 0xf0,

    /* U+0148 "ň" */
    0x0, 0x4f, 0xd1, 0x0, 0xcf, 0x50, 0x0, 0x0,
    0x4f, 0xd2, 0xcf, 0x60, 0x0, 0x0, 0x0, 0x5f,
    0xff, 0x60, 0x0, 0x0, 0x0, 0x0, 0x5f, 0x70,
    0x0, 0x0, 0x0, 0x0, 0x0, 0x20, 0x0, 0x0,
    0x1, 0xff, 0xa0, 0x7d, 0xff, 0xc5, 0x0, 0x1f,
    0xfb, 0xbf, 0xff, 0xff, 0xf8, 0x1, 0xff, 0xff,
    0xb7, 0x7b, 0xff, 0xf2, 0x1f, 0xff, 0x90, 0x0,
    0xa, 0xff, 0x81, 0xff, 0xf1, 0x0, 0x0, 0x3f,
    0xfa, 0x1f, 0xfd, 0x0, 0x0, 0x1, 0xff, 0xb1,
    0xff, 0xb0, 0x0, 0x0, 0xf, 0xfb, 0x1f, 0xfa,
    0x0, 0x0, 0x0, 0xff, 0xb1, 0xff, 0xa0, 0x0,
    0x0, 0xf, 0xfb, 0x1f, 0xfa, 0x0, 0x0, 0x0,
    0xff, 0xb1, 0xff, 0xa0, 0x0, 0x0, 0xf, 0xfb,
    0x1f, 0xfa, 0x0, 0x0, 0x0, 0xff, 0xb1, 0xff,
    0xa0, 0x0, 0x0, 0xf, 0xfb, 0x1f, 0xfa, 0x0,
    0x0, 0x0, 0xff, 0xb0,

    /* U+0149 "ŉ" */
    0x0, 0xcf, 0xf5, 0x0, 0x0, 0x0, 0x0, 0x0,
    0x0, 0x1, 0xff, 0xd0, 0x0, 0x0, 0x0, 0x0,
    0x0, 0x0, 0x5, 0xff, 0x50, 0x0, 0x0, 0x0,
    0x0, 0x0, 0x0, 0xa, 0xfd, 0x0, 0x0, 0x0,
    0x0, 0x0, 0x0, 0x0, 0xf, 0xf5, 0x0, 0x0,
    0x0, 0x0, 0x0, 0x0, 0x0, 0x4f, 0xd0, 0x8,
    0xff, 0x32, 0xae, 0xfe, 0x91, 0x0, 0x9f, 0x60,
    0x8, 0xff, 0x7f, 0xff, 0xff, 0xfe, 0x20, 0x56,
    0x0, 0x8, 0xff, 0xff, 0x97, 0x9f, 0xff, 0xb0,
    0x0, 0x0, 0x8, 0xff, 0xf3, 0x0, 0x2, 0xff,
    0xf1, 0x0, 0x0, 0x8, 0xff, 0xa0, 0x0, 0x0,
    0xaf, 0xf3, 0x0, 0x0, 0x8, 0xff, 0x60, 0x0,
    0x0, 0x8f, 0xf4, 0x0, 0x0, 0x8, 0xff, 0x40,
    0x0, 0x0, 0x7f, 0xf4, 0x0, 0x0, 0x8, 0xff,
    0x30, 0x0, 0x0, 0x7f, 0xf4, 0x0, 0x0, 0x8,
    0xff, 0x30, 0x0, 0x0, 0x7f, 0xf4, 0x0, 0x0,
    0x8, 0xff, 0x30, 0x0, 0x0, 0x7f, 0xf4, 0x0,
    0x0, 0x8, 0xff, 0x30, 0x0, 0x0, 0x7f, 0xf4,
    0x0, 0x0, 0x8, 0xff, 0x30, 0x0, 0x0, 0x7f,
    0xf4, 0x0, 0x0, 0x8, 0xff, 0x30, 0x0, 0x0,
    0x7f, 0xf4, 0x0, 0x0, 0x8, 0xff, 0x30, 0x0,
    0x0, 0x7f, 0xf4,

    /* U+014A "Ŋ" */
    0xef, 0xf5, 0x0, 0x0, 0x0, 0x0, 0xef, 0xfe,
    0xff, 0xe1, 0x0, 0x0, 0x0, 0xe, 0xff, 0xef,
    0xff, 0x90, 0x0, 0x0, 0x0, 0xef, 0xfe, 0xff,
    0xff, 0x30, 0x0, 0x0, 0xe, 0xff, 0xef, 0xff,
    0xfd, 0x0, 0x0, 0x0, 0xef, 0xfe, 0xff, 0x7f,
    0xf7, 0x0, 0x0, 0xe, 0xff, 0xef, 0xf0, 0xcf,
    0xf2, 0x0, 0x0, 0xef, 0xfe, 0xff, 0x3, 0xff,
    0xb0, 0x0, 0xe, 0xff, 0xef, 0xf0, 0x9, 0xff,
    0x50, 0x0, 0xef, 0xfe, 0xff, 0x0, 0xe, 0xfe,
    0x10, 0xe, 0xff, 0xef, 0xf0, 0x0, 0x5f, 0xf9,
    0x0, 0xef, 0xfe, 0xff, 0x0, 0x0, 0xbf, 0xf3,
    0xe, 0xff, 0xef, 0xf0, 0x0, 0x2, 0xff, 0xd0,
    0xef, 0xfe, 0xff, 0x0, 0x0, 0x7, 0xff, 0x7e,
    0xff, 0xef, 0xf0, 0x0, 0x0, 0xd, 0xff, 0xff,
    0xfe, 0xff, 0x0, 0x0, 0x0, 0x4f, 0xff, 0xff,
    0xef, 0xf0, 0x0, 0x0, 0x0, 0xaf, 0xff, 0xfe,
    0xff, 0x0, 0x0, 0x0, 0x1, 0xef, 0xff, 0xef,
    0xf0, 0x0, 0x0, 0x0, 0x6, 0xff, 0xf0, 0x0,
    0x0, 0x0, 0x0, 0x0, 0xe, 0xfe, 0x0, 0x0,
    0x0, 0x0, 0x0, 0x0, 0xef, 0xc0, 0x0, 0x0,
    0x0, 0x0, 0x0, 0x8f, 0xf7, 0x0, 0x0, 0x0,
    0x0, 0x8e, 0xff, 0xfd, 0x0, 0x0, 0x0, 0x0,
    0x7, 0xff, 0xe9, 0x10,

    /* U+014B "ŋ" */
    0x4f, 0xf7, 0x18, 0xdf, 0xeb, 0x40, 0x4, 0xff,
    0xae, 0xff, 0xff, 0xff, 0x60, 0x4f, 0xff, 0xfa,
    0x67, 0xcf, 0xff, 0x14, 0xff, 0xf5, 0x0, 0x0,
    0xcf, 0xf6, 0x4f, 0xfd, 0x0, 0x0, 0x5, 0xff,
    0x84, 0xff, 0xa0, 0x0, 0x0, 0x3f, 0xf9, 0x4f,
    0xf8, 0x0, 0x0, 0x3, 0xff, 0x94, 0xff, 0x70,
    0x0, 0x0, 0x3f, 0xf9, 0x4f, 0xf7, 0x0, 0x0,
    0x3, 0xff, 0x94, 0xff, 0x70, 0x0, 0x0, 0x3f,
    0xf9, 0x4f, 0xf7, 0x0, 0x0, 0x3, 0xff, 0x94,
    0xff, 0x70, 0x0, 0x0, 0x3f, 0xf9, 0x4f, 0xf7,
    0x0, 0x0, 0x3, 0xff, 0x94, 0xff, 0x70, 0x0,
    0x0, 0x3f, 0xf9, 0x0, 0x0, 0x0, 0x0, 0x3,
    0xff, 0x90, 0x0, 0x0, 0x0, 0x0, 0x3f, 0xf9,
    0x0, 0x0, 0x0, 0x0, 0x3, 0xff, 0x80, 0x0,
    0x0, 0x0, 0x36, 0xbf, 0xf7, 0x0, 0x0, 0x0,
    0x7, 0xff, 0xff, 0x20, 0x0, 0x0, 0x0, 0x4d,
    0xfd, 0x50,

    /* U+014C "Ō" */
    0x0, 0x0, 0x6, 0xff, 0xff, 0xff, 0xf4, 0x0,
    0x0, 0x0, 0x0, 0x0, 0x4a, 0xaa, 0xaa, 0xaa,
    0x20, 0x0, 0x0, 0x0, 0x0, 0x0, 0x0, 0x0,
    0x0, 0x0, 0x0, 0x0, 0x0, 0x0, 0x0, 0x0,
    0x0, 0x0, 0x0, 0x0, 0x0, 0x0, 0x0, 0x0,
    0x0, 0x0, 0x0, 0x0, 0x0, 0x0, 0x0, 0x0,
    0x0, 0x0, 0x39, 0xdf, 0xfe, 0xc8, 0x20, 0x0,
    0x0, 0x0, 0x1, 0xaf, 0xff, 0xff, 0xff, 0xff,
    0x90, 0x0, 0x0, 0x2, 0xdf, 0xff, 0xfd, 0xbd,
    0xff, 0xff, 0xc1, 0x0, 0x0, 0xcf, 0xfe, 0x50,
    0x0, 0x1, 0x7f, 0xff, 0xb0, 0x0, 0x8f, 0xfd,
    0x10, 0x0, 0x0, 0x0, 0x2e, 0xff, 0x60, 0xf,
    0xff, 0x30, 0x0, 0x0, 0x0, 0x0, 0x5f, 0xfe,
    0x5, 0xff, 0xb0, 0x0, 0x0, 0x0, 0x0, 0x0,
    0xdf, 0xf3, 0x8f, 0xf5, 0x0, 0x0, 0x0, 0x0,
    0x0, 0x7, 0xff, 0x7a, 0xff, 0x30, 0x0, 0x0,
    0x0, 0x0, 0x0, 0x5f, 0xf9, 0xbf, 0xf2, 0x0,
    0x0, 0x0, 0x0, 0x0, 0x4, 0xff, 0x9a, 0xff,
    0x30, 0x0, 0x0, 0x0, 0x0, 0x0, 0x5f, 0xf9,
    0x8f, 0xf5, 0x0, 0x0, 0x0, 0x0, 0x0, 0x7,
    0xff, 0x75, 0xff, 0xa0, 0x0, 0x0, 0x0, 0x0,
    0x0, 0xdf, 0xf3, 0xf, 0xff, 0x20, 0x0, 0x0,
    0x0, 0x0, 0x5f, 0xfe, 0x0, 0x8f, 0xfd, 0x10,
    0x0, 0x0, 0x0, 0x2e, 0xff, 0x60, 0x0, 0xdf,
    0xfe, 0x50, 0x0, 0x0, 0x6f, 0xff, 0xb0, 0x0,
    0x2, 0xdf, 0xff, 0xfc, 0xbd, 0xff, 0xff, 0xc1,
    0x0, 0x0, 0x1, 0xbf, 0xff, 0xff, 0xff, 0xff,
    0x90, 0x0, 0x0, 0x0, 0x0, 0x39, 0xdf, 0xff,
    0xc8, 0x20, 0x0, 0x0,

    /* U+014D "ō" */
    0x0, 0xc, 0xff, 0xff, 0xff, 0xe0, 0x0, 0x0,
    0x7, 0xaa, 0xaa, 0xaa, 0x80, 0x0, 0x0, 0x0,
    0x0, 0x0, 0x0, 0x0, 0x0, 0x0, 0x0, 0x0,
    0x0, 0x0, 0x0, 0x0, 0x0, 0x1, 0x7c, 0xef,
    0xd8, 0x10, 0x0, 0x0, 0x4e, 0xff, 0xff, 0xff,
    0xf5, 0x0, 0x3, 0xff, 0xfb, 0x77, 0xaf, 0xff,
    0x40, 0xd, 0xff, 0x50, 0x0, 0x3, 0xff, 0xe0,
    0x4f, 0xf8, 0x0, 0x0, 0x0, 0x7f, 0xf6, 0x9f,
    0xf3, 0x0, 0x0, 0x0, 0x1f, 0xfa, 0xaf, 0xf0,
    0x0, 0x0, 0x0, 0xf, 0xfc, 0xaf, 0xf0, 0x0,
    0x0, 0x0, 0xf, 0xfc, 0x8f, 0xf3, 0x0, 0x0,
    0x0, 0x1f, 0xfa, 0x4f, 0xf9, 0x0, 0x0, 0x0,
    0x7f, 0xf6, 0xd, 0xff, 0x50, 0x0, 0x4, 0xff,
    0xe0, 0x3, 0xff, 0xfb, 0x77, 0xbf, 0xff, 0x40,
    0x0, 0x4e, 0xff, 0xff, 0xff, 0xf5, 0x0, 0x0,
    0x1, 0x7c, 0xef, 0xd8, 0x10, 0x0,

    /* U+014E "Ŏ" */
    0x0, 0x0, 0x6, 0x81, 0x0, 0x2, 0x85, 0x0,
    0x0, 0x0, 0x0, 0x0, 0xbf, 0x70, 0x0, 0x9f,
    0x90, 0x0, 0x0, 0x0, 0x0, 0x4, 0xff, 0xca,
    0xdf, 0xf3, 0x0, 0x0, 0x0, 0x0, 0x0, 0x4,
    0xbf, 0xfe, 0xb3, 0x0, 0x0, 0x0, 0x0, 0x0,
    0x0, 0x0, 0x0, 0x0, 0x0, 0x0, 0x0, 0x0,
    0x0, 0x0, 0x0, 0x0, 0x0, 0x0, 0x0, 0x0,
    0x0, 0x0, 0x0, 0x3, 0x9d, 0xff, 0xec, 0x82,
    0x0, 0x0, 0x0, 0x0, 0x1a, 0xff, 0xff, 0xff,
    0xff, 0xf9, 0x0, 0x0, 0x0, 0x2d, 0xff, 0xff,
    0xdb, 0xdf, 0xff, 0xfc, 0x10, 0x0, 0xc, 0xff,
    0xe5, 0x0, 0x0, 0x17, 0xff, 0xfb, 0x0, 0x8,
    0xff, 0xd1, 0x0, 0x0, 0x0, 0x2, 0xef, 0xf6,
    0x0, 0xff, 0xf3, 0x0, 0x0, 0x0, 0x0, 0x5,
    0xff, 0xe0, 0x5f, 0xfb, 0x0, 0x0, 0x0, 0x0,
    0x0, 0xd, 0xff, 0x38, 0xff, 0x50, 0x0, 0x0,
    0x0, 0x0, 0x0, 0x7f, 0xf7, 0xaf, 0xf3, 0x0,
    0x0, 0x0, 0x0, 0x0, 0x5, 0xff, 0x9b, 0xff,
    0x20, 0x0, 0x0, 0x0, 0x0, 0x0, 0x4f, 0xf9,
    0xaf, 0xf3, 0x0, 0x0, 0x0, 0x0, 0x0, 0x5,
    0xff, 0x98, 0xff, 0x50, 0x0, 0x0, 0x0, 0x0,
    0x0, 0x7f, 0xf7, 0x5f, 0xfa, 0x0, 0x0, 0x0,
    0x0, 0x0, 0xd, 0xff, 0x30, 0xff, 0xf2, 0x0,
    0x0, 0x0, 0x0, 0x5, 0xff, 0xe0, 0x8, 0xff,
    0xd1, 0x0, 0x0, 0x0, 0x2, 0xef, 0xf6, 0x0,
    0xd, 0xff, 0xe5, 0x0, 0x0, 0x6, 0xff, 0xfb,
    0x0, 0x0, 0x2d, 0xff, 0xff, 0xcb, 0xdf, 0xff,
    0xfc, 0x10, 0x0, 0x0, 0x1b, 0xff, 0xff, 0xff,
    0xff, 0xf9, 0x0, 0x0, 0x0, 0x0, 0x3, 0x9d,
    0xff, 0xfc, 0x82, 0x0, 0x0, 0x0,

    /* U+014F "ŏ" */
    0x0, 0x3f, 0xa0, 0x0, 0x8, 0xf4, 0x0, 0x0,
    0xf, 0xf5, 0x0, 0x4e, 0xf1, 0x0, 0x0, 0x6,
    0xff, 0xff, 0xff, 0x70, 0x0, 0x0, 0x0, 0x27,
    0x99, 0x72, 0x0, 0x0, 0x0, 0x0, 0x0, 0x0,
    0x0, 0x0, 0x0, 0x0, 0x1, 0x7c, 0xef, 0xd8,
    0x10, 0x0, 0x0, 0x4e, 0xff, 0xff, 0xff, 0xf5,
    0x0, 0x3, 0xff, 0xfb, 0x77, 0xaf, 0xff, 0x40,
    0xd, 0xff, 0x50, 0x0, 0x3, 0xff, 0xe0, 0x4f,
    0xf8, 0x0, 0x0, 0x0, 0x7f, 0xf6, 0x9f, 0xf3,
    0x0, 0x0, 0x0, 0x1f, 0xfa, 0xaf, 0xf0, 0x0,
    0x0, 0x0, 0xf, 0xfc, 0xaf, 0xf0, 0x0, 0x0,
    0x0, 0xf, 0xfc, 0x8f, 0xf3, 0x0, 0x0, 0x0,
    0x1f, 0xfa, 0x4f, 0xf9, 0x0, 0x0, 0x0, 0x7f,
    0xf6, 0xd, 0xff, 0x50, 0x0, 0x4, 0xff, 0xe0,
    0x3, 0xff, 0xfb, 0x77, 0xbf, 0xff, 0x40, 0x0,
    0x4e, 0xff, 0xff, 0xff, 0xf5, 0x0, 0x0, 0x1,
    0x7c, 0xef, 0xd8, 0x10, 0x0,

    /* U+0150 "Ő" */
    0x0, 0x0, 0x0, 0x0, 0x16, 0x61, 0x0, 0x66,
    0x40, 0x0, 0x0, 0x0, 0x0, 0xa, 0xfb, 0x0,
    0x9f, 0xf3, 0x0, 0x0, 0x0, 0x0, 0x6, 0xfd,
    0x10, 0x4f, 0xf4, 0x0, 0x0, 0x0, 0x0, 0x2,
    0xff, 0x20, 0x1e, 0xf5, 0x0, 0x0, 0x0, 0x0,
    0x0, 0xcf, 0x50, 0xb, 0xf7, 0x0, 0x0, 0x0,
    0x0, 0x0, 0x0, 0x0, 0x0, 0x0, 0x0, 0x0,
    0x0, 0x0, 0x0, 0x0, 0x0, 0x0, 0x0, 0x0,
    0x0, 0x0, 0x0, 0x0, 0x0, 0x39, 0xdf, 0xfe,
    0xc8, 0x20, 0x0, 0x0, 0x0, 0x1, 0xaf, 0xff,
    0xff, 0xff, 0xff, 0x90, 0x0, 0x0, 0x2, 0xdf,
    0xff, 0xfd, 0xbd, 0xff, 0xff, 0xc1, 0x0, 0x0,
    0xcf, 0xfe, 0x50, 0x0, 0x1, 0x7f, 0xff, 0xb0,
    0x0, 0x8f, 0xfd, 0x10, 0x0, 0x0, 0x0, 0x2e,
    0xff, 0x60, 0xf, 0xff, 0x30, 0x0, 0x0, 0x0,
    0x0, 0x5f, 0xfe, 0x5, 0xff, 0xb0, 0x0, 0x0,
    0x0, 0x0, 0x0, 0xdf, 0xf3, 0x8f, 0xf5, 0x0,
    0x0, 0x0, 0x0, 0x0, 0x7, 0xff, 0x7a, 0xff,
    0x30, 0x0, 0x0, 0x0, 0x0, 0x0, 0x5f, 0xf9,
    0xbf, 0xf2, 0x0, 0x0, 0x0, 0x0, 0x0, 0x4,
    0xff, 0x9a, 0xff, 0x30, 0x0, 0x0, 0x0, 0x0,
    0x0, 0x5f, 0xf9, 0x8f, 0xf5, 0x0, 0x0, 0x0,
    0x0, 0x0, 0x7, 0xff, 0x75, 0xff, 0xa0, 0x0,
    0x0, 0x0, 0x0, 0x0, 0xdf, 0xf3, 0xf, 0xff,
    0x20, 0x0, 0x0, 0x0, 0x0, 0x5f, 0xfe, 0x0,
    0x8f, 0xfd, 0x10, 0x0, 0x0, 0x0, 0x2e, 0xff,
    0x60, 0x0, 0xdf, 0xfe, 0x50, 0x0, 0x0, 0x6f,
    0xff, 0xb0, 0x0, 0x2, 0xdf, 0xff, 0xfc, 0xbd,
    0xff, 0xff, 0xc1, 0x0, 0x0, 0x1, 0xbf, 0xff,
    0xff, 0xff, 0xff, 0x90, 0x0, 0x0, 0x0, 0x0,
    0x39, 0xdf, 0xff, 0xc8, 0x20, 0x0, 0x0,

    /* U+0151 "ő" */
    0x0, 0x0, 0x0, 0xcf, 0xa0, 0xa, 0xff, 0x30,
    0x0, 0x0, 0x7f, 0xc0, 0x6, 0xff, 0x40, 0x0,
    0x0, 0x3f, 0xe1, 0x2, 0xff, 0x50, 0x0, 0x0,
    0xd, 0xf4, 0x0, 0xcf, 0x60, 0x0, 0x0, 0x2,
    0x64, 0x0, 0x16, 0x50, 0x0, 0x0, 0x0, 0x17,
    0xce, 0xfd, 0x81, 0x0, 0x0, 0x0, 0x4e, 0xff,
    0xff, 0xff, 0xf5, 0x0, 0x0, 0x3f, 0xff, 0xb7,
    0x7a, 0xff, 0xf4, 0x0, 0xd, 0xff, 0x50, 0x0,
    0x3, 0xff, 0xe0, 0x4, 0xff, 0x80, 0x0, 0x0,
    0x7, 0xff, 0x60, 0x9f, 0xf3, 0x0, 0x0, 0x0,
    0x1f, 0xfa, 0xa, 0xff, 0x0, 0x0, 0x0, 0x0,
    0xff, 0xc0, 0xaf, 0xf0, 0x0, 0x0, 0x0, 0xf,
    0xfc, 0x8, 0xff, 0x30, 0x0, 0x0, 0x1, 0xff,
    0xa0, 0x4f, 0xf9, 0x0, 0x0, 0x0, 0x7f, 0xf6,
    0x0, 0xdf, 0xf5, 0x0, 0x0, 0x4f, 0xfe, 0x0,
    0x3, 0xff, 0xfb, 0x77, 0xbf, 0xff, 0x40, 0x0,
    0x4, 0xef, 0xff, 0xff, 0xff, 0x50, 0x0, 0x0,
    0x1, 0x7c, 0xef, 0xd8, 0x10, 0x0, 0x0,

    /* U+0152 "Œ" */
    0x0, 0x0, 0x1, 0x7b, 0xdf, 0xff, 0xff, 0xff,
    0xff, 0xff, 0xff, 0xff, 0xff, 0x0, 0x0, 0x9f,
    0xff, 0xff, 0xff, 0xff, 0xff, 0xff, 0xff, 0xff,
    0xff, 0xff, 0x0, 0x2d, 0xff, 0xfe, 0xb9, 0x88,
    0x8f, 0xff, 0x88, 0x88, 0x88, 0x88, 0x87, 0x0,
    0xdf, 0xfd, 0x40, 0x0, 0x0, 0xf, 0xfe, 0x0,
    0x0, 0x0, 0x0, 0x0, 0x8, 0xff, 0xc0, 0x0,
    0x0, 0x0, 0xf, 0xfe, 0x0, 0x0, 0x0, 0x0,
    0x0, 0xf, 0xff, 0x10, 0x0, 0x0, 0x0, 0xf,
    0xfe, 0x0, 0x0, 0x0, 0x0, 0x0, 0x4f, 0xfa,
    0x0, 0x0, 0x0, 0x0, 0xf, 0xfe, 0x0, 0x0,
    0x0, 0x0, 0x0, 0x8f, 0xf5, 0x0, 0x0, 0x0,
    0x0, 0xf, 0xfe, 0x0, 0x0, 0x0, 0x0, 0x0,
    0xaf, 0xf4, 0x0, 0x0, 0x0, 0x0, 0xf, 0xff,
    0xff, 0xff, 0xff, 0xff, 0xf1, 0xbf, 0xf3, 0x0,
    0x0, 0x0, 0x0, 0xf, 0xff, 0xff, 0xff, 0xff,
    0xff, 0xf1, 0xaf, 0xf3, 0x0, 0x0, 0x0, 0x0,
    0xf, 0xff, 0x88, 0x88, 0x88, 0x88, 0x80, 0x9f,
    0xf5, 0x0, 0x0, 0x0, 0x0, 0xf, 0xfe, 0x0,
    0x0, 0x0, 0x0, 0x0, 0x5f, 0xf9, 0x0, 0x0,
    0x0, 0x0, 0xf, 0xfe, 0x0, 0x0, 0x0, 0x0,
    0x0, 0x1f, 0xfe, 0x10, 0x0, 0x0, 0x0, 0xf,
    0xfe, 0x0, 0x0, 0x0, 0x0, 0x0, 0xa, 0xff,
    0xb0, 0x0, 0x0, 0x0, 0xf, 0xfe, 0x0, 0x0,
    0x0, 0x0, 0x0, 0x1, 0xef, 0xfd, 0x40, 0x0,
    0x0, 0xf, 0xfe, 0x0, 0x0, 0x0, 0x0, 0x0,
    0x0, 0x3e, 0xff, 0xff, 0xb9, 0x88, 0x8f, 0xff,
    0x88, 0x88, 0x88, 0x88, 0x87, 0x0, 0x1, 0xbf,
    0xff, 0xff, 0xff, 0xff, 0xff, 0xff, 0xff, 0xff,
    0xff, 0xff, 0x0, 0x0, 0x2, 0x7b, 0xef, 0xff,
    0xff, 0xff, 0xff, 0xff, 0xff, 0xff, 0xff,

    /* U+0153 "œ" */
    0x0, 0x1, 0x7c, 0xef, 0xd8, 0x10, 0x0, 0x5b,
    0xef, 0xea, 0x40, 0x0, 0x0, 0x4e, 0xff, 0xff,
    0xff, 0xf5, 0xa, 0xff, 0xff, 0xff, 0xf8, 0x0,
    0x3, 0xff, 0xf9, 0x55, 0x9f, 0xff, 0xef, 0xfd,
    0x75, 0x7e, 0xff, 0x60, 0xd, 0xff, 0x30, 0x0,
    0x2, 0xef, 0xff, 0xb0, 0x0, 0x1, 0xcf, 0xe0,
    0x4f, 0xf8, 0x0, 0x0, 0x0, 0x6f, 0xff, 0x20,
    0x0, 0x0, 0x4f, 0xf5, 0x9f, 0xf2, 0x0, 0x0,
    0x0, 0x1f, 0xff, 0x0, 0x0, 0x0, 0xf, 0xf8,
    0xaf, 0xf0, 0x0, 0x0, 0x0, 0xf, 0xff, 0xff,
    0xff, 0xff, 0xff, 0xf9, 0xaf, 0xf0, 0x0, 0x0,
    0x0, 0xf, 0xff, 0xff, 0xff, 0xff, 0xff, 0xf9,
    0x8f, 0xf3, 0x0, 0x0, 0x0, 0x2f, 0xff, 0x0,
    0x0, 0x0, 0x0, 0x0, 0x4f, 0xf9, 0x0, 0x0,
    0x0, 0x8f, 0xff, 0x20, 0x0, 0x0, 0x0, 0x0,
    0xd, 0xff, 0x50, 0x0, 0x4, 0xff, 0xff, 0xc1,
    0x0, 0x0, 0x2a, 0x10, 0x3, 0xff, 0xfc, 0x88,
    0xbf, 0xff, 0xef, 0xff, 0xa7, 0x8b, 0xff, 0xd0,
    0x0, 0x4e, 0xff, 0xff, 0xff, 0xf5, 0xb, 0xff,
    0xff, 0xff, 0xfe, 0x50, 0x0, 0x1, 0x7c, 0xef,
    0xd8, 0x10, 0x0, 0x5b, 0xef, 0xec, 0x81, 0x0,

    /* U+0154 "Ŕ" */
    0x0, 0x0, 0x0, 0x0, 0x11, 0x10, 0x0, 0x0,
    0x0, 0x0, 0x0, 0x4f, 0xf8, 0x0, 0x0, 0x0,
    0x0, 0x0, 0x1e, 0xf8, 0x0, 0x0, 0x0, 0x0,
    0x0, 0xc, 0xf9, 0x0, 0x0, 0x0, 0x0, 0x0,
    0x7, 0xfa, 0x0, 0x0, 0x0, 0x0, 0x0, 0x0,
    0x11, 0x0, 0x0, 0x0, 0x0, 0x0, 0x0, 0x0,
    0x0, 0x0, 0x0, 0x0, 0xe, 0xff, 0xff, 0xff,
    0xec, 0x71, 0x0, 0x0, 0xef, 0xff, 0xff, 0xff,
    0xff, 0xe3, 0x0, 0xe, 0xff, 0x88, 0x89, 0xbf,
    0xff, 0xe0, 0x0, 0xef, 0xf0, 0x0, 0x0, 0x1c,
    0xff, 0x60, 0xe, 0xff, 0x0, 0x0, 0x0, 0x4f,
    0xf9, 0x0, 0xef, 0xf0, 0x0, 0x0, 0x3, 0xff,
    0xa0, 0xe, 0xff, 0x0, 0x0, 0x0, 0x7f, 0xf8,
    0x0, 0xef, 0xf0, 0x0, 0x2, 0x8f, 0xff, 0x30,
    0xe, 0xff, 0xff, 0xff, 0xff, 0xff, 0x90, 0x0,
    0xef, 0xff, 0xff, 0xff, 0xfe, 0x70, 0x0, 0xe,
    0xff, 0x88, 0x8f, 0xff, 0x30, 0x0, 0x0, 0xef,
    0xf0, 0x0, 0x5f, 0xfc, 0x0, 0x0, 0xe, 0xff,
    0x0, 0x0, 0xcf, 0xf6, 0x0, 0x0, 0xef, 0xf0,
    0x0, 0x3, 0xff, 0xe0, 0x0, 0xe, 0xff, 0x0,
    0x0, 0xa, 0xff, 0x80, 0x0, 0xef, 0xf0, 0x0,
    0x0, 0x1f, 0xff, 0x20, 0xe, 0xff, 0x0, 0x0,
    0x0, 0x8f, 0xfb, 0x0, 0xef, 0xf0, 0x0, 0x0,
    0x0, 0xef, 0xf4, 0xe, 0xff, 0x0, 0x0, 0x0,
    0x6, 0xff, 0xd0,

    /* U+0155 "ŕ" */
    0x0, 0x0, 0x1, 0xef, 0xc0, 0x0, 0x0, 0x0,
    0xcf, 0xa0, 0x0, 0x0, 0x0, 0xbf, 0x90, 0x0,
    0x0, 0x0, 0x39, 0x70, 0x0, 0x0, 0x0, 0x0,
    0x0, 0x0, 0x0, 0x1, 0xff, 0xa0, 0x6c, 0xfe,
    0xa0, 0x1f, 0xfa, 0xaf, 0xff, 0xf8, 0x1, 0xff,
    0xff, 0xfd, 0xce, 0x10, 0x1f, 0xff, 0xd2, 0x0,
    0x0, 0x1, 0xff, 0xf2, 0x0, 0x0, 0x0, 0x1f,
    0xfd, 0x0, 0x0, 0x0, 0x1, 0xff, 0xb0, 0x0,
    0x0, 0x0, 0x1f, 0xfa, 0x0, 0x0, 0x0, 0x1,
    0xff, 0xa0, 0x0, 0x0, 0x0, 0x1f, 0xfa, 0x0,
    0x0, 0x0, 0x1, 0xff, 0xa0, 0x0, 0x0, 0x0,
    0x1f, 0xfa, 0x0, 0x0, 0x0, 0x1, 0xff, 0xa0,
    0x0, 0x0, 0x0, 0x1f, 0xfa, 0x0, 0x0, 0x0,
    0x0,

    /* U+0156 "Ŗ" */
    0xef, 0xff, 0xff, 0xfe, 0xb7, 0x0, 0x0, 0xe,
    0xff, 0xff, 0xff, 0xff, 0xfe, 0x20, 0x0, 0xef,
    0xf8, 0x88, 0x9b, 0xff, 0xfd, 0x0, 0xe, 0xff,
    0x0, 0x0, 0x2, 0xdf, 0xf5, 0x0, 0xef, 0xf0,
    0x0, 0x0, 0x5, 0xff, 0x90, 0xe, 0xff, 0x0,
    0x0, 0x0, 0x3f, 0xfa, 0x0, 0xef, 0xf0, 0x0,
    0x0, 0x5, 0xff, 0x90, 0xe, 0xff, 0x0, 0x0,
    0x1, 0xdf, 0xf5, 0x0, 0xef, 0xf8, 0x88, 0x8b,
    0xff, 0xfd, 0x0, 0xe, 0xff, 0xff, 0xff, 0xff,
    0xfd, 0x20, 0x0, 0xef, 0xff, 0xff, 0xff, 0xf7,
    0x0, 0x0, 0xe, 0xff, 0x0, 0x9, 0xff, 0x80,
    0x0, 0x0, 0xef, 0xf0, 0x0, 0x1e, 0xff, 0x20,
    0x0, 0xe, 0xff, 0x0, 0x0, 0x6f, 0xfc, 0x0,
    0x0, 0xef, 0xf0, 0x0, 0x0, 0xcf, 0xf6, 0x0,
    0xe, 0xff, 0x0, 0x0, 0x3, 0xff, 0xe1, 0x0,
    0xef, 0xf0, 0x0, 0x0, 0x9, 0xff, 0xa0, 0xe,
    0xff, 0x0, 0x0, 0x0, 0x1e, 0xff, 0x40, 0xef,
    0xf0, 0x0, 0x0, 0x0, 0x6f, 0xfd, 0x0, 0x0,
    0x0, 0x0, 0x0, 0x0, 0x0, 0x0, 0x0, 0x0,
    0x36, 0x62, 0x0, 0x0, 0x0, 0x0, 0x0, 0xc,
    0xfc, 0x0, 0x0, 0x0, 0x0, 0x0, 0x4, 0xfe,
    0x10, 0x0, 0x0, 0x0, 0x0, 0x0, 0xcf, 0x40,
    0x0, 0x0, 0x0, 0x0, 0x0, 0x3f, 0x80, 0x0,
    0x0, 0x0, 0x0, 0x0,

    /* U+0157 "ŗ" */
    0x1f, 0xfa, 0x6, 0xcf, 0xea, 0x1, 0xff, 0xaa,
    0xff, 0xff, 0x80, 0x1f, 0xff, 0xff, 0xdc, 0xe1,
    0x1, 0xff, 0xfd, 0x20, 0x0, 0x0, 0x1f, 0xff,
    0x20, 0x0, 0x0, 0x1, 0xff, 0xd0, 0x0, 0x0,
    0x0, 0x1f, 0xfb, 0x0, 0x0, 0x0, 0x1, 0xff,
    0xa0, 0x0, 0x0, 0x0, 0x1f, 0xfa, 0x0, 0x0,
    0x0, 0x1, 0xff, 0xa0, 0x0, 0x0, 0x0, 0x1f,
    0xfa, 0x0, 0x0, 0x0, 0x1, 0xff, 0xa0, 0x0,
    0x0, 0x0, 0x1f, 0xfa, 0x0, 0x0, 0x0, 0x1,
    0xff, 0xa0, 0x0, 0x0, 0x0, 0x0, 0x0, 0x0,
    0x0, 0x0, 0x0, 0x1, 0x66, 0x40, 0x0, 0x0,
    0x0, 0x8f, 0xf2, 0x0, 0x0, 0x0, 0xf, 0xf5,
    0x0, 0x0, 0x0, 0x7, 0xf9, 0x0, 0x0, 0x0,
    0x0, 0xec, 0x0, 0x0, 0x0, 0x0,

    /* U+0158 "Ř" */
    0x0, 0xaf, 0x60, 0x3, 0xfd, 0x10, 0x0, 0x0,
    0x0, 0xbf, 0x52, 0xed, 0x10, 0x0, 0x0, 0x0,
    0x0, 0xbf, 0xed, 0x10, 0x0, 0x0, 0x0, 0x0,
    0x0, 0xcd, 0x10, 0x0, 0x0, 0x0, 0x0, 0x0,
    0x0, 0x10, 0x0, 0x0, 0x0, 0x0, 0x0, 0x0,
    0x0, 0x0, 0x0, 0x0, 0x0, 0xef, 0xff, 0xff,
    0xfe, 0xc7, 0x10, 0x0, 0xe, 0xff, 0xff, 0xff,
    0xff, 0xfe, 0x30, 0x0, 0xef, 0xf8, 0x88, 0x9b,
    0xff, 0xfe, 0x0, 0xe, 0xff, 0x0, 0x0, 0x1,
    0xcf, 0xf6, 0x0, 0xef, 0xf0, 0x0, 0x0, 0x4,
    0xff, 0x90, 0xe, 0xff, 0x0, 0x0, 0x0, 0x3f,
    0xfa, 0x0, 0xef, 0xf0, 0x0, 0x0, 0x7, 0xff,
    0x80, 0xe, 0xff, 0x0, 0x0, 0x28, 0xff, 0xf3,
    0x0, 0xef, 0xff, 0xff, 0xff, 0xff, 0xf9, 0x0,
    0xe, 0xff, 0xff, 0xff, 0xff, 0xe7, 0x0, 0x0,
    0xef, 0xf8, 0x88, 0xff, 0xf3, 0x0, 0x0, 0xe,
    0xff, 0x0, 0x5, 0xff, 0xc0, 0x0, 0x0, 0xef,
    0xf0, 0x0, 0xc, 0xff, 0x60, 0x0, 0xe, 0xff,
    0x0, 0x0, 0x3f, 0xfe, 0x0, 0x0, 0xef, 0xf0,
    0x0, 0x0, 0xaf, 0xf8, 0x0, 0xe, 0xff, 0x0,
    0x0, 0x1, 0xff, 0xf2, 0x0, 0xef, 0xf0, 0x0,
    0x0, 0x8, 0xff, 0xb0, 0xe, 0xff, 0x0, 0x0,
    0x0, 0xe, 0xff, 0x40, 0xef, 0xf0, 0x0, 0x0,
    0x0, 0x6f, 0xfd, 0x0,

    /* U+0159 "ř" */
    0x6f, 0xb0, 0x1, 0xdf, 0x30, 0x0, 0x7f, 0xb2,
    0xef, 0x30, 0x0, 0x0, 0x7f, 0xff, 0x40, 0x0,
    0x0, 0x0, 0x8f, 0x40, 0x0, 0x0, 0x0, 0x0,
    0x20, 0x0, 0x0, 0x1, 0xff, 0xa0, 0x6c, 0xfe,
    0xa0, 0x1f, 0xfa, 0xaf, 0xff, 0xf8, 0x1, 0xff,
    0xff, 0xfd, 0xce, 0x10, 0x1f, 0xff, 0xd2, 0x0,
    0x0, 0x1, 0xff, 0xf2, 0x0, 0x0, 0x0, 0x1f,
    0xfd, 0x0, 0x0, 0x0, 0x1, 0xff, 0xb0, 0x0,
    0x0, 0x0, 0x1f, 0xfa, 0x0, 0x0, 0x0, 0x1,
    0xff, 0xa0, 0x0, 0x0, 0x0, 0x1f, 0xfa, 0x0,
    0x0, 0x0, 0x1, 0xff, 0xa0, 0x0, 0x0, 0x0,
    0x1f, 0xfa, 0x0, 0x0, 0x0, 0x1, 0xff, 0xa0,
    0x0, 0x0, 0x0, 0x1f, 0xfa, 0x0, 0x0, 0x0,
    0x0,

    /* U+015A "Ś" */
    0x0, 0x0, 0x0, 0x0, 0x1, 0x88, 0x50, 0x0,
    0x0, 0x0, 0x0, 0x0, 0xcf, 0xd1, 0x0, 0x0,
    0x0, 0x0, 0x0, 0x8f, 0xd1, 0x0, 0x0, 0x0,
    0x0, 0x0, 0x4f, 0xd1, 0x0, 0x0, 0x0, 0x0,
    0x0, 0x7, 0x71, 0x0, 0x0, 0x0, 0x0, 0x0,
    0x0, 0x0, 0x0, 0x0, 0x0, 0x0, 0x0, 0x0,
    0x0, 0x0, 0x0, 0x0, 0x0, 0x0, 0x1, 0x8c,
    0xef, 0xd8, 0x20, 0x0, 0x0, 0x4, 0xef, 0xff,
    0xff, 0xff, 0x50, 0x0, 0x2, 0xff, 0xfd, 0x99,
    0xdf, 0xff, 0x40, 0x0, 0x8f, 0xfa, 0x0, 0x0,
    0x6f, 0xf7, 0x0, 0xb, 0xff, 0x20, 0x0, 0x0,
    0x52, 0x0, 0x0, 0xbf, 0xf2, 0x0, 0x0, 0x0,
    0x0, 0x0, 0x7, 0xff, 0xc1, 0x0, 0x0, 0x0,
    0x0, 0x0, 0xc, 0xff, 0xe8, 0x20, 0x0, 0x0,
    0x0, 0x0, 0x1b, 0xff, 0xff, 0xb5, 0x0, 0x0,
    0x0, 0x0, 0x4, 0xbf, 0xff, 0xfd, 0x40, 0x0,
    0x0, 0x0, 0x0, 0x17, 0xef, 0xff, 0x70, 0x0,
    0x0, 0x0, 0x0, 0x0, 0x7f, 0xff, 0x30, 0x0,
    0x0, 0x0, 0x0, 0x0, 0x6f, 0xf9, 0x8, 0xce,
    0x0, 0x0, 0x0, 0x2, 0xff, 0xb0, 0xcf, 0xf6,
    0x0, 0x0, 0x0, 0x4f, 0xf9, 0x5, 0xff, 0xf5,
    0x0, 0x0, 0x2d, 0xff, 0x50, 0xa, 0xff, 0xfd,
    0xa8, 0xaf, 0xff, 0xc0, 0x0, 0x9, 0xff, 0xff,
    0xff, 0xff, 0xb1, 0x0, 0x0, 0x3, 0x9d, 0xff,
    0xea, 0x40, 0x0,

    /* U+015B "ś" */
    0x0, 0x0, 0x0, 0x0, 0xdf, 0xd1, 0x0, 0x0,
    0x0, 0xb, 0xfc, 0x10, 0x0, 0x0, 0x0, 0x9f,
    0xb0, 0x0, 0x0, 0x0, 0x2, 0x98, 0x0, 0x0,
    0x0, 0x0, 0x0, 0x0, 0x0, 0x0, 0x0, 0x5,
    0xbe, 0xfe, 0xa3, 0x0, 0x0, 0x9f, 0xff, 0xff,
    0xff, 0x70, 0x3, 0xff, 0xb4, 0x25, 0xbf, 0xf2,
    0x7, 0xff, 0x10, 0x0, 0x8, 0x40, 0x6, 0xff,
    0x70, 0x0, 0x0, 0x0, 0x1, 0xef, 0xfe, 0xa6,
    0x10, 0x0, 0x0, 0x3d, 0xff, 0xff, 0xfb, 0x30,
    0x0, 0x0, 0x49, 0xef, 0xff, 0xf3, 0x0, 0x0,
    0x0, 0x2, 0xaf, 0xfb, 0x0, 0x30, 0x0, 0x0,
    0xd, 0xfe, 0x8, 0xf7, 0x0, 0x0, 0xe, 0xfc,
    0xd, 0xff, 0xc6, 0x45, 0xcf, 0xf7, 0x1, 0xcf,
    0xff, 0xff, 0xff, 0xb0, 0x0, 0x5, 0xbe, 0xfe,
    0xb5, 0x0,

    /* U+015C "Ŝ" */
    0x0, 0x0, 0x0, 0x3, 0x20, 0x0, 0x0, 0x0,
    0x0, 0x0, 0x2, 0xee, 0x10, 0x0, 0x0, 0x0,
    0x0, 0x1, 0xef, 0xfd, 0x10, 0x0, 0x0, 0x0,
    0x1, 0xdf, 0x45, 0xfc, 0x0, 0x0, 0x0, 0x0,
    0xcf, 0x60, 0x7, 0xfb, 0x0, 0x0, 0x0, 0x0,
    0x0, 0x0, 0x0, 0x0, 0x0, 0x0, 0x0, 0x0,
    0x0, 0x0, 0x0, 0x0, 0x0, 0x0, 0x1, 0x8c,
    0xef, 0xd8, 0x20, 0x0, 0x0, 0x4, 0xef, 0xff,
    0xff, 0xff, 0x50, 0x0, 0x2, 0xff, 0xfd, 0x99,
    0xdf, 0xff, 0x40, 0x0, 0x8f, 0xfa, 0x0, 0x0,
    0x6f, 0xf7, 0x0, 0xb, 0xff, 0x20, 0x0, 0x0,
    0x52, 0x0, 0x0, 0xbf, 0xf2, 0x0, 0x0, 0x0,
    0x0, 0x0, 0x7, 0xff, 0xc1, 0x0, 0x0, 0x0,
    0x0, 0x0, 0xc, 0xff, 0xe8, 0x20, 0x0, 0x0,
    0x0, 0x0, 0x1b, 0xff, 0xff, 0xb5, 0x0, 0x0,
    0x0, 0x0, 0x4, 0xbf, 0xff, 0xfd, 0x40, 0x0,
    0x0, 0x0, 0x0, 0x17, 0xef, 0xff, 0x70, 0x0,
    0x0, 0x0, 0x0, 0x0, 0x7f, 0xff, 0x30, 0x0,
    0x0, 0x0, 0x0, 0x0, 0x6f, 0xf9, 0x8, 0xce,
    0x0, 0x0, 0x0, 0x2, 0xff, 0xb0, 0xcf, 0xf6,
    0x0, 0x0, 0x0, 0x4f, 0xf9, 0x5, 0xff, 0xf5,
    0x0, 0x0, 0x2d, 0xff, 0x50, 0xa, 0xff, 0xfd,
    0xa8, 0xaf, 0xff, 0xc0, 0x0, 0x9, 0xff, 0xff,
    0xff, 0xff, 0xb1, 0x0, 0x0, 0x3, 0x9d, 0xff,
    0xea, 0x40, 0x0,

    /* U+015D "ŝ" */
    0x0, 0x0, 0x0, 0x0, 0x0, 0x0, 0x0, 0x0,
    0x2, 0xd2, 0x0, 0x0, 0x0, 0x0, 0x1d, 0xfe,
    0x20, 0x0, 0x0, 0x1, 0xdf, 0x7f, 0xd1, 0x0,
    0x0, 0xc, 0xf6, 0x5, 0xfd, 0x10, 0x0, 0x48,
    0x50, 0x0, 0x58, 0x40, 0x0, 0x0, 0x0, 0x0,
    0x0, 0x0, 0x0, 0x5, 0xbe, 0xfe, 0xa3, 0x0,
    0x0, 0x9f, 0xff, 0xff, 0xff, 0x70, 0x3, 0xff,
    0xb4, 0x25, 0xbf, 0xf2, 0x7, 0xff, 0x10, 0x0,
    0x8, 0x40, 0x6, 0xff, 0x70, 0x0, 0x0, 0x0,
    0x1, 0xef, 0xfe, 0xa6, 0x10, 0x0, 0x0, 0x3d,
    0xff, 0xff, 0xfb, 0x30, 0x0, 0x0, 0x49, 0xef,
    0xff, 0xf3, 0x0, 0x0, 0x0, 0x2, 0xaf, 0xfb,
    0x0, 0x30, 0x0, 0x0, 0xd, 0xfe, 0x8, 0xf7,
    0x0, 0x0, 0xe, 0xfc, 0xd, 0xff, 0xc6, 0x45,
    0xcf, 0xf7, 0x1, 0xcf, 0xff, 0xff, 0xff, 0xb0,
    0x0, 0x5, 0xbe, 0xfe, 0xb5, 0x0,

    /* U+015E "Ş" */
    0x0, 0x0, 0x18, 0xce, 0xfd, 0x82, 0x0, 0x0,
    0x0, 0x4e, 0xff, 0xff, 0xff, 0xf5, 0x0, 0x0,
    0x2f, 0xff, 0xd9, 0x9d, 0xff, 0xf4, 0x0, 0x8,
    0xff, 0xa0, 0x0, 0x6, 0xff, 0x70, 0x0, 0xbf,
    0xf2, 0x0, 0x0, 0x5, 0x20, 0x0, 0xb, 0xff,
    0x20, 0x0, 0x0, 0x0, 0x0, 0x0, 0x7f, 0xfc,
    0x10, 0x0, 0x0, 0x0, 0x0, 0x0, 0xcf, 0xfe,
    0x82, 0x0, 0x0, 0x0, 0x0, 0x1, 0xbf, 0xff,
    0xfb, 0x50, 0x0, 0x0, 0x0, 0x0, 0x4b, 0xff,
    0xff, 0xd4, 0x0, 0x0, 0x0, 0x0, 0x1, 0x7e,
    0xff, 0xf7, 0x0, 0x0, 0x0, 0x0, 0x0, 0x7,
    0xff, 0xf3, 0x0, 0x0, 0x0, 0x0, 0x0, 0x6,
    0xff, 0x90, 0x8c, 0xe0, 0x0, 0x0, 0x0, 0x2f,
    0xfb, 0xc, 0xff, 0x60, 0x0, 0x0, 0x4, 0xff,
    0x90, 0x5f, 0xff, 0x50, 0x0, 0x2, 0xdf, 0xf5,
    0x0, 0xaf, 0xff, 0xda, 0x8a, 0xff, 0xfc, 0x0,
    0x0, 0x9f, 0xff, 0xff, 0xff, 0xfb, 0x10, 0x0,
    0x0, 0x39, 0xdf, 0xfe, 0xa4, 0x0, 0x0, 0x0,
    0x0, 0x6, 0xe1, 0x0, 0x0, 0x0, 0x0, 0x0,
    0x2, 0xff, 0xb3, 0x0, 0x0, 0x0, 0x0, 0x0,
    0x3, 0x6d, 0xf1, 0x0, 0x0, 0x0, 0x0, 0x0,
    0x0, 0x6f, 0x30, 0x0, 0x0, 0x0, 0x0, 0xb8,
    0x6d, 0xe0, 0x0, 0x0, 0x0, 0x0, 0x9, 0xef,
    0xc3, 0x0, 0x0, 0x0,

    /* U+015F "ş" */
    0x0, 0x5, 0xbe, 0xfe, 0xa3, 0x0, 0x0, 0x9f,
    0xff, 0xff, 0xff, 0x70, 0x3, 0xff, 0xb4, 0x25,
    0xbf, 0xf2, 0x7, 0xff, 0x10, 0x0, 0x8, 0x40,
    0x6, 0xff, 0x70, 0x0, 0x0, 0x0, 0x1, 0xef,
    0xfe, 0xa6, 0x10, 0x0, 0x0, 0x3d, 0xff, 0xff,
    0xfb, 0x30, 0x0, 0x0, 0x49, 0xef, 0xff, 0xf3,
    0x0, 0x0, 0x0, 0x2, 0xaf, 0xfb, 0x0, 0x30,
    0x0, 0x0, 0xd, 0xfe, 0x8, 0xf7, 0x0, 0x0,
    0xe, 0xfc, 0xd, 0xff, 0xc6, 0x45, 0xcf, 0xf7,
    0x1, 0xcf, 0xff, 0xff, 0xff, 0xb0, 0x0, 0x5,
    0xbf, 0xff, 0xb5, 0x0, 0x0, 0x0, 0xc, 0xa0,
    0x0, 0x0, 0x0, 0x0, 0x7f, 0xd7, 0x0, 0x0,
    0x0, 0x0, 0x24, 0x9f, 0x90, 0x0, 0x0, 0x0,
    0x0, 0xd, 0xc0, 0x0, 0x0, 0x3, 0xc7, 0x8f,
    0x80, 0x0, 0x0, 0x3, 0xbf, 0xe9, 0x0, 0x0,

    /* U+0160 "Š" */
    0x0, 0x0, 0x77, 0x0, 0x0, 0x77, 0x0, 0x0,
    0x0, 0x5, 0xf9, 0x0, 0xaf, 0x40, 0x0, 0x0,
    0x0, 0x6, 0xf5, 0x7f, 0x50, 0x0, 0x0, 0x0,
    0x0, 0x6, 0xff, 0x50, 0x0, 0x0, 0x0, 0x0,
    0x0, 0x7, 0x50, 0x0, 0x0, 0x0, 0x0, 0x0,
    0x0, 0x0, 0x0, 0x0, 0x0, 0x0, 0x0, 0x0,
    0x0, 0x0, 0x0, 0x0, 0x0, 0x0, 0x1, 0x8c,
    0xef, 0xd8, 0x20, 0x0, 0x0, 0x4, 0xef, 0xff,
    0xff, 0xff, 0x50, 0x0, 0x2, 0xff, 0xfd, 0x99,
    0xdf, 0xff, 0x40, 0x0, 0x8f, 0xfa, 0x0, 0x0,
    0x6f, 0xf7, 0x0, 0xb, 0xff, 0x20, 0x0, 0x0,
    0x52, 0x0, 0x0, 0xbf, 0xf2, 0x0, 0x0, 0x0,
    0x0, 0x0, 0x7, 0xff, 0xc1, 0x0, 0x0, 0x0,
    0x0, 0x0, 0xc, 0xff, 0xe8, 0x20, 0x0, 0x0,
    0x0, 0x0, 0x1b, 0xff, 0xff, 0xb5, 0x0, 0x0,
    0x0, 0x0, 0x4, 0xbf, 0xff, 0xfd, 0x40, 0x0,
    0x0, 0x0, 0x0, 0x17, 0xef, 0xff, 0x70, 0x0,
    0x0, 0x0, 0x0, 0x0, 0x7f, 0xff, 0x30, 0x0,
    0x0, 0x0, 0x0, 0x0, 0x6f, 0xf9, 0x8, 0xce,
    0x0, 0x0, 0x0, 0x2, 0xff, 0xb0, 0xcf, 0xf6,
    0x0, 0x0, 0x0, 0x4f, 0xf9, 0x5, 0xff, 0xf5,
    0x0, 0x0, 0x2d, 0xff, 0x50, 0xa, 0xff, 0xfd,
    0xa8, 0xaf, 0xff, 0xc0, 0x0, 0x9, 0xff, 0xff,
    0xff, 0xff, 0xb1, 0x0, 0x0, 0x3, 0x9d, 0xff,
    0xea, 0x40, 0x0,

    /* U+0161 "š" */
    0x0, 0x4f, 0xd1, 0x0, 0xcf, 0x50, 0x0, 0x5,
    0xfd, 0x2c, 0xf5, 0x0, 0x0, 0x0, 0x5f, 0xff,
    0x60, 0x0, 0x0, 0x0, 0x5, 0xf6, 0x0, 0x0,
    0x0, 0x0, 0x0, 0x20, 0x0, 0x0, 0x0, 0x5,
    0xbe, 0xfe, 0xa3, 0x0, 0x0, 0x9f, 0xff, 0xff,
    0xff, 0x70, 0x3, 0xff, 0xb4, 0x25, 0xbf, 0xf2,
    0x7, 0xff, 0x10, 0x0, 0x8, 0x40, 0x6, 0xff,
    0x70, 0x0, 0x0, 0x0, 0x1, 0xef, 0xfe, 0xa6,
    0x10, 0x0, 0x0, 0x3d, 0xff, 0xff, 0xfb, 0x30,
    0x0, 0x0, 0x49, 0xef, 0xff, 0xf3, 0x0, 0x0,
    0x0, 0x2, 0xaf, 0xfb, 0x0, 0x30, 0x0, 0x0,
    0xd, 0xfe, 0x8, 0xf7, 0x0, 0x0, 0xe, 0xfc,
    0xd, 0xff, 0xc6, 0x45, 0xcf, 0xf7, 0x1, 0xcf,
    0xff, 0xff, 0xff, 0xb0, 0x0, 0x5, 0xbe, 0xfe,
    0xb5, 0x0,

    /* U+0162 "Ţ" */
    0x9f, 0xff, 0xff, 0xff, 0xff, 0xff, 0xff, 0xff,
    0x9, 0xff, 0xff, 0xff, 0xff, 0xff, 0xff, 0xff,
    0xf0, 0x58, 0x88, 0x88, 0xaf, 0xfd, 0x88, 0x88,
    0x88, 0x0, 0x0, 0x0, 0x3, 0xff, 0xa0, 0x0,
    0x0, 0x0, 0x0, 0x0, 0x0, 0x3f, 0xfa, 0x0,
    0x0, 0x0, 0x0, 0x0, 0x0, 0x3, 0xff, 0xa0,
    0x0, 0x0, 0x0, 0x0, 0x0, 0x0, 0x3f, 0xfa,
    0x0, 0x0, 0x0, 0x0, 0x0, 0x0, 0x3, 0xff,
    0xa0, 0x0, 0x0, 0x0, 0x0, 0x0, 0x0, 0x3f,
    0xfa, 0x0, 0x0, 0x0, 0x0, 0x0, 0x0, 0x3,
    0xff, 0xa0, 0x0, 0x0, 0x0, 0x0, 0x0, 0x0,
    0x3f, 0xfa, 0x0, 0x0, 0x0, 0x0, 0x0, 0x0,
    0x3, 0xff, 0xa0, 0x0, 0x0, 0x0, 0x0, 0x0,
    0x0, 0x3f, 0xfa, 0x0, 0x0, 0x0, 0x0, 0x0,
    0x0, 0x3, 0xff, 0xa0, 0x0, 0x0, 0x0, 0x0,
    0x0, 0x0, 0x3f, 0xfa, 0x0, 0x0, 0x0, 0x0,
    0x0, 0x0, 0x3, 0xff, 0xa0, 0x0, 0x0, 0x0,
    0x0, 0x0, 0x0, 0x3f, 0xfa, 0x0, 0x0, 0x0,
    0x0, 0x0, 0x0, 0x3, 0xff, 0xa0, 0x0, 0x0,
    0x0, 0x0, 0x0, 0x0, 0x3f, 0xfa, 0x0, 0x0,
    0x0, 0x0, 0x0, 0x0, 0x1, 0xe7, 0x0, 0x0,
    0x0, 0x0, 0x0, 0x0, 0x0, 0xaf, 0x82, 0x0,
    0x0, 0x0, 0x0, 0x0, 0x0, 0x5, 0x8d, 0xf3,
    0x0, 0x0, 0x0, 0x0, 0x0, 0x0, 0x0, 0x2f,
    0x70, 0x0, 0x0, 0x0, 0x0, 0x0, 0x7a, 0x6b,
    0xf4, 0x0, 0x0, 0x0, 0x0, 0x0, 0x6, 0xdf,
    0xd6, 0x0, 0x0, 0x0, 0x0,

    /* U+0163 "ţ" */
    0x0, 0x0, 0x0, 0x0, 0x0, 0x0, 0x5, 0xa0,
    0x0, 0x0, 0xb, 0xfc, 0x0, 0x0, 0x0, 0xff,
    0xc0, 0x0, 0x0, 0xf, 0xfc, 0x0, 0x0, 0x0,
    0xff, 0xc0, 0x0, 0xbf, 0xff, 0xff, 0xff, 0xfb,
    0xff, 0xff, 0xff, 0xff, 0x12, 0x2f, 0xfe, 0x22,
    0x10, 0x0, 0xff, 0xc0, 0x0, 0x0, 0xf, 0xfc,
    0x0, 0x0, 0x0, 0xff, 0xc0, 0x0, 0x0, 0xf,
    0xfc, 0x0, 0x0, 0x0, 0xff, 0xc0, 0x0, 0x0,
    0xf, 0xfc, 0x0, 0x0, 0x0, 0xff, 0xd0, 0x0,
    0x0, 0xe, 0xfe, 0x0, 0x0, 0x0, 0xcf, 0xf9,
    0x45, 0x0, 0x5, 0xff, 0xff, 0xf0, 0x0, 0x6,
    0xff, 0xeb, 0x0, 0x0, 0x9c, 0x0, 0x0, 0x0,
    0x4f, 0xe9, 0x10, 0x0, 0x1, 0x48, 0xfc, 0x0,
    0x0, 0x0, 0xa, 0xf0, 0x0, 0x1d, 0x77, 0xeb,
    0x0, 0x2, 0xae, 0xfa, 0x10,

    /* U+0164 "Ť" */
    0x0, 0x0, 0x9f, 0x70, 0x2, 0xfd, 0x10, 0x0,
    0x0, 0x0, 0x0, 0xaf, 0x62, 0xee, 0x10, 0x0,
    0x0, 0x0, 0x0, 0x0, 0xaf, 0xee, 0x20, 0x0,
    0x0, 0x0, 0x0, 0x0, 0x0, 0xbe, 0x20, 0x0,
    0x0, 0x0, 0x0, 0x0, 0x0, 0x0, 0x20, 0x0,
    0x0, 0x0, 0x0, 0x0, 0x0, 0x0, 0x0, 0x0,
    0x0, 0x0, 0x0, 0x9f, 0xff, 0xff, 0xff, 0xff,
    0xff, 0xff, 0xff, 0x9, 0xff, 0xff, 0xff, 0xff,
    0xff, 0xff, 0xff, 0xf0, 0x58, 0x88, 0x88, 0xaf,
    0xfd, 0x88, 0x88, 0x88, 0x0, 0x0, 0x0, 0x3,
    0xff, 0xa0, 0x0, 0x0, 0x0, 0x0, 0x0, 0x0,
    0x3f, 0xfa, 0x0, 0x0, 0x0, 0x0, 0x0, 0x0,
    0x3, 0xff, 0xa0, 0x0, 0x0, 0x0, 0x0, 0x0,
    0x0, 0x3f, 0xfa, 0x0, 0x0, 0x0, 0x0, 0x0,
    0x0, 0x3, 0xff, 0xa0, 0x0, 0x0, 0x0, 0x0,
    0x0, 0x0, 0x3f, 0xfa, 0x0, 0x0, 0x0, 0x0,
    0x0, 0x0, 0x3, 0xff, 0xa0, 0x0, 0x0, 0x0,
    0x0, 0x0, 0x0, 0x3f, 0xfa, 0x0, 0x0, 0x0,
    0x0, 0x0, 0x0, 0x3, 0xff, 0xa0, 0x0, 0x0,
    0x0, 0x0, 0x0, 0x0, 0x3f, 0xfa, 0x0, 0x0,
    0x0, 0x0, 0x0, 0x0, 0x3, 0xff, 0xa0, 0x0,
    0x0, 0x0, 0x0, 0x0, 0x0, 0x3f, 0xfa, 0x0,
    0x0, 0x0, 0x0, 0x0, 0x0, 0x3, 0xff, 0xa0,
    0x0, 0x0, 0x0, 0x0, 0x0, 0x0, 0x3f, 0xfa,
    0x0, 0x0, 0x0, 0x0, 0x0, 0x0, 0x3, 0xff,
    0xa0, 0x0, 0x0, 0x0, 0x0, 0x0, 0x0, 0x3f,
    0xfa, 0x0, 0x0, 0x0, 0x0,

    /* U+0165 "ť" */
    0x0, 0x0, 0x0, 0x0, 0x4f, 0xf7, 0x0, 0x0,
    0x0, 0x0, 0x8f, 0xf1, 0x0, 0x0, 0x27, 0x0,
    0xdf, 0x80, 0x0, 0x9, 0xfc, 0x1, 0xff, 0x10,
    0x0, 0xf, 0xfc, 0x5, 0xf9, 0x0, 0x0, 0xf,
    0xfc, 0x9, 0xf2, 0x0, 0x0, 0xf, 0xfc, 0x0,
    0x0, 0x0, 0xbf, 0xff, 0xff, 0xff, 0xf0, 0x0,
    0xbf, 0xff, 0xff, 0xff, 0xf0, 0x0, 0x12, 0x2f,
    0xfe, 0x22, 0x10, 0x0, 0x0, 0xf, 0xfc, 0x0,
    0x0, 0x0, 0x0, 0xf, 0xfc, 0x0, 0x0, 0x0,
    0x0, 0xf, 0xfc, 0x0, 0x0, 0x0, 0x0, 0xf,
    0xfc, 0x0, 0x0, 0x0, 0x0, 0xf, 0xfc, 0x0,
    0x0, 0x0, 0x0, 0xf, 0xfc, 0x0, 0x0, 0x0,
    0x0, 0xf, 0xfd, 0x0, 0x0, 0x0, 0x0, 0xe,
    0xfe, 0x0, 0x0, 0x0, 0x0, 0xc, 0xff, 0x94,
    0x50, 0x0, 0x0, 0x5, 0xff, 0xff, 0xf0, 0x0,
    0x0, 0x0, 0x5d, 0xfe, 0xb0, 0x0,

    /* U+0166 "Ŧ" */
    0x9f, 0xff, 0xff, 0xff, 0xff, 0xff, 0xff, 0xff,
    0x9, 0xff, 0xff, 0xff, 0xff, 0xff, 0xff, 0xff,
    0xf0, 0x58, 0x88, 0x88, 0xaf, 0xfd, 0x88, 0x88,
    0x88, 0x0, 0x0, 0x0, 0x3, 0xff, 0xa0, 0x0,
    0x0, 0x0, 0x0, 0x0, 0x0, 0x3f, 0xfa, 0x0,
    0x0, 0x0, 0x0, 0x0, 0x0, 0x3, 0xff, 0xa0,
    0x0, 0x0, 0x0, 0x0, 0x0, 0x0, 0x3f, 0xfa,
    0x0, 0x0, 0x0, 0x0, 0x0, 0x0, 0x3, 0xff,
    0xa0, 0x0, 0x0, 0x0, 0x0, 0x0, 0xdd, 0xff,
    0xff, 0xdd, 0x40, 0x0, 0x0, 0x0, 0xf, 0xff,
    0xff, 0xff, 0xf6, 0x0, 0x0, 0x0, 0x0, 0x0,
    0x3f, 0xfa, 0x0, 0x0, 0x0, 0x0, 0x0, 0x0,
    0x3, 0xff, 0xa0, 0x0, 0x0, 0x0, 0x0, 0x0,
    0x0, 0x3f, 0xfa, 0x0, 0x0, 0x0, 0x0, 0x0,
    0x0, 0x3, 0xff, 0xa0, 0x0, 0x0, 0x0, 0x0,
    0x0, 0x0, 0x3f, 0xfa, 0x0, 0x0, 0x0, 0x0,
    0x0, 0x0, 0x3, 0xff, 0xa0, 0x0, 0x0, 0x0,
    0x0, 0x0, 0x0, 0x3f, 0xfa, 0x0, 0x0, 0x0,
    0x0, 0x0, 0x0, 0x3, 0xff, 0xa0, 0x0, 0x0,
    0x0, 0x0, 0x0, 0x0, 0x3f, 0xfa, 0x0, 0x0,
    0x0, 0x0,

    /* U+0167 "ŧ" */
    0x0, 0x0, 0x0, 0x0, 0x0, 0x0, 0x0, 0x2b,
    0x10, 0x0, 0x0, 0x7, 0xff, 0x20, 0x0, 0x0,
    0xa, 0xff, 0x20, 0x0, 0x0, 0xa, 0xff, 0x20,
    0x0, 0x0, 0xa, 0xff, 0x20, 0x0, 0x6f, 0xff,
    0xff, 0xff, 0xf3, 0x6f, 0xff, 0xff, 0xff, 0xf3,
    0x2, 0x2c, 0xff, 0x42, 0x20, 0x0, 0xa, 0xff,
    0x20, 0x0, 0x0, 0xa, 0xff, 0x20, 0x0, 0x0,
    0xa, 0xff, 0x20, 0x0, 0x6f, 0xff, 0xff, 0xff,
    0xf3, 0x5d, 0xdf, 0xff, 0xfd, 0xd3, 0x0, 0xa,
    0xff, 0x20, 0x0, 0x0, 0xa, 0xff, 0x20, 0x0,
    0x0, 0xa, 0xff, 0x40, 0x0, 0x0, 0x7, 0xff,
    0xc4, 0x51, 0x0, 0x1, 0xef, 0xff, 0xf3, 0x0,
    0x0, 0x2b, 0xff, 0xc2,

    /* U+0168 "Ũ" */
    0x0, 0x0, 0x5, 0x73, 0x0, 0x8, 0x60, 0x0,
    0x0, 0x0, 0x9f, 0xff, 0x50, 0xf, 0xa0, 0x0,
    0x0, 0x1, 0xfa, 0x1c, 0xf6, 0x8f, 0x60, 0x0,
    0x0, 0x5, 0xf4, 0x1, 0xdf, 0xfb, 0x0, 0x0,
    0x0, 0x2, 0x51, 0x0, 0x3, 0x30, 0x0, 0x0,
    0x0, 0x0, 0x0, 0x0, 0x0, 0x0, 0x0, 0x0,
    0x1f, 0xfc, 0x0, 0x0, 0x0, 0x0, 0x6f, 0xf7,
    0x1f, 0xfc, 0x0, 0x0, 0x0, 0x0, 0x6f, 0xf7,
    0x1f, 0xfc, 0x0, 0x0, 0x0, 0x0, 0x6f, 0xf7,
    0x1f, 0xfc, 0x0, 0x0, 0x0, 0x0, 0x6f, 0xf7,
    0x1f, 0xfc, 0x0, 0x0, 0x0, 0x0, 0x6f, 0xf7,
    0x1f, 0xfc, 0x0, 0x0, 0x0, 0x0, 0x6f, 0xf7,
    0x1f, 0xfc, 0x0, 0x0, 0x0, 0x0, 0x6f, 0xf7,
    0x1f, 0xfc, 0x0, 0x0, 0x0, 0x0, 0x6f, 0xf7,
    0x1f, 0xfc, 0x0, 0x0, 0x0, 0x0, 0x6f, 0xf7,
    0x1f, 0xfc, 0x0, 0x0, 0x0, 0x0, 0x6f, 0xf7,
    0x1f, 0xfc, 0x0, 0x0, 0x0, 0x0, 0x6f, 0xf7,
    0x1f, 0xfc, 0x0, 0x0, 0x0, 0x0, 0x6f, 0xf6,
    0xf, 0xfd, 0x0, 0x0, 0x0, 0x0, 0x7f, 0xf6,
    0xf, 0xff, 0x0, 0x0, 0x0, 0x0, 0xaf, 0xf4,
    0xb, 0xff, 0x50, 0x0, 0x0, 0x1, 0xef, 0xf1,
    0x6, 0xff, 0xe4, 0x0, 0x0, 0x1b, 0xff, 0xb0,
    0x0, 0xcf, 0xff, 0xda, 0xab, 0xff, 0xff, 0x20,
    0x0, 0x1c, 0xff, 0xff, 0xff, 0xff, 0xe3, 0x0,
    0x0, 0x0, 0x4a, 0xdf, 0xfe, 0xb7, 0x0, 0x0,

    /* U+0169 "ũ" */
    0x0, 0x1a, 0xee, 0x91, 0x9, 0xf1, 0x0, 0x9,
    0xfd, 0xef, 0xeb, 0xfd, 0x0, 0x0, 0xec, 0x0,
    0x8e, 0xfc, 0x20, 0x0, 0x0, 0x0, 0x0, 0x0,
    0x0, 0x0, 0x0, 0x0, 0x0, 0x0, 0x0, 0x0,
    0x4, 0xff, 0x70, 0x0, 0x0, 0x3f, 0xf8, 0x4f,
    0xf7, 0x0, 0x0, 0x3, 0xff, 0x84, 0xff, 0x70,
    0x0, 0x0, 0x3f, 0xf8, 0x4f, 0xf7, 0x0, 0x0,
    0x3, 0xff, 0x84, 0xff, 0x70, 0x0, 0x0, 0x3f,
    0xf8, 0x4f, 0xf7, 0x0, 0x0, 0x3, 0xff, 0x84,
    0xff, 0x70, 0x0, 0x0, 0x3f, 0xf8, 0x4f, 0xf7,
    0x0, 0x0, 0x4, 0xff, 0x84, 0xff, 0x80, 0x0,
    0x0, 0x6f, 0xf8, 0x3f, 0xfb, 0x0, 0x0, 0xa,
    0xff, 0x80, 0xff, 0xf2, 0x0, 0x3, 0xff, 0xf8,
    0xa, 0xff, 0xe8, 0x69, 0xff, 0xff, 0x80, 0x1e,
    0xff, 0xff, 0xff, 0x8f, 0xf8, 0x0, 0x19, 0xdf,
    0xea, 0x23, 0xff, 0x80,

    /* U+016A "Ū" */
    0x0, 0x0, 0xaf, 0xff, 0xff, 0xff, 0x0, 0x0,
    0x0, 0x0, 0x6a, 0xaa, 0xaa, 0xaa, 0x0, 0x0,
    0x0, 0x0, 0x0, 0x0, 0x0, 0x0, 0x0, 0x0,
    0x0, 0x0, 0x0, 0x0, 0x0, 0x0, 0x0, 0x0,
    0x0, 0x0, 0x0, 0x0, 0x0, 0x0, 0x0, 0x0,
    0x1f, 0xfc, 0x0, 0x0, 0x0, 0x0, 0x6f, 0xf7,
    0x1f, 0xfc, 0x0, 0x0, 0x0, 0x0, 0x6f, 0xf7,
    0x1f, 0xfc, 0x0, 0x0, 0x0, 0x0, 0x6f, 0xf7,
    0x1f, 0xfc, 0x0, 0x0, 0x0, 0x0, 0x6f, 0xf7,
    0x1f, 0xfc, 0x0, 0x0, 0x0, 0x0, 0x6f, 0xf7,
    0x1f, 0xfc, 0x0, 0x0, 0x0, 0x0, 0x6f, 0xf7,
    0x1f, 0xfc, 0x0, 0x0, 0x0, 0x0, 0x6f, 0xf7,
    0x1f, 0xfc, 0x0, 0x0, 0x0, 0x0, 0x6f, 0xf7,
    0x1f, 0xfc, 0x0, 0x0, 0x0, 0x0, 0x6f, 0xf7,
    0x1f, 0xfc, 0x0, 0x0, 0x0, 0x0, 0x6f, 0xf7,
    0x1f, 0xfc, 0x0, 0x0, 0x0, 0x0, 0x6f, 0xf7,
    0x1f, 0xfc, 0x0, 0x0, 0x0, 0x0, 0x6f, 0xf6,
    0xf, 0xfd, 0x0, 0x0, 0x0, 0x0, 0x7f, 0xf6,
    0xf, 0xff, 0x0, 0x0, 0x0, 0x0, 0xaf, 0xf4,
    0xb, 0xff, 0x50, 0x0, 0x0, 0x1, 0xef, 0xf1,
    0x6, 0xff, 0xe4, 0x0, 0x0, 0x1b, 0xff, 0xb0,
    0x0, 0xcf, 0xff, 0xda, 0xab, 0xff, 0xff, 0x20,
    0x0, 0x1c, 0xff, 0xff, 0xff, 0xff, 0xe3, 0x0,
    0x0, 0x0, 0x4a, 0xdf, 0xfe, 0xb7, 0x0, 0x0,

    /* U+016B "ū" */
    0x0, 0x3f, 0xff, 0xff, 0xff, 0x60, 0x0, 0x2,
    0xaa, 0xaa, 0xaa, 0xa4, 0x0, 0x0, 0x0, 0x0,
    0x0, 0x0, 0x0, 0x0, 0x0, 0x0, 0x0, 0x0,
    0x0, 0x0, 0x4f, 0xf7, 0x0, 0x0, 0x3, 0xff,
    0x84, 0xff, 0x70, 0x0, 0x0, 0x3f, 0xf8, 0x4f,
    0xf7, 0x0, 0x0, 0x3, 0xff, 0x84, 0xff, 0x70,
    0x0, 0x0, 0x3f, 0xf8, 0x4f, 0xf7, 0x0, 0x0,
    0x3, 0xff, 0x84, 0xff, 0x70, 0x0, 0x0, 0x3f,
    0xf8, 0x4f, 0xf7, 0x0, 0x0, 0x3, 0xff, 0x84,
    0xff, 0x70, 0x0, 0x0, 0x4f, 0xf8, 0x4f, 0xf8,
    0x0, 0x0, 0x6, 0xff, 0x83, 0xff, 0xb0, 0x0,
    0x0, 0xaf, 0xf8, 0xf, 0xff, 0x20, 0x0, 0x3f,
    0xff, 0x80, 0xaf, 0xfe, 0x86, 0x9f, 0xff, 0xf8,
    0x1, 0xef, 0xff, 0xff, 0xf8, 0xff, 0x80, 0x1,
    0x9d, 0xfe, 0xa2, 0x3f, 0xf8,

    /* U+016C "Ŭ" */
    0x0, 0x0, 0x87, 0x0, 0x0, 0x38, 0x30, 0x0,
    0x0, 0x0, 0xff, 0x30, 0x0, 0xcf, 0x50, 0x0,
    0x0, 0x0, 0x8f, 0xfc, 0xbe, 0xfe, 0x0, 0x0,
    0x0, 0x0, 0x6, 0xcf, 0xfe, 0x91, 0x0, 0x0,
    0x0, 0x0, 0x0, 0x0, 0x0, 0x0, 0x0, 0x0,
    0x0, 0x0, 0x0, 0x0, 0x0, 0x0, 0x0, 0x0,
    0x1f, 0xfc, 0x0, 0x0, 0x0, 0x0, 0x6f, 0xf7,
    0x1f, 0xfc, 0x0, 0x0, 0x0, 0x0, 0x6f, 0xf7,
    0x1f, 0xfc, 0x0, 0x0, 0x0, 0x0, 0x6f, 0xf7,
    0x1f, 0xfc, 0x0, 0x0, 0x0, 0x0, 0x6f, 0xf7,
    0x1f, 0xfc, 0x0, 0x0, 0x0, 0x0, 0x6f, 0xf7,
    0x1f, 0xfc, 0x0, 0x0, 0x0, 0x0, 0x6f, 0xf7,
    0x1f, 0xfc, 0x0, 0x0, 0x0, 0x0, 0x6f, 0xf7,
    0x1f, 0xfc, 0x0, 0x0, 0x0, 0x0, 0x6f, 0xf7,
    0x1f, 0xfc, 0x0, 0x0, 0x0, 0x0, 0x6f, 0xf7,
    0x1f, 0xfc, 0x0, 0x0, 0x0, 0x0, 0x6f, 0xf7,
    0x1f, 0xfc, 0x0, 0x0, 0x0, 0x0, 0x6f, 0xf7,
    0x1f, 0xfc, 0x0, 0x0, 0x0, 0x0, 0x6f, 0xf6,
    0xf, 0xfd, 0x0, 0x0, 0x0, 0x0, 0x7f, 0xf6,
    0xf, 0xff, 0x0, 0x0, 0x0, 0x0, 0xaf, 0xf4,
    0xb, 0xff, 0x50, 0x0, 0x0, 0x1, 0xef, 0xf1,
    0x6, 0xff, 0xe4, 0x0, 0x0, 0x1b, 0xff, 0xb0,
    0x0, 0xcf, 0xff, 0xda, 0xab, 0xff, 0xff, 0x20,
    0x0, 0x1c, 0xff, 0xff, 0xff, 0xff, 0xe3, 0x0,
    0x0, 0x0, 0x4a, 0xdf, 0xfe, 0xb7, 0x0, 0x0,

    /* U+016D "ŭ" */
    0x0, 0xaf, 0x20, 0x0, 0xf, 0xd0, 0x0, 0x7,
    0xfb, 0x20, 0x19, 0xfa, 0x0, 0x0, 0xc, 0xff,
    0xff, 0xfe, 0x20, 0x0, 0x0, 0x4, 0x89, 0x85,
    0x0, 0x0, 0x0, 0x0, 0x0, 0x0, 0x0, 0x0,
    0x4, 0xff, 0x70, 0x0, 0x0, 0x3f, 0xf8, 0x4f,
    0xf7, 0x0, 0x0, 0x3, 0xff, 0x84, 0xff, 0x70,
    0x0, 0x0, 0x3f, 0xf8, 0x4f, 0xf7, 0x0, 0x0,
    0x3, 0xff, 0x84, 0xff, 0x70, 0x0, 0x0, 0x3f,
    0xf8, 0x4f, 0xf7, 0x0, 0x0, 0x3, 0xff, 0x84,
    0xff, 0x70, 0x0, 0x0, 0x3f, 0xf8, 0x4f, 0xf7,
    0x0, 0x0, 0x4, 0xff, 0x84, 0xff, 0x80, 0x0,
    0x0, 0x6f, 0xf8, 0x3f, 0xfb, 0x0, 0x0, 0xa,
    0xff, 0x80, 0xff, 0xf2, 0x0, 0x3, 0xff, 0xf8,
    0xa, 0xff, 0xe8, 0x69, 0xff, 0xff, 0x80, 0x1e,
    0xff, 0xff, 0xff, 0x8f, 0xf8, 0x0, 0x19, 0xdf,
    0xea, 0x23, 0xff, 0x80,

    /* U+016E "Ů" */
    0x0, 0x0, 0x0, 0x7e, 0xfb, 0x10, 0x0, 0x0,
    0x0, 0x0, 0x6, 0xfa, 0x8e, 0xd0, 0x0, 0x0,
    0x0, 0x0, 0xb, 0xc0, 0x5, 0xf2, 0x0, 0x0,
    0x0, 0x0, 0x9, 0xf5, 0x3b, 0xf0, 0x0, 0x0,
    0x0, 0x0, 0x1, 0xcf, 0xff, 0x50, 0x0, 0x0,
    0x0, 0x0, 0x0, 0x3, 0x41, 0x0, 0x0, 0x0,
    0x1f, 0xfc, 0x0, 0x0, 0x0, 0x0, 0x6f, 0xf7,
    0x1f, 0xfc, 0x0, 0x0, 0x0, 0x0, 0x6f, 0xf7,
    0x1f, 0xfc, 0x0, 0x0, 0x0, 0x0, 0x6f, 0xf7,
    0x1f, 0xfc, 0x0, 0x0, 0x0, 0x0, 0x6f, 0xf7,
    0x1f, 0xfc, 0x0, 0x0, 0x0, 0x0, 0x6f, 0xf7,
    0x1f, 0xfc, 0x0, 0x0, 0x0, 0x0, 0x6f, 0xf7,
    0x1f, 0xfc, 0x0, 0x0, 0x0, 0x0, 0x6f, 0xf7,
    0x1f, 0xfc, 0x0, 0x0, 0x0, 0x0, 0x6f, 0xf7,
    0x1f, 0xfc, 0x0, 0x0, 0x0, 0x0, 0x6f, 0xf7,
    0x1f, 0xfc, 0x0, 0x0, 0x0, 0x0, 0x6f, 0xf7,
    0x1f, 0xfc, 0x0, 0x0, 0x0, 0x0, 0x6f, 0xf7,
    0x1f, 0xfc, 0x0, 0x0, 0x0, 0x0, 0x6f, 0xf6,
    0xf, 0xfd, 0x0, 0x0, 0x0, 0x0, 0x7f, 0xf6,
    0xf, 0xff, 0x0, 0x0, 0x0, 0x0, 0xaf, 0xf4,
    0xb, 0xff, 0x50, 0x0, 0x0, 0x1, 0xef, 0xf1,
    0x6, 0xff, 0xe4, 0x0, 0x0, 0x1b, 0xff, 0xb0,
    0x0, 0xcf, 0xff, 0xda, 0xab, 0xff, 0xff, 0x20,
    0x0, 0x1c, 0xff, 0xff, 0xff, 0xff, 0xe3, 0x0,
    0x0, 0x0, 0x4a, 0xdf, 0xfe, 0xb7, 0x0, 0x0,

    /* U+016F "ů" */
    0x0, 0x0, 0x1b, 0xfd, 0x30, 0x0, 0x0, 0x0,
    0xd, 0xe8, 0xdf, 0x20, 0x0, 0x0, 0x4, 0xf4,
    0x1, 0xf7, 0x0, 0x0, 0x0, 0x5f, 0x30, 0xf,
    0x80, 0x0, 0x0, 0x1, 0xfb, 0x38, 0xf4, 0x0,
    0x0, 0x0, 0x5, 0xff, 0xf9, 0x0, 0x0, 0x0,
    0x0, 0x1, 0x42, 0x0, 0x0, 0x4, 0xff, 0x70,
    0x0, 0x0, 0x3f, 0xf8, 0x4f, 0xf7, 0x0, 0x0,
    0x3, 0xff, 0x84, 0xff, 0x70, 0x0, 0x0, 0x3f,
    0xf8, 0x4f, 0xf7, 0x0, 0x0, 0x3, 0xff, 0x84,
    0xff, 0x70, 0x0, 0x0, 0x3f, 0xf8, 0x4f, 0xf7,
    0x0, 0x0, 0x3, 0xff, 0x84, 0xff, 0x70, 0x0,
    0x0, 0x3f, 0xf8, 0x4f, 0xf7, 0x0, 0x0, 0x4,
    0xff, 0x84, 0xff, 0x80, 0x0, 0x0, 0x6f, 0xf8,
    0x3f, 0xfb, 0x0, 0x0, 0xa, 0xff, 0x80, 0xff,
    0xf2, 0x0, 0x3, 0xff, 0xf8, 0xa, 0xff, 0xe8,
    0x69, 0xff, 0xff, 0x80, 0x1e, 0xff, 0xff, 0xff,
    0x8f, 0xf8, 0x0, 0x19, 0xdf, 0xea, 0x23, 0xff,
    0x80,

    /* U+0170 "Ű" */
    0x0, 0x0, 0x0, 0x2, 0x66, 0x0, 0x16, 0x63,
    0x0, 0x0, 0x0, 0xd, 0xf7, 0x0, 0xcf, 0xd1,
    0x0, 0x0, 0x0, 0xaf, 0xa0, 0x8, 0xfe, 0x20,
    0x0, 0x0, 0x5, 0xfd, 0x0, 0x3f, 0xf2, 0x0,
    0x0, 0x0, 0x1e, 0xe2, 0x0, 0xdf, 0x30, 0x0,
    0x0, 0x0, 0x0, 0x0, 0x0, 0x0, 0x0, 0x0,
    0x0, 0x0, 0x0, 0x0, 0x0, 0x0, 0x0, 0x0,
    0x1f, 0xfc, 0x0, 0x0, 0x0, 0x0, 0x6f, 0xf7,
    0x1f, 0xfc, 0x0, 0x0, 0x0, 0x0, 0x6f, 0xf7,
    0x1f, 0xfc, 0x0, 0x0, 0x0, 0x0, 0x6f, 0xf7,
    0x1f, 0xfc, 0x0, 0x0, 0x0, 0x0, 0x6f, 0xf7,
    0x1f, 0xfc, 0x0, 0x0, 0x0, 0x0, 0x6f, 0xf7,
    0x1f, 0xfc, 0x0, 0x0, 0x0, 0x0, 0x6f, 0xf7,
    0x1f, 0xfc, 0x0, 0x0, 0x0, 0x0, 0x6f, 0xf7,
    0x1f, 0xfc, 0x0, 0x0, 0x0, 0x0, 0x6f, 0xf7,
    0x1f, 0xfc, 0x0, 0x0, 0x0, 0x0, 0x6f, 0xf7,
    0x1f, 0xfc, 0x0, 0x0, 0x0, 0x0, 0x6f, 0xf7,
    0x1f, 0xfc, 0x0, 0x0, 0x0, 0x0, 0x6f, 0xf7,
    0x1f, 0xfc, 0x0, 0x0, 0x0, 0x0, 0x6f, 0xf6,
    0xf, 0xfd, 0x0, 0x0, 0x0, 0x0, 0x7f, 0xf6,
    0xf, 0xff, 0x0, 0x0, 0x0, 0x0, 0xaf, 0xf4,
    0xb, 0xff, 0x50, 0x0, 0x0, 0x1, 0xef, 0xf1,
    0x6, 0xff, 0xe4, 0x0, 0x0, 0x1b, 0xff, 0xb0,
    0x0, 0xcf, 0xff, 0xda, 0xab, 0xff, 0xff, 0x20,
    0x0, 0x1c, 0xff, 0xff, 0xff, 0xff, 0xe3, 0x0,
    0x0, 0x0, 0x4a, 0xdf, 0xfe, 0xb7, 0x0, 0x0,

    /* U+0171 "ű" */
    0x0, 0x0, 0x4, 0xff, 0x30, 0x2f, 0xfa, 0x0,
    0x0, 0x0, 0xef, 0x60, 0xc, 0xfc, 0x0, 0x0,
    0x0, 0xaf, 0x90, 0x8, 0xfd, 0x0, 0x0, 0x0,
    0x5f, 0xc0, 0x4, 0xfe, 0x10, 0x0, 0x0, 0x5,
    0x61, 0x0, 0x46, 0x20, 0x0, 0x4, 0xff, 0x70,
    0x0, 0x0, 0x3f, 0xf8, 0x0, 0x4f, 0xf7, 0x0,
    0x0, 0x3, 0xff, 0x80, 0x4, 0xff, 0x70, 0x0,
    0x0, 0x3f, 0xf8, 0x0, 0x4f, 0xf7, 0x0, 0x0,
    0x3, 0xff, 0x80, 0x4, 0xff, 0x70, 0x0, 0x0,
    0x3f, 0xf8, 0x0, 0x4f, 0xf7, 0x0, 0x0, 0x3,
    0xff, 0x80, 0x4, 0xff, 0x70, 0x0, 0x0, 0x3f,
    0xf8, 0x0, 0x4f, 0xf7, 0x0, 0x0, 0x4, 0xff,
    0x80, 0x4, 0xff, 0x80, 0x0, 0x0, 0x6f, 0xf8,
    0x0, 0x3f, 0xfb, 0x0, 0x0, 0xa, 0xff, 0x80,
    0x0, 0xff, 0xf2, 0x0, 0x3, 0xff, 0xf8, 0x0,
    0xa, 0xff, 0xe8, 0x69, 0xff, 0xff, 0x80, 0x0,
    0x1e, 0xff, 0xff, 0xff, 0x8f, 0xf8, 0x0, 0x0,
    0x19, 0xdf, 0xea, 0x23, 0xff, 0x80, 0x0,

    /* U+0172 "Ų" */
    0x1f, 0xfc, 0x0, 0x0, 0x0, 0x0, 0x6f, 0xf7,
    0x1f, 0xfc, 0x0, 0x0, 0x0, 0x0, 0x6f, 0xf7,
    0x1f, 0xfc, 0x0, 0x0, 0x0, 0x0, 0x6f, 0xf7,
    0x1f, 0xfc, 0x0, 0x0, 0x0, 0x0, 0x6f, 0xf7,
    0x1f, 0xfc, 0x0, 0x0, 0x0, 0x0, 0x6f, 0xf7,
    0x1f, 0xfc, 0x0, 0x0, 0x0, 0x0, 0x6f, 0xf7,
    0x1f, 0xfc, 0x0, 0x0, 0x0, 0x0, 0x6f, 0xf7,
    0x1f, 0xfc, 0x0, 0x0, 0x0, 0x0, 0x6f, 0xf7,
    0x1f, 0xfc, 0x0, 0x0, 0x0, 0x0, 0x6f, 0xf7,
    0x1f, 0xfc, 0x0, 0x0, 0x0, 0x0, 0x6f, 0xf7,
    0x1f, 0xfc, 0x0, 0x0, 0x0, 0x0, 0x6f, 0xf7,
    0x1f, 0xfc, 0x0, 0x0, 0x0, 0x0, 0x6f, 0xf6,
    0xf, 0xfd, 0x0, 0x0, 0x0, 0x0, 0x7f, 0xf6,
    0xf, 0xff, 0x0, 0x0, 0x0, 0x0, 0xaf, 0xf4,
    0xb, 0xff, 0x50, 0x0, 0x0, 0x1, 0xef, 0xf1,
    0x6, 0xff, 0xe4, 0x0, 0x0, 0x1b, 0xff, 0xb0,
    0x0, 0xcf, 0xff, 0xda, 0xab, 0xff, 0xff, 0x20,
    0x0, 0x1c, 0xff, 0xff, 0xff, 0xff, 0xe3, 0x0,
    0x0, 0x0, 0x4a, 0xdf, 0xff, 0xc7, 0x0, 0x0,
    0x0, 0x0, 0x0, 0xc, 0xe3, 0x0, 0x0, 0x0,
    0x0, 0x0, 0x0, 0x9f, 0x30, 0x0, 0x0, 0x0,
    0x0, 0x0, 0x0, 0xfa, 0x0, 0x0, 0x0, 0x0,
    0x0, 0x0, 0x1, 0xf9, 0x0, 0x50, 0x0, 0x0,
    0x0, 0x0, 0x0, 0xdf, 0x9c, 0xf3, 0x0, 0x0,
    0x0, 0x0, 0x0, 0x2c, 0xfd, 0x70, 0x0, 0x0,

    /* U+0173 "ų" */
    0x4f, 0xf7, 0x0, 0x0, 0x3, 0xff, 0x80, 0x4f,
    0xf7, 0x0, 0x0, 0x3, 0xff, 0x80, 0x4f, 0xf7,
    0x0, 0x0, 0x3, 0xff, 0x80, 0x4f, 0xf7, 0x0,
    0x0, 0x3, 0xff, 0x80, 0x4f, 0xf7, 0x0, 0x0,
    0x3, 0xff, 0x80, 0x4f, 0xf7, 0x0, 0x0, 0x3,
    0xff, 0x80, 0x4f, 0xf7, 0x0, 0x0, 0x3, 0xff,
    0x80, 0x4f, 0xf7, 0x0, 0x0, 0x4, 0xff, 0x80,
    0x4f, 0xf8, 0x0, 0x0, 0x6, 0xff, 0x80, 0x3f,
    0xfb, 0x0, 0x0, 0xa, 0xff, 0x80, 0xf, 0xff,
    0x20, 0x0, 0x3f, 0xff, 0x80, 0xa, 0xff, 0xe8,
    0x69, 0xff, 0xff, 0x80, 0x1, 0xef, 0xff, 0xff,
    0xf8, 0xff, 0x80, 0x0, 0x19, 0xdf, 0xea, 0x23,
    0xff, 0x80, 0x0, 0x0, 0x0, 0x0, 0x6, 0xf9,
    0x10, 0x0, 0x0, 0x0, 0x0, 0x5f, 0x70, 0x0,
    0x0, 0x0, 0x0, 0x0, 0xec, 0x0, 0x0, 0x0,
    0x0, 0x0, 0x0, 0xfa, 0x0, 0x50, 0x0, 0x0,
    0x0, 0x0, 0xcf, 0x9b, 0xf5, 0x0, 0x0, 0x0,
    0x0, 0x2b, 0xfe, 0x80,

    /* U+0174 "Ŵ" */
    0x0, 0x0, 0x0, 0x0, 0x0, 0x0, 0x5, 0x0,
    0x0, 0x0, 0x0, 0x0, 0x0, 0x0, 0x0, 0x0,
    0x0, 0x0, 0x0, 0x8, 0xf8, 0x0, 0x0, 0x0,
    0x0, 0x0, 0x0, 0x0, 0x0, 0x0, 0x0, 0x0,
    0x7, 0xfe, 0xf7, 0x0, 0x0, 0x0, 0x0, 0x0,
    0x0, 0x0, 0x0, 0x0, 0x0, 0x6, 0xfc, 0x1c,
    0xf6, 0x0, 0x0, 0x0, 0x0, 0x0, 0x0, 0x0,
    0x0, 0x0, 0x5, 0xfd, 0x10, 0x1d, 0xf5, 0x0,
    0x0, 0x0, 0x0, 0x0, 0x0, 0x0, 0x0, 0x0,
    0x0, 0x0, 0x0, 0x0, 0x0, 0x0, 0x0, 0x0,
    0x0, 0x0, 0x0, 0x0, 0x0, 0x0, 0x0, 0x0,
    0x0, 0x0, 0x0, 0x0, 0x0, 0x0, 0x4, 0xff,
    0xa0, 0x0, 0x0, 0x0, 0x0, 0x0, 0x0, 0x0,
    0x0, 0x0, 0xaf, 0xf4, 0xf, 0xff, 0x0, 0x0,
    0x0, 0x0, 0xef, 0xe1, 0x0, 0x0, 0x0, 0xf,
    0xff, 0x0, 0xaf, 0xf4, 0x0, 0x0, 0x0, 0x5f,
    0xff, 0x50, 0x0, 0x0, 0x4, 0xff, 0xb0, 0x6,
    0xff, 0x90, 0x0, 0x0, 0xa, 0xff, 0xfa, 0x0,
    0x0, 0x0, 0x8f, 0xf6, 0x0, 0x1f, 0xfd, 0x0,
    0x0, 0x0, 0xff, 0xff, 0xf0, 0x0, 0x0, 0xd,
    0xff, 0x10, 0x0, 0xcf, 0xf2, 0x0, 0x0, 0x4f,
    0xfc, 0xff, 0x40, 0x0, 0x2, 0xff, 0xc0, 0x0,
    0x7, 0xff, 0x70, 0x0, 0x9, 0xff, 0x2f, 0xf9,
    0x0, 0x0, 0x7f, 0xf7, 0x0, 0x0, 0x2f, 0xfb,
    0x0, 0x0, 0xef, 0xc0, 0xbf, 0xe0, 0x0, 0xb,
    0xff, 0x20, 0x0, 0x0, 0xdf, 0xf0, 0x0, 0x3f,
    0xf7, 0x6, 0xff, 0x30, 0x0, 0xff, 0xd0, 0x0,
    0x0, 0x8, 0xff, 0x50, 0x7, 0xff, 0x20, 0x1f,
    0xf8, 0x0, 0x5f, 0xf9, 0x0, 0x0, 0x0, 0x4f,
    0xfa, 0x0, 0xcf, 0xc0, 0x0, 0xcf, 0xc0, 0x9,
    0xff, 0x40, 0x0, 0x0, 0x0, 0xef, 0xe0, 0x1f,
    0xf7, 0x0, 0x7, 0xff, 0x10, 0xef, 0xf0, 0x0,
    0x0, 0x0, 0xa, 0xff, 0x36, 0xff, 0x20, 0x0,
    0x2f, 0xf6, 0x3f, 0xfa, 0x0, 0x0, 0x0, 0x0,
    0x5f, 0xf8, 0xbf, 0xd0, 0x0, 0x0, 0xdf, 0xb8,
    0xff, 0x50, 0x0, 0x0, 0x0, 0x0, 0xff, 0xdf,
    0xf8, 0x0, 0x0, 0x8, 0xff, 0xdf, 0xf1, 0x0,
    0x0, 0x0, 0x0, 0xb, 0xff, 0xff, 0x30, 0x0,
    0x0, 0x3f, 0xff, 0xfb, 0x0, 0x0, 0x0, 0x0,
    0x0, 0x6f, 0xff, 0xe0, 0x0, 0x0, 0x0, 0xef,
    0xff, 0x70, 0x0, 0x0, 0x0, 0x0, 0x2, 0xff,
    0xf9, 0x0, 0x0, 0x0, 0x9, 0xff, 0xf2, 0x0,
    0x0, 0x0, 0x0, 0x0, 0xd, 0xff, 0x40, 0x0,
    0x0, 0x0, 0x4f, 0xfd, 0x0, 0x0, 0x0,

    /* U+0175 "ŵ" */
    0x0, 0x0, 0x0, 0x0, 0x0, 0x50, 0x0, 0x0,
    0x0, 0x0, 0x0, 0x0, 0x0, 0x0, 0x0, 0x8f,
    0x80, 0x0, 0x0, 0x0, 0x0, 0x0, 0x0, 0x0,
    0x0, 0x7f, 0xef, 0x70, 0x0, 0x0, 0x0, 0x0,
    0x0, 0x0, 0x0, 0x6f, 0xc0, 0xcf, 0x60, 0x0,
    0x0, 0x0, 0x0, 0x0, 0x0, 0x5f, 0xd1, 0x0,
    0xdf, 0x50, 0x0, 0x0, 0x0, 0x0, 0x0, 0x0,
    0x0, 0x0, 0x0, 0x0, 0x0, 0x0, 0x0, 0x2f,
    0xfb, 0x0, 0x0, 0xd, 0xfd, 0x0, 0x0, 0xb,
    0xff, 0x20, 0xdf, 0xf0, 0x0, 0x2, 0xff, 0xf2,
    0x0, 0x0, 0xff, 0xd0, 0x8, 0xff, 0x40, 0x0,
    0x7f, 0xff, 0x70, 0x0, 0x4f, 0xf8, 0x0, 0x4f,
    0xf8, 0x0, 0xc, 0xff, 0xfc, 0x0, 0x9, 0xff,
    0x40, 0x0, 0xff, 0xd0, 0x1, 0xff, 0x9f, 0xf1,
    0x0, 0xdf, 0xe0, 0x0, 0xa, 0xff, 0x10, 0x6f,
    0xf1, 0xff, 0x60, 0x1f, 0xfa, 0x0, 0x0, 0x6f,
    0xf5, 0xb, 0xfb, 0xb, 0xfb, 0x6, 0xff, 0x50,
    0x0, 0x1, 0xff, 0xa1, 0xff, 0x60, 0x6f, 0xf0,
    0xaf, 0xf1, 0x0, 0x0, 0xc, 0xfe, 0x5f, 0xf1,
    0x1, 0xff, 0x5e, 0xfc, 0x0, 0x0, 0x0, 0x7f,
    0xfd, 0xfc, 0x0, 0xc, 0xfd, 0xff, 0x70, 0x0,
    0x0, 0x3, 0xff, 0xff, 0x70, 0x0, 0x7f, 0xff,
    0xf2, 0x0, 0x0, 0x0, 0xe, 0xff, 0xf2, 0x0,
    0x2, 0xff, 0xfd, 0x0, 0x0, 0x0, 0x0, 0x9f,
    0xfd, 0x0, 0x0, 0xd, 0xff, 0x90, 0x0, 0x0,
    0x0, 0x4, 0xff, 0x80, 0x0, 0x0, 0x8f, 0xf4,
    0x0, 0x0,

    /* U+0176 "Ŷ" */
    0x0, 0x0, 0x0, 0x0, 0x50, 0x0, 0x0, 0x0,
    0x0, 0x0, 0x0, 0x0, 0x7f, 0x90, 0x0, 0x0,
    0x0, 0x0, 0x0, 0x0, 0x6f, 0xef, 0x80, 0x0,
    0x0, 0x0, 0x0, 0x0, 0x5f, 0xc1, 0xbf, 0x70,
    0x0, 0x0, 0x0, 0x0, 0x4f, 0xe1, 0x0, 0xcf,
    0x60, 0x0, 0x0, 0x0, 0x0, 0x0, 0x0, 0x0,
    0x0, 0x0, 0x0, 0x0, 0x0, 0x0, 0x0, 0x0,
    0x0, 0x0, 0x0, 0x7, 0xff, 0xc0, 0x0, 0x0,
    0x0, 0x0, 0xbf, 0xf8, 0xd, 0xff, 0x50, 0x0,
    0x0, 0x0, 0x4f, 0xfe, 0x0, 0x4f, 0xfd, 0x0,
    0x0, 0x0, 0xd, 0xff, 0x50, 0x0, 0xaf, 0xf7,
    0x0, 0x0, 0x6, 0xff, 0xc0, 0x0, 0x1, 0xff,
    0xf1, 0x0, 0x1, 0xef, 0xf2, 0x0, 0x0, 0x7,
    0xff, 0x90, 0x0, 0x9f, 0xf9, 0x0, 0x0, 0x0,
    0xd, 0xff, 0x20, 0x2f, 0xfe, 0x10, 0x0, 0x0,
    0x0, 0x5f, 0xfb, 0xb, 0xff, 0x60, 0x0, 0x0,
    0x0, 0x0, 0xbf, 0xf9, 0xff, 0xd0, 0x0, 0x0,
    0x0, 0x0, 0x2, 0xff, 0xff, 0xf4, 0x0, 0x0,
    0x0, 0x0, 0x0, 0x8, 0xff, 0xfa, 0x0, 0x0,
    0x0, 0x0, 0x0, 0x0, 0xe, 0xff, 0x10, 0x0,
    0x0, 0x0, 0x0, 0x0, 0x0, 0xdf, 0xf0, 0x0,
    0x0, 0x0, 0x0, 0x0, 0x0, 0xd, 0xff, 0x0,
    0x0, 0x0, 0x0, 0x0, 0x0, 0x0, 0xdf, 0xf0,
    0x0, 0x0, 0x0, 0x0, 0x0, 0x0, 0xd, 0xff,
    0x0, 0x0, 0x0, 0x0, 0x0, 0x0, 0x0, 0xdf,
    0xf0, 0x0, 0x0, 0x0, 0x0, 0x0, 0x0, 0xd,
    0xff, 0x0, 0x0, 0x0, 0x0, 0x0, 0x0, 0x0,
    0xdf, 0xf0, 0x0, 0x0, 0x0,

    /* U+0177 "ŷ" */
    0x0, 0x0, 0x0, 0x5, 0x0, 0x0, 0x0, 0x0,
    0x0, 0x0, 0xa, 0xf6, 0x0, 0x0, 0x0, 0x0,
    0x0, 0x9, 0xfe, 0xf5, 0x0, 0x0, 0x0, 0x0,
    0x8, 0xfa, 0x1d, 0xf4, 0x0, 0x0, 0x0, 0x7,
    0xfb, 0x0, 0x1e, 0xf3, 0x0, 0x0, 0x0, 0x0,
    0x0, 0x0, 0x0, 0x0, 0x0, 0x3f, 0xfc, 0x0,
    0x0, 0x0, 0x1f, 0xfe, 0x0, 0xdf, 0xf1, 0x0,
    0x0, 0x6, 0xff, 0x80, 0x7, 0xff, 0x70, 0x0,
    0x0, 0xcf, 0xf2, 0x0, 0x1f, 0xfd, 0x0, 0x0,
    0x2f, 0xfb, 0x0, 0x0, 0xaf, 0xf3, 0x0, 0x7,
    0xff, 0x50, 0x0, 0x3, 0xff, 0x80, 0x0, 0xdf,
    0xe0, 0x0, 0x0, 0xd, 0xfe, 0x0, 0x3f, 0xf8,
    0x0, 0x0, 0x0, 0x7f, 0xf4, 0x9, 0xff, 0x20,
    0x0, 0x0, 0x1, 0xff, 0x90, 0xef, 0xb0, 0x0,
    0x0, 0x0, 0xa, 0xff, 0x5f, 0xf5, 0x0, 0x0,
    0x0, 0x0, 0x4f, 0xfe, 0xfe, 0x0, 0x0, 0x0,
    0x0, 0x0, 0xdf, 0xff, 0x80, 0x0, 0x0, 0x0,
    0x0, 0x7, 0xff, 0xf2, 0x0, 0x0, 0x0, 0x0,
    0x0, 0x3f, 0xfc, 0x0, 0x0, 0x0, 0x0, 0x0,
    0x9, 0xff, 0x50, 0x0, 0x0, 0x0, 0x0, 0x0,
    0xff, 0xe0, 0x0, 0x0, 0x0, 0x0, 0x0, 0x6f,
    0xf9, 0x0, 0x0, 0x0, 0x0, 0x0, 0xc, 0xff,
    0x20, 0x0, 0x0, 0x0, 0x0, 0x3, 0xff, 0xc0,
    0x0, 0x0, 0x0, 0x0, 0x0, 0x9f, 0xf6, 0x0,
    0x0, 0x0, 0x0,

    /* U+0178 "Ÿ" */
    0x0, 0x0, 0xaf, 0xf7, 0x5, 0xff, 0xc0, 0x0,
    0x0, 0x0, 0xa, 0xff, 0x70, 0x5f, 0xfc, 0x0,
    0x0, 0x0, 0x0, 0xaf, 0xf7, 0x5, 0xff, 0xc0,
    0x0, 0x0, 0x0, 0x3, 0x55, 0x20, 0x15, 0x53,
    0x0, 0x0, 0x0, 0x0, 0x0, 0x0, 0x0, 0x0,
    0x0, 0x0, 0x0, 0x0, 0x0, 0x0, 0x0, 0x0,
    0x0, 0x0, 0x0, 0x7f, 0xfc, 0x0, 0x0, 0x0,
    0x0, 0xb, 0xff, 0x80, 0xdf, 0xf5, 0x0, 0x0,
    0x0, 0x4, 0xff, 0xe0, 0x4, 0xff, 0xd0, 0x0,
    0x0, 0x0, 0xdf, 0xf5, 0x0, 0xa, 0xff, 0x70,
    0x0, 0x0, 0x6f, 0xfc, 0x0, 0x0, 0x1f, 0xff,
    0x10, 0x0, 0x1e, 0xff, 0x20, 0x0, 0x0, 0x7f,
    0xf9, 0x0, 0x9, 0xff, 0x90, 0x0, 0x0, 0x0,
    0xdf, 0xf2, 0x2, 0xff, 0xe1, 0x0, 0x0, 0x0,
    0x5, 0xff, 0xb0, 0xbf, 0xf6, 0x0, 0x0, 0x0,
    0x0, 0xb, 0xff, 0x9f, 0xfd, 0x0, 0x0, 0x0,
    0x0, 0x0, 0x2f, 0xff, 0xff, 0x40, 0x0, 0x0,
    0x0, 0x0, 0x0, 0x8f, 0xff, 0xa0, 0x0, 0x0,
    0x0, 0x0, 0x0, 0x0, 0xef, 0xf1, 0x0, 0x0,
    0x0, 0x0, 0x0, 0x0, 0xd, 0xff, 0x0, 0x0,
    0x0, 0x0, 0x0, 0x0, 0x0, 0xdf, 0xf0, 0x0,
    0x0, 0x0, 0x0, 0x0, 0x0, 0xd, 0xff, 0x0,
    0x0, 0x0, 0x0, 0x0, 0x0, 0x0, 0xdf, 0xf0,
    0x0, 0x0, 0x0, 0x0, 0x0, 0x0, 0xd, 0xff,
    0x0, 0x0, 0x0, 0x0, 0x0, 0x0, 0x0, 0xdf,
    0xf0, 0x0, 0x0, 0x0, 0x0, 0x0, 0x0, 0xd,
    0xff, 0x0, 0x0, 0x0, 0x0,

    /* U+0179 "Ź" */
    0x0, 0x0, 0x0, 0x0, 0x1, 0xef, 0xc0, 0x0,
    0x0, 0x0, 0x0, 0x0, 0xc, 0xfc, 0x0, 0x0,
    0x0, 0x0, 0x0, 0x0, 0x9f, 0xc0, 0x0, 0x0,
    0x0, 0x0, 0x0, 0x5, 0xfc, 0x0, 0x0, 0x0,
    0x0, 0x0, 0x0, 0x0, 0x0, 0x0, 0x0, 0x0,
    0x0, 0x0, 0x0, 0x0, 0x0, 0x0, 0x0, 0x0,
    0x7, 0xff, 0xff, 0xff, 0xff, 0xff, 0xff, 0xf4,
    0x7, 0xff, 0xff, 0xff, 0xff, 0xff, 0xff, 0xf4,
    0x4, 0x88, 0x88, 0x88, 0x88, 0x8c, 0xff, 0xf2,
    0x0, 0x0, 0x0, 0x0, 0x0, 0x1e, 0xff, 0x60,
    0x0, 0x0, 0x0, 0x0, 0x0, 0xbf, 0xf9, 0x0,
    0x0, 0x0, 0x0, 0x0, 0x8, 0xff, 0xd0, 0x0,
    0x0, 0x0, 0x0, 0x0, 0x4f, 0xff, 0x20, 0x0,
    0x0, 0x0, 0x0, 0x2, 0xef, 0xf4, 0x0, 0x0,
    0x0, 0x0, 0x0, 0xc, 0xff, 0x80, 0x0, 0x0,
    0x0, 0x0, 0x0, 0x9f, 0xfb, 0x0, 0x0, 0x0,
    0x0, 0x0, 0x6, 0xff, 0xe1, 0x0, 0x0, 0x0,
    0x0, 0x0, 0x3f, 0xff, 0x30, 0x0, 0x0, 0x0,
    0x0, 0x1, 0xdf, 0xf6, 0x0, 0x0, 0x0, 0x0,
    0x0, 0xb, 0xff, 0xa0, 0x0, 0x0, 0x0, 0x0,
    0x0, 0x7f, 0xfd, 0x0, 0x0, 0x0, 0x0, 0x0,
    0x4, 0xff, 0xf2, 0x0, 0x0, 0x0, 0x0, 0x0,
    0xe, 0xff, 0xd8, 0x88, 0x88, 0x88, 0x88, 0x85,
    0x2f, 0xff, 0xff, 0xff, 0xff, 0xff, 0xff, 0xfa,
    0x2f, 0xff, 0xff, 0xff, 0xff, 0xff, 0xff, 0xfa,

    /* U+017A "ź" */
    0x0, 0x0, 0x0, 0xb, 0xfe, 0x20, 0x0, 0x0,
    0x0, 0xaf, 0xc1, 0x0, 0x0, 0x0, 0x8, 0xfb,
    0x0, 0x0, 0x0, 0x0, 0x17, 0x60, 0x0, 0x0,
    0x0, 0x0, 0x0, 0x0, 0x0, 0x0, 0xaf, 0xff,
    0xff, 0xff, 0xff, 0xf1, 0xaf, 0xff, 0xff, 0xff,
    0xff, 0xf1, 0x23, 0x33, 0x33, 0x39, 0xff, 0xa0,
    0x0, 0x0, 0x0, 0x3f, 0xfd, 0x0, 0x0, 0x0,
    0x1, 0xef, 0xf2, 0x0, 0x0, 0x0, 0xb, 0xff,
    0x50, 0x0, 0x0, 0x0, 0x8f, 0xf8, 0x0, 0x0,
    0x0, 0x5, 0xff, 0xc0, 0x0, 0x0, 0x0, 0x2f,
    0xfe, 0x10, 0x0, 0x0, 0x1, 0xdf, 0xf3, 0x0,
    0x0, 0x0, 0xb, 0xff, 0x60, 0x0, 0x0, 0x0,
    0x8f, 0xfe, 0x33, 0x33, 0x33, 0x30, 0xff, 0xff,
    0xff, 0xff, 0xff, 0xf0, 0xff, 0xff, 0xff, 0xff,
    0xff, 0xf0,

    /* U+017B "Ż" */
    0x0, 0x0, 0x0, 0x4f, 0xfd, 0x0, 0x0, 0x0,
    0x0, 0x0, 0x0, 0x4f, 0xfd, 0x0, 0x0, 0x0,
    0x0, 0x0, 0x0, 0x4f, 0xfd, 0x0, 0x0, 0x0,
    0x0, 0x0, 0x0, 0x15, 0x54, 0x0, 0x0, 0x0,
    0x0, 0x0, 0x0, 0x0, 0x0, 0x0, 0x0, 0x0,
    0x0, 0x0, 0x0, 0x0, 0x0, 0x0, 0x0, 0x0,
    0x7, 0xff, 0xff, 0xff, 0xff, 0xff, 0xff, 0xf4,
    0x7, 0xff, 0xff, 0xff, 0xff, 0xff, 0xff, 0xf4,
    0x4, 0x88, 0x88, 0x88, 0x88, 0x8c, 0xff, 0xf2,
    0x0, 0x0, 0x0, 0x0, 0x0, 0x1e, 0xff, 0x60,
    0x0, 0x0, 0x0, 0x0, 0x0, 0xbf, 0xf9, 0x0,
    0x0, 0x0, 0x0, 0x0, 0x8, 0xff, 0xd0, 0x0,
    0x0, 0x0, 0x0, 0x0, 0x4f, 0xff, 0x20, 0x0,
    0x0, 0x0, 0x0, 0x2, 0xef, 0xf4, 0x0, 0x0,
    0x0, 0x0, 0x0, 0xc, 0xff, 0x80, 0x0, 0x0,
    0x0, 0x0, 0x0, 0x9f, 0xfb, 0x0, 0x0, 0x0,
    0x0, 0x0, 0x6, 0xff, 0xe1, 0x0, 0x0, 0x0,
    0x0, 0x0, 0x3f, 0xff, 0x30, 0x0, 0x0, 0x0,
    0x0, 0x1, 0xdf, 0xf6, 0x0, 0x0, 0x0, 0x0,
    0x0, 0xb, 0xff, 0xa0, 0x0, 0x0, 0x0, 0x0,
    0x0, 0x7f, 0xfd, 0x0, 0x0, 0x0, 0x0, 0x0,
    0x4, 0xff, 0xf2, 0x0, 0x0, 0x0, 0x0, 0x0,
    0xe, 0xff, 0xd8, 0x88, 0x88, 0x88, 0x88, 0x85,
    0x2f, 0xff, 0xff, 0xff, 0xff, 0xff, 0xff, 0xfa,
    0x2f, 0xff, 0xff, 0xff, 0xff, 0xff, 0xff, 0xfa,

    /* U+017C "ż" */
    0x0, 0x0, 0xff, 0xf2, 0x0, 0x0, 0x0, 0x0,
    0xff, 0xf2, 0x0, 0x0, 0x0, 0x0, 0xff, 0xf2,
    0x0, 0x0, 0x0, 0x0, 0x45, 0x50, 0x0, 0x0,
    0x0, 0x0, 0x0, 0x0, 0x0, 0x0, 0xaf, 0xff,
    0xff, 0xff, 0xff, 0xf1, 0xaf, 0xff, 0xff, 0xff,
    0xff, 0xf1, 0x23, 0x33, 0x33, 0x39, 0xff, 0xa0,
    0x0, 0x0, 0x0, 0x3f, 0xfd, 0x0, 0x0, 0x0,
    0x1, 0xef, 0xf2, 0x0, 0x0, 0x0, 0xb, 0xff,
    0x50, 0x0, 0x0, 0x0, 0x8f, 0xf8, 0x0, 0x0,
    0x0, 0x5, 0xff, 0xc0, 0x0, 0x0, 0x0, 0x2f,
    0xfe, 0x10, 0x0, 0x0, 0x1, 0xdf, 0xf3, 0x0,
    0x0, 0x0, 0xb, 0xff, 0x60, 0x0, 0x0, 0x0,
    0x8f, 0xfe, 0x33, 0x33, 0x33, 0x30, 0xff, 0xff,
    0xff, 0xff, 0xff, 0xf0, 0xff, 0xff, 0xff, 0xff,
    0xff, 0xf0,

    /* U+017D "Ž" */
    0x0, 0x0, 0x7f, 0xa0, 0x1, 0xee, 0x20, 0x0,
    0x0, 0x0, 0x8, 0xf8, 0x1d, 0xf3, 0x0, 0x0,
    0x0, 0x0, 0x0, 0x8f, 0xdf, 0x30, 0x0, 0x0,
    0x0, 0x0, 0x0, 0x9, 0xf3, 0x0, 0x0, 0x0,
    0x0, 0x0, 0x0, 0x0, 0x20, 0x0, 0x0, 0x0,
    0x0, 0x0, 0x0, 0x0, 0x0, 0x0, 0x0, 0x0,
    0x7, 0xff, 0xff, 0xff, 0xff, 0xff, 0xff, 0xf4,
    0x7, 0xff, 0xff, 0xff, 0xff, 0xff, 0xff, 0xf4,
    0x4, 0x88, 0x88, 0x88, 0x88, 0x8c, 0xff, 0xf2,
    0x0, 0x0, 0x0, 0x0, 0x0, 0x1e, 0xff, 0x60,
    0x0, 0x0, 0x0, 0x0, 0x0, 0xbf, 0xf9, 0x0,
    0x0, 0x0, 0x0, 0x0, 0x8, 0xff, 0xd0, 0x0,
    0x0, 0x0, 0x0, 0x0, 0x4f, 0xff, 0x20, 0x0,
    0x0, 0x0, 0x0, 0x2, 0xef, 0xf4, 0x0, 0x0,
    0x0, 0x0, 0x0, 0xc, 0xff, 0x80, 0x0, 0x0,
    0x0, 0x0, 0x0, 0x9f, 0xfb, 0x0, 0x0, 0x0,
    0x0, 0x0, 0x6, 0xff, 0xe1, 0x0, 0x0, 0x0,
    0x0, 0x0, 0x3f, 0xff, 0x30, 0x0, 0x0, 0x0,
    0x0, 0x1, 0xdf, 0xf6, 0x0, 0x0, 0x0, 0x0,
    0x0, 0xb, 0xff, 0xa0, 0x0, 0x0, 0x0, 0x0,
    0x0, 0x7f, 0xfd, 0x0, 0x0, 0x0, 0x0, 0x0,
    0x4, 0xff, 0xf2, 0x0, 0x0, 0x0, 0x0, 0x0,
    0xe, 0xff, 0xd8, 0x88, 0x88, 0x88, 0x88, 0x85,
    0x2f, 0xff, 0xff, 0xff, 0xff, 0xff, 0xff, 0xfa,
    0x2f, 0xff, 0xff, 0xff, 0xff, 0xff, 0xff, 0xfa,

    /* U+017E "ž" */
    0x3, 0xfe, 0x20, 0xb, 0xf6, 0x0, 0x0, 0x3f,
    0xe4, 0xcf, 0x70, 0x0, 0x0, 0x4, 0xff, 0xf8,
    0x0, 0x0, 0x0, 0x0, 0x4f, 0x80, 0x0, 0x0,
    0x0, 0x0, 0x2, 0x0, 0x0, 0x0, 0xaf, 0xff,
    0xff, 0xff, 0xff, 0xf1, 0xaf, 0xff, 0xff, 0xff,
    0xff, 0xf1, 0x23, 0x33, 0x33, 0x39, 0xff, 0xa0,
    0x0, 0x0, 0x0, 0x3f, 0xfd, 0x0, 0x0, 0x0,
    0x1, 0xef, 0xf2, 0x0, 0x0, 0x0, 0xb, 0xff,
    0x50, 0x0, 0x0, 0x0, 0x8f, 0xf8, 0x0, 0x0,
    0x0, 0x5, 0xff, 0xc0, 0x0, 0x0, 0x0, 0x2f,
    0xfe, 0x10, 0x0, 0x0, 0x1, 0xdf, 0xf3, 0x0,
    0x0, 0x0, 0xb, 0xff, 0x60, 0x0, 0x0, 0x0,
    0x8f, 0xfe, 0x33, 0x33, 0x33, 0x30, 0xff, 0xff,
    0xff, 0xff, 0xff, 0xf0, 0xff, 0xff, 0xff, 0xff,
    0xff, 0xf0,

    /* U+01A0 "Ơ" */
    0x0, 0x0, 0x3, 0x9d, 0xff, 0xec, 0x82, 0x0,
    0x5, 0xf9, 0x0, 0x1, 0xaf, 0xff, 0xff, 0xff,
    0xff, 0x90, 0x6, 0xf8, 0x0, 0x2d, 0xff, 0xff,
    0xdb, 0xdf, 0xff, 0xfd, 0x4d, 0xf5, 0x0, 0xcf,
    0xfe, 0x50, 0x0, 0x1, 0x7f, 0xff, 0xff, 0xb0,
    0x8, 0xff, 0xd1, 0x0, 0x0, 0x0, 0x2, 0xef,
    0xfd, 0x0, 0xf, 0xff, 0x30, 0x0, 0x0, 0x0,
    0x0, 0x5f, 0xfe, 0x0, 0x5f, 0xfb, 0x0, 0x0,
    0x0, 0x0, 0x0, 0xd, 0xff, 0x30, 0x8f, 0xf5,
    0x0, 0x0, 0x0, 0x0, 0x0, 0x7, 0xff, 0x70,
    0xaf, 0xf3, 0x0, 0x0, 0x0, 0x0, 0x0, 0x5,
    0xff, 0x90, 0xbf, 0xf2, 0x0, 0x0, 0x0, 0x0,
    0x0, 0x4, 0xff, 0x90, 0xaf, 0xf3, 0x0, 0x0,
    0x0, 0x0, 0x0, 0x5, 0xff, 0x90, 0x8f, 0xf5,
    0x0, 0x0, 0x0, 0x0, 0x0, 0x7, 0xff, 0x70,
    0x5f, 0xfa, 0x0, 0x0, 0x0, 0x0, 0x0, 0xd,
    0xff, 0x30, 0xf, 0xff, 0x20, 0x0, 0x0, 0x0,
    0x0, 0x5f, 0xfe, 0x0, 0x8, 0xff, 0xd1, 0x0,
    0x0, 0x0, 0x2, 0xef, 0xf6, 0x0, 0x0, 0xdf,
    0xfe, 0x50, 0x0, 0x0, 0x6f, 0xff, 0xb0, 0x0,
    0x0, 0x2d, 0xff, 0xff, 0xcb, 0xdf, 0xff, 0xfc,
    0x10, 0x0, 0x0, 0x1, 0xbf, 0xff, 0xff, 0xff,
    0xff, 0x90, 0x0, 0x0, 0x0, 0x0, 0x3, 0x9d,
    0xff, 0xfc, 0x82, 0x0, 0x0, 0x0,

    /* U+01A1 "ơ" */
    0x0, 0x0, 0x0, 0x0, 0x0, 0x0, 0x3, 0x83,
    0x0, 0x0, 0x0, 0x0, 0x0, 0x0, 0x7, 0xf7,
    0x0, 0x1, 0x7c, 0xef, 0xd8, 0x10, 0x9, 0xf6,
    0x0, 0x4e, 0xff, 0xff, 0xff, 0xf5, 0x2e, 0xf2,
    0x3, 0xff, 0xfb, 0x77, 0xaf, 0xff, 0xff, 0xa0,
    0xd, 0xff, 0x50, 0x0, 0x3, 0xff, 0xf8, 0x0,
    0x4f, 0xf8, 0x0, 0x0, 0x0, 0x7f, 0xf6, 0x0,
    0x9f, 0xf3, 0x0, 0x0, 0x0, 0x1f, 0xfa, 0x0,
    0xaf, 0xf0, 0x0, 0x0, 0x0, 0xf, 0xfc, 0x0,
    0xaf, 0xf0, 0x0, 0x0, 0x0, 0xf, 0xfc, 0x0,
    0x8f, 0xf3, 0x0, 0x0, 0x0, 0x1f, 0xfa, 0x0,
    0x4f, 0xf9, 0x0, 0x0, 0x0, 0x7f, 0xf6, 0x0,
    0xd, 0xff, 0x50, 0x0, 0x4, 0xff, 0xe0, 0x0,
    0x3, 0xff, 0xfb, 0x77, 0xbf, 0xff, 0x40, 0x0,
    0x0, 0x4e, 0xff, 0xff, 0xff, 0xf5, 0x0, 0x0,
    0x0, 0x1, 0x7c, 0xef, 0xd8, 0x10, 0x0, 0x0,

    /* U+01AF "Ư" */
    0x1f, 0xfc, 0x0, 0x0, 0x0, 0x0, 0x6f, 0xf7,
    0xc, 0xf2, 0x1f, 0xfc, 0x0, 0x0, 0x0, 0x0,
    0x6f, 0xf7, 0xd, 0xf1, 0x1f, 0xfc, 0x0, 0x0,
    0x0, 0x0, 0x6f, 0xf8, 0x7f, 0xd0, 0x1f, 0xfc,
    0x0, 0x0, 0x0, 0x0, 0x6f, 0xff, 0xff, 0x40,
    0x1f, 0xfc, 0x0, 0x0, 0x0, 0x0, 0x6f, 0xff,
    0x92, 0x0, 0x1f, 0xfc, 0x0, 0x0, 0x0, 0x0,
    0x6f, 0xf7, 0x0, 0x0, 0x1f, 0xfc, 0x0, 0x0,
    0x0, 0x0, 0x6f, 0xf7, 0x0, 0x0, 0x1f, 0xfc,
    0x0, 0x0, 0x0, 0x0, 0x6f, 0xf7, 0x0, 0x0,
    0x1f, 0xfc, 0x0, 0x0, 0x0, 0x0, 0x6f, 0xf7,
    0x0, 0x0, 0x1f, 0xfc, 0x0, 0x0, 0x0, 0x0,
    0x6f, 0xf7, 0x0, 0x0, 0x1f, 0xfc, 0x0, 0x0,
    0x0, 0x0, 0x6f, 0xf7, 0x0, 0x0, 0x1f, 0xfc,
    0x0, 0x0, 0x0, 0x0, 0x6f, 0xf6, 0x0, 0x0,
    0xf, 0xfd, 0x0, 0x0, 0x0, 0x0, 0x7f, 0xf6,
    0x0, 0x0, 0xf, 0xff, 0x0, 0x0, 0x0, 0x0,
    0xaf, 0xf4, 0x0, 0x0, 0xb, 0xff, 0x50, 0x0,
    0x0, 0x1, 0xef, 0xf1, 0x0, 0x0, 0x6, 0xff,
    0xe4, 0x0, 0x0, 0x1b, 0xff, 0xb0, 0x0, 0x0,
    0x0, 0xcf, 0xff, 0xda, 0xab, 0xff, 0xff, 0x20,
    0x0, 0x0, 0x0, 0x1c, 0xff, 0xff, 0xff, 0xff,
    0xe3, 0x0, 0x0, 0x0, 0x0, 0x0, 0x4a, 0xdf,
    0xfe, 0xb7, 0x0, 0x0, 0x0, 0x0,

    /* U+01B0 "ư" */
    0x0, 0x0, 0x0, 0x0, 0x0, 0x0, 0x1f, 0xd0,
    0x0, 0x0, 0x0, 0x0, 0x0, 0x1, 0xfd, 0x0,
    0x0, 0x0, 0x0, 0x0, 0x0, 0x4f, 0xb0, 0x0,
    0x0, 0x0, 0x0, 0x0, 0x2d, 0xf6, 0x4f, 0xf7,
    0x0, 0x0, 0x3, 0xff, 0xfc, 0x4, 0xff, 0x70,
    0x0, 0x0, 0x3f, 0xff, 0x0, 0x4f, 0xf7, 0x0,
    0x0, 0x3, 0xff, 0x80, 0x4, 0xff, 0x70, 0x0,
    0x0, 0x3f, 0xf8, 0x0, 0x4f, 0xf7, 0x0, 0x0,
    0x3, 0xff, 0x80, 0x4, 0xff, 0x70, 0x0, 0x0,
    0x3f, 0xf8, 0x0, 0x4f, 0xf7, 0x0, 0x0, 0x3,
    0xff, 0x80, 0x4, 0xff, 0x70, 0x0, 0x0, 0x4f,
    0xf8, 0x0, 0x4f, 0xf8, 0x0, 0x0, 0x6, 0xff,
    0x80, 0x3, 0xff, 0xb0, 0x0, 0x0, 0xaf, 0xf8,
    0x0, 0xf, 0xff, 0x20, 0x0, 0x3f, 0xff, 0x80,
    0x0, 0xaf, 0xfe, 0x86, 0x9f, 0xff, 0xf8, 0x0,
    0x1, 0xef, 0xff, 0xff, 0xf8, 0xff, 0x80, 0x0,
    0x1, 0x9d, 0xfe, 0xa2, 0x3f, 0xf8, 0x0,

    /* U+1EA0 "Ạ" */
    0x0, 0x0, 0x0, 0x3, 0xff, 0x60, 0x0, 0x0,
    0x0, 0x0, 0x0, 0x0, 0x9, 0xff, 0xc0, 0x0,
    0x0, 0x0, 0x0, 0x0, 0x0, 0xf, 0xff, 0xf2,
    0x0, 0x0, 0x0, 0x0, 0x0, 0x0, 0x6f, 0xff,
    0xf9, 0x0, 0x0, 0x0, 0x0, 0x0, 0x0, 0xdf,
    0xeb, 0xff, 0x0, 0x0, 0x0, 0x0, 0x0, 0x3,
    0xff, 0x85, 0xff, 0x60, 0x0, 0x0, 0x0, 0x0,
    0x9, 0xff, 0x20, 0xef, 0xc0, 0x0, 0x0, 0x0,
    0x0, 0xf, 0xfc, 0x0, 0x9f, 0xf2, 0x0, 0x0,
    0x0, 0x0, 0x6f, 0xf6, 0x0, 0x3f, 0xf9, 0x0,
    0x0, 0x0, 0x0, 0xcf, 0xf1, 0x0, 0xd, 0xfe,
    0x0, 0x0, 0x0, 0x3, 0xff, 0xa0, 0x0, 0x7,
    0xff, 0x50, 0x0, 0x0, 0x9, 0xff, 0x40, 0x0,
    0x2, 0xff, 0xc0, 0x0, 0x0, 0xf, 0xff, 0xff,
    0xff, 0xff, 0xff, 0xf2, 0x0, 0x0, 0x6f, 0xff,
    0xff, 0xff, 0xff, 0xff, 0xf8, 0x0, 0x0, 0xcf,
    0xfb, 0x88, 0x88, 0x88, 0x9f, 0xfe, 0x0, 0x3,
    0xff, 0xd0, 0x0, 0x0, 0x0, 0xa, 0xff, 0x50,
    0x9, 0xff, 0x70, 0x0, 0x0, 0x0, 0x4, 0xff,
    0xc0, 0xf, 0xff, 0x10, 0x0, 0x0, 0x0, 0x0,
    0xef, 0xf2, 0x6f, 0xfb, 0x0, 0x0, 0x0, 0x0,
    0x0, 0x8f, 0xf8, 0x0, 0x0, 0x0, 0x0, 0x0,
    0x0, 0x0, 0x0, 0x0, 0x0, 0x0, 0x0, 0x0,
    0x0, 0x0, 0x0, 0x0, 0x0, 0x0, 0x0, 0x0,
    0x7, 0xff, 0xa0, 0x0, 0x0, 0x0, 0x0, 0x0,
    0x0, 0x7, 0xff, 0xa0, 0x0, 0x0, 0x0, 0x0,
    0x0, 0x0, 0x7, 0xff, 0xa0, 0x0, 0x0, 0x0,

    /* U+1EA1 "ạ" */
    0x0, 0x6, 0xbe, 0xff, 0xc7, 0x0, 0x0, 0x4e,
    0xff, 0xff, 0xff, 0xfd, 0x10, 0x2f, 0xff, 0xb7,
    0x67, 0xef, 0xfb, 0x0, 0x6f, 0x40, 0x0, 0x0,
    0xdf, 0xf2, 0x0, 0x10, 0x0, 0x0, 0x6, 0xff,
    0x50, 0x0, 0x0, 0x11, 0x11, 0x6f, 0xf6, 0x0,
    0x7d, 0xff, 0xff, 0xff, 0xff, 0x70, 0xdf, 0xff,
    0xff, 0xff, 0xff, 0xf7, 0x7f, 0xfb, 0x30, 0x0,
    0x7, 0xff, 0x7a, 0xff, 0x10, 0x0, 0x0, 0xdf,
    0xf7, 0x9f, 0xf3, 0x0, 0x0, 0x3f, 0xff, 0x75,
    0xff, 0xe7, 0x44, 0x9f, 0xff, 0xf7, 0x9, 0xff,
    0xff, 0xff, 0xf6, 0xff, 0x70, 0x4, 0xbe, 0xfe,
    0x91, 0x1f, 0xf7, 0x0, 0x0, 0x0, 0x0, 0x0,
    0x0, 0x0, 0x0, 0x0, 0x0, 0x0, 0x0, 0x0,
    0x0, 0x0, 0xe, 0xff, 0x30, 0x0, 0x0, 0x0,
    0x0, 0xef, 0xf3, 0x0, 0x0, 0x0, 0x0, 0xe,
    0xff, 0x30, 0x0, 0x0,

    /* U+1EA2 "Ả" */
    0x0, 0x0, 0x0, 0xa, 0xec, 0x70, 0x0, 0x0,
    0x0, 0x0, 0x0, 0x0, 0x5, 0x9d, 0xfc, 0x0,
    0x0, 0x0, 0x0, 0x0, 0x0, 0x0, 0x0, 0xdf,
    0x20, 0x0, 0x0, 0x0, 0x0, 0x0, 0x0, 0x4,
    0xee, 0x0, 0x0, 0x0, 0x0, 0x0, 0x0, 0x0,
    0xae, 0xa2, 0x0, 0x0, 0x0, 0x0, 0x0, 0x0,
    0x0, 0x0, 0x0, 0x0, 0x0, 0x0, 0x0, 0x0,
    0x0, 0x3, 0xff, 0x60, 0x0, 0x0, 0x0, 0x0,
    0x0, 0x0, 0x9, 0xff, 0xc0, 0x0, 0x0, 0x0,
    0x0, 0x0, 0x0, 0xf, 0xff, 0xf2, 0x0, 0x0,
    0x0, 0x0, 0x0, 0x0, 0x6f, 0xff, 0xf9, 0x0,
    0x0, 0x0, 0x0, 0x0, 0x0, 0xdf, 0xeb, 0xff,
    0x0, 0x0, 0x0, 0x0, 0x0, 0x3, 0xff, 0x85,
    0xff, 0x60, 0x0, 0x0, 0x0, 0x0, 0x9, 0xff,
    0x20, 0xef, 0xc0, 0x0, 0x0, 0x0, 0x0, 0xf,
    0xfc, 0x0, 0x9f, 0xf2, 0x0, 0x0, 0x0, 0x0,
    0x6f, 0xf6, 0x0, 0x3f, 0xf9, 0x0, 0x0, 0x0,
    0x0, 0xcf, 0xf1, 0x0, 0xd, 0xfe, 0x0, 0x0,
    0x0, 0x3, 0xff, 0xa0, 0x0, 0x7, 0xff, 0x50,
    0x0, 0x0, 0x9, 0xff, 0x40, 0x0, 0x2, 0xff,
    0xc0, 0x0, 0x0, 0xf, 0xff, 0xff, 0xff, 0xff,
    0xff, 0xf2, 0x0, 0x0, 0x6f, 0xff, 0xff, 0xff,
    0xff, 0xff, 0xf8, 0x0, 0x0, 0xcf, 0xfb, 0x88,
    0x88, 0x88, 0x9f, 0xfe, 0x0, 0x3, 0xff, 0xd0,
    0x0, 0x0, 0x0, 0xa, 0xff, 0x50, 0x9, 0xff,
    0x70, 0x0, 0x0, 0x0, 0x4, 0xff, 0xc0, 0xf,
    0xff, 0x10, 0x0, 0x0, 0x0, 0x0, 0xef, 0xf2,
    0x6f, 0xfb, 0x0, 0x0, 0x0, 0x0, 0x0, 0x8f,
    0xf8,

    /* U+1EA3 "ả" */
    0x0, 0x0, 0x1f, 0xeb, 0x50, 0x0, 0x0, 0x0,
    0x0, 0x9b, 0xff, 0x70, 0x0, 0x0, 0x0, 0x0,
    0x4, 0xfb, 0x0, 0x0, 0x0, 0x0, 0x7, 0xdf,
    0x40, 0x0, 0x0, 0x0, 0x0, 0x96, 0x10, 0x0,
    0x0, 0x0, 0x6b, 0xef, 0xfc, 0x70, 0x0, 0x4,
    0xef, 0xff, 0xff, 0xff, 0xd1, 0x2, 0xff, 0xfb,
    0x76, 0x7e, 0xff, 0xb0, 0x6, 0xf4, 0x0, 0x0,
    0xd, 0xff, 0x20, 0x1, 0x0, 0x0, 0x0, 0x6f,
    0xf5, 0x0, 0x0, 0x1, 0x11, 0x16, 0xff, 0x60,
    0x7, 0xdf, 0xff, 0xff, 0xff, 0xf7, 0xd, 0xff,
    0xff, 0xff, 0xff, 0xff, 0x77, 0xff, 0xb3, 0x0,
    0x0, 0x7f, 0xf7, 0xaf, 0xf1, 0x0, 0x0, 0xd,
    0xff, 0x79, 0xff, 0x30, 0x0, 0x3, 0xff, 0xf7,
    0x5f, 0xfe, 0x74, 0x49, 0xff, 0xff, 0x70, 0x9f,
    0xff, 0xff, 0xff, 0x6f, 0xf7, 0x0, 0x4b, 0xef,
    0xe9, 0x11, 0xff, 0x70,

    /* U+1EA4 "Ấ" */
    0x0, 0x0, 0x0, 0x0, 0x0, 0x0, 0xa, 0xa1,
    0x0, 0x0, 0x0, 0x0, 0x0, 0x0, 0x0, 0x7f,
    0x90, 0x0, 0x0, 0x0, 0x0, 0x0, 0x0, 0x1,
    0xfd, 0x0, 0x0, 0x0, 0x0, 0x0, 0x0, 0x57,
    0x8, 0xf3, 0x0, 0x0, 0x0, 0x0, 0x0, 0x6,
    0xff, 0x90, 0x0, 0x0, 0x0, 0x0, 0x0, 0x0,
    0x8f, 0x96, 0xfb, 0x0, 0x0, 0x0, 0x0, 0x0,
    0x9, 0xf9, 0x0, 0x6f, 0xc1, 0x0, 0x0, 0x0,
    0x0, 0x0, 0x0, 0x0, 0x0, 0x0, 0x0, 0x0,
    0x0, 0x0, 0x0, 0x0, 0x0, 0x0, 0x0, 0x0,
    0x0, 0x0, 0x0, 0x0, 0x3, 0xff, 0x60, 0x0,
    0x0, 0x0, 0x0, 0x0, 0x0, 0x9, 0xff, 0xc0,
    0x0, 0x0, 0x0, 0x0, 0x0, 0x0, 0xf, 0xff,
    0xf2, 0x0, 0x0, 0x0, 0x0, 0x0, 0x0, 0x6f,
    0xff, 0xf9, 0x0, 0x0, 0x0, 0x0, 0x0, 0x0,
    0xdf, 0xeb, 0xff, 0x0, 0x0, 0x0, 0x0, 0x0,
    0x3, 0xff, 0x85, 0xff, 0x60, 0x0, 0x0, 0x0,
    0x0, 0x9, 0xff, 0x20, 0xef, 0xc0, 0x0, 0x0,
    0x0, 0x0, 0xf, 0xfc, 0x0, 0x9f, 0xf2, 0x0,
    0x0, 0x0, 0x0, 0x6f, 0xf6, 0x0, 0x3f, 0xf9,
    0x0, 0x0, 0x0, 0x0, 0xcf, 0xf1, 0x0, 0xd,
    0xfe, 0x0, 0x0, 0x0, 0x3, 0xff, 0xa0, 0x0,
    0x7, 0xff, 0x50, 0x0, 0x0, 0x9, 0xff, 0x40,
    0x0, 0x2, 0xff, 0xc0, 0x0, 0x0, 0xf, 0xff,
    0xff, 0xff, 0xff, 0xff, 0xf2, 0x0, 0x0, 0x6f,
    0xff, 0xff, 0xff, 0xff, 0xff, 0xf8, 0x0, 0x0,
    0xcf, 0xfb, 0x88, 0x88, 0x88, 0x9f, 0xfe, 0x0,
    0x3, 0xff, 0xd0, 0x0, 0x0, 0x0, 0xa, 0xff,
    0x50, 0x9, 0xff, 0x70, 0x0, 0x0, 0x0, 0x4,
    0xff, 0xc0, 0xf, 0xff, 0x10, 0x0, 0x0, 0x0,
    0x0, 0xef, 0xf2, 0x6f, 0xfb, 0x0, 0x0, 0x0,
    0x0, 0x0, 0x8f, 0xf8,

    /* U+1EA5 "ấ" */
    0x0, 0x0, 0x0, 0x0, 0x0, 0x9f, 0x90, 0x0,
    0x0, 0x0, 0x0, 0x1f, 0xd0, 0x0, 0x0, 0x0,
    0x50, 0x9, 0xf4, 0x0, 0x0, 0x0, 0x7f, 0xb1,
    0xb7, 0x0, 0x0, 0x0, 0x7f, 0xef, 0xb0, 0x0,
    0x0, 0x0, 0x7f, 0xc1, 0x8f, 0xb0, 0x0, 0x0,
    0x2a, 0x90, 0x0, 0x6a, 0x60, 0x0, 0x0, 0x0,
    0x0, 0x0, 0x0, 0x0, 0x0, 0x6, 0xbe, 0xff,
    0xc7, 0x0, 0x0, 0x4e, 0xff, 0xff, 0xff, 0xfd,
    0x10, 0x2f, 0xff, 0xb7, 0x67, 0xef, 0xfb, 0x0,
    0x6f, 0x40, 0x0, 0x0, 0xdf, 0xf2, 0x0, 0x10,
    0x0, 0x0, 0x6, 0xff, 0x50, 0x0, 0x0, 0x11,
    0x11, 0x6f, 0xf6, 0x0, 0x7d, 0xff, 0xff, 0xff,
    0xff, 0x70, 0xdf, 0xff, 0xff, 0xff, 0xff, 0xf7,
    0x7f, 0xfb, 0x30, 0x0, 0x7, 0xff, 0x7a, 0xff,
    0x10, 0x0, 0x0, 0xdf, 0xf7, 0x9f, 0xf3, 0x0,
    0x0, 0x3f, 0xff, 0x75, 0xff, 0xe7, 0x44, 0x9f,
    0xff, 0xf7, 0x9, 0xff, 0xff, 0xff, 0xf6, 0xff,
    0x70, 0x4, 0xbe, 0xfe, 0x91, 0x1f, 0xf7,

    /* U+1EA6 "Ầ" */
    0x0, 0x0, 0x0, 0x0, 0x0, 0x9b, 0x30, 0x0,
    0x0, 0x0, 0x0, 0x0, 0x0, 0x0, 0x4f, 0xc0,
    0x0, 0x0, 0x0, 0x0, 0x0, 0x0, 0x0, 0x9,
    0xf5, 0x0, 0x0, 0x0, 0x0, 0x0, 0x0, 0x57,
    0x0, 0xed, 0x0, 0x0, 0x0, 0x0, 0x0, 0x6,
    0xff, 0x90, 0x0, 0x0, 0x0, 0x0, 0x0, 0x0,
    0x8f, 0x96, 0xfb, 0x0, 0x0, 0x0, 0x0, 0x0,
    0x9, 0xf9, 0x0, 0x6f, 0xc1, 0x0, 0x0, 0x0,
    0x0, 0x0, 0x0, 0x0, 0x0, 0x0, 0x0, 0x0,
    0x0, 0x0, 0x0, 0x0, 0x0, 0x0, 0x0, 0x0,
    0x0, 0x0, 0x0, 0x0, 0x3, 0xff, 0x60, 0x0,
    0x0, 0x0, 0x0, 0x0, 0x0, 0x9, 0xff, 0xc0,
    0x0, 0x0, 0x0, 0x0, 0x0, 0x0, 0xf, 0xff,
    0xf2, 0x0, 0x0, 0x0, 0x0, 0x0, 0x0, 0x6f,
    0xff, 0xf9, 0x0, 0x0, 0x0, 0x0, 0x0, 0x0,
    0xdf, 0xeb, 0xff, 0x0, 0x0, 0x0, 0x0, 0x0,
    0x3, 0xff, 0x85, 0xff, 0x60, 0x0, 0x0, 0x0,
    0x0, 0x9, 0xff, 0x20, 0xef, 0xc0, 0x0, 0x0,
    0x0, 0x0, 0xf, 0xfc, 0x0, 0x9f, 0xf2, 0x0,
    0x0, 0x0, 0x0, 0x6f, 0xf6, 0x0, 0x3f, 0xf9,
    0x0, 0x0, 0x0, 0x0, 0xcf, 0xf1, 0x0, 0xd,
    0xfe, 0x0, 0x0, 0x0, 0x3, 0xff, 0xa0, 0x0,
    0x7, 0xff, 0x50, 0x0, 0x0, 0x9, 0xff, 0x40,
    0x0, 0x2, 0xff, 0xc0, 0x0, 0x0, 0xf, 0xff,
    0xff, 0xff, 0xff, 0xff, 0xf2, 0x0, 0x0, 0x6f,
    0xff, 0xff, 0xff, 0xff, 0xff, 0xf8, 0x0, 0x0,
    0xcf, 0xfb, 0x88, 0x88, 0x88, 0x9f, 0xfe, 0x0,
    0x3, 0xff, 0xd0, 0x0, 0x0, 0x0, 0xa, 0xff,
    0x50, 0x9, 0xff, 0x70, 0x0, 0x0, 0x0, 0x4,
    0xff, 0xc0, 0xf, 0xff, 0x10, 0x0, 0x0, 0x0,
    0x0, 0xef, 0xf2, 0x6f, 0xfb, 0x0, 0x0, 0x0,
    0x0, 0x0, 0x8f, 0xf8,

    /* U+1EA7 "ầ" */
    0x0, 0x0, 0x0, 0x3, 0xff, 0x10, 0x0, 0x0,
    0x0, 0x0, 0x8, 0xf8, 0x0, 0x0, 0x0, 0x0,
    0x50, 0xc, 0xf1, 0x0, 0x0, 0x0, 0x7f, 0xb0,
    0x2b, 0x50, 0x0, 0x0, 0x7f, 0xef, 0xb0, 0x0,
    0x0, 0x0, 0x7f, 0xc1, 0x8f, 0xb0, 0x0, 0x0,
    0x2a, 0x90, 0x0, 0x6a, 0x60, 0x0, 0x0, 0x0,
    0x0, 0x0, 0x0, 0x0, 0x0, 0x6, 0xbe, 0xff,
    0xc7, 0x0, 0x0, 0x4e, 0xff, 0xff, 0xff, 0xfd,
    0x10, 0x2f, 0xff, 0xb7, 0x67, 0xef, 0xfb, 0x0,
    0x6f, 0x40, 0x0, 0x0, 0xdf, 0xf2, 0x0, 0x10,
    0x0, 0x0, 0x6, 0xff, 0x50, 0x0, 0x0, 0x11,
    0x11, 0x6f, 0xf6, 0x0, 0x7d, 0xff, 0xff, 0xff,
    0xff, 0x70, 0xdf, 0xff, 0xff, 0xff, 0xff, 0xf7,
    0x7f, 0xfb, 0x30, 0x0, 0x7, 0xff, 0x7a, 0xff,
    0x10, 0x0, 0x0, 0xdf, 0xf7, 0x9f, 0xf3, 0x0,
    0x0, 0x3f, 0xff, 0x75, 0xff, 0xe7, 0x44, 0x9f,
    0xff, 0xf7, 0x9, 0xff, 0xff, 0xff, 0xf6, 0xff,
    0x70, 0x4, 0xbe, 0xfe, 0x91, 0x1f, 0xf7,

    /* U+1EA8 "Ẩ" */
    0x0, 0x0, 0x0, 0x0, 0x0, 0x1, 0x0, 0x0,
    0x0, 0x0, 0x0, 0x0, 0x0, 0x0, 0x2f, 0xfb,
    0x20, 0x0, 0x0, 0x0, 0x0, 0x0, 0x0, 0x5,
    0x8f, 0xc0, 0x0, 0x0, 0x0, 0x0, 0x0, 0x0,
    0x0, 0xa, 0xf0, 0x0, 0x0, 0x0, 0x0, 0x0,
    0xac, 0x11, 0x9f, 0x90, 0x0, 0x0, 0x0, 0x0,
    0xb, 0xfe, 0xd2, 0x73, 0x0, 0x0, 0x0, 0x0,
    0x1, 0xcf, 0x52, 0xee, 0x20, 0x0, 0x0, 0x0,
    0x0, 0x8, 0xb5, 0x0, 0x2b, 0xa1, 0x0, 0x0,
    0x0, 0x0, 0x0, 0x0, 0x0, 0x0, 0x0, 0x0,
    0x0, 0x0, 0x0, 0x0, 0x3, 0xff, 0x60, 0x0,
    0x0, 0x0, 0x0, 0x0, 0x0, 0x9, 0xff, 0xc0,
    0x0, 0x0, 0x0, 0x0, 0x0, 0x0, 0xf, 0xff,
    0xf2, 0x0, 0x0, 0x0, 0x0, 0x0, 0x0, 0x6f,
    0xff, 0xf9, 0x0, 0x0, 0x0, 0x0, 0x0, 0x0,
    0xdf, 0xeb, 0xff, 0x0, 0x0, 0x0, 0x0, 0x0,
    0x3, 0xff, 0x85, 0xff, 0x60, 0x0, 0x0, 0x0,
    0x0, 0x9, 0xff, 0x20, 0xef, 0xc0, 0x0, 0x0,
    0x0, 0x0, 0xf, 0xfc, 0x0, 0x9f, 0xf2, 0x0,
    0x0, 0x0, 0x0, 0x6f, 0xf6, 0x0, 0x3f, 0xf9,
    0x0, 0x0, 0x0, 0x0, 0xcf, 0xf1, 0x0, 0xd,
    0xfe, 0x0, 0x0, 0x0, 0x3, 0xff, 0xa0, 0x0,
    0x7, 0xff, 0x50, 0x0, 0x0, 0x9, 0xff, 0x40,
    0x0, 0x2, 0xff, 0xc0, 0x0, 0x0, 0xf, 0xff,
    0xff, 0xff, 0xff, 0xff, 0xf2, 0x0, 0x0, 0x6f,
    0xff, 0xff, 0xff, 0xff, 0xff, 0xf8, 0x0, 0x0,
    0xcf, 0xfb, 0x88, 0x88, 0x88, 0x9f, 0xfe, 0x0,
    0x3, 0xff, 0xd0, 0x0, 0x0, 0x0, 0xa, 0xff,
    0x50, 0x9, 0xff, 0x70, 0x0, 0x0, 0x0, 0x4,
    0xff, 0xc0, 0xf, 0xff, 0x10, 0x0, 0x0, 0x0,
    0x0, 0xef, 0xf2, 0x6f, 0xfb, 0x0, 0x0, 0x0,
    0x0, 0x0, 0x8f, 0xf8,

    /* U+1EA9 "ẩ" */
    0x0, 0x0, 0x0, 0x0, 0x10, 0x0, 0x0, 0x0,
    0x0, 0x0, 0xe, 0xfc, 0x40, 0x0, 0x0, 0x0,
    0x0, 0x47, 0xef, 0x10, 0x0, 0x0, 0x0, 0x0,
    0x5, 0xf4, 0x0, 0x0, 0x0, 0xb3, 0x4, 0xcf,
    0x10, 0x0, 0x0, 0xbf, 0xe2, 0xa9, 0x20, 0x0,
    0x0, 0xaf, 0xcf, 0xd1, 0x0, 0x0, 0x0, 0x8f,
    0xb0, 0x6f, 0xd0, 0x0, 0x0, 0x3a, 0x90, 0x0,
    0x6b, 0x70, 0x0, 0x0, 0x0, 0x0, 0x0, 0x0,
    0x0, 0x0, 0x6, 0xbe, 0xff, 0xc7, 0x0, 0x0,
    0x4e, 0xff, 0xff, 0xff, 0xfd, 0x10, 0x2f, 0xff,
    0xb7, 0x67, 0xef, 0xfb, 0x0, 0x6f, 0x40, 0x0,
    0x0, 0xdf, 0xf2, 0x0, 0x10, 0x0, 0x0, 0x6,
    0xff, 0x50, 0x0, 0x0, 0x11, 0x11, 0x6f, 0xf6,
    0x0, 0x7d, 0xff, 0xff, 0xff, 0xff, 0x70, 0xdf,
    0xff, 0xff, 0xff, 0xff, 0xf7, 0x7f, 0xfb, 0x30,
    0x0, 0x7, 0xff, 0x7a, 0xff, 0x10, 0x0, 0x0,
    0xdf, 0xf7, 0x9f, 0xf3, 0x0, 0x0, 0x3f, 0xff,
    0x75, 0xff, 0xe7, 0x44, 0x9f, 0xff, 0xf7, 0x9,
    0xff, 0xff, 0xff, 0xf6, 0xff, 0x70, 0x4, 0xbe,
    0xfe, 0x91, 0x1f, 0xf7,

    /* U+1EAA "Ẫ" */
    0x0, 0x0, 0x0, 0x57, 0x50, 0x2, 0x62, 0x0,
    0x0, 0x0, 0x0, 0x9, 0xff, 0xfe, 0xad, 0xf2,
    0x0, 0x0, 0x0, 0x0, 0xf, 0xa0, 0x5c, 0xfe,
    0x60, 0x0, 0x0, 0x0, 0x0, 0x0, 0x0, 0x23,
    0x0, 0x0, 0x0, 0x0, 0x0, 0x0, 0x0, 0x2,
    0xef, 0x40, 0x0, 0x0, 0x0, 0x0, 0x0, 0x0,
    0x2e, 0xec, 0xf4, 0x0, 0x0, 0x0, 0x0, 0x0,
    0x2, 0xee, 0x21, 0xdf, 0x40, 0x0, 0x0, 0x0,
    0x0, 0x8, 0x93, 0x0, 0x19, 0x91, 0x0, 0x0,
    0x0, 0x0, 0x0, 0x0, 0x0, 0x0, 0x0, 0x0,
    0x0, 0x0, 0x0, 0x0, 0x3, 0xff, 0x60, 0x0,
    0x0, 0x0, 0x0, 0x0, 0x0, 0x9, 0xff, 0xc0,
    0x0, 0x0, 0x0, 0x0, 0x0, 0x0, 0xf, 0xff,
    0xf2, 0x0, 0x0, 0x0, 0x0, 0x0, 0x0, 0x6f,
    0xff, 0xf9, 0x0, 0x0, 0x0, 0x0, 0x0, 0x0,
    0xdf, 0xeb, 0xff, 0x0, 0x0, 0x0, 0x0, 0x0,
    0x3, 0xff, 0x85, 0xff, 0x60, 0x0, 0x0, 0x0,
    0x0, 0x9, 0xff, 0x20, 0xef, 0xc0, 0x0, 0x0,
    0x0, 0x0, 0xf, 0xfc, 0x0, 0x9f, 0xf2, 0x0,
    0x0, 0x0, 0x0, 0x6f, 0xf6, 0x0, 0x3f, 0xf9,
    0x0, 0x0, 0x0, 0x0, 0xcf, 0xf1, 0x0, 0xd,
    0xfe, 0x0, 0x0, 0x0, 0x3, 0xff, 0xa0, 0x0,
    0x7, 0xff, 0x50, 0x0, 0x0, 0x9, 0xff, 0x40,
    0x0, 0x2, 0xff, 0xc0, 0x0, 0x0, 0xf, 0xff,
    0xff, 0xff, 0xff, 0xff, 0xf2, 0x0, 0x0, 0x6f,
    0xff, 0xff, 0xff, 0xff, 0xff, 0xf8, 0x0, 0x0,
    0xcf, 0xfb, 0x88, 0x88, 0x88, 0x9f, 0xfe, 0x0,
    0x3, 0xff, 0xd0, 0x0, 0x0, 0x0, 0xa, 0xff,
    0x50, 0x9, 0xff, 0x70, 0x0, 0x0, 0x0, 0x4,
    0xff, 0xc0, 0xf, 0xff, 0x10, 0x0, 0x0, 0x0,
    0x0, 0xef, 0xf2, 0x6f, 0xfb, 0x0, 0x0, 0x0,
    0x0, 0x0, 0x8f, 0xf8,

    /* U+1EAB "ẫ" */
    0x0, 0x1, 0x66, 0x30, 0x4, 0x50, 0x0, 0x1,
    0xef, 0xff, 0xca, 0xfa, 0x0, 0x0, 0x7f, 0x41,
    0x6d, 0xfc, 0x20, 0x0, 0x0, 0x0, 0x8, 0x10,
    0x0, 0x0, 0x0, 0x0, 0x9, 0xfd, 0x10, 0x0,
    0x0, 0x0, 0x8, 0xfc, 0xfc, 0x0, 0x0, 0x0,
    0x7, 0xfb, 0x6, 0xfc, 0x0, 0x0, 0x3, 0xba,
    0x0, 0x7, 0xb7, 0x0, 0x0, 0x0, 0x0, 0x0,
    0x0, 0x0, 0x0, 0x0, 0x6b, 0xef, 0xfc, 0x70,
    0x0, 0x4, 0xef, 0xff, 0xff, 0xff, 0xd1, 0x2,
    0xff, 0xfb, 0x76, 0x7e, 0xff, 0xb0, 0x6, 0xf4,
    0x0, 0x0, 0xd, 0xff, 0x20, 0x1, 0x0, 0x0,
    0x0, 0x6f, 0xf5, 0x0, 0x0, 0x1, 0x11, 0x16,
    0xff, 0x60, 0x7, 0xdf, 0xff, 0xff, 0xff, 0xf7,
    0xd, 0xff, 0xff, 0xff, 0xff, 0xff, 0x77, 0xff,
    0xb3, 0x0, 0x0, 0x7f, 0xf7, 0xaf, 0xf1, 0x0,
    0x0, 0xd, 0xff, 0x79, 0xff, 0x30, 0x0, 0x3,
    0xff, 0xf7, 0x5f, 0xfe, 0x74, 0x49, 0xff, 0xff,
    0x70, 0x9f, 0xff, 0xff, 0xff, 0x6f, 0xf7, 0x0,
    0x4b, 0xef, 0xe9, 0x11, 0xff, 0x70,

    /* U+1EAC "Ậ" */
    0x0, 0x0, 0x0, 0x0, 0x23, 0x0, 0x0, 0x0,
    0x0, 0x0, 0x0, 0x0, 0x1, 0xdf, 0x30, 0x0,
    0x0, 0x0, 0x0, 0x0, 0x0, 0xc, 0xff, 0xe2,
    0x0, 0x0, 0x0, 0x0, 0x0, 0x0, 0xcf, 0x63,
    0xfe, 0x10, 0x0, 0x0, 0x0, 0x0, 0xb, 0xf8,
    0x0, 0x4f, 0xd1, 0x0, 0x0, 0x0, 0x0, 0x0,
    0x0, 0x0, 0x0, 0x0, 0x0, 0x0, 0x0, 0x0,
    0x0, 0x0, 0x0, 0x0, 0x0, 0x0, 0x0, 0x0,
    0x0, 0x0, 0x3, 0xff, 0x60, 0x0, 0x0, 0x0,
    0x0, 0x0, 0x0, 0x9, 0xff, 0xc0, 0x0, 0x0,
    0x0, 0x0, 0x0, 0x0, 0xf, 0xff, 0xf2, 0x0,
    0x0, 0x0, 0x0, 0x0, 0x0, 0x6f, 0xff, 0xf9,
    0x0, 0x0, 0x0, 0x0, 0x0, 0x0, 0xdf, 0xeb,
    0xff, 0x0, 0x0, 0x0, 0x0, 0x0, 0x3, 0xff,
    0x85, 0xff, 0x60, 0x0, 0x0, 0x0, 0x0, 0x9,
    0xff, 0x20, 0xef, 0xc0, 0x0, 0x0, 0x0, 0x0,
    0xf, 0xfc, 0x0, 0x9f, 0xf2, 0x0, 0x0, 0x0,
    0x0, 0x6f, 0xf6, 0x0, 0x3f, 0xf9, 0x0, 0x0,
    0x0, 0x0, 0xcf, 0xf1, 0x0, 0xd, 0xfe, 0x0,
    0x0, 0x0, 0x3, 0xff, 0xa0, 0x0, 0x7, 0xff,
    0x50, 0x0, 0x0, 0x9, 0xff, 0x40, 0x0, 0x2,
    0xff, 0xc0, 0x0, 0x0, 0xf, 0xff, 0xff, 0xff,
    0xff, 0xff, 0xf2, 0x0, 0x0, 0x6f, 0xff, 0xff,
    0xff, 0xff, 0xff, 0xf8, 0x0, 0x0, 0xcf, 0xfb,
    0x88, 0x88, 0x88, 0x9f, 0xfe, 0x0, 0x3, 0xff,
    0xd0, 0x0, 0x0, 0x0, 0xa, 0xff, 0x50, 0x9,
    0xff, 0x70, 0x0, 0x0, 0x0, 0x4, 0xff, 0xc0,
    0xf, 0xff, 0x10, 0x0, 0x0, 0x0, 0x0, 0xef,
    0xf2, 0x6f, 0xfb, 0x0, 0x0, 0x0, 0x0, 0x0,
    0x8f, 0xf8, 0x0, 0x0, 0x0, 0x0, 0x0, 0x0,
    0x0, 0x0, 0x0, 0x0, 0x0, 0x0, 0x0, 0x0,
    0x0, 0x0, 0x0, 0x0, 0x0, 0x0, 0x0, 0x7,
    0xff, 0xa0, 0x0, 0x0, 0x0, 0x0, 0x0, 0x0,
    0x7, 0xff, 0xa0, 0x0, 0x0, 0x0, 0x0, 0x0,
    0x0, 0x7, 0xff, 0xa0, 0x0, 0x0, 0x0,

    /* U+1EAD "ậ" */
    0x0, 0x0, 0x0, 0x0, 0x0, 0x0, 0x0, 0x0,
    0x0, 0x1c, 0x40, 0x0, 0x0, 0x0, 0x0, 0xc,
    0xff, 0x30, 0x0, 0x0, 0x0, 0xb, 0xf8, 0xee,
    0x20, 0x0, 0x0, 0xa, 0xf8, 0x3, 0xfe, 0x20,
    0x0, 0x3, 0x86, 0x0, 0x3, 0x85, 0x0, 0x0,
    0x0, 0x0, 0x0, 0x0, 0x0, 0x0, 0x0, 0x6b,
    0xef, 0xfc, 0x70, 0x0, 0x4, 0xef, 0xff, 0xff,
    0xff, 0xd1, 0x2, 0xff, 0xfb, 0x76, 0x7e, 0xff,
    0xb0, 0x6, 0xf4, 0x0, 0x0, 0xd, 0xff, 0x20,
    0x1, 0x0, 0x0, 0x0, 0x6f, 0xf5, 0x0, 0x0,
    0x1, 0x11, 0x16, 0xff, 0x60, 0x7, 0xdf, 0xff,
    0xff, 0xff, 0xf7, 0xd, 0xff, 0xff, 0xff, 0xff,
    0xff, 0x77, 0xff, 0xb3, 0x0, 0x0, 0x7f, 0xf7,
    0xaf, 0xf1, 0x0, 0x0, 0xd, 0xff, 0x79, 0xff,
    0x30, 0x0, 0x3, 0xff, 0xf7, 0x5f, 0xfe, 0x74,
    0x49, 0xff, 0xff, 0x70, 0x9f, 0xff, 0xff, 0xff,
    0x6f, 0xf7, 0x0, 0x4b, 0xef, 0xe9, 0x11, 0xff,
    0x70, 0x0, 0x0, 0x0, 0x0, 0x0, 0x0, 0x0,
    0x0, 0x0, 0x0, 0x0, 0x0, 0x0, 0x0, 0x0,
    0xef, 0xf3, 0x0, 0x0, 0x0, 0x0, 0xe, 0xff,
    0x30, 0x0, 0x0, 0x0, 0x0, 0xef, 0xf3, 0x0,
    0x0,

    /* U+1EAE "Ắ" */
    0x0, 0x0, 0x0, 0x0, 0x2, 0x86, 0x0, 0x0,
    0x0, 0x0, 0x0, 0x0, 0x0, 0xc, 0xf3, 0x0,
    0x0, 0x0, 0x0, 0x0, 0x0, 0x0, 0x5f, 0x70,
    0x0, 0x0, 0x0, 0x0, 0x0, 0x18, 0x40, 0x67,
    0x3, 0x82, 0x0, 0x0, 0x0, 0x0, 0x1f, 0xc0,
    0x0, 0x9, 0xf4, 0x0, 0x0, 0x0, 0x0, 0xd,
    0xf7, 0x10, 0x5f, 0xf1, 0x0, 0x0, 0x0, 0x0,
    0x3, 0xff, 0xff, 0xff, 0x60, 0x0, 0x0, 0x0,
    0x0, 0x0, 0x17, 0x9a, 0x82, 0x0, 0x0, 0x0,
    0x0, 0x0, 0x0, 0x0, 0x0, 0x0, 0x0, 0x0,
    0x0, 0x0, 0x0, 0x0, 0x3, 0xff, 0x60, 0x0,
    0x0, 0x0, 0x0, 0x0, 0x0, 0x9, 0xff, 0xc0,
    0x0, 0x0, 0x0, 0x0, 0x0, 0x0, 0xf, 0xff,
    0xf2, 0x0, 0x0, 0x0, 0x0, 0x0, 0x0, 0x6f,
    0xff, 0xf9, 0x0, 0x0, 0x0, 0x0, 0x0, 0x0,
    0xdf, 0xeb, 0xff, 0x0, 0x0, 0x0, 0x0, 0x0,
    0x3, 0xff, 0x85, 0xff, 0x60, 0x0, 0x0, 0x0,
    0x0, 0x9, 0xff, 0x20, 0xef, 0xc0, 0x0, 0x0,
    0x0, 0x0, 0xf, 0xfc, 0x0, 0x9f, 0xf2, 0x0,
    0x0, 0x0, 0x0, 0x6f, 0xf6, 0x0, 0x3f, 0xf9,
    0x0, 0x0, 0x0, 0x0, 0xcf, 0xf1, 0x0, 0xd,
    0xfe, 0x0, 0x0, 0x0, 0x3, 0xff, 0xa0, 0x0,
    0x7, 0xff, 0x50, 0x0, 0x0, 0x9, 0xff, 0x40,
    0x0, 0x2, 0xff, 0xc0, 0x0, 0x0, 0xf, 0xff,
    0xff, 0xff, 0xff, 0xff, 0xf2, 0x0, 0x0, 0x6f,
    0xff, 0xff, 0xff, 0xff, 0xff, 0xf8, 0x0, 0x0,
    0xcf, 0xfb, 0x88, 0x88, 0x88, 0x9f, 0xfe, 0x0,
    0x3, 0xff, 0xd0, 0x0, 0x0, 0x0, 0xa, 0xff,
    0x50, 0x9, 0xff, 0x70, 0x0, 0x0, 0x0, 0x4,
    0xff, 0xc0, 0xf, 0xff, 0x10, 0x0, 0x0, 0x0,
    0x0, 0xef, 0xf2, 0x6f, 0xfb, 0x0, 0x0, 0x0,
    0x0, 0x0, 0x8f, 0xf8,

    /* U+1EAF "ắ" */
    0x0, 0x0, 0x0, 0x4, 0x84, 0x0, 0x0, 0x0,
    0x0, 0x0, 0xef, 0x20, 0x0, 0x0, 0x0, 0x0,
    0x6f, 0x80, 0x0, 0x0, 0x0, 0x0, 0xd, 0xd0,
    0x0, 0x0, 0x0, 0x0, 0x1, 0x83, 0x0, 0x0,
    0x0, 0x9, 0xf4, 0x0, 0x0, 0xef, 0x0, 0x0,
    0x5f, 0xc3, 0x1, 0x8f, 0xb0, 0x0, 0x0, 0xbf,
    0xff, 0xff, 0xe2, 0x0, 0x0, 0x0, 0x48, 0x99,
    0x61, 0x0, 0x0, 0x0, 0x0, 0x0, 0x0, 0x0,
    0x0, 0x0, 0x6, 0xbe, 0xff, 0xc7, 0x0, 0x0,
    0x4e, 0xff, 0xff, 0xff, 0xfd, 0x10, 0x2f, 0xff,
    0xb7, 0x67, 0xef, 0xfb, 0x0, 0x6f, 0x40, 0x0,
    0x0, 0xdf, 0xf2, 0x0, 0x10, 0x0, 0x0, 0x6,
    0xff, 0x50, 0x0, 0x0, 0x11, 0x11, 0x6f, 0xf6,
    0x0, 0x7d, 0xff, 0xff, 0xff, 0xff, 0x70, 0xdf,
    0xff, 0xff, 0xff, 0xff, 0xf7, 0x7f, 0xfb, 0x30,
    0x0, 0x7, 0xff, 0x7a, 0xff, 0x10, 0x0, 0x0,
    0xdf, 0xf7, 0x9f, 0xf3, 0x0, 0x0, 0x3f, 0xff,
    0x75, 0xff, 0xe7, 0x44, 0x9f, 0xff, 0xf7, 0x9,
    0xff, 0xff, 0xff, 0xf6, 0xff, 0x70, 0x4, 0xbe,
    0xfe, 0x91, 0x1f, 0xf7,

    /* U+1EB0 "Ằ" */
    0x0, 0x0, 0x0, 0x48, 0x40, 0x0, 0x0, 0x0,
    0x0, 0x0, 0x0, 0x0, 0x1e, 0xe1, 0x0, 0x0,
    0x0, 0x0, 0x0, 0x0, 0x0, 0x4, 0xf9, 0x0,
    0x0, 0x0, 0x0, 0x0, 0x0, 0x18, 0x40, 0x57,
    0x3, 0x82, 0x0, 0x0, 0x0, 0x0, 0x1f, 0xc0,
    0x0, 0x9, 0xf4, 0x0, 0x0, 0x0, 0x0, 0xd,
    0xf7, 0x10, 0x5f, 0xf1, 0x0, 0x0, 0x0, 0x0,
    0x3, 0xff, 0xff, 0xff, 0x60, 0x0, 0x0, 0x0,
    0x0, 0x0, 0x17, 0x9a, 0x82, 0x0, 0x0, 0x0,
    0x0, 0x0, 0x0, 0x0, 0x0, 0x0, 0x0, 0x0,
    0x0, 0x0, 0x0, 0x0, 0x3, 0xff, 0x60, 0x0,
    0x0, 0x0, 0x0, 0x0, 0x0, 0x9, 0xff, 0xc0,
    0x0, 0x0, 0x0, 0x0, 0x0, 0x0, 0xf, 0xff,
    0xf2, 0x0, 0x0, 0x0, 0x0, 0x0, 0x0, 0x6f,
    0xff, 0xf9, 0x0, 0x0, 0x0, 0x0, 0x0, 0x0,
    0xdf, 0xeb, 0xff, 0x0, 0x0, 0x0, 0x0, 0x0,
    0x3, 0xff, 0x85, 0xff, 0x60, 0x0, 0x0, 0x0,
    0x0, 0x9, 0xff, 0x20, 0xef, 0xc0, 0x0, 0x0,
    0x0, 0x0, 0xf, 0xfc, 0x0, 0x9f, 0xf2, 0x0,
    0x0, 0x0, 0x0, 0x6f, 0xf6, 0x0, 0x3f, 0xf9,
    0x0, 0x0, 0x0, 0x0, 0xcf, 0xf1, 0x0, 0xd,
    0xfe, 0x0, 0x0, 0x0, 0x3, 0xff, 0xa0, 0x0,
    0x7, 0xff, 0x50, 0x0, 0x0, 0x9, 0xff, 0x40,
    0x0, 0x2, 0xff, 0xc0, 0x0, 0x0, 0xf, 0xff,
    0xff, 0xff, 0xff, 0xff, 0xf2, 0x0, 0x0, 0x6f,
    0xff, 0xff, 0xff, 0xff, 0xff, 0xf8, 0x0, 0x0,
    0xcf, 0xfb, 0x88, 0x88, 0x88, 0x9f, 0xfe, 0x0,
    0x3, 0xff, 0xd0, 0x0, 0x0, 0x0, 0xa, 0xff,
    0x50, 0x9, 0xff, 0x70, 0x0, 0x0, 0x0, 0x4,
    0xff, 0xc0, 0xf, 0xff, 0x10, 0x0, 0x0, 0x0,
    0x0, 0xef, 0xf2, 0x6f, 0xfb, 0x0, 0x0, 0x0,
    0x0, 0x0, 0x8f, 0xf8,

    /* U+1EB1 "ằ" */
    0x0, 0x1, 0x87, 0x0, 0x0, 0x0, 0x0, 0x0,
    0xb, 0xf6, 0x0, 0x0, 0x0, 0x0, 0x0, 0x2f,
    0xd0, 0x0, 0x0, 0x0, 0x0, 0x0, 0x8f, 0x40,
    0x0, 0x0, 0x0, 0x0, 0x0, 0x75, 0x0, 0x0,
    0x0, 0x9, 0xf4, 0x0, 0x0, 0xef, 0x0, 0x0,
    0x5f, 0xc3, 0x1, 0x8f, 0xb0, 0x0, 0x0, 0xbf,
    0xff, 0xff, 0xe2, 0x0, 0x0, 0x0, 0x48, 0x99,
    0x61, 0x0, 0x0, 0x0, 0x0, 0x0, 0x0, 0x0,
    0x0, 0x0, 0x6, 0xbe, 0xff, 0xc7, 0x0, 0x0,
    0x4e, 0xff, 0xff, 0xff, 0xfd, 0x10, 0x2f, 0xff,
    0xb7, 0x67, 0xef, 0xfb, 0x0, 0x6f, 0x40, 0x0,
    0x0, 0xdf, 0xf2, 0x0, 0x10, 0x0, 0x0, 0x6,
    0xff, 0x50, 0x0, 0x0, 0x11, 0x11, 0x6f, 0xf6,
    0x0, 0x7d, 0xff, 0xff, 0xff, 0xff, 0x70, 0xdf,
    0xff, 0xff, 0xff, 0xff, 0xf7, 0x7f, 0xfb, 0x30,
    0x0, 0x7, 0xff, 0x7a, 0xff, 0x10, 0x0, 0x0,
    0xdf, 0xf7, 0x9f, 0xf3, 0x0, 0x0, 0x3f, 0xff,
    0x75, 0xff, 0xe7, 0x44, 0x9f, 0xff, 0xf7, 0x9,
    0xff, 0xff, 0xff, 0xf6, 0xff, 0x70, 0x4, 0xbe,
    0xfe, 0x91, 0x1f, 0xf7,

    /* U+1EB2 "Ẳ" */
    0x0, 0x0, 0x0, 0xc, 0xeb, 0x40, 0x0, 0x0,
    0x0, 0x0, 0x0, 0x0, 0x2, 0x4c, 0xf2, 0x0,
    0x0, 0x0, 0x0, 0x0, 0x0, 0x0, 0x4, 0xf5,
    0x0, 0x0, 0x0, 0x0, 0x0, 0x4, 0x20, 0x6e,
    0xc2, 0x41, 0x0, 0x0, 0x0, 0x0, 0x2f, 0xb0,
    0x32, 0x8, 0xf5, 0x0, 0x0, 0x0, 0x0, 0xe,
    0xf7, 0x10, 0x5f, 0xf1, 0x0, 0x0, 0x0, 0x0,
    0x4, 0xff, 0xff, 0xff, 0x60, 0x0, 0x0, 0x0,
    0x0, 0x0, 0x17, 0x9a, 0x82, 0x0, 0x0, 0x0,
    0x0, 0x0, 0x0, 0x0, 0x0, 0x0, 0x0, 0x0,
    0x0, 0x0, 0x0, 0x0, 0x3, 0xff, 0x60, 0x0,
    0x0, 0x0, 0x0, 0x0, 0x0, 0x9, 0xff, 0xc0,
    0x0, 0x0, 0x0, 0x0, 0x0, 0x0, 0xf, 0xff,
    0xf2, 0x0, 0x0, 0x0, 0x0, 0x0, 0x0, 0x6f,
    0xff, 0xf9, 0x0, 0x0, 0x0, 0x0, 0x0, 0x0,
    0xdf, 0xeb, 0xff, 0x0, 0x0, 0x0, 0x0, 0x0,
    0x3, 0xff, 0x85, 0xff, 0x60, 0x0, 0x0, 0x0,
    0x0, 0x9, 0xff, 0x20, 0xef, 0xc0, 0x0, 0x0,
    0x0, 0x0, 0xf, 0xfc, 0x0, 0x9f, 0xf2, 0x0,
    0x0, 0x0, 0x0, 0x6f, 0xf6, 0x0, 0x3f, 0xf9,
    0x0, 0x0, 0x0, 0x0, 0xcf, 0xf1, 0x0, 0xd,
    0xfe, 0x0, 0x0, 0x0, 0x3, 0xff, 0xa0, 0x0,
    0x7, 0xff, 0x50, 0x0, 0x0, 0x9, 0xff, 0x40,
    0x0, 0x2, 0xff, 0xc0, 0x0, 0x0, 0xf, 0xff,
    0xff, 0xff, 0xff, 0xff, 0xf2, 0x0, 0x0, 0x6f,
    0xff, 0xff, 0xff, 0xff, 0xff, 0xf8, 0x0, 0x0,
    0xcf, 0xfb, 0x88, 0x88, 0x88, 0x9f, 0xfe, 0x0,
    0x3, 0xff, 0xd0, 0x0, 0x0, 0x0, 0xa, 0xff,
    0x50, 0x9, 0xff, 0x70, 0x0, 0x0, 0x0, 0x4,
    0xff, 0xc0, 0xf, 0xff, 0x10, 0x0, 0x0, 0x0,
    0x0, 0xef, 0xf2, 0x6f, 0xfb, 0x0, 0x0, 0x0,
    0x0, 0x0, 0x8f, 0xf8,

    /* U+1EB3 "ẳ" */
    0x0, 0x0, 0x1, 0x0, 0x0, 0x0, 0x0, 0x0,
    0x2, 0xff, 0xa1, 0x0, 0x0, 0x0, 0x0, 0x5,
    0x9f, 0xa0, 0x0, 0x0, 0x0, 0x0, 0x0, 0xbf,
    0x0, 0x0, 0x0, 0x0, 0x0, 0xd, 0xe0, 0x0,
    0x0, 0x0, 0x0, 0x2e, 0xe4, 0x0, 0x0, 0x0,
    0x9f, 0x40, 0x30, 0xe, 0xf0, 0x0, 0x5, 0xfc,
    0x30, 0x18, 0xfb, 0x0, 0x0, 0xb, 0xff, 0xff,
    0xfe, 0x20, 0x0, 0x0, 0x4, 0x89, 0x96, 0x10,
    0x0, 0x0, 0x0, 0x0, 0x0, 0x0, 0x0, 0x0,
    0x0, 0x6b, 0xef, 0xfc, 0x70, 0x0, 0x4, 0xef,
    0xff, 0xff, 0xff, 0xd1, 0x2, 0xff, 0xfb, 0x76,
    0x7e, 0xff, 0xb0, 0x6, 0xf4, 0x0, 0x0, 0xd,
    0xff, 0x20, 0x1, 0x0, 0x0, 0x0, 0x6f, 0xf5,
    0x0, 0x0, 0x1, 0x11, 0x16, 0xff, 0x60, 0x7,
    0xdf, 0xff, 0xff, 0xff, 0xf7, 0xd, 0xff, 0xff,
    0xff, 0xff, 0xff, 0x77, 0xff, 0xb3, 0x0, 0x0,
    0x7f, 0xf7, 0xaf, 0xf1, 0x0, 0x0, 0xd, 0xff,
    0x79, 0xff, 0x30, 0x0, 0x3, 0xff, 0xf7, 0x5f,
    0xfe, 0x74, 0x49, 0xff, 0xff, 0x70, 0x9f, 0xff,
    0xff, 0xff, 0x6f, 0xf7, 0x0, 0x4b, 0xef, 0xe9,
    0x11, 0xff, 0x70,

    /* U+1EB4 "Ẵ" */
    0x0, 0x0, 0x0, 0x1, 0x0, 0x0, 0x10, 0x0,
    0x0, 0x0, 0x0, 0x5, 0xef, 0xfc, 0x9c, 0xf3,
    0x0, 0x0, 0x0, 0x0, 0xf, 0xc5, 0x8d, 0xfe,
    0x70, 0x0, 0x0, 0x0, 0x0, 0x16, 0x30, 0x0,
    0x2, 0x62, 0x0, 0x0, 0x0, 0x0, 0x2f, 0xc0,
    0x0, 0x8, 0xf4, 0x0, 0x0, 0x0, 0x0, 0xd,
    0xf7, 0x10, 0x5f, 0xf1, 0x0, 0x0, 0x0, 0x0,
    0x4, 0xff, 0xff, 0xff, 0x60, 0x0, 0x0, 0x0,
    0x0, 0x0, 0x17, 0x9a, 0x82, 0x0, 0x0, 0x0,
    0x0, 0x0, 0x0, 0x0, 0x0, 0x0, 0x0, 0x0,
    0x0, 0x0, 0x0, 0x0, 0x3, 0xff, 0x60, 0x0,
    0x0, 0x0, 0x0, 0x0, 0x0, 0x9, 0xff, 0xc0,
    0x0, 0x0, 0x0, 0x0, 0x0, 0x0, 0xf, 0xff,
    0xf2, 0x0, 0x0, 0x0, 0x0, 0x0, 0x0, 0x6f,
    0xff, 0xf9, 0x0, 0x0, 0x0, 0x0, 0x0, 0x0,
    0xdf, 0xeb, 0xff, 0x0, 0x0, 0x0, 0x0, 0x0,
    0x3, 0xff, 0x85, 0xff, 0x60, 0x0, 0x0, 0x0,
    0x0, 0x9, 0xff, 0x20, 0xef, 0xc0, 0x0, 0x0,
    0x0, 0x0, 0xf, 0xfc, 0x0, 0x9f, 0xf2, 0x0,
    0x0, 0x0, 0x0, 0x6f, 0xf6, 0x0, 0x3f, 0xf9,
    0x0, 0x0, 0x0, 0x0, 0xcf, 0xf1, 0x0, 0xd,
    0xfe, 0x0, 0x0, 0x0, 0x3, 0xff, 0xa0, 0x0,
    0x7, 0xff, 0x50, 0x0, 0x0, 0x9, 0xff, 0x40,
    0x0, 0x2, 0xff, 0xc0, 0x0, 0x0, 0xf, 0xff,
    0xff, 0xff, 0xff, 0xff, 0xf2, 0x0, 0x0, 0x6f,
    0xff, 0xff, 0xff, 0xff, 0xff, 0xf8, 0x0, 0x0,
    0xcf, 0xfb, 0x88, 0x88, 0x88, 0x9f, 0xfe, 0x0,
    0x3, 0xff, 0xd0, 0x0, 0x0, 0x0, 0xa, 0xff,
    0x50, 0x9, 0xff, 0x70, 0x0, 0x0, 0x0, 0x4,
    0xff, 0xc0, 0xf, 0xff, 0x10, 0x0, 0x0, 0x0,
    0x0, 0xef, 0xf2, 0x6f, 0xfb, 0x0, 0x0, 0x0,
    0x0, 0x0, 0x8f, 0xf8,

    /* U+1EB5 "ẵ" */
    0x0, 0x0, 0x0, 0x0, 0x0, 0x0, 0x0, 0x0,
    0x8f, 0xfc, 0x41, 0xac, 0x0, 0x0, 0x4f, 0x96,
    0xcf, 0xff, 0x80, 0x0, 0x4, 0x90, 0x0, 0x68,
    0x50, 0x0, 0x0, 0x0, 0x0, 0x0, 0x0, 0x0,
    0x0, 0x9, 0xf4, 0x0, 0x0, 0xef, 0x0, 0x0,
    0x5f, 0xc3, 0x1, 0x8f, 0xb0, 0x0, 0x0, 0xbf,
    0xff, 0xff, 0xe2, 0x0, 0x0, 0x0, 0x48, 0x99,
    0x61, 0x0, 0x0, 0x0, 0x0, 0x0, 0x0, 0x0,
    0x0, 0x0, 0x6, 0xbe, 0xff, 0xc7, 0x0, 0x0,
    0x4e, 0xff, 0xff, 0xff, 0xfd, 0x10, 0x2f, 0xff,
    0xb7, 0x67, 0xef, 0xfb, 0x0, 0x6f, 0x40, 0x0,
    0x0, 0xdf, 0xf2, 0x0, 0x10, 0x0, 0x0, 0x6,
    0xff, 0x50, 0x0, 0x0, 0x11, 0x11, 0x6f, 0xf6,
    0x0, 0x7d, 0xff, 0xff, 0xff, 0xff, 0x70, 0xdf,
    0xff, 0xff, 0xff, 0xff, 0xf7, 0x7f, 0xfb, 0x30,
    0x0, 0x7, 0xff, 0x7a, 0xff, 0x10, 0x0, 0x0,
    0xdf, 0xf7, 0x9f, 0xf3, 0x0, 0x0, 0x3f, 0xff,
    0x75, 0xff, 0xe7, 0x44, 0x9f, 0xff, 0xf7, 0x9,
    0xff, 0xff, 0xff, 0xf6, 0xff, 0x70, 0x4, 0xbe,
    0xfe, 0x91, 0x1f, 0xf7,

    /* U+1EB6 "Ặ" */
    0x0, 0x0, 0x18, 0x60, 0x0, 0x4, 0x82, 0x0,
    0x0, 0x0, 0x0, 0x1f, 0xe0, 0x0, 0xb, 0xf4,
    0x0, 0x0, 0x0, 0x0, 0xd, 0xf9, 0x11, 0x7f,
    0xf1, 0x0, 0x0, 0x0, 0x0, 0x3, 0xff, 0xff,
    0xff, 0x60, 0x0, 0x0, 0x0, 0x0, 0x0, 0x17,
    0x9a, 0x82, 0x0, 0x0, 0x0, 0x0, 0x0, 0x0,
    0x0, 0x0, 0x0, 0x0, 0x0, 0x0, 0x0, 0x0,
    0x0, 0x3, 0xff, 0x60, 0x0, 0x0, 0x0, 0x0,
    0x0, 0x0, 0x9, 0xff, 0xc0, 0x0, 0x0, 0x0,
    0x0, 0x0, 0x0, 0xf, 0xff, 0xf2, 0x0, 0x0,
    0x0, 0x0, 0x0, 0x0, 0x6f, 0xff, 0xf9, 0x0,
    0x0, 0x0, 0x0, 0x0, 0x0, 0xdf, 0xeb, 0xff,
    0x0, 0x0, 0x0, 0x0, 0x0, 0x3, 0xff, 0x85,
    0xff, 0x60, 0x0, 0x0, 0x0, 0x0, 0x9, 0xff,
    0x20, 0xef, 0xc0, 0x0, 0x0, 0x0, 0x0, 0xf,
    0xfc, 0x0, 0x9f, 0xf2, 0x0, 0x0, 0x0, 0x0,
    0x6f, 0xf6, 0x0, 0x3f, 0xf9, 0x0, 0x0, 0x0,
    0x0, 0xcf, 0xf1, 0x0, 0xd, 0xfe, 0x0, 0x0,
    0x0, 0x3, 0xff, 0xa0, 0x0, 0x7, 0xff, 0x50,
    0x0, 0x0, 0x9, 0xff, 0x40, 0x0, 0x2, 0xff,
    0xc0, 0x0, 0x0, 0xf, 0xff, 0xff, 0xff, 0xff,
    0xff, 0xf2, 0x0, 0x0, 0x6f, 0xff, 0xff, 0xff,
    0xff, 0xff, 0xf8, 0x0, 0x0, 0xcf, 0xfb, 0x88,
    0x88, 0x88, 0x9f, 0xfe, 0x0, 0x3, 0xff, 0xd0,
    0x0, 0x0, 0x0, 0xa, 0xff, 0x50, 0x9, 0xff,
    0x70, 0x0, 0x0, 0x0, 0x4, 0xff, 0xc0, 0xf,
    0xff, 0x10, 0x0, 0x0, 0x0, 0x0, 0xef, 0xf2,
    0x6f, 0xfb, 0x0, 0x0, 0x0, 0x0, 0x0, 0x8f,
    0xf8, 0x0, 0x0, 0x0, 0x0, 0x0, 0x0, 0x0,
    0x0, 0x0, 0x0, 0x0, 0x0, 0x0, 0x0, 0x0,
    0x0, 0x0, 0x0, 0x0, 0x0, 0x0, 0x7, 0xff,
    0xa0, 0x0, 0x0, 0x0, 0x0, 0x0, 0x0, 0x7,
    0xff, 0xa0, 0x0, 0x0, 0x0, 0x0, 0x0, 0x0,
    0x7, 0xff, 0xa0, 0x0, 0x0, 0x0,

    /* U+1EB7 "ặ" */
    0x0, 0x9f, 0x40, 0x0, 0xe, 0xf0, 0x0, 0x5,
    0xfc, 0x30, 0x18, 0xfb, 0x0, 0x0, 0xb, 0xff,
    0xff, 0xfe, 0x20, 0x0, 0x0, 0x4, 0x89, 0x96,
    0x10, 0x0, 0x0, 0x0, 0x0, 0x0, 0x0, 0x0,
    0x0, 0x0, 0x6b, 0xef, 0xfc, 0x70, 0x0, 0x4,
    0xef, 0xff, 0xff, 0xff, 0xd1, 0x2, 0xff, 0xfb,
    0x76, 0x7e, 0xff, 0xb0, 0x6, 0xf4, 0x0, 0x0,
    0xd, 0xff, 0x20, 0x1, 0x0, 0x0, 0x0, 0x6f,
    0xf5, 0x0, 0x0, 0x1, 0x11, 0x16, 0xff, 0x60,
    0x7, 0xdf, 0xff, 0xff, 0xff, 0xf7, 0xd, 0xff,
    0xff, 0xff, 0xff, 0xff, 0x77, 0xff, 0xb3, 0x0,
    0x0, 0x7f, 0xf7, 0xaf, 0xf1, 0x0, 0x0, 0xd,
    0xff, 0x79, 0xff, 0x30, 0x0, 0x3, 0xff, 0xf7,
    0x5f, 0xfe, 0x74, 0x49, 0xff, 0xff, 0x70, 0x9f,
    0xff, 0xff, 0xff, 0x6f, 0xf7, 0x0, 0x4b, 0xef,
    0xe9, 0x11, 0xff, 0x70, 0x0, 0x0, 0x0, 0x0,
    0x0, 0x0, 0x0, 0x0, 0x0, 0x0, 0x0, 0x0,
    0x0, 0x0, 0x0, 0xef, 0xf3, 0x0, 0x0, 0x0,
    0x0, 0xe, 0xff, 0x30, 0x0, 0x0, 0x0, 0x0,
    0xef, 0xf3, 0x0, 0x0,

    /* U+1EB8 "Ẹ" */
    0xef, 0xff, 0xff, 0xff, 0xff, 0xff, 0xf0, 0xef,
    0xff, 0xff, 0xff, 0xff, 0xff, 0xf0, 0xef, 0xf8,
    0x88, 0x88, 0x88, 0x88, 0x80, 0xef, 0xf0, 0x0,
    0x0, 0x0, 0x0, 0x0, 0xef, 0xf0, 0x0, 0x0,
    0x0, 0x0, 0x0, 0xef, 0xf0, 0x0, 0x0, 0x0,
    0x0, 0x0, 0xef, 0xf0, 0x0, 0x0, 0x0, 0x0,
    0x0, 0xef, 0xf0, 0x0, 0x0, 0x0, 0x0, 0x0,
    0xef, 0xff, 0xff, 0xff, 0xff, 0xff, 0x20, 0xef,
    0xff, 0xff, 0xff, 0xff, 0xff, 0x20, 0xef, 0xf8,
    0x88, 0x88, 0x88, 0x88, 0x10, 0xef, 0xf0, 0x0,
    0x0, 0x0, 0x0, 0x0, 0xef, 0xf0, 0x0, 0x0,
    0x0, 0x0, 0x0, 0xef, 0xf0, 0x0, 0x0, 0x0,
    0x0, 0x0, 0xef, 0xf0, 0x0, 0x0, 0x0, 0x0,
    0x0, 0xef, 0xf0, 0x0, 0x0, 0x0, 0x0, 0x0,
    0xef, 0xf8, 0x88, 0x88, 0x88, 0x88, 0x80, 0xef,
    0xff, 0xff, 0xff, 0xff, 0xff, 0xf0, 0xef, 0xff,
    0xff, 0xff, 0xff, 0xff, 0xf0, 0x0, 0x0, 0x0,
    0x0, 0x0, 0x0, 0x0, 0x0, 0x0, 0x0, 0x0,
    0x0, 0x0, 0x0, 0x0, 0x0, 0xf, 0xff, 0x10,
    0x0, 0x0, 0x0, 0x0, 0xf, 0xff, 0x10, 0x0,
    0x0, 0x0, 0x0, 0xf, 0xff, 0x10, 0x0, 0x0,

    /* U+1EB9 "ẹ" */
    0x0, 0x3, 0xae, 0xfe, 0xb5, 0x0, 0x0, 0x7,
    0xff, 0xff, 0xff, 0xfb, 0x0, 0x5, 0xff, 0xe8,
    0x56, 0xcf, 0xfa, 0x0, 0xef, 0xe1, 0x0, 0x0,
    0xaf, 0xf2, 0x5f, 0xf5, 0x0, 0x0, 0x1, 0xff,
    0x89, 0xff, 0x10, 0x0, 0x0, 0xd, 0xfb, 0xbf,
    0xff, 0xff, 0xff, 0xff, 0xff, 0xdb, 0xff, 0xff,
    0xff, 0xff, 0xff, 0xfd, 0x9f, 0xf1, 0x0, 0x0,
    0x0, 0x0, 0x5, 0xff, 0x60, 0x0, 0x0, 0x0,
    0x0, 0xf, 0xfe, 0x30, 0x0, 0x1, 0xa3, 0x0,
    0x6f, 0xff, 0xb8, 0x7a, 0xff, 0xf2, 0x0, 0x8f,
    0xff, 0xff, 0xff, 0xf7, 0x0, 0x0, 0x3a, 0xef,
    0xed, 0x92, 0x0, 0x0, 0x0, 0x0, 0x0, 0x0,
    0x0, 0x0, 0x0, 0x0, 0x0, 0x0, 0x0, 0x0,
    0x0, 0x0, 0xb, 0xff, 0x60, 0x0, 0x0, 0x0,
    0x0, 0xbf, 0xf6, 0x0, 0x0, 0x0, 0x0, 0xb,
    0xff, 0x60, 0x0, 0x0,

    /* U+1EBA "Ẻ" */
    0x0, 0x0, 0x2f, 0xea, 0x30, 0x0, 0x0, 0x0,
    0x0, 0x19, 0xbf, 0xf4, 0x0, 0x0, 0x0, 0x0,
    0x0, 0x6, 0xf9, 0x0, 0x0, 0x0, 0x0, 0x0,
    0x1a, 0xf6, 0x0, 0x0, 0x0, 0x0, 0x2, 0xfc,
    0x60, 0x0, 0x0, 0x0, 0x0, 0x0, 0x0, 0x0,
    0x0, 0x0, 0xef, 0xff, 0xff, 0xff, 0xff, 0xff,
    0xf0, 0xef, 0xff, 0xff, 0xff, 0xff, 0xff, 0xf0,
    0xef, 0xf8, 0x88, 0x88, 0x88, 0x88, 0x80, 0xef,
    0xf0, 0x0, 0x0, 0x0, 0x0, 0x0, 0xef, 0xf0,
    0x0, 0x0, 0x0, 0x0, 0x0, 0xef, 0xf0, 0x0,
    0x0, 0x0, 0x0, 0x0, 0xef, 0xf0, 0x0, 0x0,
    0x0, 0x0, 0x0, 0xef, 0xf0, 0x0, 0x0, 0x0,
    0x0, 0x0, 0xef, 0xff, 0xff, 0xff, 0xff, 0xff,
    0x20, 0xef, 0xff, 0xff, 0xff, 0xff, 0xff, 0x20,
    0xef, 0xf8, 0x88, 0x88, 0x88, 0x88, 0x10, 0xef,
    0xf0, 0x0, 0x0, 0x0, 0x0, 0x0, 0xef, 0xf0,
    0x0, 0x0, 0x0, 0x0, 0x0, 0xef, 0xf0, 0x0,
    0x0, 0x0, 0x0, 0x0, 0xef, 0xf0, 0x0, 0x0,
    0x0, 0x0, 0x0, 0xef, 0xf0, 0x0, 0x0, 0x0,
    0x0, 0x0, 0xef, 0xf8, 0x88, 0x88, 0x88, 0x88,
    0x80, 0xef, 0xff, 0xff, 0xff, 0xff, 0xff, 0xf0,
    0xef, 0xff, 0xff, 0xff, 0xff, 0xff, 0xf0,

    /* U+1EBB "ẻ" */
    0x0, 0x0, 0x1f, 0xeb, 0x50, 0x0, 0x0, 0x0,
    0x0, 0x9b, 0xff, 0x70, 0x0, 0x0, 0x0, 0x0,
    0x4, 0xfa, 0x0, 0x0, 0x0, 0x0, 0x7, 0xdf,
    0x40, 0x0, 0x0, 0x0, 0x0, 0x96, 0x10, 0x0,
    0x0, 0x0, 0x3a, 0xef, 0xeb, 0x50, 0x0, 0x0,
    0x7f, 0xff, 0xff, 0xff, 0xb0, 0x0, 0x5f, 0xfe,
    0x85, 0x6c, 0xff, 0xa0, 0xe, 0xfe, 0x10, 0x0,
    0xa, 0xff, 0x25, 0xff, 0x50, 0x0, 0x0, 0x1f,
    0xf8, 0x9f, 0xf1, 0x0, 0x0, 0x0, 0xdf, 0xbb,
    0xff, 0xff, 0xff, 0xff, 0xff, 0xfd, 0xbf, 0xff,
    0xff, 0xff, 0xff, 0xff, 0xd9, 0xff, 0x10, 0x0,
    0x0, 0x0, 0x0, 0x5f, 0xf6, 0x0, 0x0, 0x0,
    0x0, 0x0, 0xff, 0xe3, 0x0, 0x0, 0x1a, 0x30,
    0x6, 0xff, 0xfb, 0x87, 0xaf, 0xff, 0x20, 0x8,
    0xff, 0xff, 0xff, 0xff, 0x70, 0x0, 0x3, 0xae,
    0xfe, 0xd9, 0x20, 0x0,

    /* U+1EBC "Ẽ" */
    0x0, 0x3, 0x75, 0x0, 0x5, 0x80, 0x0, 0x0,
    0x4f, 0xff, 0xa0, 0xb, 0xf0, 0x0, 0x0, 0xce,
    0x17, 0xfa, 0x4f, 0xb0, 0x0, 0x0, 0xfa, 0x0,
    0x8f, 0xfe, 0x30, 0x0, 0x0, 0x53, 0x0, 0x2,
    0x41, 0x0, 0x0, 0x0, 0x0, 0x0, 0x0, 0x0,
    0x0, 0x0, 0xef, 0xff, 0xff, 0xff, 0xff, 0xff,
    0xf0, 0xef, 0xff, 0xff, 0xff, 0xff, 0xff, 0xf0,
    0xef, 0xf8, 0x88, 0x88, 0x88, 0x88, 0x80, 0xef,
    0xf0, 0x0, 0x0, 0x0, 0x0, 0x0, 0xef, 0xf0,
    0x0, 0x0, 0x0, 0x0, 0x0, 0xef, 0xf0, 0x0,
    0x0, 0x0, 0x0, 0x0, 0xef, 0xf0, 0x0, 0x0,
    0x0, 0x0, 0x0, 0xef, 0xf0, 0x0, 0x0, 0x0,
    0x0, 0x0, 0xef, 0xff, 0xff, 0xff, 0xff, 0xff,
    0x20, 0xef, 0xff, 0xff, 0xff, 0xff, 0xff, 0x20,
    0xef, 0xf8, 0x88, 0x88, 0x88, 0x88, 0x10, 0xef,
    0xf0, 0x0, 0x0, 0x0, 0x0, 0x0, 0xef, 0xf0,
    0x0, 0x0, 0x0, 0x0, 0x0, 0xef, 0xf0, 0x0,
    0x0, 0x0, 0x0, 0x0, 0xef, 0xf0, 0x0, 0x0,
    0x0, 0x0, 0x0, 0xef, 0xf0, 0x0, 0x0, 0x0,
    0x0, 0x0, 0xef, 0xf8, 0x88, 0x88, 0x88, 0x88,
    0x80, 0xef, 0xff, 0xff, 0xff, 0xff, 0xff, 0xf0,
    0xef, 0xff, 0xff, 0xff, 0xff, 0xff, 0xf0,

    /* U+1EBD "ẽ" */
    0x0, 0x1a, 0xee, 0x91, 0x9, 0xf2, 0x0, 0x9,
    0xfd, 0xef, 0xeb, 0xfd, 0x0, 0x0, 0xec, 0x0,
    0x8e, 0xfc, 0x20, 0x0, 0x0, 0x0, 0x0, 0x0,
    0x0, 0x0, 0x0, 0x0, 0x0, 0x0, 0x0, 0x0,
    0x0, 0x0, 0x3a, 0xef, 0xeb, 0x50, 0x0, 0x0,
    0x7f, 0xff, 0xff, 0xff, 0xb0, 0x0, 0x5f, 0xfe,
    0x85, 0x6c, 0xff, 0xa0, 0xe, 0xfe, 0x10, 0x0,
    0xa, 0xff, 0x25, 0xff, 0x50, 0x0, 0x0, 0x1f,
    0xf8, 0x9f, 0xf1, 0x0, 0x0, 0x0, 0xdf, 0xbb,
    0xff, 0xff, 0xff, 0xff, 0xff, 0xfd, 0xbf, 0xff,
    0xff, 0xff, 0xff, 0xff, 0xd9, 0xff, 0x10, 0x0,
    0x0, 0x0, 0x0, 0x5f, 0xf6, 0x0, 0x0, 0x0,
    0x0, 0x0, 0xff, 0xe3, 0x0, 0x0, 0x1a, 0x30,
    0x6, 0xff, 0xfb, 0x87, 0xaf, 0xff, 0x20, 0x8,
    0xff, 0xff, 0xff, 0xff, 0x70, 0x0, 0x3, 0xae,
    0xfe, 0xd9, 0x20, 0x0,

    /* U+1EBE "Ế" */
    0x0, 0x0, 0x0, 0x0, 0x0, 0x6b, 0x60, 0x0,
    0x0, 0x0, 0x0, 0x1, 0xfe, 0x10, 0x0, 0x0,
    0x0, 0x0, 0x8, 0xf5, 0x0, 0x0, 0x0, 0x1,
    0xa2, 0x1f, 0xa0, 0x0, 0x0, 0x0, 0x1d, 0xfe,
    0x30, 0x0, 0x0, 0x0, 0x2, 0xee, 0x4d, 0xf4,
    0x0, 0x0, 0x0, 0x3e, 0xe2, 0x1, 0xdf, 0x50,
    0x0, 0x0, 0x0, 0x0, 0x0, 0x0, 0x0, 0x0,
    0x0, 0x0, 0x0, 0x0, 0x0, 0x0, 0x0, 0xef,
    0xff, 0xff, 0xff, 0xff, 0xff, 0xf0, 0xef, 0xff,
    0xff, 0xff, 0xff, 0xff, 0xf0, 0xef, 0xf8, 0x88,
    0x88, 0x88, 0x88, 0x80, 0xef, 0xf0, 0x0, 0x0,
    0x0, 0x0, 0x0, 0xef, 0xf0, 0x0, 0x0, 0x0,
    0x0, 0x0, 0xef, 0xf0, 0x0, 0x0, 0x0, 0x0,
    0x0, 0xef, 0xf0, 0x0, 0x0, 0x0, 0x0, 0x0,
    0xef, 0xf0, 0x0, 0x0, 0x0, 0x0, 0x0, 0xef,
    0xff, 0xff, 0xff, 0xff, 0xff, 0x20, 0xef, 0xff,
    0xff, 0xff, 0xff, 0xff, 0x20, 0xef, 0xf8, 0x88,
    0x88, 0x88, 0x88, 0x10, 0xef, 0xf0, 0x0, 0x0,
    0x0, 0x0, 0x0, 0xef, 0xf0, 0x0, 0x0, 0x0,
    0x0, 0x0, 0xef, 0xf0, 0x0, 0x0, 0x0, 0x0,
    0x0, 0xef, 0xf0, 0x0, 0x0, 0x0, 0x0, 0x0,
    0xef, 0xf0, 0x0, 0x0, 0x0, 0x0, 0x0, 0xef,
    0xf8, 0x88, 0x88, 0x88, 0x88, 0x80, 0xef, 0xff,
    0xff, 0xff, 0xff, 0xff, 0xf0, 0xef, 0xff, 0xff,
    0xff, 0xff, 0xff, 0xf0,

    /* U+1EBF "ế" */
    0x0, 0x0, 0x0, 0x0, 0x0, 0x9f, 0x90, 0x0,
    0x0, 0x0, 0x0, 0x2f, 0xd0, 0x0, 0x0, 0x0,
    0x50, 0xa, 0xf3, 0x0, 0x0, 0x0, 0x7f, 0xb1,
    0xb7, 0x0, 0x0, 0x0, 0x7f, 0xef, 0xb0, 0x0,
    0x0, 0x0, 0x7f, 0xc0, 0x8f, 0xb0, 0x0, 0x0,
    0x3a, 0x90, 0x0, 0x7a, 0x60, 0x0, 0x0, 0x0,
    0x0, 0x0, 0x0, 0x0, 0x0, 0x3, 0xae, 0xfe,
    0xb5, 0x0, 0x0, 0x7, 0xff, 0xff, 0xff, 0xfb,
    0x0, 0x5, 0xff, 0xe8, 0x56, 0xcf, 0xfa, 0x0,
    0xef, 0xe1, 0x0, 0x0, 0xaf, 0xf2, 0x5f, 0xf5,
    0x0, 0x0, 0x1, 0xff, 0x89, 0xff, 0x10, 0x0,
    0x0, 0xd, 0xfb, 0xbf, 0xff, 0xff, 0xff, 0xff,
    0xff, 0xdb, 0xff, 0xff, 0xff, 0xff, 0xff, 0xfd,
    0x9f, 0xf1, 0x0, 0x0, 0x0, 0x0, 0x5, 0xff,
    0x60, 0x0, 0x0, 0x0, 0x0, 0xf, 0xfe, 0x30,
    0x0, 0x1, 0xa3, 0x0, 0x6f, 0xff, 0xb8, 0x7a,
    0xff, 0xf2, 0x0, 0x8f, 0xff, 0xff, 0xff, 0xf7,
    0x0, 0x0, 0x3a, 0xef, 0xed, 0x92, 0x0,

    /* U+1EC0 "Ề" */
    0x0, 0x0, 0x0, 0x4, 0xb9, 0x0, 0x0, 0x0,
    0x0, 0x0, 0x0, 0xcf, 0x40, 0x0, 0x0, 0x0,
    0x0, 0x0, 0x2f, 0xc0, 0x0, 0x0, 0x0, 0x1,
    0xa2, 0x7, 0xf4, 0x0, 0x0, 0x0, 0x1d, 0xfe,
    0x20, 0x0, 0x0, 0x0, 0x2, 0xee, 0x4d, 0xf4,
    0x0, 0x0, 0x0, 0x3e, 0xe2, 0x1, 0xdf, 0x50,
    0x0, 0x0, 0x0, 0x0, 0x0, 0x0, 0x0, 0x0,
    0x0, 0x0, 0x0, 0x0, 0x0, 0x0, 0x0, 0xef,
    0xff, 0xff, 0xff, 0xff, 0xff, 0xf0, 0xef, 0xff,
    0xff, 0xff, 0xff, 0xff, 0xf0, 0xef, 0xf8, 0x88,
    0x88, 0x88, 0x88, 0x80, 0xef, 0xf0, 0x0, 0x0,
    0x0, 0x0, 0x0, 0xef, 0xf0, 0x0, 0x0, 0x0,
    0x0, 0x0, 0xef, 0xf0, 0x0, 0x0, 0x0, 0x0,
    0x0, 0xef, 0xf0, 0x0, 0x0, 0x0, 0x0, 0x0,
    0xef, 0xf0, 0x0, 0x0, 0x0, 0x0, 0x0, 0xef,
    0xff, 0xff, 0xff, 0xff, 0xff, 0x20, 0xef, 0xff,
    0xff, 0xff, 0xff, 0xff, 0x20, 0xef, 0xf8, 0x88,
    0x88, 0x88, 0x88, 0x10, 0xef, 0xf0, 0x0, 0x0,
    0x0, 0x0, 0x0, 0xef, 0xf0, 0x0, 0x0, 0x0,
    0x0, 0x0, 0xef, 0xf0, 0x0, 0x0, 0x0, 0x0,
    0x0, 0xef, 0xf0, 0x0, 0x0, 0x0, 0x0, 0x0,
    0xef, 0xf0, 0x0, 0x0, 0x0, 0x0, 0x0, 0xef,
    0xf8, 0x88, 0x88, 0x88, 0x88, 0x80, 0xef, 0xff,
    0xff, 0xff, 0xff, 0xff, 0xf0, 0xef, 0xff, 0xff,
    0xff, 0xff, 0xff, 0xf0,

    /* U+1EC1 "ề" */
    0x0, 0x0, 0x0, 0x3, 0xfe, 0x0, 0x0, 0x0,
    0x0, 0x0, 0x8, 0xf7, 0x0, 0x0, 0x0, 0x0,
    0x50, 0xd, 0xf1, 0x0, 0x0, 0x0, 0x7f, 0xb0,
    0x3b, 0x50, 0x0, 0x0, 0x7f, 0xef, 0xb0, 0x0,
    0x0, 0x0, 0x7f, 0xc0, 0x8f, 0xb0, 0x0, 0x0,
    0x3a, 0x90, 0x0, 0x7a, 0x60, 0x0, 0x0, 0x0,
    0x0, 0x0, 0x0, 0x0, 0x0, 0x3, 0xae, 0xfe,
    0xb5, 0x0, 0x0, 0x7, 0xff, 0xff, 0xff, 0xfb,
    0x0, 0x5, 0xff, 0xe8, 0x56, 0xcf, 0xfa, 0x0,
    0xef, 0xe1, 0x0, 0x0, 0xaf, 0xf2, 0x5f, 0xf5,
    0x0, 0x0, 0x1, 0xff, 0x89, 0xff, 0x10, 0x0,
    0x0, 0xd, 0xfb, 0xbf, 0xff, 0xff, 0xff, 0xff,
    0xff, 0xdb, 0xff, 0xff, 0xff, 0xff, 0xff, 0xfd,
    0x9f, 0xf1, 0x0, 0x0, 0x0, 0x0, 0x5, 0xff,
    0x60, 0x0, 0x0, 0x0, 0x0, 0xf, 0xfe, 0x30,
    0x0, 0x1, 0xa3, 0x0, 0x6f, 0xff, 0xb8, 0x7a,
    0xff, 0xf2, 0x0, 0x8f, 0xff, 0xff, 0xff, 0xf7,
    0x0, 0x0, 0x3a, 0xef, 0xed, 0x92, 0x0,

    /* U+1EC2 "Ể" */
    0x0, 0x0, 0x0, 0x0, 0x10, 0x0, 0x0, 0x0,
    0x0, 0x0, 0x0, 0xbf, 0xe6, 0x0, 0x0, 0x0,
    0x0, 0x0, 0x36, 0xcf, 0x40, 0x0, 0x0, 0x0,
    0x0, 0x0, 0x2f, 0x60, 0x0, 0x0, 0x4, 0xe5,
    0x5, 0xde, 0x20, 0x0, 0x0, 0x5f, 0xef, 0x75,
    0x51, 0x0, 0x0, 0x6, 0xfb, 0x9, 0xf8, 0x0,
    0x0, 0x0, 0x3b, 0x90, 0x0, 0x8b, 0x50, 0x0,
    0x0, 0x0, 0x0, 0x0, 0x0, 0x0, 0x0, 0xef,
    0xff, 0xff, 0xff, 0xff, 0xff, 0xf0, 0xef, 0xff,
    0xff, 0xff, 0xff, 0xff, 0xf0, 0xef, 0xf8, 0x88,
    0x88, 0x88, 0x88, 0x80, 0xef, 0xf0, 0x0, 0x0,
    0x0, 0x0, 0x0, 0xef, 0xf0, 0x0, 0x0, 0x0,
    0x0, 0x0, 0xef, 0xf0, 0x0, 0x0, 0x0, 0x0,
    0x0, 0xef, 0xf0, 0x0, 0x0, 0x0, 0x0, 0x0,
    0xef, 0xf0, 0x0, 0x0, 0x0, 0x0, 0x0, 0xef,
    0xff, 0xff, 0xff, 0xff, 0xff, 0x20, 0xef, 0xff,
    0xff, 0xff, 0xff, 0xff, 0x20, 0xef, 0xf8, 0x88,
    0x88, 0x88, 0x88, 0x10, 0xef, 0xf0, 0x0, 0x0,
    0x0, 0x0, 0x0, 0xef, 0xf0, 0x0, 0x0, 0x0,
    0x0, 0x0, 0xef, 0xf0, 0x0, 0x0, 0x0, 0x0,
    0x0, 0xef, 0xf0, 0x0, 0x0, 0x0, 0x0, 0x0,
    0xef, 0xf0, 0x0, 0x0, 0x0, 0x0, 0x0, 0xef,
    0xf8, 0x88, 0x88, 0x88, 0x88, 0x80, 0xef, 0xff,
    0xff, 0xff, 0xff, 0xff, 0xf0, 0xef, 0xff, 0xff,
    0xff, 0xff, 0xff, 0xf0,

    /* U+1EC3 "ể" */
    0x0, 0x0, 0x0, 0x0, 0x10, 0x0, 0x0, 0x0,
    0x0, 0x0, 0xe, 0xfc, 0x30, 0x0, 0x0, 0x0,
    0x0, 0x47, 0xef, 0x0, 0x0, 0x0, 0x0, 0x0,
    0x6, 0xf3, 0x0, 0x0, 0x0, 0xb3, 0x5, 0xce,
    0x10, 0x0, 0x0, 0xbf, 0xe2, 0xa9, 0x20, 0x0,
    0x0, 0xaf, 0xcf, 0xd1, 0x0, 0x0, 0x0, 0x9f,
    0xb0, 0x7f, 0xc0, 0x0, 0x0, 0x3b, 0x90, 0x0,
    0x7b, 0x60, 0x0, 0x0, 0x0, 0x0, 0x0, 0x0,
    0x0, 0x0, 0x3, 0xae, 0xfe, 0xb5, 0x0, 0x0,
    0x7, 0xff, 0xff, 0xff, 0xfb, 0x0, 0x5, 0xff,
    0xe8, 0x56, 0xcf, 0xfa, 0x0, 0xef, 0xe1, 0x0,
    0x0, 0xaf, 0xf2, 0x5f, 0xf5, 0x0, 0x0, 0x1,
    0xff, 0x89, 0xff, 0x10, 0x0, 0x0, 0xd, 0xfb,
    0xbf, 0xff, 0xff, 0xff, 0xff, 0xff, 0xdb, 0xff,
    0xff, 0xff, 0xff, 0xff, 0xfd, 0x9f, 0xf1, 0x0,
    0x0, 0x0, 0x0, 0x5, 0xff, 0x60, 0x0, 0x0,
    0x0, 0x0, 0xf, 0xfe, 0x30, 0x0, 0x1, 0xa3,
    0x0, 0x6f, 0xff, 0xb8, 0x7a, 0xff, 0xf2, 0x0,
    0x8f, 0xff, 0xff, 0xff, 0xf7, 0x0, 0x0, 0x3a,
    0xef, 0xed, 0x92, 0x0,

    /* U+1EC4 "Ễ" */
    0x0, 0x2, 0x76, 0x20, 0x5, 0x50, 0x0, 0x0,
    0x2f, 0xff, 0xfc, 0xaf, 0x80, 0x0, 0x0, 0x9f,
    0x12, 0x9e, 0xfb, 0x10, 0x0, 0x0, 0x0, 0x0,
    0x50, 0x0, 0x0, 0x0, 0x0, 0x0, 0x9, 0xfa,
    0x0, 0x0, 0x0, 0x0, 0x0, 0x9f, 0xbf, 0xa0,
    0x0, 0x0, 0x0, 0x9, 0xf8, 0x7, 0xfb, 0x0,
    0x0, 0x0, 0x49, 0x70, 0x0, 0x69, 0x40, 0x0,
    0x0, 0x0, 0x0, 0x0, 0x0, 0x0, 0x0, 0xef,
    0xff, 0xff, 0xff, 0xff, 0xff, 0xf0, 0xef, 0xff,
    0xff, 0xff, 0xff, 0xff, 0xf0, 0xef, 0xf8, 0x88,
    0x88, 0x88, 0x88, 0x80, 0xef, 0xf0, 0x0, 0x0,
    0x0, 0x0, 0x0, 0xef, 0xf0, 0x0, 0x0, 0x0,
    0x0, 0x0, 0xef, 0xf0, 0x0, 0x0, 0x0, 0x0,
    0x0, 0xef, 0xf0, 0x0, 0x0, 0x0, 0x0, 0x0,
    0xef, 0xf0, 0x0, 0x0, 0x0, 0x0, 0x0, 0xef,
    0xff, 0xff, 0xff, 0xff, 0xff, 0x20, 0xef, 0xff,
    0xff, 0xff, 0xff, 0xff, 0x20, 0xef, 0xf8, 0x88,
    0x88, 0x88, 0x88, 0x10, 0xef, 0xf0, 0x0, 0x0,
    0x0, 0x0, 0x0, 0xef, 0xf0, 0x0, 0x0, 0x0,
    0x0, 0x0, 0xef, 0xf0, 0x0, 0x0, 0x0, 0x0,
    0x0, 0xef, 0xf0, 0x0, 0x0, 0x0, 0x0, 0x0,
    0xef, 0xf0, 0x0, 0x0, 0x0, 0x0, 0x0, 0xef,
    0xf8, 0x88, 0x88, 0x88, 0x88, 0x80, 0xef, 0xff,
    0xff, 0xff, 0xff, 0xff, 0xf0, 0xef, 0xff, 0xff,
    0xff, 0xff, 0xff, 0xf0,

    /* U+1EC5 "ễ" */
    0x0, 0x1, 0x66, 0x30, 0x5, 0x50, 0x0, 0x1,
    0xef, 0xff, 0xca, 0xfa, 0x0, 0x0, 0x7f, 0x31,
    0x7d, 0xfc, 0x10, 0x0, 0x0, 0x0, 0x8, 0x10,
    0x0, 0x0, 0x0, 0x0, 0x9, 0xfd, 0x10, 0x0,
    0x0, 0x0, 0x8, 0xfc, 0xfc, 0x0, 0x0, 0x0,
    0x7, 0xfb, 0x7, 0xfb, 0x0, 0x0, 0x3, 0xba,
    0x0, 0x7, 0xb6, 0x0, 0x0, 0x0, 0x0, 0x0,
    0x0, 0x0, 0x0, 0x0, 0x3a, 0xef, 0xeb, 0x50,
    0x0, 0x0, 0x7f, 0xff, 0xff, 0xff, 0xb0, 0x0,
    0x5f, 0xfe, 0x85, 0x6c, 0xff, 0xa0, 0xe, 0xfe,
    0x10, 0x0, 0xa, 0xff, 0x25, 0xff, 0x50, 0x0,
    0x0, 0x1f, 0xf8, 0x9f, 0xf1, 0x0, 0x0, 0x0,
    0xdf, 0xbb, 0xff, 0xff, 0xff, 0xff, 0xff, 0xfd,
    0xbf, 0xff, 0xff, 0xff, 0xff, 0xff, 0xd9, 0xff,
    0x10, 0x0, 0x0, 0x0, 0x0, 0x5f, 0xf6, 0x0,
    0x0, 0x0, 0x0, 0x0, 0xff, 0xe3, 0x0, 0x0,
    0x1a, 0x30, 0x6, 0xff, 0xfb, 0x87, 0xaf, 0xff,
    0x20, 0x8, 0xff, 0xff, 0xff, 0xff, 0x70, 0x0,
    0x3, 0xae, 0xfe, 0xd9, 0x20, 0x0,

    /* U+1EC6 "Ệ" */
    0x0, 0x0, 0x0, 0x50, 0x0, 0x0, 0x0, 0x0,
    0x0, 0x7, 0xf9, 0x0, 0x0, 0x0, 0x0, 0x0,
    0x6f, 0xef, 0x80, 0x0, 0x0, 0x0, 0x5, 0xfc,
    0x1b, 0xf7, 0x0, 0x0, 0x0, 0x4f, 0xe1, 0x0,
    0xcf, 0x60, 0x0, 0x0, 0x0, 0x0, 0x0, 0x0,
    0x0, 0x0, 0x0, 0x0, 0x0, 0x0, 0x0, 0x0,
    0x0, 0xef, 0xff, 0xff, 0xff, 0xff, 0xff, 0xf0,
    0xef, 0xff, 0xff, 0xff, 0xff, 0xff, 0xf0, 0xef,
    0xf8, 0x88, 0x88, 0x88, 0x88, 0x80, 0xef, 0xf0,
    0x0, 0x0, 0x0, 0x0, 0x0, 0xef, 0xf0, 0x0,
    0x0, 0x0, 0x0, 0x0, 0xef, 0xf0, 0x0, 0x0,
    0x0, 0x0, 0x0, 0xef, 0xf0, 0x0, 0x0, 0x0,
    0x0, 0x0, 0xef, 0xf0, 0x0, 0x0, 0x0, 0x0,
    0x0, 0xef, 0xff, 0xff, 0xff, 0xff, 0xff, 0x20,
    0xef, 0xff, 0xff, 0xff, 0xff, 0xff, 0x20, 0xef,
    0xf8, 0x88, 0x88, 0x88, 0x88, 0x10, 0xef, 0xf0,
    0x0, 0x0, 0x0, 0x0, 0x0, 0xef, 0xf0, 0x0,
    0x0, 0x0, 0x0, 0x0, 0xef, 0xf0, 0x0, 0x0,
    0x0, 0x0, 0x0, 0xef, 0xf0, 0x0, 0x0, 0x0,
    0x0, 0x0, 0xef, 0xf0, 0x0, 0x0, 0x0, 0x0,
    0x0, 0xef, 0xf8, 0x88, 0x88, 0x88, 0x88, 0x80,
    0xef, 0xff, 0xff, 0xff, 0xff, 0xff, 0xf0, 0xef,
    0xff, 0xff, 0xff, 0xff, 0xff, 0xf0, 0x0, 0x0,
    0x0, 0x0, 0x0, 0x0, 0x0, 0x0, 0x0, 0x0,
    0x0, 0x0, 0x0, 0x0, 0x0, 0x0, 0xf, 0xff,
    0x10, 0x0, 0x0, 0x0, 0x0, 0xf, 0xff, 0x10,
    0x0, 0x0, 0x0, 0x0, 0xf, 0xff, 0x10, 0x0,
    0x0,

    /* U+1EC7 "ệ" */
    0x0, 0x0, 0x0, 0x0, 0x0, 0x0, 0x0, 0x0,
    0x0, 0x1d, 0x30, 0x0, 0x0, 0x0, 0x0, 0xc,
    0xff, 0x30, 0x0, 0x0, 0x0, 0xc, 0xf8, 0xee,
    0x20, 0x0, 0x0, 0xb, 0xf7, 0x3, 0xfe, 0x10,
    0x0, 0x3, 0x86, 0x0, 0x4, 0x85, 0x0, 0x0,
    0x0, 0x0, 0x0, 0x0, 0x0, 0x0, 0x0, 0x3a,
    0xef, 0xeb, 0x50, 0x0, 0x0, 0x7f, 0xff, 0xff,
    0xff, 0xb0, 0x0, 0x5f, 0xfe, 0x85, 0x6c, 0xff,
    0xa0, 0xe, 0xfe, 0x10, 0x0, 0xa, 0xff, 0x25,
    0xff, 0x50, 0x0, 0x0, 0x1f, 0xf8, 0x9f, 0xf1,
    0x0, 0x0, 0x0, 0xdf, 0xbb, 0xff, 0xff, 0xff,
    0xff, 0xff, 0xfd, 0xbf, 0xff, 0xff, 0xff, 0xff,
    0xff, 0xd9, 0xff, 0x10, 0x0, 0x0, 0x0, 0x0,
    0x5f, 0xf6, 0x0, 0x0, 0x0, 0x0, 0x0, 0xff,
    0xe3, 0x0, 0x0, 0x1a, 0x30, 0x6, 0xff, 0xfb,
    0x87, 0xaf, 0xff, 0x20, 0x8, 0xff, 0xff, 0xff,
    0xff, 0x70, 0x0, 0x3, 0xae, 0xfe, 0xd9, 0x20,
    0x0, 0x0, 0x0, 0x0, 0x0, 0x0, 0x0, 0x0,
    0x0, 0x0, 0x0, 0x0, 0x0, 0x0, 0x0, 0x0,
    0xbf, 0xf6, 0x0, 0x0, 0x0, 0x0, 0xb, 0xff,
    0x60, 0x0, 0x0, 0x0, 0x0, 0xbf, 0xf6, 0x0,
    0x0,

    /* U+1EC8 "Ỉ" */
    0x3f, 0xea, 0x30, 0x19, 0xbf, 0xf4, 0x0, 0x6,
    0xf9, 0x0, 0x1a, 0xf6, 0x3, 0xfc, 0x60, 0x0,
    0x0, 0x0, 0xe, 0xff, 0x0, 0xe, 0xff, 0x0,
    0xe, 0xff, 0x0, 0xe, 0xff, 0x0, 0xe, 0xff,
    0x0, 0xe, 0xff, 0x0, 0xe, 0xff, 0x0, 0xe,
    0xff, 0x0, 0xe, 0xff, 0x0, 0xe, 0xff, 0x0,
    0xe, 0xff, 0x0, 0xe, 0xff, 0x0, 0xe, 0xff,
    0x0, 0xe, 0xff, 0x0, 0xe, 0xff, 0x0, 0xe,
    0xff, 0x0, 0xe, 0xff, 0x0, 0xe, 0xff, 0x0,
    0xe, 0xff, 0x0,

    /* U+1EC9 "ỉ" */
    0x7f, 0xd9, 0x20, 0x4a, 0xcf, 0xf1, 0x0, 0xb,
    0xf4, 0x4, 0xbf, 0xb0, 0x3, 0x62, 0x0, 0x2f,
    0xfa, 0x0, 0x2f, 0xfa, 0x0, 0x2f, 0xfa, 0x0,
    0x2f, 0xfa, 0x0, 0x2f, 0xfa, 0x0, 0x2f, 0xfa,
    0x0, 0x2f, 0xfa, 0x0, 0x2f, 0xfa, 0x0, 0x2f,
    0xfa, 0x0, 0x2f, 0xfa, 0x0, 0x2f, 0xfa, 0x0,
    0x2f, 0xfa, 0x0, 0x2f, 0xfa, 0x0, 0x2f, 0xfa,
    0x0,

    /* U+1ECA "Ị" */
    0xe, 0xff, 0x0, 0xef, 0xf0, 0xe, 0xff, 0x0,
    0xef, 0xf0, 0xe, 0xff, 0x0, 0xef, 0xf0, 0xe,
    0xff, 0x0, 0xef, 0xf0, 0xe, 0xff, 0x0, 0xef,
    0xf0, 0xe, 0xff, 0x0, 0xef, 0xf0, 0xe, 0xff,
    0x0, 0xef, 0xf0, 0xe, 0xff, 0x0, 0xef, 0xf0,
    0xe, 0xff, 0x0, 0xef, 0xf0, 0xe, 0xff, 0x0,
    0x0, 0x0, 0x0, 0x0, 0x0, 0xff, 0xf1, 0xf,
    0xff, 0x10, 0xff, 0xf1,

    /* U+1ECB "ị" */
    0x5f, 0xfc, 0x5f, 0xfc, 0x5f, 0xfc, 0x15, 0x53,
    0x0, 0x0, 0x2f, 0xfa, 0x2f, 0xfa, 0x2f, 0xfa,
    0x2f, 0xfa, 0x2f, 0xfa, 0x2f, 0xfa, 0x2f, 0xfa,
    0x2f, 0xfa, 0x2f, 0xfa, 0x2f, 0xfa, 0x2f, 0xfa,
    0x2f, 0xfa, 0x2f, 0xfa, 0x2f, 0xfa, 0x0, 0x0,
    0x0, 0x0, 0x5f, 0xfc, 0x5f, 0xfc, 0x5f, 0xfc,

    /* U+1ECC "Ọ" */
    0x0, 0x0, 0x3, 0x9d, 0xff, 0xec, 0x82, 0x0,
    0x0, 0x0, 0x0, 0x1a, 0xff, 0xff, 0xff, 0xff,
    0xf9, 0x0, 0x0, 0x0, 0x2d, 0xff, 0xff, 0xdb,
    0xdf, 0xff, 0xfc, 0x10, 0x0, 0xc, 0xff, 0xe5,
    0x0, 0x0, 0x17, 0xff, 0xfb, 0x0, 0x8, 0xff,
    0xd1, 0x0, 0x0, 0x0, 0x2, 0xef, 0xf6, 0x0,
    0xff, 0xf3, 0x0, 0x0, 0x0, 0x0, 0x5, 0xff,
    0xe0, 0x5f, 0xfb, 0x0, 0x0, 0x0, 0x0, 0x0,
    0xd, 0xff, 0x38, 0xff, 0x50, 0x0, 0x0, 0x0,
    0x0, 0x0, 0x7f, 0xf7, 0xaf, 0xf3, 0x0, 0x0,
    0x0, 0x0, 0x0, 0x5, 0xff, 0x9b, 0xff, 0x20,
    0x0, 0x0, 0x0, 0x0, 0x0, 0x4f, 0xf9, 0xaf,
    0xf3, 0x0, 0x0, 0x0, 0x0, 0x0, 0x5, 0xff,
    0x98, 0xff, 0x50, 0x0, 0x0, 0x0, 0x0, 0x0,
    0x7f, 0xf7, 0x5f, 0xfa, 0x0, 0x0, 0x0, 0x0,
    0x0, 0xd, 0xff, 0x30, 0xff, 0xf2, 0x0, 0x0,
    0x0, 0x0, 0x5, 0xff, 0xe0, 0x8, 0xff, 0xd1,
    0x0, 0x0, 0x0, 0x2, 0xef, 0xf6, 0x0, 0xd,
    0xff, 0xe5, 0x0, 0x0, 0x6, 0xff, 0xfb, 0x0,
    0x0, 0x2d, 0xff, 0xff, 0xcb, 0xdf, 0xff, 0xfc,
    0x10, 0x0, 0x0, 0x1b, 0xff, 0xff, 0xff, 0xff,
    0xf9, 0x0, 0x0, 0x0, 0x0, 0x3, 0x9d, 0xff,
    0xfc, 0x82, 0x0, 0x0, 0x0, 0x0, 0x0, 0x0,
    0x0, 0x0, 0x0, 0x0, 0x0, 0x0, 0x0, 0x0,
    0x0, 0x2, 0xff, 0xf0, 0x0, 0x0, 0x0, 0x0,
    0x0, 0x0, 0x0, 0x2f, 0xff, 0x0, 0x0, 0x0,
    0x0, 0x0, 0x0, 0x0, 0x2, 0xff, 0xf0, 0x0,
    0x0, 0x0, 0x0,

    /* U+1ECD "ọ" */
    0x0, 0x1, 0x7c, 0xef, 0xd8, 0x10, 0x0, 0x0,
    0x4e, 0xff, 0xff, 0xff, 0xf5, 0x0, 0x3, 0xff,
    0xfb, 0x77, 0xaf, 0xff, 0x40, 0xd, 0xff, 0x50,
    0x0, 0x3, 0xff, 0xe0, 0x4f, 0xf8, 0x0, 0x0,
    0x0, 0x7f, 0xf6, 0x9f, 0xf3, 0x0, 0x0, 0x0,
    0x1f, 0xfa, 0xaf, 0xf0, 0x0, 0x0, 0x0, 0xf,
    0xfc, 0xaf, 0xf0, 0x0, 0x0, 0x0, 0xf, 0xfc,
    0x8f, 0xf3, 0x0, 0x0, 0x0, 0x1f, 0xfa, 0x4f,
    0xf9, 0x0, 0x0, 0x0, 0x7f, 0xf6, 0xd, 0xff,
    0x50, 0x0, 0x4, 0xff, 0xe0, 0x3, 0xff, 0xfb,
    0x77, 0xbf, 0xff, 0x40, 0x0, 0x4e, 0xff, 0xff,
    0xff, 0xf5, 0x0, 0x0, 0x1, 0x7c, 0xef, 0xd8,
    0x10, 0x0, 0x0, 0x0, 0x0, 0x0, 0x0, 0x0,
    0x0, 0x0, 0x0, 0x0, 0x0, 0x0, 0x0, 0x0,
    0x0, 0x0, 0x8, 0xff, 0x90, 0x0, 0x0, 0x0,
    0x0, 0x8, 0xff, 0x90, 0x0, 0x0, 0x0, 0x0,
    0x8, 0xff, 0x90, 0x0, 0x0,

    /* U+1ECE "Ỏ" */
    0x0, 0x0, 0x0, 0x2, 0x86, 0x10, 0x0, 0x0,
    0x0, 0x0, 0x0, 0x0, 0x0, 0x4f, 0xff, 0x90,
    0x0, 0x0, 0x0, 0x0, 0x0, 0x0, 0x0, 0x3,
    0xdf, 0x50, 0x0, 0x0, 0x0, 0x0, 0x0, 0x0,
    0x0, 0x7, 0xf7, 0x0, 0x0, 0x0, 0x0, 0x0,
    0x0, 0x0, 0x2, 0xcf, 0x40, 0x0, 0x0, 0x0,
    0x0, 0x0, 0x0, 0x4, 0xfc, 0x60, 0x0, 0x0,
    0x0, 0x0, 0x0, 0x0, 0x0, 0x0, 0x0, 0x0,
    0x0, 0x0, 0x0, 0x0, 0x0, 0x39, 0xdf, 0xfe,
    0xc8, 0x20, 0x0, 0x0, 0x0, 0x1, 0xaf, 0xff,
    0xff, 0xff, 0xff, 0x90, 0x0, 0x0, 0x2, 0xdf,
    0xff, 0xfd, 0xbd, 0xff, 0xff, 0xc1, 0x0, 0x0,
    0xcf, 0xfe, 0x50, 0x0, 0x1, 0x7f, 0xff, 0xb0,
    0x0, 0x8f, 0xfd, 0x10, 0x0, 0x0, 0x0, 0x2e,
    0xff, 0x60, 0xf, 0xff, 0x30, 0x0, 0x0, 0x0,
    0x0, 0x5f, 0xfe, 0x5, 0xff, 0xb0, 0x0, 0x0,
    0x0, 0x0, 0x0, 0xdf, 0xf3, 0x8f, 0xf5, 0x0,
    0x0, 0x0, 0x0, 0x0, 0x7, 0xff, 0x7a, 0xff,
    0x30, 0x0, 0x0, 0x0, 0x0, 0x0, 0x5f, 0xf9,
    0xbf, 0xf2, 0x0, 0x0, 0x0, 0x0, 0x0, 0x4,
    0xff, 0x9a, 0xff, 0x30, 0x0, 0x0, 0x0, 0x0,
    0x0, 0x5f, 0xf9, 0x8f, 0xf5, 0x0, 0x0, 0x0,
    0x0, 0x0, 0x7, 0xff, 0x75, 0xff, 0xa0, 0x0,
    0x0, 0x0, 0x0, 0x0, 0xdf, 0xf3, 0xf, 0xff,
    0x20, 0x0, 0x0, 0x0, 0x0, 0x5f, 0xfe, 0x0,
    0x8f, 0xfd, 0x10, 0x0, 0x0, 0x0, 0x2e, 0xff,
    0x60, 0x0, 0xdf, 0xfe, 0x50, 0x0, 0x0, 0x6f,
    0xff, 0xb0, 0x0, 0x2, 0xdf, 0xff, 0xfc, 0xbd,
    0xff, 0xff, 0xc1, 0x0, 0x0, 0x1, 0xbf, 0xff,
    0xff, 0xff, 0xff, 0x90, 0x0, 0x0, 0x0, 0x0,
    0x39, 0xdf, 0xff, 0xc8, 0x20, 0x0, 0x0,

    /* U+1ECF "ỏ" */
    0x0, 0x0, 0xa, 0xed, 0x81, 0x0, 0x0, 0x0,
    0x0, 0x6, 0xad, 0xfd, 0x0, 0x0, 0x0, 0x0,
    0x0, 0x0, 0xef, 0x10, 0x0, 0x0, 0x0, 0x0,
    0x5a, 0xfa, 0x0, 0x0, 0x0, 0x0, 0x0, 0x67,
    0x30, 0x0, 0x0, 0x0, 0x1, 0x7c, 0xef, 0xd8,
    0x10, 0x0, 0x0, 0x4e, 0xff, 0xff, 0xff, 0xf5,
    0x0, 0x3, 0xff, 0xfb, 0x77, 0xaf, 0xff, 0x40,
    0xd, 0xff, 0x50, 0x0, 0x3, 0xff, 0xe0, 0x4f,
    0xf8, 0x0, 0x0, 0x0, 0x7f, 0xf6, 0x9f, 0xf3,
    0x0, 0x0, 0x0, 0x1f, 0xfa, 0xaf, 0xf0, 0x0,
    0x0, 0x0, 0xf, 0xfc, 0xaf, 0xf0, 0x0, 0x0,
    0x0, 0xf, 0xfc, 0x8f, 0xf3, 0x0, 0x0, 0x0,
    0x1f, 0xfa, 0x4f, 0xf9, 0x0, 0x0, 0x0, 0x7f,
    0xf6, 0xd, 0xff, 0x50, 0x0, 0x4, 0xff, 0xe0,
    0x3, 0xff, 0xfb, 0x77, 0xbf, 0xff, 0x40, 0x0,
    0x4e, 0xff, 0xff, 0xff, 0xf5, 0x0, 0x0, 0x1,
    0x7c, 0xef, 0xd8, 0x10, 0x0,

    /* U+1ED0 "Ố" */
    0x0, 0x0, 0x0, 0x0, 0x0, 0x0, 0x7, 0xb5,
    0x0, 0x0, 0x0, 0x0, 0x0, 0x0, 0x0, 0x2,
    0xfd, 0x0, 0x0, 0x0, 0x0, 0x0, 0x0, 0x0,
    0x0, 0xaf, 0x40, 0x0, 0x0, 0x0, 0x0, 0x0,
    0x2, 0xa1, 0x3f, 0x90, 0x0, 0x0, 0x0, 0x0,
    0x0, 0x2, 0xef, 0xd2, 0x0, 0x0, 0x0, 0x0,
    0x0, 0x0, 0x3, 0xfd, 0x4e, 0xe2, 0x0, 0x0,
    0x0, 0x0, 0x0, 0x5, 0xfd, 0x10, 0x2e, 0xe3,
    0x0, 0x0, 0x0, 0x0, 0x0, 0x0, 0x0, 0x0,
    0x0, 0x0, 0x0, 0x0, 0x0, 0x0, 0x0, 0x0,
    0x0, 0x0, 0x0, 0x0, 0x0, 0x0, 0x0, 0x0,
    0x39, 0xdf, 0xfe, 0xc8, 0x20, 0x0, 0x0, 0x0,
    0x1, 0xaf, 0xff, 0xff, 0xff, 0xff, 0x90, 0x0,
    0x0, 0x2, 0xdf, 0xff, 0xfd, 0xbd, 0xff, 0xff,
    0xc1, 0x0, 0x0, 0xcf, 0xfe, 0x50, 0x0, 0x1,
    0x7f, 0xff, 0xb0, 0x0, 0x8f, 0xfd, 0x10, 0x0,
    0x0, 0x0, 0x2e, 0xff, 0x60, 0xf, 0xff, 0x30,
    0x0, 0x0, 0x0, 0x0, 0x5f, 0xfe, 0x5, 0xff,
    0xb0, 0x0, 0x0, 0x0, 0x0, 0x0, 0xdf, 0xf3,
    0x8f, 0xf5, 0x0, 0x0, 0x0, 0x0, 0x0, 0x7,
    0xff, 0x7a, 0xff, 0x30, 0x0, 0x0, 0x0, 0x0,
    0x0, 0x5f, 0xf9, 0xbf, 0xf2, 0x0, 0x0, 0x0,
    0x0, 0x0, 0x4, 0xff, 0x9a, 0xff, 0x30, 0x0,
    0x0, 0x0, 0x0, 0x0, 0x5f, 0xf9, 0x8f, 0xf5,
    0x0, 0x0, 0x0, 0x0, 0x0, 0x7, 0xff, 0x75,
    0xff, 0xa0, 0x0, 0x0, 0x0, 0x0, 0x0, 0xdf,
    0xf3, 0xf, 0xff, 0x20, 0x0, 0x0, 0x0, 0x0,
    0x5f, 0xfe, 0x0, 0x8f, 0xfd, 0x10, 0x0, 0x0,
    0x0, 0x2e, 0xff, 0x60, 0x0, 0xdf, 0xfe, 0x50,
    0x0, 0x0, 0x6f, 0xff, 0xb0, 0x0, 0x2, 0xdf,
    0xff, 0xfc, 0xbd, 0xff, 0xff, 0xc1, 0x0, 0x0,
    0x1, 0xbf, 0xff, 0xff, 0xff, 0xff, 0x90, 0x0,
    0x0, 0x0, 0x0, 0x39, 0xdf, 0xff, 0xc8, 0x20,
    0x0, 0x0,

    /* U+1ED1 "ố" */
    0x0, 0x0, 0x0, 0x0, 0x0, 0x2f, 0xe1, 0x0,
    0x0, 0x0, 0x0, 0x0, 0xbf, 0x50, 0x0, 0x0,
    0x0, 0x23, 0x3, 0xfa, 0x0, 0x0, 0x0, 0x2,
    0xef, 0x37, 0xb1, 0x0, 0x0, 0x0, 0x2e, 0xff,
    0xf3, 0x0, 0x0, 0x0, 0x2, 0xef, 0x43, 0xef,
    0x30, 0x0, 0x0, 0x9, 0xa3, 0x0, 0x2a, 0x90,
    0x0, 0x0, 0x0, 0x0, 0x0, 0x0, 0x0, 0x0,
    0x0, 0x1, 0x7c, 0xef, 0xd8, 0x10, 0x0, 0x0,
    0x4e, 0xff, 0xff, 0xff, 0xf5, 0x0, 0x3, 0xff,
    0xfb, 0x77, 0xaf, 0xff, 0x40, 0xd, 0xff, 0x50,
    0x0, 0x3, 0xff, 0xe0, 0x4f, 0xf8, 0x0, 0x0,
    0x0, 0x7f, 0xf6, 0x9f, 0xf3, 0x0, 0x0, 0x0,
    0x1f, 0xfa, 0xaf, 0xf0, 0x0, 0x0, 0x0, 0xf,
    0xfc, 0xaf, 0xf0, 0x0, 0x0, 0x0, 0xf, 0xfc,
    0x8f, 0xf3, 0x0, 0x0, 0x0, 0x1f, 0xfa, 0x4f,
    0xf9, 0x0, 0x0, 0x0, 0x7f, 0xf6, 0xd, 0xff,
    0x50, 0x0, 0x4, 0xff, 0xe0, 0x3, 0xff, 0xfb,
    0x77, 0xbf, 0xff, 0x40, 0x0, 0x4e, 0xff, 0xff,
    0xff, 0xf5, 0x0, 0x0, 0x1, 0x7c, 0xef, 0xd8,
    0x10, 0x0,

    /* U+1ED2 "Ồ" */
    0x0, 0x0, 0x0, 0x0, 0x0, 0x5b, 0x70, 0x0,
    0x0, 0x0, 0x0, 0x0, 0x0, 0x0, 0x0, 0xef,
    0x20, 0x0, 0x0, 0x0, 0x0, 0x0, 0x0, 0x0,
    0x4, 0xfa, 0x0, 0x0, 0x0, 0x0, 0x0, 0x0,
    0x2, 0xa1, 0x9, 0xf2, 0x0, 0x0, 0x0, 0x0,
    0x0, 0x2, 0xef, 0xd1, 0x0, 0x0, 0x0, 0x0,
    0x0, 0x0, 0x3, 0xfd, 0x4e, 0xe2, 0x0, 0x0,
    0x0, 0x0, 0x0, 0x5, 0xfd, 0x10, 0x2e, 0xe3,
    0x0, 0x0, 0x0, 0x0, 0x0, 0x0, 0x0, 0x0,
    0x0, 0x0, 0x0, 0x0, 0x0, 0x0, 0x0, 0x0,
    0x0, 0x0, 0x0, 0x0, 0x0, 0x0, 0x0, 0x0,
    0x39, 0xdf, 0xfe, 0xc8, 0x20, 0x0, 0x0, 0x0,
    0x1, 0xaf, 0xff, 0xff, 0xff, 0xff, 0x90, 0x0,
    0x0, 0x2, 0xdf, 0xff, 0xfd, 0xbd, 0xff, 0xff,
    0xc1, 0x0, 0x0, 0xcf, 0xfe, 0x50, 0x0, 0x1,
    0x7f, 0xff, 0xb0, 0x0, 0x8f, 0xfd, 0x10, 0x0,
    0x0, 0x0, 0x2e, 0xff, 0x60, 0xf, 0xff, 0x30,
    0x0, 0x0, 0x0, 0x0, 0x5f, 0xfe, 0x5, 0xff,
    0xb0, 0x0, 0x0, 0x0, 0x0, 0x0, 0xdf, 0xf3,
    0x8f, 0xf5, 0x0, 0x0, 0x0, 0x0, 0x0, 0x7,
    0xff, 0x7a, 0xff, 0x30, 0x0, 0x0, 0x0, 0x0,
    0x0, 0x5f, 0xf9, 0xbf, 0xf2, 0x0, 0x0, 0x0,
    0x0, 0x0, 0x4, 0xff, 0x9a, 0xff, 0x30, 0x0,
    0x0, 0x0, 0x0, 0x0, 0x5f, 0xf9, 0x8f, 0xf5,
    0x0, 0x0, 0x0, 0x0, 0x0, 0x7, 0xff, 0x75,
    0xff, 0xa0, 0x0, 0x0, 0x0, 0x0, 0x0, 0xdf,
    0xf3, 0xf, 0xff, 0x20, 0x0, 0x0, 0x0, 0x0,
    0x5f, 0xfe, 0x0, 0x8f, 0xfd, 0x10, 0x0, 0x0,
    0x0, 0x2e, 0xff, 0x60, 0x0, 0xdf, 0xfe, 0x50,
    0x0, 0x0, 0x6f, 0xff, 0xb0, 0x0, 0x2, 0xdf,
    0xff, 0xfc, 0xbd, 0xff, 0xff, 0xc1, 0x0, 0x0,
    0x1, 0xbf, 0xff, 0xff, 0xff, 0xff, 0x90, 0x0,
    0x0, 0x0, 0x0, 0x39, 0xdf, 0xff, 0xc8, 0x20,
    0x0, 0x0,

    /* U+1ED3 "ồ" */
    0x0, 0x0, 0x0, 0x0, 0xcf, 0x60, 0x0, 0x0,
    0x0, 0x0, 0x0, 0x2f, 0xe0, 0x0, 0x0, 0x0,
    0x0, 0x23, 0x6, 0xf7, 0x0, 0x0, 0x0, 0x2,
    0xef, 0x30, 0x9a, 0x0, 0x0, 0x0, 0x2e, 0xff,
    0xf3, 0x0, 0x0, 0x0, 0x2, 0xef, 0x43, 0xef,
    0x30, 0x0, 0x0, 0x9, 0xa4, 0x0, 0x2a, 0x90,
    0x0, 0x0, 0x0, 0x0, 0x0, 0x0, 0x0, 0x0,
    0x0, 0x1, 0x7c, 0xef, 0xd8, 0x10, 0x0, 0x0,
    0x4e, 0xff, 0xff, 0xff, 0xf5, 0x0, 0x3, 0xff,
    0xfb, 0x77, 0xaf, 0xff, 0x40, 0xd, 0xff, 0x50,
    0x0, 0x3, 0xff, 0xe0, 0x4f, 0xf8, 0x0, 0x0,
    0x0, 0x7f, 0xf6, 0x9f, 0xf3, 0x0, 0x0, 0x0,
    0x1f, 0xfa, 0xaf, 0xf0, 0x0, 0x0, 0x0, 0xf,
    0xfc, 0xaf, 0xf0, 0x0, 0x0, 0x0, 0xf, 0xfc,
    0x8f, 0xf3, 0x0, 0x0, 0x0, 0x1f, 0xfa, 0x4f,
    0xf9, 0x0, 0x0, 0x0, 0x7f, 0xf6, 0xd, 0xff,
    0x50, 0x0, 0x4, 0xff, 0xe0, 0x3, 0xff, 0xfb,
    0x77, 0xbf, 0xff, 0x40, 0x0, 0x4e, 0xff, 0xff,
    0xff, 0xf5, 0x0, 0x0, 0x1, 0x7c, 0xef, 0xd8,
    0x10, 0x0,

    /* U+1ED4 "Ổ" */
    0x0, 0x0, 0x0, 0x0, 0x0, 0x1, 0x0, 0x0,
    0x0, 0x0, 0x0, 0x0, 0x0, 0x0, 0x0, 0xdf,
    0xc4, 0x0, 0x0, 0x0, 0x0, 0x0, 0x0, 0x0,
    0x4, 0x7e, 0xf1, 0x0, 0x0, 0x0, 0x0, 0x0,
    0x0, 0x0, 0x0, 0x4f, 0x40, 0x0, 0x0, 0x0,
    0x0, 0x0, 0x19, 0x0, 0xa, 0xf2, 0x0, 0x0,
    0x0, 0x0, 0x0, 0xc, 0xfa, 0xc, 0xd6, 0x0,
    0x0, 0x0, 0x0, 0x0, 0xb, 0xfb, 0xf9, 0x0,
    0x0, 0x0, 0x0, 0x0, 0x0, 0x9, 0xf9, 0xa,
    0xf7, 0x0, 0x0, 0x0, 0x0, 0x0, 0x6, 0xea,
    0x0, 0xc, 0xe4, 0x0, 0x0, 0x0, 0x0, 0x0,
    0x0, 0x0, 0x0, 0x0, 0x0, 0x0, 0x0, 0x0,
    0x0, 0x3, 0x9d, 0xff, 0xec, 0x82, 0x0, 0x0,
    0x0, 0x0, 0x1a, 0xff, 0xff, 0xff, 0xff, 0xf9,
    0x0, 0x0, 0x0, 0x2d, 0xff, 0xff, 0xdb, 0xdf,
    0xff, 0xfc, 0x10, 0x0, 0xc, 0xff, 0xe5, 0x0,
    0x0, 0x17, 0xff, 0xfb, 0x0, 0x8, 0xff, 0xd1,
    0x0, 0x0, 0x0, 0x2, 0xef, 0xf6, 0x0, 0xff,
    0xf3, 0x0, 0x0, 0x0, 0x0, 0x5, 0xff, 0xe0,
    0x5f, 0xfb, 0x0, 0x0, 0x0, 0x0, 0x0, 0xd,
    0xff, 0x38, 0xff, 0x50, 0x0, 0x0, 0x0, 0x0,
    0x0, 0x7f, 0xf7, 0xaf, 0xf3, 0x0, 0x0, 0x0,
    0x0, 0x0, 0x5, 0xff, 0x9b, 0xff, 0x20, 0x0,
    0x0, 0x0, 0x0, 0x0, 0x4f, 0xf9, 0xaf, 0xf3,
    0x0, 0x0, 0x0, 0x0, 0x0, 0x5, 0xff, 0x98,
    0xff, 0x50, 0x0, 0x0, 0x0, 0x0, 0x0, 0x7f,
    0xf7, 0x5f, 0xfa, 0x0, 0x0, 0x0, 0x0, 0x0,
    0xd, 0xff, 0x30, 0xff, 0xf2, 0x0, 0x0, 0x0,
    0x0, 0x5, 0xff, 0xe0, 0x8, 0xff, 0xd1, 0x0,
    0x0, 0x0, 0x2, 0xef, 0xf6, 0x0, 0xd, 0xff,
    0xe5, 0x0, 0x0, 0x6, 0xff, 0xfb, 0x0, 0x0,
    0x2d, 0xff, 0xff, 0xcb, 0xdf, 0xff, 0xfc, 0x10,
    0x0, 0x0, 0x1b, 0xff, 0xff, 0xff, 0xff, 0xf9,
    0x0, 0x0, 0x0, 0x0, 0x3, 0x9d, 0xff, 0xfc,
    0x82, 0x0, 0x0, 0x0,

    /* U+1ED5 "ổ" */
    0x0, 0x0, 0x0, 0x0, 0x11, 0x0, 0x0, 0x0,
    0x0, 0x0, 0x0, 0x7f, 0xe8, 0x0, 0x0, 0x0,
    0x0, 0x0, 0x26, 0xbf, 0x60, 0x0, 0x0, 0x0,
    0x0, 0x0, 0xf, 0xa0, 0x0, 0x0, 0x0, 0x68,
    0x2, 0x8f, 0x60, 0x0, 0x0, 0x5, 0xff, 0x75,
    0xa5, 0x0, 0x0, 0x0, 0x4f, 0xed, 0xf5, 0x0,
    0x0, 0x0, 0x3, 0xff, 0x32, 0xef, 0x40, 0x0,
    0x0, 0x9, 0xb4, 0x0, 0x2a, 0xa1, 0x0, 0x0,
    0x0, 0x0, 0x0, 0x0, 0x0, 0x0, 0x0, 0x1,
    0x7c, 0xef, 0xd8, 0x10, 0x0, 0x0, 0x4e, 0xff,
    0xff, 0xff, 0xf5, 0x0, 0x3, 0xff, 0xfb, 0x77,
    0xaf, 0xff, 0x40, 0xd, 0xff, 0x50, 0x0, 0x3,
    0xff, 0xe0, 0x4f, 0xf8, 0x0, 0x0, 0x0, 0x7f,
    0xf6, 0x9f, 0xf3, 0x0, 0x0, 0x0, 0x1f, 0xfa,
    0xaf, 0xf0, 0x0, 0x0, 0x0, 0xf, 0xfc, 0xaf,
    0xf0, 0x0, 0x0, 0x0, 0xf, 0xfc, 0x8f, 0xf3,
    0x0, 0x0, 0x0, 0x1f, 0xfa, 0x4f, 0xf9, 0x0,
    0x0, 0x0, 0x7f, 0xf6, 0xd, 0xff, 0x50, 0x0,
    0x4, 0xff, 0xe0, 0x3, 0xff, 0xfb, 0x77, 0xbf,
    0xff, 0x40, 0x0, 0x4e, 0xff, 0xff, 0xff, 0xf5,
    0x0, 0x0, 0x1, 0x7c, 0xef, 0xd8, 0x10, 0x0,

    /* U+1ED6 "Ỗ" */
    0x0, 0x0, 0x0, 0xaf, 0xe9, 0x22, 0xd8, 0x0,
    0x0, 0x0, 0x0, 0x0, 0x8f, 0x9c, 0xff, 0xff,
    0x40, 0x0, 0x0, 0x0, 0x0, 0x6, 0x70, 0x3,
    0x78, 0x30, 0x0, 0x0, 0x0, 0x0, 0x0, 0x0,
    0x1, 0xa0, 0x0, 0x0, 0x0, 0x0, 0x0, 0x0,
    0x0, 0x0, 0xcf, 0xb0, 0x0, 0x0, 0x0, 0x0,
    0x0, 0x0, 0x0, 0xbf, 0xbf, 0xa0, 0x0, 0x0,
    0x0, 0x0, 0x0, 0x0, 0xaf, 0x80, 0xaf, 0x80,
    0x0, 0x0, 0x0, 0x0, 0x0, 0x6d, 0xa0, 0x0,
    0xbd, 0x40, 0x0, 0x0, 0x0, 0x0, 0x0, 0x0,
    0x0, 0x0, 0x0, 0x0, 0x0, 0x0, 0x0, 0x0,
    0x39, 0xdf, 0xfe, 0xc8, 0x20, 0x0, 0x0, 0x0,
    0x1, 0xaf, 0xff, 0xff, 0xff, 0xff, 0x90, 0x0,
    0x0, 0x2, 0xdf, 0xff, 0xfd, 0xbd, 0xff, 0xff,
    0xc1, 0x0, 0x0, 0xcf, 0xfe, 0x50, 0x0, 0x1,
    0x7f, 0xff, 0xb0, 0x0, 0x8f, 0xfd, 0x10, 0x0,
    0x0, 0x0, 0x2e, 0xff, 0x60, 0xf, 0xff, 0x30,
    0x0, 0x0, 0x0, 0x0, 0x5f, 0xfe, 0x5, 0xff,
    0xb0, 0x0, 0x0, 0x0, 0x0, 0x0, 0xdf, 0xf3,
    0x8f, 0xf5, 0x0, 0x0, 0x0, 0x0, 0x0, 0x7,
    0xff, 0x7a, 0xff, 0x30, 0x0, 0x0, 0x0, 0x0,
    0x0, 0x5f, 0xf9, 0xbf, 0xf2, 0x0, 0x0, 0x0,
    0x0, 0x0, 0x4, 0xff, 0x9a, 0xff, 0x30, 0x0,
    0x0, 0x0, 0x0, 0x0, 0x5f, 0xf9, 0x8f, 0xf5,
    0x0, 0x0, 0x0, 0x0, 0x0, 0x7, 0xff, 0x75,
    0xff, 0xa0, 0x0, 0x0, 0x0, 0x0, 0x0, 0xdf,
    0xf3, 0xf, 0xff, 0x20, 0x0, 0x0, 0x0, 0x0,
    0x5f, 0xfe, 0x0, 0x8f, 0xfd, 0x10, 0x0, 0x0,
    0x0, 0x2e, 0xff, 0x60, 0x0, 0xdf, 0xfe, 0x50,
    0x0, 0x0, 0x6f, 0xff, 0xb0, 0x0, 0x2, 0xdf,
    0xff, 0xfc, 0xbd, 0xff, 0xff, 0xc1, 0x0, 0x0,
    0x1, 0xbf, 0xff, 0xff, 0xff, 0xff, 0x90, 0x0,
    0x0, 0x0, 0x0, 0x39, 0xdf, 0xff, 0xc8, 0x20,
    0x0, 0x0,

    /* U+1ED7 "ỗ" */
    0x0, 0x0, 0x57, 0x50, 0x2, 0x61, 0x0, 0x0,
    0x9, 0xff, 0xfe, 0xad, 0xf1, 0x0, 0x0, 0x1f,
    0x90, 0x4b, 0xfe, 0x60, 0x0, 0x0, 0x0, 0x0,
    0x46, 0x0, 0x0, 0x0, 0x0, 0x0, 0x3, 0xff,
    0x50, 0x0, 0x0, 0x0, 0x0, 0x3f, 0xed, 0xf4,
    0x0, 0x0, 0x0, 0x2, 0xef, 0x32, 0xef, 0x30,
    0x0, 0x0, 0x9, 0xb4, 0x0, 0x2b, 0xa1, 0x0,
    0x0, 0x0, 0x0, 0x0, 0x0, 0x0, 0x0, 0x0,
    0x1, 0x7c, 0xef, 0xd8, 0x10, 0x0, 0x0, 0x4e,
    0xff, 0xff, 0xff, 0xf5, 0x0, 0x3, 0xff, 0xfb,
    0x77, 0xaf, 0xff, 0x40, 0xd, 0xff, 0x50, 0x0,
    0x3, 0xff, 0xe0, 0x4f, 0xf8, 0x0, 0x0, 0x0,
    0x7f, 0xf6, 0x9f, 0xf3, 0x0, 0x0, 0x0, 0x1f,
    0xfa, 0xaf, 0xf0, 0x0, 0x0, 0x0, 0xf, 0xfc,
    0xaf, 0xf0, 0x0, 0x0, 0x0, 0xf, 0xfc, 0x8f,
    0xf3, 0x0, 0x0, 0x0, 0x1f, 0xfa, 0x4f, 0xf9,
    0x0, 0x0, 0x0, 0x7f, 0xf6, 0xd, 0xff, 0x50,
    0x0, 0x4, 0xff, 0xe0, 0x3, 0xff, 0xfb, 0x77,
    0xbf, 0xff, 0x40, 0x0, 0x4e, 0xff, 0xff, 0xff,
    0xf5, 0x0, 0x0, 0x1, 0x7c, 0xef, 0xd8, 0x10,
    0x0,

    /* U+1ED8 "Ộ" */
    0x0, 0x0, 0x0, 0x0, 0x5, 0x0, 0x0, 0x0,
    0x0, 0x0, 0x0, 0x0, 0x0, 0x9, 0xf7, 0x0,
    0x0, 0x0, 0x0, 0x0, 0x0, 0x0, 0x8, 0xfe,
    0xf6, 0x0, 0x0, 0x0, 0x0, 0x0, 0x0, 0x7,
    0xfb, 0x1c, 0xf5, 0x0, 0x0, 0x0, 0x0, 0x0,
    0x6, 0xfc, 0x0, 0x1d, 0xf4, 0x0, 0x0, 0x0,
    0x0, 0x0, 0x0, 0x0, 0x0, 0x0, 0x0, 0x0,
    0x0, 0x0, 0x0, 0x0, 0x0, 0x0, 0x0, 0x0,
    0x0, 0x0, 0x0, 0x0, 0x0, 0x39, 0xdf, 0xfe,
    0xc8, 0x20, 0x0, 0x0, 0x0, 0x1, 0xaf, 0xff,
    0xff, 0xff, 0xff, 0x90, 0x0, 0x0, 0x2, 0xdf,
    0xff, 0xfd, 0xbd, 0xff, 0xff, 0xc1, 0x0, 0x0,
    0xcf, 0xfe, 0x50, 0x0, 0x1, 0x7f, 0xff, 0xb0,
    0x0, 0x8f, 0xfd, 0x10, 0x0, 0x0, 0x0, 0x2e,
    0xff, 0x60, 0xf, 0xff, 0x30, 0x0, 0x0, 0x0,
    0x0, 0x5f, 0xfe, 0x5, 0xff, 0xb0, 0x0, 0x0,
    0x0, 0x0, 0x0, 0xdf, 0xf3, 0x8f, 0xf5, 0x0,
    0x0, 0x0, 0x0, 0x0, 0x7, 0xff, 0x7a, 0xff,
    0x30, 0x0, 0x0, 0x0, 0x0, 0x0, 0x5f, 0xf9,
    0xbf, 0xf2, 0x0, 0x0, 0x0, 0x0, 0x0, 0x4,
    0xff, 0x9a, 0xff, 0x30, 0x0, 0x0, 0x0, 0x0,
    0x0, 0x5f, 0xf9, 0x8f, 0xf5, 0x0, 0x0, 0x0,
    0x0, 0x0, 0x7, 0xff, 0x75, 0xff, 0xa0, 0x0,
    0x0, 0x0, 0x0, 0x0, 0xdf, 0xf3, 0xf, 0xff,
    0x20, 0x0, 0x0, 0x0, 0x0, 0x5f, 0xfe, 0x0,
    0x8f, 0xfd, 0x10, 0x0, 0x0, 0x0, 0x2e, 0xff,
    0x60, 0x0, 0xdf, 0xfe, 0x50, 0x0, 0x0, 0x6f,
    0xff, 0xb0, 0x0, 0x2, 0xdf, 0xff, 0xfc, 0xbd,
    0xff, 0xff, 0xc1, 0x0, 0x0, 0x1, 0xbf, 0xff,
    0xff, 0xff, 0xff, 0x90, 0x0, 0x0, 0x0, 0x0,
    0x39, 0xdf, 0xff, 0xc8, 0x20, 0x0, 0x0, 0x0,
    0x0, 0x0, 0x0, 0x0, 0x0, 0x0, 0x0, 0x0,
    0x0, 0x0, 0x0, 0x0, 0x2f, 0xff, 0x0, 0x0,
    0x0, 0x0, 0x0, 0x0, 0x0, 0x2, 0xff, 0xf0,
    0x0, 0x0, 0x0, 0x0, 0x0, 0x0, 0x0, 0x2f,
    0xff, 0x0, 0x0, 0x0, 0x0,

    /* U+1ED9 "ộ" */
    0x0, 0x0, 0x0, 0x0, 0x0, 0x0, 0x0, 0x0,
    0x0, 0x0, 0x8a, 0x0, 0x0, 0x0, 0x0, 0x0,
    0x7, 0xff, 0x90, 0x0, 0x0, 0x0, 0x0, 0x5f,
    0xca, 0xf7, 0x0, 0x0, 0x0, 0x4, 0xfd, 0x10,
    0xbf, 0x60, 0x0, 0x0, 0x7, 0x81, 0x0, 0x7,
    0x71, 0x0, 0x0, 0x0, 0x0, 0x0, 0x0, 0x0,
    0x0, 0x0, 0x1, 0x7c, 0xef, 0xd8, 0x10, 0x0,
    0x0, 0x4e, 0xff, 0xff, 0xff, 0xf5, 0x0, 0x3,
    0xff, 0xfb, 0x77, 0xaf, 0xff, 0x40, 0xd, 0xff,
    0x50, 0x0, 0x3, 0xff, 0xe0, 0x4f, 0xf8, 0x0,
    0x0, 0x0, 0x7f, 0xf6, 0x9f, 0xf3, 0x0, 0x0,
    0x0, 0x1f, 0xfa, 0xaf, 0xf0, 0x0, 0x0, 0x0,
    0xf, 0xfc, 0xaf, 0xf0, 0x0, 0x0, 0x0, 0xf,
    0xfc, 0x8f, 0xf3, 0x0, 0x0, 0x0, 0x1f, 0xfa,
    0x4f, 0xf9, 0x0, 0x0, 0x0, 0x7f, 0xf6, 0xd,
    0xff, 0x50, 0x0, 0x4, 0xff, 0xe0, 0x3, 0xff,
    0xfb, 0x77, 0xbf, 0xff, 0x40, 0x0, 0x4e, 0xff,
    0xff, 0xff, 0xf5, 0x0, 0x0, 0x1, 0x7c, 0xef,
    0xd8, 0x10, 0x0, 0x0, 0x0, 0x0, 0x0, 0x0,
    0x0, 0x0, 0x0, 0x0, 0x0, 0x0, 0x0, 0x0,
    0x0, 0x0, 0x0, 0x8, 0xff, 0x90, 0x0, 0x0,
    0x0, 0x0, 0x8, 0xff, 0x90, 0x0, 0x0, 0x0,
    0x0, 0x8, 0xff, 0x90, 0x0, 0x0,

    /* U+1EDA "Ớ" */
    0x0, 0x0, 0x0, 0x0, 0x0, 0x5, 0x87, 0x10,
    0x0, 0x0, 0x0, 0x0, 0x0, 0x0, 0x0, 0x4f,
    0xf6, 0x0, 0x0, 0x0, 0x0, 0x0, 0x0, 0x0,
    0x2, 0xef, 0x70, 0x0, 0x0, 0x0, 0x0, 0x0,
    0x0, 0x0, 0xc, 0xf7, 0x0, 0x0, 0x0, 0x0,
    0x0, 0x0, 0x0, 0x0, 0x38, 0x50, 0x0, 0x0,
    0x0, 0x0, 0x0, 0x0, 0x0, 0x0, 0x0, 0x0,
    0x0, 0x0, 0x0, 0x0, 0x0, 0x0, 0x0, 0x0,
    0x0, 0x0, 0x0, 0x0, 0x0, 0x0, 0x0, 0x0,
    0x3, 0x9d, 0xff, 0xec, 0x82, 0x0, 0x5, 0xf9,
    0x0, 0x1, 0xaf, 0xff, 0xff, 0xff, 0xff, 0x90,
    0x6, 0xf8, 0x0, 0x2d, 0xff, 0xff, 0xdb, 0xdf,
    0xff, 0xfd, 0x4d, 0xf5, 0x0, 0xcf, 0xfe, 0x50,
    0x0, 0x1, 0x7f, 0xff, 0xff, 0xb0, 0x8, 0xff,
    0xd1, 0x0, 0x0, 0x0, 0x2, 0xef, 0xfd, 0x0,
    0xf, 0xff, 0x30, 0x0, 0x0, 0x0, 0x0, 0x5f,
    0xfe, 0x0, 0x5f, 0xfb, 0x0, 0x0, 0x0, 0x0,
    0x0, 0xd, 0xff, 0x30, 0x8f, 0xf5, 0x0, 0x0,
    0x0, 0x0, 0x0, 0x7, 0xff, 0x70, 0xaf, 0xf3,
    0x0, 0x0, 0x0, 0x0, 0x0, 0x5, 0xff, 0x90,
    0xbf, 0xf2, 0x0, 0x0, 0x0, 0x0, 0x0, 0x4,
    0xff, 0x90, 0xaf, 0xf3, 0x0, 0x0, 0x0, 0x0,
    0x0, 0x5, 0xff, 0x90, 0x8f, 0xf5, 0x0, 0x0,
    0x0, 0x0, 0x0, 0x7, 0xff, 0x70, 0x5f, 0xfa,
    0x0, 0x0, 0x0, 0x0, 0x0, 0xd, 0xff, 0x30,
    0xf, 0xff, 0x20, 0x0, 0x0, 0x0, 0x0, 0x5f,
    0xfe, 0x0, 0x8, 0xff, 0xd1, 0x0, 0x0, 0x0,
    0x2, 0xef, 0xf6, 0x0, 0x0, 0xdf, 0xfe, 0x50,
    0x0, 0x0, 0x6f, 0xff, 0xb0, 0x0, 0x0, 0x2d,
    0xff, 0xff, 0xcb, 0xdf, 0xff, 0xfc, 0x10, 0x0,
    0x0, 0x1, 0xbf, 0xff, 0xff, 0xff, 0xff, 0x90,
    0x0, 0x0, 0x0, 0x0, 0x3, 0x9d, 0xff, 0xfc,
    0x82, 0x0, 0x0, 0x0,

    /* U+1EDB "ớ" */
    0x0, 0x0, 0x0, 0x0, 0x5f, 0xf7, 0x0, 0x0,
    0x0, 0x0, 0x0, 0x3, 0xff, 0x60, 0x0, 0x0,
    0x0, 0x0, 0x0, 0x1e, 0xf5, 0x0, 0x0, 0x0,
    0x0, 0x0, 0x0, 0x69, 0x40, 0x0, 0x2, 0x52,
    0x0, 0x0, 0x0, 0x0, 0x0, 0x0, 0x7, 0xf7,
    0x0, 0x1, 0x7c, 0xef, 0xd8, 0x10, 0x9, 0xf6,
    0x0, 0x4e, 0xff, 0xff, 0xff, 0xf5, 0x2e, 0xf2,
    0x3, 0xff, 0xfb, 0x77, 0xaf, 0xff, 0xff, 0xa0,
    0xd, 0xff, 0x50, 0x0, 0x3, 0xff, 0xf8, 0x0,
    0x4f, 0xf8, 0x0, 0x0, 0x0, 0x7f, 0xf6, 0x0,
    0x9f, 0xf3, 0x0, 0x0, 0x0, 0x1f, 0xfa, 0x0,
    0xaf, 0xf0, 0x0, 0x0, 0x0, 0xf, 0xfc, 0x0,
    0xaf, 0xf0, 0x0, 0x0, 0x0, 0xf, 0xfc, 0x0,
    0x8f, 0xf3, 0x0, 0x0, 0x0, 0x1f, 0xfa, 0x0,
    0x4f, 0xf9, 0x0, 0x0, 0x0, 0x7f, 0xf6, 0x0,
    0xd, 0xff, 0x50, 0x0, 0x4, 0xff, 0xe0, 0x0,
    0x3, 0xff, 0xfb, 0x77, 0xbf, 0xff, 0x40, 0x0,
    0x0, 0x4e, 0xff, 0xff, 0xff, 0xf5, 0x0, 0x0,
    0x0, 0x1, 0x7c, 0xef, 0xd8, 0x10, 0x0, 0x0,

    /* U+1EDC "Ờ" */
    0x0, 0x0, 0x17, 0x85, 0x0, 0x0, 0x0, 0x0,
    0x0, 0x0, 0x0, 0x0, 0x6, 0xff, 0x40, 0x0,
    0x0, 0x0, 0x0, 0x0, 0x0, 0x0, 0x0, 0x7f,
    0xe1, 0x0, 0x0, 0x0, 0x0, 0x0, 0x0, 0x0,
    0x0, 0x8, 0xfb, 0x0, 0x0, 0x0, 0x0, 0x0,
    0x0, 0x0, 0x0, 0x0, 0x68, 0x20, 0x0, 0x0,
    0x0, 0x0, 0x0, 0x0, 0x0, 0x0, 0x0, 0x0,
    0x0, 0x0, 0x0, 0x0, 0x0, 0x0, 0x0, 0x0,
    0x0, 0x0, 0x0, 0x0, 0x0, 0x0, 0x0, 0x0,
    0x3, 0x9d, 0xff, 0xec, 0x82, 0x0, 0x5, 0xf9,
    0x0, 0x1, 0xaf, 0xff, 0xff, 0xff, 0xff, 0x90,
    0x6, 0xf8, 0x0, 0x2d, 0xff, 0xff, 0xdb, 0xdf,
    0xff, 0xfd, 0x4d, 0xf5, 0x0, 0xcf, 0xfe, 0x50,
    0x0, 0x1, 0x7f, 0xff, 0xff, 0xb0, 0x8, 0xff,
    0xd1, 0x0, 0x0, 0x0, 0x2, 0xef, 0xfd, 0x0,
    0xf, 0xff, 0x30, 0x0, 0x0, 0x0, 0x0, 0x5f,
    0xfe, 0x0, 0x5f, 0xfb, 0x0, 0x0, 0x0, 0x0,
    0x0, 0xd, 0xff, 0x30, 0x8f, 0xf5, 0x0, 0x0,
    0x0, 0x0, 0x0, 0x7, 0xff, 0x70, 0xaf, 0xf3,
    0x0, 0x0, 0x0, 0x0, 0x0, 0x5, 0xff, 0x90,
    0xbf, 0xf2, 0x0, 0x0, 0x0, 0x0, 0x0, 0x4,
    0xff, 0x90, 0xaf, 0xf3, 0x0, 0x0, 0x0, 0x0,
    0x0, 0x5, 0xff, 0x90, 0x8f, 0xf5, 0x0, 0x0,
    0x0, 0x0, 0x0, 0x7, 0xff, 0x70, 0x5f, 0xfa,
    0x0, 0x0, 0x0, 0x0, 0x0, 0xd, 0xff, 0x30,
    0xf, 0xff, 0x20, 0x0, 0x0, 0x0, 0x0, 0x5f,
    0xfe, 0x0, 0x8, 0xff, 0xd1, 0x0, 0x0, 0x0,
    0x2, 0xef, 0xf6, 0x0, 0x0, 0xdf, 0xfe, 0x50,
    0x0, 0x0, 0x6f, 0xff, 0xb0, 0x0, 0x0, 0x2d,
    0xff, 0xff, 0xcb, 0xdf, 0xff, 0xfc, 0x10, 0x0,
    0x0, 0x1, 0xbf, 0xff, 0xff, 0xff, 0xff, 0x90,
    0x0, 0x0, 0x0, 0x0, 0x3, 0x9d, 0xff, 0xfc,
    0x82, 0x0, 0x0, 0x0,

    /* U+1EDD "ờ" */
    0x0, 0x4f, 0xf8, 0x0, 0x0, 0x0, 0x0, 0x0,
    0x0, 0x3, 0xff, 0x50, 0x0, 0x0, 0x0, 0x0,
    0x0, 0x0, 0x3e, 0xf3, 0x0, 0x0, 0x0, 0x0,
    0x0, 0x0, 0x2, 0x98, 0x0, 0x0, 0x2, 0x52,
    0x0, 0x0, 0x0, 0x0, 0x0, 0x0, 0x7, 0xf7,
    0x0, 0x1, 0x7c, 0xef, 0xd8, 0x10, 0x9, 0xf6,
    0x0, 0x4e, 0xff, 0xff, 0xff, 0xf5, 0x2e, 0xf2,
    0x3, 0xff, 0xfb, 0x77, 0xaf, 0xff, 0xff, 0xa0,
    0xd, 0xff, 0x50, 0x0, 0x3, 0xff, 0xf8, 0x0,
    0x4f, 0xf8, 0x0, 0x0, 0x0, 0x7f, 0xf6, 0x0,
    0x9f, 0xf3, 0x0, 0x0, 0x0, 0x1f, 0xfa, 0x0,
    0xaf, 0xf0, 0x0, 0x0, 0x0, 0xf, 0xfc, 0x0,
    0xaf, 0xf0, 0x0, 0x0, 0x0, 0xf, 0xfc, 0x0,
    0x8f, 0xf3, 0x0, 0x0, 0x0, 0x1f, 0xfa, 0x0,
    0x4f, 0xf9, 0x0, 0x0, 0x0, 0x7f, 0xf6, 0x0,
    0xd, 0xff, 0x50, 0x0, 0x4, 0xff, 0xe0, 0x0,
    0x3, 0xff, 0xfb, 0x77, 0xbf, 0xff, 0x40, 0x0,
    0x0, 0x4e, 0xff, 0xff, 0xff, 0xf5, 0x0, 0x0,
    0x0, 0x1, 0x7c, 0xef, 0xd8, 0x10, 0x0, 0x0,

    /* U+1EDE "Ở" */
    0x0, 0x0, 0x0, 0x2, 0x86, 0x10, 0x0, 0x0,
    0x0, 0x0, 0x0, 0x0, 0x0, 0x4, 0xff, 0xf9,
    0x0, 0x0, 0x0, 0x0, 0x0, 0x0, 0x0, 0x0,
    0x3, 0xdf, 0x50, 0x0, 0x0, 0x0, 0x0, 0x0,
    0x0, 0x0, 0x0, 0x7f, 0x70, 0x0, 0x0, 0x0,
    0x0, 0x0, 0x0, 0x0, 0x2, 0xcf, 0x40, 0x0,
    0x0, 0x0, 0x0, 0x0, 0x0, 0x0, 0x4f, 0xc6,
    0x0, 0x0, 0x0, 0x0, 0x0, 0x0, 0x0, 0x0,
    0x0, 0x0, 0x0, 0x0, 0x0, 0x0, 0x0, 0x0,
    0x3, 0x9d, 0xff, 0xec, 0x82, 0x0, 0x5, 0xf9,
    0x0, 0x1, 0xaf, 0xff, 0xff, 0xff, 0xff, 0x90,
    0x6, 0xf8, 0x0, 0x2d, 0xff, 0xff, 0xdb, 0xdf,
    0xff, 0xfd, 0x4d, 0xf5, 0x0, 0xcf, 0xfe, 0x50,
    0x0, 0x1, 0x7f, 0xff, 0xff, 0xb0, 0x8, 0xff,
    0xd1, 0x0, 0x0, 0x0, 0x2, 0xef, 0xfd, 0x0,
    0xf, 0xff, 0x30, 0x0, 0x0, 0x0, 0x0, 0x5f,
    0xfe, 0x0, 0x5f, 0xfb, 0x0, 0x0, 0x0, 0x0,
    0x0, 0xd, 0xff, 0x30, 0x8f, 0xf5, 0x0, 0x0,
    0x0, 0x0, 0x0, 0x7, 0xff, 0x70, 0xaf, 0xf3,
    0x0, 0x0, 0x0, 0x0, 0x0, 0x5, 0xff, 0x90,
    0xbf, 0xf2, 0x0, 0x0, 0x0, 0x0, 0x0, 0x4,
    0xff, 0x90, 0xaf, 0xf3, 0x0, 0x0, 0x0, 0x0,
    0x0, 0x5, 0xff, 0x90, 0x8f, 0xf5, 0x0, 0x0,
    0x0, 0x0, 0x0, 0x7, 0xff, 0x70, 0x5f, 0xfa,
    0x0, 0x0, 0x0, 0x0, 0x0, 0xd, 0xff, 0x30,
    0xf, 0xff, 0x20, 0x0, 0x0, 0x0, 0x0, 0x5f,
    0xfe, 0x0, 0x8, 0xff, 0xd1, 0x0, 0x0, 0x0,
    0x2, 0xef, 0xf6, 0x0, 0x0, 0xdf, 0xfe, 0x50,
    0x0, 0x0, 0x6f, 0xff, 0xb0, 0x0, 0x0, 0x2d,
    0xff, 0xff, 0xcb, 0xdf, 0xff, 0xfc, 0x10, 0x0,
    0x0, 0x1, 0xbf, 0xff, 0xff, 0xff, 0xff, 0x90,
    0x0, 0x0, 0x0, 0x0, 0x3, 0x9d, 0xff, 0xfc,
    0x82, 0x0, 0x0, 0x0,

    /* U+1EDF "ở" */
    0x0, 0x0, 0xa, 0xed, 0x81, 0x0, 0x0, 0x0,
    0x0, 0x0, 0x6, 0xad, 0xfd, 0x0, 0x0, 0x0,
    0x0, 0x0, 0x0, 0x0, 0xef, 0x10, 0x0, 0x0,
    0x0, 0x0, 0x0, 0x5a, 0xfa, 0x0, 0x2, 0x42,
    0x0, 0x0, 0x0, 0x67, 0x30, 0x0, 0x7, 0xf7,
    0x0, 0x1, 0x7c, 0xef, 0xd8, 0x10, 0x9, 0xf6,
    0x0, 0x4e, 0xff, 0xff, 0xff, 0xf5, 0x1e, 0xf2,
    0x3, 0xff, 0xfb, 0x77, 0xaf, 0xff, 0xff, 0xa0,
    0xd, 0xff, 0x50, 0x0, 0x3, 0xff, 0xf8, 0x0,
    0x4f, 0xf8, 0x0, 0x0, 0x0, 0x7f, 0xf6, 0x0,
    0x9f, 0xf3, 0x0, 0x0, 0x0, 0x1f, 0xfa, 0x0,
    0xaf, 0xf0, 0x0, 0x0, 0x0, 0xf, 0xfc, 0x0,
    0xaf, 0xf0, 0x0, 0x0, 0x0, 0xf, 0xfc, 0x0,
    0x8f, 0xf3, 0x0, 0x0, 0x0, 0x1f, 0xfa, 0x0,
    0x4f, 0xf9, 0x0, 0x0, 0x0, 0x7f, 0xf6, 0x0,
    0xd, 0xff, 0x50, 0x0, 0x4, 0xff, 0xe0, 0x0,
    0x3, 0xff, 0xfb, 0x77, 0xbf, 0xff, 0x40, 0x0,
    0x0, 0x4e, 0xff, 0xff, 0xff, 0xf5, 0x0, 0x0,
    0x0, 0x1, 0x7c, 0xef, 0xd8, 0x10, 0x0, 0x0,

    /* U+1EE0 "Ỡ" */
    0x0, 0x0, 0x0, 0x37, 0x40, 0x0, 0x58, 0x0,
    0x0, 0x0, 0x0, 0x0, 0x5, 0xff, 0xf9, 0x0,
    0xce, 0x0, 0x0, 0x0, 0x0, 0x0, 0xd, 0xd1,
    0x9f, 0x84, 0xfa, 0x0, 0x0, 0x0, 0x0, 0x0,
    0xf, 0x80, 0xa, 0xff, 0xe2, 0x0, 0x0, 0x0,
    0x0, 0x0, 0x5, 0x20, 0x0, 0x24, 0x0, 0x0,
    0x0, 0x0, 0x0, 0x0, 0x0, 0x0, 0x0, 0x0,
    0x0, 0x0, 0x0, 0x0, 0x0, 0x0, 0x3, 0x9d,
    0xff, 0xec, 0x82, 0x0, 0x5, 0xf9, 0x0, 0x1,
    0xaf, 0xff, 0xff, 0xff, 0xff, 0x90, 0x6, 0xf8,
    0x0, 0x2d, 0xff, 0xff, 0xdb, 0xdf, 0xff, 0xfd,
    0x4d, 0xf5, 0x0, 0xcf, 0xfe, 0x50, 0x0, 0x1,
    0x7f, 0xff, 0xff, 0xb0, 0x8, 0xff, 0xd1, 0x0,
    0x0, 0x0, 0x2, 0xef, 0xfd, 0x0, 0xf, 0xff,
    0x30, 0x0, 0x0, 0x0, 0x0, 0x5f, 0xfe, 0x0,
    0x5f, 0xfb, 0x0, 0x0, 0x0, 0x0, 0x0, 0xd,
    0xff, 0x30, 0x8f, 0xf5, 0x0, 0x0, 0x0, 0x0,
    0x0, 0x7, 0xff, 0x70, 0xaf, 0xf3, 0x0, 0x0,
    0x0, 0x0, 0x0, 0x5, 0xff, 0x90, 0xbf, 0xf2,
    0x0, 0x0, 0x0, 0x0, 0x0, 0x4, 0xff, 0x90,
    0xaf, 0xf3, 0x0, 0x0, 0x0, 0x0, 0x0, 0x5,
    0xff, 0x90, 0x8f, 0xf5, 0x0, 0x0, 0x0, 0x0,
    0x0, 0x7, 0xff, 0x70, 0x5f, 0xfa, 0x0, 0x0,
    0x0, 0x0, 0x0, 0xd, 0xff, 0x30, 0xf, 0xff,
    0x20, 0x0, 0x0, 0x0, 0x0, 0x5f, 0xfe, 0x0,
    0x8, 0xff, 0xd1, 0x0, 0x0, 0x0, 0x2, 0xef,
    0xf6, 0x0, 0x0, 0xdf, 0xfe, 0x50, 0x0, 0x0,
    0x6f, 0xff, 0xb0, 0x0, 0x0, 0x2d, 0xff, 0xff,
    0xcb, 0xdf, 0xff, 0xfc, 0x10, 0x0, 0x0, 0x1,
    0xbf, 0xff, 0xff, 0xff, 0xff, 0x90, 0x0, 0x0,
    0x0, 0x0, 0x3, 0x9d, 0xff, 0xfc, 0x82, 0x0,
    0x0, 0x0,

    /* U+1EE1 "ỡ" */
    0x0, 0x5, 0xdf, 0xc4, 0x2, 0xf8, 0x0, 0x0,
    0x0, 0x3f, 0xed, 0xff, 0xce, 0xf4, 0x0, 0x0,
    0x0, 0x7f, 0x30, 0x4c, 0xfe, 0x70, 0x0, 0x0,
    0x0, 0x0, 0x0, 0x0, 0x0, 0x0, 0x5, 0xb5,
    0x0, 0x0, 0x0, 0x0, 0x0, 0x0, 0x7, 0xf7,
    0x0, 0x1, 0x7c, 0xef, 0xd8, 0x10, 0x9, 0xf5,
    0x0, 0x4e, 0xff, 0xff, 0xff, 0xf5, 0x2f, 0xf1,
    0x3, 0xff, 0xfb, 0x77, 0xaf, 0xff, 0xff, 0x90,
    0xd, 0xff, 0x50, 0x0, 0x3, 0xff, 0xf8, 0x0,
    0x4f, 0xf8, 0x0, 0x0, 0x0, 0x7f, 0xf6, 0x0,
    0x9f, 0xf3, 0x0, 0x0, 0x0, 0x1f, 0xfa, 0x0,
    0xaf, 0xf0, 0x0, 0x0, 0x0, 0xf, 0xfc, 0x0,
    0xaf, 0xf0, 0x0, 0x0, 0x0, 0xf, 0xfc, 0x0,
    0x8f, 0xf3, 0x0, 0x0, 0x0, 0x1f, 0xfa, 0x0,
    0x4f, 0xf9, 0x0, 0x0, 0x0, 0x7f, 0xf6, 0x0,
    0xd, 0xff, 0x50, 0x0, 0x4, 0xff, 0xe0, 0x0,
    0x3, 0xff, 0xfb, 0x77, 0xbf, 0xff, 0x40, 0x0,
    0x0, 0x4e, 0xff, 0xff, 0xff, 0xf5, 0x0, 0x0,
    0x0, 0x1, 0x7c, 0xef, 0xd8, 0x10, 0x0, 0x0,

    /* U+1EE2 "Ợ" */
    0x0, 0x0, 0x3, 0x9d, 0xff, 0xec, 0x82, 0x0,
    0x5, 0xf9, 0x0, 0x1, 0xaf, 0xff, 0xff, 0xff,
    0xff, 0x90, 0x6, 0xf8, 0x0, 0x2d, 0xff, 0xff,
    0xdb, 0xdf, 0xff, 0xfd, 0x4d, 0xf5, 0x0, 0xcf,
    0xfe, 0x50, 0x0, 0x1, 0x7f, 0xff, 0xff, 0xb0,
    0x8, 0xff, 0xd1, 0x0, 0x0, 0x0, 0x2, 0xef,
    0xfd, 0x0, 0xf, 0xff, 0x30, 0x0, 0x0, 0x0,
    0x0, 0x5f, 0xfe, 0x0, 0x5f, 0xfb, 0x0, 0x0,
    0x0, 0x0, 0x0, 0xd, 0xff, 0x30, 0x8f, 0xf5,
    0x0, 0x0, 0x0, 0x0, 0x0, 0x7, 0xff, 0x70,
    0xaf, 0xf3, 0x0, 0x0, 0x0, 0x0, 0x0, 0x5,
    0xff, 0x90, 0xbf, 0xf2, 0x0, 0x0, 0x0, 0x0,
    0x0, 0x4, 0xff, 0x90, 0xaf, 0xf3, 0x0, 0x0,
    0x0, 0x0, 0x0, 0x5, 0xff, 0x90, 0x8f, 0xf5,
    0x0, 0x0, 0x0, 0x0, 0x0, 0x7, 0xff, 0x70,
    0x5f, 0xfa, 0x0, 0x0, 0x0, 0x0, 0x0, 0xd,
    0xff, 0x30, 0xf, 0xff, 0x20, 0x0, 0x0, 0x0,
    0x0, 0x5f, 0xfe, 0x0, 0x8, 0xff, 0xd1, 0x0,
    0x0, 0x0, 0x2, 0xef, 0xf6, 0x0, 0x0, 0xdf,
    0xfe, 0x50, 0x0, 0x0, 0x6f, 0xff, 0xb0, 0x0,
    0x0, 0x2d, 0xff, 0xff, 0xcb, 0xdf, 0xff, 0xfc,
    0x10, 0x0, 0x0, 0x1, 0xbf, 0xff, 0xff, 0xff,
    0xff, 0x90, 0x0, 0x0, 0x0, 0x0, 0x3, 0x9d,
    0xff, 0xfc, 0x82, 0x0, 0x0, 0x0, 0x0, 0x0,
    0x0, 0x0, 0x0, 0x0, 0x0, 0x0, 0x0, 0x0,
    0x0, 0x0, 0x0, 0x2, 0xff, 0xf0, 0x0, 0x0,
    0x0, 0x0, 0x0, 0x0, 0x0, 0x2, 0xff, 0xf0,
    0x0, 0x0, 0x0, 0x0, 0x0, 0x0, 0x0, 0x2,
    0xff, 0xf0, 0x0, 0x0, 0x0, 0x0,

    /* U+1EE3 "ợ" */
    0x0, 0x0, 0x0, 0x0, 0x0, 0x0, 0x3, 0x83,
    0x0, 0x0, 0x0, 0x0, 0x0, 0x0, 0x7, 0xf7,
    0x0, 0x1, 0x7c, 0xef, 0xd8, 0x10, 0x9, 0xf6,
    0x0, 0x4e, 0xff, 0xff, 0xff, 0xf5, 0x2e, 0xf2,
    0x3, 0xff, 0xfb, 0x77, 0xaf, 0xff, 0xff, 0xa0,
    0xd, 0xff, 0x50, 0x0, 0x3, 0xff, 0xf8, 0x0,
    0x4f, 0xf8, 0x0, 0x0, 0x0, 0x7f, 0xf6, 0x0,
    0x9f, 0xf3, 0x0, 0x0, 0x0, 0x1f, 0xfa, 0x0,
    0xaf, 0xf0, 0x0, 0x0, 0x0, 0xf, 0xfc, 0x0,
    0xaf, 0xf0, 0x0, 0x0, 0x0, 0xf, 0xfc, 0x0,
    0x8f, 0xf3, 0x0, 0x0, 0x0, 0x1f, 0xfa, 0x0,
    0x4f, 0xf9, 0x0, 0x0, 0x0, 0x7f, 0xf6, 0x0,
    0xd, 0xff, 0x50, 0x0, 0x4, 0xff, 0xe0, 0x0,
    0x3, 0xff, 0xfb, 0x77, 0xbf, 0xff, 0x40, 0x0,
    0x0, 0x4e, 0xff, 0xff, 0xff, 0xf5, 0x0, 0x0,
    0x0, 0x1, 0x7c, 0xef, 0xd8, 0x10, 0x0, 0x0,
    0x0, 0x0, 0x0, 0x0, 0x0, 0x0, 0x0, 0x0,
    0x0, 0x0, 0x0, 0x0, 0x0, 0x0, 0x0, 0x0,
    0x0, 0x0, 0x8, 0xff, 0x90, 0x0, 0x0, 0x0,
    0x0, 0x0, 0x8, 0xff, 0x90, 0x0, 0x0, 0x0,
    0x0, 0x0, 0x8, 0xff, 0x90, 0x0, 0x0, 0x0,

    /* U+1EE4 "Ụ" */
    0x1f, 0xfc, 0x0, 0x0, 0x0, 0x0, 0x6f, 0xf7,
    0x1f, 0xfc, 0x0, 0x0, 0x0, 0x0, 0x6f, 0xf7,
    0x1f, 0xfc, 0x0, 0x0, 0x0, 0x0, 0x6f, 0xf7,
    0x1f, 0xfc, 0x0, 0x0, 0x0, 0x0, 0x6f, 0xf7,
    0x1f, 0xfc, 0x0, 0x0, 0x0, 0x0, 0x6f, 0xf7,
    0x1f, 0xfc, 0x0, 0x0, 0x0, 0x0, 0x6f, 0xf7,
    0x1f, 0xfc, 0x0, 0x0, 0x0, 0x0, 0x6f, 0xf7,
    0x1f, 0xfc, 0x0, 0x0, 0x0, 0x0, 0x6f, 0xf7,
    0x1f, 0xfc, 0x0, 0x0, 0x0, 0x0, 0x6f, 0xf7,
    0x1f, 0xfc, 0x0, 0x0, 0x0, 0x0, 0x6f, 0xf7,
    0x1f, 0xfc, 0x0, 0x0, 0x0, 0x0, 0x6f, 0xf7,
    0x1f, 0xfc, 0x0, 0x0, 0x0, 0x0, 0x6f, 0xf6,
    0xf, 0xfd, 0x0, 0x0, 0x0, 0x0, 0x7f, 0xf6,
    0xf, 0xff, 0x0, 0x0, 0x0, 0x0, 0xaf, 0xf4,
    0xb, 0xff, 0x50, 0x0, 0x0, 0x1, 0xef, 0xf1,
    0x6, 0xff, 0xe4, 0x0, 0x0, 0x1b, 0xff, 0xb0,
    0x0, 0xcf, 0xff, 0xda, 0xab, 0xff, 0xff, 0x20,
    0x0, 0x1c, 0xff, 0xff, 0xff, 0xff, 0xe3, 0x0,
    0x0, 0x0, 0x4a, 0xdf, 0xfe, 0xb7, 0x0, 0x0,
    0x0, 0x0, 0x0, 0x0, 0x0, 0x0, 0x0, 0x0,
    0x0, 0x0, 0x0, 0x5f, 0xfc, 0x0, 0x0, 0x0,
    0x0, 0x0, 0x0, 0x5f, 0xfc, 0x0, 0x0, 0x0,
    0x0, 0x0, 0x0, 0x5f, 0xfc, 0x0, 0x0, 0x0,

    /* U+1EE5 "ụ" */
    0x4f, 0xf7, 0x0, 0x0, 0x3, 0xff, 0x84, 0xff,
    0x70, 0x0, 0x0, 0x3f, 0xf8, 0x4f, 0xf7, 0x0,
    0x0, 0x3, 0xff, 0x84, 0xff, 0x70, 0x0, 0x0,
    0x3f, 0xf8, 0x4f, 0xf7, 0x0, 0x0, 0x3, 0xff,
    0x84, 0xff, 0x70, 0x0, 0x0, 0x3f, 0xf8, 0x4f,
    0xf7, 0x0, 0x0, 0x3, 0xff, 0x84, 0xff, 0x70,
    0x0, 0x0, 0x4f, 0xf8, 0x4f, 0xf8, 0x0, 0x0,
    0x6, 0xff, 0x83, 0xff, 0xb0, 0x0, 0x0, 0xaf,
    0xf8, 0xf, 0xff, 0x20, 0x0, 0x3f, 0xff, 0x80,
    0xaf, 0xfe, 0x86, 0x9f, 0xff, 0xf8, 0x1, 0xef,
    0xff, 0xff, 0xf8, 0xff, 0x80, 0x1, 0x9d, 0xfe,
    0xa2, 0x3f, 0xf8, 0x0, 0x0, 0x0, 0x0, 0x0,
    0x0, 0x0, 0x0, 0x0, 0x0, 0x0, 0x0, 0x0,
    0x0, 0x0, 0xc, 0xff, 0x50, 0x0, 0x0, 0x0,
    0x0, 0xcf, 0xf5, 0x0, 0x0, 0x0, 0x0, 0xc,
    0xff, 0x50, 0x0, 0x0,

    /* U+1EE6 "Ủ" */
    0x0, 0x0, 0x0, 0x47, 0x51, 0x0, 0x0, 0x0,
    0x0, 0x0, 0x0, 0x8f, 0xff, 0x60, 0x0, 0x0,
    0x0, 0x0, 0x0, 0x0, 0x5f, 0xf1, 0x0, 0x0,
    0x0, 0x0, 0x0, 0x0, 0xb, 0xf3, 0x0, 0x0,
    0x0, 0x0, 0x0, 0x2, 0x7f, 0xd0, 0x0, 0x0,
    0x0, 0x0, 0x0, 0x7, 0xb7, 0x10, 0x0, 0x0,
    0x0, 0x0, 0x0, 0x0, 0x0, 0x0, 0x0, 0x0,
    0x1f, 0xfc, 0x0, 0x0, 0x0, 0x0, 0x6f, 0xf7,
    0x1f, 0xfc, 0x0, 0x0, 0x0, 0x0, 0x6f, 0xf7,
    0x1f, 0xfc, 0x0, 0x0, 0x0, 0x0, 0x6f, 0xf7,
    0x1f, 0xfc, 0x0, 0x0, 0x0, 0x0, 0x6f, 0xf7,
    0x1f, 0xfc, 0x0, 0x0, 0x0, 0x0, 0x6f, 0xf7,
    0x1f, 0xfc, 0x0, 0x0, 0x0, 0x0, 0x6f, 0xf7,
    0x1f, 0xfc, 0x0, 0x0, 0x0, 0x0, 0x6f, 0xf7,
    0x1f, 0xfc, 0x0, 0x0, 0x0, 0x0, 0x6f, 0xf7,
    0x1f, 0xfc, 0x0, 0x0, 0x0, 0x0, 0x6f, 0xf7,
    0x1f, 0xfc, 0x0, 0x0, 0x0, 0x0, 0x6f, 0xf7,
    0x1f, 0xfc, 0x0, 0x0, 0x0, 0x0, 0x6f, 0xf7,
    0x1f, 0xfc, 0x0, 0x0, 0x0, 0x0, 0x6f, 0xf6,
    0xf, 0xfd, 0x0, 0x0, 0x0, 0x0, 0x7f, 0xf6,
    0xf, 0xff, 0x0, 0x0, 0x0, 0x0, 0xaf, 0xf4,
    0xb, 0xff, 0x50, 0x0, 0x0, 0x1, 0xef, 0xf1,
    0x6, 0xff, 0xe4, 0x0, 0x0, 0x1b, 0xff, 0xb0,
    0x0, 0xcf, 0xff, 0xda, 0xab, 0xff, 0xff, 0x20,
    0x0, 0x1c, 0xff, 0xff, 0xff, 0xff, 0xe3, 0x0,
    0x0, 0x0, 0x4a, 0xdf, 0xfe, 0xb7, 0x0, 0x0,

    /* U+1EE7 "ủ" */
    0x0, 0x0, 0x2f, 0xeb, 0x50, 0x0, 0x0, 0x0,
    0x1, 0x9b, 0xff, 0x70, 0x0, 0x0, 0x0, 0x0,
    0x5, 0xfa, 0x0, 0x0, 0x0, 0x0, 0x19, 0xee,
    0x30, 0x0, 0x0, 0x0, 0x0, 0x74, 0x0, 0x0,
    0x4, 0xff, 0x70, 0x0, 0x0, 0x3f, 0xf8, 0x4f,
    0xf7, 0x0, 0x0, 0x3, 0xff, 0x84, 0xff, 0x70,
    0x0, 0x0, 0x3f, 0xf8, 0x4f, 0xf7, 0x0, 0x0,
    0x3, 0xff, 0x84, 0xff, 0x70, 0x0, 0x0, 0x3f,
    0xf8, 0x4f, 0xf7, 0x0, 0x0, 0x3, 0xff, 0x84,
    0xff, 0x70, 0x0, 0x0, 0x3f, 0xf8, 0x4f, 0xf7,
    0x0, 0x0, 0x4, 0xff, 0x84, 0xff, 0x80, 0x0,
    0x0, 0x6f, 0xf8, 0x3f, 0xfb, 0x0, 0x0, 0xa,
    0xff, 0x80, 0xff, 0xf2, 0x0, 0x3, 0xff, 0xf8,
    0xa, 0xff, 0xe8, 0x69, 0xff, 0xff, 0x80, 0x1e,
    0xff, 0xff, 0xff, 0x8f, 0xf8, 0x0, 0x19, 0xdf,
    0xea, 0x23, 0xff, 0x80,

    /* U+1EE8 "Ứ" */
    0x0, 0x0, 0x0, 0x0, 0x0, 0x78, 0x70, 0x0,
    0x0, 0x0, 0x0, 0x0, 0x0, 0x0, 0x8, 0xff,
    0x30, 0x0, 0x0, 0x0, 0x0, 0x0, 0x0, 0x0,
    0x5f, 0xf3, 0x0, 0x0, 0x0, 0x0, 0x0, 0x0,
    0x0, 0x2, 0xff, 0x30, 0x0, 0x0, 0x0, 0x0,
    0x0, 0x0, 0x0, 0x5, 0x83, 0x0, 0x0, 0x0,
    0x0, 0x0, 0x0, 0x0, 0x0, 0x0, 0x0, 0x0,
    0x0, 0x0, 0x0, 0x0, 0x0, 0x0, 0x0, 0x0,
    0x0, 0x0, 0x0, 0x0, 0x0, 0x0, 0x1f, 0xfc,
    0x0, 0x0, 0x0, 0x0, 0x6f, 0xf7, 0xc, 0xf2,
    0x1f, 0xfc, 0x0, 0x0, 0x0, 0x0, 0x6f, 0xf7,
    0xd, 0xf1, 0x1f, 0xfc, 0x0, 0x0, 0x0, 0x0,
    0x6f, 0xf8, 0x7f, 0xd0, 0x1f, 0xfc, 0x0, 0x0,
    0x0, 0x0, 0x6f, 0xff, 0xff, 0x40, 0x1f, 0xfc,
    0x0, 0x0, 0x0, 0x0, 0x6f, 0xff, 0x92, 0x0,
    0x1f, 0xfc, 0x0, 0x0, 0x0, 0x0, 0x6f, 0xf7,
    0x0, 0x0, 0x1f, 0xfc, 0x0, 0x0, 0x0, 0x0,
    0x6f, 0xf7, 0x0, 0x0, 0x1f, 0xfc, 0x0, 0x0,
    0x0, 0x0, 0x6f, 0xf7, 0x0, 0x0, 0x1f, 0xfc,
    0x0, 0x0, 0x0, 0x0, 0x6f, 0xf7, 0x0, 0x0,
    0x1f, 0xfc, 0x0, 0x0, 0x0, 0x0, 0x6f, 0xf7,
    0x0, 0x0, 0x1f, 0xfc, 0x0, 0x0, 0x0, 0x0,
    0x6f, 0xf7, 0x0, 0x0, 0x1f, 0xfc, 0x0, 0x0,
    0x0, 0x0, 0x6f, 0xf6, 0x0, 0x0, 0xf, 0xfd,
    0x0, 0x0, 0x0, 0x0, 0x7f, 0xf6, 0x0, 0x0,
    0xf, 0xff, 0x0, 0x0, 0x0, 0x0, 0xaf, 0xf4,
    0x0, 0x0, 0xb, 0xff, 0x50, 0x0, 0x0, 0x1,
    0xef, 0xf1, 0x0, 0x0, 0x6, 0xff, 0xe4, 0x0,
    0x0, 0x1b, 0xff, 0xb0, 0x0, 0x0, 0x0, 0xcf,
    0xff, 0xda, 0xab, 0xff, 0xff, 0x20, 0x0, 0x0,
    0x0, 0x1c, 0xff, 0xff, 0xff, 0xff, 0xe3, 0x0,
    0x0, 0x0, 0x0, 0x0, 0x4a, 0xdf, 0xfe, 0xb7,
    0x0, 0x0, 0x0, 0x0,

    /* U+1EE9 "ứ" */
    0x0, 0x0, 0x0, 0x0, 0xcf, 0xd2, 0x0, 0x0,
    0x0, 0x0, 0x0, 0xaf, 0xc1, 0x0, 0x54, 0x0,
    0x0, 0x0, 0x9f, 0xa0, 0x0, 0x1f, 0xd0, 0x0,
    0x0, 0x17, 0x60, 0x0, 0x3, 0xfc, 0x0, 0x0,
    0x0, 0x0, 0x0, 0x2, 0xcf, 0x84, 0xff, 0x70,
    0x0, 0x0, 0x3f, 0xff, 0xd1, 0x4f, 0xf7, 0x0,
    0x0, 0x3, 0xff, 0xf1, 0x4, 0xff, 0x70, 0x0,
    0x0, 0x3f, 0xf8, 0x0, 0x4f, 0xf7, 0x0, 0x0,
    0x3, 0xff, 0x80, 0x4, 0xff, 0x70, 0x0, 0x0,
    0x3f, 0xf8, 0x0, 0x4f, 0xf7, 0x0, 0x0, 0x3,
    0xff, 0x80, 0x4, 0xff, 0x70, 0x0, 0x0, 0x3f,
    0xf8, 0x0, 0x4f, 0xf7, 0x0, 0x0, 0x4, 0xff,
    0x80, 0x4, 0xff, 0x80, 0x0, 0x0, 0x6f, 0xf8,
    0x0, 0x3f, 0xfb, 0x0, 0x0, 0xa, 0xff, 0x80,
    0x0, 0xff, 0xf2, 0x0, 0x3, 0xff, 0xf8, 0x0,
    0xa, 0xff, 0xe8, 0x69, 0xff, 0xff, 0x80, 0x0,
    0x1e, 0xff, 0xff, 0xff, 0x8f, 0xf8, 0x0, 0x0,
    0x19, 0xdf, 0xea, 0x23, 0xff, 0x80, 0x0,

    /* U+1EEA "Ừ" */
    0x0, 0x3, 0x88, 0x30, 0x0, 0x0, 0x0, 0x0,
    0x0, 0x0, 0x0, 0x0, 0xaf, 0xe1, 0x0, 0x0,
    0x0, 0x0, 0x0, 0x0, 0x0, 0x0, 0xb, 0xfc,
    0x0, 0x0, 0x0, 0x0, 0x0, 0x0, 0x0, 0x0,
    0x0, 0xbf, 0x70, 0x0, 0x0, 0x0, 0x0, 0x0,
    0x0, 0x0, 0x0, 0x7, 0x70, 0x0, 0x0, 0x0,
    0x0, 0x0, 0x0, 0x0, 0x0, 0x0, 0x0, 0x0,
    0x0, 0x0, 0x0, 0x0, 0x0, 0x0, 0x0, 0x0,
    0x0, 0x0, 0x0, 0x0, 0x0, 0x0, 0x1f, 0xfc,
    0x0, 0x0, 0x0, 0x0, 0x6f, 0xf7, 0xc, 0xf2,
    0x1f, 0xfc, 0x0, 0x0, 0x0, 0x0, 0x6f, 0xf7,
    0xd, 0xf1, 0x1f, 0xfc, 0x0, 0x0, 0x0, 0x0,
    0x6f, 0xf8, 0x7f, 0xd0, 0x1f, 0xfc, 0x0, 0x0,
    0x0, 0x0, 0x6f, 0xff, 0xff, 0x40, 0x1f, 0xfc,
    0x0, 0x0, 0x0, 0x0, 0x6f, 0xff, 0x92, 0x0,
    0x1f, 0xfc, 0x0, 0x0, 0x0, 0x0, 0x6f, 0xf7,
    0x0, 0x0, 0x1f, 0xfc, 0x0, 0x0, 0x0, 0x0,
    0x6f, 0xf7, 0x0, 0x0, 0x1f, 0xfc, 0x0, 0x0,
    0x0, 0x0, 0x6f, 0xf7, 0x0, 0x0, 0x1f, 0xfc,
    0x0, 0x0, 0x0, 0x0, 0x6f, 0xf7, 0x0, 0x0,
    0x1f, 0xfc, 0x0, 0x0, 0x0, 0x0, 0x6f, 0xf7,
    0x0, 0x0, 0x1f, 0xfc, 0x0, 0x0, 0x0, 0x0,
    0x6f, 0xf7, 0x0, 0x0, 0x1f, 0xfc, 0x0, 0x0,
    0x0, 0x0, 0x6f, 0xf6, 0x0, 0x0, 0xf, 0xfd,
    0x0, 0x0, 0x0, 0x0, 0x7f, 0xf6, 0x0, 0x0,
    0xf, 0xff, 0x0, 0x0, 0x0, 0x0, 0xaf, 0xf4,
    0x0, 0x0, 0xb, 0xff, 0x50, 0x0, 0x0, 0x1,
    0xef, 0xf1, 0x0, 0x0, 0x6, 0xff, 0xe4, 0x0,
    0x0, 0x1b, 0xff, 0xb0, 0x0, 0x0, 0x0, 0xcf,
    0xff, 0xda, 0xab, 0xff, 0xff, 0x20, 0x0, 0x0,
    0x0, 0x1c, 0xff, 0xff, 0xff, 0xff, 0xe3, 0x0,
    0x0, 0x0, 0x0, 0x0, 0x4a, 0xdf, 0xfe, 0xb7,
    0x0, 0x0, 0x0, 0x0,

    /* U+1EEB "ừ" */
    0x0, 0xaf, 0xf2, 0x0, 0x0, 0x0, 0x0, 0x0,
    0x0, 0x8f, 0xe1, 0x0, 0x0, 0x0, 0x54, 0x0,
    0x0, 0x7f, 0xc0, 0x0, 0x0, 0x1f, 0xd0, 0x0,
    0x0, 0x47, 0x30, 0x0, 0x3, 0xfc, 0x0, 0x0,
    0x0, 0x0, 0x0, 0x2, 0xcf, 0x84, 0xff, 0x70,
    0x0, 0x0, 0x3f, 0xff, 0xd1, 0x4f, 0xf7, 0x0,
    0x0, 0x3, 0xff, 0xf1, 0x4, 0xff, 0x70, 0x0,
    0x0, 0x3f, 0xf8, 0x0, 0x4f, 0xf7, 0x0, 0x0,
    0x3, 0xff, 0x80, 0x4, 0xff, 0x70, 0x0, 0x0,
    0x3f, 0xf8, 0x0, 0x4f, 0xf7, 0x0, 0x0, 0x3,
    0xff, 0x80, 0x4, 0xff, 0x70, 0x0, 0x0, 0x3f,
    0xf8, 0x0, 0x4f, 0xf7, 0x0, 0x0, 0x4, 0xff,
    0x80, 0x4, 0xff, 0x80, 0x0, 0x0, 0x6f, 0xf8,
    0x0, 0x3f, 0xfb, 0x0, 0x0, 0xa, 0xff, 0x80,
    0x0, 0xff, 0xf2, 0x0, 0x3, 0xff, 0xf8, 0x0,
    0xa, 0xff, 0xe8, 0x69, 0xff, 0xff, 0x80, 0x0,
    0x1e, 0xff, 0xff, 0xff, 0x8f, 0xf8, 0x0, 0x0,
    0x19, 0xdf, 0xea, 0x23, 0xff, 0x80, 0x0,

    /* U+1EEC "Ử" */
    0x0, 0x0, 0x0, 0x47, 0x51, 0x0, 0x0, 0x0,
    0x0, 0x0, 0x0, 0x0, 0x0, 0x8f, 0xff, 0x60,
    0x0, 0x0, 0x0, 0x0, 0x0, 0x0, 0x0, 0x0,
    0x5f, 0xf1, 0x0, 0x0, 0x0, 0x0, 0x0, 0x0,
    0x0, 0x0, 0xb, 0xf3, 0x0, 0x0, 0x0, 0x0,
    0x0, 0x0, 0x0, 0x2, 0x7f, 0xd0, 0x0, 0x0,
    0x0, 0x0, 0x0, 0x0, 0x0, 0x7, 0xb7, 0x10,
    0x0, 0x0, 0x0, 0x0, 0x0, 0x0, 0x0, 0x0,
    0x0, 0x0, 0x0, 0x0, 0x0, 0x0, 0x1f, 0xfc,
    0x0, 0x0, 0x0, 0x0, 0x6f, 0xf7, 0xc, 0xf2,
    0x1f, 0xfc, 0x0, 0x0, 0x0, 0x0, 0x6f, 0xf7,
    0xd, 0xf1, 0x1f, 0xfc, 0x0, 0x0, 0x0, 0x0,
    0x6f, 0xf8, 0x7f, 0xd0, 0x1f, 0xfc, 0x0, 0x0,
    0x0, 0x0, 0x6f, 0xff, 0xff, 0x40, 0x1f, 0xfc,
    0x0, 0x0, 0x0, 0x0, 0x6f, 0xff, 0x92, 0x0,
    0x1f, 0xfc, 0x0, 0x0, 0x0, 0x0, 0x6f, 0xf7,
    0x0, 0x0, 0x1f, 0xfc, 0x0, 0x0, 0x0, 0x0,
    0x6f, 0xf7, 0x0, 0x0, 0x1f, 0xfc, 0x0, 0x0,
    0x0, 0x0, 0x6f, 0xf7, 0x0, 0x0, 0x1f, 0xfc,
    0x0, 0x0, 0x0, 0x0, 0x6f, 0xf7, 0x0, 0x0,
    0x1f, 0xfc, 0x0, 0x0, 0x0, 0x0, 0x6f, 0xf7,
    0x0, 0x0, 0x1f, 0xfc, 0x0, 0x0, 0x0, 0x0,
    0x6f, 0xf7, 0x0, 0x0, 0x1f, 0xfc, 0x0, 0x0,
    0x0, 0x0, 0x6f, 0xf6, 0x0, 0x0, 0xf, 0xfd,
    0x0, 0x0, 0x0, 0x0, 0x7f, 0xf6, 0x0, 0x0,
    0xf, 0xff, 0x0, 0x0, 0x0, 0x0, 0xaf, 0xf4,
    0x0, 0x0, 0xb, 0xff, 0x50, 0x0, 0x0, 0x1,
    0xef, 0xf1, 0x0, 0x0, 0x6, 0xff, 0xe4, 0x0,
    0x0, 0x1b, 0xff, 0xb0, 0x0, 0x0, 0x0, 0xcf,
    0xff, 0xda, 0xab, 0xff, 0xff, 0x20, 0x0, 0x0,
    0x0, 0x1c, 0xff, 0xff, 0xff, 0xff, 0xe3, 0x0,
    0x0, 0x0, 0x0, 0x0, 0x4a, 0xdf, 0xfe, 0xb7,
    0x0, 0x0, 0x0, 0x0,

    /* U+1EED "ử" */
    0x0, 0x0, 0x2f, 0xeb, 0x50, 0x0, 0x0, 0x0,
    0x0, 0x1, 0x9b, 0xff, 0x70, 0x0, 0x22, 0x0,
    0x0, 0x0, 0x5, 0xfa, 0x0, 0x1f, 0xd0, 0x0,
    0x0, 0x1a, 0xee, 0x30, 0x3, 0xfc, 0x0, 0x0,
    0x0, 0x63, 0x0, 0x2, 0xbf, 0x84, 0xff, 0x70,
    0x0, 0x0, 0x3f, 0xff, 0xe1, 0x4f, 0xf7, 0x0,
    0x0, 0x3, 0xff, 0xf1, 0x4, 0xff, 0x70, 0x0,
    0x0, 0x3f, 0xf8, 0x0, 0x4f, 0xf7, 0x0, 0x0,
    0x3, 0xff, 0x80, 0x4, 0xff, 0x70, 0x0, 0x0,
    0x3f, 0xf8, 0x0, 0x4f, 0xf7, 0x0, 0x0, 0x3,
    0xff, 0x80, 0x4, 0xff, 0x70, 0x0, 0x0, 0x3f,
    0xf8, 0x0, 0x4f, 0xf7, 0x0, 0x0, 0x4, 0xff,
    0x80, 0x4, 0xff, 0x80, 0x0, 0x0, 0x6f, 0xf8,
    0x0, 0x3f, 0xfb, 0x0, 0x0, 0xa, 0xff, 0x80,
    0x0, 0xff, 0xf2, 0x0, 0x3, 0xff, 0xf8, 0x0,
    0xa, 0xff, 0xe8, 0x69, 0xff, 0xff, 0x80, 0x0,
    0x1e, 0xff, 0xff, 0xff, 0x8f, 0xf8, 0x0, 0x0,
    0x19, 0xdf, 0xea, 0x23, 0xff, 0x80, 0x0,

    /* U+1EEE "Ữ" */
    0x0, 0x0, 0x5, 0x73, 0x0, 0x8, 0x60, 0x0,
    0x0, 0x0, 0x0, 0x0, 0x9f, 0xff, 0x50, 0xf,
    0xa0, 0x0, 0x0, 0x0, 0x0, 0x1, 0xfa, 0x1c,
    0xf6, 0x8f, 0x60, 0x0, 0x0, 0x0, 0x0, 0x5,
    0xf4, 0x1, 0xdf, 0xfb, 0x0, 0x0, 0x0, 0x0,
    0x0, 0x2, 0x51, 0x0, 0x3, 0x30, 0x0, 0x0,
    0x0, 0x0, 0x0, 0x0, 0x0, 0x0, 0x0, 0x0,
    0x0, 0x0, 0x0, 0x0, 0x1f, 0xfc, 0x0, 0x0,
    0x0, 0x0, 0x6f, 0xf7, 0xc, 0xf2, 0x1f, 0xfc,
    0x0, 0x0, 0x0, 0x0, 0x6f, 0xf7, 0xd, 0xf1,
    0x1f, 0xfc, 0x0, 0x0, 0x0, 0x0, 0x6f, 0xf8,
    0x7f, 0xd0, 0x1f, 0xfc, 0x0, 0x0, 0x0, 0x0,
    0x6f, 0xff, 0xff, 0x40, 0x1f, 0xfc, 0x0, 0x0,
    0x0, 0x0, 0x6f, 0xff, 0x92, 0x0, 0x1f, 0xfc,
    0x0, 0x0, 0x0, 0x0, 0x6f, 0xf7, 0x0, 0x0,
    0x1f, 0xfc, 0x0, 0x0, 0x0, 0x0, 0x6f, 0xf7,
    0x0, 0x0, 0x1f, 0xfc, 0x0, 0x0, 0x0, 0x0,
    0x6f, 0xf7, 0x0, 0x0, 0x1f, 0xfc, 0x0, 0x0,
    0x0, 0x0, 0x6f, 0xf7, 0x0, 0x0, 0x1f, 0xfc,
    0x0, 0x0, 0x0, 0x0, 0x6f, 0xf7, 0x0, 0x0,
    0x1f, 0xfc, 0x0, 0x0, 0x0, 0x0, 0x6f, 0xf7,
    0x0, 0x0, 0x1f, 0xfc, 0x0, 0x0, 0x0, 0x0,
    0x6f, 0xf6, 0x0, 0x0, 0xf, 0xfd, 0x0, 0x0,
    0x0, 0x0, 0x7f, 0xf6, 0x0, 0x0, 0xf, 0xff,
    0x0, 0x0, 0x0, 0x0, 0xaf, 0xf4, 0x0, 0x0,
    0xb, 0xff, 0x50, 0x0, 0x0, 0x1, 0xef, 0xf1,
    0x0, 0x0, 0x6, 0xff, 0xe4, 0x0, 0x0, 0x1b,
    0xff, 0xb0, 0x0, 0x0, 0x0, 0xcf, 0xff, 0xda,
    0xab, 0xff, 0xff, 0x20, 0x0, 0x0, 0x0, 0x1c,
    0xff, 0xff, 0xff, 0xff, 0xe3, 0x0, 0x0, 0x0,
    0x0, 0x0, 0x4a, 0xdf, 0xfe, 0xb7, 0x0, 0x0,
    0x0, 0x0,

    /* U+1EEF "ữ" */
    0x0, 0x1a, 0xee, 0xa2, 0xa, 0xf1, 0x0, 0x0,
    0x9, 0xfd, 0xef, 0xfe, 0xfd, 0x1, 0xeb, 0x0,
    0xec, 0x0, 0x8e, 0xfc, 0x20, 0x1f, 0xd0, 0x0,
    0x0, 0x0, 0x0, 0x0, 0x4, 0xfb, 0x0, 0x0,
    0x0, 0x0, 0x0, 0x2, 0xcf, 0x64, 0xff, 0x70,
    0x0, 0x0, 0x3f, 0xff, 0xc0, 0x4f, 0xf7, 0x0,
    0x0, 0x3, 0xff, 0xf0, 0x4, 0xff, 0x70, 0x0,
    0x0, 0x3f, 0xf8, 0x0, 0x4f, 0xf7, 0x0, 0x0,
    0x3, 0xff, 0x80, 0x4, 0xff, 0x70, 0x0, 0x0,
    0x3f, 0xf8, 0x0, 0x4f, 0xf7, 0x0, 0x0, 0x3,
    0xff, 0x80, 0x4, 0xff, 0x70, 0x0, 0x0, 0x3f,
    0xf8, 0x0, 0x4f, 0xf7, 0x0, 0x0, 0x4, 0xff,
    0x80, 0x4, 0xff, 0x80, 0x0, 0x0, 0x6f, 0xf8,
    0x0, 0x3f, 0xfb, 0x0, 0x0, 0xa, 0xff, 0x80,
    0x0, 0xff, 0xf2, 0x0, 0x3, 0xff, 0xf8, 0x0,
    0xa, 0xff, 0xe8, 0x69, 0xff, 0xff, 0x80, 0x0,
    0x1e, 0xff, 0xff, 0xff, 0x8f, 0xf8, 0x0, 0x0,
    0x19, 0xdf, 0xea, 0x23, 0xff, 0x80, 0x0,

    /* U+1EF0 "Ự" */
    0x1f, 0xfc, 0x0, 0x0, 0x0, 0x0, 0x6f, 0xf7,
    0xc, 0xf2, 0x1f, 0xfc, 0x0, 0x0, 0x0, 0x0,
    0x6f, 0xf7, 0xd, 0xf1, 0x1f, 0xfc, 0x0, 0x0,
    0x0, 0x0, 0x6f, 0xf8, 0x7f, 0xd0, 0x1f, 0xfc,
    0x0, 0x0, 0x0, 0x0, 0x6f, 0xff, 0xff, 0x40,
    0x1f, 0xfc, 0x0, 0x0, 0x0, 0x0, 0x6f, 0xff,
    0x92, 0x0, 0x1f, 0xfc, 0x0, 0x0, 0x0, 0x0,
    0x6f, 0xf7, 0x0, 0x0, 0x1f, 0xfc, 0x0, 0x0,
    0x0, 0x0, 0x6f, 0xf7, 0x0, 0x0, 0x1f, 0xfc,
    0x0, 0x0, 0x0, 0x0, 0x6f, 0xf7, 0x0, 0x0,
    0x1f, 0xfc, 0x0, 0x0, 0x0, 0x0, 0x6f, 0xf7,
    0x0, 0x0, 0x1f, 0xfc, 0x0, 0x0, 0x0, 0x0,
    0x6f, 0xf7, 0x0, 0x0, 0x1f, 0xfc, 0x0, 0x0,
    0x0, 0x0, 0x6f, 0xf7, 0x0, 0x0, 0x1f, 0xfc,
    0x0, 0x0, 0x0, 0x0, 0x6f, 0xf6, 0x0, 0x0,
    0xf, 0xfd, 0x0, 0x0, 0x0, 0x0, 0x7f, 0xf6,
    0x0, 0x0, 0xf, 0xff, 0x0, 0x0, 0x0, 0x0,
    0xaf, 0xf4, 0x0, 0x0, 0xb, 0xff, 0x50, 0x0,
    0x0, 0x1, 0xef, 0xf1, 0x0, 0x0, 0x6, 0xff,
    0xe4, 0x0, 0x0, 0x1b, 0xff, 0xb0, 0x0, 0x0,
    0x0, 0xcf, 0xff, 0xda, 0xab, 0xff, 0xff, 0x20,
    0x0, 0x0, 0x0, 0x1c, 0xff, 0xff, 0xff, 0xff,
    0xe3, 0x0, 0x0, 0x0, 0x0, 0x0, 0x4a, 0xdf,
    0xfe, 0xb7, 0x0, 0x0, 0x0, 0x0, 0x0, 0x0,
    0x0, 0x0, 0x0, 0x0, 0x0, 0x0, 0x0, 0x0,
    0x0, 0x0, 0x0, 0x5f, 0xfc, 0x0, 0x0, 0x0,
    0x0, 0x0, 0x0, 0x0, 0x0, 0x5f, 0xfc, 0x0,
    0x0, 0x0, 0x0, 0x0, 0x0, 0x0, 0x0, 0x5f,
    0xfc, 0x0, 0x0, 0x0, 0x0, 0x0,

    /* U+1EF1 "ự" */
    0x0, 0x0, 0x0, 0x0, 0x0, 0x0, 0x1f, 0xd0,
    0x0, 0x0, 0x0, 0x0, 0x0, 0x1, 0xfd, 0x0,
    0x0, 0x0, 0x0, 0x0, 0x0, 0x4f, 0xb0, 0x0,
    0x0, 0x0, 0x0, 0x0, 0x2d, 0xf6, 0x4f, 0xf7,
    0x0, 0x0, 0x3, 0xff, 0xfc, 0x4, 0xff, 0x70,
    0x0, 0x0, 0x3f, 0xff, 0x0, 0x4f, 0xf7, 0x0,
    0x0, 0x3, 0xff, 0x80, 0x4, 0xff, 0x70, 0x0,
    0x0, 0x3f, 0xf8, 0x0, 0x4f, 0xf7, 0x0, 0x0,
    0x3, 0xff, 0x80, 0x4, 0xff, 0x70, 0x0, 0x0,
    0x3f, 0xf8, 0x0, 0x4f, 0xf7, 0x0, 0x0, 0x3,
    0xff, 0x80, 0x4, 0xff, 0x70, 0x0, 0x0, 0x4f,
    0xf8, 0x0, 0x4f, 0xf8, 0x0, 0x0, 0x6, 0xff,
    0x80, 0x3, 0xff, 0xb0, 0x0, 0x0, 0xaf, 0xf8,
    0x0, 0xf, 0xff, 0x20, 0x0, 0x3f, 0xff, 0x80,
    0x0, 0xaf, 0xfe, 0x86, 0x9f, 0xff, 0xf8, 0x0,
    0x1, 0xef, 0xff, 0xff, 0xf8, 0xff, 0x80, 0x0,
    0x1, 0x9d, 0xfe, 0xa2, 0x3f, 0xf8, 0x0, 0x0,
    0x0, 0x0, 0x0, 0x0, 0x0, 0x0, 0x0, 0x0,
    0x0, 0x0, 0x0, 0x0, 0x0, 0x0, 0x0, 0x0,
    0xc, 0xff, 0x50, 0x0, 0x0, 0x0, 0x0, 0x0,
    0xcf, 0xf5, 0x0, 0x0, 0x0, 0x0, 0x0, 0xc,
    0xff, 0x50, 0x0, 0x0, 0x0,

    /* U+1EF2 "Ỳ" */
    0x0, 0x0, 0xbf, 0xe1, 0x0, 0x0, 0x0, 0x0,
    0x0, 0x0, 0x0, 0xcf, 0xb0, 0x0, 0x0, 0x0,
    0x0, 0x0, 0x0, 0x1, 0xdf, 0x70, 0x0, 0x0,
    0x0, 0x0, 0x0, 0x0, 0x1, 0xdf, 0x30, 0x0,
    0x0, 0x0, 0x0, 0x0, 0x0, 0x0, 0x0, 0x0,
    0x0, 0x0, 0x0, 0x0, 0x0, 0x0, 0x0, 0x0,
    0x0, 0x0, 0x0, 0x7f, 0xfc, 0x0, 0x0, 0x0,
    0x0, 0xb, 0xff, 0x80, 0xdf, 0xf5, 0x0, 0x0,
    0x0, 0x4, 0xff, 0xe0, 0x4, 0xff, 0xd0, 0x0,
    0x0, 0x0, 0xdf, 0xf5, 0x0, 0xa, 0xff, 0x70,
    0x0, 0x0, 0x6f, 0xfc, 0x0, 0x0, 0x1f, 0xff,
    0x10, 0x0, 0x1e, 0xff, 0x20, 0x0, 0x0, 0x7f,
    0xf9, 0x0, 0x9, 0xff, 0x90, 0x0, 0x0, 0x0,
    0xdf, 0xf2, 0x2, 0xff, 0xe1, 0x0, 0x0, 0x0,
    0x5, 0xff, 0xb0, 0xbf, 0xf6, 0x0, 0x0, 0x0,
    0x0, 0xb, 0xff, 0x9f, 0xfd, 0x0, 0x0, 0x0,
    0x0, 0x0, 0x2f, 0xff, 0xff, 0x40, 0x0, 0x0,
    0x0, 0x0, 0x0, 0x8f, 0xff, 0xa0, 0x0, 0x0,
    0x0, 0x0, 0x0, 0x0, 0xef, 0xf1, 0x0, 0x0,
    0x0, 0x0, 0x0, 0x0, 0xd, 0xff, 0x0, 0x0,
    0x0, 0x0, 0x0, 0x0, 0x0, 0xdf, 0xf0, 0x0,
    0x0, 0x0, 0x0, 0x0, 0x0, 0xd, 0xff, 0x0,
    0x0, 0x0, 0x0, 0x0, 0x0, 0x0, 0xdf, 0xf0,
    0x0, 0x0, 0x0, 0x0, 0x0, 0x0, 0xd, 0xff,
    0x0, 0x0, 0x0, 0x0, 0x0, 0x0, 0x0, 0xdf,
    0xf0, 0x0, 0x0, 0x0, 0x0, 0x0, 0x0, 0xd,
    0xff, 0x0, 0x0, 0x0, 0x0,

    /* U+1EF3 "ỳ" */
    0x0, 0x1c, 0xfd, 0x10, 0x0, 0x0, 0x0, 0x0,
    0x0, 0xb, 0xfb, 0x0, 0x0, 0x0, 0x0, 0x0,
    0x0, 0xa, 0xf9, 0x0, 0x0, 0x0, 0x0, 0x0,
    0x0, 0x6, 0x71, 0x0, 0x0, 0x0, 0x0, 0x0,
    0x0, 0x0, 0x0, 0x0, 0x0, 0x3, 0xff, 0xc0,
    0x0, 0x0, 0x1, 0xff, 0xe0, 0xd, 0xff, 0x10,
    0x0, 0x0, 0x6f, 0xf8, 0x0, 0x7f, 0xf7, 0x0,
    0x0, 0xc, 0xff, 0x20, 0x1, 0xff, 0xd0, 0x0,
    0x2, 0xff, 0xb0, 0x0, 0xa, 0xff, 0x30, 0x0,
    0x7f, 0xf5, 0x0, 0x0, 0x3f, 0xf8, 0x0, 0xd,
    0xfe, 0x0, 0x0, 0x0, 0xdf, 0xe0, 0x3, 0xff,
    0x80, 0x0, 0x0, 0x7, 0xff, 0x40, 0x9f, 0xf2,
    0x0, 0x0, 0x0, 0x1f, 0xf9, 0xe, 0xfb, 0x0,
    0x0, 0x0, 0x0, 0xaf, 0xf5, 0xff, 0x50, 0x0,
    0x0, 0x0, 0x4, 0xff, 0xef, 0xe0, 0x0, 0x0,
    0x0, 0x0, 0xd, 0xff, 0xf8, 0x0, 0x0, 0x0,
    0x0, 0x0, 0x7f, 0xff, 0x20, 0x0, 0x0, 0x0,
    0x0, 0x3, 0xff, 0xc0, 0x0, 0x0, 0x0, 0x0,
    0x0, 0x9f, 0xf5, 0x0, 0x0, 0x0, 0x0, 0x0,
    0xf, 0xfe, 0x0, 0x0, 0x0, 0x0, 0x0, 0x6,
    0xff, 0x90, 0x0, 0x0, 0x0, 0x0, 0x0, 0xcf,
    0xf2, 0x0, 0x0, 0x0, 0x0, 0x0, 0x3f, 0xfc,
    0x0, 0x0, 0x0, 0x0, 0x0, 0x9, 0xff, 0x60,
    0x0, 0x0, 0x0, 0x0,

    /* U+1EF4 "Ỵ" */
    0x7f, 0xfc, 0x0, 0x0, 0x0, 0x0, 0xb, 0xff,
    0x80, 0xdf, 0xf5, 0x0, 0x0, 0x0, 0x4, 0xff,
    0xe0, 0x4, 0xff, 0xd0, 0x0, 0x0, 0x0, 0xdf,
    0xf5, 0x0, 0xa, 0xff, 0x70, 0x0, 0x0, 0x6f,
    0xfc, 0x0, 0x0, 0x1f, 0xff, 0x10, 0x0, 0x1e,
    0xff, 0x20, 0x0, 0x0, 0x7f, 0xf9, 0x0, 0x9,
    0xff, 0x90, 0x0, 0x0, 0x0, 0xdf, 0xf2, 0x2,
    0xff, 0xe1, 0x0, 0x0, 0x0, 0x5, 0xff, 0xb0,
    0xbf, 0xf6, 0x0, 0x0, 0x0, 0x0, 0xb, 0xff,
    0x9f, 0xfd, 0x0, 0x0, 0x0, 0x0, 0x0, 0x2f,
    0xff, 0xff, 0x40, 0x0, 0x0, 0x0, 0x0, 0x0,
    0x8f, 0xff, 0xa0, 0x0, 0x0, 0x0, 0x0, 0x0,
    0x0, 0xef, 0xf1, 0x0, 0x0, 0x0, 0x0, 0x0,
    0x0, 0xd, 0xff, 0x0, 0x0, 0x0, 0x0, 0x0,
    0x0, 0x0, 0xdf, 0xf0, 0x0, 0x0, 0x0, 0x0,
    0x0, 0x0, 0xd, 0xff, 0x0, 0x0, 0x0, 0x0,
    0x0, 0x0, 0x0, 0xdf, 0xf0, 0x0, 0x0, 0x0,
    0x0, 0x0, 0x0, 0xd, 0xff, 0x0, 0x0, 0x0,
    0x0, 0x0, 0x0, 0x0, 0xdf, 0xf0, 0x0, 0x0,
    0x0, 0x0, 0x0, 0x0, 0xd, 0xff, 0x0, 0x0,
    0x0, 0x0, 0x0, 0x0, 0x0, 0x0, 0x0, 0x0,
    0x0, 0x0, 0x0, 0x0, 0x0, 0x0, 0x0, 0x0,
    0x0, 0x0, 0x0, 0x0, 0x0, 0x0, 0xff, 0xf1,
    0x0, 0x0, 0x0, 0x0, 0x0, 0x0, 0xf, 0xff,
    0x10, 0x0, 0x0, 0x0, 0x0, 0x0, 0x0, 0xff,
    0xf1, 0x0, 0x0, 0x0,

    /* U+1EF5 "ỵ" */
    0x3f, 0xfc, 0x0, 0x0, 0x0, 0x1f, 0xfe, 0x0,
    0xdf, 0xf1, 0x0, 0x0, 0x6, 0xff, 0x80, 0x7,
    0xff, 0x70, 0x0, 0x0, 0xcf, 0xf2, 0x0, 0x1f,
    0xfd, 0x0, 0x0, 0x1f, 0xfb, 0x0, 0x0, 0xaf,
    0xf2, 0x0, 0x7, 0xff, 0x50, 0x0, 0x4, 0xff,
    0x80, 0x0, 0xdf, 0xe0, 0x0, 0x0, 0xd, 0xfe,
    0x0, 0x3f, 0xf8, 0x0, 0x0, 0x0, 0x7f, 0xf3,
    0x8, 0xff, 0x20, 0x0, 0x0, 0x1, 0xff, 0x90,
    0xef, 0xb0, 0x0, 0x0, 0x0, 0xa, 0xfe, 0x4f,
    0xf5, 0x0, 0x0, 0x0, 0x0, 0x4f, 0xfe, 0xfe,
    0x0, 0x0, 0x0, 0x0, 0x0, 0xdf, 0xff, 0x80,
    0x0, 0x0, 0x0, 0x0, 0x7, 0xff, 0xf2, 0x0,
    0x0, 0x0, 0x0, 0x0, 0x3f, 0xfc, 0x0, 0x0,
    0x0, 0x0, 0x0, 0x9, 0xff, 0x50, 0x0, 0x0,
    0x0, 0x0, 0x0, 0xff, 0xe0, 0x0, 0x0, 0x0,
    0x0, 0x0, 0x6f, 0xf9, 0x0, 0x0, 0x0, 0x0,
    0x0, 0xc, 0xff, 0x20, 0xb, 0xff, 0x50, 0x0,
    0x3, 0xff, 0xc0, 0x0, 0xcf, 0xf5, 0x0, 0x0,
    0x9f, 0xf6, 0x0, 0xc, 0xff, 0x50,

    /* U+1EF6 "Ỷ" */
    0x0, 0x0, 0x0, 0x2f, 0xea, 0x30, 0x0, 0x0,
    0x0, 0x0, 0x0, 0x1, 0x9b, 0xff, 0x40, 0x0,
    0x0, 0x0, 0x0, 0x0, 0x0, 0x6, 0xf9, 0x0,
    0x0, 0x0, 0x0, 0x0, 0x0, 0x1, 0xaf, 0x60,
    0x0, 0x0, 0x0, 0x0, 0x0, 0x2, 0xfc, 0x60,
    0x0, 0x0, 0x0, 0x0, 0x0, 0x0, 0x0, 0x0,
    0x0, 0x0, 0x0, 0x7f, 0xfc, 0x0, 0x0, 0x0,
    0x0, 0xb, 0xff, 0x80, 0xdf, 0xf5, 0x0, 0x0,
    0x0, 0x4, 0xff, 0xe0, 0x4, 0xff, 0xd0, 0x0,
    0x0, 0x0, 0xdf, 0xf5, 0x0, 0xa, 0xff, 0x70,
    0x0, 0x0, 0x6f, 0xfc, 0x0, 0x0, 0x1f, 0xff,
    0x10, 0x0, 0x1e, 0xff, 0x20, 0x0, 0x0, 0x7f,
    0xf9, 0x0, 0x9, 0xff, 0x90, 0x0, 0x0, 0x0,
    0xdf, 0xf2, 0x2, 0xff, 0xe1, 0x0, 0x0, 0x0,
    0x5, 0xff, 0xb0, 0xbf, 0xf6, 0x0, 0x0, 0x0,
    0x0, 0xb, 0xff, 0x9f, 0xfd, 0x0, 0x0, 0x0,
    0x0, 0x0, 0x2f, 0xff, 0xff, 0x40, 0x0, 0x0,
    0x0, 0x0, 0x0, 0x8f, 0xff, 0xa0, 0x0, 0x0,
    0x0, 0x0, 0x0, 0x0, 0xef, 0xf1, 0x0, 0x0,
    0x0, 0x0, 0x0, 0x0, 0xd, 0xff, 0x0, 0x0,
    0x0, 0x0, 0x0, 0x0, 0x0, 0xdf, 0xf0, 0x0,
    0x0, 0x0, 0x0, 0x0, 0x0, 0xd, 0xff, 0x0,
    0x0, 0x0, 0x0, 0x0, 0x0, 0x0, 0xdf, 0xf0,
    0x0, 0x0, 0x0, 0x0, 0x0, 0x0, 0xd, 0xff,
    0x0, 0x0, 0x0, 0x0, 0x0, 0x0, 0x0, 0xdf,
    0xf0, 0x0, 0x0, 0x0, 0x0, 0x0, 0x0, 0xd,
    0xff, 0x0, 0x0, 0x0, 0x0,

    /* U+1EF7 "ỷ" */
    0x0, 0x0, 0x6, 0xfd, 0xa3, 0x0, 0x0, 0x0,
    0x0, 0x0, 0x39, 0xcf, 0xf3, 0x0, 0x0, 0x0,
    0x0, 0x0, 0x0, 0x9f, 0x60, 0x0, 0x0, 0x0,
    0x0, 0x3, 0xaf, 0xc0, 0x0, 0x0, 0x0, 0x0,
    0x0, 0x26, 0x30, 0x0, 0x0, 0x3, 0xff, 0xc0,
    0x0, 0x0, 0x1, 0xff, 0xe0, 0xd, 0xff, 0x10,
    0x0, 0x0, 0x6f, 0xf8, 0x0, 0x7f, 0xf7, 0x0,
    0x0, 0xc, 0xff, 0x20, 0x1, 0xff, 0xd0, 0x0,
    0x2, 0xff, 0xb0, 0x0, 0xa, 0xff, 0x30, 0x0,
    0x7f, 0xf5, 0x0, 0x0, 0x3f, 0xf8, 0x0, 0xd,
    0xfe, 0x0, 0x0, 0x0, 0xdf, 0xe0, 0x3, 0xff,
    0x80, 0x0, 0x0, 0x7, 0xff, 0x40, 0x9f, 0xf2,
    0x0, 0x0, 0x0, 0x1f, 0xf9, 0xe, 0xfb, 0x0,
    0x0, 0x0, 0x0, 0xaf, 0xf5, 0xff, 0x50, 0x0,
    0x0, 0x0, 0x4, 0xff, 0xef, 0xe0, 0x0, 0x0,
    0x0, 0x0, 0xd, 0xff, 0xf8, 0x0, 0x0, 0x0,
    0x0, 0x0, 0x7f, 0xff, 0x20, 0x0, 0x0, 0x0,
    0x0, 0x3, 0xff, 0xc0, 0x0, 0x0, 0x0, 0x0,
    0x0, 0x9f, 0xf5, 0x0, 0x0, 0x0, 0x0, 0x0,
    0xf, 0xfe, 0x0, 0x0, 0x0, 0x0, 0x0, 0x6,
    0xff, 0x90, 0x0, 0x0, 0x0, 0x0, 0x0, 0xcf,
    0xf2, 0x0, 0x0, 0x0, 0x0, 0x0, 0x3f, 0xfc,
    0x0, 0x0, 0x0, 0x0, 0x0, 0x9, 0xff, 0x60,
    0x0, 0x0, 0x0, 0x0,

    /* U+1EF8 "Ỹ" */
    0x0, 0x0, 0x3, 0x75, 0x0, 0x5, 0x80, 0x0,
    0x0, 0x0, 0x4, 0xff, 0xfa, 0x0, 0xbf, 0x0,
    0x0, 0x0, 0x0, 0xce, 0x17, 0xfa, 0x4f, 0xb0,
    0x0, 0x0, 0x0, 0xf, 0xa0, 0x8, 0xff, 0xe3,
    0x0, 0x0, 0x0, 0x0, 0x53, 0x0, 0x2, 0x41,
    0x0, 0x0, 0x0, 0x0, 0x0, 0x0, 0x0, 0x0,
    0x0, 0x0, 0x0, 0x7f, 0xfc, 0x0, 0x0, 0x0,
    0x0, 0xb, 0xff, 0x80, 0xdf, 0xf5, 0x0, 0x0,
    0x0, 0x4, 0xff, 0xe0, 0x4, 0xff, 0xd0, 0x0,
    0x0, 0x0, 0xdf, 0xf5, 0x0, 0xa, 0xff, 0x70,
    0x0, 0x0, 0x6f, 0xfc, 0x0, 0x0, 0x1f, 0xff,
    0x10, 0x0, 0x1e, 0xff, 0x20, 0x0, 0x0, 0x7f,
    0xf9, 0x0, 0x9, 0xff, 0x90, 0x0, 0x0, 0x0,
    0xdf, 0xf2, 0x2, 0xff, 0xe1, 0x0, 0x0, 0x0,
    0x5, 0xff, 0xb0, 0xbf, 0xf6, 0x0, 0x0, 0x0,
    0x0, 0xb, 0xff, 0x9f, 0xfd, 0x0, 0x0, 0x0,
    0x0, 0x0, 0x2f, 0xff, 0xff, 0x40, 0x0, 0x0,
    0x0, 0x0, 0x0, 0x8f, 0xff, 0xa0, 0x0, 0x0,
    0x0, 0x0, 0x0, 0x0, 0xef, 0xf1, 0x0, 0x0,
    0x0, 0x0, 0x0, 0x0, 0xd, 0xff, 0x0, 0x0,
    0x0, 0x0, 0x0, 0x0, 0x0, 0xdf, 0xf0, 0x0,
    0x0, 0x0, 0x0, 0x0, 0x0, 0xd, 0xff, 0x0,
    0x0, 0x0, 0x0, 0x0, 0x0, 0x0, 0xdf, 0xf0,
    0x0, 0x0, 0x0, 0x0, 0x0, 0x0, 0xd, 0xff,
    0x0, 0x0, 0x0, 0x0, 0x0, 0x0, 0x0, 0xdf,
    0xf0, 0x0, 0x0, 0x0, 0x0, 0x0, 0x0, 0xd,
    0xff, 0x0, 0x0, 0x0, 0x0,

    /* U+1EF9 "ỹ" */
    0x0, 0x1, 0xbf, 0xc3, 0x0, 0xcd, 0x0, 0x0,
    0x0, 0xbf, 0xcf, 0xf4, 0x2f, 0xb0, 0x0, 0x0,
    0x1f, 0x90, 0x4f, 0xff, 0xf4, 0x0, 0x0, 0x2,
    0xa4, 0x0, 0x29, 0x94, 0x0, 0x0, 0x0, 0x0,
    0x0, 0x0, 0x0, 0x0, 0x0, 0x3, 0xff, 0xc0,
    0x0, 0x0, 0x1, 0xff, 0xe0, 0xd, 0xff, 0x10,
    0x0, 0x0, 0x6f, 0xf8, 0x0, 0x7f, 0xf7, 0x0,
    0x0, 0xc, 0xff, 0x20, 0x1, 0xff, 0xd0, 0x0,
    0x2, 0xff, 0xb0, 0x0, 0xa, 0xff, 0x30, 0x0,
    0x7f, 0xf5, 0x0, 0x0, 0x3f, 0xf8, 0x0, 0xd,
    0xfe, 0x0, 0x0, 0x0, 0xdf, 0xe0, 0x3, 0xff,
    0x80, 0x0, 0x0, 0x7, 0xff, 0x40, 0x9f, 0xf2,
    0x0, 0x0, 0x0, 0x1f, 0xf9, 0xe, 0xfb, 0x0,
    0x0, 0x0, 0x0, 0xaf, 0xf5, 0xff, 0x50, 0x0,
    0x0, 0x0, 0x4, 0xff, 0xef, 0xe0, 0x0, 0x0,
    0x0, 0x0, 0xd, 0xff, 0xf8, 0x0, 0x0, 0x0,
    0x0, 0x0, 0x7f, 0xff, 0x20, 0x0, 0x0, 0x0,
    0x0, 0x3, 0xff, 0xc0, 0x0, 0x0, 0x0, 0x0,
    0x0, 0x9f, 0xf5, 0x0, 0x0, 0x0, 0x0, 0x0,
    0xf, 0xfe, 0x0, 0x0, 0x0, 0x0, 0x0, 0x6,
    0xff, 0x90, 0x0, 0x0, 0x0, 0x0, 0x0, 0xcf,
    0xf2, 0x0, 0x0, 0x0, 0x0, 0x0, 0x3f, 0xfc,
    0x0, 0x0, 0x0, 0x0, 0x0, 0x9, 0xff, 0x60,
    0x0, 0x0, 0x0, 0x0,

    /* U+2013 "–" */
    0x0, 0x0, 0x0, 0x0, 0x0, 0x5, 0xff, 0xff,
    0xff, 0xff, 0xff, 0x5f, 0xff, 0xff, 0xff, 0xff,
    0xf0,

    /* U+2014 "—" */
    0x0, 0x0, 0x0, 0x0, 0x0, 0x0, 0x0, 0x0,
    0x0, 0x0, 0x0, 0x0, 0x0, 0x0, 0x5, 0xff,
    0xff, 0xff, 0xff, 0xff, 0xff, 0xff, 0xff, 0xff,
    0xff, 0xff, 0xff, 0xff, 0xff, 0x5f, 0xff, 0xff,
    0xff, 0xff, 0xff, 0xff, 0xff, 0xff, 0xff, 0xff,
    0xff, 0xff, 0xff, 0xf0,

    /* U+2018 "‘" */
    0x0, 0x0, 0xbf, 0x30, 0x0, 0x2f, 0xe0, 0x0,
    0x9, 0xfa, 0x0, 0x1, 0xff, 0x50, 0x0, 0x8f,
    0xf1, 0x0, 0xe, 0xfc, 0x0, 0x6, 0xff, 0x80,
    0x0, 0xdf, 0xf3, 0x0,

    /* U+2019 "’" */
    0x0, 0xdf, 0xf4, 0x1, 0xff, 0xd0, 0x6, 0xff,
    0x50, 0xa, 0xfe, 0x0, 0xf, 0xf7, 0x0, 0x4f,
    0xf1, 0x0, 0x8f, 0x90, 0x0, 0xdf, 0x20, 0x0,

    /* U+201C "“" */
    0x0, 0x0, 0xbf, 0x20, 0xa, 0xf3, 0x0, 0x2,
    0xfe, 0x0, 0x2f, 0xf0, 0x0, 0xa, 0xf9, 0x0,
    0x9f, 0xa0, 0x0, 0x1f, 0xf5, 0x1, 0xff, 0x60,
    0x0, 0x9f, 0xf0, 0x7, 0xff, 0x10, 0x1, 0xff,
    0xb0, 0xe, 0xfd, 0x0, 0x7, 0xff, 0x70, 0x6f,
    0xf8, 0x0, 0xc, 0xdd, 0x20, 0xbd, 0xd3, 0x0,

    /* U+201D "”" */
    0x0, 0xdf, 0xf4, 0xb, 0xff, 0x50, 0x1f, 0xfc,
    0x0, 0xff, 0xd0, 0x6, 0xff, 0x50, 0x5f, 0xf6,
    0x0, 0xbf, 0xd0, 0x9, 0xfe, 0x0, 0xf, 0xf6,
    0x0, 0xef, 0x80, 0x4, 0xfe, 0x0, 0x3f, 0xf1,
    0x0, 0x9f, 0x80, 0x7, 0xf9, 0x0, 0xb, 0xd1,
    0x0, 0x9d, 0x20, 0x0,

    /* U+2022 "•" */
    0x17, 0x77, 0x77, 0x72, 0x2f, 0xff, 0xff, 0xf5,
    0x2f, 0xff, 0xff, 0xf5, 0x2f, 0xff, 0xff, 0xf5,
    0x2f, 0xff, 0xff, 0xf5, 0x2f, 0xff, 0xff, 0xf5,
    0x2f, 0xff, 0xff, 0xf5,

    /* U+2026 "…" */
    0x16, 0x63, 0x0, 0x5, 0x65, 0x0, 0x4, 0x66,
    0x3, 0xff, 0xa0, 0x0, 0xff, 0xe0, 0x0, 0xcf,
    0xf1, 0x3f, 0xfa, 0x0, 0xf, 0xfe, 0x0, 0xc,
    0xff, 0x13, 0xff, 0xa0, 0x0, 0xff, 0xe0, 0x0,
    0xcf, 0xf1,

    /* U+20AC "€" */
    0x0, 0x0, 0x0, 0x6b, 0xef, 0xfd, 0x94, 0x0,
    0x0, 0x0, 0x2d, 0xff, 0xff, 0xff, 0xff, 0xb0,
    0x0, 0x2, 0xef, 0xff, 0xb9, 0xac, 0xff, 0x80,
    0x0, 0xc, 0xff, 0xb1, 0x0, 0x0, 0x28, 0x0,
    0x0, 0x6f, 0xfc, 0x0, 0x0, 0x0, 0x0, 0x0,
    0x0, 0xcf, 0xf3, 0x0, 0x0, 0x0, 0x0, 0x0,
    0xcf, 0xff, 0xff, 0xff, 0xff, 0xfd, 0x0, 0x0,
    0xaf, 0xff, 0xfd, 0xdd, 0xdd, 0xdb, 0x0, 0x0,
    0x5, 0xff, 0x70, 0x0, 0x0, 0x0, 0x0, 0x0,
    0x6, 0xff, 0x60, 0x0, 0x0, 0x0, 0x0, 0x0,
    0xdf, 0xff, 0xff, 0xff, 0xff, 0xfc, 0x0, 0x0,
    0xbf, 0xff, 0xfd, 0xdd, 0xdd, 0xda, 0x0, 0x0,
    0x1, 0xff, 0xd0, 0x0, 0x0, 0x0, 0x0, 0x0,
    0x0, 0xcf, 0xf3, 0x0, 0x0, 0x0, 0x0, 0x0,
    0x0, 0x6f, 0xfc, 0x0, 0x0, 0x0, 0x0, 0x0,
    0x0, 0xc, 0xff, 0xa1, 0x0, 0x0, 0x4d, 0x20,
    0x0, 0x2, 0xef, 0xff, 0xb9, 0xad, 0xff, 0xc0,
    0x0, 0x0, 0x2e, 0xff, 0xff, 0xff, 0xff, 0xa0,
    0x0, 0x0, 0x0, 0x6c, 0xef, 0xfd, 0x93, 0x0
};


/*---------------------
 *  GLYPH DESCRIPTION
 *--------------------*/

static const lv_font_fmt_txt_glyph_dsc_t glyph_dsc[] = {
    {.bitmap_index = 0, .adv_w = 0, .box_w = 0, .box_h = 0, .ofs_x = 0, .ofs_y = 0} /* id = 0 reserved */,
    {.bitmap_index = 0, .adv_w = 116, .box_w = 0, .box_h = 0, .ofs_x = 0, .ofs_y = 0},
    {.bitmap_index = 0, .adv_w = 109, .box_w = 4, .box_h = 19, .ofs_x = 1, .ofs_y = 0},
    {.bitmap_index = 38, .adv_w = 155, .box_w = 8, .box_h = 8, .ofs_x = 1, .ofs_y = 11},
    {.bitmap_index = 70, .adv_w = 312, .box_w = 18, .box_h = 19, .ofs_x = 1, .ofs_y = 0},
    {.bitmap_index = 241, .adv_w = 251, .box_w = 15, .box_h = 26, .ofs_x = 0, .ofs_y = -3},
    {.bitmap_index = 436, .adv_w = 333, .box_w = 19, .box_h = 19, .ofs_x = 1, .ofs_y = 0},
    {.bitmap_index = 617, .adv_w = 310, .box_w = 18, .box_h = 20, .ofs_x = 1, .ofs_y = -1},
    {.bitmap_index = 797, .adv_w = 81, .box_w = 3, .box_h = 8, .ofs_x = 1, .ofs_y = 11},
    {.bitmap_index = 809, .adv_w = 108, .box_w = 7, .box_h = 25, .ofs_x = 0, .ofs_y = -6},
    {.bitmap_index = 897, .adv_w = 108, .box_w = 6, .box_h = 25, .ofs_x = 0, .ofs_y = -6},
    {.bitmap_index = 972, .adv_w = 178, .box_w = 10, .box_h = 9, .ofs_x = 1, .ofs_y = 10},
    {.bitmap_index = 1017, .adv_w = 251, .box_w = 14, .box_h = 14, .ofs_x = 1, .ofs_y = 0},
    {.bitmap_index = 1115, .adv_w = 108, .box_w = 7, .box_h = 9, .ofs_x = 0, .ofs_y = -4},
    {.bitmap_index = 1147, .adv_w = 146, .box_w = 8, .box_h = 3, .ofs_x = 1, .ofs_y = 7},
    {.bitmap_index = 1159, .adv_w = 108, .box_w = 4, .box_h = 4, .ofs_x = 1, .ofs_y = 0},
    {.bitmap_index = 1167, .adv_w = 188, .box_w = 13, .box_h = 25, .ofs_x = -2, .ofs_y = -6},
    {.bitmap_index = 1330, .adv_w = 251, .box_w = 14, .box_h = 19, .ofs_x = 1, .ofs_y = 0},
    {.bitmap_index = 1463, .adv_w = 251, .box_w = 9, .box_h = 19, .ofs_x = 2, .ofs_y = 0},
    {.bitmap_index = 1549, .adv_w = 251, .box_w = 14, .box_h = 19, .ofs_x = 1, .ofs_y = 0},
    {.bitmap_index = 1682, .adv_w = 251, .box_w = 15, .box_h = 19, .ofs_x = 0, .ofs_y = 0},
    {.bitmap_index = 1825, .adv_w = 251, .box_w = 16, .box_h = 19, .ofs_x = 0, .ofs_y = 0},
    {.bitmap_index = 1977, .adv_w = 251, .box_w = 15, .box_h = 19, .ofs_x = 0, .ofs_y = 0},
    {.bitmap_index = 2120, .adv_w = 251, .box_w = 15, .box_h = 19, .ofs_x = 0, .ofs_y = 0},
    {.bitmap_index = 2263, .adv_w = 251, .box_w = 15, .box_h = 19, .ofs_x = 0, .ofs_y = 0},
    {.bitmap_index = 2406, .adv_w = 251, .box_w = 15, .box_h = 19, .ofs_x = 0, .ofs_y = 0},
    {.bitmap_index = 2549, .adv_w = 251, .box_w = 15, .box_h = 19, .ofs_x = 0, .ofs_y = 0},
    {.bitmap_index = 2692, .adv_w = 108, .box_w = 4, .box_h = 13, .ofs_x = 1, .ofs_y = 0},
    {.bitmap_index = 2718, .adv_w = 108, .box_w = 6, .box_h = 18, .ofs_x = 0, .ofs_y = -4},
    {.bitmap_index = 2772, .adv_w = 251, .box_w = 15, .box_h = 14, .ofs_x = 0, .ofs_y = 0},
    {.bitmap_index = 2877, .adv_w = 251, .box_w = 12, .box_h = 9, .ofs_x = 2, .ofs_y = 3},
    {.bitmap_index = 2931, .adv_w = 251, .box_w = 14, .box_h = 14, .ofs_x = 1, .ofs_y = 0},
    {.bitmap_index = 3029, .adv_w = 231, .box_w = 13, .box_h = 19, .ofs_x = 1, .ofs_y = 0},
    {.bitmap_index = 3153, .adv_w = 392, .box_w = 22, .box_h = 21, .ofs_x = 1, .ofs_y = -3},
    {.bitmap_index = 3384, .adv_w = 291, .box_w = 18, .box_h = 19, .ofs_x = 0, .ofs_y = 0},
    {.bitmap_index = 3555, .adv_w = 271, .box_w = 14, .box_h = 19, .ofs_x = 2, .ofs_y = 0},
    {.bitmap_index = 3688, .adv_w = 316, .box_w = 18, .box_h = 19, .ofs_x = 1, .ofs_y = 0},
    {.bitmap_index = 3859, .adv_w = 304, .box_w = 16, .box_h = 19, .ofs_x = 2, .ofs_y = 0},
    {.bitmap_index = 4011, .adv_w = 261, .box_w = 14, .box_h = 19, .ofs_x = 2, .ofs_y = 0},
    {.bitmap_index = 4144, .adv_w = 252, .box_w = 13, .box_h = 19, .ofs_x = 2, .ofs_y = 0},
    {.bitmap_index = 4268, .adv_w = 328, .box_w = 18, .box_h = 19, .ofs_x = 1, .ofs_y = 0},
    {.bitmap_index = 4439, .adv_w = 306, .box_w = 16, .box_h = 19, .ofs_x = 2, .ofs_y = 0},
    {.bitmap_index = 4591, .adv_w = 113, .box_w = 3, .box_h = 19, .ofs_x = 2, .ofs_y = 0},
    {.bitmap_index = 4620, .adv_w = 248, .box_w = 14, .box_h = 19, .ofs_x = 0, .ofs_y = 0},
    {.bitmap_index = 4753, .adv_w = 289, .box_w = 16, .box_h = 19, .ofs_x = 2, .ofs_y = 0},
    {.bitmap_index = 4905, .adv_w = 223, .box_w = 12, .box_h = 19, .ofs_x = 2, .ofs_y = 0},
    {.bitmap_index = 5019, .adv_w = 379, .box_w = 20, .box_h = 19, .ofs_x = 2, .ofs_y = 0},
    {.bitmap_index = 5209, .adv_w = 305, .box_w = 15, .box_h = 19, .ofs_x = 2, .ofs_y = 0},
    {.bitmap_index = 5352, .adv_w = 335, .box_w = 19, .box_h = 19, .ofs_x = 1, .ofs_y = 0},
    {.bitmap_index = 5533, .adv_w = 250, .box_w = 13, .box_h = 19, .ofs_x = 2, .ofs_y = 0},
    {.bitmap_index = 5657, .adv_w = 349, .box_w = 20, .box_h = 20, .ofs_x = 1, .ofs_y = -1},
    {.bitmap_index = 5857, .adv_w = 270, .box_w = 15, .box_h = 19, .ofs_x = 2, .ofs_y = 0},
    {.bitmap_index = 6000, .adv_w = 254, .box_w = 15, .box_h = 19, .ofs_x = 0, .ofs_y = 0},
    {.bitmap_index = 6143, .adv_w = 263, .box_w = 17, .box_h = 19, .ofs_x = 0, .ofs_y = 0},
    {.bitmap_index = 6305, .adv_w = 294, .box_w = 16, .box_h = 19, .ofs_x = 1, .ofs_y = 0},
    {.bitmap_index = 6457, .adv_w = 296, .box_w = 19, .box_h = 19, .ofs_x = 0, .ofs_y = 0},
    {.bitmap_index = 6638, .adv_w = 432, .box_w = 27, .box_h = 19, .ofs_x = 0, .ofs_y = 0},
    {.bitmap_index = 6895, .adv_w = 292, .box_w = 18, .box_h = 19, .ofs_x = 0, .ofs_y = 0},
    {.bitmap_index = 7066, .adv_w = 273, .box_w = 17, .box_h = 19, .ofs_x = 0, .ofs_y = 0},
    {.bitmap_index = 7228, .adv_w = 264, .box_w = 16, .box_h = 19, .ofs_x = 0, .ofs_y = 0},
    {.bitmap_index = 7380, .adv_w = 122, .box_w = 7, .box_h = 28, .ofs_x = 1, .ofs_y = -7},
    {.bitmap_index = 7478, .adv_w = 203, .box_w = 14, .box_h = 25, .ofs_x = 1, .ofs_y = -6},
    {.bitmap_index = 7653, .adv_w = 122, .box_w = 6, .box_h = 28, .ofs_x = 0, .ofs_y = -7},
    {.bitmap_index = 7737, .adv_w = 258, .box_w = 16, .box_h = 14, .ofs_x = 0, .ofs_y = 6},
    {.bitmap_index = 7849, .adv_w = 194, .box_w = 12, .box_h = 3, .ofs_x = 0, .ofs_y = -2},
    {.bitmap_index = 7867, .adv_w = 134, .box_w = 7, .box_h = 4, .ofs_x = 1, .ofs_y = 16},
    {.bitmap_index = 7881, .adv_w = 243, .box_w = 13, .box_h = 14, .ofs_x = 1, .ofs_y = 0},
    {.bitmap_index = 7972, .adv_w = 261, .box_w = 15, .box_h = 19, .ofs_x = 1, .ofs_y = 0},
    {.bitmap_index = 8115, .adv_w = 233, .box_w = 13, .box_h = 14, .ofs_x = 1, .ofs_y = 0},
    {.bitmap_index = 8206, .adv_w = 261, .box_w = 14, .box_h = 19, .ofs_x = 1, .ofs_y = 0},
    {.bitmap_index = 8339, .adv_w = 242, .box_w = 13, .box_h = 14, .ofs_x = 1, .ofs_y = 0},
    {.bitmap_index = 8430, .adv_w = 152, .box_w = 10, .box_h = 19, .ofs_x = 0, .ofs_y = 0},
    {.bitmap_index = 8525, .adv_w = 232, .box_w = 14, .box_h = 21, .ofs_x = 1, .ofs_y = -6},
    {.bitmap_index = 8672, .adv_w = 248, .box_w = 13, .box_h = 19, .ofs_x = 1, .ofs_y = 0},
    {.bitmap_index = 8796, .adv_w = 104, .box_w = 4, .box_h = 19, .ofs_x = 1, .ofs_y = 0},
    {.bitmap_index = 8834, .adv_w = 104, .box_w = 6, .box_h = 25, .ofs_x = -1, .ofs_y = -6},
    {.bitmap_index = 8909, .adv_w = 242, .box_w = 14, .box_h = 19, .ofs_x = 1, .ofs_y = 0},
    {.bitmap_index = 9042, .adv_w = 121, .box_w = 6, .box_h = 19, .ofs_x = 1, .ofs_y = 0},
    {.bitmap_index = 9099, .adv_w = 373, .box_w = 21, .box_h = 14, .ofs_x = 1, .ofs_y = 0},
    {.bitmap_index = 9246, .adv_w = 248, .box_w = 13, .box_h = 14, .ofs_x = 1, .ofs_y = 0},
    {.bitmap_index = 9337, .adv_w = 258, .box_w = 14, .box_h = 14, .ofs_x = 1, .ofs_y = 0},
    {.bitmap_index = 9435, .adv_w = 261, .box_w = 15, .box_h = 20, .ofs_x = 1, .ofs_y = -6},
    {.bitmap_index = 9585, .adv_w = 261, .box_w = 14, .box_h = 20, .ofs_x = 1, .ofs_y = -6},
    {.bitmap_index = 9725, .adv_w = 185, .box_w = 11, .box_h = 14, .ofs_x = 1, .ofs_y = 0},
    {.bitmap_index = 9802, .adv_w = 211, .box_w = 12, .box_h = 14, .ofs_x = 0, .ofs_y = 0},
    {.bitmap_index = 9886, .adv_w = 158, .box_w = 9, .box_h = 20, .ofs_x = 0, .ofs_y = 0},
    {.bitmap_index = 9976, .adv_w = 248, .box_w = 13, .box_h = 14, .ofs_x = 1, .ofs_y = 0},
    {.bitmap_index = 10067, .adv_w = 236, .box_w = 15, .box_h = 14, .ofs_x = 0, .ofs_y = 0},
    {.bitmap_index = 10172, .adv_w = 336, .box_w = 21, .box_h = 14, .ofs_x = 0, .ofs_y = 0},
    {.bitmap_index = 10319, .adv_w = 236, .box_w = 15, .box_h = 14, .ofs_x = 0, .ofs_y = 0},
    {.bitmap_index = 10424, .adv_w = 236, .box_w = 15, .box_h = 20, .ofs_x = 0, .ofs_y = -6},
    {.bitmap_index = 10574, .adv_w = 211, .box_w = 12, .box_h = 14, .ofs_x = 1, .ofs_y = 0},
    {.bitmap_index = 10658, .adv_w = 114, .box_w = 7, .box_h = 28, .ofs_x = 0, .ofs_y = -7},
    {.bitmap_index = 10756, .adv_w = 117, .box_w = 3, .box_h = 28, .ofs_x = 2, .ofs_y = -7},
    {.bitmap_index = 10798, .adv_w = 114, .box_w = 7, .box_h = 28, .ofs_x = 0, .ofs_y = -7},
    {.bitmap_index = 10896, .adv_w = 251, .box_w = 13, .box_h = 5, .ofs_x = 1, .ofs_y = 4},
    {.bitmap_index = 10929, .adv_w = 116, .box_w = 0, .box_h = 0, .ofs_x = 0, .ofs_y = 0},
    {.bitmap_index = 10929, .adv_w = 109, .box_w = 4, .box_h = 20, .ofs_x = 1, .ofs_y = -6},
    {.bitmap_index = 10969, .adv_w = 251, .box_w = 14, .box_h = 20, .ofs_x = 1, .ofs_y = -3},
    {.bitmap_index = 11109, .adv_w = 251, .box_w = 14, .box_h = 19, .ofs_x = 1, .ofs_y = 0},
    {.bitmap_index = 11242, .adv_w = 274, .box_w = 15, .box_h = 15, .ofs_x = 1, .ofs_y = 1},
    {.bitmap_index = 11355, .adv_w = 251, .box_w = 16, .box_h = 19, .ofs_x = 0, .ofs_y = 0},
    {.bitmap_index = 11507, .adv_w = 117, .box_w = 3, .box_h = 28, .ofs_x = 2, .ofs_y = -7},
    {.bitmap_index = 11549, .adv_w = 263, .box_w = 15, .box_h = 25, .ofs_x = 1, .ofs_y = -6},
    {.bitmap_index = 11737, .adv_w = 175, .box_w = 9, .box_h = 4, .ofs_x = 1, .ofs_y = 16},
    {.bitmap_index = 11755, .adv_w = 367, .box_w = 21, .box_h = 21, .ofs_x = 1, .ofs_y = -1},
    {.bitmap_index = 11976, .adv_w = 220, .box_w = 9, .box_h = 11, .ofs_x = 2, .ofs_y = 10},
    {.bitmap_index = 12026, .adv_w = 221, .box_w = 14, .box_h = 12, .ofs_x = 0, .ofs_y = 1},
    {.bitmap_index = 12110, .adv_w = 251, .box_w = 14, .box_h = 8, .ofs_x = 0, .ofs_y = 0},
    {.bitmap_index = 12166, .adv_w = 146, .box_w = 8, .box_h = 3, .ofs_x = 1, .ofs_y = 7},
    {.bitmap_index = 12178, .adv_w = 278, .box_w = 15, .box_h = 16, .ofs_x = 1, .ofs_y = 5},
    {.bitmap_index = 12298, .adv_w = 163, .box_w = 8, .box_h = 2, .ofs_x = 1, .ofs_y = 16},
    {.bitmap_index = 12306, .adv_w = 188, .box_w = 9, .box_h = 8, .ofs_x = 1, .ofs_y = 12},
    {.bitmap_index = 12342, .adv_w = 251, .box_w = 15, .box_h = 16, .ofs_x = 0, .ofs_y = -1},
    {.bitmap_index = 12462, .adv_w = 185, .box_w = 10, .box_h = 11, .ofs_x = 1, .ofs_y = 14},
    {.bitmap_index = 12517, .adv_w = 183, .box_w = 9, .box_h = 11, .ofs_x = 1, .ofs_y = 14},
    {.bitmap_index = 12567, .adv_w = 137, .box_w = 7, .box_h = 4, .ofs_x = 1, .ofs_y = 16},
    {.bitmap_index = 12581, .adv_w = 248, .box_w = 13, .box_h = 19, .ofs_x = 1, .ofs_y = -5},
    {.bitmap_index = 12705, .adv_w = 263, .box_w = 13, .box_h = 23, .ofs_x = 1, .ofs_y = -4},
    {.bitmap_index = 12855, .adv_w = 146, .box_w = 4, .box_h = 4, .ofs_x = 2, .ofs_y = 8},
    {.bitmap_index = 12863, .adv_w = 132, .box_w = 6, .box_h = 7, .ofs_x = 1, .ofs_y = -7},
    {.bitmap_index = 12884, .adv_w = 120, .box_w = 5, .box_h = 11, .ofs_x = 1, .ofs_y = 14},
    {.bitmap_index = 12912, .adv_w = 231, .box_w = 11, .box_h = 10, .ofs_x = 2, .ofs_y = 10},
    {.bitmap_index = 12967, .adv_w = 208, .box_w = 14, .box_h = 12, .ofs_x = -1, .ofs_y = 1},
    {.bitmap_index = 13051, .adv_w = 327, .box_w = 20, .box_h = 20, .ofs_x = 0, .ofs_y = 0},
    {.bitmap_index = 13251, .adv_w = 345, .box_w = 21, .box_h = 20, .ofs_x = 0, .ofs_y = 0},
    {.bitmap_index = 13461, .adv_w = 363, .box_w = 23, .box_h = 20, .ofs_x = 0, .ofs_y = 0},
    {.bitmap_index = 13691, .adv_w = 164, .box_w = 13, .box_h = 20, .ofs_x = 0, .ofs_y = -6},
    {.bitmap_index = 13821, .adv_w = 291, .box_w = 18, .box_h = 25, .ofs_x = 0, .ofs_y = 0},
    {.bitmap_index = 14046, .adv_w = 291, .box_w = 18, .box_h = 25, .ofs_x = 0, .ofs_y = 0},
    {.bitmap_index = 14271, .adv_w = 291, .box_w = 18, .box_h = 26, .ofs_x = 0, .ofs_y = 0},
    {.bitmap_index = 14505, .adv_w = 291, .box_w = 18, .box_h = 25, .ofs_x = 0, .ofs_y = 0},
    {.bitmap_index = 14730, .adv_w = 291, .box_w = 18, .box_h = 25, .ofs_x = 0, .ofs_y = 0},
    {.bitmap_index = 14955, .adv_w = 291, .box_w = 18, .box_h = 24, .ofs_x = 0, .ofs_y = 0},
    {.bitmap_index = 15171, .adv_w = 406, .box_w = 25, .box_h = 19, .ofs_x = 0, .ofs_y = 0},
    {.bitmap_index = 15409, .adv_w = 316, .box_w = 18, .box_h = 25, .ofs_x = 1, .ofs_y = -6},
    {.bitmap_index = 15634, .adv_w = 261, .box_w = 14, .box_h = 25, .ofs_x = 2, .ofs_y = 0},
    {.bitmap_index = 15809, .adv_w = 261, .box_w = 14, .box_h = 25, .ofs_x = 2, .ofs_y = 0},
    {.bitmap_index = 15984, .adv_w = 261, .box_w = 14, .box_h = 26, .ofs_x = 2, .ofs_y = 0},
    {.bitmap_index = 16166, .adv_w = 261, .box_w = 14, .box_h = 25, .ofs_x = 2, .ofs_y = 0},
    {.bitmap_index = 16341, .adv_w = 113, .box_w = 7, .box_h = 25, .ofs_x = -2, .ofs_y = 0},
    {.bitmap_index = 16429, .adv_w = 113, .box_w = 7, .box_h = 25, .ofs_x = 2, .ofs_y = 0},
    {.bitmap_index = 16517, .adv_w = 113, .box_w = 9, .box_h = 26, .ofs_x = -1, .ofs_y = 0},
    {.bitmap_index = 16634, .adv_w = 113, .box_w = 9, .box_h = 25, .ofs_x = -1, .ofs_y = 0},
    {.bitmap_index = 16747, .adv_w = 304, .box_w = 18, .box_h = 19, .ofs_x = 0, .ofs_y = 0},
    {.bitmap_index = 16918, .adv_w = 305, .box_w = 15, .box_h = 25, .ofs_x = 2, .ofs_y = 0},
    {.bitmap_index = 17106, .adv_w = 335, .box_w = 19, .box_h = 26, .ofs_x = 1, .ofs_y = 0},
    {.bitmap_index = 17353, .adv_w = 335, .box_w = 19, .box_h = 26, .ofs_x = 1, .ofs_y = 0},
    {.bitmap_index = 17600, .adv_w = 335, .box_w = 19, .box_h = 26, .ofs_x = 1, .ofs_y = 0},
    {.bitmap_index = 17847, .adv_w = 335, .box_w = 19, .box_h = 25, .ofs_x = 1, .ofs_y = 0},
    {.bitmap_index = 18085, .adv_w = 335, .box_w = 19, .box_h = 26, .ofs_x = 1, .ofs_y = 0},
    {.bitmap_index = 18332, .adv_w = 251, .box_w = 13, .box_h = 12, .ofs_x = 1, .ofs_y = 1},
    {.bitmap_index = 18410, .adv_w = 335, .box_w = 19, .box_h = 19, .ofs_x = 1, .ofs_y = 0},
    {.bitmap_index = 18591, .adv_w = 294, .box_w = 16, .box_h = 26, .ofs_x = 1, .ofs_y = 0},
    {.bitmap_index = 18799, .adv_w = 294, .box_w = 16, .box_h = 26, .ofs_x = 1, .ofs_y = 0},
    {.bitmap_index = 19007, .adv_w = 294, .box_w = 16, .box_h = 26, .ofs_x = 1, .ofs_y = 0},
    {.bitmap_index = 19215, .adv_w = 294, .box_w = 16, .box_h = 26, .ofs_x = 1, .ofs_y = 0},
    {.bitmap_index = 19423, .adv_w = 273, .box_w = 17, .box_h = 25, .ofs_x = 0, .ofs_y = 0},
    {.bitmap_index = 19636, .adv_w = 280, .box_w = 13, .box_h = 19, .ofs_x = 3, .ofs_y = 0},
    {.bitmap_index = 19760, .adv_w = 287, .box_w = 16, .box_h = 19, .ofs_x = 1, .ofs_y = 0},
    {.bitmap_index = 19912, .adv_w = 243, .box_w = 13, .box_h = 19, .ofs_x = 1, .ofs_y = 0},
    {.bitmap_index = 20036, .adv_w = 243, .box_w = 13, .box_h = 19, .ofs_x = 1, .ofs_y = 0},
    {.bitmap_index = 20160, .adv_w = 243, .box_w = 13, .box_h = 21, .ofs_x = 1, .ofs_y = 0},
    {.bitmap_index = 20297, .adv_w = 243, .box_w = 13, .box_h = 19, .ofs_x = 1, .ofs_y = 0},
    {.bitmap_index = 20421, .adv_w = 243, .box_w = 13, .box_h = 19, .ofs_x = 1, .ofs_y = 0},
    {.bitmap_index = 20545, .adv_w = 243, .box_w = 13, .box_h = 21, .ofs_x = 1, .ofs_y = 0},
    {.bitmap_index = 20682, .adv_w = 387, .box_w = 22, .box_h = 14, .ofs_x = 1, .ofs_y = 0},
    {.bitmap_index = 20836, .adv_w = 233, .box_w = 13, .box_h = 20, .ofs_x = 1, .ofs_y = -6},
    {.bitmap_index = 20966, .adv_w = 242, .box_w = 13, .box_h = 19, .ofs_x = 1, .ofs_y = 0},
    {.bitmap_index = 21090, .adv_w = 242, .box_w = 13, .box_h = 19, .ofs_x = 1, .ofs_y = 0},
    {.bitmap_index = 21214, .adv_w = 242, .box_w = 13, .box_h = 21, .ofs_x = 1, .ofs_y = 0},
    {.bitmap_index = 21351, .adv_w = 242, .box_w = 13, .box_h = 19, .ofs_x = 1, .ofs_y = 0},
    {.bitmap_index = 21475, .adv_w = 104, .box_w = 7, .box_h = 19, .ofs_x = -2, .ofs_y = 0},
    {.bitmap_index = 21542, .adv_w = 104, .box_w = 8, .box_h = 19, .ofs_x = 1, .ofs_y = 0},
    {.bitmap_index = 21618, .adv_w = 104, .box_w = 10, .box_h = 20, .ofs_x = -2, .ofs_y = 0},
    {.bitmap_index = 21718, .adv_w = 104, .box_w = 9, .box_h = 19, .ofs_x = -1, .ofs_y = 0},
    {.bitmap_index = 21804, .adv_w = 275, .box_w = 16, .box_h = 21, .ofs_x = 1, .ofs_y = 0},
    {.bitmap_index = 21972, .adv_w = 248, .box_w = 13, .box_h = 19, .ofs_x = 1, .ofs_y = 0},
    {.bitmap_index = 22096, .adv_w = 258, .box_w = 14, .box_h = 19, .ofs_x = 1, .ofs_y = 0},
    {.bitmap_index = 22229, .adv_w = 258, .box_w = 14, .box_h = 19, .ofs_x = 1, .ofs_y = 0},
    {.bitmap_index = 22362, .adv_w = 258, .box_w = 14, .box_h = 21, .ofs_x = 1, .ofs_y = 0},
    {.bitmap_index = 22509, .adv_w = 258, .box_w = 14, .box_h = 19, .ofs_x = 1, .ofs_y = 0},
    {.bitmap_index = 22642, .adv_w = 258, .box_w = 14, .box_h = 19, .ofs_x = 1, .ofs_y = 0},
    {.bitmap_index = 22775, .adv_w = 251, .box_w = 13, .box_h = 13, .ofs_x = 1, .ofs_y = 1},
    {.bitmap_index = 22860, .adv_w = 258, .box_w = 14, .box_h = 17, .ofs_x = 1, .ofs_y = -1},
    {.bitmap_index = 22979, .adv_w = 248, .box_w = 13, .box_h = 19, .ofs_x = 1, .ofs_y = 0},
    {.bitmap_index = 23103, .adv_w = 248, .box_w = 13, .box_h = 19, .ofs_x = 1, .ofs_y = 0},
    {.bitmap_index = 23227, .adv_w = 248, .box_w = 13, .box_h = 21, .ofs_x = 1, .ofs_y = 0},
    {.bitmap_index = 23364, .adv_w = 248, .box_w = 13, .box_h = 19, .ofs_x = 1, .ofs_y = 0},
    {.bitmap_index = 23488, .adv_w = 236, .box_w = 15, .box_h = 25, .ofs_x = 0, .ofs_y = -6},
    {.bitmap_index = 23676, .adv_w = 279, .box_w = 14, .box_h = 25, .ofs_x = 2, .ofs_y = -6},
    {.bitmap_index = 23851, .adv_w = 236, .box_w = 15, .box_h = 25, .ofs_x = 0, .ofs_y = -6},
    {.bitmap_index = 24039, .adv_w = 291, .box_w = 18, .box_h = 24, .ofs_x = 0, .ofs_y = 0},
    {.bitmap_index = 24255, .adv_w = 243, .box_w = 13, .box_h = 18, .ofs_x = 1, .ofs_y = 0},
    {.bitmap_index = 24372, .adv_w = 291, .box_w = 18, .box_h = 25, .ofs_x = 0, .ofs_y = 0},
    {.bitmap_index = 24597, .adv_w = 243, .box_w = 13, .box_h = 19, .ofs_x = 1, .ofs_y = 0},
    {.bitmap_index = 24721, .adv_w = 291, .box_w = 19, .box_h = 25, .ofs_x = 0, .ofs_y = -6},
    {.bitmap_index = 24959, .adv_w = 243, .box_w = 14, .box_h = 20, .ofs_x = 1, .ofs_y = -6},
    {.bitmap_index = 25099, .adv_w = 316, .box_w = 18, .box_h = 26, .ofs_x = 1, .ofs_y = 0},
    {.bitmap_index = 25333, .adv_w = 233, .box_w = 13, .box_h = 19, .ofs_x = 1, .ofs_y = 0},
    {.bitmap_index = 25457, .adv_w = 316, .box_w = 18, .box_h = 26, .ofs_x = 1, .ofs_y = 0},
    {.bitmap_index = 25691, .adv_w = 233, .box_w = 13, .box_h = 21, .ofs_x = 1, .ofs_y = 0},
    {.bitmap_index = 25828, .adv_w = 316, .box_w = 18, .box_h = 26, .ofs_x = 1, .ofs_y = 0},
    {.bitmap_index = 26062, .adv_w = 233, .box_w = 13, .box_h = 19, .ofs_x = 1, .ofs_y = 0},
    {.bitmap_index = 26186, .adv_w = 316, .box_w = 18, .box_h = 26, .ofs_x = 1, .ofs_y = 0},
    {.bitmap_index = 26420, .adv_w = 233, .box_w = 13, .box_h = 19, .ofs_x = 1, .ofs_y = 0},
    {.bitmap_index = 26544, .adv_w = 304, .box_w = 16, .box_h = 25, .ofs_x = 2, .ofs_y = 0},
    {.bitmap_index = 26744, .adv_w = 339, .box_w = 20, .box_h = 19, .ofs_x = 1, .ofs_y = 0},
    {.bitmap_index = 26934, .adv_w = 304, .box_w = 18, .box_h = 19, .ofs_x = 0, .ofs_y = 0},
    {.bitmap_index = 27105, .adv_w = 261, .box_w = 16, .box_h = 19, .ofs_x = 1, .ofs_y = 0},
    {.bitmap_index = 27257, .adv_w = 261, .box_w = 14, .box_h = 24, .ofs_x = 2, .ofs_y = 0},
    {.bitmap_index = 27425, .adv_w = 242, .box_w = 13, .box_h = 18, .ofs_x = 1, .ofs_y = 0},
    {.bitmap_index = 27542, .adv_w = 261, .box_w = 14, .box_h = 25, .ofs_x = 2, .ofs_y = 0},
    {.bitmap_index = 27717, .adv_w = 242, .box_w = 13, .box_h = 19, .ofs_x = 1, .ofs_y = 0},
    {.bitmap_index = 27841, .adv_w = 261, .box_w = 14, .box_h = 25, .ofs_x = 2, .ofs_y = 0},
    {.bitmap_index = 28016, .adv_w = 242, .box_w = 13, .box_h = 19, .ofs_x = 1, .ofs_y = 0},
    {.bitmap_index = 28140, .adv_w = 261, .box_w = 15, .box_h = 25, .ofs_x = 2, .ofs_y = -6},
    {.bitmap_index = 28328, .adv_w = 242, .box_w = 13, .box_h = 20, .ofs_x = 1, .ofs_y = -6},
    {.bitmap_index = 28458, .adv_w = 261, .box_w = 14, .box_h = 25, .ofs_x = 2, .ofs_y = 0},
    {.bitmap_index = 28633, .adv_w = 242, .box_w = 13, .box_h = 19, .ofs_x = 1, .ofs_y = 0},
    {.bitmap_index = 28757, .adv_w = 328, .box_w = 18, .box_h = 26, .ofs_x = 1, .ofs_y = 0},
    {.bitmap_index = 28991, .adv_w = 232, .box_w = 14, .box_h = 26, .ofs_x = 1, .ofs_y = -6},
    {.bitmap_index = 29173, .adv_w = 328, .box_w = 18, .box_h = 25, .ofs_x = 1, .ofs_y = 0},
    {.bitmap_index = 29398, .adv_w = 232, .box_w = 14, .box_h = 25, .ofs_x = 1, .ofs_y = -6},
    {.bitmap_index = 29573, .adv_w = 328, .box_w = 18, .box_h = 26, .ofs_x = 1, .ofs_y = 0},
    {.bitmap_index = 29807, .adv_w = 232, .box_w = 14, .box_h = 25, .ofs_x = 1, .ofs_y = -6},
    {.bitmap_index = 29982, .adv_w = 328, .box_w = 18, .box_h = 25, .ofs_x = 1, .ofs_y = -6},
    {.bitmap_index = 30207, .adv_w = 232, .box_w = 14, .box_h = 25, .ofs_x = 1, .ofs_y = -6},
    {.bitmap_index = 30382, .adv_w = 306, .box_w = 16, .box_h = 26, .ofs_x = 2, .ofs_y = 0},
    {.bitmap_index = 30590, .adv_w = 248, .box_w = 15, .box_h = 26, .ofs_x = -1, .ofs_y = 0},
    {.bitmap_index = 30785, .adv_w = 306, .box_w = 19, .box_h = 19, .ofs_x = 0, .ofs_y = 0},
    {.bitmap_index = 30966, .adv_w = 248, .box_w = 14, .box_h = 19, .ofs_x = 0, .ofs_y = 0},
    {.bitmap_index = 31099, .adv_w = 113, .box_w = 11, .box_h = 25, .ofs_x = -2, .ofs_y = 0},
    {.bitmap_index = 31237, .adv_w = 104, .box_w = 10, .box_h = 19, .ofs_x = -2, .ofs_y = 0},
    {.bitmap_index = 31332, .adv_w = 113, .box_w = 9, .box_h = 24, .ofs_x = -1, .ofs_y = 0},
    {.bitmap_index = 31440, .adv_w = 104, .box_w = 9, .box_h = 18, .ofs_x = -1, .ofs_y = 0},
    {.bitmap_index = 31521, .adv_w = 113, .box_w = 9, .box_h = 25, .ofs_x = -1, .ofs_y = 0},
    {.bitmap_index = 31634, .adv_w = 104, .box_w = 10, .box_h = 19, .ofs_x = -2, .ofs_y = 0},
    {.bitmap_index = 31729, .adv_w = 113, .box_w = 6, .box_h = 25, .ofs_x = 0, .ofs_y = -6},
    {.bitmap_index = 31804, .adv_w = 104, .box_w = 6, .box_h = 25, .ofs_x = 0, .ofs_y = -6},
    {.bitmap_index = 31879, .adv_w = 113, .box_w = 5, .box_h = 25, .ofs_x = 1, .ofs_y = 0},
    {.bitmap_index = 31942, .adv_w = 104, .box_w = 4, .box_h = 14, .ofs_x = 1, .ofs_y = 0},
    {.bitmap_index = 31970, .adv_w = 361, .box_w = 19, .box_h = 19, .ofs_x = 2, .ofs_y = 0},
    {.bitmap_index = 32151, .adv_w = 208, .box_w = 11, .box_h = 25, .ofs_x = 1, .ofs_y = -6},
    {.bitmap_index = 32289, .adv_w = 248, .box_w = 14, .box_h = 26, .ofs_x = 0, .ofs_y = 0},
    {.bitmap_index = 32471, .adv_w = 104, .box_w = 10, .box_h = 26, .ofs_x = -2, .ofs_y = -6},
    {.bitmap_index = 32601, .adv_w = 289, .box_w = 16, .box_h = 25, .ofs_x = 2, .ofs_y = -6},
    {.bitmap_index = 32801, .adv_w = 242, .box_w = 14, .box_h = 25, .ofs_x = 1, .ofs_y = -6},
    {.bitmap_index = 32976, .adv_w = 249, .box_w = 14, .box_h = 14, .ofs_x = 1, .ofs_y = 0},
    {.bitmap_index = 33074, .adv_w = 223, .box_w = 12, .box_h = 25, .ofs_x = 2, .ofs_y = 0},
    {.bitmap_index = 33224, .adv_w = 115, .box_w = 8, .box_h = 26, .ofs_x = 1, .ofs_y = 0},
    {.bitmap_index = 33328, .adv_w = 223, .box_w = 12, .box_h = 25, .ofs_x = 2, .ofs_y = -6},
    {.bitmap_index = 33478, .adv_w = 115, .box_w = 7, .box_h = 25, .ofs_x = 0, .ofs_y = -6},
    {.bitmap_index = 33566, .adv_w = 223, .box_w = 12, .box_h = 19, .ofs_x = 2, .ofs_y = 0},
    {.bitmap_index = 33680, .adv_w = 138, .box_w = 10, .box_h = 19, .ofs_x = 1, .ofs_y = 0},
    {.bitmap_index = 33775, .adv_w = 269, .box_w = 14, .box_h = 19, .ofs_x = 2, .ofs_y = 0},
    {.bitmap_index = 33908, .adv_w = 188, .box_w = 10, .box_h = 19, .ofs_x = 1, .ofs_y = 0},
    {.bitmap_index = 34003, .adv_w = 223, .box_w = 14, .box_h = 19, .ofs_x = 0, .ofs_y = 0},
    {.bitmap_index = 34136, .adv_w = 115, .box_w = 7, .box_h = 19, .ofs_x = 0, .ofs_y = 0},
    {.bitmap_index = 34203, .adv_w = 305, .box_w = 15, .box_h = 25, .ofs_x = 2, .ofs_y = 0},
    {.bitmap_index = 34391, .adv_w = 248, .box_w = 13, .box_h = 19, .ofs_x = 1, .ofs_y = 0},
    {.bitmap_index = 34515, .adv_w = 305, .box_w = 15, .box_h = 25, .ofs_x = 2, .ofs_y = -6},
    {.bitmap_index = 34703, .adv_w = 248, .box_w = 13, .box_h = 20, .ofs_x = 1, .ofs_y = -6},
    {.bitmap_index = 34833, .adv_w = 305, .box_w = 15, .box_h = 25, .ofs_x = 2, .ofs_y = 0},
    {.bitmap_index = 35021, .adv_w = 248, .box_w = 13, .box_h = 19, .ofs_x = 1, .ofs_y = 0},
    {.bitmap_index = 35145, .adv_w = 312, .box_w = 18, .box_h = 19, .ofs_x = 0, .ofs_y = 0},
    {.bitmap_index = 35316, .adv_w = 305, .box_w = 15, .box_h = 24, .ofs_x = 2, .ofs_y = -5},
    {.bitmap_index = 35496, .adv_w = 272, .box_w = 13, .box_h = 20, .ofs_x = 2, .ofs_y = -6},
    {.bitmap_index = 35626, .adv_w = 335, .box_w = 19, .box_h = 24, .ofs_x = 1, .ofs_y = 0},
    {.bitmap_index = 35854, .adv_w = 258, .box_w = 14, .box_h = 18, .ofs_x = 1, .ofs_y = 0},
    {.bitmap_index = 35980, .adv_w = 335, .box_w = 19, .box_h = 25, .ofs_x = 1, .ofs_y = 0},
    {.bitmap_index = 36218, .adv_w = 258, .box_w = 14, .box_h = 19, .ofs_x = 1, .ofs_y = 0},
    {.bitmap_index = 36351, .adv_w = 335, .box_w = 19, .box_h = 26, .ofs_x = 1, .ofs_y = 0},
    {.bitmap_index = 36598, .adv_w = 258, .box_w = 15, .box_h = 19, .ofs_x = 1, .ofs_y = 0},
    {.bitmap_index = 36741, .adv_w = 452, .box_w = 26, .box_h = 19, .ofs_x = 1, .ofs_y = 0},
    {.bitmap_index = 36988, .adv_w = 415, .box_w = 24, .box_h = 14, .ofs_x = 1, .ofs_y = 0},
    {.bitmap_index = 37156, .adv_w = 270, .box_w = 15, .box_h = 26, .ofs_x = 2, .ofs_y = 0},
    {.bitmap_index = 37351, .adv_w = 185, .box_w = 11, .box_h = 19, .ofs_x = 1, .ofs_y = 0},
    {.bitmap_index = 37456, .adv_w = 270, .box_w = 15, .box_h = 25, .ofs_x = 2, .ofs_y = -6},
    {.bitmap_index = 37644, .adv_w = 185, .box_w = 11, .box_h = 20, .ofs_x = 1, .ofs_y = -6},
    {.bitmap_index = 37754, .adv_w = 270, .box_w = 15, .box_h = 25, .ofs_x = 2, .ofs_y = 0},
    {.bitmap_index = 37942, .adv_w = 185, .box_w = 11, .box_h = 19, .ofs_x = 1, .ofs_y = 0},
    {.bitmap_index = 38047, .adv_w = 254, .box_w = 15, .box_h = 26, .ofs_x = 0, .ofs_y = 0},
    {.bitmap_index = 38242, .adv_w = 211, .box_w = 12, .box_h = 19, .ofs_x = 0, .ofs_y = 0},
    {.bitmap_index = 38356, .adv_w = 254, .box_w = 15, .box_h = 26, .ofs_x = 0, .ofs_y = 0},
    {.bitmap_index = 38551, .adv_w = 211, .box_w = 12, .box_h = 21, .ofs_x = 0, .ofs_y = 0},
    {.bitmap_index = 38677, .adv_w = 254, .box_w = 15, .box_h = 25, .ofs_x = 0, .ofs_y = -6},
    {.bitmap_index = 38865, .adv_w = 211, .box_w = 12, .box_h = 20, .ofs_x = 0, .ofs_y = -6},
    {.bitmap_index = 38985, .adv_w = 254, .box_w = 15, .box_h = 26, .ofs_x = 0, .ofs_y = 0},
    {.bitmap_index = 39180, .adv_w = 211, .box_w = 12, .box_h = 19, .ofs_x = 0, .ofs_y = 0},
    {.bitmap_index = 39294, .adv_w = 263, .box_w = 17, .box_h = 25, .ofs_x = 0, .ofs_y = -6},
    {.bitmap_index = 39507, .adv_w = 151, .box_w = 9, .box_h = 26, .ofs_x = 0, .ofs_y = -6},
    {.bitmap_index = 39624, .adv_w = 263, .box_w = 17, .box_h = 25, .ofs_x = 0, .ofs_y = 0},
    {.bitmap_index = 39837, .adv_w = 202, .box_w = 12, .box_h = 21, .ofs_x = 0, .ofs_y = 0},
    {.bitmap_index = 39963, .adv_w = 263, .box_w = 17, .box_h = 19, .ofs_x = 0, .ofs_y = 0},
    {.bitmap_index = 40125, .adv_w = 167, .box_w = 10, .box_h = 20, .ofs_x = 0, .ofs_y = 0},
    {.bitmap_index = 40225, .adv_w = 294, .box_w = 16, .box_h = 25, .ofs_x = 1, .ofs_y = 0},
    {.bitmap_index = 40425, .adv_w = 248, .box_w = 13, .box_h = 19, .ofs_x = 1, .ofs_y = 0},
    {.bitmap_index = 40549, .adv_w = 294, .box_w = 16, .box_h = 24, .ofs_x = 1, .ofs_y = 0},
    {.bitmap_index = 40741, .adv_w = 248, .box_w = 13, .box_h = 18, .ofs_x = 1, .ofs_y = 0},
    {.bitmap_index = 40858, .adv_w = 294, .box_w = 16, .box_h = 25, .ofs_x = 1, .ofs_y = 0},
    {.bitmap_index = 41058, .adv_w = 248, .box_w = 13, .box_h = 19, .ofs_x = 1, .ofs_y = 0},
    {.bitmap_index = 41182, .adv_w = 294, .box_w = 16, .box_h = 25, .ofs_x = 1, .ofs_y = 0},
    {.bitmap_index = 41382, .adv_w = 248, .box_w = 13, .box_h = 21, .ofs_x = 1, .ofs_y = 0},
    {.bitmap_index = 41519, .adv_w = 294, .box_w = 16, .box_h = 26, .ofs_x = 1, .ofs_y = 0},
    {.bitmap_index = 41727, .adv_w = 248, .box_w = 15, .box_h = 19, .ofs_x = 1, .ofs_y = 0},
    {.bitmap_index = 41870, .adv_w = 294, .box_w = 16, .box_h = 25, .ofs_x = 1, .ofs_y = -6},
    {.bitmap_index = 42070, .adv_w = 248, .box_w = 14, .box_h = 20, .ofs_x = 1, .ofs_y = -6},
    {.bitmap_index = 42210, .adv_w = 432, .box_w = 27, .box_h = 26, .ofs_x = 0, .ofs_y = 0},
    {.bitmap_index = 42561, .adv_w = 336, .box_w = 21, .box_h = 20, .ofs_x = 0, .ofs_y = 0},
    {.bitmap_index = 42771, .adv_w = 273, .box_w = 17, .box_h = 26, .ofs_x = 0, .ofs_y = 0},
    {.bitmap_index = 42992, .adv_w = 236, .box_w = 15, .box_h = 26, .ofs_x = 0, .ofs_y = -6},
    {.bitmap_index = 43187, .adv_w = 273, .box_w = 17, .box_h = 25, .ofs_x = 0, .ofs_y = 0},
    {.bitmap_index = 43400, .adv_w = 264, .box_w = 16, .box_h = 25, .ofs_x = 0, .ofs_y = 0},
    {.bitmap_index = 43600, .adv_w = 211, .box_w = 12, .box_h = 19, .ofs_x = 1, .ofs_y = 0},
    {.bitmap_index = 43714, .adv_w = 264, .box_w = 16, .box_h = 25, .ofs_x = 0, .ofs_y = 0},
    {.bitmap_index = 43914, .adv_w = 211, .box_w = 12, .box_h = 19, .ofs_x = 1, .ofs_y = 0},
    {.bitmap_index = 44028, .adv_w = 264, .box_w = 16, .box_h = 25, .ofs_x = 0, .ofs_y = 0},
    {.bitmap_index = 44228, .adv_w = 211, .box_w = 12, .box_h = 19, .ofs_x = 1, .ofs_y = 0},
    {.bitmap_index = 44342, .adv_w = 335, .box_w = 20, .box_h = 19, .ofs_x = 1, .ofs_y = 0},
    {.bitmap_index = 44532, .adv_w = 258, .box_w = 16, .box_h = 16, .ofs_x = 1, .ofs_y = 0},
    {.bitmap_index = 44660, .adv_w = 336, .box_w = 20, .box_h = 19, .ofs_x = 1, .ofs_y = 0},
    {.bitmap_index = 44850, .adv_w = 248, .box_w = 15, .box_h = 18, .ofs_x = 1, .ofs_y = 0},
    {.bitmap_index = 44985, .adv_w = 291, .box_w = 18, .box_h = 24, .ofs_x = 0, .ofs_y = -5},
    {.bitmap_index = 45201, .adv_w = 243, .box_w = 13, .box_h = 19, .ofs_x = 1, .ofs_y = -5},
    {.bitmap_index = 45325, .adv_w = 291, .box_w = 18, .box_h = 25, .ofs_x = 0, .ofs_y = 0},
    {.bitmap_index = 45550, .adv_w = 243, .box_w = 13, .box_h = 19, .ofs_x = 1, .ofs_y = 0},
    {.bitmap_index = 45674, .adv_w = 291, .box_w = 18, .box_h = 28, .ofs_x = 0, .ofs_y = 0},
    {.bitmap_index = 45926, .adv_w = 243, .box_w = 13, .box_h = 22, .ofs_x = 1, .ofs_y = 0},
    {.bitmap_index = 46069, .adv_w = 291, .box_w = 18, .box_h = 28, .ofs_x = 0, .ofs_y = 0},
    {.bitmap_index = 46321, .adv_w = 243, .box_w = 13, .box_h = 22, .ofs_x = 1, .ofs_y = 0},
    {.bitmap_index = 46464, .adv_w = 291, .box_w = 18, .box_h = 28, .ofs_x = 0, .ofs_y = 0},
    {.bitmap_index = 46716, .adv_w = 243, .box_w = 13, .box_h = 24, .ofs_x = 1, .ofs_y = 0},
    {.bitmap_index = 46872, .adv_w = 291, .box_w = 18, .box_h = 28, .ofs_x = 0, .ofs_y = 0},
    {.bitmap_index = 47124, .adv_w = 243, .box_w = 13, .box_h = 23, .ofs_x = 1, .ofs_y = 0},
    {.bitmap_index = 47274, .adv_w = 291, .box_w = 18, .box_h = 31, .ofs_x = 0, .ofs_y = -5},
    {.bitmap_index = 47553, .adv_w = 243, .box_w = 13, .box_h = 26, .ofs_x = 1, .ofs_y = -5},
    {.bitmap_index = 47722, .adv_w = 291, .box_w = 18, .box_h = 28, .ofs_x = 0, .ofs_y = 0},
    {.bitmap_index = 47974, .adv_w = 243, .box_w = 13, .box_h = 24, .ofs_x = 1, .ofs_y = 0},
    {.bitmap_index = 48130, .adv_w = 291, .box_w = 18, .box_h = 28, .ofs_x = 0, .ofs_y = 0},
    {.bitmap_index = 48382, .adv_w = 243, .box_w = 13, .box_h = 24, .ofs_x = 1, .ofs_y = 0},
    {.bitmap_index = 48538, .adv_w = 291, .box_w = 18, .box_h = 28, .ofs_x = 0, .ofs_y = 0},
    {.bitmap_index = 48790, .adv_w = 243, .box_w = 13, .box_h = 25, .ofs_x = 1, .ofs_y = 0},
    {.bitmap_index = 48953, .adv_w = 291, .box_w = 18, .box_h = 28, .ofs_x = 0, .ofs_y = 0},
    {.bitmap_index = 49205, .adv_w = 243, .box_w = 13, .box_h = 24, .ofs_x = 1, .ofs_y = 0},
    {.bitmap_index = 49361, .adv_w = 291, .box_w = 18, .box_h = 30, .ofs_x = 0, .ofs_y = -5},
    {.bitmap_index = 49631, .adv_w = 243, .box_w = 13, .box_h = 24, .ofs_x = 1, .ofs_y = -5},
    {.bitmap_index = 49787, .adv_w = 261, .box_w = 14, .box_h = 24, .ofs_x = 2, .ofs_y = -5},
    {.bitmap_index = 49955, .adv_w = 242, .box_w = 13, .box_h = 19, .ofs_x = 1, .ofs_y = -5},
    {.bitmap_index = 50079, .adv_w = 261, .box_w = 14, .box_h = 25, .ofs_x = 2, .ofs_y = 0},
    {.bitmap_index = 50254, .adv_w = 242, .box_w = 13, .box_h = 19, .ofs_x = 1, .ofs_y = 0},
    {.bitmap_index = 50378, .adv_w = 261, .box_w = 14, .box_h = 25, .ofs_x = 2, .ofs_y = 0},
    {.bitmap_index = 50553, .adv_w = 242, .box_w = 13, .box_h = 19, .ofs_x = 1, .ofs_y = 0},
    {.bitmap_index = 50677, .adv_w = 261, .box_w = 14, .box_h = 28, .ofs_x = 2, .ofs_y = 0},
    {.bitmap_index = 50873, .adv_w = 242, .box_w = 13, .box_h = 22, .ofs_x = 1, .ofs_y = 0},
    {.bitmap_index = 51016, .adv_w = 261, .box_w = 14, .box_h = 28, .ofs_x = 2, .ofs_y = 0},
    {.bitmap_index = 51212, .adv_w = 242, .box_w = 13, .box_h = 22, .ofs_x = 1, .ofs_y = 0},
    {.bitmap_index = 51355, .adv_w = 261, .box_w = 14, .box_h = 28, .ofs_x = 2, .ofs_y = 0},
    {.bitmap_index = 51551, .adv_w = 242, .box_w = 13, .box_h = 24, .ofs_x = 1, .ofs_y = 0},
    {.bitmap_index = 51707, .adv_w = 261, .box_w = 14, .box_h = 28, .ofs_x = 2, .ofs_y = 0},
    {.bitmap_index = 51903, .adv_w = 242, .box_w = 13, .box_h = 23, .ofs_x = 1, .ofs_y = 0},
    {.bitmap_index = 52053, .adv_w = 261, .box_w = 14, .box_h = 31, .ofs_x = 2, .ofs_y = -5},
    {.bitmap_index = 52270, .adv_w = 242, .box_w = 13, .box_h = 26, .ofs_x = 1, .ofs_y = -5},
    {.bitmap_index = 52439, .adv_w = 113, .box_w = 6, .box_h = 25, .ofs_x = 1, .ofs_y = 0},
    {.bitmap_index = 52514, .adv_w = 104, .box_w = 6, .box_h = 19, .ofs_x = 1, .ofs_y = 0},
    {.bitmap_index = 52571, .adv_w = 113, .box_w = 5, .box_h = 24, .ofs_x = 1, .ofs_y = -5},
    {.bitmap_index = 52631, .adv_w = 104, .box_w = 4, .box_h = 24, .ofs_x = 1, .ofs_y = -5},
    {.bitmap_index = 52679, .adv_w = 335, .box_w = 19, .box_h = 23, .ofs_x = 1, .ofs_y = -4},
    {.bitmap_index = 52898, .adv_w = 258, .box_w = 14, .box_h = 19, .ofs_x = 1, .ofs_y = -5},
    {.bitmap_index = 53031, .adv_w = 335, .box_w = 19, .box_h = 26, .ofs_x = 1, .ofs_y = 0},
    {.bitmap_index = 53278, .adv_w = 258, .box_w = 14, .box_h = 19, .ofs_x = 1, .ofs_y = 0},
    {.bitmap_index = 53411, .adv_w = 335, .box_w = 19, .box_h = 28, .ofs_x = 1, .ofs_y = 0},
    {.bitmap_index = 53677, .adv_w = 258, .box_w = 14, .box_h = 22, .ofs_x = 1, .ofs_y = 0},
    {.bitmap_index = 53831, .adv_w = 335, .box_w = 19, .box_h = 28, .ofs_x = 1, .ofs_y = 0},
    {.bitmap_index = 54097, .adv_w = 258, .box_w = 14, .box_h = 22, .ofs_x = 1, .ofs_y = 0},
    {.bitmap_index = 54251, .adv_w = 335, .box_w = 19, .box_h = 29, .ofs_x = 1, .ofs_y = 0},
    {.bitmap_index = 54527, .adv_w = 258, .box_w = 14, .box_h = 24, .ofs_x = 1, .ofs_y = 0},
    {.bitmap_index = 54695, .adv_w = 335, .box_w = 19, .box_h = 28, .ofs_x = 1, .ofs_y = 0},
    {.bitmap_index = 54961, .adv_w = 258, .box_w = 14, .box_h = 23, .ofs_x = 1, .ofs_y = 0},
    {.bitmap_index = 55122, .adv_w = 335, .box_w = 19, .box_h = 30, .ofs_x = 1, .ofs_y = -4},
    {.bitmap_index = 55407, .adv_w = 258, .box_w = 14, .box_h = 26, .ofs_x = 1, .ofs_y = -5},
    {.bitmap_index = 55589, .adv_w = 335, .box_w = 20, .box_h = 26, .ofs_x = 1, .ofs_y = 0},
    {.bitmap_index = 55849, .adv_w = 258, .box_w = 16, .box_h = 19, .ofs_x = 1, .ofs_y = 0},
    {.bitmap_index = 56001, .adv_w = 335, .box_w = 20, .box_h = 26, .ofs_x = 1, .ofs_y = 0},
    {.bitmap_index = 56261, .adv_w = 258, .box_w = 16, .box_h = 19, .ofs_x = 1, .ofs_y = 0},
    {.bitmap_index = 56413, .adv_w = 335, .box_w = 20, .box_h = 26, .ofs_x = 1, .ofs_y = 0},
    {.bitmap_index = 56673, .adv_w = 258, .box_w = 16, .box_h = 19, .ofs_x = 1, .ofs_y = 0},
    {.bitmap_index = 56825, .adv_w = 335, .box_w = 20, .box_h = 25, .ofs_x = 1, .ofs_y = 0},
    {.bitmap_index = 57075, .adv_w = 258, .box_w = 16, .box_h = 19, .ofs_x = 1, .ofs_y = 0},
    {.bitmap_index = 57227, .adv_w = 335, .box_w = 20, .box_h = 23, .ofs_x = 1, .ofs_y = -4},
    {.bitmap_index = 57457, .adv_w = 258, .box_w = 16, .box_h = 21, .ofs_x = 1, .ofs_y = -5},
    {.bitmap_index = 57625, .adv_w = 294, .box_w = 16, .box_h = 23, .ofs_x = 1, .ofs_y = -4},
    {.bitmap_index = 57809, .adv_w = 248, .box_w = 13, .box_h = 19, .ofs_x = 1, .ofs_y = -5},
    {.bitmap_index = 57933, .adv_w = 294, .box_w = 16, .box_h = 26, .ofs_x = 1, .ofs_y = 0},
    {.bitmap_index = 58141, .adv_w = 248, .box_w = 13, .box_h = 19, .ofs_x = 1, .ofs_y = 0},
    {.bitmap_index = 58265, .adv_w = 336, .box_w = 20, .box_h = 26, .ofs_x = 1, .ofs_y = 0},
    {.bitmap_index = 58525, .adv_w = 248, .box_w = 15, .box_h = 19, .ofs_x = 1, .ofs_y = 0},
    {.bitmap_index = 58668, .adv_w = 336, .box_w = 20, .box_h = 26, .ofs_x = 1, .ofs_y = 0},
    {.bitmap_index = 58928, .adv_w = 248, .box_w = 15, .box_h = 19, .ofs_x = 1, .ofs_y = 0},
    {.bitmap_index = 59071, .adv_w = 336, .box_w = 20, .box_h = 26, .ofs_x = 1, .ofs_y = 0},
    {.bitmap_index = 59331, .adv_w = 248, .box_w = 15, .box_h = 19, .ofs_x = 1, .ofs_y = 0},
    {.bitmap_index = 59474, .adv_w = 336, .box_w = 20, .box_h = 25, .ofs_x = 1, .ofs_y = 0},
    {.bitmap_index = 59724, .adv_w = 248, .box_w = 15, .box_h = 19, .ofs_x = 1, .ofs_y = 0},
    {.bitmap_index = 59867, .adv_w = 336, .box_w = 20, .box_h = 23, .ofs_x = 1, .ofs_y = -4},
    {.bitmap_index = 60097, .adv_w = 248, .box_w = 15, .box_h = 23, .ofs_x = 1, .ofs_y = -5},
    {.bitmap_index = 60270, .adv_w = 273, .box_w = 17, .box_h = 25, .ofs_x = 0, .ofs_y = 0},
    {.bitmap_index = 60483, .adv_w = 236, .box_w = 15, .box_h = 25, .ofs_x = 0, .ofs_y = -6},
    {.bitmap_index = 60671, .adv_w = 273, .box_w = 17, .box_h = 24, .ofs_x = 0, .ofs_y = -5},
    {.bitmap_index = 60875, .adv_w = 236, .box_w = 15, .box_h = 20, .ofs_x = 0, .ofs_y = -6},
    {.bitmap_index = 61025, .adv_w = 273, .box_w = 17, .box_h = 25, .ofs_x = 0, .ofs_y = 0},
    {.bitmap_index = 61238, .adv_w = 236, .box_w = 15, .box_h = 25, .ofs_x = 0, .ofs_y = -6},
    {.bitmap_index = 61426, .adv_w = 273, .box_w = 17, .box_h = 25, .ofs_x = 0, .ofs_y = 0},
    {.bitmap_index = 61639, .adv_w = 236, .box_w = 15, .box_h = 25, .ofs_x = 0, .ofs_y = -6},
    {.bitmap_index = 61827, .adv_w = 187, .box_w = 11, .box_h = 3, .ofs_x = 0, .ofs_y = 7},
    {.bitmap_index = 61844, .adv_w = 474, .box_w = 29, .box_h = 3, .ofs_x = 0, .ofs_y = 7},
    {.bitmap_index = 61888, .adv_w = 119, .box_w = 7, .box_h = 8, .ofs_x = 0, .ofs_y = 11},
    {.bitmap_index = 61916, .adv_w = 119, .box_w = 6, .box_h = 8, .ofs_x = 1, .ofs_y = 11},
    {.bitmap_index = 61940, .adv_w = 199, .box_w = 12, .box_h = 8, .ofs_x = 0, .ofs_y = 11},
    {.bitmap_index = 61988, .adv_w = 200, .box_w = 11, .box_h = 8, .ofs_x = 1, .ofs_y = 11},
    {.bitmap_index = 62032, .adv_w = 163, .box_w = 8, .box_h = 7, .ofs_x = 1, .ofs_y = 4},
    {.bitmap_index = 62060, .adv_w = 303, .box_w = 17, .box_h = 4, .ofs_x = 1, .ofs_y = 0},
    {.bitmap_index = 62094, .adv_w = 251, .box_w = 16, .box_h = 19, .ofs_x = 0, .ofs_y = 0}
};

/*---------------------
 *  CHARACTER MAPPING
 *--------------------*/

static const uint16_t unicode_list_2[] = {
    0x0, 0x1, 0xf, 0x10
};

static const uint16_t unicode_list_4[] = {
    0x0, 0x1, 0x5, 0x6, 0x9, 0xa, 0xf, 0x13,
    0x99
};

/*Collect the unicode lists and glyph_id offsets*/
static const lv_font_fmt_txt_cmap_t cmaps[] =
{
    {
        .range_start = 32, .range_length = 95, .glyph_id_start = 1,
        .unicode_list = NULL, .glyph_id_ofs_list = NULL, .list_length = 0, .type = LV_FONT_FMT_TXT_CMAP_FORMAT0_TINY
    },
    {
        .range_start = 160, .range_length = 223, .glyph_id_start = 96,
        .unicode_list = NULL, .glyph_id_ofs_list = NULL, .list_length = 0, .type = LV_FONT_FMT_TXT_CMAP_FORMAT0_TINY
    },
    {
        .range_start = 416, .range_length = 17, .glyph_id_start = 319,
        .unicode_list = unicode_list_2, .glyph_id_ofs_list = NULL, .list_length = 4, .type = LV_FONT_FMT_TXT_CMAP_SPARSE_TINY
    },
    {
        .range_start = 7840, .range_length = 90, .glyph_id_start = 323,
        .unicode_list = NULL, .glyph_id_ofs_list = NULL, .list_length = 0, .type = LV_FONT_FMT_TXT_CMAP_FORMAT0_TINY
    },
    {
        .range_start = 8211, .range_length = 154, .glyph_id_start = 413,
        .unicode_list = unicode_list_4, .glyph_id_ofs_list = NULL, .list_length = 9, .type = LV_FONT_FMT_TXT_CMAP_SPARSE_TINY
    }
};

/*-----------------
 *    KERNING
 *----------------*/


/*Map glyph_ids to kern left classes*/
static const uint8_t kern_left_class_mapping[] =
{
    0, 0, 0, 0, 0, 0, 0, 0,
    0, 0, 0, 0, 0, 0, 0, 0,
    1, 0, 0, 0, 0, 0, 0, 0,
    0, 0, 0, 0, 0, 0, 0, 0,
    0, 0, 2, 3, 4, 5, 6, 7,
    8, 0, 0, 9, 10, 11, 0, 0,
    12, 13, 14, 15, 16, 17, 9, 18,
    19, 20, 21, 22, 0, 0, 0, 0,
    0, 0, 23, 24, 25, 0, 26, 27,
    28, 29, 0, 0, 30, 31, 23, 23,
    32, 33, 0, 34, 35, 36, 37, 38,
    39, 40, 38, 41, 0, 0, 0, 0,
    0, 0, 0, 0, 0, 0, 0, 0,
    0, 0, 0, 0, 0, 0, 0, 0,
    0, 0, 0, 0, 0, 0, 0, 0,
    0, 0, 0, 0, 0, 0, 0, 0,
    2, 2, 2, 2, 2, 2, 6, 4,
    6, 6, 6, 6, 0, 0, 0, 0,
    5, 0, 12, 12, 12, 12, 12, 0,
    12, 9, 9, 9, 9, 21, 0, 42,
    23, 23, 23, 23, 23, 23, 26, 25,
    26, 26, 26, 26, 0, 0, 0, 0,
    0, 23, 32, 32, 32, 32, 32, 0,
    32, 37, 37, 37, 37, 38, 32, 38,
    2, 23, 2, 23, 2, 23, 4, 25,
    4, 25, 4, 25, 4, 25, 5, 0,
    5, 0, 6, 26, 6, 26, 6, 26,
    6, 26, 6, 26, 8, 28, 8, 28,
    8, 28, 8, 28, 0, 29, 0, 29,
    0, 0, 0, 0, 0, 0, 0, 0,
    0, 0, 9, 0, 9, 0, 10, 30,
    30, 11, 31, 11, 31, 11, 31, 0,
    0, 11, 0, 0, 23, 0, 23, 0,
    23, 23, 0, 23, 12, 32, 12, 32,
    12, 32, 6, 26, 15, 34, 15, 34,
    15, 34, 16, 35, 16, 35, 16, 35,
    16, 35, 17, 36, 17, 36, 17, 36,
    9, 37, 9, 37, 9, 37, 9, 37,
    9, 37, 9, 37, 19, 39, 21, 38,
    21, 22, 41, 22, 41, 22, 41, 0,
    32, 0, 37, 2, 23, 2, 23, 2,
    23, 2, 23, 2, 23, 2, 23, 2,
    23, 2, 23, 2, 23, 2, 23, 2,
    23, 2, 23, 6, 26, 6, 26, 6,
    26, 6, 26, 6, 26, 6, 26, 6,
    26, 6, 26, 0, 0, 0, 0, 12,
    32, 12, 32, 12, 32, 12, 32, 12,
    32, 12, 32, 12, 32, 0, 32, 0,
    32, 0, 32, 0, 32, 0, 32, 9,
    37, 9, 37, 0, 37, 0, 37, 0,
    37, 0, 37, 0, 37, 21, 38, 21,
    38, 21, 38, 21, 38, 0, 0, 0,
    0, 0, 0, 0, 0, 0
};

/*Map glyph_ids to kern right classes*/
static const uint8_t kern_right_class_mapping[] =
{
    0, 0, 1, 0, 0, 0, 0, 0,
    0, 0, 0, 2, 0, 3, 0, 4,
    5, 0, 0, 0, 0, 0, 0, 0,
    0, 0, 0, 0, 6, 0, 0, 0,
    7, 0, 8, 9, 10, 9, 9, 9,
    10, 9, 9, 11, 9, 9, 9, 9,
    10, 9, 10, 9, 12, 13, 14, 15,
    16, 17, 18, 19, 0, 20, 0, 0,
    0, 0, 21, 0, 22, 22, 22, 23,
    24, 0, 25, 0, 0, 26, 27, 27,
    22, 27, 22, 27, 28, 29, 30, 31,
    32, 33, 31, 34, 0, 0, 0, 0,
    0, 35, 21, 0, 0, 0, 0, 0,
    0, 0, 0, 0, 0, 0, 0, 0,
    0, 0, 0, 0, 0, 0, 0, 0,
    0, 0, 0, 0, 0, 0, 0, 36,
    8, 8, 8, 8, 8, 8, 8, 10,
    9, 9, 9, 9, 9, 9, 9, 9,
    0, 9, 10, 10, 10, 10, 10, 0,
    10, 14, 14, 14, 14, 18, 9, 37,
    21, 21, 21, 21, 21, 21, 21, 22,
    22, 22, 22, 22, 0, 0, 0, 0,
    22, 27, 22, 22, 22, 22, 22, 0,
    22, 30, 30, 30, 30, 32, 0, 32,
    8, 21, 8, 21, 8, 21, 10, 22,
    10, 22, 10, 22, 10, 22, 9, 22,
    9, 22, 9, 22, 9, 22, 9, 22,
    9, 22, 9, 22, 10, 24, 10, 24,
    10, 24, 10, 24, 9, 0, 9, 0,
    9, 0, 9, 0, 9, 0, 9, 0,
    9, 0, 9, 0, 11, 0, 9, 0,
    27, 9, 26, 9, 26, 9, 26, 9,
    26, 0, 0, 9, 27, 9, 27, 9,
    27, 38, 9, 27, 10, 22, 10, 22,
    10, 22, 10, 22, 9, 27, 9, 27,
    9, 27, 12, 28, 12, 28, 12, 28,
    12, 28, 13, 29, 13, 29, 13, 29,
    14, 30, 14, 30, 14, 30, 14, 30,
    14, 30, 14, 30, 16, 32, 18, 32,
    18, 19, 34, 19, 34, 19, 34, 10,
    22, 14, 30, 8, 21, 8, 21, 8,
    21, 8, 21, 8, 21, 8, 21, 8,
    21, 8, 21, 8, 21, 8, 21, 8,
    21, 8, 21, 9, 22, 9, 22, 9,
    22, 9, 22, 9, 22, 9, 22, 9,
    22, 9, 22, 9, 0, 0, 0, 10,
    22, 10, 22, 10, 22, 10, 22, 10,
    22, 10, 22, 10, 22, 10, 22, 10,
    22, 10, 22, 10, 22, 10, 22, 14,
    30, 14, 30, 14, 30, 14, 30, 14,
    30, 14, 30, 14, 30, 18, 32, 18,
    32, 18, 32, 18, 32, 0, 0, 38,
    39, 38, 39, 0, 4, 0
};

/*Kern values between classes*/
static const int8_t kern_class_values[] =
{
    0, 0, 0, 0, -49, 0, 0, 0,
    0, 0, 0, 0, 0, 0, 0, 0,
    0, 0, 0, 0, 0, 0, 0, 0,
    0, 0, 0, 0, 0, 0, 0, 0,
    0, 0, 0, 0, 0, 0, 0, 0,
    -22, 0, 0, 0, 0, -22, 0, 0,
    -14, 0, 0, -43, -12, -37, -33, 0,
    -41, 0, -4, 0, 0, -18, 0, 0,
    -4, 0, 0, -22, 0, -25, -21, 0,
    0, 0, 0, 0, -22, -22, -3, -4,
    0, 0, -1, 0, -9, 0, 0, 0,
    0, 0, -10, 0, -14, -11, -9, -19,
    0, -4, 0, 0, 0, 0, 0, 0,
    0, 0, 0, 0, -5, -3, -4, 0,
    0, -6, 0, -6, -4, -2, 0, 0,
    0, -2, -4, 0, -4, 0, 0, 0,
    0, -3, 0, -5, 0, -9, -10, 0,
    -2, 0, 0, 0, 0, 0, 0, 0,
    -1, 0, 0, 0, 0, 0, -2, 0,
    -9, 0, 0, 0, 0, -3, -11, 0,
    -4, 0, -6, -14, 0, 0, 0, -2,
    -18, 0, -16, -10, -22, -24, -13, -4,
    0, 0, 0, 0, 0, 0, 0, 0,
    0, 0, 0, 0, 0, 0, 0, -17,
    0, 0, 0, 0, 0, 0, 0, 0,
    0, -6, 0, 0, -2, -4, -4, 0,
    0, 0, 0, 0, 0, 0, 0, 0,
    -3, -4, 0, 0, 0, 0, 0, -5,
    0, -10, -7, 0, 0, 0, 0, 0,
    -5, -3, 0, 0, -28, 0, -4, -11,
    0, -37, 0, -4, -17, -11, 0, 0,
    0, 0, 0, 0, 0, 0, -18, -13,
    -5, -17, 0, 0, -16, -17, -5, -12,
    -15, -13, -21, -17, -12, -24, -8, 0,
    0, 0, -3, 0, 0, 0, 0, -6,
    0, 0, 0, 0, 0, -13, 0, -15,
    -10, 0, -20, 0, -4, 0, 0, 0,
    0, 0, 0, 0, 0, 0, 0, -4,
    0, 0, 0, 0, 0, 0, -8, -4,
    -2, 0, -4, 0, -3, 0, 0, -12,
    0, 0, 0, 0, 0, 0, 0, 0,
    -2, 0, -3, 0, 0, 0, 0, 0,
    0, 0, 0, 0, 0, 0, 0, 0,
    0, 0, 0, -16, 0, 0, 0, 0,
    -3, 0, 0, 0, 0, -14, 0, 0,
    -22, -4, -7, 0, 0, 0, 0, 0,
    0, 0, 0, -1, -12, -19, 0, 0,
    0, 0, 0, -22, -7, -31, -27, 0,
    0, 0, 0, 0, -16, -9, 0, -26,
    0, 0, 0, 0, -26, 0, 0, -17,
    0, 0, -52, -11, -49, -45, 0, -52,
    0, -5, 0, -4, -19, 0, 0, 0,
    0, 0, -21, 0, -39, -25, 0, 0,
    0, 0, 0, -27, -26, 0, -2, -11,
    0, -4, 0, -6, -14, 0, 0, 0,
    -2, -17, 0, -15, -9, -22, -22, -13,
    -4, 0, 0, 0, 0, 0, 0, 0,
    0, 0, 0, 0, 0, 0, 0, 0,
    -17, 0, 0, 0, 0, 0, -28, 0,
    -4, 0, 0, -37, 0, 0, -26, -4,
    0, 0, 0, 0, -9, -3, -7, 0,
    -6, -13, 0, -10, 0, 0, 0, -8,
    0, 0, 0, 0, 0, 0, 0, -24,
    0, 0, 0, 0, -9, 0, 0, 0,
    0, -13, 0, -2, 0, -4, -7, -23,
    -1, -22, -16, 0, -29, 0, -4, 0,
    0, 0, 0, 0, 0, 0, 0, 0,
    0, -1, 0, 0, 0, 0, 0, 0,
    -1, -1, 0, -1, 0, 0, 0, 0,
    -8, 0, -2, -8, -6, -7, -9, -8,
    -14, -10, 0, -18, 0, -4, 0, -9,
    -1, 0, 0, -1, 0, 0, -1, -3,
    -4, -4, 0, 0, 0, 0, 0, -1,
    0, -2, -3, 0, 0, -1, 0, -13,
    0, 0, 0, 0, 0, -2, 0, -10,
    -8, -6, -14, 0, -3, 0, 0, -13,
    0, 0, 0, 0, 0, -13, 0, -15,
    -8, -7, 0, 0, -4, 0, -16, -13,
    0, 0, -22, 0, -4, -22, 0, -43,
    0, -17, -14, -7, 0, 0, 0, 0,
    0, 0, 0, 0, -41, -41, -16, -40,
    0, 0, -38, -41, -17, -33, -29, -30,
    -31, -39, -22, -25, -9, -4, 0, 0,
    0, -22, 0, -4, -18, 0, -37, 0,
    -15, -17, -13, 0, 0, 0, 0, 0,
    0, 0, 0, -30, -31, -8, -30, 0,
    0, -26, -31, -8, -20, -10, -12, -13,
    -22, -19, -23, -13, -4, 0, 0, 0,
    -19, 0, -4, -15, 0, -33, 0, -9,
    -18, -9, 0, 0, 0, 0, 0, 0,
    0, 0, -21, -23, -1, -24, 0, 0,
    -17, -22, -1, -12, -4, -7, -7, -15,
    -12, -21, -9, 0, 0, 0, 0, 0,
    0, 0, 0, -10, 0, 0, -21, -5,
    -7, 0, -2, 0, 0, 0, 0, 0,
    0, -1, -13, -17, 0, 0, 0, 0,
    0, -19, -7, -29, -27, 0, 0, 0,
    0, 0, -15, -7, 0, 0, -22, 0,
    -5, -20, -4, -41, 0, -22, -15, -17,
    0, 0, 0, 0, 0, 0, 0, 0,
    -36, -37, -16, -36, 0, 0, -35, -37,
    -17, -29, -20, -22, -22, -32, -21, -24,
    -17, -9, 0, 0, 0, 0, 0, 0,
    0, -3, 0, 0, -14, 0, -2, 0,
    0, 0, 0, 0, 0, 0, 0, 0,
    -6, -11, 0, 0, 0, 0, 0, -12,
    -3, -21, -20, 0, 0, 0, 0, 0,
    -10, -3, 0, -14, 0, 0, 0, 0,
    -19, 0, 0, 0, 0, 0, 0, 0,
    0, 0, 0, 0, 0, -4, 0, 0,
    0, 0, 0, 0, 0, 0, 0, 0,
    -6, -3, 0, 0, 0, 0, 0, 0,
    0, -4, -19, 0, 0, -3, 0, -20,
    0, 0, 0, 0, 0, 0, 0, 0,
    0, 0, 0, 0, -4, 0, 0, -9,
    0, 0, 0, 0, 0, -8, 0, -7,
    -1, -11, -4, 0, -10, 0, -14, -16,
    0, -5, 0, 0, 0, 0, -19, 0,
    0, 0, 0, 0, 0, 0, 0, 0,
    0, 0, 0, -4, 0, 0, 0, 0,
    0, 0, 0, 0, 0, 0, 0, 0,
    -1, 0, 0, 0, 0, 0, 0, 0,
    -14, 0, 0, -1, 0, -19, 0, 0,
    0, 0, 0, 0, 0, 0, 0, 0,
    0, 0, -4, 0, 0, -2, 0, 0,
    0, 0, 0, -2, 0, -5, -1, -5,
    0, 0, -4, 0, 0, -1, 0, 0,
    -26, -25, -4, 0, 0, 0, 0, 0,
    0, 0, 0, 0, 0, 0, 0, 0,
    0, 0, 0, -11, -38, -8, -4, -4,
    0, -4, 0, 0, 0, 0, 0, 0,
    0, -25, 0, 0, 0, 0, 0, 0,
    0, 0, 0, 0, 0, 0, 0, 0,
    0, 0, 0, 0, 0, 0, 0, 0,
    -4, -3, -4, 0, 0, 0, 0, 0,
    -5, 0, 0, 0, 0, 0, 0, 0,
    -4, 0, 0, 0, -3, -18, 0, 0,
    0, 0, -20, 0, 0, 0, 0, 0,
    0, 0, 0, 0, 0, 0, 0, -4,
    0, 0, -6, 0, 0, 0, 0, 0,
    -4, 0, -6, -3, 0, 0, 0, 0,
    0, -11, -12, 0, -7, 0, 0, 0,
    0, 0, 0, 0, 0, 0, 0, 0,
    0, 0, 0, 0, 0, 0, -4, -1,
    -12, 0, 0, 0, -12, 0, 0, 0,
    -3, 0, 0, 0, 0, 0, 0, 0,
    0, 0, 0, -12, 0, 0, 0, 0,
    -17, 0, 0, 0, 0, 0, 0, 0,
    0, 0, 0, 0, 0, -3, 0, 0,
    -9, 0, 0, 0, 0, 0, -4, 0,
    0, 0, 0, 0, 0, 0, 0, -14,
    -12, 0, -16, 0, 0, -2, 0, -20,
    0, 0, 0, 0, 0, 0, 0, 0,
    0, 0, 0, 0, -4, 0, 0, -4,
    0, 0, 0, 0, 0, -4, 0, -7,
    -3, -12, -5, 0, -11, 0, -1, -1,
    0, -3, 0, 0, -1, 0, -4, 0,
    0, 0, 0, 0, 0, 0, 0, 0,
    0, 0, 0, -4, 0, 0, 0, 0,
    0, 0, 0, 0, 0, 0, -1, -1,
    -2, 0, 0, -2, 0, 0, 0, 0,
    0, -22, -45, -4, 0, 0, 0, 0,
    0, 0, 0, 0, 0, 0, 0, 0,
    0, 0, -3, -5, -12, 0, -10, 0,
    -9, 0, -7, 0, 0, 0, 0, 0,
    0, 0, -22, 0, 0, 0, 0, -8,
    0, 0, 0, 0, -19, 0, 0, 0,
    0, 0, 0, 0, 0, 0, 0, 0,
    0, -4, 0, 0, 0, 0, 0, 0,
    0, 0, 0, 0, -4, -1, -1, 0,
    0, 0, 0, 0, 0, 0, 0, 0,
    0, 0, 0, 0, 0, 0, 0, 0,
    0, 0, 0, 0, 0, 0, 0, 0,
    -4, 0, -4, 0, 0, 0, 0, 0,
    0, 0, 0, 0, 0, 0, 0, 0,
    0, 0, 0, 0, 0, -4, 0, 0,
    0, 0, -12, 0, 0, 0, 0, 0,
    0, 0, 0, 0, 0, 0, 0, 0,
    0, 0, 0, 0, 0, 0, 0, 0,
    0, 0, 0, 0, 0, 0, 0, 0,
    0, 0, 0, 0, 0, -18, 0, -4,
    0, 0, 0, 0, 0, 0, 0, 0,
    0, 0, 0, 0, 0, 0, -3, -3,
    -7, 0, -6, 0, 0, 0, -4, 0,
    0, 0, 0, 0, 0, 0, -19, 0,
    0, 0, 0, 0, -16, 0, -4, 0,
    0, 0, 0, 0, 0, 0, 0, 0,
    0, 0, 0, 0, 0, -3, 0, -1,
    0, -3, 0, 0, 0, 0, 0, 0,
    0, 0, 0, 0, 0, -18, 0, 0,
    0, 0, 0, 0, 0, 0, 0, 0,
    0, 0, 0, 0, 0, 0, 0, 0,
    0, 0, 0, 0, -4, -1, -12, 0,
    -2, 0, 0, 0, 0, 0, 0, 0,
    0, 0, 0, 0, 0, 0, 0, 0,
    0, 0, 0, 0, 0, 0, 0, 0,
    0, 0, 0, 0, 0, 0, 0, 0,
    0, 0, 0, -4, 0, -4, 0, 0,
    0, 0, 0, 0, 0, 0, 0, 0,
    0, 0, 0, 0, 0, 0, 0, 0,
    -9, 0, 0, 0, 0, -16, 0, 0,
    0, 0, 0, 0, 0, 0, 0, 0,
    0, 0, -3, 0, 0, -9, 0, 0,
    0, 0, 0, -9, 0, -14, -9, 0,
    0, 0, 0, 0, -14, -13
};


/*Collect the kern class' data in one place*/
static const lv_font_fmt_txt_kern_classes_t kern_classes =
{
    .class_pair_values   = kern_class_values,
    .left_class_mapping  = kern_left_class_mapping,
    .right_class_mapping = kern_right_class_mapping,
    .left_class_cnt      = 42,
    .right_class_cnt     = 39,
};

/*--------------------
 *  ALL CUSTOM DATA
 *--------------------*/

#if LVGL_VERSION_MAJOR == 8
/*Store all the custom data of the font*/
static  lv_font_fmt_txt_glyph_cache_t cache;
#endif

#if LVGL_VERSION_MAJOR >= 8
static const lv_font_fmt_txt_dsc_t font_dsc = {
#else
static lv_font_fmt_txt_dsc_t font_dsc = {
#endif
    .glyph_bitmap = glyph_bitmap,
    .glyph_dsc = glyph_dsc,
    .cmaps = cmaps,
    .kern_dsc = &kern_classes,
    .kern_scale = 16,
    .cmap_num = 5,
    .bpp = 4,
    .kern_classes = 1,
    .bitmap_format = 0,
#if LVGL_VERSION_MAJOR == 8
    .cache = &cache
#endif
};



/*-----------------
 *  PUBLIC FONT
 *----------------*/

/*Initialize a public general font descriptor*/
#if LVGL_VERSION_MAJOR >= 8
const lv_font_t ori_font_hanken_28 = {
#else
lv_font_t ori_font_hanken_28 = {
#endif
    .get_glyph_dsc = lv_font_get_glyph_dsc_fmt_txt,    /*Function pointer to get glyph's data*/
    .get_glyph_bitmap = lv_font_get_bitmap_fmt_txt,    /*Function pointer to get glyph's bitmap*/
    .line_height = 36,          /*The maximum line height required by the font*/
    .base_line = 7,             /*Baseline measured from the bottom of the line*/
#if !(LVGL_VERSION_MAJOR == 6 && LVGL_VERSION_MINOR == 0)
    .subpx = LV_FONT_SUBPX_NONE,
#endif
#if LV_VERSION_CHECK(7, 4, 0) || LVGL_VERSION_MAJOR >= 8
    .underline_position = -3,
    .underline_thickness = 1,
#endif
    .dsc = &font_dsc,          /*The custom font data. Will be accessed by `get_glyph_bitmap/dsc` */
#if LV_VERSION_CHECK(8, 2, 0) || LVGL_VERSION_MAJOR >= 9
    .fallback = NULL,
#endif
    .user_data = NULL,
};



#endif /*#if ORI_FONT_HANKEN_28*/

