/*******************************************************************************
 * Size: 20 px
 * Bpp: 4
 * Opts: --no-compress --no-prefilter --bpp 4 --size 20 --font F:/OneDrive/Desktop/GREEN_SMART_HOME/My_Invention/Ori/firmware/src/fonts/HankenGrotesk-Medium.ttf -r 0x20-0x7F,0xA0-0xFF,0x100-0x17F,0x1A0-0x1A1,0x1AF-0x1B0,0x1EA0-0x1EFF,0x2013,0x2014,0x2018-0x2019,0x2022,0x2026,0x201C-0x201D,0x20AC --format lvgl -o F:/OneDrive/Desktop/GREEN_SMART_HOME/My_Invention/Ori/firmware/src/fonts/ori_font_hanken_20.c
 ******************************************************************************/

#ifdef LV_LVGL_H_INCLUDE_SIMPLE
#include "lvgl.h"
#else
#include "lvgl/lvgl.h"
#endif

#ifndef ORI_FONT_HANKEN_20
#define ORI_FONT_HANKEN_20 1
#endif

#if ORI_FONT_HANKEN_20

/*-----------------
 *    BITMAPS
 *----------------*/

/*Store the image of the glyphs*/
static LV_ATTRIBUTE_LARGE_CONST const uint8_t glyph_bitmap[] = {
    /* U+0020 " " */

    /* U+0021 "!" */
    0x8f, 0x67, 0xf6, 0x7f, 0x57, 0xf5, 0x6f, 0x56,
    0xf4, 0x5f, 0x45, 0xf4, 0x5f, 0x33, 0xc2, 0x0,
    0x4, 0x63, 0xbf, 0x9b, 0xf9,

    /* U+0022 "\"" */
    0xf, 0xa0, 0xbf, 0xf, 0xa0, 0xbf, 0xf, 0xa0,
    0xbf, 0xf, 0xa0, 0xbf, 0xf, 0xa0, 0xbf, 0xa,
    0x60, 0x7a,

    /* U+0023 "#" */
    0x0, 0x0, 0xae, 0x0, 0x3f, 0x50, 0x0, 0x0,
    0xdb, 0x0, 0x7f, 0x10, 0x0, 0x1, 0xf7, 0x0,
    0xae, 0x0, 0x0, 0x4, 0xf4, 0x0, 0xda, 0x0,
    0x3f, 0xff, 0xff, 0xff, 0xff, 0xff, 0x17, 0x7d,
    0xe7, 0x7a, 0xf9, 0x77, 0x0, 0xe, 0xa0, 0x7,
    0xf1, 0x0, 0x0, 0x1f, 0x70, 0xa, 0xd0, 0x0,
    0x11, 0x5f, 0x51, 0x1d, 0xb1, 0x10, 0xff, 0xff,
    0xff, 0xff, 0xff, 0xf2, 0x44, 0xcd, 0x44, 0x8f,
    0x74, 0x40, 0x0, 0xe9, 0x0, 0x8f, 0x0, 0x0,
    0x2, 0xf5, 0x0, 0xcc, 0x0, 0x0, 0x6, 0xf2,
    0x0, 0xf8, 0x0, 0x0,

    /* U+0024 "$" */
    0x0, 0x0, 0x8, 0x30, 0x0, 0x0, 0x0, 0x0,
    0xf6, 0x0, 0x0, 0x0, 0x0, 0xf, 0x60, 0x0,
    0x0, 0x0, 0x7d, 0xff, 0xa2, 0x0, 0x0, 0xbf,
    0xfc, 0xef, 0xf3, 0x0, 0x4f, 0xe2, 0x0, 0x7f,
    0x70, 0x6, 0xf9, 0x0, 0x0, 0x20, 0x0, 0x4f,
    0xd1, 0x0, 0x0, 0x0, 0x0, 0xcf, 0xe7, 0x10,
    0x0, 0x0, 0x1, 0xaf, 0xff, 0xa2, 0x0, 0x0,
    0x0, 0x28, 0xef, 0xf6, 0x0, 0x0, 0x0, 0x0,
    0x8f, 0xf2, 0x3, 0x40, 0x0, 0x0, 0xaf, 0x63,
    0xfe, 0x0, 0x0, 0xa, 0xf6, 0xd, 0xfb, 0x10,
    0x5, 0xff, 0x20, 0x2e, 0xff, 0xde, 0xff, 0x70,
    0x0, 0x19, 0xef, 0xfb, 0x40, 0x0, 0x0, 0x0,
    0xf6, 0x0, 0x0, 0x0, 0x0, 0xf, 0x60, 0x0,
    0x0,

    /* U+0025 "%" */
    0x0, 0x9e, 0xe9, 0x0, 0x0, 0x3f, 0x30, 0x9,
    0xe4, 0x4e, 0x90, 0x0, 0xc9, 0x0, 0xf, 0x60,
    0x6, 0xf0, 0x7, 0xe1, 0x0, 0xf, 0x60, 0x6,
    0xf0, 0x2f, 0x50, 0x0, 0xb, 0xd3, 0x3d, 0xb0,
    0xbb, 0x0, 0x0, 0x1, 0xdf, 0xfd, 0x15, 0xf1,
    0x0, 0x0, 0x0, 0x3, 0x30, 0x1e, 0x60, 0x0,
    0x0, 0x0, 0x0, 0x0, 0xac, 0x0, 0x0, 0x0,
    0x0, 0x0, 0x4, 0xf2, 0x2b, 0xff, 0x80, 0x0,
    0x0, 0xd, 0x70, 0xdd, 0x57, 0xf7, 0x0, 0x0,
    0x8d, 0x2, 0xf4, 0x0, 0x9d, 0x0, 0x3, 0xf3,
    0x2, 0xf4, 0x0, 0x8d, 0x0, 0xc, 0x90, 0x0,
    0xcc, 0x35, 0xf7, 0x0, 0x7e, 0x0, 0x0, 0x1a,
    0xfe, 0x70,

    /* U+0026 "&" */
    0x0, 0x8, 0xef, 0xd7, 0x0, 0x0, 0x0, 0xbf,
    0xc9, 0xdf, 0x80, 0x0, 0x2, 0xfc, 0x0, 0xf,
    0xd0, 0x0, 0x3, 0xfa, 0x0, 0xf, 0xd0, 0x0,
    0x0, 0xfe, 0x10, 0x9f, 0x80, 0x0, 0x0, 0x6f,
    0xdc, 0xfb, 0x0, 0x0, 0x0, 0x1f, 0xff, 0x80,
    0x0, 0x41, 0x4, 0xef, 0xff, 0xb0, 0x5, 0xf7,
    0x3f, 0xf5, 0xb, 0xfa, 0xa, 0xf3, 0xcf, 0x50,
    0x0, 0xdf, 0xaf, 0xd0, 0xff, 0x10, 0x0, 0x1e,
    0xff, 0x60, 0xdf, 0x70, 0x0, 0x1e, 0xff, 0x50,
    0x4f, 0xfd, 0xbc, 0xff, 0xff, 0xf4, 0x3, 0xae,
    0xfe, 0xb5, 0x5, 0xf9, 0x0, 0x0, 0x0, 0x0,
    0x0, 0x30,

    /* U+0027 "'" */
    0xf, 0xa0, 0xfa, 0xf, 0xa0, 0xfa, 0xf, 0xa0,
    0xa6,

    /* U+0028 "(" */
    0x0, 0x5f, 0x60, 0xd, 0xd0, 0x4, 0xf5, 0x0,
    0xaf, 0x0, 0xe, 0xb0, 0x1, 0xf7, 0x0, 0x4f,
    0x50, 0x5, 0xf3, 0x0, 0x6f, 0x20, 0x6, 0xf2,
    0x0, 0x5f, 0x30, 0x4, 0xf5, 0x0, 0x1f, 0x80,
    0x0, 0xeb, 0x0, 0xa, 0xf1, 0x0, 0x4f, 0x60,
    0x0, 0xed, 0x0, 0x5, 0xf7,

    /* U+0029 ")" */
    0x9f, 0x20, 0x1, 0xfb, 0x0, 0x8, 0xf1, 0x0,
    0x3f, 0x70, 0x0, 0xeb, 0x0, 0xa, 0xe0, 0x0,
    0x8f, 0x0, 0x6, 0xf2, 0x0, 0x5f, 0x30, 0x5,
    0xf3, 0x0, 0x6f, 0x20, 0x8, 0xf0, 0x0, 0xbe,
    0x0, 0xe, 0xb0, 0x3, 0xf6, 0x0, 0x9f, 0x10,
    0x1f, 0xb0, 0xa, 0xf3, 0x0,

    /* U+002A "*" */
    0x0, 0x9, 0x80, 0x0, 0x3, 0x7, 0x70, 0x30,
    0x1e, 0xdb, 0xbd, 0xe1, 0x0, 0x2d, 0xd2, 0x0,
    0x0, 0x98, 0x99, 0x0, 0x1, 0xd0, 0xd, 0x10,
    0x0, 0x0, 0x0, 0x0,

    /* U+002B "+" */
    0x0, 0x0, 0x3f, 0x60, 0x0, 0x0, 0x0, 0x3,
    0xf6, 0x0, 0x0, 0x0, 0x0, 0x3f, 0x60, 0x0,
    0x0, 0x0, 0x3, 0xf6, 0x0, 0x0, 0x18, 0x88,
    0x9f, 0xb8, 0x88, 0x33, 0xff, 0xff, 0xff, 0xff,
    0xf6, 0x0, 0x0, 0x3f, 0x60, 0x0, 0x0, 0x0,
    0x3, 0xf6, 0x0, 0x0, 0x0, 0x0, 0x3f, 0x60,
    0x0, 0x0, 0x0, 0x3, 0xf6, 0x0, 0x0,

    /* U+002C "," */
    0x0, 0xff, 0x20, 0x3f, 0xb0, 0x8, 0xf4, 0x0,
    0xcd, 0x0, 0x1f, 0x60, 0x6, 0xf0, 0x0,

    /* U+002D "-" */
    0x2, 0x22, 0x21, 0x3f, 0xff, 0xfc, 0x15, 0x55,
    0x53,

    /* U+002E "." */
    0x46, 0x3b, 0xf8, 0xbf, 0x80,

    /* U+002F "/" */
    0x0, 0x0, 0x0, 0xf, 0x80, 0x0, 0x0, 0x6,
    0xf2, 0x0, 0x0, 0x0, 0xcb, 0x0, 0x0, 0x0,
    0x2f, 0x50, 0x0, 0x0, 0x9, 0xe0, 0x0, 0x0,
    0x0, 0xe8, 0x0, 0x0, 0x0, 0x5f, 0x20, 0x0,
    0x0, 0xc, 0xb0, 0x0, 0x0, 0x2, 0xf5, 0x0,
    0x0, 0x0, 0x8e, 0x0, 0x0, 0x0, 0xe, 0x80,
    0x0, 0x0, 0x5, 0xf2, 0x0, 0x0, 0x0, 0xcb,
    0x0, 0x0, 0x0, 0x2f, 0x50, 0x0, 0x0, 0x8,
    0xe0, 0x0, 0x0, 0x0, 0xe8, 0x0, 0x0, 0x0,
    0x5f, 0x20, 0x0, 0x0, 0xb, 0xb0, 0x0, 0x0,
    0x0,

    /* U+0030 "0" */
    0x0, 0x7, 0xdf, 0xe9, 0x10, 0x0, 0xa, 0xff,
    0xef, 0xfc, 0x0, 0x3, 0xfe, 0x30, 0x2d, 0xf6,
    0x0, 0xaf, 0x70, 0x0, 0x4f, 0xc0, 0xd, 0xf3,
    0x0, 0x0, 0xff, 0x0, 0xff, 0x0, 0x0, 0xd,
    0xf2, 0xf, 0xf0, 0x0, 0x0, 0xcf, 0x30, 0xff,
    0x0, 0x0, 0xc, 0xf3, 0xf, 0xf0, 0x0, 0x0,
    0xdf, 0x20, 0xdf, 0x30, 0x0, 0xf, 0xf0, 0x9,
    0xf7, 0x0, 0x4, 0xfc, 0x0, 0x3f, 0xe3, 0x1,
    0xdf, 0x60, 0x0, 0xaf, 0xfe, 0xff, 0xd0, 0x0,
    0x0, 0x7d, 0xfe, 0x91, 0x0,

    /* U+0031 "1" */
    0x0, 0x5, 0xfa, 0x0, 0x6, 0xfa, 0x89, 0x9e,
    0xfa, 0xef, 0xff, 0xfa, 0x0, 0x5, 0xfa, 0x0,
    0x5, 0xfa, 0x0, 0x5, 0xfa, 0x0, 0x5, 0xfa,
    0x0, 0x5, 0xfa, 0x0, 0x5, 0xfa, 0x0, 0x5,
    0xfa, 0x0, 0x5, 0xfa, 0x0, 0x5, 0xfa, 0x0,
    0x5, 0xfa,

    /* U+0032 "2" */
    0x0, 0x18, 0xef, 0xd8, 0x0, 0x0, 0x1d, 0xff,
    0xef, 0xfc, 0x0, 0x9, 0xfb, 0x10, 0x2d, 0xf6,
    0x0, 0xff, 0x10, 0x0, 0x5f, 0xa0, 0x1f, 0xd0,
    0x0, 0x3, 0xfb, 0x0, 0x0, 0x0, 0x0, 0x5f,
    0x90, 0x0, 0x0, 0x0, 0xc, 0xf4, 0x0, 0x0,
    0x0, 0x6, 0xfc, 0x0, 0x0, 0x0, 0x4, 0xfe,
    0x20, 0x0, 0x0, 0x5, 0xff, 0x30, 0x0, 0x0,
    0x8, 0xfe, 0x30, 0x0, 0x0, 0x1b, 0xfb, 0x10,
    0x0, 0x0, 0xe, 0xff, 0xdd, 0xdd, 0xdd, 0x41,
    0xff, 0xff, 0xff, 0xff, 0xf5,

    /* U+0033 "3" */
    0x0, 0x19, 0xef, 0xe9, 0x10, 0x0, 0x1e, 0xff,
    0xef, 0xfe, 0x10, 0x9, 0xfa, 0x0, 0x1c, 0xf8,
    0x0, 0xdf, 0x10, 0x0, 0x4f, 0xb0, 0x0, 0x0,
    0x0, 0x5, 0xf9, 0x0, 0x0, 0x0, 0x15, 0xee,
    0x20, 0x0, 0x0, 0x4f, 0xfe, 0x30, 0x0, 0x0,
    0x2, 0x9b, 0xff, 0x60, 0x0, 0x0, 0x0, 0x1,
    0xdf, 0x33, 0x62, 0x0, 0x0, 0x7, 0xf7, 0x7f,
    0x90, 0x0, 0x0, 0x9f, 0x72, 0xff, 0x70, 0x0,
    0x5f, 0xf2, 0x6, 0xff, 0xfe, 0xff, 0xf7, 0x0,
    0x3, 0xae, 0xfe, 0xa4, 0x0,

    /* U+0034 "4" */
    0x0, 0x0, 0x0, 0x6f, 0xb0, 0x0, 0x0, 0x0,
    0x2f, 0xfb, 0x0, 0x0, 0x0, 0xd, 0xff, 0xb0,
    0x0, 0x0, 0x9, 0xf7, 0xfb, 0x0, 0x0, 0x4,
    0xf7, 0x4f, 0xb0, 0x0, 0x1, 0xec, 0x4, 0xfb,
    0x0, 0x0, 0xbf, 0x20, 0x4f, 0xb0, 0x0, 0x7f,
    0x60, 0x4, 0xfb, 0x0, 0x3f, 0xb0, 0x0, 0x4f,
    0xb0, 0xb, 0xff, 0xff, 0xff, 0xff, 0xff, 0x9d,
    0xdd, 0xdd, 0xdf, 0xfd, 0xc0, 0x0, 0x0, 0x4,
    0xfb, 0x0, 0x0, 0x0, 0x0, 0x4f, 0xb0, 0x0,
    0x0, 0x0, 0x4, 0xfb, 0x0,

    /* U+0035 "5" */
    0x0, 0xbf, 0xff, 0xff, 0xfe, 0x0, 0xe, 0xfd,
    0xdd, 0xdd, 0xb0, 0x1, 0xfd, 0x0, 0x0, 0x0,
    0x0, 0x4f, 0xa0, 0x0, 0x0, 0x0, 0x7, 0xfa,
    0xbf, 0xea, 0x30, 0x0, 0xaf, 0xff, 0xdf, 0xff,
    0x40, 0xd, 0xfb, 0x10, 0x8, 0xfe, 0x0, 0x3,
    0x0, 0x0, 0xd, 0xf5, 0x0, 0x0, 0x0, 0x0,
    0x9f, 0x71, 0x65, 0x0, 0x0, 0xa, 0xf7, 0x2f,
    0xe0, 0x0, 0x0, 0xef, 0x30, 0xbf, 0xb1, 0x1,
    0xbf, 0xc0, 0x1, 0xdf, 0xfe, 0xff, 0xe2, 0x0,
    0x0, 0x8d, 0xfe, 0x91, 0x0,

    /* U+0036 "6" */
    0x0, 0x0, 0x1e, 0xf3, 0x0, 0x0, 0x0, 0xa,
    0xf9, 0x0, 0x0, 0x0, 0x4, 0xfe, 0x10, 0x0,
    0x0, 0x0, 0xdf, 0x60, 0x0, 0x0, 0x0, 0x8f,
    0xc0, 0x0, 0x0, 0x0, 0x2f, 0xff, 0xfe, 0x91,
    0x0, 0xb, 0xff, 0xdc, 0xef, 0xe1, 0x3, 0xff,
    0x40, 0x0, 0xaf, 0xb0, 0x8f, 0x80, 0x0, 0x0,
    0xff, 0x19, 0xf6, 0x0, 0x0, 0xd, 0xf2, 0x7f,
    0x90, 0x0, 0x1, 0xff, 0x1, 0xff, 0x60, 0x1,
    0xcf, 0xa0, 0x5, 0xff, 0xfe, 0xff, 0xd1, 0x0,
    0x2, 0xae, 0xfd, 0x70, 0x0,

    /* U+0037 "7" */
    0x7f, 0xff, 0xff, 0xff, 0xff, 0x95, 0xdd, 0xdd,
    0xdd, 0xdf, 0xf8, 0x0, 0x0, 0x0, 0x1, 0xff,
    0x10, 0x0, 0x0, 0x0, 0x9f, 0x80, 0x0, 0x0,
    0x0, 0x2f, 0xf1, 0x0, 0x0, 0x0, 0xa, 0xf8,
    0x0, 0x0, 0x0, 0x2, 0xfe, 0x0, 0x0, 0x0,
    0x0, 0xaf, 0x70, 0x0, 0x0, 0x0, 0x3f, 0xe0,
    0x0, 0x0, 0x0, 0xb, 0xf7, 0x0, 0x0, 0x0,
    0x3, 0xfe, 0x0, 0x0, 0x0, 0x0, 0xcf, 0x60,
    0x0, 0x0, 0x0, 0x4f, 0xe0, 0x0, 0x0, 0x0,
    0xc, 0xf6, 0x0, 0x0, 0x0,

    /* U+0038 "8" */
    0x0, 0x7, 0xdf, 0xe9, 0x10, 0x0, 0xc, 0xff,
    0xef, 0xfe, 0x10, 0x6, 0xfd, 0x20, 0xb, 0xf9,
    0x0, 0x9f, 0x60, 0x0, 0x2f, 0xc0, 0x8, 0xf7,
    0x0, 0x3, 0xfb, 0x0, 0x2f, 0xe5, 0x14, 0xdf,
    0x50, 0x0, 0x7f, 0xff, 0xff, 0xa0, 0x0, 0x7f,
    0xd6, 0x46, 0xcf, 0xa0, 0x1f, 0xe1, 0x0, 0x0,
    0xcf, 0x44, 0xfa, 0x0, 0x0, 0x7, 0xf8, 0x4f,
    0xc0, 0x0, 0x0, 0x9f, 0x70, 0xff, 0x80, 0x0,
    0x5f, 0xf3, 0x5, 0xff, 0xfd, 0xff, 0xf8, 0x0,
    0x2, 0xae, 0xfe, 0xb4, 0x0,

    /* U+0039 "9" */
    0x0, 0x18, 0xdf, 0xe9, 0x10, 0x0, 0x2e, 0xff,
    0xdf, 0xff, 0x30, 0xc, 0xfa, 0x10, 0x8, 0xfe,
    0x3, 0xfd, 0x0, 0x0, 0xb, 0xf5, 0x4f, 0xa0,
    0x0, 0x0, 0x8f, 0x73, 0xfd, 0x0, 0x0, 0xb,
    0xf6, 0xd, 0xf8, 0x0, 0x6, 0xff, 0x10, 0x3f,
    0xfe, 0xbd, 0xff, 0x90, 0x0, 0x2a, 0xef, 0xff,
    0xe1, 0x0, 0x0, 0x0, 0xe, 0xf5, 0x0, 0x0,
    0x0, 0x8, 0xfb, 0x0, 0x0, 0x0, 0x2, 0xff,
    0x20, 0x0, 0x0, 0x0, 0xbf, 0x80, 0x0, 0x0,
    0x0, 0x5f, 0xd0, 0x0, 0x0,

    /* U+003A ":" */
    0xbf, 0x8b, 0xf8, 0x46, 0x30, 0x0, 0x0, 0x0,
    0x0, 0x0, 0x4, 0x63, 0xbf, 0x8b, 0xf8,

    /* U+003B ";" */
    0x6, 0xfd, 0x0, 0x6f, 0xd0, 0x2, 0x65, 0x0,
    0x0, 0x0, 0x0, 0x0, 0x0, 0x0, 0x0, 0x0,
    0x33, 0x0, 0x5f, 0xb0, 0xa, 0xf4, 0x0, 0xfc,
    0x0, 0x4f, 0x50, 0x9, 0xe0, 0x0, 0x53, 0x0,
    0x0,

    /* U+003C "<" */
    0x0, 0x0, 0x0, 0x0, 0x16, 0x50, 0x0, 0x0,
    0x3, 0xaf, 0xf7, 0x0, 0x1, 0x6d, 0xff, 0x93,
    0x0, 0x3a, 0xff, 0xc6, 0x0, 0x0, 0x7f, 0xe8,
    0x20, 0x0, 0x0, 0x8, 0xfd, 0x60, 0x0, 0x0,
    0x0, 0x6, 0xcf, 0xf9, 0x30, 0x0, 0x0, 0x0,
    0x39, 0xff, 0xc6, 0x0, 0x0, 0x0, 0x0, 0x6c,
    0xff, 0x50, 0x0, 0x0, 0x0, 0x3, 0x97,

    /* U+003D "=" */
    0x6f, 0xff, 0xff, 0xff, 0xa3, 0x99, 0x99, 0x99,
    0x95, 0x0, 0x0, 0x0, 0x0, 0x0, 0x0, 0x0,
    0x0, 0x0, 0x38, 0x88, 0x88, 0x88, 0x56, 0xff,
    0xff, 0xff, 0xfa,

    /* U+003E ">" */
    0x38, 0x10, 0x0, 0x0, 0x0, 0x3, 0xff, 0xb4,
    0x0, 0x0, 0x0, 0x2, 0x8e, 0xfe, 0x81, 0x0,
    0x0, 0x0, 0x4, 0xbf, 0xfb, 0x40, 0x0, 0x0,
    0x0, 0x17, 0xdf, 0xa0, 0x0, 0x0, 0x0, 0x5b,
    0xfb, 0x0, 0x0, 0x28, 0xef, 0xd7, 0x10, 0x5,
    0xbf, 0xfa, 0x40, 0x0, 0x3e, 0xfe, 0x71, 0x0,
    0x0, 0x4, 0xb4, 0x0, 0x0, 0x0, 0x0,

    /* U+003F "?" */
    0x0, 0x3b, 0xef, 0xd7, 0x0, 0x5, 0xff, 0xba,
    0xef, 0xb0, 0xe, 0xf2, 0x0, 0xb, 0xf2, 0x2f,
    0x90, 0x0, 0x6, 0xf5, 0x2, 0x10, 0x0, 0x9,
    0xf4, 0x0, 0x0, 0x0, 0x7f, 0xc0, 0x0, 0x0,
    0xa, 0xfd, 0x10, 0x0, 0x0, 0x6f, 0xa0, 0x0,
    0x0, 0x0, 0xaf, 0x10, 0x0, 0x0, 0x0, 0xbe,
    0x0, 0x0, 0x0, 0x0, 0x0, 0x0, 0x0, 0x0,
    0x0, 0x66, 0x10, 0x0, 0x0, 0x0, 0xff, 0x30,
    0x0, 0x0, 0x0, 0xff, 0x30, 0x0,

    /* U+0040 "@" */
    0x0, 0x0, 0x0, 0x1, 0x0, 0x0, 0x0, 0x0,
    0x0, 0x0, 0x6c, 0xff, 0xfe, 0xa3, 0x0, 0x0,
    0x0, 0x2d, 0xfb, 0x75, 0x68, 0xef, 0x80, 0x0,
    0x1, 0xee, 0x30, 0x0, 0x0, 0x7, 0xf9, 0x0,
    0xb, 0xe2, 0x0, 0x0, 0x0, 0x0, 0x6f, 0x50,
    0x3f, 0x50, 0x9, 0xef, 0xb3, 0xf7, 0xc, 0xc0,
    0x8e, 0x0, 0xbf, 0xd9, 0xcf, 0xf7, 0x5, 0xf2,
    0xcb, 0x3, 0xfc, 0x0, 0xa, 0xf7, 0x2, 0xf4,
    0xd9, 0x6, 0xf7, 0x0, 0x5, 0xf7, 0x1, 0xf5,
    0xca, 0x5, 0xf9, 0x0, 0x7, 0xf7, 0x3, 0xf3,
    0xae, 0x0, 0xef, 0x72, 0x5f, 0xfb, 0x3a, 0xe0,
    0x5f, 0x40, 0x3e, 0xff, 0xf7, 0x8f, 0xff, 0x50,
    0xd, 0xd0, 0x0, 0x34, 0x10, 0x2, 0x41, 0x0,
    0x2, 0xfc, 0x10, 0x0, 0x0, 0x0, 0x0, 0x0,
    0x0, 0x3e, 0xf8, 0x42, 0x36, 0xd6, 0x0, 0x0,
    0x0, 0x1, 0x9e, 0xff, 0xff, 0xb3, 0x0, 0x0,
    0x0, 0x0, 0x0, 0x34, 0x41, 0x0, 0x0, 0x0,

    /* U+0041 "A" */
    0x0, 0x0, 0x7, 0xf7, 0x0, 0x0, 0x0, 0x0,
    0x0, 0xdf, 0xd0, 0x0, 0x0, 0x0, 0x0, 0x4f,
    0xff, 0x30, 0x0, 0x0, 0x0, 0xa, 0xfa, 0xfa,
    0x0, 0x0, 0x0, 0x1, 0xfe, 0xe, 0xf0, 0x0,
    0x0, 0x0, 0x6f, 0x90, 0x9f, 0x60, 0x0, 0x0,
    0xd, 0xf3, 0x3, 0xfc, 0x0, 0x0, 0x3, 0xfd,
    0x0, 0xe, 0xf2, 0x0, 0x0, 0x9f, 0x80, 0x0,
    0x8f, 0x80, 0x0, 0xf, 0xff, 0xdd, 0xdf, 0xfe,
    0x0, 0x5, 0xff, 0xff, 0xff, 0xff, 0xf5, 0x0,
    0xcf, 0x60, 0x0, 0x0, 0x7f, 0xb0, 0x2f, 0xf1,
    0x0, 0x0, 0x1, 0xff, 0x18, 0xfb, 0x0, 0x0,
    0x0, 0xb, 0xf7,

    /* U+0042 "B" */
    0x8f, 0xff, 0xff, 0xc7, 0x0, 0x8, 0xff, 0xee,
    0xef, 0xfb, 0x0, 0x8f, 0x80, 0x0, 0x4f, 0xf4,
    0x8, 0xf8, 0x0, 0x0, 0xaf, 0x60, 0x8f, 0x80,
    0x0, 0xb, 0xf4, 0x8, 0xf8, 0x0, 0x5, 0xfd,
    0x0, 0x8f, 0xff, 0xff, 0xff, 0x30, 0x8, 0xfe,
    0xdd, 0xde, 0xfe, 0x30, 0x8f, 0x80, 0x0, 0x7,
    0xfd, 0x8, 0xf8, 0x0, 0x0, 0xf, 0xf1, 0x8f,
    0x80, 0x0, 0x0, 0xff, 0x18, 0xf8, 0x0, 0x0,
    0x8f, 0xe0, 0x8f, 0xfe, 0xee, 0xff, 0xf5, 0x8,
    0xff, 0xff, 0xff, 0xb4, 0x0,

    /* U+0043 "C" */
    0x0, 0x0, 0x5b, 0xef, 0xeb, 0x40, 0x0, 0x0,
    0xb, 0xff, 0xff, 0xff, 0xfa, 0x0, 0x0, 0xaf,
    0xe6, 0x0, 0x16, 0xff, 0x90, 0x4, 0xfe, 0x20,
    0x0, 0x0, 0x3f, 0xf2, 0xb, 0xf7, 0x0, 0x0,
    0x0, 0x5, 0x30, 0xe, 0xf2, 0x0, 0x0, 0x0,
    0x0, 0x0, 0xf, 0xf0, 0x0, 0x0, 0x0, 0x0,
    0x0, 0xf, 0xf0, 0x0, 0x0, 0x0, 0x0, 0x0,
    0xe, 0xf2, 0x0, 0x0, 0x0, 0x0, 0x0, 0xa,
    0xf7, 0x0, 0x0, 0x0, 0x5, 0x30, 0x4, 0xfe,
    0x20, 0x0, 0x0, 0x3f, 0xf2, 0x0, 0xaf, 0xe6,
    0x0, 0x16, 0xff, 0x90, 0x0, 0xb, 0xff, 0xff,
    0xff, 0xf9, 0x0, 0x0, 0x0, 0x5b, 0xef, 0xeb,
    0x40, 0x0,

    /* U+0044 "D" */
    0x8f, 0xff, 0xfe, 0xc7, 0x10, 0x0, 0x8f, 0xfe,
    0xef, 0xff, 0xf5, 0x0, 0x8f, 0x80, 0x0, 0x39,
    0xff, 0x40, 0x8f, 0x80, 0x0, 0x0, 0x7f, 0xd0,
    0x8f, 0x80, 0x0, 0x0, 0xe, 0xf4, 0x8f, 0x80,
    0x0, 0x0, 0x9, 0xf7, 0x8f, 0x80, 0x0, 0x0,
    0x7, 0xf9, 0x8f, 0x80, 0x0, 0x0, 0x7, 0xf9,
    0x8f, 0x80, 0x0, 0x0, 0x9, 0xf8, 0x8f, 0x80,
    0x0, 0x0, 0xd, 0xf4, 0x8f, 0x80, 0x0, 0x0,
    0x6f, 0xe0, 0x8f, 0x80, 0x0, 0x39, 0xff, 0x50,
    0x8f, 0xfe, 0xef, 0xff, 0xf6, 0x0, 0x8f, 0xff,
    0xfe, 0xc8, 0x10, 0x0,

    /* U+0045 "E" */
    0x8f, 0xff, 0xff, 0xff, 0xfb, 0x8f, 0xed, 0xdd,
    0xdd, 0xd9, 0x8f, 0x80, 0x0, 0x0, 0x0, 0x8f,
    0x80, 0x0, 0x0, 0x0, 0x8f, 0x80, 0x0, 0x0,
    0x0, 0x8f, 0x80, 0x0, 0x0, 0x0, 0x8f, 0xff,
    0xff, 0xff, 0xf2, 0x8f, 0xed, 0xdd, 0xdd, 0xd1,
    0x8f, 0x80, 0x0, 0x0, 0x0, 0x8f, 0x80, 0x0,
    0x0, 0x0, 0x8f, 0x80, 0x0, 0x0, 0x0, 0x8f,
    0x80, 0x0, 0x0, 0x0, 0x8f, 0xed, 0xdd, 0xdd,
    0xd9, 0x8f, 0xff, 0xff, 0xff, 0xfb,

    /* U+0046 "F" */
    0x8f, 0xff, 0xff, 0xff, 0xfb, 0x8f, 0xed, 0xdd,
    0xdd, 0xd9, 0x8f, 0x80, 0x0, 0x0, 0x0, 0x8f,
    0x80, 0x0, 0x0, 0x0, 0x8f, 0x80, 0x0, 0x0,
    0x0, 0x8f, 0x80, 0x0, 0x0, 0x0, 0x8f, 0xff,
    0xff, 0xff, 0xc0, 0x8f, 0xed, 0xdd, 0xdd, 0x90,
    0x8f, 0x80, 0x0, 0x0, 0x0, 0x8f, 0x80, 0x0,
    0x0, 0x0, 0x8f, 0x80, 0x0, 0x0, 0x0, 0x8f,
    0x80, 0x0, 0x0, 0x0, 0x8f, 0x80, 0x0, 0x0,
    0x0, 0x8f, 0x80, 0x0, 0x0, 0x0,

    /* U+0047 "G" */
    0x0, 0x0, 0x5b, 0xef, 0xdb, 0x40, 0x0, 0x0,
    0xb, 0xff, 0xff, 0xff, 0xfa, 0x0, 0x0, 0xaf,
    0xe6, 0x0, 0x16, 0xef, 0xa0, 0x4, 0xfe, 0x20,
    0x0, 0x0, 0x2e, 0xf2, 0xb, 0xf7, 0x0, 0x0,
    0x0, 0x2, 0x0, 0xe, 0xf2, 0x0, 0x0, 0x0,
    0x0, 0x0, 0xf, 0xf0, 0x0, 0x0, 0xbd, 0xdd,
    0xd5, 0xf, 0xf0, 0x0, 0x0, 0xef, 0xff, 0xf6,
    0xe, 0xf2, 0x0, 0x0, 0x0, 0x7, 0xf6, 0xa,
    0xf7, 0x0, 0x0, 0x0, 0xb, 0xf6, 0x4, 0xfe,
    0x20, 0x0, 0x0, 0x3f, 0xf6, 0x0, 0xbf, 0xe6,
    0x0, 0x16, 0xef, 0xf6, 0x0, 0xb, 0xff, 0xff,
    0xff, 0xea, 0xf6, 0x0, 0x0, 0x5b, 0xef, 0xd9,
    0x17, 0xf6,

    /* U+0048 "H" */
    0x8f, 0x80, 0x0, 0x0, 0xe, 0xf2, 0x8f, 0x80,
    0x0, 0x0, 0xe, 0xf2, 0x8f, 0x80, 0x0, 0x0,
    0xe, 0xf2, 0x8f, 0x80, 0x0, 0x0, 0xe, 0xf2,
    0x8f, 0x80, 0x0, 0x0, 0xe, 0xf2, 0x8f, 0x80,
    0x0, 0x0, 0xe, 0xf2, 0x8f, 0xff, 0xff, 0xff,
    0xff, 0xf2, 0x8f, 0xfe, 0xee, 0xee, 0xef, 0xf2,
    0x8f, 0x80, 0x0, 0x0, 0xe, 0xf2, 0x8f, 0x80,
    0x0, 0x0, 0xe, 0xf2, 0x8f, 0x80, 0x0, 0x0,
    0xe, 0xf2, 0x8f, 0x80, 0x0, 0x0, 0xe, 0xf2,
    0x8f, 0x80, 0x0, 0x0, 0xe, 0xf2, 0x8f, 0x80,
    0x0, 0x0, 0xe, 0xf2,

    /* U+0049 "I" */
    0x8f, 0x88, 0xf8, 0x8f, 0x88, 0xf8, 0x8f, 0x88,
    0xf8, 0x8f, 0x88, 0xf8, 0x8f, 0x88, 0xf8, 0x8f,
    0x88, 0xf8, 0x8f, 0x88, 0xf8,

    /* U+004A "J" */
    0x0, 0xcf, 0xff, 0xff, 0xfb, 0x0, 0x9d, 0xdd,
    0xde, 0xfb, 0x0, 0x0, 0x0, 0x5, 0xfb, 0x0,
    0x0, 0x0, 0x5, 0xfb, 0x0, 0x0, 0x0, 0x5,
    0xfb, 0x0, 0x0, 0x0, 0x5, 0xfb, 0x0, 0x0,
    0x0, 0x5, 0xfb, 0x0, 0x0, 0x0, 0x5, 0xfb,
    0x0, 0x0, 0x0, 0x5, 0xfb, 0x38, 0x60, 0x0,
    0x6, 0xfa, 0x5f, 0xc0, 0x0, 0xa, 0xf8, 0xf,
    0xf7, 0x0, 0x4f, 0xf2, 0x5, 0xff, 0xff, 0xff,
    0x80, 0x0, 0x4b, 0xff, 0xc6, 0x0,

    /* U+004B "K" */
    0x8f, 0x80, 0x0, 0x0, 0xaf, 0xe2, 0x8f, 0x80,
    0x0, 0xa, 0xfe, 0x20, 0x8f, 0x80, 0x0, 0x9f,
    0xe2, 0x0, 0x8f, 0x80, 0x8, 0xfe, 0x20, 0x0,
    0x8f, 0x80, 0x8f, 0xe2, 0x0, 0x0, 0x8f, 0x87,
    0xff, 0x60, 0x0, 0x0, 0x8f, 0xff, 0xff, 0xd0,
    0x0, 0x0, 0x8f, 0xff, 0x4e, 0xf7, 0x0, 0x0,
    0x8f, 0xf3, 0x4, 0xff, 0x20, 0x0, 0x8f, 0xb0,
    0x0, 0xaf, 0xb0, 0x0, 0x8f, 0x80, 0x0, 0x1f,
    0xf5, 0x0, 0x8f, 0x80, 0x0, 0x6, 0xfe, 0x10,
    0x8f, 0x80, 0x0, 0x0, 0xcf, 0x90, 0x8f, 0x80,
    0x0, 0x0, 0x2f, 0xf3,

    /* U+004C "L" */
    0x8f, 0x80, 0x0, 0x0, 0x8, 0xf8, 0x0, 0x0,
    0x0, 0x8f, 0x80, 0x0, 0x0, 0x8, 0xf8, 0x0,
    0x0, 0x0, 0x8f, 0x80, 0x0, 0x0, 0x8, 0xf8,
    0x0, 0x0, 0x0, 0x8f, 0x80, 0x0, 0x0, 0x8,
    0xf8, 0x0, 0x0, 0x0, 0x8f, 0x80, 0x0, 0x0,
    0x8, 0xf8, 0x0, 0x0, 0x0, 0x8f, 0x80, 0x0,
    0x0, 0x8, 0xf8, 0x0, 0x0, 0x0, 0x8f, 0xed,
    0xdd, 0xdd, 0x88, 0xff, 0xff, 0xff, 0xfb,

    /* U+004D "M" */
    0x8f, 0xfb, 0x0, 0x0, 0x0, 0xc, 0xff, 0x68,
    0xff, 0xf1, 0x0, 0x0, 0x2, 0xff, 0xf6, 0x8f,
    0xff, 0x70, 0x0, 0x0, 0x8f, 0xff, 0x68, 0xfc,
    0xfd, 0x0, 0x0, 0xe, 0xfc, 0xf6, 0x8f, 0x8d,
    0xf3, 0x0, 0x4, 0xfb, 0xaf, 0x68, 0xf8, 0x6f,
    0x90, 0x0, 0xbf, 0x5a, 0xf6, 0x8f, 0x81, 0xff,
    0x0, 0x1f, 0xe0, 0xaf, 0x68, 0xf8, 0xa, 0xf6,
    0x7, 0xf8, 0xa, 0xf6, 0x8f, 0x80, 0x3f, 0xc0,
    0xdf, 0x20, 0xaf, 0x68, 0xf8, 0x0, 0xdf, 0x6f,
    0xb0, 0xa, 0xf6, 0x8f, 0x80, 0x7, 0xff, 0xf5,
    0x0, 0xaf, 0x68, 0xf8, 0x0, 0x1f, 0xfe, 0x0,
    0xa, 0xf6, 0x8f, 0x80, 0x0, 0x8c, 0x70, 0x0,
    0xaf, 0x68, 0xf8, 0x0, 0x0, 0x0, 0x0, 0xa,
    0xf6,

    /* U+004E "N" */
    0x8f, 0xe0, 0x0, 0x0, 0xe, 0xf1, 0x8f, 0xf8,
    0x0, 0x0, 0xe, 0xf1, 0x8f, 0xff, 0x20, 0x0,
    0xe, 0xf1, 0x8f, 0xff, 0xc0, 0x0, 0xe, 0xf1,
    0x8f, 0x9d, 0xf6, 0x0, 0xe, 0xf1, 0x8f, 0x84,
    0xfe, 0x10, 0xe, 0xf1, 0x8f, 0x80, 0xaf, 0xa0,
    0xe, 0xf1, 0x8f, 0x80, 0x1f, 0xf4, 0xe, 0xf1,
    0x8f, 0x80, 0x6, 0xfd, 0xe, 0xf1, 0x8f, 0x80,
    0x0, 0xcf, 0x7e, 0xf1, 0x8f, 0x80, 0x0, 0x3f,
    0xff, 0xf1, 0x8f, 0x80, 0x0, 0x9, 0xff, 0xf1,
    0x8f, 0x80, 0x0, 0x1, 0xef, 0xf1, 0x8f, 0x80,
    0x0, 0x0, 0x5f, 0xf1,

    /* U+004F "O" */
    0x0, 0x0, 0x5b, 0xef, 0xda, 0x40, 0x0, 0x0,
    0x0, 0xbf, 0xff, 0xff, 0xff, 0xa0, 0x0, 0x0,
    0xaf, 0xe6, 0x0, 0x16, 0xff, 0x90, 0x0, 0x4f,
    0xe2, 0x0, 0x0, 0x3, 0xff, 0x30, 0xa, 0xf7,
    0x0, 0x0, 0x0, 0x9, 0xf9, 0x0, 0xef, 0x20,
    0x0, 0x0, 0x0, 0x3f, 0xd0, 0xf, 0xf0, 0x0,
    0x0, 0x0, 0x1, 0xff, 0x0, 0xff, 0x0, 0x0,
    0x0, 0x0, 0x1f, 0xf0, 0xe, 0xf2, 0x0, 0x0,
    0x0, 0x3, 0xfd, 0x0, 0xbf, 0x70, 0x0, 0x0,
    0x0, 0x9f, 0x90, 0x4, 0xfe, 0x20, 0x0, 0x0,
    0x3f, 0xf3, 0x0, 0xa, 0xfe, 0x50, 0x1, 0x6f,
    0xf9, 0x0, 0x0, 0xb, 0xff, 0xff, 0xff, 0xfa,
    0x0, 0x0, 0x0, 0x5, 0xbe, 0xfe, 0xa4, 0x0,
    0x0,

    /* U+0050 "P" */
    0x8f, 0xff, 0xff, 0xc7, 0x0, 0x8f, 0xed, 0xde,
    0xff, 0xb0, 0x8f, 0x80, 0x0, 0x4f, 0xf3, 0x8f,
    0x80, 0x0, 0xa, 0xf7, 0x8f, 0x80, 0x0, 0xa,
    0xf7, 0x8f, 0x80, 0x0, 0x4f, 0xf3, 0x8f, 0xec,
    0xce, 0xff, 0xa0, 0x8f, 0xff, 0xff, 0xc7, 0x0,
    0x8f, 0x80, 0x0, 0x0, 0x0, 0x8f, 0x80, 0x0,
    0x0, 0x0, 0x8f, 0x80, 0x0, 0x0, 0x0, 0x8f,
    0x80, 0x0, 0x0, 0x0, 0x8f, 0x80, 0x0, 0x0,
    0x0, 0x8f, 0x80, 0x0, 0x0, 0x0,

    /* U+0051 "Q" */
    0x0, 0x0, 0x5b, 0xef, 0xda, 0x40, 0x0, 0x0,
    0x0, 0xbf, 0xff, 0xff, 0xff, 0xa0, 0x0, 0x0,
    0xaf, 0xe6, 0x0, 0x16, 0xff, 0x90, 0x0, 0x4f,
    0xe2, 0x0, 0x0, 0x3, 0xff, 0x30, 0xa, 0xf7,
    0x0, 0x0, 0x0, 0x9, 0xf9, 0x0, 0xef, 0x20,
    0x0, 0x0, 0x0, 0x3f, 0xd0, 0xf, 0xf0, 0x0,
    0x0, 0x0, 0x1, 0xff, 0x0, 0xff, 0x0, 0x0,
    0x0, 0x0, 0x1f, 0xf0, 0xe, 0xf2, 0x0, 0x0,
    0x35, 0x3, 0xfd, 0x0, 0xaf, 0x70, 0x0, 0xd,
    0xf6, 0x9f, 0x90, 0x4, 0xfe, 0x20, 0x0, 0x2e,
    0xff, 0xf3, 0x0, 0xa, 0xfe, 0x50, 0x1, 0x8f,
    0xff, 0x0, 0x0, 0xb, 0xff, 0xff, 0xff, 0xff,
    0xf8, 0x0, 0x0, 0x5, 0xbe, 0xfe, 0xa4, 0x1c,
    0xf5, 0x0, 0x0, 0x0, 0x0, 0x0, 0x0, 0x17,
    0x0,

    /* U+0052 "R" */
    0x8f, 0xff, 0xff, 0xc7, 0x0, 0x8, 0xfe, 0xdd,
    0xff, 0xfa, 0x0, 0x8f, 0x80, 0x0, 0x3f, 0xf3,
    0x8, 0xf8, 0x0, 0x0, 0x9f, 0x60, 0x8f, 0x80,
    0x0, 0x9, 0xf7, 0x8, 0xf8, 0x0, 0x3, 0xff,
    0x30, 0x8f, 0xec, 0xce, 0xff, 0xb0, 0x8, 0xff,
    0xff, 0xff, 0x60, 0x0, 0x8f, 0x80, 0xe, 0xf4,
    0x0, 0x8, 0xf8, 0x0, 0x5f, 0xd0, 0x0, 0x8f,
    0x80, 0x0, 0xcf, 0x70, 0x8, 0xf8, 0x0, 0x3,
    0xff, 0x10, 0x8f, 0x80, 0x0, 0xa, 0xfa, 0x8,
    0xf8, 0x0, 0x0, 0x1f, 0xf4,

    /* U+0053 "S" */
    0x0, 0x7, 0xdf, 0xea, 0x20, 0x0, 0xa, 0xff,
    0xde, 0xff, 0x30, 0x3, 0xfe, 0x30, 0x7, 0xf8,
    0x0, 0x6f, 0xa0, 0x0, 0x2, 0x0, 0x4, 0xfe,
    0x10, 0x0, 0x0, 0x0, 0xc, 0xfe, 0x71, 0x0,
    0x0, 0x0, 0x9, 0xff, 0xfa, 0x20, 0x0, 0x0,
    0x2, 0x8e, 0xff, 0x60, 0x0, 0x0, 0x0, 0x7,
    0xff, 0x20, 0x24, 0x0, 0x0, 0xa, 0xf7, 0x2f,
    0xf1, 0x0, 0x0, 0x9f, 0x70, 0xcf, 0xc2, 0x0,
    0x4f, 0xf2, 0x2, 0xef, 0xfe, 0xef, 0xf8, 0x0,
    0x1, 0x8d, 0xff, 0xc5, 0x0,

    /* U+0054 "T" */
    0xbf, 0xff, 0xff, 0xff, 0xff, 0xf7, 0x9d, 0xdd,
    0xdf, 0xfd, 0xdd, 0xd5, 0x0, 0x0, 0x2f, 0xe0,
    0x0, 0x0, 0x0, 0x0, 0x2f, 0xe0, 0x0, 0x0,
    0x0, 0x0, 0x2f, 0xe0, 0x0, 0x0, 0x0, 0x0,
    0x2f, 0xe0, 0x0, 0x0, 0x0, 0x0, 0x2f, 0xe0,
    0x0, 0x0, 0x0, 0x0, 0x2f, 0xe0, 0x0, 0x0,
    0x0, 0x0, 0x2f, 0xe0, 0x0, 0x0, 0x0, 0x0,
    0x2f, 0xe0, 0x0, 0x0, 0x0, 0x0, 0x2f, 0xe0,
    0x0, 0x0, 0x0, 0x0, 0x2f, 0xe0, 0x0, 0x0,
    0x0, 0x0, 0x2f, 0xe0, 0x0, 0x0, 0x0, 0x0,
    0x2f, 0xe0, 0x0, 0x0,

    /* U+0055 "U" */
    0xaf, 0x60, 0x0, 0x0, 0x4f, 0xba, 0xf6, 0x0,
    0x0, 0x4, 0xfb, 0xaf, 0x60, 0x0, 0x0, 0x4f,
    0xba, 0xf6, 0x0, 0x0, 0x4, 0xfb, 0xaf, 0x60,
    0x0, 0x0, 0x4f, 0xba, 0xf6, 0x0, 0x0, 0x4,
    0xfb, 0xaf, 0x60, 0x0, 0x0, 0x4f, 0xba, 0xf6,
    0x0, 0x0, 0x4, 0xfb, 0xaf, 0x60, 0x0, 0x0,
    0x4f, 0xb9, 0xf7, 0x0, 0x0, 0x5, 0xfa, 0x7f,
    0xb0, 0x0, 0x0, 0x9f, 0x81, 0xff, 0x70, 0x0,
    0x6f, 0xf2, 0x7, 0xff, 0xfe, 0xff, 0xf7, 0x0,
    0x4, 0xbe, 0xfe, 0xb4, 0x0,

    /* U+0056 "V" */
    0x8f, 0xb0, 0x0, 0x0, 0x0, 0x7f, 0xb2, 0xff,
    0x10, 0x0, 0x0, 0xd, 0xf5, 0xb, 0xf7, 0x0,
    0x0, 0x3, 0xfe, 0x0, 0x5f, 0xd0, 0x0, 0x0,
    0x9f, 0x80, 0x0, 0xef, 0x30, 0x0, 0xf, 0xf2,
    0x0, 0x8, 0xfa, 0x0, 0x6, 0xfc, 0x0, 0x0,
    0x2f, 0xf0, 0x0, 0xcf, 0x50, 0x0, 0x0, 0xbf,
    0x60, 0x2f, 0xe0, 0x0, 0x0, 0x5, 0xfc, 0x8,
    0xf9, 0x0, 0x0, 0x0, 0xe, 0xf2, 0xef, 0x20,
    0x0, 0x0, 0x0, 0x8f, 0xdf, 0xc0, 0x0, 0x0,
    0x0, 0x2, 0xff, 0xf6, 0x0, 0x0, 0x0, 0x0,
    0xb, 0xff, 0x0, 0x0, 0x0, 0x0, 0x0, 0x5f,
    0x90, 0x0, 0x0,

    /* U+0057 "W" */
    0x7f, 0xa0, 0x0, 0x0, 0x13, 0x20, 0x0, 0x0,
    0x6f, 0xc2, 0xfe, 0x0, 0x0, 0x9, 0xfd, 0x0,
    0x0, 0xa, 0xf7, 0xd, 0xf3, 0x0, 0x0, 0xdf,
    0xf2, 0x0, 0x0, 0xef, 0x20, 0x9f, 0x80, 0x0,
    0x2f, 0xff, 0x70, 0x0, 0x3f, 0xd0, 0x4, 0xfc,
    0x0, 0x7, 0xf8, 0xfc, 0x0, 0x8, 0xf9, 0x0,
    0xf, 0xf1, 0x0, 0xcf, 0x1d, 0xf1, 0x0, 0xcf,
    0x40, 0x0, 0xbf, 0x60, 0x1f, 0xc0, 0x8f, 0x50,
    0x1f, 0xf0, 0x0, 0x6, 0xfa, 0x5, 0xf8, 0x3,
    0xfa, 0x6, 0xfb, 0x0, 0x0, 0x1f, 0xe0, 0xaf,
    0x30, 0xe, 0xe0, 0xaf, 0x60, 0x0, 0x0, 0xcf,
    0x4e, 0xe0, 0x0, 0x9f, 0x4e, 0xf1, 0x0, 0x0,
    0x8, 0xfc, 0xf9, 0x0, 0x4, 0xfc, 0xfc, 0x0,
    0x0, 0x0, 0x3f, 0xff, 0x40, 0x0, 0xf, 0xff,
    0x80, 0x0, 0x0, 0x0, 0xef, 0xf0, 0x0, 0x0,
    0xaf, 0xf3, 0x0, 0x0, 0x0, 0xa, 0xfa, 0x0,
    0x0, 0x5, 0xfe, 0x0, 0x0,

    /* U+0058 "X" */
    0x4f, 0xf3, 0x0, 0x0, 0x3, 0xff, 0x40, 0x9f,
    0xd0, 0x0, 0x0, 0xcf, 0x90, 0x0, 0xdf, 0x70,
    0x0, 0x7f, 0xd0, 0x0, 0x3, 0xff, 0x20, 0x2f,
    0xf4, 0x0, 0x0, 0x9, 0xfc, 0xc, 0xf9, 0x0,
    0x0, 0x0, 0xd, 0xfc, 0xfd, 0x0, 0x0, 0x0,
    0x0, 0x3f, 0xff, 0x30, 0x0, 0x0, 0x0, 0x4,
    0xff, 0xf4, 0x0, 0x0, 0x0, 0x0, 0xdf, 0xcf,
    0xe0, 0x0, 0x0, 0x0, 0x9f, 0xc0, 0xcf, 0x90,
    0x0, 0x0, 0x4f, 0xf2, 0x2, 0xff, 0x40, 0x0,
    0xe, 0xf7, 0x0, 0x7, 0xfe, 0x10, 0x9, 0xfc,
    0x0, 0x0, 0xc, 0xfa, 0x4, 0xff, 0x20, 0x0,
    0x0, 0x2f, 0xf5,

    /* U+0059 "Y" */
    0x8f, 0xc0, 0x0, 0x0, 0x9, 0xfb, 0xe, 0xf5,
    0x0, 0x0, 0x2f, 0xf2, 0x6, 0xfd, 0x0, 0x0,
    0xbf, 0x90, 0x0, 0xcf, 0x60, 0x3, 0xfe, 0x10,
    0x0, 0x3f, 0xe0, 0xc, 0xf7, 0x0, 0x0, 0xa,
    0xf7, 0x5f, 0xd0, 0x0, 0x0, 0x2, 0xff, 0xef,
    0x50, 0x0, 0x0, 0x0, 0x8f, 0xfb, 0x0, 0x0,
    0x0, 0x0, 0xf, 0xf3, 0x0, 0x0, 0x0, 0x0,
    0xe, 0xf2, 0x0, 0x0, 0x0, 0x0, 0xe, 0xf2,
    0x0, 0x0, 0x0, 0x0, 0xe, 0xf2, 0x0, 0x0,
    0x0, 0x0, 0xe, 0xf2, 0x0, 0x0, 0x0, 0x0,
    0xe, 0xf2, 0x0, 0x0,

    /* U+005A "Z" */
    0xe, 0xff, 0xff, 0xff, 0xff, 0xe0, 0xb, 0xdd,
    0xdd, 0xdd, 0xff, 0xe0, 0x0, 0x0, 0x0, 0x2,
    0xff, 0x50, 0x0, 0x0, 0x0, 0xc, 0xf9, 0x0,
    0x0, 0x0, 0x0, 0x9f, 0xc0, 0x0, 0x0, 0x0,
    0x5, 0xff, 0x20, 0x0, 0x0, 0x0, 0x2e, 0xf5,
    0x0, 0x0, 0x0, 0x0, 0xcf, 0x90, 0x0, 0x0,
    0x0, 0x8, 0xfc, 0x0, 0x0, 0x0, 0x0, 0x4f,
    0xf2, 0x0, 0x0, 0x0, 0x1, 0xef, 0x50, 0x0,
    0x0, 0x0, 0xc, 0xf9, 0x0, 0x0, 0x0, 0x0,
    0x5f, 0xfd, 0xdd, 0xdd, 0xdd, 0xd2, 0x6f, 0xff,
    0xff, 0xff, 0xff, 0xf2,

    /* U+005B "[" */
    0x0, 0x0, 0xc, 0xff, 0xf4, 0xcd, 0x33, 0xc,
    0xd0, 0x0, 0xcd, 0x0, 0xc, 0xd0, 0x0, 0xcd,
    0x0, 0xc, 0xd0, 0x0, 0xcd, 0x0, 0xc, 0xd0,
    0x0, 0xcd, 0x0, 0xc, 0xd0, 0x0, 0xcd, 0x0,
    0xc, 0xd0, 0x0, 0xcd, 0x0, 0xc, 0xd0, 0x0,
    0xcd, 0x0, 0xc, 0xd0, 0x0, 0xcd, 0x11, 0xc,
    0xff, 0xf4, 0x23, 0x33, 0x0,

    /* U+005C "\\" */
    0x7f, 0x10, 0x0, 0x0, 0x0, 0x1f, 0x70, 0x0,
    0x0, 0x0, 0xa, 0xd0, 0x0, 0x0, 0x0, 0x3,
    0xf4, 0x0, 0x0, 0x0, 0x0, 0xda, 0x0, 0x0,
    0x0, 0x0, 0x7f, 0x10, 0x0, 0x0, 0x0, 0x1f,
    0x70, 0x0, 0x0, 0x0, 0xa, 0xd0, 0x0, 0x0,
    0x0, 0x4, 0xf4, 0x0, 0x0, 0x0, 0x0, 0xda,
    0x0, 0x0, 0x0, 0x0, 0x7f, 0x10, 0x0, 0x0,
    0x0, 0x1f, 0x70, 0x0, 0x0, 0x0, 0xa, 0xd0,
    0x0, 0x0, 0x0, 0x4, 0xf3, 0x0, 0x0, 0x0,
    0x0, 0xda, 0x0, 0x0, 0x0, 0x0, 0x7f, 0x10,
    0x0, 0x0, 0x0, 0x1f, 0x70, 0x0, 0x0, 0x0,
    0xa, 0xd0,

    /* U+005D "]" */
    0x0, 0x0, 0xd, 0xff, 0xf3, 0x33, 0x8f, 0x30,
    0x6, 0xf3, 0x0, 0x6f, 0x30, 0x6, 0xf3, 0x0,
    0x6f, 0x30, 0x6, 0xf3, 0x0, 0x6f, 0x30, 0x6,
    0xf3, 0x0, 0x6f, 0x30, 0x6, 0xf3, 0x0, 0x6f,
    0x30, 0x6, 0xf3, 0x0, 0x6f, 0x30, 0x6, 0xf3,
    0x0, 0x6f, 0x30, 0x6, 0xf3, 0x1, 0x7f, 0x3d,
    0xff, 0xf3, 0x33, 0x33, 0x0,

    /* U+005E "^" */
    0x0, 0x0, 0x48, 0x80, 0x0, 0x0, 0x0, 0xd,
    0xff, 0x60, 0x0, 0x0, 0x4, 0xfc, 0xfd, 0x0,
    0x0, 0x0, 0xbf, 0x4b, 0xf3, 0x0, 0x0, 0x2f,
    0xd0, 0x5f, 0xa0, 0x0, 0x8, 0xf7, 0x0, 0xef,
    0x10, 0x0, 0xef, 0x10, 0x8, 0xf7, 0x0, 0x5f,
    0xa0, 0x0, 0x2f, 0xe0, 0xc, 0xf4, 0x0, 0x0,
    0xbf, 0x53, 0xfe, 0x0, 0x0, 0x5, 0xfb,

    /* U+005F "_" */
    0x68, 0x88, 0x88, 0x88, 0x3c, 0xff, 0xff, 0xff,
    0xf7,

    /* U+0060 "`" */
    0xa, 0xf5, 0x0, 0x0, 0xbe, 0x10, 0x0, 0xc,
    0xb0,

    /* U+0061 "a" */
    0x0, 0x3a, 0xef, 0xe9, 0x10, 0x7, 0xff, 0xcb,
    0xef, 0xd0, 0x2, 0xa1, 0x0, 0xc, 0xf6, 0x0,
    0x0, 0x12, 0x28, 0xf9, 0x1, 0xaf, 0xff, 0xff,
    0xf9, 0xc, 0xfb, 0x55, 0x5a, 0xf9, 0xf, 0xf0,
    0x0, 0xd, 0xf9, 0xf, 0xf1, 0x0, 0x1f, 0xf9,
    0x8, 0xfd, 0x78, 0xee, 0xf9, 0x0, 0x7d, 0xfe,
    0x74, 0xf9,

    /* U+0062 "b" */
    0xaf, 0x50, 0x0, 0x0, 0x0, 0xaf, 0x50, 0x0,
    0x0, 0x0, 0xaf, 0x50, 0x0, 0x0, 0x0, 0xaf,
    0x50, 0x0, 0x0, 0x0, 0xaf, 0x57, 0xdf, 0xd6,
    0x0, 0xaf, 0xdf, 0xde, 0xff, 0x80, 0xaf, 0xf3,
    0x0, 0x4f, 0xf3, 0xaf, 0x70, 0x0, 0x8, 0xf8,
    0xaf, 0x30, 0x0, 0x4, 0xfa, 0xaf, 0x30, 0x0,
    0x4, 0xfa, 0xaf, 0x70, 0x0, 0x8, 0xf8, 0xaf,
    0xf3, 0x0, 0x4f, 0xf2, 0xaf, 0xef, 0xdd, 0xff,
    0x80, 0xaf, 0x57, 0xef, 0xd6, 0x0,

    /* U+0063 "c" */
    0x0, 0x8, 0xdf, 0xd8, 0x0, 0x0, 0xcf, 0xeb,
    0xef, 0xc0, 0x8, 0xfb, 0x0, 0xa, 0xf6, 0xe,
    0xf2, 0x0, 0x1, 0x30, 0xf, 0xe0, 0x0, 0x0,
    0x0, 0xf, 0xe0, 0x0, 0x0, 0x0, 0xe, 0xf2,
    0x0, 0x1, 0x30, 0x8, 0xfb, 0x0, 0xa, 0xf6,
    0x0, 0xdf, 0xeb, 0xef, 0xd0, 0x0, 0x8, 0xef,
    0xe8, 0x10,

    /* U+0064 "d" */
    0x0, 0x0, 0x0, 0x0, 0xaf, 0x40, 0x0, 0x0,
    0x0, 0xa, 0xf4, 0x0, 0x0, 0x0, 0x0, 0xaf,
    0x40, 0x0, 0x0, 0x0, 0xa, 0xf4, 0x0, 0x19,
    0xef, 0xc4, 0xaf, 0x40, 0xd, 0xff, 0xde, 0xfe,
    0xf4, 0x8, 0xfc, 0x10, 0x8, 0xff, 0x40, 0xef,
    0x20, 0x0, 0xc, 0xf4, 0xf, 0xe0, 0x0, 0x0,
    0x8f, 0x40, 0xfe, 0x0, 0x0, 0x8, 0xf4, 0xe,
    0xf2, 0x0, 0x0, 0xcf, 0x40, 0x8f, 0xc1, 0x0,
    0x7f, 0xf4, 0x0, 0xdf, 0xfd, 0xef, 0xef, 0x40,
    0x1, 0x9e, 0xfc, 0x4a, 0xf4,

    /* U+0065 "e" */
    0x0, 0x19, 0xef, 0xe9, 0x10, 0x0, 0xdf, 0xda,
    0xdf, 0xd0, 0x8, 0xf7, 0x0, 0x8, 0xf7, 0xe,
    0xf2, 0x22, 0x22, 0xfc, 0xf, 0xff, 0xff, 0xff,
    0xfe, 0x1f, 0xf5, 0x55, 0x55, 0x54, 0xe, 0xf1,
    0x0, 0x0, 0x0, 0x9, 0xfb, 0x10, 0x3, 0xa0,
    0x1, 0xdf, 0xfc, 0xdf, 0xf4, 0x0, 0x19, 0xef,
    0xea, 0x30,

    /* U+0066 "f" */
    0x0, 0xa, 0xff, 0x80, 0x9, 0xfd, 0xa5, 0x0,
    0xcf, 0x30, 0x0, 0xd, 0xf2, 0x0, 0xcf, 0xff,
    0xff, 0x56, 0x8e, 0xf9, 0x82, 0x0, 0xdf, 0x20,
    0x0, 0xd, 0xf2, 0x0, 0x0, 0xdf, 0x20, 0x0,
    0xd, 0xf2, 0x0, 0x0, 0xdf, 0x20, 0x0, 0xd,
    0xf2, 0x0, 0x0, 0xdf, 0x20, 0x0, 0xd, 0xf2,
    0x0,

    /* U+0067 "g" */
    0x0, 0x0, 0x0, 0x0, 0x22, 0x0, 0x2, 0xae,
    0xfb, 0x8f, 0xd0, 0x2, 0xef, 0xba, 0xff, 0xf2,
    0x0, 0x9f, 0x70, 0x3, 0xfc, 0x0, 0xb, 0xf3,
    0x0, 0xf, 0xf0, 0x0, 0x9f, 0x70, 0x3, 0xfd,
    0x0, 0x2, 0xff, 0xa9, 0xff, 0x60, 0x0, 0x8f,
    0xfe, 0xfc, 0x50, 0x0, 0xf, 0xd0, 0x0, 0x0,
    0x0, 0x0, 0xcf, 0xd9, 0x64, 0x0, 0x0, 0x1,
    0xff, 0xff, 0xff, 0xa1, 0x1, 0xde, 0x11, 0x36,
    0xdf, 0x80, 0x2f, 0xb0, 0x0, 0x4, 0xfa, 0x0,
    0xcf, 0xc7, 0x68, 0xef, 0x50, 0x0, 0x6c, 0xef,
    0xeb, 0x40, 0x0,

    /* U+0068 "h" */
    0xaf, 0x50, 0x0, 0x0, 0xa, 0xf5, 0x0, 0x0,
    0x0, 0xaf, 0x50, 0x0, 0x0, 0xa, 0xf5, 0x0,
    0x0, 0x0, 0xaf, 0x58, 0xef, 0xc4, 0xa, 0xfe,
    0xfc, 0xdf, 0xf3, 0xaf, 0xf2, 0x0, 0xaf, 0x9a,
    0xf9, 0x0, 0x4, 0xfc, 0xaf, 0x60, 0x0, 0x2f,
    0xca, 0xf5, 0x0, 0x2, 0xfc, 0xaf, 0x50, 0x0,
    0x2f, 0xca, 0xf5, 0x0, 0x2, 0xfc, 0xaf, 0x50,
    0x0, 0x2f, 0xca, 0xf5, 0x0, 0x2, 0xfc,

    /* U+0069 "i" */
    0xcf, 0x6c, 0xf6, 0x46, 0x20, 0x0, 0xaf, 0x4a,
    0xf4, 0xaf, 0x4a, 0xf4, 0xaf, 0x4a, 0xf4, 0xaf,
    0x4a, 0xf4, 0xaf, 0x4a, 0xf4,

    /* U+006A "j" */
    0x0, 0xcf, 0x70, 0xc, 0xf7, 0x0, 0x46, 0x20,
    0x0, 0x0, 0x0, 0xaf, 0x40, 0xa, 0xf4, 0x0,
    0xaf, 0x40, 0xa, 0xf4, 0x0, 0xaf, 0x40, 0xa,
    0xf4, 0x0, 0xaf, 0x40, 0xa, 0xf4, 0x0, 0xaf,
    0x40, 0xa, 0xf4, 0x0, 0xaf, 0x40, 0xb, 0xf4,
    0x7e, 0xff, 0x26, 0xef, 0x70,

    /* U+006B "k" */
    0xaf, 0x50, 0x0, 0x0, 0x0, 0xaf, 0x50, 0x0,
    0x0, 0x0, 0xaf, 0x50, 0x0, 0x0, 0x0, 0xaf,
    0x50, 0x0, 0x0, 0x0, 0xaf, 0x50, 0x2, 0xef,
    0x70, 0xaf, 0x50, 0x1e, 0xf7, 0x0, 0xaf, 0x51,
    0xdf, 0x80, 0x0, 0xaf, 0x6d, 0xfa, 0x0, 0x0,
    0xaf, 0xff, 0xfd, 0x0, 0x0, 0xaf, 0xf8, 0xcf,
    0x80, 0x0, 0xaf, 0xd0, 0x2f, 0xf2, 0x0, 0xaf,
    0x50, 0x8, 0xfc, 0x0, 0xaf, 0x50, 0x0, 0xdf,
    0x70, 0xaf, 0x50, 0x0, 0x3f, 0xf2,

    /* U+006C "l" */
    0xbf, 0x40, 0xbf, 0x40, 0xbf, 0x40, 0xbf, 0x40,
    0xbf, 0x40, 0xbf, 0x40, 0xbf, 0x40, 0xbf, 0x40,
    0xbf, 0x40, 0xbf, 0x40, 0xbf, 0x40, 0xaf, 0x50,
    0x8f, 0xfc, 0x1c, 0xfc,

    /* U+006D "m" */
    0xaf, 0x58, 0xef, 0xb2, 0x1a, 0xfe, 0xa1, 0xa,
    0xfe, 0xc8, 0xdf, 0xee, 0xc8, 0xcf, 0xc0, 0xaf,
    0xf0, 0x0, 0xef, 0xf0, 0x0, 0xef, 0x3a, 0xf7,
    0x0, 0xa, 0xf8, 0x0, 0x9, 0xf5, 0xaf, 0x50,
    0x0, 0x9f, 0x60, 0x0, 0x8f, 0x6a, 0xf5, 0x0,
    0x9, 0xf6, 0x0, 0x8, 0xf6, 0xaf, 0x50, 0x0,
    0x9f, 0x60, 0x0, 0x8f, 0x6a, 0xf5, 0x0, 0x9,
    0xf6, 0x0, 0x8, 0xf6, 0xaf, 0x50, 0x0, 0x9f,
    0x60, 0x0, 0x8f, 0x6a, 0xf5, 0x0, 0x9, 0xf6,
    0x0, 0x8, 0xf6,

    /* U+006E "n" */
    0xaf, 0x58, 0xef, 0xc4, 0xa, 0xff, 0xd8, 0xaf,
    0xf3, 0xaf, 0xe0, 0x0, 0x8f, 0x9a, 0xf8, 0x0,
    0x3, 0xfc, 0xaf, 0x60, 0x0, 0x2f, 0xca, 0xf5,
    0x0, 0x2, 0xfc, 0xaf, 0x50, 0x0, 0x2f, 0xca,
    0xf5, 0x0, 0x2, 0xfc, 0xaf, 0x50, 0x0, 0x2f,
    0xca, 0xf5, 0x0, 0x2, 0xfc,

    /* U+006F "o" */
    0x0, 0x6, 0xdf, 0xea, 0x20, 0x0, 0xb, 0xff,
    0xcd, 0xff, 0x40, 0x7, 0xfc, 0x10, 0x5, 0xfe,
    0x0, 0xdf, 0x20, 0x0, 0xa, 0xf5, 0xf, 0xe0,
    0x0, 0x0, 0x6f, 0x80, 0xfe, 0x0, 0x0, 0x6,
    0xf8, 0xd, 0xf2, 0x0, 0x0, 0xaf, 0x50, 0x7f,
    0xc0, 0x0, 0x5f, 0xe0, 0x0, 0xbf, 0xfc, 0xdf,
    0xf4, 0x0, 0x0, 0x7d, 0xfe, 0xa2, 0x0,

    /* U+0070 "p" */
    0xaf, 0x58, 0xef, 0xd6, 0x0, 0xaf, 0xff, 0xab,
    0xff, 0x80, 0xaf, 0xf1, 0x0, 0x2e, 0xf2, 0xaf,
    0x60, 0x0, 0x7, 0xf8, 0xaf, 0x20, 0x0, 0x4,
    0xfa, 0xaf, 0x30, 0x0, 0x4, 0xfa, 0xaf, 0x70,
    0x0, 0x8, 0xf8, 0xaf, 0xf3, 0x0, 0x4f, 0xf3,
    0xaf, 0xef, 0xdd, 0xff, 0x80, 0xaf, 0x58, 0xef,
    0xd6, 0x0, 0xaf, 0x50, 0x0, 0x0, 0x0, 0xaf,
    0x50, 0x0, 0x0, 0x0, 0xaf, 0x50, 0x0, 0x0,
    0x0, 0xaf, 0x50, 0x0, 0x0, 0x0,

    /* U+0071 "q" */
    0x0, 0x19, 0xef, 0xc4, 0xaf, 0x40, 0xd, 0xff,
    0xde, 0xff, 0xf4, 0x8, 0xfd, 0x10, 0x8, 0xff,
    0x40, 0xef, 0x20, 0x0, 0xc, 0xf4, 0xf, 0xe0,
    0x0, 0x0, 0x8f, 0x40, 0xfe, 0x0, 0x0, 0x8,
    0xf4, 0xe, 0xf2, 0x0, 0x0, 0xcf, 0x40, 0x8f,
    0xc1, 0x0, 0x7f, 0xf4, 0x0, 0xdf, 0xfd, 0xef,
    0xff, 0x40, 0x1, 0x9e, 0xfc, 0x3a, 0xf4, 0x0,
    0x0, 0x0, 0x0, 0xaf, 0x40, 0x0, 0x0, 0x0,
    0xa, 0xf4, 0x0, 0x0, 0x0, 0x0, 0xaf, 0x40,
    0x0, 0x0, 0x0, 0xa, 0xf4,

    /* U+0072 "r" */
    0xaf, 0x57, 0xef, 0x9a, 0xfe, 0xfd, 0xe3, 0xaf,
    0xf3, 0x0, 0xa, 0xf8, 0x0, 0x0, 0xaf, 0x50,
    0x0, 0xa, 0xf5, 0x0, 0x0, 0xaf, 0x50, 0x0,
    0xa, 0xf5, 0x0, 0x0, 0xaf, 0x50, 0x0, 0xa,
    0xf5, 0x0, 0x0,

    /* U+0073 "s" */
    0x0, 0x7d, 0xfe, 0x91, 0x0, 0x8f, 0xc9, 0xbf,
    0xd0, 0xe, 0xf0, 0x0, 0x55, 0x0, 0xcf, 0x93,
    0x0, 0x0, 0x2, 0xdf, 0xfe, 0x92, 0x0, 0x0,
    0x49, 0xef, 0xe2, 0x0, 0x0, 0x0, 0xaf, 0x71,
    0xd8, 0x0, 0x8, 0xf6, 0x1d, 0xfd, 0xab, 0xfe,
    0x10, 0x8, 0xdf, 0xea, 0x20,

    /* U+0074 "t" */
    0x0, 0x4, 0x10, 0x0, 0xa, 0xf2, 0x0, 0x0,
    0xdf, 0x20, 0x0, 0xd, 0xf2, 0x0, 0xcf, 0xff,
    0xff, 0x66, 0x8f, 0xfa, 0x83, 0x0, 0xdf, 0x20,
    0x0, 0xd, 0xf2, 0x0, 0x0, 0xdf, 0x20, 0x0,
    0xd, 0xf2, 0x0, 0x0, 0xdf, 0x20, 0x0, 0xd,
    0xf4, 0x0, 0x0, 0x9f, 0xea, 0x40, 0x1, 0xbf,
    0xe4,

    /* U+0075 "u" */
    0xcf, 0x30, 0x0, 0x4f, 0xac, 0xf3, 0x0, 0x4,
    0xfa, 0xcf, 0x30, 0x0, 0x4f, 0xac, 0xf3, 0x0,
    0x4, 0xfa, 0xcf, 0x30, 0x0, 0x4f, 0xac, 0xf3,
    0x0, 0x5, 0xfa, 0xbf, 0x40, 0x0, 0x8f, 0xa9,
    0xfa, 0x0, 0x1f, 0xfa, 0x3f, 0xfd, 0xbf, 0xff,
    0xa0, 0x4c, 0xfe, 0x95, 0xfa,

    /* U+0076 "v" */
    0x6f, 0xb0, 0x0, 0x3, 0xfd, 0x0, 0xff, 0x10,
    0x0, 0x9f, 0x70, 0x9, 0xf7, 0x0, 0xe, 0xf1,
    0x0, 0x2f, 0xd0, 0x5, 0xfa, 0x0, 0x0, 0xcf,
    0x20, 0xbf, 0x40, 0x0, 0x6, 0xf8, 0x1f, 0xd0,
    0x0, 0x0, 0xe, 0xe7, 0xf7, 0x0, 0x0, 0x0,
    0x9f, 0xef, 0x10, 0x0, 0x0, 0x2, 0xff, 0xa0,
    0x0, 0x0, 0x0, 0xc, 0xf4, 0x0, 0x0,

    /* U+0077 "w" */
    0x5f, 0xb0, 0x0, 0x8f, 0x70, 0x0, 0xbf, 0x51,
    0xff, 0x0, 0xd, 0xfd, 0x0, 0xf, 0xf1, 0xc,
    0xf3, 0x2, 0xff, 0xf2, 0x4, 0xfc, 0x0, 0x7f,
    0x80, 0x7f, 0x8f, 0x70, 0x8f, 0x70, 0x2, 0xfc,
    0xc, 0xf0, 0xfc, 0xd, 0xf2, 0x0, 0xe, 0xf2,
    0xfa, 0xa, 0xf2, 0xfd, 0x0, 0x0, 0x9f, 0xbf,
    0x50, 0x5f, 0xbf, 0x80, 0x0, 0x4, 0xff, 0xf0,
    0x0, 0xff, 0xf4, 0x0, 0x0, 0xf, 0xfb, 0x0,
    0xb, 0xff, 0x0, 0x0, 0x0, 0xbf, 0x60, 0x0,
    0x6f, 0xa0, 0x0,

    /* U+0078 "x" */
    0x2f, 0xf3, 0x0, 0x9, 0xfb, 0x0, 0x7f, 0xd0,
    0x4, 0xfe, 0x10, 0x0, 0xbf, 0x81, 0xef, 0x40,
    0x0, 0x1, 0xef, 0xcf, 0x90, 0x0, 0x0, 0x5,
    0xff, 0xd0, 0x0, 0x0, 0x0, 0x6f, 0xfd, 0x0,
    0x0, 0x0, 0x2f, 0xfb, 0xf9, 0x0, 0x0, 0xc,
    0xf7, 0xe, 0xf5, 0x0, 0x7, 0xfc, 0x0, 0x4f,
    0xe1, 0x2, 0xff, 0x20, 0x0, 0xaf, 0xb0,

    /* U+0079 "y" */
    0x6f, 0xb0, 0x0, 0x3, 0xfd, 0x0, 0xff, 0x10,
    0x0, 0x9f, 0x70, 0x9, 0xf7, 0x0, 0xf, 0xf1,
    0x0, 0x2f, 0xd0, 0x5, 0xfa, 0x0, 0x0, 0xcf,
    0x30, 0xbf, 0x40, 0x0, 0x5, 0xf8, 0x1f, 0xd0,
    0x0, 0x0, 0xe, 0xe7, 0xf7, 0x0, 0x0, 0x0,
    0x8f, 0xff, 0x10, 0x0, 0x0, 0x2, 0xff, 0xa0,
    0x0, 0x0, 0x0, 0xe, 0xf3, 0x0, 0x0, 0x0,
    0x4, 0xfd, 0x0, 0x0, 0x0, 0x0, 0xbf, 0x60,
    0x0, 0x0, 0x0, 0x1f, 0xf1, 0x0, 0x0, 0x0,
    0x8, 0xf9, 0x0, 0x0, 0x0,

    /* U+007A "z" */
    0xf, 0xff, 0xff, 0xff, 0xa0, 0x99, 0x99, 0x9f,
    0xf8, 0x0, 0x0, 0x6, 0xfc, 0x0, 0x0, 0x3,
    0xfe, 0x10, 0x0, 0x1, 0xef, 0x30, 0x0, 0x0,
    0xcf, 0x70, 0x0, 0x0, 0x9f, 0xa0, 0x0, 0x0,
    0x5f, 0xd0, 0x0, 0x0, 0x2f, 0xfb, 0x99, 0x99,
    0x54, 0xff, 0xff, 0xff, 0xf9,

    /* U+007B "{" */
    0x0, 0x0, 0x0, 0xb, 0xfe, 0x7, 0xf8, 0x30,
    0x9f, 0x10, 0xa, 0xf1, 0x0, 0xaf, 0x10, 0xa,
    0xf1, 0x0, 0xaf, 0x10, 0xa, 0xf0, 0x3, 0xec,
    0x0, 0xee, 0x20, 0x6, 0xfb, 0x0, 0xb, 0xf0,
    0x0, 0xaf, 0x10, 0xa, 0xf1, 0x0, 0xaf, 0x10,
    0xa, 0xf1, 0x0, 0x9f, 0x10, 0x8, 0xf6, 0x0,
    0x1e, 0xfe, 0x0, 0x3, 0x30,

    /* U+007C "|" */
    0x2f, 0x52, 0xf5, 0x2f, 0x52, 0xf5, 0x2f, 0x52,
    0xf5, 0x2f, 0x52, 0xf5, 0x2f, 0x52, 0xf5, 0x2f,
    0x52, 0xf5, 0x2f, 0x52, 0xf5, 0x2f, 0x52, 0xf5,
    0x2f, 0x52, 0xf5, 0x2f, 0x52, 0xf5,

    /* U+007D "}" */
    0x0, 0x0, 0xd, 0xfc, 0x10, 0x27, 0xf8, 0x0,
    0xf, 0xa0, 0x0, 0xfb, 0x0, 0xf, 0xb0, 0x0,
    0xfb, 0x0, 0xf, 0xb0, 0x0, 0xfb, 0x0, 0xb,
    0xf4, 0x0, 0x1e, 0xf0, 0xa, 0xf6, 0x0, 0xfc,
    0x0, 0xf, 0xb0, 0x0, 0xfb, 0x0, 0xf, 0xb0,
    0x0, 0xfb, 0x0, 0xf, 0xb0, 0x5, 0xf9, 0xd,
    0xfe, 0x20, 0x23, 0x0, 0x0,

    /* U+007E "~" */
    0x0, 0x0, 0x0, 0x0, 0x0, 0xbf, 0xf8, 0x0,
    0x8b, 0x7f, 0x79, 0xf8, 0x3e, 0xb7, 0xa0, 0x8,
    0xff, 0xe2, 0x0, 0x0, 0x1, 0x30, 0x0,

    /* U+00A0 " " */

    /* U+00A1 "¡" */
    0xbf, 0x9b, 0xf9, 0x46, 0x30, 0x0, 0x4c, 0x25,
    0xf3, 0x5f, 0x36, 0xf4, 0x6f, 0x47, 0xf4, 0x7f,
    0x57, 0xf5, 0x8f, 0x58, 0xf6,

    /* U+00A2 "¢" */
    0x0, 0x0, 0xd9, 0x0, 0x0, 0x0, 0x0, 0xd9,
    0x0, 0x0, 0x0, 0x5c, 0xff, 0xb3, 0x0, 0x7,
    0xff, 0xcc, 0xff, 0x40, 0x2f, 0xf3, 0x0, 0x4f,
    0xd0, 0x7f, 0x80, 0x0, 0x3, 0x0, 0xaf, 0x40,
    0x0, 0x0, 0x0, 0xaf, 0x40, 0x0, 0x0, 0x0,
    0x7f, 0x80, 0x0, 0x3, 0x0, 0x2f, 0xf3, 0x0,
    0x4f, 0xd0, 0x7, 0xff, 0xcc, 0xff, 0x40, 0x0,
    0x5c, 0xff, 0xb3, 0x0, 0x0, 0x0, 0xd9, 0x0,
    0x0, 0x0, 0x0, 0xd9, 0x0, 0x0,

    /* U+00A3 "£" */
    0x0, 0x1, 0x9e, 0xfd, 0x70, 0x0, 0x0, 0xdf,
    0xdb, 0xef, 0xa0, 0x0, 0x6f, 0x90, 0x0, 0xaf,
    0x30, 0xa, 0xf0, 0x0, 0x1, 0x30, 0x0, 0x9f,
    0x0, 0x0, 0x0, 0x0, 0x6, 0xf3, 0x0, 0x0,
    0x0, 0xf, 0xff, 0xff, 0xff, 0x70, 0x0, 0xaa,
    0xfe, 0xaa, 0xa4, 0x0, 0x0, 0xa, 0xf0, 0x0,
    0x0, 0x0, 0x0, 0x8f, 0x10, 0x0, 0x0, 0x0,
    0xd, 0xe0, 0x0, 0x0, 0x0, 0x1b, 0xf5, 0x0,
    0x0, 0x0, 0xf, 0xfd, 0xaa, 0xaa, 0xaa, 0x30,
    0xff, 0xff, 0xff, 0xff, 0xf6,

    /* U+00A4 "¤" */
    0x3, 0x0, 0x1, 0x0, 0x11, 0x8, 0xf6, 0xcf,
    0xfe, 0x7d, 0xc0, 0x1d, 0xfd, 0x66, 0xbf, 0xf3,
    0x0, 0xec, 0x0, 0x0, 0x8f, 0x30, 0x4f, 0x30,
    0x0, 0x0, 0xe9, 0x6, 0xf0, 0x0, 0x0, 0xb,
    0xb0, 0x4f, 0x20, 0x0, 0x0, 0xda, 0x0, 0xf9,
    0x0, 0x0, 0x5f, 0x50, 0xc, 0xfa, 0x33, 0x7f,
    0xf2, 0x8, 0xfa, 0xef, 0xff, 0xae, 0xd0, 0x5,
    0x0, 0x34, 0x10, 0x23, 0x0,

    /* U+00A5 "¥" */
    0xaf, 0x70, 0x0, 0x0, 0x4f, 0xe0, 0x2f, 0xe0,
    0x0, 0x0, 0xcf, 0x60, 0x9, 0xf8, 0x0, 0x4,
    0xfd, 0x0, 0x1, 0xff, 0x10, 0xc, 0xf5, 0x0,
    0x0, 0x8f, 0x80, 0x5f, 0xd0, 0x0, 0x0, 0x1f,
    0xf1, 0xdf, 0x40, 0x0, 0x0, 0x8, 0xfc, 0xfc,
    0x0, 0x0, 0xb, 0xff, 0xff, 0xff, 0xff, 0x0,
    0x6, 0x99, 0xbf, 0xd9, 0x99, 0x0, 0x0, 0x0,
    0x6f, 0xa0, 0x0, 0x0, 0x6, 0x99, 0xbf, 0xd9,
    0x98, 0x0, 0xb, 0xff, 0xff, 0xff, 0xff, 0x0,
    0x0, 0x0, 0x6f, 0xa0, 0x0, 0x0, 0x0, 0x0,
    0x6f, 0xa0, 0x0, 0x0,

    /* U+00A6 "¦" */
    0x2f, 0x52, 0xf5, 0x2f, 0x52, 0xf5, 0x2f, 0x52,
    0xf5, 0x2f, 0x52, 0xf5, 0x4, 0x10, 0x0, 0x0,
    0x0, 0x20, 0x2f, 0x52, 0xf5, 0x2f, 0x52, 0xf5,
    0x2f, 0x52, 0xf5, 0x2f, 0x52, 0xf5,

    /* U+00A7 "§" */
    0x0, 0x5c, 0xfe, 0xb4, 0x0, 0x7, 0xff, 0xee,
    0xff, 0x70, 0xf, 0xf5, 0x0, 0x5f, 0xa0, 0x2f,
    0xe0, 0x0, 0x2, 0x0, 0x1f, 0xf3, 0x0, 0x0,
    0x0, 0x2f, 0xff, 0x92, 0x0, 0x0, 0xbf, 0xcf,
    0xff, 0xb3, 0x0, 0xff, 0x11, 0x8e, 0xff, 0x80,
    0xff, 0x40, 0x0, 0x6f, 0xf5, 0x9f, 0xe4, 0x0,
    0x7, 0xfa, 0xc, 0xff, 0xc6, 0x5, 0xfa, 0x0,
    0x6d, 0xff, 0xed, 0xf6, 0x0, 0x0, 0x3b, 0xff,
    0xc0, 0x0, 0x0, 0x0, 0x7f, 0xd0, 0x0, 0x20,
    0x0, 0x1f, 0xe0, 0x1d, 0xe2, 0x0, 0x9f, 0xb0,
    0xb, 0xff, 0xdf, 0xff, 0x30, 0x0, 0x7d, 0xfe,
    0xa2, 0x0,

    /* U+00A8 "¨" */
    0x6, 0x60, 0x16, 0x51, 0xff, 0x25, 0xfe, 0x1f,
    0xf2, 0x5f, 0xe0,

    /* U+00A9 "©" */
    0x0, 0x0, 0x6b, 0xee, 0xd8, 0x20, 0x0, 0x0,
    0x3, 0xd9, 0x30, 0x2, 0x6d, 0x70, 0x0, 0x3,
    0xe3, 0x0, 0x1, 0x0, 0xb, 0x80, 0x0, 0xd3,
    0x2, 0xbf, 0xfe, 0x60, 0xc, 0x40, 0x6a, 0x0,
    0xee, 0x76, 0xcf, 0x50, 0x4c, 0xb, 0x40, 0x6f,
    0x40, 0x0, 0xa4, 0x0, 0xe1, 0xd2, 0xa, 0xf0,
    0x0, 0x0, 0x0, 0xb, 0x3d, 0x20, 0xaf, 0x0,
    0x0, 0x0, 0x0, 0xb3, 0xa4, 0x8, 0xf3, 0x0,
    0x6, 0x10, 0xe, 0x16, 0xa0, 0x1f, 0xd4, 0x39,
    0xf5, 0x4, 0xc0, 0xd, 0x40, 0x4e, 0xff, 0xf8,
    0x0, 0xd4, 0x0, 0x3e, 0x30, 0x3, 0x41, 0x0,
    0xb8, 0x0, 0x0, 0x3e, 0x93, 0x0, 0x27, 0xe7,
    0x0, 0x0, 0x0, 0x6, 0xbe, 0xed, 0x92, 0x0,
    0x0,

    /* U+00AA "ª" */
    0x2, 0xae, 0xd6, 0x0, 0xc9, 0x24, 0xe4, 0x0,
    0x0, 0x9, 0x90, 0x7e, 0xff, 0xfa, 0x2f, 0x40,
    0x9, 0xa2, 0xf3, 0x3, 0xea, 0x8, 0xff, 0xc8,
    0x90, 0x0, 0x10, 0x0,

    /* U+00AB "«" */
    0x0, 0x0, 0x70, 0x0, 0x25, 0x0, 0x2d, 0xc0,
    0x4, 0xf7, 0x3, 0xef, 0x50, 0x7f, 0xd2, 0x6f,
    0xd2, 0xa, 0xfa, 0x0, 0x5f, 0xd3, 0x9, 0xfb,
    0x10, 0x3, 0xef, 0x50, 0x6f, 0xd2, 0x0, 0x1c,
    0xc0, 0x4, 0xf7, 0x0, 0x0, 0x70, 0x0, 0x25,

    /* U+00AC "¬" */
    0x38, 0x88, 0x88, 0x88, 0x84, 0x6f, 0xff, 0xff,
    0xff, 0xf9, 0x0, 0x0, 0x0, 0x0, 0xf9, 0x0,
    0x0, 0x0, 0x0, 0xf9, 0x0, 0x0, 0x0, 0x0,
    0xf9, 0x0, 0x0, 0x0, 0x0, 0xf9,

    /* U+00AD "­" */
    0x2, 0x22, 0x21, 0x3f, 0xff, 0xfc, 0x15, 0x55,
    0x53,

    /* U+00AE "®" */
    0x0, 0x3a, 0xdd, 0xc6, 0x0, 0x0, 0x6c, 0x40,
    0x2, 0x9c, 0x0, 0x3c, 0x5, 0xdc, 0xa0, 0x7a,
    0xb, 0x40, 0x68, 0xa, 0x40, 0xd1, 0xd0, 0x6,
    0xee, 0xa0, 0xa, 0x4d, 0x0, 0x68, 0x68, 0x0,
    0xa4, 0xb4, 0x6, 0x80, 0xd1, 0xd, 0x14, 0xc0,
    0x34, 0x4, 0x37, 0xa0, 0x7, 0xd4, 0x0, 0x29,
    0xc0, 0x0, 0x3, 0xad, 0xec, 0x60, 0x0,

    /* U+00AF "¯" */
    0x1f, 0xff, 0xff, 0x50, 0x22, 0x22, 0x20,

    /* U+00B0 "°" */
    0x0, 0x0, 0x0, 0x0, 0x8f, 0xfb, 0x10, 0x6f,
    0x75, 0xdc, 0xa, 0xb0, 0x5, 0xf0, 0x7f, 0x42,
    0xbd, 0x0, 0xbf, 0xfe, 0x30, 0x0, 0x23, 0x0,
    0x0,

    /* U+00B1 "±" */
    0x0, 0x0, 0x0, 0x0, 0x0, 0x0, 0x0, 0x3,
    0xf6, 0x0, 0x0, 0x0, 0x0, 0x3f, 0x60, 0x0,
    0x0, 0x0, 0x3, 0xf6, 0x0, 0x0, 0x5f, 0xff,
    0xff, 0xff, 0xff, 0x93, 0x88, 0x8a, 0xfb, 0x88,
    0x84, 0x0, 0x0, 0x3f, 0x60, 0x0, 0x0, 0x0,
    0x3, 0xf6, 0x0, 0x0, 0x0, 0x0, 0x3f, 0x60,
    0x0, 0x0, 0x0, 0x0, 0x0, 0x0, 0x0, 0x39,
    0x99, 0x99, 0x99, 0x99, 0x55, 0xff, 0xff, 0xff,
    0xff, 0xf9,

    /* U+00B2 "²" */
    0x6, 0xef, 0xa1, 0x3, 0xe3, 0xa, 0x90, 0x68,
    0x0, 0x5b, 0x0, 0x0, 0x9, 0x80, 0x0, 0x5,
    0xd0, 0x0, 0x7, 0xc1, 0x0, 0x2c, 0x90, 0x0,
    0xe, 0xff, 0xff, 0xf2,

    /* U+00B3 "³" */
    0x9, 0xee, 0x90, 0x6c, 0x11, 0xb7, 0x1, 0x0,
    0xa5, 0x0, 0x4e, 0xb0, 0x0, 0x0, 0x7a, 0x91,
    0x0, 0x1f, 0xaa, 0x10, 0x9c, 0x1a, 0xff, 0xb1,

    /* U+00B4 "´" */
    0x0, 0x4f, 0xb0, 0x1, 0xeb, 0x0, 0xb, 0xc0,
    0x0,

    /* U+00B5 "µ" */
    0xcf, 0x30, 0x0, 0x4f, 0xac, 0xf3, 0x0, 0x4,
    0xfa, 0xcf, 0x30, 0x0, 0x4f, 0xac, 0xf3, 0x0,
    0x4, 0xfa, 0xcf, 0x30, 0x0, 0x4f, 0xac, 0xf3,
    0x0, 0x6, 0xfa, 0xcf, 0x40, 0x0, 0x8f, 0xac,
    0xf9, 0x0, 0xd, 0xfa, 0xcf, 0xfb, 0x9d, 0xef,
    0xac, 0xfb, 0xfe, 0x95, 0xfa, 0xcf, 0x30, 0x0,
    0x0, 0xc, 0xf3, 0x0, 0x0, 0x0, 0xcf, 0x30,
    0x0, 0x0, 0x1, 0x20, 0x0, 0x0, 0x0,

    /* U+00B6 "¶" */
    0x0, 0x29, 0xef, 0x80, 0x5c, 0x3, 0xff, 0xff,
    0x80, 0x5c, 0xc, 0xff, 0xff, 0x80, 0x5c, 0xf,
    0xff, 0xff, 0x80, 0x5c, 0xf, 0xff, 0xff, 0x80,
    0x5c, 0xa, 0xff, 0xff, 0x80, 0x5c, 0x1, 0xdf,
    0xff, 0x80, 0x5c, 0x0, 0x6, 0xae, 0x80, 0x5c,
    0x0, 0x0, 0xa, 0x80, 0x5c, 0x0, 0x0, 0xa,
    0x80, 0x5c, 0x0, 0x0, 0xa, 0x80, 0x5c, 0x0,
    0x0, 0xa, 0x80, 0x5c, 0x0, 0x0, 0xa, 0x80,
    0x5c, 0x0, 0x0, 0xa, 0x80, 0x5c, 0x0, 0x0,
    0xa, 0x80, 0x5c, 0x0, 0x0, 0xa, 0x80, 0x5c,
    0x0, 0x0, 0x2, 0x20, 0x13,

    /* U+00B7 "·" */
    0x66, 0x1f, 0xf3, 0xff, 0x30,

    /* U+00B8 "¸" */
    0x0, 0xc5, 0x0, 0x5f, 0xc3, 0x0, 0x7, 0xe0,
    0x62, 0x6e, 0x9, 0xff, 0x50, 0x1, 0x0,

    /* U+00B9 "¹" */
    0x0, 0x4c, 0x3d, 0xfc, 0x0, 0x3c, 0x0, 0x3c,
    0x0, 0x3c, 0x0, 0x3c, 0x0, 0x3c, 0x0, 0x3c,

    /* U+00BA "º" */
    0x0, 0x7d, 0xea, 0x10, 0x9, 0xd4, 0x2a, 0xd0,
    0x1f, 0x30, 0x0, 0xe6, 0x4f, 0x0, 0x0, 0xb8,
    0x2f, 0x20, 0x0, 0xd7, 0xb, 0xb1, 0x8, 0xf1,
    0x1, 0xbf, 0xfd, 0x30, 0x0, 0x0, 0x10, 0x0,

    /* U+00BB "»" */
    0x35, 0x0, 0x6, 0x20, 0x0, 0x3, 0xf8, 0x0,
    0x8f, 0x40, 0x0, 0xa, 0xfb, 0x2, 0xdf, 0x70,
    0x0, 0x6, 0xfd, 0x20, 0xaf, 0x90, 0x0, 0x7f,
    0xc1, 0x1b, 0xf9, 0x0, 0xbf, 0xa0, 0x3e, 0xf6,
    0x0, 0x3f, 0x70, 0x8, 0xe4, 0x0, 0x2, 0x50,
    0x0, 0x52, 0x0, 0x0,

    /* U+00BC "¼" */
    0x0, 0x8e, 0x0, 0x0, 0x0, 0xc9, 0x0, 0x8,
    0xff, 0xe0, 0x0, 0x0, 0x6e, 0x10, 0x0, 0x12,
    0x9e, 0x0, 0x0, 0x1e, 0x60, 0x0, 0x0, 0x7,
    0xe0, 0x0, 0x9, 0xd0, 0x0, 0x0, 0x0, 0x7e,
    0x0, 0x2, 0xf3, 0x0, 0x0, 0x0, 0x7, 0xe0,
    0x0, 0xba, 0x0, 0x24, 0x0, 0x0, 0x7e, 0x0,
    0x5f, 0x10, 0x1e, 0xc0, 0x0, 0x7, 0xe0, 0xd,
    0x70, 0xb, 0xec, 0x0, 0x0, 0x37, 0x7, 0xe0,
    0x7, 0xb8, 0xc0, 0x0, 0x0, 0x1, 0xf5, 0x3,
    0xe1, 0x8c, 0x0, 0x0, 0x0, 0xab, 0x0, 0xd5,
    0x8, 0xc0, 0x0, 0x0, 0x3f, 0x20, 0x5f, 0xff,
    0xff, 0xf1, 0x0, 0xd, 0x90, 0x0, 0x22, 0x29,
    0xd2, 0x0, 0x6, 0xe1, 0x0, 0x0, 0x0, 0x8c,
    0x0,

    /* U+00BD "½" */
    0x0, 0x5b, 0x0, 0x0, 0x0, 0x98, 0x0, 0x0,
    0x9, 0xe0, 0x0, 0x0, 0x4f, 0x20, 0x0, 0x8f,
    0xfe, 0x0, 0x0, 0xd, 0x80, 0x0, 0x1, 0x29,
    0xe0, 0x0, 0x7, 0xe0, 0x0, 0x0, 0x0, 0x7e,
    0x0, 0x1, 0xf5, 0x0, 0x0, 0x0, 0x7, 0xe0,
    0x0, 0x9c, 0x0, 0x0, 0x0, 0x0, 0x7e, 0x0,
    0x3f, 0x31, 0xbf, 0xe6, 0x0, 0x7, 0xe0, 0xc,
    0x90, 0xad, 0x57, 0xf3, 0x0, 0x5a, 0x5, 0xf1,
    0xd, 0x60, 0xf, 0x60, 0x0, 0x0, 0xe7, 0x0,
    0x0, 0x2, 0xf3, 0x0, 0x0, 0x8d, 0x0, 0x0,
    0x0, 0xcb, 0x0, 0x0, 0x2f, 0x40, 0x0, 0x0,
    0xbd, 0x10, 0x0, 0xb, 0xb0, 0x0, 0x2, 0xdb,
    0x10, 0x0, 0x4, 0xf2, 0x0, 0x0, 0xef, 0xff,
    0xfb, 0x0, 0x22, 0x0, 0x0, 0x3, 0x33, 0x33,
    0x20,

    /* U+00BE "¾" */
    0x0, 0x0, 0x0, 0x0, 0x0, 0x0, 0x0, 0x0,
    0x2, 0xcf, 0xe7, 0x0, 0x0, 0x3, 0xf2, 0x0,
    0xd, 0xb4, 0x8f, 0x20, 0x0, 0xc, 0x90, 0x0,
    0x3, 0x10, 0x4f, 0x20, 0x0, 0x6e, 0x10, 0x0,
    0x0, 0xb, 0xf8, 0x0, 0x1, 0xe6, 0x0, 0x0,
    0x0, 0x1, 0x5e, 0x60, 0x9, 0xd0, 0x0, 0x0,
    0x12, 0x0, 0xa, 0xa0, 0x2f, 0x40, 0x2, 0x10,
    0x3f, 0x51, 0x3e, 0x70, 0xba, 0x0, 0x5f, 0x60,
    0x8, 0xff, 0xfa, 0x4, 0xf1, 0x2, 0xcf, 0x60,
    0x0, 0x2, 0x10, 0xd, 0x80, 0xc, 0x3e, 0x60,
    0x0, 0x0, 0x0, 0x7e, 0x0, 0x88, 0xe, 0x60,
    0x0, 0x0, 0x1, 0xf5, 0x4, 0xd0, 0xe, 0x60,
    0x0, 0x0, 0xa, 0xc0, 0xb, 0xff, 0xff, 0xfb,
    0x0, 0x0, 0x3f, 0x20, 0x2, 0x22, 0x2f, 0x71,
    0x0, 0x0, 0xc9, 0x0, 0x0, 0x0, 0xf, 0x60,

    /* U+00BF "¿" */
    0x0, 0x5, 0xfd, 0x0, 0x0, 0x0, 0x5, 0xfd,
    0x0, 0x0, 0x0, 0x2, 0x65, 0x0, 0x0, 0x0,
    0x0, 0x0, 0x0, 0x0, 0x0, 0x0, 0xf9, 0x0,
    0x0, 0x0, 0x3, 0xf8, 0x0, 0x0, 0x0, 0x1c,
    0xf4, 0x0, 0x0, 0x2, 0xef, 0x80, 0x0, 0x0,
    0x1e, 0xf5, 0x0, 0x0, 0x0, 0x6f, 0x70, 0x0,
    0x1, 0x20, 0x7f, 0x40, 0x0, 0xc, 0xf0, 0x5f,
    0x90, 0x0, 0x3f, 0xc0, 0xc, 0xfd, 0xab, 0xff,
    0x30, 0x1, 0x8d, 0xfe, 0xa2, 0x0,

    /* U+00C0 "À" */
    0x0, 0x7, 0xf7, 0x0, 0x0, 0x0, 0x0, 0x0,
    0x9, 0xf3, 0x0, 0x0, 0x0, 0x0, 0x0, 0xa,
    0xd0, 0x0, 0x0, 0x0, 0x0, 0x0, 0x0, 0x0,
    0x0, 0x0, 0x0, 0x0, 0x7, 0xf7, 0x0, 0x0,
    0x0, 0x0, 0x0, 0xdf, 0xd0, 0x0, 0x0, 0x0,
    0x0, 0x4f, 0xff, 0x30, 0x0, 0x0, 0x0, 0xa,
    0xfa, 0xfa, 0x0, 0x0, 0x0, 0x1, 0xfe, 0xe,
    0xf0, 0x0, 0x0, 0x0, 0x6f, 0x90, 0x9f, 0x60,
    0x0, 0x0, 0xd, 0xf3, 0x3, 0xfc, 0x0, 0x0,
    0x3, 0xfd, 0x0, 0xe, 0xf2, 0x0, 0x0, 0x9f,
    0x80, 0x0, 0x8f, 0x80, 0x0, 0xf, 0xff, 0xdd,
    0xdf, 0xfe, 0x0, 0x5, 0xff, 0xff, 0xff, 0xff,
    0xf5, 0x0, 0xcf, 0x60, 0x0, 0x0, 0x7f, 0xb0,
    0x2f, 0xf1, 0x0, 0x0, 0x1, 0xff, 0x18, 0xfb,
    0x0, 0x0, 0x0, 0xb, 0xf7,

    /* U+00C1 "Á" */
    0x0, 0x0, 0x0, 0x6, 0xf9, 0x0, 0x0, 0x0,
    0x0, 0x2, 0xfa, 0x0, 0x0, 0x0, 0x0, 0x0,
    0xda, 0x0, 0x0, 0x0, 0x0, 0x0, 0x0, 0x0,
    0x0, 0x0, 0x0, 0x0, 0x7, 0xf7, 0x0, 0x0,
    0x0, 0x0, 0x0, 0xdf, 0xd0, 0x0, 0x0, 0x0,
    0x0, 0x4f, 0xff, 0x30, 0x0, 0x0, 0x0, 0xa,
    0xfa, 0xfa, 0x0, 0x0, 0x0, 0x1, 0xfe, 0xe,
    0xf0, 0x0, 0x0, 0x0, 0x6f, 0x90, 0x9f, 0x60,
    0x0, 0x0, 0xd, 0xf3, 0x3, 0xfc, 0x0, 0x0,
    0x3, 0xfd, 0x0, 0xe, 0xf2, 0x0, 0x0, 0x9f,
    0x80, 0x0, 0x8f, 0x80, 0x0, 0xf, 0xff, 0xdd,
    0xdf, 0xfe, 0x0, 0x5, 0xff, 0xff, 0xff, 0xff,
    0xf5, 0x0, 0xcf, 0x60, 0x0, 0x0, 0x7f, 0xb0,
    0x2f, 0xf1, 0x0, 0x0, 0x1, 0xff, 0x18, 0xfb,
    0x0, 0x0, 0x0, 0xb, 0xf7,

    /* U+00C2 "Â" */
    0x0, 0x0, 0x0, 0x10, 0x0, 0x0, 0x0, 0x0,
    0x0, 0x4f, 0x40, 0x0, 0x0, 0x0, 0x0, 0x3f,
    0xaf, 0x30, 0x0, 0x0, 0x0, 0x2e, 0x80, 0x7e,
    0x20, 0x0, 0x0, 0x0, 0x0, 0x0, 0x0, 0x0,
    0x0, 0x0, 0x0, 0x7f, 0x70, 0x0, 0x0, 0x0,
    0x0, 0xd, 0xfd, 0x0, 0x0, 0x0, 0x0, 0x4,
    0xff, 0xf3, 0x0, 0x0, 0x0, 0x0, 0xaf, 0xaf,
    0xa0, 0x0, 0x0, 0x0, 0x1f, 0xe0, 0xef, 0x0,
    0x0, 0x0, 0x6, 0xf9, 0x9, 0xf6, 0x0, 0x0,
    0x0, 0xdf, 0x30, 0x3f, 0xc0, 0x0, 0x0, 0x3f,
    0xd0, 0x0, 0xef, 0x20, 0x0, 0x9, 0xf8, 0x0,
    0x8, 0xf8, 0x0, 0x0, 0xff, 0xfd, 0xdd, 0xff,
    0xe0, 0x0, 0x5f, 0xff, 0xff, 0xff, 0xff, 0x50,
    0xc, 0xf6, 0x0, 0x0, 0x7, 0xfb, 0x2, 0xff,
    0x10, 0x0, 0x0, 0x1f, 0xf1, 0x8f, 0xb0, 0x0,
    0x0, 0x0, 0xbf, 0x70,

    /* U+00C3 "Ã" */
    0x0, 0x2, 0xce, 0x80, 0x9a, 0x0, 0x0, 0x0,
    0xa9, 0x3c, 0xff, 0x40, 0x0, 0x0, 0x1, 0x0,
    0x1, 0x0, 0x0, 0x0, 0x0, 0x0, 0x7f, 0x70,
    0x0, 0x0, 0x0, 0x0, 0xd, 0xfd, 0x0, 0x0,
    0x0, 0x0, 0x4, 0xff, 0xf3, 0x0, 0x0, 0x0,
    0x0, 0xaf, 0xaf, 0xa0, 0x0, 0x0, 0x0, 0x1f,
    0xe0, 0xef, 0x0, 0x0, 0x0, 0x6, 0xf9, 0x9,
    0xf6, 0x0, 0x0, 0x0, 0xdf, 0x30, 0x3f, 0xc0,
    0x0, 0x0, 0x3f, 0xd0, 0x0, 0xef, 0x20, 0x0,
    0x9, 0xf8, 0x0, 0x8, 0xf8, 0x0, 0x0, 0xff,
    0xfd, 0xdd, 0xff, 0xe0, 0x0, 0x5f, 0xff, 0xff,
    0xff, 0xff, 0x50, 0xc, 0xf6, 0x0, 0x0, 0x7,
    0xfb, 0x2, 0xff, 0x10, 0x0, 0x0, 0x1f, 0xf1,
    0x8f, 0xb0, 0x0, 0x0, 0x0, 0xbf, 0x70,

    /* U+00C4 "Ä" */
    0x0, 0x8, 0xfb, 0xb, 0xf8, 0x0, 0x0, 0x0,
    0x8f, 0xb0, 0xbf, 0x80, 0x0, 0x0, 0x3, 0x64,
    0x4, 0x63, 0x0, 0x0, 0x0, 0x0, 0x0, 0x0,
    0x0, 0x0, 0x0, 0x0, 0x7, 0xf7, 0x0, 0x0,
    0x0, 0x0, 0x0, 0xdf, 0xd0, 0x0, 0x0, 0x0,
    0x0, 0x4f, 0xff, 0x30, 0x0, 0x0, 0x0, 0xa,
    0xfa, 0xfa, 0x0, 0x0, 0x0, 0x1, 0xfe, 0xe,
    0xf0, 0x0, 0x0, 0x0, 0x6f, 0x90, 0x9f, 0x60,
    0x0, 0x0, 0xd, 0xf3, 0x3, 0xfc, 0x0, 0x0,
    0x3, 0xfd, 0x0, 0xe, 0xf2, 0x0, 0x0, 0x9f,
    0x80, 0x0, 0x8f, 0x80, 0x0, 0xf, 0xff, 0xdd,
    0xdf, 0xfe, 0x0, 0x5, 0xff, 0xff, 0xff, 0xff,
    0xf5, 0x0, 0xcf, 0x60, 0x0, 0x0, 0x7f, 0xb0,
    0x2f, 0xf1, 0x0, 0x0, 0x1, 0xff, 0x18, 0xfb,
    0x0, 0x0, 0x0, 0xb, 0xf7,

    /* U+00C5 "Å" */
    0x0, 0x0, 0xa, 0xea, 0x0, 0x0, 0x0, 0x0,
    0x8, 0xb2, 0xb8, 0x0, 0x0, 0x0, 0x0, 0x8a,
    0xa, 0x80, 0x0, 0x0, 0x0, 0x1, 0xff, 0xf1,
    0x0, 0x0, 0x0, 0x0, 0xd, 0xfd, 0x0, 0x0,
    0x0, 0x0, 0x4, 0xff, 0xf3, 0x0, 0x0, 0x0,
    0x0, 0xaf, 0xaf, 0xa0, 0x0, 0x0, 0x0, 0x1f,
    0xe0, 0xef, 0x0, 0x0, 0x0, 0x6, 0xf9, 0x9,
    0xf6, 0x0, 0x0, 0x0, 0xdf, 0x30, 0x3f, 0xc0,
    0x0, 0x0, 0x3f, 0xd0, 0x0, 0xef, 0x20, 0x0,
    0x9, 0xf8, 0x0, 0x8, 0xf8, 0x0, 0x0, 0xff,
    0xfd, 0xdd, 0xff, 0xe0, 0x0, 0x5f, 0xff, 0xff,
    0xff, 0xff, 0x50, 0xc, 0xf6, 0x0, 0x0, 0x7,
    0xfb, 0x2, 0xff, 0x10, 0x0, 0x0, 0x1f, 0xf1,
    0x8f, 0xb0, 0x0, 0x0, 0x0, 0xbf, 0x70,

    /* U+00C6 "Æ" */
    0x0, 0x0, 0x7, 0xff, 0xff, 0xff, 0xff, 0xff,
    0xf3, 0x0, 0x0, 0xd, 0xfd, 0xff, 0xdd, 0xdd,
    0xdd, 0xd2, 0x0, 0x0, 0x4f, 0xa1, 0xff, 0x0,
    0x0, 0x0, 0x0, 0x0, 0x0, 0xaf, 0x51, 0xff,
    0x0, 0x0, 0x0, 0x0, 0x0, 0x1, 0xfe, 0x1,
    0xff, 0x0, 0x0, 0x0, 0x0, 0x0, 0x6, 0xf9,
    0x1, 0xff, 0x0, 0x0, 0x0, 0x0, 0x0, 0xd,
    0xf3, 0x1, 0xff, 0xdd, 0xdd, 0xdd, 0x30, 0x0,
    0x3f, 0xd0, 0x1, 0xff, 0xff, 0xff, 0xff, 0x40,
    0x0, 0x9f, 0x80, 0x1, 0xff, 0x0, 0x0, 0x0,
    0x0, 0x0, 0xff, 0xff, 0xff, 0xff, 0x0, 0x0,
    0x0, 0x0, 0x5, 0xff, 0xdd, 0xde, 0xff, 0x0,
    0x0, 0x0, 0x0, 0xc, 0xf6, 0x0, 0x1, 0xff,
    0x0, 0x0, 0x0, 0x0, 0x2f, 0xf1, 0x0, 0x1,
    0xff, 0xdd, 0xdd, 0xdd, 0xd2, 0x8f, 0xb0, 0x0,
    0x1, 0xff, 0xff, 0xff, 0xff, 0xf3,

    /* U+00C7 "Ç" */
    0x0, 0x0, 0x5b, 0xef, 0xeb, 0x40, 0x0, 0x0,
    0xb, 0xff, 0xff, 0xff, 0xfa, 0x0, 0x0, 0xaf,
    0xe6, 0x0, 0x16, 0xff, 0x90, 0x4, 0xfe, 0x20,
    0x0, 0x0, 0x3f, 0xf2, 0xb, 0xf7, 0x0, 0x0,
    0x0, 0x5, 0x30, 0xe, 0xf2, 0x0, 0x0, 0x0,
    0x0, 0x0, 0xf, 0xf0, 0x0, 0x0, 0x0, 0x0,
    0x0, 0xf, 0xf0, 0x0, 0x0, 0x0, 0x0, 0x0,
    0xe, 0xf2, 0x0, 0x0, 0x0, 0x0, 0x0, 0xa,
    0xf7, 0x0, 0x0, 0x0, 0x5, 0x30, 0x4, 0xfe,
    0x20, 0x0, 0x0, 0x3f, 0xf2, 0x0, 0xaf, 0xe6,
    0x0, 0x16, 0xff, 0x90, 0x0, 0xb, 0xff, 0xff,
    0xff, 0xf9, 0x0, 0x0, 0x0, 0x5b, 0xff, 0xeb,
    0x40, 0x0, 0x0, 0x0, 0x0, 0xe5, 0x0, 0x0,
    0x0, 0x0, 0x0, 0x2, 0x7d, 0x90, 0x0, 0x0,
    0x0, 0x0, 0x3, 0x7, 0xc0, 0x0, 0x0, 0x0,
    0x0, 0xa, 0xfd, 0x40, 0x0, 0x0,

    /* U+00C8 "È" */
    0x0, 0xcf, 0x20, 0x0, 0x0, 0x0, 0x1d, 0xc0,
    0x0, 0x0, 0x0, 0x2, 0xe7, 0x0, 0x0, 0x0,
    0x0, 0x0, 0x0, 0x0, 0x8f, 0xff, 0xff, 0xff,
    0xfb, 0x8f, 0xed, 0xdd, 0xdd, 0xd9, 0x8f, 0x80,
    0x0, 0x0, 0x0, 0x8f, 0x80, 0x0, 0x0, 0x0,
    0x8f, 0x80, 0x0, 0x0, 0x0, 0x8f, 0x80, 0x0,
    0x0, 0x0, 0x8f, 0xff, 0xff, 0xff, 0xf2, 0x8f,
    0xed, 0xdd, 0xdd, 0xd1, 0x8f, 0x80, 0x0, 0x0,
    0x0, 0x8f, 0x80, 0x0, 0x0, 0x0, 0x8f, 0x80,
    0x0, 0x0, 0x0, 0x8f, 0x80, 0x0, 0x0, 0x0,
    0x8f, 0xed, 0xdd, 0xdd, 0xd9, 0x8f, 0xff, 0xff,
    0xff, 0xfb,

    /* U+00C9 "É" */
    0x0, 0x0, 0x0, 0xcf, 0x30, 0x0, 0x0, 0x8,
    0xf4, 0x0, 0x0, 0x0, 0x4f, 0x50, 0x0, 0x0,
    0x0, 0x0, 0x0, 0x0, 0x8f, 0xff, 0xff, 0xff,
    0xfb, 0x8f, 0xed, 0xdd, 0xdd, 0xd9, 0x8f, 0x80,
    0x0, 0x0, 0x0, 0x8f, 0x80, 0x0, 0x0, 0x0,
    0x8f, 0x80, 0x0, 0x0, 0x0, 0x8f, 0x80, 0x0,
    0x0, 0x0, 0x8f, 0xff, 0xff, 0xff, 0xf2, 0x8f,
    0xed, 0xdd, 0xdd, 0xd1, 0x8f, 0x80, 0x0, 0x0,
    0x0, 0x8f, 0x80, 0x0, 0x0, 0x0, 0x8f, 0x80,
    0x0, 0x0, 0x0, 0x8f, 0x80, 0x0, 0x0, 0x0,
    0x8f, 0xed, 0xdd, 0xdd, 0xd9, 0x8f, 0xff, 0xff,
    0xff, 0xfb,

    /* U+00CA "Ê" */
    0x0, 0x0, 0x1, 0x0, 0x0, 0x0, 0x0, 0x9c,
    0x0, 0x0, 0x0, 0x8, 0xeb, 0xc0, 0x0, 0x0,
    0x7f, 0x20, 0xcb, 0x0, 0x0, 0x0, 0x0, 0x0,
    0x0, 0x8f, 0xff, 0xff, 0xff, 0xfb, 0x8f, 0xed,
    0xdd, 0xdd, 0xd9, 0x8f, 0x80, 0x0, 0x0, 0x0,
    0x8f, 0x80, 0x0, 0x0, 0x0, 0x8f, 0x80, 0x0,
    0x0, 0x0, 0x8f, 0x80, 0x0, 0x0, 0x0, 0x8f,
    0xff, 0xff, 0xff, 0xf2, 0x8f, 0xed, 0xdd, 0xdd,
    0xd1, 0x8f, 0x80, 0x0, 0x0, 0x0, 0x8f, 0x80,
    0x0, 0x0, 0x0, 0x8f, 0x80, 0x0, 0x0, 0x0,
    0x8f, 0x80, 0x0, 0x0, 0x0, 0x8f, 0xed, 0xdd,
    0xdd, 0xd9, 0x8f, 0xff, 0xff, 0xff, 0xfb,

    /* U+00CB "Ë" */
    0x0, 0xef, 0x51, 0xff, 0x20, 0x0, 0xef, 0x51,
    0xff, 0x20, 0x0, 0x56, 0x20, 0x66, 0x0, 0x0,
    0x0, 0x0, 0x0, 0x0, 0x8f, 0xff, 0xff, 0xff,
    0xfb, 0x8f, 0xed, 0xdd, 0xdd, 0xd9, 0x8f, 0x80,
    0x0, 0x0, 0x0, 0x8f, 0x80, 0x0, 0x0, 0x0,
    0x8f, 0x80, 0x0, 0x0, 0x0, 0x8f, 0x80, 0x0,
    0x0, 0x0, 0x8f, 0xff, 0xff, 0xff, 0xf2, 0x8f,
    0xed, 0xdd, 0xdd, 0xd1, 0x8f, 0x80, 0x0, 0x0,
    0x0, 0x8f, 0x80, 0x0, 0x0, 0x0, 0x8f, 0x80,
    0x0, 0x0, 0x0, 0x8f, 0x80, 0x0, 0x0, 0x0,
    0x8f, 0xed, 0xdd, 0xdd, 0xd9, 0x8f, 0xff, 0xff,
    0xff, 0xfb,

    /* U+00CC "Ì" */
    0x7f, 0x80, 0x0, 0x8f, 0x30, 0x0, 0xad, 0x0,
    0x0, 0x0, 0x0, 0x8f, 0x80, 0x8, 0xf8, 0x0,
    0x8f, 0x80, 0x8, 0xf8, 0x0, 0x8f, 0x80, 0x8,
    0xf8, 0x0, 0x8f, 0x80, 0x8, 0xf8, 0x0, 0x8f,
    0x80, 0x8, 0xf8, 0x0, 0x8f, 0x80, 0x8, 0xf8,
    0x0, 0x8f, 0x80, 0x8, 0xf8,

    /* U+00CD "Í" */
    0x0, 0x5f, 0x90, 0x2, 0xfa, 0x0, 0xc, 0xb0,
    0x0, 0x0, 0x0, 0x0, 0x8f, 0x80, 0x0, 0x8f,
    0x80, 0x0, 0x8f, 0x80, 0x0, 0x8f, 0x80, 0x0,
    0x8f, 0x80, 0x0, 0x8f, 0x80, 0x0, 0x8f, 0x80,
    0x0, 0x8f, 0x80, 0x0, 0x8f, 0x80, 0x0, 0x8f,
    0x80, 0x0, 0x8f, 0x80, 0x0, 0x8f, 0x80, 0x0,
    0x8f, 0x80, 0x0, 0x8f, 0x80, 0x0,

    /* U+00CE "Î" */
    0x0, 0x1, 0x0, 0x0, 0x3, 0xf4, 0x0, 0x3,
    0xfa, 0xf3, 0x2, 0xe8, 0x6, 0xf3, 0x0, 0x0,
    0x0, 0x0, 0x8, 0xf8, 0x0, 0x0, 0x8f, 0x80,
    0x0, 0x8, 0xf8, 0x0, 0x0, 0x8f, 0x80, 0x0,
    0x8, 0xf8, 0x0, 0x0, 0x8f, 0x80, 0x0, 0x8,
    0xf8, 0x0, 0x0, 0x8f, 0x80, 0x0, 0x8, 0xf8,
    0x0, 0x0, 0x8f, 0x80, 0x0, 0x8, 0xf8, 0x0,
    0x0, 0x8f, 0x80, 0x0, 0x8, 0xf8, 0x0, 0x0,
    0x8f, 0x80, 0x0,

    /* U+00CF "Ï" */
    0x7f, 0xc0, 0xbf, 0x87, 0xfc, 0xb, 0xf8, 0x26,
    0x40, 0x46, 0x30, 0x0, 0x0, 0x0, 0x0, 0x8f,
    0x80, 0x0, 0x8, 0xf8, 0x0, 0x0, 0x8f, 0x80,
    0x0, 0x8, 0xf8, 0x0, 0x0, 0x8f, 0x80, 0x0,
    0x8, 0xf8, 0x0, 0x0, 0x8f, 0x80, 0x0, 0x8,
    0xf8, 0x0, 0x0, 0x8f, 0x80, 0x0, 0x8, 0xf8,
    0x0, 0x0, 0x8f, 0x80, 0x0, 0x8, 0xf8, 0x0,
    0x0, 0x8f, 0x80, 0x0, 0x8, 0xf8, 0x0,

    /* U+00D0 "Ð" */
    0x8, 0xff, 0xff, 0xec, 0x71, 0x0, 0x0, 0x8f,
    0xfe, 0xef, 0xff, 0xf5, 0x0, 0x8, 0xf8, 0x0,
    0x3, 0x9f, 0xf4, 0x0, 0x8f, 0x80, 0x0, 0x0,
    0x7f, 0xd0, 0x8, 0xf8, 0x0, 0x0, 0x0, 0xef,
    0x40, 0x9f, 0x91, 0x10, 0x0, 0x9, 0xf7, 0xef,
    0xff, 0xff, 0x10, 0x0, 0x7f, 0x93, 0xcf, 0xc4,
    0x40, 0x0, 0x7, 0xf9, 0x8, 0xf8, 0x0, 0x0,
    0x0, 0x9f, 0x80, 0x8f, 0x80, 0x0, 0x0, 0xd,
    0xf4, 0x8, 0xf8, 0x0, 0x0, 0x6, 0xfe, 0x0,
    0x8f, 0x80, 0x0, 0x39, 0xff, 0x50, 0x8, 0xff,
    0xee, 0xff, 0xff, 0x60, 0x0, 0x8f, 0xff, 0xfe,
    0xc8, 0x10, 0x0,

    /* U+00D1 "Ñ" */
    0x0, 0xb, 0xea, 0x15, 0xe0, 0x0, 0x0, 0x7d,
    0x29, 0xff, 0x70, 0x0, 0x0, 0x1, 0x0, 0x0,
    0x0, 0x0, 0x8f, 0xe0, 0x0, 0x0, 0xe, 0xf1,
    0x8f, 0xf8, 0x0, 0x0, 0xe, 0xf1, 0x8f, 0xff,
    0x20, 0x0, 0xe, 0xf1, 0x8f, 0xff, 0xc0, 0x0,
    0xe, 0xf1, 0x8f, 0x9d, 0xf6, 0x0, 0xe, 0xf1,
    0x8f, 0x84, 0xfe, 0x10, 0xe, 0xf1, 0x8f, 0x80,
    0xaf, 0xa0, 0xe, 0xf1, 0x8f, 0x80, 0x1f, 0xf4,
    0xe, 0xf1, 0x8f, 0x80, 0x6, 0xfd, 0xe, 0xf1,
    0x8f, 0x80, 0x0, 0xcf, 0x7e, 0xf1, 0x8f, 0x80,
    0x0, 0x3f, 0xff, 0xf1, 0x8f, 0x80, 0x0, 0x9,
    0xff, 0xf1, 0x8f, 0x80, 0x0, 0x1, 0xef, 0xf1,
    0x8f, 0x80, 0x0, 0x0, 0x5f, 0xf1,

    /* U+00D2 "Ò" */
    0x0, 0x0, 0x7f, 0x80, 0x0, 0x0, 0x0, 0x0,
    0x0, 0x0, 0x6f, 0x50, 0x0, 0x0, 0x0, 0x0,
    0x0, 0x0, 0x47, 0x0, 0x0, 0x0, 0x0, 0x0,
    0x0, 0x0, 0x0, 0x0, 0x0, 0x0, 0x0, 0x0,
    0x5b, 0xef, 0xda, 0x40, 0x0, 0x0, 0x0, 0xbf,
    0xff, 0xff, 0xff, 0xa0, 0x0, 0x0, 0xaf, 0xe6,
    0x0, 0x16, 0xff, 0x90, 0x0, 0x4f, 0xe2, 0x0,
    0x0, 0x3, 0xff, 0x30, 0xa, 0xf7, 0x0, 0x0,
    0x0, 0x9, 0xf9, 0x0, 0xef, 0x20, 0x0, 0x0,
    0x0, 0x3f, 0xd0, 0xf, 0xf0, 0x0, 0x0, 0x0,
    0x1, 0xff, 0x0, 0xff, 0x0, 0x0, 0x0, 0x0,
    0x1f, 0xf0, 0xe, 0xf2, 0x0, 0x0, 0x0, 0x3,
    0xfd, 0x0, 0xbf, 0x70, 0x0, 0x0, 0x0, 0x9f,
    0x90, 0x4, 0xfe, 0x20, 0x0, 0x0, 0x3f, 0xf3,
    0x0, 0xa, 0xfe, 0x50, 0x1, 0x6f, 0xf9, 0x0,
    0x0, 0xb, 0xff, 0xff, 0xff, 0xfa, 0x0, 0x0,
    0x0, 0x5, 0xbe, 0xfe, 0xa4, 0x0, 0x0,

    /* U+00D3 "Ó" */
    0x0, 0x0, 0x0, 0x0, 0x8f, 0x70, 0x0, 0x0,
    0x0, 0x0, 0x0, 0x6f, 0x50, 0x0, 0x0, 0x0,
    0x0, 0x0, 0x7, 0x30, 0x0, 0x0, 0x0, 0x0,
    0x0, 0x0, 0x0, 0x0, 0x0, 0x0, 0x0, 0x0,
    0x5b, 0xef, 0xda, 0x40, 0x0, 0x0, 0x0, 0xbf,
    0xff, 0xff, 0xff, 0xa0, 0x0, 0x0, 0xaf, 0xe6,
    0x0, 0x16, 0xff, 0x90, 0x0, 0x4f, 0xe2, 0x0,
    0x0, 0x3, 0xff, 0x30, 0xa, 0xf7, 0x0, 0x0,
    0x0, 0x9, 0xf9, 0x0, 0xef, 0x20, 0x0, 0x0,
    0x0, 0x3f, 0xd0, 0xf, 0xf0, 0x0, 0x0, 0x0,
    0x1, 0xff, 0x0, 0xff, 0x0, 0x0, 0x0, 0x0,
    0x1f, 0xf0, 0xe, 0xf2, 0x0, 0x0, 0x0, 0x3,
    0xfd, 0x0, 0xbf, 0x70, 0x0, 0x0, 0x0, 0x9f,
    0x90, 0x4, 0xfe, 0x20, 0x0, 0x0, 0x3f, 0xf3,
    0x0, 0xa, 0xfe, 0x50, 0x1, 0x6f, 0xf9, 0x0,
    0x0, 0xb, 0xff, 0xff, 0xff, 0xfa, 0x0, 0x0,
    0x0, 0x5, 0xbe, 0xfe, 0xa4, 0x0, 0x0,

    /* U+00D4 "Ô" */
    0x0, 0x0, 0x0, 0x1, 0x0, 0x0, 0x0, 0x0,
    0x0, 0x0, 0x4, 0xf3, 0x0, 0x0, 0x0, 0x0,
    0x0, 0x3, 0xfa, 0xf3, 0x0, 0x0, 0x0, 0x0,
    0x3, 0xf7, 0x8, 0xe2, 0x0, 0x0, 0x0, 0x0,
    0x0, 0x0, 0x0, 0x0, 0x0, 0x0, 0x0, 0x5,
    0xbe, 0xfd, 0xa4, 0x0, 0x0, 0x0, 0xb, 0xff,
    0xff, 0xff, 0xfa, 0x0, 0x0, 0xa, 0xfe, 0x60,
    0x1, 0x6f, 0xf9, 0x0, 0x4, 0xfe, 0x20, 0x0,
    0x0, 0x3f, 0xf3, 0x0, 0xaf, 0x70, 0x0, 0x0,
    0x0, 0x9f, 0x90, 0xe, 0xf2, 0x0, 0x0, 0x0,
    0x3, 0xfd, 0x0, 0xff, 0x0, 0x0, 0x0, 0x0,
    0x1f, 0xf0, 0xf, 0xf0, 0x0, 0x0, 0x0, 0x1,
    0xff, 0x0, 0xef, 0x20, 0x0, 0x0, 0x0, 0x3f,
    0xd0, 0xb, 0xf7, 0x0, 0x0, 0x0, 0x9, 0xf9,
    0x0, 0x4f, 0xe2, 0x0, 0x0, 0x3, 0xff, 0x30,
    0x0, 0xaf, 0xe5, 0x0, 0x16, 0xff, 0x90, 0x0,
    0x0, 0xbf, 0xff, 0xff, 0xff, 0xa0, 0x0, 0x0,
    0x0, 0x5b, 0xef, 0xea, 0x40, 0x0, 0x0,

    /* U+00D5 "Õ" */
    0x0, 0x0, 0x1b, 0xd3, 0x7, 0xa0, 0x0, 0x0,
    0x0, 0x8, 0xb6, 0xe1, 0xb8, 0x0, 0x0, 0x0,
    0x0, 0xc6, 0x7, 0xfd, 0x10, 0x0, 0x0, 0x0,
    0x1, 0x0, 0x0, 0x0, 0x0, 0x0, 0x0, 0x0,
    0x5b, 0xef, 0xda, 0x40, 0x0, 0x0, 0x0, 0xbf,
    0xff, 0xff, 0xff, 0xa0, 0x0, 0x0, 0xaf, 0xe6,
    0x0, 0x16, 0xff, 0x90, 0x0, 0x4f, 0xe2, 0x0,
    0x0, 0x3, 0xff, 0x30, 0xa, 0xf7, 0x0, 0x0,
    0x0, 0x9, 0xf9, 0x0, 0xef, 0x20, 0x0, 0x0,
    0x0, 0x3f, 0xd0, 0xf, 0xf0, 0x0, 0x0, 0x0,
    0x1, 0xff, 0x0, 0xff, 0x0, 0x0, 0x0, 0x0,
    0x1f, 0xf0, 0xe, 0xf2, 0x0, 0x0, 0x0, 0x3,
    0xfd, 0x0, 0xbf, 0x70, 0x0, 0x0, 0x0, 0x9f,
    0x90, 0x4, 0xfe, 0x20, 0x0, 0x0, 0x3f, 0xf3,
    0x0, 0xa, 0xfe, 0x50, 0x1, 0x6f, 0xf9, 0x0,
    0x0, 0xb, 0xff, 0xff, 0xff, 0xfa, 0x0, 0x0,
    0x0, 0x5, 0xbe, 0xfe, 0xa4, 0x0, 0x0,

    /* U+00D6 "Ö" */
    0x0, 0x0, 0x36, 0x40, 0x46, 0x20, 0x0, 0x0,
    0x0, 0x8, 0xfb, 0xc, 0xf7, 0x0, 0x0, 0x0,
    0x0, 0x8f, 0xb0, 0xcf, 0x70, 0x0, 0x0, 0x0,
    0x0, 0x0, 0x0, 0x0, 0x0, 0x0, 0x0, 0x0,
    0x0, 0x0, 0x0, 0x0, 0x0, 0x0, 0x0, 0x5,
    0xbe, 0xfd, 0xa4, 0x0, 0x0, 0x0, 0xb, 0xff,
    0xff, 0xff, 0xfa, 0x0, 0x0, 0xa, 0xfe, 0x60,
    0x1, 0x6f, 0xf9, 0x0, 0x4, 0xfe, 0x20, 0x0,
    0x0, 0x3f, 0xf3, 0x0, 0xaf, 0x70, 0x0, 0x0,
    0x0, 0x9f, 0x90, 0xe, 0xf2, 0x0, 0x0, 0x0,
    0x3, 0xfd, 0x0, 0xff, 0x0, 0x0, 0x0, 0x0,
    0x1f, 0xf0, 0xf, 0xf0, 0x0, 0x0, 0x0, 0x1,
    0xff, 0x0, 0xef, 0x20, 0x0, 0x0, 0x0, 0x3f,
    0xd0, 0xb, 0xf7, 0x0, 0x0, 0x0, 0x9, 0xf9,
    0x0, 0x4f, 0xe2, 0x0, 0x0, 0x3, 0xff, 0x30,
    0x0, 0xaf, 0xe5, 0x0, 0x16, 0xff, 0x90, 0x0,
    0x0, 0xbf, 0xff, 0xff, 0xff, 0xa0, 0x0, 0x0,
    0x0, 0x5b, 0xef, 0xea, 0x40, 0x0, 0x0,

    /* U+00D7 "×" */
    0x0, 0x0, 0x0, 0x0, 0x2, 0xd3, 0x0, 0x2,
    0xd3, 0x4f, 0xf3, 0x2, 0xef, 0x60, 0x4f, 0xf5,
    0xef, 0x60, 0x0, 0x4f, 0xff, 0x60, 0x0, 0x2,
    0xef, 0xf3, 0x0, 0x2, 0xef, 0x8f, 0xf3, 0x2,
    0xef, 0x50, 0x4f, 0xf3, 0x3f, 0x50, 0x0, 0x3f,
    0x60, 0x10, 0x0, 0x0, 0x10,

    /* U+00D8 "Ø" */
    0x0, 0x0, 0x5b, 0xef, 0xda, 0x48, 0xd0, 0x0,
    0x0, 0xbf, 0xff, 0xff, 0xff, 0xf3, 0x0, 0x0,
    0xaf, 0xe6, 0x0, 0x17, 0xff, 0x90, 0x0, 0x4f,
    0xe2, 0x0, 0x0, 0xae, 0xff, 0x30, 0xa, 0xf7,
    0x0, 0x0, 0x6e, 0x19, 0xf9, 0x0, 0xef, 0x20,
    0x0, 0x2f, 0x30, 0x3f, 0xd0, 0xf, 0xf0, 0x0,
    0xd, 0x80, 0x1, 0xff, 0x0, 0xff, 0x0, 0x9,
    0xc0, 0x0, 0x1f, 0xf0, 0xe, 0xf2, 0x4, 0xe1,
    0x0, 0x3, 0xfd, 0x0, 0xbf, 0x71, 0xe5, 0x0,
    0x0, 0x9f, 0x90, 0x4, 0xff, 0xd9, 0x0, 0x0,
    0x3f, 0xf3, 0x0, 0xa, 0xff, 0x60, 0x1, 0x6f,
    0xf9, 0x0, 0x0, 0x4f, 0xff, 0xff, 0xff, 0xfa,
    0x0, 0x0, 0xd, 0x75, 0xbe, 0xfe, 0xa4, 0x0,
    0x0,

    /* U+00D9 "Ù" */
    0x0, 0x5f, 0xa0, 0x0, 0x0, 0x0, 0x0, 0x4f,
    0x70, 0x0, 0x0, 0x0, 0x0, 0x37, 0x0, 0x0,
    0x0, 0x0, 0x0, 0x0, 0x0, 0x0, 0xaf, 0x60,
    0x0, 0x0, 0x4f, 0xba, 0xf6, 0x0, 0x0, 0x4,
    0xfb, 0xaf, 0x60, 0x0, 0x0, 0x4f, 0xba, 0xf6,
    0x0, 0x0, 0x4, 0xfb, 0xaf, 0x60, 0x0, 0x0,
    0x4f, 0xba, 0xf6, 0x0, 0x0, 0x4, 0xfb, 0xaf,
    0x60, 0x0, 0x0, 0x4f, 0xba, 0xf6, 0x0, 0x0,
    0x4, 0xfb, 0xaf, 0x60, 0x0, 0x0, 0x4f, 0xb9,
    0xf7, 0x0, 0x0, 0x5, 0xfa, 0x7f, 0xb0, 0x0,
    0x0, 0x9f, 0x81, 0xff, 0x70, 0x0, 0x6f, 0xf2,
    0x7, 0xff, 0xfe, 0xff, 0xf7, 0x0, 0x4, 0xbe,
    0xfe, 0xb4, 0x0,

    /* U+00DA "Ú" */
    0x0, 0x0, 0x0, 0x6f, 0x80, 0x0, 0x0, 0x0,
    0x5f, 0x60, 0x0, 0x0, 0x0, 0x7, 0x40, 0x0,
    0x0, 0x0, 0x0, 0x0, 0x0, 0x0, 0xaf, 0x60,
    0x0, 0x0, 0x4f, 0xba, 0xf6, 0x0, 0x0, 0x4,
    0xfb, 0xaf, 0x60, 0x0, 0x0, 0x4f, 0xba, 0xf6,
    0x0, 0x0, 0x4, 0xfb, 0xaf, 0x60, 0x0, 0x0,
    0x4f, 0xba, 0xf6, 0x0, 0x0, 0x4, 0xfb, 0xaf,
    0x60, 0x0, 0x0, 0x4f, 0xba, 0xf6, 0x0, 0x0,
    0x4, 0xfb, 0xaf, 0x60, 0x0, 0x0, 0x4f, 0xb9,
    0xf7, 0x0, 0x0, 0x5, 0xfa, 0x7f, 0xb0, 0x0,
    0x0, 0x9f, 0x81, 0xff, 0x70, 0x0, 0x6f, 0xf2,
    0x7, 0xff, 0xfe, 0xff, 0xf7, 0x0, 0x4, 0xbe,
    0xfe, 0xb4, 0x0,

    /* U+00DB "Û" */
    0x0, 0x0, 0x1, 0x0, 0x0, 0x0, 0x0, 0x3,
    0xf5, 0x0, 0x0, 0x0, 0x2, 0xea, 0xf4, 0x0,
    0x0, 0x2, 0xe9, 0x6, 0xf3, 0x0, 0x0, 0x0,
    0x0, 0x0, 0x0, 0xa, 0xf6, 0x0, 0x0, 0x4,
    0xfb, 0xaf, 0x60, 0x0, 0x0, 0x4f, 0xba, 0xf6,
    0x0, 0x0, 0x4, 0xfb, 0xaf, 0x60, 0x0, 0x0,
    0x4f, 0xba, 0xf6, 0x0, 0x0, 0x4, 0xfb, 0xaf,
    0x60, 0x0, 0x0, 0x4f, 0xba, 0xf6, 0x0, 0x0,
    0x4, 0xfb, 0xaf, 0x60, 0x0, 0x0, 0x4f, 0xba,
    0xf6, 0x0, 0x0, 0x4, 0xfb, 0x9f, 0x70, 0x0,
    0x0, 0x5f, 0xa7, 0xfb, 0x0, 0x0, 0x9, 0xf8,
    0x1f, 0xf7, 0x0, 0x6, 0xff, 0x20, 0x7f, 0xff,
    0xef, 0xff, 0x70, 0x0, 0x4b, 0xef, 0xeb, 0x40,
    0x0,

    /* U+00DC "Ü" */
    0x0, 0x26, 0x40, 0x36, 0x30, 0x0, 0x6, 0xfc,
    0xa, 0xf9, 0x0, 0x0, 0x6f, 0xc0, 0xaf, 0x90,
    0x0, 0x0, 0x0, 0x0, 0x0, 0x0, 0x0, 0x0,
    0x0, 0x0, 0x0, 0xa, 0xf6, 0x0, 0x0, 0x4,
    0xfb, 0xaf, 0x60, 0x0, 0x0, 0x4f, 0xba, 0xf6,
    0x0, 0x0, 0x4, 0xfb, 0xaf, 0x60, 0x0, 0x0,
    0x4f, 0xba, 0xf6, 0x0, 0x0, 0x4, 0xfb, 0xaf,
    0x60, 0x0, 0x0, 0x4f, 0xba, 0xf6, 0x0, 0x0,
    0x4, 0xfb, 0xaf, 0x60, 0x0, 0x0, 0x4f, 0xba,
    0xf6, 0x0, 0x0, 0x4, 0xfb, 0x9f, 0x70, 0x0,
    0x0, 0x5f, 0xa7, 0xfb, 0x0, 0x0, 0x9, 0xf8,
    0x1f, 0xf7, 0x0, 0x6, 0xff, 0x20, 0x7f, 0xff,
    0xef, 0xff, 0x70, 0x0, 0x4b, 0xef, 0xeb, 0x40,
    0x0,

    /* U+00DD "Ý" */
    0x0, 0x0, 0x0, 0xc, 0xf3, 0x0, 0x0, 0x0,
    0x0, 0x8f, 0x40, 0x0, 0x0, 0x0, 0x4, 0xf5,
    0x0, 0x0, 0x0, 0x0, 0x0, 0x0, 0x0, 0x0,
    0x8f, 0xc0, 0x0, 0x0, 0x9, 0xfb, 0xe, 0xf5,
    0x0, 0x0, 0x2f, 0xf2, 0x6, 0xfd, 0x0, 0x0,
    0xbf, 0x90, 0x0, 0xcf, 0x60, 0x3, 0xfe, 0x10,
    0x0, 0x3f, 0xe0, 0xc, 0xf7, 0x0, 0x0, 0xa,
    0xf7, 0x5f, 0xd0, 0x0, 0x0, 0x2, 0xff, 0xef,
    0x50, 0x0, 0x0, 0x0, 0x8f, 0xfb, 0x0, 0x0,
    0x0, 0x0, 0xf, 0xf3, 0x0, 0x0, 0x0, 0x0,
    0xe, 0xf2, 0x0, 0x0, 0x0, 0x0, 0xe, 0xf2,
    0x0, 0x0, 0x0, 0x0, 0xe, 0xf2, 0x0, 0x0,
    0x0, 0x0, 0xe, 0xf2, 0x0, 0x0, 0x0, 0x0,
    0xe, 0xf2, 0x0, 0x0,

    /* U+00DE "Þ" */
    0x8f, 0x50, 0x0, 0x0, 0x0, 0x8f, 0x50, 0x0,
    0x0, 0x0, 0x8f, 0xff, 0xff, 0xc6, 0x0, 0x8f,
    0xb9, 0x9b, 0xff, 0x80, 0x8f, 0x50, 0x0, 0x2f,
    0xf1, 0x8f, 0x50, 0x0, 0xa, 0xf3, 0x8f, 0x50,
    0x0, 0xb, 0xf3, 0x8f, 0x50, 0x0, 0x3f, 0xf0,
    0x8f, 0xca, 0xac, 0xff, 0x60, 0x8f, 0xff, 0xfe,
    0xb4, 0x0, 0x8f, 0x50, 0x0, 0x0, 0x0, 0x8f,
    0x50, 0x0, 0x0, 0x0, 0x8f, 0x50, 0x0, 0x0,
    0x0, 0x8f, 0x50, 0x0, 0x0, 0x0,

    /* U+00DF "ß" */
    0x0, 0x5b, 0xef, 0xeb, 0x40, 0x0, 0x9, 0xff,
    0xed, 0xef, 0xf5, 0x0, 0x3f, 0xf5, 0x0, 0x6,
    0xfc, 0x0, 0x7f, 0xa0, 0x0, 0x6, 0xfc, 0x0,
    0x9f, 0x60, 0x7, 0xef, 0xf3, 0x0, 0xaf, 0x60,
    0xbf, 0xe8, 0x10, 0x0, 0xaf, 0x61, 0xfe, 0x0,
    0x0, 0x0, 0xaf, 0x60, 0xff, 0x72, 0x0, 0x0,
    0xaf, 0x60, 0x5f, 0xff, 0xd7, 0x0, 0xaf, 0x60,
    0x1, 0x6b, 0xff, 0xa0, 0xaf, 0x60, 0x20, 0x0,
    0x2f, 0xf0, 0xaf, 0x67, 0xf6, 0x0, 0xf, 0xf0,
    0xaf, 0x61, 0xef, 0xca, 0xef, 0x80, 0xaf, 0x60,
    0x19, 0xef, 0xd7, 0x0,

    /* U+00E0 "à" */
    0x0, 0x7f, 0x70, 0x0, 0x0, 0x0, 0x8, 0xf3,
    0x0, 0x0, 0x0, 0x0, 0x9c, 0x0, 0x0, 0x0,
    0x0, 0x0, 0x0, 0x0, 0x0, 0x3a, 0xef, 0xe9,
    0x10, 0x7, 0xff, 0xcb, 0xef, 0xd0, 0x2, 0xa1,
    0x0, 0xc, 0xf6, 0x0, 0x0, 0x12, 0x28, 0xf9,
    0x1, 0xaf, 0xff, 0xff, 0xf9, 0xc, 0xfb, 0x55,
    0x5a, 0xf9, 0xf, 0xf0, 0x0, 0xd, 0xf9, 0xf,
    0xf1, 0x0, 0x1f, 0xf9, 0x8, 0xfd, 0x78, 0xee,
    0xf9, 0x0, 0x7d, 0xfe, 0x74, 0xf9,

    /* U+00E1 "á" */
    0x0, 0x0, 0x0, 0x7f, 0x80, 0x0, 0x0, 0x3,
    0xf9, 0x0, 0x0, 0x0, 0xc, 0x90, 0x0, 0x0,
    0x0, 0x0, 0x0, 0x0, 0x0, 0x3a, 0xef, 0xe9,
    0x10, 0x7, 0xff, 0xcb, 0xef, 0xd0, 0x2, 0xa1,
    0x0, 0xc, 0xf6, 0x0, 0x0, 0x12, 0x28, 0xf9,
    0x1, 0xaf, 0xff, 0xff, 0xf9, 0xc, 0xfb, 0x55,
    0x5a, 0xf9, 0xf, 0xf0, 0x0, 0xd, 0xf9, 0xf,
    0xf1, 0x0, 0x1f, 0xf9, 0x8, 0xfd, 0x78, 0xee,
    0xf9, 0x0, 0x7d, 0xfe, 0x74, 0xf9,

    /* U+00E2 "â" */
    0x0, 0x0, 0x1, 0x0, 0x0, 0x0, 0x0, 0x4f,
    0x40, 0x0, 0x0, 0x3, 0xfa, 0xf3, 0x0, 0x0,
    0x2e, 0x70, 0x7e, 0x20, 0x0, 0x0, 0x0, 0x0,
    0x0, 0x0, 0x3a, 0xef, 0xe9, 0x10, 0x7, 0xff,
    0xcb, 0xef, 0xd0, 0x2, 0xa1, 0x0, 0xc, 0xf6,
    0x0, 0x0, 0x12, 0x28, 0xf9, 0x1, 0xaf, 0xff,
    0xff, 0xf9, 0xc, 0xfb, 0x55, 0x5a, 0xf9, 0xf,
    0xf0, 0x0, 0xd, 0xf9, 0xf, 0xf1, 0x0, 0x1f,
    0xf9, 0x8, 0xfd, 0x78, 0xee, 0xf9, 0x0, 0x7d,
    0xfe, 0x74, 0xf9,

    /* U+00E3 "ã" */
    0x0, 0x1c, 0xe4, 0x7, 0xa0, 0x0, 0x8c, 0x7f,
    0x2b, 0x80, 0x0, 0xb6, 0x8, 0xfe, 0x10, 0x0,
    0x21, 0x0, 0x20, 0x0, 0x0, 0x3a, 0xef, 0xe9,
    0x10, 0x7, 0xff, 0xcb, 0xef, 0xd0, 0x2, 0xa1,
    0x0, 0xc, 0xf6, 0x0, 0x0, 0x12, 0x28, 0xf9,
    0x1, 0xaf, 0xff, 0xff, 0xf9, 0xc, 0xfb, 0x55,
    0x5a, 0xf9, 0xf, 0xf0, 0x0, 0xd, 0xf9, 0xf,
    0xf1, 0x0, 0x1f, 0xf9, 0x8, 0xfd, 0x78, 0xee,
    0xf9, 0x0, 0x7d, 0xfe, 0x74, 0xf9,

    /* U+00E4 "ä" */
    0x0, 0x8f, 0xb0, 0xbf, 0x80, 0x0, 0x8f, 0xb0,
    0xbf, 0x80, 0x0, 0x36, 0x40, 0x46, 0x30, 0x0,
    0x0, 0x0, 0x0, 0x0, 0x0, 0x3a, 0xef, 0xe9,
    0x10, 0x7, 0xff, 0xcb, 0xef, 0xd0, 0x2, 0xa1,
    0x0, 0xc, 0xf6, 0x0, 0x0, 0x12, 0x28, 0xf9,
    0x1, 0xaf, 0xff, 0xff, 0xf9, 0xc, 0xfb, 0x55,
    0x5a, 0xf9, 0xf, 0xf0, 0x0, 0xd, 0xf9, 0xf,
    0xf1, 0x0, 0x1f, 0xf9, 0x8, 0xfd, 0x78, 0xee,
    0xf9, 0x0, 0x7d, 0xfe, 0x74, 0xf9,

    /* U+00E5 "å" */
    0x0, 0x0, 0xae, 0xa0, 0x0, 0x0, 0x8, 0xb2,
    0xb7, 0x0, 0x0, 0x9, 0x90, 0x98, 0x0, 0x0,
    0x1, 0xdf, 0xd1, 0x0, 0x0, 0x0, 0x1, 0x0,
    0x0, 0x0, 0x3a, 0xef, 0xe9, 0x10, 0x7, 0xff,
    0xcb, 0xef, 0xd0, 0x2, 0xa1, 0x0, 0xc, 0xf6,
    0x0, 0x0, 0x12, 0x28, 0xf9, 0x1, 0xaf, 0xff,
    0xff, 0xf9, 0xc, 0xfb, 0x55, 0x5a, 0xf9, 0xf,
    0xf0, 0x0, 0xd, 0xf9, 0xf, 0xf1, 0x0, 0x1f,
    0xf9, 0x8, 0xfd, 0x78, 0xee, 0xf9, 0x0, 0x7d,
    0xfe, 0x74, 0xf9,

    /* U+00E6 "æ" */
    0x0, 0x2a, 0xef, 0xe9, 0x11, 0xae, 0xfc, 0x60,
    0x0, 0x6f, 0xfd, 0xbe, 0xfb, 0xdf, 0xcc, 0xff,
    0x70, 0x1, 0xa3, 0x0, 0xa, 0xfe, 0x20, 0x3,
    0xff, 0x0, 0x0, 0x1, 0x22, 0x6f, 0xa2, 0x22,
    0x29, 0xf3, 0x1, 0xaf, 0xff, 0xff, 0xff, 0xff,
    0xff, 0xff, 0x50, 0xcf, 0xc6, 0x55, 0x9f, 0xb5,
    0x55, 0x55, 0x51, 0xf, 0xf0, 0x0, 0xa, 0xfb,
    0x0, 0x0, 0x0, 0x0, 0xff, 0x20, 0x5, 0xfd,
    0xf5, 0x0, 0x9, 0x40, 0x8, 0xff, 0xce, 0xf9,
    0x1e, 0xfe, 0xcf, 0xfc, 0x0, 0x7, 0xdf, 0xd7,
    0x0, 0x2b, 0xef, 0xd8, 0x0,

    /* U+00E7 "ç" */
    0x0, 0x8, 0xdf, 0xd8, 0x0, 0x0, 0xcf, 0xeb,
    0xef, 0xc0, 0x8, 0xfb, 0x0, 0xa, 0xf6, 0xe,
    0xf2, 0x0, 0x1, 0x30, 0xf, 0xe0, 0x0, 0x0,
    0x0, 0xf, 0xe0, 0x0, 0x0, 0x0, 0xe, 0xf2,
    0x0, 0x1, 0x30, 0x8, 0xfb, 0x0, 0xa, 0xf6,
    0x0, 0xdf, 0xeb, 0xef, 0xd0, 0x0, 0x8, 0xef,
    0xf8, 0x10, 0x0, 0x0, 0x5d, 0x0, 0x0, 0x0,
    0x0, 0x6a, 0xe2, 0x0, 0x0, 0x0, 0x30, 0xd5,
    0x0, 0x0, 0x3, 0xdf, 0xa0, 0x0,

    /* U+00E8 "è" */
    0x0, 0x7f, 0x70, 0x0, 0x0, 0x0, 0x9, 0xf3,
    0x0, 0x0, 0x0, 0x0, 0x9c, 0x0, 0x0, 0x0,
    0x0, 0x0, 0x0, 0x0, 0x0, 0x19, 0xef, 0xe9,
    0x10, 0x0, 0xdf, 0xda, 0xdf, 0xd0, 0x8, 0xf7,
    0x0, 0x8, 0xf7, 0xe, 0xf2, 0x22, 0x22, 0xfc,
    0xf, 0xff, 0xff, 0xff, 0xfe, 0x1f, 0xf5, 0x55,
    0x55, 0x54, 0xe, 0xf1, 0x0, 0x0, 0x0, 0x9,
    0xfb, 0x10, 0x3, 0xa0, 0x1, 0xdf, 0xfc, 0xdf,
    0xf4, 0x0, 0x19, 0xef, 0xea, 0x30,

    /* U+00E9 "é" */
    0x0, 0x0, 0x0, 0x7f, 0x80, 0x0, 0x0, 0x3,
    0xf8, 0x0, 0x0, 0x0, 0xc, 0x90, 0x0, 0x0,
    0x0, 0x0, 0x0, 0x0, 0x0, 0x19, 0xef, 0xe9,
    0x10, 0x0, 0xdf, 0xda, 0xdf, 0xd0, 0x8, 0xf7,
    0x0, 0x8, 0xf7, 0xe, 0xf2, 0x22, 0x22, 0xfc,
    0xf, 0xff, 0xff, 0xff, 0xfe, 0x1f, 0xf5, 0x55,
    0x55, 0x54, 0xe, 0xf1, 0x0, 0x0, 0x0, 0x9,
    0xfb, 0x10, 0x3, 0xa0, 0x1, 0xdf, 0xfc, 0xdf,
    0xf4, 0x0, 0x19, 0xef, 0xea, 0x30,

    /* U+00EA "ê" */
    0x0, 0x0, 0x1, 0x0, 0x0, 0x0, 0x0, 0x4f,
    0x30, 0x0, 0x0, 0x3, 0xfa, 0xf3, 0x0, 0x0,
    0x3f, 0x70, 0x8e, 0x20, 0x0, 0x0, 0x0, 0x0,
    0x0, 0x0, 0x19, 0xef, 0xe9, 0x10, 0x0, 0xdf,
    0xda, 0xdf, 0xd0, 0x8, 0xf7, 0x0, 0x8, 0xf7,
    0xe, 0xf2, 0x22, 0x22, 0xfc, 0xf, 0xff, 0xff,
    0xff, 0xfe, 0x1f, 0xf5, 0x55, 0x55, 0x54, 0xe,
    0xf1, 0x0, 0x0, 0x0, 0x9, 0xfb, 0x10, 0x3,
    0xa0, 0x1, 0xdf, 0xfc, 0xdf, 0xf4, 0x0, 0x19,
    0xef, 0xea, 0x30,

    /* U+00EB "ë" */
    0x0, 0x8f, 0xb0, 0xbf, 0x70, 0x0, 0x8f, 0xb0,
    0xbf, 0x70, 0x0, 0x36, 0x40, 0x46, 0x20, 0x0,
    0x0, 0x0, 0x0, 0x0, 0x0, 0x19, 0xef, 0xe9,
    0x10, 0x0, 0xdf, 0xda, 0xdf, 0xd0, 0x8, 0xf7,
    0x0, 0x8, 0xf7, 0xe, 0xf2, 0x22, 0x22, 0xfc,
    0xf, 0xff, 0xff, 0xff, 0xfe, 0x1f, 0xf5, 0x55,
    0x55, 0x54, 0xe, 0xf1, 0x0, 0x0, 0x0, 0x9,
    0xfb, 0x10, 0x3, 0xa0, 0x1, 0xdf, 0xfc, 0xdf,
    0xf4, 0x0, 0x19, 0xef, 0xea, 0x30,

    /* U+00EC "ì" */
    0xa, 0xf5, 0x0, 0x0, 0xaf, 0x20, 0x0, 0x9,
    0x90, 0x0, 0x0, 0x0, 0x0, 0xa, 0xf4, 0x0,
    0xa, 0xf4, 0x0, 0xa, 0xf4, 0x0, 0xa, 0xf4,
    0x0, 0xa, 0xf4, 0x0, 0xa, 0xf4, 0x0, 0xa,
    0xf4, 0x0, 0xa, 0xf4, 0x0, 0xa, 0xf4, 0x0,
    0xa, 0xf4,

    /* U+00ED "í" */
    0x0, 0x9f, 0x50, 0x6f, 0x50, 0x1b, 0x50, 0x0,
    0x0, 0x0, 0xaf, 0x40, 0xa, 0xf4, 0x0, 0xaf,
    0x40, 0xa, 0xf4, 0x0, 0xaf, 0x40, 0xa, 0xf4,
    0x0, 0xaf, 0x40, 0xa, 0xf4, 0x0, 0xaf, 0x40,
    0xa, 0xf4, 0x0,

    /* U+00EE "î" */
    0x0, 0x1, 0x0, 0x0, 0x6, 0xe2, 0x0, 0x5,
    0xfa, 0xe1, 0x4, 0xf5, 0xa, 0xd1, 0x0, 0x0,
    0x0, 0x0, 0xa, 0xf4, 0x0, 0x0, 0xaf, 0x40,
    0x0, 0xa, 0xf4, 0x0, 0x0, 0xaf, 0x40, 0x0,
    0xa, 0xf4, 0x0, 0x0, 0xaf, 0x40, 0x0, 0xa,
    0xf4, 0x0, 0x0, 0xaf, 0x40, 0x0, 0xa, 0xf4,
    0x0, 0x0, 0xaf, 0x40, 0x0,

    /* U+00EF "ï" */
    0xbf, 0x80, 0xef, 0x5b, 0xf8, 0xe, 0xf5, 0x46,
    0x30, 0x56, 0x10, 0x0, 0x0, 0x0, 0x0, 0xaf,
    0x40, 0x0, 0xa, 0xf4, 0x0, 0x0, 0xaf, 0x40,
    0x0, 0xa, 0xf4, 0x0, 0x0, 0xaf, 0x40, 0x0,
    0xa, 0xf4, 0x0, 0x0, 0xaf, 0x40, 0x0, 0xa,
    0xf4, 0x0, 0x0, 0xaf, 0x40, 0x0, 0xa, 0xf4,
    0x0,

    /* U+00F0 "ð" */
    0x0, 0x9, 0xed, 0x92, 0x0, 0x0, 0x0, 0x36,
    0x8e, 0xff, 0xba, 0x0, 0x0, 0x8c, 0xdf, 0xf7,
    0x0, 0x0, 0x5, 0x10, 0xc, 0xe0, 0x0, 0x19,
    0xdf, 0xd5, 0x6f, 0x30, 0x3e, 0xfd, 0xab, 0xf9,
    0xf5, 0xe, 0xf5, 0x0, 0x4, 0xff, 0x67, 0xf8,
    0x0, 0x0, 0xb, 0xf6, 0xbf, 0x20, 0x0, 0x0,
    0x9f, 0x4d, 0xf0, 0x0, 0x0, 0xb, 0xf1, 0xbf,
    0x20, 0x0, 0x2, 0xfb, 0x7, 0xfb, 0x0, 0x2,
    0xdf, 0x30, 0xc, 0xfe, 0xbc, 0xff, 0x70, 0x0,
    0x8, 0xdf, 0xeb, 0x40, 0x0,

    /* U+00F1 "ñ" */
    0x1, 0xce, 0x30, 0x99, 0x0, 0x9b, 0x8e, 0x2c,
    0x70, 0xc, 0x50, 0x9f, 0xd1, 0x0, 0x20, 0x0,
    0x20, 0x0, 0xaf, 0x58, 0xef, 0xc4, 0xa, 0xff,
    0xd8, 0xaf, 0xf3, 0xaf, 0xe0, 0x0, 0x8f, 0x9a,
    0xf8, 0x0, 0x3, 0xfc, 0xaf, 0x60, 0x0, 0x2f,
    0xca, 0xf5, 0x0, 0x2, 0xfc, 0xaf, 0x50, 0x0,
    0x2f, 0xca, 0xf5, 0x0, 0x2, 0xfc, 0xaf, 0x50,
    0x0, 0x2f, 0xca, 0xf5, 0x0, 0x2, 0xfc,

    /* U+00F2 "ò" */
    0x0, 0x4f, 0xc0, 0x0, 0x0, 0x0, 0x0, 0x4f,
    0x70, 0x0, 0x0, 0x0, 0x0, 0x5e, 0x20, 0x0,
    0x0, 0x0, 0x0, 0x0, 0x0, 0x0, 0x0, 0x6,
    0xdf, 0xea, 0x20, 0x0, 0xb, 0xff, 0xcd, 0xff,
    0x40, 0x7, 0xfc, 0x10, 0x5, 0xfe, 0x0, 0xdf,
    0x20, 0x0, 0xa, 0xf5, 0xf, 0xe0, 0x0, 0x0,
    0x6f, 0x80, 0xfe, 0x0, 0x0, 0x6, 0xf8, 0xd,
    0xf2, 0x0, 0x0, 0xaf, 0x50, 0x7f, 0xc0, 0x0,
    0x5f, 0xe0, 0x0, 0xbf, 0xfc, 0xdf, 0xf4, 0x0,
    0x0, 0x7d, 0xfe, 0xa2, 0x0,

    /* U+00F3 "ó" */
    0x0, 0x0, 0x0, 0x3f, 0xc0, 0x0, 0x0, 0x0,
    0xd, 0xc0, 0x0, 0x0, 0x0, 0x9, 0xc1, 0x0,
    0x0, 0x0, 0x0, 0x0, 0x0, 0x0, 0x0, 0x6,
    0xdf, 0xea, 0x20, 0x0, 0xb, 0xff, 0xcd, 0xff,
    0x40, 0x7, 0xfc, 0x10, 0x5, 0xfe, 0x0, 0xdf,
    0x20, 0x0, 0xa, 0xf5, 0xf, 0xe0, 0x0, 0x0,
    0x6f, 0x80, 0xfe, 0x0, 0x0, 0x6, 0xf8, 0xd,
    0xf2, 0x0, 0x0, 0xaf, 0x50, 0x7f, 0xc0, 0x0,
    0x5f, 0xe0, 0x0, 0xbf, 0xfc, 0xdf, 0xf4, 0x0,
    0x0, 0x7d, 0xfe, 0xa2, 0x0,

    /* U+00F4 "ô" */
    0x0, 0x0, 0x1, 0x0, 0x0, 0x0, 0x0, 0x1,
    0xe8, 0x0, 0x0, 0x0, 0x1, 0xdb, 0xe6, 0x0,
    0x0, 0x0, 0xcb, 0x3, 0xf5, 0x0, 0x0, 0x0,
    0x0, 0x0, 0x0, 0x0, 0x0, 0x6d, 0xfe, 0xa2,
    0x0, 0x0, 0xbf, 0xfc, 0xdf, 0xf4, 0x0, 0x7f,
    0xc1, 0x0, 0x5f, 0xe0, 0xd, 0xf2, 0x0, 0x0,
    0xaf, 0x50, 0xfe, 0x0, 0x0, 0x6, 0xf8, 0xf,
    0xe0, 0x0, 0x0, 0x6f, 0x80, 0xdf, 0x20, 0x0,
    0xa, 0xf5, 0x7, 0xfc, 0x0, 0x5, 0xfe, 0x0,
    0xb, 0xff, 0xcd, 0xff, 0x40, 0x0, 0x7, 0xdf,
    0xea, 0x20, 0x0,

    /* U+00F5 "õ" */
    0x0, 0xb, 0xfb, 0x36, 0xf0, 0x0, 0x6, 0xd5,
    0xbf, 0xf7, 0x0, 0x0, 0x11, 0x0, 0x11, 0x0,
    0x0, 0x0, 0x0, 0x0, 0x0, 0x0, 0x0, 0x6,
    0xdf, 0xea, 0x20, 0x0, 0xb, 0xff, 0xcd, 0xff,
    0x40, 0x7, 0xfc, 0x10, 0x5, 0xfe, 0x0, 0xdf,
    0x20, 0x0, 0xa, 0xf5, 0xf, 0xe0, 0x0, 0x0,
    0x6f, 0x80, 0xfe, 0x0, 0x0, 0x6, 0xf8, 0xd,
    0xf2, 0x0, 0x0, 0xaf, 0x50, 0x7f, 0xc0, 0x0,
    0x5f, 0xe0, 0x0, 0xbf, 0xfc, 0xdf, 0xf4, 0x0,
    0x0, 0x7d, 0xfe, 0xa2, 0x0,

    /* U+00F6 "ö" */
    0x0, 0x3f, 0xf0, 0x7f, 0xc0, 0x0, 0x3, 0xff,
    0x7, 0xfc, 0x0, 0x0, 0x16, 0x50, 0x26, 0x40,
    0x0, 0x0, 0x0, 0x0, 0x0, 0x0, 0x0, 0x6,
    0xdf, 0xea, 0x20, 0x0, 0xb, 0xff, 0xcd, 0xff,
    0x40, 0x7, 0xfc, 0x10, 0x5, 0xfe, 0x0, 0xdf,
    0x20, 0x0, 0xa, 0xf5, 0xf, 0xe0, 0x0, 0x0,
    0x6f, 0x80, 0xfe, 0x0, 0x0, 0x6, 0xf8, 0xd,
    0xf2, 0x0, 0x0, 0xaf, 0x50, 0x7f, 0xc0, 0x0,
    0x5f, 0xe0, 0x0, 0xbf, 0xfc, 0xdf, 0xf4, 0x0,
    0x0, 0x7d, 0xfe, 0xa2, 0x0,

    /* U+00F7 "÷" */
    0x0, 0x8, 0xfb, 0x0, 0x0, 0x0, 0x8f, 0xb0,
    0x0, 0x0, 0x3, 0x75, 0x0, 0x6, 0x88, 0x88,
    0x88, 0x88, 0xcf, 0xff, 0xff, 0xff, 0xf0, 0x0,
    0x0, 0x0, 0x0, 0x0, 0x3, 0x75, 0x0, 0x0,
    0x0, 0x8f, 0xb0, 0x0, 0x0, 0x8, 0xfb, 0x0,
    0x0,

    /* U+00F8 "ø" */
    0x0, 0x0, 0x0, 0x0, 0x77, 0x0, 0x0, 0x6d,
    0xfe, 0xcf, 0x0, 0x0, 0xbf, 0xfc, 0xdf, 0xf4,
    0x0, 0x7f, 0xc1, 0x5, 0xff, 0xe0, 0xd, 0xf2,
    0x0, 0xd1, 0xaf, 0x50, 0xfe, 0x0, 0x96, 0x6,
    0xf8, 0xf, 0xe0, 0x3c, 0x0, 0x6f, 0x80, 0xdf,
    0x2c, 0x20, 0xa, 0xf5, 0x7, 0xff, 0x90, 0x5,
    0xfe, 0x0, 0xd, 0xff, 0xcd, 0xff, 0x40, 0x0,
    0xbb, 0xdf, 0xea, 0x20, 0x0, 0x16, 0x0, 0x0,
    0x0, 0x0,

    /* U+00F9 "ù" */
    0x8, 0xf7, 0x0, 0x0, 0x0, 0x8, 0xf3, 0x0,
    0x0, 0x0, 0x8, 0xa0, 0x0, 0x0, 0x0, 0x0,
    0x0, 0x0, 0xcf, 0x30, 0x0, 0x4f, 0xac, 0xf3,
    0x0, 0x4, 0xfa, 0xcf, 0x30, 0x0, 0x4f, 0xac,
    0xf3, 0x0, 0x4, 0xfa, 0xcf, 0x30, 0x0, 0x4f,
    0xac, 0xf3, 0x0, 0x5, 0xfa, 0xbf, 0x40, 0x0,
    0x8f, 0xa9, 0xfa, 0x0, 0x1f, 0xfa, 0x3f, 0xfd,
    0xbf, 0xff, 0xa0, 0x4c, 0xfe, 0x95, 0xfa,

    /* U+00FA "ú" */
    0x0, 0x0, 0x7, 0xf7, 0x0, 0x0, 0x4, 0xf7,
    0x0, 0x0, 0x0, 0xb6, 0x0, 0x0, 0x0, 0x0,
    0x0, 0x0, 0xcf, 0x30, 0x0, 0x4f, 0xac, 0xf3,
    0x0, 0x4, 0xfa, 0xcf, 0x30, 0x0, 0x4f, 0xac,
    0xf3, 0x0, 0x4, 0xfa, 0xcf, 0x30, 0x0, 0x4f,
    0xac, 0xf3, 0x0, 0x5, 0xfa, 0xbf, 0x40, 0x0,
    0x8f, 0xa9, 0xfa, 0x0, 0x1f, 0xfa, 0x3f, 0xfd,
    0xbf, 0xff, 0xa0, 0x4c, 0xfe, 0x95, 0xfa,

    /* U+00FB "û" */
    0x0, 0x0, 0x10, 0x0, 0x0, 0x0, 0x5f, 0x30,
    0x0, 0x0, 0x4f, 0xae, 0x20, 0x0, 0x3f, 0x60,
    0x8e, 0x20, 0x0, 0x0, 0x0, 0x0, 0xc, 0xf3,
    0x0, 0x4, 0xfa, 0xcf, 0x30, 0x0, 0x4f, 0xac,
    0xf3, 0x0, 0x4, 0xfa, 0xcf, 0x30, 0x0, 0x4f,
    0xac, 0xf3, 0x0, 0x4, 0xfa, 0xcf, 0x30, 0x0,
    0x5f, 0xab, 0xf4, 0x0, 0x8, 0xfa, 0x9f, 0xa0,
    0x1, 0xff, 0xa3, 0xff, 0xdb, 0xff, 0xfa, 0x4,
    0xcf, 0xe9, 0x5f, 0xa0,

    /* U+00FC "ü" */
    0x9, 0xfa, 0xc, 0xf7, 0x0, 0x9f, 0xa0, 0xcf,
    0x70, 0x3, 0x63, 0x4, 0x62, 0x0, 0x0, 0x0,
    0x0, 0x0, 0xcf, 0x30, 0x0, 0x4f, 0xac, 0xf3,
    0x0, 0x4, 0xfa, 0xcf, 0x30, 0x0, 0x4f, 0xac,
    0xf3, 0x0, 0x4, 0xfa, 0xcf, 0x30, 0x0, 0x4f,
    0xac, 0xf3, 0x0, 0x5, 0xfa, 0xbf, 0x40, 0x0,
    0x8f, 0xa9, 0xfa, 0x0, 0x1f, 0xfa, 0x3f, 0xfd,
    0xbf, 0xff, 0xa0, 0x4c, 0xfe, 0x95, 0xfa,

    /* U+00FD "ý" */
    0x0, 0x0, 0x0, 0xaf, 0x50, 0x0, 0x0, 0x0,
    0x7f, 0x40, 0x0, 0x0, 0x0, 0x2c, 0x40, 0x0,
    0x0, 0x0, 0x0, 0x0, 0x0, 0x0, 0x6f, 0xb0,
    0x0, 0x3, 0xfd, 0x0, 0xff, 0x10, 0x0, 0x9f,
    0x70, 0x9, 0xf7, 0x0, 0xf, 0xf1, 0x0, 0x2f,
    0xd0, 0x5, 0xfa, 0x0, 0x0, 0xcf, 0x30, 0xbf,
    0x40, 0x0, 0x5, 0xf8, 0x1f, 0xd0, 0x0, 0x0,
    0xe, 0xe7, 0xf7, 0x0, 0x0, 0x0, 0x8f, 0xff,
    0x10, 0x0, 0x0, 0x2, 0xff, 0xa0, 0x0, 0x0,
    0x0, 0xe, 0xf3, 0x0, 0x0, 0x0, 0x4, 0xfd,
    0x0, 0x0, 0x0, 0x0, 0xbf, 0x60, 0x0, 0x0,
    0x0, 0x1f, 0xf1, 0x0, 0x0, 0x0, 0x8, 0xf9,
    0x0, 0x0, 0x0,

    /* U+00FE "þ" */
    0xf, 0xf0, 0x0, 0x0, 0x0, 0x0, 0xff, 0x0,
    0x0, 0x0, 0x0, 0xf, 0xf0, 0x0, 0x0, 0x0,
    0x0, 0xff, 0x0, 0x0, 0x0, 0x0, 0xf, 0xf1,
    0x9e, 0xfb, 0x30, 0x0, 0xff, 0xde, 0xcd, 0xff,
    0x20, 0xf, 0xfa, 0x0, 0x8, 0xfb, 0x0, 0xff,
    0x10, 0x0, 0xe, 0xf0, 0xf, 0xc0, 0x0, 0x0,
    0xcf, 0x20, 0xfd, 0x0, 0x0, 0xc, 0xf2, 0xf,
    0xf1, 0x0, 0x0, 0xef, 0x0, 0xff, 0xa0, 0x0,
    0x8f, 0xb0, 0xf, 0xfd, 0xeb, 0xdf, 0xf2, 0x0,
    0xff, 0x9, 0xef, 0xb3, 0x0, 0xf, 0xf0, 0x0,
    0x0, 0x0, 0x0, 0xff, 0x0, 0x0, 0x0, 0x0,
    0xf, 0xf0, 0x0, 0x0, 0x0, 0x0, 0xff, 0x0,
    0x0, 0x0, 0x0,

    /* U+00FF "ÿ" */
    0x0, 0xbf, 0x80, 0xff, 0x40, 0x0, 0xb, 0xf8,
    0xf, 0xf4, 0x0, 0x0, 0x46, 0x30, 0x56, 0x10,
    0x0, 0x0, 0x0, 0x0, 0x0, 0x0, 0x6f, 0xb0,
    0x0, 0x3, 0xfd, 0x0, 0xff, 0x10, 0x0, 0x9f,
    0x70, 0x9, 0xf7, 0x0, 0xf, 0xf1, 0x0, 0x2f,
    0xd0, 0x5, 0xfa, 0x0, 0x0, 0xcf, 0x30, 0xbf,
    0x40, 0x0, 0x5, 0xf8, 0x1f, 0xd0, 0x0, 0x0,
    0xe, 0xe7, 0xf7, 0x0, 0x0, 0x0, 0x8f, 0xff,
    0x10, 0x0, 0x0, 0x2, 0xff, 0xa0, 0x0, 0x0,
    0x0, 0xe, 0xf3, 0x0, 0x0, 0x0, 0x4, 0xfd,
    0x0, 0x0, 0x0, 0x0, 0xbf, 0x60, 0x0, 0x0,
    0x0, 0x1f, 0xf1, 0x0, 0x0, 0x0, 0x8, 0xf9,
    0x0, 0x0, 0x0,

    /* U+0100 "Ā" */
    0x0, 0x3, 0xff, 0xff, 0xf3, 0x0, 0x0, 0x0,
    0x2, 0x22, 0x22, 0x0, 0x0, 0x0, 0x0, 0x0,
    0x0, 0x0, 0x0, 0x0, 0x0, 0x0, 0x7f, 0x70,
    0x0, 0x0, 0x0, 0x0, 0xd, 0xfd, 0x0, 0x0,
    0x0, 0x0, 0x4, 0xff, 0xf3, 0x0, 0x0, 0x0,
    0x0, 0xaf, 0xaf, 0xa0, 0x0, 0x0, 0x0, 0x1f,
    0xe0, 0xef, 0x0, 0x0, 0x0, 0x6, 0xf9, 0x9,
    0xf6, 0x0, 0x0, 0x0, 0xdf, 0x30, 0x3f, 0xc0,
    0x0, 0x0, 0x3f, 0xd0, 0x0, 0xef, 0x20, 0x0,
    0x9, 0xf8, 0x0, 0x8, 0xf8, 0x0, 0x0, 0xff,
    0xfd, 0xdd, 0xff, 0xe0, 0x0, 0x5f, 0xff, 0xff,
    0xff, 0xff, 0x50, 0xc, 0xf6, 0x0, 0x0, 0x7,
    0xfb, 0x2, 0xff, 0x10, 0x0, 0x0, 0x1f, 0xf1,
    0x8f, 0xb0, 0x0, 0x0, 0x0, 0xbf, 0x70,

    /* U+0101 "ā" */
    0x0, 0x4f, 0xff, 0xff, 0x30, 0x0, 0x2, 0x22,
    0x22, 0x0, 0x0, 0x0, 0x0, 0x0, 0x0, 0x0,
    0x3a, 0xef, 0xe9, 0x10, 0x7, 0xff, 0xcb, 0xef,
    0xd0, 0x2, 0xa1, 0x0, 0xc, 0xf6, 0x0, 0x0,
    0x12, 0x28, 0xf9, 0x1, 0xaf, 0xff, 0xff, 0xf9,
    0xc, 0xfb, 0x55, 0x5a, 0xf9, 0xf, 0xf0, 0x0,
    0xd, 0xf9, 0xf, 0xf1, 0x0, 0x1f, 0xf9, 0x8,
    0xfd, 0x78, 0xee, 0xf9, 0x0, 0x7d, 0xfe, 0x74,
    0xf9,

    /* U+0102 "Ă" */
    0x0, 0x4, 0x60, 0x0, 0x64, 0x0, 0x0, 0x0,
    0x6f, 0x40, 0x4f, 0x50, 0x0, 0x0, 0x0, 0xaf,
    0xff, 0xa0, 0x0, 0x0, 0x0, 0x0, 0x2, 0x0,
    0x0, 0x0, 0x0, 0x0, 0x7, 0xf7, 0x0, 0x0,
    0x0, 0x0, 0x0, 0xdf, 0xd0, 0x0, 0x0, 0x0,
    0x0, 0x4f, 0xff, 0x30, 0x0, 0x0, 0x0, 0xa,
    0xfa, 0xfa, 0x0, 0x0, 0x0, 0x1, 0xfe, 0xe,
    0xf0, 0x0, 0x0, 0x0, 0x6f, 0x90, 0x9f, 0x60,
    0x0, 0x0, 0xd, 0xf3, 0x3, 0xfc, 0x0, 0x0,
    0x3, 0xfd, 0x0, 0xe, 0xf2, 0x0, 0x0, 0x9f,
    0x80, 0x0, 0x8f, 0x80, 0x0, 0xf, 0xff, 0xdd,
    0xdf, 0xfe, 0x0, 0x5, 0xff, 0xff, 0xff, 0xff,
    0xf5, 0x0, 0xcf, 0x60, 0x0, 0x0, 0x7f, 0xb0,
    0x2f, 0xf1, 0x0, 0x0, 0x1, 0xff, 0x18, 0xfb,
    0x0, 0x0, 0x0, 0xb, 0xf7,

    /* U+0103 "ă" */
    0x0, 0x8c, 0x0, 0xc, 0x70, 0x0, 0x4f, 0x40,
    0x4f, 0x40, 0x0, 0x9, 0xff, 0xf8, 0x0, 0x0,
    0x0, 0x1, 0x0, 0x0, 0x0, 0x3a, 0xef, 0xe9,
    0x10, 0x7, 0xff, 0xcb, 0xef, 0xd0, 0x2, 0xa1,
    0x0, 0xc, 0xf6, 0x0, 0x0, 0x12, 0x28, 0xf9,
    0x1, 0xaf, 0xff, 0xff, 0xf9, 0xc, 0xfb, 0x55,
    0x5a, 0xf9, 0xf, 0xf0, 0x0, 0xd, 0xf9, 0xf,
    0xf1, 0x0, 0x1f, 0xf9, 0x8, 0xfd, 0x78, 0xee,
    0xf9, 0x0, 0x7d, 0xfe, 0x74, 0xf9,

    /* U+0104 "Ą" */
    0x0, 0x0, 0x7, 0xf7, 0x0, 0x0, 0x0, 0x0,
    0x0, 0xd, 0xfd, 0x0, 0x0, 0x0, 0x0, 0x0,
    0x4f, 0xff, 0x30, 0x0, 0x0, 0x0, 0x0, 0xaf,
    0x9f, 0xa0, 0x0, 0x0, 0x0, 0x1, 0xfe, 0xe,
    0xf0, 0x0, 0x0, 0x0, 0x6, 0xf9, 0x9, 0xf6,
    0x0, 0x0, 0x0, 0xd, 0xf3, 0x3, 0xfc, 0x0,
    0x0, 0x0, 0x3f, 0xd0, 0x0, 0xdf, 0x20, 0x0,
    0x0, 0x9f, 0x70, 0x0, 0x8f, 0x80, 0x0, 0x0,
    0xff, 0xff, 0xff, 0xff, 0xe0, 0x0, 0x5, 0xff,
    0xdd, 0xdd, 0xdf, 0xf5, 0x0, 0xc, 0xf6, 0x0,
    0x0, 0x7, 0xfb, 0x0, 0x2f, 0xf1, 0x0, 0x0,
    0x1, 0xff, 0x10, 0x8f, 0xb0, 0x0, 0x0, 0x0,
    0xbf, 0x80, 0x0, 0x0, 0x0, 0x0, 0x0, 0xb8,
    0x0, 0x0, 0x0, 0x0, 0x0, 0x9, 0x90, 0x0,
    0x0, 0x0, 0x0, 0x0, 0xc, 0x92, 0x80, 0x0,
    0x0, 0x0, 0x0, 0x4, 0xee, 0x80,

    /* U+0105 "ą" */
    0x0, 0x3a, 0xef, 0xe9, 0x10, 0x0, 0x7f, 0xfc,
    0xbe, 0xfd, 0x0, 0x2, 0xa1, 0x0, 0xc, 0xf6,
    0x0, 0x0, 0x1, 0x22, 0x8f, 0x90, 0x1, 0xaf,
    0xff, 0xff, 0xf9, 0x0, 0xcf, 0xb5, 0x55, 0xaf,
    0x90, 0xf, 0xf0, 0x0, 0xd, 0xf9, 0x0, 0xff,
    0x10, 0x1, 0xff, 0x90, 0x8, 0xfd, 0x78, 0xee,
    0xf9, 0x0, 0x7, 0xdf, 0xe7, 0x4f, 0x90, 0x0,
    0x0, 0x0, 0x9, 0xa1, 0x0, 0x0, 0x0, 0x7,
    0xb0, 0x0, 0x0, 0x0, 0x0, 0x9b, 0x28, 0x0,
    0x0, 0x0, 0x2, 0xdf, 0xa1,

    /* U+0106 "Ć" */
    0x0, 0x0, 0x0, 0x0, 0xcf, 0x40, 0x0, 0x0,
    0x0, 0x0, 0xa, 0xe2, 0x0, 0x0, 0x0, 0x0,
    0x0, 0x27, 0x10, 0x0, 0x0, 0x0, 0x0, 0x0,
    0x0, 0x0, 0x0, 0x0, 0x0, 0x0, 0x5b, 0xef,
    0xeb, 0x40, 0x0, 0x0, 0xb, 0xff, 0xff, 0xff,
    0xfa, 0x0, 0x0, 0xaf, 0xe6, 0x0, 0x16, 0xff,
    0x90, 0x4, 0xfe, 0x20, 0x0, 0x0, 0x3f, 0xf2,
    0xb, 0xf7, 0x0, 0x0, 0x0, 0x5, 0x30, 0xe,
    0xf2, 0x0, 0x0, 0x0, 0x0, 0x0, 0xf, 0xf0,
    0x0, 0x0, 0x0, 0x0, 0x0, 0xf, 0xf0, 0x0,
    0x0, 0x0, 0x0, 0x0, 0xe, 0xf2, 0x0, 0x0,
    0x0, 0x0, 0x0, 0xa, 0xf7, 0x0, 0x0, 0x0,
    0x5, 0x30, 0x4, 0xfe, 0x20, 0x0, 0x0, 0x3f,
    0xf2, 0x0, 0xaf, 0xe6, 0x0, 0x16, 0xff, 0x90,
    0x0, 0xb, 0xff, 0xff, 0xff, 0xf9, 0x0, 0x0,
    0x0, 0x5b, 0xef, 0xeb, 0x40, 0x0,

    /* U+0107 "ć" */
    0x0, 0x0, 0x0, 0x9f, 0x60, 0x0, 0x0, 0x5,
    0xf7, 0x0, 0x0, 0x0, 0x1d, 0x70, 0x0, 0x0,
    0x0, 0x0, 0x0, 0x0, 0x0, 0x8, 0xdf, 0xd8,
    0x0, 0x0, 0xcf, 0xeb, 0xef, 0xc0, 0x8, 0xfb,
    0x0, 0xa, 0xf6, 0xe, 0xf2, 0x0, 0x1, 0x30,
    0xf, 0xe0, 0x0, 0x0, 0x0, 0xf, 0xe0, 0x0,
    0x0, 0x0, 0xe, 0xf2, 0x0, 0x1, 0x30, 0x8,
    0xfb, 0x0, 0xa, 0xf6, 0x0, 0xdf, 0xeb, 0xef,
    0xd0, 0x0, 0x8, 0xef, 0xe8, 0x10,

    /* U+0108 "Ĉ" */
    0x0, 0x0, 0x0, 0x1, 0x0, 0x0, 0x0, 0x0,
    0x0, 0x0, 0x8d, 0x10, 0x0, 0x0, 0x0, 0x0,
    0x7, 0xeb, 0xd0, 0x0, 0x0, 0x0, 0x0, 0x6f,
    0x30, 0xcc, 0x0, 0x0, 0x0, 0x0, 0x0, 0x0,
    0x0, 0x0, 0x0, 0x0, 0x0, 0x5b, 0xef, 0xeb,
    0x40, 0x0, 0x0, 0xb, 0xff, 0xff, 0xff, 0xfa,
    0x0, 0x0, 0xaf, 0xe6, 0x0, 0x16, 0xff, 0x90,
    0x4, 0xfe, 0x20, 0x0, 0x0, 0x3f, 0xf2, 0xb,
    0xf7, 0x0, 0x0, 0x0, 0x5, 0x30, 0xe, 0xf2,
    0x0, 0x0, 0x0, 0x0, 0x0, 0xf, 0xf0, 0x0,
    0x0, 0x0, 0x0, 0x0, 0xf, 0xf0, 0x0, 0x0,
    0x0, 0x0, 0x0, 0xe, 0xf2, 0x0, 0x0, 0x0,
    0x0, 0x0, 0xa, 0xf7, 0x0, 0x0, 0x0, 0x5,
    0x30, 0x4, 0xfe, 0x20, 0x0, 0x0, 0x3f, 0xf2,
    0x0, 0xaf, 0xe6, 0x0, 0x16, 0xff, 0x90, 0x0,
    0xb, 0xff, 0xff, 0xff, 0xf9, 0x0, 0x0, 0x0,
    0x5b, 0xef, 0xeb, 0x40, 0x0,

    /* U+0109 "ĉ" */
    0x0, 0x0, 0x1, 0x0, 0x0, 0x0, 0x0, 0x6e,
    0x20, 0x0, 0x0, 0x5, 0xfa, 0xe1, 0x0, 0x0,
    0x4f, 0x50, 0xad, 0x10, 0x0, 0x0, 0x0, 0x0,
    0x0, 0x0, 0x8, 0xdf, 0xd8, 0x0, 0x0, 0xcf,
    0xeb, 0xef, 0xc0, 0x8, 0xfb, 0x0, 0xa, 0xf6,
    0xe, 0xf2, 0x0, 0x1, 0x30, 0xf, 0xe0, 0x0,
    0x0, 0x0, 0xf, 0xe0, 0x0, 0x0, 0x0, 0xe,
    0xf2, 0x0, 0x1, 0x30, 0x8, 0xfb, 0x0, 0xa,
    0xf6, 0x0, 0xdf, 0xeb, 0xef, 0xd0, 0x0, 0x8,
    0xef, 0xe8, 0x10,

    /* U+010A "Ċ" */
    0x0, 0x0, 0x0, 0x56, 0x10, 0x0, 0x0, 0x0,
    0x0, 0x0, 0xef, 0x40, 0x0, 0x0, 0x0, 0x0,
    0x0, 0xef, 0x40, 0x0, 0x0, 0x0, 0x0, 0x0,
    0x0, 0x0, 0x0, 0x0, 0x0, 0x0, 0x0, 0x0,
    0x0, 0x0, 0x0, 0x0, 0x0, 0x5b, 0xef, 0xeb,
    0x40, 0x0, 0x0, 0xb, 0xff, 0xff, 0xff, 0xfa,
    0x0, 0x0, 0xaf, 0xe6, 0x0, 0x16, 0xff, 0x90,
    0x4, 0xfe, 0x20, 0x0, 0x0, 0x3f, 0xf2, 0xb,
    0xf7, 0x0, 0x0, 0x0, 0x5, 0x30, 0xe, 0xf2,
    0x0, 0x0, 0x0, 0x0, 0x0, 0xf, 0xf0, 0x0,
    0x0, 0x0, 0x0, 0x0, 0xf, 0xf0, 0x0, 0x0,
    0x0, 0x0, 0x0, 0xe, 0xf2, 0x0, 0x0, 0x0,
    0x0, 0x0, 0xa, 0xf7, 0x0, 0x0, 0x0, 0x5,
    0x30, 0x4, 0xfe, 0x20, 0x0, 0x0, 0x3f, 0xf2,
    0x0, 0xaf, 0xe6, 0x0, 0x16, 0xff, 0x90, 0x0,
    0xb, 0xff, 0xff, 0xff, 0xf9, 0x0, 0x0, 0x0,
    0x5b, 0xef, 0xeb, 0x40, 0x0,

    /* U+010B "ċ" */
    0x0, 0x0, 0xcf, 0x70, 0x0, 0x0, 0x0, 0xcf,
    0x70, 0x0, 0x0, 0x0, 0x46, 0x20, 0x0, 0x0,
    0x0, 0x0, 0x0, 0x0, 0x0, 0x8, 0xdf, 0xd8,
    0x0, 0x0, 0xcf, 0xeb, 0xef, 0xc0, 0x8, 0xfb,
    0x0, 0xa, 0xf6, 0xe, 0xf2, 0x0, 0x1, 0x30,
    0xf, 0xe0, 0x0, 0x0, 0x0, 0xf, 0xe0, 0x0,
    0x0, 0x0, 0xe, 0xf2, 0x0, 0x1, 0x30, 0x8,
    0xfb, 0x0, 0xa, 0xf6, 0x0, 0xdf, 0xeb, 0xef,
    0xd0, 0x0, 0x8, 0xef, 0xe8, 0x10,

    /* U+010C "Č" */
    0x0, 0x0, 0x6f, 0x20, 0xbb, 0x0, 0x0, 0x0,
    0x0, 0x6, 0xea, 0xc0, 0x0, 0x0, 0x0, 0x0,
    0x0, 0x7c, 0x0, 0x0, 0x0, 0x0, 0x0, 0x0,
    0x0, 0x0, 0x0, 0x0, 0x0, 0x0, 0x5b, 0xef,
    0xeb, 0x40, 0x0, 0x0, 0xb, 0xff, 0xff, 0xff,
    0xfa, 0x0, 0x0, 0xaf, 0xe6, 0x0, 0x16, 0xff,
    0x90, 0x4, 0xfe, 0x20, 0x0, 0x0, 0x3f, 0xf2,
    0xb, 0xf7, 0x0, 0x0, 0x0, 0x5, 0x30, 0xe,
    0xf2, 0x0, 0x0, 0x0, 0x0, 0x0, 0xf, 0xf0,
    0x0, 0x0, 0x0, 0x0, 0x0, 0xf, 0xf0, 0x0,
    0x0, 0x0, 0x0, 0x0, 0xe, 0xf2, 0x0, 0x0,
    0x0, 0x0, 0x0, 0xa, 0xf7, 0x0, 0x0, 0x0,
    0x5, 0x30, 0x4, 0xfe, 0x20, 0x0, 0x0, 0x3f,
    0xf2, 0x0, 0xaf, 0xe6, 0x0, 0x16, 0xff, 0x90,
    0x0, 0xb, 0xff, 0xff, 0xff, 0xf9, 0x0, 0x0,
    0x0, 0x5b, 0xef, 0xeb, 0x40, 0x0,

    /* U+010D "č" */
    0x0, 0x4f, 0x40, 0x9d, 0x10, 0x0, 0x5, 0xea,
    0xd1, 0x0, 0x0, 0x0, 0x5d, 0x10, 0x0, 0x0,
    0x0, 0x0, 0x0, 0x0, 0x0, 0x8, 0xdf, 0xd8,
    0x0, 0x0, 0xcf, 0xeb, 0xef, 0xc0, 0x8, 0xfb,
    0x0, 0xa, 0xf6, 0xe, 0xf2, 0x0, 0x1, 0x30,
    0xf, 0xe0, 0x0, 0x0, 0x0, 0xf, 0xe0, 0x0,
    0x0, 0x0, 0xe, 0xf2, 0x0, 0x1, 0x30, 0x8,
    0xfb, 0x0, 0xa, 0xf6, 0x0, 0xdf, 0xeb, 0xef,
    0xd0, 0x0, 0x8, 0xef, 0xe8, 0x10,

    /* U+010E "Ď" */
    0x0, 0x1e, 0x80, 0x5e, 0x30, 0x0, 0x0, 0x2,
    0xea, 0xf3, 0x0, 0x0, 0x0, 0x0, 0x2e, 0x40,
    0x0, 0x0, 0x0, 0x0, 0x0, 0x0, 0x0, 0x0,
    0x8f, 0xff, 0xfe, 0xc7, 0x10, 0x0, 0x8f, 0xfe,
    0xef, 0xff, 0xf5, 0x0, 0x8f, 0x80, 0x0, 0x39,
    0xff, 0x40, 0x8f, 0x80, 0x0, 0x0, 0x7f, 0xd0,
    0x8f, 0x80, 0x0, 0x0, 0xe, 0xf4, 0x8f, 0x80,
    0x0, 0x0, 0x9, 0xf7, 0x8f, 0x80, 0x0, 0x0,
    0x7, 0xf9, 0x8f, 0x80, 0x0, 0x0, 0x7, 0xf9,
    0x8f, 0x80, 0x0, 0x0, 0x9, 0xf8, 0x8f, 0x80,
    0x0, 0x0, 0xd, 0xf4, 0x8f, 0x80, 0x0, 0x0,
    0x6f, 0xe0, 0x8f, 0x80, 0x0, 0x39, 0xff, 0x50,
    0x8f, 0xfe, 0xef, 0xff, 0xf6, 0x0, 0x8f, 0xff,
    0xfe, 0xc8, 0x10, 0x0,

    /* U+010F "ď" */
    0x0, 0x0, 0x0, 0x0, 0xaf, 0x40, 0xcf, 0x30,
    0x0, 0x0, 0x0, 0xa, 0xf4, 0xf, 0xc0, 0x0,
    0x0, 0x0, 0x0, 0xaf, 0x44, 0xf4, 0x0, 0x0,
    0x0, 0x0, 0xa, 0xf4, 0x8d, 0x0, 0x0, 0x19,
    0xef, 0xc4, 0xaf, 0x44, 0x30, 0x0, 0xd, 0xff,
    0xde, 0xfe, 0xf4, 0x0, 0x0, 0x8, 0xfc, 0x10,
    0x8, 0xff, 0x40, 0x0, 0x0, 0xef, 0x20, 0x0,
    0xc, 0xf4, 0x0, 0x0, 0xf, 0xe0, 0x0, 0x0,
    0x8f, 0x40, 0x0, 0x0, 0xfe, 0x0, 0x0, 0x8,
    0xf4, 0x0, 0x0, 0xe, 0xf2, 0x0, 0x0, 0xcf,
    0x40, 0x0, 0x0, 0x8f, 0xc1, 0x0, 0x7f, 0xf4,
    0x0, 0x0, 0x0, 0xdf, 0xfd, 0xef, 0xef, 0x40,
    0x0, 0x0, 0x1, 0x9e, 0xfc, 0x4a, 0xf4, 0x0,
    0x0,

    /* U+0110 "Đ" */
    0x8, 0xff, 0xff, 0xec, 0x71, 0x0, 0x0, 0x8f,
    0xfe, 0xef, 0xff, 0xf5, 0x0, 0x8, 0xf8, 0x0,
    0x3, 0x9f, 0xf4, 0x0, 0x8f, 0x80, 0x0, 0x0,
    0x7f, 0xd0, 0x8, 0xf8, 0x0, 0x0, 0x0, 0xef,
    0x40, 0x9f, 0x91, 0x10, 0x0, 0x9, 0xf7, 0xef,
    0xff, 0xff, 0x10, 0x0, 0x7f, 0x93, 0xcf, 0xc4,
    0x40, 0x0, 0x7, 0xf9, 0x8, 0xf8, 0x0, 0x0,
    0x0, 0x9f, 0x80, 0x8f, 0x80, 0x0, 0x0, 0xd,
    0xf4, 0x8, 0xf8, 0x0, 0x0, 0x6, 0xfe, 0x0,
    0x8f, 0x80, 0x0, 0x39, 0xff, 0x50, 0x8, 0xff,
    0xee, 0xff, 0xff, 0x60, 0x0, 0x8f, 0xff, 0xfe,
    0xc8, 0x10, 0x0,

    /* U+0111 "đ" */
    0x0, 0x0, 0x0, 0x11, 0xbf, 0x50, 0x0, 0x0,
    0x5, 0xff, 0xff, 0xfa, 0x0, 0x0, 0x1, 0x44,
    0xef, 0x82, 0x0, 0x0, 0x0, 0x0, 0xaf, 0x40,
    0x0, 0x19, 0xef, 0xc4, 0xaf, 0x40, 0x0, 0xdf,
    0xfd, 0xef, 0xef, 0x40, 0x8, 0xfc, 0x10, 0x8,
    0xff, 0x40, 0xe, 0xf2, 0x0, 0x0, 0xcf, 0x40,
    0xf, 0xe0, 0x0, 0x0, 0x8f, 0x40, 0xf, 0xe0,
    0x0, 0x0, 0x8f, 0x40, 0xe, 0xf2, 0x0, 0x0,
    0xcf, 0x40, 0x8, 0xfc, 0x10, 0x7, 0xff, 0x40,
    0x0, 0xdf, 0xfd, 0xef, 0xef, 0x40, 0x0, 0x19,
    0xef, 0xc4, 0xaf, 0x40,

    /* U+0112 "Ē" */
    0x0, 0x9f, 0xff, 0xfd, 0x0, 0x0, 0x12, 0x22,
    0x22, 0x0, 0x0, 0x0, 0x0, 0x0, 0x0, 0x8f,
    0xff, 0xff, 0xff, 0xfb, 0x8f, 0xed, 0xdd, 0xdd,
    0xd9, 0x8f, 0x80, 0x0, 0x0, 0x0, 0x8f, 0x80,
    0x0, 0x0, 0x0, 0x8f, 0x80, 0x0, 0x0, 0x0,
    0x8f, 0x80, 0x0, 0x0, 0x0, 0x8f, 0xff, 0xff,
    0xff, 0xf2, 0x8f, 0xed, 0xdd, 0xdd, 0xd1, 0x8f,
    0x80, 0x0, 0x0, 0x0, 0x8f, 0x80, 0x0, 0x0,
    0x0, 0x8f, 0x80, 0x0, 0x0, 0x0, 0x8f, 0x80,
    0x0, 0x0, 0x0, 0x8f, 0xed, 0xdd, 0xdd, 0xd9,
    0x8f, 0xff, 0xff, 0xff, 0xfb,

    /* U+0113 "ē" */
    0x0, 0x4f, 0xff, 0xff, 0x20, 0x0, 0x2, 0x22,
    0x22, 0x0, 0x0, 0x0, 0x0, 0x0, 0x0, 0x0,
    0x19, 0xef, 0xe9, 0x10, 0x0, 0xdf, 0xda, 0xdf,
    0xd0, 0x8, 0xf7, 0x0, 0x8, 0xf7, 0xe, 0xf2,
    0x22, 0x22, 0xfc, 0xf, 0xff, 0xff, 0xff, 0xfe,
    0x1f, 0xf5, 0x55, 0x55, 0x54, 0xe, 0xf1, 0x0,
    0x0, 0x0, 0x9, 0xfb, 0x10, 0x3, 0xa0, 0x1,
    0xdf, 0xfc, 0xdf, 0xf4, 0x0, 0x19, 0xef, 0xea,
    0x30,

    /* U+0114 "Ĕ" */
    0x0, 0x73, 0x0, 0x18, 0x10, 0x0, 0xcc, 0x10,
    0x9f, 0x0, 0x0, 0x3d, 0xff, 0xe5, 0x0, 0x0,
    0x0, 0x11, 0x0, 0x0, 0x8f, 0xff, 0xff, 0xff,
    0xfb, 0x8f, 0xed, 0xdd, 0xdd, 0xd9, 0x8f, 0x80,
    0x0, 0x0, 0x0, 0x8f, 0x80, 0x0, 0x0, 0x0,
    0x8f, 0x80, 0x0, 0x0, 0x0, 0x8f, 0x80, 0x0,
    0x0, 0x0, 0x8f, 0xff, 0xff, 0xff, 0xf2, 0x8f,
    0xed, 0xdd, 0xdd, 0xd1, 0x8f, 0x80, 0x0, 0x0,
    0x0, 0x8f, 0x80, 0x0, 0x0, 0x0, 0x8f, 0x80,
    0x0, 0x0, 0x0, 0x8f, 0x80, 0x0, 0x0, 0x0,
    0x8f, 0xed, 0xdd, 0xdd, 0xd9, 0x8f, 0xff, 0xff,
    0xff, 0xfb,

    /* U+0115 "ĕ" */
    0x0, 0x8b, 0x0, 0xc, 0x70, 0x0, 0x5f, 0x40,
    0x4f, 0x40, 0x0, 0x9, 0xff, 0xf8, 0x0, 0x0,
    0x0, 0x1, 0x0, 0x0, 0x0, 0x19, 0xef, 0xe9,
    0x10, 0x0, 0xdf, 0xda, 0xdf, 0xd0, 0x8, 0xf7,
    0x0, 0x8, 0xf7, 0xe, 0xf2, 0x22, 0x22, 0xfc,
    0xf, 0xff, 0xff, 0xff, 0xfe, 0x1f, 0xf5, 0x55,
    0x55, 0x54, 0xe, 0xf1, 0x0, 0x0, 0x0, 0x9,
    0xfb, 0x10, 0x3, 0xa0, 0x1, 0xdf, 0xfc, 0xdf,
    0xf4, 0x0, 0x19, 0xef, 0xea, 0x30,

    /* U+0116 "Ė" */
    0x0, 0x0, 0xff, 0x30, 0x0, 0x0, 0x0, 0xff,
    0x30, 0x0, 0x0, 0x0, 0x66, 0x10, 0x0, 0x0,
    0x0, 0x0, 0x0, 0x0, 0x8f, 0xff, 0xff, 0xff,
    0xfb, 0x8f, 0xed, 0xdd, 0xdd, 0xd9, 0x8f, 0x80,
    0x0, 0x0, 0x0, 0x8f, 0x80, 0x0, 0x0, 0x0,
    0x8f, 0x80, 0x0, 0x0, 0x0, 0x8f, 0x80, 0x0,
    0x0, 0x0, 0x8f, 0xff, 0xff, 0xff, 0xf2, 0x8f,
    0xed, 0xdd, 0xdd, 0xd1, 0x8f, 0x80, 0x0, 0x0,
    0x0, 0x8f, 0x80, 0x0, 0x0, 0x0, 0x8f, 0x80,
    0x0, 0x0, 0x0, 0x8f, 0x80, 0x0, 0x0, 0x0,
    0x8f, 0xed, 0xdd, 0xdd, 0xd9, 0x8f, 0xff, 0xff,
    0xff, 0xfb,

    /* U+0117 "ė" */
    0x0, 0x0, 0xaf, 0x90, 0x0, 0x0, 0x0, 0xaf,
    0x90, 0x0, 0x0, 0x0, 0x36, 0x30, 0x0, 0x0,
    0x0, 0x0, 0x0, 0x0, 0x0, 0x19, 0xef, 0xe9,
    0x10, 0x0, 0xdf, 0xda, 0xdf, 0xd0, 0x8, 0xf7,
    0x0, 0x8, 0xf7, 0xe, 0xf2, 0x22, 0x22, 0xfc,
    0xf, 0xff, 0xff, 0xff, 0xfe, 0x1f, 0xf5, 0x55,
    0x55, 0x54, 0xe, 0xf1, 0x0, 0x0, 0x0, 0x9,
    0xfb, 0x10, 0x3, 0xa0, 0x1, 0xdf, 0xfc, 0xdf,
    0xf4, 0x0, 0x19, 0xef, 0xea, 0x30,

    /* U+0118 "Ę" */
    0x8f, 0xff, 0xff, 0xff, 0xfb, 0x8, 0xfe, 0xdd,
    0xdd, 0xdd, 0x90, 0x8f, 0x80, 0x0, 0x0, 0x0,
    0x8, 0xf8, 0x0, 0x0, 0x0, 0x0, 0x8f, 0x80,
    0x0, 0x0, 0x0, 0x8, 0xf8, 0x0, 0x0, 0x0,
    0x0, 0x8f, 0xff, 0xff, 0xff, 0xf2, 0x8, 0xfe,
    0xdd, 0xdd, 0xdd, 0x10, 0x8f, 0x80, 0x0, 0x0,
    0x0, 0x8, 0xf8, 0x0, 0x0, 0x0, 0x0, 0x8f,
    0x80, 0x0, 0x0, 0x0, 0x8, 0xf8, 0x0, 0x0,
    0x0, 0x0, 0x8f, 0xed, 0xdd, 0xdd, 0xd9, 0x8,
    0xff, 0xff, 0xff, 0xff, 0xb0, 0x0, 0x0, 0x0,
    0x8, 0xb2, 0x0, 0x0, 0x0, 0x5, 0xd0, 0x0,
    0x0, 0x0, 0x0, 0x7c, 0x27, 0x10, 0x0, 0x0,
    0x1, 0xcf, 0xb1,

    /* U+0119 "ę" */
    0x0, 0x19, 0xef, 0xe9, 0x10, 0x0, 0xdf, 0xda,
    0xdf, 0xd0, 0x8, 0xf7, 0x0, 0x8, 0xf7, 0xe,
    0xf2, 0x22, 0x22, 0xfc, 0xf, 0xff, 0xff, 0xff,
    0xfe, 0x1f, 0xf5, 0x55, 0x55, 0x54, 0xe, 0xf1,
    0x0, 0x0, 0x0, 0x9, 0xfb, 0x10, 0x3, 0xa0,
    0x1, 0xdf, 0xfc, 0xdf, 0xf4, 0x0, 0x19, 0xef,
    0xfa, 0x30, 0x0, 0x0, 0x6d, 0x20, 0x0, 0x0,
    0x1, 0xf2, 0x0, 0x0, 0x0, 0x2, 0xf3, 0x55,
    0x0, 0x0, 0x0, 0x9f, 0xd4, 0x0,

    /* U+011A "Ě" */
    0x0, 0x7e, 0x20, 0xca, 0x0, 0x0, 0x7, 0xec,
    0xb0, 0x0, 0x0, 0x0, 0x8b, 0x0, 0x0, 0x0,
    0x0, 0x0, 0x0, 0x0, 0x8f, 0xff, 0xff, 0xff,
    0xfb, 0x8f, 0xed, 0xdd, 0xdd, 0xd9, 0x8f, 0x80,
    0x0, 0x0, 0x0, 0x8f, 0x80, 0x0, 0x0, 0x0,
    0x8f, 0x80, 0x0, 0x0, 0x0, 0x8f, 0x80, 0x0,
    0x0, 0x0, 0x8f, 0xff, 0xff, 0xff, 0xf2, 0x8f,
    0xed, 0xdd, 0xdd, 0xd1, 0x8f, 0x80, 0x0, 0x0,
    0x0, 0x8f, 0x80, 0x0, 0x0, 0x0, 0x8f, 0x80,
    0x0, 0x0, 0x0, 0x8f, 0x80, 0x0, 0x0, 0x0,
    0x8f, 0xed, 0xdd, 0xdd, 0xd9, 0x8f, 0xff, 0xff,
    0xff, 0xfb,

    /* U+011B "ě" */
    0x0, 0x2e, 0x60, 0x7e, 0x20, 0x0, 0x3, 0xe9,
    0xe2, 0x0, 0x0, 0x0, 0x3e, 0x20, 0x0, 0x0,
    0x0, 0x0, 0x0, 0x0, 0x0, 0x19, 0xef, 0xe9,
    0x10, 0x0, 0xdf, 0xda, 0xdf, 0xd0, 0x8, 0xf7,
    0x0, 0x8, 0xf7, 0xe, 0xf2, 0x22, 0x22, 0xfc,
    0xf, 0xff, 0xff, 0xff, 0xfe, 0x1f, 0xf5, 0x55,
    0x55, 0x54, 0xe, 0xf1, 0x0, 0x0, 0x0, 0x9,
    0xfb, 0x10, 0x3, 0xa0, 0x1, 0xdf, 0xfc, 0xdf,
    0xf4, 0x0, 0x19, 0xef, 0xea, 0x30,

    /* U+011C "Ĝ" */
    0x0, 0x0, 0x0, 0x1, 0x0, 0x0, 0x0, 0x0,
    0x0, 0x0, 0x5f, 0x30, 0x0, 0x0, 0x0, 0x0,
    0x4, 0xfa, 0xe2, 0x0, 0x0, 0x0, 0x0, 0x3f,
    0x60, 0x8e, 0x20, 0x0, 0x0, 0x0, 0x0, 0x0,
    0x0, 0x0, 0x0, 0x0, 0x0, 0x5b, 0xef, 0xdb,
    0x40, 0x0, 0x0, 0xb, 0xff, 0xff, 0xff, 0xfa,
    0x0, 0x0, 0xaf, 0xe6, 0x0, 0x16, 0xef, 0xa0,
    0x4, 0xfe, 0x20, 0x0, 0x0, 0x2e, 0xf2, 0xb,
    0xf7, 0x0, 0x0, 0x0, 0x2, 0x0, 0xe, 0xf2,
    0x0, 0x0, 0x0, 0x0, 0x0, 0xf, 0xf0, 0x0,
    0x0, 0xbd, 0xdd, 0xd5, 0xf, 0xf0, 0x0, 0x0,
    0xef, 0xff, 0xf6, 0xe, 0xf2, 0x0, 0x0, 0x0,
    0x7, 0xf6, 0xa, 0xf7, 0x0, 0x0, 0x0, 0xb,
    0xf6, 0x4, 0xfe, 0x20, 0x0, 0x0, 0x3f, 0xf6,
    0x0, 0xbf, 0xe6, 0x0, 0x16, 0xef, 0xf6, 0x0,
    0xb, 0xff, 0xff, 0xff, 0xea, 0xf6, 0x0, 0x0,
    0x5b, 0xef, 0xd9, 0x17, 0xf6,

    /* U+011D "ĝ" */
    0x0, 0x0, 0x1, 0x0, 0x0, 0x0, 0x0, 0x8,
    0xd1, 0x0, 0x0, 0x0, 0x7, 0xeb, 0xd0, 0x0,
    0x0, 0x6, 0xf3, 0xb, 0xc0, 0x0, 0x0, 0x0,
    0x0, 0x0, 0x33, 0x0, 0x2, 0xae, 0xfb, 0x9f,
    0xd0, 0x2, 0xef, 0xba, 0xff, 0xf2, 0x0, 0x9f,
    0x70, 0x3, 0xfc, 0x0, 0xb, 0xf3, 0x0, 0xf,
    0xf0, 0x0, 0x9f, 0x70, 0x3, 0xfd, 0x0, 0x2,
    0xff, 0xa9, 0xff, 0x60, 0x0, 0x8f, 0xfe, 0xfc,
    0x50, 0x0, 0xf, 0xd0, 0x0, 0x0, 0x0, 0x0,
    0xcf, 0xd9, 0x64, 0x0, 0x0, 0x1, 0xff, 0xff,
    0xff, 0xa1, 0x1, 0xde, 0x11, 0x36, 0xdf, 0x80,
    0x2f, 0xb0, 0x0, 0x4, 0xfa, 0x0, 0xcf, 0xc7,
    0x68, 0xef, 0x50, 0x0, 0x6c, 0xef, 0xeb, 0x40,
    0x0,

    /* U+011E "Ğ" */
    0x0, 0x0, 0x46, 0x0, 0x7, 0x30, 0x0, 0x0,
    0x0, 0x7f, 0x40, 0x5f, 0x40, 0x0, 0x0, 0x0,
    0xb, 0xff, 0xf9, 0x0, 0x0, 0x0, 0x0, 0x0,
    0x2, 0x0, 0x0, 0x0, 0x0, 0x0, 0x5b, 0xef,
    0xdb, 0x40, 0x0, 0x0, 0xb, 0xff, 0xff, 0xff,
    0xfa, 0x0, 0x0, 0xaf, 0xe6, 0x0, 0x16, 0xef,
    0xa0, 0x4, 0xfe, 0x20, 0x0, 0x0, 0x2e, 0xf2,
    0xb, 0xf7, 0x0, 0x0, 0x0, 0x2, 0x0, 0xe,
    0xf2, 0x0, 0x0, 0x0, 0x0, 0x0, 0xf, 0xf0,
    0x0, 0x0, 0xbd, 0xdd, 0xd5, 0xf, 0xf0, 0x0,
    0x0, 0xef, 0xff, 0xf6, 0xe, 0xf2, 0x0, 0x0,
    0x0, 0x7, 0xf6, 0xa, 0xf7, 0x0, 0x0, 0x0,
    0xb, 0xf6, 0x4, 0xfe, 0x20, 0x0, 0x0, 0x3f,
    0xf6, 0x0, 0xbf, 0xe6, 0x0, 0x16, 0xef, 0xf6,
    0x0, 0xb, 0xff, 0xff, 0xff, 0xea, 0xf6, 0x0,
    0x0, 0x5b, 0xef, 0xd9, 0x17, 0xf6,

    /* U+011F "ğ" */
    0x0, 0xc7, 0x0, 0x1f, 0x30, 0x0, 0x9, 0xd1,
    0x8, 0xf0, 0x0, 0x0, 0x1c, 0xff, 0xe5, 0x0,
    0x0, 0x0, 0x0, 0x10, 0x1, 0x20, 0x0, 0x2a,
    0xef, 0xb8, 0xed, 0x0, 0x2e, 0xfb, 0xaf, 0xff,
    0x20, 0x9, 0xf7, 0x0, 0x3f, 0xc0, 0x0, 0xbf,
    0x30, 0x0, 0xff, 0x0, 0x9, 0xf7, 0x0, 0x3f,
    0xd0, 0x0, 0x2f, 0xfa, 0x9f, 0xf6, 0x0, 0x8,
    0xff, 0xef, 0xc5, 0x0, 0x0, 0xfd, 0x0, 0x0,
    0x0, 0x0, 0xc, 0xfd, 0x96, 0x40, 0x0, 0x0,
    0x1f, 0xff, 0xff, 0xfa, 0x10, 0x1d, 0xe1, 0x13,
    0x6d, 0xf8, 0x2, 0xfb, 0x0, 0x0, 0x4f, 0xa0,
    0xc, 0xfc, 0x76, 0x8e, 0xf5, 0x0, 0x6, 0xce,
    0xfe, 0xb4, 0x0,

    /* U+0120 "Ġ" */
    0x0, 0x0, 0x0, 0x46, 0x30, 0x0, 0x0, 0x0,
    0x0, 0x0, 0xbf, 0x80, 0x0, 0x0, 0x0, 0x0,
    0x0, 0xbf, 0x80, 0x0, 0x0, 0x0, 0x0, 0x0,
    0x0, 0x0, 0x0, 0x0, 0x0, 0x0, 0x0, 0x0,
    0x0, 0x0, 0x0, 0x0, 0x0, 0x5b, 0xef, 0xdb,
    0x40, 0x0, 0x0, 0xb, 0xff, 0xff, 0xff, 0xfa,
    0x0, 0x0, 0xaf, 0xe6, 0x0, 0x16, 0xef, 0xa0,
    0x4, 0xfe, 0x20, 0x0, 0x0, 0x2e, 0xf2, 0xb,
    0xf7, 0x0, 0x0, 0x0, 0x2, 0x0, 0xe, 0xf2,
    0x0, 0x0, 0x0, 0x0, 0x0, 0xf, 0xf0, 0x0,
    0x0, 0xbd, 0xdd, 0xd5, 0xf, 0xf0, 0x0, 0x0,
    0xef, 0xff, 0xf6, 0xe, 0xf2, 0x0, 0x0, 0x0,
    0x7, 0xf6, 0xa, 0xf7, 0x0, 0x0, 0x0, 0xb,
    0xf6, 0x4, 0xfe, 0x20, 0x0, 0x0, 0x3f, 0xf6,
    0x0, 0xbf, 0xe6, 0x0, 0x16, 0xef, 0xf6, 0x0,
    0xb, 0xff, 0xff, 0xff, 0xea, 0xf6, 0x0, 0x0,
    0x5b, 0xef, 0xd9, 0x17, 0xf6,

    /* U+0121 "ġ" */
    0x0, 0x0, 0xef, 0x40, 0x0, 0x0, 0x0, 0xe,
    0xf4, 0x0, 0x0, 0x0, 0x0, 0x56, 0x10, 0x0,
    0x0, 0x0, 0x0, 0x0, 0x2, 0x30, 0x0, 0x2a,
    0xef, 0xb8, 0xfd, 0x0, 0x2e, 0xfb, 0xaf, 0xff,
    0x20, 0x9, 0xf7, 0x0, 0x3f, 0xc0, 0x0, 0xbf,
    0x30, 0x0, 0xff, 0x0, 0x9, 0xf7, 0x0, 0x3f,
    0xd0, 0x0, 0x2f, 0xfa, 0x9f, 0xf6, 0x0, 0x8,
    0xff, 0xef, 0xc5, 0x0, 0x0, 0xfd, 0x0, 0x0,
    0x0, 0x0, 0xc, 0xfd, 0x96, 0x40, 0x0, 0x0,
    0x1f, 0xff, 0xff, 0xfa, 0x10, 0x1d, 0xe1, 0x13,
    0x6d, 0xf8, 0x2, 0xfb, 0x0, 0x0, 0x4f, 0xa0,
    0xc, 0xfc, 0x76, 0x8e, 0xf5, 0x0, 0x6, 0xce,
    0xfe, 0xb4, 0x0,

    /* U+0122 "Ģ" */
    0x0, 0x0, 0x5b, 0xef, 0xdb, 0x40, 0x0, 0x0,
    0xb, 0xff, 0xff, 0xff, 0xfa, 0x0, 0x0, 0xaf,
    0xe6, 0x0, 0x16, 0xef, 0xa0, 0x4, 0xfe, 0x20,
    0x0, 0x0, 0x2e, 0xf2, 0xb, 0xf7, 0x0, 0x0,
    0x0, 0x2, 0x0, 0xe, 0xf2, 0x0, 0x0, 0x0,
    0x0, 0x0, 0xf, 0xf0, 0x0, 0x0, 0xbd, 0xdd,
    0xd5, 0xf, 0xf0, 0x0, 0x0, 0xef, 0xff, 0xf6,
    0xe, 0xf2, 0x0, 0x0, 0x0, 0x7, 0xf6, 0xa,
    0xf7, 0x0, 0x0, 0x0, 0xb, 0xf6, 0x4, 0xfe,
    0x20, 0x0, 0x0, 0x3f, 0xf6, 0x0, 0xbf, 0xe6,
    0x0, 0x16, 0xef, 0xf6, 0x0, 0xb, 0xff, 0xff,
    0xff, 0xea, 0xf6, 0x0, 0x0, 0x5b, 0xef, 0xd9,
    0x17, 0xf6, 0x0, 0x0, 0x0, 0x12, 0x0, 0x0,
    0x0, 0x0, 0x0, 0x0, 0xee, 0x10, 0x0, 0x0,
    0x0, 0x0, 0x6, 0xf3, 0x0, 0x0, 0x0, 0x0,
    0x0, 0xd, 0x70, 0x0, 0x0, 0x0,

    /* U+0123 "ģ" */
    0x0, 0x0, 0x9, 0xb0, 0x0, 0x0, 0x0, 0x6,
    0xf3, 0x0, 0x0, 0x0, 0x3, 0xfb, 0x0, 0x0,
    0x0, 0x0, 0x0, 0x0, 0x2, 0x20, 0x0, 0x2a,
    0xef, 0xb8, 0xfd, 0x0, 0x2e, 0xfb, 0xaf, 0xff,
    0x20, 0x9, 0xf7, 0x0, 0x3f, 0xc0, 0x0, 0xbf,
    0x30, 0x0, 0xff, 0x0, 0x9, 0xf7, 0x0, 0x3f,
    0xd0, 0x0, 0x2f, 0xfa, 0x9f, 0xf6, 0x0, 0x8,
    0xff, 0xef, 0xc5, 0x0, 0x0, 0xfd, 0x0, 0x0,
    0x0, 0x0, 0xc, 0xfd, 0x96, 0x40, 0x0, 0x0,
    0x1f, 0xff, 0xff, 0xfa, 0x10, 0x1d, 0xe1, 0x13,
    0x6d, 0xf8, 0x2, 0xfb, 0x0, 0x0, 0x4f, 0xa0,
    0xc, 0xfc, 0x76, 0x8e, 0xf5, 0x0, 0x6, 0xce,
    0xfe, 0xb4, 0x0,

    /* U+0124 "Ĥ" */
    0x0, 0x0, 0x1, 0x0, 0x0, 0x0, 0x0, 0x0,
    0x1d, 0x80, 0x0, 0x0, 0x0, 0x0, 0xcb, 0xe7,
    0x0, 0x0, 0x0, 0xb, 0xc0, 0x3f, 0x60, 0x0,
    0x0, 0x0, 0x0, 0x0, 0x0, 0x0, 0x8f, 0x80,
    0x0, 0x0, 0xe, 0xf2, 0x8f, 0x80, 0x0, 0x0,
    0xe, 0xf2, 0x8f, 0x80, 0x0, 0x0, 0xe, 0xf2,
    0x8f, 0x80, 0x0, 0x0, 0xe, 0xf2, 0x8f, 0x80,
    0x0, 0x0, 0xe, 0xf2, 0x8f, 0x80, 0x0, 0x0,
    0xe, 0xf2, 0x8f, 0xff, 0xff, 0xff, 0xff, 0xf2,
    0x8f, 0xfe, 0xee, 0xee, 0xef, 0xf2, 0x8f, 0x80,
    0x0, 0x0, 0xe, 0xf2, 0x8f, 0x80, 0x0, 0x0,
    0xe, 0xf2, 0x8f, 0x80, 0x0, 0x0, 0xe, 0xf2,
    0x8f, 0x80, 0x0, 0x0, 0xe, 0xf2, 0x8f, 0x80,
    0x0, 0x0, 0xe, 0xf2, 0x8f, 0x80, 0x0, 0x0,
    0xe, 0xf2,

    /* U+0125 "ĥ" */
    0x0, 0x1, 0x0, 0x0, 0x0, 0x0, 0x6, 0xe2,
    0x0, 0x0, 0x0, 0x5, 0xfa, 0xe2, 0x0, 0x0,
    0x4, 0xf5, 0xa, 0xd1, 0x0, 0x0, 0x0, 0x0,
    0x0, 0x0, 0x0, 0x0, 0xa, 0xf5, 0x0, 0x0,
    0x0, 0x0, 0xaf, 0x50, 0x0, 0x0, 0x0, 0xa,
    0xf5, 0x0, 0x0, 0x0, 0x0, 0xaf, 0x50, 0x0,
    0x0, 0x0, 0xa, 0xf5, 0x8e, 0xfc, 0x40, 0x0,
    0xaf, 0xef, 0xcd, 0xff, 0x30, 0xa, 0xff, 0x20,
    0xa, 0xf9, 0x0, 0xaf, 0x90, 0x0, 0x4f, 0xc0,
    0xa, 0xf6, 0x0, 0x2, 0xfc, 0x0, 0xaf, 0x50,
    0x0, 0x2f, 0xc0, 0xa, 0xf5, 0x0, 0x2, 0xfc,
    0x0, 0xaf, 0x50, 0x0, 0x2f, 0xc0, 0xa, 0xf5,
    0x0, 0x2, 0xfc, 0x0, 0xaf, 0x50, 0x0, 0x2f,
    0xc0,

    /* U+0126 "Ħ" */
    0x8, 0xf8, 0x0, 0x0, 0x0, 0xef, 0x20, 0x8,
    0xf8, 0x0, 0x0, 0x0, 0xef, 0x20, 0x8, 0xf8,
    0x0, 0x0, 0x0, 0xef, 0x20, 0xaf, 0xff, 0xff,
    0xff, 0xff, 0xff, 0xf4, 0x1a, 0xfb, 0x22, 0x22,
    0x22, 0xff, 0x50, 0x8, 0xf8, 0x0, 0x0, 0x0,
    0xef, 0x20, 0x8, 0xff, 0xff, 0xff, 0xff, 0xff,
    0x20, 0x8, 0xff, 0xee, 0xee, 0xee, 0xff, 0x20,
    0x8, 0xf8, 0x0, 0x0, 0x0, 0xef, 0x20, 0x8,
    0xf8, 0x0, 0x0, 0x0, 0xef, 0x20, 0x8, 0xf8,
    0x0, 0x0, 0x0, 0xef, 0x20, 0x8, 0xf8, 0x0,
    0x0, 0x0, 0xef, 0x20, 0x8, 0xf8, 0x0, 0x0,
    0x0, 0xef, 0x20, 0x8, 0xf8, 0x0, 0x0, 0x0,
    0xef, 0x20,

    /* U+0127 "ħ" */
    0xa, 0xf5, 0x0, 0x0, 0x0, 0xb, 0xf6, 0x11,
    0x0, 0x0, 0xbf, 0xff, 0xff, 0x50, 0x0, 0x2e,
    0xf9, 0x44, 0x10, 0x0, 0xa, 0xf5, 0x8e, 0xfc,
    0x40, 0xa, 0xfe, 0xfc, 0xdf, 0xf3, 0xa, 0xff,
    0x20, 0xa, 0xf9, 0xa, 0xf9, 0x0, 0x4, 0xfc,
    0xa, 0xf6, 0x0, 0x2, 0xfc, 0xa, 0xf5, 0x0,
    0x2, 0xfc, 0xa, 0xf5, 0x0, 0x2, 0xfc, 0xa,
    0xf5, 0x0, 0x2, 0xfc, 0xa, 0xf5, 0x0, 0x2,
    0xfc, 0xa, 0xf5, 0x0, 0x2, 0xfc,

    /* U+0128 "Ĩ" */
    0x2c, 0xe9, 0x8, 0xaa, 0xa3, 0xcf, 0xf4, 0x10,
    0x0, 0x10, 0x0, 0x8, 0xf8, 0x0, 0x0, 0x8f,
    0x80, 0x0, 0x8, 0xf8, 0x0, 0x0, 0x8f, 0x80,
    0x0, 0x8, 0xf8, 0x0, 0x0, 0x8f, 0x80, 0x0,
    0x8, 0xf8, 0x0, 0x0, 0x8f, 0x80, 0x0, 0x8,
    0xf8, 0x0, 0x0, 0x8f, 0x80, 0x0, 0x8, 0xf8,
    0x0, 0x0, 0x8f, 0x80, 0x0, 0x8, 0xf8, 0x0,
    0x0, 0x8f, 0x80, 0x0,

    /* U+0129 "ĩ" */
    0x2d, 0xe2, 0xa, 0x8a, 0xa9, 0xd1, 0xe5, 0xe4,
    0xa, 0xfd, 0x2, 0x0, 0x2, 0x0, 0x0, 0xaf,
    0x40, 0x0, 0xa, 0xf4, 0x0, 0x0, 0xaf, 0x40,
    0x0, 0xa, 0xf4, 0x0, 0x0, 0xaf, 0x40, 0x0,
    0xa, 0xf4, 0x0, 0x0, 0xaf, 0x40, 0x0, 0xa,
    0xf4, 0x0, 0x0, 0xaf, 0x40, 0x0, 0xa, 0xf4,
    0x0,

    /* U+012A "Ī" */
    0x3f, 0xff, 0xff, 0x40, 0x22, 0x22, 0x20, 0x0,
    0x0, 0x0, 0x0, 0x8, 0xf8, 0x0, 0x0, 0x8f,
    0x80, 0x0, 0x8, 0xf8, 0x0, 0x0, 0x8f, 0x80,
    0x0, 0x8, 0xf8, 0x0, 0x0, 0x8f, 0x80, 0x0,
    0x8, 0xf8, 0x0, 0x0, 0x8f, 0x80, 0x0, 0x8,
    0xf8, 0x0, 0x0, 0x8f, 0x80, 0x0, 0x8, 0xf8,
    0x0, 0x0, 0x8f, 0x80, 0x0, 0x8, 0xf8, 0x0,
    0x0, 0x8f, 0x80, 0x0,

    /* U+012B "ī" */
    0x6f, 0xff, 0xff, 0x1, 0x22, 0x22, 0x20, 0x0,
    0x0, 0x0, 0x0, 0xa, 0xf4, 0x0, 0x0, 0xaf,
    0x40, 0x0, 0xa, 0xf4, 0x0, 0x0, 0xaf, 0x40,
    0x0, 0xa, 0xf4, 0x0, 0x0, 0xaf, 0x40, 0x0,
    0xa, 0xf4, 0x0, 0x0, 0xaf, 0x40, 0x0, 0xa,
    0xf4, 0x0, 0x0, 0xaf, 0x40, 0x0,

    /* U+012C "Ĭ" */
    0x47, 0x0, 0x6, 0x45, 0xf5, 0x4, 0xf6, 0x9,
    0xff, 0xfa, 0x0, 0x0, 0x20, 0x0, 0x0, 0x8f,
    0x80, 0x0, 0x8, 0xf8, 0x0, 0x0, 0x8f, 0x80,
    0x0, 0x8, 0xf8, 0x0, 0x0, 0x8f, 0x80, 0x0,
    0x8, 0xf8, 0x0, 0x0, 0x8f, 0x80, 0x0, 0x8,
    0xf8, 0x0, 0x0, 0x8f, 0x80, 0x0, 0x8, 0xf8,
    0x0, 0x0, 0x8f, 0x80, 0x0, 0x8, 0xf8, 0x0,
    0x0, 0x8f, 0x80, 0x0, 0x8, 0xf8, 0x0,

    /* U+012D "ĭ" */
    0xb9, 0x0, 0xf, 0x47, 0xe2, 0x6, 0xf1, 0xb,
    0xff, 0xf6, 0x0, 0x0, 0x10, 0x0, 0x0, 0xaf,
    0x40, 0x0, 0xa, 0xf4, 0x0, 0x0, 0xaf, 0x40,
    0x0, 0xa, 0xf4, 0x0, 0x0, 0xaf, 0x40, 0x0,
    0xa, 0xf4, 0x0, 0x0, 0xaf, 0x40, 0x0, 0xa,
    0xf4, 0x0, 0x0, 0xaf, 0x40, 0x0, 0xa, 0xf4,
    0x0,

    /* U+012E "Į" */
    0x8, 0xf8, 0x0, 0x8f, 0x80, 0x8, 0xf8, 0x0,
    0x8f, 0x80, 0x8, 0xf8, 0x0, 0x8f, 0x80, 0x8,
    0xf8, 0x0, 0x8f, 0x80, 0x8, 0xf8, 0x0, 0x8f,
    0x80, 0x8, 0xf8, 0x0, 0x8f, 0x80, 0x8, 0xf8,
    0x0, 0x8f, 0x80, 0xa, 0x91, 0x8, 0xb0, 0x0,
    0xaa, 0x28, 0x3, 0xde, 0x90,

    /* U+012F "į" */
    0xc, 0xf6, 0x0, 0xcf, 0x60, 0x4, 0x62, 0x0,
    0x0, 0x0, 0xa, 0xf4, 0x0, 0xaf, 0x40, 0xa,
    0xf4, 0x0, 0xaf, 0x40, 0xa, 0xf4, 0x0, 0xaf,
    0x40, 0xa, 0xf4, 0x0, 0xaf, 0x40, 0xa, 0xf4,
    0x0, 0xaf, 0x40, 0x1c, 0x70, 0xb, 0x70, 0x0,
    0xe7, 0x37, 0x6, 0xee, 0x70,

    /* U+0130 "İ" */
    0x9f, 0xa9, 0xfa, 0x36, 0x30, 0x0, 0x8f, 0x88,
    0xf8, 0x8f, 0x88, 0xf8, 0x8f, 0x88, 0xf8, 0x8f,
    0x88, 0xf8, 0x8f, 0x88, 0xf8, 0x8f, 0x88, 0xf8,
    0x8f, 0x88, 0xf8,

    /* U+0131 "ı" */
    0xaf, 0x4a, 0xf4, 0xaf, 0x4a, 0xf4, 0xaf, 0x4a,
    0xf4, 0xaf, 0x4a, 0xf4, 0xaf, 0x4a, 0xf4,

    /* U+0132 "Ĳ" */
    0x8f, 0x80, 0x0, 0xbf, 0xff, 0xff, 0xfb, 0x8f,
    0x80, 0x0, 0x9d, 0xdd, 0xdd, 0xfb, 0x8f, 0x80,
    0x0, 0x0, 0x0, 0x4, 0xfb, 0x8f, 0x80, 0x0,
    0x0, 0x0, 0x4, 0xfb, 0x8f, 0x80, 0x0, 0x0,
    0x0, 0x4, 0xfb, 0x8f, 0x80, 0x0, 0x0, 0x0,
    0x4, 0xfb, 0x8f, 0x80, 0x0, 0x0, 0x0, 0x4,
    0xfb, 0x8f, 0x80, 0x0, 0x0, 0x0, 0x4, 0xfb,
    0x8f, 0x80, 0x0, 0x0, 0x0, 0x4, 0xfb, 0x8f,
    0x80, 0x38, 0x60, 0x0, 0x5, 0xfa, 0x8f, 0x80,
    0x4f, 0xd0, 0x0, 0x9, 0xf8, 0x8f, 0x80, 0xe,
    0xf7, 0x0, 0x4f, 0xf3, 0x8f, 0x80, 0x5, 0xff,
    0xff, 0xff, 0x90, 0x8f, 0x80, 0x0, 0x3b, 0xff,
    0xc6, 0x0,

    /* U+0133 "ĳ" */
    0xcf, 0x60, 0x2f, 0xf1, 0xcf, 0x60, 0x2f, 0xf1,
    0x46, 0x20, 0x6, 0x60, 0x0, 0x0, 0x0, 0x0,
    0xaf, 0x40, 0xf, 0xf0, 0xaf, 0x40, 0xf, 0xf0,
    0xaf, 0x40, 0xf, 0xf0, 0xaf, 0x40, 0xf, 0xf0,
    0xaf, 0x40, 0xf, 0xf0, 0xaf, 0x40, 0xf, 0xf0,
    0xaf, 0x40, 0xf, 0xf0, 0xaf, 0x40, 0xf, 0xf0,
    0xaf, 0x40, 0xf, 0xf0, 0xaf, 0x40, 0xf, 0xf0,
    0x0, 0x0, 0xf, 0xf0, 0x0, 0x0, 0x1f, 0xe0,
    0x0, 0xb, 0xff, 0xc0, 0x0, 0xb, 0xfd, 0x30,

    /* U+0134 "Ĵ" */
    0x0, 0x0, 0x0, 0x0, 0x0, 0x0, 0x0, 0xc,
    0xb0, 0x0, 0x0, 0x0, 0xbc, 0xd9, 0x0, 0x0,
    0xa, 0xd1, 0x1e, 0x80, 0x0, 0x0, 0x0, 0x0,
    0x0, 0x0, 0xcf, 0xff, 0xff, 0xfb, 0x0, 0x9d,
    0xdd, 0xde, 0xfb, 0x0, 0x0, 0x0, 0x5, 0xfb,
    0x0, 0x0, 0x0, 0x5, 0xfb, 0x0, 0x0, 0x0,
    0x5, 0xfb, 0x0, 0x0, 0x0, 0x5, 0xfb, 0x0,
    0x0, 0x0, 0x5, 0xfb, 0x0, 0x0, 0x0, 0x5,
    0xfb, 0x0, 0x0, 0x0, 0x5, 0xfb, 0x38, 0x60,
    0x0, 0x6, 0xfa, 0x5f, 0xc0, 0x0, 0xa, 0xf8,
    0xf, 0xf7, 0x0, 0x4f, 0xf2, 0x5, 0xff, 0xff,
    0xff, 0x80, 0x0, 0x4b, 0xff, 0xc6, 0x0,

    /* U+0135 "ĵ" */
    0x0, 0x1, 0x0, 0x0, 0x6, 0xe2, 0x0, 0x5,
    0xfa, 0xe1, 0x4, 0xf5, 0xa, 0xd1, 0x0, 0x0,
    0x0, 0x0, 0xa, 0xf4, 0x0, 0x0, 0xaf, 0x40,
    0x0, 0xa, 0xf4, 0x0, 0x0, 0xaf, 0x40, 0x0,
    0xa, 0xf4, 0x0, 0x0, 0xaf, 0x40, 0x0, 0xa,
    0xf4, 0x0, 0x0, 0xaf, 0x40, 0x0, 0xa, 0xf4,
    0x0, 0x0, 0xaf, 0x40, 0x0, 0xa, 0xf4, 0x0,
    0x0, 0xbf, 0x40, 0x7, 0xef, 0xf2, 0x0, 0x6e,
    0xf7, 0x0, 0x0,

    /* U+0136 "Ķ" */
    0x8f, 0x80, 0x0, 0x0, 0xaf, 0xe2, 0x8f, 0x80,
    0x0, 0xa, 0xfe, 0x20, 0x8f, 0x80, 0x0, 0x9f,
    0xe2, 0x0, 0x8f, 0x80, 0x8, 0xfe, 0x20, 0x0,
    0x8f, 0x80, 0x8f, 0xe2, 0x0, 0x0, 0x8f, 0x87,
    0xff, 0x60, 0x0, 0x0, 0x8f, 0xff, 0xff, 0xd0,
    0x0, 0x0, 0x8f, 0xff, 0x4e, 0xf7, 0x0, 0x0,
    0x8f, 0xf3, 0x4, 0xff, 0x20, 0x0, 0x8f, 0xb0,
    0x0, 0xaf, 0xb0, 0x0, 0x8f, 0x80, 0x0, 0x1f,
    0xf5, 0x0, 0x8f, 0x80, 0x0, 0x6, 0xfe, 0x10,
    0x8f, 0x80, 0x0, 0x0, 0xcf, 0x90, 0x8f, 0x80,
    0x0, 0x0, 0x2f, 0xf3, 0x0, 0x0, 0x0, 0x0,
    0x0, 0x0, 0x0, 0x0, 0xce, 0x20, 0x0, 0x0,
    0x0, 0x5, 0xf5, 0x0, 0x0, 0x0, 0x0, 0xd,
    0x70, 0x0, 0x0, 0x0,

    /* U+0137 "ķ" */
    0xaf, 0x50, 0x0, 0x0, 0x0, 0xaf, 0x50, 0x0,
    0x0, 0x0, 0xaf, 0x50, 0x0, 0x0, 0x0, 0xaf,
    0x50, 0x0, 0x0, 0x0, 0xaf, 0x50, 0x2, 0xef,
    0x70, 0xaf, 0x50, 0x1e, 0xf7, 0x0, 0xaf, 0x51,
    0xdf, 0x80, 0x0, 0xaf, 0x6d, 0xfa, 0x0, 0x0,
    0xaf, 0xff, 0xfd, 0x0, 0x0, 0xaf, 0xf8, 0xcf,
    0x80, 0x0, 0xaf, 0xd0, 0x2f, 0xf2, 0x0, 0xaf,
    0x50, 0x8, 0xfc, 0x0, 0xaf, 0x50, 0x0, 0xdf,
    0x70, 0xaf, 0x50, 0x0, 0x3f, 0xf2, 0x0, 0x0,
    0x0, 0x0, 0x0, 0x0, 0xb, 0xe2, 0x0, 0x0,
    0x0, 0x4f, 0x50, 0x0, 0x0, 0x0, 0xc8, 0x0,
    0x0, 0x0,

    /* U+0138 "ĸ" */
    0xaf, 0x50, 0x2, 0xef, 0x60, 0xaf, 0x50, 0x2e,
    0xf7, 0x0, 0xaf, 0x51, 0xdf, 0x80, 0x0, 0xaf,
    0x6d, 0xfa, 0x0, 0x0, 0xaf, 0xff, 0xfd, 0x0,
    0x0, 0xaf, 0xf8, 0xcf, 0x70, 0x0, 0xaf, 0xd0,
    0x2f, 0xf2, 0x0, 0xaf, 0x50, 0x8, 0xfc, 0x0,
    0xaf, 0x50, 0x0, 0xdf, 0x60, 0xaf, 0x50, 0x0,
    0x4f, 0xf1,

    /* U+0139 "Ĺ" */
    0x0, 0x5f, 0x90, 0x0, 0x0, 0x2f, 0xa0, 0x0,
    0x0, 0xc, 0xb0, 0x0, 0x0, 0x0, 0x0, 0x0,
    0x0, 0x0, 0x8f, 0x80, 0x0, 0x0, 0x8, 0xf8,
    0x0, 0x0, 0x0, 0x8f, 0x80, 0x0, 0x0, 0x8,
    0xf8, 0x0, 0x0, 0x0, 0x8f, 0x80, 0x0, 0x0,
    0x8, 0xf8, 0x0, 0x0, 0x0, 0x8f, 0x80, 0x0,
    0x0, 0x8, 0xf8, 0x0, 0x0, 0x0, 0x8f, 0x80,
    0x0, 0x0, 0x8, 0xf8, 0x0, 0x0, 0x0, 0x8f,
    0x80, 0x0, 0x0, 0x8, 0xf8, 0x0, 0x0, 0x0,
    0x8f, 0xed, 0xdd, 0xdd, 0x88, 0xff, 0xff, 0xff,
    0xfb,

    /* U+013A "ĺ" */
    0x0, 0xaf, 0x50, 0x8e, 0x30, 0x18, 0x20, 0x0,
    0x0, 0x0, 0xbf, 0x40, 0xb, 0xf4, 0x0, 0xbf,
    0x40, 0xb, 0xf4, 0x0, 0xbf, 0x40, 0xb, 0xf4,
    0x0, 0xbf, 0x40, 0xb, 0xf4, 0x0, 0xbf, 0x40,
    0xb, 0xf4, 0x0, 0xbf, 0x40, 0xa, 0xf5, 0x0,
    0x8f, 0xfc, 0x1, 0xcf, 0xc0,

    /* U+013B "Ļ" */
    0x8f, 0x80, 0x0, 0x0, 0x8, 0xf8, 0x0, 0x0,
    0x0, 0x8f, 0x80, 0x0, 0x0, 0x8, 0xf8, 0x0,
    0x0, 0x0, 0x8f, 0x80, 0x0, 0x0, 0x8, 0xf8,
    0x0, 0x0, 0x0, 0x8f, 0x80, 0x0, 0x0, 0x8,
    0xf8, 0x0, 0x0, 0x0, 0x8f, 0x80, 0x0, 0x0,
    0x8, 0xf8, 0x0, 0x0, 0x0, 0x8f, 0x80, 0x0,
    0x0, 0x8, 0xf8, 0x0, 0x0, 0x0, 0x8f, 0xed,
    0xdd, 0xdd, 0x88, 0xff, 0xff, 0xff, 0xfb, 0x0,
    0x0, 0x0, 0x0, 0x0, 0x3, 0xea, 0x0, 0x0,
    0x0, 0xbd, 0x10, 0x0, 0x0, 0x3f, 0x20, 0x0,
    0x0,

    /* U+013C "ļ" */
    0xb, 0xf4, 0x0, 0xbf, 0x40, 0xb, 0xf4, 0x0,
    0xbf, 0x40, 0xb, 0xf4, 0x0, 0xbf, 0x40, 0xb,
    0xf4, 0x0, 0xbf, 0x40, 0xb, 0xf4, 0x0, 0xbf,
    0x40, 0xb, 0xf4, 0x0, 0xaf, 0x50, 0x8, 0xff,
    0xc0, 0x1c, 0xfc, 0x0, 0x10, 0x0, 0x8f, 0x50,
    0x1f, 0x90, 0x8, 0xc0, 0x0,

    /* U+013D "Ľ" */
    0x8f, 0x80, 0x0, 0x4f, 0xa8, 0xf8, 0x0, 0x8,
    0xf3, 0x8f, 0x80, 0x0, 0xcb, 0x8, 0xf8, 0x0,
    0x1f, 0x40, 0x8f, 0x80, 0x1, 0x50, 0x8, 0xf8,
    0x0, 0x0, 0x0, 0x8f, 0x80, 0x0, 0x0, 0x8,
    0xf8, 0x0, 0x0, 0x0, 0x8f, 0x80, 0x0, 0x0,
    0x8, 0xf8, 0x0, 0x0, 0x0, 0x8f, 0x80, 0x0,
    0x0, 0x8, 0xf8, 0x0, 0x0, 0x0, 0x8f, 0xed,
    0xdd, 0xdd, 0x88, 0xff, 0xff, 0xff, 0xfb,

    /* U+013E "ľ" */
    0xbf, 0x40, 0xbf, 0x4b, 0xf4, 0xf, 0xc0, 0xbf,
    0x43, 0xf5, 0xb, 0xf4, 0x7d, 0x0, 0xbf, 0x43,
    0x20, 0xb, 0xf4, 0x0, 0x0, 0xbf, 0x40, 0x0,
    0xb, 0xf4, 0x0, 0x0, 0xbf, 0x40, 0x0, 0xb,
    0xf4, 0x0, 0x0, 0xbf, 0x40, 0x0, 0xa, 0xf5,
    0x0, 0x0, 0x8f, 0xfc, 0x0, 0x1, 0xcf, 0xc0,
    0x0,

    /* U+013F "Ŀ" */
    0x8f, 0x80, 0x0, 0x0, 0x0, 0x8f, 0x80, 0x0,
    0x0, 0x0, 0x8f, 0x80, 0x0, 0x0, 0x0, 0x8f,
    0x80, 0x0, 0x0, 0x0, 0x8f, 0x80, 0x0, 0x0,
    0x0, 0x8f, 0x80, 0x0, 0x0, 0x0, 0x8f, 0x80,
    0x0, 0x6, 0xfb, 0x8f, 0x80, 0x0, 0x6, 0xfb,
    0x8f, 0x80, 0x0, 0x2, 0x64, 0x8f, 0x80, 0x0,
    0x0, 0x0, 0x8f, 0x80, 0x0, 0x0, 0x0, 0x8f,
    0x80, 0x0, 0x0, 0x0, 0x8f, 0xed, 0xdd, 0xdd,
    0x80, 0x8f, 0xff, 0xff, 0xff, 0xb0,

    /* U+0140 "ŀ" */
    0xbf, 0x40, 0x0, 0xb, 0xf4, 0x0, 0x0, 0xbf,
    0x40, 0x0, 0xb, 0xf4, 0x0, 0x0, 0xbf, 0x40,
    0x0, 0xb, 0xf4, 0x6, 0x61, 0xbf, 0x40, 0xef,
    0x3b, 0xf4, 0xe, 0xf3, 0xbf, 0x40, 0x0, 0xb,
    0xf4, 0x0, 0x0, 0xbf, 0x40, 0x0, 0xa, 0xf5,
    0x0, 0x0, 0x8f, 0xfc, 0x0, 0x1, 0xcf, 0xc0,
    0x0,

    /* U+0141 "Ł" */
    0x8, 0xf8, 0x0, 0x0, 0x0, 0x8, 0xf8, 0x0,
    0x0, 0x0, 0x8, 0xf8, 0x0, 0x0, 0x0, 0x8,
    0xf8, 0x0, 0x0, 0x0, 0x8, 0xf8, 0x1c, 0x20,
    0x0, 0x8, 0xfc, 0xef, 0x10, 0x0, 0x8, 0xff,
    0xe4, 0x0, 0x0, 0xf, 0xff, 0x20, 0x0, 0x0,
    0xaf, 0xf9, 0x0, 0x0, 0x0, 0xbf, 0xf8, 0x0,
    0x0, 0x0, 0x18, 0xf8, 0x0, 0x0, 0x0, 0x8,
    0xf8, 0x0, 0x0, 0x0, 0x8, 0xfe, 0xdd, 0xdd,
    0xd8, 0x8, 0xff, 0xff, 0xff, 0xfb,

    /* U+0142 "ł" */
    0xb, 0xf4, 0x0, 0xbf, 0x40, 0xb, 0xf4, 0x0,
    0xbf, 0x40, 0xb, 0xf7, 0xc0, 0xbf, 0xfd, 0xf,
    0xff, 0xa, 0xff, 0x40, 0x9e, 0xf4, 0x0, 0xbf,
    0x40, 0xb, 0xf4, 0x0, 0xaf, 0x50, 0x8, 0xff,
    0xc0, 0x1c, 0xfc,

    /* U+0143 "Ń" */
    0x0, 0x0, 0x0, 0x3f, 0xc0, 0x0, 0x0, 0x0,
    0x0, 0xdc, 0x10, 0x0, 0x0, 0x0, 0xa, 0xd1,
    0x0, 0x0, 0x0, 0x0, 0x0, 0x0, 0x0, 0x0,
    0x8f, 0xe0, 0x0, 0x0, 0xe, 0xf1, 0x8f, 0xf8,
    0x0, 0x0, 0xe, 0xf1, 0x8f, 0xff, 0x20, 0x0,
    0xe, 0xf1, 0x8f, 0xff, 0xc0, 0x0, 0xe, 0xf1,
    0x8f, 0x9d, 0xf6, 0x0, 0xe, 0xf1, 0x8f, 0x84,
    0xfe, 0x10, 0xe, 0xf1, 0x8f, 0x80, 0xaf, 0xa0,
    0xe, 0xf1, 0x8f, 0x80, 0x1f, 0xf4, 0xe, 0xf1,
    0x8f, 0x80, 0x6, 0xfd, 0xe, 0xf1, 0x8f, 0x80,
    0x0, 0xcf, 0x7e, 0xf1, 0x8f, 0x80, 0x0, 0x3f,
    0xff, 0xf1, 0x8f, 0x80, 0x0, 0x9, 0xff, 0xf1,
    0x8f, 0x80, 0x0, 0x1, 0xef, 0xf1, 0x8f, 0x80,
    0x0, 0x0, 0x5f, 0xf1,

    /* U+0144 "ń" */
    0x0, 0x0, 0x8, 0xf7, 0x0, 0x0, 0x5, 0xf6,
    0x0, 0x0, 0x1, 0xb6, 0x0, 0x0, 0x0, 0x0,
    0x0, 0x0, 0xaf, 0x58, 0xef, 0xc4, 0xa, 0xff,
    0xd8, 0xaf, 0xf3, 0xaf, 0xe0, 0x0, 0x8f, 0x9a,
    0xf8, 0x0, 0x3, 0xfc, 0xaf, 0x60, 0x0, 0x2f,
    0xca, 0xf5, 0x0, 0x2, 0xfc, 0xaf, 0x50, 0x0,
    0x2f, 0xca, 0xf5, 0x0, 0x2, 0xfc, 0xaf, 0x50,
    0x0, 0x2f, 0xca, 0xf5, 0x0, 0x2, 0xfc,

    /* U+0145 "Ņ" */
    0x8f, 0xe0, 0x0, 0x0, 0xe, 0xf1, 0x8f, 0xf8,
    0x0, 0x0, 0xe, 0xf1, 0x8f, 0xff, 0x20, 0x0,
    0xe, 0xf1, 0x8f, 0xff, 0xc0, 0x0, 0xe, 0xf1,
    0x8f, 0x9d, 0xf6, 0x0, 0xe, 0xf1, 0x8f, 0x84,
    0xfe, 0x10, 0xe, 0xf1, 0x8f, 0x80, 0xaf, 0xa0,
    0xe, 0xf1, 0x8f, 0x80, 0x1f, 0xf4, 0xe, 0xf1,
    0x8f, 0x80, 0x6, 0xfd, 0xe, 0xf1, 0x8f, 0x80,
    0x0, 0xcf, 0x7e, 0xf1, 0x8f, 0x80, 0x0, 0x3f,
    0xff, 0xf1, 0x8f, 0x80, 0x0, 0x9, 0xff, 0xf1,
    0x8f, 0x80, 0x0, 0x1, 0xef, 0xf1, 0x8f, 0x80,
    0x0, 0x0, 0x5f, 0xf1, 0x0, 0x0, 0x0, 0x0,
    0x0, 0x0, 0x0, 0x0, 0x8f, 0x50, 0x0, 0x0,
    0x0, 0x1, 0xf9, 0x0, 0x0, 0x0, 0x0, 0x8,
    0xb0, 0x0, 0x0, 0x0,

    /* U+0146 "ņ" */
    0xaf, 0x58, 0xef, 0xc4, 0xa, 0xff, 0xd8, 0xaf,
    0xf3, 0xaf, 0xe0, 0x0, 0x8f, 0x9a, 0xf8, 0x0,
    0x3, 0xfc, 0xaf, 0x60, 0x0, 0x2f, 0xca, 0xf5,
    0x0, 0x2, 0xfc, 0xaf, 0x50, 0x0, 0x2f, 0xca,
    0xf5, 0x0, 0x2, 0xfc, 0xaf, 0x50, 0x0, 0x2f,
    0xca, 0xf5, 0x0, 0x2, 0xfc, 0x0, 0x0, 0x0,
    0x0, 0x0, 0x0, 0xce, 0x20, 0x0, 0x0, 0x5f,
    0x50, 0x0, 0x0, 0xd, 0x70, 0x0, 0x0,

    /* U+0147 "Ň" */
    0x0, 0xc, 0xa0, 0x3f, 0x50, 0x0, 0x0, 0x1,
    0xcb, 0xf5, 0x0, 0x0, 0x0, 0x0, 0x1d, 0x60,
    0x0, 0x0, 0x0, 0x0, 0x0, 0x0, 0x0, 0x0,
    0x8f, 0xe0, 0x0, 0x0, 0xe, 0xf1, 0x8f, 0xf8,
    0x0, 0x0, 0xe, 0xf1, 0x8f, 0xff, 0x20, 0x0,
    0xe, 0xf1, 0x8f, 0xff, 0xc0, 0x0, 0xe, 0xf1,
    0x8f, 0x9d, 0xf6, 0x0, 0xe, 0xf1, 0x8f, 0x84,
    0xfe, 0x10, 0xe, 0xf1, 0x8f, 0x80, 0xaf, 0xa0,
    0xe, 0xf1, 0x8f, 0x80, 0x1f, 0xf4, 0xe, 0xf1,
    0x8f, 0x80, 0x6, 0xfd, 0xe, 0xf1, 0x8f, 0x80,
    0x0, 0xcf, 0x7e, 0xf1, 0x8f, 0x80, 0x0, 0x3f,
    0xff, 0xf1, 0x8f, 0x80, 0x0, 0x9, 0xff, 0xf1,
    0x8f, 0x80, 0x0, 0x1, 0xef, 0xf1, 0x8f, 0x80,
    0x0, 0x0, 0x5f, 0xf1,

    /* U+0148 "ň" */
    0x3, 0xf5, 0x8, 0xd1, 0x0, 0x3, 0xfa, 0xe2,
    0x0, 0x0, 0x4, 0xe2, 0x0, 0x0, 0x0, 0x0,
    0x0, 0x0, 0xaf, 0x58, 0xef, 0xc4, 0xa, 0xff,
    0xd8, 0xaf, 0xf3, 0xaf, 0xe0, 0x0, 0x8f, 0x9a,
    0xf8, 0x0, 0x3, 0xfc, 0xaf, 0x60, 0x0, 0x2f,
    0xca, 0xf5, 0x0, 0x2, 0xfc, 0xaf, 0x50, 0x0,
    0x2f, 0xca, 0xf5, 0x0, 0x2, 0xfc, 0xaf, 0x50,
    0x0, 0x2f, 0xca, 0xf5, 0x0, 0x2, 0xfc,

    /* U+0149 "ŉ" */
    0x6, 0xfb, 0x0, 0x0, 0x0, 0x0, 0x0, 0xbf,
    0x40, 0x0, 0x0, 0x0, 0x0, 0xf, 0xd0, 0x0,
    0x0, 0x0, 0x0, 0x5, 0xf5, 0x0, 0x0, 0x0,
    0x0, 0x0, 0x9d, 0x1, 0xfe, 0x2b, 0xfe, 0x91,
    0x7, 0x40, 0x1f, 0xff, 0xb9, 0xdf, 0xb0, 0x0,
    0x1, 0xff, 0x70, 0x1, 0xff, 0x20, 0x0, 0x1f,
    0xf0, 0x0, 0xb, 0xf4, 0x0, 0x1, 0xfe, 0x0,
    0x0, 0xaf, 0x50, 0x0, 0x1f, 0xe0, 0x0, 0xa,
    0xf5, 0x0, 0x1, 0xfe, 0x0, 0x0, 0xaf, 0x50,
    0x0, 0x1f, 0xe0, 0x0, 0xa, 0xf5, 0x0, 0x1,
    0xfe, 0x0, 0x0, 0xaf, 0x50, 0x0, 0x1f, 0xe0,
    0x0, 0xa, 0xf5,

    /* U+014A "Ŋ" */
    0x8f, 0xe0, 0x0, 0x0, 0xe, 0xf1, 0x8f, 0xf8,
    0x0, 0x0, 0xe, 0xf1, 0x8f, 0xff, 0x30, 0x0,
    0xe, 0xf1, 0x8f, 0xff, 0xc0, 0x0, 0xe, 0xf1,
    0x8f, 0x9e, 0xf6, 0x0, 0xe, 0xf1, 0x8f, 0x84,
    0xff, 0x10, 0xe, 0xf1, 0x8f, 0x80, 0xaf, 0xa0,
    0xe, 0xf1, 0x8f, 0x80, 0x1e, 0xf4, 0xe, 0xf1,
    0x8f, 0x80, 0x6, 0xfe, 0xe, 0xf1, 0x8f, 0x80,
    0x0, 0xcf, 0x8e, 0xf1, 0x8f, 0x80, 0x0, 0x2f,
    0xff, 0xf1, 0x8f, 0x80, 0x0, 0x8, 0xff, 0xf1,
    0x8f, 0x80, 0x0, 0x0, 0xdf, 0xf1, 0x8f, 0x80,
    0x0, 0x0, 0x3f, 0xf1, 0x0, 0x0, 0x0, 0x0,
    0xe, 0xf0, 0x0, 0x0, 0x0, 0x11, 0x6f, 0xc0,
    0x0, 0x0, 0x0, 0x8f, 0xfe, 0x20, 0x0, 0x0,
    0x0, 0x13, 0x30, 0x0,

    /* U+014B "ŋ" */
    0xf, 0xe3, 0xcf, 0xea, 0x10, 0xf, 0xff, 0xa8,
    0xdf, 0xd0, 0xf, 0xf7, 0x0, 0xd, 0xf4, 0xf,
    0xf1, 0x0, 0x9, 0xf6, 0xf, 0xf0, 0x0, 0x9,
    0xf6, 0xf, 0xe0, 0x0, 0x9, 0xf6, 0xf, 0xe0,
    0x0, 0x9, 0xf6, 0xf, 0xe0, 0x0, 0x9, 0xf6,
    0xf, 0xe0, 0x0, 0x9, 0xf6, 0xf, 0xe0, 0x0,
    0x9, 0xf6, 0x0, 0x0, 0x0, 0x9, 0xf6, 0x0,
    0x0, 0x0, 0x9, 0xf6, 0x0, 0x0, 0x2, 0xbf,
    0xf4, 0x0, 0x0, 0x2, 0xef, 0x90,

    /* U+014C "Ō" */
    0x0, 0x0, 0x4f, 0xff, 0xff, 0x20, 0x0, 0x0,
    0x0, 0x0, 0x22, 0x22, 0x20, 0x0, 0x0, 0x0,
    0x0, 0x0, 0x0, 0x0, 0x0, 0x0, 0x0, 0x0,
    0x5, 0xbe, 0xfd, 0xa4, 0x0, 0x0, 0x0, 0xb,
    0xff, 0xff, 0xff, 0xfa, 0x0, 0x0, 0xa, 0xfe,
    0x60, 0x1, 0x6f, 0xf9, 0x0, 0x4, 0xfe, 0x20,
    0x0, 0x0, 0x3f, 0xf3, 0x0, 0xaf, 0x70, 0x0,
    0x0, 0x0, 0x9f, 0x90, 0xe, 0xf2, 0x0, 0x0,
    0x0, 0x3, 0xfd, 0x0, 0xff, 0x0, 0x0, 0x0,
    0x0, 0x1f, 0xf0, 0xf, 0xf0, 0x0, 0x0, 0x0,
    0x1, 0xff, 0x0, 0xef, 0x20, 0x0, 0x0, 0x0,
    0x3f, 0xd0, 0xb, 0xf7, 0x0, 0x0, 0x0, 0x9,
    0xf9, 0x0, 0x4f, 0xe2, 0x0, 0x0, 0x3, 0xff,
    0x30, 0x0, 0xaf, 0xe5, 0x0, 0x16, 0xff, 0x90,
    0x0, 0x0, 0xbf, 0xff, 0xff, 0xff, 0xa0, 0x0,
    0x0, 0x0, 0x5b, 0xef, 0xea, 0x40, 0x0, 0x0,

    /* U+014D "ō" */
    0x0, 0xf, 0xff, 0xff, 0x70, 0x0, 0x0, 0x22,
    0x22, 0x21, 0x0, 0x0, 0x0, 0x0, 0x0, 0x0,
    0x0, 0x0, 0x6d, 0xfe, 0xa2, 0x0, 0x0, 0xbf,
    0xfc, 0xdf, 0xf4, 0x0, 0x7f, 0xc1, 0x0, 0x5f,
    0xe0, 0xd, 0xf2, 0x0, 0x0, 0xaf, 0x50, 0xfe,
    0x0, 0x0, 0x6, 0xf8, 0xf, 0xe0, 0x0, 0x0,
    0x6f, 0x80, 0xdf, 0x20, 0x0, 0xa, 0xf5, 0x7,
    0xfc, 0x0, 0x5, 0xfe, 0x0, 0xb, 0xff, 0xcd,
    0xff, 0x40, 0x0, 0x7, 0xdf, 0xea, 0x20, 0x0,

    /* U+014E "Ŏ" */
    0x0, 0x0, 0x46, 0x0, 0x7, 0x30, 0x0, 0x0,
    0x0, 0x6, 0xf4, 0x5, 0xf5, 0x0, 0x0, 0x0,
    0x0, 0xa, 0xff, 0xf9, 0x0, 0x0, 0x0, 0x0,
    0x0, 0x0, 0x20, 0x0, 0x0, 0x0, 0x0, 0x0,
    0x5b, 0xef, 0xda, 0x40, 0x0, 0x0, 0x0, 0xbf,
    0xff, 0xff, 0xff, 0xa0, 0x0, 0x0, 0xaf, 0xe6,
    0x0, 0x16, 0xff, 0x90, 0x0, 0x4f, 0xe2, 0x0,
    0x0, 0x3, 0xff, 0x30, 0xa, 0xf7, 0x0, 0x0,
    0x0, 0x9, 0xf9, 0x0, 0xef, 0x20, 0x0, 0x0,
    0x0, 0x3f, 0xd0, 0xf, 0xf0, 0x0, 0x0, 0x0,
    0x1, 0xff, 0x0, 0xff, 0x0, 0x0, 0x0, 0x0,
    0x1f, 0xf0, 0xe, 0xf2, 0x0, 0x0, 0x0, 0x3,
    0xfd, 0x0, 0xbf, 0x70, 0x0, 0x0, 0x0, 0x9f,
    0x90, 0x4, 0xfe, 0x20, 0x0, 0x0, 0x3f, 0xf3,
    0x0, 0xa, 0xfe, 0x50, 0x1, 0x6f, 0xf9, 0x0,
    0x0, 0xb, 0xff, 0xff, 0xff, 0xfa, 0x0, 0x0,
    0x0, 0x5, 0xbe, 0xfe, 0xa4, 0x0, 0x0,

    /* U+014F "ŏ" */
    0x0, 0x3f, 0x0, 0x8, 0xb0, 0x0, 0x1, 0xf7,
    0x2, 0xd8, 0x0, 0x0, 0x5, 0xef, 0xfb, 0x10,
    0x0, 0x0, 0x0, 0x10, 0x0, 0x0, 0x0, 0x6,
    0xdf, 0xea, 0x20, 0x0, 0xb, 0xff, 0xcd, 0xff,
    0x40, 0x7, 0xfc, 0x10, 0x5, 0xfe, 0x0, 0xdf,
    0x20, 0x0, 0xa, 0xf5, 0xf, 0xe0, 0x0, 0x0,
    0x6f, 0x80, 0xfe, 0x0, 0x0, 0x6, 0xf8, 0xd,
    0xf2, 0x0, 0x0, 0xaf, 0x50, 0x7f, 0xc0, 0x0,
    0x5f, 0xe0, 0x0, 0xbf, 0xfc, 0xdf, 0xf4, 0x0,
    0x0, 0x7d, 0xfe, 0xa2, 0x0,

    /* U+0150 "Ő" */
    0x0, 0x0, 0x0, 0x2, 0x10, 0x2, 0x10, 0x0,
    0x0, 0x0, 0x5, 0xf5, 0xa, 0xf4, 0x0, 0x0,
    0x0, 0x1, 0xe8, 0x6, 0xf5, 0x0, 0x0, 0x0,
    0x0, 0xbb, 0x2, 0xf7, 0x0, 0x0, 0x0, 0x0,
    0x0, 0x0, 0x0, 0x0, 0x0, 0x0, 0x0, 0x5,
    0xbe, 0xfd, 0xa4, 0x0, 0x0, 0x0, 0xb, 0xff,
    0xff, 0xff, 0xfa, 0x0, 0x0, 0xa, 0xfe, 0x60,
    0x1, 0x6f, 0xf9, 0x0, 0x4, 0xfe, 0x20, 0x0,
    0x0, 0x3f, 0xf3, 0x0, 0xaf, 0x70, 0x0, 0x0,
    0x0, 0x9f, 0x90, 0xe, 0xf2, 0x0, 0x0, 0x0,
    0x3, 0xfd, 0x0, 0xff, 0x0, 0x0, 0x0, 0x0,
    0x1f, 0xf0, 0xf, 0xf0, 0x0, 0x0, 0x0, 0x1,
    0xff, 0x0, 0xef, 0x20, 0x0, 0x0, 0x0, 0x3f,
    0xd0, 0xb, 0xf7, 0x0, 0x0, 0x0, 0x9, 0xf9,
    0x0, 0x4f, 0xe2, 0x0, 0x0, 0x3, 0xff, 0x30,
    0x0, 0xaf, 0xe5, 0x0, 0x16, 0xff, 0x90, 0x0,
    0x0, 0xbf, 0xff, 0xff, 0xff, 0xa0, 0x0, 0x0,
    0x0, 0x5b, 0xef, 0xea, 0x40, 0x0, 0x0,

    /* U+0151 "ő" */
    0x0, 0x0, 0xe, 0xc0, 0x4f, 0xa0, 0x0, 0x0,
    0xae, 0x11, 0xec, 0x0, 0x0, 0x5, 0xf3, 0xb,
    0xd0, 0x0, 0x0, 0x1, 0x10, 0x2, 0x0, 0x0,
    0x0, 0x6, 0xdf, 0xea, 0x20, 0x0, 0x0, 0xbf,
    0xfc, 0xdf, 0xf4, 0x0, 0x7, 0xfc, 0x10, 0x5,
    0xfe, 0x0, 0xd, 0xf2, 0x0, 0x0, 0xaf, 0x50,
    0xf, 0xe0, 0x0, 0x0, 0x6f, 0x80, 0xf, 0xe0,
    0x0, 0x0, 0x6f, 0x80, 0xd, 0xf2, 0x0, 0x0,
    0xaf, 0x50, 0x7, 0xfc, 0x0, 0x5, 0xfe, 0x0,
    0x0, 0xbf, 0xfc, 0xdf, 0xf4, 0x0, 0x0, 0x7,
    0xdf, 0xea, 0x20, 0x0,

    /* U+0152 "Œ" */
    0x0, 0x0, 0x4a, 0xdf, 0xff, 0xff, 0xff, 0xff,
    0xff, 0xf3, 0x0, 0xa, 0xff, 0xfd, 0xdd, 0xff,
    0xdd, 0xdd, 0xdd, 0xd3, 0x0, 0xbf, 0xd5, 0x0,
    0x0, 0xff, 0x10, 0x0, 0x0, 0x0, 0x5, 0xfe,
    0x10, 0x0, 0x0, 0xff, 0x10, 0x0, 0x0, 0x0,
    0xb, 0xf6, 0x0, 0x0, 0x0, 0xff, 0x10, 0x0,
    0x0, 0x0, 0xf, 0xf2, 0x0, 0x0, 0x0, 0xff,
    0x10, 0x0, 0x0, 0x0, 0xf, 0xf0, 0x0, 0x0,
    0x0, 0xff, 0xff, 0xff, 0xff, 0xa0, 0xf, 0xf0,
    0x0, 0x0, 0x0, 0xff, 0xdd, 0xdd, 0xdd, 0x80,
    0xf, 0xf2, 0x0, 0x0, 0x0, 0xff, 0x10, 0x0,
    0x0, 0x0, 0xc, 0xf6, 0x0, 0x0, 0x0, 0xff,
    0x10, 0x0, 0x0, 0x0, 0x6, 0xfe, 0x10, 0x0,
    0x0, 0xff, 0x10, 0x0, 0x0, 0x0, 0x0, 0xcf,
    0xd4, 0x0, 0x0, 0xff, 0x10, 0x0, 0x0, 0x0,
    0x0, 0x1c, 0xff, 0xfe, 0xdd, 0xff, 0xdd, 0xdd,
    0xdd, 0xd3, 0x0, 0x0, 0x4a, 0xdf, 0xff, 0xff,
    0xff, 0xff, 0xff, 0xf3,

    /* U+0153 "œ" */
    0x0, 0x6, 0xdf, 0xea, 0x20, 0x3b, 0xef, 0xd6,
    0x0, 0x0, 0xbf, 0xea, 0xcf, 0xf7, 0xff, 0xbb,
    0xef, 0x90, 0x7, 0xfb, 0x0, 0x4, 0xff, 0xf3,
    0x0, 0xc, 0xf2, 0xd, 0xf1, 0x0, 0x0, 0xdf,
    0xf2, 0x22, 0x27, 0xf7, 0xf, 0xe0, 0x0, 0x0,
    0xcf, 0xff, 0xff, 0xff, 0xf9, 0xf, 0xe0, 0x0,
    0x0, 0xcf, 0xf5, 0x55, 0x55, 0x52, 0xd, 0xf2,
    0x0, 0x0, 0xef, 0xf0, 0x0, 0x0, 0x0, 0x7,
    0xfc, 0x10, 0x5, 0xff, 0xf7, 0x0, 0x7, 0x70,
    0x0, 0xbf, 0xfc, 0xdf, 0xf8, 0xff, 0xec, 0xef,
    0xe1, 0x0, 0x7, 0xdf, 0xea, 0x20, 0x3b, 0xef,
    0xd8, 0x10,

    /* U+0154 "Ŕ" */
    0x0, 0x0, 0x2, 0xeb, 0x0, 0x0, 0x0, 0x1,
    0xdc, 0x0, 0x0, 0x0, 0x0, 0x8a, 0x0, 0x0,
    0x0, 0x0, 0x0, 0x0, 0x0, 0x0, 0x8f, 0xff,
    0xff, 0xc7, 0x0, 0x8, 0xfe, 0xdd, 0xff, 0xfa,
    0x0, 0x8f, 0x80, 0x0, 0x3f, 0xf3, 0x8, 0xf8,
    0x0, 0x0, 0x9f, 0x60, 0x8f, 0x80, 0x0, 0x9,
    0xf7, 0x8, 0xf8, 0x0, 0x3, 0xff, 0x30, 0x8f,
    0xec, 0xce, 0xff, 0xb0, 0x8, 0xff, 0xff, 0xff,
    0x60, 0x0, 0x8f, 0x80, 0xe, 0xf4, 0x0, 0x8,
    0xf8, 0x0, 0x5f, 0xd0, 0x0, 0x8f, 0x80, 0x0,
    0xcf, 0x70, 0x8, 0xf8, 0x0, 0x3, 0xff, 0x10,
    0x8f, 0x80, 0x0, 0xa, 0xfa, 0x8, 0xf8, 0x0,
    0x0, 0x1f, 0xf4,

    /* U+0155 "ŕ" */
    0x0, 0x2, 0xfc, 0x10, 0x0, 0xdc, 0x10, 0x0,
    0x7a, 0x0, 0x0, 0x0, 0x0, 0x0, 0xaf, 0x57,
    0xef, 0x9a, 0xfe, 0xfd, 0xe3, 0xaf, 0xf3, 0x0,
    0xa, 0xf8, 0x0, 0x0, 0xaf, 0x50, 0x0, 0xa,
    0xf5, 0x0, 0x0, 0xaf, 0x50, 0x0, 0xa, 0xf5,
    0x0, 0x0, 0xaf, 0x50, 0x0, 0xa, 0xf5, 0x0,
    0x0,

    /* U+0156 "Ŗ" */
    0x8f, 0xff, 0xff, 0xc7, 0x0, 0x8, 0xfe, 0xdd,
    0xff, 0xfa, 0x0, 0x8f, 0x80, 0x0, 0x3f, 0xf3,
    0x8, 0xf8, 0x0, 0x0, 0x9f, 0x60, 0x8f, 0x80,
    0x0, 0x9, 0xf7, 0x8, 0xf8, 0x0, 0x3, 0xff,
    0x30, 0x8f, 0xec, 0xce, 0xff, 0xb0, 0x8, 0xff,
    0xff, 0xff, 0x60, 0x0, 0x8f, 0x80, 0xe, 0xf4,
    0x0, 0x8, 0xf8, 0x0, 0x5f, 0xd0, 0x0, 0x8f,
    0x80, 0x0, 0xcf, 0x70, 0x8, 0xf8, 0x0, 0x3,
    0xff, 0x10, 0x8f, 0x80, 0x0, 0xa, 0xfa, 0x8,
    0xf8, 0x0, 0x0, 0x1f, 0xf4, 0x0, 0x0, 0x0,
    0x0, 0x0, 0x0, 0x0, 0x7f, 0x60, 0x0, 0x0,
    0x0, 0x1f, 0xa0, 0x0, 0x0, 0x0, 0x8, 0xc0,
    0x0, 0x0, 0x0,

    /* U+0157 "ŗ" */
    0xaf, 0x57, 0xef, 0x9a, 0xfe, 0xfd, 0xe3, 0xaf,
    0xf3, 0x0, 0xa, 0xf8, 0x0, 0x0, 0xaf, 0x50,
    0x0, 0xa, 0xf5, 0x0, 0x0, 0xaf, 0x50, 0x0,
    0xa, 0xf5, 0x0, 0x0, 0xaf, 0x50, 0x0, 0xa,
    0xf5, 0x0, 0x0, 0x0, 0x0, 0x0, 0x0, 0x6f,
    0x70, 0x0, 0xe, 0xa0, 0x0, 0x7, 0xd0, 0x0,
    0x0,

    /* U+0158 "Ř" */
    0x0, 0xcb, 0x3, 0xf5, 0x0, 0x0, 0x0, 0xcb,
    0xe6, 0x0, 0x0, 0x0, 0x1, 0xc6, 0x0, 0x0,
    0x0, 0x0, 0x0, 0x0, 0x0, 0x0, 0x8f, 0xff,
    0xff, 0xc7, 0x0, 0x8, 0xfe, 0xdd, 0xff, 0xfa,
    0x0, 0x8f, 0x80, 0x0, 0x3f, 0xf3, 0x8, 0xf8,
    0x0, 0x0, 0x9f, 0x60, 0x8f, 0x80, 0x0, 0x9,
    0xf7, 0x8, 0xf8, 0x0, 0x3, 0xff, 0x30, 0x8f,
    0xec, 0xce, 0xff, 0xb0, 0x8, 0xff, 0xff, 0xff,
    0x60, 0x0, 0x8f, 0x80, 0xe, 0xf4, 0x0, 0x8,
    0xf8, 0x0, 0x5f, 0xd0, 0x0, 0x8f, 0x80, 0x0,
    0xcf, 0x70, 0x8, 0xf8, 0x0, 0x3, 0xff, 0x10,
    0x8f, 0x80, 0x0, 0xa, 0xfa, 0x8, 0xf8, 0x0,
    0x0, 0x1f, 0xf4,

    /* U+0159 "ř" */
    0xb, 0xc0, 0x2e, 0x60, 0x0, 0xbb, 0xe7, 0x0,
    0x0, 0xc, 0x70, 0x0, 0x0, 0x0, 0x0, 0x0,
    0xa, 0xf5, 0x7e, 0xf9, 0xa, 0xfe, 0xfd, 0xe3,
    0xa, 0xff, 0x30, 0x0, 0xa, 0xf8, 0x0, 0x0,
    0xa, 0xf5, 0x0, 0x0, 0xa, 0xf5, 0x0, 0x0,
    0xa, 0xf5, 0x0, 0x0, 0xa, 0xf5, 0x0, 0x0,
    0xa, 0xf5, 0x0, 0x0, 0xa, 0xf5, 0x0, 0x0,

    /* U+015A "Ś" */
    0x0, 0x0, 0x0, 0x4f, 0xa0, 0x0, 0x0, 0x0,
    0x3f, 0x80, 0x0, 0x0, 0x0, 0x6, 0x50, 0x0,
    0x0, 0x0, 0x0, 0x0, 0x0, 0x0, 0x0, 0x7,
    0xdf, 0xea, 0x20, 0x0, 0xa, 0xff, 0xde, 0xff,
    0x30, 0x3, 0xfe, 0x30, 0x7, 0xf8, 0x0, 0x6f,
    0xa0, 0x0, 0x2, 0x0, 0x4, 0xfe, 0x10, 0x0,
    0x0, 0x0, 0xc, 0xfe, 0x71, 0x0, 0x0, 0x0,
    0x9, 0xff, 0xfa, 0x20, 0x0, 0x0, 0x2, 0x8e,
    0xff, 0x60, 0x0, 0x0, 0x0, 0x7, 0xff, 0x20,
    0x24, 0x0, 0x0, 0xa, 0xf7, 0x2f, 0xf1, 0x0,
    0x0, 0x9f, 0x70, 0xcf, 0xc2, 0x0, 0x4f, 0xf2,
    0x2, 0xef, 0xfe, 0xef, 0xf8, 0x0, 0x1, 0x8d,
    0xff, 0xc5, 0x0,

    /* U+015B "ś" */
    0x0, 0x0, 0x4, 0xfb, 0x0, 0x0, 0x1, 0xeb,
    0x0, 0x0, 0x0, 0xab, 0x0, 0x0, 0x0, 0x0,
    0x0, 0x0, 0x0, 0x7d, 0xfe, 0x91, 0x0, 0x8f,
    0xc9, 0xbf, 0xd0, 0xe, 0xf0, 0x0, 0x55, 0x0,
    0xcf, 0x93, 0x0, 0x0, 0x2, 0xdf, 0xfe, 0x92,
    0x0, 0x0, 0x49, 0xef, 0xe2, 0x0, 0x0, 0x0,
    0xaf, 0x71, 0xd8, 0x0, 0x8, 0xf6, 0x1d, 0xfd,
    0xab, 0xfe, 0x10, 0x8, 0xdf, 0xea, 0x20,

    /* U+015C "Ŝ" */
    0x0, 0x0, 0x1, 0x0, 0x0, 0x0, 0x0, 0x2,
    0xe6, 0x0, 0x0, 0x0, 0x1, 0xea, 0xf5, 0x0,
    0x0, 0x1, 0xda, 0x5, 0xf4, 0x0, 0x0, 0x0,
    0x0, 0x0, 0x0, 0x0, 0x0, 0x7d, 0xfe, 0xa2,
    0x0, 0x0, 0xaf, 0xfd, 0xef, 0xf3, 0x0, 0x3f,
    0xe3, 0x0, 0x7f, 0x80, 0x6, 0xfa, 0x0, 0x0,
    0x20, 0x0, 0x4f, 0xe1, 0x0, 0x0, 0x0, 0x0,
    0xcf, 0xe7, 0x10, 0x0, 0x0, 0x0, 0x9f, 0xff,
    0xa2, 0x0, 0x0, 0x0, 0x28, 0xef, 0xf6, 0x0,
    0x0, 0x0, 0x0, 0x7f, 0xf2, 0x2, 0x40, 0x0,
    0x0, 0xaf, 0x72, 0xff, 0x10, 0x0, 0x9, 0xf7,
    0xc, 0xfc, 0x20, 0x4, 0xff, 0x20, 0x2e, 0xff,
    0xee, 0xff, 0x80, 0x0, 0x18, 0xdf, 0xfc, 0x50,
    0x0,

    /* U+015D "ŝ" */
    0x0, 0x0, 0x10, 0x0, 0x0, 0x0, 0x2e, 0x60,
    0x0, 0x0, 0x2e, 0xaf, 0x50, 0x0, 0x1d, 0xa0,
    0x5f, 0x40, 0x0, 0x0, 0x0, 0x0, 0x0, 0x7,
    0xdf, 0xe9, 0x10, 0x8, 0xfc, 0x9b, 0xfd, 0x0,
    0xef, 0x0, 0x5, 0x50, 0xc, 0xf9, 0x30, 0x0,
    0x0, 0x2d, 0xff, 0xe9, 0x20, 0x0, 0x4, 0x9e,
    0xfe, 0x20, 0x0, 0x0, 0xa, 0xf7, 0x1d, 0x80,
    0x0, 0x8f, 0x61, 0xdf, 0xda, 0xbf, 0xe1, 0x0,
    0x8d, 0xfe, 0xa2, 0x0,

    /* U+015E "Ş" */
    0x0, 0x7, 0xdf, 0xea, 0x20, 0x0, 0xa, 0xff,
    0xde, 0xff, 0x30, 0x3, 0xfe, 0x30, 0x7, 0xf8,
    0x0, 0x6f, 0xa0, 0x0, 0x2, 0x0, 0x4, 0xfe,
    0x10, 0x0, 0x0, 0x0, 0xc, 0xfe, 0x71, 0x0,
    0x0, 0x0, 0x9, 0xff, 0xfa, 0x20, 0x0, 0x0,
    0x2, 0x8e, 0xff, 0x60, 0x0, 0x0, 0x0, 0x7,
    0xff, 0x20, 0x24, 0x0, 0x0, 0xa, 0xf7, 0x2f,
    0xf1, 0x0, 0x0, 0x9f, 0x70, 0xcf, 0xc2, 0x0,
    0x4f, 0xf2, 0x2, 0xef, 0xfe, 0xef, 0xf8, 0x0,
    0x1, 0x8d, 0xff, 0xc5, 0x0, 0x0, 0x0, 0x7c,
    0x0, 0x0, 0x0, 0x0, 0x6, 0x9e, 0x10, 0x0,
    0x0, 0x1, 0x21, 0xe4, 0x0, 0x0, 0x0, 0x4e,
    0xfa, 0x0, 0x0,

    /* U+015F "ş" */
    0x0, 0x7d, 0xfe, 0x91, 0x0, 0x8f, 0xc9, 0xbf,
    0xd0, 0xe, 0xf0, 0x0, 0x55, 0x0, 0xcf, 0x93,
    0x0, 0x0, 0x2, 0xdf, 0xfe, 0x92, 0x0, 0x0,
    0x49, 0xef, 0xe2, 0x0, 0x0, 0x0, 0xaf, 0x71,
    0xd8, 0x0, 0x8, 0xf6, 0x1d, 0xfd, 0xab, 0xfe,
    0x10, 0x8, 0xdf, 0xfa, 0x20, 0x0, 0x6, 0xc0,
    0x0, 0x0, 0x0, 0x6a, 0xe1, 0x0, 0x0, 0x12,
    0x1e, 0x30, 0x0, 0x4, 0xef, 0xa0, 0x0,

    /* U+0160 "Š" */
    0x0, 0x1d, 0x90, 0x4f, 0x40, 0x0, 0x0, 0x1d,
    0x9e, 0x50, 0x0, 0x0, 0x0, 0x1d, 0x50, 0x0,
    0x0, 0x0, 0x0, 0x0, 0x0, 0x0, 0x0, 0x7,
    0xdf, 0xea, 0x20, 0x0, 0xa, 0xff, 0xde, 0xff,
    0x30, 0x3, 0xfe, 0x30, 0x7, 0xf8, 0x0, 0x6f,
    0xa0, 0x0, 0x2, 0x0, 0x4, 0xfe, 0x10, 0x0,
    0x0, 0x0, 0xc, 0xfe, 0x71, 0x0, 0x0, 0x0,
    0x9, 0xff, 0xfa, 0x20, 0x0, 0x0, 0x2, 0x8e,
    0xff, 0x60, 0x0, 0x0, 0x0, 0x7, 0xff, 0x20,
    0x24, 0x0, 0x0, 0xa, 0xf7, 0x2f, 0xf1, 0x0,
    0x0, 0x9f, 0x70, 0xcf, 0xc2, 0x0, 0x4f, 0xf2,
    0x2, 0xef, 0xfe, 0xef, 0xf8, 0x0, 0x1, 0x8d,
    0xff, 0xc5, 0x0,

    /* U+0161 "š" */
    0x1, 0xd9, 0x4, 0xf4, 0x0, 0x1, 0xda, 0xf4,
    0x0, 0x0, 0x1, 0xd5, 0x0, 0x0, 0x0, 0x0,
    0x0, 0x0, 0x0, 0x7d, 0xfe, 0x91, 0x0, 0x8f,
    0xc9, 0xbf, 0xd0, 0xe, 0xf0, 0x0, 0x55, 0x0,
    0xcf, 0x93, 0x0, 0x0, 0x2, 0xdf, 0xfe, 0x92,
    0x0, 0x0, 0x49, 0xef, 0xe2, 0x0, 0x0, 0x0,
    0xaf, 0x71, 0xd8, 0x0, 0x8, 0xf6, 0x1d, 0xfd,
    0xab, 0xfe, 0x10, 0x8, 0xdf, 0xea, 0x20,

    /* U+0162 "Ţ" */
    0xbf, 0xff, 0xff, 0xff, 0xff, 0xf7, 0x9d, 0xdd,
    0xdf, 0xfd, 0xdd, 0xd5, 0x0, 0x0, 0x2f, 0xe0,
    0x0, 0x0, 0x0, 0x0, 0x2f, 0xe0, 0x0, 0x0,
    0x0, 0x0, 0x2f, 0xe0, 0x0, 0x0, 0x0, 0x0,
    0x2f, 0xe0, 0x0, 0x0, 0x0, 0x0, 0x2f, 0xe0,
    0x0, 0x0, 0x0, 0x0, 0x2f, 0xe0, 0x0, 0x0,
    0x0, 0x0, 0x2f, 0xe0, 0x0, 0x0, 0x0, 0x0,
    0x2f, 0xe0, 0x0, 0x0, 0x0, 0x0, 0x2f, 0xe0,
    0x0, 0x0, 0x0, 0x0, 0x2f, 0xe0, 0x0, 0x0,
    0x0, 0x0, 0x2f, 0xe0, 0x0, 0x0, 0x0, 0x0,
    0x2f, 0xf0, 0x0, 0x0, 0x0, 0x0, 0x2d, 0x10,
    0x0, 0x0, 0x0, 0x0, 0x5a, 0xd2, 0x0, 0x0,
    0x0, 0x0, 0x30, 0xc7, 0x0, 0x0, 0x0, 0x2,
    0xdf, 0xc1, 0x0, 0x0,

    /* U+0163 "ţ" */
    0x0, 0x4, 0x10, 0x0, 0xa, 0xf2, 0x0, 0x0,
    0xdf, 0x20, 0x0, 0xd, 0xf2, 0x0, 0xcf, 0xff,
    0xff, 0x66, 0x8f, 0xfa, 0x83, 0x0, 0xdf, 0x20,
    0x0, 0xd, 0xf2, 0x0, 0x0, 0xdf, 0x20, 0x0,
    0xd, 0xf2, 0x0, 0x0, 0xdf, 0x20, 0x0, 0xd,
    0xf4, 0x0, 0x0, 0x9f, 0xea, 0x40, 0x1, 0xef,
    0xe4, 0x0, 0x1e, 0x30, 0x0, 0x3, 0x8e, 0x60,
    0x0, 0x30, 0x9a, 0x0, 0xb, 0xfd, 0x30,

    /* U+0164 "Ť" */
    0x0, 0xb, 0xc0, 0x2e, 0x60, 0x0, 0x0, 0x0,
    0xbb, 0xe7, 0x0, 0x0, 0x0, 0x0, 0xc, 0x70,
    0x0, 0x0, 0x0, 0x0, 0x0, 0x0, 0x0, 0x0,
    0xbf, 0xff, 0xff, 0xff, 0xff, 0xf7, 0x9d, 0xdd,
    0xdf, 0xfd, 0xdd, 0xd5, 0x0, 0x0, 0x2f, 0xe0,
    0x0, 0x0, 0x0, 0x0, 0x2f, 0xe0, 0x0, 0x0,
    0x0, 0x0, 0x2f, 0xe0, 0x0, 0x0, 0x0, 0x0,
    0x2f, 0xe0, 0x0, 0x0, 0x0, 0x0, 0x2f, 0xe0,
    0x0, 0x0, 0x0, 0x0, 0x2f, 0xe0, 0x0, 0x0,
    0x0, 0x0, 0x2f, 0xe0, 0x0, 0x0, 0x0, 0x0,
    0x2f, 0xe0, 0x0, 0x0, 0x0, 0x0, 0x2f, 0xe0,
    0x0, 0x0, 0x0, 0x0, 0x2f, 0xe0, 0x0, 0x0,
    0x0, 0x0, 0x2f, 0xe0, 0x0, 0x0, 0x0, 0x0,
    0x2f, 0xe0, 0x0, 0x0,

    /* U+0165 "ť" */
    0x0, 0x0, 0x0, 0xdf, 0x20, 0x0, 0x31, 0x1f,
    0x90, 0x0, 0xaf, 0x26, 0xf2, 0x0, 0xd, 0xf2,
    0xa9, 0x0, 0x0, 0xdf, 0x20, 0x0, 0xc, 0xff,
    0xff, 0xf6, 0x0, 0x68, 0xff, 0xa8, 0x30, 0x0,
    0xd, 0xf2, 0x0, 0x0, 0x0, 0xdf, 0x20, 0x0,
    0x0, 0xd, 0xf2, 0x0, 0x0, 0x0, 0xdf, 0x20,
    0x0, 0x0, 0xd, 0xf2, 0x0, 0x0, 0x0, 0xdf,
    0x40, 0x0, 0x0, 0x9, 0xfe, 0xa4, 0x0, 0x0,
    0x1b, 0xfe, 0x40, 0x0,

    /* U+0166 "Ŧ" */
    0xbf, 0xff, 0xff, 0xff, 0xff, 0xf7, 0x9d, 0xdd,
    0xdf, 0xfd, 0xdd, 0xd5, 0x0, 0x0, 0x2f, 0xe0,
    0x0, 0x0, 0x0, 0x0, 0x2f, 0xe0, 0x0, 0x0,
    0x0, 0x0, 0x2f, 0xe0, 0x0, 0x0, 0x0, 0x1,
    0x3f, 0xf1, 0x0, 0x0, 0x0, 0x2f, 0xff, 0xff,
    0xd0, 0x0, 0x0, 0x4, 0x6f, 0xf4, 0x30, 0x0,
    0x0, 0x0, 0x2f, 0xe0, 0x0, 0x0, 0x0, 0x0,
    0x2f, 0xe0, 0x0, 0x0, 0x0, 0x0, 0x2f, 0xe0,
    0x0, 0x0, 0x0, 0x0, 0x2f, 0xe0, 0x0, 0x0,
    0x0, 0x0, 0x2f, 0xe0, 0x0, 0x0, 0x0, 0x0,
    0x2f, 0xe0, 0x0, 0x0,

    /* U+0167 "ŧ" */
    0x0, 0x2, 0x30, 0x0, 0x6, 0xf6, 0x0, 0x0,
    0xaf, 0x60, 0x0, 0xa, 0xf6, 0x0, 0x9f, 0xff,
    0xff, 0x94, 0x8f, 0xfe, 0x84, 0x0, 0xaf, 0x60,
    0x0, 0x1b, 0xf7, 0x10, 0x9f, 0xff, 0xff, 0x92,
    0x4e, 0xfa, 0x42, 0x0, 0xaf, 0x60, 0x0, 0x9,
    0xf7, 0x0, 0x0, 0x6f, 0xfa, 0x60, 0x0, 0x9f,
    0xf7,

    /* U+0168 "Ũ" */
    0x0, 0xb, 0xd4, 0x6, 0xb0, 0x0, 0x7, 0xc5,
    0xe2, 0x99, 0x0, 0x0, 0xa7, 0x6, 0xfe, 0x20,
    0x0, 0x1, 0x0, 0x0, 0x0, 0x0, 0xaf, 0x60,
    0x0, 0x0, 0x4f, 0xba, 0xf6, 0x0, 0x0, 0x4,
    0xfb, 0xaf, 0x60, 0x0, 0x0, 0x4f, 0xba, 0xf6,
    0x0, 0x0, 0x4, 0xfb, 0xaf, 0x60, 0x0, 0x0,
    0x4f, 0xba, 0xf6, 0x0, 0x0, 0x4, 0xfb, 0xaf,
    0x60, 0x0, 0x0, 0x4f, 0xba, 0xf6, 0x0, 0x0,
    0x4, 0xfb, 0xaf, 0x60, 0x0, 0x0, 0x4f, 0xb9,
    0xf7, 0x0, 0x0, 0x5, 0xfa, 0x7f, 0xb0, 0x0,
    0x0, 0x9f, 0x81, 0xff, 0x70, 0x0, 0x6f, 0xf2,
    0x7, 0xff, 0xfe, 0xff, 0xf7, 0x0, 0x4, 0xbe,
    0xfe, 0xb4, 0x0,

    /* U+0169 "ũ" */
    0x3, 0xde, 0x91, 0xba, 0x0, 0xba, 0x5d, 0xff,
    0x30, 0x2, 0x10, 0x2, 0x0, 0x0, 0x0, 0x0,
    0x0, 0x0, 0xcf, 0x30, 0x0, 0x4f, 0xac, 0xf3,
    0x0, 0x4, 0xfa, 0xcf, 0x30, 0x0, 0x4f, 0xac,
    0xf3, 0x0, 0x4, 0xfa, 0xcf, 0x30, 0x0, 0x4f,
    0xac, 0xf3, 0x0, 0x5, 0xfa, 0xbf, 0x40, 0x0,
    0x8f, 0xa9, 0xfa, 0x0, 0x1f, 0xfa, 0x3f, 0xfd,
    0xbf, 0xff, 0xa0, 0x4c, 0xfe, 0x95, 0xfa,

    /* U+016A "Ū" */
    0x0, 0x2f, 0xff, 0xff, 0x40, 0x0, 0x0, 0x22,
    0x22, 0x20, 0x0, 0x0, 0x0, 0x0, 0x0, 0x0,
    0xa, 0xf6, 0x0, 0x0, 0x4, 0xfb, 0xaf, 0x60,
    0x0, 0x0, 0x4f, 0xba, 0xf6, 0x0, 0x0, 0x4,
    0xfb, 0xaf, 0x60, 0x0, 0x0, 0x4f, 0xba, 0xf6,
    0x0, 0x0, 0x4, 0xfb, 0xaf, 0x60, 0x0, 0x0,
    0x4f, 0xba, 0xf6, 0x0, 0x0, 0x4, 0xfb, 0xaf,
    0x60, 0x0, 0x0, 0x4f, 0xba, 0xf6, 0x0, 0x0,
    0x4, 0xfb, 0x9f, 0x70, 0x0, 0x0, 0x5f, 0xa7,
    0xfb, 0x0, 0x0, 0x9, 0xf8, 0x1f, 0xf7, 0x0,
    0x6, 0xff, 0x20, 0x7f, 0xff, 0xef, 0xff, 0x70,
    0x0, 0x4b, 0xef, 0xeb, 0x40, 0x0,

    /* U+016B "ū" */
    0x4, 0xff, 0xff, 0xf2, 0x0, 0x2, 0x22, 0x22,
    0x0, 0x0, 0x0, 0x0, 0x0, 0xc, 0xf3, 0x0,
    0x4, 0xfa, 0xcf, 0x30, 0x0, 0x4f, 0xac, 0xf3,
    0x0, 0x4, 0xfa, 0xcf, 0x30, 0x0, 0x4f, 0xac,
    0xf3, 0x0, 0x4, 0xfa, 0xcf, 0x30, 0x0, 0x5f,
    0xab, 0xf4, 0x0, 0x8, 0xfa, 0x9f, 0xa0, 0x1,
    0xff, 0xa3, 0xff, 0xdb, 0xff, 0xfa, 0x4, 0xcf,
    0xe9, 0x5f, 0xa0,

    /* U+016C "Ŭ" */
    0x0, 0x37, 0x0, 0x6, 0x40, 0x0, 0x4, 0xf5,
    0x3, 0xf7, 0x0, 0x0, 0x9, 0xff, 0xfb, 0x0,
    0x0, 0x0, 0x0, 0x20, 0x0, 0x0, 0xaf, 0x60,
    0x0, 0x0, 0x4f, 0xba, 0xf6, 0x0, 0x0, 0x4,
    0xfb, 0xaf, 0x60, 0x0, 0x0, 0x4f, 0xba, 0xf6,
    0x0, 0x0, 0x4, 0xfb, 0xaf, 0x60, 0x0, 0x0,
    0x4f, 0xba, 0xf6, 0x0, 0x0, 0x4, 0xfb, 0xaf,
    0x60, 0x0, 0x0, 0x4f, 0xba, 0xf6, 0x0, 0x0,
    0x4, 0xfb, 0xaf, 0x60, 0x0, 0x0, 0x4f, 0xb9,
    0xf7, 0x0, 0x0, 0x5, 0xfa, 0x7f, 0xb0, 0x0,
    0x0, 0x9f, 0x81, 0xff, 0x70, 0x0, 0x6f, 0xf2,
    0x7, 0xff, 0xfe, 0xff, 0xf7, 0x0, 0x4, 0xbe,
    0xfe, 0xb4, 0x0,

    /* U+016D "ŭ" */
    0x9, 0xb0, 0x0, 0xd6, 0x0, 0x5f, 0x30, 0x5f,
    0x30, 0x0, 0x9f, 0xff, 0x70, 0x0, 0x0, 0x1,
    0x0, 0x0, 0xcf, 0x30, 0x0, 0x4f, 0xac, 0xf3,
    0x0, 0x4, 0xfa, 0xcf, 0x30, 0x0, 0x4f, 0xac,
    0xf3, 0x0, 0x4, 0xfa, 0xcf, 0x30, 0x0, 0x4f,
    0xac, 0xf3, 0x0, 0x5, 0xfa, 0xbf, 0x40, 0x0,
    0x8f, 0xa9, 0xfa, 0x0, 0x1f, 0xfa, 0x3f, 0xfd,
    0xbf, 0xff, 0xa0, 0x4c, 0xfe, 0x95, 0xfa,

    /* U+016E "Ů" */
    0x0, 0x0, 0x9e, 0xa0, 0x0, 0x0, 0x0, 0x6c,
    0x2a, 0x90, 0x0, 0x0, 0x7, 0xb0, 0x89, 0x0,
    0x0, 0x0, 0x1c, 0xfd, 0x20, 0x0, 0xaf, 0x60,
    0x1, 0x0, 0x4f, 0xba, 0xf6, 0x0, 0x0, 0x4,
    0xfb, 0xaf, 0x60, 0x0, 0x0, 0x4f, 0xba, 0xf6,
    0x0, 0x0, 0x4, 0xfb, 0xaf, 0x60, 0x0, 0x0,
    0x4f, 0xba, 0xf6, 0x0, 0x0, 0x4, 0xfb, 0xaf,
    0x60, 0x0, 0x0, 0x4f, 0xba, 0xf6, 0x0, 0x0,
    0x4, 0xfb, 0xaf, 0x60, 0x0, 0x0, 0x4f, 0xb9,
    0xf7, 0x0, 0x0, 0x5, 0xfa, 0x7f, 0xb0, 0x0,
    0x0, 0x9f, 0x81, 0xff, 0x70, 0x0, 0x6f, 0xf2,
    0x7, 0xff, 0xfe, 0xff, 0xf7, 0x0, 0x4, 0xbe,
    0xfe, 0xb4, 0x0,

    /* U+016F "ů" */
    0x0, 0xa, 0xe9, 0x0, 0x0, 0x9, 0xa2, 0xc6,
    0x0, 0x0, 0xa8, 0xa, 0x70, 0x0, 0x2, 0xdf,
    0xc1, 0x0, 0x0, 0x0, 0x10, 0x0, 0xc, 0xf3,
    0x0, 0x4, 0xfa, 0xcf, 0x30, 0x0, 0x4f, 0xac,
    0xf3, 0x0, 0x4, 0xfa, 0xcf, 0x30, 0x0, 0x4f,
    0xac, 0xf3, 0x0, 0x4, 0xfa, 0xcf, 0x30, 0x0,
    0x5f, 0xab, 0xf4, 0x0, 0x8, 0xfa, 0x9f, 0xa0,
    0x1, 0xff, 0xa3, 0xff, 0xdb, 0xff, 0xfa, 0x4,
    0xcf, 0xe9, 0x5f, 0xa0,

    /* U+0170 "Ű" */
    0x0, 0x0, 0x1, 0x20, 0x2, 0x10, 0x0, 0x3,
    0xf7, 0x9, 0xf6, 0x0, 0x0, 0xea, 0x4, 0xf7,
    0x0, 0x0, 0xad, 0x1, 0xe9, 0x0, 0x0, 0x0,
    0x0, 0x0, 0x0, 0xa, 0xf6, 0x0, 0x0, 0x4,
    0xfb, 0xaf, 0x60, 0x0, 0x0, 0x4f, 0xba, 0xf6,
    0x0, 0x0, 0x4, 0xfb, 0xaf, 0x60, 0x0, 0x0,
    0x4f, 0xba, 0xf6, 0x0, 0x0, 0x4, 0xfb, 0xaf,
    0x60, 0x0, 0x0, 0x4f, 0xba, 0xf6, 0x0, 0x0,
    0x4, 0xfb, 0xaf, 0x60, 0x0, 0x0, 0x4f, 0xba,
    0xf6, 0x0, 0x0, 0x4, 0xfb, 0x9f, 0x70, 0x0,
    0x0, 0x5f, 0xa7, 0xfb, 0x0, 0x0, 0x9, 0xf8,
    0x1f, 0xf7, 0x0, 0x6, 0xff, 0x20, 0x7f, 0xff,
    0xef, 0xff, 0x70, 0x0, 0x4b, 0xef, 0xeb, 0x40,
    0x0,

    /* U+0171 "ű" */
    0x0, 0x4, 0xf7, 0x9, 0xf5, 0x0, 0x1e, 0xa0,
    0x5f, 0x70, 0x0, 0xad, 0x1, 0xe8, 0x0, 0x0,
    0x20, 0x0, 0x20, 0x0, 0xcf, 0x30, 0x0, 0x4f,
    0xa0, 0xcf, 0x30, 0x0, 0x4f, 0xa0, 0xcf, 0x30,
    0x0, 0x4f, 0xa0, 0xcf, 0x30, 0x0, 0x4f, 0xa0,
    0xcf, 0x30, 0x0, 0x4f, 0xa0, 0xcf, 0x30, 0x0,
    0x5f, 0xa0, 0xbf, 0x40, 0x0, 0x8f, 0xa0, 0x9f,
    0xa0, 0x1, 0xff, 0xa0, 0x3f, 0xfd, 0xbf, 0xff,
    0xa0, 0x4, 0xcf, 0xe9, 0x5f, 0xa0,

    /* U+0172 "Ų" */
    0xaf, 0x60, 0x0, 0x0, 0x4f, 0xba, 0xf6, 0x0,
    0x0, 0x4, 0xfb, 0xaf, 0x60, 0x0, 0x0, 0x4f,
    0xba, 0xf6, 0x0, 0x0, 0x4, 0xfb, 0xaf, 0x60,
    0x0, 0x0, 0x4f, 0xba, 0xf6, 0x0, 0x0, 0x4,
    0xfb, 0xaf, 0x60, 0x0, 0x0, 0x4f, 0xba, 0xf6,
    0x0, 0x0, 0x4, 0xfb, 0xaf, 0x60, 0x0, 0x0,
    0x4f, 0xb9, 0xf7, 0x0, 0x0, 0x5, 0xfa, 0x7f,
    0xb0, 0x0, 0x0, 0x9f, 0x81, 0xff, 0x70, 0x0,
    0x6f, 0xf2, 0x7, 0xff, 0xfe, 0xff, 0xf7, 0x0,
    0x4, 0xbe, 0xff, 0xb4, 0x0, 0x0, 0x0, 0x5d,
    0x20, 0x0, 0x0, 0x0, 0xe, 0x30, 0x0, 0x0,
    0x0, 0x0, 0xf5, 0x46, 0x0, 0x0, 0x0, 0x7,
    0xfd, 0x50, 0x0,

    /* U+0173 "ų" */
    0xcf, 0x30, 0x0, 0x4f, 0xa0, 0xcf, 0x30, 0x0,
    0x4f, 0xa0, 0xcf, 0x30, 0x0, 0x4f, 0xa0, 0xcf,
    0x30, 0x0, 0x4f, 0xa0, 0xcf, 0x30, 0x0, 0x4f,
    0xa0, 0xcf, 0x30, 0x0, 0x5f, 0xa0, 0xbf, 0x40,
    0x0, 0x8f, 0xa0, 0x9f, 0xa0, 0x1, 0xff, 0xa0,
    0x3f, 0xfd, 0xbf, 0xff, 0xa0, 0x4, 0xcf, 0xe9,
    0x5f, 0xb0, 0x0, 0x0, 0x0, 0xb9, 0x0, 0x0,
    0x0, 0x6, 0xc0, 0x0, 0x0, 0x0, 0x8, 0xc2,
    0x81, 0x0, 0x0, 0x2, 0xcf, 0xa1,

    /* U+0174 "Ŵ" */
    0x0, 0x0, 0x0, 0x0, 0x1, 0x0, 0x0, 0x0,
    0x0, 0x0, 0x0, 0x0, 0x0, 0x2, 0xe6, 0x0,
    0x0, 0x0, 0x0, 0x0, 0x0, 0x0, 0x2, 0xea,
    0xf5, 0x0, 0x0, 0x0, 0x0, 0x0, 0x0, 0x1,
    0xda, 0x5, 0xf4, 0x0, 0x0, 0x0, 0x0, 0x0,
    0x0, 0x0, 0x0, 0x0, 0x0, 0x0, 0x0, 0x7,
    0xfa, 0x0, 0x0, 0x1, 0x32, 0x0, 0x0, 0x6,
    0xfc, 0x2f, 0xe0, 0x0, 0x0, 0x9f, 0xd0, 0x0,
    0x0, 0xaf, 0x70, 0xdf, 0x30, 0x0, 0xd, 0xff,
    0x20, 0x0, 0xe, 0xf2, 0x9, 0xf8, 0x0, 0x2,
    0xff, 0xf7, 0x0, 0x3, 0xfd, 0x0, 0x4f, 0xc0,
    0x0, 0x7f, 0x8f, 0xc0, 0x0, 0x8f, 0x90, 0x0,
    0xff, 0x10, 0xc, 0xf1, 0xdf, 0x10, 0xc, 0xf4,
    0x0, 0xb, 0xf6, 0x1, 0xfc, 0x8, 0xf5, 0x1,
    0xff, 0x0, 0x0, 0x6f, 0xa0, 0x5f, 0x80, 0x3f,
    0xa0, 0x6f, 0xb0, 0x0, 0x1, 0xfe, 0xa, 0xf3,
    0x0, 0xee, 0xa, 0xf6, 0x0, 0x0, 0xc, 0xf4,
    0xee, 0x0, 0x9, 0xf4, 0xef, 0x10, 0x0, 0x0,
    0x8f, 0xcf, 0x90, 0x0, 0x4f, 0xcf, 0xc0, 0x0,
    0x0, 0x3, 0xff, 0xf4, 0x0, 0x0, 0xff, 0xf8,
    0x0, 0x0, 0x0, 0xe, 0xff, 0x0, 0x0, 0xa,
    0xff, 0x30, 0x0, 0x0, 0x0, 0xaf, 0xa0, 0x0,
    0x0, 0x5f, 0xe0, 0x0, 0x0,

    /* U+0175 "ŵ" */
    0x0, 0x0, 0x0, 0x1, 0x0, 0x0, 0x0, 0x0,
    0x0, 0x0, 0x4, 0xf4, 0x0, 0x0, 0x0, 0x0,
    0x0, 0x3, 0xfa, 0xf3, 0x0, 0x0, 0x0, 0x0,
    0x2, 0xe7, 0x7, 0xe2, 0x0, 0x0, 0x0, 0x0,
    0x0, 0x0, 0x0, 0x0, 0x0, 0x5, 0xfb, 0x0,
    0x8, 0xf7, 0x0, 0xb, 0xf5, 0x1f, 0xf0, 0x0,
    0xdf, 0xd0, 0x0, 0xff, 0x10, 0xcf, 0x30, 0x2f,
    0xff, 0x20, 0x4f, 0xc0, 0x7, 0xf8, 0x7, 0xf8,
    0xf7, 0x8, 0xf7, 0x0, 0x2f, 0xc0, 0xcf, 0xf,
    0xc0, 0xdf, 0x20, 0x0, 0xef, 0x2f, 0xa0, 0xaf,
    0x2f, 0xd0, 0x0, 0x9, 0xfb, 0xf5, 0x5, 0xfb,
    0xf8, 0x0, 0x0, 0x4f, 0xff, 0x0, 0xf, 0xff,
    0x40, 0x0, 0x0, 0xff, 0xb0, 0x0, 0xbf, 0xf0,
    0x0, 0x0, 0xb, 0xf6, 0x0, 0x6, 0xfa, 0x0,
    0x0,

    /* U+0176 "Ŷ" */
    0x0, 0x0, 0x0, 0x10, 0x0, 0x0, 0x0, 0x0,
    0x9, 0xc0, 0x0, 0x0, 0x0, 0x0, 0x8e, 0xbc,
    0x0, 0x0, 0x0, 0x7, 0xf2, 0xc, 0xb0, 0x0,
    0x0, 0x0, 0x0, 0x0, 0x0, 0x0, 0x8f, 0xc0,
    0x0, 0x0, 0x9, 0xfb, 0xe, 0xf5, 0x0, 0x0,
    0x2f, 0xf2, 0x6, 0xfd, 0x0, 0x0, 0xbf, 0x90,
    0x0, 0xcf, 0x60, 0x3, 0xfe, 0x10, 0x0, 0x3f,
    0xe0, 0xc, 0xf7, 0x0, 0x0, 0xa, 0xf7, 0x5f,
    0xd0, 0x0, 0x0, 0x2, 0xff, 0xef, 0x50, 0x0,
    0x0, 0x0, 0x8f, 0xfb, 0x0, 0x0, 0x0, 0x0,
    0xf, 0xf3, 0x0, 0x0, 0x0, 0x0, 0xe, 0xf2,
    0x0, 0x0, 0x0, 0x0, 0xe, 0xf2, 0x0, 0x0,
    0x0, 0x0, 0xe, 0xf2, 0x0, 0x0, 0x0, 0x0,
    0xe, 0xf2, 0x0, 0x0, 0x0, 0x0, 0xe, 0xf2,
    0x0, 0x0,

    /* U+0177 "ŷ" */
    0x0, 0x0, 0x1, 0x0, 0x0, 0x0, 0x0, 0x7,
    0xe1, 0x0, 0x0, 0x0, 0x6, 0xfa, 0xd1, 0x0,
    0x0, 0x5, 0xf4, 0xb, 0xc0, 0x0, 0x0, 0x0,
    0x0, 0x0, 0x0, 0x6, 0xfb, 0x0, 0x0, 0x3f,
    0xd0, 0xf, 0xf1, 0x0, 0x9, 0xf7, 0x0, 0x9f,
    0x70, 0x0, 0xff, 0x10, 0x2, 0xfd, 0x0, 0x5f,
    0xa0, 0x0, 0xc, 0xf3, 0xb, 0xf4, 0x0, 0x0,
    0x5f, 0x81, 0xfd, 0x0, 0x0, 0x0, 0xee, 0x7f,
    0x70, 0x0, 0x0, 0x8, 0xff, 0xf1, 0x0, 0x0,
    0x0, 0x2f, 0xfa, 0x0, 0x0, 0x0, 0x0, 0xef,
    0x30, 0x0, 0x0, 0x0, 0x4f, 0xd0, 0x0, 0x0,
    0x0, 0xb, 0xf6, 0x0, 0x0, 0x0, 0x1, 0xff,
    0x10, 0x0, 0x0, 0x0, 0x8f, 0x90, 0x0, 0x0,
    0x0,

    /* U+0178 "Ÿ" */
    0x0, 0xe, 0xf5, 0x1f, 0xf2, 0x0, 0x0, 0xe,
    0xf5, 0x1f, 0xf2, 0x0, 0x0, 0x5, 0x62, 0x6,
    0x60, 0x0, 0x0, 0x0, 0x0, 0x0, 0x0, 0x0,
    0x8f, 0xc0, 0x0, 0x0, 0x9, 0xfb, 0xe, 0xf5,
    0x0, 0x0, 0x2f, 0xf2, 0x6, 0xfd, 0x0, 0x0,
    0xbf, 0x90, 0x0, 0xcf, 0x60, 0x3, 0xfe, 0x10,
    0x0, 0x3f, 0xe0, 0xc, 0xf7, 0x0, 0x0, 0xa,
    0xf7, 0x5f, 0xd0, 0x0, 0x0, 0x2, 0xff, 0xef,
    0x50, 0x0, 0x0, 0x0, 0x8f, 0xfb, 0x0, 0x0,
    0x0, 0x0, 0xf, 0xf3, 0x0, 0x0, 0x0, 0x0,
    0xe, 0xf2, 0x0, 0x0, 0x0, 0x0, 0xe, 0xf2,
    0x0, 0x0, 0x0, 0x0, 0xe, 0xf2, 0x0, 0x0,
    0x0, 0x0, 0xe, 0xf2, 0x0, 0x0, 0x0, 0x0,
    0xe, 0xf2, 0x0, 0x0,

    /* U+0179 "Ź" */
    0x0, 0x0, 0x0, 0x1e, 0xe2, 0x0, 0x0, 0x0,
    0x0, 0xbe, 0x20, 0x0, 0x0, 0x0, 0x6, 0xf3,
    0x0, 0x0, 0x0, 0x0, 0x0, 0x0, 0x0, 0x0,
    0xe, 0xff, 0xff, 0xff, 0xff, 0xe0, 0xb, 0xdd,
    0xdd, 0xdd, 0xff, 0xe0, 0x0, 0x0, 0x0, 0x2,
    0xff, 0x50, 0x0, 0x0, 0x0, 0xc, 0xf9, 0x0,
    0x0, 0x0, 0x0, 0x9f, 0xc0, 0x0, 0x0, 0x0,
    0x5, 0xff, 0x20, 0x0, 0x0, 0x0, 0x2e, 0xf5,
    0x0, 0x0, 0x0, 0x0, 0xcf, 0x90, 0x0, 0x0,
    0x0, 0x8, 0xfc, 0x0, 0x0, 0x0, 0x0, 0x4f,
    0xf2, 0x0, 0x0, 0x0, 0x1, 0xef, 0x50, 0x0,
    0x0, 0x0, 0xc, 0xf9, 0x0, 0x0, 0x0, 0x0,
    0x5f, 0xfd, 0xdd, 0xdd, 0xdd, 0xd2, 0x6f, 0xff,
    0xff, 0xff, 0xff, 0xf2,

    /* U+017A "ź" */
    0x0, 0x0, 0x3, 0xfb, 0x0, 0x0, 0x1, 0xeb,
    0x0, 0x0, 0x0, 0x89, 0x0, 0x0, 0x0, 0x0,
    0x0, 0x0, 0xf, 0xff, 0xff, 0xff, 0xa0, 0x99,
    0x99, 0x9f, 0xf8, 0x0, 0x0, 0x6, 0xfc, 0x0,
    0x0, 0x3, 0xfe, 0x10, 0x0, 0x1, 0xef, 0x30,
    0x0, 0x0, 0xcf, 0x70, 0x0, 0x0, 0x9f, 0xa0,
    0x0, 0x0, 0x5f, 0xd0, 0x0, 0x0, 0x2f, 0xfb,
    0x99, 0x99, 0x54, 0xff, 0xff, 0xff, 0xf9,

    /* U+017B "Ż" */
    0x0, 0x0, 0x3f, 0xf0, 0x0, 0x0, 0x0, 0x0,
    0x3f, 0xf0, 0x0, 0x0, 0x0, 0x0, 0x16, 0x60,
    0x0, 0x0, 0x0, 0x0, 0x0, 0x0, 0x0, 0x0,
    0xe, 0xff, 0xff, 0xff, 0xff, 0xe0, 0xb, 0xdd,
    0xdd, 0xdd, 0xff, 0xe0, 0x0, 0x0, 0x0, 0x2,
    0xff, 0x50, 0x0, 0x0, 0x0, 0xc, 0xf9, 0x0,
    0x0, 0x0, 0x0, 0x9f, 0xc0, 0x0, 0x0, 0x0,
    0x5, 0xff, 0x20, 0x0, 0x0, 0x0, 0x2e, 0xf5,
    0x0, 0x0, 0x0, 0x0, 0xcf, 0x90, 0x0, 0x0,
    0x0, 0x8, 0xfc, 0x0, 0x0, 0x0, 0x0, 0x4f,
    0xf2, 0x0, 0x0, 0x0, 0x1, 0xef, 0x50, 0x0,
    0x0, 0x0, 0xc, 0xf9, 0x0, 0x0, 0x0, 0x0,
    0x5f, 0xfd, 0xdd, 0xdd, 0xdd, 0xd2, 0x6f, 0xff,
    0xff, 0xff, 0xff, 0xf2,

    /* U+017C "ż" */
    0x0, 0x6, 0xfd, 0x0, 0x0, 0x0, 0x6f, 0xd0,
    0x0, 0x0, 0x2, 0x65, 0x0, 0x0, 0x0, 0x0,
    0x0, 0x0, 0xf, 0xff, 0xff, 0xff, 0xa0, 0x99,
    0x99, 0x9f, 0xf8, 0x0, 0x0, 0x6, 0xfc, 0x0,
    0x0, 0x3, 0xfe, 0x10, 0x0, 0x1, 0xef, 0x30,
    0x0, 0x0, 0xcf, 0x70, 0x0, 0x0, 0x9f, 0xa0,
    0x0, 0x0, 0x5f, 0xd0, 0x0, 0x0, 0x2f, 0xfb,
    0x99, 0x99, 0x54, 0xff, 0xff, 0xff, 0xf9,

    /* U+017D "Ž" */
    0x0, 0xa, 0xd1, 0x1e, 0x80, 0x0, 0x0, 0x0,
    0xac, 0xd8, 0x0, 0x0, 0x0, 0x0, 0xb, 0x90,
    0x0, 0x0, 0x0, 0x0, 0x0, 0x0, 0x0, 0x0,
    0xe, 0xff, 0xff, 0xff, 0xff, 0xe0, 0xb, 0xdd,
    0xdd, 0xdd, 0xff, 0xe0, 0x0, 0x0, 0x0, 0x2,
    0xff, 0x50, 0x0, 0x0, 0x0, 0xc, 0xf9, 0x0,
    0x0, 0x0, 0x0, 0x9f, 0xc0, 0x0, 0x0, 0x0,
    0x5, 0xff, 0x20, 0x0, 0x0, 0x0, 0x2e, 0xf5,
    0x0, 0x0, 0x0, 0x0, 0xcf, 0x90, 0x0, 0x0,
    0x0, 0x8, 0xfc, 0x0, 0x0, 0x0, 0x0, 0x4f,
    0xf2, 0x0, 0x0, 0x0, 0x1, 0xef, 0x50, 0x0,
    0x0, 0x0, 0xc, 0xf9, 0x0, 0x0, 0x0, 0x0,
    0x5f, 0xfd, 0xdd, 0xdd, 0xdd, 0xd2, 0x6f, 0xff,
    0xff, 0xff, 0xff, 0xf2,

    /* U+017E "ž" */
    0x0, 0xca, 0x3, 0xf5, 0x0, 0x1, 0xcb, 0xf5,
    0x0, 0x0, 0x1, 0xd6, 0x0, 0x0, 0x0, 0x0,
    0x0, 0x0, 0xf, 0xff, 0xff, 0xff, 0xa0, 0x99,
    0x99, 0x9f, 0xf8, 0x0, 0x0, 0x6, 0xfc, 0x0,
    0x0, 0x3, 0xfe, 0x10, 0x0, 0x1, 0xef, 0x30,
    0x0, 0x0, 0xcf, 0x70, 0x0, 0x0, 0x9f, 0xa0,
    0x0, 0x0, 0x5f, 0xd0, 0x0, 0x0, 0x2f, 0xfb,
    0x99, 0x99, 0x54, 0xff, 0xff, 0xff, 0xf9,

    /* U+01A0 "Ơ" */
    0x0, 0x0, 0x5b, 0xef, 0xda, 0x40, 0xa, 0xb0,
    0x0, 0xbf, 0xff, 0xff, 0xff, 0xa0, 0xba, 0x0,
    0xaf, 0xe6, 0x0, 0x16, 0xff, 0xdf, 0x60, 0x4f,
    0xe2, 0x0, 0x0, 0x3, 0xff, 0xe0, 0xa, 0xf7,
    0x0, 0x0, 0x0, 0x9, 0xf9, 0x0, 0xef, 0x20,
    0x0, 0x0, 0x0, 0x3f, 0xd0, 0xf, 0xf0, 0x0,
    0x0, 0x0, 0x1, 0xff, 0x0, 0xff, 0x0, 0x0,
    0x0, 0x0, 0x1f, 0xf0, 0xe, 0xf2, 0x0, 0x0,
    0x0, 0x3, 0xfd, 0x0, 0xbf, 0x70, 0x0, 0x0,
    0x0, 0x9f, 0x90, 0x4, 0xfe, 0x20, 0x0, 0x0,
    0x3f, 0xf3, 0x0, 0xa, 0xfe, 0x50, 0x1, 0x6f,
    0xf9, 0x0, 0x0, 0xb, 0xff, 0xff, 0xff, 0xfa,
    0x0, 0x0, 0x0, 0x5, 0xbe, 0xfe, 0xa4, 0x0,
    0x0,

    /* U+01A1 "ơ" */
    0x0, 0x0, 0x0, 0x0, 0x0, 0xac, 0x0, 0x6,
    0xdf, 0xea, 0x20, 0xbb, 0x0, 0xbf, 0xfc, 0xdf,
    0xf8, 0xf7, 0x7, 0xfc, 0x10, 0x5, 0xff, 0xc0,
    0xd, 0xf2, 0x0, 0x0, 0xbf, 0x50, 0xf, 0xe0,
    0x0, 0x0, 0x6f, 0x80, 0xf, 0xe0, 0x0, 0x0,
    0x6f, 0x80, 0xd, 0xf2, 0x0, 0x0, 0xaf, 0x50,
    0x7, 0xfc, 0x0, 0x5, 0xfe, 0x0, 0x0, 0xbf,
    0xfc, 0xdf, 0xf4, 0x0, 0x0, 0x7, 0xdf, 0xea,
    0x20, 0x0,

    /* U+01AF "Ư" */
    0xaf, 0x60, 0x0, 0x0, 0x4f, 0xb0, 0xf6, 0xaf,
    0x60, 0x0, 0x0, 0x4f, 0xb0, 0xf5, 0xaf, 0x60,
    0x0, 0x0, 0x4f, 0xc8, 0xf1, 0xaf, 0x60, 0x0,
    0x0, 0x4f, 0xff, 0x60, 0xaf, 0x60, 0x0, 0x0,
    0x4f, 0xd1, 0x0, 0xaf, 0x60, 0x0, 0x0, 0x4f,
    0xb0, 0x0, 0xaf, 0x60, 0x0, 0x0, 0x4f, 0xb0,
    0x0, 0xaf, 0x60, 0x0, 0x0, 0x4f, 0xb0, 0x0,
    0xaf, 0x60, 0x0, 0x0, 0x4f, 0xb0, 0x0, 0x9f,
    0x70, 0x0, 0x0, 0x5f, 0xa0, 0x0, 0x7f, 0xb0,
    0x0, 0x0, 0x9f, 0x80, 0x0, 0x1f, 0xf7, 0x0,
    0x6, 0xff, 0x20, 0x0, 0x7, 0xff, 0xfe, 0xff,
    0xf7, 0x0, 0x0, 0x0, 0x4b, 0xef, 0xeb, 0x40,
    0x0, 0x0,

    /* U+01B0 "ư" */
    0x0, 0x0, 0x0, 0x0, 0x8, 0x20, 0x0, 0x0,
    0x0, 0x1, 0xf4, 0x0, 0x0, 0x0, 0x0, 0x8f,
    0x1c, 0xf3, 0x0, 0x4, 0xff, 0x70, 0xcf, 0x30,
    0x0, 0x4f, 0xc0, 0xc, 0xf3, 0x0, 0x4, 0xfa,
    0x0, 0xcf, 0x30, 0x0, 0x4f, 0xa0, 0xc, 0xf3,
    0x0, 0x4, 0xfa, 0x0, 0xcf, 0x30, 0x0, 0x5f,
    0xa0, 0xb, 0xf4, 0x0, 0x8, 0xfa, 0x0, 0x9f,
    0xa0, 0x1, 0xff, 0xa0, 0x3, 0xff, 0xdb, 0xff,
    0xfa, 0x0, 0x4, 0xcf, 0xe9, 0x5f, 0xa0, 0x0,

    /* U+1EA0 "Ạ" */
    0x0, 0x0, 0x7, 0xf7, 0x0, 0x0, 0x0, 0x0,
    0x0, 0xdf, 0xd0, 0x0, 0x0, 0x0, 0x0, 0x4f,
    0xff, 0x30, 0x0, 0x0, 0x0, 0xa, 0xfa, 0xfa,
    0x0, 0x0, 0x0, 0x1, 0xfe, 0xe, 0xf0, 0x0,
    0x0, 0x0, 0x6f, 0x90, 0x9f, 0x60, 0x0, 0x0,
    0xd, 0xf3, 0x3, 0xfc, 0x0, 0x0, 0x3, 0xfd,
    0x0, 0xe, 0xf2, 0x0, 0x0, 0x9f, 0x80, 0x0,
    0x8f, 0x80, 0x0, 0xf, 0xff, 0xdd, 0xdf, 0xfe,
    0x0, 0x5, 0xff, 0xff, 0xff, 0xff, 0xf5, 0x0,
    0xcf, 0x60, 0x0, 0x0, 0x7f, 0xb0, 0x2f, 0xf1,
    0x0, 0x0, 0x1, 0xff, 0x18, 0xfb, 0x0, 0x0,
    0x0, 0xb, 0xf7, 0x0, 0x0, 0x0, 0x0, 0x0,
    0x0, 0x0, 0x0, 0x0, 0xaf, 0x90, 0x0, 0x0,
    0x0, 0x0, 0xa, 0xf9, 0x0, 0x0, 0x0, 0x0,
    0x0, 0x12, 0x10, 0x0, 0x0,

    /* U+1EA1 "ạ" */
    0x0, 0x3a, 0xef, 0xe9, 0x10, 0x7, 0xff, 0xcb,
    0xef, 0xd0, 0x2, 0xa1, 0x0, 0xc, 0xf6, 0x0,
    0x0, 0x12, 0x28, 0xf9, 0x1, 0xaf, 0xff, 0xff,
    0xf9, 0xc, 0xfb, 0x55, 0x5a, 0xf9, 0xf, 0xf0,
    0x0, 0xd, 0xf9, 0xf, 0xf1, 0x0, 0x1f, 0xf9,
    0x8, 0xfd, 0x78, 0xee, 0xf9, 0x0, 0x7d, 0xfe,
    0x74, 0xf9, 0x0, 0x0, 0x0, 0x0, 0x0, 0x0,
    0x0, 0xaf, 0x90, 0x0, 0x0, 0x0, 0xaf, 0x90,
    0x0, 0x0, 0x0, 0x12, 0x10, 0x0,

    /* U+1EA2 "Ả" */
    0x0, 0x0, 0xb, 0xd9, 0x10, 0x0, 0x0, 0x0,
    0x0, 0x14, 0xe9, 0x0, 0x0, 0x0, 0x0, 0x0,
    0x5e, 0x70, 0x0, 0x0, 0x0, 0x0, 0x6, 0x20,
    0x0, 0x0, 0x0, 0x0, 0x7, 0xf7, 0x0, 0x0,
    0x0, 0x0, 0x0, 0xdf, 0xd0, 0x0, 0x0, 0x0,
    0x0, 0x4f, 0xff, 0x30, 0x0, 0x0, 0x0, 0xa,
    0xfa, 0xfa, 0x0, 0x0, 0x0, 0x1, 0xfe, 0xe,
    0xf0, 0x0, 0x0, 0x0, 0x6f, 0x90, 0x9f, 0x60,
    0x0, 0x0, 0xd, 0xf3, 0x3, 0xfc, 0x0, 0x0,
    0x3, 0xfd, 0x0, 0xe, 0xf2, 0x0, 0x0, 0x9f,
    0x80, 0x0, 0x8f, 0x80, 0x0, 0xf, 0xff, 0xdd,
    0xdf, 0xfe, 0x0, 0x5, 0xff, 0xff, 0xff, 0xff,
    0xf5, 0x0, 0xcf, 0x60, 0x0, 0x0, 0x7f, 0xb0,
    0x2f, 0xf1, 0x0, 0x0, 0x1, 0xff, 0x18, 0xfb,
    0x0, 0x0, 0x0, 0xb, 0xf7,

    /* U+1EA3 "ả" */
    0x0, 0x0, 0xce, 0x91, 0x0, 0x0, 0x0, 0x14,
    0xe9, 0x0, 0x0, 0x0, 0x4, 0xe7, 0x0, 0x0,
    0x0, 0x7, 0x30, 0x0, 0x0, 0x3a, 0xef, 0xe9,
    0x10, 0x7, 0xff, 0xcb, 0xef, 0xd0, 0x2, 0xa1,
    0x0, 0xc, 0xf6, 0x0, 0x0, 0x12, 0x28, 0xf9,
    0x1, 0xaf, 0xff, 0xff, 0xf9, 0xc, 0xfb, 0x55,
    0x5a, 0xf9, 0xf, 0xf0, 0x0, 0xd, 0xf9, 0xf,
    0xf1, 0x0, 0x1f, 0xf9, 0x8, 0xfd, 0x78, 0xee,
    0xf9, 0x0, 0x7d, 0xfe, 0x74, 0xf9,

    /* U+1EA4 "Ấ" */
    0x0, 0x0, 0x0, 0x0, 0xa, 0x80, 0x0, 0x0,
    0x0, 0x0, 0x4, 0xf2, 0x0, 0x0, 0x0, 0x0,
    0x80, 0xb6, 0x0, 0x0, 0x0, 0x1, 0xcd, 0xc1,
    0x0, 0x0, 0x0, 0x2, 0xd8, 0x8, 0xd2, 0x0,
    0x0, 0x0, 0x0, 0x0, 0x0, 0x0, 0x0, 0x0,
    0x0, 0x7, 0xf7, 0x0, 0x0, 0x0, 0x0, 0x0,
    0xdf, 0xd0, 0x0, 0x0, 0x0, 0x0, 0x4f, 0xff,
    0x30, 0x0, 0x0, 0x0, 0xa, 0xfa, 0xfa, 0x0,
    0x0, 0x0, 0x1, 0xfe, 0xe, 0xf0, 0x0, 0x0,
    0x0, 0x6f, 0x90, 0x9f, 0x60, 0x0, 0x0, 0xd,
    0xf3, 0x3, 0xfc, 0x0, 0x0, 0x3, 0xfd, 0x0,
    0xe, 0xf2, 0x0, 0x0, 0x9f, 0x80, 0x0, 0x8f,
    0x80, 0x0, 0xf, 0xff, 0xdd, 0xdf, 0xfe, 0x0,
    0x5, 0xff, 0xff, 0xff, 0xff, 0xf5, 0x0, 0xcf,
    0x60, 0x0, 0x0, 0x7f, 0xb0, 0x2f, 0xf1, 0x0,
    0x0, 0x1, 0xff, 0x18, 0xfb, 0x0, 0x0, 0x0,
    0xb, 0xf7,

    /* U+1EA5 "ấ" */
    0x0, 0x0, 0x0, 0x0, 0xa8, 0x0, 0x0, 0x0,
    0x5, 0xf2, 0x0, 0x0, 0x2c, 0x2b, 0x60, 0x0,
    0x2, 0xed, 0xe2, 0x0, 0x0, 0x2e, 0x80, 0x9e,
    0x20, 0x0, 0x0, 0x0, 0x0, 0x0, 0x0, 0x3a,
    0xef, 0xe9, 0x10, 0x7, 0xff, 0xcb, 0xef, 0xd0,
    0x2, 0xa1, 0x0, 0xc, 0xf6, 0x0, 0x0, 0x12,
    0x28, 0xf9, 0x1, 0xaf, 0xff, 0xff, 0xf9, 0xc,
    0xfb, 0x55, 0x5a, 0xf9, 0xf, 0xf0, 0x0, 0xd,
    0xf9, 0xf, 0xf1, 0x0, 0x1f, 0xf9, 0x8, 0xfd,
    0x78, 0xee, 0xf9, 0x0, 0x7d, 0xfe, 0x74, 0xf9,

    /* U+1EA6 "Ầ" */
    0x0, 0x0, 0x0, 0x8, 0xa0, 0x0, 0x0, 0x0,
    0x0, 0x0, 0x1f, 0x50, 0x0, 0x0, 0x0, 0x0,
    0x80, 0x6b, 0x0, 0x0, 0x0, 0x1, 0xcd, 0xc1,
    0x0, 0x0, 0x0, 0x2, 0xd9, 0x8, 0xd2, 0x0,
    0x0, 0x0, 0x0, 0x0, 0x0, 0x0, 0x0, 0x0,
    0x0, 0x7, 0xf7, 0x0, 0x0, 0x0, 0x0, 0x0,
    0xdf, 0xd0, 0x0, 0x0, 0x0, 0x0, 0x4f, 0xff,
    0x30, 0x0, 0x0, 0x0, 0xa, 0xfa, 0xfa, 0x0,
    0x0, 0x0, 0x1, 0xfe, 0xe, 0xf0, 0x0, 0x0,
    0x0, 0x6f, 0x90, 0x9f, 0x60, 0x0, 0x0, 0xd,
    0xf3, 0x3, 0xfc, 0x0, 0x0, 0x3, 0xfd, 0x0,
    0xe, 0xf2, 0x0, 0x0, 0x9f, 0x80, 0x0, 0x8f,
    0x80, 0x0, 0xf, 0xff, 0xdd, 0xdf, 0xfe, 0x0,
    0x5, 0xff, 0xff, 0xff, 0xff, 0xf5, 0x0, 0xcf,
    0x60, 0x0, 0x0, 0x7f, 0xb0, 0x2f, 0xf1, 0x0,
    0x0, 0x1, 0xff, 0x18, 0xfb, 0x0, 0x0, 0x0,
    0xb, 0xf7,

    /* U+1EA7 "ầ" */
    0x0, 0x0, 0x0, 0x8a, 0x0, 0x0, 0x0, 0x0,
    0x2f, 0x50, 0x0, 0x0, 0x2c, 0x26, 0xb0, 0x0,
    0x2, 0xed, 0xe2, 0x0, 0x0, 0x2e, 0x80, 0x9e,
    0x20, 0x0, 0x0, 0x0, 0x0, 0x0, 0x0, 0x3a,
    0xef, 0xe9, 0x10, 0x7, 0xff, 0xcb, 0xef, 0xd0,
    0x2, 0xa1, 0x0, 0xc, 0xf6, 0x0, 0x0, 0x12,
    0x28, 0xf9, 0x1, 0xaf, 0xff, 0xff, 0xf9, 0xc,
    0xfb, 0x55, 0x5a, 0xf9, 0xf, 0xf0, 0x0, 0xd,
    0xf9, 0xf, 0xf1, 0x0, 0x1f, 0xf9, 0x8, 0xfd,
    0x78, 0xee, 0xf9, 0x0, 0x7d, 0xfe, 0x74, 0xf9,

    /* U+1EA8 "Ẩ" */
    0x0, 0x0, 0x0, 0x3, 0xea, 0x10, 0x0, 0x0,
    0x0, 0x0, 0x2, 0xba, 0x0, 0x0, 0x0, 0x1,
    0x91, 0x2c, 0x80, 0x0, 0x0, 0x1, 0xdd, 0xd5,
    0x40, 0x0, 0x0, 0x1, 0xd9, 0x9, 0xd1, 0x0,
    0x0, 0x0, 0x1, 0x0, 0x1, 0x0, 0x0, 0x0,
    0x0, 0x7, 0xf7, 0x0, 0x0, 0x0, 0x0, 0x0,
    0xdf, 0xd0, 0x0, 0x0, 0x0, 0x0, 0x4f, 0xff,
    0x30, 0x0, 0x0, 0x0, 0xa, 0xfa, 0xfa, 0x0,
    0x0, 0x0, 0x1, 0xfe, 0xe, 0xf0, 0x0, 0x0,
    0x0, 0x6f, 0x90, 0x9f, 0x60, 0x0, 0x0, 0xd,
    0xf3, 0x3, 0xfc, 0x0, 0x0, 0x3, 0xfd, 0x0,
    0xe, 0xf2, 0x0, 0x0, 0x9f, 0x80, 0x0, 0x8f,
    0x80, 0x0, 0xf, 0xff, 0xdd, 0xdf, 0xfe, 0x0,
    0x5, 0xff, 0xff, 0xff, 0xff, 0xf5, 0x0, 0xcf,
    0x60, 0x0, 0x0, 0x7f, 0xb0, 0x2f, 0xf1, 0x0,
    0x0, 0x1, 0xff, 0x18, 0xfb, 0x0, 0x0, 0x0,
    0xb, 0xf7,

    /* U+1EA9 "ẩ" */
    0x0, 0x0, 0x0, 0x7d, 0x90, 0x0, 0x0, 0x0,
    0x13, 0xd6, 0x0, 0x0, 0x19, 0x4, 0xd4, 0x0,
    0x1, 0xcf, 0xc5, 0x20, 0x0, 0x1d, 0xb1, 0xbc,
    0x10, 0x0, 0x12, 0x0, 0x2, 0x10, 0x0, 0x3a,
    0xef, 0xe9, 0x10, 0x7, 0xff, 0xcb, 0xef, 0xd0,
    0x2, 0xa1, 0x0, 0xc, 0xf6, 0x0, 0x0, 0x12,
    0x28, 0xf9, 0x1, 0xaf, 0xff, 0xff, 0xf9, 0xc,
    0xfb, 0x55, 0x5a, 0xf9, 0xf, 0xf0, 0x0, 0xd,
    0xf9, 0xf, 0xf1, 0x0, 0x1f, 0xf9, 0x8, 0xfd,
    0x78, 0xee, 0xf9, 0x0, 0x7d, 0xfe, 0x74, 0xf9,

    /* U+1EAA "Ẫ" */
    0x0, 0x0, 0xae, 0x81, 0xb6, 0x0, 0x0, 0x0,
    0x6c, 0x3c, 0xfe, 0x10, 0x0, 0x0, 0x1, 0x10,
    0x61, 0x0, 0x0, 0x0, 0x0, 0x0, 0xbe, 0xb0,
    0x0, 0x0, 0x0, 0x1, 0xca, 0xa, 0xc1, 0x0,
    0x0, 0x0, 0x1, 0x0, 0x1, 0x0, 0x0, 0x0,
    0x0, 0x7, 0xf7, 0x0, 0x0, 0x0, 0x0, 0x0,
    0xdf, 0xd0, 0x0, 0x0, 0x0, 0x0, 0x4f, 0xff,
    0x30, 0x0, 0x0, 0x0, 0xa, 0xfa, 0xfa, 0x0,
    0x0, 0x0, 0x1, 0xfe, 0xe, 0xf0, 0x0, 0x0,
    0x0, 0x6f, 0x90, 0x9f, 0x60, 0x0, 0x0, 0xd,
    0xf3, 0x3, 0xfc, 0x0, 0x0, 0x3, 0xfd, 0x0,
    0xe, 0xf2, 0x0, 0x0, 0x9f, 0x80, 0x0, 0x8f,
    0x80, 0x0, 0xf, 0xff, 0xdd, 0xdf, 0xfe, 0x0,
    0x5, 0xff, 0xff, 0xff, 0xff, 0xf5, 0x0, 0xcf,
    0x60, 0x0, 0x0, 0x7f, 0xb0, 0x2f, 0xf1, 0x0,
    0x0, 0x1, 0xff, 0x18, 0xfb, 0x0, 0x0, 0x0,
    0xb, 0xf7,

    /* U+1EAB "ẫ" */
    0x0, 0xb, 0xe8, 0x1b, 0x60, 0x0, 0x6c, 0x3a,
    0xfe, 0x10, 0x0, 0x11, 0x8, 0x20, 0x0, 0x0,
    0x0, 0xcf, 0xb0, 0x0, 0x0, 0x1c, 0xb1, 0xbc,
    0x0, 0x0, 0x13, 0x0, 0x3, 0x10, 0x0, 0x3a,
    0xef, 0xe9, 0x10, 0x7, 0xff, 0xcb, 0xef, 0xd0,
    0x2, 0xa1, 0x0, 0xc, 0xf6, 0x0, 0x0, 0x12,
    0x28, 0xf9, 0x1, 0xaf, 0xff, 0xff, 0xf9, 0xc,
    0xfb, 0x55, 0x5a, 0xf9, 0xf, 0xf0, 0x0, 0xd,
    0xf9, 0xf, 0xf1, 0x0, 0x1f, 0xf9, 0x8, 0xfd,
    0x78, 0xee, 0xf9, 0x0, 0x7d, 0xfe, 0x74, 0xf9,

    /* U+1EAC "Ậ" */
    0x0, 0x0, 0x0, 0x10, 0x0, 0x0, 0x0, 0x0,
    0x0, 0x4f, 0x40, 0x0, 0x0, 0x0, 0x0, 0x3f,
    0xaf, 0x30, 0x0, 0x0, 0x0, 0x2e, 0x70, 0x7e,
    0x20, 0x0, 0x0, 0x0, 0x0, 0x0, 0x0, 0x0,
    0x0, 0x0, 0x0, 0x7f, 0x70, 0x0, 0x0, 0x0,
    0x0, 0xd, 0xfd, 0x0, 0x0, 0x0, 0x0, 0x4,
    0xff, 0xf3, 0x0, 0x0, 0x0, 0x0, 0xaf, 0xaf,
    0xa0, 0x0, 0x0, 0x0, 0x1f, 0xe0, 0xef, 0x0,
    0x0, 0x0, 0x6, 0xf9, 0x9, 0xf6, 0x0, 0x0,
    0x0, 0xdf, 0x30, 0x3f, 0xc0, 0x0, 0x0, 0x3f,
    0xd0, 0x0, 0xef, 0x20, 0x0, 0x9, 0xf8, 0x0,
    0x8, 0xf8, 0x0, 0x0, 0xff, 0xfd, 0xdd, 0xff,
    0xe0, 0x0, 0x5f, 0xff, 0xff, 0xff, 0xff, 0x50,
    0xc, 0xf6, 0x0, 0x0, 0x7, 0xfb, 0x2, 0xff,
    0x10, 0x0, 0x0, 0x1f, 0xf1, 0x8f, 0xb0, 0x0,
    0x0, 0x0, 0xbf, 0x70, 0x0, 0x0, 0x0, 0x0,
    0x0, 0x0, 0x0, 0x0, 0xa, 0xf9, 0x0, 0x0,
    0x0, 0x0, 0x0, 0xaf, 0x90, 0x0, 0x0, 0x0,
    0x0, 0x1, 0x21, 0x0, 0x0, 0x0,

    /* U+1EAD "ậ" */
    0x0, 0x0, 0x1, 0x0, 0x0, 0x0, 0x0, 0x4f,
    0x40, 0x0, 0x0, 0x3, 0xfa, 0xf3, 0x0, 0x0,
    0x2e, 0x70, 0x7e, 0x20, 0x0, 0x0, 0x0, 0x0,
    0x0, 0x0, 0x3a, 0xef, 0xe9, 0x10, 0x7, 0xff,
    0xcb, 0xef, 0xd0, 0x2, 0xa1, 0x0, 0xc, 0xf6,
    0x0, 0x0, 0x12, 0x28, 0xf9, 0x1, 0xaf, 0xff,
    0xff, 0xf9, 0xc, 0xfb, 0x55, 0x5a, 0xf9, 0xf,
    0xf0, 0x0, 0xd, 0xf9, 0xf, 0xf1, 0x0, 0x1f,
    0xf9, 0x8, 0xfd, 0x78, 0xee, 0xf9, 0x0, 0x7d,
    0xfe, 0x74, 0xf9, 0x0, 0x0, 0x0, 0x0, 0x0,
    0x0, 0x0, 0xaf, 0x90, 0x0, 0x0, 0x0, 0xaf,
    0x90, 0x0, 0x0, 0x0, 0x12, 0x10, 0x0,

    /* U+1EAE "Ắ" */
    0x0, 0x0, 0x0, 0x3f, 0x30, 0x0, 0x0, 0x0,
    0x0, 0xb, 0x90, 0x0, 0x0, 0x0, 0x4, 0x50,
    0x70, 0x64, 0x0, 0x0, 0x0, 0x6f, 0x30, 0x3f,
    0x50, 0x0, 0x0, 0x0, 0xaf, 0xff, 0xa0, 0x0,
    0x0, 0x0, 0x0, 0x2, 0x0, 0x0, 0x0, 0x0,
    0x0, 0x7, 0xf7, 0x0, 0x0, 0x0, 0x0, 0x0,
    0xdf, 0xd0, 0x0, 0x0, 0x0, 0x0, 0x4f, 0xff,
    0x30, 0x0, 0x0, 0x0, 0xa, 0xfa, 0xfa, 0x0,
    0x0, 0x0, 0x1, 0xfe, 0xe, 0xf0, 0x0, 0x0,
    0x0, 0x6f, 0x90, 0x9f, 0x60, 0x0, 0x0, 0xd,
    0xf3, 0x3, 0xfc, 0x0, 0x0, 0x3, 0xfd, 0x0,
    0xe, 0xf2, 0x0, 0x0, 0x9f, 0x80, 0x0, 0x8f,
    0x80, 0x0, 0xf, 0xff, 0xdd, 0xdf, 0xfe, 0x0,
    0x5, 0xff, 0xff, 0xff, 0xff, 0xf5, 0x0, 0xcf,
    0x60, 0x0, 0x0, 0x7f, 0xb0, 0x2f, 0xf1, 0x0,
    0x0, 0x1, 0xff, 0x18, 0xfb, 0x0, 0x0, 0x0,
    0xb, 0xf7,

    /* U+1EAF "ắ" */
    0x0, 0x0, 0x0, 0x73, 0x0, 0x0, 0x0, 0x7,
    0xe1, 0x0, 0x0, 0x0, 0xe, 0x40, 0x0, 0x0,
    0x8c, 0x0, 0xc, 0x70, 0x0, 0x4f, 0x40, 0x4f,
    0x40, 0x0, 0x9, 0xff, 0xf8, 0x0, 0x0, 0x0,
    0x1, 0x0, 0x0, 0x0, 0x3a, 0xef, 0xe9, 0x10,
    0x7, 0xff, 0xcb, 0xef, 0xd0, 0x2, 0xa1, 0x0,
    0xc, 0xf6, 0x0, 0x0, 0x12, 0x28, 0xf9, 0x1,
    0xaf, 0xff, 0xff, 0xf9, 0xc, 0xfb, 0x55, 0x5a,
    0xf9, 0xf, 0xf0, 0x0, 0xd, 0xf9, 0xf, 0xf1,
    0x0, 0x1f, 0xf9, 0x8, 0xfd, 0x78, 0xee, 0xf9,
    0x0, 0x7d, 0xfe, 0x74, 0xf9,

    /* U+1EB0 "Ằ" */
    0x0, 0x0, 0x3f, 0x40, 0x0, 0x0, 0x0, 0x0,
    0x0, 0x9c, 0x0, 0x0, 0x0, 0x0, 0x4, 0x50,
    0x71, 0x64, 0x0, 0x0, 0x0, 0x6f, 0x30, 0x3f,
    0x50, 0x0, 0x0, 0x0, 0xaf, 0xff, 0xa0, 0x0,
    0x0, 0x0, 0x0, 0x2, 0x0, 0x0, 0x0, 0x0,
    0x0, 0x7, 0xf7, 0x0, 0x0, 0x0, 0x0, 0x0,
    0xdf, 0xd0, 0x0, 0x0, 0x0, 0x0, 0x4f, 0xff,
    0x30, 0x0, 0x0, 0x0, 0xa, 0xfa, 0xfa, 0x0,
    0x0, 0x0, 0x1, 0xfe, 0xe, 0xf0, 0x0, 0x0,
    0x0, 0x6f, 0x90, 0x9f, 0x60, 0x0, 0x0, 0xd,
    0xf3, 0x3, 0xfc, 0x0, 0x0, 0x3, 0xfd, 0x0,
    0xe, 0xf2, 0x0, 0x0, 0x9f, 0x80, 0x0, 0x8f,
    0x80, 0x0, 0xf, 0xff, 0xdd, 0xdf, 0xfe, 0x0,
    0x5, 0xff, 0xff, 0xff, 0xff, 0xf5, 0x0, 0xcf,
    0x60, 0x0, 0x0, 0x7f, 0xb0, 0x2f, 0xf1, 0x0,
    0x0, 0x1, 0xff, 0x18, 0xfb, 0x0, 0x0, 0x0,
    0xb, 0xf7,

    /* U+1EB1 "ằ" */
    0x0, 0x3, 0x70, 0x0, 0x0, 0x0, 0x1, 0xe7,
    0x0, 0x0, 0x0, 0x0, 0x4e, 0x10, 0x0, 0x0,
    0x8c, 0x0, 0xc, 0x70, 0x0, 0x4f, 0x40, 0x4f,
    0x40, 0x0, 0x9, 0xff, 0xf8, 0x0, 0x0, 0x0,
    0x1, 0x0, 0x0, 0x0, 0x3a, 0xef, 0xe9, 0x10,
    0x7, 0xff, 0xcb, 0xef, 0xd0, 0x2, 0xa1, 0x0,
    0xc, 0xf6, 0x0, 0x0, 0x12, 0x28, 0xf9, 0x1,
    0xaf, 0xff, 0xff, 0xf9, 0xc, 0xfb, 0x55, 0x5a,
    0xf9, 0xf, 0xf0, 0x0, 0xd, 0xf9, 0xf, 0xf1,
    0x0, 0x1f, 0xf9, 0x8, 0xfd, 0x78, 0xee, 0xf9,
    0x0, 0x7d, 0xfe, 0x74, 0xf9,

    /* U+1EB2 "Ẳ" */
    0x0, 0x0, 0xb, 0xc6, 0x0, 0x0, 0x0, 0x0,
    0x0, 0x2, 0xf1, 0x0, 0x0, 0x0, 0x4, 0x51,
    0xb9, 0x53, 0x0, 0x0, 0x0, 0x6f, 0x30, 0x3f,
    0x50, 0x0, 0x0, 0x0, 0xaf, 0xff, 0xa0, 0x0,
    0x0, 0x0, 0x0, 0x2, 0x0, 0x0, 0x0, 0x0,
    0x0, 0x7, 0xf7, 0x0, 0x0, 0x0, 0x0, 0x0,
    0xdf, 0xd0, 0x0, 0x0, 0x0, 0x0, 0x4f, 0xff,
    0x30, 0x0, 0x0, 0x0, 0xa, 0xfa, 0xfa, 0x0,
    0x0, 0x0, 0x1, 0xfe, 0xe, 0xf0, 0x0, 0x0,
    0x0, 0x6f, 0x90, 0x9f, 0x60, 0x0, 0x0, 0xd,
    0xf3, 0x3, 0xfc, 0x0, 0x0, 0x3, 0xfd, 0x0,
    0xe, 0xf2, 0x0, 0x0, 0x9f, 0x80, 0x0, 0x8f,
    0x80, 0x0, 0xf, 0xff, 0xdd, 0xdf, 0xfe, 0x0,
    0x5, 0xff, 0xff, 0xff, 0xff, 0xf5, 0x0, 0xcf,
    0x60, 0x0, 0x0, 0x7f, 0xb0, 0x2f, 0xf1, 0x0,
    0x0, 0x1, 0xff, 0x18, 0xfb, 0x0, 0x0, 0x0,
    0xb, 0xf7,

    /* U+1EB3 "ẳ" */
    0x0, 0x0, 0xcc, 0x50, 0x0, 0x0, 0x0, 0x15,
    0xf1, 0x0, 0x0, 0x0, 0x19, 0xc0, 0x0, 0x0,
    0x8c, 0x3, 0xc, 0x70, 0x0, 0x4f, 0x40, 0x4f,
    0x40, 0x0, 0x9, 0xff, 0xf8, 0x0, 0x0, 0x0,
    0x1, 0x0, 0x0, 0x0, 0x3a, 0xef, 0xe9, 0x10,
    0x7, 0xff, 0xcb, 0xef, 0xd0, 0x2, 0xa1, 0x0,
    0xc, 0xf6, 0x0, 0x0, 0x12, 0x28, 0xf9, 0x1,
    0xaf, 0xff, 0xff, 0xf9, 0xc, 0xfb, 0x55, 0x5a,
    0xf9, 0xf, 0xf0, 0x0, 0xd, 0xf9, 0xf, 0xf1,
    0x0, 0x1f, 0xf9, 0x8, 0xfd, 0x78, 0xee, 0xf9,
    0x0, 0x7d, 0xfe, 0x74, 0xf9,

    /* U+1EB4 "Ẵ" */
    0x0, 0x0, 0xbe, 0x90, 0xb7, 0x0, 0x0, 0x0,
    0x6c, 0x1b, 0xfe, 0x10, 0x0, 0x0, 0x5, 0x70,
    0x1, 0x64, 0x0, 0x0, 0x0, 0x6f, 0x30, 0x3f,
    0x50, 0x0, 0x0, 0x0, 0xaf, 0xff, 0xa0, 0x0,
    0x0, 0x0, 0x0, 0x2, 0x0, 0x0, 0x0, 0x0,
    0x0, 0x7, 0xf7, 0x0, 0x0, 0x0, 0x0, 0x0,
    0xdf, 0xd0, 0x0, 0x0, 0x0, 0x0, 0x4f, 0xff,
    0x30, 0x0, 0x0, 0x0, 0xa, 0xfa, 0xfa, 0x0,
    0x0, 0x0, 0x1, 0xfe, 0xe, 0xf0, 0x0, 0x0,
    0x0, 0x6f, 0x90, 0x9f, 0x60, 0x0, 0x0, 0xd,
    0xf3, 0x3, 0xfc, 0x0, 0x0, 0x3, 0xfd, 0x0,
    0xe, 0xf2, 0x0, 0x0, 0x9f, 0x80, 0x0, 0x8f,
    0x80, 0x0, 0xf, 0xff, 0xdd, 0xdf, 0xfe, 0x0,
    0x5, 0xff, 0xff, 0xff, 0xff, 0xf5, 0x0, 0xcf,
    0x60, 0x0, 0x0, 0x7f, 0xb0, 0x2f, 0xf1, 0x0,
    0x0, 0x1, 0xff, 0x18, 0xfb, 0x0, 0x0, 0x0,
    0xb, 0xf7,

    /* U+1EB5 "ẵ" */
    0x0, 0x2c, 0xee, 0xfe, 0x40, 0x0, 0x12, 0x12,
    0x21, 0x0, 0x0, 0x8c, 0x0, 0xc, 0x70, 0x0,
    0x4f, 0x40, 0x4f, 0x40, 0x0, 0x9, 0xff, 0xf8,
    0x0, 0x0, 0x0, 0x1, 0x0, 0x0, 0x0, 0x3a,
    0xef, 0xe9, 0x10, 0x7, 0xff, 0xcb, 0xef, 0xd0,
    0x2, 0xa1, 0x0, 0xc, 0xf6, 0x0, 0x0, 0x12,
    0x28, 0xf9, 0x1, 0xaf, 0xff, 0xff, 0xf9, 0xc,
    0xfb, 0x55, 0x5a, 0xf9, 0xf, 0xf0, 0x0, 0xd,
    0xf9, 0xf, 0xf1, 0x0, 0x1f, 0xf9, 0x8, 0xfd,
    0x78, 0xee, 0xf9, 0x0, 0x7d, 0xfe, 0x74, 0xf9,

    /* U+1EB6 "Ặ" */
    0x0, 0x4, 0x60, 0x0, 0x64, 0x0, 0x0, 0x0,
    0x6f, 0x40, 0x4f, 0x50, 0x0, 0x0, 0x0, 0xaf,
    0xff, 0xa0, 0x0, 0x0, 0x0, 0x0, 0x2, 0x0,
    0x0, 0x0, 0x0, 0x0, 0x7, 0xf7, 0x0, 0x0,
    0x0, 0x0, 0x0, 0xdf, 0xd0, 0x0, 0x0, 0x0,
    0x0, 0x4f, 0xff, 0x30, 0x0, 0x0, 0x0, 0xa,
    0xfa, 0xfa, 0x0, 0x0, 0x0, 0x1, 0xfe, 0xe,
    0xf0, 0x0, 0x0, 0x0, 0x6f, 0x90, 0x9f, 0x60,
    0x0, 0x0, 0xd, 0xf3, 0x3, 0xfc, 0x0, 0x0,
    0x3, 0xfd, 0x0, 0xe, 0xf2, 0x0, 0x0, 0x9f,
    0x80, 0x0, 0x8f, 0x80, 0x0, 0xf, 0xff, 0xdd,
    0xdf, 0xfe, 0x0, 0x5, 0xff, 0xff, 0xff, 0xff,
    0xf5, 0x0, 0xcf, 0x60, 0x0, 0x0, 0x7f, 0xb0,
    0x2f, 0xf1, 0x0, 0x0, 0x1, 0xff, 0x18, 0xfb,
    0x0, 0x0, 0x0, 0xb, 0xf7, 0x0, 0x0, 0x0,
    0x0, 0x0, 0x0, 0x0, 0x0, 0x0, 0xaf, 0x90,
    0x0, 0x0, 0x0, 0x0, 0xa, 0xf9, 0x0, 0x0,
    0x0, 0x0, 0x0, 0x12, 0x10, 0x0, 0x0,

    /* U+1EB7 "ặ" */
    0x0, 0x8c, 0x0, 0xc, 0x70, 0x0, 0x4f, 0x40,
    0x4f, 0x40, 0x0, 0x9, 0xff, 0xf8, 0x0, 0x0,
    0x0, 0x1, 0x0, 0x0, 0x0, 0x3a, 0xef, 0xe9,
    0x10, 0x7, 0xff, 0xcb, 0xef, 0xd0, 0x2, 0xa1,
    0x0, 0xc, 0xf6, 0x0, 0x0, 0x12, 0x28, 0xf9,
    0x1, 0xaf, 0xff, 0xff, 0xf9, 0xc, 0xfb, 0x55,
    0x5a, 0xf9, 0xf, 0xf0, 0x0, 0xd, 0xf9, 0xf,
    0xf1, 0x0, 0x1f, 0xf9, 0x8, 0xfd, 0x78, 0xee,
    0xf9, 0x0, 0x7d, 0xfe, 0x74, 0xf9, 0x0, 0x0,
    0x0, 0x0, 0x0, 0x0, 0x0, 0xaf, 0x90, 0x0,
    0x0, 0x0, 0xaf, 0x90, 0x0, 0x0, 0x0, 0x12,
    0x10, 0x0,

    /* U+1EB8 "Ẹ" */
    0x8f, 0xff, 0xff, 0xff, 0xfb, 0x8f, 0xed, 0xdd,
    0xdd, 0xd9, 0x8f, 0x80, 0x0, 0x0, 0x0, 0x8f,
    0x80, 0x0, 0x0, 0x0, 0x8f, 0x80, 0x0, 0x0,
    0x0, 0x8f, 0x80, 0x0, 0x0, 0x0, 0x8f, 0xff,
    0xff, 0xff, 0xf2, 0x8f, 0xed, 0xdd, 0xdd, 0xd1,
    0x8f, 0x80, 0x0, 0x0, 0x0, 0x8f, 0x80, 0x0,
    0x0, 0x0, 0x8f, 0x80, 0x0, 0x0, 0x0, 0x8f,
    0x80, 0x0, 0x0, 0x0, 0x8f, 0xed, 0xdd, 0xdd,
    0xd9, 0x8f, 0xff, 0xff, 0xff, 0xfb, 0x0, 0x0,
    0x0, 0x0, 0x0, 0x0, 0x0, 0xff, 0x30, 0x0,
    0x0, 0x0, 0xff, 0x30, 0x0, 0x0, 0x0, 0x22,
    0x0, 0x0,

    /* U+1EB9 "ẹ" */
    0x0, 0x19, 0xef, 0xe9, 0x10, 0x0, 0xdf, 0xda,
    0xdf, 0xd0, 0x8, 0xf7, 0x0, 0x8, 0xf7, 0xe,
    0xf2, 0x22, 0x22, 0xfc, 0xf, 0xff, 0xff, 0xff,
    0xfe, 0x1f, 0xf5, 0x55, 0x55, 0x54, 0xe, 0xf1,
    0x0, 0x0, 0x0, 0x9, 0xfb, 0x10, 0x3, 0xa0,
    0x1, 0xdf, 0xfc, 0xdf, 0xf4, 0x0, 0x19, 0xef,
    0xea, 0x30, 0x0, 0x0, 0x0, 0x0, 0x0, 0x0,
    0x0, 0x8f, 0xb0, 0x0, 0x0, 0x0, 0x8f, 0xb0,
    0x0, 0x0, 0x0, 0x12, 0x10, 0x0,

    /* U+1EBA "Ẻ" */
    0x0, 0x1, 0xec, 0x60, 0x0, 0x0, 0x0, 0x27,
    0xf3, 0x0, 0x0, 0x0, 0x28, 0xe1, 0x0, 0x0,
    0x0, 0x25, 0x0, 0x0, 0x8f, 0xff, 0xff, 0xff,
    0xfb, 0x8f, 0xed, 0xdd, 0xdd, 0xd9, 0x8f, 0x80,
    0x0, 0x0, 0x0, 0x8f, 0x80, 0x0, 0x0, 0x0,
    0x8f, 0x80, 0x0, 0x0, 0x0, 0x8f, 0x80, 0x0,
    0x0, 0x0, 0x8f, 0xff, 0xff, 0xff, 0xf2, 0x8f,
    0xed, 0xdd, 0xdd, 0xd1, 0x8f, 0x80, 0x0, 0x0,
    0x0, 0x8f, 0x80, 0x0, 0x0, 0x0, 0x8f, 0x80,
    0x0, 0x0, 0x0, 0x8f, 0x80, 0x0, 0x0, 0x0,
    0x8f, 0xed, 0xdd, 0xdd, 0xd9, 0x8f, 0xff, 0xff,
    0xff, 0xfb,

    /* U+1EBB "ẻ" */
    0x0, 0x0, 0xce, 0x90, 0x0, 0x0, 0x0, 0x14,
    0xe8, 0x0, 0x0, 0x0, 0x4, 0xe7, 0x0, 0x0,
    0x0, 0x7, 0x30, 0x0, 0x0, 0x19, 0xef, 0xe9,
    0x10, 0x0, 0xdf, 0xda, 0xdf, 0xd0, 0x8, 0xf7,
    0x0, 0x8, 0xf7, 0xe, 0xf2, 0x22, 0x22, 0xfc,
    0xf, 0xff, 0xff, 0xff, 0xfe, 0x1f, 0xf5, 0x55,
    0x55, 0x54, 0xe, 0xf1, 0x0, 0x0, 0x0, 0x9,
    0xfb, 0x10, 0x3, 0xa0, 0x1, 0xdf, 0xfc, 0xdf,
    0xf4, 0x0, 0x19, 0xef, 0xea, 0x30,

    /* U+1EBC "Ẽ" */
    0x0, 0x7e, 0xd4, 0xe, 0x40, 0x1, 0xf4, 0x6e,
    0xfc, 0x0, 0x0, 0x10, 0x0, 0x10, 0x0, 0x8f,
    0xff, 0xff, 0xff, 0xfb, 0x8f, 0xed, 0xdd, 0xdd,
    0xd9, 0x8f, 0x80, 0x0, 0x0, 0x0, 0x8f, 0x80,
    0x0, 0x0, 0x0, 0x8f, 0x80, 0x0, 0x0, 0x0,
    0x8f, 0x80, 0x0, 0x0, 0x0, 0x8f, 0xff, 0xff,
    0xff, 0xf2, 0x8f, 0xed, 0xdd, 0xdd, 0xd1, 0x8f,
    0x80, 0x0, 0x0, 0x0, 0x8f, 0x80, 0x0, 0x0,
    0x0, 0x8f, 0x80, 0x0, 0x0, 0x0, 0x8f, 0x80,
    0x0, 0x0, 0x0, 0x8f, 0xed, 0xdd, 0xdd, 0xd9,
    0x8f, 0xff, 0xff, 0xff, 0xfb,

    /* U+1EBD "ẽ" */
    0x0, 0x3d, 0xf9, 0x1a, 0xa0, 0x0, 0xba, 0x5d,
    0xff, 0x30, 0x0, 0x21, 0x0, 0x20, 0x0, 0x0,
    0x0, 0x0, 0x0, 0x0, 0x0, 0x19, 0xef, 0xe9,
    0x10, 0x0, 0xdf, 0xda, 0xdf, 0xd0, 0x8, 0xf7,
    0x0, 0x8, 0xf7, 0xe, 0xf2, 0x22, 0x22, 0xfc,
    0xf, 0xff, 0xff, 0xff, 0xfe, 0x1f, 0xf5, 0x55,
    0x55, 0x54, 0xe, 0xf1, 0x0, 0x0, 0x0, 0x9,
    0xfb, 0x10, 0x3, 0xa0, 0x1, 0xdf, 0xfc, 0xdf,
    0xf4, 0x0, 0x19, 0xef, 0xea, 0x30,

    /* U+1EBE "Ế" */
    0x0, 0x0, 0x0, 0x2, 0xc4, 0x0, 0x0, 0x0,
    0xa, 0xb0, 0x0, 0x0, 0x36, 0x2d, 0x10, 0x0,
    0x4, 0xed, 0x80, 0x0, 0x0, 0x6e, 0x31, 0xd9,
    0x0, 0x0, 0x0, 0x0, 0x0, 0x0, 0x8f, 0xff,
    0xff, 0xff, 0xfb, 0x8f, 0xed, 0xdd, 0xdd, 0xd9,
    0x8f, 0x80, 0x0, 0x0, 0x0, 0x8f, 0x80, 0x0,
    0x0, 0x0, 0x8f, 0x80, 0x0, 0x0, 0x0, 0x8f,
    0x80, 0x0, 0x0, 0x0, 0x8f, 0xff, 0xff, 0xff,
    0xf2, 0x8f, 0xed, 0xdd, 0xdd, 0xd1, 0x8f, 0x80,
    0x0, 0x0, 0x0, 0x8f, 0x80, 0x0, 0x0, 0x0,
    0x8f, 0x80, 0x0, 0x0, 0x0, 0x8f, 0x80, 0x0,
    0x0, 0x0, 0x8f, 0xed, 0xdd, 0xdd, 0xd9, 0x8f,
    0xff, 0xff, 0xff, 0xfb,

    /* U+1EBF "ế" */
    0x0, 0x0, 0x0, 0x0, 0xa8, 0x0, 0x0, 0x0,
    0x5, 0xf2, 0x0, 0x0, 0x2c, 0x2b, 0x60, 0x0,
    0x2, 0xed, 0xe2, 0x0, 0x0, 0x2e, 0x80, 0x9e,
    0x20, 0x0, 0x0, 0x0, 0x0, 0x0, 0x0, 0x19,
    0xef, 0xe9, 0x10, 0x0, 0xdf, 0xda, 0xdf, 0xd0,
    0x8, 0xf7, 0x0, 0x8, 0xf7, 0xe, 0xf2, 0x22,
    0x22, 0xfc, 0xf, 0xff, 0xff, 0xff, 0xfe, 0x1f,
    0xf5, 0x55, 0x55, 0x54, 0xe, 0xf1, 0x0, 0x0,
    0x0, 0x9, 0xfb, 0x10, 0x3, 0xa0, 0x1, 0xdf,
    0xfc, 0xdf, 0xf4, 0x0, 0x19, 0xef, 0xea, 0x30,

    /* U+1EC0 "Ề" */
    0x0, 0x0, 0x1, 0xb6, 0x0, 0x0, 0x0, 0x0,
    0x7e, 0x0, 0x0, 0x0, 0x36, 0xb, 0x60, 0x0,
    0x4, 0xed, 0x80, 0x0, 0x0, 0x6f, 0x31, 0xd9,
    0x0, 0x0, 0x0, 0x0, 0x0, 0x0, 0x8f, 0xff,
    0xff, 0xff, 0xfb, 0x8f, 0xed, 0xdd, 0xdd, 0xd9,
    0x8f, 0x80, 0x0, 0x0, 0x0, 0x8f, 0x80, 0x0,
    0x0, 0x0, 0x8f, 0x80, 0x0, 0x0, 0x0, 0x8f,
    0x80, 0x0, 0x0, 0x0, 0x8f, 0xff, 0xff, 0xff,
    0xf2, 0x8f, 0xed, 0xdd, 0xdd, 0xd1, 0x8f, 0x80,
    0x0, 0x0, 0x0, 0x8f, 0x80, 0x0, 0x0, 0x0,
    0x8f, 0x80, 0x0, 0x0, 0x0, 0x8f, 0x80, 0x0,
    0x0, 0x0, 0x8f, 0xed, 0xdd, 0xdd, 0xd9, 0x8f,
    0xff, 0xff, 0xff, 0xfb,

    /* U+1EC1 "ề" */
    0x0, 0x0, 0x0, 0x8a, 0x0, 0x0, 0x0, 0x0,
    0x2f, 0x50, 0x0, 0x0, 0x2c, 0x26, 0xb0, 0x0,
    0x2, 0xed, 0xe2, 0x0, 0x0, 0x2e, 0x80, 0x9e,
    0x20, 0x0, 0x0, 0x0, 0x0, 0x0, 0x0, 0x19,
    0xef, 0xe9, 0x10, 0x0, 0xdf, 0xda, 0xdf, 0xd0,
    0x8, 0xf7, 0x0, 0x8, 0xf7, 0xe, 0xf2, 0x22,
    0x22, 0xfc, 0xf, 0xff, 0xff, 0xff, 0xfe, 0x1f,
    0xf5, 0x55, 0x55, 0x54, 0xe, 0xf1, 0x0, 0x0,
    0x0, 0x9, 0xfb, 0x10, 0x3, 0xa0, 0x1, 0xdf,
    0xfc, 0xdf, 0xf4, 0x0, 0x19, 0xef, 0xea, 0x30,

    /* U+1EC2 "Ể" */
    0x0, 0x0, 0x0, 0x9d, 0x70, 0x0, 0x0, 0x0,
    0x14, 0xf4, 0x0, 0x0, 0x47, 0x5, 0xe2, 0x0,
    0x4, 0xee, 0x85, 0x20, 0x0, 0x5f, 0x41, 0xd9,
    0x0, 0x0, 0x0, 0x0, 0x1, 0x0, 0x8f, 0xff,
    0xff, 0xff, 0xfb, 0x8f, 0xed, 0xdd, 0xdd, 0xd9,
    0x8f, 0x80, 0x0, 0x0, 0x0, 0x8f, 0x80, 0x0,
    0x0, 0x0, 0x8f, 0x80, 0x0, 0x0, 0x0, 0x8f,
    0x80, 0x0, 0x0, 0x0, 0x8f, 0xff, 0xff, 0xff,
    0xf2, 0x8f, 0xed, 0xdd, 0xdd, 0xd1, 0x8f, 0x80,
    0x0, 0x0, 0x0, 0x8f, 0x80, 0x0, 0x0, 0x0,
    0x8f, 0x80, 0x0, 0x0, 0x0, 0x8f, 0x80, 0x0,
    0x0, 0x0, 0x8f, 0xed, 0xdd, 0xdd, 0xd9, 0x8f,
    0xff, 0xff, 0xff, 0xfb,

    /* U+1EC3 "ể" */
    0x0, 0x0, 0x0, 0x7d, 0x90, 0x0, 0x0, 0x0,
    0x13, 0xd6, 0x0, 0x0, 0x19, 0x5, 0xd4, 0x0,
    0x1, 0xdf, 0xc5, 0x20, 0x0, 0x1d, 0xb1, 0xbc,
    0x0, 0x0, 0x12, 0x0, 0x2, 0x10, 0x0, 0x19,
    0xef, 0xe9, 0x10, 0x0, 0xdf, 0xda, 0xdf, 0xd0,
    0x8, 0xf7, 0x0, 0x8, 0xf7, 0xe, 0xf2, 0x22,
    0x22, 0xfc, 0xf, 0xff, 0xff, 0xff, 0xfe, 0x1f,
    0xf5, 0x55, 0x55, 0x54, 0xe, 0xf1, 0x0, 0x0,
    0x0, 0x9, 0xfb, 0x10, 0x3, 0xa0, 0x1, 0xdf,
    0xfc, 0xdf, 0xf4, 0x0, 0x19, 0xef, 0xea, 0x30,

    /* U+1EC4 "Ễ" */
    0x0, 0x3d, 0xc5, 0x2e, 0x0, 0x0, 0xc7, 0x6e,
    0xf9, 0x0, 0x0, 0x20, 0x24, 0x10, 0x0, 0x0,
    0x3, 0xee, 0x50, 0x0, 0x0, 0x5e, 0x42, 0xe7,
    0x0, 0x0, 0x11, 0x0, 0x1, 0x0, 0x8f, 0xff,
    0xff, 0xff, 0xfb, 0x8f, 0xed, 0xdd, 0xdd, 0xd9,
    0x8f, 0x80, 0x0, 0x0, 0x0, 0x8f, 0x80, 0x0,
    0x0, 0x0, 0x8f, 0x80, 0x0, 0x0, 0x0, 0x8f,
    0x80, 0x0, 0x0, 0x0, 0x8f, 0xff, 0xff, 0xff,
    0xf2, 0x8f, 0xed, 0xdd, 0xdd, 0xd1, 0x8f, 0x80,
    0x0, 0x0, 0x0, 0x8f, 0x80, 0x0, 0x0, 0x0,
    0x8f, 0x80, 0x0, 0x0, 0x0, 0x8f, 0x80, 0x0,
    0x0, 0x0, 0x8f, 0xed, 0xdd, 0xdd, 0xd9, 0x8f,
    0xff, 0xff, 0xff, 0xfb,

    /* U+1EC5 "ễ" */
    0x0, 0xb, 0xe8, 0xb, 0x60, 0x0, 0x6c, 0x3a,
    0xfe, 0x10, 0x0, 0x11, 0x8, 0x20, 0x0, 0x0,
    0x1, 0xcf, 0xb0, 0x0, 0x0, 0x1c, 0xa1, 0xbb,
    0x0, 0x0, 0x13, 0x0, 0x3, 0x10, 0x0, 0x19,
    0xef, 0xe9, 0x10, 0x0, 0xdf, 0xda, 0xdf, 0xd0,
    0x8, 0xf7, 0x0, 0x8, 0xf7, 0xe, 0xf2, 0x22,
    0x22, 0xfc, 0xf, 0xff, 0xff, 0xff, 0xfe, 0x1f,
    0xf5, 0x55, 0x55, 0x54, 0xe, 0xf1, 0x0, 0x0,
    0x0, 0x9, 0xfb, 0x10, 0x3, 0xa0, 0x1, 0xdf,
    0xfc, 0xdf, 0xf4, 0x0, 0x19, 0xef, 0xea, 0x30,

    /* U+1EC6 "Ệ" */
    0x0, 0x0, 0x1, 0x0, 0x0, 0x0, 0x0, 0x9c,
    0x0, 0x0, 0x0, 0x8, 0xeb, 0xc0, 0x0, 0x0,
    0x7e, 0x20, 0xcb, 0x0, 0x0, 0x0, 0x0, 0x0,
    0x0, 0x8f, 0xff, 0xff, 0xff, 0xfb, 0x8f, 0xed,
    0xdd, 0xdd, 0xd9, 0x8f, 0x80, 0x0, 0x0, 0x0,
    0x8f, 0x80, 0x0, 0x0, 0x0, 0x8f, 0x80, 0x0,
    0x0, 0x0, 0x8f, 0x80, 0x0, 0x0, 0x0, 0x8f,
    0xff, 0xff, 0xff, 0xf2, 0x8f, 0xed, 0xdd, 0xdd,
    0xd1, 0x8f, 0x80, 0x0, 0x0, 0x0, 0x8f, 0x80,
    0x0, 0x0, 0x0, 0x8f, 0x80, 0x0, 0x0, 0x0,
    0x8f, 0x80, 0x0, 0x0, 0x0, 0x8f, 0xed, 0xdd,
    0xdd, 0xd9, 0x8f, 0xff, 0xff, 0xff, 0xfb, 0x0,
    0x0, 0x0, 0x0, 0x0, 0x0, 0x0, 0xff, 0x30,
    0x0, 0x0, 0x0, 0xff, 0x30, 0x0, 0x0, 0x0,
    0x22, 0x0, 0x0,

    /* U+1EC7 "ệ" */
    0x0, 0x0, 0x1, 0x0, 0x0, 0x0, 0x0, 0x4f,
    0x30, 0x0, 0x0, 0x3, 0xfa, 0xf3, 0x0, 0x0,
    0x3f, 0x70, 0x8e, 0x20, 0x0, 0x0, 0x0, 0x0,
    0x0, 0x0, 0x19, 0xef, 0xe9, 0x10, 0x0, 0xdf,
    0xda, 0xdf, 0xd0, 0x8, 0xf7, 0x0, 0x8, 0xf7,
    0xe, 0xf2, 0x22, 0x22, 0xfc, 0xf, 0xff, 0xff,
    0xff, 0xfe, 0x1f, 0xf5, 0x55, 0x55, 0x54, 0xe,
    0xf1, 0x0, 0x0, 0x0, 0x9, 0xfb, 0x10, 0x3,
    0xa0, 0x1, 0xdf, 0xfc, 0xdf, 0xf4, 0x0, 0x19,
    0xef, 0xea, 0x30, 0x0, 0x0, 0x0, 0x0, 0x0,
    0x0, 0x0, 0x8f, 0xb0, 0x0, 0x0, 0x0, 0x8f,
    0xb0, 0x0, 0x0, 0x0, 0x12, 0x10, 0x0,

    /* U+1EC8 "Ỉ" */
    0xad, 0x91, 0x14, 0xda, 0x5, 0xe7, 0x6, 0x20,
    0x8f, 0x80, 0x8f, 0x80, 0x8f, 0x80, 0x8f, 0x80,
    0x8f, 0x80, 0x8f, 0x80, 0x8f, 0x80, 0x8f, 0x80,
    0x8f, 0x80, 0x8f, 0x80, 0x8f, 0x80, 0x8f, 0x80,
    0x8f, 0x80, 0x8f, 0x80,

    /* U+1EC9 "ỉ" */
    0xee, 0x80, 0x25, 0xf6, 0x16, 0xf4, 0x15, 0x10,
    0xaf, 0x40, 0xaf, 0x40, 0xaf, 0x40, 0xaf, 0x40,
    0xaf, 0x40, 0xaf, 0x40, 0xaf, 0x40, 0xaf, 0x40,
    0xaf, 0x40, 0xaf, 0x40,

    /* U+1ECA "Ị" */
    0x8f, 0x88, 0xf8, 0x8f, 0x88, 0xf8, 0x8f, 0x88,
    0xf8, 0x8f, 0x88, 0xf8, 0x8f, 0x88, 0xf8, 0x8f,
    0x88, 0xf8, 0x8f, 0x88, 0xf8, 0x0, 0x9, 0xfa,
    0x9f, 0xa1, 0x21,

    /* U+1ECB "ị" */
    0xcf, 0x6c, 0xf6, 0x46, 0x20, 0x0, 0xaf, 0x4a,
    0xf4, 0xaf, 0x4a, 0xf4, 0xaf, 0x4a, 0xf4, 0xaf,
    0x4a, 0xf4, 0xaf, 0x4a, 0xf4, 0x0, 0xc, 0xf6,
    0xcf, 0x61, 0x21,

    /* U+1ECC "Ọ" */
    0x0, 0x0, 0x5b, 0xef, 0xda, 0x40, 0x0, 0x0,
    0x0, 0xbf, 0xff, 0xff, 0xff, 0xa0, 0x0, 0x0,
    0xaf, 0xe6, 0x0, 0x16, 0xff, 0x90, 0x0, 0x4f,
    0xe2, 0x0, 0x0, 0x3, 0xff, 0x30, 0xa, 0xf7,
    0x0, 0x0, 0x0, 0x9, 0xf9, 0x0, 0xef, 0x20,
    0x0, 0x0, 0x0, 0x3f, 0xd0, 0xf, 0xf0, 0x0,
    0x0, 0x0, 0x1, 0xff, 0x0, 0xff, 0x0, 0x0,
    0x0, 0x0, 0x1f, 0xf0, 0xe, 0xf2, 0x0, 0x0,
    0x0, 0x3, 0xfd, 0x0, 0xbf, 0x70, 0x0, 0x0,
    0x0, 0x9f, 0x90, 0x4, 0xfe, 0x20, 0x0, 0x0,
    0x3f, 0xf3, 0x0, 0xa, 0xfe, 0x50, 0x1, 0x6f,
    0xf9, 0x0, 0x0, 0xb, 0xff, 0xff, 0xff, 0xfa,
    0x0, 0x0, 0x0, 0x5, 0xbe, 0xfe, 0xa4, 0x0,
    0x0, 0x0, 0x0, 0x0, 0x0, 0x0, 0x0, 0x0,
    0x0, 0x0, 0x0, 0xa, 0xf9, 0x0, 0x0, 0x0,
    0x0, 0x0, 0x0, 0xaf, 0x90, 0x0, 0x0, 0x0,
    0x0, 0x0, 0x1, 0x21, 0x0, 0x0, 0x0,

    /* U+1ECD "ọ" */
    0x0, 0x6, 0xdf, 0xea, 0x20, 0x0, 0xb, 0xff,
    0xcd, 0xff, 0x40, 0x7, 0xfc, 0x10, 0x5, 0xfe,
    0x0, 0xdf, 0x20, 0x0, 0xa, 0xf5, 0xf, 0xe0,
    0x0, 0x0, 0x6f, 0x80, 0xfe, 0x0, 0x0, 0x6,
    0xf8, 0xd, 0xf2, 0x0, 0x0, 0xaf, 0x50, 0x7f,
    0xc0, 0x0, 0x5f, 0xe0, 0x0, 0xbf, 0xfc, 0xdf,
    0xf4, 0x0, 0x0, 0x7d, 0xfe, 0xa2, 0x0, 0x0,
    0x0, 0x0, 0x0, 0x0, 0x0, 0x0, 0x5, 0xfd,
    0x0, 0x0, 0x0, 0x0, 0x5f, 0xd0, 0x0, 0x0,
    0x0, 0x0, 0x22, 0x0, 0x0,

    /* U+1ECE "Ỏ" */
    0x0, 0x0, 0x0, 0xbd, 0x80, 0x0, 0x0, 0x0,
    0x0, 0x0, 0x2, 0x4e, 0x80, 0x0, 0x0, 0x0,
    0x0, 0x0, 0x3, 0xe7, 0x0, 0x0, 0x0, 0x0,
    0x0, 0x0, 0x84, 0x0, 0x0, 0x0, 0x0, 0x0,
    0x5b, 0xef, 0xda, 0x40, 0x0, 0x0, 0x0, 0xbf,
    0xff, 0xff, 0xff, 0xa0, 0x0, 0x0, 0xaf, 0xe6,
    0x0, 0x16, 0xff, 0x90, 0x0, 0x4f, 0xe2, 0x0,
    0x0, 0x3, 0xff, 0x30, 0xa, 0xf7, 0x0, 0x0,
    0x0, 0x9, 0xf9, 0x0, 0xef, 0x20, 0x0, 0x0,
    0x0, 0x3f, 0xd0, 0xf, 0xf0, 0x0, 0x0, 0x0,
    0x1, 0xff, 0x0, 0xff, 0x0, 0x0, 0x0, 0x0,
    0x1f, 0xf0, 0xe, 0xf2, 0x0, 0x0, 0x0, 0x3,
    0xfd, 0x0, 0xbf, 0x70, 0x0, 0x0, 0x0, 0x9f,
    0x90, 0x4, 0xfe, 0x20, 0x0, 0x0, 0x3f, 0xf3,
    0x0, 0xa, 0xfe, 0x50, 0x1, 0x6f, 0xf9, 0x0,
    0x0, 0xb, 0xff, 0xff, 0xff, 0xfa, 0x0, 0x0,
    0x0, 0x5, 0xbe, 0xfe, 0xa4, 0x0, 0x0,

    /* U+1ECF "ỏ" */
    0x0, 0x0, 0x7e, 0xb3, 0x0, 0x0, 0x0, 0x0,
    0x3b, 0xd0, 0x0, 0x0, 0x0, 0x3, 0xbb, 0x0,
    0x0, 0x0, 0x0, 0x65, 0x0, 0x0, 0x0, 0x6,
    0xdf, 0xea, 0x20, 0x0, 0xb, 0xff, 0xcd, 0xff,
    0x40, 0x7, 0xfc, 0x10, 0x5, 0xfe, 0x0, 0xdf,
    0x20, 0x0, 0xa, 0xf5, 0xf, 0xe0, 0x0, 0x0,
    0x6f, 0x80, 0xfe, 0x0, 0x0, 0x6, 0xf8, 0xd,
    0xf2, 0x0, 0x0, 0xaf, 0x50, 0x7f, 0xc0, 0x0,
    0x5f, 0xe0, 0x0, 0xbf, 0xfc, 0xdf, 0xf4, 0x0,
    0x0, 0x7d, 0xfe, 0xa2, 0x0,

    /* U+1ED0 "Ố" */
    0x0, 0x0, 0x0, 0x0, 0x0, 0xa8, 0x0, 0x0,
    0x0, 0x0, 0x0, 0x0, 0x5f, 0x20, 0x0, 0x0,
    0x0, 0x0, 0x18, 0xb, 0x60, 0x0, 0x0, 0x0,
    0x0, 0x1d, 0xdc, 0x10, 0x0, 0x0, 0x0, 0x0,
    0x2e, 0x80, 0x9d, 0x10, 0x0, 0x0, 0x0, 0x0,
    0x0, 0x0, 0x0, 0x0, 0x0, 0x0, 0x0, 0x5b,
    0xef, 0xda, 0x40, 0x0, 0x0, 0x0, 0xbf, 0xff,
    0xff, 0xff, 0xa0, 0x0, 0x0, 0xaf, 0xe6, 0x0,
    0x16, 0xff, 0x90, 0x0, 0x4f, 0xe2, 0x0, 0x0,
    0x3, 0xff, 0x30, 0xa, 0xf7, 0x0, 0x0, 0x0,
    0x9, 0xf9, 0x0, 0xef, 0x20, 0x0, 0x0, 0x0,
    0x3f, 0xd0, 0xf, 0xf0, 0x0, 0x0, 0x0, 0x1,
    0xff, 0x0, 0xff, 0x0, 0x0, 0x0, 0x0, 0x1f,
    0xf0, 0xe, 0xf2, 0x0, 0x0, 0x0, 0x3, 0xfd,
    0x0, 0xbf, 0x70, 0x0, 0x0, 0x0, 0x9f, 0x90,
    0x4, 0xfe, 0x20, 0x0, 0x0, 0x3f, 0xf3, 0x0,
    0xa, 0xfe, 0x50, 0x1, 0x6f, 0xf9, 0x0, 0x0,
    0xb, 0xff, 0xff, 0xff, 0xfa, 0x0, 0x0, 0x0,
    0x5, 0xbe, 0xfe, 0xa4, 0x0, 0x0,

    /* U+1ED1 "ố" */
    0x0, 0x0, 0x0, 0x0, 0x6b, 0x0, 0x0, 0x0,
    0x0, 0x1f, 0x60, 0x0, 0x0, 0xb, 0x57, 0xa0,
    0x0, 0x0, 0xc, 0xdf, 0x50, 0x0, 0x0, 0xc,
    0xc0, 0x5f, 0x50, 0x0, 0x0, 0x0, 0x0, 0x0,
    0x0, 0x0, 0x6, 0xdf, 0xea, 0x20, 0x0, 0xb,
    0xff, 0xcd, 0xff, 0x40, 0x7, 0xfc, 0x10, 0x5,
    0xfe, 0x0, 0xdf, 0x20, 0x0, 0xa, 0xf5, 0xf,
    0xe0, 0x0, 0x0, 0x6f, 0x80, 0xfe, 0x0, 0x0,
    0x6, 0xf8, 0xd, 0xf2, 0x0, 0x0, 0xaf, 0x50,
    0x7f, 0xc0, 0x0, 0x5f, 0xe0, 0x0, 0xbf, 0xfc,
    0xdf, 0xf4, 0x0, 0x0, 0x7d, 0xfe, 0xa2, 0x0,

    /* U+1ED2 "Ồ" */
    0x0, 0x0, 0x0, 0x0, 0x8a, 0x0, 0x0, 0x0,
    0x0, 0x0, 0x0, 0x2, 0xf5, 0x0, 0x0, 0x0,
    0x0, 0x0, 0x18, 0x6, 0xb0, 0x0, 0x0, 0x0,
    0x0, 0x1d, 0xdc, 0x10, 0x0, 0x0, 0x0, 0x0,
    0x2e, 0x80, 0x9d, 0x10, 0x0, 0x0, 0x0, 0x0,
    0x0, 0x0, 0x0, 0x0, 0x0, 0x0, 0x0, 0x5b,
    0xef, 0xda, 0x40, 0x0, 0x0, 0x0, 0xbf, 0xff,
    0xff, 0xff, 0xa0, 0x0, 0x0, 0xaf, 0xe6, 0x0,
    0x16, 0xff, 0x90, 0x0, 0x4f, 0xe2, 0x0, 0x0,
    0x3, 0xff, 0x30, 0xa, 0xf7, 0x0, 0x0, 0x0,
    0x9, 0xf9, 0x0, 0xef, 0x20, 0x0, 0x0, 0x0,
    0x3f, 0xd0, 0xf, 0xf0, 0x0, 0x0, 0x0, 0x1,
    0xff, 0x0, 0xff, 0x0, 0x0, 0x0, 0x0, 0x1f,
    0xf0, 0xe, 0xf2, 0x0, 0x0, 0x0, 0x3, 0xfd,
    0x0, 0xbf, 0x70, 0x0, 0x0, 0x0, 0x9f, 0x90,
    0x4, 0xfe, 0x20, 0x0, 0x0, 0x3f, 0xf3, 0x0,
    0xa, 0xfe, 0x50, 0x1, 0x6f, 0xf9, 0x0, 0x0,
    0xb, 0xff, 0xff, 0xff, 0xfa, 0x0, 0x0, 0x0,
    0x5, 0xbe, 0xfe, 0xa4, 0x0, 0x0,

    /* U+1ED3 "ồ" */
    0x0, 0x0, 0x0, 0x4c, 0x10, 0x0, 0x0, 0x0,
    0x0, 0xc9, 0x0, 0x0, 0x0, 0xb, 0x52, 0xd1,
    0x0, 0x0, 0xc, 0xdf, 0x50, 0x0, 0x0, 0xc,
    0xc0, 0x5f, 0x50, 0x0, 0x0, 0x0, 0x0, 0x0,
    0x0, 0x0, 0x6, 0xdf, 0xea, 0x20, 0x0, 0xb,
    0xff, 0xcd, 0xff, 0x40, 0x7, 0xfc, 0x10, 0x5,
    0xfe, 0x0, 0xdf, 0x20, 0x0, 0xa, 0xf5, 0xf,
    0xe0, 0x0, 0x0, 0x6f, 0x80, 0xfe, 0x0, 0x0,
    0x6, 0xf8, 0xd, 0xf2, 0x0, 0x0, 0xaf, 0x50,
    0x7f, 0xc0, 0x0, 0x5f, 0xe0, 0x0, 0xbf, 0xfc,
    0xdf, 0xf4, 0x0, 0x0, 0x7d, 0xfe, 0xa2, 0x0,

    /* U+1ED4 "Ổ" */
    0x0, 0x0, 0x0, 0x0, 0x4d, 0xa1, 0x0, 0x0,
    0x0, 0x0, 0x0, 0x0, 0x2b, 0x90, 0x0, 0x0,
    0x0, 0x0, 0x8, 0x2, 0xb8, 0x0, 0x0, 0x0,
    0x0, 0xc, 0xeb, 0x55, 0x0, 0x0, 0x0, 0x0,
    0xc, 0xb1, 0xcb, 0x0, 0x0, 0x0, 0x0, 0x2,
    0x40, 0x1, 0x41, 0x0, 0x0, 0x0, 0x0, 0x5b,
    0xef, 0xda, 0x40, 0x0, 0x0, 0x0, 0xbf, 0xff,
    0xff, 0xff, 0xa0, 0x0, 0x0, 0xaf, 0xe6, 0x0,
    0x16, 0xff, 0x90, 0x0, 0x4f, 0xe2, 0x0, 0x0,
    0x3, 0xff, 0x30, 0xa, 0xf7, 0x0, 0x0, 0x0,
    0x9, 0xf9, 0x0, 0xef, 0x20, 0x0, 0x0, 0x0,
    0x3f, 0xd0, 0xf, 0xf0, 0x0, 0x0, 0x0, 0x1,
    0xff, 0x0, 0xff, 0x0, 0x0, 0x0, 0x0, 0x1f,
    0xf0, 0xe, 0xf2, 0x0, 0x0, 0x0, 0x3, 0xfd,
    0x0, 0xbf, 0x70, 0x0, 0x0, 0x0, 0x9f, 0x90,
    0x4, 0xfe, 0x20, 0x0, 0x0, 0x3f, 0xf3, 0x0,
    0xa, 0xfe, 0x50, 0x1, 0x6f, 0xf9, 0x0, 0x0,
    0xb, 0xff, 0xff, 0xff, 0xfa, 0x0, 0x0, 0x0,
    0x5, 0xbe, 0xfe, 0xa4, 0x0, 0x0,

    /* U+1ED5 "ổ" */
    0x0, 0x0, 0x0, 0x3e, 0xb2, 0x0, 0x0, 0x0,
    0x0, 0x3a, 0xb0, 0x0, 0x0, 0x8, 0x32, 0xb9,
    0x0, 0x0, 0x9, 0xfe, 0x53, 0x0, 0x0, 0x9,
    0xe2, 0x7e, 0x30, 0x0, 0x0, 0x21, 0x0, 0x21,
    0x0, 0x0, 0x6, 0xdf, 0xea, 0x20, 0x0, 0xb,
    0xff, 0xcd, 0xff, 0x40, 0x7, 0xfc, 0x10, 0x5,
    0xfe, 0x0, 0xdf, 0x20, 0x0, 0xa, 0xf5, 0xf,
    0xe0, 0x0, 0x0, 0x6f, 0x80, 0xfe, 0x0, 0x0,
    0x6, 0xf8, 0xd, 0xf2, 0x0, 0x0, 0xaf, 0x50,
    0x7f, 0xc0, 0x0, 0x5f, 0xe0, 0x0, 0xbf, 0xfc,
    0xdf, 0xf4, 0x0, 0x0, 0x7d, 0xfe, 0xa2, 0x0,

    /* U+1ED6 "Ỗ" */
    0x0, 0x0, 0xb, 0xe8, 0xb, 0x60, 0x0, 0x0,
    0x0, 0x6, 0xc3, 0xcf, 0xe1, 0x0, 0x0, 0x0,
    0x0, 0x11, 0x5, 0x10, 0x0, 0x0, 0x0, 0x0,
    0x0, 0xa, 0xf9, 0x0, 0x0, 0x0, 0x0, 0x0,
    0xb, 0xc1, 0xca, 0x0, 0x0, 0x0, 0x0, 0x2,
    0x50, 0x1, 0x51, 0x0, 0x0, 0x0, 0x0, 0x5b,
    0xef, 0xda, 0x40, 0x0, 0x0, 0x0, 0xbf, 0xff,
    0xff, 0xff, 0xa0, 0x0, 0x0, 0xaf, 0xe6, 0x0,
    0x16, 0xff, 0x90, 0x0, 0x4f, 0xe2, 0x0, 0x0,
    0x3, 0xff, 0x30, 0xa, 0xf7, 0x0, 0x0, 0x0,
    0x9, 0xf9, 0x0, 0xef, 0x20, 0x0, 0x0, 0x0,
    0x3f, 0xd0, 0xf, 0xf0, 0x0, 0x0, 0x0, 0x1,
    0xff, 0x0, 0xff, 0x0, 0x0, 0x0, 0x0, 0x1f,
    0xf0, 0xe, 0xf2, 0x0, 0x0, 0x0, 0x3, 0xfd,
    0x0, 0xbf, 0x70, 0x0, 0x0, 0x0, 0x9f, 0x90,
    0x4, 0xfe, 0x20, 0x0, 0x0, 0x3f, 0xf3, 0x0,
    0xa, 0xfe, 0x50, 0x1, 0x6f, 0xf9, 0x0, 0x0,
    0xb, 0xff, 0xff, 0xff, 0xfa, 0x0, 0x0, 0x0,
    0x5, 0xbe, 0xfe, 0xa4, 0x0, 0x0,

    /* U+1ED7 "ỗ" */
    0x0, 0x8, 0xea, 0x27, 0xa0, 0x0, 0x2, 0xf3,
    0x7f, 0xf4, 0x0, 0x0, 0x2, 0x7, 0x31, 0x0,
    0x0, 0x0, 0x8, 0xfe, 0x20, 0x0, 0x0, 0x9,
    0xe2, 0x7e, 0x20, 0x0, 0x0, 0x31, 0x0, 0x22,
    0x0, 0x0, 0x6, 0xdf, 0xea, 0x20, 0x0, 0xb,
    0xff, 0xcd, 0xff, 0x40, 0x7, 0xfc, 0x10, 0x5,
    0xfe, 0x0, 0xdf, 0x20, 0x0, 0xa, 0xf5, 0xf,
    0xe0, 0x0, 0x0, 0x6f, 0x80, 0xfe, 0x0, 0x0,
    0x6, 0xf8, 0xd, 0xf2, 0x0, 0x0, 0xaf, 0x50,
    0x7f, 0xc0, 0x0, 0x5f, 0xe0, 0x0, 0xbf, 0xfc,
    0xdf, 0xf4, 0x0, 0x0, 0x7d, 0xfe, 0xa2, 0x0,

    /* U+1ED8 "Ộ" */
    0x0, 0x0, 0x0, 0x1, 0x0, 0x0, 0x0, 0x0,
    0x0, 0x0, 0x4, 0xf3, 0x0, 0x0, 0x0, 0x0,
    0x0, 0x3, 0xfa, 0xf3, 0x0, 0x0, 0x0, 0x0,
    0x3, 0xf7, 0x8, 0xe2, 0x0, 0x0, 0x0, 0x0,
    0x0, 0x0, 0x0, 0x0, 0x0, 0x0, 0x0, 0x5,
    0xbe, 0xfd, 0xa4, 0x0, 0x0, 0x0, 0xb, 0xff,
    0xff, 0xff, 0xfa, 0x0, 0x0, 0xa, 0xfe, 0x60,
    0x1, 0x6f, 0xf9, 0x0, 0x4, 0xfe, 0x20, 0x0,
    0x0, 0x3f, 0xf3, 0x0, 0xaf, 0x70, 0x0, 0x0,
    0x0, 0x9f, 0x90, 0xe, 0xf2, 0x0, 0x0, 0x0,
    0x3, 0xfd, 0x0, 0xff, 0x0, 0x0, 0x0, 0x0,
    0x1f, 0xf0, 0xf, 0xf0, 0x0, 0x0, 0x0, 0x1,
    0xff, 0x0, 0xef, 0x20, 0x0, 0x0, 0x0, 0x3f,
    0xd0, 0xb, 0xf7, 0x0, 0x0, 0x0, 0x9, 0xf9,
    0x0, 0x4f, 0xe2, 0x0, 0x0, 0x3, 0xff, 0x30,
    0x0, 0xaf, 0xe5, 0x0, 0x16, 0xff, 0x90, 0x0,
    0x0, 0xbf, 0xff, 0xff, 0xff, 0xa0, 0x0, 0x0,
    0x0, 0x5b, 0xef, 0xea, 0x40, 0x0, 0x0, 0x0,
    0x0, 0x0, 0x0, 0x0, 0x0, 0x0, 0x0, 0x0,
    0x0, 0xaf, 0x90, 0x0, 0x0, 0x0, 0x0, 0x0,
    0xa, 0xf9, 0x0, 0x0, 0x0, 0x0, 0x0, 0x0,
    0x12, 0x10, 0x0, 0x0, 0x0,

    /* U+1ED9 "ộ" */
    0x0, 0x0, 0x1, 0x0, 0x0, 0x0, 0x0, 0x1,
    0xe8, 0x0, 0x0, 0x0, 0x1, 0xdb, 0xe6, 0x0,
    0x0, 0x0, 0xcb, 0x3, 0xf5, 0x0, 0x0, 0x0,
    0x0, 0x0, 0x0, 0x0, 0x0, 0x6d, 0xfe, 0xa2,
    0x0, 0x0, 0xbf, 0xfc, 0xdf, 0xf4, 0x0, 0x7f,
    0xc1, 0x0, 0x5f, 0xe0, 0xd, 0xf2, 0x0, 0x0,
    0xaf, 0x50, 0xfe, 0x0, 0x0, 0x6, 0xf8, 0xf,
    0xe0, 0x0, 0x0, 0x6f, 0x80, 0xdf, 0x20, 0x0,
    0xa, 0xf5, 0x7, 0xfc, 0x0, 0x5, 0xfe, 0x0,
    0xb, 0xff, 0xcd, 0xff, 0x40, 0x0, 0x7, 0xdf,
    0xea, 0x20, 0x0, 0x0, 0x0, 0x0, 0x0, 0x0,
    0x0, 0x0, 0x5f, 0xd0, 0x0, 0x0, 0x0, 0x5,
    0xfd, 0x0, 0x0, 0x0, 0x0, 0x2, 0x20, 0x0,
    0x0,

    /* U+1EDA "Ớ" */
    0x0, 0x0, 0x0, 0x0, 0x8f, 0x70, 0x0, 0x0,
    0x0, 0x0, 0x0, 0x6f, 0x50, 0x0, 0x0, 0x0,
    0x0, 0x0, 0x7, 0x30, 0x0, 0x0, 0x0, 0x0,
    0x0, 0x0, 0x0, 0x0, 0x0, 0x0, 0x0, 0x0,
    0x5b, 0xef, 0xda, 0x40, 0xa, 0xb0, 0x0, 0xbf,
    0xff, 0xff, 0xff, 0xa0, 0xba, 0x0, 0xaf, 0xe6,
    0x0, 0x16, 0xff, 0xdf, 0x60, 0x4f, 0xe2, 0x0,
    0x0, 0x3, 0xff, 0xe0, 0xa, 0xf7, 0x0, 0x0,
    0x0, 0x9, 0xf9, 0x0, 0xef, 0x20, 0x0, 0x0,
    0x0, 0x3f, 0xd0, 0xf, 0xf0, 0x0, 0x0, 0x0,
    0x1, 0xff, 0x0, 0xff, 0x0, 0x0, 0x0, 0x0,
    0x1f, 0xf0, 0xe, 0xf2, 0x0, 0x0, 0x0, 0x3,
    0xfd, 0x0, 0xbf, 0x70, 0x0, 0x0, 0x0, 0x9f,
    0x90, 0x4, 0xfe, 0x20, 0x0, 0x0, 0x3f, 0xf3,
    0x0, 0xa, 0xfe, 0x50, 0x1, 0x6f, 0xf9, 0x0,
    0x0, 0xb, 0xff, 0xff, 0xff, 0xfa, 0x0, 0x0,
    0x0, 0x5, 0xbe, 0xfe, 0xa4, 0x0, 0x0,

    /* U+1EDB "ớ" */
    0x0, 0x0, 0x0, 0x3f, 0xc0, 0x0, 0x0, 0x0,
    0x0, 0xdc, 0x0, 0x0, 0x0, 0x0, 0x9, 0xc1,
    0x0, 0x0, 0x0, 0x0, 0x0, 0x0, 0x0, 0xac,
    0x0, 0x6, 0xdf, 0xea, 0x20, 0xbb, 0x0, 0xbf,
    0xfc, 0xdf, 0xf8, 0xf7, 0x7, 0xfc, 0x10, 0x5,
    0xff, 0xc0, 0xd, 0xf2, 0x0, 0x0, 0xbf, 0x50,
    0xf, 0xe0, 0x0, 0x0, 0x6f, 0x80, 0xf, 0xe0,
    0x0, 0x0, 0x6f, 0x80, 0xd, 0xf2, 0x0, 0x0,
    0xaf, 0x50, 0x7, 0xfc, 0x0, 0x5, 0xfe, 0x0,
    0x0, 0xbf, 0xfc, 0xdf, 0xf4, 0x0, 0x0, 0x7,
    0xdf, 0xea, 0x20, 0x0,

    /* U+1EDC "Ờ" */
    0x0, 0x0, 0x7f, 0x80, 0x0, 0x0, 0x0, 0x0,
    0x0, 0x0, 0x6f, 0x50, 0x0, 0x0, 0x0, 0x0,
    0x0, 0x0, 0x47, 0x0, 0x0, 0x0, 0x0, 0x0,
    0x0, 0x0, 0x0, 0x0, 0x0, 0x0, 0x0, 0x0,
    0x5b, 0xef, 0xda, 0x40, 0xa, 0xb0, 0x0, 0xbf,
    0xff, 0xff, 0xff, 0xa0, 0xba, 0x0, 0xaf, 0xe6,
    0x0, 0x16, 0xff, 0xdf, 0x60, 0x4f, 0xe2, 0x0,
    0x0, 0x3, 0xff, 0xe0, 0xa, 0xf7, 0x0, 0x0,
    0x0, 0x9, 0xf9, 0x0, 0xef, 0x20, 0x0, 0x0,
    0x0, 0x3f, 0xd0, 0xf, 0xf0, 0x0, 0x0, 0x0,
    0x1, 0xff, 0x0, 0xff, 0x0, 0x0, 0x0, 0x0,
    0x1f, 0xf0, 0xe, 0xf2, 0x0, 0x0, 0x0, 0x3,
    0xfd, 0x0, 0xbf, 0x70, 0x0, 0x0, 0x0, 0x9f,
    0x90, 0x4, 0xfe, 0x20, 0x0, 0x0, 0x3f, 0xf3,
    0x0, 0xa, 0xfe, 0x50, 0x1, 0x6f, 0xf9, 0x0,
    0x0, 0xb, 0xff, 0xff, 0xff, 0xfa, 0x0, 0x0,
    0x0, 0x5, 0xbe, 0xfe, 0xa4, 0x0, 0x0,

    /* U+1EDD "ờ" */
    0x0, 0x4f, 0xc0, 0x0, 0x0, 0x0, 0x0, 0x4,
    0xf7, 0x0, 0x0, 0x0, 0x0, 0x0, 0x5e, 0x20,
    0x0, 0x0, 0x0, 0x0, 0x0, 0x0, 0x0, 0xac,
    0x0, 0x6, 0xdf, 0xea, 0x20, 0xbb, 0x0, 0xbf,
    0xfc, 0xdf, 0xf8, 0xf7, 0x7, 0xfc, 0x10, 0x5,
    0xff, 0xc0, 0xd, 0xf2, 0x0, 0x0, 0xbf, 0x50,
    0xf, 0xe0, 0x0, 0x0, 0x6f, 0x80, 0xf, 0xe0,
    0x0, 0x0, 0x6f, 0x80, 0xd, 0xf2, 0x0, 0x0,
    0xaf, 0x50, 0x7, 0xfc, 0x0, 0x5, 0xfe, 0x0,
    0x0, 0xbf, 0xfc, 0xdf, 0xf4, 0x0, 0x0, 0x7,
    0xdf, 0xea, 0x20, 0x0,

    /* U+1EDE "Ở" */
    0x0, 0x0, 0x0, 0xbd, 0x80, 0x0, 0x0, 0x0,
    0x0, 0x0, 0x2, 0x4e, 0x80, 0x0, 0x0, 0x0,
    0x0, 0x0, 0x3, 0xe7, 0x0, 0x0, 0x0, 0x0,
    0x0, 0x0, 0x84, 0x0, 0x0, 0x0, 0x0, 0x0,
    0x5b, 0xef, 0xda, 0x40, 0xa, 0xb0, 0x0, 0xbf,
    0xff, 0xff, 0xff, 0xa0, 0xba, 0x0, 0xaf, 0xe6,
    0x0, 0x16, 0xff, 0xdf, 0x60, 0x4f, 0xe2, 0x0,
    0x0, 0x3, 0xff, 0xe0, 0xa, 0xf7, 0x0, 0x0,
    0x0, 0x9, 0xf9, 0x0, 0xef, 0x20, 0x0, 0x0,
    0x0, 0x3f, 0xd0, 0xf, 0xf0, 0x0, 0x0, 0x0,
    0x1, 0xff, 0x0, 0xff, 0x0, 0x0, 0x0, 0x0,
    0x1f, 0xf0, 0xe, 0xf2, 0x0, 0x0, 0x0, 0x3,
    0xfd, 0x0, 0xbf, 0x70, 0x0, 0x0, 0x0, 0x9f,
    0x90, 0x4, 0xfe, 0x20, 0x0, 0x0, 0x3f, 0xf3,
    0x0, 0xa, 0xfe, 0x50, 0x1, 0x6f, 0xf9, 0x0,
    0x0, 0xb, 0xff, 0xff, 0xff, 0xfa, 0x0, 0x0,
    0x0, 0x5, 0xbe, 0xfe, 0xa4, 0x0, 0x0,

    /* U+1EDF "ở" */
    0x0, 0x0, 0x7e, 0xb3, 0x0, 0x0, 0x0, 0x0,
    0x3, 0xbd, 0x0, 0x0, 0x0, 0x0, 0x3, 0xbb,
    0x0, 0x1, 0x0, 0x0, 0x6, 0x50, 0x0, 0xac,
    0x0, 0x6, 0xdf, 0xea, 0x20, 0xbb, 0x0, 0xbf,
    0xfc, 0xdf, 0xf8, 0xf7, 0x7, 0xfc, 0x10, 0x5,
    0xff, 0xc0, 0xd, 0xf2, 0x0, 0x0, 0xbf, 0x50,
    0xf, 0xe0, 0x0, 0x0, 0x6f, 0x80, 0xf, 0xe0,
    0x0, 0x0, 0x6f, 0x80, 0xd, 0xf2, 0x0, 0x0,
    0xaf, 0x50, 0x7, 0xfc, 0x0, 0x5, 0xfe, 0x0,
    0x0, 0xbf, 0xfc, 0xdf, 0xf4, 0x0, 0x0, 0x7,
    0xdf, 0xea, 0x20, 0x0,

    /* U+1EE0 "Ỡ" */
    0x0, 0x0, 0x1b, 0xd3, 0x7, 0xa0, 0x0, 0x0,
    0x0, 0x8, 0xb6, 0xe1, 0xb8, 0x0, 0x0, 0x0,
    0x0, 0xc6, 0x7, 0xfd, 0x10, 0x0, 0x0, 0x0,
    0x1, 0x0, 0x0, 0x0, 0x0, 0x0, 0x0, 0x0,
    0x5b, 0xef, 0xda, 0x40, 0xa, 0xb0, 0x0, 0xbf,
    0xff, 0xff, 0xff, 0xa0, 0xba, 0x0, 0xaf, 0xe6,
    0x0, 0x16, 0xff, 0xdf, 0x60, 0x4f, 0xe2, 0x0,
    0x0, 0x3, 0xff, 0xe0, 0xa, 0xf7, 0x0, 0x0,
    0x0, 0x9, 0xf9, 0x0, 0xef, 0x20, 0x0, 0x0,
    0x0, 0x3f, 0xd0, 0xf, 0xf0, 0x0, 0x0, 0x0,
    0x1, 0xff, 0x0, 0xff, 0x0, 0x0, 0x0, 0x0,
    0x1f, 0xf0, 0xe, 0xf2, 0x0, 0x0, 0x0, 0x3,
    0xfd, 0x0, 0xbf, 0x70, 0x0, 0x0, 0x0, 0x9f,
    0x90, 0x4, 0xfe, 0x20, 0x0, 0x0, 0x3f, 0xf3,
    0x0, 0xa, 0xfe, 0x50, 0x1, 0x6f, 0xf9, 0x0,
    0x0, 0xb, 0xff, 0xff, 0xff, 0xfa, 0x0, 0x0,
    0x0, 0x5, 0xbe, 0xfe, 0xa4, 0x0, 0x0,

    /* U+1EE1 "ỡ" */
    0x0, 0xb, 0xfb, 0x36, 0xf0, 0x0, 0x0, 0x6d,
    0x5b, 0xff, 0x70, 0x0, 0x0, 0x11, 0x0, 0x11,
    0x0, 0x57, 0x0, 0x0, 0x0, 0x0, 0x0, 0xac,
    0x0, 0x6, 0xdf, 0xea, 0x20, 0xca, 0x0, 0xbf,
    0xfc, 0xdf, 0xf8, 0xf5, 0x7, 0xfc, 0x10, 0x5,
    0xff, 0xb0, 0xd, 0xf2, 0x0, 0x0, 0xbf, 0x50,
    0xf, 0xe0, 0x0, 0x0, 0x6f, 0x80, 0xf, 0xe0,
    0x0, 0x0, 0x6f, 0x80, 0xd, 0xf2, 0x0, 0x0,
    0xaf, 0x50, 0x7, 0xfc, 0x0, 0x5, 0xfe, 0x0,
    0x0, 0xbf, 0xfc, 0xdf, 0xf4, 0x0, 0x0, 0x7,
    0xdf, 0xea, 0x20, 0x0,

    /* U+1EE2 "Ợ" */
    0x0, 0x0, 0x5b, 0xef, 0xda, 0x40, 0xa, 0xb0,
    0x0, 0xbf, 0xff, 0xff, 0xff, 0xa0, 0xba, 0x0,
    0xaf, 0xe6, 0x0, 0x16, 0xff, 0xdf, 0x60, 0x4f,
    0xe2, 0x0, 0x0, 0x3, 0xff, 0xe0, 0xa, 0xf7,
    0x0, 0x0, 0x0, 0x9, 0xf9, 0x0, 0xef, 0x20,
    0x0, 0x0, 0x0, 0x3f, 0xd0, 0xf, 0xf0, 0x0,
    0x0, 0x0, 0x1, 0xff, 0x0, 0xff, 0x0, 0x0,
    0x0, 0x0, 0x1f, 0xf0, 0xe, 0xf2, 0x0, 0x0,
    0x0, 0x3, 0xfd, 0x0, 0xbf, 0x70, 0x0, 0x0,
    0x0, 0x9f, 0x90, 0x4, 0xfe, 0x20, 0x0, 0x0,
    0x3f, 0xf3, 0x0, 0xa, 0xfe, 0x50, 0x1, 0x6f,
    0xf9, 0x0, 0x0, 0xb, 0xff, 0xff, 0xff, 0xfa,
    0x0, 0x0, 0x0, 0x5, 0xbe, 0xfe, 0xa4, 0x0,
    0x0, 0x0, 0x0, 0x0, 0x0, 0x0, 0x0, 0x0,
    0x0, 0x0, 0x0, 0xa, 0xf9, 0x0, 0x0, 0x0,
    0x0, 0x0, 0x0, 0xaf, 0x90, 0x0, 0x0, 0x0,
    0x0, 0x0, 0x1, 0x21, 0x0, 0x0, 0x0,

    /* U+1EE3 "ợ" */
    0x0, 0x0, 0x0, 0x0, 0x0, 0xac, 0x0, 0x6,
    0xdf, 0xea, 0x20, 0xbb, 0x0, 0xbf, 0xfc, 0xdf,
    0xf8, 0xf7, 0x7, 0xfc, 0x10, 0x5, 0xff, 0xc0,
    0xd, 0xf2, 0x0, 0x0, 0xbf, 0x50, 0xf, 0xe0,
    0x0, 0x0, 0x6f, 0x80, 0xf, 0xe0, 0x0, 0x0,
    0x6f, 0x80, 0xd, 0xf2, 0x0, 0x0, 0xaf, 0x50,
    0x7, 0xfc, 0x0, 0x5, 0xfe, 0x0, 0x0, 0xbf,
    0xfc, 0xdf, 0xf4, 0x0, 0x0, 0x7, 0xdf, 0xea,
    0x20, 0x0, 0x0, 0x0, 0x0, 0x0, 0x0, 0x0,
    0x0, 0x0, 0x5f, 0xd0, 0x0, 0x0, 0x0, 0x0,
    0x5f, 0xd0, 0x0, 0x0, 0x0, 0x0, 0x2, 0x20,
    0x0, 0x0,

    /* U+1EE4 "Ụ" */
    0xaf, 0x60, 0x0, 0x0, 0x4f, 0xba, 0xf6, 0x0,
    0x0, 0x4, 0xfb, 0xaf, 0x60, 0x0, 0x0, 0x4f,
    0xba, 0xf6, 0x0, 0x0, 0x4, 0xfb, 0xaf, 0x60,
    0x0, 0x0, 0x4f, 0xba, 0xf6, 0x0, 0x0, 0x4,
    0xfb, 0xaf, 0x60, 0x0, 0x0, 0x4f, 0xba, 0xf6,
    0x0, 0x0, 0x4, 0xfb, 0xaf, 0x60, 0x0, 0x0,
    0x4f, 0xb9, 0xf7, 0x0, 0x0, 0x5, 0xfa, 0x7f,
    0xb0, 0x0, 0x0, 0x9f, 0x81, 0xff, 0x70, 0x0,
    0x6f, 0xf2, 0x7, 0xff, 0xfe, 0xff, 0xf7, 0x0,
    0x4, 0xbe, 0xfe, 0xb4, 0x0, 0x0, 0x0, 0x0,
    0x0, 0x0, 0x0, 0x0, 0x8, 0xfb, 0x0, 0x0,
    0x0, 0x0, 0x8f, 0xb0, 0x0, 0x0, 0x0, 0x1,
    0x21, 0x0, 0x0,

    /* U+1EE5 "ụ" */
    0xcf, 0x30, 0x0, 0x4f, 0xac, 0xf3, 0x0, 0x4,
    0xfa, 0xcf, 0x30, 0x0, 0x4f, 0xac, 0xf3, 0x0,
    0x4, 0xfa, 0xcf, 0x30, 0x0, 0x4f, 0xac, 0xf3,
    0x0, 0x5, 0xfa, 0xbf, 0x40, 0x0, 0x8f, 0xa9,
    0xfa, 0x0, 0x1f, 0xfa, 0x3f, 0xfd, 0xbf, 0xff,
    0xa0, 0x4c, 0xfe, 0x95, 0xfa, 0x0, 0x0, 0x0,
    0x0, 0x0, 0x0, 0x9f, 0xa0, 0x0, 0x0, 0x9,
    0xfa, 0x0, 0x0, 0x0, 0x12, 0x10, 0x0,

    /* U+1EE6 "Ủ" */
    0x0, 0x0, 0xad, 0x91, 0x0, 0x0, 0x0, 0x1,
    0x4d, 0xa0, 0x0, 0x0, 0x0, 0x5, 0xd8, 0x0,
    0x0, 0x0, 0x0, 0x62, 0x0, 0x0, 0xaf, 0x60,
    0x0, 0x0, 0x4f, 0xba, 0xf6, 0x0, 0x0, 0x4,
    0xfb, 0xaf, 0x60, 0x0, 0x0, 0x4f, 0xba, 0xf6,
    0x0, 0x0, 0x4, 0xfb, 0xaf, 0x60, 0x0, 0x0,
    0x4f, 0xba, 0xf6, 0x0, 0x0, 0x4, 0xfb, 0xaf,
    0x60, 0x0, 0x0, 0x4f, 0xba, 0xf6, 0x0, 0x0,
    0x4, 0xfb, 0xaf, 0x60, 0x0, 0x0, 0x4f, 0xb9,
    0xf7, 0x0, 0x0, 0x5, 0xfa, 0x7f, 0xb0, 0x0,
    0x0, 0x9f, 0x81, 0xff, 0x70, 0x0, 0x6f, 0xf2,
    0x7, 0xff, 0xfe, 0xff, 0xf7, 0x0, 0x4, 0xbe,
    0xfe, 0xb4, 0x0,

    /* U+1EE7 "ủ" */
    0x0, 0xc, 0xe9, 0x0, 0x0, 0x0, 0x14, 0xe8,
    0x0, 0x0, 0x0, 0x6e, 0x60, 0x0, 0x0, 0x6,
    0x20, 0x0, 0xcf, 0x30, 0x0, 0x4f, 0xac, 0xf3,
    0x0, 0x4, 0xfa, 0xcf, 0x30, 0x0, 0x4f, 0xac,
    0xf3, 0x0, 0x4, 0xfa, 0xcf, 0x30, 0x0, 0x4f,
    0xac, 0xf3, 0x0, 0x5, 0xfa, 0xbf, 0x40, 0x0,
    0x8f, 0xa9, 0xfa, 0x0, 0x1f, 0xfa, 0x3f, 0xfd,
    0xbf, 0xff, 0xa0, 0x4c, 0xfe, 0x95, 0xfa,

    /* U+1EE8 "Ứ" */
    0x0, 0x0, 0x0, 0x6f, 0x80, 0x0, 0x0, 0x0,
    0x0, 0x5, 0xf6, 0x0, 0x0, 0x0, 0x0, 0x0,
    0x7, 0x40, 0x0, 0x0, 0x0, 0x0, 0x0, 0x0,
    0x0, 0x0, 0x0, 0x0, 0xaf, 0x60, 0x0, 0x0,
    0x4f, 0xb0, 0xf6, 0xaf, 0x60, 0x0, 0x0, 0x4f,
    0xb0, 0xf5, 0xaf, 0x60, 0x0, 0x0, 0x4f, 0xc8,
    0xf1, 0xaf, 0x60, 0x0, 0x0, 0x4f, 0xff, 0x60,
    0xaf, 0x60, 0x0, 0x0, 0x4f, 0xd1, 0x0, 0xaf,
    0x60, 0x0, 0x0, 0x4f, 0xb0, 0x0, 0xaf, 0x60,
    0x0, 0x0, 0x4f, 0xb0, 0x0, 0xaf, 0x60, 0x0,
    0x0, 0x4f, 0xb0, 0x0, 0xaf, 0x60, 0x0, 0x0,
    0x4f, 0xb0, 0x0, 0x9f, 0x70, 0x0, 0x0, 0x5f,
    0xa0, 0x0, 0x7f, 0xb0, 0x0, 0x0, 0x9f, 0x80,
    0x0, 0x1f, 0xf7, 0x0, 0x6, 0xff, 0x20, 0x0,
    0x7, 0xff, 0xfe, 0xff, 0xf7, 0x0, 0x0, 0x0,
    0x4b, 0xef, 0xeb, 0x40, 0x0, 0x0,

    /* U+1EE9 "ứ" */
    0x0, 0x0, 0x7, 0xf7, 0x0, 0x0, 0x0, 0x4,
    0xf7, 0x0, 0xb3, 0x0, 0x0, 0xb6, 0x0, 0x1f,
    0x40, 0x0, 0x0, 0x0, 0x8, 0xf1, 0xcf, 0x30,
    0x0, 0x4f, 0xf7, 0xc, 0xf3, 0x0, 0x4, 0xfc,
    0x0, 0xcf, 0x30, 0x0, 0x4f, 0xa0, 0xc, 0xf3,
    0x0, 0x4, 0xfa, 0x0, 0xcf, 0x30, 0x0, 0x4f,
    0xa0, 0xc, 0xf3, 0x0, 0x5, 0xfa, 0x0, 0xbf,
    0x40, 0x0, 0x8f, 0xa0, 0x9, 0xfa, 0x0, 0x1f,
    0xfa, 0x0, 0x3f, 0xfd, 0xbf, 0xff, 0xa0, 0x0,
    0x4c, 0xfe, 0x95, 0xfa, 0x0,

    /* U+1EEA "Ừ" */
    0x0, 0x5f, 0xa0, 0x0, 0x0, 0x0, 0x0, 0x0,
    0x4, 0xf7, 0x0, 0x0, 0x0, 0x0, 0x0, 0x0,
    0x37, 0x0, 0x0, 0x0, 0x0, 0x0, 0x0, 0x0,
    0x0, 0x0, 0x0, 0x0, 0xaf, 0x60, 0x0, 0x0,
    0x4f, 0xb0, 0xf6, 0xaf, 0x60, 0x0, 0x0, 0x4f,
    0xb0, 0xf5, 0xaf, 0x60, 0x0, 0x0, 0x4f, 0xc8,
    0xf1, 0xaf, 0x60, 0x0, 0x0, 0x4f, 0xff, 0x60,
    0xaf, 0x60, 0x0, 0x0, 0x4f, 0xd1, 0x0, 0xaf,
    0x60, 0x0, 0x0, 0x4f, 0xb0, 0x0, 0xaf, 0x60,
    0x0, 0x0, 0x4f, 0xb0, 0x0, 0xaf, 0x60, 0x0,
    0x0, 0x4f, 0xb0, 0x0, 0xaf, 0x60, 0x0, 0x0,
    0x4f, 0xb0, 0x0, 0x9f, 0x70, 0x0, 0x0, 0x5f,
    0xa0, 0x0, 0x7f, 0xb0, 0x0, 0x0, 0x9f, 0x80,
    0x0, 0x1f, 0xf7, 0x0, 0x6, 0xff, 0x20, 0x0,
    0x7, 0xff, 0xfe, 0xff, 0xf7, 0x0, 0x0, 0x0,
    0x4b, 0xef, 0xeb, 0x40, 0x0, 0x0,

    /* U+1EEB "ừ" */
    0x8, 0xf7, 0x0, 0x0, 0x0, 0x0, 0x8, 0xf3,
    0x0, 0x0, 0xb3, 0x0, 0x8, 0xa0, 0x0, 0x1f,
    0x40, 0x0, 0x0, 0x0, 0x8, 0xf1, 0xcf, 0x30,
    0x0, 0x4f, 0xf7, 0xc, 0xf3, 0x0, 0x4, 0xfc,
    0x0, 0xcf, 0x30, 0x0, 0x4f, 0xa0, 0xc, 0xf3,
    0x0, 0x4, 0xfa, 0x0, 0xcf, 0x30, 0x0, 0x4f,
    0xa0, 0xc, 0xf3, 0x0, 0x5, 0xfa, 0x0, 0xbf,
    0x40, 0x0, 0x8f, 0xa0, 0x9, 0xfa, 0x0, 0x1f,
    0xfa, 0x0, 0x3f, 0xfd, 0xbf, 0xff, 0xa0, 0x0,
    0x4c, 0xfe, 0x95, 0xfa, 0x0,

    /* U+1EEC "Ử" */
    0x0, 0x0, 0xad, 0x91, 0x0, 0x0, 0x0, 0x0,
    0x0, 0x14, 0xda, 0x0, 0x0, 0x0, 0x0, 0x0,
    0x5, 0xd8, 0x0, 0x0, 0x0, 0x0, 0x0, 0x6,
    0x20, 0x0, 0x0, 0x0, 0xaf, 0x60, 0x0, 0x0,
    0x4f, 0xb0, 0xf6, 0xaf, 0x60, 0x0, 0x0, 0x4f,
    0xb0, 0xf5, 0xaf, 0x60, 0x0, 0x0, 0x4f, 0xc8,
    0xf1, 0xaf, 0x60, 0x0, 0x0, 0x4f, 0xff, 0x60,
    0xaf, 0x60, 0x0, 0x0, 0x4f, 0xd1, 0x0, 0xaf,
    0x60, 0x0, 0x0, 0x4f, 0xb0, 0x0, 0xaf, 0x60,
    0x0, 0x0, 0x4f, 0xb0, 0x0, 0xaf, 0x60, 0x0,
    0x0, 0x4f, 0xb0, 0x0, 0xaf, 0x60, 0x0, 0x0,
    0x4f, 0xb0, 0x0, 0x9f, 0x70, 0x0, 0x0, 0x5f,
    0xa0, 0x0, 0x7f, 0xb0, 0x0, 0x0, 0x9f, 0x80,
    0x0, 0x1f, 0xf7, 0x0, 0x6, 0xff, 0x20, 0x0,
    0x7, 0xff, 0xfe, 0xff, 0xf7, 0x0, 0x0, 0x0,
    0x4b, 0xef, 0xeb, 0x40, 0x0, 0x0,

    /* U+1EED "ử" */
    0x0, 0xc, 0xe9, 0x0, 0x0, 0x0, 0x0, 0x14,
    0xe8, 0x0, 0xa3, 0x0, 0x0, 0x6e, 0x60, 0x1f,
    0x40, 0x0, 0x6, 0x20, 0x8, 0xf1, 0xcf, 0x30,
    0x0, 0x4f, 0xf7, 0xc, 0xf3, 0x0, 0x4, 0xfc,
    0x0, 0xcf, 0x30, 0x0, 0x4f, 0xa0, 0xc, 0xf3,
    0x0, 0x4, 0xfa, 0x0, 0xcf, 0x30, 0x0, 0x4f,
    0xa0, 0xc, 0xf3, 0x0, 0x5, 0xfa, 0x0, 0xbf,
    0x40, 0x0, 0x8f, 0xa0, 0x9, 0xfa, 0x0, 0x1f,
    0xfa, 0x0, 0x3f, 0xfd, 0xbf, 0xff, 0xa0, 0x0,
    0x4c, 0xfe, 0x95, 0xfa, 0x0,

    /* U+1EEE "Ữ" */
    0x0, 0xb, 0xd4, 0x6, 0xb0, 0x0, 0x0, 0x0,
    0x7c, 0x5e, 0x29, 0x90, 0x0, 0x0, 0x0, 0xa7,
    0x6, 0xfe, 0x20, 0x0, 0x0, 0x0, 0x10, 0x0,
    0x0, 0x0, 0x0, 0x0, 0xaf, 0x60, 0x0, 0x0,
    0x4f, 0xb0, 0xf6, 0xaf, 0x60, 0x0, 0x0, 0x4f,
    0xb0, 0xf5, 0xaf, 0x60, 0x0, 0x0, 0x4f, 0xc8,
    0xf1, 0xaf, 0x60, 0x0, 0x0, 0x4f, 0xff, 0x60,
    0xaf, 0x60, 0x0, 0x0, 0x4f, 0xd1, 0x0, 0xaf,
    0x60, 0x0, 0x0, 0x4f, 0xb0, 0x0, 0xaf, 0x60,
    0x0, 0x0, 0x4f, 0xb0, 0x0, 0xaf, 0x60, 0x0,
    0x0, 0x4f, 0xb0, 0x0, 0xaf, 0x60, 0x0, 0x0,
    0x4f, 0xb0, 0x0, 0x9f, 0x70, 0x0, 0x0, 0x5f,
    0xa0, 0x0, 0x7f, 0xb0, 0x0, 0x0, 0x9f, 0x80,
    0x0, 0x1f, 0xf7, 0x0, 0x6, 0xff, 0x20, 0x0,
    0x7, 0xff, 0xfe, 0xff, 0xf7, 0x0, 0x0, 0x0,
    0x4b, 0xef, 0xeb, 0x40, 0x0, 0x0,

    /* U+1EEF "ữ" */
    0x3, 0xdf, 0x92, 0xba, 0x1, 0x0, 0xba, 0x6e,
    0xff, 0x31, 0xf4, 0x3, 0x10, 0x3, 0x10, 0x2f,
    0x40, 0x0, 0x0, 0x0, 0x9, 0xf0, 0xcf, 0x30,
    0x0, 0x4f, 0xf6, 0xc, 0xf3, 0x0, 0x4, 0xfc,
    0x0, 0xcf, 0x30, 0x0, 0x4f, 0xa0, 0xc, 0xf3,
    0x0, 0x4, 0xfa, 0x0, 0xcf, 0x30, 0x0, 0x4f,
    0xa0, 0xc, 0xf3, 0x0, 0x5, 0xfa, 0x0, 0xbf,
    0x40, 0x0, 0x8f, 0xa0, 0x9, 0xfa, 0x0, 0x1f,
    0xfa, 0x0, 0x3f, 0xfd, 0xbf, 0xff, 0xa0, 0x0,
    0x4c, 0xfe, 0x95, 0xfa, 0x0,

    /* U+1EF0 "Ự" */
    0xaf, 0x60, 0x0, 0x0, 0x4f, 0xb0, 0xf6, 0xaf,
    0x60, 0x0, 0x0, 0x4f, 0xb0, 0xf5, 0xaf, 0x60,
    0x0, 0x0, 0x4f, 0xc8, 0xf1, 0xaf, 0x60, 0x0,
    0x0, 0x4f, 0xff, 0x60, 0xaf, 0x60, 0x0, 0x0,
    0x4f, 0xd1, 0x0, 0xaf, 0x60, 0x0, 0x0, 0x4f,
    0xb0, 0x0, 0xaf, 0x60, 0x0, 0x0, 0x4f, 0xb0,
    0x0, 0xaf, 0x60, 0x0, 0x0, 0x4f, 0xb0, 0x0,
    0xaf, 0x60, 0x0, 0x0, 0x4f, 0xb0, 0x0, 0x9f,
    0x70, 0x0, 0x0, 0x5f, 0xa0, 0x0, 0x7f, 0xb0,
    0x0, 0x0, 0x9f, 0x80, 0x0, 0x1f, 0xf7, 0x0,
    0x6, 0xff, 0x20, 0x0, 0x7, 0xff, 0xfe, 0xff,
    0xf7, 0x0, 0x0, 0x0, 0x4b, 0xef, 0xeb, 0x40,
    0x0, 0x0, 0x0, 0x0, 0x0, 0x0, 0x0, 0x0,
    0x0, 0x0, 0x0, 0x8f, 0xb0, 0x0, 0x0, 0x0,
    0x0, 0x0, 0x8f, 0xb0, 0x0, 0x0, 0x0, 0x0,
    0x0, 0x12, 0x10, 0x0, 0x0, 0x0,

    /* U+1EF1 "ự" */
    0x0, 0x0, 0x0, 0x0, 0x8, 0x20, 0x0, 0x0,
    0x0, 0x1, 0xf4, 0x0, 0x0, 0x0, 0x0, 0x8f,
    0x1c, 0xf3, 0x0, 0x4, 0xff, 0x70, 0xcf, 0x30,
    0x0, 0x4f, 0xc0, 0xc, 0xf3, 0x0, 0x4, 0xfa,
    0x0, 0xcf, 0x30, 0x0, 0x4f, 0xa0, 0xc, 0xf3,
    0x0, 0x4, 0xfa, 0x0, 0xcf, 0x30, 0x0, 0x5f,
    0xa0, 0xb, 0xf4, 0x0, 0x8, 0xfa, 0x0, 0x9f,
    0xa0, 0x1, 0xff, 0xa0, 0x3, 0xff, 0xdb, 0xff,
    0xfa, 0x0, 0x4, 0xcf, 0xe9, 0x5f, 0xa0, 0x0,
    0x0, 0x0, 0x0, 0x0, 0x0, 0x0, 0x9, 0xfa,
    0x0, 0x0, 0x0, 0x0, 0x9f, 0xa0, 0x0, 0x0,
    0x0, 0x1, 0x21, 0x0, 0x0, 0x0,

    /* U+1EF2 "Ỳ" */
    0x0, 0xc, 0xf2, 0x0, 0x0, 0x0, 0x0, 0x1,
    0xdc, 0x0, 0x0, 0x0, 0x0, 0x0, 0x2e, 0x70,
    0x0, 0x0, 0x0, 0x0, 0x0, 0x0, 0x0, 0x0,
    0x8f, 0xc0, 0x0, 0x0, 0x9, 0xfb, 0xe, 0xf5,
    0x0, 0x0, 0x2f, 0xf2, 0x6, 0xfd, 0x0, 0x0,
    0xbf, 0x90, 0x0, 0xcf, 0x60, 0x3, 0xfe, 0x10,
    0x0, 0x3f, 0xe0, 0xc, 0xf7, 0x0, 0x0, 0xa,
    0xf7, 0x5f, 0xd0, 0x0, 0x0, 0x2, 0xff, 0xef,
    0x50, 0x0, 0x0, 0x0, 0x8f, 0xfb, 0x0, 0x0,
    0x0, 0x0, 0xf, 0xf3, 0x0, 0x0, 0x0, 0x0,
    0xe, 0xf2, 0x0, 0x0, 0x0, 0x0, 0xe, 0xf2,
    0x0, 0x0, 0x0, 0x0, 0xe, 0xf2, 0x0, 0x0,
    0x0, 0x0, 0xe, 0xf2, 0x0, 0x0, 0x0, 0x0,
    0xe, 0xf2, 0x0, 0x0,

    /* U+1EF3 "ỳ" */
    0x0, 0xaf, 0x40, 0x0, 0x0, 0x0, 0x0, 0xae,
    0x10, 0x0, 0x0, 0x0, 0x0, 0x98, 0x0, 0x0,
    0x0, 0x0, 0x0, 0x0, 0x0, 0x0, 0x6f, 0xb0,
    0x0, 0x3, 0xfd, 0x0, 0xff, 0x10, 0x0, 0x9f,
    0x70, 0x9, 0xf7, 0x0, 0xf, 0xf1, 0x0, 0x2f,
    0xd0, 0x5, 0xfa, 0x0, 0x0, 0xcf, 0x30, 0xbf,
    0x40, 0x0, 0x5, 0xf8, 0x1f, 0xd0, 0x0, 0x0,
    0xe, 0xe7, 0xf7, 0x0, 0x0, 0x0, 0x8f, 0xff,
    0x10, 0x0, 0x0, 0x2, 0xff, 0xa0, 0x0, 0x0,
    0x0, 0xe, 0xf3, 0x0, 0x0, 0x0, 0x4, 0xfd,
    0x0, 0x0, 0x0, 0x0, 0xbf, 0x60, 0x0, 0x0,
    0x0, 0x1f, 0xf1, 0x0, 0x0, 0x0, 0x8, 0xf9,
    0x0, 0x0, 0x0,

    /* U+1EF4 "Ỵ" */
    0x8f, 0xc0, 0x0, 0x0, 0x9, 0xfb, 0xe, 0xf5,
    0x0, 0x0, 0x2f, 0xf2, 0x6, 0xfd, 0x0, 0x0,
    0xbf, 0x90, 0x0, 0xcf, 0x60, 0x3, 0xfe, 0x10,
    0x0, 0x3f, 0xe0, 0xc, 0xf7, 0x0, 0x0, 0xa,
    0xf7, 0x5f, 0xd0, 0x0, 0x0, 0x2, 0xff, 0xef,
    0x50, 0x0, 0x0, 0x0, 0x8f, 0xfb, 0x0, 0x0,
    0x0, 0x0, 0xf, 0xf3, 0x0, 0x0, 0x0, 0x0,
    0xe, 0xf2, 0x0, 0x0, 0x0, 0x0, 0xe, 0xf2,
    0x0, 0x0, 0x0, 0x0, 0xe, 0xf2, 0x0, 0x0,
    0x0, 0x0, 0xe, 0xf2, 0x0, 0x0, 0x0, 0x0,
    0xe, 0xf2, 0x0, 0x0, 0x0, 0x0, 0x0, 0x0,
    0x0, 0x0, 0x0, 0x0, 0xf, 0xf3, 0x0, 0x0,
    0x0, 0x0, 0xf, 0xf3, 0x0, 0x0, 0x0, 0x0,
    0x2, 0x20, 0x0, 0x0,

    /* U+1EF5 "ỵ" */
    0x6f, 0xb0, 0x0, 0x3, 0xfd, 0x0, 0xff, 0x10,
    0x0, 0x9f, 0x70, 0x9, 0xf7, 0x0, 0xe, 0xf1,
    0x0, 0x2f, 0xd0, 0x5, 0xfa, 0x0, 0x0, 0xcf,
    0x30, 0xbf, 0x40, 0x0, 0x5, 0xf8, 0x1f, 0xd0,
    0x0, 0x0, 0xe, 0xe7, 0xf7, 0x0, 0x0, 0x0,
    0x8f, 0xff, 0x10, 0x0, 0x0, 0x2, 0xff, 0xa0,
    0x0, 0x0, 0x0, 0xe, 0xf3, 0x0, 0x0, 0x0,
    0x4, 0xfd, 0x0, 0x0, 0x0, 0x0, 0xbf, 0x60,
    0x12, 0x10, 0x0, 0x1f, 0xf1, 0xb, 0xf8, 0x0,
    0x8, 0xf9, 0x0, 0xbf, 0x80,

    /* U+1EF6 "Ỷ" */
    0x0, 0x0, 0x1e, 0xc6, 0x0, 0x0, 0x0, 0x0,
    0x2, 0x7f, 0x30, 0x0, 0x0, 0x0, 0x2, 0x8e,
    0x10, 0x0, 0x0, 0x0, 0x2, 0x50, 0x0, 0x0,
    0x8f, 0xc0, 0x0, 0x0, 0x9, 0xfb, 0xe, 0xf5,
    0x0, 0x0, 0x2f, 0xf2, 0x6, 0xfd, 0x0, 0x0,
    0xbf, 0x90, 0x0, 0xcf, 0x60, 0x3, 0xfe, 0x10,
    0x0, 0x3f, 0xe0, 0xc, 0xf7, 0x0, 0x0, 0xa,
    0xf7, 0x5f, 0xd0, 0x0, 0x0, 0x2, 0xff, 0xef,
    0x50, 0x0, 0x0, 0x0, 0x8f, 0xfb, 0x0, 0x0,
    0x0, 0x0, 0xf, 0xf3, 0x0, 0x0, 0x0, 0x0,
    0xe, 0xf2, 0x0, 0x0, 0x0, 0x0, 0xe, 0xf2,
    0x0, 0x0, 0x0, 0x0, 0xe, 0xf2, 0x0, 0x0,
    0x0, 0x0, 0xe, 0xf2, 0x0, 0x0, 0x0, 0x0,
    0xe, 0xf2, 0x0, 0x0,

    /* U+1EF7 "ỷ" */
    0x0, 0x0, 0xfd, 0x80, 0x0, 0x0, 0x0, 0x2,
    0x5f, 0x50, 0x0, 0x0, 0x0, 0x17, 0xf3, 0x0,
    0x0, 0x0, 0x1, 0x51, 0x0, 0x0, 0x6f, 0xb0,
    0x0, 0x3, 0xfd, 0x0, 0xff, 0x10, 0x0, 0x9f,
    0x70, 0x9, 0xf7, 0x0, 0xf, 0xf1, 0x0, 0x2f,
    0xd0, 0x5, 0xfa, 0x0, 0x0, 0xcf, 0x30, 0xbf,
    0x40, 0x0, 0x5, 0xf8, 0x1f, 0xd0, 0x0, 0x0,
    0xe, 0xe7, 0xf7, 0x0, 0x0, 0x0, 0x8f, 0xff,
    0x10, 0x0, 0x0, 0x2, 0xff, 0xa0, 0x0, 0x0,
    0x0, 0xe, 0xf3, 0x0, 0x0, 0x0, 0x4, 0xfd,
    0x0, 0x0, 0x0, 0x0, 0xbf, 0x60, 0x0, 0x0,
    0x0, 0x1f, 0xf1, 0x0, 0x0, 0x0, 0x8, 0xf9,
    0x0, 0x0, 0x0,

    /* U+1EF8 "Ỹ" */
    0x0, 0x7, 0xed, 0x40, 0xe4, 0x0, 0x0, 0x1f,
    0x46, 0xef, 0xc0, 0x0, 0x0, 0x1, 0x0, 0x1,
    0x0, 0x0, 0x8f, 0xc0, 0x0, 0x0, 0x9, 0xfb,
    0xe, 0xf5, 0x0, 0x0, 0x2f, 0xf2, 0x6, 0xfd,
    0x0, 0x0, 0xbf, 0x90, 0x0, 0xcf, 0x60, 0x3,
    0xfe, 0x10, 0x0, 0x3f, 0xe0, 0xc, 0xf7, 0x0,
    0x0, 0xa, 0xf7, 0x5f, 0xd0, 0x0, 0x0, 0x2,
    0xff, 0xef, 0x50, 0x0, 0x0, 0x0, 0x8f, 0xfb,
    0x0, 0x0, 0x0, 0x0, 0xf, 0xf3, 0x0, 0x0,
    0x0, 0x0, 0xe, 0xf2, 0x0, 0x0, 0x0, 0x0,
    0xe, 0xf2, 0x0, 0x0, 0x0, 0x0, 0xe, 0xf2,
    0x0, 0x0, 0x0, 0x0, 0xe, 0xf2, 0x0, 0x0,
    0x0, 0x0, 0xe, 0xf2, 0x0, 0x0,

    /* U+1EF9 "ỹ" */
    0x0, 0x3d, 0xd2, 0xb, 0x70, 0x0, 0xb, 0x99,
    0xd1, 0xe4, 0x0, 0x0, 0xf3, 0xb, 0xfc, 0x0,
    0x0, 0x3, 0x0, 0x2, 0x0, 0x0, 0x6f, 0xb0,
    0x0, 0x3, 0xfd, 0x0, 0xff, 0x10, 0x0, 0x9f,
    0x70, 0x9, 0xf7, 0x0, 0xf, 0xf1, 0x0, 0x2f,
    0xd0, 0x5, 0xfa, 0x0, 0x0, 0xcf, 0x30, 0xbf,
    0x40, 0x0, 0x5, 0xf8, 0x1f, 0xd0, 0x0, 0x0,
    0xe, 0xe7, 0xf7, 0x0, 0x0, 0x0, 0x8f, 0xff,
    0x10, 0x0, 0x0, 0x2, 0xff, 0xa0, 0x0, 0x0,
    0x0, 0xe, 0xf3, 0x0, 0x0, 0x0, 0x4, 0xfd,
    0x0, 0x0, 0x0, 0x0, 0xbf, 0x60, 0x0, 0x0,
    0x0, 0x1f, 0xf1, 0x0, 0x0, 0x0, 0x8, 0xf9,
    0x0, 0x0, 0x0,

    /* U+2013 "–" */
    0x12, 0x22, 0x22, 0x21, 0x8f, 0xff, 0xff, 0xfd,
    0x25, 0x55, 0x55, 0x54,

    /* U+2014 "—" */
    0x12, 0x22, 0x22, 0x22, 0x22, 0x22, 0x22, 0x22,
    0x22, 0x22, 0x18, 0xff, 0xff, 0xff, 0xff, 0xff,
    0xff, 0xff, 0xff, 0xff, 0xfb, 0x25, 0x55, 0x55,
    0x55, 0x55, 0x55, 0x55, 0x55, 0x55, 0x55, 0x30,

    /* U+2018 "‘" */
    0x0, 0xf, 0x60, 0x7, 0xf1, 0x0, 0xec, 0x0,
    0x6f, 0x80, 0xd, 0xf3, 0x1, 0x87, 0x0,

    /* U+2019 "’" */
    0x0, 0xcf, 0x60, 0x1f, 0xe0, 0x5, 0xf7, 0x0,
    0xaf, 0x0, 0xf, 0x80, 0x1, 0x81, 0x0,

    /* U+201C "“" */
    0x0, 0x1f, 0x50, 0x6f, 0x0, 0x7, 0xf1, 0xd,
    0xb0, 0x0, 0xec, 0x5, 0xf6, 0x0, 0x6f, 0x80,
    0xcf, 0x20, 0xd, 0xf3, 0x3f, 0xd0, 0x2, 0x99,
    0x5, 0x96, 0x0,

    /* U+201D "”" */
    0x0, 0xcf, 0x62, 0xff, 0x10, 0x1f, 0xe0, 0x6f,
    0x90, 0x5, 0xf7, 0xb, 0xf2, 0x0, 0xaf, 0x10,
    0xfa, 0x0, 0xe, 0x90, 0x4f, 0x30, 0x1, 0x91,
    0x5, 0x70, 0x0,

    /* U+2022 "•" */
    0x69, 0x99, 0x8b, 0xff, 0xff, 0xbf, 0xff, 0xfb,
    0xff, 0xff, 0xbf, 0xff, 0xf0,

    /* U+2026 "…" */
    0x46, 0x20, 0x16, 0x50, 0x5, 0x61, 0xbf, 0x50,
    0x4f, 0xc0, 0xd, 0xf3, 0xbf, 0x50, 0x4f, 0xc0,
    0xd, 0xf3,

    /* U+20AC "€" */
    0x0, 0x0, 0x6c, 0xff, 0xd8, 0x10, 0x1, 0xcf,
    0xfe, 0xef, 0xf9, 0x0, 0xaf, 0xc2, 0x0, 0x2a,
    0x10, 0x3f, 0xe1, 0x0, 0x0, 0x0, 0x9, 0xf9,
    0x11, 0x11, 0x0, 0xd, 0xff, 0xff, 0xff, 0xf7,
    0x0, 0x3f, 0xf6, 0x44, 0x44, 0x10, 0x0, 0xef,
    0x31, 0x11, 0x10, 0x0, 0xef, 0xff, 0xff, 0xff,
    0x60, 0x3, 0xcf, 0xc4, 0x44, 0x41, 0x0, 0x3,
    0xfe, 0x0, 0x0, 0x0, 0x0, 0xa, 0xfc, 0x20,
    0x1, 0x91, 0x0, 0x1c, 0xff, 0xee, 0xff, 0xa0,
    0x0, 0x7, 0xdf, 0xfc, 0x70
};


/*---------------------
 *  GLYPH DESCRIPTION
 *--------------------*/

static const lv_font_fmt_txt_glyph_dsc_t glyph_dsc[] = {
    {.bitmap_index = 0, .adv_w = 0, .box_w = 0, .box_h = 0, .ofs_x = 0, .ofs_y = 0} /* id = 0 reserved */,
    {.bitmap_index = 0, .adv_w = 83, .box_w = 0, .box_h = 0, .ofs_x = 0, .ofs_y = 0},
    {.bitmap_index = 0, .adv_w = 78, .box_w = 3, .box_h = 14, .ofs_x = 1, .ofs_y = 0},
    {.bitmap_index = 21, .adv_w = 111, .box_w = 6, .box_h = 6, .ofs_x = 0, .ofs_y = 8},
    {.bitmap_index = 39, .adv_w = 223, .box_w = 12, .box_h = 14, .ofs_x = 1, .ofs_y = 0},
    {.bitmap_index = 123, .adv_w = 179, .box_w = 11, .box_h = 19, .ofs_x = 0, .ofs_y = -2},
    {.bitmap_index = 228, .adv_w = 238, .box_w = 14, .box_h = 14, .ofs_x = 0, .ofs_y = 0},
    {.bitmap_index = 326, .adv_w = 221, .box_w = 12, .box_h = 15, .ofs_x = 1, .ofs_y = -1},
    {.bitmap_index = 416, .adv_w = 58, .box_w = 3, .box_h = 6, .ofs_x = 0, .ofs_y = 8},
    {.bitmap_index = 425, .adv_w = 77, .box_w = 5, .box_h = 18, .ofs_x = 0, .ofs_y = -4},
    {.bitmap_index = 470, .adv_w = 77, .box_w = 5, .box_h = 18, .ofs_x = 0, .ofs_y = -4},
    {.bitmap_index = 515, .adv_w = 127, .box_w = 8, .box_h = 7, .ofs_x = 0, .ofs_y = 7},
    {.bitmap_index = 543, .adv_w = 179, .box_w = 11, .box_h = 10, .ofs_x = 0, .ofs_y = 0},
    {.bitmap_index = 598, .adv_w = 77, .box_w = 5, .box_h = 6, .ofs_x = 0, .ofs_y = -3},
    {.bitmap_index = 613, .adv_w = 105, .box_w = 6, .box_h = 3, .ofs_x = 0, .ofs_y = 5},
    {.bitmap_index = 622, .adv_w = 77, .box_w = 3, .box_h = 3, .ofs_x = 1, .ofs_y = 0},
    {.bitmap_index = 627, .adv_w = 134, .box_w = 9, .box_h = 18, .ofs_x = -1, .ofs_y = -4},
    {.bitmap_index = 708, .adv_w = 179, .box_w = 11, .box_h = 14, .ofs_x = 0, .ofs_y = 0},
    {.bitmap_index = 785, .adv_w = 179, .box_w = 6, .box_h = 14, .ofs_x = 2, .ofs_y = 0},
    {.bitmap_index = 827, .adv_w = 179, .box_w = 11, .box_h = 14, .ofs_x = 0, .ofs_y = 0},
    {.bitmap_index = 904, .adv_w = 179, .box_w = 11, .box_h = 14, .ofs_x = 0, .ofs_y = 0},
    {.bitmap_index = 981, .adv_w = 179, .box_w = 11, .box_h = 14, .ofs_x = 0, .ofs_y = 0},
    {.bitmap_index = 1058, .adv_w = 179, .box_w = 11, .box_h = 14, .ofs_x = 0, .ofs_y = 0},
    {.bitmap_index = 1135, .adv_w = 179, .box_w = 11, .box_h = 14, .ofs_x = 0, .ofs_y = 0},
    {.bitmap_index = 1212, .adv_w = 179, .box_w = 11, .box_h = 14, .ofs_x = 0, .ofs_y = 0},
    {.bitmap_index = 1289, .adv_w = 179, .box_w = 11, .box_h = 14, .ofs_x = 0, .ofs_y = 0},
    {.bitmap_index = 1366, .adv_w = 179, .box_w = 11, .box_h = 14, .ofs_x = 0, .ofs_y = 0},
    {.bitmap_index = 1443, .adv_w = 77, .box_w = 3, .box_h = 10, .ofs_x = 1, .ofs_y = 0},
    {.bitmap_index = 1458, .adv_w = 77, .box_w = 5, .box_h = 13, .ofs_x = 0, .ofs_y = -3},
    {.bitmap_index = 1491, .adv_w = 179, .box_w = 11, .box_h = 10, .ofs_x = 0, .ofs_y = 0},
    {.bitmap_index = 1546, .adv_w = 179, .box_w = 9, .box_h = 6, .ofs_x = 1, .ofs_y = 2},
    {.bitmap_index = 1573, .adv_w = 179, .box_w = 11, .box_h = 10, .ofs_x = 0, .ofs_y = 0},
    {.bitmap_index = 1628, .adv_w = 165, .box_w = 10, .box_h = 14, .ofs_x = 0, .ofs_y = 0},
    {.bitmap_index = 1698, .adv_w = 280, .box_w = 16, .box_h = 17, .ofs_x = 1, .ofs_y = -3},
    {.bitmap_index = 1834, .adv_w = 208, .box_w = 13, .box_h = 14, .ofs_x = 0, .ofs_y = 0},
    {.bitmap_index = 1925, .adv_w = 193, .box_w = 11, .box_h = 14, .ofs_x = 1, .ofs_y = 0},
    {.bitmap_index = 2002, .adv_w = 226, .box_w = 14, .box_h = 14, .ofs_x = 0, .ofs_y = 0},
    {.bitmap_index = 2100, .adv_w = 217, .box_w = 12, .box_h = 14, .ofs_x = 1, .ofs_y = 0},
    {.bitmap_index = 2184, .adv_w = 187, .box_w = 10, .box_h = 14, .ofs_x = 1, .ofs_y = 0},
    {.bitmap_index = 2254, .adv_w = 180, .box_w = 10, .box_h = 14, .ofs_x = 1, .ofs_y = 0},
    {.bitmap_index = 2324, .adv_w = 234, .box_w = 14, .box_h = 14, .ofs_x = 0, .ofs_y = 0},
    {.bitmap_index = 2422, .adv_w = 219, .box_w = 12, .box_h = 14, .ofs_x = 1, .ofs_y = 0},
    {.bitmap_index = 2506, .adv_w = 81, .box_w = 3, .box_h = 14, .ofs_x = 1, .ofs_y = 0},
    {.bitmap_index = 2527, .adv_w = 177, .box_w = 10, .box_h = 14, .ofs_x = 0, .ofs_y = 0},
    {.bitmap_index = 2597, .adv_w = 206, .box_w = 12, .box_h = 14, .ofs_x = 1, .ofs_y = 0},
    {.bitmap_index = 2681, .adv_w = 159, .box_w = 9, .box_h = 14, .ofs_x = 1, .ofs_y = 0},
    {.bitmap_index = 2744, .adv_w = 270, .box_w = 15, .box_h = 14, .ofs_x = 1, .ofs_y = 0},
    {.bitmap_index = 2849, .adv_w = 218, .box_w = 12, .box_h = 14, .ofs_x = 1, .ofs_y = 0},
    {.bitmap_index = 2933, .adv_w = 239, .box_w = 15, .box_h = 14, .ofs_x = 0, .ofs_y = 0},
    {.bitmap_index = 3038, .adv_w = 178, .box_w = 10, .box_h = 14, .ofs_x = 1, .ofs_y = 0},
    {.bitmap_index = 3108, .adv_w = 249, .box_w = 15, .box_h = 15, .ofs_x = 0, .ofs_y = -1},
    {.bitmap_index = 3221, .adv_w = 193, .box_w = 11, .box_h = 14, .ofs_x = 1, .ofs_y = 0},
    {.bitmap_index = 3298, .adv_w = 182, .box_w = 11, .box_h = 14, .ofs_x = 0, .ofs_y = 0},
    {.bitmap_index = 3375, .adv_w = 188, .box_w = 12, .box_h = 14, .ofs_x = 0, .ofs_y = 0},
    {.bitmap_index = 3459, .adv_w = 210, .box_w = 11, .box_h = 14, .ofs_x = 1, .ofs_y = 0},
    {.bitmap_index = 3536, .adv_w = 212, .box_w = 13, .box_h = 14, .ofs_x = 0, .ofs_y = 0},
    {.bitmap_index = 3627, .adv_w = 308, .box_w = 19, .box_h = 14, .ofs_x = 0, .ofs_y = 0},
    {.bitmap_index = 3760, .adv_w = 208, .box_w = 13, .box_h = 14, .ofs_x = 0, .ofs_y = 0},
    {.bitmap_index = 3851, .adv_w = 195, .box_w = 12, .box_h = 14, .ofs_x = 0, .ofs_y = 0},
    {.bitmap_index = 3935, .adv_w = 189, .box_w = 12, .box_h = 14, .ofs_x = 0, .ofs_y = 0},
    {.bitmap_index = 4019, .adv_w = 87, .box_w = 5, .box_h = 21, .ofs_x = 1, .ofs_y = -6},
    {.bitmap_index = 4072, .adv_w = 145, .box_w = 10, .box_h = 18, .ofs_x = 1, .ofs_y = -4},
    {.bitmap_index = 4162, .adv_w = 87, .box_w = 5, .box_h = 21, .ofs_x = 0, .ofs_y = -6},
    {.bitmap_index = 4215, .adv_w = 185, .box_w = 11, .box_h = 10, .ofs_x = 0, .ofs_y = 4},
    {.bitmap_index = 4270, .adv_w = 139, .box_w = 9, .box_h = 2, .ofs_x = 0, .ofs_y = -1},
    {.bitmap_index = 4279, .adv_w = 96, .box_w = 6, .box_h = 3, .ofs_x = 0, .ofs_y = 11},
    {.bitmap_index = 4288, .adv_w = 173, .box_w = 10, .box_h = 10, .ofs_x = 0, .ofs_y = 0},
    {.bitmap_index = 4338, .adv_w = 187, .box_w = 10, .box_h = 14, .ofs_x = 1, .ofs_y = 0},
    {.bitmap_index = 4408, .adv_w = 166, .box_w = 10, .box_h = 10, .ofs_x = 0, .ofs_y = 0},
    {.bitmap_index = 4458, .adv_w = 187, .box_w = 11, .box_h = 14, .ofs_x = 0, .ofs_y = 0},
    {.bitmap_index = 4535, .adv_w = 173, .box_w = 10, .box_h = 10, .ofs_x = 0, .ofs_y = 0},
    {.bitmap_index = 4585, .adv_w = 108, .box_w = 7, .box_h = 14, .ofs_x = 0, .ofs_y = 0},
    {.bitmap_index = 4634, .adv_w = 165, .box_w = 11, .box_h = 15, .ofs_x = 0, .ofs_y = -4},
    {.bitmap_index = 4717, .adv_w = 177, .box_w = 9, .box_h = 14, .ofs_x = 1, .ofs_y = 0},
    {.bitmap_index = 4780, .adv_w = 74, .box_w = 3, .box_h = 14, .ofs_x = 1, .ofs_y = 0},
    {.bitmap_index = 4801, .adv_w = 74, .box_w = 5, .box_h = 18, .ofs_x = -1, .ofs_y = -4},
    {.bitmap_index = 4846, .adv_w = 173, .box_w = 10, .box_h = 14, .ofs_x = 1, .ofs_y = 0},
    {.bitmap_index = 4916, .adv_w = 86, .box_w = 4, .box_h = 14, .ofs_x = 1, .ofs_y = 0},
    {.bitmap_index = 4944, .adv_w = 267, .box_w = 15, .box_h = 10, .ofs_x = 1, .ofs_y = 0},
    {.bitmap_index = 5019, .adv_w = 177, .box_w = 9, .box_h = 10, .ofs_x = 1, .ofs_y = 0},
    {.bitmap_index = 5064, .adv_w = 184, .box_w = 11, .box_h = 10, .ofs_x = 0, .ofs_y = 0},
    {.bitmap_index = 5119, .adv_w = 187, .box_w = 10, .box_h = 14, .ofs_x = 1, .ofs_y = -4},
    {.bitmap_index = 5189, .adv_w = 187, .box_w = 11, .box_h = 14, .ofs_x = 0, .ofs_y = -4},
    {.bitmap_index = 5266, .adv_w = 132, .box_w = 7, .box_h = 10, .ofs_x = 1, .ofs_y = 0},
    {.bitmap_index = 5301, .adv_w = 151, .box_w = 9, .box_h = 10, .ofs_x = 0, .ofs_y = 0},
    {.bitmap_index = 5346, .adv_w = 113, .box_w = 7, .box_h = 14, .ofs_x = 0, .ofs_y = 0},
    {.bitmap_index = 5395, .adv_w = 177, .box_w = 9, .box_h = 10, .ofs_x = 1, .ofs_y = 0},
    {.bitmap_index = 5440, .adv_w = 168, .box_w = 11, .box_h = 10, .ofs_x = 0, .ofs_y = 0},
    {.bitmap_index = 5495, .adv_w = 240, .box_w = 15, .box_h = 10, .ofs_x = 0, .ofs_y = 0},
    {.bitmap_index = 5570, .adv_w = 169, .box_w = 11, .box_h = 10, .ofs_x = 0, .ofs_y = 0},
    {.bitmap_index = 5625, .adv_w = 168, .box_w = 11, .box_h = 14, .ofs_x = 0, .ofs_y = -4},
    {.bitmap_index = 5702, .adv_w = 151, .box_w = 9, .box_h = 10, .ofs_x = 0, .ofs_y = 0},
    {.bitmap_index = 5747, .adv_w = 81, .box_w = 5, .box_h = 21, .ofs_x = 0, .ofs_y = -6},
    {.bitmap_index = 5800, .adv_w = 84, .box_w = 3, .box_h = 20, .ofs_x = 1, .ofs_y = -5},
    {.bitmap_index = 5830, .adv_w = 81, .box_w = 5, .box_h = 21, .ofs_x = 0, .ofs_y = -6},
    {.bitmap_index = 5883, .adv_w = 179, .box_w = 9, .box_h = 5, .ofs_x = 1, .ofs_y = 2},
    {.bitmap_index = 5906, .adv_w = 83, .box_w = 0, .box_h = 0, .ofs_x = 0, .ofs_y = 0},
    {.bitmap_index = 5906, .adv_w = 78, .box_w = 3, .box_h = 14, .ofs_x = 1, .ofs_y = -4},
    {.bitmap_index = 5927, .adv_w = 179, .box_w = 10, .box_h = 14, .ofs_x = 1, .ofs_y = -2},
    {.bitmap_index = 5997, .adv_w = 179, .box_w = 11, .box_h = 14, .ofs_x = 0, .ofs_y = 0},
    {.bitmap_index = 6074, .adv_w = 196, .box_w = 11, .box_h = 11, .ofs_x = 1, .ofs_y = 1},
    {.bitmap_index = 6135, .adv_w = 179, .box_w = 12, .box_h = 14, .ofs_x = 0, .ofs_y = 0},
    {.bitmap_index = 6219, .adv_w = 84, .box_w = 3, .box_h = 20, .ofs_x = 1, .ofs_y = -5},
    {.bitmap_index = 6249, .adv_w = 188, .box_w = 10, .box_h = 18, .ofs_x = 1, .ofs_y = -4},
    {.bitmap_index = 6339, .adv_w = 125, .box_w = 7, .box_h = 3, .ofs_x = 0, .ofs_y = 12},
    {.bitmap_index = 6350, .adv_w = 262, .box_w = 15, .box_h = 14, .ofs_x = 1, .ofs_y = 0},
    {.bitmap_index = 6455, .adv_w = 157, .box_w = 7, .box_h = 8, .ofs_x = 1, .ofs_y = 6},
    {.bitmap_index = 6483, .adv_w = 158, .box_w = 10, .box_h = 8, .ofs_x = 0, .ofs_y = 1},
    {.bitmap_index = 6523, .adv_w = 179, .box_w = 10, .box_h = 6, .ofs_x = 0, .ofs_y = 0},
    {.bitmap_index = 6553, .adv_w = 105, .box_w = 6, .box_h = 3, .ofs_x = 0, .ofs_y = 5},
    {.bitmap_index = 6562, .adv_w = 199, .box_w = 11, .box_h = 10, .ofs_x = 1, .ofs_y = 4},
    {.bitmap_index = 6617, .adv_w = 116, .box_w = 7, .box_h = 2, .ofs_x = 0, .ofs_y = 11},
    {.bitmap_index = 6624, .adv_w = 134, .box_w = 7, .box_h = 7, .ofs_x = 1, .ofs_y = 8},
    {.bitmap_index = 6649, .adv_w = 179, .box_w = 11, .box_h = 12, .ofs_x = 0, .ofs_y = -1},
    {.bitmap_index = 6715, .adv_w = 132, .box_w = 7, .box_h = 8, .ofs_x = 1, .ofs_y = 10},
    {.bitmap_index = 6743, .adv_w = 131, .box_w = 6, .box_h = 8, .ofs_x = 1, .ofs_y = 10},
    {.bitmap_index = 6767, .adv_w = 98, .box_w = 6, .box_h = 3, .ofs_x = 0, .ofs_y = 11},
    {.bitmap_index = 6776, .adv_w = 177, .box_w = 9, .box_h = 14, .ofs_x = 1, .ofs_y = -4},
    {.bitmap_index = 6839, .adv_w = 188, .box_w = 10, .box_h = 17, .ofs_x = 0, .ofs_y = -3},
    {.bitmap_index = 6924, .adv_w = 104, .box_w = 3, .box_h = 3, .ofs_x = 2, .ofs_y = 6},
    {.bitmap_index = 6929, .adv_w = 94, .box_w = 5, .box_h = 6, .ofs_x = 0, .ofs_y = -6},
    {.bitmap_index = 6944, .adv_w = 85, .box_w = 4, .box_h = 8, .ofs_x = 0, .ofs_y = 10},
    {.bitmap_index = 6960, .adv_w = 165, .box_w = 8, .box_h = 8, .ofs_x = 1, .ofs_y = 6},
    {.bitmap_index = 6992, .adv_w = 148, .box_w = 11, .box_h = 8, .ofs_x = -1, .ofs_y = 1},
    {.bitmap_index = 7036, .adv_w = 234, .box_w = 15, .box_h = 14, .ofs_x = 0, .ofs_y = 0},
    {.bitmap_index = 7141, .adv_w = 246, .box_w = 15, .box_h = 15, .ofs_x = 0, .ofs_y = -1},
    {.bitmap_index = 7254, .adv_w = 260, .box_w = 16, .box_h = 15, .ofs_x = 0, .ofs_y = 0},
    {.bitmap_index = 7374, .adv_w = 117, .box_w = 10, .box_h = 14, .ofs_x = 0, .ofs_y = -4},
    {.bitmap_index = 7444, .adv_w = 208, .box_w = 13, .box_h = 18, .ofs_x = 0, .ofs_y = 0},
    {.bitmap_index = 7561, .adv_w = 208, .box_w = 13, .box_h = 18, .ofs_x = 0, .ofs_y = 0},
    {.bitmap_index = 7678, .adv_w = 208, .box_w = 13, .box_h = 19, .ofs_x = 0, .ofs_y = 0},
    {.bitmap_index = 7802, .adv_w = 208, .box_w = 13, .box_h = 17, .ofs_x = 0, .ofs_y = 0},
    {.bitmap_index = 7913, .adv_w = 208, .box_w = 13, .box_h = 18, .ofs_x = 0, .ofs_y = 0},
    {.bitmap_index = 8030, .adv_w = 208, .box_w = 13, .box_h = 17, .ofs_x = 0, .ofs_y = 0},
    {.bitmap_index = 8141, .adv_w = 290, .box_w = 18, .box_h = 14, .ofs_x = 0, .ofs_y = 0},
    {.bitmap_index = 8267, .adv_w = 226, .box_w = 14, .box_h = 18, .ofs_x = 0, .ofs_y = -4},
    {.bitmap_index = 8393, .adv_w = 187, .box_w = 10, .box_h = 18, .ofs_x = 1, .ofs_y = 0},
    {.bitmap_index = 8483, .adv_w = 187, .box_w = 10, .box_h = 18, .ofs_x = 1, .ofs_y = 0},
    {.bitmap_index = 8573, .adv_w = 187, .box_w = 10, .box_h = 19, .ofs_x = 1, .ofs_y = 0},
    {.bitmap_index = 8668, .adv_w = 187, .box_w = 10, .box_h = 18, .ofs_x = 1, .ofs_y = 0},
    {.bitmap_index = 8758, .adv_w = 81, .box_w = 5, .box_h = 18, .ofs_x = -1, .ofs_y = 0},
    {.bitmap_index = 8803, .adv_w = 81, .box_w = 6, .box_h = 18, .ofs_x = 1, .ofs_y = 0},
    {.bitmap_index = 8857, .adv_w = 81, .box_w = 7, .box_h = 19, .ofs_x = -1, .ofs_y = 0},
    {.bitmap_index = 8924, .adv_w = 81, .box_w = 7, .box_h = 18, .ofs_x = -1, .ofs_y = 0},
    {.bitmap_index = 8987, .adv_w = 217, .box_w = 13, .box_h = 14, .ofs_x = 0, .ofs_y = 0},
    {.bitmap_index = 9078, .adv_w = 218, .box_w = 12, .box_h = 17, .ofs_x = 1, .ofs_y = 0},
    {.bitmap_index = 9180, .adv_w = 239, .box_w = 15, .box_h = 18, .ofs_x = 0, .ofs_y = 0},
    {.bitmap_index = 9315, .adv_w = 239, .box_w = 15, .box_h = 18, .ofs_x = 0, .ofs_y = 0},
    {.bitmap_index = 9450, .adv_w = 239, .box_w = 15, .box_h = 19, .ofs_x = 0, .ofs_y = 0},
    {.bitmap_index = 9593, .adv_w = 239, .box_w = 15, .box_h = 18, .ofs_x = 0, .ofs_y = 0},
    {.bitmap_index = 9728, .adv_w = 239, .box_w = 15, .box_h = 19, .ofs_x = 0, .ofs_y = 0},
    {.bitmap_index = 9871, .adv_w = 179, .box_w = 9, .box_h = 10, .ofs_x = 1, .ofs_y = 0},
    {.bitmap_index = 9916, .adv_w = 239, .box_w = 15, .box_h = 14, .ofs_x = 0, .ofs_y = 0},
    {.bitmap_index = 10021, .adv_w = 210, .box_w = 11, .box_h = 18, .ofs_x = 1, .ofs_y = 0},
    {.bitmap_index = 10120, .adv_w = 210, .box_w = 11, .box_h = 18, .ofs_x = 1, .ofs_y = 0},
    {.bitmap_index = 10219, .adv_w = 210, .box_w = 11, .box_h = 19, .ofs_x = 1, .ofs_y = 0},
    {.bitmap_index = 10324, .adv_w = 210, .box_w = 11, .box_h = 19, .ofs_x = 1, .ofs_y = 0},
    {.bitmap_index = 10429, .adv_w = 195, .box_w = 12, .box_h = 18, .ofs_x = 0, .ofs_y = 0},
    {.bitmap_index = 10537, .adv_w = 200, .box_w = 10, .box_h = 14, .ofs_x = 2, .ofs_y = 0},
    {.bitmap_index = 10607, .adv_w = 205, .box_w = 12, .box_h = 14, .ofs_x = 1, .ofs_y = 0},
    {.bitmap_index = 10691, .adv_w = 173, .box_w = 10, .box_h = 14, .ofs_x = 0, .ofs_y = 0},
    {.bitmap_index = 10761, .adv_w = 173, .box_w = 10, .box_h = 14, .ofs_x = 0, .ofs_y = 0},
    {.bitmap_index = 10831, .adv_w = 173, .box_w = 10, .box_h = 15, .ofs_x = 0, .ofs_y = 0},
    {.bitmap_index = 10906, .adv_w = 173, .box_w = 10, .box_h = 14, .ofs_x = 0, .ofs_y = 0},
    {.bitmap_index = 10976, .adv_w = 173, .box_w = 10, .box_h = 14, .ofs_x = 0, .ofs_y = 0},
    {.bitmap_index = 11046, .adv_w = 173, .box_w = 10, .box_h = 15, .ofs_x = 0, .ofs_y = 0},
    {.bitmap_index = 11121, .adv_w = 276, .box_w = 17, .box_h = 10, .ofs_x = 0, .ofs_y = 0},
    {.bitmap_index = 11206, .adv_w = 166, .box_w = 10, .box_h = 14, .ofs_x = 0, .ofs_y = -4},
    {.bitmap_index = 11276, .adv_w = 173, .box_w = 10, .box_h = 14, .ofs_x = 0, .ofs_y = 0},
    {.bitmap_index = 11346, .adv_w = 173, .box_w = 10, .box_h = 14, .ofs_x = 0, .ofs_y = 0},
    {.bitmap_index = 11416, .adv_w = 173, .box_w = 10, .box_h = 15, .ofs_x = 0, .ofs_y = 0},
    {.bitmap_index = 11491, .adv_w = 173, .box_w = 10, .box_h = 14, .ofs_x = 0, .ofs_y = 0},
    {.bitmap_index = 11561, .adv_w = 74, .box_w = 6, .box_h = 14, .ofs_x = -2, .ofs_y = 0},
    {.bitmap_index = 11603, .adv_w = 74, .box_w = 5, .box_h = 14, .ofs_x = 1, .ofs_y = 0},
    {.bitmap_index = 11638, .adv_w = 74, .box_w = 7, .box_h = 15, .ofs_x = -1, .ofs_y = 0},
    {.bitmap_index = 11691, .adv_w = 74, .box_w = 7, .box_h = 14, .ofs_x = -1, .ofs_y = 0},
    {.bitmap_index = 11740, .adv_w = 196, .box_w = 11, .box_h = 14, .ofs_x = 1, .ofs_y = 0},
    {.bitmap_index = 11817, .adv_w = 177, .box_w = 9, .box_h = 14, .ofs_x = 1, .ofs_y = 0},
    {.bitmap_index = 11880, .adv_w = 184, .box_w = 11, .box_h = 14, .ofs_x = 0, .ofs_y = 0},
    {.bitmap_index = 11957, .adv_w = 184, .box_w = 11, .box_h = 14, .ofs_x = 0, .ofs_y = 0},
    {.bitmap_index = 12034, .adv_w = 184, .box_w = 11, .box_h = 15, .ofs_x = 0, .ofs_y = 0},
    {.bitmap_index = 12117, .adv_w = 184, .box_w = 11, .box_h = 14, .ofs_x = 0, .ofs_y = 0},
    {.bitmap_index = 12194, .adv_w = 184, .box_w = 11, .box_h = 14, .ofs_x = 0, .ofs_y = 0},
    {.bitmap_index = 12271, .adv_w = 179, .box_w = 9, .box_h = 9, .ofs_x = 1, .ofs_y = 1},
    {.bitmap_index = 12312, .adv_w = 184, .box_w = 11, .box_h = 12, .ofs_x = 0, .ofs_y = -1},
    {.bitmap_index = 12378, .adv_w = 177, .box_w = 9, .box_h = 14, .ofs_x = 1, .ofs_y = 0},
    {.bitmap_index = 12441, .adv_w = 177, .box_w = 9, .box_h = 14, .ofs_x = 1, .ofs_y = 0},
    {.bitmap_index = 12504, .adv_w = 177, .box_w = 9, .box_h = 15, .ofs_x = 1, .ofs_y = 0},
    {.bitmap_index = 12572, .adv_w = 177, .box_w = 9, .box_h = 14, .ofs_x = 1, .ofs_y = 0},
    {.bitmap_index = 12635, .adv_w = 168, .box_w = 11, .box_h = 18, .ofs_x = 0, .ofs_y = -4},
    {.bitmap_index = 12734, .adv_w = 199, .box_w = 11, .box_h = 18, .ofs_x = 1, .ofs_y = -4},
    {.bitmap_index = 12833, .adv_w = 168, .box_w = 11, .box_h = 18, .ofs_x = 0, .ofs_y = -4},
    {.bitmap_index = 12932, .adv_w = 208, .box_w = 13, .box_h = 17, .ofs_x = 0, .ofs_y = 0},
    {.bitmap_index = 13043, .adv_w = 173, .box_w = 10, .box_h = 13, .ofs_x = 0, .ofs_y = 0},
    {.bitmap_index = 13108, .adv_w = 208, .box_w = 13, .box_h = 18, .ofs_x = 0, .ofs_y = 0},
    {.bitmap_index = 13225, .adv_w = 173, .box_w = 10, .box_h = 14, .ofs_x = 0, .ofs_y = 0},
    {.bitmap_index = 13295, .adv_w = 208, .box_w = 14, .box_h = 18, .ofs_x = 0, .ofs_y = -4},
    {.bitmap_index = 13421, .adv_w = 173, .box_w = 11, .box_h = 14, .ofs_x = 0, .ofs_y = -4},
    {.bitmap_index = 13498, .adv_w = 226, .box_w = 14, .box_h = 18, .ofs_x = 0, .ofs_y = 0},
    {.bitmap_index = 13624, .adv_w = 166, .box_w = 10, .box_h = 14, .ofs_x = 0, .ofs_y = 0},
    {.bitmap_index = 13694, .adv_w = 226, .box_w = 14, .box_h = 19, .ofs_x = 0, .ofs_y = 0},
    {.bitmap_index = 13827, .adv_w = 166, .box_w = 10, .box_h = 15, .ofs_x = 0, .ofs_y = 0},
    {.bitmap_index = 13902, .adv_w = 226, .box_w = 14, .box_h = 19, .ofs_x = 0, .ofs_y = 0},
    {.bitmap_index = 14035, .adv_w = 166, .box_w = 10, .box_h = 14, .ofs_x = 0, .ofs_y = 0},
    {.bitmap_index = 14105, .adv_w = 226, .box_w = 14, .box_h = 18, .ofs_x = 0, .ofs_y = 0},
    {.bitmap_index = 14231, .adv_w = 166, .box_w = 10, .box_h = 14, .ofs_x = 0, .ofs_y = 0},
    {.bitmap_index = 14301, .adv_w = 217, .box_w = 12, .box_h = 18, .ofs_x = 1, .ofs_y = 0},
    {.bitmap_index = 14409, .adv_w = 242, .box_w = 15, .box_h = 14, .ofs_x = 0, .ofs_y = 0},
    {.bitmap_index = 14514, .adv_w = 217, .box_w = 13, .box_h = 14, .ofs_x = 0, .ofs_y = 0},
    {.bitmap_index = 14605, .adv_w = 187, .box_w = 12, .box_h = 14, .ofs_x = 0, .ofs_y = 0},
    {.bitmap_index = 14689, .adv_w = 187, .box_w = 10, .box_h = 17, .ofs_x = 1, .ofs_y = 0},
    {.bitmap_index = 14774, .adv_w = 173, .box_w = 10, .box_h = 13, .ofs_x = 0, .ofs_y = 0},
    {.bitmap_index = 14839, .adv_w = 187, .box_w = 10, .box_h = 18, .ofs_x = 1, .ofs_y = 0},
    {.bitmap_index = 14929, .adv_w = 173, .box_w = 10, .box_h = 14, .ofs_x = 0, .ofs_y = 0},
    {.bitmap_index = 14999, .adv_w = 187, .box_w = 10, .box_h = 18, .ofs_x = 1, .ofs_y = 0},
    {.bitmap_index = 15089, .adv_w = 173, .box_w = 10, .box_h = 14, .ofs_x = 0, .ofs_y = 0},
    {.bitmap_index = 15159, .adv_w = 187, .box_w = 11, .box_h = 18, .ofs_x = 1, .ofs_y = -4},
    {.bitmap_index = 15258, .adv_w = 173, .box_w = 10, .box_h = 14, .ofs_x = 0, .ofs_y = -4},
    {.bitmap_index = 15328, .adv_w = 187, .box_w = 10, .box_h = 18, .ofs_x = 1, .ofs_y = 0},
    {.bitmap_index = 15418, .adv_w = 173, .box_w = 10, .box_h = 14, .ofs_x = 0, .ofs_y = 0},
    {.bitmap_index = 15488, .adv_w = 234, .box_w = 14, .box_h = 19, .ofs_x = 0, .ofs_y = 0},
    {.bitmap_index = 15621, .adv_w = 165, .box_w = 11, .box_h = 19, .ofs_x = 0, .ofs_y = -4},
    {.bitmap_index = 15726, .adv_w = 234, .box_w = 14, .box_h = 18, .ofs_x = 0, .ofs_y = 0},
    {.bitmap_index = 15852, .adv_w = 165, .box_w = 11, .box_h = 18, .ofs_x = 0, .ofs_y = -4},
    {.bitmap_index = 15951, .adv_w = 234, .box_w = 14, .box_h = 19, .ofs_x = 0, .ofs_y = 0},
    {.bitmap_index = 16084, .adv_w = 165, .box_w = 11, .box_h = 18, .ofs_x = 0, .ofs_y = -4},
    {.bitmap_index = 16183, .adv_w = 234, .box_w = 14, .box_h = 18, .ofs_x = 0, .ofs_y = -4},
    {.bitmap_index = 16309, .adv_w = 165, .box_w = 11, .box_h = 18, .ofs_x = 0, .ofs_y = -4},
    {.bitmap_index = 16408, .adv_w = 219, .box_w = 12, .box_h = 19, .ofs_x = 1, .ofs_y = 0},
    {.bitmap_index = 16522, .adv_w = 177, .box_w = 11, .box_h = 19, .ofs_x = -1, .ofs_y = 0},
    {.bitmap_index = 16627, .adv_w = 219, .box_w = 14, .box_h = 14, .ofs_x = 0, .ofs_y = 0},
    {.bitmap_index = 16725, .adv_w = 177, .box_w = 10, .box_h = 14, .ofs_x = 0, .ofs_y = 0},
    {.bitmap_index = 16795, .adv_w = 81, .box_w = 7, .box_h = 17, .ofs_x = -1, .ofs_y = 0},
    {.bitmap_index = 16855, .adv_w = 74, .box_w = 7, .box_h = 14, .ofs_x = -1, .ofs_y = 0},
    {.bitmap_index = 16904, .adv_w = 81, .box_w = 7, .box_h = 17, .ofs_x = -1, .ofs_y = 0},
    {.bitmap_index = 16964, .adv_w = 74, .box_w = 7, .box_h = 13, .ofs_x = -1, .ofs_y = 0},
    {.bitmap_index = 17010, .adv_w = 81, .box_w = 7, .box_h = 18, .ofs_x = -1, .ofs_y = 0},
    {.bitmap_index = 17073, .adv_w = 74, .box_w = 7, .box_h = 14, .ofs_x = -1, .ofs_y = 0},
    {.bitmap_index = 17122, .adv_w = 81, .box_w = 5, .box_h = 18, .ofs_x = 0, .ofs_y = -4},
    {.bitmap_index = 17167, .adv_w = 74, .box_w = 5, .box_h = 18, .ofs_x = 0, .ofs_y = -4},
    {.bitmap_index = 17212, .adv_w = 81, .box_w = 3, .box_h = 18, .ofs_x = 1, .ofs_y = 0},
    {.bitmap_index = 17239, .adv_w = 74, .box_w = 3, .box_h = 10, .ofs_x = 1, .ofs_y = 0},
    {.bitmap_index = 17254, .adv_w = 258, .box_w = 14, .box_h = 14, .ofs_x = 1, .ofs_y = 0},
    {.bitmap_index = 17352, .adv_w = 149, .box_w = 8, .box_h = 18, .ofs_x = 1, .ofs_y = -4},
    {.bitmap_index = 17424, .adv_w = 177, .box_w = 10, .box_h = 19, .ofs_x = 0, .ofs_y = 0},
    {.bitmap_index = 17519, .adv_w = 74, .box_w = 7, .box_h = 19, .ofs_x = -1, .ofs_y = -4},
    {.bitmap_index = 17586, .adv_w = 206, .box_w = 12, .box_h = 18, .ofs_x = 1, .ofs_y = -4},
    {.bitmap_index = 17694, .adv_w = 173, .box_w = 10, .box_h = 18, .ofs_x = 1, .ofs_y = -4},
    {.bitmap_index = 17784, .adv_w = 178, .box_w = 10, .box_h = 10, .ofs_x = 1, .ofs_y = 0},
    {.bitmap_index = 17834, .adv_w = 159, .box_w = 9, .box_h = 18, .ofs_x = 1, .ofs_y = 0},
    {.bitmap_index = 17915, .adv_w = 82, .box_w = 5, .box_h = 18, .ofs_x = 1, .ofs_y = 0},
    {.bitmap_index = 17960, .adv_w = 159, .box_w = 9, .box_h = 18, .ofs_x = 1, .ofs_y = -4},
    {.bitmap_index = 18041, .adv_w = 82, .box_w = 5, .box_h = 18, .ofs_x = 0, .ofs_y = -4},
    {.bitmap_index = 18086, .adv_w = 159, .box_w = 9, .box_h = 14, .ofs_x = 1, .ofs_y = 0},
    {.bitmap_index = 18149, .adv_w = 98, .box_w = 7, .box_h = 14, .ofs_x = 1, .ofs_y = 0},
    {.bitmap_index = 18198, .adv_w = 192, .box_w = 10, .box_h = 14, .ofs_x = 1, .ofs_y = 0},
    {.bitmap_index = 18268, .adv_w = 134, .box_w = 7, .box_h = 14, .ofs_x = 1, .ofs_y = 0},
    {.bitmap_index = 18317, .adv_w = 159, .box_w = 10, .box_h = 14, .ofs_x = 0, .ofs_y = 0},
    {.bitmap_index = 18387, .adv_w = 82, .box_w = 5, .box_h = 14, .ofs_x = 0, .ofs_y = 0},
    {.bitmap_index = 18422, .adv_w = 218, .box_w = 12, .box_h = 18, .ofs_x = 1, .ofs_y = 0},
    {.bitmap_index = 18530, .adv_w = 177, .box_w = 9, .box_h = 14, .ofs_x = 1, .ofs_y = 0},
    {.bitmap_index = 18593, .adv_w = 218, .box_w = 12, .box_h = 18, .ofs_x = 1, .ofs_y = -4},
    {.bitmap_index = 18701, .adv_w = 177, .box_w = 9, .box_h = 14, .ofs_x = 1, .ofs_y = -4},
    {.bitmap_index = 18764, .adv_w = 218, .box_w = 12, .box_h = 18, .ofs_x = 1, .ofs_y = 0},
    {.bitmap_index = 18872, .adv_w = 177, .box_w = 9, .box_h = 14, .ofs_x = 1, .ofs_y = 0},
    {.bitmap_index = 18935, .adv_w = 223, .box_w = 13, .box_h = 14, .ofs_x = 0, .ofs_y = 0},
    {.bitmap_index = 19026, .adv_w = 218, .box_w = 12, .box_h = 18, .ofs_x = 1, .ofs_y = -4},
    {.bitmap_index = 19134, .adv_w = 195, .box_w = 10, .box_h = 14, .ofs_x = 1, .ofs_y = -4},
    {.bitmap_index = 19204, .adv_w = 239, .box_w = 15, .box_h = 17, .ofs_x = 0, .ofs_y = 0},
    {.bitmap_index = 19332, .adv_w = 184, .box_w = 11, .box_h = 13, .ofs_x = 0, .ofs_y = 0},
    {.bitmap_index = 19404, .adv_w = 239, .box_w = 15, .box_h = 18, .ofs_x = 0, .ofs_y = 0},
    {.bitmap_index = 19539, .adv_w = 184, .box_w = 11, .box_h = 14, .ofs_x = 0, .ofs_y = 0},
    {.bitmap_index = 19616, .adv_w = 239, .box_w = 15, .box_h = 19, .ofs_x = 0, .ofs_y = 0},
    {.bitmap_index = 19759, .adv_w = 184, .box_w = 12, .box_h = 14, .ofs_x = 0, .ofs_y = 0},
    {.bitmap_index = 19843, .adv_w = 323, .box_w = 20, .box_h = 14, .ofs_x = 0, .ofs_y = 0},
    {.bitmap_index = 19983, .adv_w = 296, .box_w = 18, .box_h = 10, .ofs_x = 0, .ofs_y = 0},
    {.bitmap_index = 20073, .adv_w = 193, .box_w = 11, .box_h = 18, .ofs_x = 1, .ofs_y = 0},
    {.bitmap_index = 20172, .adv_w = 132, .box_w = 7, .box_h = 14, .ofs_x = 1, .ofs_y = 0},
    {.bitmap_index = 20221, .adv_w = 193, .box_w = 11, .box_h = 18, .ofs_x = 1, .ofs_y = -4},
    {.bitmap_index = 20320, .adv_w = 132, .box_w = 7, .box_h = 14, .ofs_x = 1, .ofs_y = -4},
    {.bitmap_index = 20369, .adv_w = 193, .box_w = 11, .box_h = 18, .ofs_x = 1, .ofs_y = 0},
    {.bitmap_index = 20468, .adv_w = 132, .box_w = 8, .box_h = 14, .ofs_x = 0, .ofs_y = 0},
    {.bitmap_index = 20524, .adv_w = 182, .box_w = 11, .box_h = 18, .ofs_x = 0, .ofs_y = 0},
    {.bitmap_index = 20623, .adv_w = 151, .box_w = 9, .box_h = 14, .ofs_x = 0, .ofs_y = 0},
    {.bitmap_index = 20686, .adv_w = 182, .box_w = 11, .box_h = 19, .ofs_x = 0, .ofs_y = 0},
    {.bitmap_index = 20791, .adv_w = 151, .box_w = 9, .box_h = 15, .ofs_x = 0, .ofs_y = 0},
    {.bitmap_index = 20859, .adv_w = 182, .box_w = 11, .box_h = 18, .ofs_x = 0, .ofs_y = -4},
    {.bitmap_index = 20958, .adv_w = 151, .box_w = 9, .box_h = 14, .ofs_x = 0, .ofs_y = -4},
    {.bitmap_index = 21021, .adv_w = 182, .box_w = 11, .box_h = 18, .ofs_x = 0, .ofs_y = 0},
    {.bitmap_index = 21120, .adv_w = 151, .box_w = 9, .box_h = 14, .ofs_x = 0, .ofs_y = 0},
    {.bitmap_index = 21183, .adv_w = 188, .box_w = 12, .box_h = 18, .ofs_x = 0, .ofs_y = -4},
    {.bitmap_index = 21291, .adv_w = 108, .box_w = 7, .box_h = 18, .ofs_x = 0, .ofs_y = -4},
    {.bitmap_index = 21354, .adv_w = 188, .box_w = 12, .box_h = 18, .ofs_x = 0, .ofs_y = 0},
    {.bitmap_index = 21462, .adv_w = 145, .box_w = 9, .box_h = 15, .ofs_x = 0, .ofs_y = 0},
    {.bitmap_index = 21530, .adv_w = 188, .box_w = 12, .box_h = 14, .ofs_x = 0, .ofs_y = 0},
    {.bitmap_index = 21614, .adv_w = 119, .box_w = 7, .box_h = 14, .ofs_x = 0, .ofs_y = 0},
    {.bitmap_index = 21663, .adv_w = 210, .box_w = 11, .box_h = 18, .ofs_x = 1, .ofs_y = 0},
    {.bitmap_index = 21762, .adv_w = 177, .box_w = 9, .box_h = 14, .ofs_x = 1, .ofs_y = 0},
    {.bitmap_index = 21825, .adv_w = 210, .box_w = 11, .box_h = 17, .ofs_x = 1, .ofs_y = 0},
    {.bitmap_index = 21919, .adv_w = 177, .box_w = 9, .box_h = 13, .ofs_x = 1, .ofs_y = 0},
    {.bitmap_index = 21978, .adv_w = 210, .box_w = 11, .box_h = 18, .ofs_x = 1, .ofs_y = 0},
    {.bitmap_index = 22077, .adv_w = 177, .box_w = 9, .box_h = 14, .ofs_x = 1, .ofs_y = 0},
    {.bitmap_index = 22140, .adv_w = 210, .box_w = 11, .box_h = 18, .ofs_x = 1, .ofs_y = 0},
    {.bitmap_index = 22239, .adv_w = 177, .box_w = 9, .box_h = 15, .ofs_x = 1, .ofs_y = 0},
    {.bitmap_index = 22307, .adv_w = 210, .box_w = 11, .box_h = 19, .ofs_x = 1, .ofs_y = 0},
    {.bitmap_index = 22412, .adv_w = 177, .box_w = 10, .box_h = 14, .ofs_x = 1, .ofs_y = 0},
    {.bitmap_index = 22482, .adv_w = 210, .box_w = 11, .box_h = 18, .ofs_x = 1, .ofs_y = -4},
    {.bitmap_index = 22581, .adv_w = 177, .box_w = 10, .box_h = 14, .ofs_x = 1, .ofs_y = -4},
    {.bitmap_index = 22651, .adv_w = 308, .box_w = 19, .box_h = 19, .ofs_x = 0, .ofs_y = 0},
    {.bitmap_index = 22832, .adv_w = 240, .box_w = 15, .box_h = 15, .ofs_x = 0, .ofs_y = 0},
    {.bitmap_index = 22945, .adv_w = 195, .box_w = 12, .box_h = 19, .ofs_x = 0, .ofs_y = 0},
    {.bitmap_index = 23059, .adv_w = 168, .box_w = 11, .box_h = 19, .ofs_x = 0, .ofs_y = -4},
    {.bitmap_index = 23164, .adv_w = 195, .box_w = 12, .box_h = 18, .ofs_x = 0, .ofs_y = 0},
    {.bitmap_index = 23272, .adv_w = 189, .box_w = 12, .box_h = 18, .ofs_x = 0, .ofs_y = 0},
    {.bitmap_index = 23380, .adv_w = 151, .box_w = 9, .box_h = 14, .ofs_x = 0, .ofs_y = 0},
    {.bitmap_index = 23443, .adv_w = 189, .box_w = 12, .box_h = 18, .ofs_x = 0, .ofs_y = 0},
    {.bitmap_index = 23551, .adv_w = 151, .box_w = 9, .box_h = 14, .ofs_x = 0, .ofs_y = 0},
    {.bitmap_index = 23614, .adv_w = 189, .box_w = 12, .box_h = 18, .ofs_x = 0, .ofs_y = 0},
    {.bitmap_index = 23722, .adv_w = 151, .box_w = 9, .box_h = 14, .ofs_x = 0, .ofs_y = 0},
    {.bitmap_index = 23785, .adv_w = 239, .box_w = 15, .box_h = 14, .ofs_x = 0, .ofs_y = 0},
    {.bitmap_index = 23890, .adv_w = 184, .box_w = 12, .box_h = 11, .ofs_x = 0, .ofs_y = 0},
    {.bitmap_index = 23956, .adv_w = 240, .box_w = 14, .box_h = 14, .ofs_x = 1, .ofs_y = 0},
    {.bitmap_index = 24054, .adv_w = 177, .box_w = 11, .box_h = 13, .ofs_x = 1, .ofs_y = 0},
    {.bitmap_index = 24126, .adv_w = 208, .box_w = 13, .box_h = 18, .ofs_x = 0, .ofs_y = -4},
    {.bitmap_index = 24243, .adv_w = 173, .box_w = 10, .box_h = 14, .ofs_x = 0, .ofs_y = -4},
    {.bitmap_index = 24313, .adv_w = 208, .box_w = 13, .box_h = 18, .ofs_x = 0, .ofs_y = 0},
    {.bitmap_index = 24430, .adv_w = 173, .box_w = 10, .box_h = 14, .ofs_x = 0, .ofs_y = 0},
    {.bitmap_index = 24500, .adv_w = 208, .box_w = 13, .box_h = 20, .ofs_x = 0, .ofs_y = 0},
    {.bitmap_index = 24630, .adv_w = 173, .box_w = 10, .box_h = 16, .ofs_x = 0, .ofs_y = 0},
    {.bitmap_index = 24710, .adv_w = 208, .box_w = 13, .box_h = 20, .ofs_x = 0, .ofs_y = 0},
    {.bitmap_index = 24840, .adv_w = 173, .box_w = 10, .box_h = 16, .ofs_x = 0, .ofs_y = 0},
    {.bitmap_index = 24920, .adv_w = 208, .box_w = 13, .box_h = 20, .ofs_x = 0, .ofs_y = 0},
    {.bitmap_index = 25050, .adv_w = 173, .box_w = 10, .box_h = 16, .ofs_x = 0, .ofs_y = 0},
    {.bitmap_index = 25130, .adv_w = 208, .box_w = 13, .box_h = 20, .ofs_x = 0, .ofs_y = 0},
    {.bitmap_index = 25260, .adv_w = 173, .box_w = 10, .box_h = 16, .ofs_x = 0, .ofs_y = 0},
    {.bitmap_index = 25340, .adv_w = 208, .box_w = 13, .box_h = 23, .ofs_x = 0, .ofs_y = -4},
    {.bitmap_index = 25490, .adv_w = 173, .box_w = 10, .box_h = 19, .ofs_x = 0, .ofs_y = -4},
    {.bitmap_index = 25585, .adv_w = 208, .box_w = 13, .box_h = 20, .ofs_x = 0, .ofs_y = 0},
    {.bitmap_index = 25715, .adv_w = 173, .box_w = 10, .box_h = 17, .ofs_x = 0, .ofs_y = 0},
    {.bitmap_index = 25800, .adv_w = 208, .box_w = 13, .box_h = 20, .ofs_x = 0, .ofs_y = 0},
    {.bitmap_index = 25930, .adv_w = 173, .box_w = 10, .box_h = 17, .ofs_x = 0, .ofs_y = 0},
    {.bitmap_index = 26015, .adv_w = 208, .box_w = 13, .box_h = 20, .ofs_x = 0, .ofs_y = 0},
    {.bitmap_index = 26145, .adv_w = 173, .box_w = 10, .box_h = 17, .ofs_x = 0, .ofs_y = 0},
    {.bitmap_index = 26230, .adv_w = 208, .box_w = 13, .box_h = 20, .ofs_x = 0, .ofs_y = 0},
    {.bitmap_index = 26360, .adv_w = 173, .box_w = 10, .box_h = 16, .ofs_x = 0, .ofs_y = 0},
    {.bitmap_index = 26440, .adv_w = 208, .box_w = 13, .box_h = 22, .ofs_x = 0, .ofs_y = -4},
    {.bitmap_index = 26583, .adv_w = 173, .box_w = 10, .box_h = 18, .ofs_x = 0, .ofs_y = -4},
    {.bitmap_index = 26673, .adv_w = 187, .box_w = 10, .box_h = 18, .ofs_x = 1, .ofs_y = -4},
    {.bitmap_index = 26763, .adv_w = 173, .box_w = 10, .box_h = 14, .ofs_x = 0, .ofs_y = -4},
    {.bitmap_index = 26833, .adv_w = 187, .box_w = 10, .box_h = 18, .ofs_x = 1, .ofs_y = 0},
    {.bitmap_index = 26923, .adv_w = 173, .box_w = 10, .box_h = 14, .ofs_x = 0, .ofs_y = 0},
    {.bitmap_index = 26993, .adv_w = 187, .box_w = 10, .box_h = 17, .ofs_x = 1, .ofs_y = 0},
    {.bitmap_index = 27078, .adv_w = 173, .box_w = 10, .box_h = 14, .ofs_x = 0, .ofs_y = 0},
    {.bitmap_index = 27148, .adv_w = 187, .box_w = 10, .box_h = 20, .ofs_x = 1, .ofs_y = 0},
    {.bitmap_index = 27248, .adv_w = 173, .box_w = 10, .box_h = 16, .ofs_x = 0, .ofs_y = 0},
    {.bitmap_index = 27328, .adv_w = 187, .box_w = 10, .box_h = 20, .ofs_x = 1, .ofs_y = 0},
    {.bitmap_index = 27428, .adv_w = 173, .box_w = 10, .box_h = 16, .ofs_x = 0, .ofs_y = 0},
    {.bitmap_index = 27508, .adv_w = 187, .box_w = 10, .box_h = 20, .ofs_x = 1, .ofs_y = 0},
    {.bitmap_index = 27608, .adv_w = 173, .box_w = 10, .box_h = 16, .ofs_x = 0, .ofs_y = 0},
    {.bitmap_index = 27688, .adv_w = 187, .box_w = 10, .box_h = 20, .ofs_x = 1, .ofs_y = 0},
    {.bitmap_index = 27788, .adv_w = 173, .box_w = 10, .box_h = 16, .ofs_x = 0, .ofs_y = 0},
    {.bitmap_index = 27868, .adv_w = 187, .box_w = 10, .box_h = 23, .ofs_x = 1, .ofs_y = -4},
    {.bitmap_index = 27983, .adv_w = 173, .box_w = 10, .box_h = 19, .ofs_x = 0, .ofs_y = -4},
    {.bitmap_index = 28078, .adv_w = 81, .box_w = 4, .box_h = 18, .ofs_x = 1, .ofs_y = 0},
    {.bitmap_index = 28114, .adv_w = 74, .box_w = 4, .box_h = 14, .ofs_x = 1, .ofs_y = 0},
    {.bitmap_index = 28142, .adv_w = 81, .box_w = 3, .box_h = 18, .ofs_x = 1, .ofs_y = -4},
    {.bitmap_index = 28169, .adv_w = 74, .box_w = 3, .box_h = 18, .ofs_x = 1, .ofs_y = -4},
    {.bitmap_index = 28196, .adv_w = 239, .box_w = 15, .box_h = 18, .ofs_x = 0, .ofs_y = -4},
    {.bitmap_index = 28331, .adv_w = 184, .box_w = 11, .box_h = 14, .ofs_x = 0, .ofs_y = -4},
    {.bitmap_index = 28408, .adv_w = 239, .box_w = 15, .box_h = 18, .ofs_x = 0, .ofs_y = 0},
    {.bitmap_index = 28543, .adv_w = 184, .box_w = 11, .box_h = 14, .ofs_x = 0, .ofs_y = 0},
    {.bitmap_index = 28620, .adv_w = 239, .box_w = 15, .box_h = 20, .ofs_x = 0, .ofs_y = 0},
    {.bitmap_index = 28770, .adv_w = 184, .box_w = 11, .box_h = 16, .ofs_x = 0, .ofs_y = 0},
    {.bitmap_index = 28858, .adv_w = 239, .box_w = 15, .box_h = 20, .ofs_x = 0, .ofs_y = 0},
    {.bitmap_index = 29008, .adv_w = 184, .box_w = 11, .box_h = 16, .ofs_x = 0, .ofs_y = 0},
    {.bitmap_index = 29096, .adv_w = 239, .box_w = 15, .box_h = 20, .ofs_x = 0, .ofs_y = 0},
    {.bitmap_index = 29246, .adv_w = 184, .box_w = 11, .box_h = 16, .ofs_x = 0, .ofs_y = 0},
    {.bitmap_index = 29334, .adv_w = 239, .box_w = 15, .box_h = 20, .ofs_x = 0, .ofs_y = 0},
    {.bitmap_index = 29484, .adv_w = 184, .box_w = 11, .box_h = 16, .ofs_x = 0, .ofs_y = 0},
    {.bitmap_index = 29572, .adv_w = 239, .box_w = 15, .box_h = 23, .ofs_x = 0, .ofs_y = -4},
    {.bitmap_index = 29745, .adv_w = 184, .box_w = 11, .box_h = 19, .ofs_x = 0, .ofs_y = -4},
    {.bitmap_index = 29850, .adv_w = 239, .box_w = 15, .box_h = 18, .ofs_x = 0, .ofs_y = 0},
    {.bitmap_index = 29985, .adv_w = 184, .box_w = 12, .box_h = 14, .ofs_x = 0, .ofs_y = 0},
    {.bitmap_index = 30069, .adv_w = 239, .box_w = 15, .box_h = 18, .ofs_x = 0, .ofs_y = 0},
    {.bitmap_index = 30204, .adv_w = 184, .box_w = 12, .box_h = 14, .ofs_x = 0, .ofs_y = 0},
    {.bitmap_index = 30288, .adv_w = 239, .box_w = 15, .box_h = 18, .ofs_x = 0, .ofs_y = 0},
    {.bitmap_index = 30423, .adv_w = 184, .box_w = 12, .box_h = 14, .ofs_x = 0, .ofs_y = 0},
    {.bitmap_index = 30507, .adv_w = 239, .box_w = 15, .box_h = 18, .ofs_x = 0, .ofs_y = 0},
    {.bitmap_index = 30642, .adv_w = 184, .box_w = 12, .box_h = 14, .ofs_x = 0, .ofs_y = 0},
    {.bitmap_index = 30726, .adv_w = 239, .box_w = 15, .box_h = 18, .ofs_x = 0, .ofs_y = -4},
    {.bitmap_index = 30861, .adv_w = 184, .box_w = 12, .box_h = 15, .ofs_x = 0, .ofs_y = -4},
    {.bitmap_index = 30951, .adv_w = 210, .box_w = 11, .box_h = 18, .ofs_x = 1, .ofs_y = -4},
    {.bitmap_index = 31050, .adv_w = 177, .box_w = 9, .box_h = 14, .ofs_x = 1, .ofs_y = -4},
    {.bitmap_index = 31113, .adv_w = 210, .box_w = 11, .box_h = 18, .ofs_x = 1, .ofs_y = 0},
    {.bitmap_index = 31212, .adv_w = 177, .box_w = 9, .box_h = 14, .ofs_x = 1, .ofs_y = 0},
    {.bitmap_index = 31275, .adv_w = 240, .box_w = 14, .box_h = 18, .ofs_x = 1, .ofs_y = 0},
    {.bitmap_index = 31401, .adv_w = 177, .box_w = 11, .box_h = 14, .ofs_x = 1, .ofs_y = 0},
    {.bitmap_index = 31478, .adv_w = 240, .box_w = 14, .box_h = 18, .ofs_x = 1, .ofs_y = 0},
    {.bitmap_index = 31604, .adv_w = 177, .box_w = 11, .box_h = 14, .ofs_x = 1, .ofs_y = 0},
    {.bitmap_index = 31681, .adv_w = 240, .box_w = 14, .box_h = 18, .ofs_x = 1, .ofs_y = 0},
    {.bitmap_index = 31807, .adv_w = 177, .box_w = 11, .box_h = 14, .ofs_x = 1, .ofs_y = 0},
    {.bitmap_index = 31884, .adv_w = 240, .box_w = 14, .box_h = 18, .ofs_x = 1, .ofs_y = 0},
    {.bitmap_index = 32010, .adv_w = 177, .box_w = 11, .box_h = 14, .ofs_x = 1, .ofs_y = 0},
    {.bitmap_index = 32087, .adv_w = 240, .box_w = 14, .box_h = 18, .ofs_x = 1, .ofs_y = -4},
    {.bitmap_index = 32213, .adv_w = 177, .box_w = 11, .box_h = 17, .ofs_x = 1, .ofs_y = -4},
    {.bitmap_index = 32307, .adv_w = 195, .box_w = 12, .box_h = 18, .ofs_x = 0, .ofs_y = 0},
    {.bitmap_index = 32415, .adv_w = 168, .box_w = 11, .box_h = 18, .ofs_x = 0, .ofs_y = -4},
    {.bitmap_index = 32514, .adv_w = 195, .box_w = 12, .box_h = 18, .ofs_x = 0, .ofs_y = -4},
    {.bitmap_index = 32622, .adv_w = 168, .box_w = 11, .box_h = 14, .ofs_x = 0, .ofs_y = -4},
    {.bitmap_index = 32699, .adv_w = 195, .box_w = 12, .box_h = 18, .ofs_x = 0, .ofs_y = 0},
    {.bitmap_index = 32807, .adv_w = 168, .box_w = 11, .box_h = 18, .ofs_x = 0, .ofs_y = -4},
    {.bitmap_index = 32906, .adv_w = 195, .box_w = 12, .box_h = 17, .ofs_x = 0, .ofs_y = 0},
    {.bitmap_index = 33008, .adv_w = 168, .box_w = 11, .box_h = 18, .ofs_x = 0, .ofs_y = -4},
    {.bitmap_index = 33107, .adv_w = 133, .box_w = 8, .box_h = 3, .ofs_x = 0, .ofs_y = 5},
    {.bitmap_index = 33119, .adv_w = 339, .box_w = 21, .box_h = 3, .ofs_x = 0, .ofs_y = 5},
    {.bitmap_index = 33151, .adv_w = 85, .box_w = 5, .box_h = 6, .ofs_x = 0, .ofs_y = 8},
    {.bitmap_index = 33166, .adv_w = 85, .box_w = 5, .box_h = 6, .ofs_x = 0, .ofs_y = 8},
    {.bitmap_index = 33181, .adv_w = 142, .box_w = 9, .box_h = 6, .ofs_x = 0, .ofs_y = 8},
    {.bitmap_index = 33208, .adv_w = 143, .box_w = 9, .box_h = 6, .ofs_x = 0, .ofs_y = 8},
    {.bitmap_index = 33235, .adv_w = 116, .box_w = 5, .box_h = 5, .ofs_x = 1, .ofs_y = 3},
    {.bitmap_index = 33248, .adv_w = 216, .box_w = 12, .box_h = 3, .ofs_x = 1, .ofs_y = 0},
    {.bitmap_index = 33266, .adv_w = 179, .box_w = 11, .box_h = 14, .ofs_x = 0, .ofs_y = 0}
};

/*---------------------
 *  CHARACTER MAPPING
 *--------------------*/

static const uint16_t unicode_list_2[] = {
    0x0, 0x1, 0xf, 0x10
};

static const uint16_t unicode_list_4[] = {
    0x0, 0x1, 0x5, 0x6, 0x9, 0xa, 0xf, 0x13,
    0x99
};

/*Collect the unicode lists and glyph_id offsets*/
static const lv_font_fmt_txt_cmap_t cmaps[] =
{
    {
        .range_start = 32, .range_length = 95, .glyph_id_start = 1,
        .unicode_list = NULL, .glyph_id_ofs_list = NULL, .list_length = 0, .type = LV_FONT_FMT_TXT_CMAP_FORMAT0_TINY
    },
    {
        .range_start = 160, .range_length = 223, .glyph_id_start = 96,
        .unicode_list = NULL, .glyph_id_ofs_list = NULL, .list_length = 0, .type = LV_FONT_FMT_TXT_CMAP_FORMAT0_TINY
    },
    {
        .range_start = 416, .range_length = 17, .glyph_id_start = 319,
        .unicode_list = unicode_list_2, .glyph_id_ofs_list = NULL, .list_length = 4, .type = LV_FONT_FMT_TXT_CMAP_SPARSE_TINY
    },
    {
        .range_start = 7840, .range_length = 90, .glyph_id_start = 323,
        .unicode_list = NULL, .glyph_id_ofs_list = NULL, .list_length = 0, .type = LV_FONT_FMT_TXT_CMAP_FORMAT0_TINY
    },
    {
        .range_start = 8211, .range_length = 154, .glyph_id_start = 413,
        .unicode_list = unicode_list_4, .glyph_id_ofs_list = NULL, .list_length = 9, .type = LV_FONT_FMT_TXT_CMAP_SPARSE_TINY
    }
};

/*-----------------
 *    KERNING
 *----------------*/


/*Map glyph_ids to kern left classes*/
static const uint8_t kern_left_class_mapping[] =
{
    0, 0, 0, 0, 0, 0, 0, 0,
    0, 0, 0, 0, 0, 0, 0, 0,
    1, 0, 0, 0, 0, 0, 0, 0,
    0, 0, 0, 0, 0, 0, 0, 0,
    0, 0, 2, 3, 4, 5, 6, 7,
    8, 0, 0, 9, 10, 11, 0, 0,
    12, 13, 14, 15, 16, 17, 9, 18,
    19, 20, 21, 22, 0, 0, 0, 0,
    0, 0, 23, 24, 25, 0, 26, 27,
    28, 29, 0, 0, 30, 31, 23, 23,
    32, 33, 0, 34, 35, 36, 37, 38,
    39, 40, 38, 41, 0, 0, 0, 0,
    0, 0, 0, 0, 0, 0, 0, 0,
    0, 0, 0, 0, 0, 0, 0, 0,
    0, 0, 0, 0, 0, 0, 0, 0,
    0, 0, 0, 0, 0, 0, 0, 0,
    2, 2, 2, 2, 2, 2, 6, 4,
    6, 6, 6, 6, 0, 0, 0, 0,
    5, 0, 12, 12, 12, 12, 12, 0,
    12, 9, 9, 9, 9, 21, 0, 42,
    23, 23, 23, 23, 23, 23, 26, 25,
    26, 26, 26, 26, 0, 0, 0, 0,
    0, 23, 32, 32, 32, 32, 32, 0,
    32, 37, 37, 37, 37, 38, 32, 38,
    2, 23, 2, 23, 2, 23, 4, 25,
    4, 25, 4, 25, 4, 25, 5, 0,
    5, 0, 6, 26, 6, 26, 6, 26,
    6, 26, 6, 26, 8, 28, 8, 28,
    8, 28, 8, 28, 0, 29, 0, 29,
    0, 0, 0, 0, 0, 0, 0, 0,
    0, 0, 9, 0, 9, 0, 10, 30,
    30, 11, 31, 11, 31, 11, 31, 0,
    0, 11, 0, 0, 23, 0, 23, 0,
    23, 23, 0, 23, 12, 32, 12, 32,
    12, 32, 6, 26, 15, 34, 15, 34,
    15, 34, 16, 35, 16, 35, 16, 35,
    16, 35, 17, 36, 17, 36, 17, 36,
    9, 37, 9, 37, 9, 37, 9, 37,
    9, 37, 9, 37, 19, 39, 21, 38,
    21, 22, 41, 22, 41, 22, 41, 0,
    32, 0, 37, 2, 23, 2, 23, 2,
    23, 2, 23, 2, 23, 2, 23, 2,
    23, 2, 23, 2, 23, 2, 23, 2,
    23, 2, 23, 6, 26, 6, 26, 6,
    26, 6, 26, 6, 26, 6, 26, 6,
    26, 6, 26, 0, 0, 0, 0, 12,
    32, 12, 32, 12, 32, 12, 32, 12,
    32, 12, 32, 12, 32, 0, 32, 0,
    32, 0, 32, 0, 32, 0, 32, 9,
    37, 9, 37, 0, 37, 0, 37, 0,
    37, 0, 37, 0, 37, 21, 38, 21,
    38, 21, 38, 21, 38, 0, 0, 0,
    0, 0, 0, 0, 0, 0
};

/*Map glyph_ids to kern right classes*/
static const uint8_t kern_right_class_mapping[] =
{
    0, 0, 1, 0, 0, 0, 0, 0,
    0, 0, 0, 2, 0, 3, 0, 4,
    5, 0, 0, 0, 0, 0, 0, 0,
    0, 0, 0, 0, 6, 0, 0, 0,
    7, 0, 8, 9, 10, 9, 9, 9,
    10, 9, 9, 11, 9, 9, 9, 9,
    10, 9, 10, 9, 12, 13, 14, 15,
    16, 17, 18, 19, 0, 20, 0, 0,
    0, 0, 21, 0, 22, 22, 22, 23,
    24, 0, 25, 0, 0, 26, 27, 27,
    22, 27, 22, 27, 28, 29, 30, 31,
    32, 33, 31, 34, 0, 0, 0, 0,
    0, 35, 21, 0, 0, 0, 0, 0,
    0, 0, 0, 0, 0, 0, 0, 0,
    0, 0, 0, 0, 0, 0, 0, 0,
    0, 0, 0, 0, 0, 0, 0, 36,
    8, 8, 8, 8, 8, 8, 8, 10,
    9, 9, 9, 9, 9, 9, 9, 9,
    0, 9, 10, 10, 10, 10, 10, 0,
    10, 14, 14, 14, 14, 18, 9, 37,
    21, 21, 21, 21, 21, 21, 21, 22,
    22, 22, 22, 22, 0, 0, 0, 0,
    22, 27, 22, 22, 22, 22, 22, 0,
    22, 30, 30, 30, 30, 32, 0, 32,
    8, 21, 8, 21, 8, 21, 10, 22,
    10, 22, 10, 22, 10, 22, 9, 22,
    9, 22, 9, 22, 9, 22, 9, 22,
    9, 22, 9, 22, 10, 24, 10, 24,
    10, 24, 10, 24, 9, 0, 9, 0,
    9, 0, 9, 0, 9, 0, 9, 0,
    9, 0, 9, 0, 11, 0, 9, 0,
    27, 9, 26, 9, 26, 9, 26, 9,
    26, 0, 0, 9, 27, 9, 27, 9,
    27, 38, 9, 27, 10, 22, 10, 22,
    10, 22, 10, 22, 9, 27, 9, 27,
    9, 27, 12, 28, 12, 28, 12, 28,
    12, 28, 13, 29, 13, 29, 13, 29,
    14, 30, 14, 30, 14, 30, 14, 30,
    14, 30, 14, 30, 16, 32, 18, 32,
    18, 19, 34, 19, 34, 19, 34, 10,
    22, 14, 30, 8, 21, 8, 21, 8,
    21, 8, 21, 8, 21, 8, 21, 8,
    21, 8, 21, 8, 21, 8, 21, 8,
    21, 8, 21, 9, 22, 9, 22, 9,
    22, 9, 22, 9, 22, 9, 22, 9,
    22, 9, 22, 9, 0, 0, 0, 10,
    22, 10, 22, 10, 22, 10, 22, 10,
    22, 10, 22, 10, 22, 10, 22, 10,
    22, 10, 22, 10, 22, 10, 22, 14,
    30, 14, 30, 14, 30, 14, 30, 14,
    30, 14, 30, 14, 30, 18, 32, 18,
    32, 18, 32, 18, 32, 0, 0, 38,
    39, 38, 39, 0, 4, 0
};

/*Kern values between classes*/
static const int8_t kern_class_values[] =
{
    0, 0, 0, 0, -35, 0, 0, 0,
    0, 0, 0, 0, 0, 0, 0, 0,
    0, 0, 0, 0, 0, 0, 0, 0,
    0, 0, 0, 0, 0, 0, 0, 0,
    0, 0, 0, 0, 0, 0, 0, 0,
    -15, 0, 0, 0, 0, -15, 0, 0,
    -10, 0, 0, -30, -9, -27, -24, 0,
    -29, 0, -3, 0, 0, -13, 0, 0,
    -3, 0, 0, -15, 0, -18, -15, 0,
    0, 0, 0, 0, -16, -15, -2, -3,
    0, 0, -1, 0, -7, 0, 0, 0,
    0, 0, -7, 0, -10, -8, -6, -13,
    0, -3, 0, 0, 0, 0, 0, 0,
    0, 0, 0, 0, -4, -2, -3, 0,
    0, -4, 0, -4, -3, -2, 0, 0,
    0, -2, -3, 0, -3, 0, 0, 0,
    0, -2, 0, -4, 0, -6, -7, 0,
    -2, 0, 0, 0, 0, 0, 0, 0,
    -1, 0, 0, 0, 0, 0, -2, 0,
    -7, 0, 0, 0, 0, -2, -8, 0,
    -3, 0, -4, -10, 0, 0, 0, -1,
    -13, 0, -12, -7, -16, -17, -9, -3,
    0, 0, 0, 0, 0, 0, 0, 0,
    0, 0, 0, 0, 0, 0, 0, -12,
    0, 0, 0, 0, 0, 0, 0, 0,
    0, -4, 0, 0, -1, -3, -3, 0,
    0, 0, 0, 0, 0, 0, 0, 0,
    -2, -3, 0, 0, 0, 0, 0, -4,
    0, -7, -5, 0, 0, 0, 0, 0,
    -4, -2, 0, 0, -20, 0, -3, -8,
    0, -27, 0, -3, -12, -8, 0, 0,
    0, 0, 0, 0, 0, 0, -13, -10,
    -4, -12, 0, 0, -12, -12, -4, -8,
    -11, -9, -15, -12, -8, -17, -5, 0,
    0, 0, -2, 0, 0, 0, 0, -4,
    0, 0, 0, 0, 0, -9, 0, -11,
    -7, 0, -14, 0, -3, 0, 0, 0,
    0, 0, 0, 0, 0, 0, 0, -3,
    0, 0, 0, 0, 0, 0, -5, -3,
    -2, 0, -3, 0, -2, 0, 0, -8,
    0, 0, 0, 0, 0, 0, 0, 0,
    -1, 0, -2, 0, 0, 0, 0, 0,
    0, 0, 0, 0, 0, 0, 0, 0,
    0, 0, 0, -11, 0, 0, 0, 0,
    -2, 0, 0, 0, 0, -10, 0, 0,
    -16, -3, -5, 0, 0, 0, 0, 0,
    0, 0, 0, -1, -8, -14, 0, 0,
    0, 0, 0, -16, -5, -22, -20, 0,
    0, 0, 0, 0, -12, -7, 0, -19,
    0, 0, 0, 0, -18, 0, 0, -12,
    0, 0, -37, -8, -35, -32, 0, -37,
    0, -4, 0, -3, -13, 0, 0, 0,
    0, 0, -15, 0, -28, -18, 0, 0,
    0, 0, 0, -19, -19, 0, -1, -8,
    0, -3, 0, -4, -10, 0, 0, 0,
    -2, -12, 0, -11, -7, -15, -16, -9,
    -3, 0, 0, 0, 0, 0, 0, 0,
    0, 0, 0, 0, 0, 0, 0, 0,
    -12, 0, 0, 0, 0, 0, -20, 0,
    -3, 0, 0, -26, 0, 0, -19, -3,
    0, 0, 0, 0, -6, -2, -5, 0,
    -4, -9, 0, -7, 0, 0, 0, -6,
    0, 0, 0, 0, 0, 0, 0, -17,
    0, 0, 0, 0, -7, 0, 0, 0,
    0, -9, 0, -1, 0, -3, -5, -17,
    -1, -16, -12, 0, -20, 0, -3, 0,
    0, 0, 0, 0, 0, 0, 0, 0,
    0, -1, 0, 0, 0, 0, 0, 0,
    -1, -1, 0, -1, 0, 0, 0, 0,
    -5, 0, -2, -5, -4, -5, -6, -6,
    -10, -7, 0, -13, 0, -3, 0, -7,
    -1, 0, 0, -1, 0, 0, -1, -2,
    -3, -3, 0, 0, 0, 0, 0, -1,
    0, -2, -2, 0, 0, -1, 0, -9,
    0, 0, 0, 0, 0, -2, 0, -7,
    -5, -4, -10, 0, -2, 0, 0, -10,
    0, 0, 0, 0, 0, -9, 0, -11,
    -6, -5, 0, 0, -3, 0, -12, -10,
    0, 0, -16, 0, -3, -16, 0, -30,
    0, -12, -10, -5, 0, 0, 0, 0,
    0, 0, 0, 0, -29, -29, -11, -28,
    0, 0, -27, -29, -12, -24, -20, -22,
    -22, -28, -16, -18, -7, -3, 0, 0,
    0, -16, 0, -3, -13, 0, -27, 0,
    -11, -12, -9, 0, 0, 0, 0, 0,
    0, 0, 0, -22, -22, -6, -22, 0,
    0, -18, -22, -6, -14, -7, -9, -9,
    -16, -13, -16, -9, -3, 0, 0, 0,
    -14, 0, -3, -11, 0, -24, 0, -7,
    -13, -7, 0, 0, 0, 0, 0, 0,
    0, 0, -15, -17, -1, -17, 0, 0,
    -12, -16, -1, -9, -3, -5, -5, -11,
    -8, -15, -6, 0, 0, 0, 0, 0,
    0, 0, 0, -7, 0, 0, -15, -4,
    -5, 0, -1, 0, 0, 0, 0, 0,
    0, -1, -9, -12, 0, 0, 0, 0,
    0, -13, -5, -21, -19, 0, 0, 0,
    0, 0, -11, -5, 0, 0, -16, 0,
    -4, -14, -3, -29, 0, -16, -11, -12,
    0, 0, 0, 0, 0, 0, 0, 0,
    -26, -27, -12, -26, 0, 0, -25, -27,
    -12, -20, -14, -15, -16, -23, -15, -17,
    -12, -7, 0, 0, 0, 0, 0, 0,
    0, -2, 0, 0, -10, 0, -1, 0,
    0, 0, 0, 0, 0, 0, 0, 0,
    -4, -8, 0, 0, 0, 0, 0, -8,
    -2, -15, -14, 0, 0, 0, 0, 0,
    -7, -2, 0, -10, 0, 0, 0, 0,
    -13, 0, 0, 0, 0, 0, 0, 0,
    0, 0, 0, 0, 0, -3, 0, 0,
    0, 0, 0, 0, 0, 0, 0, 0,
    -4, -2, 0, 0, 0, 0, 0, 0,
    0, -3, -14, 0, 0, -2, 0, -14,
    0, 0, 0, 0, 0, 0, 0, 0,
    0, 0, 0, 0, -3, 0, 0, -6,
    0, 0, 0, 0, 0, -6, 0, -5,
    -1, -8, -3, 0, -7, 0, -10, -12,
    0, -4, 0, 0, 0, 0, -13, 0,
    0, 0, 0, 0, 0, 0, 0, 0,
    0, 0, 0, -3, 0, 0, 0, 0,
    0, 0, 0, 0, 0, 0, 0, 0,
    -1, 0, 0, 0, 0, 0, 0, 0,
    -10, 0, 0, -1, 0, -14, 0, 0,
    0, 0, 0, 0, 0, 0, 0, 0,
    0, 0, -3, 0, 0, -1, 0, 0,
    0, 0, 0, -1, 0, -4, -1, -4,
    0, 0, -3, 0, 0, -1, 0, 0,
    -19, -18, -3, 0, 0, 0, 0, 0,
    0, 0, 0, 0, 0, 0, 0, 0,
    0, 0, 0, -8, -27, -6, -3, -3,
    0, -3, 0, 0, 0, 0, 0, 0,
    0, -18, 0, 0, 0, 0, 0, 0,
    0, 0, 0, 0, 0, 0, 0, 0,
    0, 0, 0, 0, 0, 0, 0, 0,
    -3, -2, -3, 0, 0, 0, 0, 0,
    -4, 0, 0, 0, 0, 0, 0, 0,
    -3, 0, 0, 0, -2, -13, 0, 0,
    0, 0, -14, 0, 0, 0, 0, 0,
    0, 0, 0, 0, 0, 0, 0, -3,
    0, 0, -4, 0, 0, 0, 0, 0,
    -3, 0, -4, -2, 0, 0, 0, 0,
    0, -8, -9, 0, -5, 0, 0, 0,
    0, 0, 0, 0, 0, 0, 0, 0,
    0, 0, 0, 0, 0, 0, -3, -1,
    -9, 0, 0, 0, -9, 0, 0, 0,
    -2, 0, 0, 0, 0, 0, 0, 0,
    0, 0, 0, -9, 0, 0, 0, 0,
    -12, 0, 0, 0, 0, 0, 0, 0,
    0, 0, 0, 0, 0, -2, 0, 0,
    -6, 0, 0, 0, 0, 0, -3, 0,
    0, 0, 0, 0, 0, 0, 0, -10,
    -8, 0, -11, 0, 0, -1, 0, -14,
    0, 0, 0, 0, 0, 0, 0, 0,
    0, 0, 0, 0, -3, 0, 0, -3,
    0, 0, 0, 0, 0, -3, 0, -5,
    -2, -8, -4, 0, -8, 0, -1, -1,
    0, -2, 0, 0, -1, 0, -3, 0,
    0, 0, 0, 0, 0, 0, 0, 0,
    0, 0, 0, -3, 0, 0, 0, 0,
    0, 0, 0, 0, 0, 0, -1, -1,
    -2, 0, 0, -1, 0, 0, 0, 0,
    0, -16, -32, -3, 0, 0, 0, 0,
    0, 0, 0, 0, 0, 0, 0, 0,
    0, 0, -2, -4, -9, 0, -7, 0,
    -6, 0, -5, 0, 0, 0, 0, 0,
    0, 0, -16, 0, 0, 0, 0, -5,
    0, 0, 0, 0, -14, 0, 0, 0,
    0, 0, 0, 0, 0, 0, 0, 0,
    0, -3, 0, 0, 0, 0, 0, 0,
    0, 0, 0, 0, -3, -1, -1, 0,
    0, 0, 0, 0, 0, 0, 0, 0,
    0, 0, 0, 0, 0, 0, 0, 0,
    0, 0, 0, 0, 0, 0, 0, 0,
    -3, 0, -3, 0, 0, 0, 0, 0,
    0, 0, 0, 0, 0, 0, 0, 0,
    0, 0, 0, 0, 0, -3, 0, 0,
    0, 0, -9, 0, 0, 0, 0, 0,
    0, 0, 0, 0, 0, 0, 0, 0,
    0, 0, 0, 0, 0, 0, 0, 0,
    0, 0, 0, 0, 0, 0, 0, 0,
    0, 0, 0, 0, 0, -13, 0, -3,
    0, 0, 0, 0, 0, 0, 0, 0,
    0, 0, 0, 0, 0, 0, -2, -2,
    -5, 0, -4, 0, 0, 0, -3, 0,
    0, 0, 0, 0, 0, 0, -14, 0,
    0, 0, 0, 0, -11, 0, -3, 0,
    0, 0, 0, 0, 0, 0, 0, 0,
    0, 0, 0, 0, 0, -2, 0, -1,
    0, -2, 0, 0, 0, 0, 0, 0,
    0, 0, 0, 0, 0, -13, 0, 0,
    0, 0, 0, 0, 0, 0, 0, 0,
    0, 0, 0, 0, 0, 0, 0, 0,
    0, 0, 0, 0, -3, -1, -8, 0,
    -1, 0, 0, 0, 0, 0, 0, 0,
    0, 0, 0, 0, 0, 0, 0, 0,
    0, 0, 0, 0, 0, 0, 0, 0,
    0, 0, 0, 0, 0, 0, 0, 0,
    0, 0, 0, -3, 0, -3, 0, 0,
    0, 0, 0, 0, 0, 0, 0, 0,
    0, 0, 0, 0, 0, 0, 0, 0,
    -7, 0, 0, 0, 0, -12, 0, 0,
    0, 0, 0, 0, 0, 0, 0, 0,
    0, 0, -2, 0, 0, -7, 0, 0,
    0, 0, 0, -6, 0, -10, -6, 0,
    0, 0, 0, 0, -10, -9
};


/*Collect the kern class' data in one place*/
static const lv_font_fmt_txt_kern_classes_t kern_classes =
{
    .class_pair_values   = kern_class_values,
    .left_class_mapping  = kern_left_class_mapping,
    .right_class_mapping = kern_right_class_mapping,
    .left_class_cnt      = 42,
    .right_class_cnt     = 39,
};

/*--------------------
 *  ALL CUSTOM DATA
 *--------------------*/

#if LVGL_VERSION_MAJOR == 8
/*Store all the custom data of the font*/
static  lv_font_fmt_txt_glyph_cache_t cache;
#endif

#if LVGL_VERSION_MAJOR >= 8
static const lv_font_fmt_txt_dsc_t font_dsc = {
#else
static lv_font_fmt_txt_dsc_t font_dsc = {
#endif
    .glyph_bitmap = glyph_bitmap,
    .glyph_dsc = glyph_dsc,
    .cmaps = cmaps,
    .kern_dsc = &kern_classes,
    .kern_scale = 16,
    .cmap_num = 5,
    .bpp = 4,
    .kern_classes = 1,
    .bitmap_format = 0,
#if LVGL_VERSION_MAJOR == 8
    .cache = &cache
#endif
};



/*-----------------
 *  PUBLIC FONT
 *----------------*/

/*Initialize a public general font descriptor*/
#if LVGL_VERSION_MAJOR >= 8
const lv_font_t ori_font_hanken_20 = {
#else
lv_font_t ori_font_hanken_20 = {
#endif
    .get_glyph_dsc = lv_font_get_glyph_dsc_fmt_txt,    /*Function pointer to get glyph's data*/
    .get_glyph_bitmap = lv_font_get_bitmap_fmt_txt,    /*Function pointer to get glyph's bitmap*/
    .line_height = 26,          /*The maximum line height required by the font*/
    .base_line = 6,             /*Baseline measured from the bottom of the line*/
#if !(LVGL_VERSION_MAJOR == 6 && LVGL_VERSION_MINOR == 0)
    .subpx = LV_FONT_SUBPX_NONE,
#endif
#if LV_VERSION_CHECK(7, 4, 0) || LVGL_VERSION_MAJOR >= 8
    .underline_position = -2,
    .underline_thickness = 1,
#endif
    .dsc = &font_dsc,          /*The custom font data. Will be accessed by `get_glyph_bitmap/dsc` */
#if LV_VERSION_CHECK(8, 2, 0) || LVGL_VERSION_MAJOR >= 9
    .fallback = NULL,
#endif
    .user_data = NULL,
};



#endif /*#if ORI_FONT_HANKEN_20*/

