/*******************************************************************************
 * Size: 26 px
 * Bpp: 4
 * Opts: --no-prefilter --bpp 4 --size 26 --font src/fonts/HankenGrotesk-Medium.ttf -r 0x20-0x3FF,0x1E00-0x1EFF,0x2000-0x20CF,0x2100-0x21FF,0x2200-0x22FF,0x25A0-0x25FF,0xFB00-0xFB02 --format lvgl -o src/fonts/ori_font_hanken_26.c
 ******************************************************************************/

#ifdef LV_LVGL_H_INCLUDE_SIMPLE
#include "lvgl.h"
#else
#include "lvgl/lvgl.h"
#endif

#ifndef ORI_FONT_HANKEN_26
#define ORI_FONT_HANKEN_26 1
#endif

#if ORI_FONT_HANKEN_26

/*-----------------
 *    BITMAPS
 *----------------*/

/*Store the image of the glyphs*/
static LV_ATTRIBUTE_LARGE_CONST const uint8_t glyph_bitmap[] = {
    /* U+0020 " " */

    /* U+0021 "!" */
    0x1f, 0xf3, 0x87, 0xf9, 0x83, 0xfc, 0xc1, 0xfe,
    0x50, 0xff, 0x28, 0x7f, 0x94, 0x3f, 0xc8, 0x1d,
    0xe8, 0x1d, 0xe8, 0x1b, 0xe6, 0x1b, 0xe6, 0x1b,
    0xe4, 0x13, 0x82, 0x1, 0xc4, 0x41, 0x4f, 0xf5,
    0x27, 0xfa, 0x93, 0xfd, 0x40,

    /* U+0022 "\"" */
    0xbf, 0x60, 0x6f, 0xcb, 0xf6, 0x6, 0xfc, 0xbf,
    0x60, 0x6f, 0xcb, 0xf6, 0x6, 0xfc, 0xbf, 0x60,
    0x6f, 0xcb, 0xf6, 0x6, 0xfc, 0xbf, 0x60, 0x6f,
    0xc4, 0x52, 0x2, 0x54,

    /* U+0023 "#" */
    0x0, 0xf7, 0xf8, 0x2, 0x4f, 0xc0, 0xf, 0x8f,
    0xf4, 0x2, 0x7f, 0x80, 0xf, 0x9f, 0xe4, 0x2,
    0xbf, 0x40, 0xf, 0xab, 0xd4, 0x2, 0xef, 0x10,
    0xf, 0xbb, 0xc8, 0x0, 0x5f, 0xa0, 0x1a, 0xbf,
    0xff, 0xf8, 0x3a, 0x13, 0xdc, 0xff, 0xbb, 0xaf,
    0xfb, 0xb9, 0x80, 0x1a, 0x3d, 0xc0, 0x2c, 0xf3,
    0x0, 0xfa, 0xfd, 0x0, 0x2f, 0xf0, 0x7, 0xee,
    0xf1, 0x0, 0x17, 0xe0, 0x7, 0xc5, 0xfc, 0x1,
    0x2f, 0xc8, 0x6, 0xbf, 0xff, 0xfe, 0xe, 0x4,
    0xee, 0xbb, 0xf7, 0x77, 0xfb, 0x76, 0xa0, 0xd,
    0x9e, 0x60, 0x17, 0xf8, 0x3, 0xf7, 0xf8, 0x2,
    0x4f, 0xb0, 0xf, 0x8f, 0xf0, 0x2, 0x8f, 0x80,
    0xf, 0x9f, 0xe0, 0x2, 0xbf, 0x40, 0xf, 0xab,
    0xd4, 0x2, 0xff, 0x8, 0x7, 0x0,

    /* U+0024 "$" */
    0x0, 0xf2, 0x41, 0x0, 0x7f, 0xd1, 0xe8, 0x1,
    0xff, 0x47, 0xa0, 0x7, 0xfd, 0x1e, 0x80, 0x1f,
    0xc9, 0x7f, 0xf5, 0x20, 0x7, 0xab, 0xff, 0xe8,
    0x0, 0xcd, 0xfe, 0xd6, 0x47, 0xef, 0xf3, 0x0,
    0x5b, 0xfc, 0x1, 0x87, 0x70, 0xc0, 0x2f, 0xf5,
    0x80, 0x70, 0x80, 0x77, 0x7f, 0x0, 0x7f, 0xd1,
    0xfe, 0xc2, 0x0, 0xff, 0x67, 0xfd, 0x8a, 0x1,
    0xfd, 0x1f, 0xfb, 0x9c, 0x3, 0xf0, 0xb6, 0xff,
    0xda, 0x40, 0x1f, 0xc7, 0x7f, 0xee, 0x0, 0xff,
    0xa7, 0xfc, 0xc0, 0xb2, 0xc0, 0x1e, 0x1f, 0xf4,
    0x87, 0xfb, 0x40, 0x3c, 0x3f, 0xe8, 0x9, 0xff,
    0x48, 0x7, 0x4f, 0xf9, 0x0, 0x7b, 0xfd, 0xb0,
    0xcf, 0x9f, 0xec, 0x0, 0x8b, 0x7f, 0xfe, 0xc1,
    0x0, 0xe6, 0xbf, 0xfa, 0xd8, 0x3, 0xfa, 0x3d,
    0x0, 0x3f, 0xe8, 0xf4, 0x0, 0xff, 0x92, 0x8,
    0x3, 0x80,

    /* U+0025 "%" */
    0x1, 0x9e, 0xfb, 0x30, 0xf, 0x6f, 0x8, 0x5,
    0xbf, 0x53, 0xde, 0x80, 0x19, 0xfd, 0x40, 0x27,
    0xf6, 0x0, 0x17, 0x68, 0x4, 0x5f, 0x60, 0x1a,
    0xfc, 0x3, 0x4f, 0x88, 0x3, 0x3c, 0x40, 0x35,
    0xf8, 0x80, 0x55, 0xe2, 0xd, 0xec, 0x1, 0xcf,
    0xf2, 0x0, 0x4f, 0xd0, 0x1f, 0xc0, 0xf, 0xb7,
    0xf7, 0x3f, 0xc8, 0x17, 0xe4, 0x1, 0xf0, 0xcf,
    0x7e, 0x20, 0x2f, 0xb8, 0x7, 0xff, 0x8, 0x7b,
    0x40, 0x3f, 0xf8, 0x75, 0xe6, 0x1, 0xff, 0xc2,
    0x4f, 0x80, 0x2a, 0xef, 0xb3, 0x0, 0xfd, 0xda,
    0x3, 0xdf, 0xb9, 0xfe, 0x30, 0xf, 0x4f, 0xa0,
    0x4f, 0xc0, 0x1, 0x7f, 0x0, 0x38, 0xfe, 0x40,
    0x19, 0xe0, 0x1a, 0xfc, 0x3, 0xb7, 0x84, 0x1,
    0x9c, 0x1, 0xaf, 0xc0, 0x34, 0x7a, 0x80, 0x51,
    0xe8, 0x0, 0x2f, 0xb0, 0x8, 0xbe, 0x80, 0x30,
    0xf7, 0xcc, 0x77, 0x98, 0x5, 0x9c, 0x20, 0x1c,
    0x35, 0xdf, 0x66, 0x0,

    /* U+0026 "&" */
    0x0, 0xc7, 0x5d, 0xfd, 0x44, 0x1, 0xf9, 0xbf,
    0xfe, 0x20, 0xf, 0x17, 0xfb, 0x8, 0xf, 0xbe,
    0xc0, 0x3c, 0xdf, 0xe2, 0x0, 0xa3, 0xf8, 0x3,
    0xcd, 0xfe, 0x0, 0xd3, 0xfa, 0x1, 0xe3, 0xff,
    0x28, 0x0, 0xbf, 0xd0, 0x1, 0xf5, 0xff, 0xa,
    0x77, 0xe8, 0x7, 0xe1, 0xef, 0xfd, 0x82, 0x1,
    0xfd, 0x7f, 0xf5, 0x0, 0x65, 0x40, 0x8, 0xf7,
    0xff, 0x68, 0x80, 0x7, 0xfc, 0x60, 0xbf, 0xee,
    0x44, 0x7f, 0xb0, 0x0, 0xdf, 0xe0, 0x2f, 0xf6,
    0x8, 0x1, 0x7f, 0xd6, 0x19, 0xf6, 0x11, 0xfe,
    0x20, 0xc, 0xff, 0xfc, 0x81, 0x5f, 0xe0, 0xf,
    0x4f, 0xfd, 0xa0, 0x8, 0xff, 0x20, 0x7, 0x17,
    0xfd, 0x60, 0x2, 0xff, 0xa1, 0xd, 0x27, 0xff,
    0x94, 0x0, 0xdf, 0xff, 0xb9, 0x77, 0xfc, 0x80,
    0x2, 0x9d, 0xff, 0x75, 0xb0, 0x0, 0xbb, 0xd0,
    0x3, 0xff, 0x82, 0x66, 0x0,

    /* U+0027 "'" */
    0xbf, 0x7b, 0xf7, 0xbf, 0x7b, 0xf7, 0xbf, 0x7b,
    0xf7, 0xbf, 0x74, 0x52,

    /* U+0028 "(" */
    0x0, 0x9f, 0xf0, 0x2, 0x1f, 0xf1, 0x80, 0x51,
    0xf4, 0x1, 0xbb, 0xcc, 0x2, 0x3f, 0xe0, 0xd,
    0x1f, 0x20, 0x1a, 0xfd, 0x40, 0x37, 0xf8, 0x40,
    0x21, 0xff, 0x0, 0x62, 0xfd, 0x0, 0xc7, 0xf8,
    0x1, 0x93, 0xf0, 0x3, 0x1f, 0xe8, 0x6, 0x2f,
    0xe0, 0xc, 0x3f, 0xe0, 0xe, 0xef, 0x20, 0xd,
    0x7e, 0xa0, 0x1a, 0x3e, 0x40, 0x31, 0xff, 0x0,
    0x77, 0x7a, 0x0, 0x68, 0xfa, 0x0, 0xc3, 0xfe,
    0x30, 0xc, 0xff, 0x80,

    /* U+0029 ")" */
    0x9f, 0xb0, 0xd, 0xde, 0x80, 0x13, 0xfe, 0x0,
    0x6f, 0xf1, 0x0, 0x55, 0xee, 0x1, 0x2f, 0xe0,
    0x4, 0x3f, 0xe0, 0xd, 0xde, 0x40, 0x15, 0xfa,
    0x0, 0x53, 0xec, 0x1, 0x4f, 0xb8, 0x5, 0x1f,
    0x0, 0x14, 0xfb, 0x80, 0x55, 0xec, 0x1, 0x5f,
    0xa0, 0x5, 0xde, 0x40, 0x2, 0xff, 0x0, 0x4b,
    0xf8, 0x1, 0x5f, 0xb8, 0x0, 0x7f, 0xc4, 0x0,
    0x6f, 0xc0, 0xb, 0xbd, 0x40, 0x11, 0xf6, 0x1,
    0x0,

    /* U+002A "*" */
    0x0, 0xa7, 0x80, 0x3e, 0x7d, 0x0, 0xd0, 0xe2,
    0xd6, 0xb, 0x61, 0x5d, 0xf9, 0xdc, 0xfc, 0x20,
    0x1, 0x77, 0xb0, 0x7, 0x46, 0x3e, 0x88, 0x4,
    0xde, 0x61, 0xb6, 0x1, 0x24, 0x0, 0x12, 0x40,
    0x0,

    /* U+002B "+" */
    0x0, 0xeb, 0xf4, 0x0, 0xff, 0x5f, 0xa0, 0x7,
    0xfa, 0xfd, 0x0, 0x3f, 0xd7, 0xe8, 0x1, 0xfe,
    0xbf, 0x40, 0xf, 0xf5, 0xfa, 0x0, 0x77, 0xff,
    0xff, 0x2, 0x3f, 0xff, 0xf8, 0x10, 0x1, 0xd7,
    0xe8, 0x1, 0xfe, 0xbf, 0x40, 0xf, 0xf5, 0xfa,
    0x0, 0x7f, 0xaf, 0xd0, 0x3, 0xfd, 0x7e, 0x80,
    0x1c,

    /* U+002C "," */
    0x0, 0x2f, 0xf9, 0xc0, 0x13, 0xfe, 0x10, 0x6,
    0xfd, 0x0, 0xb, 0xfc, 0x60, 0x6, 0xfc, 0x0,
    0xaf, 0xd8, 0x2, 0xfe, 0x0, 0x8f, 0xe0, 0x2,

    /* U+002D "-" */
    0xde, 0xee, 0x6f, 0xff, 0x38,

    /* U+002E "." */
    0x2, 0x20, 0xaf, 0xfa, 0x17, 0xfd, 0xb, 0xfe,
    0x80,

    /* U+002F "/" */
    0x0, 0xfe, 0x1f, 0xd0, 0xf, 0xf4, 0x7b, 0x0,
    0x7f, 0xbb, 0xc0, 0x3f, 0xcb, 0xf2, 0x1, 0xfe,
    0xbf, 0x30, 0xf, 0xe2, 0xfc, 0x0, 0xff, 0x47,
    0xb0, 0x7, 0xfb, 0xbc, 0x3, 0xfc, 0xbf, 0x20,
    0x1f, 0xec, 0xf2, 0x0, 0xfe, 0x2f, 0xc0, 0xf,
    0xf4, 0xfa, 0x80, 0x7f, 0xbb, 0x80, 0x1f, 0xe6,
    0xf8, 0x0, 0xff, 0x67, 0x90, 0x7, 0xf1, 0x7d,
    0x80, 0x7f, 0xa7, 0xd4, 0x3, 0xfd, 0xfc, 0x1,
    0xfe, 0x6f, 0x80, 0xf, 0xf6, 0x79, 0x0, 0x7f,
    0x1f, 0xd8, 0x7, 0xfa, 0x7d, 0x0, 0x3f, 0xdf,
    0xc0, 0x1f, 0xe0,

    /* U+0030 "0" */
    0x0, 0x96, 0xfb, 0xf6, 0x44, 0x3, 0xa7, 0xff,
    0xdc, 0x60, 0x13, 0x7f, 0xba, 0x1f, 0x3f, 0xdc,
    0x1, 0x77, 0xf1, 0x0, 0x53, 0xfe, 0x60, 0x3f,
    0xf4, 0x0, 0x77, 0xfb, 0x1, 0xff, 0xc6, 0x1,
    0xd5, 0xfe, 0x9, 0xff, 0x0, 0x79, 0xff, 0xc5,
    0x5f, 0xe0, 0xf, 0x2f, 0xf8, 0xef, 0xf8, 0x3,
    0xc9, 0xfe, 0x4b, 0xfd, 0x0, 0xf2, 0x7f, 0x92,
    0xbf, 0x80, 0x3c, 0xbf, 0xe3, 0x9f, 0xf0, 0x7,
    0x9f, 0xfc, 0x4d, 0xfe, 0x40, 0xe, 0xaf, 0xf0,
    0x1f, 0xfa, 0x0, 0x3b, 0xbe, 0xc0, 0x1d, 0xfe,
    0x20, 0xa, 0x3f, 0xcc, 0x0, 0x6f, 0xfa, 0x5e,
    0xff, 0xdc, 0x1, 0xa7, 0xff, 0xe3, 0x0, 0xe5,
    0xbe, 0xfe, 0x91, 0x0, 0x80,

    /* U+0031 "1" */
    0x0, 0xe9, 0xff, 0x0, 0x75, 0x7f, 0x80, 0x31,
    0x77, 0xf9, 0x3f, 0xfe, 0x4f, 0xff, 0x80, 0x3a,
    0x7f, 0xc0, 0x1d, 0x3f, 0xe0, 0xe, 0x9f, 0xf0,
    0x7, 0x4f, 0xf8, 0x3, 0xa7, 0xfc, 0x1, 0xd3,
    0xfe, 0x0, 0xe9, 0xff, 0x0, 0x74, 0xff, 0x80,
    0x3a, 0x7f, 0xc0, 0x1d, 0x3f, 0xe0, 0xe, 0x9f,
    0xf0, 0x7, 0x4f, 0xf8, 0x3, 0xa7, 0xfc,

    /* U+0032 "2" */
    0x0, 0x9b, 0x3f, 0xdb, 0x2, 0x1, 0x87, 0x3f,
    0xfd, 0xc4, 0x1, 0x67, 0xfb, 0x62, 0x19, 0xfe,
    0xd0, 0x2, 0xff, 0xa8, 0x3, 0x47, 0xf9, 0x42,
    0xbf, 0xc0, 0x1e, 0xff, 0x48, 0x6f, 0xd8, 0x7,
    0xb7, 0xe8, 0x11, 0x90, 0x3, 0xdd, 0xf2, 0x1,
    0xfc, 0x7f, 0xe6, 0x0, 0xfe, 0xaf, 0xf0, 0x80,
    0x7e, 0x5f, 0xf4, 0x0, 0x7e, 0x3f, 0xf6, 0x80,
    0x7e, 0x3f, 0xf7, 0x10, 0x7, 0xc9, 0xfe, 0xe2,
    0x0, 0xfa, 0x3f, 0xd8, 0x20, 0x1e, 0x1b, 0xff,
    0x48, 0x7, 0xc9, 0xdf, 0xe9, 0x55, 0xf8, 0xb3,
    0xff, 0xfe, 0x6c, 0xff, 0xff, 0x98,

    /* U+0033 "3" */
    0x0, 0xcf, 0x9d, 0xfb, 0x24, 0x1, 0xc5, 0xdf,
    0xff, 0x30, 0x6, 0xef, 0xf5, 0xbb, 0xab, 0xfe,
    0x30, 0x2, 0xff, 0x9c, 0x3, 0x27, 0xfa, 0x0,
    0xf, 0xba, 0x0, 0xf7, 0x7d, 0x0, 0x7f, 0x87,
    0xfc, 0xc0, 0x1f, 0x85, 0x77, 0xf0, 0x3, 0xf6,
    0xff, 0xce, 0x1, 0xfd, 0xbf, 0xfa, 0x40, 0x3f,
    0x84, 0xe7, 0xfd, 0x60, 0x1f, 0xf3, 0x7f, 0x94,
    0x3, 0xfe, 0xef, 0xa5, 0xff, 0x10, 0x7, 0xdd,
    0xf4, 0x7f, 0xe6, 0x0, 0xf0, 0xff, 0xa0, 0x37,
    0xfc, 0x80, 0x1d, 0x7f, 0xe3, 0x5, 0xff, 0xae,
    0x1e, 0x7b, 0xfd, 0x40, 0x13, 0x7f, 0xfe, 0xa0,
    0xe, 0x28, 0xdf, 0xf6, 0xd2, 0x0, 0x40,

    /* U+0034 "4" */
    0x0, 0xfc, 0xbf, 0xe5, 0x0, 0xff, 0x17, 0xfc,
    0xa0, 0x1f, 0xec, 0xff, 0x94, 0x3, 0xfa, 0x3f,
    0xf2, 0x80, 0x7e, 0x3f, 0xf2, 0xff, 0x94, 0x3,
    0xe1, 0xef, 0x53, 0xff, 0x28, 0x7, 0xd5, 0xf4,
    0x7, 0xfe, 0x50, 0xf, 0x37, 0xf0, 0x81, 0xff,
    0x94, 0x3, 0x8b, 0xfc, 0x80, 0x3, 0xff, 0x28,
    0x7, 0x67, 0xc0, 0x4, 0x7f, 0xe5, 0x0, 0xd3,
    0xfa, 0x1, 0x8f, 0xfc, 0xa0, 0x12, 0x7f, 0xa1,
    0x9b, 0x47, 0xfa, 0x59, 0x83, 0x5f, 0xff, 0xfc,
    0x13, 0xaf, 0xff, 0xfe, 0x9, 0x80, 0x7e, 0x3f,
    0xf2, 0x80, 0x7f, 0xc7, 0xfe, 0x50, 0xf, 0xf8,
    0xff, 0xca, 0x1, 0xff, 0x1f, 0xf9, 0x40, 0x20,

    /* U+0035 "5" */
    0x0, 0xbf, 0xff, 0xb8, 0x2, 0x3f, 0xff, 0xee,
    0x0, 0x9b, 0xfd, 0xa, 0xbf, 0x0, 0x51, 0xfe,
    0x0, 0xff, 0xaf, 0xf0, 0x3, 0xfe, 0xef, 0x90,
    0x35, 0x41, 0x0, 0xe1, 0xff, 0x5f, 0x7f, 0xea,
    0x10, 0x9, 0x3f, 0xff, 0xb8, 0x80, 0xf, 0xff,
    0x38, 0x81, 0x57, 0xfb, 0x0, 0x5, 0x18, 0x60,
    0x1d, 0x5f, 0xe4, 0x0, 0xff, 0x17, 0xfa, 0x0,
    0x3f, 0xef, 0xf5, 0x3, 0x4a, 0x0, 0x78, 0xbf,
    0xd2, 0x1d, 0xf8, 0x1, 0xe7, 0xff, 0x28, 0x47,
    0xf9, 0xc0, 0x31, 0xff, 0xb8, 0x0, 0x3b, 0xfe,
    0xc8, 0x7a, 0xff, 0x94, 0x2, 0x2d, 0xff, 0xf9,
    0x80, 0x3c, 0xd9, 0xdf, 0xb2, 0x40, 0x10,

    /* U+0036 "6" */
    0x0, 0xf3, 0xff, 0x9c, 0x3, 0xf8, 0x7f, 0xd8,
    0x1, 0xfe, 0xbf, 0xf1, 0x0, 0x7f, 0x2f, 0xf9,
    0x80, 0x3f, 0xdd, 0xf8, 0x1, 0xfe, 0x9f, 0xf2,
    0x18, 0x80, 0x7c, 0x7f, 0xfe, 0xc4, 0x0, 0xec,
    0xff, 0xfc, 0xe0, 0x13, 0x7f, 0xb1, 0x0, 0x57,
    0xbf, 0xc8, 0x0, 0xef, 0xd0, 0xe, 0x2f, 0xf6,
    0x2, 0xff, 0x90, 0x3, 0xd1, 0xfe, 0x18, 0xff,
    0x8, 0x7, 0x97, 0xfc, 0x6f, 0xfe, 0x20, 0xf,
    0x37, 0xf8, 0x97, 0xfc, 0xe0, 0x1e, 0xbf, 0xf0,
    0x3, 0xbf, 0xc8, 0x1, 0x9f, 0xfd, 0x20, 0x5,
    0xff, 0xa9, 0xdd, 0x9f, 0xee, 0x10, 0x9, 0xbf,
    0xfe, 0xd2, 0x0, 0xe2, 0x8d, 0xfe, 0xc6, 0x0,
    0xc0,

    /* U+0037 "7" */
    0x4f, 0xff, 0xfe, 0x6, 0x27, 0xff, 0xff, 0x2,
    0xc5, 0x57, 0xfa, 0xff, 0xce, 0x1, 0xfe, 0xdf,
    0xe0, 0xf, 0xf3, 0x7f, 0x98, 0x3, 0xfd, 0xdf,
    0xa0, 0x1f, 0xe6, 0xff, 0x28, 0x7, 0xfb, 0xbf,
    0x40, 0x3f, 0xcf, 0xfe, 0x50, 0xf, 0xe1, 0xef,
    0xc0, 0xf, 0xf4, 0x7f, 0x90, 0x3, 0xf8, 0x7f,
    0xd8, 0x1, 0xfe, 0x9f, 0xf1, 0x80, 0x7f, 0xf,
    0xfa, 0xc0, 0x3f, 0xd3, 0xfe, 0x30, 0xf, 0xe2,
    0xff, 0x50, 0x7, 0xfa, 0xbf, 0xc4, 0x1, 0xfc,
    0x7f, 0xea, 0x0, 0xfc,

    /* U+0038 "8" */
    0x0, 0xcb, 0x7d, 0xfb, 0x24, 0x1, 0xeb, 0xff,
    0xf9, 0x40, 0x34, 0xff, 0xb6, 0x1e, 0xbf, 0xe2,
    0x0, 0xf, 0xfb, 0x0, 0x32, 0x7f, 0xa4, 0x0,
    0x7f, 0xe5, 0x0, 0xed, 0xfc, 0x0, 0xf, 0xf9,
    0xc0, 0x3b, 0x7e, 0x80, 0x2b, 0xfe, 0x30, 0xa,
    0x3f, 0xc8, 0x1, 0xe, 0x7f, 0xb7, 0x3b, 0xfc,
    0xe0, 0x18, 0xf7, 0xff, 0xe9, 0x0, 0x8f, 0xfd,
    0xaa, 0x20, 0x51, 0xfe, 0xb0, 0x5, 0xff, 0x8,
    0x7, 0x37, 0xf9, 0x3, 0xfc, 0xe0, 0x1f, 0x77,
    0xc9, 0x7f, 0x98, 0x3, 0xed, 0xfb, 0xf, 0xf4,
    0x80, 0x78, 0x7f, 0xd2, 0x19, 0xfe, 0x50, 0xe,
    0xbf, 0xf2, 0x81, 0xff, 0xd6, 0xed, 0x3d, 0xfe,
    0xc0, 0x9, 0x3b, 0xff, 0xeb, 0x0, 0xe1, 0x7c,
    0xef, 0xea, 0x40, 0x8,

    /* U+0039 "9" */
    0x0, 0xcd, 0x7d, 0xfb, 0x24, 0x1, 0xc3, 0x9f,
    0xff, 0x38, 0x6, 0xdf, 0xf6, 0xc3, 0xd7, 0xfc,
    0xc0, 0x8, 0xff, 0x48, 0x6, 0x2e, 0xff, 0x8,
    0x77, 0xe8, 0x7, 0x97, 0xfc, 0xe3, 0xfe, 0x80,
    0xf, 0xbf, 0xd2, 0x3f, 0xe7, 0x0, 0xfb, 0xfd,
    0x41, 0xfe, 0xb0, 0xf, 0x1f, 0xf9, 0xc2, 0x7f,
    0xcc, 0x1, 0x87, 0x7f, 0xc2, 0x3, 0xdf, 0xea,
    0x54, 0x7e, 0xff, 0x40, 0x4, 0x7d, 0xff, 0xf7,
    0x0, 0x70, 0xbe, 0xff, 0x7f, 0xca, 0x1, 0xfc,
    0x5f, 0xeb, 0x0, 0xff, 0x5f, 0xf8, 0x40, 0x3f,
    0x9b, 0xfc, 0xe0, 0x1f, 0xc3, 0xdf, 0x80, 0x1f,
    0xea, 0xff, 0x18, 0x7, 0xf2, 0xff, 0xa4, 0x3,
    0xc0,

    /* U+003A ":" */
    0x2, 0x20, 0xaf, 0xfa, 0x57, 0xfd, 0x2b, 0xfe,
    0x90, 0xf, 0xfe, 0x49, 0x10, 0x57, 0xfd, 0x2b,
    0xfe, 0x95, 0xff, 0x48,

    /* U+003B ";" */
    0x0, 0x11, 0x40, 0x17, 0x7f, 0x80, 0x2e, 0xff,
    0x0, 0x5d, 0xfe, 0x0, 0xff, 0xea, 0x9a, 0xa8,
    0x2, 0xdf, 0xd0, 0x1, 0x7f, 0x98, 0x0, 0xff,
    0xc0, 0x15, 0xfc, 0x0, 0x7, 0xfc, 0x20, 0x5,
    0xf9, 0x0, 0xab, 0xc8, 0x2,

    /* U+003C "<" */
    0x0, 0xff, 0xe0, 0x2b, 0x0, 0x7f, 0x14, 0x77,
    0xd0, 0x7, 0xcb, 0x7f, 0xf6, 0x20, 0x6, 0x28,
    0xef, 0xfa, 0x4c, 0x3, 0x2d, 0xff, 0xd8, 0xa0,
    0x1c, 0x7d, 0xfe, 0xe8, 0x20, 0xf, 0x97, 0xfc,
    0xe0, 0x1f, 0xe4, 0xff, 0xad, 0x40, 0x3f, 0x8a,
    0x3b, 0xfd, 0xd0, 0x40, 0x1f, 0xcb, 0x7f, 0xf6,
    0x28, 0x7, 0xf1, 0x47, 0x7f, 0xba, 0x48, 0x3,
    0xf9, 0x6f, 0xfd, 0x40, 0x1f, 0xf1, 0x44, 0x0,

    /* U+003D "=" */
    0xff, 0xff, 0x47, 0xff, 0xfa, 0x0, 0x3f, 0xfc,
    0x1f, 0xff, 0xe8, 0xff, 0xff, 0x40,

    /* U+003E ">" */
    0x9, 0x20, 0xf, 0xf8, 0x7f, 0xd8, 0xa0, 0x1f,
    0xe9, 0xef, 0xf7, 0x49, 0x0, 0x7f, 0x2e, 0x7f,
    0xd8, 0xa0, 0x1f, 0xc5, 0x1d, 0xfe, 0xe8, 0x20,
    0xf, 0xe5, 0xbf, 0xfa, 0xc0, 0x3f, 0xc5, 0x9f,
    0xc0, 0x1f, 0x86, 0x3b, 0xfd, 0xa0, 0x1e, 0x5b,
    0xff, 0xb1, 0x40, 0x31, 0x47, 0x7f, 0xba, 0x48,
    0x3, 0x2d, 0xff, 0xd8, 0xa0, 0x1e, 0x1f, 0xf7,
    0x49, 0x0, 0x7f, 0x63, 0x0, 0x7f, 0xc0,

    /* U+003F "?" */
    0x0, 0x14, 0xef, 0xf6, 0x38, 0x6, 0x6f, 0xff,
    0xb4, 0x40, 0xff, 0xd8, 0xa4, 0x71, 0xfe, 0xa0,
    0xaf, 0xc0, 0xe, 0x6f, 0xf0, 0x6f, 0xb0, 0x7,
    0xf, 0xf8, 0x91, 0x44, 0x3, 0x8f, 0xfc, 0x20,
    0x1f, 0xb7, 0xf0, 0x3, 0xe3, 0xdf, 0xf1, 0x80,
    0x79, 0x3f, 0xdc, 0x60, 0x1e, 0x1e, 0xfc, 0x10,
    0xf, 0x97, 0xf8, 0x40, 0x3f, 0x3f, 0xd8, 0x7,
    0xf3, 0x64, 0x0, 0x7f, 0xf2, 0x44, 0x88, 0x1,
    0xfd, 0x9f, 0xe1, 0x0, 0xfd, 0x9f, 0xe1, 0x0,
    0xfd, 0x9f, 0xe1, 0x0, 0xc0,

    /* U+0040 "@" */
    0x0, 0xf0, 0xb5, 0x66, 0xe5, 0x28, 0x80, 0x7f,
    0x86, 0x7f, 0xff, 0xa0, 0x3, 0xf1, 0xf7, 0xf4,
    0x18, 0x80, 0xa4, 0x7f, 0xb4, 0x80, 0x38, 0xbf,
    0xd4, 0x20, 0x1f, 0xd, 0x7e, 0x88, 0x6, 0xdf,
    0x80, 0xf, 0xfa, 0x7e, 0xc0, 0x26, 0xfb, 0x0,
    0x9f, 0x7f, 0xa0, 0x33, 0xcc, 0x33, 0xd0, 0x1,
    0xbe, 0x40, 0xb, 0xff, 0xeb, 0xff, 0x18, 0x27,
    0xd0, 0x17, 0xe0, 0x1, 0xff, 0xd2, 0x20, 0xdf,
    0xf1, 0x80, 0x3b, 0xc1, 0x7e, 0x0, 0x1b, 0xf8,
    0x1, 0x9f, 0xfc, 0x60, 0xb, 0xf2, 0x7f, 0x60,
    0x7, 0xf9, 0xc0, 0x31, 0x7f, 0x8c, 0x1, 0x5e,
    0x6f, 0xec, 0x0, 0xff, 0x38, 0x6, 0x2f, 0xf1,
    0x80, 0x2b, 0xcd, 0xbe, 0x0, 0x1b, 0xf6, 0x1,
    0x9f, 0xfc, 0x60, 0xd, 0xf1, 0x3f, 0xb0, 0x3,
    0xff, 0xa0, 0x41, 0x7f, 0xe8, 0x5, 0xfd, 0x0,
    0x77, 0x88, 0x2, 0xff, 0xfb, 0xa7, 0xff, 0x94,
    0x0, 0xff, 0x40, 0x13, 0xef, 0xf4, 0x88, 0x3f,
    0x7e, 0xa8, 0x6, 0xef, 0x60, 0xf, 0xfe, 0x31,
    0xff, 0xa0, 0x3, 0xff, 0x8c, 0x9d, 0xfa, 0xc2,
    0x1, 0x1c, 0xf0, 0x80, 0x7f, 0x15, 0xff, 0xee,
    0xff, 0xca, 0x1, 0xff, 0x1c, 0x67, 0x7f, 0x63,
    0x88, 0x7, 0x80,

    /* U+0041 "A" */
    0x0, 0xfb, 0x3e, 0x80, 0x3f, 0xf8, 0x25, 0xff,
    0x8, 0x7, 0xff, 0x2, 0x7f, 0xe7, 0x0, 0xff,
    0xe0, 0x77, 0xfd, 0xa0, 0x1f, 0xf2, 0xff, 0xa3,
    0xfc, 0x60, 0x1f, 0xec, 0xfd, 0xe, 0xf9, 0x0,
    0xfe, 0x2f, 0xf3, 0x84, 0xff, 0x80, 0x3f, 0xa3,
    0xfc, 0x20, 0x7f, 0xe6, 0x0, 0xfd, 0xdf, 0x60,
    0x16, 0xfe, 0x0, 0x7c, 0xbf, 0xe6, 0x0, 0x9f,
    0xfc, 0x40, 0x1e, 0xbf, 0xf0, 0x6, 0x2f, 0xf4,
    0x0, 0x70, 0xff, 0xb9, 0x57, 0xbf, 0xdc, 0x1,
    0xcf, 0xff, 0xff, 0x28, 0x6, 0xdf, 0xff, 0xfa,
    0xc0, 0x24, 0xff, 0x40, 0x7, 0xd5, 0xfe, 0x20,
    0x5, 0x7f, 0x8c, 0x3, 0xe5, 0xff, 0x40, 0xf,
    0xfb, 0x40, 0x3f, 0xbb, 0xf8, 0x1f, 0xfc, 0xe0,
    0x1f, 0xd3, 0xfe, 0x40,

    /* U+0042 "B" */
    0xf, 0xff, 0xb6, 0x48, 0x3, 0x7f, 0xff, 0x94,
    0x2, 0xff, 0x63, 0xbd, 0x19, 0xff, 0x8, 0x3,
    0xfd, 0x20, 0x1d, 0x3f, 0xe6, 0x0, 0x7f, 0xa4,
    0x3, 0x8b, 0xfd, 0x0, 0xf, 0xf4, 0x80, 0x71,
    0x7f, 0x98, 0x1, 0xfe, 0x90, 0xe, 0x8f, 0xf1,
    0x0, 0x3f, 0xd6, 0xab, 0x35, 0x7f, 0xa0, 0x2,
    0xff, 0xfe, 0xc0, 0xd, 0xff, 0xfe, 0xe3, 0x0,
    0x7f, 0xa4, 0x3, 0xb, 0x7f, 0xb8, 0x1, 0xfe,
    0x90, 0xf, 0x3f, 0xf9, 0x3, 0xfd, 0x20, 0x1e,
    0x3f, 0xf3, 0x7, 0xfa, 0x40, 0x3c, 0x9f, 0xe6,
    0xf, 0xf4, 0x80, 0x7a, 0xff, 0xc8, 0x1f, 0xec,
    0x77, 0xd1, 0xbf, 0xed, 0x0, 0x7f, 0xff, 0xb8,
    0x80, 0x1f, 0xff, 0xb1, 0xc4, 0x0,

    /* U+0043 "C" */
    0x0, 0xc2, 0xf7, 0xdf, 0xed, 0x92, 0x0, 0xf9,
    0x3b, 0xff, 0xf4, 0x80, 0x73, 0x7f, 0xdd, 0x51,
    0x39, 0xff, 0x60, 0x4, 0x7f, 0xf3, 0x0, 0x71,
    0xef, 0xfa, 0x40, 0x1b, 0xfe, 0x40, 0xf, 0x87,
    0x7f, 0xc4, 0x7f, 0xe9, 0x0, 0xfe, 0x4b, 0x50,
    0x8f, 0xf1, 0x80, 0x7f, 0xf0, 0x6f, 0xfc, 0x1,
    0xff, 0xc2, 0xcf, 0xe0, 0xf, 0xfe, 0x16, 0x7f,
    0x0, 0x7f, 0xf0, 0xaf, 0xfc, 0x1, 0xff, 0xc2,
    0x8f, 0xf1, 0x80, 0x7f, 0xf0, 0x4f, 0xfd, 0x40,
    0x1f, 0xc9, 0x6c, 0x0, 0xdf, 0xf2, 0x0, 0x7c,
    0x3b, 0xfe, 0x20, 0x3f, 0xf9, 0x80, 0x38, 0xf7,
    0xfd, 0x20, 0x13, 0x7f, 0xdd, 0x51, 0x39, 0xff,
    0x60, 0x7, 0x27, 0x7f, 0xfe, 0x90, 0xf, 0x85,
    0xef, 0xbf, 0xdb, 0x24, 0x1, 0x80,

    /* U+0044 "D" */
    0xf, 0xff, 0x76, 0x41, 0x0, 0x7b, 0xff, 0xfd,
    0x42, 0x1, 0xbf, 0xd8, 0xef, 0x4e, 0x7f, 0xdc,
    0x40, 0x17, 0xfa, 0x40, 0x38, 0x6b, 0xfd, 0xa0,
    0x17, 0xfa, 0x40, 0x3e, 0x9f, 0xf3, 0x0, 0x3f,
    0xd2, 0x1, 0xfb, 0xbf, 0x40, 0x1f, 0xe9, 0x0,
    0xfd, 0x3f, 0xe2, 0xf, 0xf4, 0x80, 0x7e, 0x6f,
    0xf2, 0x7, 0xfa, 0x40, 0x3f, 0x27, 0xf9, 0x83,
    0xfd, 0x20, 0x1f, 0x93, 0xfc, 0xc1, 0xfe, 0x90,
    0xf, 0xcd, 0xfe, 0x50, 0xff, 0x48, 0x7, 0xe9,
    0xff, 0x18, 0x7f, 0xa4, 0x3, 0xf7, 0x7f, 0x0,
    0x3f, 0xd2, 0x1, 0xf4, 0xff, 0xa0, 0x1, 0xfe,
    0x90, 0xe, 0x19, 0xff, 0x70, 0x80, 0x3f, 0xd8,
    0xef, 0x4e, 0x7f, 0xe3, 0x0, 0xbf, 0xff, 0xd8,
    0x40, 0x1b, 0xff, 0xdd, 0x90, 0x60, 0x1c,

    /* U+0045 "E" */
    0xf, 0xff, 0xfe, 0x0, 0x7f, 0xff, 0xf0, 0x3,
    0xfd, 0x6a, 0xbf, 0xc1, 0xfe, 0x90, 0xf, 0xf7,
    0xfa, 0x40, 0x3f, 0xdf, 0xe9, 0x0, 0xff, 0x7f,
    0xa4, 0x3, 0xfd, 0xfe, 0xb5, 0x5f, 0xc0, 0xf,
    0xff, 0xf8, 0x83, 0xff, 0xfe, 0x20, 0xff, 0x48,
    0x7, 0xfb, 0xfd, 0x20, 0x1f, 0xef, 0xf4, 0x80,
    0x7f, 0xbf, 0xd2, 0x1, 0xfe, 0xff, 0x48, 0x7,
    0xfb, 0xfd, 0x6a, 0xbf, 0xc1, 0xff, 0xff, 0xc0,
    0xf, 0xff, 0xfe, 0x0,

    /* U+0046 "F" */
    0xf, 0xff, 0xfb, 0x83, 0xff, 0xfe, 0xe0, 0xff,
    0x5a, 0xaf, 0xf0, 0x7f, 0xa4, 0x3, 0xfd, 0xfe,
    0x90, 0xf, 0xf7, 0xfa, 0x40, 0x3f, 0xdf, 0xe9,
    0x0, 0xff, 0x7f, 0xad, 0x57, 0xe3, 0x0, 0x7f,
    0xff, 0xac, 0x1, 0xff, 0xfe, 0xb0, 0x7, 0xfa,
    0x40, 0x3f, 0xdf, 0xe9, 0x0, 0xff, 0x7f, 0xa4,
    0x3, 0xfd, 0xfe, 0x90, 0xf, 0xf7, 0xfa, 0x40,
    0x3f, 0xdf, 0xe9, 0x0, 0xff, 0x7f, 0xa4, 0x3,
    0xfd, 0xfe, 0x90, 0xf, 0xe0,

    /* U+0047 "G" */
    0x0, 0xc2, 0xf7, 0xdf, 0xed, 0x93, 0x0, 0xf9,
    0x3b, 0xff, 0xf5, 0x8, 0x6, 0x6f, 0xfb, 0xaa,
    0x27, 0x3f, 0xed, 0x10, 0x1, 0xff, 0xcc, 0x1,
    0xc5, 0x9f, 0xeb, 0x0, 0x6f, 0xf9, 0x0, 0x3f,
    0x67, 0xf8, 0xcd, 0xfe, 0x90, 0xf, 0xe2, 0x72,
    0x8, 0xff, 0x18, 0x7, 0xff, 0x6, 0xff, 0xc0,
    0x1f, 0xfc, 0x2c, 0xfe, 0x0, 0xf3, 0xff, 0xf9,
    0xb3, 0xf8, 0x3, 0xcf, 0xff, 0xe6, 0xbf, 0xf0,
    0x7, 0x89, 0x57, 0x7f, 0x9a, 0x3f, 0xc6, 0x1,
    0xfc, 0x3f, 0xe6, 0x3f, 0xf5, 0x0, 0x7f, 0x37,
    0xf9, 0x83, 0x7f, 0xc8, 0x1, 0xf0, 0xf7, 0xf9,
    0x80, 0xff, 0xe6, 0x0, 0xe2, 0xdf, 0xf9, 0x80,
    0xd, 0xff, 0x75, 0x45, 0x67, 0xfb, 0x7f, 0xcc,
    0x1, 0x2f, 0xff, 0xec, 0x2f, 0xf3, 0x0, 0x61,
    0x7c, 0xef, 0xeb, 0x60, 0x7, 0xf9, 0x80,

    /* U+0048 "H" */
    0xf, 0xf4, 0x80, 0x7e, 0xdf, 0xd0, 0xff, 0x48,
    0x7, 0xed, 0xfd, 0xf, 0xf4, 0x80, 0x7e, 0xdf,
    0xd0, 0xff, 0x48, 0x7, 0xed, 0xfd, 0xf, 0xf4,
    0x80, 0x7e, 0xdf, 0xd0, 0xff, 0x48, 0x7, 0xed,
    0xfd, 0xf, 0xf4, 0x80, 0x7e, 0xdf, 0xd0, 0xff,
    0x63, 0xbf, 0xee, 0xfd, 0xf, 0xff, 0xfe, 0xe,
    0x87, 0xff, 0xff, 0x7, 0x43, 0xfd, 0x20, 0x1f,
    0xb7, 0xf4, 0x3f, 0xd2, 0x1, 0xfb, 0x7f, 0x43,
    0xfd, 0x20, 0x1f, 0xb7, 0xf4, 0x3f, 0xd2, 0x1,
    0xfb, 0x7f, 0x43, 0xfd, 0x20, 0x1f, 0xb7, 0xf4,
    0x3f, 0xd2, 0x1, 0xfb, 0x7f, 0x43, 0xfd, 0x20,
    0x1f, 0xb7, 0xf4, 0x3f, 0xd2, 0x1, 0xfb, 0x7f,
    0x40,

    /* U+0049 "I" */
    0xf, 0xf4, 0x87, 0xfa, 0x43, 0xfd, 0x21, 0xfe,
    0x90, 0xff, 0x48, 0x7f, 0xa4, 0x3f, 0xd2, 0x1f,
    0xe9, 0xf, 0xf4, 0x87, 0xfa, 0x43, 0xfd, 0x21,
    0xfe, 0x90, 0xff, 0x48, 0x7f, 0xa4, 0x3f, 0xd2,
    0x1f, 0xe9, 0xf, 0xf4, 0x87, 0xfa, 0x40,

    /* U+004A "J" */
    0x0, 0xf, 0xff, 0xf4, 0x80, 0x7, 0xff, 0xfa,
    0x40, 0x25, 0x5f, 0x37, 0xfa, 0x40, 0x3f, 0xdf,
    0xe9, 0x0, 0xff, 0x7f, 0xa4, 0x3, 0xfd, 0xfe,
    0x90, 0xf, 0xf7, 0xfa, 0x40, 0x3f, 0xdf, 0xe9,
    0x0, 0xff, 0x7f, 0xa4, 0x3, 0xfd, 0xfe, 0x90,
    0xf, 0xf7, 0xfa, 0x40, 0x3f, 0x87, 0xfd, 0x27,
    0xbc, 0xc0, 0x1c, 0x5f, 0xe8, 0x2f, 0xf4, 0x80,
    0x73, 0x7f, 0x94, 0x37, 0xfc, 0x60, 0x1b, 0x7f,
    0xc2, 0x9, 0xff, 0x53, 0xc7, 0x7f, 0xa0, 0x2,
    0x7f, 0xff, 0xa8, 0x3, 0x8e, 0xbb, 0xfa, 0xd4,
    0x2,

    /* U+004B "K" */
    0xf, 0xf4, 0x80, 0x7d, 0x7f, 0xeb, 0x0, 0x7f,
    0xa4, 0x3, 0xd7, 0xfe, 0xb0, 0xb, 0xfd, 0x20,
    0x1d, 0x5f, 0xeb, 0x0, 0xdf, 0xe9, 0x0, 0xd5,
    0xfe, 0xc0, 0xe, 0xff, 0x48, 0x5, 0x3f, 0xec,
    0x0, 0xf7, 0xfa, 0x40, 0x13, 0xfe, 0xc0, 0xf,
    0xbf, 0xd2, 0x11, 0xfe, 0xd0, 0xf, 0xdf, 0xe9,
    0x7f, 0xfa, 0xc0, 0x3f, 0x7f, 0xfe, 0x40, 0xf,
    0xbf, 0xf6, 0x27, 0xfb, 0x80, 0x3e, 0xff, 0xb0,
    0x42, 0x7f, 0xd0, 0x1, 0xef, 0xf8, 0x40, 0x2e,
    0xff, 0x18, 0x7, 0x7f, 0xa8, 0x3, 0x27, 0xfb,
    0x0, 0x3b, 0xfd, 0x20, 0x1d, 0x5f, 0xe7, 0x0,
    0xdf, 0xe9, 0x0, 0xe1, 0xef, 0xf1, 0x0, 0x5f,
    0xe9, 0x0, 0xf3, 0x7f, 0xac, 0x2, 0xff, 0x48,
    0x7, 0xd7, 0xfe, 0x50, 0x7, 0xfa, 0x40, 0x3e,
    0x2f, 0xf7, 0x8,

    /* U+004C "L" */
    0xf, 0xf4, 0x80, 0x7f, 0x7f, 0xa4, 0x3, 0xfb,
    0xfd, 0x20, 0x1f, 0xdf, 0xe9, 0x0, 0xfe, 0xff,
    0x48, 0x7, 0xf7, 0xfa, 0x40, 0x3f, 0xbf, 0xd2,
    0x1, 0xfd, 0xfe, 0x90, 0xf, 0xef, 0xf4, 0x80,
    0x7f, 0x7f, 0xa4, 0x3, 0xfb, 0xfd, 0x20, 0x1f,
    0xdf, 0xe9, 0x0, 0xfe, 0xff, 0x48, 0x7, 0xf7,
    0xfa, 0x40, 0x3f, 0xbf, 0xd2, 0x1, 0xfd, 0xfe,
    0xb5, 0x5f, 0x8c, 0x3f, 0xff, 0xd2, 0x1f, 0xff,
    0xe9,

    /* U+004D "M" */
    0xf, 0xfc, 0x20, 0x1f, 0x87, 0xff, 0x0, 0x3f,
    0xf3, 0x0, 0x7e, 0x7f, 0xfc, 0x0, 0xff, 0xda,
    0x1, 0xfb, 0x7f, 0xf0, 0x3, 0xff, 0x8c, 0x3,
    0xc7, 0xff, 0xc0, 0xf, 0xf5, 0xff, 0xa4, 0x3,
    0xd3, 0xfe, 0xbf, 0xf0, 0x3, 0xfd, 0x35, 0xfe,
    0x0, 0xf7, 0xfa, 0xa9, 0xfe, 0x0, 0x7f, 0xa5,
    0x3f, 0xca, 0x1, 0x9b, 0xfc, 0x75, 0xfe, 0x0,
    0x7f, 0xa4, 0x37, 0xf0, 0x3, 0x67, 0xe8, 0x57,
    0xf8, 0x1, 0xfe, 0x90, 0x7f, 0xf1, 0x0, 0xb,
    0xfc, 0xe1, 0x5f, 0xe0, 0x7, 0xfa, 0x40, 0x7f,
    0xd0, 0x0, 0x8f, 0xf0, 0x85, 0x7f, 0x80, 0x1f,
    0xe9, 0x0, 0x57, 0xf0, 0x3, 0xbe, 0x80, 0x15,
    0xfe, 0x0, 0x7f, 0xa4, 0x0, 0x9f, 0xe5, 0x57,
    0xf8, 0xc0, 0x15, 0xfe, 0x0, 0x7f, 0xa4, 0x2,
    0xdf, 0xbb, 0x7e, 0x80, 0x55, 0xfe, 0x0, 0x7f,
    0xa4, 0x2, 0x7f, 0xfc, 0xe0, 0x15, 0x7f, 0x80,
    0x1f, 0xe9, 0x0, 0x87, 0xff, 0x8, 0x5, 0x5f,
    0xe0, 0x7, 0xfa, 0x40, 0x35, 0x7f, 0xa8, 0x3,
    0x57, 0xf8, 0x1, 0xfe, 0x90, 0xc, 0x4e, 0xe2,
    0x0, 0xd5, 0xfe, 0x0, 0x7f, 0xa4, 0x3, 0xff,
    0x81, 0x5f, 0xe0,

    /* U+004E "N" */
    0xf, 0xf7, 0x8, 0x7, 0xdd, 0xf6, 0x1f, 0xf5,
    0x0, 0x7d, 0xdf, 0x61, 0xff, 0x8c, 0x3, 0xdd,
    0xf6, 0x1f, 0xfb, 0x40, 0x3d, 0xdf, 0x61, 0xfe,
    0xef, 0xf3, 0x80, 0x77, 0x7d, 0x87, 0xfa, 0x6f,
    0xfc, 0x40, 0x1b, 0xbe, 0xc3, 0xfd, 0x25, 0xfe,
    0xb0, 0xd, 0xdf, 0x61, 0xfe, 0x90, 0x7f, 0xf2,
    0x80, 0x5d, 0xf6, 0x1f, 0xe9, 0x0, 0x6f, 0xf0,
    0x5, 0xdf, 0x61, 0xfe, 0x90, 0x2, 0x7f, 0xa4,
    0x1, 0xdf, 0x61, 0xfe, 0x90, 0xa, 0xbf, 0xc6,
    0x1d, 0xf6, 0x1f, 0xe9, 0x0, 0x87, 0xfd, 0x81,
    0xdf, 0x61, 0xfe, 0x90, 0xc, 0xdf, 0xe6, 0xef,
    0xb0, 0xff, 0x48, 0x7, 0x67, 0xf7, 0xfa, 0xc3,
    0xfd, 0x20, 0x1c, 0x7f, 0xfa, 0xc3, 0xfd, 0x20,
    0x1e, 0x9f, 0xfa, 0xc3, 0xfd, 0x20, 0x1e, 0x1e,
    0xff, 0x58, 0x7f, 0xa4, 0x3, 0xe6, 0xff, 0x58,

    /* U+004F "O" */
    0x0, 0xc2, 0xf7, 0xdf, 0xed, 0x93, 0x0, 0xfc,
    0x9d, 0xff, 0xfa, 0x40, 0x3c, 0xdf, 0xf7, 0x54,
    0x4e, 0x7f, 0xd8, 0x1, 0x8f, 0xfe, 0x60, 0xe,
    0x3d, 0xff, 0x48, 0x5, 0xbf, 0xe4, 0x0, 0xfd,
    0xbf, 0xe3, 0x3, 0xff, 0x50, 0x7, 0xf2, 0x7f,
    0xa8, 0x23, 0xfc, 0x60, 0x1f, 0xed, 0xff, 0x5,
    0xff, 0x80, 0x3f, 0xe9, 0xff, 0xe, 0x7f, 0x0,
    0x7f, 0xd1, 0xfe, 0x3c, 0xfe, 0x0, 0xff, 0xa3,
    0xfc, 0x77, 0xfe, 0x0, 0xff, 0xa7, 0xfc, 0x31,
    0xfe, 0x30, 0xf, 0xf6, 0xff, 0x1, 0xff, 0xa8,
    0x3, 0xf9, 0x3f, 0xd4, 0x0, 0xdf, 0xf2, 0x0,
    0x7e, 0xdf, 0xf1, 0x80, 0xf, 0xfe, 0x60, 0xe,
    0x3d, 0xff, 0x48, 0x6, 0x6f, 0xfb, 0xaa, 0x27,
    0x3f, 0xec, 0x0, 0xf2, 0x77, 0xff, 0xe9, 0x0,
    0xfc, 0x2f, 0x7d, 0xfe, 0xd9, 0x30, 0xe,

    /* U+0050 "P" */
    0xf, 0xff, 0xb2, 0x4, 0x2, 0xff, 0xff, 0x20,
    0x3, 0xfd, 0x6a, 0xa6, 0x7c, 0xff, 0x84, 0x3f,
    0xd2, 0x1, 0xd3, 0xfe, 0x60, 0xff, 0x48, 0x7,
    0x17, 0xfa, 0x43, 0xfd, 0x20, 0x1c, 0x3f, 0xe9,
    0xf, 0xf4, 0x80, 0x72, 0xff, 0x9c, 0x3f, 0xd2,
    0x1, 0x13, 0xff, 0xc4, 0x1f, 0xff, 0xe8, 0x0,
    0x7f, 0xfe, 0xd5, 0x0, 0xbf, 0xd6, 0xab, 0x21,
    0x0, 0x77, 0xfa, 0x40, 0x3f, 0xdf, 0xe9, 0x0,
    0xff, 0x7f, 0xa4, 0x3, 0xfd, 0xfe, 0x90, 0xf,
    0xf7, 0xfa, 0x40, 0x3f, 0xdf, 0xe9, 0x0, 0xff,
    0x7f, 0xa4, 0x3, 0xf8,

    /* U+0051 "Q" */
    0x0, 0xc2, 0xf7, 0xdf, 0xed, 0x93, 0x0, 0xfc,
    0x9d, 0xff, 0xfa, 0x40, 0x3c, 0xdf, 0xf7, 0x54,
    0x4e, 0x7f, 0xd8, 0x1, 0x8f, 0xfe, 0x60, 0xe,
    0x3d, 0xff, 0x48, 0x5, 0xbf, 0xe4, 0x0, 0xfd,
    0xbf, 0xe3, 0x3, 0xff, 0x50, 0x7, 0xf2, 0x7f,
    0xa8, 0x23, 0xfc, 0x60, 0x1f, 0xed, 0xff, 0x5,
    0xff, 0x80, 0x3f, 0xe9, 0xff, 0xe, 0x7f, 0x0,
    0x7f, 0xd1, 0xfe, 0x3c, 0xfe, 0x0, 0xff, 0xa3,
    0xfc, 0x77, 0xfe, 0x0, 0xf8, 0x80, 0x29, 0xff,
    0xc, 0x7f, 0x8c, 0x3, 0x8b, 0xac, 0x1, 0xbf,
    0xc0, 0x7f, 0xea, 0x0, 0xe6, 0xff, 0x5a, 0x7f,
    0xa8, 0x1, 0x9f, 0xe4, 0x0, 0xe5, 0xff, 0xe3,
    0x0, 0x1f, 0xfc, 0xc0, 0x1d, 0x1f, 0xf5, 0x0,
    0x66, 0xff, 0xba, 0xa2, 0x73, 0xff, 0x71, 0x0,
    0x64, 0xef, 0xff, 0xdb, 0xfe, 0xe2, 0x0, 0xc2,
    0xf7, 0xdf, 0xed, 0x93, 0x3, 0xef, 0xb0, 0xf,
    0xfe, 0x19, 0x50, 0x0,

    /* U+0052 "R" */
    0xf, 0xff, 0x76, 0x40, 0x80, 0x77, 0xff, 0xf9,
    0x0, 0x37, 0xfa, 0xd5, 0x4c, 0xf9, 0xfe, 0xe0,
    0xd, 0xfe, 0x90, 0xe, 0x8f, 0xf3, 0x0, 0x5f,
    0xe9, 0x0, 0xe1, 0xff, 0x40, 0x5, 0xfe, 0x90,
    0xf, 0x7f, 0xa4, 0x2, 0xff, 0x48, 0x7, 0x2f,
    0xf9, 0xc0, 0x2f, 0xf4, 0x80, 0x42, 0xdf, 0xf1,
    0x0, 0x5f, 0xff, 0xe8, 0x0, 0xdf, 0xff, 0xb9,
    0x80, 0x3b, 0xfd, 0x6a, 0xab, 0xff, 0x40, 0x7,
    0xbf, 0xd2, 0x1, 0x67, 0xf8, 0x80, 0x3b, 0xfd,
    0x20, 0x11, 0xff, 0xac, 0x3, 0xbf, 0xd2, 0x1,
    0xab, 0xfc, 0xa0, 0x1b, 0xfd, 0x20, 0x18, 0x7f,
    0xdc, 0x1, 0xbf, 0xd2, 0x1, 0xcf, 0xfe, 0x80,
    0xb, 0xfd, 0x20, 0x1e, 0xdf, 0xf1, 0x0, 0x3f,
    0xd2, 0x1, 0xe4, 0xff, 0x58, 0x0,

    /* U+0053 "S" */
    0x0, 0xc9, 0x5d, 0xfd, 0x48, 0x1, 0xe9, 0xff,
    0xfa, 0x0, 0x33, 0x7f, 0xb9, 0xd6, 0x3b, 0xfc,
    0xc0, 0x16, 0x7f, 0x84, 0x2, 0x1d, 0xd2, 0x0,
    0x5d, 0xf6, 0x1, 0xc2, 0x1, 0xdb, 0xfc, 0x1,
    0xff, 0x3f, 0xfb, 0x8, 0x3, 0xfd, 0x7f, 0xf5,
    0xa8, 0x7, 0xf3, 0xf7, 0xfd, 0xce, 0x1, 0xfc,
    0xd9, 0xff, 0x69, 0x0, 0x7f, 0x1d, 0xff, 0xb8,
    0x40, 0x3f, 0xd1, 0xfe, 0x70, 0x48, 0x60, 0xf,
    0xbf, 0xd2, 0x1d, 0xfc, 0x1, 0xf7, 0xfa, 0x42,
    0x3f, 0xd4, 0x1, 0xd3, 0xfe, 0x50, 0x1e, 0xff,
    0x74, 0x33, 0xe7, 0xfb, 0x40, 0x22, 0xdf, 0xff,
    0xb4, 0x40, 0x39, 0xaf, 0xbf, 0xb1, 0x80, 0x20,

    /* U+0054 "T" */
    0xaf, 0xff, 0xfe, 0xf, 0x57, 0xff, 0xff, 0x7,
    0x8d, 0x57, 0xb3, 0xfc, 0xab, 0xe0, 0xf, 0x5f,
    0xf8, 0x3, 0xff, 0x81, 0x7f, 0xe0, 0xf, 0xfe,
    0x5, 0xff, 0x80, 0x3f, 0xf8, 0x17, 0xfe, 0x0,
    0xff, 0xe0, 0x5f, 0xf8, 0x3, 0xff, 0x81, 0x7f,
    0xe0, 0xf, 0xfe, 0x5, 0xff, 0x80, 0x3f, 0xf8,
    0x17, 0xfe, 0x0, 0xff, 0xe0, 0x5f, 0xf8, 0x3,
    0xff, 0x81, 0x7f, 0xe0, 0xf, 0xfe, 0x5, 0xff,
    0x80, 0x3f, 0xf8, 0x17, 0xfe, 0x0, 0xff, 0xe0,
    0x5f, 0xf8, 0x3, 0xff, 0x81, 0x7f, 0xe0, 0xf,
    0xfe, 0x5, 0xff, 0x80, 0x3c,

    /* U+0055 "U" */
    0x3f, 0xf3, 0x0, 0x7c, 0xbf, 0xe4, 0x3f, 0xf3,
    0x0, 0x7c, 0xbf, 0xe4, 0x3f, 0xf3, 0x0, 0x7c,
    0xbf, 0xe4, 0x3f, 0xf3, 0x0, 0x7c, 0xbf, 0xe4,
    0x3f, 0xf3, 0x0, 0x7c, 0xbf, 0xe4, 0x3f, 0xf3,
    0x0, 0x7c, 0xbf, 0xe4, 0x3f, 0xf3, 0x0, 0x7c,
    0xbf, 0xe4, 0x3f, 0xf3, 0x0, 0x7c, 0xbf, 0xe4,
    0x3f, 0xf3, 0x0, 0x7c, 0xbf, 0xe4, 0x3f, 0xf3,
    0x0, 0x7c, 0xbf, 0xe4, 0x3f, 0xf3, 0x0, 0x7c,
    0xbf, 0xe4, 0x3f, 0xf3, 0x80, 0x7c, 0xdf, 0xe3,
    0x2f, 0xf4, 0x80, 0x7d, 0x1f, 0xe2, 0xf, 0xf6,
    0x80, 0x7d, 0x9f, 0xe0, 0x5, 0x7f, 0x9c, 0x3,
    0x9f, 0xfd, 0x40, 0x2, 0xff, 0xb2, 0x1e, 0x33,
    0xfe, 0x20, 0x9, 0x3f, 0xff, 0x90, 0x3, 0x86,
    0x33, 0xbf, 0xb2, 0x4, 0x2,

    /* U+0056 "V" */
    0x7f, 0xf3, 0x80, 0x7f, 0x27, 0xfa, 0x87, 0xfd,
    0xa0, 0x1f, 0xd5, 0xfe, 0x30, 0xaf, 0xf1, 0x80,
    0x7c, 0x3f, 0xed, 0x0, 0x1f, 0xfa, 0x80, 0x3e,
    0x7f, 0xf3, 0x0, 0x5b, 0xfe, 0x0, 0xfb, 0x7f,
    0xc2, 0x1, 0x37, 0xf9, 0x80, 0x38, 0xff, 0xd4,
    0x1, 0xdf, 0xec, 0x0, 0xe9, 0xff, 0x18, 0x7,
    0x4f, 0xf8, 0x80, 0x37, 0x7e, 0x80, 0x78, 0xff,
    0xd2, 0x1, 0x2f, 0xf9, 0x80, 0x3e, 0xcf, 0xe0,
    0xa, 0xff, 0xc2, 0x1, 0xf3, 0x7f, 0x94, 0xb,
    0xfd, 0x40, 0x1f, 0xdf, 0xeb, 0x8, 0xff, 0x18,
    0x7, 0xf4, 0xff, 0x8b, 0xbf, 0x40, 0x3f, 0xc7,
    0xfe, 0xcf, 0xf3, 0x0, 0x7f, 0xd9, 0xff, 0x84,
    0x3, 0xfe, 0x6f, 0xfa, 0x40, 0x3f, 0xf8, 0x3f,
    0xf1, 0x80, 0x7f, 0xf0, 0x67, 0xf4, 0x3, 0xe0,

    /* U+0057 "W" */
    0x5f, 0xf3, 0x0, 0x7f, 0xf1, 0x57, 0xfc, 0xc1,
    0xfe, 0xb0, 0xf, 0xbb, 0xfc, 0x1, 0xf5, 0x7f,
    0x84, 0x2f, 0xfc, 0x1, 0xe3, 0xff, 0x90, 0x3,
    0xdd, 0xfa, 0x0, 0x7f, 0xf2, 0x0, 0x74, 0x7f,
    0xd2, 0x1, 0xc7, 0xfe, 0x80, 0x1, 0x7f, 0xa4,
    0x3, 0xb7, 0xfe, 0xe0, 0xe, 0x8f, 0xf1, 0x80,
    0x5b, 0xfa, 0x1, 0x87, 0xfd, 0x3f, 0xe3, 0x0,
    0xd9, 0xfc, 0x1, 0xa3, 0xfc, 0x40, 0x13, 0x7f,
    0x87, 0xbe, 0x0, 0x21, 0xff, 0x50, 0x6, 0x4f,
    0xf3, 0x80, 0x57, 0xf6, 0x15, 0xf8, 0x1, 0x2f,
    0xf9, 0x40, 0x3b, 0xfd, 0x60, 0x17, 0xf9, 0x81,
    0x7f, 0xc2, 0x0, 0xaf, 0xf0, 0x7, 0xab, 0xfc,
    0x0, 0x5f, 0xf0, 0x80, 0x3f, 0xcc, 0x0, 0xef,
    0xb0, 0xf, 0x2f, 0xf9, 0x42, 0x7f, 0x0, 0x2b,
    0xfb, 0x3, 0xff, 0x38, 0x7, 0x87, 0xfd, 0x21,
    0xde, 0xe0, 0x13, 0x7f, 0x82, 0x3f, 0xc4, 0x1,
    0xf6, 0x7f, 0x1f, 0xf8, 0x80, 0x21, 0xff, 0x26,
    0x7e, 0x80, 0x7e, 0x7f, 0xf5, 0xfe, 0x80, 0x76,
    0x7d, 0xff, 0xa0, 0x3, 0xf1, 0x7f, 0xe8, 0x0,
    0xe7, 0xff, 0xc8, 0x1, 0xfd, 0xbf, 0xf1, 0x80,
    0x71, 0x7f, 0xe0, 0xf, 0xf4, 0xff, 0xb8, 0x3,
    0xed, 0xff, 0x50, 0x7, 0xf9, 0x3f, 0xd2, 0x1,
    0xf4, 0x7f, 0x94, 0x3, 0x80,

    /* U+0058 "X" */
    0x2f, 0xf7, 0x8, 0x7, 0xc5, 0xfe, 0xe1, 0x7,
    0xff, 0x58, 0x7, 0xd9, 0xfe, 0x50, 0xb, 0x3f,
    0xca, 0x1, 0xcf, 0xfe, 0xa0, 0xc, 0x5f, 0xee,
    0x10, 0x8, 0xbf, 0xdc, 0x20, 0x1c, 0xdf, 0xeb,
    0x0, 0xb3, 0xfc, 0xa0, 0x1f, 0x5f, 0xf9, 0x81,
    0xff, 0xd4, 0x1, 0xf8, 0x7f, 0xe4, 0xff, 0x70,
    0x80, 0x7f, 0x37, 0xff, 0x20, 0x7, 0xfd, 0x7f,
    0xf4, 0x80, 0x7f, 0xf0, 0x2f, 0xfe, 0x90, 0xf,
    0xf9, 0xbf, 0xf9, 0x0, 0x3f, 0x8b, 0xfd, 0xc9,
    0xfe, 0xe1, 0x0, 0xfd, 0x9f, 0xe5, 0x7, 0xff,
    0x50, 0x7, 0xcf, 0xfe, 0xa0, 0xb, 0x3f, 0xca,
    0x1, 0xc5, 0xfe, 0xe1, 0x0, 0x8b, 0xfe, 0x10,
    0xd, 0x9f, 0xe5, 0x0, 0xe6, 0xff, 0x58, 0x4,
    0xff, 0xea, 0x0, 0xfa, 0xff, 0xcc, 0x5, 0xfe,
    0xe0, 0xf, 0xc3, 0xff, 0x10,

    /* U+0059 "Y" */
    0x7f, 0xf4, 0x0, 0x7e, 0xaf, 0xf2, 0x6, 0xff,
    0x84, 0x3, 0xc7, 0xfe, 0xb0, 0x2, 0xff, 0xa8,
    0x3, 0xd9, 0xfe, 0x20, 0xa, 0xff, 0xc4, 0x1,
    0x97, 0xfd, 0x20, 0x18, 0xbf, 0xd6, 0x1, 0xbb,
    0xf8, 0x40, 0x3a, 0x7f, 0xc8, 0x0, 0x7f, 0xf3,
    0x80, 0x78, 0x7b, 0xf4, 0x7, 0xfd, 0xa0, 0x1f,
    0x9b, 0xfc, 0xd5, 0xfe, 0x40, 0xf, 0xed, 0xfe,
    0xff, 0x58, 0x7, 0xf9, 0x3f, 0xf1, 0x0, 0x7f,
    0xd5, 0xfe, 0x90, 0xf, 0xfe, 0x3, 0x7f, 0x90,
    0x3, 0xff, 0x80, 0xdf, 0xe4, 0x0, 0xff, 0xe0,
    0x37, 0xf9, 0x0, 0x3f, 0xf8, 0xd, 0xfe, 0x40,
    0xf, 0xfe, 0x3, 0x7f, 0x90, 0x3, 0xff, 0x80,
    0xdf, 0xe4, 0x0, 0xff, 0xe0, 0x37, 0xf9, 0x0,
    0x3c,

    /* U+005A "Z" */
    0x9, 0xff, 0xff, 0xe0, 0x18, 0x4f, 0xff, 0xff,
    0x0, 0xc0, 0xd5, 0x7f, 0x47, 0xfb, 0x84, 0x3,
    0xfd, 0xbf, 0xe3, 0x0, 0xff, 0x57, 0xf9, 0xc0,
    0x3f, 0xcd, 0xfe, 0xb0, 0xf, 0xf1, 0xff, 0xb8,
    0x40, 0x3f, 0x87, 0x7f, 0xc6, 0x1, 0xfe, 0xaf,
    0xf3, 0x80, 0x7f, 0x9f, 0xfd, 0x40, 0x1f, 0xe3,
    0xff, 0x68, 0x80, 0x7f, 0xf, 0x7f, 0x8c, 0x3,
    0xfd, 0x7f, 0xe6, 0x0, 0xff, 0x3f, 0xfa, 0x80,
    0x3f, 0xc7, 0xfe, 0xd0, 0xf, 0xfb, 0xbf, 0xd0,
    0xab, 0xfc, 0x47, 0xff, 0xff, 0xc1, 0x83, 0xff,
    0xff, 0xe0, 0xc0,

    /* U+005B "[" */
    0x4b, 0xbd, 0x2d, 0xff, 0xb5, 0xbe, 0x80, 0x26,
    0xfa, 0x0, 0x9b, 0xe8, 0x2, 0x6f, 0xa0, 0x9,
    0xbe, 0x80, 0x26, 0xfa, 0x0, 0x9b, 0xe8, 0x2,
    0x6f, 0xa0, 0x9, 0xbe, 0x80, 0x26, 0xfa, 0x0,
    0x9b, 0xe8, 0x2, 0x6f, 0xa0, 0x9, 0xbe, 0x80,
    0x26, 0xfa, 0x0, 0x9b, 0xe8, 0x2, 0x6f, 0xa0,
    0x9, 0xbe, 0x80, 0x26, 0xfa, 0x0, 0x9b, 0xe8,
    0x2, 0x6f, 0xa0, 0x9, 0xbe, 0x80, 0x26, 0xfa,
    0x0, 0x9b, 0xfa, 0xed, 0x2d, 0xff, 0xb4,

    /* U+005C "\\" */
    0x1f, 0xe0, 0xf, 0xfa, 0xbd, 0x40, 0x3f, 0xc7,
    0xf6, 0x1, 0xff, 0x6f, 0x90, 0x7, 0xf9, 0xbe,
    0x0, 0x3f, 0xef, 0xe0, 0xf, 0xfa, 0x7d, 0x40,
    0x3f, 0xc7, 0xf8, 0x1, 0xff, 0x67, 0x90, 0x7,
    0xf9, 0xbe, 0x40, 0x3f, 0xee, 0xe0, 0x7, 0xfd,
    0x3e, 0xc0, 0x1f, 0xe2, 0xfc, 0x0, 0xff, 0xb3,
    0xcc, 0x3, 0xfc, 0xbf, 0x20, 0x1f, 0xf7, 0x78,
    0x7, 0xfd, 0x1e, 0xc0, 0x1f, 0xe2, 0xfd, 0x0,
    0xff, 0xaf, 0xcc, 0x3, 0xfc, 0xbf, 0x40, 0x1f,
    0xf7, 0x78, 0x80, 0x7f, 0xa3, 0xdc, 0x3, 0xfc,
    0x3f, 0xa0,

    /* U+005D "]" */
    0x8b, 0xbc, 0xb9, 0xff, 0x9c, 0x2, 0xaf, 0x70,
    0xa, 0xbd, 0xc0, 0x2a, 0xf7, 0x0, 0xab, 0xdc,
    0x2, 0xaf, 0x70, 0xa, 0xbd, 0xc0, 0x2a, 0xf7,
    0x0, 0xab, 0xdc, 0x2, 0xaf, 0x70, 0xa, 0xbd,
    0xc0, 0x2a, 0xf7, 0x0, 0xab, 0xdc, 0x2, 0xaf,
    0x70, 0xa, 0xbd, 0xc0, 0x2a, 0xf7, 0x0, 0xab,
    0xdc, 0x2, 0xaf, 0x70, 0xa, 0xbd, 0xc0, 0x2a,
    0xf7, 0x0, 0xab, 0xdc, 0x2, 0xaf, 0x70, 0xa,
    0xbd, 0xe2, 0xed, 0xde, 0xf9, 0xff, 0x9c,

    /* U+005E "^" */
    0x0, 0xe1, 0x88, 0x84, 0x3, 0xfd, 0x1f, 0xf4,
    0x0, 0x7f, 0xbb, 0xfe, 0xe0, 0xf, 0xe5, 0xff,
    0x1f, 0xf9, 0x40, 0x3f, 0x5f, 0xd8, 0x5f, 0xd8,
    0x7, 0xc5, 0xfe, 0x50, 0x5f, 0xf1, 0x0, 0x7a,
    0x3f, 0x80, 0x2e, 0xf8, 0x0, 0xf7, 0x7c, 0x80,
    0x53, 0xfc, 0x1, 0xcd, 0xfe, 0x30, 0x8, 0xff,
    0xca, 0x1, 0xb3, 0xf4, 0x3, 0xb7, 0xf0, 0x2,
    0x3f, 0xf3, 0x0, 0x73, 0xff, 0x8c, 0x1, 0x3f,
    0xe1, 0x0, 0xe1, 0xff, 0x48, 0x3, 0xfd, 0x40,
    0x1f, 0x57, 0xf8, 0x0,

    /* U+005F "_" */
    0xaf, 0xff, 0xee, 0xbf, 0xff, 0xf0,

    /* U+0060 "`" */
    0x48, 0x70, 0xd, 0x9f, 0x40, 0x1b, 0x3d, 0x80,
    0x36, 0x79, 0x80,

    /* U+0061 "a" */
    0x0, 0x14, 0xef, 0xfb, 0x64, 0x80, 0x28, 0xff,
    0xfc, 0x60, 0x7f, 0xec, 0x53, 0x48, 0xff, 0x70,
    0x1, 0x18, 0x3, 0x9f, 0xfc, 0x80, 0x1f, 0x8b,
    0xfc, 0xe0, 0x7, 0xbd, 0xee, 0xbf, 0xe7, 0x1d,
    0xff, 0xfe, 0x78, 0xff, 0x40, 0x80, 0x43, 0xfe,
    0x7c, 0xfd, 0x0, 0xe4, 0xff, 0x3d, 0xfe, 0x80,
    0x76, 0x7f, 0x9d, 0xdf, 0xe7, 0x0, 0xd, 0x7f,
    0xce, 0x19, 0xff, 0x77, 0xf9, 0xff, 0xce, 0x0,
    0x7c, 0xff, 0x62, 0x87, 0x7b, 0x80,

    /* U+0062 "b" */
    0x3f, 0xf2, 0x80, 0x7f, 0x1f, 0xf9, 0x40, 0x3f,
    0x8f, 0xfc, 0xa0, 0x1f, 0xc7, 0xfe, 0x50, 0xf,
    0xe3, 0xff, 0x28, 0x7, 0xf1, 0xff, 0x94, 0xab,
    0xbf, 0x5c, 0x40, 0x7, 0xfe, 0x8f, 0xff, 0x69,
    0x1, 0xff, 0xe8, 0x56, 0xcf, 0xf6, 0x81, 0xff,
    0xc4, 0x1, 0xab, 0xfc, 0xc7, 0xfe, 0x70, 0xf,
    0x7f, 0xac, 0xff, 0xc4, 0x1, 0xeb, 0xfd, 0x3f,
    0xf0, 0x80, 0x7a, 0x7f, 0xc7, 0xfe, 0x30, 0xf,
    0x5f, 0xe9, 0xff, 0x9c, 0x3, 0xdf, 0xeb, 0x3f,
    0xf8, 0x80, 0x35, 0x7f, 0x94, 0xff, 0xf4, 0x2b,
    0x67, 0xfb, 0x0, 0xff, 0xd1, 0xff, 0xed, 0x20,
    0x3f, 0xf2, 0x95, 0x77, 0xec, 0x8, 0x0,

    /* U+0063 "c" */
    0x0, 0x9b, 0x3b, 0xf6, 0x4, 0x3, 0x5f, 0xff,
    0xb8, 0xc0, 0x15, 0xfe, 0xb4, 0x43, 0xff, 0xb8,
    0xf, 0xfd, 0x20, 0x19, 0x3f, 0xc9, 0x1f, 0xe1,
    0x0, 0xe4, 0x0, 0x5f, 0xe8, 0x7, 0xf6, 0x7d,
    0x80, 0x7f, 0x5f, 0xe8, 0x7, 0xf4, 0x7f, 0x84,
    0x3, 0x90, 0x0, 0x7f, 0xe9, 0x0, 0xc9, 0xfe,
    0x40, 0xaf, 0xf5, 0xaa, 0x47, 0xfb, 0x80, 0x2b,
    0xff, 0xf7, 0x18, 0x6, 0x6c, 0xff, 0x6c, 0x8,
    0x0,

    /* U+0064 "d" */
    0x0, 0xfe, 0x2f, 0xf2, 0x80, 0x7f, 0x17, 0xf9,
    0x40, 0x3f, 0x8b, 0xfc, 0xa0, 0x1f, 0xc5, 0xfe,
    0x50, 0xf, 0xe2, 0xff, 0x28, 0x4, 0xd9, 0xfd,
    0x66, 0x5f, 0xe5, 0x1, 0xcf, 0xff, 0x47, 0xf9,
    0x42, 0xff, 0xda, 0xeb, 0x1d, 0xff, 0x29, 0xff,
    0xac, 0x3, 0xf, 0xfc, 0xb3, 0xfe, 0x20, 0xe,
    0x5f, 0xf2, 0xdf, 0xe8, 0x7, 0xdf, 0xe5, 0xcf,
    0xc0, 0xf, 0xbf, 0xcb, 0x7f, 0xa0, 0x1f, 0x7f,
    0x96, 0x3f, 0xc4, 0x1, 0xcb, 0xfe, 0x53, 0xff,
    0x60, 0x6, 0x1f, 0xf9, 0x42, 0xbf, 0xda, 0xeb,
    0x1d, 0xff, 0x28, 0xe, 0x7f, 0xf9, 0xff, 0xca,
    0x1, 0x3e, 0x7f, 0xac, 0xcb, 0xfc, 0xa0,

    /* U+0065 "e" */
    0x0, 0x9b, 0x3f, 0xdb, 0x22, 0x1, 0xb3, 0xff,
    0xdc, 0x60, 0xa, 0xff, 0x41, 0x99, 0xbb, 0xf8,
    0xf, 0xfc, 0xa0, 0x18, 0x7f, 0xcd, 0x1f, 0xa0,
    0x1e, 0xaf, 0xbb, 0x7f, 0xbb, 0xbd, 0xfe, 0xdc,
    0xff, 0xff, 0x6e, 0x7e, 0x0, 0x7f, 0x4f, 0xf8,
    0x40, 0x3f, 0x1f, 0xfa, 0x80, 0x39, 0x8c, 0x1,
    0x7f, 0xec, 0x64, 0x6c, 0xfe, 0x20, 0x1c, 0xff,
    0xfa, 0x80, 0x33, 0x67, 0x7e, 0xd2, 0x0, 0x0,

    /* U+0066 "f" */
    0x0, 0xd1, 0xdf, 0xd0, 0x1, 0x57, 0xfe, 0x70,
    0xb, 0xfd, 0x86, 0x61, 0x0, 0x17, 0xf9, 0x80,
    0x38, 0xbf, 0xca, 0x1, 0x5f, 0xff, 0xc9, 0x7f,
    0xff, 0x20, 0x0, 0xff, 0xca, 0x1, 0xc7, 0xfe,
    0x50, 0xe, 0x3f, 0xf2, 0x80, 0x71, 0xff, 0x94,
    0x3, 0x8f, 0xfc, 0xa0, 0x1c, 0x7f, 0xe5, 0x0,
    0xe3, 0xff, 0x28, 0x7, 0x1f, 0xf9, 0x40, 0x38,
    0xff, 0xca, 0x1, 0xc7, 0xfe, 0x50, 0xe, 0x3f,
    0xf2, 0x80, 0x40,

    /* U+0067 "g" */
    0x0, 0xff, 0x9c, 0x40, 0x30, 0xce, 0xff, 0x52,
    0x57, 0xe0, 0x4, 0x7d, 0xff, 0xf9, 0x40, 0x2d,
    0xfe, 0x51, 0x3c, 0xff, 0x30, 0x4, 0x9f, 0xe5,
    0x0, 0x87, 0xfd, 0x0, 0x12, 0xff, 0x88, 0x3,
    0x6f, 0xd0, 0x4, 0x9f, 0xe5, 0x0, 0x87, 0xfd,
    0x20, 0x1b, 0xbf, 0x90, 0xa, 0xff, 0xc8, 0x1,
    0xa3, 0xff, 0xe9, 0x0, 0xc7, 0xfe, 0xdd, 0x7f,
    0x5a, 0x80, 0x75, 0x7d, 0x0, 0x7f, 0xd3, 0xfe,
    0x83, 0x10, 0xf, 0xc3, 0xbf, 0xfb, 0xb2, 0x50,
    0x3, 0x97, 0xfd, 0xdf, 0xfd, 0x80, 0x15, 0x7e,
    0x88, 0x0, 0xda, 0xff, 0xce, 0x0, 0xff, 0x30,
    0x7, 0xbf, 0xd2, 0x0, 0xcf, 0xd4, 0x0, 0xcd,
    0xfe, 0x60, 0x1, 0x77, 0xfd, 0xdc, 0xff, 0xb0,
    0x3, 0x9a, 0xfb, 0xfd, 0xd6, 0xc0, 0x10,

    /* U+0068 "h" */
    0x3f, 0xf2, 0x80, 0x7e, 0x3f, 0xf2, 0x80, 0x7e,
    0x3f, 0xf2, 0x80, 0x7e, 0x3f, 0xf2, 0x80, 0x7e,
    0x3f, 0xf2, 0x80, 0x7e, 0x3f, 0xf2, 0x95, 0x77,
    0xeb, 0x80, 0xf, 0xfd, 0x3f, 0xfe, 0xb0, 0x3f,
    0xfb, 0x54, 0xdb, 0xbf, 0xca, 0x7f, 0xf0, 0x80,
    0x49, 0xfe, 0x93, 0xff, 0x48, 0x7, 0x7f, 0xac,
    0xff, 0xcc, 0x1, 0xdb, 0xf6, 0x7f, 0xe5, 0x0,
    0xed, 0xfb, 0x3f, 0xf2, 0x80, 0x76, 0xfd, 0x9f,
    0xf9, 0x40, 0x3b, 0x7e, 0xcf, 0xfc, 0xa0, 0x1d,
    0xbf, 0x67, 0xfe, 0x50, 0xe, 0xdf, 0xb3, 0xff,
    0x28, 0x7, 0x6f, 0xd9, 0xff, 0x94, 0x3, 0xb7,
    0xec,

    /* U+0069 "i" */
    0x7f, 0xf3, 0xbb, 0xfc, 0xee, 0xff, 0x38, 0x8,
    0x80, 0x39, 0x3f, 0xc8, 0x8f, 0xf2, 0x23, 0xfc,
    0x88, 0xff, 0x22, 0x3f, 0xc8, 0x8f, 0xf2, 0x23,
    0xfc, 0x88, 0xff, 0x22, 0x3f, 0xc8, 0x8f, 0xf2,
    0x23, 0xfc, 0x88, 0xff, 0x22, 0x3f, 0xc8,

    /* U+006A "j" */
    0x0, 0x37, 0xf9, 0xc0, 0xd, 0xfe, 0x70, 0x3,
    0x7f, 0x9c, 0x2, 0x11, 0x0, 0x7f, 0x27, 0xf9,
    0x0, 0x9, 0xfe, 0x40, 0x2, 0x7f, 0x90, 0x0,
    0x9f, 0xe4, 0x0, 0x27, 0xf9, 0x0, 0x9, 0xfe,
    0x40, 0x2, 0x7f, 0x90, 0x0, 0x9f, 0xe4, 0x0,
    0x27, 0xf9, 0x0, 0x9, 0xfe, 0x40, 0x2, 0x7f,
    0x90, 0x0, 0x9f, 0xe4, 0x0, 0x27, 0xf9, 0x0,
    0x9, 0xfe, 0x40, 0x2, 0x7f, 0x91, 0x5b, 0x3f,
    0xc7, 0x5f, 0xf7, 0x3, 0xf7, 0xe1, 0x80,

    /* U+006B "k" */
    0x3f, 0xf2, 0x80, 0x7f, 0x1f, 0xf9, 0x40, 0x3f,
    0x8f, 0xfc, 0xa0, 0x1f, 0xc7, 0xfe, 0x50, 0xf,
    0xe3, 0xff, 0x28, 0x7, 0xf1, 0xff, 0x94, 0x3,
    0x67, 0xf9, 0x80, 0xff, 0xca, 0x1, 0x67, 0xf9,
    0xc0, 0x7, 0xfe, 0x50, 0x5, 0xff, 0x9c, 0x2,
    0x3f, 0xf2, 0x85, 0x7f, 0xa0, 0x3, 0x1f, 0xf9,
    0x6b, 0xfd, 0x20, 0x1c, 0x7f, 0xee, 0xff, 0xac,
    0x3, 0x8f, 0xff, 0x6f, 0xf9, 0x40, 0x31, 0xff,
    0xd2, 0x3d, 0xfc, 0x20, 0x11, 0xff, 0xb8, 0x0,
    0xbf, 0xe9, 0x0, 0x8f, 0xfc, 0xa0, 0x15, 0xff,
    0x90, 0x0, 0x7f, 0xe5, 0x0, 0x8b, 0xfd, 0xa0,
    0x3, 0xff, 0x28, 0x6, 0x7f, 0xf4, 0x1, 0xff,
    0x94, 0x3, 0xb3, 0xfc, 0x60,

    /* U+006C "l" */
    0x4f, 0xf1, 0x80, 0x13, 0xfc, 0x60, 0x4, 0xff,
    0x18, 0x1, 0x3f, 0xc6, 0x0, 0x4f, 0xf1, 0x80,
    0x13, 0xfc, 0x60, 0x4, 0xff, 0x18, 0x1, 0x3f,
    0xc6, 0x0, 0x4f, 0xf1, 0x80, 0x13, 0xfc, 0x60,
    0x4, 0xff, 0x18, 0x1, 0x3f, 0xc6, 0x0, 0x4f,
    0xf1, 0x80, 0x13, 0xfc, 0x60, 0x4, 0xff, 0x20,
    0x0, 0xff, 0xd6, 0xa4, 0x1d, 0xff, 0x30, 0x1e,
    0x7e, 0x98,

    /* U+006D "m" */
    0x3f, 0xf2, 0x9d, 0xf7, 0xda, 0x0, 0x23, 0x7f,
    0xa4, 0x40, 0x7, 0xfe, 0x9f, 0xff, 0x2e, 0x7f,
    0xf6, 0x80, 0xf, 0xfe, 0x91, 0x6, 0xff, 0xce,
    0x0, 0x8f, 0xf3, 0x81, 0xff, 0xc0, 0x1a, 0xff,
    0xda, 0x1, 0xb7, 0xf0, 0xf, 0xfd, 0x0, 0x19,
    0xff, 0xca, 0x1, 0xa7, 0xfc, 0x7, 0xfe, 0x60,
    0xc, 0xbf, 0xe3, 0x0, 0xd1, 0xfe, 0x3, 0xff,
    0x28, 0x6, 0x5f, 0xf1, 0x80, 0x68, 0xff, 0x1,
    0xff, 0x94, 0x3, 0x2f, 0xf8, 0xc0, 0x34, 0x7f,
    0x80, 0xff, 0xca, 0x1, 0x97, 0xfc, 0x60, 0x1a,
    0x3f, 0xc0, 0x7f, 0xe5, 0x0, 0xcb, 0xfe, 0x30,
    0xd, 0x1f, 0xe0, 0x3f, 0xf2, 0x80, 0x65, 0xff,
    0x18, 0x6, 0x8f, 0xf0, 0x1f, 0xf9, 0x40, 0x32,
    0xff, 0x8c, 0x3, 0x47, 0xf8, 0xf, 0xfc, 0xa0,
    0x19, 0x7f, 0xc6, 0x1, 0xa3, 0xfc, 0x0,

    /* U+006E "n" */
    0x3f, 0xf2, 0x9d, 0xf7, 0xeb, 0x80, 0xf, 0xfd,
    0x5f, 0xfe, 0xb0, 0x3f, 0xfa, 0xc8, 0xb, 0x3f,
    0xca, 0x7f, 0xee, 0x0, 0xc5, 0xfe, 0x93, 0xff,
    0x48, 0x7, 0x77, 0xd9, 0xff, 0x98, 0x3, 0xb7,
    0xec, 0xff, 0xca, 0x1, 0xdb, 0xf6, 0x7f, 0xe5,
    0x0, 0xed, 0xfb, 0x3f, 0xf2, 0x80, 0x76, 0xfd,
    0x9f, 0xf9, 0x40, 0x3b, 0x7e, 0xcf, 0xfc, 0xa0,
    0x1d, 0xbf, 0x67, 0xfe, 0x50, 0xe, 0xdf, 0xb3,
    0xff, 0x28, 0x7, 0x6f, 0xd8,

    /* U+006F "o" */
    0x0, 0x92, 0xbb, 0xf6, 0x8c, 0x3, 0xa7, 0xff,
    0xe8, 0x0, 0xa3, 0xfd, 0x8a, 0x8b, 0x9f, 0xe7,
    0x2, 0xff, 0x50, 0x7, 0x5f, 0xf8, 0x63, 0xfc,
    0x20, 0x1c, 0x5f, 0xe7, 0xbf, 0xd0, 0xf, 0xb7,
    0xeb, 0x3e, 0xc0, 0x3e, 0xcf, 0xcb, 0xfd, 0x0,
    0xfb, 0x7e, 0xa3, 0xfc, 0x20, 0x1c, 0x5f, 0xe7,
    0x2f, 0xf5, 0x80, 0x75, 0xff, 0x84, 0x23, 0xfd,
    0x8c, 0x8d, 0xbf, 0xe7, 0x0, 0xa7, 0xff, 0xe8,
    0x0, 0xe4, 0xae, 0xfe, 0xa3, 0x0, 0x80,

    /* U+0070 "p" */
    0x3f, 0xf2, 0x9d, 0xf7, 0xeb, 0x88, 0x0, 0xff,
    0xd5, 0xff, 0xed, 0x20, 0x3f, 0xfb, 0x54, 0x8e,
    0x7f, 0xd8, 0x7, 0xff, 0x8, 0x6, 0x8f, 0xf2,
    0x9f, 0xf9, 0x80, 0x3d, 0xdf, 0x67, 0xfe, 0x20,
    0xf, 0x57, 0xe9, 0xff, 0x84, 0x3, 0xd3, 0xfe,
    0x3f, 0xf1, 0x80, 0x7a, 0xff, 0x4f, 0xfd, 0x0,
    0x1c, 0x3f, 0xeb, 0x3f, 0xf8, 0x80, 0x35, 0x7f,
    0x94, 0xff, 0xf4, 0x2b, 0x67, 0xfb, 0x0, 0xff,
    0xd3, 0xff, 0xed, 0x20, 0x3f, 0xf2, 0x95, 0x77,
    0xec, 0x8, 0x0, 0xff, 0xca, 0x1, 0xfc, 0x7f,
    0xe5, 0x0, 0xfe, 0x3f, 0xf2, 0x80, 0x7f, 0x1f,
    0xf9, 0x40, 0x3f, 0x8f, 0xfc, 0xa0, 0x1f, 0xc0,

    /* U+0071 "q" */
    0x0, 0x9b, 0x3f, 0xd6, 0x85, 0xfe, 0x50, 0x1c,
    0xff, 0xf4, 0xff, 0x94, 0x2b, 0xfd, 0xae, 0xb1,
    0xdf, 0xf2, 0x9f, 0xfb, 0x0, 0x30, 0xff, 0xcb,
    0x1f, 0xe2, 0x0, 0xe5, 0xff, 0x2d, 0xfe, 0x80,
    0x7d, 0xfe, 0x5c, 0xfc, 0x0, 0xfb, 0xfc, 0xb7,
    0xfa, 0x1, 0xf7, 0xf9, 0x67, 0xfc, 0x40, 0x1c,
    0xbf, 0xe5, 0x3f, 0xf5, 0x80, 0x61, 0xff, 0x94,
    0x2b, 0xfd, 0xae, 0xb1, 0xdf, 0xf2, 0x80, 0xe7,
    0xff, 0xa3, 0xfc, 0xa0, 0x13, 0x67, 0xfa, 0xd0,
    0xbf, 0xca, 0x1, 0xfc, 0x5f, 0xe5, 0x0, 0xfe,
    0x2f, 0xf2, 0x80, 0x7f, 0x17, 0xf9, 0x40, 0x3f,
    0x8b, 0xfc, 0xa0, 0x1f, 0xc5, 0xfe, 0x50,

    /* U+0072 "r" */
    0x3f, 0xf2, 0x95, 0x7f, 0xb0, 0x4f, 0xfd, 0x3f,
    0xfa, 0x80, 0xff, 0xee, 0x75, 0x72, 0x3, 0xff,
    0x88, 0x3, 0x8f, 0xfd, 0x20, 0x1e, 0x3f, 0xf3,
    0x0, 0x78, 0xff, 0xca, 0x1, 0xe3, 0xff, 0x28,
    0x7, 0x8f, 0xfc, 0xa0, 0x1e, 0x3f, 0xf2, 0x80,
    0x78, 0xff, 0xca, 0x1, 0xe3, 0xff, 0x28, 0x7,
    0x8f, 0xfc, 0xa0, 0x1e,

    /* U+0073 "s" */
    0x0, 0x9f, 0x3b, 0xf1, 0xc0, 0x3b, 0x7f, 0xfd,
    0x80, 0x13, 0xff, 0x94, 0x0, 0xbd, 0xe8, 0x0,
    0x9f, 0xc0, 0xc, 0x46, 0x1, 0x3f, 0xfa, 0x48,
    0x3, 0xf6, 0x7f, 0xdd, 0x48, 0x1, 0xe7, 0xdf,
    0xfd, 0xa2, 0x1, 0xe2, 0x7d, 0xff, 0x58, 0x7,
    0xf5, 0x7f, 0x80, 0xb, 0xa4, 0x1, 0xa3, 0xfc,
    0x3, 0xfe, 0xe7, 0x22, 0x37, 0xfa, 0xc0, 0x7,
    0xdf, 0xfe, 0xe2, 0x0, 0x86, 0x37, 0xfd, 0xb0,
    0x20, 0x0,

    /* U+0074 "t" */
    0x0, 0xc6, 0x60, 0xf, 0x57, 0xb0, 0x7, 0x1f,
    0xf9, 0x80, 0x38, 0xff, 0xcc, 0x1, 0xc7, 0xfe,
    0x60, 0xa, 0xff, 0xfe, 0x4b, 0xff, 0xf9, 0x0,
    0x7, 0xfe, 0x60, 0xe, 0x3f, 0xf3, 0x0, 0x71,
    0xff, 0x98, 0x3, 0x8f, 0xfc, 0xc0, 0x1c, 0x7f,
    0xe6, 0x0, 0xe3, 0xff, 0x30, 0x7, 0x1f, 0xf9,
    0x80, 0x38, 0xbf, 0xce, 0x1, 0xef, 0xf6, 0x91,
    0x4, 0x2, 0xaf, 0xfc, 0x80, 0x1a, 0x7b, 0xf4,
    0xc0,

    /* U+0075 "u" */
    0x6f, 0xf1, 0x0, 0x77, 0xfa, 0x5b, 0xfc, 0x40,
    0x1d, 0xfe, 0x96, 0xff, 0x10, 0x7, 0x7f, 0xa5,
    0xbf, 0xc4, 0x1, 0xdf, 0xe9, 0x6f, 0xf1, 0x0,
    0x77, 0xfa, 0x5b, 0xfc, 0x40, 0x1d, 0xfe, 0x96,
    0xff, 0x10, 0x7, 0x7f, 0xa5, 0xbf, 0xc4, 0x1,
    0x87, 0xfd, 0x2b, 0xfe, 0x40, 0xc, 0x9f, 0xe9,
    0x3f, 0xf4, 0x80, 0x6b, 0xff, 0x48, 0x77, 0xfa,
    0x51, 0x6f, 0xfe, 0x90, 0x5f, 0xff, 0x57, 0xfa,
    0x40, 0x9, 0x7d, 0xf8, 0xc1, 0xfe, 0x90,

    /* U+0076 "v" */
    0x4f, 0xf4, 0x0, 0x7b, 0x7f, 0x80, 0x1b, 0xfa,
    0x1, 0xc7, 0xfe, 0x80, 0x3, 0xff, 0x8c, 0x3,
    0x4f, 0xf8, 0x40, 0x3, 0xfe, 0x90, 0xd, 0xdf,
    0x60, 0x1a, 0xbf, 0x80, 0x24, 0xff, 0x20, 0x6,
    0x4f, 0xf2, 0x0, 0x2b, 0xf8, 0x3, 0xdb, 0xf4,
    0x3, 0xfe, 0x80, 0xf, 0x3f, 0xf8, 0x5b, 0xfc,
    0x20, 0x1e, 0x1f, 0xf3, 0x67, 0xd8, 0x7, 0xea,
    0xfd, 0xff, 0x20, 0x7, 0xe3, 0xff, 0xb8, 0x3,
    0xfd, 0xbf, 0xe8, 0x0, 0xff, 0x3f, 0xf8, 0x40,
    0x38,

    /* U+0077 "w" */
    0x3f, 0xf3, 0x80, 0x68, 0xff, 0x0, 0x77, 0xfa,
    0xc3, 0xbf, 0x0, 0x36, 0xff, 0x94, 0x2, 0x4f,
    0xf3, 0x4, 0xff, 0x80, 0x22, 0xff, 0xa8, 0x2,
    0x8f, 0xf0, 0x82, 0x7f, 0x90, 0x0, 0xff, 0xf7,
    0x0, 0x5b, 0xf8, 0x1, 0x7f, 0xa4, 0x1, 0x9f,
    0x1f, 0xe4, 0x1, 0xff, 0x40, 0x5, 0x7f, 0xa0,
    0x3f, 0xe2, 0xaf, 0x90, 0x5f, 0xf1, 0x80, 0x4d,
    0xfe, 0x16, 0xfd, 0x5, 0xfe, 0xa, 0xfe, 0x0,
    0xc5, 0xfe, 0x5b, 0xf8, 0x1, 0xff, 0x1f, 0x7c,
    0x80, 0x76, 0xfd, 0xff, 0x8c, 0x1, 0x7f, 0x7f,
    0xe4, 0x0, 0xe8, 0xff, 0xb8, 0x2, 0x6f, 0xfc,
    0x1, 0xe3, 0xff, 0xa4, 0x2, 0x1f, 0xfa, 0xc0,
    0x3e, 0xef, 0xf2, 0x0, 0x6c, 0xff, 0x30, 0x7,
    0xd5, 0xfe, 0x0, 0xe8, 0xff, 0x8, 0x4,

    /* U+0078 "x" */
    0x1e, 0xff, 0x8, 0x6, 0x4f, 0xf5, 0x80, 0x13,
    0xfd, 0x60, 0x10, 0xf7, 0xf0, 0x80, 0x53, 0xfe,
    0x60, 0x5, 0x7f, 0x90, 0x3, 0xb7, 0xfc, 0x2b,
    0xfe, 0x90, 0xf, 0x1f, 0xfa, 0xfb, 0xf4, 0x3,
    0xf3, 0xff, 0xe3, 0x0, 0xfe, 0xff, 0xa8, 0x3,
    0xfa, 0x3f, 0xf1, 0x80, 0x7c, 0x7f, 0xeb, 0xef,
    0xd0, 0xf, 0xb7, 0xf8, 0x57, 0xfd, 0x40, 0x1d,
    0x3f, 0xe5, 0x0, 0x57, 0xf9, 0x40, 0x24, 0xff,
    0x50, 0x4, 0x3d, 0xfc, 0x20, 0x3d, 0xfc, 0x20,
    0x19, 0x7f, 0xd6, 0x0,

    /* U+0079 "y" */
    0x4f, 0xf4, 0x0, 0x7b, 0x7f, 0x80, 0x1b, 0xfa,
    0x1, 0xc7, 0xfe, 0x70, 0x3, 0xff, 0x8c, 0x3,
    0x4f, 0xf8, 0x40, 0x3, 0xfe, 0x90, 0xd, 0xdf,
    0x40, 0x1a, 0xbf, 0xc0, 0x12, 0xff, 0x90, 0x3,
    0x1f, 0xf9, 0x40, 0x17, 0xfa, 0x1, 0xec, 0xfb,
    0x1, 0xff, 0x38, 0x7, 0x9b, 0xfc, 0x2f, 0xfe,
    0x10, 0xf, 0xbf, 0xcf, 0xbf, 0x40, 0x1f, 0xa7,
    0xfb, 0xfc, 0x60, 0x1f, 0x8b, 0xfe, 0xd0, 0xf,
    0xf6, 0x7f, 0x98, 0x3, 0xfd, 0x9f, 0xe0, 0xf,
    0xf1, 0x7f, 0xa4, 0x3, 0xfd, 0x3f, 0xe2, 0x0,
    0xff, 0x7f, 0xb0, 0x3, 0xfc, 0xdf, 0xe5, 0x0,
    0xff, 0x6f, 0xf0, 0x7, 0xe0,

    /* U+007A "z" */
    0xb, 0xff, 0xfe, 0x30, 0xbf, 0xff, 0xe3, 0x0,
    0x8, 0xf1, 0xff, 0xac, 0x3, 0xe1, 0xdf, 0xd0,
    0xf, 0xd7, 0xfe, 0x20, 0xf, 0xa3, 0xfc, 0xa0,
    0x1f, 0x2f, 0xfa, 0x40, 0x3e, 0x2f, 0xf6, 0x0,
    0x7e, 0xdf, 0xe1, 0x0, 0xfa, 0xbf, 0xc8, 0x1,
    0xf3, 0xff, 0xa0, 0x47, 0xc0, 0xf, 0xff, 0xf1,
    0x8f, 0xff, 0xf8, 0xc0,

    /* U+007B "{" */
    0x0, 0x9a, 0x69, 0x0, 0x13, 0xff, 0x30, 0x3,
    0xfc, 0xc0, 0x11, 0x7f, 0x80, 0x31, 0xff, 0x80,
    0x31, 0xff, 0x80, 0x31, 0xff, 0x80, 0x31, 0xff,
    0x80, 0x31, 0xff, 0x80, 0x31, 0xff, 0x80, 0x31,
    0xff, 0x80, 0x34, 0xfe, 0x0, 0x57, 0xfc, 0x40,
    0x16, 0xfd, 0x0, 0x62, 0xcf, 0x90, 0xc, 0x9f,
    0xc0, 0x18, 0xff, 0xc0, 0x18, 0xff, 0xc0, 0x18,
    0xff, 0xc0, 0x18, 0xff, 0xc0, 0x18, 0xff, 0xc0,
    0x18, 0xff, 0xc0, 0x18, 0xff, 0xc0, 0x18, 0x7f,
    0xc4, 0x1, 0xb3, 0xfa, 0x90, 0x0, 0x57, 0xfe,
    0x60,

    /* U+007C "|" */
    0x9f, 0x69, 0xf6, 0x9f, 0x69, 0xf6, 0x9f, 0x69,
    0xf6, 0x9f, 0x69, 0xf6, 0x9f, 0x69, 0xf6, 0x9f,
    0x69, 0xf6, 0x9f, 0x69, 0xf6, 0x9f, 0x69, 0xf6,
    0x9f, 0x69, 0xf6, 0x9f, 0x69, 0xf6, 0x9f, 0x69,
    0xf6, 0x9f, 0x69, 0xf6, 0x9f, 0x69, 0xf6,

    /* U+007D "}" */
    0x8a, 0x83, 0x0, 0xb3, 0xfe, 0x30, 0x8, 0x73,
    0xe8, 0x3, 0x37, 0xe0, 0x6, 0x6f, 0xd0, 0xc,
    0xdf, 0xa0, 0x19, 0xbf, 0x40, 0x33, 0x7e, 0x80,
    0x66, 0xfd, 0x0, 0xcd, 0xfa, 0x1, 0x97, 0xf4,
    0x3, 0x17, 0xf8, 0xc0, 0x33, 0xff, 0x94, 0x2,
    0x3d, 0xf6, 0x0, 0xf, 0xfa, 0x4, 0x0, 0x9f,
    0xc0, 0x19, 0x7f, 0x40, 0x33, 0x7e, 0x80, 0x66,
    0xfd, 0x0, 0xcd, 0xfa, 0x1, 0x9b, 0xf4, 0x3,
    0x37, 0xe8, 0x6, 0x6f, 0xc0, 0xd, 0x3f, 0x60,
    0x8, 0xbf, 0xf3, 0x0, 0x33, 0xfa, 0x0, 0x20,

    /* U+007E "~" */
    0x0, 0x3e, 0x61, 0xc0, 0x33, 0x30, 0x23, 0xff,
    0x48, 0x0, 0xbf, 0x47, 0xfc, 0x65, 0xbe, 0xc1,
    0x1f, 0x29, 0xf8, 0x0, 0x2f, 0xf6, 0xff, 0x88,
    0x50, 0xc0, 0x23, 0xdf, 0xd4, 0x0,

    /* U+00A0 " " */

    /* U+00A1 "¡" */
    0x4f, 0xf5, 0x27, 0xfa, 0x93, 0xfd, 0x40, 0x44,
    0x10, 0xe, 0x9c, 0x10, 0xdf, 0x20, 0xdf, 0x30,
    0xef, 0x30, 0xef, 0x30, 0xff, 0x20, 0x7f, 0x90,
    0x3f, 0xc8, 0x1f, 0xe5, 0xf, 0xf2, 0x87, 0xf9,
    0x47, 0xfc, 0xc3, 0xfe, 0x60,

    /* U+00A2 "¢" */
    0x0, 0xe4, 0xf8, 0x0, 0xff, 0x27, 0xc0, 0x7,
    0xf9, 0x3e, 0x0, 0x3f, 0xc, 0xff, 0xd6, 0x80,
    0x1c, 0x9f, 0xff, 0x48, 0x4, 0x5f, 0xee, 0x73,
    0x5b, 0xff, 0x38, 0x2, 0xbf, 0xc4, 0x1, 0xaf,
    0xec, 0x1, 0xfe, 0x90, 0xe, 0x22, 0x0, 0xf,
    0xfc, 0xa0, 0x1f, 0xc9, 0xfe, 0x40, 0xf, 0xe3,
    0xff, 0x28, 0x7, 0xfb, 0xfd, 0x20, 0x1c, 0x46,
    0x1, 0x57, 0xf8, 0xc0, 0x35, 0xfe, 0x0, 0xb,
    0xfd, 0xce, 0x8b, 0x7f, 0xe7, 0x0, 0x93, 0xff,
    0xe9, 0x0, 0xe2, 0x9f, 0xfa, 0xd4, 0x3, 0xf2,
    0x7c, 0x0, 0x7f, 0x93, 0xe0, 0x3, 0xfc, 0x50,
    0x80, 0x1c,

    /* U+00A3 "£" */
    0x0, 0xc9, 0x7d, 0xfd, 0x22, 0x1, 0xd1, 0xff,
    0xf1, 0x80, 0x49, 0xfe, 0xa4, 0x25, 0xdf, 0xe0,
    0xa, 0xfe, 0x80, 0x30, 0xef, 0xa8, 0x3, 0xbc,
    0xc0, 0x38, 0xc8, 0x2, 0xef, 0x20, 0xf, 0xf6,
    0x7a, 0x80, 0x7e, 0x12, 0xaf, 0xa2, 0x2e, 0x0,
    0xab, 0xff, 0xf8, 0x2, 0xaf, 0xff, 0xe0, 0xf,
    0x6f, 0xa0, 0x7, 0xfa, 0x7e, 0x0, 0x3f, 0xd1,
    0xf2, 0x1, 0xfe, 0xdf, 0x70, 0xf, 0xea, 0xfd,
    0x0, 0xfc, 0xbd, 0xfa, 0x84, 0x5f, 0xe, 0x7f,
    0xff, 0xd1, 0x9f, 0xff, 0xf4, 0x0,

    /* U+00A4 "¤" */
    0x1, 0x10, 0x7, 0xe1, 0x10, 0xe, 0xe8, 0x5b,
    0x3f, 0xd8, 0xc3, 0x9a, 0x22, 0xdf, 0xff, 0xf6,
    0x8, 0xf, 0xfb, 0xc, 0x0, 0x79, 0xfe, 0x10,
    0x3, 0x7e, 0x0, 0x7b, 0x3d, 0xc0, 0x19, 0xe8,
    0x1, 0xe3, 0xfc, 0x0, 0x77, 0x80, 0x7e, 0xff,
    0x0, 0x3b, 0xc0, 0x3f, 0x7f, 0x80, 0x19, 0xe6,
    0x1, 0xe4, 0xfc, 0x0, 0x37, 0xe0, 0x7, 0xb7,
    0xd8, 0x0, 0x3f, 0xec, 0x30, 0x1, 0xe7, 0xf8,
    0x40, 0x77, 0xff, 0xfd, 0xa2, 0x2d, 0xc1, 0x5c,
    0xff, 0x63, 0xe, 0x68, 0x80, 0x80, 0x7f, 0x8,
    0x80,

    /* U+00A5 "¥" */
    0xaf, 0xf1, 0x0, 0x7d, 0x1f, 0xe4, 0x2f, 0xf5,
    0x0, 0x78, 0x7f, 0xd8, 0x0, 0x9f, 0xf1, 0x80,
    0x74, 0xff, 0x8c, 0x0, 0x3f, 0xeb, 0x0, 0xc5,
    0xfe, 0xb0, 0xd, 0x1f, 0xe3, 0x0, 0xab, 0xfc,
    0x40, 0x1d, 0xdf, 0x60, 0x2, 0xff, 0x50, 0x7,
    0x9f, 0xfc, 0x81, 0x5f, 0xe2, 0x0, 0xfb, 0xbf,
    0xf, 0xfd, 0x20, 0x1f, 0x9b, 0xfd, 0xdf, 0xe1,
    0x0, 0xe5, 0xff, 0xff, 0x80, 0x25, 0xff, 0xff,
    0x80, 0x30, 0x8e, 0xff, 0x50, 0x8e, 0x0, 0xfd,
    0xfe, 0xa0, 0xf, 0x97, 0xff, 0xfe, 0x0, 0x97,
    0xff, 0xfe, 0x0, 0xfd, 0xfe, 0xa0, 0xf, 0xfe,
    0x7, 0xfa, 0x80, 0x3f, 0xf8, 0x1f, 0xea, 0x0,
    0xf0,

    /* U+00A6 "¦" */
    0x9f, 0x69, 0xf6, 0x9f, 0x69, 0xf6, 0x9f, 0x69,
    0xf6, 0x9f, 0x69, 0xf6, 0x9f, 0x69, 0xf6, 0x7c,
    0x40, 0xf, 0xfe, 0x2, 0xc9, 0xcf, 0xb4, 0xfb,
    0x4f, 0xb4, 0xfb, 0x4f, 0xb4, 0xfb, 0x4f, 0xb4,
    0xfb, 0x4f, 0xb4, 0xfb, 0x0,

    /* U+00A7 "§" */
    0x0, 0x86, 0x77, 0xfb, 0x18, 0x3, 0x93, 0xff,
    0xec, 0x10, 0x0, 0xff, 0xd2, 0xcf, 0xbf, 0xeb,
    0x0, 0x3f, 0xf9, 0x40, 0x35, 0xf3, 0x0, 0x2b,
    0xfc, 0x1, 0xc2, 0x20, 0xa, 0x7f, 0xc6, 0x1,
    0xfc, 0xbf, 0xee, 0x50, 0xf, 0xdb, 0xff, 0xb5,
    0xc4, 0x3, 0x37, 0xfa, 0xbb, 0xff, 0x50, 0x80,
    0x2b, 0xfc, 0x0, 0x6c, 0xff, 0xcc, 0x15, 0xfe,
    0x0, 0xc7, 0x7f, 0xf2, 0x3f, 0xfa, 0x0, 0x39,
    0xbf, 0xd8, 0x3d, 0xfe, 0xa1, 0x0, 0xdb, 0xfc,
    0x7, 0xdf, 0xf5, 0xa0, 0x2, 0xff, 0x80, 0x28,
    0xef, 0xfb, 0x5b, 0xfd, 0x40, 0x1c, 0xb9, 0xff,
    0xc4, 0x1, 0xf1, 0xe7, 0xfa, 0x40, 0x3f, 0xdd,
    0xfa, 0x1, 0x84, 0x3, 0xaf, 0xf8, 0x0, 0x9b,
    0xc2, 0x1, 0x17, 0xfb, 0x0, 0xf, 0xfe, 0xe8,
    0x68, 0xef, 0xf2, 0x80, 0x53, 0xff, 0xf4, 0x0,
    0x72, 0x57, 0x7f, 0x52, 0x0, 0x40,

    /* U+00A8 "¨" */
    0x11, 0x80, 0x2, 0x36, 0xff, 0x84, 0x3b, 0xfd,
    0xbf, 0xe1, 0xe, 0xff, 0x6f, 0xf8, 0x43, 0xbf,
    0xc0,

    /* U+00A9 "©" */
    0x0, 0xff, 0xe6, 0xb5, 0xf7, 0xf6, 0x41, 0x0,
    0x7f, 0x37, 0x6c, 0x29, 0xa3, 0xe7, 0xc8, 0x7,
    0xd5, 0xec, 0x1, 0xf1, 0xee, 0x84, 0x3, 0x47,
    0x10, 0x1, 0xb3, 0xb2, 0x4, 0x1, 0x78, 0x1,
    0x1f, 0x98, 0x2, 0xff, 0xfb, 0x88, 0x1, 0xb0,
    0x0, 0xc9, 0x0, 0x3f, 0xf2, 0x1, 0x67, 0xe8,
    0x1, 0x3c, 0x4b, 0xc8, 0x1, 0xfe, 0x40, 0x8,
    0x7a, 0x44, 0x1, 0xac, 0xce, 0x0, 0x27, 0xf0,
    0x7, 0xfa, 0x69, 0xf0, 0x0, 0xdf, 0x60, 0x1f,
    0xe7, 0xc8, 0xb0, 0x3, 0x7d, 0x80, 0x7f, 0x9b,
    0x1b, 0x40, 0x9, 0xfa, 0x1, 0xfe, 0x8b, 0x2f,
    0x10, 0x7, 0xf9, 0x0, 0x37, 0x48, 0x5, 0xae,
    0x1b, 0x0, 0x8, 0xfe, 0x40, 0x2c, 0xfb, 0x0,
    0x1f, 0x90, 0x2f, 0x90, 0x2, 0xff, 0xfb, 0x88,
    0x1, 0x94, 0x1, 0x5e, 0x88, 0x1, 0xb3, 0xb2,
    0x4, 0x1, 0x3c, 0x20, 0x1b, 0x38, 0xc0, 0x3e,
    0x1b, 0xe3, 0x0, 0xf4, 0xfd, 0xa9, 0x0, 0xa4,
    0xfe, 0x10, 0x7, 0xe3, 0xae, 0xff, 0xd6, 0xa0,
    0x1f, 0xfc, 0x11, 0x22, 0x0, 0x7e,

    /* U+00AA "ª" */
    0x0, 0xfe, 0x2b, 0xff, 0x73, 0x1, 0x76, 0xb2,
    0xd7, 0xa8, 0xc8, 0x80, 0x59, 0x80, 0xc, 0x22,
    0x9e, 0x8, 0xef, 0xfe, 0x7f, 0x94, 0x4a, 0xfe,
    0xf8, 0x3, 0x6f, 0xc7, 0xb9, 0x1d, 0xff, 0x82,
    0xff, 0xea, 0x7f, 0x0, 0x12, 0x10, 0x0, 0x40,

    /* U+00AB "«" */
    0x0, 0xe2, 0x10, 0xc, 0x24, 0x1, 0x8f, 0x8c,
    0x2, 0x2e, 0x50, 0x9, 0xbf, 0xc6, 0x0, 0x4f,
    0xf2, 0x80, 0x23, 0xfd, 0x20, 0x7, 0xff, 0x50,
    0x2, 0xff, 0xca, 0x0, 0xaf, 0xf3, 0x80, 0x27,
    0xfc, 0xc0, 0x8, 0xff, 0x40, 0x6, 0xaf, 0xf3,
    0x80, 0x23, 0xfd, 0x0, 0x19, 0xff, 0xd4, 0x0,
    0x6f, 0xf6, 0x8, 0x4, 0xbf, 0xe3, 0x0, 0x27,
    0x7a, 0x80, 0x63, 0xe3, 0x0, 0x8b, 0x54, 0x3,
    0x84, 0x40, 0x1c, 0x40,

    /* U+00AC "¬" */
    0x3f, 0xff, 0xf9, 0xd3, 0xff, 0xfe, 0x70, 0xf,
    0xf4, 0xfb, 0x80, 0x7f, 0xa7, 0xdc, 0x3, 0xfd,
    0x3e, 0xe0, 0x1f, 0xe9, 0xf7, 0x0, 0xff, 0x4f,
    0xb8,

    /* U+00AD "­" */
    0xde, 0xee, 0x6f, 0xff, 0x38,

    /* U+00AE "®" */
    0x0, 0x85, 0xf3, 0xb9, 0x90, 0x20, 0x1c, 0x9d,
    0x8c, 0x66, 0x5b, 0xf5, 0x0, 0x8f, 0xdc, 0x3,
    0xcb, 0xe8, 0x0, 0xd8, 0x0, 0x77, 0x56, 0x40,
    0xdc, 0x9, 0xc0, 0x17, 0xa1, 0x4d, 0x80, 0x35,
    0x9e, 0x80, 0x2f, 0x20, 0x7c, 0x0, 0x44, 0xcc,
    0x1, 0x7f, 0x7e, 0x98, 0x1, 0xee, 0x28, 0x2,
    0xf3, 0xa8, 0x0, 0xa2, 0x57, 0x80, 0x2f, 0x21,
    0xf2, 0x0, 0x63, 0x87, 0x30, 0x3, 0xc8, 0x22,
    0xc1, 0x3c, 0x41, 0x7d, 0x1, 0x0, 0x23, 0x37,
    0x38, 0x4, 0xff, 0x26, 0x20, 0x71, 0xf2, 0x1,
    0xc7, 0x5f, 0xfa, 0xd0, 0x3, 0xf8, 0x88, 0x1,
    0xe0,

    /* U+00AF "¯" */
    0x68, 0x8f, 0x16, 0xff, 0xf9, 0x0,

    /* U+00B0 "°" */
    0x0, 0x14, 0xdc, 0x8, 0x4, 0x9f, 0xfb, 0x88,
    0x1, 0xde, 0xa0, 0xdf, 0x80, 0x7f, 0x20, 0x15,
    0x78, 0x9f, 0xc0, 0x5, 0x3e, 0x21, 0xfc, 0x20,
    0x5f, 0xc0, 0x7, 0xff, 0x67, 0xf9, 0x40, 0x26,
    0xdf, 0xc5, 0x0, 0x0,

    /* U+00B1 "±" */
    0x0, 0xf2, 0xb9, 0x0, 0x7f, 0xd7, 0xe8, 0x1,
    0xff, 0x5f, 0xa0, 0x7, 0xfd, 0x7e, 0x80, 0x1f,
    0xf5, 0xfa, 0x0, 0x71, 0x7f, 0xff, 0xf0, 0x2c,
    0xbf, 0xff, 0xf8, 0x16, 0x1, 0xeb, 0xf4, 0x0,
    0xff, 0xaf, 0xd0, 0x3, 0xfe, 0xbf, 0x40, 0xf,
    0xfa, 0xfd, 0x0, 0x3f, 0xfa, 0xa5, 0xff, 0xff,
    0xc0, 0xb2, 0xff, 0xff, 0xe0, 0x58,

    /* U+00B2 "²" */
    0x0, 0x36, 0xfe, 0xa8, 0x4, 0xdf, 0x9, 0x3e,
    0x80, 0xe, 0x90, 0xb, 0x28, 0x1, 0xa8, 0x1,
    0x55, 0x80, 0x7d, 0xb2, 0x1, 0xe6, 0xf2, 0x0,
    0xe4, 0xf7, 0x0, 0xe6, 0xf8, 0x0, 0xe9, 0xf6,
    0x0, 0xc7, 0xbe, 0xc8, 0x98, 0x67, 0xff, 0xe5,

    /* U+00B3 "³" */
    0x0, 0x47, 0x7e, 0x18, 0x5, 0x3e, 0xeb, 0x7e,
    0x40, 0xf, 0x60, 0xb, 0xdc, 0x0, 0x82, 0x1,
    0x6b, 0x0, 0x70, 0xb7, 0x8, 0x6, 0x4f, 0xf3,
    0x0, 0x7c, 0x7b, 0x0, 0x46, 0x1, 0x93, 0xc2,
    0x38, 0x3, 0x37, 0x81, 0x7e, 0x32, 0xc7, 0xc8,
    0x0, 0xab, 0xbf, 0x5c, 0x0,

    /* U+00B4 "´" */
    0x0, 0xb, 0xc2, 0x0, 0x33, 0xe8, 0x1, 0x3f,
    0x40, 0x6, 0xf9, 0x0, 0x80,

    /* U+00B5 "µ" */
    0x6f, 0xf1, 0x0, 0x77, 0xfa, 0x5b, 0xfc, 0x40,
    0x1d, 0xfe, 0x96, 0xff, 0x10, 0x7, 0x7f, 0xa5,
    0xbf, 0xc4, 0x1, 0xdf, 0xe9, 0x6f, 0xf1, 0x0,
    0x77, 0xfa, 0x5b, 0xfc, 0x40, 0x1d, 0xfe, 0x96,
    0xff, 0x10, 0x7, 0x7f, 0xa5, 0xbf, 0xc4, 0x1,
    0x87, 0xfd, 0x2d, 0xfe, 0x40, 0xc, 0x9f, 0xe9,
    0x6f, 0xf4, 0x0, 0x6a, 0xff, 0x4b, 0x7f, 0xca,
    0x2, 0xff, 0xf4, 0xb7, 0xff, 0xd7, 0xfe, 0x96,
    0xff, 0x4f, 0x7e, 0xb8, 0x7f, 0xa5, 0xbf, 0xc4,
    0x1, 0xf9, 0xbf, 0xc4, 0x1, 0xf9, 0xbf, 0xc4,
    0x1, 0xf9, 0xbf, 0xc4, 0x1, 0xfc, 0x22, 0x0,
    0xfe,

    /* U+00B6 "¶" */
    0x0, 0xc, 0x6f, 0xf9, 0xc0, 0x17, 0x60, 0x3e,
    0xff, 0xce, 0x0, 0xbb, 0xf, 0xff, 0x9c, 0x1,
    0x76, 0x8f, 0xff, 0x38, 0x2, 0xed, 0x9f, 0xfe,
    0x70, 0x5, 0xdb, 0x3f, 0xfc, 0xe0, 0xb, 0xb4,
    0xff, 0xf9, 0xc0, 0x17, 0x62, 0xff, 0xf3, 0x80,
    0x2e, 0xc0, 0xbf, 0xfc, 0xe0, 0xb, 0xb0, 0x0,
    0xab, 0xbf, 0xce, 0x0, 0xbb, 0x0, 0x70, 0xfb,
    0x80, 0x2e, 0xc0, 0x1e, 0xf7, 0x0, 0x5d, 0x80,
    0x3d, 0xee, 0x0, 0xbb, 0x0, 0x7b, 0xdc, 0x1,
    0x76, 0x0, 0xf7, 0xb8, 0x2, 0xec, 0x1, 0xef,
    0x70, 0x5, 0xd8, 0x3, 0xde, 0xe0, 0xb, 0xb0,
    0x7, 0xbd, 0xc0, 0x17, 0x60, 0xf, 0x7b, 0x80,
    0x2e, 0xc0, 0x1e, 0xf7, 0x0, 0x5d, 0x80, 0x3d,
    0xee, 0x0, 0xbb, 0x0, 0x78, 0xc4, 0x0, 0x44,

    /* U+00B7 "·" */
    0x2, 0x20, 0xaf, 0xf9, 0xd7, 0xfc, 0xeb, 0xfe,
    0x70,

    /* U+00B8 "¸" */
    0x0, 0x32, 0x80, 0x49, 0xe4, 0x1, 0x6f, 0xf3,
    0x0, 0x43, 0x3e, 0x80, 0x10, 0xfb, 0xb6, 0x23,
    0xfa, 0x1f, 0xfd, 0x40, 0x1, 0x42, 0x0, 0x0,

    /* U+00B9 "¹" */
    0x0, 0x97, 0xc0, 0x28, 0xf0, 0xff, 0xc0, 0x44,
    0x8f, 0x0, 0x9b, 0xc0, 0x26, 0xf0, 0x9, 0xbc,
    0x2, 0x6f, 0x0, 0x9b, 0xc0, 0x26, 0xf0, 0x9,
    0xbc,

    /* U+00BA "º" */
    0x0, 0xc2, 0x1, 0xf3, 0xf7, 0xfa, 0xc8, 0x2,
    0xaf, 0x95, 0x6e, 0xe1, 0x2, 0x7b, 0x80, 0x43,
    0xf6, 0x15, 0xe2, 0x1, 0xab, 0xc3, 0x38, 0x3,
    0xa3, 0xca, 0xfc, 0x3, 0xa7, 0xc5, 0xbd, 0x40,
    0x37, 0x60, 0x3, 0x3d, 0x89, 0x33, 0xcc, 0x0,
    0x35, 0xff, 0x72, 0x0, 0x70, 0xa1, 0x80, 0x60,

    /* U+00BB "»" */
    0x21, 0x0, 0xc2, 0x40, 0x1c, 0x9c, 0x60, 0x11,
    0x7a, 0x0, 0x64, 0xff, 0x28, 0x0, 0xbf, 0xce,
    0x1, 0xab, 0xfd, 0x0, 0x8, 0xff, 0x48, 0x6,
    0x6f, 0xf5, 0x0, 0x17, 0xfd, 0x82, 0x1, 0x3f,
    0xfa, 0x40, 0xb, 0xfe, 0xa0, 0x3, 0xff, 0xa4,
    0x0, 0xdf, 0xea, 0x1, 0xbf, 0xf3, 0x80, 0x2b,
    0xfd, 0x0, 0x4, 0xff, 0x20, 0x0, 0xbf, 0xca,
    0x1, 0x26, 0x90, 0x4, 0x5c, 0x60, 0x18, 0x84,
    0x3, 0x8, 0x80, 0x38,

    /* U+00BC "¼" */
    0x0, 0xaf, 0xc0, 0x3f, 0x57, 0x90, 0x6, 0x13,
    0xef, 0x0, 0xf9, 0x3e, 0x0, 0x33, 0xff, 0xe0,
    0xf, 0xb7, 0x80, 0x38, 0x91, 0x1d, 0xe0, 0x1e,
    0x7f, 0x50, 0xf, 0xd7, 0xe0, 0x1c, 0x3f, 0x80,
    0x1f, 0xd7, 0xe0, 0x1d, 0x5e, 0x60, 0x1f, 0xd7,
    0xe0, 0x18, 0xfe, 0x40, 0x3f, 0xd7, 0xe0, 0x1b,
    0x38, 0x40, 0x7, 0xb0, 0x1, 0xd7, 0xe0, 0x13,
    0x7b, 0x0, 0x5b, 0xf2, 0x1, 0xd7, 0xe0, 0x1,
    0xed, 0x0, 0xab, 0xbe, 0x40, 0x3a, 0x74, 0x1,
    0x3e, 0x60, 0x6, 0xf4, 0xf9, 0x0, 0xfc, 0x5f,
    0x40, 0x2, 0xf7, 0x1f, 0x90, 0xf, 0xd9, 0xe2,
    0x0, 0xdb, 0x1, 0xf9, 0x0, 0xf9, 0x7d, 0xc0,
    0x13, 0xc2, 0x3, 0xf2, 0x1, 0xf7, 0x68, 0x5,
    0xff, 0xf9, 0x40, 0x34, 0x7a, 0x0, 0x51, 0x1d,
    0xf9, 0x4, 0x1, 0x17, 0xd8, 0x7, 0xe1, 0xf9,
    0x0, 0xeb, 0xf2, 0x0, 0xfc, 0x3f, 0x20, 0x0,

    /* U+00BD "½" */
    0x0, 0xaf, 0xc0, 0x3f, 0x57, 0x90, 0x7, 0x9,
    0xf7, 0x80, 0x7c, 0x9f, 0x0, 0x1c, 0xff, 0xf8,
    0x3, 0xed, 0xe0, 0xf, 0x12, 0x23, 0xbc, 0x3,
    0xcf, 0xea, 0x1, 0xfd, 0x7e, 0x1, 0xc3, 0xf8,
    0x1, 0xfe, 0xbf, 0x0, 0xea, 0xf3, 0x0, 0xff,
    0x5f, 0x80, 0x63, 0xf9, 0x0, 0xff, 0xaf, 0xc0,
    0x36, 0x70, 0x83, 0xef, 0xe2, 0x0, 0x75, 0xf8,
    0x4, 0xde, 0xc1, 0x1f, 0xd7, 0xfe, 0x20, 0xd,
    0x7e, 0x0, 0x1e, 0xd0, 0x1f, 0xd0, 0x2, 0x7c,
    0x80, 0x68, 0xb0, 0x4, 0xf9, 0x81, 0xf3, 0x80,
    0x5f, 0x60, 0x1f, 0x17, 0xd0, 0x7, 0xc7, 0xf2,
    0x1, 0xf6, 0x78, 0x80, 0x7d, 0x7e, 0x60, 0x1e,
    0x5f, 0x70, 0xf, 0x9f, 0xe8, 0x3, 0xee, 0xd0,
    0xf, 0xa3, 0xec, 0x3, 0xe8, 0xf4, 0x0, 0xf5,
    0x7c, 0x80, 0x7c, 0x5f, 0x60, 0x1c, 0x3b, 0xfb,
    0x33, 0x84, 0x2, 0xbf, 0x20, 0xe, 0x4f, 0xff,
    0x88,

    /* U+00BE "¾" */
    0x0, 0x1d, 0xff, 0x40, 0x7, 0xe9, 0xf3, 0x0,
    0xc5, 0xfe, 0xbd, 0xfa, 0x0, 0xf1, 0xfd, 0x0,
    0x74, 0x7a, 0x0, 0x33, 0xc0, 0x3d, 0x9e, 0x20,
    0x1c, 0x8c, 0x1, 0x57, 0x88, 0x6, 0x5f, 0x70,
    0xf, 0xe1, 0x6f, 0xa0, 0xe, 0xed, 0x0, 0xff,
    0x67, 0xf1, 0x80, 0x68, 0xf4, 0x0, 0xff, 0x1b,
    0x67, 0xa0, 0x0, 0xbe, 0x80, 0x3e, 0x1a, 0x50,
    0x8, 0x7e, 0xc0, 0x17, 0xe4, 0x0, 0x1a, 0x70,
    0xb, 0xf4, 0x40, 0x7, 0xf4, 0xb, 0xf0, 0x1,
    0x5f, 0xd8, 0x5, 0x1f, 0xd7, 0x6f, 0xf1, 0x87,
    0x70, 0x2, 0x7e, 0xfb, 0x0, 0xcb, 0x9f, 0xd6,
    0x61, 0x1e, 0xa0, 0x4, 0xf4, 0xfb, 0x0, 0xff,
    0x17, 0xd8, 0x0, 0x7a, 0x3, 0xec, 0x3, 0xfd,
    0x7e, 0x40, 0xb, 0xc0, 0x7, 0xd8, 0x7, 0xf2,
    0x7c, 0x0, 0x1f, 0xc8, 0x1, 0xf6, 0x1, 0xfd,
    0xbc, 0x1, 0x7f, 0xfe, 0x70, 0xf, 0x3f, 0xa8,
    0x4, 0xf1, 0x1b, 0xf6, 0xc, 0x3, 0x87, 0xf0,
    0x3, 0xfb, 0xec, 0x3, 0xea, 0xf3, 0x0, 0xfe,
    0xfb, 0x0, 0x0,

    /* U+00BF "¿" */
    0x0, 0xc9, 0xfe, 0xa0, 0xf, 0xc9, 0xfe, 0xa0,
    0xf, 0xc9, 0xfe, 0xa0, 0xf, 0xe2, 0x20, 0x80,
    0x7f, 0xf2, 0x6f, 0xc, 0x3, 0xfb, 0xbd, 0x0,
    0x3f, 0x17, 0xf8, 0xc0, 0x3e, 0x2e, 0xfc, 0x0,
    0xf9, 0x7f, 0xdc, 0x40, 0x1e, 0x5f, 0xf6, 0x8,
    0x7, 0xdd, 0xf6, 0x1, 0xf9, 0x3f, 0xc2, 0x1,
    0xc4, 0xa6, 0x9f, 0xe0, 0xf, 0x4f, 0xd9, 0xff,
    0x8c, 0x3, 0xf, 0x7c, 0x6, 0xff, 0x31, 0x92,
    0xef, 0xf8, 0x40, 0xfb, 0xff, 0xe4, 0x0, 0x86,
    0x37, 0xfd, 0xb2, 0x20, 0x0,

    /* U+00C0 "À" */
    0x0, 0xcd, 0xc, 0x1, 0xff, 0xc2, 0x3f, 0xf2,
    0x80, 0x7f, 0xf0, 0x93, 0xf8, 0x40, 0x3f, 0xf8,
    0x4d, 0xf6, 0x1, 0xff, 0xc3, 0x58, 0x10, 0xf,
    0xfe, 0x9e, 0x7d, 0x0, 0x7f, 0xf0, 0x4b, 0xfe,
    0x10, 0xf, 0xfe, 0x4, 0xff, 0xce, 0x1, 0xff,
    0xc0, 0xef, 0xfb, 0x40, 0x3f, 0xe5, 0xff, 0x47,
    0xf8, 0xc0, 0x3f, 0xd9, 0xfa, 0x1d, 0xf2, 0x1,
    0xfc, 0x5f, 0xe7, 0x9, 0xff, 0x0, 0x7f, 0x47,
    0xf8, 0x40, 0xff, 0xcc, 0x1, 0xfb, 0xbe, 0xc0,
    0x2d, 0xfc, 0x0, 0xf9, 0x7f, 0xcc, 0x1, 0x3f,
    0xf8, 0x80, 0x3d, 0x7f, 0xe0, 0xc, 0x5f, 0xe8,
    0x0, 0xe1, 0xff, 0x72, 0xaf, 0x7f, 0xb8, 0x3,
    0x9f, 0xff, 0xfe, 0x50, 0xd, 0xbf, 0xff, 0xf5,
    0x80, 0x49, 0xfe, 0x80, 0xf, 0xab, 0xfc, 0x40,
    0xa, 0xff, 0x18, 0x7, 0xcb, 0xfe, 0x80, 0x1f,
    0xf6, 0x80, 0x7f, 0x77, 0xf0, 0x3f, 0xf9, 0xc0,
    0x3f, 0xa7, 0xfc, 0x80,

    /* U+00C1 "Á" */
    0x0, 0xff, 0x34, 0x30, 0x7, 0xff, 0x5, 0x7f,
    0xc6, 0x1, 0xff, 0xc0, 0x2f, 0xf2, 0x0, 0x7f,
    0xf0, 0x73, 0xd4, 0x3, 0xff, 0x82, 0x50, 0x80,
    0x1f, 0xfd, 0x3c, 0xfa, 0x0, 0xff, 0xe0, 0x97,
    0xfc, 0x20, 0x1f, 0xfc, 0x9, 0xff, 0x9c, 0x3,
    0xff, 0x81, 0xdf, 0xf6, 0x80, 0x7f, 0xcb, 0xfe,
    0x8f, 0xf1, 0x80, 0x7f, 0xb3, 0xf4, 0x3b, 0xe4,
    0x3, 0xf8, 0xbf, 0xce, 0x13, 0xfe, 0x0, 0xfe,
    0x8f, 0xf0, 0x81, 0xff, 0x98, 0x3, 0xf7, 0x7d,
    0x80, 0x5b, 0xf8, 0x1, 0xf2, 0xff, 0x98, 0x2,
    0x7f, 0xf1, 0x0, 0x7a, 0xff, 0xc0, 0x18, 0xbf,
    0xd0, 0x1, 0xc3, 0xfe, 0xe5, 0x5e, 0xff, 0x70,
    0x7, 0x3f, 0xff, 0xfc, 0xa0, 0x1b, 0x7f, 0xff,
    0xeb, 0x0, 0x93, 0xfd, 0x0, 0x1f, 0x57, 0xf8,
    0x80, 0x15, 0xfe, 0x30, 0xf, 0x97, 0xfd, 0x0,
    0x3f, 0xed, 0x0, 0xfe, 0xef, 0xe0, 0x7f, 0xf3,
    0x80, 0x7f, 0x4f, 0xf9, 0x0,

    /* U+00C2 "Â" */
    0x0, 0xfd, 0x0, 0x1f, 0xfc, 0x3b, 0xfa, 0x0,
    0xff, 0xe0, 0xd7, 0xd7, 0xc8, 0x7, 0xfd, 0x3e,
    0xe1, 0x1e, 0xe0, 0x1f, 0xc5, 0xc, 0x1, 0x33,
    0x88, 0x7, 0xff, 0x43, 0x3e, 0x80, 0x3f, 0xf8,
    0x25, 0xff, 0x8, 0x7, 0xff, 0x2, 0x7f, 0xe7,
    0x0, 0xff, 0xe0, 0x77, 0xfd, 0xa0, 0x1f, 0xf2,
    0xff, 0xa3, 0xfc, 0x60, 0x1f, 0xec, 0xfd, 0xe,
    0xf9, 0x0, 0xfe, 0x2f, 0xf3, 0x84, 0xff, 0x80,
    0x3f, 0xa3, 0xfc, 0x20, 0x7f, 0xe6, 0x0, 0xfd,
    0xdf, 0x60, 0x16, 0xfe, 0x0, 0x7c, 0xbf, 0xe6,
    0x0, 0x9f, 0xfc, 0x40, 0x1e, 0xbf, 0xf0, 0x6,
    0x2f, 0xf4, 0x0, 0x70, 0xff, 0xb9, 0x57, 0xbf,
    0xdc, 0x1, 0xcf, 0xff, 0xff, 0x28, 0x6, 0xdf,
    0xff, 0xfa, 0xc0, 0x24, 0xff, 0x40, 0x7, 0xd5,
    0xfe, 0x20, 0x5, 0x7f, 0x8c, 0x3, 0xe5, 0xff,
    0x40, 0xf, 0xfb, 0x40, 0x3f, 0xbb, 0xf8, 0x1f,
    0xfc, 0xe0, 0x1f, 0xd3, 0xfe, 0x40,

    /* U+00C3 "Ã" */
    0x0, 0xff, 0x84, 0x40, 0x1f, 0xd5, 0xfc, 0x80,
    0xe, 0x90, 0xf, 0xcf, 0xed, 0x7e, 0xcb, 0xec,
    0x1, 0xfa, 0xf0, 0x1, 0x5f, 0xec, 0x0, 0xfe,
    0x33, 0x0, 0x44, 0x60, 0x1f, 0xfd, 0x2c, 0xfa,
    0x0, 0xff, 0xe0, 0x97, 0xfc, 0x20, 0x1f, 0xfc,
    0x9, 0xff, 0x9c, 0x3, 0xff, 0x81, 0xdf, 0xf6,
    0x80, 0x7f, 0xcb, 0xfe, 0x8f, 0xf1, 0x80, 0x7f,
    0xb3, 0xf4, 0x3b, 0xe4, 0x3, 0xf8, 0xbf, 0xce,
    0x13, 0xfe, 0x0, 0xfe, 0x8f, 0xf0, 0x81, 0xff,
    0x98, 0x3, 0xf7, 0x7d, 0x80, 0x5b, 0xf8, 0x1,
    0xf2, 0xff, 0x98, 0x2, 0x7f, 0xf1, 0x0, 0x7a,
    0xff, 0xc0, 0x18, 0xbf, 0xd0, 0x1, 0xc3, 0xfe,
    0xe5, 0x5e, 0xff, 0x70, 0x7, 0x3f, 0xff, 0xfc,
    0xa0, 0x1b, 0x7f, 0xff, 0xeb, 0x0, 0x93, 0xfd,
    0x0, 0x1f, 0x57, 0xf8, 0x80, 0x15, 0xfe, 0x30,
    0xf, 0x97, 0xfd, 0x0, 0x3f, 0xed, 0x0, 0xfe,
    0xef, 0xe0, 0x7f, 0xf3, 0x80, 0x7f, 0x4f, 0xf9,
    0x0,

    /* U+00C4 "Ä" */
    0x0, 0xe1, 0x10, 0x4, 0x22, 0x0, 0xfe, 0x7f,
    0xf3, 0x84, 0x7f, 0x94, 0x3, 0xf3, 0xff, 0x9c,
    0x23, 0xfc, 0xa0, 0x1f, 0x9f, 0xfc, 0xe1, 0x1f,
    0xe5, 0x0, 0xff, 0xf0, 0xe7, 0xd0, 0x7, 0xff,
    0x4, 0xbf, 0xe1, 0x0, 0xff, 0xe0, 0x4f, 0xfc,
    0xe0, 0x1f, 0xfc, 0xe, 0xff, 0xb4, 0x3, 0xfe,
    0x5f, 0xf4, 0x7f, 0x8c, 0x3, 0xfd, 0x9f, 0xa1,
    0xdf, 0x20, 0x1f, 0xc5, 0xfe, 0x70, 0x9f, 0xf0,
    0x7, 0xf4, 0x7f, 0x84, 0xf, 0xfc, 0xc0, 0x1f,
    0xbb, 0xec, 0x2, 0xdf, 0xc0, 0xf, 0x97, 0xfc,
    0xc0, 0x13, 0xff, 0x88, 0x3, 0xd7, 0xfe, 0x0,
    0xc5, 0xfe, 0x80, 0xe, 0x1f, 0xf7, 0x2a, 0xf7,
    0xfb, 0x80, 0x39, 0xff, 0xff, 0xe5, 0x0, 0xdb,
    0xff, 0xff, 0x58, 0x4, 0x9f, 0xe8, 0x0, 0xfa,
    0xbf, 0xc4, 0x0, 0xaf, 0xf1, 0x80, 0x7c, 0xbf,
    0xe8, 0x1, 0xff, 0x68, 0x7, 0xf7, 0x7f, 0x3,
    0xff, 0x9c, 0x3, 0xfa, 0x7f, 0xc8,

    /* U+00C5 "Å" */
    0x0, 0xff, 0xe5, 0x9e, 0xfe, 0x90, 0x7, 0xfc,
    0x3d, 0x6b, 0x7c, 0x1, 0xff, 0x27, 0x90, 0x1f,
    0x98, 0x7, 0xf8, 0xbd, 0xc2, 0x3c, 0x40, 0x3f,
    0xe6, 0xff, 0x98, 0x3, 0xff, 0x80, 0x5f, 0xf0,
    0x80, 0x7f, 0xf0, 0x27, 0xfe, 0x70, 0xf, 0xfe,
    0x7, 0x7f, 0xda, 0x1, 0xff, 0x2f, 0xfa, 0x3f,
    0xc6, 0x1, 0xfe, 0xcf, 0xd0, 0xef, 0x90, 0xf,
    0xe2, 0xff, 0x38, 0x4f, 0xf8, 0x3, 0xfa, 0x3f,
    0xc2, 0x7, 0xfe, 0x60, 0xf, 0xdd, 0xf6, 0x1,
    0x6f, 0xe0, 0x7, 0xcb, 0xfe, 0x60, 0x9, 0xff,
    0xc4, 0x1, 0xeb, 0xff, 0x0, 0x62, 0xff, 0x40,
    0x7, 0xf, 0xfb, 0x95, 0x7b, 0xfd, 0xc0, 0x1c,
    0xff, 0xff, 0xf2, 0x80, 0x6d, 0xff, 0xff, 0xac,
    0x2, 0x4f, 0xf4, 0x0, 0x7d, 0x5f, 0xe2, 0x0,
    0x57, 0xf8, 0xc0, 0x3e, 0x5f, 0xf4, 0x0, 0xff,
    0xb4, 0x3, 0xfb, 0xbf, 0x81, 0xff, 0xce, 0x1,
    0xfd, 0x3f, 0xe4,

    /* U+00C6 "Æ" */
    0x0, 0xfb, 0x3f, 0xff, 0xf8, 0x4a, 0x1, 0xe2,
    0xff, 0xff, 0xe1, 0xa8, 0x7, 0xa7, 0xf9, 0x73,
    0xfc, 0xab, 0xfc, 0x40, 0x1e, 0xef, 0x90, 0xaf,
    0xf0, 0x7, 0xff, 0xd, 0x7f, 0xc6, 0x15, 0xfe,
    0x0, 0xff, 0xe1, 0xe7, 0xe8, 0x2, 0xbf, 0xc0,
    0x1f, 0xfc, 0x22, 0xff, 0x38, 0x2, 0xbf, 0xc0,
    0x1f, 0xfc, 0x28, 0xff, 0x10, 0x2, 0xbf, 0xcc,
    0xdf, 0x80, 0x3d, 0xdf, 0x80, 0x15, 0x7f, 0xff,
    0x88, 0x3, 0x2f, 0xf9, 0x80, 0x2a, 0xff, 0xff,
    0x10, 0x6, 0xbf, 0xf0, 0x6, 0xaf, 0xf0, 0x7,
    0xff, 0x0, 0x7f, 0xe6, 0x6d, 0xff, 0x0, 0x7f,
    0xf0, 0x1f, 0xff, 0xfc, 0x1, 0xff, 0xc0, 0xdf,
    0xff, 0xf0, 0x7, 0xfc, 0x9f, 0xe9, 0x0, 0xea,
    0xff, 0x0, 0x7f, 0xd5, 0xfe, 0x30, 0xe, 0xaf,
    0xf2, 0xaf, 0xf1, 0xf, 0xfb, 0x40, 0x3d, 0x5f,
    0xff, 0xf2, 0xbf, 0xf9, 0xc0, 0x3d, 0x5f, 0xff,
    0xf2, 0x80,

    /* U+00C7 "Ç" */
    0x0, 0xc2, 0xf7, 0xdf, 0xed, 0x92, 0x0, 0xf9,
    0x3b, 0xff, 0xf4, 0x80, 0x73, 0x7f, 0xdd, 0x51,
    0x39, 0xff, 0x60, 0x4, 0x7f, 0xf3, 0x0, 0x71,
    0xef, 0xfa, 0x40, 0x1b, 0xfe, 0x40, 0xf, 0x87,
    0x7f, 0xc4, 0x7f, 0xe9, 0x0, 0xfe, 0x4b, 0x50,
    0x8f, 0xf1, 0x80, 0x7f, 0xf0, 0x6f, 0xfc, 0x1,
    0xff, 0xc2, 0xcf, 0xe0, 0xf, 0xfe, 0x16, 0x7f,
    0x0, 0x7f, 0xf0, 0xaf, 0xfc, 0x1, 0xff, 0xc2,
    0x8f, 0xf1, 0x80, 0x7f, 0xf0, 0x4f, 0xfd, 0x40,
    0x1f, 0xc9, 0x6c, 0x0, 0xdf, 0xf2, 0x0, 0x7c,
    0x3b, 0xfe, 0x20, 0x3f, 0xf9, 0x80, 0x38, 0xf7,
    0xfd, 0x20, 0x13, 0x7f, 0xdd, 0x51, 0x39, 0xff,
    0x60, 0x7, 0x27, 0x7f, 0xfe, 0x90, 0xf, 0x85,
    0xef, 0xfe, 0xd9, 0x20, 0xf, 0xf0, 0xf3, 0x0,
    0x7f, 0xf0, 0x9f, 0x3e, 0xc0, 0x3f, 0xf8, 0x65,
    0xee, 0x1, 0xff, 0x14, 0xac, 0x7a, 0x80, 0x7f,
    0xc7, 0x9f, 0xd0, 0x1, 0xf0,

    /* U+00C8 "È" */
    0x0, 0x14, 0x40, 0x80, 0x3f, 0xd5, 0xfa, 0x1,
    0xff, 0x5f, 0xc0, 0x7, 0xfd, 0xbe, 0x60, 0x1f,
    0xe1, 0x85, 0x0, 0xff, 0xe3, 0xff, 0xff, 0xf0,
    0x3, 0xff, 0xff, 0x80, 0x1f, 0xeb, 0x55, 0xfe,
    0xf, 0xf4, 0x80, 0x7f, 0xbf, 0xd2, 0x1, 0xfe,
    0xff, 0x48, 0x7, 0xfb, 0xfd, 0x20, 0x1f, 0xef,
    0xf5, 0xaa, 0xfe, 0x0, 0x7f, 0xff, 0xc4, 0x1f,
    0xff, 0xf1, 0x7, 0xfa, 0x40, 0x3f, 0xdf, 0xe9,
    0x0, 0xff, 0x7f, 0xa4, 0x3, 0xfd, 0xfe, 0x90,
    0xf, 0xf7, 0xfa, 0x40, 0x3f, 0xdf, 0xeb, 0x55,
    0xfe, 0xf, 0xff, 0xfe, 0x0, 0x7f, 0xff, 0xf0,
    0x0,

    /* U+00C9 "É" */
    0x0, 0xfc, 0x51, 0x2, 0x0, 0xfe, 0xdf, 0xa0,
    0xf, 0xe9, 0xfb, 0x0, 0xfe, 0x4f, 0xc0, 0xf,
    0xf3, 0x38, 0x80, 0x7f, 0xf1, 0xbf, 0xff, 0xf8,
    0x1, 0xff, 0xff, 0xc0, 0xf, 0xf5, 0xaa, 0xff,
    0x7, 0xfa, 0x40, 0x3f, 0xdf, 0xe9, 0x0, 0xff,
    0x7f, 0xa4, 0x3, 0xfd, 0xfe, 0x90, 0xf, 0xf7,
    0xfa, 0xd5, 0x7f, 0x0, 0x3f, 0xff, 0xe2, 0xf,
    0xff, 0xf8, 0x83, 0xfd, 0x20, 0x1f, 0xef, 0xf4,
    0x80, 0x7f, 0xbf, 0xd2, 0x1, 0xfe, 0xff, 0x48,
    0x7, 0xfb, 0xfd, 0x20, 0x1f, 0xef, 0xf5, 0xaa,
    0xff, 0x7, 0xff, 0xff, 0x0, 0x3f, 0xff, 0xf8,
    0x0,

    /* U+00CA "Ê" */
    0x0, 0xf2, 0xa0, 0x7, 0xf9, 0x3f, 0xc6, 0x1,
    0xf8, 0xff, 0x37, 0x88, 0x3, 0xc5, 0xda, 0x25,
    0xdc, 0x10, 0xe, 0x68, 0x20, 0x1, 0x42, 0x80,
    0x7f, 0xf1, 0x3f, 0xff, 0xf8, 0x1, 0xff, 0xff,
    0xc0, 0xf, 0xf5, 0xaa, 0xff, 0x7, 0xfa, 0x40,
    0x3f, 0xdf, 0xe9, 0x0, 0xff, 0x7f, 0xa4, 0x3,
    0xfd, 0xfe, 0x90, 0xf, 0xf7, 0xfa, 0xd5, 0x7f,
    0x0, 0x3f, 0xff, 0xe2, 0xf, 0xff, 0xf8, 0x83,
    0xfd, 0x20, 0x1f, 0xef, 0xf4, 0x80, 0x7f, 0xbf,
    0xd2, 0x1, 0xfe, 0xff, 0x48, 0x7, 0xfb, 0xfd,
    0x20, 0x1f, 0xef, 0xf5, 0xaa, 0xff, 0x7, 0xff,
    0xff, 0x0, 0x3f, 0xff, 0xf8, 0x0,

    /* U+00CB "Ë" */
    0x0, 0x84, 0x60, 0x0, 0x8c, 0x1, 0xdf, 0xf0,
    0x3, 0xfd, 0xa0, 0x1d, 0xff, 0x0, 0x3f, 0xda,
    0x1, 0xdf, 0xf0, 0x3, 0xfd, 0xa0, 0x1f, 0xfd,
    0x1f, 0xff, 0xfe, 0x0, 0x7f, 0xff, 0xf0, 0x3,
    0xfd, 0x6a, 0xbf, 0xc1, 0xfe, 0x90, 0xf, 0xf7,
    0xfa, 0x40, 0x3f, 0xdf, 0xe9, 0x0, 0xff, 0x7f,
    0xa4, 0x3, 0xfd, 0xfe, 0xb5, 0x5f, 0xc0, 0xf,
    0xff, 0xf8, 0x83, 0xff, 0xfe, 0x20, 0xff, 0x48,
    0x7, 0xfb, 0xfd, 0x20, 0x1f, 0xef, 0xf4, 0x80,
    0x7f, 0xbf, 0xd2, 0x1, 0xfe, 0xff, 0x48, 0x7,
    0xfb, 0xfd, 0x6a, 0xbf, 0xc1, 0xff, 0xff, 0xc0,
    0xf, 0xff, 0xfe, 0x0,

    /* U+00CC "Ì" */
    0x7, 0x85, 0x0, 0xc9, 0xfe, 0x30, 0xc, 0xdf,
    0xa0, 0x1d, 0x1f, 0x0, 0x1c, 0xce, 0x1, 0xff,
    0xc0, 0xff, 0x48, 0x6, 0xff, 0x48, 0x6, 0xff,
    0x48, 0x6, 0xff, 0x48, 0x6, 0xff, 0x48, 0x6,
    0xff, 0x48, 0x6, 0xff, 0x48, 0x6, 0xff, 0x48,
    0x6, 0xff, 0x48, 0x6, 0xff, 0x48, 0x6, 0xff,
    0x48, 0x6, 0xff, 0x48, 0x6, 0xff, 0x48, 0x6,
    0xff, 0x48, 0x6, 0xff, 0x48, 0x6, 0xff, 0x48,
    0x6, 0xff, 0x48, 0x6, 0xff, 0x48,

    /* U+00CD "Í" */
    0x0, 0xcf, 0xa, 0x1, 0x47, 0xf0, 0x80, 0xf,
    0xf8, 0x80, 0x3, 0xde, 0x60, 0x11, 0xc1, 0x80,
    0x7f, 0xdf, 0xe9, 0x0, 0xdf, 0xe9, 0x0, 0xdf,
    0xe9, 0x0, 0xdf, 0xe9, 0x0, 0xdf, 0xe9, 0x0,
    0xdf, 0xe9, 0x0, 0xdf, 0xe9, 0x0, 0xdf, 0xe9,
    0x0, 0xdf, 0xe9, 0x0, 0xdf, 0xe9, 0x0, 0xdf,
    0xe9, 0x0, 0xdf, 0xe9, 0x0, 0xdf, 0xe9, 0x0,
    0xdf, 0xe9, 0x0, 0xdf, 0xe9, 0x0, 0xdf, 0xe9,
    0x0, 0xdf, 0xe9, 0x0, 0xdf, 0xe9, 0x0, 0x80,

    /* U+00CE "Î" */
    0x0, 0x85, 0xc0, 0x3c, 0x3b, 0xee, 0x1, 0xd9,
    0xf7, 0xec, 0x1, 0x5f, 0xa0, 0x57, 0xa8, 0x1c,
    0x28, 0x4, 0xee, 0x0, 0xff, 0xe0, 0xff, 0xa4,
    0x3, 0xdf, 0xe9, 0x0, 0xf7, 0xfa, 0x40, 0x3d,
    0xfe, 0x90, 0xf, 0x7f, 0xa4, 0x3, 0xdf, 0xe9,
    0x0, 0xf7, 0xfa, 0x40, 0x3d, 0xfe, 0x90, 0xf,
    0x7f, 0xa4, 0x3, 0xdf, 0xe9, 0x0, 0xf7, 0xfa,
    0x40, 0x3d, 0xfe, 0x90, 0xf, 0x7f, 0xa4, 0x3,
    0xdf, 0xe9, 0x0, 0xf7, 0xfa, 0x40, 0x3d, 0xfe,
    0x90, 0xf, 0x7f, 0xa4, 0x3, 0xdf, 0xe9, 0x0,
    0x80,

    /* U+00CF "Ï" */
    0x1, 0x10, 0x4, 0x22, 0x9, 0xff, 0x20, 0x5f,
    0xf8, 0xe7, 0xfc, 0x81, 0x7f, 0xe3, 0x9f, 0xf2,
    0x5, 0xff, 0x8c, 0x3, 0xff, 0x93, 0xfe, 0x90,
    0xf, 0x7f, 0xa4, 0x3, 0xdf, 0xe9, 0x0, 0xf7,
    0xfa, 0x40, 0x3d, 0xfe, 0x90, 0xf, 0x7f, 0xa4,
    0x3, 0xdf, 0xe9, 0x0, 0xf7, 0xfa, 0x40, 0x3d,
    0xfe, 0x90, 0xf, 0x7f, 0xa4, 0x3, 0xdf, 0xe9,
    0x0, 0xf7, 0xfa, 0x40, 0x3d, 0xfe, 0x90, 0xf,
    0x7f, 0xa4, 0x3, 0xdf, 0xe9, 0x0, 0xf7, 0xfa,
    0x40, 0x3d, 0xfe, 0x90, 0xf, 0x7f, 0xa4, 0x2,

    /* U+00D0 "Ð" */
    0x0, 0x7f, 0xfb, 0xb2, 0x8, 0x3, 0xef, 0xff,
    0xf5, 0x8, 0x7, 0x7f, 0xb1, 0xde, 0x9c, 0xff,
    0xb8, 0x80, 0x37, 0xfa, 0x40, 0x38, 0x6b, 0xfd,
    0xa0, 0x1b, 0xfd, 0x20, 0x1f, 0x4f, 0xf9, 0x80,
    0x2f, 0xf4, 0x80, 0x7e, 0xef, 0xd0, 0xb, 0xfd,
    0x20, 0x1f, 0xa7, 0xfc, 0x40, 0xf, 0xf4, 0x80,
    0x7e, 0x6f, 0xf2, 0x77, 0xff, 0xb8, 0x3, 0x93,
    0xfc, 0xd5, 0x9f, 0xf5, 0xda, 0x80, 0x39, 0x3f,
    0xcc, 0x0, 0xff, 0x48, 0x7, 0xe6, 0xff, 0x28,
    0x3, 0xfd, 0x20, 0x1f, 0xa7, 0xfc, 0x60, 0xf,
    0xf4, 0x80, 0x7e, 0xef, 0xe0, 0xb, 0xfd, 0x20,
    0x1f, 0x4f, 0xfa, 0x0, 0x2f, 0xf4, 0x80, 0x70,
    0xcf, 0xfb, 0x84, 0x2, 0xff, 0x63, 0xbd, 0x39,
    0xff, 0x8c, 0x3, 0x7f, 0xff, 0xb0, 0x80, 0x3b,
    0xff, 0xdd, 0x90, 0x60, 0x1c,

    /* U+00D1 "Ñ" */
    0x0, 0xff, 0x84, 0x3, 0xe7, 0xff, 0x40, 0x2,
    0x78, 0x3, 0xc5, 0xf3, 0x1f, 0x47, 0xd6, 0x1,
    0xe6, 0xf1, 0x6, 0xff, 0x71, 0x80, 0x78, 0x90,
    0x2, 0x13, 0x0, 0xff, 0xe4, 0xff, 0xb8, 0x40,
    0x3e, 0xef, 0xb0, 0xff, 0xa8, 0x3, 0xee, 0xfb,
    0xf, 0xfc, 0x60, 0x1e, 0xef, 0xb0, 0xff, 0xda,
    0x1, 0xee, 0xfb, 0xf, 0xf7, 0x7f, 0x9c, 0x3,
    0xbb, 0xec, 0x3f, 0xd3, 0x7f, 0xe2, 0x0, 0xdd,
    0xf6, 0x1f, 0xe9, 0x2f, 0xf5, 0x80, 0x6e, 0xfb,
    0xf, 0xf4, 0x83, 0xff, 0x94, 0x2, 0xef, 0xb0,
    0xff, 0x48, 0x3, 0x7f, 0x80, 0x2e, 0xfb, 0xf,
    0xf4, 0x80, 0x13, 0xfd, 0x20, 0xe, 0xfb, 0xf,
    0xf4, 0x80, 0x55, 0xfe, 0x30, 0xef, 0xb0, 0xff,
    0x48, 0x4, 0x3f, 0xec, 0xe, 0xfb, 0xf, 0xf4,
    0x80, 0x66, 0xff, 0x37, 0x7d, 0x87, 0xfa, 0x40,
    0x3b, 0x3f, 0xbf, 0xd6, 0x1f, 0xe9, 0x0, 0xe3,
    0xff, 0xd6, 0x1f, 0xe9, 0x0, 0xf4, 0xff, 0xd6,
    0x1f, 0xe9, 0x0, 0xf0, 0xf7, 0xfa, 0xc3, 0xfd,
    0x20, 0x1f, 0x37, 0xfa, 0xc0,

    /* U+00D2 "Ò" */
    0x0, 0xc9, 0xe, 0x20, 0x1f, 0xfc, 0x3b, 0xfb,
    0x0, 0xff, 0xe2, 0x5f, 0xb8, 0x7, 0xff, 0x12,
    0xfd, 0x0, 0x3f, 0xfc, 0x82, 0xf7, 0xdf, 0xed,
    0x93, 0x0, 0xfc, 0x9d, 0xff, 0xfa, 0x40, 0x3c,
    0xdf, 0xf7, 0x54, 0x4e, 0x7f, 0xd8, 0x1, 0x8f,
    0xfe, 0x60, 0xe, 0x3d, 0xff, 0x48, 0x5, 0xbf,
    0xe4, 0x0, 0xfd, 0xbf, 0xe3, 0x3, 0xff, 0x50,
    0x7, 0xf2, 0x7f, 0xa8, 0x23, 0xfc, 0x60, 0x1f,
    0xed, 0xff, 0x5, 0xff, 0x80, 0x3f, 0xe9, 0xff,
    0xe, 0x7f, 0x0, 0x7f, 0xd1, 0xfe, 0x3c, 0xfe,
    0x0, 0xff, 0xa3, 0xfc, 0x77, 0xfe, 0x0, 0xff,
    0xa7, 0xfc, 0x31, 0xfe, 0x30, 0xf, 0xf6, 0xff,
    0x1, 0xff, 0xa8, 0x3, 0xf9, 0x3f, 0xd4, 0x0,
    0xdf, 0xf2, 0x0, 0x7e, 0xdf, 0xf1, 0x80, 0xf,
    0xfe, 0x60, 0xe, 0x3d, 0xff, 0x48, 0x6, 0x6f,
    0xfb, 0xaa, 0x27, 0x3f, 0xec, 0x0, 0xf2, 0x77,
    0xff, 0xe9, 0x0, 0xfc, 0x2f, 0x7d, 0xfe, 0xd9,
    0x30, 0xe,

    /* U+00D3 "Ó" */
    0x0, 0xff, 0x24, 0x38, 0x7, 0xff, 0x8, 0xff,
    0xc8, 0x1, 0xff, 0xc1, 0x1e, 0xf4, 0x0, 0xff,
    0xe1, 0x6f, 0x98, 0x7, 0xff, 0x8c, 0x5e, 0xfb,
    0xfd, 0xb2, 0x60, 0x1f, 0x93, 0xbf, 0xff, 0x48,
    0x7, 0x9b, 0xfe, 0xea, 0x89, 0xcf, 0xfb, 0x0,
    0x31, 0xff, 0xcc, 0x1, 0xc7, 0xbf, 0xe9, 0x0,
    0xb7, 0xfc, 0x80, 0x1f, 0xb7, 0xfc, 0x60, 0x7f,
    0xea, 0x0, 0xfe, 0x4f, 0xf5, 0x4, 0x7f, 0x8c,
    0x3, 0xfd, 0xbf, 0xe0, 0xbf, 0xf0, 0x7, 0xfd,
    0x3f, 0xe1, 0xcf, 0xe0, 0xf, 0xfa, 0x3f, 0xc7,
    0x9f, 0xc0, 0x1f, 0xf4, 0x7f, 0x8e, 0xff, 0xc0,
    0x1f, 0xf4, 0xff, 0x86, 0x3f, 0xc6, 0x1, 0xfe,
    0xdf, 0xe0, 0x3f, 0xf5, 0x0, 0x7f, 0x27, 0xfa,
    0x80, 0x1b, 0xfe, 0x40, 0xf, 0xdb, 0xfe, 0x30,
    0x1, 0xff, 0xcc, 0x1, 0xc7, 0xbf, 0xe9, 0x0,
    0xcd, 0xff, 0x75, 0x44, 0xe7, 0xfd, 0x80, 0x1e,
    0x4e, 0xff, 0xfd, 0x20, 0x1f, 0x85, 0xef, 0xbf,
    0xdb, 0x26, 0x1, 0xc0,

    /* U+00D4 "Ô" */
    0x0, 0xfc, 0x20, 0x1f, 0xfc, 0x42, 0xe6, 0x0,
    0xff, 0xe1, 0xe, 0xff, 0x94, 0x3, 0xff, 0x80,
    0x3b, 0xe7, 0x7e, 0x80, 0x1f, 0xf6, 0x7a, 0x0,
    0x33, 0xcc, 0x3, 0xff, 0xc2, 0x2f, 0x7d, 0xfe,
    0xd9, 0x30, 0xf, 0xc9, 0xdf, 0xff, 0xa4, 0x3,
    0xcd, 0xff, 0x75, 0x44, 0xe7, 0xfd, 0x80, 0x18,
    0xff, 0xe6, 0x0, 0xe3, 0xdf, 0xf4, 0x80, 0x5b,
    0xfe, 0x40, 0xf, 0xdb, 0xfe, 0x30, 0x3f, 0xf5,
    0x0, 0x7f, 0x27, 0xfa, 0x82, 0x3f, 0xc6, 0x1,
    0xfe, 0xdf, 0xf0, 0x5f, 0xf8, 0x3, 0xfe, 0x9f,
    0xf0, 0xe7, 0xf0, 0x7, 0xfd, 0x1f, 0xe3, 0xcf,
    0xe0, 0xf, 0xfa, 0x3f, 0xc7, 0x7f, 0xe0, 0xf,
    0xfa, 0x7f, 0xc3, 0x1f, 0xe3, 0x0, 0xff, 0x6f,
    0xf0, 0x1f, 0xfa, 0x80, 0x3f, 0x93, 0xfd, 0x40,
    0xd, 0xff, 0x20, 0x7, 0xed, 0xff, 0x18, 0x0,
    0xff, 0xe6, 0x0, 0xe3, 0xdf, 0xf4, 0x80, 0x66,
    0xff, 0xba, 0xa2, 0x73, 0xfe, 0xc0, 0xf, 0x27,
    0x7f, 0xfe, 0x90, 0xf, 0xc2, 0xf7, 0xdf, 0xed,
    0x93, 0x0, 0xe0,

    /* U+00D5 "Õ" */
    0x0, 0xff, 0x84, 0x40, 0x1f, 0xe7, 0xff, 0x40,
    0x2, 0xf4, 0x3, 0xf8, 0xfe, 0x63, 0xe4, 0xfe,
    0x80, 0x3f, 0x9f, 0xc0, 0xf, 0xfe, 0xe2, 0x0,
    0xfe, 0x24, 0x0, 0x84, 0xc0, 0x3f, 0xfa, 0x22,
    0xf7, 0xdf, 0xed, 0x93, 0x0, 0xfc, 0x9d, 0xff,
    0xfa, 0x40, 0x3c, 0xdf, 0xf7, 0x54, 0x4e, 0x7f,
    0xd8, 0x1, 0x8f, 0xfe, 0x60, 0xe, 0x3d, 0xff,
    0x48, 0x5, 0xbf, 0xe4, 0x0, 0xfd, 0xbf, 0xe3,
    0x3, 0xff, 0x50, 0x7, 0xf2, 0x7f, 0xa8, 0x23,
    0xfc, 0x60, 0x1f, 0xed, 0xff, 0x5, 0xff, 0x80,
    0x3f, 0xe9, 0xff, 0xe, 0x7f, 0x0, 0x7f, 0xd1,
    0xfe, 0x3c, 0xfe, 0x0, 0xff, 0xa3, 0xfc, 0x77,
    0xfe, 0x0, 0xff, 0xa7, 0xfc, 0x31, 0xfe, 0x30,
    0xf, 0xf6, 0xff, 0x1, 0xff, 0xa8, 0x3, 0xf9,
    0x3f, 0xd4, 0x0, 0xdf, 0xf2, 0x0, 0x7e, 0xdf,
    0xf1, 0x80, 0xf, 0xfe, 0x60, 0xe, 0x3d, 0xff,
    0x48, 0x6, 0x6f, 0xfb, 0xaa, 0x27, 0x3f, 0xec,
    0x0, 0xf2, 0x77, 0xff, 0xe9, 0x0, 0xfc, 0x2f,
    0x7d, 0xfe, 0xd9, 0x30, 0xe,

    /* U+00D6 "Ö" */
    0x0, 0xc7, 0xfe, 0xb0, 0x4f, 0xf4, 0x80, 0x7f,
    0x1f, 0xfa, 0xc1, 0x3f, 0xd2, 0x1, 0xfc, 0x7f,
    0xeb, 0x4, 0xff, 0x48, 0x7, 0xf8, 0x44, 0x1,
    0x8, 0x80, 0x3f, 0xfc, 0x42, 0xf7, 0xdf, 0xed,
    0x93, 0x0, 0xfc, 0x9d, 0xff, 0xfa, 0x40, 0x3c,
    0xdf, 0xf7, 0x54, 0x4e, 0x7f, 0xd8, 0x1, 0x8f,
    0xfe, 0x60, 0xe, 0x3d, 0xff, 0x48, 0x5, 0xbf,
    0xe4, 0x0, 0xfd, 0xbf, 0xe3, 0x3, 0xff, 0x50,
    0x7, 0xf2, 0x7f, 0xa8, 0x23, 0xfc, 0x60, 0x1f,
    0xed, 0xff, 0x5, 0xff, 0x80, 0x3f, 0xe9, 0xff,
    0xe, 0x7f, 0x0, 0x7f, 0xd1, 0xfe, 0x3c, 0xfe,
    0x0, 0xff, 0xa3, 0xfc, 0x77, 0xfe, 0x0, 0xff,
    0xa7, 0xfc, 0x31, 0xfe, 0x30, 0xf, 0xf6, 0xff,
    0x1, 0xff, 0xa8, 0x3, 0xf9, 0x3f, 0xd4, 0x0,
    0xdf, 0xf2, 0x0, 0x7e, 0xdf, 0xf1, 0x80, 0xf,
    0xfe, 0x60, 0xe, 0x3d, 0xff, 0x48, 0x6, 0x6f,
    0xfb, 0xaa, 0x27, 0x3f, 0xec, 0x0, 0xf2, 0x77,
    0xff, 0xe9, 0x0, 0xfc, 0x2f, 0x7d, 0xfe, 0xd9,
    0x30, 0xe,

    /* U+00D7 "×" */
    0x1, 0x90, 0xf, 0x1c, 0x0, 0x37, 0xe8, 0x3,
    0x1f, 0xf9, 0xc1, 0xbf, 0xd4, 0x0, 0x3f, 0xf6,
    0x88, 0x1, 0xbf, 0xd4, 0x9f, 0xed, 0x10, 0xc,
    0xff, 0xfb, 0x44, 0x3, 0xd3, 0xff, 0x10, 0x7,
    0x8f, 0xff, 0x58, 0x7, 0x1f, 0xfb, 0x63, 0xfd,
    0x60, 0x11, 0xff, 0xb4, 0x41, 0xbf, 0xd6, 0x0,
    0xef, 0xd1, 0x0, 0x9b, 0xfc, 0xe0, 0x98, 0x20,
    0x1c, 0xd6, 0x1, 0xff, 0xc1,

    /* U+00D8 "Ø" */
    0x0, 0xc2, 0xf7, 0xdf, 0xed, 0x93, 0x1e, 0xc0,
    0xe, 0x4e, 0xff, 0xff, 0x10, 0x6, 0x6f, 0xfb,
    0xaa, 0x27, 0x3f, 0xf0, 0x6, 0x3f, 0xf9, 0x80,
    0x39, 0xbf, 0xe9, 0x0, 0xb7, 0xfc, 0x80, 0x1e,
    0xde, 0xe7, 0xf8, 0xc0, 0xff, 0xd4, 0x1, 0xe9,
    0xf3, 0x4f, 0xf5, 0x4, 0x7f, 0x8c, 0x3, 0x97,
    0xd8, 0x1, 0xbf, 0xe0, 0xbf, 0xf0, 0x7, 0x17,
    0xd8, 0x5, 0x3f, 0xe1, 0xcf, 0xe0, 0xe, 0xce,
    0x10, 0xa, 0x3f, 0xc7, 0x9f, 0xc0, 0x1a, 0x3c,
    0xc0, 0x34, 0x7f, 0x8e, 0xff, 0xc0, 0x12, 0x7b,
    0x80, 0x74, 0xff, 0x86, 0x3f, 0xc6, 0x3, 0xd8,
    0x1, 0xed, 0xfe, 0x3, 0xff, 0x50, 0x5f, 0x8,
    0x7, 0x27, 0xfa, 0x80, 0x1b, 0xfe, 0xcf, 0x40,
    0xf, 0x6f, 0xf8, 0xc0, 0x7, 0xff, 0x80, 0x38,
    0xf7, 0xfd, 0x20, 0x19, 0xff, 0xee, 0xa8, 0x9c,
    0xff, 0xb0, 0x3, 0xaf, 0xff, 0xfd, 0x20, 0x1c,
    0xde, 0xa2, 0xf7, 0xdf, 0xed, 0x93, 0x0, 0xe0,

    /* U+00D9 "Ù" */
    0x0, 0x96, 0x1c, 0x3, 0xff, 0x80, 0x3b, 0xf0,
    0x1, 0xff, 0xc0, 0x1d, 0xf5, 0x0, 0xff, 0xe0,
    0xe, 0xf9, 0x0, 0x7f, 0xf6, 0xf, 0xfc, 0xc0,
    0x1f, 0x2f, 0xf9, 0xf, 0xfc, 0xc0, 0x1f, 0x2f,
    0xf9, 0xf, 0xfc, 0xc0, 0x1f, 0x2f, 0xf9, 0xf,
    0xfc, 0xc0, 0x1f, 0x2f, 0xf9, 0xf, 0xfc, 0xc0,
    0x1f, 0x2f, 0xf9, 0xf, 0xfc, 0xc0, 0x1f, 0x2f,
    0xf9, 0xf, 0xfc, 0xc0, 0x1f, 0x2f, 0xf9, 0xf,
    0xfc, 0xc0, 0x1f, 0x2f, 0xf9, 0xf, 0xfc, 0xc0,
    0x1f, 0x2f, 0xf9, 0xf, 0xfc, 0xc0, 0x1f, 0x2f,
    0xf9, 0xf, 0xfc, 0xc0, 0x1f, 0x2f, 0xf9, 0xf,
    0xfc, 0xe0, 0x1f, 0x37, 0xf8, 0xcb, 0xfd, 0x20,
    0x1f, 0x47, 0xf8, 0x83, 0xfd, 0xa0, 0x1f, 0x67,
    0xf8, 0x1, 0x5f, 0xe7, 0x0, 0xe7, 0xff, 0x50,
    0x0, 0xbf, 0xec, 0x87, 0x8c, 0xff, 0x88, 0x2,
    0x4f, 0xff, 0xe4, 0x0, 0xe1, 0x8c, 0xef, 0xec,
    0x81, 0x0, 0x80,

    /* U+00DA "Ú" */
    0x0, 0xfe, 0x68, 0x60, 0xf, 0xf9, 0xbf, 0x8c,
    0x3, 0xfc, 0x7f, 0xc4, 0x1, 0xfe, 0x1e, 0xd2,
    0x0, 0xff, 0xeb, 0x9f, 0xf9, 0x80, 0x3e, 0x5f,
    0xf2, 0x1f, 0xf9, 0x80, 0x3e, 0x5f, 0xf2, 0x1f,
    0xf9, 0x80, 0x3e, 0x5f, 0xf2, 0x1f, 0xf9, 0x80,
    0x3e, 0x5f, 0xf2, 0x1f, 0xf9, 0x80, 0x3e, 0x5f,
    0xf2, 0x1f, 0xf9, 0x80, 0x3e, 0x5f, 0xf2, 0x1f,
    0xf9, 0x80, 0x3e, 0x5f, 0xf2, 0x1f, 0xf9, 0x80,
    0x3e, 0x5f, 0xf2, 0x1f, 0xf9, 0x80, 0x3e, 0x5f,
    0xf2, 0x1f, 0xf9, 0x80, 0x3e, 0x5f, 0xf2, 0x1f,
    0xf9, 0x80, 0x3e, 0x5f, 0xf2, 0x1f, 0xf9, 0xc0,
    0x3e, 0x6f, 0xf1, 0x97, 0xfa, 0x40, 0x3e, 0x8f,
    0xf1, 0x7, 0xfb, 0x40, 0x3e, 0xcf, 0xf0, 0x2,
    0xbf, 0xce, 0x1, 0xcf, 0xfe, 0xa0, 0x1, 0x7f,
    0xd9, 0xf, 0x19, 0xff, 0x10, 0x4, 0x9f, 0xff,
    0xc8, 0x1, 0xc3, 0x19, 0xdf, 0xd9, 0x2, 0x1,
    0x0,

    /* U+00DB "Û" */
    0x0, 0xf8, 0x40, 0x3f, 0xf8, 0x27, 0xe8, 0x1,
    0xff, 0x1f, 0xfc, 0x60, 0x1f, 0xc5, 0xdc, 0x2d,
    0xe2, 0x0, 0xf8, 0x7b, 0x84, 0x3, 0xdc, 0x20,
    0xf, 0xfe, 0xa9, 0xff, 0x98, 0x3, 0xe5, 0xff,
    0x21, 0xff, 0x98, 0x3, 0xe5, 0xff, 0x21, 0xff,
    0x98, 0x3, 0xe5, 0xff, 0x21, 0xff, 0x98, 0x3,
    0xe5, 0xff, 0x21, 0xff, 0x98, 0x3, 0xe5, 0xff,
    0x21, 0xff, 0x98, 0x3, 0xe5, 0xff, 0x21, 0xff,
    0x98, 0x3, 0xe5, 0xff, 0x21, 0xff, 0x98, 0x3,
    0xe5, 0xff, 0x21, 0xff, 0x98, 0x3, 0xe5, 0xff,
    0x21, 0xff, 0x98, 0x3, 0xe5, 0xff, 0x21, 0xff,
    0x98, 0x3, 0xe5, 0xff, 0x21, 0xff, 0x9c, 0x3,
    0xe6, 0xff, 0x19, 0x7f, 0xa4, 0x3, 0xe8, 0xff,
    0x10, 0x7f, 0xb4, 0x3, 0xec, 0xff, 0x0, 0x2b,
    0xfc, 0xe0, 0x1c, 0xff, 0xea, 0x0, 0x17, 0xfd,
    0x90, 0xf1, 0x9f, 0xf1, 0x0, 0x49, 0xff, 0xfc,
    0x80, 0x1c, 0x31, 0x9d, 0xfd, 0x90, 0x20, 0x10,

    /* U+00DC "Ü" */
    0x0, 0x97, 0xfd, 0x0, 0xff, 0xe7, 0x0, 0xf2,
    0xff, 0xa0, 0x1f, 0xfc, 0xe0, 0x1e, 0x5f, 0xf4,
    0x3, 0xff, 0x9c, 0x3, 0xe1, 0x10, 0x4, 0x22,
    0x0, 0xff, 0xeb, 0x1f, 0xf9, 0x80, 0x3e, 0x5f,
    0xf2, 0x1f, 0xf9, 0x80, 0x3e, 0x5f, 0xf2, 0x1f,
    0xf9, 0x80, 0x3e, 0x5f, 0xf2, 0x1f, 0xf9, 0x80,
    0x3e, 0x5f, 0xf2, 0x1f, 0xf9, 0x80, 0x3e, 0x5f,
    0xf2, 0x1f, 0xf9, 0x80, 0x3e, 0x5f, 0xf2, 0x1f,
    0xf9, 0x80, 0x3e, 0x5f, 0xf2, 0x1f, 0xf9, 0x80,
    0x3e, 0x5f, 0xf2, 0x1f, 0xf9, 0x80, 0x3e, 0x5f,
    0xf2, 0x1f, 0xf9, 0x80, 0x3e, 0x5f, 0xf2, 0x1f,
    0xf9, 0x80, 0x3e, 0x5f, 0xf2, 0x1f, 0xf9, 0xc0,
    0x3e, 0x6f, 0xf1, 0x97, 0xfa, 0x40, 0x3e, 0x8f,
    0xf1, 0x7, 0xfb, 0x40, 0x3e, 0xcf, 0xf0, 0x2,
    0xbf, 0xce, 0x1, 0xcf, 0xfe, 0xa0, 0x1, 0x7f,
    0xd9, 0xf, 0x19, 0xff, 0x10, 0x4, 0x9f, 0xff,
    0xc8, 0x1, 0xc3, 0x19, 0xdf, 0xd9, 0x2, 0x1,
    0x0,

    /* U+00DD "Ý" */
    0x0, 0xfe, 0x28, 0x81, 0x0, 0x7f, 0xf0, 0x37,
    0xe8, 0x3, 0xff, 0x81, 0x3f, 0x60, 0x1f, 0xfc,
    0x4, 0xfc, 0x0, 0xff, 0xe0, 0xb3, 0x88, 0x7,
    0xff, 0x29, 0xff, 0xd0, 0x1, 0xfa, 0xbf, 0xc8,
    0x1b, 0xfe, 0x10, 0xf, 0x1f, 0xfa, 0xc0, 0xb,
    0xfe, 0xa0, 0xf, 0x67, 0xf8, 0x80, 0x2b, 0xff,
    0x10, 0x6, 0x5f, 0xf4, 0x80, 0x62, 0xff, 0x58,
    0x6, 0xef, 0xe1, 0x0, 0xe9, 0xff, 0x20, 0x1,
    0xff, 0xce, 0x1, 0xe1, 0xef, 0xd0, 0x1f, 0xf6,
    0x80, 0x7e, 0x6f, 0xf3, 0x57, 0xf9, 0x0, 0x3f,
    0xb7, 0xfb, 0xfd, 0x60, 0x1f, 0xe4, 0xff, 0xc4,
    0x1, 0xff, 0x57, 0xfa, 0x40, 0x3f, 0xf8, 0xd,
    0xfe, 0x40, 0xf, 0xfe, 0x3, 0x7f, 0x90, 0x3,
    0xff, 0x80, 0xdf, 0xe4, 0x0, 0xff, 0xe0, 0x37,
    0xf9, 0x0, 0x3f, 0xf8, 0xd, 0xfe, 0x40, 0xf,
    0xfe, 0x3, 0x7f, 0x90, 0x3, 0xff, 0x80, 0xdf,
    0xe4, 0x0, 0xf0,

    /* U+00DE "Þ" */
    0xcf, 0x90, 0xf, 0xec, 0xf9, 0x0, 0xfe, 0xcf,
    0xa1, 0x18, 0x3, 0xd9, 0xff, 0xee, 0xa3, 0x0,
    0x67, 0xff, 0xf3, 0x6, 0x7c, 0x80, 0x42, 0xdd,
    0xfe, 0x2c, 0xf9, 0x0, 0xe3, 0xff, 0x3e, 0x7c,
    0x80, 0x7b, 0x7e, 0x73, 0xe4, 0x3, 0xdd, 0xf3,
    0x9f, 0x20, 0x1c, 0x9f, 0xe6, 0xcf, 0xa3, 0x39,
    0x27, 0xfd, 0xc1, 0x9f, 0xff, 0xb8, 0xc3, 0x3f,
    0xfb, 0xb1, 0xc4, 0x1, 0x9f, 0x20, 0x1f, 0xd9,
    0xf2, 0x1, 0xfd, 0x9f, 0x20, 0x1f, 0xd9, 0xf2,
    0x1, 0xfd, 0x9f, 0x20, 0x1f, 0xc0,

    /* U+00DF "ß" */
    0x0, 0x8a, 0x77, 0xbf, 0xb2, 0x4, 0x3, 0x9b,
    0xff, 0xf7, 0x18, 0x4, 0x9f, 0xf5, 0xbb, 0x3d,
    0xff, 0xb0, 0x2, 0xcf, 0xf2, 0x0, 0x74, 0x7f,
    0x80, 0x2f, 0xf5, 0x80, 0x7a, 0xff, 0xc0, 0x2,
    0xff, 0x38, 0x4, 0x73, 0xdf, 0xe7, 0x0, 0x1f,
    0xf9, 0x80, 0x13, 0xff, 0x6b, 0x0, 0x47, 0xfe,
    0x60, 0x6f, 0xf6, 0x20, 0x7, 0x1f, 0xf9, 0x82,
    0x7f, 0x80, 0x3e, 0x3f, 0xf3, 0x4, 0x7f, 0x98,
    0x3, 0xc7, 0xfe, 0x60, 0x2e, 0xff, 0xb1, 0xc8,
    0x0, 0x7f, 0xe6, 0x0, 0x14, 0xff, 0xf4, 0x1,
    0xff, 0x98, 0x3, 0x92, 0x7f, 0xe5, 0x3f, 0xf3,
    0x0, 0x8, 0x3, 0x17, 0xfa, 0x8f, 0xfc, 0xc7,
    0xbe, 0x40, 0x1b, 0xbe, 0x8f, 0xfc, 0xc1, 0xdf,
    0xcc, 0x47, 0x3f, 0xe6, 0x3f, 0xf3, 0x1, 0x77,
    0xff, 0xac, 0xf, 0xfc, 0xc0, 0x1, 0x8d, 0xfe,
    0xc5, 0x0, 0x0,

    /* U+00E0 "à" */
    0x0, 0x67, 0xd8, 0x7, 0xf0, 0xe7, 0xc0, 0x7,
    0xf0, 0xef, 0xa0, 0x7, 0xf0, 0xcc, 0x0, 0x7f,
    0xf1, 0xca, 0x77, 0xfd, 0xb2, 0x40, 0x14, 0x7f,
    0xfe, 0x30, 0x3f, 0xf6, 0x29, 0xa4, 0x7f, 0xb8,
    0x0, 0x8c, 0x1, 0xcf, 0xfe, 0x40, 0xf, 0xc5,
    0xfe, 0x70, 0x3, 0xde, 0xf7, 0x5f, 0xf3, 0x8e,
    0xff, 0xff, 0x3c, 0x7f, 0xa0, 0x40, 0x21, 0xff,
    0x3e, 0x7e, 0x80, 0x72, 0x7f, 0x9e, 0xff, 0x40,
    0x3b, 0x3f, 0xce, 0xef, 0xf3, 0x80, 0x6, 0xbf,
    0xe7, 0xc, 0xff, 0xbb, 0xfc, 0xff, 0xe7, 0x0,
    0x3e, 0x7f, 0xb1, 0x43, 0xbd, 0xc0,

    /* U+00E1 "á" */
    0x0, 0xf9, 0xbf, 0xc8, 0x1, 0xf1, 0xff, 0x90,
    0x3, 0xe1, 0xef, 0x30, 0xf, 0xcb, 0x26, 0x1,
    0xff, 0xc6, 0x29, 0xdf, 0xf6, 0xc9, 0x0, 0x51,
    0xff, 0xf8, 0xc0, 0xff, 0xd8, 0xa6, 0x91, 0xfe,
    0xe0, 0x2, 0x30, 0x7, 0x3f, 0xf9, 0x0, 0x3f,
    0x17, 0xf9, 0xc0, 0xf, 0x7b, 0xdd, 0x7f, 0xce,
    0x3b, 0xff, 0xfc, 0xf1, 0xfe, 0x81, 0x0, 0x87,
    0xfc, 0xf9, 0xfa, 0x1, 0xc9, 0xfe, 0x7b, 0xfd,
    0x0, 0xec, 0xff, 0x3b, 0xbf, 0xce, 0x0, 0x1a,
    0xff, 0x9c, 0x33, 0xfe, 0xef, 0xf3, 0xff, 0x9c,
    0x0, 0xf9, 0xfe, 0xc5, 0xe, 0xf7,

    /* U+00E2 "â" */
    0x0, 0xf0, 0x80, 0x7f, 0xa7, 0x0, 0x3f, 0xa3,
    0xfd, 0x80, 0x1f, 0x3f, 0xca, 0xfd, 0x80, 0x73,
    0x7d, 0x0, 0x1b, 0xe8, 0x3, 0xff, 0x88, 0x53,
    0xbf, 0xed, 0x92, 0x0, 0xa3, 0xff, 0xf1, 0x81,
    0xff, 0xb1, 0x4d, 0x23, 0xfd, 0xc0, 0x4, 0x60,
    0xe, 0x7f, 0xf2, 0x0, 0x7e, 0x2f, 0xf3, 0x80,
    0x1e, 0xf7, 0xba, 0xff, 0x9c, 0x77, 0xff, 0xf9,
    0xe3, 0xfd, 0x2, 0x1, 0xf, 0xf9, 0xf3, 0xf4,
    0x3, 0x93, 0xfc, 0xf7, 0xfa, 0x1, 0xd9, 0xfe,
    0x77, 0x7f, 0x9c, 0x0, 0x35, 0xff, 0x38, 0x67,
    0xfd, 0xdf, 0xe7, 0xff, 0x38, 0x1, 0xf3, 0xfd,
    0x8a, 0x1d, 0xee,

    /* U+00E3 "ã" */
    0x0, 0xd, 0xfd, 0x88, 0x27, 0xa0, 0x5, 0x7f,
    0x5f, 0xa3, 0x3e, 0x40, 0x17, 0xc0, 0x2f, 0xfd,
    0x40, 0x1a, 0x4c, 0x0, 0x70, 0xc0, 0x1f, 0xfc,
    0x52, 0x9d, 0xff, 0x6c, 0x90, 0x5, 0x1f, 0xff,
    0x8c, 0xf, 0xfd, 0x8a, 0x69, 0x1f, 0xee, 0x0,
    0x23, 0x0, 0x73, 0xff, 0x90, 0x3, 0xf1, 0x7f,
    0x9c, 0x0, 0xf7, 0xbd, 0xd7, 0xfc, 0xe3, 0xbf,
    0xff, 0xcf, 0x1f, 0xe8, 0x10, 0x8, 0x7f, 0xcf,
    0x9f, 0xa0, 0x1c, 0x9f, 0xe7, 0xbf, 0xd0, 0xe,
    0xcf, 0xf3, 0xbb, 0xfc, 0xe0, 0x1, 0xaf, 0xf9,
    0xc3, 0x3f, 0xee, 0xff, 0x3f, 0xf9, 0xc0, 0xf,
    0x9f, 0xec, 0x50, 0xef, 0x70,

    /* U+00E4 "ä" */
    0x0, 0x67, 0xf8, 0x83, 0x7f, 0xc0, 0x1b, 0x3f,
    0xc4, 0x1b, 0xfe, 0x0, 0xd9, 0xfe, 0x20, 0xdf,
    0xf0, 0x6, 0x11, 0x80, 0x2, 0x30, 0x7, 0xff,
    0x10, 0xa7, 0x7f, 0xdb, 0x24, 0x1, 0x47, 0xff,
    0xe3, 0x3, 0xff, 0x62, 0x9a, 0x47, 0xfb, 0x80,
    0x8, 0xc0, 0x1c, 0xff, 0xe4, 0x0, 0xfc, 0x5f,
    0xe7, 0x0, 0x3d, 0xef, 0x75, 0xff, 0x38, 0xef,
    0xff, 0xf3, 0xc7, 0xfa, 0x4, 0x2, 0x1f, 0xf3,
    0xe7, 0xe8, 0x7, 0x27, 0xf9, 0xef, 0xf4, 0x3,
    0xb3, 0xfc, 0xee, 0xff, 0x38, 0x0, 0x6b, 0xfe,
    0x70, 0xcf, 0xfb, 0xbf, 0xcf, 0xfe, 0x70, 0x3,
    0xe7, 0xfb, 0x14, 0x3b, 0xdc,

    /* U+00E5 "å" */
    0x0, 0xff, 0xe2, 0x3f, 0xfa, 0x80, 0x3e, 0x5f,
    0x76, 0xea, 0x0, 0xf4, 0xe8, 0x2, 0x34, 0x3,
    0xcd, 0xe8, 0x5b, 0x60, 0x1f, 0x57, 0xfb, 0x44,
    0x3, 0xf1, 0x18, 0x7, 0xc5, 0x3b, 0xfe, 0xd9,
    0x20, 0xa, 0x3f, 0xff, 0x18, 0x1f, 0xfb, 0x14,
    0xd2, 0x3f, 0xdc, 0x0, 0x46, 0x0, 0xe7, 0xff,
    0x20, 0x7, 0xe2, 0xff, 0x38, 0x1, 0xef, 0x7b,
    0xaf, 0xf9, 0xc7, 0x7f, 0xff, 0x9e, 0x3f, 0xd0,
    0x20, 0x10, 0xff, 0x9f, 0x3f, 0x40, 0x39, 0x3f,
    0xcf, 0x7f, 0xa0, 0x1d, 0x9f, 0xe7, 0x77, 0xf9,
    0xc0, 0x3, 0x5f, 0xf3, 0x86, 0x7f, 0xdd, 0xfe,
    0x7f, 0xf3, 0x80, 0x1f, 0x3f, 0xd8, 0xa1, 0xde,
    0xe0,

    /* U+00E6 "æ" */
    0x0, 0xc, 0x67, 0x7e, 0xc8, 0x80, 0x1f, 0x7f,
    0xb1, 0x80, 0x33, 0x7f, 0xfd, 0xc5, 0x7f, 0xfe,
    0xb0, 0x1, 0x7f, 0xb5, 0xd1, 0xf, 0xfe, 0xef,
    0xd6, 0x35, 0xcf, 0xf3, 0x80, 0xa, 0x0, 0x39,
    0x7f, 0xda, 0x1, 0xd7, 0xfc, 0x1, 0xfe, 0xff,
    0x30, 0x7, 0x1f, 0xf8, 0x80, 0xb, 0x5b, 0xdd,
    0xbf, 0xdd, 0xdf, 0x7f, 0x8c, 0x77, 0xff, 0xff,
    0x8c, 0x71, 0xfe, 0xa2, 0x0, 0x87, 0xfc, 0xc0,
    0x1f, 0xd9, 0xfc, 0x1, 0xcd, 0xfe, 0xa0, 0xf,
    0xeb, 0xfe, 0x0, 0xc5, 0xdf, 0xf1, 0x80, 0x62,
    0x80, 0x3, 0xff, 0xb1, 0x96, 0x3f, 0xc9, 0x7f,
    0xe9, 0x55, 0x4f, 0xfa, 0x0, 0x1b, 0xff, 0xe7,
    0x2, 0xef, 0xff, 0x72, 0x0, 0x51, 0xbf, 0xd6,
    0x80, 0x10, 0xc6, 0xff, 0x6c, 0x8, 0x0,

    /* U+00E7 "ç" */
    0x0, 0x9b, 0x3b, 0xf6, 0x4, 0x3, 0x5f, 0xff,
    0xb8, 0xc0, 0x15, 0xfe, 0xb4, 0x43, 0xff, 0xb8,
    0xf, 0xfd, 0x20, 0x19, 0x3f, 0xc9, 0x1f, 0xe1,
    0x0, 0xe4, 0x0, 0x5f, 0xe8, 0x7, 0xf6, 0x7d,
    0x80, 0x7f, 0x5f, 0xe8, 0x7, 0xf4, 0x7f, 0x84,
    0x3, 0x90, 0x0, 0x7f, 0xe9, 0x0, 0xc9, 0xfe,
    0x40, 0xaf, 0xf5, 0xaa, 0x47, 0xfb, 0x80, 0x2b,
    0xff, 0xf7, 0x18, 0x6, 0x6c, 0xff, 0x74, 0x8,
    0x7, 0xdb, 0x0, 0x1f, 0xcd, 0xbf, 0x62, 0x1,
    0xfc, 0x5f, 0x0, 0x1e, 0x19, 0x57, 0xf7, 0x0,
    0xf1, 0x5f, 0xf4, 0x80, 0x60,

    /* U+00E8 "è" */
    0x0, 0x67, 0xd8, 0x7, 0xf0, 0xef, 0xb8, 0x7,
    0xf0, 0xef, 0x98, 0x7, 0xf0, 0xcc, 0x0, 0x7f,
    0xf2, 0x1b, 0x3f, 0xdb, 0x22, 0x1, 0xb3, 0xff,
    0xdc, 0x60, 0xa, 0xff, 0x41, 0x99, 0xbb, 0xf8,
    0xf, 0xfc, 0xa0, 0x18, 0x7f, 0xcd, 0x1f, 0xa0,
    0x1e, 0xaf, 0xbb, 0x7f, 0xbb, 0xbd, 0xfe, 0xdc,
    0xff, 0xff, 0x6e, 0x7e, 0x0, 0x7f, 0x4f, 0xf8,
    0x40, 0x3f, 0x1f, 0xfa, 0x80, 0x39, 0x8c, 0x1,
    0x7f, 0xec, 0x64, 0x6c, 0xfe, 0x20, 0x1c, 0xff,
    0xfa, 0x80, 0x33, 0x67, 0x7e, 0xd2, 0x0, 0x0,

    /* U+00E9 "é" */
    0x0, 0xf9, 0xbf, 0xc8, 0x1, 0xf1, 0xff, 0x8c,
    0x3, 0xe1, 0xef, 0x30, 0xf, 0xcd, 0x26, 0x1,
    0xff, 0xc7, 0x6c, 0xff, 0x6c, 0x88, 0x6, 0xcf,
    0xff, 0x71, 0x80, 0x2b, 0xfd, 0x6, 0x66, 0xef,
    0xe0, 0x3f, 0xf2, 0x80, 0x61, 0xff, 0x34, 0x7e,
    0x80, 0x7a, 0xbe, 0xed, 0xfe, 0xee, 0xf7, 0xfb,
    0x73, 0xff, 0xfd, 0xb9, 0xf8, 0x1, 0xfd, 0x3f,
    0xe1, 0x0, 0xfc, 0x7f, 0xea, 0x0, 0xe6, 0x30,
    0x5, 0xff, 0xb1, 0x91, 0xb3, 0xf8, 0x80, 0x73,
    0xff, 0xea, 0x0, 0xcd, 0x9d, 0xfb, 0x48, 0x0,

    /* U+00EA "ê" */
    0x0, 0xe3, 0x50, 0xf, 0xe2, 0xef, 0x40, 0xf,
    0x8b, 0xb9, 0x9e, 0x80, 0x1c, 0x3b, 0xc4, 0x3b,
    0xe6, 0x1, 0x96, 0xc, 0x0, 0x2e, 0xc0, 0x1f,
    0xfc, 0x56, 0xcf, 0xf6, 0xc8, 0x80, 0x6c, 0xff,
    0xf7, 0x18, 0x2, 0xbf, 0xd0, 0x66, 0x6e, 0xfe,
    0x3, 0xff, 0x28, 0x6, 0x1f, 0xf3, 0x47, 0xe8,
    0x7, 0xab, 0xee, 0xdf, 0xee, 0xef, 0x7f, 0xb7,
    0x3f, 0xff, 0xdb, 0x9f, 0x80, 0x1f, 0xd3, 0xfe,
    0x10, 0xf, 0xc7, 0xfe, 0xa0, 0xe, 0x63, 0x0,
    0x5f, 0xfb, 0x19, 0x1b, 0x3f, 0x88, 0x7, 0x3f,
    0xfe, 0xa0, 0xc, 0xd9, 0xdf, 0xb4, 0x80, 0x0,

    /* U+00EB "ë" */
    0x0, 0x67, 0xf8, 0x43, 0x7f, 0xc0, 0x1b, 0x3f,
    0xc2, 0x1b, 0xfe, 0x0, 0xd9, 0xfe, 0x10, 0xdf,
    0xf0, 0x6, 0x11, 0x80, 0x2, 0x30, 0x7, 0xff,
    0x15, 0xb3, 0xfd, 0xb2, 0x20, 0x1b, 0x3f, 0xfd,
    0xc6, 0x0, 0xaf, 0xf4, 0x19, 0x9b, 0xbf, 0x80,
    0xff, 0xca, 0x1, 0x87, 0xfc, 0xd1, 0xfa, 0x1,
    0xea, 0xfb, 0xb7, 0xfb, 0xbb, 0xdf, 0xed, 0xcf,
    0xff, 0xf6, 0xe7, 0xe0, 0x7, 0xf4, 0xff, 0x84,
    0x3, 0xf1, 0xff, 0xa8, 0x3, 0x98, 0xc0, 0x17,
    0xfe, 0xc6, 0x46, 0xcf, 0xe2, 0x1, 0xcf, 0xff,
    0xa8, 0x3, 0x36, 0x77, 0xed, 0x20, 0x0,

    /* U+00EC "ì" */
    0x1d, 0xfa, 0x0, 0xc3, 0xbe, 0xc0, 0x18, 0x77,
    0xcc, 0x3, 0xb, 0xa8, 0x7, 0xfc, 0x9f, 0xe4,
    0x0, 0x93, 0xfc, 0x80, 0x12, 0x7f, 0x90, 0x2,
    0x4f, 0xf2, 0x0, 0x49, 0xfe, 0x40, 0x9, 0x3f,
    0xc8, 0x1, 0x27, 0xf9, 0x0, 0x24, 0xff, 0x20,
    0x4, 0x9f, 0xe4, 0x0, 0x93, 0xfc, 0x80, 0x12,
    0x7f, 0x90, 0x2, 0x4f, 0xf2, 0x0, 0x49, 0xfe,
    0x40,

    /* U+00ED "í" */
    0x0, 0xa3, 0xf8, 0xc0, 0xb, 0xfc, 0x40, 0x3,
    0xfd, 0x10, 0x9, 0x5c, 0x40, 0x3f, 0xc9, 0xfe,
    0x40, 0x9, 0x3f, 0xc8, 0x1, 0x27, 0xf9, 0x0,
    0x24, 0xff, 0x20, 0x4, 0x9f, 0xe4, 0x0, 0x93,
    0xfc, 0x80, 0x12, 0x7f, 0x90, 0x2, 0x4f, 0xf2,
    0x0, 0x49, 0xfe, 0x40, 0x9, 0x3f, 0xc8, 0x1,
    0x27, 0xf9, 0x0, 0x24, 0xff, 0x20, 0x4, 0x9f,
    0xe4, 0x0, 0x80,

    /* U+00EE "î" */
    0x0, 0xff, 0xae, 0xc0, 0x1d, 0x5f, 0xea, 0x0,
    0xa7, 0xdd, 0xbe, 0x42, 0x3e, 0x40, 0x11, 0xf0,
    0x1, 0xfe, 0x4f, 0xf2, 0x0, 0x64, 0xff, 0x20,
    0x6, 0x4f, 0xf2, 0x0, 0x64, 0xff, 0x20, 0x6,
    0x4f, 0xf2, 0x0, 0x64, 0xff, 0x20, 0x6, 0x4f,
    0xf2, 0x0, 0x64, 0xff, 0x20, 0x6, 0x4f, 0xf2,
    0x0, 0x64, 0xff, 0x20, 0x6, 0x4f, 0xf2, 0x0,
    0x64, 0xff, 0x20, 0x6, 0x4f, 0xf2, 0x0, 0x0,

    /* U+00EF "ï" */
    0xef, 0xf0, 0x3, 0xfd, 0xdc, 0xff, 0x0, 0x3f,
    0xdd, 0xcf, 0xf0, 0x3, 0xfd, 0xc2, 0x30, 0x0,
    0x46, 0x0, 0xff, 0x27, 0xf9, 0x0, 0x32, 0x7f,
    0x90, 0x3, 0x27, 0xf9, 0x0, 0x32, 0x7f, 0x90,
    0x3, 0x27, 0xf9, 0x0, 0x32, 0x7f, 0x90, 0x3,
    0x27, 0xf9, 0x0, 0x32, 0x7f, 0x90, 0x3, 0x27,
    0xf9, 0x0, 0x32, 0x7f, 0x90, 0x3, 0x27, 0xf9,
    0x0, 0x32, 0x7f, 0x90, 0x3, 0x27, 0xf9, 0x0,
    0x0,

    /* U+00F0 "ð" */
    0x0, 0xc9, 0xfd, 0x90, 0x40, 0x1f, 0xc7, 0x79,
    0xff, 0x59, 0x24, 0x18, 0x7, 0xc5, 0x7f, 0xf6,
    0x38, 0x80, 0x73, 0x77, 0x29, 0xfb, 0xec, 0x3,
    0xe2, 0x20, 0x4, 0x3d, 0xe4, 0x1, 0xc9, 0x5d,
    0xfa, 0xe1, 0x3e, 0xe0, 0x1a, 0xff, 0xfd, 0x6d,
    0xf6, 0x1, 0x67, 0xfa, 0x90, 0x89, 0x1f, 0x7f,
    0x80, 0x8, 0xff, 0x28, 0x7, 0x37, 0xfb, 0x40,
    0x1f, 0xe9, 0x0, 0xfb, 0xbf, 0x41, 0x3f, 0xc4,
    0x1, 0xf6, 0x7d, 0x83, 0x7f, 0x80, 0x3f, 0x67,
    0xc8, 0x3f, 0xf8, 0x3, 0xe1, 0xff, 0x28, 0x2f,
    0xf8, 0x80, 0x3d, 0x1f, 0xc0, 0x1, 0xff, 0x50,
    0x7, 0x2f, 0xf9, 0xc0, 0x29, 0xff, 0x62, 0x9a,
    0xd7, 0xfb, 0x0, 0x3a, 0xff, 0xfe, 0xb1, 0x0,
    0xf2, 0xdf, 0x7f, 0x5a, 0x80, 0x70,

    /* U+00F1 "ñ" */
    0x0, 0x16, 0x7d, 0x0, 0x17, 0xcc, 0x2, 0xce,
    0xbf, 0xc1, 0xaf, 0x10, 0x1, 0x7b, 0x3, 0x7f,
    0xd2, 0x1, 0xc, 0x90, 0x0, 0xe1, 0x40, 0x3f,
    0xf8, 0x67, 0xfe, 0x53, 0xbe, 0xfd, 0x70, 0x1,
    0xff, 0xab, 0xff, 0xd6, 0x7, 0xff, 0x59, 0x1,
    0x67, 0xf9, 0x4f, 0xfd, 0xc0, 0x18, 0xbf, 0xd2,
    0x7f, 0xe9, 0x0, 0xee, 0xfb, 0x3f, 0xf3, 0x0,
    0x76, 0xfd, 0x9f, 0xf9, 0x40, 0x3b, 0x7e, 0xcf,
    0xfc, 0xa0, 0x1d, 0xbf, 0x67, 0xfe, 0x50, 0xe,
    0xdf, 0xb3, 0xff, 0x28, 0x7, 0x6f, 0xd9, 0xff,
    0x94, 0x3, 0xb7, 0xec, 0xff, 0xca, 0x1, 0xdb,
    0xf6, 0x7f, 0xe5, 0x0, 0xed, 0xfb,

    /* U+00F2 "ò" */
    0x0, 0x47, 0xf8, 0x80, 0x3f, 0xd1, 0xf8, 0x1,
    0xff, 0x47, 0xc8, 0x7, 0xfc, 0xf2, 0x20, 0x1f,
    0xfc, 0x94, 0xae, 0xfd, 0xa3, 0x0, 0xe9, 0xff,
    0xfa, 0x0, 0x28, 0xff, 0x62, 0xa2, 0xe7, 0xf9,
    0xc0, 0xbf, 0xd4, 0x1, 0xd7, 0xfe, 0x18, 0xff,
    0x8, 0x7, 0x17, 0xf9, 0xef, 0xf4, 0x3, 0xed,
    0xfa, 0xcf, 0xb0, 0xf, 0xb3, 0xf2, 0xff, 0x40,
    0x3e, 0xdf, 0xa8, 0xff, 0x8, 0x7, 0x17, 0xf9,
    0xcb, 0xfd, 0x60, 0x1d, 0x7f, 0xe1, 0x8, 0xff,
    0x63, 0x23, 0x6f, 0xf9, 0xc0, 0x29, 0xff, 0xfa,
    0x0, 0x39, 0x2b, 0xbf, 0xa8, 0xc0, 0x20,

    /* U+00F3 "ó" */
    0x0, 0xf8, 0x7b, 0xe4, 0x3, 0xfb, 0x3e, 0x40,
    0x3f, 0xa7, 0xe0, 0x3, 0xf8, 0xa5, 0xc0, 0x3f,
    0xf9, 0x29, 0x5d, 0xfb, 0x46, 0x1, 0xd3, 0xff,
    0xf4, 0x0, 0x51, 0xfe, 0xc5, 0x45, 0xcf, 0xf3,
    0x81, 0x7f, 0xa8, 0x3, 0xaf, 0xfc, 0x31, 0xfe,
    0x10, 0xe, 0x2f, 0xf3, 0xdf, 0xe8, 0x7, 0xdb,
    0xf5, 0x9f, 0x60, 0x1f, 0x67, 0xe5, 0xfe, 0x80,
    0x7d, 0xbf, 0x51, 0xfe, 0x10, 0xe, 0x2f, 0xf3,
    0x97, 0xfa, 0xc0, 0x3a, 0xff, 0xc2, 0x11, 0xfe,
    0xc6, 0x46, 0xdf, 0xf3, 0x80, 0x53, 0xff, 0xf4,
    0x0, 0x72, 0x57, 0x7f, 0x51, 0x80, 0x40,

    /* U+00F4 "ô" */
    0x0, 0xf4, 0x0, 0x7f, 0xd7, 0xf4, 0x1, 0xfd,
    0x5f, 0x5f, 0x20, 0x1f, 0x47, 0xb8, 0x47, 0xc0,
    0x7, 0x14, 0x30, 0x4, 0xd0, 0x20, 0x1f, 0xfc,
    0x64, 0xae, 0xfd, 0xa3, 0x0, 0xe9, 0xff, 0xfa,
    0x0, 0x28, 0xff, 0x62, 0xa2, 0xe7, 0xf9, 0xc0,
    0xbf, 0xd4, 0x1, 0xd7, 0xfe, 0x18, 0xff, 0x8,
    0x7, 0x17, 0xf9, 0xef, 0xf4, 0x3, 0xed, 0xfa,
    0xcf, 0xb0, 0xf, 0xb3, 0xf2, 0xff, 0x40, 0x3e,
    0xdf, 0xa8, 0xff, 0x8, 0x7, 0x17, 0xf9, 0xcb,
    0xfd, 0x60, 0x1d, 0x7f, 0xe1, 0x8, 0xff, 0x63,
    0x23, 0x6f, 0xf9, 0xc0, 0x29, 0xff, 0xfa, 0x0,
    0x39, 0x2b, 0xbf, 0xa8, 0xc0, 0x20,

    /* U+00F5 "õ" */
    0x0, 0xa7, 0xb5, 0xc0, 0x1d, 0x40, 0x19, 0xfe,
    0xf7, 0xf2, 0xfd, 0x80, 0x35, 0xe8, 0x2, 0x3b,
    0x92, 0x1, 0xff, 0xd4, 0x4a, 0xef, 0xda, 0x30,
    0xe, 0x9f, 0xff, 0xa0, 0x2, 0x8f, 0xf6, 0x2a,
    0x2e, 0x7f, 0x9c, 0xb, 0xfd, 0x40, 0x1d, 0x7f,
    0xe1, 0x8f, 0xf0, 0x80, 0x71, 0x7f, 0x9e, 0xff,
    0x40, 0x3e, 0xdf, 0xac, 0xfb, 0x0, 0xfb, 0x3f,
    0x2f, 0xf4, 0x3, 0xed, 0xfa, 0x8f, 0xf0, 0x80,
    0x71, 0x7f, 0x9c, 0xbf, 0xd6, 0x1, 0xd7, 0xfe,
    0x10, 0x8f, 0xf6, 0x32, 0x36, 0xff, 0x9c, 0x2,
    0x9f, 0xff, 0xa0, 0x3, 0x92, 0xbb, 0xfa, 0x8c,
    0x2,

    /* U+00F6 "ö" */
    0x0, 0x37, 0xf9, 0xc2, 0x3f, 0xcc, 0x1, 0x9b,
    0xfc, 0xe1, 0x1f, 0xe6, 0x0, 0xcd, 0xfe, 0x70,
    0x8f, 0xf3, 0x0, 0x70, 0x88, 0x2, 0x11, 0x0,
    0x7f, 0xf1, 0xd2, 0xbb, 0xf6, 0x8c, 0x3, 0xa7,
    0xff, 0xe8, 0x0, 0xa3, 0xfd, 0x8a, 0x8b, 0x9f,
    0xe7, 0x2, 0xff, 0x50, 0x7, 0x5f, 0xf8, 0x63,
    0xfc, 0x20, 0x1c, 0x5f, 0xe7, 0xbf, 0xd0, 0xf,
    0xb7, 0xeb, 0x3e, 0xc0, 0x3e, 0xcf, 0xcb, 0xfd,
    0x0, 0xfb, 0x7e, 0xa3, 0xfc, 0x20, 0x1c, 0x5f,
    0xe7, 0x2f, 0xf5, 0x80, 0x75, 0xff, 0x84, 0x23,
    0xfd, 0x8c, 0x8d, 0xbf, 0xe7, 0x0, 0xa7, 0xff,
    0xe8, 0x0, 0xe4, 0xae, 0xfe, 0xa3, 0x0, 0x80,

    /* U+00F7 "÷" */
    0x0, 0xe2, 0x28, 0x3, 0xf1, 0xff, 0xb0, 0x3,
    0xf1, 0xff, 0xb0, 0x3, 0xf1, 0xff, 0xb0, 0x3,
    0xff, 0x88, 0xdf, 0xff, 0xf3, 0x7f, 0xff, 0xc0,
    0x1f, 0xfc, 0x53, 0x31, 0x0, 0x7e, 0x3f, 0xf6,
    0x0, 0x7e, 0x3f, 0xf6, 0x0, 0x7e, 0x3f, 0xf6,
    0x0, 0x60,

    /* U+00F8 "ø" */
    0x0, 0xff, 0x63, 0x80, 0x64, 0xae, 0xfd, 0xab,
    0xd0, 0xd, 0x3f, 0xff, 0x60, 0x5, 0x1f, 0xec,
    0x54, 0x5f, 0xf9, 0xc0, 0xbf, 0xd4, 0x1, 0x27,
    0x67, 0xf8, 0x63, 0xfc, 0x20, 0x17, 0x29, 0x7f,
    0x9e, 0xff, 0x40, 0x28, 0xb0, 0x6, 0xfd, 0x67,
    0xd8, 0x0, 0xbc, 0x80, 0x19, 0xf9, 0x7f, 0xa0,
    0xc, 0x70, 0xb, 0x7e, 0xa3, 0xfc, 0x2d, 0xa0,
    0x11, 0x7f, 0x9c, 0xbf, 0xd9, 0xe6, 0x1, 0x5f,
    0xf8, 0x42, 0x3f, 0xe6, 0x46, 0xdf, 0xf3, 0x80,
    0x5b, 0xff, 0xf4, 0x0, 0x6d, 0xaa, 0x77, 0xf5,
    0x18, 0x6, 0x8c, 0x0, 0xff, 0x0,

    /* U+00F9 "ù" */
    0x1, 0xdf, 0xa0, 0xf, 0xe1, 0xcf, 0x70, 0xf,
    0xe1, 0xcf, 0x40, 0xf, 0xf3, 0xb0, 0x7, 0xff,
    0x15, 0xbf, 0xc4, 0x1, 0xdf, 0xe9, 0x6f, 0xf1,
    0x0, 0x77, 0xfa, 0x5b, 0xfc, 0x40, 0x1d, 0xfe,
    0x96, 0xff, 0x10, 0x7, 0x7f, 0xa5, 0xbf, 0xc4,
    0x1, 0xdf, 0xe9, 0x6f, 0xf1, 0x0, 0x77, 0xfa,
    0x5b, 0xfc, 0x40, 0x1d, 0xfe, 0x96, 0xff, 0x10,
    0x6, 0x1f, 0xf4, 0xaf, 0xf9, 0x0, 0x32, 0x7f,
    0xa4, 0xff, 0xd2, 0x1, 0xaf, 0xfd, 0x21, 0xdf,
    0xe9, 0x45, 0xbf, 0xfa, 0x41, 0x7f, 0xfd, 0x5f,
    0xe9, 0x0, 0x25, 0xf7, 0xe3, 0x7, 0xfa, 0x40,

    /* U+00FA "ú" */
    0x0, 0xf9, 0xff, 0xc6, 0x1, 0xf2, 0x7f, 0x18,
    0x7, 0xc5, 0xfc, 0x40, 0x1f, 0x95, 0xc4, 0x3,
    0xff, 0x88, 0xdf, 0xe2, 0x0, 0xef, 0xf4, 0xb7,
    0xf8, 0x80, 0x3b, 0xfd, 0x2d, 0xfe, 0x20, 0xe,
    0xff, 0x4b, 0x7f, 0x88, 0x3, 0xbf, 0xd2, 0xdf,
    0xe2, 0x0, 0xef, 0xf4, 0xb7, 0xf8, 0x80, 0x3b,
    0xfd, 0x2d, 0xfe, 0x20, 0xe, 0xff, 0x4b, 0x7f,
    0x88, 0x3, 0xf, 0xfa, 0x57, 0xfc, 0x80, 0x19,
    0x3f, 0xd2, 0x7f, 0xe9, 0x0, 0xd7, 0xfe, 0x90,
    0xef, 0xf4, 0xa2, 0xdf, 0xfd, 0x20, 0xbf, 0xfe,
    0xaf, 0xf4, 0x80, 0x12, 0xfb, 0xf1, 0x83, 0xfd,
    0x20,

    /* U+00FB "û" */
    0x0, 0xe3, 0x50, 0xf, 0xe2, 0xff, 0x20, 0x7,
    0xc5, 0xdb, 0x9e, 0x60, 0x1c, 0x3b, 0xc4, 0x3b,
    0xe4, 0x1, 0x96, 0xc, 0x0, 0x30, 0xc0, 0x1f,
    0xfc, 0x26, 0xff, 0x10, 0x7, 0x7f, 0xa5, 0xbf,
    0xc4, 0x1, 0xdf, 0xe9, 0x6f, 0xf1, 0x0, 0x77,
    0xfa, 0x5b, 0xfc, 0x40, 0x1d, 0xfe, 0x96, 0xff,
    0x10, 0x7, 0x7f, 0xa5, 0xbf, 0xc4, 0x1, 0xdf,
    0xe9, 0x6f, 0xf1, 0x0, 0x77, 0xfa, 0x5b, 0xfc,
    0x40, 0x18, 0x7f, 0xd2, 0xbf, 0xe4, 0x0, 0xc9,
    0xfe, 0x93, 0xff, 0x48, 0x6, 0xbf, 0xf4, 0x87,
    0x7f, 0xa5, 0x16, 0xff, 0xe9, 0x5, 0xff, 0xf5,
    0x7f, 0xa4, 0x0, 0x97, 0xdf, 0x8c, 0x1f, 0xe9,

    /* U+00FC "ü" */
    0x0, 0x6f, 0xf8, 0x43, 0xbf, 0xc0, 0x1b, 0x7f,
    0xc2, 0x1d, 0xfe, 0x0, 0xdb, 0xfe, 0x10, 0xef,
    0xf0, 0x6, 0x11, 0x80, 0x2, 0x30, 0x7, 0xff,
    0x9, 0xbf, 0xc4, 0x1, 0xdf, 0xe9, 0x6f, 0xf1,
    0x0, 0x77, 0xfa, 0x5b, 0xfc, 0x40, 0x1d, 0xfe,
    0x96, 0xff, 0x10, 0x7, 0x7f, 0xa5, 0xbf, 0xc4,
    0x1, 0xdf, 0xe9, 0x6f, 0xf1, 0x0, 0x77, 0xfa,
    0x5b, 0xfc, 0x40, 0x1d, 0xfe, 0x96, 0xff, 0x10,
    0x6, 0x1f, 0xf4, 0xaf, 0xf9, 0x0, 0x32, 0x7f,
    0xa4, 0xff, 0xd2, 0x1, 0xaf, 0xfd, 0x21, 0xdf,
    0xe9, 0x45, 0xbf, 0xfa, 0x41, 0x7f, 0xfd, 0x5f,
    0xe9, 0x0, 0x25, 0xf7, 0xe3, 0x7, 0xfa, 0x40,

    /* U+00FD "ý" */
    0x0, 0xfd, 0x5f, 0xa2, 0x1, 0xfd, 0x1f, 0x82,
    0x1, 0xfc, 0xbf, 0x60, 0x1f, 0xf3, 0x30, 0x3,
    0xff, 0x90, 0x9f, 0xe8, 0x0, 0xf6, 0xff, 0x0,
    0x37, 0xf4, 0x3, 0x8f, 0xfc, 0xe0, 0x7, 0xff,
    0x18, 0x6, 0x9f, 0xf0, 0x80, 0x7, 0xfd, 0x20,
    0x1b, 0xbe, 0x80, 0x35, 0x7f, 0x80, 0x25, 0xff,
    0x20, 0x6, 0x3f, 0xf2, 0x80, 0x2f, 0xf4, 0x3,
    0xd9, 0xf6, 0x3, 0xfe, 0x70, 0xf, 0x37, 0xf8,
    0x5f, 0xfc, 0x20, 0x1f, 0x7f, 0x9f, 0x7e, 0x80,
    0x3f, 0x4f, 0xf7, 0xf8, 0xc0, 0x3f, 0x17, 0xfd,
    0xa0, 0x1f, 0xec, 0xff, 0x30, 0x7, 0xfb, 0x3f,
    0xc0, 0x1f, 0xe2, 0xff, 0x48, 0x7, 0xfa, 0x7f,
    0xc4, 0x1, 0xfe, 0xff, 0x60, 0x7, 0xf9, 0xbf,
    0xca, 0x1, 0xfe, 0xdf, 0xe0, 0xf, 0xc0,

    /* U+00FE "þ" */
    0x6f, 0xf1, 0x0, 0x7f, 0x37, 0xf8, 0x80, 0x3f,
    0x9b, 0xfc, 0x40, 0x1f, 0xcd, 0xfe, 0x20, 0xf,
    0xe6, 0xff, 0x10, 0x7, 0xf3, 0x7f, 0x88, 0x95,
    0xdf, 0xae, 0x1, 0x37, 0xf9, 0xff, 0xfd, 0x80,
    0x6, 0xff, 0xb5, 0x91, 0x73, 0xfd, 0x0, 0xdf,
    0xee, 0x0, 0xeb, 0xff, 0xb, 0x7f, 0x90, 0x3,
    0x8f, 0xfc, 0xad, 0xfe, 0x0, 0xfb, 0xfc, 0xed,
    0xfc, 0x1, 0xf7, 0xfa, 0x5b, 0xfc, 0x1, 0xf7,
    0xfa, 0x1b, 0xfc, 0x80, 0x1c, 0x9f, 0xe5, 0x6f,
    0xf7, 0x0, 0x76, 0x7f, 0x85, 0xbf, 0xed, 0x64,
    0x5c, 0xff, 0x48, 0x37, 0xf9, 0xbf, 0xfd, 0x80,
    0x6, 0xff, 0x11, 0x2b, 0xbf, 0x5c, 0x2, 0x6f,
    0xf1, 0x0, 0x7f, 0x37, 0xf8, 0x80, 0x3f, 0x9b,
    0xfc, 0x40, 0x1f, 0xcd, 0xfe, 0x20, 0xf, 0xe6,
    0xff, 0x10, 0x7, 0xf0,

    /* U+00FF "ÿ" */
    0x0, 0xbf, 0xda, 0x5, 0xfe, 0xc0, 0xf, 0x7f,
    0xb4, 0xb, 0xfd, 0x80, 0x1e, 0xff, 0x68, 0x17,
    0xfb, 0x0, 0x3c, 0x23, 0x0, 0x4, 0x60, 0xf,
    0xfe, 0x2a, 0x7f, 0xa0, 0x3, 0xdb, 0xfc, 0x0,
    0xdf, 0xd0, 0xe, 0x3f, 0xf3, 0x80, 0x1f, 0xfc,
    0x60, 0x1a, 0x7f, 0xc2, 0x0, 0x1f, 0xf4, 0x80,
    0x6e, 0xfa, 0x0, 0xd5, 0xfe, 0x0, 0x97, 0xfc,
    0x80, 0x18, 0xff, 0xca, 0x0, 0xbf, 0xd0, 0xf,
    0x67, 0xd8, 0xf, 0xf9, 0xc0, 0x3c, 0xdf, 0xe1,
    0x7f, 0xf0, 0x80, 0x7d, 0xfe, 0x7d, 0xfa, 0x0,
    0xfd, 0x3f, 0xdf, 0xe3, 0x0, 0xfc, 0x5f, 0xf6,
    0x80, 0x7f, 0xb3, 0xfc, 0xc0, 0x1f, 0xec, 0xff,
    0x0, 0x7f, 0x8b, 0xfd, 0x20, 0x1f, 0xe9, 0xff,
    0x10, 0x7, 0xfb, 0xfd, 0x80, 0x1f, 0xe6, 0xff,
    0x28, 0x7, 0xfb, 0x7f, 0x80, 0x3f, 0x0,

    /* U+0100 "Ā" */
    0x0, 0xc3, 0xff, 0xf0, 0x7, 0xfa, 0x23, 0xe0,
    0xf, 0xff, 0x16, 0x7d, 0x0, 0x7f, 0xf0, 0x4b,
    0xfe, 0x10, 0xf, 0xfe, 0x4, 0xff, 0xce, 0x1,
    0xff, 0xc0, 0xef, 0xfb, 0x40, 0x3f, 0xe5, 0xff,
    0x47, 0xf8, 0xc0, 0x3f, 0xd9, 0xfa, 0x1d, 0xf2,
    0x1, 0xfc, 0x5f, 0xe7, 0x9, 0xff, 0x0, 0x7f,
    0x47, 0xf8, 0x40, 0xff, 0xcc, 0x1, 0xfb, 0xbe,
    0xc0, 0x2d, 0xfc, 0x0, 0xf9, 0x7f, 0xcc, 0x1,
    0x3f, 0xf8, 0x80, 0x3d, 0x7f, 0xe0, 0xc, 0x5f,
    0xe8, 0x0, 0xe1, 0xff, 0x72, 0xaf, 0x7f, 0xb8,
    0x3, 0x9f, 0xff, 0xfe, 0x50, 0xd, 0xbf, 0xff,
    0xf5, 0x80, 0x49, 0xfe, 0x80, 0xf, 0xab, 0xfc,
    0x40, 0xa, 0xff, 0x18, 0x7, 0xcb, 0xfe, 0x80,
    0x1f, 0xf6, 0x80, 0x7f, 0x77, 0xf0, 0x3f, 0xf9,
    0xc0, 0x3f, 0xa7, 0xfc, 0x80,

    /* U+0101 "ā" */
    0x0, 0x1c, 0x47, 0x94, 0x3, 0x3f, 0xff, 0xa8,
    0x3, 0xff, 0xa0, 0x53, 0xbf, 0xed, 0x92, 0x0,
    0xa3, 0xff, 0xf1, 0x81, 0xff, 0xb1, 0x4d, 0x23,
    0xfd, 0xc0, 0x4, 0x60, 0xe, 0x7f, 0xf2, 0x0,
    0x7e, 0x2f, 0xf3, 0x80, 0x1e, 0xf7, 0xba, 0xff,
    0x9c, 0x77, 0xff, 0xf9, 0xe3, 0xfd, 0x2, 0x1,
    0xf, 0xf9, 0xf3, 0xf4, 0x3, 0x93, 0xfc, 0xf7,
    0xfa, 0x1, 0xd9, 0xfe, 0x77, 0x7f, 0x9c, 0x0,
    0x35, 0xff, 0x38, 0x67, 0xfd, 0xdf, 0xe7, 0xff,
    0x38, 0x1, 0xf3, 0xfd, 0x8a, 0x1d, 0xee,

    /* U+0102 "Ă" */
    0x0, 0xc9, 0x4, 0x1, 0x1c, 0x18, 0x7, 0xe6,
    0xf8, 0x0, 0xab, 0xd0, 0x3, 0xf0, 0xf7, 0xdc,
    0xe7, 0xe8, 0x7, 0xf8, 0xaf, 0xbf, 0x64, 0x40,
    0x3f, 0xfa, 0x39, 0xf4, 0x1, 0xff, 0xc1, 0x2f,
    0xf8, 0x40, 0x3f, 0xf8, 0x13, 0xff, 0x38, 0x7,
    0xff, 0x3, 0xbf, 0xed, 0x0, 0xff, 0x97, 0xfd,
    0x1f, 0xe3, 0x0, 0xff, 0x67, 0xe8, 0x77, 0xc8,
    0x7, 0xf1, 0x7f, 0x9c, 0x27, 0xfc, 0x1, 0xfd,
    0x1f, 0xe1, 0x3, 0xff, 0x30, 0x7, 0xee, 0xfb,
    0x0, 0xb7, 0xf0, 0x3, 0xe5, 0xff, 0x30, 0x4,
    0xff, 0xe2, 0x0, 0xf5, 0xff, 0x80, 0x31, 0x7f,
    0xa0, 0x3, 0x87, 0xfd, 0xca, 0xbd, 0xfe, 0xe0,
    0xe, 0x7f, 0xff, 0xf9, 0x40, 0x36, 0xff, 0xff,
    0xd6, 0x1, 0x27, 0xfa, 0x0, 0x3e, 0xaf, 0xf1,
    0x0, 0x2b, 0xfc, 0x60, 0x1f, 0x2f, 0xfa, 0x0,
    0x7f, 0xda, 0x1, 0xfd, 0xdf, 0xc0, 0xff, 0xe7,
    0x0, 0xfe, 0x9f, 0xf2, 0x0,

    /* U+0103 "ă" */
    0x0, 0x67, 0x0, 0x69, 0xf0, 0xd, 0x3f, 0x2,
    0x9, 0xfa, 0x1, 0x87, 0x7f, 0xf7, 0x18, 0x7,
    0x91, 0xdc, 0xa0, 0x1f, 0xfc, 0x62, 0x9d, 0xff,
    0x6c, 0x90, 0x5, 0x1f, 0xff, 0x8c, 0xf, 0xfd,
    0x8a, 0x69, 0x1f, 0xee, 0x0, 0x23, 0x0, 0x73,
    0xff, 0x90, 0x3, 0xf1, 0x7f, 0x9c, 0x0, 0xf7,
    0xbd, 0xd7, 0xfc, 0xe3, 0xbf, 0xff, 0xcf, 0x1f,
    0xe8, 0x10, 0x8, 0x7f, 0xcf, 0x9f, 0xa0, 0x1c,
    0x9f, 0xe7, 0xbf, 0xd0, 0xe, 0xcf, 0xf3, 0xbb,
    0xfc, 0xe0, 0x1, 0xaf, 0xf9, 0xc3, 0x3f, 0xee,
    0xff, 0x3f, 0xf9, 0xc0, 0xf, 0x9f, 0xec, 0x50,
    0xef, 0x70,

    /* U+0104 "Ą" */
    0x0, 0xfb, 0x3e, 0x80, 0x3f, 0xf8, 0x45, 0xff,
    0x8, 0x7, 0xff, 0x6, 0x7f, 0xe7, 0x0, 0xff,
    0xe0, 0xf7, 0xfd, 0xa0, 0x1f, 0xfc, 0x5, 0xff,
    0x47, 0xf8, 0xc0, 0x3f, 0xec, 0xfd, 0xe, 0xf9,
    0x0, 0xff, 0x17, 0xf9, 0xc2, 0x7f, 0xc0, 0x1f,
    0xe8, 0xff, 0x8, 0x1f, 0xf9, 0x80, 0x3f, 0xbb,
    0xec, 0x2, 0xdf, 0xc0, 0xf, 0xcb, 0xfe, 0x60,
    0x9, 0xff, 0xc4, 0x1, 0xf5, 0xff, 0x80, 0x31,
    0x7f, 0xa0, 0x3, 0xc3, 0xfe, 0xe5, 0x5e, 0xff,
    0x70, 0x7, 0x9f, 0xff, 0xfe, 0x50, 0xe, 0xdf,
    0xff, 0xfa, 0xc0, 0x32, 0x7f, 0xa0, 0x3, 0xea,
    0xff, 0x10, 0x5, 0x5f, 0xe3, 0x0, 0xf9, 0x7f,
    0xd0, 0x0, 0x1f, 0xf6, 0x80, 0x7f, 0x77, 0xf0,
    0x1, 0xff, 0xce, 0x1, 0xfd, 0x3f, 0xe4, 0x0,
    0xff, 0xe1, 0x4f, 0x28, 0x7, 0xff, 0xa, 0x78,
    0x40, 0x3f, 0xf8, 0x7f, 0x0, 0x1f, 0xfc, 0x4e,
    0xe3, 0xde, 0x80, 0x7f, 0xf0, 0x53, 0x7f, 0x54,
    0x0,

    /* U+0105 "ą" */
    0x0, 0x14, 0xef, 0xfb, 0x64, 0x80, 0x34, 0x7f,
    0xfe, 0x30, 0x1, 0xff, 0xb1, 0x4d, 0x23, 0xfd,
    0xc0, 0x12, 0x30, 0x7, 0x3f, 0xf9, 0x0, 0x3f,
    0x8b, 0xfc, 0xe0, 0x13, 0xde, 0xf7, 0x5f, 0xf3,
    0x80, 0xef, 0xff, 0xf3, 0x84, 0x7f, 0xa0, 0x40,
    0x21, 0xff, 0x38, 0x67, 0xe8, 0x7, 0x27, 0xf9,
    0xc2, 0xff, 0x40, 0x3b, 0x3f, 0xce, 0xf, 0xfe,
    0x70, 0x0, 0xd7, 0xfc, 0xe0, 0xc, 0xff, 0xbb,
    0xfc, 0xff, 0xe7, 0x0, 0x9f, 0x3f, 0xd8, 0xa1,
    0xde, 0xe0, 0x1f, 0xcb, 0xd0, 0x1, 0xfc, 0x9e,
    0x80, 0x1f, 0xeb, 0xd0, 0xf, 0xfa, 0xbe, 0x27,
    0xc8, 0x3, 0xe1, 0xbf, 0xe8, 0x0,

    /* U+0106 "Ć" */
    0x0, 0xff, 0x3c, 0x28, 0x7, 0xff, 0x6, 0x3f,
    0x44, 0x3, 0xff, 0x80, 0xdf, 0x82, 0x1, 0xff,
    0xc0, 0x3f, 0xc0, 0xf, 0xff, 0x8, 0xbd, 0xf7,
    0xfb, 0x64, 0x80, 0x3e, 0x4e, 0xff, 0xfd, 0x20,
    0x1c, 0xdf, 0xf7, 0x54, 0x4e, 0x7f, 0xd8, 0x1,
    0x1f, 0xfc, 0xc0, 0x1c, 0x7b, 0xfe, 0x90, 0x6,
    0xff, 0x90, 0x3, 0xe1, 0xdf, 0xf1, 0x1f, 0xfa,
    0x40, 0x3f, 0x92, 0xd4, 0x23, 0xfc, 0x60, 0x1f,
    0xfc, 0x1b, 0xff, 0x0, 0x7f, 0xf0, 0xb3, 0xf8,
    0x3, 0xff, 0x85, 0x9f, 0xc0, 0x1f, 0xfc, 0x2b,
    0xff, 0x0, 0x7f, 0xf0, 0xa3, 0xfc, 0x60, 0x1f,
    0xfc, 0x13, 0xff, 0x50, 0x7, 0xf2, 0x5b, 0x0,
    0x37, 0xfc, 0x80, 0x1f, 0xe, 0xff, 0x88, 0xf,
    0xfe, 0x60, 0xe, 0x3d, 0xff, 0x48, 0x4, 0xdf,
    0xf7, 0x54, 0x4e, 0x7f, 0xd8, 0x1, 0xc9, 0xdf,
    0xff, 0xa4, 0x3, 0xe1, 0x7b, 0xef, 0xf6, 0xc9,
    0x0, 0x60,

    /* U+0107 "ć" */
    0x0, 0xfa, 0x3f, 0x88, 0x3, 0xe5, 0xfe, 0x20,
    0xf, 0x8b, 0xf8, 0x80, 0x3f, 0x3c, 0x88, 0x7,
    0xff, 0x1d, 0xb3, 0xbf, 0x60, 0x40, 0x35, 0xff,
    0xfb, 0x8c, 0x1, 0x5f, 0xeb, 0x44, 0x3f, 0xfb,
    0x80, 0xff, 0xd2, 0x1, 0x93, 0xfc, 0x91, 0xfe,
    0x10, 0xe, 0x40, 0x5, 0xfe, 0x80, 0x7f, 0x67,
    0xd8, 0x7, 0xf5, 0xfe, 0x80, 0x7f, 0x47, 0xf8,
    0x40, 0x39, 0x0, 0x7, 0xfe, 0x90, 0xc, 0x9f,
    0xe4, 0xa, 0xff, 0x5a, 0xa4, 0x7f, 0xb8, 0x2,
    0xbf, 0xff, 0x71, 0x80, 0x66, 0xcf, 0xf6, 0xc0,
    0x80, 0x0,

    /* U+0108 "Ĉ" */
    0x0, 0xfc, 0x20, 0x1f, 0xfc, 0x36, 0xe2, 0x0,
    0xff, 0xe0, 0xaf, 0xfb, 0x88, 0x3, 0xfe, 0x4f,
    0xc3, 0xed, 0x10, 0xf, 0xe3, 0xfd, 0x10, 0x3f,
    0xd1, 0x0, 0xff, 0xef, 0xb, 0xdf, 0x7f, 0xb6,
    0x48, 0x3, 0xe4, 0xef, 0xff, 0xd2, 0x1, 0xcd,
    0xff, 0x75, 0x44, 0xe7, 0xfd, 0x80, 0x11, 0xff,
    0xcc, 0x1, 0xc7, 0xbf, 0xe9, 0x0, 0x6f, 0xf9,
    0x0, 0x3e, 0x1d, 0xff, 0x11, 0xff, 0xa4, 0x3,
    0xf9, 0x2d, 0x42, 0x3f, 0xc6, 0x1, 0xff, 0xc1,
    0xbf, 0xf0, 0x7, 0xff, 0xb, 0x3f, 0x80, 0x3f,
    0xf8, 0x59, 0xfc, 0x1, 0xff, 0xc2, 0xbf, 0xf0,
    0x7, 0xff, 0xa, 0x3f, 0xc6, 0x1, 0xff, 0xc1,
    0x3f, 0xf5, 0x0, 0x7f, 0x25, 0xb0, 0x3, 0x7f,
    0xc8, 0x1, 0xf0, 0xef, 0xf8, 0x80, 0xff, 0xe6,
    0x0, 0xe3, 0xdf, 0xf4, 0x80, 0x4d, 0xff, 0x75,
    0x44, 0xe7, 0xfd, 0x80, 0x1c, 0x9d, 0xff, 0xfa,
    0x40, 0x3e, 0x17, 0xbe, 0xff, 0x6c, 0x90, 0x6,

    /* U+0109 "ĉ" */
    0x0, 0xe5, 0x30, 0xf, 0xe4, 0xfe, 0x20, 0xf,
    0x8f, 0xf3, 0x78, 0x80, 0x38, 0xff, 0x44, 0xbb,
    0x44, 0x3, 0x34, 0x8, 0x0, 0xe1, 0x40, 0x3f,
    0xf8, 0xad, 0x9d, 0xfb, 0x2, 0x1, 0xaf, 0xff,
    0xdc, 0x60, 0xa, 0xff, 0x5a, 0x21, 0xff, 0xdc,
    0x7, 0xfe, 0x90, 0xc, 0x9f, 0xe4, 0x8f, 0xf0,
    0x80, 0x72, 0x0, 0x2f, 0xf4, 0x3, 0xfb, 0x3e,
    0xc0, 0x3f, 0xaf, 0xf4, 0x3, 0xfa, 0x3f, 0xc2,
    0x1, 0xc8, 0x0, 0x3f, 0xf4, 0x80, 0x64, 0xff,
    0x20, 0x57, 0xfa, 0xd5, 0x23, 0xfd, 0xc0, 0x15,
    0xff, 0xfb, 0x8c, 0x3, 0x36, 0x7f, 0xb6, 0x4,
    0x0,

    /* U+010A "Ċ" */
    0x0, 0xf0, 0xff, 0xb0, 0x3, 0xff, 0x82, 0x3f,
    0xec, 0x0, 0xff, 0xe0, 0x8f, 0xfb, 0x0, 0x3f,
    0xf8, 0x42, 0x20, 0xf, 0xff, 0x10, 0xbd, 0xf7,
    0xfb, 0x64, 0x80, 0x3e, 0x4e, 0xff, 0xfd, 0x20,
    0x1c, 0xdf, 0xf7, 0x54, 0x4e, 0x7f, 0xd8, 0x1,
    0x1f, 0xfc, 0xc0, 0x1c, 0x7b, 0xfe, 0x90, 0x6,
    0xff, 0x90, 0x3, 0xe1, 0xdf, 0xf1, 0x1f, 0xfa,
    0x40, 0x3f, 0x92, 0xd4, 0x23, 0xfc, 0x60, 0x1f,
    0xfc, 0x1b, 0xff, 0x0, 0x7f, 0xf0, 0xb3, 0xf8,
    0x3, 0xff, 0x85, 0x9f, 0xc0, 0x1f, 0xfc, 0x2b,
    0xff, 0x0, 0x7f, 0xf0, 0xa3, 0xfc, 0x60, 0x1f,
    0xfc, 0x13, 0xff, 0x50, 0x7, 0xf2, 0x5b, 0x0,
    0x37, 0xfc, 0x80, 0x1f, 0xe, 0xff, 0x88, 0xf,
    0xfe, 0x60, 0xe, 0x3d, 0xff, 0x48, 0x4, 0xdf,
    0xf7, 0x54, 0x4e, 0x7f, 0xd8, 0x1, 0xc9, 0xdf,
    0xff, 0xa4, 0x3, 0xe1, 0x7b, 0xef, 0xf6, 0xc9,
    0x0, 0x60,

    /* U+010B "ċ" */
    0x0, 0xd1, 0xfe, 0x60, 0xf, 0xd1, 0xfe, 0x60,
    0xf, 0xd1, 0xfe, 0x60, 0xf, 0xe1, 0x10, 0x7,
    0xff, 0x21, 0xb3, 0xbf, 0x60, 0x40, 0x35, 0xff,
    0xfb, 0x8c, 0x1, 0x5f, 0xeb, 0x44, 0x3f, 0xfb,
    0x80, 0xff, 0xd2, 0x1, 0x93, 0xfc, 0x91, 0xfe,
    0x10, 0xe, 0x40, 0x5, 0xfe, 0x80, 0x7f, 0x67,
    0xd8, 0x7, 0xf5, 0xfe, 0x80, 0x7f, 0x47, 0xf8,
    0x40, 0x39, 0x0, 0x7, 0xfe, 0x90, 0xc, 0x9f,
    0xe4, 0xa, 0xff, 0x5a, 0xa4, 0x7f, 0xb8, 0x2,
    0xbf, 0xff, 0x71, 0x80, 0x66, 0xcf, 0xf6, 0xc0,
    0x80, 0x0,

    /* U+010C "Č" */
    0x0, 0xc7, 0x8, 0x1, 0x33, 0x80, 0x7f, 0xab,
    0xd0, 0x23, 0xd8, 0x3, 0xfe, 0xae, 0x7f, 0x60,
    0xf, 0xfe, 0xd, 0xfb, 0x80, 0x7f, 0xf0, 0xd4,
    0x3, 0xff, 0xa2, 0x2f, 0x7d, 0xfe, 0xd9, 0x20,
    0xf, 0x93, 0xbf, 0xff, 0x48, 0x7, 0x37, 0xfd,
    0xd5, 0x13, 0x9f, 0xf6, 0x0, 0x47, 0xff, 0x30,
    0x7, 0x1e, 0xff, 0xa4, 0x1, 0xbf, 0xe4, 0x0,
    0xf8, 0x77, 0xfc, 0x47, 0xfe, 0x90, 0xf, 0xe4,
    0xb5, 0x8, 0xff, 0x18, 0x7, 0xff, 0x6, 0xff,
    0xc0, 0x1f, 0xfc, 0x2c, 0xfe, 0x0, 0xff, 0xe1,
    0x67, 0xf0, 0x7, 0xff, 0xa, 0xff, 0xc0, 0x1f,
    0xfc, 0x28, 0xff, 0x18, 0x7, 0xff, 0x4, 0xff,
    0xd4, 0x1, 0xfc, 0x96, 0xc0, 0xd, 0xff, 0x20,
    0x7, 0xc3, 0xbf, 0xe2, 0x3, 0xff, 0x98, 0x3,
    0x8f, 0x7f, 0xd2, 0x1, 0x37, 0xfd, 0xd5, 0x13,
    0x9f, 0xf6, 0x0, 0x72, 0x77, 0xff, 0xe9, 0x0,
    0xf8, 0x5e, 0xfb, 0xfd, 0xb2, 0x40, 0x18,

    /* U+010D "č" */
    0x0, 0x4f, 0xb0, 0x2, 0x3d, 0x80, 0x3a, 0x7d,
    0x63, 0xdc, 0x3, 0xea, 0xff, 0x38, 0x7, 0xf5,
    0x40, 0x7, 0xff, 0x21, 0xb3, 0xbf, 0x60, 0x40,
    0x35, 0xff, 0xfb, 0x8c, 0x1, 0x5f, 0xeb, 0x44,
    0x3f, 0xfb, 0x80, 0xff, 0xd2, 0x1, 0x93, 0xfc,
    0x91, 0xfe, 0x10, 0xe, 0x40, 0x5, 0xfe, 0x80,
    0x7f, 0x67, 0xd8, 0x7, 0xf5, 0xfe, 0x80, 0x7f,
    0x47, 0xf8, 0x40, 0x39, 0x0, 0x7, 0xfe, 0x90,
    0xc, 0x9f, 0xe4, 0xa, 0xff, 0x5a, 0xa4, 0x7f,
    0xb8, 0x2, 0xbf, 0xff, 0x71, 0x80, 0x66, 0xcf,
    0xf6, 0xc0, 0x80, 0x0,

    /* U+010E "Ď" */
    0x0, 0x85, 0xd8, 0x2, 0x58, 0x20, 0xf, 0xcf,
    0xee, 0xb, 0xf2, 0x1, 0xfe, 0x8f, 0x9f, 0x90,
    0xf, 0xfe, 0x4, 0x7d, 0x0, 0x7f, 0xf0, 0x94,
    0x3, 0xff, 0x9b, 0xff, 0xee, 0xc8, 0x20, 0xf,
    0x7f, 0xff, 0xa8, 0x40, 0x37, 0xfb, 0x1d, 0xe9,
    0xcf, 0xfb, 0x88, 0x2, 0xff, 0x48, 0x7, 0xd,
    0x7f, 0xb4, 0x2, 0xff, 0x48, 0x7, 0xd3, 0xfe,
    0x60, 0x7, 0xfa, 0x40, 0x3f, 0x77, 0xe8, 0x3,
    0xfd, 0x20, 0x1f, 0xa7, 0xfc, 0x41, 0xfe, 0x90,
    0xf, 0xcd, 0xfe, 0x40, 0xff, 0x48, 0x7, 0xe4,
    0xff, 0x30, 0x7f, 0xa4, 0x3, 0xf2, 0x7f, 0x98,
    0x3f, 0xd2, 0x1, 0xf9, 0xbf, 0xca, 0x1f, 0xe9,
    0x0, 0xfd, 0x3f, 0xe3, 0xf, 0xf4, 0x80, 0x7e,
    0xef, 0xe0, 0x7, 0xfa, 0x40, 0x3e, 0x9f, 0xf4,
    0x0, 0x3f, 0xd2, 0x1, 0xc3, 0x3f, 0xee, 0x10,
    0x7, 0xfb, 0x1d, 0xe9, 0xcf, 0xfc, 0x60, 0x17,
    0xff, 0xfb, 0x8, 0x3, 0x7f, 0xfb, 0xb2, 0xc,
    0x3, 0x80,

    /* U+010F "ď" */
    0x0, 0xfe, 0x2f, 0xf2, 0x80, 0x3f, 0xd0, 0x1,
    0xfc, 0x5f, 0xe5, 0x4, 0xff, 0x8, 0x7, 0xf1,
    0x7f, 0x94, 0x27, 0xe4, 0x3, 0xfc, 0x5f, 0xe5,
    0xd, 0xf2, 0x0, 0xff, 0x17, 0xf9, 0x47, 0xe8,
    0x3, 0x9b, 0x3f, 0xac, 0xcb, 0xfc, 0xa5, 0x24,
    0x1, 0xe, 0x7f, 0xfa, 0x3f, 0xca, 0x1, 0xeb,
    0xff, 0x6b, 0xac, 0x77, 0xfc, 0xa0, 0x1c, 0x7f,
    0xeb, 0x0, 0xc3, 0xff, 0x28, 0x7, 0x4f, 0xf8,
    0x80, 0x39, 0x7f, 0xca, 0x1, 0xd7, 0xfa, 0x1,
    0xf7, 0xf9, 0x40, 0x3b, 0x3f, 0x0, 0x3e, 0xff,
    0x28, 0x7, 0x5f, 0xe8, 0x7, 0xdf, 0xe5, 0x0,
    0xe8, 0xff, 0x10, 0x7, 0x2f, 0xf9, 0x40, 0x38,
    0xff, 0xd8, 0x1, 0x87, 0xfe, 0x50, 0xf, 0x57,
    0xfb, 0x5d, 0x63, 0xbf, 0xe5, 0x0, 0xf0, 0xe7,
    0xff, 0x9f, 0xfc, 0xa0, 0x1f, 0x9f, 0x3f, 0xd6,
    0x65, 0xfe, 0x50, 0xe,

    /* U+0110 "Đ" */
    0x0, 0x7f, 0xfb, 0xb2, 0x8, 0x3, 0xef, 0xff,
    0xf5, 0x8, 0x7, 0x7f, 0xb1, 0xde, 0x9c, 0xff,
    0xb8, 0x80, 0x37, 0xfa, 0x40, 0x38, 0x6b, 0xfd,
    0xa0, 0x1b, 0xfd, 0x20, 0x1f, 0x4f, 0xf9, 0x80,
    0x2f, 0xf4, 0x80, 0x7e, 0xef, 0xd0, 0xb, 0xfd,
    0x20, 0x1f, 0xa7, 0xfc, 0x40, 0xf, 0xf4, 0x80,
    0x7e, 0x6f, 0xf2, 0x77, 0xff, 0xb8, 0x3, 0x93,
    0xfc, 0xd5, 0x9f, 0xf5, 0xda, 0x80, 0x39, 0x3f,
    0xcc, 0x0, 0xff, 0x48, 0x7, 0xe6, 0xff, 0x28,
    0x3, 0xfd, 0x20, 0x1f, 0xa7, 0xfc, 0x60, 0xf,
    0xf4, 0x80, 0x7e, 0xef, 0xe0, 0xb, 0xfd, 0x20,
    0x1f, 0x4f, 0xfa, 0x0, 0x2f, 0xf4, 0x80, 0x70,
    0xcf, 0xfb, 0x84, 0x2, 0xff, 0x63, 0xbd, 0x39,
    0xff, 0x8c, 0x3, 0x7f, 0xff, 0xb0, 0x80, 0x3b,
    0xff, 0xdd, 0x90, 0x60, 0x1c,

    /* U+0111 "đ" */
    0x0, 0xfe, 0x2f, 0xf2, 0x80, 0x7e, 0x7b, 0xb7,
    0x7f, 0xd6, 0x20, 0x1e, 0xaf, 0xff, 0x88, 0x3,
    0xf8, 0xbf, 0xca, 0x1, 0xff, 0x17, 0xf9, 0x40,
    0x39, 0xb3, 0xfa, 0xcc, 0xbf, 0xca, 0x1, 0xe,
    0x7f, 0xfa, 0x3f, 0xca, 0x1, 0x5f, 0xfb, 0x5d,
    0x63, 0xbf, 0xe5, 0x0, 0x1f, 0xfa, 0xc0, 0x30,
    0xff, 0xca, 0x0, 0x9f, 0xf1, 0x0, 0x72, 0xff,
    0x94, 0x1, 0x7f, 0xa0, 0x1f, 0x7f, 0x94, 0x1,
    0x9f, 0x80, 0x1f, 0x7f, 0x94, 0x1, 0x7f, 0xa0,
    0x1f, 0x7f, 0x94, 0x1, 0x1f, 0xe2, 0x0, 0xe5,
    0xff, 0x28, 0x0, 0xff, 0xd8, 0x1, 0x87, 0xfe,
    0x50, 0xa, 0xbf, 0xda, 0xeb, 0x1d, 0xff, 0x28,
    0x4, 0x39, 0xff, 0xe7, 0xff, 0x28, 0x7, 0x3e,
    0x7f, 0xac, 0xcb, 0xfc, 0xa0, 0x0,

    /* U+0112 "Ē" */
    0x0, 0xa7, 0xff, 0xce, 0x1, 0xcb, 0x11, 0xe4,
    0x0, 0xff, 0xe8, 0xff, 0xff, 0xf0, 0x3, 0xff,
    0xff, 0x80, 0x1f, 0xeb, 0x55, 0xfe, 0xf, 0xf4,
    0x80, 0x7f, 0xbf, 0xd2, 0x1, 0xfe, 0xff, 0x48,
    0x7, 0xfb, 0xfd, 0x20, 0x1f, 0xef, 0xf5, 0xaa,
    0xfe, 0x0, 0x7f, 0xff, 0xc4, 0x1f, 0xff, 0xf1,
    0x7, 0xfa, 0x40, 0x3f, 0xdf, 0xe9, 0x0, 0xff,
    0x7f, 0xa4, 0x3, 0xfd, 0xfe, 0x90, 0xf, 0xf7,
    0xfa, 0x40, 0x3f, 0xdf, 0xeb, 0x55, 0xfe, 0xf,
    0xff, 0xfe, 0x0, 0x7f, 0xff, 0xf0, 0x0,

    /* U+0113 "ē" */
    0x0, 0x3f, 0xff, 0xa8, 0x3, 0x1c, 0x47, 0x94,
    0x3, 0xff, 0xa2, 0xd9, 0xfe, 0xd9, 0x10, 0xd,
    0x9f, 0xfe, 0xe3, 0x0, 0x57, 0xfa, 0xc, 0xcd,
    0xdf, 0xc0, 0x7f, 0xe5, 0x0, 0xc3, 0xfe, 0x68,
    0xfd, 0x0, 0xf5, 0x7d, 0xdb, 0xfd, 0xdd, 0xef,
    0xf6, 0xe7, 0xff, 0xfb, 0x73, 0xf0, 0x3, 0xfa,
    0x7f, 0xc2, 0x1, 0xf8, 0xff, 0xd4, 0x1, 0xcc,
    0x60, 0xb, 0xff, 0x63, 0x23, 0x67, 0xf1, 0x0,
    0xe7, 0xff, 0xd4, 0x1, 0x9b, 0x3b, 0xf6, 0x90,
    0x0,

    /* U+0114 "Ĕ" */
    0x0, 0x9d, 0x80, 0x33, 0xb8, 0x3, 0xbb, 0xc4,
    0x0, 0x5f, 0x80, 0x1c, 0xff, 0xd3, 0x2f, 0xf2,
    0x80, 0x79, 0xf7, 0xfb, 0x14, 0x3, 0xff, 0x8b,
    0xff, 0xff, 0xc0, 0xf, 0xff, 0xfe, 0x0, 0x7f,
    0xad, 0x57, 0xf8, 0x3f, 0xd2, 0x1, 0xfe, 0xff,
    0x48, 0x7, 0xfb, 0xfd, 0x20, 0x1f, 0xef, 0xf4,
    0x80, 0x7f, 0xbf, 0xd6, 0xab, 0xf8, 0x1, 0xff,
    0xff, 0x10, 0x7f, 0xff, 0xc4, 0x1f, 0xe9, 0x0,
    0xff, 0x7f, 0xa4, 0x3, 0xfd, 0xfe, 0x90, 0xf,
    0xf7, 0xfa, 0x40, 0x3f, 0xdf, 0xe9, 0x0, 0xff,
    0x7f, 0xad, 0x57, 0xf8, 0x3f, 0xff, 0xf8, 0x1,
    0xff, 0xff, 0xc0,

    /* U+0115 "ĕ" */
    0x0, 0x66, 0x80, 0x69, 0xf1, 0x0, 0xa7, 0xdc,
    0x41, 0x7f, 0x40, 0x30, 0xef, 0xfe, 0xe4, 0x0,
    0xf2, 0x3b, 0x94, 0x3, 0xff, 0x8e, 0xd9, 0xfe,
    0xd9, 0x10, 0xd, 0x9f, 0xfe, 0xe3, 0x0, 0x57,
    0xfa, 0xc, 0xcd, 0xdf, 0xc0, 0x7f, 0xe5, 0x0,
    0xc3, 0xfe, 0x68, 0xfd, 0x0, 0xf5, 0x7d, 0xdb,
    0xfd, 0xdd, 0xef, 0xf6, 0xe7, 0xff, 0xfb, 0x73,
    0xf0, 0x3, 0xfa, 0x7f, 0xc2, 0x1, 0xf8, 0xff,
    0xd4, 0x1, 0xcc, 0x60, 0xb, 0xff, 0x63, 0x23,
    0x67, 0xf1, 0x0, 0xe7, 0xff, 0xd4, 0x1, 0x9b,
    0x3b, 0xf6, 0x90, 0x0,

    /* U+0116 "Ė" */
    0x0, 0xf0, 0x88, 0x3, 0xfd, 0x1f, 0xe6, 0x0,
    0xfe, 0x8f, 0xf3, 0x0, 0x7f, 0x47, 0xf9, 0x80,
    0x3f, 0xfa, 0x7f, 0xff, 0xfc, 0x0, 0xff, 0xff,
    0xe0, 0x7, 0xfa, 0xd5, 0x7f, 0x83, 0xfd, 0x20,
    0x1f, 0xef, 0xf4, 0x80, 0x7f, 0xbf, 0xd2, 0x1,
    0xfe, 0xff, 0x48, 0x7, 0xfb, 0xfd, 0x6a, 0xbf,
    0x80, 0x1f, 0xff, 0xf1, 0x7, 0xff, 0xfc, 0x41,
    0xfe, 0x90, 0xf, 0xf7, 0xfa, 0x40, 0x3f, 0xdf,
    0xe9, 0x0, 0xff, 0x7f, 0xa4, 0x3, 0xfd, 0xfe,
    0x90, 0xf, 0xf7, 0xfa, 0xd5, 0x7f, 0x83, 0xff,
    0xff, 0x80, 0x1f, 0xff, 0xfc, 0x0,

    /* U+0117 "ė" */
    0x0, 0xcb, 0xfe, 0x80, 0xf, 0xcb, 0xfe, 0x80,
    0xf, 0xcb, 0xfe, 0x80, 0xf, 0xe1, 0x10, 0x7,
    0xff, 0x21, 0xb3, 0xfd, 0xb2, 0x20, 0x1b, 0x3f,
    0xfd, 0xc6, 0x0, 0xaf, 0xf4, 0x19, 0x9b, 0xbf,
    0x80, 0xff, 0xca, 0x1, 0x87, 0xfc, 0xd1, 0xfa,
    0x1, 0xea, 0xfb, 0xb7, 0xfb, 0xbb, 0xdf, 0xed,
    0xcf, 0xff, 0xf6, 0xe7, 0xe0, 0x7, 0xf4, 0xff,
    0x84, 0x3, 0xf1, 0xff, 0xa8, 0x3, 0x98, 0xc0,
    0x17, 0xfe, 0xc6, 0x46, 0xcf, 0xe2, 0x1, 0xcf,
    0xff, 0xa8, 0x3, 0x36, 0x77, 0xed, 0x20, 0x0,

    /* U+0118 "Ę" */
    0xf, 0xff, 0xfe, 0x0, 0x3, 0xff, 0xff, 0x80,
    0x0, 0xff, 0x5a, 0xaf, 0xf0, 0x3, 0xfd, 0x20,
    0x1f, 0xf7, 0xfa, 0x40, 0x3f, 0xef, 0xf4, 0x80,
    0x7f, 0xdf, 0xe9, 0x0, 0xff, 0xbf, 0xff, 0xe2,
    0x0, 0x7f, 0xff, 0xc4, 0x0, 0xff, 0x5a, 0xaf,
    0xe0, 0xb, 0xfd, 0x20, 0x1f, 0xf7, 0xfa, 0x40,
    0x3f, 0xef, 0xf4, 0x80, 0x7f, 0xdf, 0xe9, 0x0,
    0xff, 0xbf, 0xd2, 0x1, 0xff, 0x7f, 0xad, 0x57,
    0xf8, 0x1, 0xff, 0xff, 0xc0, 0x0, 0x7f, 0xff,
    0xf0, 0x0, 0x3f, 0xc3, 0x98, 0x30, 0xf, 0xf6,
    0x58, 0x7, 0xfc, 0x7e, 0x80, 0x1f, 0xf1, 0x7e,
    0x3e, 0xc8, 0x7, 0xf3, 0x77, 0xd9, 0x0,

    /* U+0119 "ę" */
    0x0, 0x9b, 0x3f, 0xdb, 0x22, 0x1, 0xb3, 0xff,
    0xdc, 0x60, 0xa, 0xff, 0x41, 0x99, 0xbb, 0xf8,
    0xf, 0xfc, 0xa0, 0x18, 0x7f, 0xcd, 0x1f, 0xa0,
    0x1e, 0xaf, 0xbb, 0x7f, 0xbb, 0xbd, 0xfe, 0xdc,
    0xff, 0xff, 0x6e, 0x7e, 0x0, 0x7f, 0x4f, 0xf8,
    0x40, 0x3f, 0x1f, 0xfa, 0x80, 0x39, 0x8c, 0x1,
    0x7f, 0xec, 0x64, 0x6c, 0xfe, 0x20, 0x1c, 0xff,
    0xfa, 0x80, 0x33, 0x67, 0xfd, 0x48, 0x1, 0xe1,
    0xdc, 0x10, 0xf, 0xd7, 0x80, 0x1f, 0xc3, 0xee,
    0x0, 0x10, 0xf, 0xbf, 0x5f, 0x30, 0x1, 0xf2,
    0x6f, 0xe2, 0x0, 0x40,

    /* U+011A "Ě" */
    0x0, 0x99, 0xc4, 0x0, 0x50, 0xa0, 0x1c, 0x5d,
    0xa0, 0x3b, 0xa1, 0x0, 0xf1, 0x76, 0x6f, 0x8,
    0x7, 0xe3, 0xee, 0x10, 0x7, 0xf8, 0xc8, 0x3,
    0xff, 0x8f, 0xff, 0xff, 0xc0, 0xf, 0xff, 0xfe,
    0x0, 0x7f, 0xad, 0x57, 0xf8, 0x3f, 0xd2, 0x1,
    0xfe, 0xff, 0x48, 0x7, 0xfb, 0xfd, 0x20, 0x1f,
    0xef, 0xf4, 0x80, 0x7f, 0xbf, 0xd6, 0xab, 0xf8,
    0x1, 0xff, 0xff, 0x10, 0x7f, 0xff, 0xc4, 0x1f,
    0xe9, 0x0, 0xff, 0x7f, 0xa4, 0x3, 0xfd, 0xfe,
    0x90, 0xf, 0xf7, 0xfa, 0x40, 0x3f, 0xdf, 0xe9,
    0x0, 0xff, 0x7f, 0xad, 0x57, 0xf8, 0x3f, 0xff,
    0xf8, 0x1, 0xff, 0xff, 0xc0,

    /* U+011B "ě" */
    0x0, 0x37, 0xc8, 0x1, 0xbe, 0x40, 0x39, 0xbe,
    0x17, 0xe4, 0x3, 0xe7, 0xff, 0x50, 0x7, 0xf4,
    0x50, 0x7, 0xff, 0x21, 0xb3, 0xfd, 0xb2, 0x20,
    0x1b, 0x3f, 0xfd, 0xc6, 0x0, 0xaf, 0xf4, 0x19,
    0x9b, 0xbf, 0x80, 0xff, 0xca, 0x1, 0x87, 0xfc,
    0xd1, 0xfa, 0x1, 0xea, 0xfb, 0xb7, 0xfb, 0xbb,
    0xdf, 0xed, 0xcf, 0xff, 0xf6, 0xe7, 0xe0, 0x7,
    0xf4, 0xff, 0x84, 0x3, 0xf1, 0xff, 0xa8, 0x3,
    0x98, 0xc0, 0x17, 0xfe, 0xc6, 0x46, 0xcf, 0xe2,
    0x1, 0xcf, 0xff, 0xa8, 0x3, 0x36, 0x77, 0xed,
    0x20, 0x0,

    /* U+011C "Ĝ" */
    0x0, 0xfc, 0x20, 0x1f, 0xfc, 0x32, 0xe6, 0x0,
    0xff, 0xe0, 0x8f, 0x7f, 0x94, 0x3, 0xfe, 0x1d,
    0xf3, 0xbf, 0x40, 0xf, 0xf6, 0x7a, 0x0, 0x33,
    0xcc, 0x3, 0xff, 0xbc, 0x2f, 0x7d, 0xfe, 0xd9,
    0x30, 0xf, 0x93, 0xbf, 0xff, 0x50, 0x80, 0x66,
    0xff, 0xba, 0xa2, 0x73, 0xfe, 0xd1, 0x0, 0x1f,
    0xfc, 0xc0, 0x1c, 0x59, 0xfe, 0xb0, 0x6, 0xff,
    0x90, 0x3, 0xf6, 0x7f, 0x8c, 0xdf, 0xe9, 0x0,
    0xfe, 0x27, 0x20, 0x8f, 0xf1, 0x80, 0x7f, 0xf0,
    0x6f, 0xfc, 0x1, 0xff, 0xc2, 0xcf, 0xe0, 0xf,
    0x3f, 0xff, 0x9b, 0x3f, 0x80, 0x3c, 0xff, 0xfe,
    0x6b, 0xff, 0x0, 0x78, 0x95, 0x77, 0xf9, 0xa3,
    0xfc, 0x60, 0x1f, 0xc3, 0xfe, 0x63, 0xff, 0x50,
    0x7, 0xf3, 0x7f, 0x98, 0x37, 0xfc, 0x80, 0x1f,
    0xf, 0x7f, 0x98, 0xf, 0xfe, 0x60, 0xe, 0x2d,
    0xff, 0x98, 0x0, 0xdf, 0xf7, 0x54, 0x56, 0x7f,
    0xb7, 0xfc, 0xc0, 0x12, 0xff, 0xfe, 0xc2, 0xff,
    0x30, 0x6, 0x17, 0xce, 0xfe, 0xb6, 0x0, 0x7f,
    0x98,

    /* U+011D "ĝ" */
    0x0, 0xf3, 0x90, 0x7, 0xfc, 0xdf, 0xa2, 0x1,
    0xfc, 0xbf, 0x7f, 0xa2, 0x1, 0xf2, 0x7d, 0x81,
    0xfe, 0x0, 0x7c, 0xee, 0x0, 0x92, 0x10, 0x3,
    0xff, 0x85, 0x46, 0x1, 0x86, 0x77, 0xfa, 0x93,
    0x3f, 0x40, 0x23, 0xef, 0xff, 0xca, 0x1, 0x6f,
    0xf2, 0x89, 0xe7, 0xf9, 0x80, 0x24, 0xff, 0x28,
    0x4, 0x3f, 0xe8, 0x0, 0x97, 0xfc, 0x40, 0x1b,
    0x7e, 0x80, 0x24, 0xff, 0x28, 0x4, 0x3f, 0xe9,
    0x0, 0xdd, 0xfc, 0x80, 0x57, 0xfe, 0x40, 0xd,
    0x1f, 0xff, 0x48, 0x6, 0x3f, 0xf6, 0xeb, 0xfa,
    0xd4, 0x3, 0xab, 0xe8, 0x3, 0xfe, 0x9f, 0xf4,
    0x18, 0x80, 0x7e, 0x1d, 0xff, 0xdd, 0x92, 0x80,
    0x1c, 0xbf, 0xee, 0xff, 0xec, 0x0, 0xab, 0xf4,
    0x40, 0x6, 0xd7, 0xfe, 0x70, 0x7, 0xf9, 0x80,
    0x3d, 0xfe, 0x90, 0x6, 0x7e, 0xa0, 0x6, 0x6f,
    0xf3, 0x0, 0xb, 0xbf, 0xee, 0xe7, 0xfd, 0x80,
    0x1c, 0xd7, 0xdf, 0xee, 0xb6, 0x0, 0x80,

    /* U+011E "Ğ" */
    0x0, 0xc9, 0xf2, 0x1, 0x1f, 0xc8, 0x7, 0xe1,
    0xff, 0x20, 0x16, 0x7b, 0x0, 0x7f, 0x37, 0xff,
    0x50, 0x7, 0xfc, 0x4d, 0xc, 0x60, 0x1f, 0xfc,
    0xf1, 0x7b, 0xef, 0xf6, 0xc9, 0x80, 0x7c, 0x9d,
    0xff, 0xfa, 0x84, 0x3, 0x37, 0xfd, 0xd5, 0x13,
    0x9f, 0xf6, 0x88, 0x0, 0xff, 0xe6, 0x0, 0xe2,
    0xcf, 0xf5, 0x80, 0x37, 0xfc, 0x80, 0x1f, 0xb3,
    0xfc, 0x66, 0xff, 0x48, 0x7, 0xf1, 0x39, 0x4,
    0x7f, 0x8c, 0x3, 0xff, 0x83, 0x7f, 0xe0, 0xf,
    0xfe, 0x16, 0x7f, 0x0, 0x79, 0xff, 0xfc, 0xd9,
    0xfc, 0x1, 0xe7, 0xff, 0xf3, 0x5f, 0xf8, 0x3,
    0xc4, 0xab, 0xbf, 0xcd, 0x1f, 0xe3, 0x0, 0xfe,
    0x1f, 0xf3, 0x1f, 0xfa, 0x80, 0x3f, 0x9b, 0xfc,
    0xc1, 0xbf, 0xe4, 0x0, 0xf8, 0x7b, 0xfc, 0xc0,
    0x7f, 0xf3, 0x0, 0x71, 0x6f, 0xfc, 0xc0, 0x6,
    0xff, 0xba, 0xa2, 0xb3, 0xfd, 0xbf, 0xe6, 0x0,
    0x97, 0xff, 0xf6, 0x17, 0xf9, 0x80, 0x30, 0xbe,
    0x77, 0xf5, 0xb0, 0x3, 0xfc, 0xc0,

    /* U+011F "ğ" */
    0x0, 0x17, 0xc8, 0x4, 0x3f, 0x40, 0x1e, 0xdf,
    0xb8, 0x9e, 0xf5, 0x0, 0xf1, 0x57, 0x7f, 0x62,
    0x80, 0x7f, 0xf4, 0x7, 0xc, 0x3, 0xc, 0xef,
    0xf5, 0x26, 0xfe, 0x80, 0x47, 0xdf, 0xff, 0x94,
    0x2, 0xdf, 0xe5, 0x13, 0xcf, 0xf3, 0x0, 0x49,
    0xfe, 0x50, 0x8, 0x7f, 0xd0, 0x1, 0x2f, 0xf8,
    0x80, 0x36, 0xfd, 0x0, 0x49, 0xfe, 0x50, 0x8,
    0x7f, 0xd2, 0x1, 0xbb, 0xf9, 0x0, 0xaf, 0xfc,
    0x80, 0x1a, 0x3f, 0xfe, 0x90, 0xc, 0x7f, 0xed,
    0xd7, 0xf5, 0xa8, 0x7, 0x57, 0xd0, 0x7, 0xfd,
    0x3f, 0xe8, 0x31, 0x0, 0xfc, 0x3b, 0xff, 0xbb,
    0x25, 0x0, 0x39, 0x7f, 0xdd, 0xff, 0xd8, 0x1,
    0x57, 0xe8, 0x80, 0xd, 0xaf, 0xfc, 0xe0, 0xf,
    0xf3, 0x0, 0x7b, 0xfd, 0x20, 0xc, 0xfd, 0x40,
    0xc, 0xdf, 0xe6, 0x0, 0x17, 0x7f, 0xdd, 0xcf,
    0xfb, 0x0, 0x39, 0xaf, 0xbf, 0xdd, 0x6c, 0x1,
    0x0,

    /* U+0120 "Ġ" */
    0x0, 0xfb, 0x3f, 0xc2, 0x1, 0xff, 0xc1, 0xcf,
    0xf0, 0x80, 0x7f, 0xf0, 0x73, 0xfc, 0x20, 0x1f,
    0xfc, 0x21, 0x10, 0x7, 0xff, 0x84, 0x5e, 0xfb,
    0xfd, 0xb2, 0x60, 0x1f, 0x27, 0x7f, 0xfe, 0xa1,
    0x0, 0xcd, 0xff, 0x75, 0x44, 0xe7, 0xfd, 0xa2,
    0x0, 0x3f, 0xf9, 0x80, 0x38, 0xb3, 0xfd, 0x60,
    0xd, 0xff, 0x20, 0x7, 0xec, 0xff, 0x19, 0xbf,
    0xd2, 0x1, 0xfc, 0x4e, 0x41, 0x1f, 0xe3, 0x0,
    0xff, 0xe0, 0xdf, 0xf8, 0x3, 0xff, 0x85, 0x9f,
    0xc0, 0x1e, 0x7f, 0xff, 0x36, 0x7f, 0x0, 0x79,
    0xff, 0xfc, 0xd7, 0xfe, 0x0, 0xf1, 0x2a, 0xef,
    0xf3, 0x47, 0xf8, 0xc0, 0x3f, 0x87, 0xfc, 0xc7,
    0xfe, 0xa0, 0xf, 0xe6, 0xff, 0x30, 0x6f, 0xf9,
    0x0, 0x3e, 0x1e, 0xff, 0x30, 0x1f, 0xfc, 0xc0,
    0x1c, 0x5b, 0xff, 0x30, 0x1, 0xbf, 0xee, 0xa8,
    0xac, 0xff, 0x6f, 0xf9, 0x80, 0x25, 0xff, 0xfd,
    0x85, 0xfe, 0x60, 0xc, 0x2f, 0x9d, 0xfd, 0x6c,
    0x0, 0xff, 0x30,

    /* U+0121 "ġ" */
    0x0, 0xeb, 0xff, 0x18, 0x7, 0xfa, 0xff, 0xc6,
    0x1, 0xfe, 0xbf, 0xf1, 0x80, 0x7f, 0x84, 0x60,
    0xf, 0xfe, 0x2b, 0x88, 0x6, 0x19, 0xdf, 0xea,
    0x4a, 0xfc, 0x0, 0x8f, 0xbf, 0xff, 0x28, 0x5,
    0xbf, 0xca, 0x27, 0x9f, 0xe6, 0x0, 0x93, 0xfc,
    0xa0, 0x10, 0xff, 0xa0, 0x2, 0x5f, 0xf1, 0x0,
    0x6d, 0xfa, 0x0, 0x93, 0xfc, 0xa0, 0x10, 0xff,
    0xa4, 0x3, 0x77, 0xf2, 0x1, 0x5f, 0xf9, 0x0,
    0x34, 0x7f, 0xfd, 0x20, 0x18, 0xff, 0xdb, 0xaf,
    0xeb, 0x50, 0xe, 0xaf, 0xa0, 0xf, 0xfa, 0x7f,
    0xd0, 0x62, 0x1, 0xf8, 0x77, 0xff, 0x76, 0x4a,
    0x0, 0x72, 0xff, 0xbb, 0xff, 0xb0, 0x2, 0xaf,
    0xd1, 0x0, 0x1b, 0x5f, 0xf9, 0xc0, 0x1f, 0xe6,
    0x0, 0xf7, 0xfa, 0x40, 0x19, 0xfa, 0x80, 0x19,
    0xbf, 0xcc, 0x0, 0x2e, 0xff, 0xbb, 0x9f, 0xf6,
    0x0, 0x73, 0x5f, 0x7f, 0xba, 0xd8, 0x2,

    /* U+0122 "Ģ" */
    0x0, 0xc2, 0xf7, 0xdf, 0xed, 0x93, 0x0, 0xf9,
    0x3b, 0xff, 0xf5, 0x8, 0x6, 0x6f, 0xfb, 0xaa,
    0x27, 0x3f, 0xed, 0x10, 0x1, 0xff, 0xcc, 0x1,
    0xc5, 0x9f, 0xeb, 0x0, 0x6f, 0xf9, 0x0, 0x3f,
    0x67, 0xf8, 0xcd, 0xfe, 0x90, 0xf, 0xe2, 0x72,
    0x8, 0xff, 0x18, 0x7, 0xff, 0x6, 0xff, 0xc0,
    0x1f, 0xfc, 0x2c, 0xfe, 0x0, 0xf3, 0xff, 0xf9,
    0xb3, 0xf8, 0x3, 0xcf, 0xff, 0xe6, 0xbf, 0xf0,
    0x7, 0x89, 0x57, 0x7f, 0x9a, 0x3f, 0xc6, 0x1,
    0xfc, 0x3f, 0xe6, 0x3f, 0xf5, 0x0, 0x7f, 0x37,
    0xf9, 0x83, 0x7f, 0xc8, 0x1, 0xf0, 0xf7, 0xf9,
    0x80, 0xff, 0xe6, 0x0, 0xe2, 0xdf, 0xf9, 0x80,
    0xd, 0xff, 0x75, 0x45, 0x67, 0xfb, 0x7f, 0xcc,
    0x1, 0x2f, 0xff, 0xec, 0x2f, 0xf3, 0x0, 0x61,
    0x7c, 0xef, 0xeb, 0x60, 0x7, 0xf9, 0x80, 0x3f,
    0xf9, 0x9b, 0xd2, 0x1, 0xff, 0xc1, 0x6f, 0xd0,
    0xf, 0xfe, 0x17, 0x70, 0x80, 0x3f, 0xf8, 0x2d,
    0xe8, 0x1, 0xfc,

    /* U+0123 "ģ" */
    0x0, 0xfb, 0x34, 0x3, 0xfe, 0xaf, 0x40, 0xf,
    0xf4, 0x7e, 0x0, 0x7f, 0x8a, 0xec, 0x60, 0x1f,
    0xfc, 0x56, 0x10, 0xc, 0x33, 0xbf, 0xd4, 0x95,
    0xf8, 0x1, 0x1f, 0x7f, 0xfe, 0x50, 0xb, 0x7f,
    0x94, 0x4f, 0x3f, 0xcc, 0x1, 0x27, 0xf9, 0x40,
    0x21, 0xff, 0x40, 0x4, 0xbf, 0xe2, 0x0, 0xdb,
    0xf4, 0x1, 0x27, 0xf9, 0x40, 0x21, 0xff, 0x48,
    0x6, 0xef, 0xe4, 0x2, 0xbf, 0xf2, 0x0, 0x68,
    0xff, 0xfa, 0x40, 0x31, 0xff, 0xb7, 0x5f, 0xd6,
    0xa0, 0x1d, 0x5f, 0x40, 0x1f, 0xf4, 0xff, 0xa0,
    0xc4, 0x3, 0xf0, 0xef, 0xfe, 0xec, 0x94, 0x0,
    0xe5, 0xff, 0x77, 0xff, 0x60, 0x5, 0x5f, 0xa2,
    0x0, 0x36, 0xbf, 0xf3, 0x80, 0x3f, 0xcc, 0x1,
    0xef, 0xf4, 0x80, 0x33, 0xf5, 0x0, 0x33, 0x7f,
    0x98, 0x0, 0x5d, 0xff, 0x77, 0x3f, 0xec, 0x0,
    0xe6, 0xbe, 0xff, 0x75, 0xb0, 0x4,

    /* U+0124 "Ĥ" */
    0x0, 0xf9, 0x8c, 0x3, 0xff, 0x80, 0xbf, 0xc4,
    0x1, 0xfe, 0x4f, 0xbe, 0xe0, 0x80, 0x7e, 0x3f,
    0xc0, 0x2e, 0xd1, 0x0, 0xf9, 0x9c, 0x40, 0x7,
    0x8, 0x1, 0xff, 0xc7, 0xff, 0x48, 0x7, 0xed,
    0xfd, 0xf, 0xf4, 0x80, 0x7e, 0xdf, 0xd0, 0xff,
    0x48, 0x7, 0xed, 0xfd, 0xf, 0xf4, 0x80, 0x7e,
    0xdf, 0xd0, 0xff, 0x48, 0x7, 0xed, 0xfd, 0xf,
    0xf4, 0x80, 0x7e, 0xdf, 0xd0, 0xff, 0x48, 0x7,
    0xed, 0xfd, 0xf, 0xf6, 0x3b, 0xfe, 0xef, 0xd0,
    0xff, 0xff, 0xe0, 0xe8, 0x7f, 0xff, 0xf0, 0x74,
    0x3f, 0xd2, 0x1, 0xfb, 0x7f, 0x43, 0xfd, 0x20,
    0x1f, 0xb7, 0xf4, 0x3f, 0xd2, 0x1, 0xfb, 0x7f,
    0x43, 0xfd, 0x20, 0x1f, 0xb7, 0xf4, 0x3f, 0xd2,
    0x1, 0xfb, 0x7f, 0x43, 0xfd, 0x20, 0x1f, 0xb7,
    0xf4, 0x3f, 0xd2, 0x1, 0xfb, 0x7f, 0x43, 0xfd,
    0x20, 0x1f, 0xb7, 0xf4,

    /* U+0125 "ĥ" */
    0x0, 0x8d, 0x40, 0x3f, 0xe3, 0xff, 0x20, 0x7,
    0xf1, 0x76, 0xe7, 0x98, 0x7, 0xc3, 0xdc, 0x21,
    0xde, 0x20, 0xf, 0x2c, 0x18, 0x0, 0xa1, 0x80,
    0x3f, 0xf9, 0x47, 0xfe, 0x50, 0xf, 0xf1, 0xff,
    0x94, 0x3, 0xfc, 0x7f, 0xe5, 0x0, 0xff, 0x1f,
    0xf9, 0x40, 0x3f, 0xc7, 0xfe, 0x50, 0xf, 0xf1,
    0xff, 0x94, 0xab, 0xbf, 0x5c, 0x3, 0x1f, 0xfa,
    0x7f, 0xfd, 0x60, 0x11, 0xff, 0xda, 0xa6, 0xdd,
    0xfe, 0x50, 0x1, 0xff, 0xc2, 0x1, 0x27, 0xfa,
    0x40, 0x7, 0xfe, 0x90, 0xe, 0xff, 0x58, 0x0,
    0xff, 0xcc, 0x1, 0xdb, 0xf6, 0x0, 0x3f, 0xf2,
    0x80, 0x76, 0xfd, 0x80, 0xf, 0xfc, 0xa0, 0x1d,
    0xbf, 0x60, 0x3, 0xff, 0x28, 0x7, 0x6f, 0xd8,
    0x0, 0xff, 0xca, 0x1, 0xdb, 0xf6, 0x0, 0x3f,
    0xf2, 0x80, 0x76, 0xfd, 0x80, 0xf, 0xfc, 0xa0,
    0x1d, 0xbf, 0x60, 0x3, 0xff, 0x28, 0x7, 0x6f,
    0xd8,

    /* U+0126 "Ħ" */
    0x0, 0x7f, 0xa4, 0x3, 0xf6, 0xfe, 0x80, 0x6f,
    0xf4, 0x80, 0x7e, 0xdf, 0xd0, 0xd, 0xfe, 0x90,
    0xf, 0xdb, 0xfa, 0x0, 0x8f, 0xff, 0xfe, 0x22,
    0xa4, 0x7f, 0xd1, 0x1f, 0xbf, 0xe8, 0x20, 0x7,
    0xfa, 0x40, 0x3f, 0x6f, 0xe8, 0x6, 0xff, 0x48,
    0x7, 0xed, 0xfd, 0x0, 0xdf, 0xec, 0x77, 0xfd,
    0xdf, 0xa0, 0x1b, 0xff, 0xff, 0x83, 0xa0, 0x1b,
    0xff, 0xff, 0x83, 0xa0, 0x1b, 0xfd, 0x20, 0x1f,
    0xb7, 0xf4, 0x3, 0x7f, 0xa4, 0x3, 0xf6, 0xfe,
    0x80, 0x6f, 0xf4, 0x80, 0x7e, 0xdf, 0xd0, 0xd,
    0xfe, 0x90, 0xf, 0xdb, 0xfa, 0x1, 0xbf, 0xd2,
    0x1, 0xfb, 0x7f, 0x40, 0x37, 0xfa, 0x40, 0x3f,
    0x6f, 0xe8, 0x6, 0xff, 0x48, 0x7, 0xed, 0xfd,
    0x0, 0xdf, 0xe9, 0x0, 0xfd, 0xbf, 0xa0, 0x0,

    /* U+0127 "ħ" */
    0x3, 0xff, 0x28, 0x7, 0xf1, 0xff, 0x94, 0x3,
    0xf4, 0xff, 0xfc, 0x60, 0x19, 0xbf, 0xf5, 0xdc,
    0x40, 0x1c, 0x7f, 0xe5, 0x0, 0xfe, 0x3f, 0xf2,
    0x95, 0x77, 0xeb, 0x80, 0x47, 0xfe, 0x9f, 0xff,
    0x58, 0x0, 0xff, 0xed, 0x53, 0x6e, 0xff, 0x28,
    0x1f, 0xfc, 0x20, 0x12, 0x7f, 0xa4, 0xf, 0xfd,
    0x20, 0x1d, 0xfe, 0xb0, 0x3f, 0xf3, 0x0, 0x76,
    0xfd, 0x81, 0xff, 0x94, 0x3, 0xb7, 0xec, 0xf,
    0xfc, 0xa0, 0x1d, 0xbf, 0x60, 0x7f, 0xe5, 0x0,
    0xed, 0xfb, 0x3, 0xff, 0x28, 0x7, 0x6f, 0xd8,
    0x1f, 0xf9, 0x40, 0x3b, 0x7e, 0xc0, 0xff, 0xca,
    0x1, 0xdb, 0xf6, 0x7, 0xfe, 0x50, 0xe, 0xdf,
    0xb0,

    /* U+0128 "Ĩ" */
    0x0, 0xf8, 0x40, 0x73, 0xf4, 0xc0, 0x7d, 0xeb,
    0x9b, 0x79, 0x23, 0xcf, 0xa4, 0x7, 0x3f, 0xd4,
    0x8, 0x40, 0x11, 0x90, 0x7, 0xff, 0xb, 0xfd,
    0x20, 0x1e, 0xff, 0x48, 0x7, 0xbf, 0xd2, 0x1,
    0xef, 0xf4, 0x80, 0x7b, 0xfd, 0x20, 0x1e, 0xff,
    0x48, 0x7, 0xbf, 0xd2, 0x1, 0xef, 0xf4, 0x80,
    0x7b, 0xfd, 0x20, 0x1e, 0xff, 0x48, 0x7, 0xbf,
    0xd2, 0x1, 0xef, 0xf4, 0x80, 0x7b, 0xfd, 0x20,
    0x1e, 0xff, 0x48, 0x7, 0xbf, 0xd2, 0x1, 0xef,
    0xf4, 0x80, 0x7b, 0xfd, 0x20, 0x1e, 0xff, 0x48,
    0x4,

    /* U+0129 "ĩ" */
    0x2, 0xcf, 0xa0, 0x2, 0xf9, 0x86, 0x75, 0xfe,
    0xd, 0x78, 0x17, 0xb0, 0x37, 0xfd, 0x20, 0x32,
    0x40, 0x4, 0x85, 0x0, 0xff, 0xe1, 0xa7, 0xf9,
    0x0, 0x3c, 0x9f, 0xe4, 0x0, 0xf2, 0x7f, 0x90,
    0x3, 0xc9, 0xfe, 0x40, 0xf, 0x27, 0xf9, 0x0,
    0x3c, 0x9f, 0xe4, 0x0, 0xf2, 0x7f, 0x90, 0x3,
    0xc9, 0xfe, 0x40, 0xf, 0x27, 0xf9, 0x0, 0x3c,
    0x9f, 0xe4, 0x0, 0xf2, 0x7f, 0x90, 0x3, 0xc9,
    0xfe, 0x40, 0xf, 0x27, 0xf9, 0x0, 0x20,

    /* U+012A "Ī" */
    0x4f, 0xff, 0x69, 0x44, 0x79, 0xc0, 0x3f, 0xf8,
    0xff, 0xe9, 0x0, 0xef, 0xf4, 0x80, 0x77, 0xfa,
    0x40, 0x3b, 0xfd, 0x20, 0x1d, 0xfe, 0x90, 0xe,
    0xff, 0x48, 0x7, 0x7f, 0xa4, 0x3, 0xbf, 0xd2,
    0x1, 0xdf, 0xe9, 0x0, 0xef, 0xf4, 0x80, 0x77,
    0xfa, 0x40, 0x3b, 0xfd, 0x20, 0x1d, 0xfe, 0x90,
    0xe, 0xff, 0x48, 0x7, 0x7f, 0xa4, 0x3, 0xbf,
    0xd2, 0x1, 0xdf, 0xe9, 0x0, 0xef, 0xf4, 0x80,
    0x0,

    /* U+012B "ī" */
    0x48, 0x8f, 0x24, 0x7f, 0xfa, 0x0, 0x3f, 0xf8,
    0xc9, 0xfe, 0x40, 0xc, 0x9f, 0xe4, 0x0, 0xc9,
    0xfe, 0x40, 0xc, 0x9f, 0xe4, 0x0, 0xc9, 0xfe,
    0x40, 0xc, 0x9f, 0xe4, 0x0, 0xc9, 0xfe, 0x40,
    0xc, 0x9f, 0xe4, 0x0, 0xc9, 0xfe, 0x40, 0xc,
    0x9f, 0xe4, 0x0, 0xc9, 0xfe, 0x40, 0xc, 0x9f,
    0xe4, 0x0, 0xc9, 0xfe, 0x40, 0x0,

    /* U+012C "Ĭ" */
    0x58, 0x10, 0x9, 0x20, 0x63, 0xd8, 0x2, 0xcf,
    0x12, 0xff, 0x54, 0xef, 0xd8, 0x1, 0x2f, 0xfd,
    0xb0, 0x1, 0xff, 0xc2, 0xff, 0x48, 0x7, 0xbf,
    0xd2, 0x1, 0xef, 0xf4, 0x80, 0x7b, 0xfd, 0x20,
    0x1e, 0xff, 0x48, 0x7, 0xbf, 0xd2, 0x1, 0xef,
    0xf4, 0x80, 0x7b, 0xfd, 0x20, 0x1e, 0xff, 0x48,
    0x7, 0xbf, 0xd2, 0x1, 0xef, 0xf4, 0x80, 0x7b,
    0xfd, 0x20, 0x1e, 0xff, 0x48, 0x7, 0xbf, 0xd2,
    0x1, 0xef, 0xf4, 0x80, 0x7b, 0xfd, 0x20, 0x1e,
    0xff, 0x48, 0x7, 0xbf, 0xd2, 0x1, 0x0,

    /* U+012D "ĭ" */
    0xec, 0x0, 0xd7, 0xf7, 0xec, 0x0, 0x6f, 0xb2,
    0xef, 0xfd, 0xc6, 0x0, 0x57, 0x72, 0x0, 0x7f,
    0xf0, 0x13, 0xfc, 0x80, 0x19, 0x3f, 0xc8, 0x1,
    0x93, 0xfc, 0x80, 0x19, 0x3f, 0xc8, 0x1, 0x93,
    0xfc, 0x80, 0x19, 0x3f, 0xc8, 0x1, 0x93, 0xfc,
    0x80, 0x19, 0x3f, 0xc8, 0x1, 0x93, 0xfc, 0x80,
    0x19, 0x3f, 0xc8, 0x1, 0x93, 0xfc, 0x80, 0x19,
    0x3f, 0xc8, 0x1, 0x93, 0xfc, 0x80, 0x0,

    /* U+012E "Į" */
    0x0, 0x7f, 0xa4, 0x2, 0xff, 0x48, 0x5, 0xfe,
    0x90, 0xb, 0xfd, 0x20, 0x17, 0xfa, 0x40, 0x2f,
    0xf4, 0x80, 0x5f, 0xe9, 0x0, 0xbf, 0xd2, 0x1,
    0x7f, 0xa4, 0x2, 0xff, 0x48, 0x5, 0xfe, 0x90,
    0xb, 0xfd, 0x20, 0x17, 0xfa, 0x40, 0x2f, 0xf4,
    0x80, 0x5f, 0xe9, 0x0, 0xbf, 0xd2, 0x1, 0x7f,
    0xa4, 0x2, 0xff, 0x50, 0x1, 0x3a, 0x44, 0xf,
    0xd8, 0x2, 0x9e, 0x0, 0xd1, 0xf3, 0x1e, 0x81,
    0x5f, 0xd2, 0x0,

    /* U+012F "į" */
    0x7, 0xff, 0x38, 0x1, 0xff, 0xce, 0x0, 0x7f,
    0xf3, 0x80, 0x42, 0x20, 0xf, 0xe4, 0xff, 0x20,
    0x1, 0x3f, 0xc8, 0x0, 0x4f, 0xf2, 0x0, 0x13,
    0xfc, 0x80, 0x4, 0xff, 0x20, 0x1, 0x3f, 0xc8,
    0x0, 0x4f, 0xf2, 0x0, 0x13, 0xfc, 0x80, 0x4,
    0xff, 0x20, 0x1, 0x3f, 0xc8, 0x0, 0x4f, 0xf2,
    0x0, 0x13, 0xfc, 0x80, 0x4, 0xff, 0x20, 0x2,
    0x39, 0x80, 0xf, 0xc4, 0x1, 0x75, 0x0, 0x6d,
    0xe8, 0xae, 0x13, 0xcf, 0xd6, 0x0,

    /* U+0130 "İ" */
    0x1, 0x10, 0x17, 0xfa, 0xcb, 0xfd, 0x65, 0xfe,
    0xb0, 0xf, 0xef, 0xf4, 0x87, 0xfa, 0x43, 0xfd,
    0x21, 0xfe, 0x90, 0xff, 0x48, 0x7f, 0xa4, 0x3f,
    0xd2, 0x1f, 0xe9, 0xf, 0xf4, 0x87, 0xfa, 0x43,
    0xfd, 0x21, 0xfe, 0x90, 0xff, 0x48, 0x7f, 0xa4,
    0x3f, 0xd2, 0x1f, 0xe9, 0xf, 0xf4, 0x87, 0xfa,
    0x40,

    /* U+0131 "ı" */
    0x4f, 0xf2, 0x23, 0xfc, 0x88, 0xff, 0x22, 0x3f,
    0xc8, 0x8f, 0xf2, 0x23, 0xfc, 0x88, 0xff, 0x22,
    0x3f, 0xc8, 0x8f, 0xf2, 0x23, 0xfc, 0x88, 0xff,
    0x22, 0x3f, 0xc8, 0x8f, 0xf2, 0x0,

    /* U+0132 "Ĳ" */
    0xf, 0xf4, 0x80, 0x68, 0xff, 0xfe, 0x20, 0xff,
    0x48, 0x6, 0x8f, 0xff, 0xe2, 0xf, 0xf4, 0x80,
    0x63, 0x55, 0xf5, 0x7f, 0x88, 0x3f, 0xd2, 0x1,
    0xff, 0x3f, 0xf8, 0x83, 0xfd, 0x20, 0x1f, 0xf3,
    0xff, 0x88, 0x3f, 0xd2, 0x1, 0xff, 0x3f, 0xf8,
    0x83, 0xfd, 0x20, 0x1f, 0xf3, 0xff, 0x88, 0x3f,
    0xd2, 0x1, 0xff, 0x3f, 0xf8, 0x83, 0xfd, 0x20,
    0x1f, 0xf3, 0xff, 0x88, 0x3f, 0xd2, 0x1, 0xff,
    0x3f, 0xf8, 0x83, 0xfd, 0x20, 0x1f, 0xf3, 0xff,
    0x88, 0x3f, 0xd2, 0x1, 0xff, 0x47, 0xf8, 0x83,
    0xfd, 0x20, 0x8, 0xde, 0x0, 0xf4, 0xff, 0x80,
    0x1f, 0xe9, 0x0, 0x4f, 0xf8, 0x80, 0x3b, 0x7f,
    0x80, 0x1f, 0xe9, 0x0, 0x27, 0xfa, 0xc0, 0x32,
    0xff, 0xa4, 0x1, 0xfe, 0x90, 0xb, 0x3f, 0xdb,
    0xf, 0x5f, 0xf1, 0x0, 0x3f, 0xd2, 0x1, 0xe,
    0x7f, 0xfc, 0x80, 0x17, 0xfa, 0x40, 0x39, 0xb3,
    0xfd, 0xb2, 0x40, 0x10,

    /* U+0133 "ĳ" */
    0x7f, 0xf3, 0x80, 0x17, 0xfd, 0xf, 0xfe, 0x70,
    0x2, 0xff, 0xa1, 0xff, 0xce, 0x0, 0x5f, 0xf4,
    0x0, 0x88, 0x3, 0x8, 0x80, 0x3f, 0xe4, 0xff,
    0x20, 0x0, 0xff, 0xca, 0x9f, 0xe4, 0x0, 0x1f,
    0xf9, 0x53, 0xfc, 0x80, 0x3, 0xff, 0x2a, 0x7f,
    0x90, 0x0, 0x7f, 0xe5, 0x4f, 0xf2, 0x0, 0xf,
    0xfc, 0xa9, 0xfe, 0x40, 0x1, 0xff, 0x95, 0x3f,
    0xc8, 0x0, 0x3f, 0xf2, 0xa7, 0xf9, 0x0, 0x7,
    0xfe, 0x54, 0xff, 0x20, 0x0, 0xff, 0xca, 0x9f,
    0xe4, 0x0, 0x1f, 0xf9, 0x53, 0xfc, 0x80, 0x3,
    0xff, 0x2a, 0x7f, 0x90, 0x0, 0x7f, 0xe5, 0x4f,
    0xf2, 0x0, 0xf, 0xfc, 0xa0, 0x1e, 0x3f, 0xf2,
    0x80, 0x79, 0x3f, 0xca, 0x1, 0x91, 0xaf, 0xfc,
    0x60, 0x1a, 0xbf, 0xee, 0x0, 0xe7, 0xef, 0xc3,
    0x0,

    /* U+0134 "Ĵ" */
    0x0, 0xf8, 0x40, 0x3f, 0xe1, 0xe7, 0x0, 0xfe,
    0x1d, 0xff, 0x30, 0x7, 0xec, 0xf3, 0xaf, 0x50,
    0xf, 0x5f, 0xa0, 0x3, 0x3d, 0x0, 0x3f, 0xfa,
    0x23, 0xff, 0xfd, 0x20, 0x1, 0xff, 0xfe, 0x90,
    0x9, 0x57, 0xcd, 0xfe, 0x90, 0xf, 0xf7, 0xfa,
    0x40, 0x3f, 0xdf, 0xe9, 0x0, 0xff, 0x7f, 0xa4,
    0x3, 0xfd, 0xfe, 0x90, 0xf, 0xf7, 0xfa, 0x40,
    0x3f, 0xdf, 0xe9, 0x0, 0xff, 0x7f, 0xa4, 0x3,
    0xfd, 0xfe, 0x90, 0xf, 0xe1, 0xff, 0x49, 0xef,
    0x30, 0x7, 0x17, 0xfa, 0xb, 0xfd, 0x20, 0x1c,
    0xdf, 0xe5, 0xd, 0xff, 0x18, 0x6, 0xdf, 0xf0,
    0x82, 0x7f, 0xd4, 0xf1, 0xdf, 0xe8, 0x0, 0x9f,
    0xff, 0xea, 0x0, 0xe3, 0xae, 0xfe, 0xb5, 0x0,
    0x80,

    /* U+0135 "ĵ" */
    0x0, 0x91, 0x40, 0x3c, 0x7f, 0xe4, 0x0, 0xc5,
    0xdb, 0x9e, 0x60, 0x1, 0xee, 0x10, 0xef, 0x10,
    0x2c, 0x10, 0x0, 0xa1, 0x80, 0x3f, 0xf8, 0x9,
    0xfe, 0x40, 0xe, 0x4f, 0xf2, 0x0, 0x72, 0x7f,
    0x90, 0x3, 0x93, 0xfc, 0x80, 0x1c, 0x9f, 0xe4,
    0x0, 0xe4, 0xff, 0x20, 0x7, 0x27, 0xf9, 0x0,
    0x39, 0x3f, 0xc8, 0x1, 0xc9, 0xfe, 0x40, 0xe,
    0x4f, 0xf2, 0x0, 0x72, 0x7f, 0x90, 0x3, 0x93,
    0xfc, 0x80, 0x1c, 0x9f, 0xe4, 0x0, 0xe4, 0xff,
    0x20, 0x7, 0x27, 0xf9, 0x0, 0x25, 0x6c, 0xff,
    0x18, 0x5, 0x5f, 0xf7, 0x0, 0x67, 0xef, 0xc3,
    0x0, 0xc0,

    /* U+0136 "Ķ" */
    0xf, 0xf4, 0x80, 0x7d, 0x7f, 0xeb, 0x0, 0x7f,
    0xa4, 0x3, 0xd7, 0xfe, 0xb0, 0xb, 0xfd, 0x20,
    0x1d, 0x5f, 0xeb, 0x0, 0xdf, 0xe9, 0x0, 0xd5,
    0xfe, 0xc0, 0xe, 0xff, 0x48, 0x5, 0x3f, 0xec,
    0x0, 0xf7, 0xfa, 0x40, 0x13, 0xfe, 0xc0, 0xf,
    0xbf, 0xd2, 0x11, 0xfe, 0xd0, 0xf, 0xdf, 0xe9,
    0x7f, 0xfa, 0xc0, 0x3f, 0x7f, 0xfe, 0x40, 0xf,
    0xbf, 0xf6, 0x27, 0xfb, 0x80, 0x3e, 0xff, 0xb0,
    0x42, 0x7f, 0xd0, 0x1, 0xef, 0xf8, 0x40, 0x2e,
    0xff, 0x18, 0x7, 0x7f, 0xa8, 0x3, 0x27, 0xfb,
    0x0, 0x3b, 0xfd, 0x20, 0x1d, 0x5f, 0xe7, 0x0,
    0xdf, 0xe9, 0x0, 0xe1, 0xef, 0xf1, 0x0, 0x5f,
    0xe9, 0x0, 0xf3, 0x7f, 0xac, 0x2, 0xff, 0x48,
    0x7, 0xd7, 0xfe, 0x50, 0x7, 0xfa, 0x40, 0x3e,
    0x2f, 0xf7, 0x8, 0x7, 0xff, 0x24, 0x6a, 0x88,
    0x1, 0xff, 0xc0, 0x9f, 0xb0, 0xf, 0xfe, 0x1,
    0x7e, 0x80, 0x7f, 0xf0, 0x6b, 0x84, 0x3, 0xf8,

    /* U+0137 "ķ" */
    0x3f, 0xf2, 0x80, 0x7f, 0x1f, 0xf9, 0x40, 0x3f,
    0x8f, 0xfc, 0xa0, 0x1f, 0xc7, 0xfe, 0x50, 0xf,
    0xe3, 0xff, 0x28, 0x7, 0xf1, 0xff, 0x94, 0x3,
    0x67, 0xf9, 0x80, 0xff, 0xca, 0x1, 0x67, 0xf9,
    0xc0, 0x7, 0xfe, 0x50, 0x5, 0xff, 0x9c, 0x2,
    0x3f, 0xf2, 0x85, 0x7f, 0xa0, 0x3, 0x1f, 0xf9,
    0x6b, 0xfd, 0x20, 0x1c, 0x7f, 0xee, 0xff, 0xac,
    0x3, 0x8f, 0xff, 0x6f, 0xf9, 0x40, 0x31, 0xff,
    0xd2, 0x3d, 0xfc, 0x20, 0x11, 0xff, 0xb8, 0x0,
    0xbf, 0xe9, 0x0, 0x8f, 0xfc, 0xa0, 0x15, 0xff,
    0x90, 0x0, 0x7f, 0xe5, 0x0, 0x8b, 0xfd, 0xa0,
    0x3, 0xff, 0x28, 0x6, 0x7f, 0xf4, 0x1, 0xff,
    0x94, 0x3, 0xb3, 0xfc, 0x60, 0x1f, 0xfc, 0x53,
    0xaa, 0x10, 0x7, 0xf6, 0x7c, 0x0, 0x7f, 0x2f,
    0xd0, 0x7, 0xfb, 0x70, 0x3, 0xf0,

    /* U+0138 "ĸ" */
    0x3f, 0xf2, 0x80, 0x6c, 0xff, 0x30, 0x1f, 0xf9,
    0x40, 0x2c, 0xff, 0x38, 0x0, 0xff, 0xca, 0x0,
    0xbf, 0xf3, 0x80, 0x47, 0xfe, 0x50, 0xaf, 0xf4,
    0x0, 0x63, 0xff, 0x2d, 0x7f, 0xa4, 0x3, 0x8f,
    0xfd, 0xdf, 0xf5, 0x80, 0x71, 0xff, 0xed, 0xff,
    0x28, 0x6, 0x3f, 0xfa, 0x7, 0xbf, 0x84, 0x2,
    0x3f, 0xf7, 0x0, 0x1b, 0xfd, 0x20, 0x11, 0xff,
    0x94, 0x2, 0xbf, 0xf2, 0x0, 0xf, 0xfc, 0xa0,
    0x11, 0x7f, 0xb4, 0x0, 0x7f, 0xe5, 0x0, 0xcf,
    0xfe, 0x80, 0x3f, 0xf2, 0x80, 0x76, 0xff, 0x8c,

    /* U+0139 "Ĺ" */
    0x0, 0xcf, 0xa, 0x1, 0xfa, 0x3f, 0x84, 0x3,
    0xe3, 0xfe, 0x20, 0xf, 0x87, 0xbc, 0xc0, 0x3f,
    0x1c, 0x18, 0x7, 0xff, 0x27, 0xfd, 0x20, 0x1f,
    0xdf, 0xe9, 0x0, 0xfe, 0xff, 0x48, 0x7, 0xf7,
    0xfa, 0x40, 0x3f, 0xbf, 0xd2, 0x1, 0xfd, 0xfe,
    0x90, 0xf, 0xef, 0xf4, 0x80, 0x7f, 0x7f, 0xa4,
    0x3, 0xfb, 0xfd, 0x20, 0x1f, 0xdf, 0xe9, 0x0,
    0xfe, 0xff, 0x48, 0x7, 0xf7, 0xfa, 0x40, 0x3f,
    0xbf, 0xd2, 0x1, 0xfd, 0xfe, 0x90, 0xf, 0xef,
    0xf4, 0x80, 0x7f, 0x7f, 0xad, 0x57, 0xe3, 0xf,
    0xff, 0xf4, 0x87, 0xff, 0xfa, 0x40,

    /* U+013A "ĺ" */
    0x0, 0x8a, 0x20, 0x40, 0x1, 0xdf, 0x90, 0xa,
    0xfe, 0x0, 0x28, 0xf7, 0x0, 0xff, 0xe2, 0xa7,
    0xf8, 0xc0, 0x24, 0xff, 0x18, 0x4, 0x9f, 0xe3,
    0x0, 0x93, 0xfc, 0x60, 0x12, 0x7f, 0x8c, 0x2,
    0x4f, 0xf1, 0x80, 0x49, 0xfe, 0x30, 0x9, 0x3f,
    0xc6, 0x1, 0x27, 0xf8, 0xc0, 0x24, 0xff, 0x18,
    0x4, 0x9f, 0xe3, 0x0, 0x93, 0xfc, 0x60, 0x12,
    0x7f, 0x8c, 0x2, 0x4f, 0xf1, 0x80, 0x49, 0xfe,
    0x40, 0x8, 0xff, 0xd6, 0xa4, 0x0, 0xef, 0xf9,
    0x80, 0x7, 0x9f, 0xa6, 0x0,

    /* U+013B "Ļ" */
    0xf, 0xf4, 0x80, 0x7f, 0x7f, 0xa4, 0x3, 0xfb,
    0xfd, 0x20, 0x1f, 0xdf, 0xe9, 0x0, 0xfe, 0xff,
    0x48, 0x7, 0xf7, 0xfa, 0x40, 0x3f, 0xbf, 0xd2,
    0x1, 0xfd, 0xfe, 0x90, 0xf, 0xef, 0xf4, 0x80,
    0x7f, 0x7f, 0xa4, 0x3, 0xfb, 0xfd, 0x20, 0x1f,
    0xdf, 0xe9, 0x0, 0xfe, 0xff, 0x48, 0x7, 0xf7,
    0xfa, 0x40, 0x3f, 0xbf, 0xd2, 0x1, 0xfd, 0xfe,
    0xb5, 0x5f, 0x8c, 0x3f, 0xff, 0xd2, 0x1f, 0xff,
    0xe9, 0x0, 0xff, 0xe2, 0x4d, 0x30, 0x7, 0xe6,
    0xfd, 0x10, 0xf, 0xdd, 0xc2, 0x0, 0xfc, 0xfe,
    0x80, 0x1f, 0x0,

    /* U+013C "ļ" */
    0x4, 0xff, 0x18, 0x4, 0x9f, 0xe3, 0x0, 0x93,
    0xfc, 0x60, 0x12, 0x7f, 0x8c, 0x2, 0x4f, 0xf1,
    0x80, 0x49, 0xfe, 0x30, 0x9, 0x3f, 0xc6, 0x1,
    0x27, 0xf8, 0xc0, 0x24, 0xff, 0x18, 0x4, 0x9f,
    0xe3, 0x0, 0x93, 0xfc, 0x60, 0x12, 0x7f, 0x8c,
    0x2, 0x4f, 0xf1, 0x80, 0x49, 0xfe, 0x30, 0x9,
    0x3f, 0xc8, 0x1, 0x1f, 0xfa, 0xd4, 0x80, 0x1d,
    0xff, 0x30, 0x0, 0xf3, 0xf4, 0xc0, 0x3f, 0xb3,
    0x60, 0x2, 0x6f, 0xc0, 0xd, 0xdc, 0x10, 0x9,
    0xfc, 0xc0, 0x30,

    /* U+013D "Ľ" */
    0xf, 0xf4, 0x80, 0x77, 0x7d, 0x7, 0xfa, 0x40,
    0x31, 0xff, 0x88, 0x3f, 0xd2, 0x1, 0x9f, 0xec,
    0x1, 0xfe, 0x90, 0xd, 0x7e, 0x60, 0xf, 0xf4,
    0x80, 0x6f, 0xc0, 0xb, 0xfd, 0x20, 0x11, 0x49,
    0x80, 0x5f, 0xe9, 0x0, 0xfe, 0xff, 0x48, 0x7,
    0xf7, 0xfa, 0x40, 0x3f, 0xbf, 0xd2, 0x1, 0xfd,
    0xfe, 0x90, 0xf, 0xef, 0xf4, 0x80, 0x7f, 0x7f,
    0xa4, 0x3, 0xfb, 0xfd, 0x20, 0x1f, 0xdf, 0xe9,
    0x0, 0xfe, 0xff, 0x5a, 0xaf, 0xc6, 0x1f, 0xff,
    0xe9, 0xf, 0xff, 0xf4, 0x80,

    /* U+013E "ľ" */
    0x4f, 0xf1, 0x80, 0xff, 0xa1, 0x3f, 0xc6, 0xb,
    0xfe, 0x14, 0xff, 0x18, 0x4f, 0xc8, 0x27, 0xf8,
    0xc3, 0x7c, 0x41, 0x3f, 0xc6, 0x5f, 0x20, 0x4,
    0xff, 0x19, 0x41, 0x0, 0x13, 0xfc, 0x60, 0x1c,
    0x9f, 0xe3, 0x0, 0xe4, 0xff, 0x18, 0x7, 0x27,
    0xf8, 0xc0, 0x39, 0x3f, 0xc6, 0x1, 0xc9, 0xfe,
    0x30, 0xe, 0x4f, 0xf1, 0x80, 0x72, 0x7f, 0x8c,
    0x3, 0x93, 0xfc, 0x80, 0x1c, 0x7f, 0xeb, 0x52,
    0x0, 0xdd, 0xff, 0x30, 0x6, 0x3c, 0xfd, 0x30,
    0x8,

    /* U+013F "Ŀ" */
    0xf, 0xf4, 0x80, 0x7f, 0xbf, 0xd2, 0x1, 0xfe,
    0xff, 0x48, 0x7, 0xfb, 0xfd, 0x20, 0x1f, 0xef,
    0xf4, 0x80, 0x7f, 0xbf, 0xd2, 0x1, 0xfe, 0xff,
    0x48, 0x7, 0xfb, 0xfd, 0x20, 0x1e, 0xdf, 0xf0,
    0x7f, 0xa4, 0x3, 0xdb, 0xfe, 0xf, 0xf4, 0x80,
    0x7b, 0x7f, 0xc1, 0xfe, 0x90, 0xf, 0x11, 0x41,
    0xfe, 0x90, 0xf, 0xf7, 0xfa, 0x40, 0x3f, 0xdf,
    0xe9, 0x0, 0xff, 0x7f, 0xa4, 0x3, 0xfd, 0xfe,
    0xb5, 0x5f, 0x8c, 0x1, 0xff, 0xfe, 0x90, 0x7,
    0xff, 0xfa, 0x40,

    /* U+0140 "ŀ" */
    0x4f, 0xf1, 0x80, 0x72, 0x7f, 0x8c, 0x3, 0x93,
    0xfc, 0x60, 0x1c, 0x9f, 0xe3, 0x0, 0xe4, 0xff,
    0x18, 0x7, 0x27, 0xf8, 0xc0, 0x39, 0x3f, 0xc6,
    0x1, 0xc9, 0xfe, 0x30, 0x6f, 0xf3, 0x27, 0xf8,
    0xc1, 0xbf, 0xcc, 0x9f, 0xe3, 0x6, 0xff, 0x32,
    0x7f, 0x8c, 0x0, 0x44, 0x14, 0xff, 0x18, 0x7,
    0x27, 0xf8, 0xc0, 0x39, 0x3f, 0xc6, 0x1, 0xc9,
    0xfe, 0x40, 0xe, 0x3f, 0xf6, 0x31, 0x80, 0x6e,
    0xff, 0x98, 0x3, 0x1e, 0x7e, 0x98, 0x4,

    /* U+0141 "Ł" */
    0x0, 0x7f, 0xa4, 0x3, 0xfd, 0xfe, 0x90, 0xf,
    0xf7, 0xfa, 0x40, 0x3f, 0xdf, 0xe9, 0x0, 0xff,
    0x7f, 0xa4, 0x3, 0xfd, 0xfe, 0x90, 0x2c, 0x0,
    0xfb, 0xfd, 0x29, 0xde, 0x1, 0xf7, 0xff, 0x58,
    0x7, 0xdf, 0xfa, 0x0, 0x3e, 0x3f, 0xf9, 0x40,
    0x3e, 0x5f, 0xfb, 0x0, 0x3f, 0x57, 0xfd, 0x20,
    0x1f, 0xaa, 0x3f, 0xd2, 0x1, 0xf8, 0x43, 0xfd,
    0x20, 0x1f, 0xef, 0xf4, 0x80, 0x7f, 0xbf, 0xd6,
    0xab, 0xf1, 0x80, 0x3f, 0xff, 0xd2, 0x0, 0xff,
    0xff, 0x48,

    /* U+0142 "ł" */
    0x4, 0xff, 0x18, 0x4, 0x9f, 0xe3, 0x0, 0x93,
    0xfc, 0x60, 0x12, 0x7f, 0x8c, 0x2, 0x4f, 0xf1,
    0x80, 0x49, 0xfe, 0x48, 0x60, 0x4f, 0xfc, 0xc0,
    0x9f, 0xf6, 0x90, 0x6f, 0xfb, 0x40, 0x13, 0xff,
    0x18, 0x2, 0xbf, 0xe3, 0x0, 0x2a, 0xbf, 0xc6,
    0x1, 0x27, 0xf8, 0xc0, 0x24, 0xff, 0x18, 0x4,
    0x9f, 0xe4, 0x0, 0x8f, 0xfd, 0x6a, 0x40, 0xe,
    0xff, 0x98, 0x0, 0x79, 0xfa, 0x60,

    /* U+0143 "Ń" */
    0x0, 0xfe, 0x48, 0x71, 0x0, 0xff, 0xf, 0x7b,
    0x80, 0x7f, 0xd9, 0xf0, 0x1, 0xff, 0x3f, 0xc8,
    0x7, 0xff, 0x1, 0xdc, 0x1, 0xff, 0xca, 0xff,
    0x70, 0x80, 0x7d, 0xdf, 0x61, 0xff, 0x50, 0x7,
    0xdd, 0xf6, 0x1f, 0xf8, 0xc0, 0x3d, 0xdf, 0x61,
    0xff, 0xb4, 0x3, 0xdd, 0xf6, 0x1f, 0xee, 0xff,
    0x38, 0x7, 0x77, 0xd8, 0x7f, 0xa6, 0xff, 0xc4,
    0x1, 0xbb, 0xec, 0x3f, 0xd2, 0x5f, 0xeb, 0x0,
    0xdd, 0xf6, 0x1f, 0xe9, 0x7, 0xff, 0x28, 0x5,
    0xdf, 0x61, 0xfe, 0x90, 0x6, 0xff, 0x0, 0x5d,
    0xf6, 0x1f, 0xe9, 0x0, 0x27, 0xfa, 0x40, 0x1d,
    0xf6, 0x1f, 0xe9, 0x0, 0xab, 0xfc, 0x61, 0xdf,
    0x61, 0xfe, 0x90, 0x8, 0x7f, 0xd8, 0x1d, 0xf6,
    0x1f, 0xe9, 0x0, 0xcd, 0xfe, 0x6e, 0xfb, 0xf,
    0xf4, 0x80, 0x76, 0x7f, 0x7f, 0xac, 0x3f, 0xd2,
    0x1, 0xc7, 0xff, 0xac, 0x3f, 0xd2, 0x1, 0xe9,
    0xff, 0xac, 0x3f, 0xd2, 0x1, 0xe1, 0xef, 0xf5,
    0x87, 0xfa, 0x40, 0x3e, 0x6f, 0xf5, 0x80,

    /* U+0144 "ń" */
    0x0, 0xf9, 0xff, 0x8c, 0x3, 0xe5, 0xfe, 0x20,
    0xf, 0x8f, 0xf4, 0x40, 0x3f, 0x2b, 0x88, 0x7,
    0xff, 0x10, 0xff, 0xca, 0x77, 0xdf, 0xae, 0x0,
    0x3f, 0xf5, 0x7f, 0xfa, 0xc0, 0xff, 0xeb, 0x20,
    0x2c, 0xff, 0x29, 0xff, 0xb8, 0x3, 0x17, 0xfa,
    0x4f, 0xfd, 0x20, 0x1d, 0xdf, 0x67, 0xfe, 0x60,
    0xe, 0xdf, 0xb3, 0xff, 0x28, 0x7, 0x6f, 0xd9,
    0xff, 0x94, 0x3, 0xb7, 0xec, 0xff, 0xca, 0x1,
    0xdb, 0xf6, 0x7f, 0xe5, 0x0, 0xed, 0xfb, 0x3f,
    0xf2, 0x80, 0x76, 0xfd, 0x9f, 0xf9, 0x40, 0x3b,
    0x7e, 0xcf, 0xfc, 0xa0, 0x1d, 0xbf, 0x60,

    /* U+0145 "Ņ" */
    0xf, 0xf7, 0x8, 0x7, 0xdd, 0xf6, 0x1f, 0xf5,
    0x0, 0x7d, 0xdf, 0x61, 0xff, 0x8c, 0x3, 0xdd,
    0xf6, 0x1f, 0xfb, 0x40, 0x3d, 0xdf, 0x61, 0xfe,
    0xef, 0xf3, 0x80, 0x77, 0x7d, 0x87, 0xfa, 0x6f,
    0xfc, 0x40, 0x1b, 0xbe, 0xc3, 0xfd, 0x25, 0xfe,
    0xb0, 0xd, 0xdf, 0x61, 0xfe, 0x90, 0x7f, 0xf2,
    0x80, 0x5d, 0xf6, 0x1f, 0xe9, 0x0, 0x6f, 0xf0,
    0x5, 0xdf, 0x61, 0xfe, 0x90, 0x2, 0x7f, 0xa4,
    0x1, 0xdf, 0x61, 0xfe, 0x90, 0xa, 0xbf, 0xc6,
    0x1d, 0xf6, 0x1f, 0xe9, 0x0, 0x87, 0xfd, 0x81,
    0xdf, 0x61, 0xfe, 0x90, 0xc, 0xdf, 0xe6, 0xef,
    0xb0, 0xff, 0x48, 0x7, 0x67, 0xf7, 0xfa, 0xc3,
    0xfd, 0x20, 0x1c, 0x7f, 0xfa, 0xc3, 0xfd, 0x20,
    0x1e, 0x9f, 0xfa, 0xc3, 0xfd, 0x20, 0x1e, 0x1e,
    0xff, 0x58, 0x7f, 0xa4, 0x3, 0xe6, 0xff, 0x58,
    0x7, 0xff, 0x26, 0x2a, 0x0, 0x3f, 0xe3, 0xfe,
    0x20, 0xf, 0xfb, 0x3d, 0x0, 0x3f, 0xe4, 0xf6,
    0x0, 0xfc,

    /* U+0146 "ņ" */
    0x3f, 0xf2, 0x9d, 0xf7, 0xeb, 0x80, 0xf, 0xfd,
    0x5f, 0xfe, 0xb0, 0x3f, 0xfa, 0xc8, 0xb, 0x3f,
    0xca, 0x7f, 0xee, 0x0, 0xc5, 0xfe, 0x93, 0xff,
    0x48, 0x7, 0x77, 0xd9, 0xff, 0x98, 0x3, 0xb7,
    0xec, 0xff, 0xca, 0x1, 0xdb, 0xf6, 0x7f, 0xe5,
    0x0, 0xed, 0xfb, 0x3f, 0xf2, 0x80, 0x76, 0xfd,
    0x9f, 0xf9, 0x40, 0x3b, 0x7e, 0xcf, 0xfc, 0xa0,
    0x1d, 0xbf, 0x67, 0xfe, 0x50, 0xe, 0xdf, 0xb3,
    0xff, 0x28, 0x7, 0x6f, 0xd8, 0x7, 0xff, 0x11,
    0x2a, 0x82, 0x1, 0xfb, 0x7d, 0x80, 0x3f, 0x37,
    0xc8, 0x7, 0xf7, 0x58, 0x7, 0xc0,

    /* U+0147 "Ň" */
    0x0, 0xce, 0xe0, 0x8, 0xe0, 0xc0, 0x3e, 0x4f,
    0xa0, 0x3f, 0xb0, 0xf, 0xe4, 0xfa, 0xec, 0x0,
    0xff, 0x97, 0xf0, 0x3, 0xff, 0x82, 0x82, 0x1,
    0xff, 0xca, 0xff, 0x70, 0x80, 0x7d, 0xdf, 0x61,
    0xff, 0x50, 0x7, 0xdd, 0xf6, 0x1f, 0xf8, 0xc0,
    0x3d, 0xdf, 0x61, 0xff, 0xb4, 0x3, 0xdd, 0xf6,
    0x1f, 0xee, 0xff, 0x38, 0x7, 0x77, 0xd8, 0x7f,
    0xa6, 0xff, 0xc4, 0x1, 0xbb, 0xec, 0x3f, 0xd2,
    0x5f, 0xeb, 0x0, 0xdd, 0xf6, 0x1f, 0xe9, 0x7,
    0xff, 0x28, 0x5, 0xdf, 0x61, 0xfe, 0x90, 0x6,
    0xff, 0x0, 0x5d, 0xf6, 0x1f, 0xe9, 0x0, 0x27,
    0xfa, 0x40, 0x1d, 0xf6, 0x1f, 0xe9, 0x0, 0xab,
    0xfc, 0x61, 0xdf, 0x61, 0xfe, 0x90, 0x8, 0x7f,
    0xd8, 0x1d, 0xf6, 0x1f, 0xe9, 0x0, 0xcd, 0xfe,
    0x6e, 0xfb, 0xf, 0xf4, 0x80, 0x76, 0x7f, 0x7f,
    0xac, 0x3f, 0xd2, 0x1, 0xc7, 0xff, 0xac, 0x3f,
    0xd2, 0x1, 0xe9, 0xff, 0xac, 0x3f, 0xd2, 0x1,
    0xe1, 0xef, 0xf5, 0x87, 0xfa, 0x40, 0x3e, 0x6f,
    0xf5, 0x80,

    /* U+0148 "ň" */
    0x0, 0x3f, 0xc0, 0x1, 0xfe, 0x0, 0x3a, 0x3e,
    0x1f, 0xe0, 0x3, 0xe8, 0xff, 0x48, 0x7, 0xf4,
    0xc8, 0x3, 0xff, 0x8a, 0x7f, 0xe5, 0x3b, 0xef,
    0xd7, 0x0, 0x1f, 0xfa, 0xbf, 0xfd, 0x60, 0x7f,
    0xf5, 0x90, 0x16, 0x7f, 0x94, 0xff, 0xdc, 0x1,
    0x8b, 0xfd, 0x27, 0xfe, 0x90, 0xe, 0xef, 0xb3,
    0xff, 0x30, 0x7, 0x6f, 0xd9, 0xff, 0x94, 0x3,
    0xb7, 0xec, 0xff, 0xca, 0x1, 0xdb, 0xf6, 0x7f,
    0xe5, 0x0, 0xed, 0xfb, 0x3f, 0xf2, 0x80, 0x76,
    0xfd, 0x9f, 0xf9, 0x40, 0x3b, 0x7e, 0xcf, 0xfc,
    0xa0, 0x1d, 0xbf, 0x67, 0xfe, 0x50, 0xe, 0xdf,
    0xb0,

    /* U+0149 "ŉ" */
    0x0, 0x77, 0xf0, 0x7, 0xff, 0x4, 0xff, 0xce,
    0x1, 0xff, 0xc1, 0x8f, 0xe0, 0xf, 0xfe, 0x16,
    0xfb, 0x80, 0x7f, 0xf0, 0x4b, 0xfc, 0x20, 0x1f,
    0xfc, 0x17, 0xf8, 0x0, 0x7f, 0xa8, 0x67, 0xbf,
    0xa4, 0x40, 0x17, 0xe2, 0x0, 0xff, 0x67, 0x7f,
    0xf7, 0x8, 0x7, 0xbf, 0xee, 0x40, 0x19, 0xff,
    0x48, 0x7, 0xbf, 0xe3, 0x0, 0xdb, 0xfc, 0x1,
    0xef, 0xf7, 0x0, 0x74, 0xff, 0x80, 0x3d, 0xfe,
    0xb0, 0xe, 0x8f, 0xf0, 0x7, 0xbf, 0xd4, 0x1,
    0xd1, 0xfe, 0x0, 0xf7, 0xfa, 0x80, 0x3a, 0x3f,
    0xc0, 0x1e, 0xff, 0x50, 0x7, 0x47, 0xf8, 0x3,
    0xdf, 0xea, 0x0, 0xe8, 0xff, 0x0, 0x7b, 0xfd,
    0x40, 0x1d, 0x1f, 0xe0, 0xf, 0x7f, 0xa8, 0x3,
    0xa3, 0xfc, 0x1, 0xef, 0xf5, 0x0, 0x74, 0x7f,
    0x80,

    /* U+014A "Ŋ" */
    0xf, 0xf7, 0x8, 0x7, 0xdd, 0xf6, 0x1f, 0xf5,
    0x0, 0x7d, 0xdf, 0x61, 0xff, 0x90, 0x3, 0xdd,
    0xf6, 0x1f, 0xfb, 0x40, 0x3d, 0xdf, 0x61, 0xff,
    0xd0, 0x1, 0xdd, 0xf6, 0x1f, 0xe9, 0xcf, 0xf1,
    0x0, 0x6e, 0xfb, 0xf, 0xf4, 0x9f, 0xfa, 0xc0,
    0x37, 0x7d, 0x87, 0xfa, 0x42, 0x7f, 0xca, 0x1,
    0x77, 0xd8, 0x7f, 0xa4, 0x7, 0xbf, 0x84, 0x1,
    0xdf, 0x61, 0xfe, 0x90, 0x2, 0xff, 0xa4, 0x1,
    0xdf, 0x61, 0xfe, 0x90, 0xb, 0x3f, 0xc6, 0x1d,
    0xf6, 0x1f, 0xe9, 0x0, 0x8b, 0xfd, 0xa1, 0xdf,
    0x61, 0xfe, 0x90, 0xd, 0x1f, 0xe7, 0xef, 0xb0,
    0xff, 0x48, 0x7, 0x77, 0xfe, 0xb0, 0xff, 0x48,
    0x7, 0x27, 0xfe, 0xb0, 0xff, 0x48, 0x7, 0xaf,
    0xfe, 0xb0, 0xff, 0x48, 0x7, 0x87, 0xfe, 0xb0,
    0xff, 0x48, 0x7, 0xcf, 0xfe, 0xb0, 0xf, 0xfe,
    0x7, 0x7d, 0x80, 0x7f, 0xf0, 0x3b, 0xe4, 0x3,
    0xfc, 0x31, 0xfe, 0x40, 0xf, 0xc9, 0xff, 0xa8,
    0x3, 0xf8, 0xaa, 0xe9, 0x40, 0x0,

    /* U+014B "ŋ" */
    0x7f, 0xf0, 0xb6, 0x7f, 0xb1, 0x80, 0xf, 0xfe,
    0xbf, 0xff, 0x48, 0x3f, 0xfc, 0xe0, 0x3, 0xef,
    0xf1, 0x3f, 0xfa, 0x80, 0x32, 0xff, 0x99, 0xff,
    0xca, 0x1, 0x87, 0xfd, 0xf, 0xfe, 0x20, 0xe,
    0xff, 0x43, 0xff, 0x84, 0x3, 0xbf, 0xd0, 0xff,
    0xe1, 0x0, 0xef, 0xf4, 0x3f, 0xf8, 0x40, 0x3b,
    0xfd, 0xf, 0xfe, 0x10, 0xe, 0xff, 0x43, 0xff,
    0x84, 0x3, 0xbf, 0xd0, 0xff, 0xe1, 0x0, 0xef,
    0xf4, 0x3f, 0xf8, 0x40, 0x3b, 0xfd, 0x0, 0x1f,
    0xdf, 0xe8, 0x0, 0xfe, 0xff, 0x40, 0x7, 0xc8,
    0xff, 0xe7, 0x0, 0xf1, 0x7f, 0xe3, 0x0, 0xf0,
    0xef, 0xf3, 0x0,

    /* U+014C "Ō" */
    0x0, 0xed, 0xff, 0xf1, 0x80, 0x7f, 0x9e, 0x23,
    0xc2, 0x1, 0xff, 0xe1, 0x17, 0xbe, 0xff, 0x6c,
    0x98, 0x7, 0xe4, 0xef, 0xff, 0xd2, 0x1, 0xe6,
    0xff, 0xba, 0xa2, 0x73, 0xfe, 0xc0, 0xc, 0x7f,
    0xf3, 0x0, 0x71, 0xef, 0xfa, 0x40, 0x2d, 0xff,
    0x20, 0x7, 0xed, 0xff, 0x18, 0x1f, 0xfa, 0x80,
    0x3f, 0x93, 0xfd, 0x41, 0x1f, 0xe3, 0x0, 0xff,
    0x6f, 0xf8, 0x2f, 0xfc, 0x1, 0xff, 0x4f, 0xf8,
    0x73, 0xf8, 0x3, 0xfe, 0x8f, 0xf1, 0xe7, 0xf0,
    0x7, 0xfd, 0x1f, 0xe3, 0xbf, 0xf0, 0x7, 0xfd,
    0x3f, 0xe1, 0x8f, 0xf1, 0x80, 0x7f, 0xb7, 0xf8,
    0xf, 0xfd, 0x40, 0x1f, 0xc9, 0xfe, 0xa0, 0x6,
    0xff, 0x90, 0x3, 0xf6, 0xff, 0x8c, 0x0, 0x7f,
    0xf3, 0x0, 0x71, 0xef, 0xfa, 0x40, 0x33, 0x7f,
    0xdd, 0x51, 0x39, 0xff, 0x60, 0x7, 0x93, 0xbf,
    0xff, 0x48, 0x7, 0xe1, 0x7b, 0xef, 0xf6, 0xc9,
    0x80, 0x70,

    /* U+014D "ō" */
    0x0, 0xf, 0xff, 0xc0, 0x1e, 0x88, 0xf8, 0x3,
    0xff, 0xa8, 0x95, 0xdf, 0xb4, 0x60, 0x1d, 0x3f,
    0xff, 0x40, 0x5, 0x1f, 0xec, 0x54, 0x5c, 0xff,
    0x38, 0x17, 0xfa, 0x80, 0x3a, 0xff, 0xc3, 0x1f,
    0xe1, 0x0, 0xe2, 0xff, 0x3d, 0xfe, 0x80, 0x7d,
    0xbf, 0x59, 0xf6, 0x1, 0xf6, 0x7e, 0x5f, 0xe8,
    0x7, 0xdb, 0xf5, 0x1f, 0xe1, 0x0, 0xe2, 0xff,
    0x39, 0x7f, 0xac, 0x3, 0xaf, 0xfc, 0x21, 0x1f,
    0xec, 0x64, 0x6d, 0xff, 0x38, 0x5, 0x3f, 0xff,
    0x40, 0x7, 0x25, 0x77, 0xf5, 0x18, 0x4,

    /* U+014E "Ŏ" */
    0x0, 0xc7, 0xf2, 0x1, 0x1f, 0xc8, 0x7, 0xfb,
    0xfc, 0x80, 0x57, 0xea, 0x1, 0xfe, 0x5f, 0xfe,
    0xa0, 0xf, 0xfe, 0x1, 0x34, 0x31, 0x80, 0x7f,
    0xf4, 0x45, 0xef, 0xbf, 0xdb, 0x26, 0x1, 0xf9,
    0x3b, 0xff, 0xf4, 0x80, 0x79, 0xbf, 0xee, 0xa8,
    0x9c, 0xff, 0xb0, 0x3, 0x1f, 0xfc, 0xc0, 0x1c,
    0x7b, 0xfe, 0x90, 0xb, 0x7f, 0xc8, 0x1, 0xfb,
    0x7f, 0xc6, 0x7, 0xfe, 0xa0, 0xf, 0xe4, 0xff,
    0x50, 0x47, 0xf8, 0xc0, 0x3f, 0xdb, 0xfe, 0xb,
    0xff, 0x0, 0x7f, 0xd3, 0xfe, 0x1c, 0xfe, 0x0,
    0xff, 0xa3, 0xfc, 0x79, 0xfc, 0x1, 0xff, 0x47,
    0xf8, 0xef, 0xfc, 0x1, 0xff, 0x4f, 0xf8, 0x63,
    0xfc, 0x60, 0x1f, 0xed, 0xfe, 0x3, 0xff, 0x50,
    0x7, 0xf2, 0x7f, 0xa8, 0x1, 0xbf, 0xe4, 0x0,
    0xfd, 0xbf, 0xe3, 0x0, 0x1f, 0xfc, 0xc0, 0x1c,
    0x7b, 0xfe, 0x90, 0xc, 0xdf, 0xf7, 0x54, 0x4e,
    0x7f, 0xd8, 0x1, 0xe4, 0xef, 0xff, 0xd2, 0x1,
    0xf8, 0x5e, 0xfb, 0xfd, 0xb2, 0x60, 0x1c,

    /* U+014F "ŏ" */
    0x0, 0x3f, 0x98, 0x4, 0x9e, 0xc0, 0x18, 0xfe,
    0xc8, 0xb, 0x3c, 0xc0, 0x3a, 0x7f, 0xfa, 0x0,
    0x3e, 0x36, 0x76, 0x20, 0xf, 0xfe, 0x42, 0x57,
    0x7e, 0xd1, 0x80, 0x74, 0xff, 0xfd, 0x0, 0x14,
    0x7f, 0xb1, 0x51, 0x73, 0xfc, 0xe0, 0x5f, 0xea,
    0x0, 0xeb, 0xff, 0xc, 0x7f, 0x84, 0x3, 0x8b,
    0xfc, 0xf7, 0xfa, 0x1, 0xf6, 0xfd, 0x67, 0xd8,
    0x7, 0xd9, 0xf9, 0x7f, 0xa0, 0x1f, 0x6f, 0xd4,
    0x7f, 0x84, 0x3, 0x8b, 0xfc, 0xe5, 0xfe, 0xb0,
    0xe, 0xbf, 0xf0, 0x84, 0x7f, 0xb1, 0x91, 0xb7,
    0xfc, 0xe0, 0x14, 0xff, 0xfd, 0x0, 0x1c, 0x95,
    0xdf, 0xd4, 0x60, 0x10,

    /* U+0150 "Ő" */
    0x0, 0xf8, 0xbf, 0xc4, 0xb, 0xfe, 0x40, 0xf,
    0xec, 0xf5, 0x2, 0xff, 0x28, 0x7, 0xf4, 0x7c,
    0x0, 0x33, 0xd8, 0x3, 0xf8, 0xfe, 0xc0, 0xf,
    0xf0, 0x1, 0xff, 0x8, 0x4, 0x22, 0x0, 0xff,
    0xe8, 0xb, 0xdf, 0x7f, 0xb6, 0x4c, 0x3, 0xf2,
    0x77, 0xff, 0xe9, 0x0, 0xf3, 0x7f, 0xdd, 0x51,
    0x39, 0xff, 0x60, 0x6, 0x3f, 0xf9, 0x80, 0x38,
    0xf7, 0xfd, 0x20, 0x16, 0xff, 0x90, 0x3, 0xf6,
    0xff, 0x8c, 0xf, 0xfd, 0x40, 0x1f, 0xc9, 0xfe,
    0xa0, 0x8f, 0xf1, 0x80, 0x7f, 0xb7, 0xfc, 0x17,
    0xfe, 0x0, 0xff, 0xa7, 0xfc, 0x39, 0xfc, 0x1,
    0xff, 0x47, 0xf8, 0xf3, 0xf8, 0x3, 0xfe, 0x8f,
    0xf1, 0xdf, 0xf8, 0x3, 0xfe, 0x9f, 0xf0, 0xc7,
    0xf8, 0xc0, 0x3f, 0xdb, 0xfc, 0x7, 0xfe, 0xa0,
    0xf, 0xe4, 0xff, 0x50, 0x3, 0x7f, 0xc8, 0x1,
    0xfb, 0x7f, 0xc6, 0x0, 0x3f, 0xf9, 0x80, 0x38,
    0xf7, 0xfd, 0x20, 0x19, 0xbf, 0xee, 0xa8, 0x9c,
    0xff, 0xb0, 0x3, 0xc9, 0xdf, 0xff, 0xa4, 0x3,
    0xf0, 0xbd, 0xf7, 0xfb, 0x64, 0xc0, 0x38,

    /* U+0151 "ő" */
    0x0, 0xe5, 0xfd, 0x10, 0x9f, 0xe2, 0x0, 0xc3,
    0xde, 0x40, 0x9f, 0xe3, 0x0, 0xeb, 0xf5, 0x1,
    0xef, 0x40, 0xe, 0x6f, 0x80, 0x5, 0xfa, 0x80,
    0x78, 0x44, 0x1, 0x8, 0x80, 0x3e, 0x4a, 0xef,
    0xda, 0x30, 0xf, 0x4f, 0xff, 0xd0, 0x1, 0xa3,
    0xfd, 0x8a, 0x8b, 0x9f, 0xe7, 0x0, 0x17, 0xfa,
    0x80, 0x3a, 0xff, 0xc2, 0x11, 0xfe, 0x10, 0xe,
    0x2f, 0xf3, 0x85, 0xfe, 0x80, 0x7d, 0xbf, 0x41,
    0x9f, 0x60, 0x1f, 0x67, 0xe0, 0x5f, 0xe8, 0x7,
    0xdb, 0xf4, 0x11, 0xfe, 0x10, 0xe, 0x2f, 0xf3,
    0x81, 0x7f, 0xac, 0x3, 0xaf, 0xfc, 0x20, 0x8,
    0xff, 0x63, 0x23, 0x6f, 0xf9, 0xc0, 0x34, 0xff,
    0xfd, 0x0, 0x1e, 0x4a, 0xef, 0xea, 0x30, 0xc,

    /* U+0152 "Œ" */
    0x0, 0xe5, 0x9d, 0xef, 0xff, 0xfe, 0x18, 0x6,
    0x4e, 0xff, 0xff, 0xe3, 0x80, 0x4d, 0xff, 0x74,
    0xbb, 0x2a, 0xbf, 0xd8, 0xab, 0xfc, 0x0, 0x4f,
    0xf7, 0x28, 0x7, 0xbf, 0xd4, 0x1, 0xff, 0x67,
    0xf8, 0xc0, 0x3e, 0xff, 0x50, 0x7, 0xf8, 0xff,
    0xd0, 0x1, 0xfb, 0xfd, 0x40, 0x1f, 0xe7, 0xff,
    0x18, 0x7, 0xef, 0xf5, 0x0, 0x7f, 0xab, 0xfc,
    0x1, 0xfd, 0xfe, 0xc5, 0x5f, 0xc2, 0x19, 0xfc,
    0x1, 0xfd, 0xff, 0xff, 0x18, 0x67, 0xf0, 0x7,
    0xf7, 0xff, 0xfc, 0x61, 0x7f, 0xe0, 0xf, 0xef,
    0xf5, 0x0, 0x7f, 0xa3, 0xfc, 0x40, 0x1f, 0xbf,
    0xd4, 0x1, 0xfe, 0x4f, 0xf4, 0x0, 0x7e, 0xff,
    0x50, 0x7, 0xfd, 0xdf, 0xe2, 0x0, 0xfb, 0xfd,
    0x40, 0x1f, 0xf2, 0xff, 0xb9, 0x40, 0x3d, 0xfe,
    0xa0, 0xf, 0xfe, 0x4, 0x7f, 0xdb, 0x2e, 0xca,
    0xaf, 0xf6, 0x2a, 0xff, 0x0, 0x66, 0xef, 0xff,
    0xfe, 0x38, 0x7, 0x9a, 0xb7, 0xbf, 0xff, 0xf8,
    0x60,

    /* U+0153 "œ" */
    0x0, 0x92, 0xbb, 0xf6, 0x8c, 0x2, 0x6c, 0xff,
    0x6c, 0x88, 0x6, 0x9f, 0xff, 0xa0, 0x73, 0xff,
    0xe3, 0x0, 0x47, 0xfa, 0xd0, 0x92, 0xff, 0xfa,
    0xc, 0x9b, 0xbf, 0x80, 0xbf, 0xd2, 0x1, 0xd5,
    0xff, 0x28, 0x6, 0x1f, 0xf3, 0x47, 0xf8, 0x40,
    0x38, 0x7f, 0xe0, 0xf, 0x57, 0xdd, 0xbf, 0x0,
    0x3e, 0xff, 0xbb, 0xbd, 0xfe, 0xdc, 0xfb, 0x0,
    0xfb, 0xff, 0xfe, 0xdb, 0xfd, 0x0, 0xfb, 0xfe,
    0x0, 0xfe, 0x8f, 0xf1, 0x0, 0x71, 0x7f, 0xc2,
    0x1, 0xf8, 0xbf, 0xd6, 0x1, 0xd9, 0xff, 0x50,
    0x7, 0x31, 0x80, 0x23, 0xfd, 0xac, 0x8f, 0xbf,
    0xfd, 0x8c, 0x8d, 0x9f, 0xc4, 0x0, 0x9f, 0xff,
    0xa0, 0x73, 0xff, 0xea, 0x0, 0xc9, 0x5d, 0xfd,
    0x46, 0x1, 0x36, 0x77, 0xed, 0x20, 0x0,

    /* U+0154 "Ŕ" */
    0x0, 0xfc, 0x6a, 0xa0, 0xf, 0xf9, 0x3f, 0xca,
    0x1, 0xfe, 0x1e, 0xf5, 0x0, 0xff, 0xb3, 0xd4,
    0x3, 0xfe, 0x15, 0x30, 0xf, 0xfe, 0x5f, 0xff,
    0xbb, 0x20, 0x40, 0x3b, 0xff, 0xfc, 0x80, 0x1b,
    0xfd, 0x6a, 0xa6, 0x7c, 0xff, 0x70, 0x6, 0xff,
    0x48, 0x7, 0x47, 0xf9, 0x80, 0x2f, 0xf4, 0x80,
    0x70, 0xff, 0xa0, 0x2, 0xff, 0x48, 0x7, 0xbf,
    0xd2, 0x1, 0x7f, 0xa4, 0x3, 0x97, 0xfc, 0xe0,
    0x17, 0xfa, 0x40, 0x21, 0x6f, 0xf8, 0x80, 0x2f,
    0xff, 0xf4, 0x0, 0x6f, 0xff, 0xdc, 0xc0, 0x1d,
    0xfe, 0xb5, 0x55, 0xff, 0xa0, 0x3, 0xdf, 0xe9,
    0x0, 0xb3, 0xfc, 0x40, 0x1d, 0xfe, 0x90, 0x8,
    0xff, 0xd6, 0x1, 0xdf, 0xe9, 0x0, 0xd5, 0xfe,
    0x50, 0xd, 0xfe, 0x90, 0xc, 0x3f, 0xee, 0x0,
    0xdf, 0xe9, 0x0, 0xe7, 0xff, 0x40, 0x5, 0xfe,
    0x90, 0xf, 0x6f, 0xf8, 0x80, 0x1f, 0xe9, 0x0,
    0xf2, 0x7f, 0xac, 0x0,

    /* U+0155 "ŕ" */
    0x0, 0xe8, 0xfe, 0x20, 0xe, 0x5f, 0xd2, 0x0,
    0xe3, 0xfd, 0x10, 0xf, 0x2b, 0x88, 0x7, 0xff,
    0x8, 0xff, 0xca, 0x55, 0xfe, 0xc1, 0x3f, 0xf4,
    0xff, 0xea, 0x3, 0xff, 0xb9, 0xd5, 0xc8, 0xf,
    0xfe, 0x20, 0xe, 0x3f, 0xf4, 0x80, 0x78, 0xff,
    0xcc, 0x1, 0xe3, 0xff, 0x28, 0x7, 0x8f, 0xfc,
    0xa0, 0x1e, 0x3f, 0xf2, 0x80, 0x78, 0xff, 0xca,
    0x1, 0xe3, 0xff, 0x28, 0x7, 0x8f, 0xfc, 0xa0,
    0x1e, 0x3f, 0xf2, 0x80, 0x78,

    /* U+0156 "Ŗ" */
    0xf, 0xff, 0x76, 0xc0, 0x80, 0x77, 0xff, 0xf9,
    0x0, 0x37, 0xfa, 0xd5, 0x4d, 0x19, 0xff, 0x8,
    0x5, 0xfe, 0x90, 0xe, 0x8f, 0xf3, 0x0, 0x5f,
    0xe9, 0x0, 0xe1, 0xff, 0x48, 0x5, 0xfe, 0x90,
    0xe, 0x1f, 0xf4, 0x80, 0x5f, 0xe9, 0x0, 0xe8,
    0xff, 0x30, 0x5, 0xfe, 0xb5, 0x59, 0xef, 0xfe,
    0x10, 0xb, 0xff, 0xfc, 0x80, 0x1b, 0xff, 0xf5,
    0x90, 0x7, 0x7f, 0xa4, 0x0, 0x7f, 0xeb, 0x0,
    0xf7, 0xfa, 0x40, 0x2a, 0xff, 0x20, 0x7, 0x7f,
    0xa4, 0x2, 0x2f, 0xf6, 0x80, 0x77, 0xfa, 0x40,
    0x34, 0x7f, 0x98, 0x3, 0x7f, 0xa4, 0x3, 0xbb,
    0xf8, 0x40, 0x2f, 0xf4, 0x80, 0x73, 0x7f, 0xa4,
    0x2, 0xff, 0x48, 0x7, 0xb7, 0xfc, 0x40, 0xf,
    0xf4, 0x80, 0x79, 0x3f, 0xd6, 0x1, 0xff, 0xc9,
    0xaa, 0x28, 0x7, 0xfc, 0xff, 0x80, 0x1f, 0xf0,
    0xf7, 0x4, 0x3, 0xfe, 0x8f, 0x30, 0xf, 0xe0,

    /* U+0157 "ŗ" */
    0x3f, 0xf2, 0x95, 0x7f, 0xb0, 0x4f, 0xfd, 0x3f,
    0xfa, 0x80, 0xff, 0xee, 0x75, 0x72, 0x3, 0xff,
    0x88, 0x3, 0x8f, 0xfd, 0x20, 0x1e, 0x3f, 0xf3,
    0x0, 0x78, 0xff, 0xca, 0x1, 0xe3, 0xff, 0x28,
    0x7, 0x8f, 0xfc, 0xa0, 0x1e, 0x3f, 0xf2, 0x80,
    0x78, 0xff, 0xca, 0x1, 0xe3, 0xff, 0x28, 0x7,
    0x8f, 0xfc, 0xa0, 0x1f, 0xfc, 0x65, 0xaa, 0x0,
    0x78, 0x7b, 0xd4, 0x3, 0xd1, 0xee, 0x1, 0xe1,
    0xfa, 0x0, 0xf8,

    /* U+0158 "Ř" */
    0x0, 0xb, 0xb0, 0x4, 0xb0, 0x20, 0x1f, 0x47,
    0xb0, 0x37, 0xc0, 0x7, 0xf4, 0x7c, 0xfc, 0x0,
    0x7f, 0xd3, 0xf2, 0x1, 0xff, 0xc1, 0x50, 0xf,
    0xfe, 0x67, 0xff, 0xbb, 0x20, 0x40, 0x3b, 0xff,
    0xfc, 0x80, 0x1b, 0xfd, 0x6a, 0xa6, 0x7c, 0xff,
    0x70, 0x6, 0xff, 0x48, 0x7, 0x47, 0xf9, 0x80,
    0x2f, 0xf4, 0x80, 0x70, 0xff, 0xa0, 0x2, 0xff,
    0x48, 0x7, 0xbf, 0xd2, 0x1, 0x7f, 0xa4, 0x3,
    0x97, 0xfc, 0xe0, 0x17, 0xfa, 0x40, 0x21, 0x6f,
    0xf8, 0x80, 0x2f, 0xff, 0xf4, 0x0, 0x6f, 0xff,
    0xdc, 0xc0, 0x1d, 0xfe, 0xb5, 0x55, 0xff, 0xa0,
    0x3, 0xdf, 0xe9, 0x0, 0xb3, 0xfc, 0x40, 0x1d,
    0xfe, 0x90, 0x8, 0xff, 0xd6, 0x1, 0xdf, 0xe9,
    0x0, 0xd5, 0xfe, 0x50, 0xd, 0xfe, 0x90, 0xc,
    0x3f, 0xee, 0x0, 0xdf, 0xe9, 0x0, 0xe7, 0xff,
    0x40, 0x5, 0xfe, 0x90, 0xf, 0x6f, 0xf8, 0x80,
    0x1f, 0xe9, 0x0, 0xf2, 0x7f, 0xac, 0x0,

    /* U+0159 "ř" */
    0x8f, 0x80, 0x4, 0x7b, 0x80, 0x51, 0xf1, 0xf,
    0x80, 0xe, 0x9f, 0xf4, 0x0, 0x7d, 0x32, 0x0,
    0xff, 0xe1, 0x9f, 0xf9, 0x4a, 0xbf, 0xd8, 0x27,
    0xfe, 0x9f, 0xfd, 0x40, 0x7f, 0xf7, 0x3a, 0xb9,
    0x1, 0xff, 0xc4, 0x1, 0xc7, 0xfe, 0x90, 0xf,
    0x1f, 0xf9, 0x80, 0x3c, 0x7f, 0xe5, 0x0, 0xf1,
    0xff, 0x94, 0x3, 0xc7, 0xfe, 0x50, 0xf, 0x1f,
    0xf9, 0x40, 0x3c, 0x7f, 0xe5, 0x0, 0xf1, 0xff,
    0x94, 0x3, 0xc7, 0xfe, 0x50, 0xf, 0x0,

    /* U+015A "Ś" */
    0x0, 0xfe, 0x78, 0x60, 0xf, 0xf4, 0x7e, 0x88,
    0x7, 0xf2, 0xfe, 0x8, 0x7, 0xf1, 0xfe, 0x8,
    0x7, 0xff, 0x61, 0x2b, 0xbf, 0xa9, 0x0, 0x3d,
    0x3f, 0xff, 0x40, 0x6, 0x6f, 0xf7, 0x3a, 0xc7,
    0x7f, 0x98, 0x2, 0xcf, 0xf0, 0x80, 0x43, 0xba,
    0x40, 0xb, 0xbe, 0xc0, 0x38, 0x40, 0x3b, 0x7f,
    0x80, 0x3f, 0xe7, 0xff, 0x61, 0x0, 0x7f, 0xaf,
    0xfe, 0xb5, 0x0, 0xfe, 0x7e, 0xff, 0xb9, 0xc0,
    0x3f, 0x9b, 0x3f, 0xed, 0x20, 0xf, 0xe3, 0xbf,
    0xf7, 0x8, 0x7, 0xfa, 0x3f, 0xce, 0x9, 0xc,
    0x1, 0xf7, 0xfa, 0x43, 0xbf, 0x80, 0x3e, 0xff,
    0x48, 0x47, 0xfa, 0x80, 0x3a, 0x7f, 0xca, 0x3,
    0xdf, 0xee, 0x86, 0x7c, 0xff, 0x68, 0x4, 0x5b,
    0xff, 0xf6, 0x88, 0x7, 0x35, 0xf7, 0xf6, 0x30,
    0x4,

    /* U+015B "ś" */
    0x0, 0xf9, 0xff, 0xc6, 0x1, 0xf2, 0x7f, 0x8c,
    0x3, 0xe1, 0xee, 0x18, 0x7, 0xe6, 0x93, 0x0,
    0xff, 0xe3, 0xbe, 0x77, 0xe3, 0x80, 0x76, 0xff,
    0xfb, 0x0, 0x27, 0xff, 0x28, 0x1, 0x7b, 0xd0,
    0x1, 0x3f, 0x80, 0x18, 0x8c, 0x2, 0x7f, 0xf4,
    0x90, 0x7, 0xec, 0xff, 0xba, 0x90, 0x3, 0xcf,
    0xbf, 0xfb, 0x44, 0x3, 0xc4, 0xfb, 0xfe, 0xb0,
    0xf, 0xea, 0xff, 0x0, 0x17, 0x48, 0x3, 0x47,
    0xf8, 0x7, 0xfd, 0xce, 0x44, 0x6f, 0xf5, 0x80,
    0xf, 0xbf, 0xfd, 0xc4, 0x1, 0xc, 0x6f, 0xfb,
    0x60, 0x40, 0x0,

    /* U+015C "Ŝ" */
    0x0, 0xf0, 0xc0, 0x7, 0xff, 0x3, 0x3e, 0x40,
    0x3f, 0xd7, 0xf5, 0xf0, 0x1, 0xfa, 0xbd, 0x82,
    0x7d, 0x80, 0x3c, 0x50, 0xa0, 0x13, 0xb8, 0x40,
    0x3f, 0xf9, 0x9, 0x5d, 0xfd, 0x48, 0x1, 0xe9,
    0xff, 0xfa, 0x0, 0x33, 0x7f, 0xb9, 0xd6, 0x3b,
    0xfc, 0xc0, 0x16, 0x7f, 0x84, 0x2, 0x1d, 0xd2,
    0x0, 0x5d, 0xf6, 0x1, 0xc2, 0x1, 0xdb, 0xfc,
    0x1, 0xff, 0x3f, 0xfb, 0x8, 0x3, 0xfd, 0x7f,
    0xf5, 0xa8, 0x7, 0xf3, 0xf7, 0xfd, 0xce, 0x1,
    0xfc, 0xd9, 0xff, 0x69, 0x0, 0x7f, 0x1d, 0xff,
    0xb8, 0x40, 0x3f, 0xd1, 0xfe, 0x70, 0x48, 0x60,
    0xf, 0xbf, 0xd2, 0x1d, 0xfc, 0x1, 0xf7, 0xfa,
    0x42, 0x3f, 0xd4, 0x1, 0xd3, 0xfe, 0x50, 0x1e,
    0xff, 0x74, 0x33, 0xe7, 0xfb, 0x40, 0x22, 0xdf,
    0xff, 0xb4, 0x40, 0x39, 0xaf, 0xbf, 0xb1, 0x80,
    0x20,

    /* U+015D "ŝ" */
    0x0, 0xe3, 0x50, 0xf, 0xe3, 0xff, 0x20, 0x7,
    0xc5, 0xdb, 0x9e, 0x60, 0x1c, 0x3d, 0xc2, 0x1d,
    0xe2, 0x0, 0xcb, 0x6, 0x0, 0x18, 0x60, 0xf,
    0xfe, 0x2b, 0xe7, 0x7e, 0x38, 0x7, 0x6f, 0xff,
    0xb0, 0x2, 0x7f, 0xf2, 0x80, 0x17, 0xbd, 0x0,
    0x13, 0xf8, 0x1, 0x88, 0xc0, 0x27, 0xff, 0x49,
    0x0, 0x7e, 0xcf, 0xfb, 0xa9, 0x0, 0x3c, 0xfb,
    0xff, 0xb4, 0x40, 0x3c, 0x4f, 0xbf, 0xeb, 0x0,
    0xfe, 0xaf, 0xf0, 0x1, 0x74, 0x80, 0x34, 0x7f,
    0x80, 0x7f, 0xdc, 0xe4, 0x46, 0xff, 0x58, 0x0,
    0xfb, 0xff, 0xdc, 0x40, 0x10, 0xc6, 0xff, 0xb6,
    0x4, 0x0,

    /* U+015E "Ş" */
    0x0, 0xc9, 0x5d, 0xfd, 0x48, 0x1, 0xe9, 0xff,
    0xfa, 0x0, 0x33, 0x7f, 0xb9, 0xd6, 0x3b, 0xfc,
    0xc0, 0x16, 0x7f, 0x84, 0x2, 0x1d, 0xd2, 0x0,
    0x5d, 0xf6, 0x1, 0xc2, 0x1, 0xdb, 0xfc, 0x1,
    0xff, 0x3f, 0xfb, 0x8, 0x3, 0xfd, 0x7f, 0xf5,
    0xa8, 0x7, 0xf3, 0xf7, 0xfd, 0xce, 0x1, 0xfc,
    0xd9, 0xff, 0x69, 0x0, 0x7f, 0x1d, 0xff, 0xb8,
    0x40, 0x3f, 0xd1, 0xfe, 0x70, 0x48, 0x60, 0xf,
    0xbf, 0xd2, 0x1d, 0xfc, 0x1, 0xf7, 0xfa, 0x42,
    0x3f, 0xd4, 0x1, 0xd3, 0xfe, 0x50, 0x1e, 0xff,
    0x74, 0x33, 0xe7, 0xfb, 0x40, 0x22, 0xdf, 0xff,
    0xb4, 0x40, 0x39, 0xaf, 0xfe, 0xc6, 0x0, 0xfc,
    0x3c, 0xc0, 0x1f, 0xf3, 0xef, 0xd8, 0x80, 0x7f,
    0xc5, 0xee, 0x1, 0xf8, 0x65, 0x5f, 0xd4, 0x3,
    0xf1, 0xe7, 0xf4, 0x0, 0x70,

    /* U+015F "ş" */
    0x0, 0x9f, 0x3b, 0xf1, 0xc0, 0x3b, 0x7f, 0xfd,
    0x80, 0x13, 0xff, 0x94, 0x0, 0xbd, 0xe8, 0x0,
    0x9f, 0xc0, 0xc, 0x46, 0x1, 0x3f, 0xfa, 0x48,
    0x3, 0xf6, 0x7f, 0xdd, 0x48, 0x1, 0xe7, 0xdf,
    0xfd, 0xa2, 0x1, 0xe2, 0x7d, 0xff, 0x58, 0x7,
    0xf5, 0x7f, 0x80, 0xb, 0xa4, 0x1, 0xa3, 0xfc,
    0x3, 0xfe, 0xe7, 0x22, 0x37, 0xfa, 0xc0, 0x7,
    0xdf, 0xfe, 0xe2, 0x0, 0x86, 0x37, 0xfd, 0xb0,
    0x20, 0x1e, 0x4f, 0x20, 0xf, 0xeb, 0xee, 0x30,
    0x7, 0xfa, 0x3c, 0x80, 0x3c, 0xae, 0xb7, 0xe2,
    0x1, 0xe6, 0xdf, 0xd5, 0x0, 0xc0,

    /* U+0160 "Š" */
    0x0, 0x8a, 0x10, 0x2, 0x67, 0x10, 0xf, 0x4f,
    0xa0, 0x3f, 0xb0, 0x7, 0xea, 0xf7, 0xf6, 0x0,
    0xff, 0x57, 0xb8, 0x7, 0xff, 0x1, 0x40, 0x3f,
    0xf9, 0x89, 0x5d, 0xfd, 0x48, 0x1, 0xe9, 0xff,
    0xfa, 0x0, 0x33, 0x7f, 0xb9, 0xd6, 0x3b, 0xfc,
    0xc0, 0x16, 0x7f, 0x84, 0x2, 0x1d, 0xd2, 0x0,
    0x5d, 0xf6, 0x1, 0xc2, 0x1, 0xdb, 0xfc, 0x1,
    0xff, 0x3f, 0xfb, 0x8, 0x3, 0xfd, 0x7f, 0xf5,
    0xa8, 0x7, 0xf3, 0xf7, 0xfd, 0xce, 0x1, 0xfc,
    0xd9, 0xff, 0x69, 0x0, 0x7f, 0x1d, 0xff, 0xb8,
    0x40, 0x3f, 0xd1, 0xfe, 0x70, 0x48, 0x60, 0xf,
    0xbf, 0xd2, 0x1d, 0xfc, 0x1, 0xf7, 0xfa, 0x42,
    0x3f, 0xd4, 0x1, 0xd3, 0xfe, 0x50, 0x1e, 0xff,
    0x74, 0x33, 0xe7, 0xfb, 0x40, 0x22, 0xdf, 0xff,
    0xb4, 0x40, 0x39, 0xaf, 0xbf, 0xb1, 0x80, 0x20,

    /* U+0161 "š" */
    0x0, 0x3f, 0xc0, 0x1, 0xbe, 0x0, 0x39, 0xfe,
    0x1b, 0xe4, 0x3, 0xe8, 0xff, 0x48, 0x7, 0xf4,
    0x50, 0x7, 0xff, 0x21, 0xf3, 0xbf, 0x1c, 0x3,
    0xb7, 0xff, 0xd8, 0x1, 0x3f, 0xf9, 0x40, 0xb,
    0xde, 0x80, 0x9, 0xfc, 0x0, 0xc4, 0x60, 0x13,
    0xff, 0xa4, 0x80, 0x3f, 0x67, 0xfd, 0xd4, 0x80,
    0x1e, 0x7d, 0xff, 0xda, 0x20, 0x1e, 0x27, 0xdf,
    0xf5, 0x80, 0x7f, 0x57, 0xf8, 0x0, 0xba, 0x40,
    0x1a, 0x3f, 0xc0, 0x3f, 0xee, 0x72, 0x23, 0x7f,
    0xac, 0x0, 0x7d, 0xff, 0xee, 0x20, 0x8, 0x63,
    0x7f, 0xdb, 0x2, 0x0,

    /* U+0162 "Ţ" */
    0xaf, 0xff, 0xfe, 0xf, 0x57, 0xff, 0xff, 0x7,
    0x8d, 0x57, 0xb3, 0xfc, 0xab, 0xe0, 0xf, 0x5f,
    0xf8, 0x3, 0xff, 0x81, 0x7f, 0xe0, 0xf, 0xfe,
    0x5, 0xff, 0x80, 0x3f, 0xf8, 0x17, 0xfe, 0x0,
    0xff, 0xe0, 0x5f, 0xf8, 0x3, 0xff, 0x81, 0x7f,
    0xe0, 0xf, 0xfe, 0x5, 0xff, 0x80, 0x3f, 0xf8,
    0x17, 0xfe, 0x0, 0xff, 0xe0, 0x5f, 0xf8, 0x3,
    0xff, 0x81, 0x7f, 0xe0, 0xf, 0xfe, 0x5, 0xff,
    0x80, 0x3f, 0xf8, 0x17, 0xfe, 0x0, 0xff, 0xe0,
    0x5f, 0xf8, 0x3, 0xff, 0x81, 0x7f, 0xe0, 0xf,
    0xfe, 0x5, 0xff, 0x80, 0x3f, 0xf8, 0x13, 0x80,
    0x1f, 0xfc, 0x4, 0xfe, 0x91, 0x0, 0xff, 0xe0,
    0x17, 0x50, 0x7, 0xfa, 0x55, 0xba, 0x80, 0x3f,
    0x86, 0xbb, 0xec, 0x40, 0x38,

    /* U+0163 "ţ" */
    0x0, 0xc6, 0x60, 0xf, 0x57, 0xb0, 0x7, 0x1f,
    0xf9, 0x80, 0x38, 0xff, 0xcc, 0x1, 0xc7, 0xfe,
    0x60, 0xa, 0xff, 0xfe, 0x4b, 0xff, 0xf9, 0x0,
    0x7, 0xfe, 0x60, 0xe, 0x3f, 0xf3, 0x0, 0x71,
    0xff, 0x98, 0x3, 0x8f, 0xfc, 0xc0, 0x1c, 0x7f,
    0xe6, 0x0, 0xe3, 0xff, 0x30, 0x7, 0x1f, 0xf9,
    0x80, 0x38, 0xbf, 0xce, 0x1, 0xef, 0xf6, 0x91,
    0x4, 0x2, 0xaf, 0xfc, 0x80, 0x1b, 0x7f, 0xda,
    0x60, 0x10, 0xf2, 0x80, 0x7a, 0x3b, 0xe4, 0x3,
    0xe4, 0xf6, 0x0, 0x8a, 0x56, 0x3d, 0x0, 0x24,
    0xcf, 0xe7, 0x0, 0x0,

    /* U+0164 "Ť" */
    0x0, 0x85, 0xd8, 0x2, 0x58, 0x20, 0xf, 0x9b,
    0xe0, 0x17, 0xe4, 0x3, 0xf9, 0xfe, 0x7e, 0x80,
    0x3f, 0xe7, 0xfa, 0x0, 0xff, 0xe0, 0xa8, 0x7,
    0xff, 0x2a, 0xbf, 0xff, 0xf8, 0x3d, 0x5f, 0xff,
    0xfc, 0x1e, 0x35, 0x5e, 0xcf, 0xf2, 0xaf, 0x80,
    0x3d, 0x7f, 0xe0, 0xf, 0xfe, 0x5, 0xff, 0x80,
    0x3f, 0xf8, 0x17, 0xfe, 0x0, 0xff, 0xe0, 0x5f,
    0xf8, 0x3, 0xff, 0x81, 0x7f, 0xe0, 0xf, 0xfe,
    0x5, 0xff, 0x80, 0x3f, 0xf8, 0x17, 0xfe, 0x0,
    0xff, 0xe0, 0x5f, 0xf8, 0x3, 0xff, 0x81, 0x7f,
    0xe0, 0xf, 0xfe, 0x5, 0xff, 0x80, 0x3f, 0xf8,
    0x17, 0xfe, 0x0, 0xff, 0xe0, 0x5f, 0xf8, 0x3,
    0xff, 0x81, 0x7f, 0xe0, 0xf, 0xfe, 0x5, 0xff,
    0x80, 0x3f, 0xf8, 0x17, 0xfe, 0x0, 0xf0,

    /* U+0165 "ť" */
    0x0, 0xfc, 0xd0, 0xc0, 0x1f, 0xf, 0xf9, 0x80,
    0x30, 0x90, 0x2f, 0xf0, 0x6, 0x7f, 0x60, 0x9f,
    0x70, 0x8, 0xff, 0xcc, 0x1b, 0xc0, 0x18, 0xff,
    0xcc, 0x5f, 0x0, 0x18, 0xff, 0xcc, 0x1, 0xd7,
    0xff, 0xf2, 0x0, 0x2f, 0xff, 0xe4, 0x0, 0xc7,
    0xfe, 0x60, 0xf, 0x8f, 0xfc, 0xc0, 0x1f, 0x1f,
    0xf9, 0x80, 0x3e, 0x3f, 0xf3, 0x0, 0x7c, 0x7f,
    0xe6, 0x0, 0xf8, 0xff, 0xcc, 0x1, 0xf1, 0xff,
    0x98, 0x3, 0xe2, 0xff, 0x38, 0x7, 0xef, 0xf6,
    0x91, 0x4, 0x3, 0xab, 0xff, 0x20, 0x7, 0xa7,
    0xbf, 0x4c, 0x0,

    /* U+0166 "Ŧ" */
    0xaf, 0xff, 0xfe, 0xf, 0x57, 0xff, 0xff, 0x7,
    0x8d, 0x57, 0xb3, 0xfc, 0xab, 0xe0, 0xf, 0x5f,
    0xf8, 0x3, 0xff, 0x81, 0x7f, 0xe0, 0xf, 0xfe,
    0x5, 0xff, 0x80, 0x3f, 0xf8, 0x17, 0xfe, 0x0,
    0xff, 0xe0, 0x5f, 0xf8, 0x3, 0xf9, 0x7f, 0xfe,
    0x70, 0xf, 0x1d, 0xdb, 0xfe, 0xbb, 0x28, 0x7,
    0xf5, 0xff, 0x80, 0x3f, 0xf8, 0x17, 0xfe, 0x0,
    0xff, 0xe0, 0x5f, 0xf8, 0x3, 0xff, 0x81, 0x7f,
    0xe0, 0xf, 0xfe, 0x5, 0xff, 0x80, 0x3f, 0xf8,
    0x17, 0xfe, 0x0, 0xff, 0xe0, 0x5f, 0xf8, 0x3,
    0xff, 0x81, 0x7f, 0xe0, 0xf, 0x0,

    /* U+0167 "ŧ" */
    0x0, 0xc2, 0xa0, 0x1e, 0x7f, 0xb0, 0xf, 0x77,
    0xd8, 0x7, 0xbb, 0xec, 0x3, 0xdd, 0xf6, 0x1,
    0x3f, 0xff, 0xd2, 0xff, 0xff, 0x40, 0x5, 0xdf,
    0x60, 0x1e, 0xef, 0xb0, 0xf, 0x77, 0xd8, 0x4,
    0xb7, 0x6f, 0xfa, 0xec, 0xcf, 0xff, 0xf4, 0x80,
    0x5d, 0xf6, 0x1, 0xee, 0xfb, 0x0, 0xf7, 0x7e,
    0x0, 0x7b, 0x3f, 0xca, 0x44, 0x0, 0x9b, 0xff,
    0x48, 0x6, 0x6d, 0xfe, 0x60,

    /* U+0168 "Ũ" */
    0x0, 0xff, 0x8, 0x80, 0x3e, 0xaf, 0xf2, 0x80,
    0x36, 0xc0, 0x3c, 0xde, 0xf5, 0xee, 0x9e, 0xe0,
    0x1e, 0xad, 0x0, 0x4f, 0xfb, 0x44, 0x3, 0xc6,
    0x60, 0x8, 0x8c, 0x3, 0xff, 0x90, 0x7f, 0xe6,
    0x0, 0xf9, 0x7f, 0xc8, 0x7f, 0xe6, 0x0, 0xf9,
    0x7f, 0xc8, 0x7f, 0xe6, 0x0, 0xf9, 0x7f, 0xc8,
    0x7f, 0xe6, 0x0, 0xf9, 0x7f, 0xc8, 0x7f, 0xe6,
    0x0, 0xf9, 0x7f, 0xc8, 0x7f, 0xe6, 0x0, 0xf9,
    0x7f, 0xc8, 0x7f, 0xe6, 0x0, 0xf9, 0x7f, 0xc8,
    0x7f, 0xe6, 0x0, 0xf9, 0x7f, 0xc8, 0x7f, 0xe6,
    0x0, 0xf9, 0x7f, 0xc8, 0x7f, 0xe6, 0x0, 0xf9,
    0x7f, 0xc8, 0x7f, 0xe6, 0x0, 0xf9, 0x7f, 0xc8,
    0x7f, 0xe7, 0x0, 0xf9, 0xbf, 0xc6, 0x5f, 0xe9,
    0x0, 0xfa, 0x3f, 0xc4, 0x1f, 0xed, 0x0, 0xfb,
    0x3f, 0xc0, 0xa, 0xff, 0x38, 0x7, 0x3f, 0xfa,
    0x80, 0x5, 0xff, 0x64, 0x3c, 0x67, 0xfc, 0x40,
    0x12, 0x7f, 0xff, 0x20, 0x7, 0xc, 0x67, 0x7f,
    0x64, 0x8, 0x4,

    /* U+0169 "ũ" */
    0x0, 0x1e, 0x7d, 0x98, 0x2f, 0x98, 0x5, 0xbd,
    0x7f, 0xea, 0xee, 0x0, 0x43, 0xec, 0x5, 0x7f,
    0xa8, 0x1, 0xff, 0xce, 0x6f, 0xf1, 0x0, 0x77,
    0xfa, 0x5b, 0xfc, 0x40, 0x1d, 0xfe, 0x96, 0xff,
    0x10, 0x7, 0x7f, 0xa5, 0xbf, 0xc4, 0x1, 0xdf,
    0xe9, 0x6f, 0xf1, 0x0, 0x77, 0xfa, 0x5b, 0xfc,
    0x40, 0x1d, 0xfe, 0x96, 0xff, 0x10, 0x7, 0x7f,
    0xa5, 0xbf, 0xc4, 0x1, 0x87, 0xfd, 0x2b, 0xfe,
    0x40, 0xc, 0x9f, 0xe9, 0x3f, 0xf4, 0x80, 0x6b,
    0xff, 0x48, 0x77, 0xfa, 0x51, 0x6f, 0xfe, 0x90,
    0x5f, 0xff, 0x57, 0xfa, 0x40, 0x9, 0x7d, 0xf8,
    0xc1, 0xfe, 0x90,

    /* U+016A "Ū" */
    0x0, 0xdf, 0xff, 0x8, 0x7, 0xd1, 0x1f, 0x0,
    0x7f, 0xf5, 0x8f, 0xfc, 0xc0, 0x1f, 0x2f, 0xf9,
    0xf, 0xfc, 0xc0, 0x1f, 0x2f, 0xf9, 0xf, 0xfc,
    0xc0, 0x1f, 0x2f, 0xf9, 0xf, 0xfc, 0xc0, 0x1f,
    0x2f, 0xf9, 0xf, 0xfc, 0xc0, 0x1f, 0x2f, 0xf9,
    0xf, 0xfc, 0xc0, 0x1f, 0x2f, 0xf9, 0xf, 0xfc,
    0xc0, 0x1f, 0x2f, 0xf9, 0xf, 0xfc, 0xc0, 0x1f,
    0x2f, 0xf9, 0xf, 0xfc, 0xc0, 0x1f, 0x2f, 0xf9,
    0xf, 0xfc, 0xc0, 0x1f, 0x2f, 0xf9, 0xf, 0xfc,
    0xc0, 0x1f, 0x2f, 0xf9, 0xf, 0xfc, 0xe0, 0x1f,
    0x37, 0xf8, 0xcb, 0xfd, 0x20, 0x1f, 0x47, 0xf8,
    0x83, 0xfd, 0xa0, 0x1f, 0x67, 0xf8, 0x1, 0x5f,
    0xe7, 0x0, 0xe7, 0xff, 0x50, 0x0, 0xbf, 0xec,
    0x87, 0x8c, 0xff, 0x88, 0x2, 0x4f, 0xff, 0xe4,
    0x0, 0xe1, 0x8c, 0xef, 0xec, 0x81, 0x0, 0x80,

    /* U+016B "ū" */
    0x0, 0x3f, 0xff, 0xa4, 0x3, 0x1c, 0x47, 0x94,
    0x3, 0xff, 0x9c, 0xdf, 0xe2, 0x0, 0xef, 0xf4,
    0xb7, 0xf8, 0x80, 0x3b, 0xfd, 0x2d, 0xfe, 0x20,
    0xe, 0xff, 0x4b, 0x7f, 0x88, 0x3, 0xbf, 0xd2,
    0xdf, 0xe2, 0x0, 0xef, 0xf4, 0xb7, 0xf8, 0x80,
    0x3b, 0xfd, 0x2d, 0xfe, 0x20, 0xe, 0xff, 0x4b,
    0x7f, 0x88, 0x3, 0xf, 0xfa, 0x57, 0xfc, 0x80,
    0x19, 0x3f, 0xd2, 0x7f, 0xe9, 0x0, 0xd7, 0xfe,
    0x90, 0xef, 0xf4, 0xa2, 0xdf, 0xfd, 0x20, 0xbf,
    0xfe, 0xaf, 0xf4, 0x80, 0x12, 0xfb, 0xf1, 0x83,
    0xfd, 0x20,

    /* U+016C "Ŭ" */
    0x0, 0x9b, 0xdc, 0x2, 0x5f, 0x70, 0xf, 0x17,
    0xf1, 0x81, 0xef, 0x98, 0x7, 0xd1, 0xff, 0xd0,
    0x1, 0xfc, 0x4f, 0xc, 0x40, 0x1f, 0xfc, 0x83,
    0xff, 0x30, 0x7, 0xcb, 0xfe, 0x43, 0xff, 0x30,
    0x7, 0xcb, 0xfe, 0x43, 0xff, 0x30, 0x7, 0xcb,
    0xfe, 0x43, 0xff, 0x30, 0x7, 0xcb, 0xfe, 0x43,
    0xff, 0x30, 0x7, 0xcb, 0xfe, 0x43, 0xff, 0x30,
    0x7, 0xcb, 0xfe, 0x43, 0xff, 0x30, 0x7, 0xcb,
    0xfe, 0x43, 0xff, 0x30, 0x7, 0xcb, 0xfe, 0x43,
    0xff, 0x30, 0x7, 0xcb, 0xfe, 0x43, 0xff, 0x30,
    0x7, 0xcb, 0xfe, 0x43, 0xff, 0x30, 0x7, 0xcb,
    0xfe, 0x43, 0xff, 0x38, 0x7, 0xcd, 0xfe, 0x32,
    0xff, 0x48, 0x7, 0xd1, 0xfe, 0x20, 0xff, 0x68,
    0x7, 0xd9, 0xfe, 0x0, 0x57, 0xf9, 0xc0, 0x39,
    0xff, 0xd4, 0x0, 0x2f, 0xfb, 0x21, 0xe3, 0x3f,
    0xe2, 0x0, 0x93, 0xff, 0xf9, 0x0, 0x38, 0x63,
    0x3b, 0xfb, 0x20, 0x40, 0x20,

    /* U+016D "ŭ" */
    0x0, 0x6e, 0x80, 0x35, 0x78, 0x6, 0xaf, 0x71,
    0x5, 0xfc, 0x0, 0xc3, 0xdf, 0xfb, 0x88, 0x3,
    0xca, 0xee, 0x50, 0xf, 0xfe, 0x23, 0x7f, 0x88,
    0x3, 0xbf, 0xd2, 0xdf, 0xe2, 0x0, 0xef, 0xf4,
    0xb7, 0xf8, 0x80, 0x3b, 0xfd, 0x2d, 0xfe, 0x20,
    0xe, 0xff, 0x4b, 0x7f, 0x88, 0x3, 0xbf, 0xd2,
    0xdf, 0xe2, 0x0, 0xef, 0xf4, 0xb7, 0xf8, 0x80,
    0x3b, 0xfd, 0x2d, 0xfe, 0x20, 0xc, 0x3f, 0xe9,
    0x5f, 0xf2, 0x0, 0x64, 0xff, 0x49, 0xff, 0xa4,
    0x3, 0x5f, 0xfa, 0x43, 0xbf, 0xd2, 0x8b, 0x7f,
    0xf4, 0x82, 0xff, 0xfa, 0xbf, 0xd2, 0x0, 0x4b,
    0xef, 0xc6, 0xf, 0xf4, 0x80,

    /* U+016E "Ů" */
    0x0, 0xf8, 0x40, 0x3f, 0xf8, 0x5, 0xbf, 0xc6,
    0x1, 0xfe, 0xeb, 0x5a, 0xf1, 0x0, 0xfc, 0x7e,
    0x60, 0x3e, 0x80, 0x1f, 0x87, 0xe4, 0xa3, 0xc8,
    0x3, 0xf9, 0x3f, 0xe6, 0x0, 0xe3, 0xff, 0x30,
    0x0, 0x50, 0x40, 0xb, 0xfe, 0x43, 0xff, 0x30,
    0x7, 0xcb, 0xfe, 0x43, 0xff, 0x30, 0x7, 0xcb,
    0xfe, 0x43, 0xff, 0x30, 0x7, 0xcb, 0xfe, 0x43,
    0xff, 0x30, 0x7, 0xcb, 0xfe, 0x43, 0xff, 0x30,
    0x7, 0xcb, 0xfe, 0x43, 0xff, 0x30, 0x7, 0xcb,
    0xfe, 0x43, 0xff, 0x30, 0x7, 0xcb, 0xfe, 0x43,
    0xff, 0x30, 0x7, 0xcb, 0xfe, 0x43, 0xff, 0x30,
    0x7, 0xcb, 0xfe, 0x43, 0xff, 0x30, 0x7, 0xcb,
    0xfe, 0x43, 0xff, 0x38, 0x7, 0xcd, 0xfe, 0x32,
    0xff, 0x48, 0x7, 0xd1, 0xfe, 0x20, 0xff, 0x68,
    0x7, 0xd9, 0xfe, 0x0, 0x57, 0xf9, 0xc0, 0x39,
    0xff, 0xd4, 0x0, 0x2f, 0xfb, 0x21, 0xe3, 0x3f,
    0xe2, 0x0, 0x93, 0xff, 0xf9, 0x0, 0x38, 0x63,
    0x3b, 0xfb, 0x20, 0x40, 0x20,

    /* U+016F "ů" */
    0x0, 0xff, 0xe2, 0x47, 0xfa, 0x80, 0x3e, 0x6f,
    0x76, 0xe8, 0x0, 0xf5, 0x58, 0x2, 0x70, 0x3,
    0xd1, 0xe8, 0x7d, 0x40, 0x1f, 0x5f, 0xfb, 0x44,
    0x3, 0xf1, 0x98, 0x3, 0x9b, 0xfc, 0x40, 0x1d,
    0xfe, 0x96, 0xff, 0x10, 0x7, 0x7f, 0xa5, 0xbf,
    0xc4, 0x1, 0xdf, 0xe9, 0x6f, 0xf1, 0x0, 0x77,
    0xfa, 0x5b, 0xfc, 0x40, 0x1d, 0xfe, 0x96, 0xff,
    0x10, 0x7, 0x7f, 0xa5, 0xbf, 0xc4, 0x1, 0xdf,
    0xe9, 0x6f, 0xf1, 0x0, 0x61, 0xff, 0x4a, 0xff,
    0x90, 0x3, 0x27, 0xfa, 0x4f, 0xfd, 0x20, 0x1a,
    0xff, 0xd2, 0x1d, 0xfe, 0x94, 0x5b, 0xff, 0xa4,
    0x17, 0xff, 0xd5, 0xfe, 0x90, 0x2, 0x5f, 0x7e,
    0x30, 0x7f, 0xa4,

    /* U+0170 "Ű" */
    0x0, 0xf2, 0x7f, 0x8, 0x47, 0xf1, 0x0, 0x70,
    0xf7, 0x98, 0x1f, 0xf8, 0xc0, 0x3d, 0x5e, 0xc0,
    0xd, 0xf4, 0x0, 0xf2, 0xfc, 0x80, 0x2b, 0xd8,
    0x3, 0xe1, 0x10, 0x4, 0x22, 0x0, 0xff, 0xe3,
    0x9f, 0xf9, 0x80, 0x3e, 0x5f, 0xf2, 0x1f, 0xf9,
    0x80, 0x3e, 0x5f, 0xf2, 0x1f, 0xf9, 0x80, 0x3e,
    0x5f, 0xf2, 0x1f, 0xf9, 0x80, 0x3e, 0x5f, 0xf2,
    0x1f, 0xf9, 0x80, 0x3e, 0x5f, 0xf2, 0x1f, 0xf9,
    0x80, 0x3e, 0x5f, 0xf2, 0x1f, 0xf9, 0x80, 0x3e,
    0x5f, 0xf2, 0x1f, 0xf9, 0x80, 0x3e, 0x5f, 0xf2,
    0x1f, 0xf9, 0x80, 0x3e, 0x5f, 0xf2, 0x1f, 0xf9,
    0x80, 0x3e, 0x5f, 0xf2, 0x1f, 0xf9, 0x80, 0x3e,
    0x5f, 0xf2, 0x1f, 0xf9, 0xc0, 0x3e, 0x6f, 0xf1,
    0x97, 0xfa, 0x40, 0x3e, 0x8f, 0xf1, 0x7, 0xfb,
    0x40, 0x3e, 0xcf, 0xf0, 0x2, 0xbf, 0xce, 0x1,
    0xcf, 0xfe, 0xa0, 0x1, 0x7f, 0xd9, 0xf, 0x19,
    0xff, 0x10, 0x4, 0x9f, 0xff, 0xc8, 0x1, 0xc3,
    0x19, 0xdf, 0xd9, 0x2, 0x1, 0x0,

    /* U+0171 "ű" */
    0x0, 0xeb, 0xf8, 0x1, 0xef, 0x90, 0xe, 0x7f,
    0xb0, 0x5, 0xfd, 0x80, 0x71, 0x7e, 0x88, 0x37,
    0xe0, 0x7, 0xb3, 0xc8, 0xb, 0xf4, 0x40, 0x3c,
    0x22, 0x0, 0x84, 0x3, 0x9b, 0xfc, 0x40, 0x1d,
    0xfe, 0x90, 0x3, 0x7f, 0x88, 0x3, 0xbf, 0xd2,
    0x0, 0x6f, 0xf1, 0x0, 0x77, 0xfa, 0x40, 0xd,
    0xfe, 0x20, 0xe, 0xff, 0x48, 0x1, 0xbf, 0xc4,
    0x1, 0xdf, 0xe9, 0x0, 0x37, 0xf8, 0x80, 0x3b,
    0xfd, 0x20, 0x6, 0xff, 0x10, 0x7, 0x7f, 0xa4,
    0x0, 0xdf, 0xe2, 0x0, 0xc3, 0xfe, 0x90, 0x2,
    0xff, 0x90, 0x3, 0x27, 0xfa, 0x40, 0x7, 0xfe,
    0x90, 0xd, 0x7f, 0xe9, 0x0, 0xbb, 0xfd, 0x28,
    0xb7, 0xff, 0x48, 0x4, 0xbf, 0xfe, 0xaf, 0xf4,
    0x80, 0x64, 0xbe, 0xfc, 0x60, 0xff, 0x48, 0x0,

    /* U+0172 "Ų" */
    0x3f, 0xf3, 0x0, 0x7c, 0xbf, 0xe4, 0x3f, 0xf3,
    0x0, 0x7c, 0xbf, 0xe4, 0x3f, 0xf3, 0x0, 0x7c,
    0xbf, 0xe4, 0x3f, 0xf3, 0x0, 0x7c, 0xbf, 0xe4,
    0x3f, 0xf3, 0x0, 0x7c, 0xbf, 0xe4, 0x3f, 0xf3,
    0x0, 0x7c, 0xbf, 0xe4, 0x3f, 0xf3, 0x0, 0x7c,
    0xbf, 0xe4, 0x3f, 0xf3, 0x0, 0x7c, 0xbf, 0xe4,
    0x3f, 0xf3, 0x0, 0x7c, 0xbf, 0xe4, 0x3f, 0xf3,
    0x0, 0x7c, 0xbf, 0xe4, 0x3f, 0xf3, 0x0, 0x7c,
    0xbf, 0xe4, 0x3f, 0xf3, 0x80, 0x7c, 0xdf, 0xe3,
    0x2f, 0xf4, 0x80, 0x7d, 0x1f, 0xe2, 0xf, 0xf6,
    0x80, 0x7d, 0x9f, 0xe0, 0x5, 0x7f, 0x9c, 0x3,
    0x9f, 0xfd, 0x40, 0x2, 0xff, 0xb2, 0x1e, 0x33,
    0xfe, 0x20, 0x9, 0x3f, 0xff, 0x90, 0x3, 0x86,
    0x33, 0xbf, 0xdd, 0x2, 0x1, 0xfd, 0x1c, 0x80,
    0x1f, 0xf2, 0x7a, 0x0, 0x7f, 0xf0, 0x27, 0xc0,
    0x2, 0x1, 0xfe, 0x7f, 0x99, 0x7a, 0x0, 0x7f,
    0xa7, 0xb9, 0x20, 0x1c,

    /* U+0173 "ų" */
    0x6f, 0xf1, 0x0, 0x77, 0xfa, 0x41, 0xbf, 0xc4,
    0x1, 0xdf, 0xe9, 0x6, 0xff, 0x10, 0x7, 0x7f,
    0xa4, 0x1b, 0xfc, 0x40, 0x1d, 0xfe, 0x90, 0x6f,
    0xf1, 0x0, 0x77, 0xfa, 0x41, 0xbf, 0xc4, 0x1,
    0xdf, 0xe9, 0x6, 0xff, 0x10, 0x7, 0x7f, 0xa4,
    0x1b, 0xfc, 0x40, 0x18, 0x7f, 0xd2, 0xb, 0xfe,
    0x40, 0xc, 0x9f, 0xe9, 0x3, 0xff, 0x48, 0x6,
    0xbf, 0xf4, 0x80, 0x3b, 0xfd, 0x28, 0xb7, 0xff,
    0x48, 0x1, 0x7f, 0xfd, 0x5f, 0xe9, 0x0, 0x92,
    0xfb, 0xf1, 0x83, 0xfd, 0x40, 0x1f, 0xcf, 0xea,
    0x1, 0xfc, 0xbe, 0x80, 0x1f, 0xea, 0xe0, 0x0,
    0x80, 0x7e, 0x8f, 0x89, 0xf4, 0x0, 0xfd, 0x5f,
    0xd0, 0x0,

    /* U+0174 "Ŵ" */
    0x0, 0xff, 0xe0, 0x40, 0x7, 0xff, 0x2e, 0xbe,
    0xc0, 0x3f, 0xf9, 0x33, 0xf5, 0xf4, 0x1, 0xff,
    0xc7, 0x8f, 0x80, 0x7f, 0x90, 0xf, 0xfe, 0x28,
    0xbb, 0x0, 0x4d, 0x4, 0x1, 0xff, 0xd5, 0x5f,
    0xf3, 0x0, 0x7f, 0xf1, 0x57, 0xfc, 0xc1, 0xfe,
    0xb0, 0xf, 0xbb, 0xfc, 0x1, 0xf5, 0x7f, 0x84,
    0x2f, 0xfc, 0x1, 0xe3, 0xff, 0x90, 0x3, 0xdd,
    0xfa, 0x0, 0x7f, 0xf2, 0x0, 0x74, 0x7f, 0xd2,
    0x1, 0xc7, 0xfe, 0x80, 0x1, 0x7f, 0xa4, 0x3,
    0xb7, 0xfe, 0xe0, 0xe, 0x8f, 0xf1, 0x80, 0x5b,
    0xfa, 0x1, 0x87, 0xfd, 0x3f, 0xe3, 0x0, 0xd9,
    0xfc, 0x1, 0xa3, 0xfc, 0x40, 0x13, 0x7f, 0x87,
    0xbe, 0x0, 0x21, 0xff, 0x50, 0x6, 0x4f, 0xf3,
    0x80, 0x57, 0xf6, 0x15, 0xf8, 0x1, 0x2f, 0xf9,
    0x40, 0x3b, 0xfd, 0x60, 0x17, 0xf9, 0x81, 0x7f,
    0xc2, 0x0, 0xaf, 0xf0, 0x7, 0xab, 0xfc, 0x0,
    0x5f, 0xf0, 0x80, 0x3f, 0xcc, 0x0, 0xef, 0xb0,
    0xf, 0x2f, 0xf9, 0x42, 0x7f, 0x0, 0x2b, 0xfb,
    0x3, 0xff, 0x38, 0x7, 0x87, 0xfd, 0x21, 0xde,
    0xe0, 0x13, 0x7f, 0x82, 0x3f, 0xc4, 0x1, 0xf6,
    0x7f, 0x1f, 0xf8, 0x80, 0x21, 0xff, 0x26, 0x7e,
    0x80, 0x7e, 0x7f, 0xf5, 0xfe, 0x80, 0x76, 0x7d,
    0xff, 0xa0, 0x3, 0xf1, 0x7f, 0xe8, 0x0, 0xe7,
    0xff, 0xc8, 0x1, 0xfd, 0xbf, 0xf1, 0x80, 0x71,
    0x7f, 0xe0, 0xf, 0xf4, 0xff, 0xb8, 0x3, 0xed,
    0xff, 0x50, 0x7, 0xf9, 0x3f, 0xd2, 0x1, 0xf4,
    0x7f, 0x94, 0x3, 0x80,

    /* U+0175 "ŵ" */
    0x0, 0xfe, 0x10, 0xf, 0xfe, 0x28, 0xf3, 0x80,
    0x7f, 0xf0, 0xc7, 0x7f, 0xcc, 0x1, 0xff, 0xc2,
    0xcf, 0x3a, 0xf5, 0x0, 0xff, 0xe0, 0x5f, 0xa8,
    0x3, 0x3d, 0x0, 0x3f, 0xf9, 0x87, 0xfe, 0x70,
    0xd, 0x1f, 0xe0, 0xe, 0xff, 0x58, 0x77, 0xe0,
    0x6, 0xdf, 0xf2, 0x80, 0x49, 0xfe, 0x60, 0x9f,
    0xf0, 0x4, 0x5f, 0xf5, 0x0, 0x51, 0xfe, 0x10,
    0x4f, 0xf2, 0x0, 0x1f, 0xfe, 0xe0, 0xb, 0x7f,
    0x0, 0x2f, 0xf4, 0x80, 0x33, 0xe3, 0xfc, 0x80,
    0x3f, 0xe8, 0x0, 0xaf, 0xf4, 0x7, 0xfc, 0x55,
    0xf2, 0xb, 0xfe, 0x30, 0x9, 0xbf, 0xc2, 0xdf,
    0xa0, 0xbf, 0xc1, 0x5f, 0xc0, 0x18, 0xbf, 0xcb,
    0x7f, 0x0, 0x3f, 0xe3, 0xef, 0x90, 0xe, 0xdf,
    0xbf, 0xf1, 0x80, 0x2f, 0xef, 0xfc, 0x80, 0x1d,
    0x1f, 0xf7, 0x0, 0x4d, 0xff, 0x80, 0x3c, 0x7f,
    0xf4, 0x80, 0x43, 0xff, 0x58, 0x7, 0xdd, 0xfe,
    0x40, 0xd, 0x9f, 0xe6, 0x0, 0xfa, 0xbf, 0xc0,
    0x1d, 0x1f, 0xe1, 0x0, 0x80,

    /* U+0176 "Ŷ" */
    0x0, 0xf9, 0x50, 0x3, 0xff, 0x82, 0x9f, 0xe3,
    0x0, 0xff, 0x8f, 0xf3, 0x78, 0x80, 0x3f, 0x8b,
    0xb4, 0x4b, 0xb8, 0x20, 0x1f, 0x9a, 0x8, 0x0,
    0x50, 0xa0, 0x1f, 0xfc, 0x87, 0xff, 0x40, 0x7,
    0xea, 0xff, 0x20, 0x6f, 0xf8, 0x40, 0x3c, 0x7f,
    0xeb, 0x0, 0x2f, 0xfa, 0x80, 0x3d, 0x9f, 0xe2,
    0x0, 0xaf, 0xfc, 0x40, 0x19, 0x7f, 0xd2, 0x1,
    0x8b, 0xfd, 0x60, 0x1b, 0xbf, 0x84, 0x3, 0xa7,
    0xfc, 0x80, 0x7, 0xff, 0x38, 0x7, 0x87, 0xbf,
    0x40, 0x7f, 0xda, 0x1, 0xf9, 0xbf, 0xcd, 0x5f,
    0xe4, 0x0, 0xfe, 0xdf, 0xef, 0xf5, 0x80, 0x7f,
    0x93, 0xff, 0x10, 0x7, 0xfd, 0x5f, 0xe9, 0x0,
    0xff, 0xe0, 0x37, 0xf9, 0x0, 0x3f, 0xf8, 0xd,
    0xfe, 0x40, 0xf, 0xfe, 0x3, 0x7f, 0x90, 0x3,
    0xff, 0x80, 0xdf, 0xe4, 0x0, 0xff, 0xe0, 0x37,
    0xf9, 0x0, 0x3f, 0xf8, 0xd, 0xfe, 0x40, 0xf,
    0xfe, 0x3, 0x7f, 0x90, 0x3, 0xc0,

    /* U+0177 "ŷ" */
    0x0, 0xf3, 0x10, 0x7, 0xfc, 0xbf, 0xc4, 0x1,
    0xfc, 0x9f, 0x7d, 0xa2, 0x1, 0xf1, 0xfe, 0x1,
    0xfe, 0x88, 0x7, 0x9d, 0xc2, 0x0, 0x38, 0x40,
    0xf, 0xfe, 0x2a, 0x7f, 0xa0, 0x3, 0xdb, 0xfc,
    0x0, 0xdf, 0xd0, 0xe, 0x3f, 0xf3, 0x80, 0x1f,
    0xfc, 0x60, 0x1a, 0x7f, 0xc2, 0x0, 0x1f, 0xf4,
    0x80, 0x6e, 0xfa, 0x0, 0xd5, 0xfe, 0x0, 0x97,
    0xfc, 0x80, 0x18, 0xff, 0xca, 0x0, 0xbf, 0xd0,
    0xf, 0x67, 0xd8, 0xf, 0xf9, 0xc0, 0x3c, 0xdf,
    0xe1, 0x7f, 0xf0, 0x80, 0x7d, 0xfe, 0x7d, 0xfa,
    0x0, 0xfd, 0x3f, 0xdf, 0xe3, 0x0, 0xfc, 0x5f,
    0xf6, 0x80, 0x7f, 0xb3, 0xfc, 0xc0, 0x1f, 0xec,
    0xff, 0x0, 0x7f, 0x8b, 0xfd, 0x20, 0x1f, 0xe9,
    0xff, 0x10, 0x7, 0xfb, 0xfd, 0x80, 0x1f, 0xe6,
    0xff, 0x28, 0x7, 0xfb, 0x7f, 0x80, 0x3f, 0x0,

    /* U+0178 "Ÿ" */
    0x0, 0xc2, 0x30, 0x0, 0x46, 0x0, 0xfd, 0xff,
    0x0, 0x3f, 0xda, 0x1, 0xfb, 0xfe, 0x0, 0x7f,
    0xb4, 0x3, 0xf7, 0xfc, 0x0, 0xff, 0x68, 0x7,
    0xff, 0x61, 0xff, 0xd0, 0x1, 0xfa, 0xbf, 0xc8,
    0x1b, 0xfe, 0x10, 0xf, 0x1f, 0xfa, 0xc0, 0xb,
    0xfe, 0xa0, 0xf, 0x67, 0xf8, 0x80, 0x2b, 0xff,
    0x10, 0x6, 0x5f, 0xf4, 0x80, 0x62, 0xff, 0x58,
    0x6, 0xef, 0xe1, 0x0, 0xe9, 0xff, 0x20, 0x1,
    0xff, 0xce, 0x1, 0xe1, 0xef, 0xd0, 0x1f, 0xf6,
    0x80, 0x7e, 0x6f, 0xf3, 0x57, 0xf9, 0x0, 0x3f,
    0xb7, 0xfb, 0xfd, 0x60, 0x1f, 0xe4, 0xff, 0xc4,
    0x1, 0xff, 0x57, 0xfa, 0x40, 0x3f, 0xf8, 0xd,
    0xfe, 0x40, 0xf, 0xfe, 0x3, 0x7f, 0x90, 0x3,
    0xff, 0x80, 0xdf, 0xe4, 0x0, 0xff, 0xe0, 0x37,
    0xf9, 0x0, 0x3f, 0xf8, 0xd, 0xfe, 0x40, 0xf,
    0xfe, 0x3, 0x7f, 0x90, 0x3, 0xff, 0x80, 0xdf,
    0xe4, 0x0, 0xf0,

    /* U+0179 "Ź" */
    0x0, 0xfe, 0x48, 0x71, 0x0, 0xff, 0x17, 0xf9,
    0x80, 0x3f, 0xec, 0xf7, 0x0, 0xff, 0xa3, 0xe4,
    0x3, 0xff, 0x80, 0xec, 0x1, 0xff, 0xca, 0x9f,
    0xff, 0xfe, 0x1, 0x84, 0xff, 0xff, 0xf0, 0xc,
    0xd, 0x57, 0xf4, 0x7f, 0xb8, 0x40, 0x3f, 0xdb,
    0xfe, 0x30, 0xf, 0xf5, 0x7f, 0x9c, 0x3, 0xfc,
    0xdf, 0xeb, 0x0, 0xff, 0x1f, 0xfb, 0x84, 0x3,
    0xf8, 0x77, 0xfc, 0x60, 0x1f, 0xea, 0xff, 0x38,
    0x7, 0xf9, 0xff, 0xd4, 0x1, 0xfe, 0x3f, 0xf6,
    0x88, 0x7, 0xf0, 0xf7, 0xf8, 0xc0, 0x3f, 0xd7,
    0xfe, 0x60, 0xf, 0xf3, 0xff, 0xa8, 0x3, 0xfc,
    0x7f, 0xed, 0x0, 0xff, 0xbb, 0xfd, 0xa, 0xbf,
    0xc4, 0x7f, 0xff, 0xfc, 0x18, 0x3f, 0xff, 0xfe,
    0xc, 0x0,

    /* U+017A "ź" */
    0x0, 0xf9, 0x7f, 0xc8, 0x1, 0xf1, 0xff, 0x8c,
    0x3, 0xe1, 0xee, 0x18, 0x7, 0xe4, 0x72, 0x0,
    0xff, 0xe2, 0xdf, 0xff, 0xf1, 0x85, 0xff, 0xff,
    0x18, 0x0, 0x47, 0x8f, 0xfd, 0x60, 0x1f, 0xe,
    0xfe, 0x80, 0x7e, 0xbf, 0xf1, 0x0, 0x7d, 0x1f,
    0xe5, 0x0, 0xf9, 0x7f, 0xd2, 0x1, 0xf1, 0x7f,
    0xb0, 0x3, 0xf6, 0xff, 0x8, 0x7, 0xd5, 0xfe,
    0x40, 0xf, 0x9f, 0xfd, 0x2, 0x3e, 0x0, 0x7f,
    0xff, 0x8c, 0x7f, 0xff, 0xc6,

    /* U+017B "Ż" */
    0x0, 0xf8, 0x44, 0x1, 0xff, 0xc0, 0xbf, 0xf1,
    0x0, 0x7f, 0xd7, 0xfe, 0x20, 0xf, 0xfa, 0xff,
    0xc4, 0x1, 0xff, 0xd8, 0x9f, 0xff, 0xfe, 0x1,
    0x84, 0xff, 0xff, 0xf0, 0xc, 0xd, 0x57, 0xf4,
    0x7f, 0xb8, 0x40, 0x3f, 0xdb, 0xfe, 0x30, 0xf,
    0xf5, 0x7f, 0x9c, 0x3, 0xfc, 0xdf, 0xeb, 0x0,
    0xff, 0x1f, 0xfb, 0x84, 0x3, 0xf8, 0x77, 0xfc,
    0x60, 0x1f, 0xea, 0xff, 0x38, 0x7, 0xf9, 0xff,
    0xd4, 0x1, 0xfe, 0x3f, 0xf6, 0x88, 0x7, 0xf0,
    0xf7, 0xf8, 0xc0, 0x3f, 0xd7, 0xfe, 0x60, 0xf,
    0xf3, 0xff, 0xa8, 0x3, 0xfc, 0x7f, 0xed, 0x0,
    0xff, 0xbb, 0xfd, 0xa, 0xbf, 0xc4, 0x7f, 0xff,
    0xfc, 0x18, 0x3f, 0xff, 0xfe, 0xc, 0x0,

    /* U+017C "ż" */
    0x0, 0xc9, 0xfe, 0x90, 0xf, 0xc9, 0xfe, 0x90,
    0xf, 0xc9, 0xfe, 0x90, 0xf, 0xe1, 0x10, 0x7,
    0xff, 0x1a, 0xff, 0xff, 0x8c, 0x2f, 0xff, 0xf8,
    0xc0, 0x2, 0x3c, 0x7f, 0xeb, 0x0, 0xf8, 0x77,
    0xf4, 0x3, 0xf5, 0xff, 0x88, 0x3, 0xe8, 0xff,
    0x28, 0x7, 0xcb, 0xfe, 0x90, 0xf, 0x8b, 0xfd,
    0x80, 0x1f, 0xb7, 0xf8, 0x40, 0x3e, 0xaf, 0xf2,
    0x0, 0x7c, 0xff, 0xe8, 0x11, 0xf0, 0x3, 0xff,
    0xfc, 0x63, 0xff, 0xfe, 0x30,

    /* U+017D "Ž" */
    0x0, 0xce, 0xe0, 0x9, 0x20, 0xc0, 0x3e, 0x4f,
    0xa0, 0x3f, 0xb0, 0xf, 0xe5, 0xfa, 0xeb, 0x0,
    0xff, 0x97, 0xf0, 0x3, 0xff, 0x82, 0xa0, 0x1f,
    0xfc, 0xb9, 0xff, 0xff, 0xe0, 0x18, 0x4f, 0xff,
    0xff, 0x0, 0xc0, 0xd5, 0x7f, 0x47, 0xfb, 0x84,
    0x3, 0xfd, 0xbf, 0xe3, 0x0, 0xff, 0x57, 0xf9,
    0xc0, 0x3f, 0xcd, 0xfe, 0xb0, 0xf, 0xf1, 0xff,
    0xb8, 0x40, 0x3f, 0x87, 0x7f, 0xc6, 0x1, 0xfe,
    0xaf, 0xf3, 0x80, 0x7f, 0x9f, 0xfd, 0x40, 0x1f,
    0xe3, 0xff, 0x68, 0x80, 0x7f, 0xf, 0x7f, 0x8c,
    0x3, 0xfd, 0x7f, 0xe6, 0x0, 0xff, 0x3f, 0xfa,
    0x80, 0x3f, 0xc7, 0xfe, 0xd0, 0xf, 0xfb, 0xbf,
    0xd0, 0xab, 0xfc, 0x47, 0xff, 0xff, 0xc1, 0x83,
    0xff, 0xff, 0xe0, 0xc0,

    /* U+017E "ž" */
    0x0, 0x2f, 0xd0, 0x1, 0x7e, 0x80, 0x39, 0xbe,
    0x9b, 0xe8, 0x3, 0xe6, 0xff, 0x58, 0x7, 0xf3,
    0xd8, 0x7, 0xff, 0x1a, 0xff, 0xff, 0x8c, 0x2f,
    0xff, 0xf8, 0xc0, 0x2, 0x3c, 0x7f, 0xeb, 0x0,
    0xf8, 0x77, 0xf4, 0x3, 0xf5, 0xff, 0x88, 0x3,
    0xe8, 0xff, 0x28, 0x7, 0xcb, 0xfe, 0x90, 0xf,
    0x8b, 0xfd, 0x80, 0x1f, 0xb7, 0xf8, 0x40, 0x3e,
    0xaf, 0xf2, 0x0, 0x7c, 0xff, 0xe8, 0x11, 0xf0,
    0x3, 0xff, 0xfc, 0x63, 0xff, 0xfe, 0x30,

    /* U+018F "Ə" */
    0x0, 0xc2, 0xf9, 0xdf, 0xed, 0xa4, 0x0, 0xfc,
    0xdf, 0xff, 0xd8, 0x20, 0x1d, 0x1f, 0xf7, 0x54,
    0x4d, 0xff, 0xdc, 0x40, 0x12, 0x7f, 0xca, 0x1,
    0xc3, 0x5f, 0xec, 0x0, 0xb7, 0xfc, 0x60, 0x1f,
    0xab, 0xfc, 0xc0, 0x3, 0x98, 0x0, 0xfe, 0x1f,
    0xf6, 0x0, 0x7f, 0xf0, 0xeb, 0xfc, 0x20, 0x1f,
    0xfc, 0x27, 0xff, 0x18, 0x7, 0xff, 0x9, 0xbf,
    0xc9, 0x9f, 0xff, 0xfc, 0x44, 0xbf, 0xff, 0xfe,
    0x21, 0xc7, 0xf8, 0xc0, 0x3f, 0xd5, 0xfe, 0x14,
    0xff, 0x48, 0x7, 0xf0, 0xff, 0xb0, 0x1, 0xbf,
    0xe3, 0x0, 0xfd, 0x5f, 0xe6, 0x0, 0x27, 0xfc,
    0xa0, 0x1c, 0x35, 0xfe, 0xc0, 0xd, 0x1f, 0xf7,
    0x54, 0x4d, 0xff, 0xdc, 0x20, 0x1c, 0xbf, 0xff,
    0xd6, 0x20, 0x1f, 0xb, 0xe7, 0x7f, 0xb6, 0x90,
    0x3, 0x80,

    /* U+0192 "ƒ" */
    0x0, 0xe9, 0xdf, 0xc6, 0x0, 0xea, 0xff, 0xe2,
    0x0, 0x87, 0xfd, 0x6, 0xe8, 0x1, 0x93, 0xf8,
    0x3, 0xf2, 0x7f, 0x0, 0x7a, 0x3f, 0xfe, 0x0,
    0x9f, 0xb9, 0xfe, 0xee, 0x80, 0x39, 0x3f, 0x80,
    0x3f, 0x27, 0xf0, 0x7, 0xe4, 0xfe, 0x0, 0xfc,
    0x9f, 0xc0, 0x1f, 0x93, 0xf8, 0x3, 0xf2, 0x7f,
    0x0, 0x7e, 0x4f, 0xe0, 0xf, 0xc9, 0xfc, 0x1,
    0xf9, 0x3f, 0x80, 0x3f, 0x27, 0xf0, 0x7, 0xe4,
    0xfd, 0x0, 0xfc, 0xbf, 0xa0, 0x1f, 0xa7, 0xe8,
    0x3, 0xe6, 0xff, 0x20, 0x7, 0x5f, 0xfd, 0x20,
    0x1e, 0xbe, 0xb5, 0x0, 0xf8,

    /* U+019D "Ɲ" */
    0x0, 0xbf, 0xdc, 0x20, 0x1f, 0x77, 0xd8, 0x5,
    0xff, 0x50, 0x7, 0xdd, 0xf6, 0x1, 0x7f, 0xe4,
    0x0, 0xf7, 0x7d, 0x80, 0x5f, 0xfb, 0x40, 0x3d,
    0xdf, 0x60, 0x17, 0xff, 0x40, 0x7, 0x77, 0xd8,
    0x5, 0xfe, 0x9c, 0xff, 0x10, 0x6, 0xef, 0xb0,
    0xb, 0xfd, 0x27, 0xfe, 0xb0, 0xd, 0xdf, 0x60,
    0x17, 0xfa, 0x42, 0x7f, 0xca, 0x1, 0x77, 0xd8,
    0x5, 0xfe, 0x90, 0x7, 0x7f, 0x8, 0x3, 0xbe,
    0xc0, 0x2f, 0xf4, 0x80, 0x17, 0xfd, 0x20, 0xe,
    0xfb, 0x0, 0xbf, 0xd2, 0x1, 0x5f, 0xf8, 0xc3,
    0xbe, 0xc0, 0x2f, 0xf4, 0x80, 0x45, 0xfe, 0xd0,
    0xef, 0xb0, 0xb, 0xfd, 0x20, 0x19, 0xff, 0xcf,
    0xdf, 0x60, 0x17, 0xfa, 0x40, 0x3b, 0x7f, 0xf5,
    0x80, 0x5f, 0xe9, 0x0, 0xe3, 0xff, 0xd6, 0x1,
    0x7f, 0xa4, 0x3, 0xd5, 0xff, 0x58, 0x5, 0xfe,
    0x90, 0xf, 0xf, 0x7f, 0xac, 0x2, 0xff, 0x48,
    0x7, 0xcd, 0xfe, 0xb0, 0xb, 0xfd, 0x20, 0x1f,
    0xfc, 0x12, 0xff, 0x40, 0x7, 0xff, 0x0, 0x6f,
    0xfc, 0x60, 0x1f, 0xf1, 0xff, 0xce, 0x1, 0xff,
    0xc0, 0x2b, 0x83, 0x0, 0xff, 0xe0, 0x80,

    /* U+01A0 "Ơ" */
    0x0, 0xc2, 0xf7, 0xdf, 0xed, 0x93, 0x0, 0xab,
    0xc8, 0x2, 0x4e, 0xff, 0xfd, 0x20, 0xc, 0xf1,
    0x0, 0x37, 0xfd, 0xd5, 0x13, 0x9f, 0xf6, 0xb7,
    0xe8, 0x0, 0xff, 0xe6, 0x0, 0xe3, 0xdf, 0xfc,
    0x80, 0xd, 0xff, 0x20, 0x7, 0xed, 0xff, 0x30,
    0x0, 0xff, 0xd4, 0x1, 0xfc, 0x9f, 0xea, 0x0,
    0x47, 0xf8, 0xc0, 0x3f, 0xdb, 0xfe, 0x0, 0x5f,
    0xf8, 0x3, 0xfe, 0x9f, 0xf0, 0x86, 0x7f, 0x0,
    0x7f, 0xd1, 0xfe, 0x30, 0xcf, 0xe0, 0xf, 0xfa,
    0x3f, 0xc6, 0x17, 0xfe, 0x0, 0xff, 0xa7, 0xfc,
    0x21, 0x1f, 0xe3, 0x0, 0xff, 0x6f, 0xf0, 0x0,
    0xff, 0xd4, 0x1, 0xfc, 0x9f, 0xea, 0x0, 0xb7,
    0xfc, 0x80, 0x1f, 0xb7, 0xfc, 0x60, 0x11, 0xff,
    0xcc, 0x1, 0xc7, 0xbf, 0xe9, 0x0, 0xe6, 0xff,
    0xba, 0xa2, 0x73, 0xfe, 0xc0, 0xf, 0x93, 0xbf,
    0xff, 0x48, 0x7, 0xf0, 0xbd, 0xf7, 0xfb, 0x64,
    0xc0, 0x3c,

    /* U+01A1 "ơ" */
    0x0, 0xff, 0xe0, 0x24, 0x10, 0x7, 0xff, 0x2,
    0x3d, 0x0, 0x24, 0xae, 0xfd, 0xa3, 0x0, 0x57,
    0x90, 0x2, 0x7f, 0xfe, 0x94, 0xfe, 0x0, 0x47,
    0xfb, 0x15, 0x17, 0x3f, 0xf2, 0x81, 0x7f, 0xa8,
    0x3, 0xaf, 0xfc, 0x80, 0x8, 0xff, 0x8, 0x7,
    0x17, 0xf9, 0xc0, 0x17, 0xfa, 0x1, 0xf6, 0xfd,
    0x0, 0x33, 0xec, 0x3, 0xec, 0xfc, 0x0, 0x5f,
    0xe8, 0x7, 0xdb, 0xf4, 0x0, 0x8f, 0xf0, 0x80,
    0x71, 0x7f, 0x9c, 0x0, 0x5f, 0xeb, 0x0, 0xeb,
    0xff, 0x8, 0x5, 0x1f, 0xec, 0x64, 0x6d, 0xff,
    0x38, 0x7, 0x4f, 0xff, 0xd0, 0x1, 0xf2, 0x57,
    0x7f, 0x51, 0x80, 0x70,

    /* U+01AF "Ư" */
    0x3f, 0xf3, 0x0, 0x7c, 0xbf, 0xe4, 0x1f, 0xb3,
    0xff, 0x30, 0x7, 0xcb, 0xfe, 0x42, 0xfa, 0x3f,
    0xf3, 0x0, 0x7c, 0xbf, 0xe5, 0xaf, 0x63, 0xff,
    0x30, 0x7, 0xcb, 0xff, 0xb0, 0xf, 0xfc, 0xc0,
    0x1f, 0x2f, 0xfb, 0x58, 0x0, 0x7f, 0xe6, 0x0,
    0xf9, 0x7f, 0xc8, 0x1, 0x1f, 0xf9, 0x80, 0x3e,
    0x5f, 0xf2, 0x0, 0x47, 0xfe, 0x60, 0xf, 0x97,
    0xfc, 0x80, 0x11, 0xff, 0x98, 0x3, 0xe5, 0xff,
    0x20, 0x4, 0x7f, 0xe6, 0x0, 0xf9, 0x7f, 0xc8,
    0x1, 0x1f, 0xf9, 0x80, 0x3e, 0x5f, 0xf2, 0x0,
    0x47, 0xfe, 0x70, 0xf, 0x9b, 0xfc, 0x60, 0x11,
    0x7f, 0xa4, 0x3, 0xe8, 0xff, 0x10, 0x6, 0xff,
    0x68, 0x7, 0xd9, 0xfe, 0x0, 0xea, 0xff, 0x38,
    0x7, 0x3f, 0xfa, 0x80, 0x38, 0xbf, 0xec, 0x87,
    0x8c, 0xff, 0x88, 0x3, 0xc9, 0xff, 0xfc, 0x80,
    0x1f, 0x86, 0x33, 0xbf, 0xb2, 0x4, 0x3, 0xc0,

    /* U+01B0 "ư" */
    0x0, 0xff, 0xe0, 0x42, 0x80, 0x7f, 0xc3, 0xf6,
    0x1, 0xff, 0x1f, 0xc8, 0x7, 0xf8, 0x6f, 0xd5,
    0xbf, 0xc4, 0x1, 0xdf, 0xf5, 0x83, 0x7f, 0x88,
    0x3, 0xbf, 0xdc, 0x0, 0x6f, 0xf1, 0x0, 0x77,
    0xfa, 0x40, 0xd, 0xfe, 0x20, 0xe, 0xff, 0x48,
    0x1, 0xbf, 0xc4, 0x1, 0xdf, 0xe9, 0x0, 0x37,
    0xf8, 0x80, 0x3b, 0xfd, 0x20, 0x6, 0xff, 0x10,
    0x7, 0x7f, 0xa4, 0x0, 0xdf, 0xe2, 0x0, 0xc3,
    0xfe, 0x90, 0x2, 0xff, 0x90, 0x3, 0x27, 0xfa,
    0x40, 0x7, 0xfe, 0x90, 0xd, 0x7f, 0xe9, 0x0,
    0xbb, 0xfd, 0x28, 0xb7, 0xff, 0x48, 0x4, 0xbf,
    0xfe, 0xaf, 0xf4, 0x80, 0x64, 0xbe, 0xfc, 0x60,
    0xff, 0x48, 0x0,

    /* U+01CD "Ǎ" */
    0x0, 0xc5, 0xa, 0x1, 0x33, 0x88, 0x7, 0xf4,
    0xfb, 0x3, 0xfb, 0x80, 0x7f, 0xd3, 0xf3, 0xee,
    0x1, 0xff, 0xc1, 0xaf, 0x80, 0xf, 0xfe, 0x1a,
    0x80, 0x7f, 0xf5, 0x33, 0xe8, 0x3, 0xff, 0x82,
    0x5f, 0xf0, 0x80, 0x7f, 0xf0, 0x27, 0xfe, 0x70,
    0xf, 0xfe, 0x7, 0x7f, 0xda, 0x1, 0xff, 0x2f,
    0xfa, 0x3f, 0xc6, 0x1, 0xfe, 0xcf, 0xd0, 0xef,
    0x90, 0xf, 0xe2, 0xff, 0x38, 0x4f, 0xf8, 0x3,
    0xfa, 0x3f, 0xc2, 0x7, 0xfe, 0x60, 0xf, 0xdd,
    0xf6, 0x1, 0x6f, 0xe0, 0x7, 0xcb, 0xfe, 0x60,
    0x9, 0xff, 0xc4, 0x1, 0xeb, 0xff, 0x0, 0x62,
    0xff, 0x40, 0x7, 0xf, 0xfb, 0x95, 0x7b, 0xfd,
    0xc0, 0x1c, 0xff, 0xff, 0xf2, 0x80, 0x6d, 0xff,
    0xff, 0xac, 0x2, 0x4f, 0xf4, 0x0, 0x7d, 0x5f,
    0xe2, 0x0, 0x57, 0xf8, 0xc0, 0x3e, 0x5f, 0xf4,
    0x0, 0xff, 0xb4, 0x3, 0xfb, 0xbf, 0x81, 0xff,
    0xce, 0x1, 0xfd, 0x3f, 0xe4,

    /* U+01CE "ǎ" */
    0x0, 0x37, 0xc8, 0x1, 0x7e, 0x40, 0x39, 0xbe,
    0x57, 0xe8, 0x3, 0xe7, 0xff, 0x50, 0x7, 0xf3,
    0xd8, 0x7, 0xff, 0x1c, 0xa7, 0x7f, 0xdb, 0x24,
    0x1, 0x47, 0xff, 0xe3, 0x3, 0xff, 0x62, 0x9a,
    0x47, 0xfb, 0x80, 0x8, 0xc0, 0x1c, 0xff, 0xe4,
    0x0, 0xfc, 0x5f, 0xe7, 0x0, 0x3d, 0xef, 0x75,
    0xff, 0x38, 0xef, 0xff, 0xf3, 0xc7, 0xfa, 0x4,
    0x2, 0x1f, 0xf3, 0xe7, 0xe8, 0x7, 0x27, 0xf9,
    0xef, 0xf4, 0x3, 0xb3, 0xfc, 0xee, 0xff, 0x38,
    0x0, 0x6b, 0xfe, 0x70, 0xcf, 0xfb, 0xbf, 0xcf,
    0xfe, 0x70, 0x3, 0xe7, 0xfb, 0x14, 0x3b, 0xdc,

    /* U+01CF "Ǐ" */
    0x38, 0x40, 0x9, 0xdc, 0x0, 0xbf, 0x40, 0x9f,
    0x50, 0xa, 0xfe, 0xbd, 0x40, 0x3a, 0xfd, 0x80,
    0x3e, 0x50, 0xf, 0xfe, 0x27, 0xfa, 0x40, 0x3d,
    0xfe, 0x90, 0xf, 0x7f, 0xa4, 0x3, 0xdf, 0xe9,
    0x0, 0xf7, 0xfa, 0x40, 0x3d, 0xfe, 0x90, 0xf,
    0x7f, 0xa4, 0x3, 0xdf, 0xe9, 0x0, 0xf7, 0xfa,
    0x40, 0x3d, 0xfe, 0x90, 0xf, 0x7f, 0xa4, 0x3,
    0xdf, 0xe9, 0x0, 0xf7, 0xfa, 0x40, 0x3d, 0xfe,
    0x90, 0xf, 0x7f, 0xa4, 0x3, 0xdf, 0xe9, 0x0,
    0xf7, 0xfa, 0x40, 0x3d, 0xfe, 0x90, 0x8,

    /* U+01D0 "ǐ" */
    0x7f, 0x80, 0x3, 0xfc, 0x4, 0x7c, 0x3f, 0xc0,
    0x5, 0x1f, 0xe9, 0x0, 0xe9, 0x90, 0x7, 0xff,
    0x5, 0x3f, 0xc8, 0x1, 0x93, 0xfc, 0x80, 0x19,
    0x3f, 0xc8, 0x1, 0x93, 0xfc, 0x80, 0x19, 0x3f,
    0xc8, 0x1, 0x93, 0xfc, 0x80, 0x19, 0x3f, 0xc8,
    0x1, 0x93, 0xfc, 0x80, 0x19, 0x3f, 0xc8, 0x1,
    0x93, 0xfc, 0x80, 0x19, 0x3f, 0xc8, 0x1, 0x93,
    0xfc, 0x80, 0x19, 0x3f, 0xc8, 0x0,

    /* U+01D1 "Ǒ" */
    0x0, 0xe7, 0x70, 0x4, 0x90, 0x60, 0x1f, 0xe5,
    0xf9, 0x3, 0xfb, 0x0, 0xff, 0xe0, 0x2f, 0xc7,
    0x58, 0x7, 0xff, 0x9, 0xbe, 0xc0, 0x3f, 0xf8,
    0x8a, 0x1, 0xff, 0xd3, 0x17, 0xbe, 0xff, 0x6c,
    0x98, 0x7, 0xe4, 0xef, 0xff, 0xd2, 0x1, 0xe6,
    0xff, 0xba, 0xa2, 0x73, 0xfe, 0xc0, 0xc, 0x7f,
    0xf3, 0x0, 0x71, 0xef, 0xfa, 0x40, 0x2d, 0xff,
    0x20, 0x7, 0xed, 0xff, 0x18, 0x1f, 0xfa, 0x80,
    0x3f, 0x93, 0xfd, 0x41, 0x1f, 0xe3, 0x0, 0xff,
    0x6f, 0xf8, 0x2f, 0xfc, 0x1, 0xff, 0x4f, 0xf8,
    0x73, 0xf8, 0x3, 0xfe, 0x8f, 0xf1, 0xe7, 0xf0,
    0x7, 0xfd, 0x1f, 0xe3, 0xbf, 0xf0, 0x7, 0xfd,
    0x3f, 0xe1, 0x8f, 0xf1, 0x80, 0x7f, 0xb7, 0xf8,
    0xf, 0xfd, 0x40, 0x1f, 0xc9, 0xfe, 0xa0, 0x6,
    0xff, 0x90, 0x3, 0xf6, 0xff, 0x8c, 0x0, 0x7f,
    0xf3, 0x0, 0x71, 0xef, 0xfa, 0x40, 0x33, 0x7f,
    0xdd, 0x51, 0x39, 0xff, 0x60, 0x7, 0x93, 0xbf,
    0xff, 0x48, 0x7, 0xe1, 0x7b, 0xef, 0xf6, 0xc9,
    0x80, 0x70,

    /* U+01D2 "ǒ" */
    0x0, 0xf, 0x70, 0x40, 0x7b, 0x44, 0x3, 0x8b,
    0xb4, 0xf7, 0x88, 0x3, 0xe2, 0xef, 0xe2, 0x0,
    0xfe, 0x3d, 0x20, 0xf, 0xfe, 0x4a, 0x57, 0x7e,
    0xd1, 0x80, 0x74, 0xff, 0xfd, 0x0, 0x14, 0x7f,
    0xb1, 0x51, 0x73, 0xfc, 0xe0, 0x5f, 0xea, 0x0,
    0xeb, 0xff, 0xc, 0x7f, 0x84, 0x3, 0x8b, 0xfc,
    0xf7, 0xfa, 0x1, 0xf6, 0xfd, 0x67, 0xd8, 0x7,
    0xd9, 0xf9, 0x7f, 0xa0, 0x1f, 0x6f, 0xd4, 0x7f,
    0x84, 0x3, 0x8b, 0xfc, 0xe5, 0xfe, 0xb0, 0xe,
    0xbf, 0xf0, 0x84, 0x7f, 0xb1, 0x91, 0xb7, 0xfc,
    0xe0, 0x14, 0xff, 0xfd, 0x0, 0x1c, 0x95, 0xdf,
    0xd4, 0x60, 0x10,

    /* U+01D3 "Ǔ" */
    0x0, 0x85, 0xd8, 0x2, 0x58, 0x20, 0xf, 0x9f,
    0xdc, 0x1b, 0xe0, 0x3, 0xfa, 0x3e, 0x7e, 0x40,
    0x3f, 0xe8, 0xf9, 0x0, 0xff, 0xe0, 0xa8, 0x7,
    0xff, 0x28, 0xff, 0xcc, 0x1, 0xf2, 0xff, 0x90,
    0xff, 0xcc, 0x1, 0xf2, 0xff, 0x90, 0xff, 0xcc,
    0x1, 0xf2, 0xff, 0x90, 0xff, 0xcc, 0x1, 0xf2,
    0xff, 0x90, 0xff, 0xcc, 0x1, 0xf2, 0xff, 0x90,
    0xff, 0xcc, 0x1, 0xf2, 0xff, 0x90, 0xff, 0xcc,
    0x1, 0xf2, 0xff, 0x90, 0xff, 0xcc, 0x1, 0xf2,
    0xff, 0x90, 0xff, 0xcc, 0x1, 0xf2, 0xff, 0x90,
    0xff, 0xcc, 0x1, 0xf2, 0xff, 0x90, 0xff, 0xcc,
    0x1, 0xf2, 0xff, 0x90, 0xff, 0xce, 0x1, 0xf3,
    0x7f, 0x8c, 0xbf, 0xd2, 0x1, 0xf4, 0x7f, 0x88,
    0x3f, 0xda, 0x1, 0xf6, 0x7f, 0x80, 0x15, 0xfe,
    0x70, 0xe, 0x7f, 0xf5, 0x0, 0xb, 0xfe, 0xc8,
    0x78, 0xcf, 0xf8, 0x80, 0x24, 0xff, 0xfe, 0x40,
    0xe, 0x18, 0xce, 0xfe, 0xc8, 0x10, 0x8,

    /* U+01D4 "ǔ" */
    0x0, 0x37, 0xc8, 0x1, 0xbe, 0x40, 0x39, 0xfe,
    0x5f, 0xe4, 0x3, 0xe7, 0xff, 0x50, 0x7, 0xf4,
    0x50, 0x7, 0xff, 0x15, 0xbf, 0xc4, 0x1, 0xdf,
    0xe9, 0x6f, 0xf1, 0x0, 0x77, 0xfa, 0x5b, 0xfc,
    0x40, 0x1d, 0xfe, 0x96, 0xff, 0x10, 0x7, 0x7f,
    0xa5, 0xbf, 0xc4, 0x1, 0xdf, 0xe9, 0x6f, 0xf1,
    0x0, 0x77, 0xfa, 0x5b, 0xfc, 0x40, 0x1d, 0xfe,
    0x96, 0xff, 0x10, 0x6, 0x1f, 0xf4, 0xaf, 0xf9,
    0x0, 0x32, 0x7f, 0xa4, 0xff, 0xd2, 0x1, 0xaf,
    0xfd, 0x21, 0xdf, 0xe9, 0x45, 0xbf, 0xfa, 0x41,
    0x7f, 0xfd, 0x5f, 0xe9, 0x0, 0x25, 0xf7, 0xe3,
    0x7, 0xfa, 0x40,

    /* U+01E6 "Ǧ" */
    0x0, 0xe7, 0x70, 0x4, 0x90, 0x60, 0x1f, 0xcb,
    0xf0, 0x7, 0xf4, 0x1, 0xff, 0x37, 0xc7, 0x58,
    0x7, 0xff, 0x5, 0xbe, 0xc0, 0x3f, 0xf8, 0x6a,
    0x1, 0xff, 0xd1, 0x17, 0xbe, 0xff, 0x6c, 0x98,
    0x7, 0xc9, 0xdf, 0xff, 0xa8, 0x40, 0x33, 0x7f,
    0xdd, 0x51, 0x39, 0xff, 0x68, 0x80, 0xf, 0xfe,
    0x60, 0xe, 0x2c, 0xff, 0x58, 0x3, 0x7f, 0xc8,
    0x1, 0xfb, 0x3f, 0xc6, 0x6f, 0xf4, 0x80, 0x7f,
    0x13, 0x90, 0x47, 0xf8, 0xc0, 0x3f, 0xf8, 0x37,
    0xfe, 0x0, 0xff, 0xe1, 0x67, 0xf0, 0x7, 0x9f,
    0xff, 0xcd, 0x9f, 0xc0, 0x1e, 0x7f, 0xff, 0x35,
    0xff, 0x80, 0x3c, 0x4a, 0xbb, 0xfc, 0xd1, 0xfe,
    0x30, 0xf, 0xe1, 0xff, 0x31, 0xff, 0xa8, 0x3,
    0xf9, 0xbf, 0xcc, 0x1b, 0xfe, 0x40, 0xf, 0x87,
    0xbf, 0xcc, 0x7, 0xff, 0x30, 0x7, 0x16, 0xff,
    0xcc, 0x0, 0x6f, 0xfb, 0xaa, 0x2b, 0x3f, 0xdb,
    0xfe, 0x60, 0x9, 0x7f, 0xff, 0x61, 0x7f, 0x98,
    0x3, 0xb, 0xe7, 0x7f, 0x5b, 0x0, 0x3f, 0xcc,

    /* U+01E7 "ǧ" */
    0x0, 0xaf, 0xd0, 0x1, 0x7e, 0x80, 0x1f, 0x5f,
    0xa5, 0x7a, 0x0, 0x7f, 0x67, 0xf9, 0x40, 0x3f,
    0xec, 0x50, 0xf, 0xfe, 0x2b, 0x88, 0x6, 0x19,
    0xdf, 0xea, 0x4a, 0xfc, 0x0, 0x8f, 0xbf, 0xff,
    0x28, 0x5, 0xbf, 0xca, 0x27, 0x9f, 0xe6, 0x0,
    0x93, 0xfc, 0xa0, 0x10, 0xff, 0xa0, 0x2, 0x5f,
    0xf1, 0x0, 0x6d, 0xfa, 0x0, 0x93, 0xfc, 0xa0,
    0x10, 0xff, 0xa4, 0x3, 0x77, 0xf2, 0x1, 0x5f,
    0xf9, 0x0, 0x34, 0x7f, 0xfd, 0x20, 0x18, 0xff,
    0xdb, 0xaf, 0xeb, 0x50, 0xe, 0xaf, 0xa0, 0xf,
    0xfa, 0x7f, 0xd0, 0x62, 0x1, 0xf8, 0x77, 0xff,
    0x76, 0x4a, 0x0, 0x72, 0xff, 0xbb, 0xff, 0xb0,
    0x2, 0xaf, 0xd1, 0x0, 0x1b, 0x5f, 0xf9, 0xc0,
    0x1f, 0xe6, 0x0, 0xf7, 0xfa, 0x40, 0x19, 0xfa,
    0x80, 0x19, 0xbf, 0xcc, 0x0, 0x2e, 0xff, 0xbb,
    0x9f, 0xf6, 0x0, 0x73, 0x5f, 0x7f, 0xba, 0xd8,
    0x2,

    /* U+01EA "Ǫ" */
    0x0, 0xc2, 0xf7, 0xdf, 0xed, 0x93, 0x0, 0xfc,
    0x9d, 0xff, 0xfa, 0x40, 0x3c, 0xdf, 0xf7, 0x54,
    0x4e, 0x7f, 0xd8, 0x1, 0x8f, 0xfe, 0x60, 0xe,
    0x3d, 0xff, 0x48, 0x5, 0xbf, 0xe4, 0x0, 0xfd,
    0xbf, 0xe3, 0x3, 0xff, 0x50, 0x7, 0xf2, 0x7f,
    0xa8, 0x23, 0xfc, 0x60, 0x1f, 0xed, 0xff, 0x5,
    0xff, 0x80, 0x3f, 0xe9, 0xff, 0xe, 0x7f, 0x0,
    0x7f, 0xd1, 0xfe, 0x3c, 0xfe, 0x0, 0xff, 0xa3,
    0xfc, 0x77, 0xfe, 0x0, 0xff, 0xa7, 0xfc, 0x31,
    0xfe, 0x30, 0xf, 0xf6, 0xff, 0x1, 0xff, 0xa8,
    0x3, 0xf9, 0x3f, 0xd4, 0x0, 0xdf, 0xf2, 0x0,
    0x7e, 0xdf, 0xf1, 0x80, 0xf, 0xfe, 0x60, 0xe,
    0x3d, 0xff, 0x48, 0x6, 0x6f, 0xfb, 0xaa, 0x27,
    0x3f, 0xec, 0x0, 0xf2, 0x77, 0xff, 0xe9, 0x0,
    0xfc, 0x2f, 0x7d, 0xff, 0x49, 0x80, 0x7f, 0xf0,
    0x1b, 0xd8, 0x3, 0xff, 0x84, 0x7e, 0xc0, 0x1f,
    0xfc, 0x37, 0xf0, 0x0, 0x80, 0x7f, 0xf0, 0x57,
    0xea, 0x39, 0x80, 0x3f, 0xf8, 0x31, 0xdf, 0x42,
    0x1, 0xe0,

    /* U+01EB "ǫ" */
    0x0, 0x92, 0xbb, 0xf6, 0x8c, 0x3, 0xa7, 0xff,
    0xe8, 0x0, 0xa3, 0xfd, 0x8a, 0x8b, 0x9f, 0xe7,
    0x2, 0xff, 0x50, 0x7, 0x5f, 0xf8, 0x63, 0xfc,
    0x20, 0x1c, 0x5f, 0xe7, 0xbf, 0xd0, 0xf, 0xb7,
    0xeb, 0x3e, 0xc0, 0x3e, 0xcf, 0xcb, 0xfd, 0x0,
    0xfb, 0x7e, 0xa3, 0xfc, 0x20, 0x1c, 0x5f, 0xe7,
    0x2f, 0xf5, 0x80, 0x75, 0xff, 0x84, 0x23, 0xfd,
    0x8c, 0x8d, 0xbf, 0xe7, 0x0, 0xa7, 0xff, 0xe8,
    0x0, 0xe4, 0xae, 0xff, 0x51, 0x80, 0x7e, 0xcc,
    0x10, 0x7, 0xf5, 0x68, 0x7, 0xfd, 0xf0, 0x0,
    0x10, 0xf, 0xdb, 0xcf, 0x7a, 0x1, 0xf8, 0xf3,
    0xf5, 0x40, 0x30,

    /* U+01FA "Ǻ" */
    0x0, 0xff, 0x8e, 0x20, 0x40, 0x1f, 0xfc, 0x1,
    0xef, 0x80, 0xf, 0xfe, 0xd, 0xfc, 0x0, 0x7f,
    0x8f, 0x7f, 0xe9, 0x0, 0xff, 0xf, 0x5a, 0xff,
    0x80, 0x3f, 0xe4, 0xf2, 0x3, 0xf3, 0x0, 0xff,
    0x17, 0xb8, 0x47, 0x88, 0x7, 0xfc, 0xdf, 0xf3,
    0x0, 0x7f, 0xf0, 0xb, 0xfe, 0x10, 0xf, 0xfe,
    0x4, 0xff, 0xce, 0x1, 0xff, 0xc0, 0xef, 0xfb,
    0x40, 0x3f, 0xe5, 0xff, 0x47, 0xf8, 0xc0, 0x3f,
    0xd9, 0xfa, 0x1d, 0xf2, 0x1, 0xfc, 0x5f, 0xe7,
    0x9, 0xff, 0x0, 0x7f, 0x47, 0xf8, 0x40, 0xff,
    0xcc, 0x1, 0xfb, 0xbe, 0xc0, 0x2d, 0xfc, 0x0,
    0xf9, 0x7f, 0xcc, 0x1, 0x3f, 0xf8, 0x80, 0x3d,
    0x7f, 0xe0, 0xc, 0x5f, 0xe8, 0x0, 0xe1, 0xff,
    0x72, 0xaf, 0x7f, 0xb8, 0x3, 0x9f, 0xff, 0xfe,
    0x50, 0xd, 0xbf, 0xff, 0xf5, 0x80, 0x49, 0xfe,
    0x80, 0xf, 0xab, 0xfc, 0x40, 0xa, 0xff, 0x18,
    0x7, 0xcb, 0xfe, 0x80, 0x1f, 0xf6, 0x80, 0x7f,
    0x77, 0xf0, 0x3f, 0xf9, 0xc0, 0x3f, 0xa7, 0xfc,
    0x80,

    /* U+01FB "ǻ" */
    0x0, 0xfe, 0x8a, 0x70, 0xf, 0xe7, 0xfe, 0x20,
    0xf, 0xc7, 0xfc, 0x40, 0x1e, 0x7f, 0xfc, 0x60,
    0x1e, 0x5f, 0x77, 0x7e, 0x0, 0x7d, 0x3a, 0x0,
    0x8d, 0x0, 0xf9, 0xbd, 0xb, 0x6c, 0x3, 0xf5,
    0x7f, 0xb4, 0x40, 0x3f, 0x88, 0xc0, 0x3f, 0x14,
    0xef, 0xfb, 0x64, 0x80, 0x34, 0x7f, 0xfe, 0x30,
    0x1, 0xff, 0xb1, 0x4d, 0x23, 0xfd, 0xc0, 0x12,
    0x30, 0x7, 0x3f, 0xf9, 0x0, 0x3f, 0x8b, 0xfc,
    0xe0, 0x13, 0xde, 0xf7, 0x5f, 0xf3, 0x80, 0xef,
    0xff, 0xf3, 0x84, 0x7f, 0xa0, 0x40, 0x21, 0xff,
    0x38, 0x67, 0xe8, 0x7, 0x27, 0xf9, 0xc2, 0xff,
    0x40, 0x3b, 0x3f, 0xce, 0xf, 0xfe, 0x70, 0x0,
    0xd7, 0xfc, 0xe0, 0xc, 0xff, 0xbb, 0xfc, 0xff,
    0xe7, 0x0, 0x9f, 0x3f, 0xd8, 0xa1, 0xde, 0xe0,

    /* U+01FC "Ǽ" */
    0x0, 0xff, 0xe0, 0x9c, 0x40, 0x80, 0x3f, 0xf8,
    0xc3, 0xdf, 0x0, 0x1f, 0xfc, 0x7a, 0xfa, 0x0,
    0xff, 0xe3, 0xb7, 0xd8, 0x7, 0xff, 0x21, 0xdc,
    0x1, 0xff, 0xdc, 0xcf, 0xff, 0xfe, 0x12, 0x80,
    0x78, 0xbf, 0xff, 0xf8, 0x6a, 0x1, 0xe9, 0xfe,
    0x5c, 0xff, 0x2a, 0xff, 0x10, 0x7, 0xbb, 0xe4,
    0x2b, 0xfc, 0x1, 0xff, 0xc3, 0x5f, 0xf1, 0x85,
    0x7f, 0x80, 0x3f, 0xf8, 0x79, 0xfa, 0x0, 0xaf,
    0xf0, 0x7, 0xff, 0x8, 0xbf, 0xce, 0x0, 0xaf,
    0xf0, 0x7, 0xff, 0xa, 0x3f, 0xc4, 0x0, 0xaf,
    0xf3, 0x37, 0xe0, 0xf, 0x77, 0xe0, 0x5, 0x5f,
    0xff, 0xe2, 0x0, 0xcb, 0xfe, 0x60, 0xa, 0xbf,
    0xff, 0xc4, 0x1, 0xaf, 0xfc, 0x1, 0xab, 0xfc,
    0x1, 0xff, 0xc0, 0x1f, 0xf9, 0x9b, 0x7f, 0xc0,
    0x1f, 0xfc, 0x7, 0xff, 0xff, 0x0, 0x7f, 0xf0,
    0x37, 0xff, 0xfc, 0x1, 0xff, 0x27, 0xfa, 0x40,
    0x3a, 0xbf, 0xc0, 0x1f, 0xf5, 0x7f, 0x8c, 0x3,
    0xab, 0xfc, 0xab, 0xfc, 0x43, 0xfe, 0xd0, 0xf,
    0x57, 0xff, 0xfc, 0xaf, 0xfe, 0x70, 0xf, 0x57,
    0xff, 0xfc, 0xa0,

    /* U+01FD "ǽ" */
    0x0, 0xff, 0x8f, 0xfc, 0xc0, 0x1f, 0xfc, 0x41,
    0xef, 0x60, 0xf, 0xfe, 0x2e, 0x7a, 0x80, 0x7f,
    0xf1, 0x52, 0x54, 0x3, 0xff, 0xa8, 0x31, 0x9d,
    0xfb, 0x22, 0x0, 0x7d, 0xfe, 0xc6, 0x0, 0xcd,
    0xff, 0xf7, 0x15, 0xff, 0xfa, 0xc0, 0x5, 0xfe,
    0xd7, 0x44, 0x3f, 0xfb, 0xbf, 0x58, 0xd7, 0x3f,
    0xce, 0x0, 0x28, 0x0, 0xe5, 0xff, 0x68, 0x7,
    0x5f, 0xf0, 0x7, 0xfb, 0xfc, 0xc0, 0x1c, 0x7f,
    0xe2, 0x0, 0x2d, 0x6f, 0x76, 0xff, 0x77, 0x7d,
    0xfe, 0x31, 0xdf, 0xff, 0xfe, 0x31, 0xc7, 0xfa,
    0x88, 0x2, 0x1f, 0xf3, 0x0, 0x7f, 0x67, 0xf0,
    0x7, 0x37, 0xfa, 0x80, 0x3f, 0xaf, 0xf8, 0x3,
    0x17, 0x7f, 0xc6, 0x1, 0x8a, 0x0, 0xf, 0xfe,
    0xc6, 0x58, 0xff, 0x25, 0xff, 0xa5, 0x55, 0x3f,
    0xe8, 0x0, 0x6f, 0xff, 0x9c, 0xb, 0xbf, 0xfd,
    0xc8, 0x1, 0x46, 0xff, 0x5a, 0x0, 0x43, 0x1b,
    0xfd, 0xb0, 0x20, 0x0,

    /* U+01FE "Ǿ" */
    0x0, 0xff, 0x24, 0x38, 0x7, 0xff, 0x8, 0xff,
    0xc8, 0x1, 0xff, 0xc1, 0x1e, 0xf4, 0x0, 0xff,
    0xe1, 0x6f, 0x98, 0x7, 0xff, 0x8c, 0x5e, 0xfb,
    0xfd, 0xb2, 0x63, 0xd8, 0x1, 0xc9, 0xdf, 0xff,
    0xe2, 0x0, 0xcd, 0xff, 0x75, 0x44, 0xe7, 0xfe,
    0x0, 0xc7, 0xff, 0x30, 0x7, 0x37, 0xfd, 0x20,
    0x16, 0xff, 0x90, 0x3, 0xdb, 0xdc, 0xff, 0x18,
    0x1f, 0xfa, 0x80, 0x3d, 0x3e, 0x69, 0xfe, 0xa0,
    0x8f, 0xf1, 0x80, 0x72, 0xfb, 0x0, 0x37, 0xfc,
    0x17, 0xfe, 0x0, 0xe2, 0xfb, 0x0, 0xa7, 0xfc,
    0x39, 0xfc, 0x1, 0xd9, 0xc2, 0x1, 0x47, 0xf8,
    0xf3, 0xf8, 0x3, 0x47, 0x98, 0x6, 0x8f, 0xf1,
    0xdf, 0xf8, 0x2, 0x4f, 0x70, 0xe, 0x9f, 0xf0,
    0xc7, 0xf8, 0xc0, 0x7b, 0x0, 0x3d, 0xbf, 0xc0,
    0x7f, 0xea, 0xb, 0xe1, 0x0, 0xe4, 0xff, 0x50,
    0x3, 0x7f, 0xd9, 0xe8, 0x1, 0xed, 0xff, 0x18,
    0x0, 0xff, 0xf0, 0x7, 0x1e, 0xff, 0xa4, 0x3,
    0x3f, 0xfd, 0xd5, 0x13, 0x9f, 0xf6, 0x0, 0x75,
    0xff, 0xff, 0xa4, 0x3, 0x9b, 0xd4, 0x5e, 0xfb,
    0xfd, 0xb2, 0x60, 0x1c,

    /* U+01FF "ǿ" */
    0x0, 0xf8, 0x7b, 0xe4, 0x3, 0xfb, 0x3e, 0x40,
    0x3f, 0xa7, 0xe0, 0x3, 0xf8, 0xa5, 0xc0, 0x3f,
    0xf8, 0x78, 0xe0, 0x19, 0x2b, 0xbf, 0x6a, 0x9a,
    0x1, 0xa7, 0xff, 0xec, 0x0, 0xa3, 0xfd, 0x8a,
    0x8b, 0xff, 0x38, 0x17, 0xfa, 0x80, 0x24, 0xec,
    0xff, 0xc, 0x7f, 0x84, 0x2, 0xd5, 0x2f, 0xf3,
    0xdf, 0xe8, 0x5, 0x16, 0x0, 0xdf, 0xac, 0xfb,
    0x0, 0x17, 0x90, 0x3, 0x3f, 0x2f, 0xf4, 0x1,
    0x90, 0x1, 0x6f, 0xd4, 0x7f, 0x85, 0xb4, 0x2,
    0x2f, 0xf3, 0x97, 0xfb, 0x3d, 0x0, 0x2b, 0xff,
    0x8, 0x47, 0xfc, 0xc8, 0xdb, 0xfe, 0x70, 0xb,
    0x7f, 0xfe, 0x80, 0xd, 0xb5, 0x4e, 0xfe, 0xa3,
    0x0, 0xd1, 0x80, 0x1f, 0xe0,

    /* U+0218 "Ș" */
    0x0, 0xc9, 0x5d, 0xfd, 0x48, 0x1, 0xe9, 0xff,
    0xfa, 0x0, 0x33, 0x7f, 0xb9, 0xd6, 0x3b, 0xfc,
    0xc0, 0x16, 0x7f, 0x84, 0x2, 0x1d, 0xd2, 0x0,
    0x5d, 0xf6, 0x1, 0xc2, 0x1, 0xdb, 0xfc, 0x1,
    0xff, 0x3f, 0xfb, 0x8, 0x3, 0xfd, 0x7f, 0xf5,
    0xa8, 0x7, 0xf3, 0xf7, 0xfd, 0xce, 0x1, 0xfc,
    0xd9, 0xff, 0x69, 0x0, 0x7f, 0x1d, 0xff, 0xb8,
    0x40, 0x3f, 0xd1, 0xfe, 0x70, 0x48, 0x60, 0xf,
    0xbf, 0xd2, 0x1d, 0xfc, 0x1, 0xf7, 0xfa, 0x42,
    0x3f, 0xd4, 0x1, 0xd3, 0xfe, 0x50, 0x1e, 0xff,
    0x74, 0x33, 0xe7, 0xfb, 0x40, 0x22, 0xdf, 0xff,
    0xb4, 0x40, 0x39, 0xaf, 0xbf, 0xb1, 0x80, 0x3f,
    0xf9, 0x45, 0xdc, 0x40, 0xf, 0xf5, 0x7c, 0x80,
    0x7f, 0x8b, 0xf0, 0x3, 0xfe, 0xae, 0x10, 0xf,
    0x80,

    /* U+0219 "ș" */
    0x0, 0x9f, 0x3b, 0xf1, 0xc0, 0x3b, 0x7f, 0xfd,
    0x80, 0x13, 0xff, 0x94, 0x0, 0xbd, 0xe8, 0x0,
    0x9f, 0xc0, 0xc, 0x46, 0x1, 0x3f, 0xfa, 0x48,
    0x3, 0xf6, 0x7f, 0xdd, 0x48, 0x1, 0xe7, 0xdf,
    0xfd, 0xa2, 0x1, 0xe2, 0x7d, 0xff, 0x58, 0x7,
    0xf5, 0x7f, 0x80, 0xb, 0xa4, 0x1, 0xa3, 0xfc,
    0x3, 0xfe, 0xe7, 0x22, 0x37, 0xfa, 0xc0, 0x7,
    0xdf, 0xfe, 0xe2, 0x0, 0x86, 0x37, 0xfd, 0xb0,
    0x20, 0x1f, 0xfc, 0x66, 0xdc, 0x10, 0xf, 0xdd,
    0xe8, 0x1, 0xf9, 0xfd, 0xc0, 0x3f, 0xf, 0xd0,
    0x7, 0xc0,

    /* U+021A "Ț" */
    0xaf, 0xff, 0xfe, 0xf, 0x57, 0xff, 0xff, 0x7,
    0x8d, 0x57, 0xb3, 0xfc, 0xab, 0xe0, 0xf, 0x5f,
    0xf8, 0x3, 0xff, 0x81, 0x7f, 0xe0, 0xf, 0xfe,
    0x5, 0xff, 0x80, 0x3f, 0xf8, 0x17, 0xfe, 0x0,
    0xff, 0xe0, 0x5f, 0xf8, 0x3, 0xff, 0x81, 0x7f,
    0xe0, 0xf, 0xfe, 0x5, 0xff, 0x80, 0x3f, 0xf8,
    0x17, 0xfe, 0x0, 0xff, 0xe0, 0x5f, 0xf8, 0x3,
    0xff, 0x81, 0x7f, 0xe0, 0xf, 0xfe, 0x5, 0xff,
    0x80, 0x3f, 0xf8, 0x17, 0xfe, 0x0, 0xff, 0xe0,
    0x5f, 0xf8, 0x3, 0xff, 0x81, 0x7f, 0xe0, 0xf,
    0xfe, 0x5, 0xff, 0x80, 0x3f, 0xf9, 0xf3, 0x4e,
    0x1, 0xff, 0x2f, 0xe8, 0x80, 0x7f, 0xdb, 0xc4,
    0x1, 0xff, 0x37, 0xa0, 0x7, 0xe0,

    /* U+021B "ț" */
    0x0, 0xc6, 0x60, 0xf, 0x57, 0xb0, 0x7, 0x1f,
    0xf9, 0x80, 0x38, 0xff, 0xcc, 0x1, 0xc7, 0xfe,
    0x60, 0xa, 0xff, 0xfe, 0x4b, 0xff, 0xf9, 0x0,
    0x7, 0xfe, 0x60, 0xe, 0x3f, 0xf3, 0x0, 0x71,
    0xff, 0x98, 0x3, 0x8f, 0xfc, 0xc0, 0x1c, 0x7f,
    0xe6, 0x0, 0xe3, 0xff, 0x30, 0x7, 0x1f, 0xf9,
    0x80, 0x38, 0xbf, 0xce, 0x1, 0xef, 0xf6, 0x91,
    0x4, 0x2, 0xaf, 0xfc, 0x80, 0x1a, 0x7b, 0xf4,
    0xc0, 0x3f, 0xf8, 0x7, 0xba, 0x30, 0xe, 0xbf,
    0x80, 0xe, 0x4f, 0xb0, 0xf, 0x66, 0x88, 0x6,

    /* U+0232 "Ȳ" */
    0x0, 0xd3, 0xff, 0xe7, 0x0, 0xfc, 0xb1, 0x1e,
    0x40, 0xf, 0xfe, 0xc3, 0xff, 0xa0, 0x3, 0xf5,
    0x7f, 0x90, 0x37, 0xfc, 0x20, 0x1e, 0x3f, 0xf5,
    0x80, 0x17, 0xfd, 0x40, 0x1e, 0xcf, 0xf1, 0x0,
    0x57, 0xfe, 0x20, 0xc, 0xbf, 0xe9, 0x0, 0xc5,
    0xfe, 0xb0, 0xd, 0xdf, 0xc2, 0x1, 0xd3, 0xfe,
    0x40, 0x3, 0xff, 0x9c, 0x3, 0xc3, 0xdf, 0xa0,
    0x3f, 0xed, 0x0, 0xfc, 0xdf, 0xe6, 0xaf, 0xf2,
    0x0, 0x7f, 0x6f, 0xf7, 0xfa, 0xc0, 0x3f, 0xc9,
    0xff, 0x88, 0x3, 0xfe, 0xaf, 0xf4, 0x80, 0x7f,
    0xf0, 0x1b, 0xfc, 0x80, 0x1f, 0xfc, 0x6, 0xff,
    0x20, 0x7, 0xff, 0x1, 0xbf, 0xc8, 0x1, 0xff,
    0xc0, 0x6f, 0xf2, 0x0, 0x7f, 0xf0, 0x1b, 0xfc,
    0x80, 0x1f, 0xfc, 0x6, 0xff, 0x20, 0x7, 0xff,
    0x1, 0xbf, 0xc8, 0x1, 0xe0,

    /* U+0233 "ȳ" */
    0x0, 0xaf, 0xff, 0xcc, 0x1, 0xe5, 0x88, 0xf1,
    0x80, 0x7f, 0xf4, 0xd3, 0xfd, 0x0, 0x1e, 0xdf,
    0xe0, 0x6, 0xfe, 0x80, 0x71, 0xff, 0x9c, 0x0,
    0xff, 0xe3, 0x0, 0xd3, 0xfe, 0x10, 0x0, 0xff,
    0xa4, 0x3, 0x77, 0xd0, 0x6, 0xaf, 0xf0, 0x4,
    0xbf, 0xe4, 0x0, 0xc7, 0xfe, 0x50, 0x5, 0xfe,
    0x80, 0x7b, 0x3e, 0xc0, 0x7f, 0xce, 0x1, 0xe6,
    0xff, 0xb, 0xff, 0x84, 0x3, 0xef, 0xf3, 0xef,
    0xd0, 0x7, 0xe9, 0xfe, 0xff, 0x18, 0x7, 0xe2,
    0xff, 0xb4, 0x3, 0xfd, 0x9f, 0xe6, 0x0, 0xff,
    0x67, 0xf8, 0x3, 0xfc, 0x5f, 0xe9, 0x0, 0xff,
    0x4f, 0xf8, 0x80, 0x3f, 0xdf, 0xec, 0x0, 0xff,
    0x37, 0xf9, 0x40, 0x3f, 0xdb, 0xfc, 0x1, 0xf8,

    /* U+0237 "ȷ" */
    0x0, 0x27, 0xf9, 0x0, 0x9, 0xfe, 0x40, 0x2,
    0x7f, 0x90, 0x0, 0x9f, 0xe4, 0x0, 0x27, 0xf9,
    0x0, 0x9, 0xfe, 0x40, 0x2, 0x7f, 0x90, 0x0,
    0x9f, 0xe4, 0x0, 0x27, 0xf9, 0x0, 0x9, 0xfe,
    0x40, 0x2, 0x7f, 0x90, 0x0, 0x9f, 0xe4, 0x0,
    0x27, 0xf9, 0x0, 0x9, 0xfe, 0x40, 0x2, 0x7f,
    0x91, 0x5b, 0x3f, 0xc7, 0x5f, 0xf7, 0x3, 0xf7,
    0xe1, 0x80,

    /* U+0259 "ə" */
    0x0, 0x1d, 0x6f, 0xf6, 0x30, 0x6, 0xaf, 0xff,
    0xb4, 0x40, 0xbb, 0xf1, 0x91, 0xb3, 0xfd, 0x80,
    0x3, 0x70, 0xe, 0x9f, 0xf2, 0x0, 0x7f, 0x7f,
    0xa4, 0x3, 0xfb, 0x3f, 0x31, 0xff, 0xfe, 0xdc,
    0xff, 0x6e, 0xfb, 0xfd, 0x95, 0xf6, 0x1, 0xec,
    0xf9, 0x5f, 0xf1, 0x0, 0x64, 0xff, 0x18, 0x6f,
    0xf3, 0x19, 0x3f, 0xfa, 0xc0, 0x5, 0xdf, 0xfe,
    0xd1, 0x0, 0x86, 0x37, 0xfd, 0x8e, 0x1, 0x0,

    /* U+0272 "ɲ" */
    0x0, 0x17, 0xf9, 0x92, 0xfb, 0xf6, 0x0, 0x31,
    0x7f, 0xb3, 0xff, 0xd8, 0x1, 0x17, 0xfd, 0x42,
    0x5, 0x9f, 0xe6, 0x0, 0x17, 0xfc, 0x1, 0x87,
    0xfd, 0x60, 0x2, 0xff, 0x48, 0x7, 0x6f, 0xe0,
    0x0, 0xbf, 0xce, 0x1, 0xd9, 0xf8, 0x0, 0x2f,
    0xf3, 0x0, 0x76, 0x7e, 0x0, 0xb, 0xfc, 0xc0,
    0x1d, 0x9f, 0x80, 0x2, 0xff, 0x30, 0x7, 0x67,
    0xe0, 0x0, 0xbf, 0xcc, 0x1, 0xd9, 0xf8, 0x0,
    0x2f, 0xf3, 0x0, 0x76, 0x7e, 0x0, 0xb, 0xfc,
    0xc0, 0x1d, 0x9f, 0x80, 0x2, 0xff, 0x30, 0x7,
    0x67, 0xe0, 0x0, 0xbf, 0xcc, 0x1, 0xfe, 0x2f,
    0xf3, 0x0, 0x7e, 0x13, 0x8f, 0xf2, 0x80, 0x7e,
    0x4f, 0xfc, 0x20, 0x1f, 0x8f, 0x7f, 0x54, 0x3,
    0xf8,

    /* U+02C6 "ˆ" */
    0x0, 0xc2, 0x1, 0xf4, 0xe8, 0x7, 0xa3, 0xfd,
    0x80, 0x19, 0xfe, 0x53, 0xec, 0x0, 0xbf, 0x40,
    0x5, 0xfa, 0x0,

    /* U+02C7 "ˇ" */
    0x5f, 0xa0, 0x2, 0xfd, 0x0, 0x1b, 0xe5, 0x7e,
    0x80, 0x33, 0x7f, 0xac, 0x3, 0xcf, 0x60, 0x1f,
    0xfc, 0x10,

    /* U+02D8 "˘" */
    0x67, 0x0, 0xcb, 0x1, 0x5e, 0x80, 0x17, 0x78,
    0x27, 0xfa, 0xa7, 0x7e, 0x40, 0xb, 0x9f, 0xed,
    0x70, 0x0,

    /* U+02D9 "˙" */
    0x11, 0x83, 0x7f, 0xc3, 0xbf, 0xe1, 0xdf, 0xf0,
    0x80,

    /* U+02DA "˚" */
    0x0, 0xfa, 0xbf, 0xd0, 0x11, 0xec, 0xfe, 0xd9,
    0x40, 0xb, 0xaa, 0x71, 0xa7, 0xc0, 0xe7, 0xfa,
    0xc0, 0x23, 0x30, 0x0,

    /* U+02DB "˛" */
    0x0, 0x11, 0x80, 0x51, 0xea, 0x0, 0x5f, 0x30,
    0xb, 0x30, 0x1, 0xaf, 0x8d, 0x70, 0x53, 0xfe,
    0xc1, 0x1, 0x42, 0x0, 0x0,

    /* U+02DC "˜" */
    0x3, 0x87, 0x0, 0xa1, 0x8f, 0xfe, 0xb0, 0x1f,
    0x89, 0xe1, 0x6f, 0xdc, 0xf3, 0xcb, 0x0, 0x37,
    0x71, 0xc0,

    /* U+02DD "˝" */
    0x0, 0x84, 0x40, 0x10, 0x88, 0x2, 0x6f, 0xd0,
    0x5, 0x7e, 0x88, 0x17, 0xf1, 0x2, 0xff, 0x10,
    0x3, 0x3d, 0x0, 0x7b, 0xcc, 0x0, 0xfe, 0xe0,
    0xb, 0xf4, 0x0, 0x80,

    /* U+02F5 "˵" */
    0x1, 0x10, 0x4, 0x22, 0x0, 0xc5, 0xdf, 0x0,
    0x9, 0xfe, 0x10, 0x8, 0xff, 0xc6, 0x0, 0xaf,
    0xa0, 0xc, 0x9f, 0xc0, 0x15, 0xfb, 0x0, 0x65,
    0xfa, 0x0, 0xb3, 0xc8,

    /* U+02F6 "˶" */
    0x0, 0xc2, 0x1, 0x84, 0x40, 0x11, 0x7f, 0x9c,
    0x1, 0x5f, 0xa2, 0x0, 0xdf, 0x80, 0x2, 0xff,
    0x10, 0x2, 0x7e, 0x40, 0x5, 0xfc, 0x40, 0x4,
    0xfb, 0x0, 0xb3, 0xcc, 0x2,

    /* U+0300 "̀" */
    0x48, 0x70, 0xd, 0x9f, 0x40, 0x1b, 0x3d, 0x80,
    0x36, 0x79, 0x80,

    /* U+0301 "́" */
    0x0, 0xb, 0xc2, 0x0, 0x33, 0xe8, 0x1, 0x3f,
    0x40, 0x6, 0xf9, 0x0, 0x80,

    /* U+0302 "̂" */
    0x0, 0xc2, 0x1, 0xf4, 0xe8, 0x7, 0xa3, 0xfd,
    0x80, 0x19, 0xfe, 0x53, 0xec, 0x0, 0xbf, 0x40,
    0x6, 0xfa, 0x0,

    /* U+0303 "̃" */
    0x3, 0x87, 0x0, 0xa1, 0x8f, 0xfe, 0xb0, 0x1f,
    0x89, 0xe1, 0x7f, 0xdc, 0xf3, 0xcb, 0x0, 0x37,
    0x71, 0xc0,

    /* U+0304 "̄" */
    0x68, 0x8f, 0x16, 0xff, 0xf9, 0x0,

    /* U+0306 "̆" */
    0x66, 0x0, 0x64, 0x80, 0xaf, 0x10, 0xa, 0xfc,
    0x13, 0xfa, 0x63, 0x3e, 0x40, 0xb, 0x9f, 0xed,
    0x80, 0x0,

    /* U+0307 "̇" */
    0x11, 0x83, 0x7f, 0xc3, 0xbf, 0xe1, 0xdf, 0xf0,
    0x80,

    /* U+0308 "̈" */
    0x11, 0x80, 0x2, 0x36, 0xff, 0x84, 0x3b, 0xfd,
    0xbf, 0xe1, 0xe, 0xff, 0x6f, 0xf8, 0x43, 0xbf,
    0xc0,

    /* U+0309 "̉" */
    0x10, 0xd, 0xbf, 0xae, 0x8, 0xf9, 0xee, 0x0,
    0x3f, 0x90, 0x9e, 0xd2, 0x5, 0x30, 0x0,

    /* U+030A "̊" */
    0x0, 0xfa, 0xbf, 0xd0, 0x11, 0xec, 0xfe, 0xd9,
    0x40, 0xb, 0xaa, 0x71, 0xa7, 0xc0, 0xe7, 0xfa,
    0xc0, 0x23, 0x30, 0x0,

    /* U+030B "̋" */
    0x0, 0x84, 0x40, 0x10, 0x88, 0x2, 0x6f, 0xd0,
    0x5, 0x7e, 0x88, 0x17, 0xf1, 0x2, 0xff, 0x10,
    0x3, 0x3d, 0x0, 0x7b, 0xcc, 0x0, 0xfe, 0xe0,
    0xb, 0xf4, 0x0, 0x80,

    /* U+030C "̌" */
    0x5f, 0xa0, 0x2, 0xfd, 0x0, 0x1b, 0xe5, 0x3e,
    0x80, 0x33, 0x7f, 0xac, 0x3, 0xcf, 0x60, 0x1f,
    0xfc, 0x10,

    /* U+030F "̏" */
    0x11, 0x80, 0x21, 0x0, 0xc9, 0xfe, 0x40, 0x3f,
    0xe1, 0x0, 0x9b, 0xf8, 0x41, 0xbe, 0xc0, 0x34,
    0x7d, 0x0, 0x27, 0xd8, 0x3, 0x4f, 0xb0, 0x3,
    0x3c, 0x80,

    /* U+0312 "̒" */
    0x0, 0x17, 0xc8, 0x3, 0x7c, 0x42, 0xbe, 0x41,
    0xff, 0xc2, 0x0,

    /* U+031B "̛" */
    0x0, 0x67, 0x80, 0x5b, 0xe0, 0x2, 0xfd, 0x9,
    0xff, 0x28, 0x66, 0xa8, 0x0,

    /* U+0323 "̣" */
    0xac, 0xc0, 0x6f, 0xf8, 0x77, 0xfc, 0x20,

    /* U+0326 "̦" */
    0x2, 0xff, 0x30, 0x4f, 0xd0, 0xf, 0xe8, 0x2,
    0x7c, 0x80, 0x0,

    /* U+0327 "̧" */
    0x0, 0x11, 0x80, 0x45, 0xc8, 0x1, 0x57, 0x71,
    0x80, 0x33, 0xf9, 0x11, 0x46, 0x3c, 0x9f, 0xfe,
    0x80, 0x0, 0x98, 0x80, 0x0,

    /* U+0328 "̨" */
    0x0, 0x11, 0x80, 0x51, 0xea, 0x0, 0x5f, 0x30,
    0xb, 0x30, 0x1, 0xaf, 0x8d, 0x70, 0x53, 0xfe,
    0xc1, 0x1, 0x42, 0x0, 0x0,

    /* U+0335 "̵" */
    0x9b, 0xbf, 0x56, 0xff, 0xfc,

    /* U+0336 "̶" */
    0x68, 0x8f, 0xfe, 0x20, 0x6f, 0xff, 0xff, 0x10,
    0x0,

    /* U+0337 "̷" */
    0x0, 0xff, 0xe0, 0x39, 0x80, 0x43, 0x7e, 0x60,
    0x3, 0xef, 0xe1, 0x6, 0xff, 0x58, 0x84, 0xff,
    0xa0, 0x2, 0xde, 0x40, 0xd, 0x44, 0x1, 0xff,
    0xc0,

    /* U+0338 "̸" */
    0x0, 0xfe, 0xc7, 0x0, 0xfc, 0xf8, 0x1, 0xf8,
    0x7c, 0xc0, 0x3f, 0x5c, 0x80, 0x7e, 0x4e, 0x0,
    0xfe, 0xe5, 0x0, 0xfd, 0x16, 0x1, 0xf8, 0xbc,
    0x80, 0x3f, 0x63, 0x80, 0x7e, 0x6d, 0x0, 0xfc,
    0x3c, 0x60, 0x1f, 0xaa, 0x40, 0x3f, 0x27, 0x8,
    0x7, 0xed, 0x50, 0xf, 0xd1, 0x60, 0x1f, 0xc0,

    /* U+0374 "ʹ" */
    0x0, 0xf, 0xfb, 0x0, 0xd, 0xfe, 0x40, 0x5,
    0x7e, 0x80, 0x5d, 0xec, 0x0, 0x3f, 0xe0, 0xa,
    0x3e, 0x0, 0x2c, 0xf1, 0x0, 0x9d, 0x40, 0x20,

    /* U+0375 "͵" */
    0x0, 0xce, 0xc0, 0x11, 0xfc, 0x80, 0x57, 0xea,
    0x0, 0x2f, 0xf0, 0x80, 0x27, 0xf0, 0x0, 0x3f,
    0xe7, 0x0, 0x3f, 0xf8, 0xc0, 0x1d, 0xfc, 0x0,

    /* U+037E ";" */
    0x0, 0x19, 0xc0, 0x17, 0x7f, 0x80, 0x2e, 0xff,
    0x0, 0x5d, 0xfe, 0x0, 0xff, 0xea, 0x9a, 0xa8,
    0x2, 0xdf, 0xd0, 0x1, 0x7f, 0x98, 0x0, 0xff,
    0xc0, 0x15, 0xfc, 0x0, 0x7, 0xfc, 0x20, 0x5,
    0xf9, 0x0, 0xab, 0xc8, 0x2,

    /* U+0384 "΄" */
    0x4, 0xba, 0x0, 0x5f, 0xb8, 0x17, 0xf0, 0x2,
    0x7d, 0x40, 0x0,

    /* U+0385 "΅" */
    0x0, 0xff, 0xe1, 0xf6, 0x80, 0x7c, 0x5f, 0x60,
    0x10, 0x90, 0x83, 0x7b, 0x11, 0x7, 0x7f, 0x42,
    0x7c, 0x7b, 0xef, 0x7f, 0x43, 0x2c, 0x3b, 0xef,
    0x7f, 0x41, 0xd0, 0x3b, 0xec,

    /* U+0387 "·" */
    0x1, 0x1f, 0x27, 0xff, 0x5a, 0x7f, 0xf5, 0xa7,
    0xff, 0x5a, 0x7f, 0xf5, 0xa7, 0xff, 0x5a, 0x7f,
    0xf5, 0x80,

    /* U+0394 "Δ" */
    0x0, 0xfb, 0x7e, 0x40, 0x3f, 0xf8, 0x27, 0xff,
    0x0, 0x7f, 0xf0, 0x67, 0xfe, 0x50, 0xf, 0xfe,
    0x7, 0x7f, 0xd6, 0x1, 0xff, 0x2f, 0xfa, 0xff,
    0xc2, 0x1, 0xfe, 0xbf, 0xe1, 0xff, 0x38, 0x7,
    0xf0, 0xff, 0xa4, 0x33, 0xf4, 0x3, 0xf9, 0xbf,
    0xc6, 0xd, 0xfe, 0x30, 0xf, 0xd9, 0xfa, 0x0,
    0x1f, 0xf4, 0x80, 0x7c, 0x5f, 0xe8, 0x0, 0xaf,
    0xf8, 0x3, 0xe8, 0xff, 0x18, 0x4, 0xdf, 0xe4,
    0x0, 0xf7, 0x7e, 0x80, 0x61, 0xff, 0x50, 0x7,
    0x27, 0xfa, 0x0, 0x3a, 0xff, 0xc2, 0x1, 0xab,
    0xfc, 0x40, 0x1c, 0xbf, 0xe6, 0x0, 0xdf, 0xed,
    0x0, 0xfb, 0xfd, 0x80, 0x13, 0x7f, 0x9c, 0x3,
    0xeb, 0xff, 0x10, 0x3, 0x3f, 0xd2, 0xef, 0xf5,
    0xff, 0xa0, 0x7, 0xff, 0xff, 0x85, 0xc0, 0xff,
    0xff, 0xfc, 0x34,

    /* U+03A9 "Ω" */
    0x0, 0xe2, 0x8c, 0xef, 0xeb, 0x71, 0x0, 0xfe,
    0x8f, 0xff, 0xdc, 0xc0, 0x1f, 0x5f, 0xfd, 0xb5,
    0x37, 0xdf, 0xf4, 0x0, 0x74, 0x7f, 0xb9, 0x0,
    0x39, 0xbf, 0xe6, 0x0, 0x8b, 0xfd, 0xc4, 0x1,
    0xf2, 0x7f, 0xb8, 0x40, 0x13, 0xfe, 0x60, 0xf,
    0xe9, 0xff, 0x38, 0x3, 0x7f, 0xc0, 0x1f, 0xe3,
    0xff, 0x58, 0x3, 0xfd, 0x80, 0x1f, 0xf7, 0xfb,
    0x80, 0x7f, 0xd4, 0x1, 0xff, 0x6f, 0xf8, 0x1,
    0xfe, 0xa0, 0xf, 0xfb, 0x7f, 0xc0, 0xe, 0xfb,
    0x0, 0xff, 0xbb, 0xf4, 0x1, 0x7f, 0xc0, 0x1f,
    0xe1, 0xff, 0x40, 0x1, 0x7f, 0xc8, 0x1, 0xfc,
    0xff, 0xe2, 0x0, 0xb3, 0xf0, 0x3, 0xfb, 0xbe,
    0x80, 0x31, 0x77, 0xc0, 0x7, 0xd5, 0xfa, 0x1,
    0xe2, 0xef, 0x80, 0xe, 0xaf, 0xc1, 0x0, 0xcf,
    0x10, 0x9f, 0xf6, 0x80, 0x7, 0x7f, 0xa2, 0x25,
    0x0, 0x6f, 0xff, 0x84, 0xf, 0xff, 0xd6, 0x0,
    0xdf, 0xff, 0x8, 0x1f, 0xff, 0xac, 0x0,

    /* U+03BC "μ" */
    0x6f, 0xf1, 0x0, 0x77, 0xfa, 0x5b, 0xfc, 0x40,
    0x1d, 0xfe, 0x96, 0xff, 0x10, 0x7, 0x7f, 0xa5,
    0xbf, 0xc4, 0x1, 0xdf, 0xe9, 0x6f, 0xf1, 0x0,
    0x77, 0xfa, 0x5b, 0xfc, 0x40, 0x1d, 0xfe, 0x96,
    0xff, 0x10, 0x7, 0x7f, 0xa5, 0xbf, 0xc4, 0x1,
    0x87, 0xfd, 0x2d, 0xfe, 0x50, 0xc, 0xbf, 0xe9,
    0x6f, 0xf4, 0x80, 0x6c, 0xff, 0x4b, 0x7f, 0xd2,
    0xaa, 0xbf, 0xfa, 0x5b, 0xff, 0xe9, 0xff, 0x4b,
    0x7f, 0xa3, 0x7f, 0x18, 0x3f, 0xd2, 0xdf, 0xe2,
    0x0, 0xfc, 0xdf, 0xe2, 0x0, 0xfc, 0xdf, 0xe2,
    0x0, 0xfc, 0xdf, 0xe2, 0x0, 0xfc,

    /* U+03C0 "π" */
    0xdf, 0xff, 0xfe, 0x0, 0xef, 0xff, 0xff, 0x0,
    0x49, 0x7f, 0xcc, 0x45, 0x47, 0xf8, 0xc8, 0x0,
    0x7f, 0xe5, 0x0, 0x9f, 0xfc, 0x20, 0x11, 0xff,
    0x94, 0x2, 0x7f, 0xf0, 0x80, 0x47, 0xfe, 0x50,
    0x9, 0xff, 0xc2, 0x1, 0x1f, 0xf9, 0x40, 0x27,
    0xff, 0x8, 0x4, 0x7f, 0xe5, 0x0, 0x9f, 0xfc,
    0x20, 0x11, 0xff, 0x94, 0x2, 0x7f, 0xf0, 0x80,
    0x47, 0xfe, 0x50, 0x9, 0xff, 0xc4, 0x1, 0x1f,
    0xf9, 0x40, 0x25, 0xff, 0x63, 0x10, 0x1f, 0xf9,
    0x40, 0x21, 0xef, 0xf9, 0xc0, 0xff, 0xca, 0x1,
    0x8f, 0x3f, 0xd0,

    /* U+1E20 "Ḡ" */
    0x0, 0xee, 0xff, 0xf1, 0x80, 0x7f, 0x3c, 0x47,
    0x84, 0x3, 0xff, 0xbc, 0x2f, 0x7d, 0xfe, 0xd9,
    0x30, 0xf, 0x93, 0xbf, 0xff, 0x50, 0x80, 0x66,
    0xff, 0xba, 0xa2, 0x73, 0xfe, 0xd1, 0x0, 0x1f,
    0xfc, 0xc0, 0x1c, 0x59, 0xfe, 0xb0, 0x6, 0xff,
    0x90, 0x3, 0xf6, 0x7f, 0x8c, 0xdf, 0xe9, 0x0,
    0xfe, 0x27, 0x20, 0x8f, 0xf1, 0x80, 0x7f, 0xf0,
    0x6f, 0xfc, 0x1, 0xff, 0xc2, 0xcf, 0xe0, 0xf,
    0x3f, 0xff, 0x9b, 0x3f, 0x80, 0x3c, 0xff, 0xfe,
    0x6b, 0xff, 0x0, 0x78, 0x95, 0x77, 0xf9, 0xa3,
    0xfc, 0x60, 0x1f, 0xc3, 0xfe, 0x63, 0xff, 0x50,
    0x7, 0xf3, 0x7f, 0x98, 0x37, 0xfc, 0x80, 0x1f,
    0xf, 0x7f, 0x98, 0xf, 0xfe, 0x60, 0xe, 0x2d,
    0xff, 0x98, 0x0, 0xdf, 0xf7, 0x54, 0x56, 0x7f,
    0xb7, 0xfc, 0xc0, 0x12, 0xff, 0xfe, 0xc2, 0xff,
    0x30, 0x6, 0x17, 0xce, 0xfe, 0xb6, 0x0, 0x7f,
    0x98,

    /* U+1E21 "ḡ" */
    0x0, 0xb3, 0xff, 0xc8, 0x1, 0xe6, 0x88, 0xf1,
    0x0, 0x7f, 0xf4, 0x24, 0x80, 0x30, 0xce, 0xff,
    0x52, 0x67, 0xe8, 0x4, 0x7d, 0xff, 0xf9, 0x40,
    0x2d, 0xfe, 0x51, 0x3c, 0xff, 0x30, 0x4, 0x9f,
    0xe5, 0x0, 0x87, 0xfd, 0x0, 0x12, 0xff, 0x88,
    0x3, 0x6f, 0xd0, 0x4, 0x9f, 0xe5, 0x0, 0x87,
    0xfd, 0x20, 0x1b, 0xbf, 0x90, 0xa, 0xff, 0xc8,
    0x1, 0xa3, 0xff, 0xe9, 0x0, 0xc7, 0xfe, 0xdd,
    0x7f, 0x5a, 0x80, 0x75, 0x7d, 0x0, 0x7f, 0xd3,
    0xfe, 0x83, 0x10, 0xf, 0xc3, 0xbf, 0xfb, 0xb2,
    0x50, 0x3, 0x97, 0xfd, 0xdf, 0xfd, 0x80, 0x15,
    0x7e, 0x88, 0x0, 0xda, 0xff, 0xce, 0x0, 0xff,
    0x30, 0x7, 0xbf, 0xd2, 0x0, 0xcf, 0xd4, 0x0,
    0xcd, 0xfe, 0x60, 0x1, 0x77, 0xfd, 0xdc, 0xff,
    0xb0, 0x3, 0x9a, 0xfb, 0xfd, 0xd6, 0xc0, 0x10,

    /* U+1E44 "Ṅ" */
    0x0, 0xf8, 0x44, 0x1, 0xff, 0xc0, 0xbf, 0xf1,
    0x80, 0x7f, 0xd7, 0xfe, 0x30, 0xf, 0xfa, 0xff,
    0xc6, 0x1, 0xff, 0xd8, 0xff, 0x70, 0x80, 0x7d,
    0xdf, 0x61, 0xff, 0x50, 0x7, 0xdd, 0xf6, 0x1f,
    0xf8, 0xc0, 0x3d, 0xdf, 0x61, 0xff, 0xb4, 0x3,
    0xdd, 0xf6, 0x1f, 0xee, 0xff, 0x38, 0x7, 0x77,
    0xd8, 0x7f, 0xa6, 0xff, 0xc4, 0x1, 0xbb, 0xec,
    0x3f, 0xd2, 0x5f, 0xeb, 0x0, 0xdd, 0xf6, 0x1f,
    0xe9, 0x7, 0xff, 0x28, 0x5, 0xdf, 0x61, 0xfe,
    0x90, 0x6, 0xff, 0x0, 0x5d, 0xf6, 0x1f, 0xe9,
    0x0, 0x27, 0xfa, 0x40, 0x1d, 0xf6, 0x1f, 0xe9,
    0x0, 0xab, 0xfc, 0x61, 0xdf, 0x61, 0xfe, 0x90,
    0x8, 0x7f, 0xd8, 0x1d, 0xf6, 0x1f, 0xe9, 0x0,
    0xcd, 0xfe, 0x6e, 0xfb, 0xf, 0xf4, 0x80, 0x76,
    0x7f, 0x7f, 0xac, 0x3f, 0xd2, 0x1, 0xc7, 0xff,
    0xac, 0x3f, 0xd2, 0x1, 0xe9, 0xff, 0xac, 0x3f,
    0xd2, 0x1, 0xe1, 0xef, 0xf5, 0x87, 0xfa, 0x40,
    0x3e, 0x6f, 0xf5, 0x80,

    /* U+1E45 "ṅ" */
    0x0, 0xcd, 0xfe, 0x70, 0xf, 0xcd, 0xfe, 0x70,
    0xf, 0xcd, 0xfe, 0x70, 0xf, 0xe1, 0x10, 0x7,
    0xff, 0x14, 0xff, 0xca, 0x77, 0xdf, 0xae, 0x0,
    0x3f, 0xf5, 0x7f, 0xfa, 0xc0, 0xff, 0xeb, 0x20,
    0x2c, 0xff, 0x29, 0xff, 0xb8, 0x3, 0x17, 0xfa,
    0x4f, 0xfd, 0x20, 0x1d, 0xdf, 0x67, 0xfe, 0x60,
    0xe, 0xdf, 0xb3, 0xff, 0x28, 0x7, 0x6f, 0xd9,
    0xff, 0x94, 0x3, 0xb7, 0xec, 0xff, 0xca, 0x1,
    0xdb, 0xf6, 0x7f, 0xe5, 0x0, 0xed, 0xfb, 0x3f,
    0xf2, 0x80, 0x76, 0xfd, 0x9f, 0xf9, 0x40, 0x3b,
    0x7e, 0xcf, 0xfc, 0xa0, 0x1d, 0xbf, 0x60,

    /* U+1E80 "Ẁ" */
    0x0, 0xfc, 0x8a, 0xa0, 0xf, 0xfe, 0x51, 0x77,
    0xb0, 0x7, 0xff, 0x28, 0xff, 0xc4, 0x1, 0xff,
    0xca, 0x4f, 0xd0, 0xf, 0xfe, 0x59, 0xa9, 0x0,
    0x7f, 0xf6, 0x17, 0xfc, 0xc0, 0x1f, 0xfc, 0x55,
    0xff, 0x30, 0x7f, 0xac, 0x3, 0xee, 0xff, 0x0,
    0x7d, 0x5f, 0xe1, 0xb, 0xff, 0x0, 0x78, 0xff,
    0xe4, 0x0, 0xf7, 0x7e, 0x80, 0x1f, 0xfc, 0x80,
    0x1d, 0x1f, 0xf4, 0x80, 0x71, 0xff, 0xa0, 0x0,
    0x5f, 0xe9, 0x0, 0xed, 0xff, 0xb8, 0x3, 0xa3,
    0xfc, 0x60, 0x16, 0xfe, 0x80, 0x61, 0xff, 0x4f,
    0xf8, 0xc0, 0x36, 0x7f, 0x0, 0x68, 0xff, 0x10,
    0x4, 0xdf, 0xe1, 0xef, 0x80, 0x8, 0x7f, 0xd4,
    0x1, 0x93, 0xfc, 0xe0, 0x15, 0xfd, 0x85, 0x7e,
    0x0, 0x4b, 0xfe, 0x50, 0xe, 0xff, 0x58, 0x5,
    0xfe, 0x60, 0x5f, 0xf0, 0x80, 0x2b, 0xfc, 0x1,
    0xea, 0xff, 0x0, 0x17, 0xfc, 0x20, 0xf, 0xf3,
    0x0, 0x3b, 0xec, 0x3, 0xcb, 0xfe, 0x50, 0x9f,
    0xc0, 0xa, 0xfe, 0xc0, 0xff, 0xce, 0x1, 0xe1,
    0xff, 0x48, 0x77, 0xb8, 0x4, 0xdf, 0xe0, 0x8f,
    0xf1, 0x0, 0x7d, 0x9f, 0xc7, 0xfe, 0x20, 0x8,
    0x7f, 0xc9, 0x9f, 0xa0, 0x1f, 0x9f, 0xfd, 0x7f,
    0xa0, 0x1d, 0x9f, 0x7f, 0xe8, 0x0, 0xfc, 0x5f,
    0xfa, 0x0, 0x39, 0xff, 0xf2, 0x0, 0x7f, 0x6f,
    0xfc, 0x60, 0x1c, 0x5f, 0xf8, 0x3, 0xfd, 0x3f,
    0xee, 0x0, 0xfb, 0x7f, 0xd4, 0x1, 0xfe, 0x4f,
    0xf4, 0x80, 0x7d, 0x1f, 0xe5, 0x0, 0xe0,

    /* U+1E81 "ẁ" */
    0x0, 0xe4, 0xff, 0x28, 0x7, 0xff, 0x10, 0xff,
    0xc6, 0x1, 0xff, 0xc4, 0x3f, 0xd1, 0x0, 0xff,
    0xe2, 0x1b, 0x98, 0x7, 0xff, 0x3c, 0xff, 0xce,
    0x1, 0xa3, 0xfc, 0x1, 0xdf, 0xeb, 0xe, 0xfc,
    0x0, 0xdb, 0xfe, 0x50, 0x9, 0x3f, 0xcc, 0x13,
    0xfe, 0x0, 0x8b, 0xfe, 0xa0, 0xa, 0x3f, 0xc2,
    0x9, 0xfe, 0x40, 0x3, 0xff, 0xdc, 0x1, 0x6f,
    0xe0, 0x5, 0xfe, 0x90, 0x6, 0x7c, 0x7f, 0x90,
    0x7, 0xfd, 0x0, 0x15, 0xfe, 0x80, 0xff, 0x8a,
    0xbe, 0x41, 0x7f, 0xc6, 0x1, 0x37, 0xf8, 0x5b,
    0xf4, 0x17, 0xf8, 0x2b, 0xf8, 0x3, 0x17, 0xf9,
    0x6f, 0xe0, 0x7, 0xfc, 0x7d, 0xf2, 0x1, 0xdb,
    0xf7, 0xfe, 0x30, 0x5, 0xfd, 0xff, 0x90, 0x3,
    0xa3, 0xfe, 0xe0, 0x9, 0xbf, 0xf0, 0x7, 0x8f,
    0xfe, 0x90, 0x8, 0x7f, 0xeb, 0x0, 0xfb, 0xbf,
    0xc8, 0x1, 0xb3, 0xfc, 0xc0, 0x1f, 0x57, 0xf8,
    0x3, 0xa3, 0xfc, 0x20, 0x10,

    /* U+1E82 "Ẃ" */
    0x0, 0xff, 0xe1, 0x1a, 0xa8, 0x3, 0xff, 0x92,
    0x7f, 0xe5, 0x0, 0xff, 0xe4, 0xf, 0x7a, 0x80,
    0x7f, 0xf2, 0x6f, 0xd4, 0x3, 0xff, 0x92, 0x2a,
    0x60, 0x1f, 0xfd, 0x85, 0xff, 0x30, 0x7, 0xff,
    0x15, 0x7f, 0xcc, 0x1f, 0xeb, 0x0, 0xfb, 0xbf,
    0xc0, 0x1f, 0x57, 0xf8, 0x42, 0xff, 0xc0, 0x1e,
    0x3f, 0xf9, 0x0, 0x3d, 0xdf, 0xa0, 0x7, 0xff,
    0x20, 0x7, 0x47, 0xfd, 0x20, 0x1c, 0x7f, 0xe8,
    0x0, 0x17, 0xfa, 0x40, 0x3b, 0x7f, 0xee, 0x0,
    0xe8, 0xff, 0x18, 0x5, 0xbf, 0xa0, 0x18, 0x7f,
    0xd3, 0xfe, 0x30, 0xd, 0x9f, 0xc0, 0x1a, 0x3f,
    0xc4, 0x1, 0x37, 0xf8, 0x7b, 0xe0, 0x2, 0x1f,
    0xf5, 0x0, 0x64, 0xff, 0x38, 0x5, 0x7f, 0x61,
    0x5f, 0x80, 0x12, 0xff, 0x94, 0x3, 0xbf, 0xd6,
    0x1, 0x7f, 0x98, 0x17, 0xfc, 0x20, 0xa, 0xff,
    0x0, 0x7a, 0xbf, 0xc0, 0x5, 0xff, 0x8, 0x3,
    0xfc, 0xc0, 0xe, 0xfb, 0x0, 0xf2, 0xff, 0x94,
    0x27, 0xf0, 0x2, 0xbf, 0xb0, 0x3f, 0xf3, 0x80,
    0x78, 0x7f, 0xd2, 0x1d, 0xee, 0x1, 0x37, 0xf8,
    0x23, 0xfc, 0x40, 0x1f, 0x67, 0xf1, 0xff, 0x88,
    0x2, 0x1f, 0xf2, 0x67, 0xe8, 0x7, 0xe7, 0xff,
    0x5f, 0xe8, 0x7, 0x67, 0xdf, 0xfa, 0x0, 0x3f,
    0x17, 0xfe, 0x80, 0xe, 0x7f, 0xfc, 0x80, 0x1f,
    0xdb, 0xff, 0x18, 0x7, 0x17, 0xfe, 0x0, 0xff,
    0x4f, 0xfb, 0x80, 0x3e, 0xdf, 0xf5, 0x0, 0x7f,
    0x93, 0xfd, 0x20, 0x1f, 0x47, 0xf9, 0x40, 0x38,

    /* U+1E83 "ẃ" */
    0x0, 0xff, 0xb3, 0xf0, 0x40, 0x3f, 0xf8, 0x53,
    0xf6, 0x1, 0xff, 0xc3, 0x6f, 0xa0, 0xf, 0xfe,
    0x23, 0xb0, 0x7, 0xff, 0x3c, 0xff, 0xce, 0x1,
    0xa3, 0xfc, 0x1, 0xdf, 0xeb, 0xe, 0xfc, 0x0,
    0xdb, 0xfe, 0x50, 0x9, 0x3f, 0xcc, 0x13, 0xfe,
    0x0, 0x8b, 0xfe, 0xa0, 0xa, 0x3f, 0xc2, 0x9,
    0xfe, 0x40, 0x3, 0xff, 0xdc, 0x1, 0x6f, 0xe0,
    0x5, 0xfe, 0x90, 0x6, 0x7c, 0x7f, 0x90, 0x7,
    0xfd, 0x0, 0x15, 0xfe, 0x80, 0xff, 0x8a, 0xbe,
    0x41, 0x7f, 0xc6, 0x1, 0x37, 0xf8, 0x5b, 0xf4,
    0x17, 0xf8, 0x2b, 0xf8, 0x3, 0x17, 0xf9, 0x6f,
    0xe0, 0x7, 0xfc, 0x7d, 0xf2, 0x1, 0xdb, 0xf7,
    0xfe, 0x30, 0x5, 0xfd, 0xff, 0x90, 0x3, 0xa3,
    0xfe, 0xe0, 0x9, 0xbf, 0xf0, 0x7, 0x8f, 0xfe,
    0x90, 0x8, 0x7f, 0xeb, 0x0, 0xfb, 0xbf, 0xc8,
    0x1, 0xb3, 0xfc, 0xc0, 0x1f, 0x57, 0xf8, 0x3,
    0xa3, 0xfc, 0x20, 0x10,

    /* U+1E84 "Ẅ" */
    0x0, 0xfe, 0x11, 0x0, 0x42, 0x20, 0xf, 0xfe,
    0x2a, 0xff, 0xa0, 0x1b, 0xfc, 0xe0, 0x1f, 0xfc,
    0x45, 0xff, 0x40, 0x37, 0xf9, 0xc0, 0x3f, 0xf8,
    0x8b, 0xfe, 0x80, 0x6f, 0xf3, 0x80, 0x7f, 0xfb,
    0x97, 0xfc, 0xc0, 0x1f, 0xfc, 0x55, 0xff, 0x30,
    0x7f, 0xac, 0x3, 0xee, 0xff, 0x0, 0x7d, 0x5f,
    0xe1, 0xb, 0xff, 0x0, 0x78, 0xff, 0xe4, 0x0,
    0xf7, 0x7e, 0x80, 0x1f, 0xfc, 0x80, 0x1d, 0x1f,
    0xf4, 0x80, 0x71, 0xff, 0xa0, 0x0, 0x5f, 0xe9,
    0x0, 0xed, 0xff, 0xb8, 0x3, 0xa3, 0xfc, 0x60,
    0x16, 0xfe, 0x80, 0x61, 0xff, 0x4f, 0xf8, 0xc0,
    0x36, 0x7f, 0x0, 0x68, 0xff, 0x10, 0x4, 0xdf,
    0xe1, 0xef, 0x80, 0x8, 0x7f, 0xd4, 0x1, 0x93,
    0xfc, 0xe0, 0x15, 0xfd, 0x85, 0x7e, 0x0, 0x4b,
    0xfe, 0x50, 0xe, 0xff, 0x58, 0x5, 0xfe, 0x60,
    0x5f, 0xf0, 0x80, 0x2b, 0xfc, 0x1, 0xea, 0xff,
    0x0, 0x17, 0xfc, 0x20, 0xf, 0xf3, 0x0, 0x3b,
    0xec, 0x3, 0xcb, 0xfe, 0x50, 0x9f, 0xc0, 0xa,
    0xfe, 0xc0, 0xff, 0xce, 0x1, 0xe1, 0xff, 0x48,
    0x77, 0xb8, 0x4, 0xdf, 0xe0, 0x8f, 0xf1, 0x0,
    0x7d, 0x9f, 0xc7, 0xfe, 0x20, 0x8, 0x7f, 0xc9,
    0x9f, 0xa0, 0x1f, 0x9f, 0xfd, 0x7f, 0xa0, 0x1d,
    0x9f, 0x7f, 0xe8, 0x0, 0xfc, 0x5f, 0xfa, 0x0,
    0x39, 0xff, 0xf2, 0x0, 0x7f, 0x6f, 0xfc, 0x60,
    0x1c, 0x5f, 0xf8, 0x3, 0xfd, 0x3f, 0xee, 0x0,
    0xfb, 0x7f, 0xd4, 0x1, 0xfe, 0x4f, 0xf4, 0x80,
    0x7d, 0x1f, 0xe5, 0x0, 0xe0,

    /* U+1E85 "ẅ" */
    0x0, 0xe2, 0xff, 0x58, 0x1f, 0xfa, 0x80, 0x3f,
    0xc5, 0xfe, 0xb0, 0x3f, 0xf5, 0x0, 0x7f, 0x8b,
    0xfd, 0x60, 0x7f, 0xea, 0x0, 0xff, 0x84, 0x60,
    0x0, 0x88, 0x3, 0xff, 0x9a, 0x7f, 0xe7, 0x0,
    0xd1, 0xfe, 0x0, 0xef, 0xf5, 0x87, 0x7e, 0x0,
    0x6d, 0xff, 0x28, 0x4, 0x9f, 0xe6, 0x9, 0xff,
    0x0, 0x45, 0xff, 0x50, 0x5, 0x1f, 0xe1, 0x4,
    0xff, 0x20, 0x1, 0xff, 0xee, 0x0, 0xb7, 0xf0,
    0x2, 0xff, 0x48, 0x3, 0x3e, 0x3f, 0xc8, 0x3,
    0xfe, 0x80, 0xa, 0xff, 0x40, 0x7f, 0xc5, 0x5f,
    0x20, 0xbf, 0xe3, 0x0, 0x9b, 0xfc, 0x2d, 0xfa,
    0xb, 0xfc, 0x15, 0xfc, 0x1, 0x8b, 0xfc, 0xb7,
    0xf0, 0x3, 0xfe, 0x3e, 0xf9, 0x0, 0xed, 0xfb,
    0xff, 0x18, 0x2, 0xfe, 0xff, 0xc8, 0x1, 0xd1,
    0xff, 0x70, 0x4, 0xdf, 0xf8, 0x3, 0xc7, 0xff,
    0x48, 0x4, 0x3f, 0xf5, 0x80, 0x7d, 0xdf, 0xe4,
    0x0, 0xd9, 0xfe, 0x60, 0xf, 0xab, 0xfc, 0x1,
    0xd1, 0xfe, 0x10, 0x8,

    /* U+1E9E "ẞ" */
    0xf, 0xff, 0xfe, 0x21, 0x80, 0x3f, 0xff, 0xf8,
    0x86, 0x0, 0xff, 0x5a, 0xa9, 0xff, 0xe5, 0x5f,
    0x84, 0x1, 0xfe, 0x90, 0x3, 0xff, 0x88, 0x3,
    0xfd, 0xfe, 0x90, 0x4, 0x7f, 0x88, 0x3, 0xfd,
    0xfe, 0x90, 0x2, 0xff, 0xa4, 0x3, 0xfd, 0xfe,
    0x90, 0xb, 0xbf, 0xd6, 0x60, 0x1f, 0xbf, 0xd2,
    0x1, 0x1f, 0x7f, 0xd6, 0x80, 0x1e, 0xff, 0x48,
    0x6, 0x19, 0xff, 0xda, 0x80, 0x1b, 0xfd, 0x20,
    0x1e, 0x18, 0xef, 0xfa, 0x40, 0x2f, 0xf4, 0x80,
    0x7f, 0x37, 0x7f, 0x9c, 0x1, 0xfe, 0x90, 0xf,
    0xf1, 0x7f, 0xb8, 0x1, 0xfe, 0x90, 0x38, 0xb0,
    0xf, 0xab, 0xfc, 0x0, 0xff, 0x48, 0x47, 0xf9,
    0x0, 0x3d, 0x7f, 0xe0, 0x7, 0xfa, 0x40, 0xbf,
    0xdc, 0x40, 0x19, 0x3f, 0xd4, 0x0, 0xff, 0x48,
    0x2, 0x3f, 0xe9, 0x66, 0x57, 0xfc, 0x40, 0xf,
    0xf4, 0x80, 0x51, 0xff, 0xf7, 0x20, 0x5, 0xfe,
    0x90, 0xc, 0x73, 0xbf, 0xed, 0x81, 0x0, 0x80,

    /* U+1EA0 "Ạ" */
    0x0, 0xfb, 0x3e, 0x80, 0x3f, 0xf8, 0x25, 0xff,
    0x8, 0x7, 0xff, 0x2, 0x7f, 0xe7, 0x0, 0xff,
    0xe0, 0x77, 0xfd, 0xa0, 0x1f, 0xf2, 0xff, 0xa3,
    0xfc, 0x60, 0x1f, 0xec, 0xfd, 0xe, 0xf9, 0x0,
    0xfe, 0x2f, 0xf3, 0x84, 0xff, 0x80, 0x3f, 0xa3,
    0xfc, 0x20, 0x7f, 0xe6, 0x0, 0xfd, 0xdf, 0x60,
    0x16, 0xfe, 0x0, 0x7c, 0xbf, 0xe6, 0x0, 0x9f,
    0xfc, 0x40, 0x1e, 0xbf, 0xf0, 0x6, 0x2f, 0xf4,
    0x0, 0x70, 0xff, 0xb9, 0x57, 0xbf, 0xdc, 0x1,
    0xcf, 0xff, 0xff, 0x28, 0x6, 0xdf, 0xff, 0xfa,
    0xc0, 0x24, 0xff, 0x40, 0x7, 0xd5, 0xfe, 0x20,
    0x5, 0x7f, 0x8c, 0x3, 0xe5, 0xff, 0x40, 0xf,
    0xfb, 0x40, 0x3f, 0xbb, 0xf8, 0x1f, 0xfc, 0xe0,
    0x1f, 0xd3, 0xfe, 0x40, 0xf, 0xfe, 0xef, 0xfb,
    0x80, 0x3f, 0xf8, 0x5f, 0xee, 0x0, 0xff, 0xe1,
    0x66, 0x2c, 0x3, 0xe0,

    /* U+1EA1 "ạ" */
    0x0, 0x14, 0xef, 0xfb, 0x64, 0x80, 0x28, 0xff,
    0xfc, 0x60, 0x7f, 0xec, 0x53, 0x48, 0xff, 0x70,
    0x1, 0x18, 0x3, 0x9f, 0xfc, 0x80, 0x1f, 0x8b,
    0xfc, 0xe0, 0x7, 0xbd, 0xee, 0xbf, 0xe7, 0x1d,
    0xff, 0xfe, 0x78, 0xff, 0x40, 0x80, 0x43, 0xfe,
    0x7c, 0xfd, 0x0, 0xe4, 0xff, 0x3d, 0xfe, 0x80,
    0x76, 0x7f, 0x9d, 0xdf, 0xe7, 0x0, 0xd, 0x7f,
    0xce, 0x19, 0xff, 0x77, 0xf9, 0xff, 0xce, 0x0,
    0x7c, 0xff, 0x62, 0x87, 0x7b, 0x80, 0x7f, 0xf4,
    0x17, 0xfd, 0x20, 0x1f, 0x97, 0xfd, 0x20, 0x1f,
    0x8f, 0x30, 0xe0, 0x18,

    /* U+1EA2 "Ả" */
    0x0, 0xf8, 0x40, 0x3f, 0xf8, 0x65, 0xfe, 0xc4,
    0x0, 0xff, 0xe0, 0xac, 0x77, 0x90, 0x7, 0xff,
    0xa, 0x7c, 0xc0, 0x3f, 0xf8, 0x5, 0x9f, 0x0,
    0x1f, 0xfc, 0x23, 0x0, 0xff, 0xe1, 0xe7, 0xd0,
    0x7, 0xff, 0x4, 0xbf, 0xe1, 0x0, 0xff, 0xe0,
    0x4f, 0xfc, 0xe0, 0x1f, 0xfc, 0xe, 0xff, 0xb4,
    0x3, 0xfe, 0x5f, 0xf4, 0x7f, 0x8c, 0x3, 0xfd,
    0x9f, 0xa1, 0xdf, 0x20, 0x1f, 0xc5, 0xfe, 0x70,
    0x9f, 0xf0, 0x7, 0xf4, 0x7f, 0x84, 0xf, 0xfc,
    0xc0, 0x1f, 0xbb, 0xec, 0x2, 0xdf, 0xc0, 0xf,
    0x97, 0xfc, 0xc0, 0x13, 0xff, 0x88, 0x3, 0xd7,
    0xfe, 0x0, 0xc5, 0xfe, 0x80, 0xe, 0x1f, 0xf7,
    0x2a, 0xf7, 0xfb, 0x80, 0x39, 0xff, 0xff, 0xe5,
    0x0, 0xdb, 0xff, 0xff, 0x58, 0x4, 0x9f, 0xe8,
    0x0, 0xfa, 0xbf, 0xc4, 0x0, 0xaf, 0xf1, 0x80,
    0x7c, 0xbf, 0xe8, 0x1, 0xff, 0x68, 0x7, 0xf7,
    0x7f, 0x3, 0xff, 0x9c, 0x3, 0xfa, 0x7f, 0xc8,

    /* U+1EA3 "ả" */
    0x0, 0xcf, 0xfb, 0x0, 0x1f, 0x8e, 0x33, 0xec,
    0x3, 0xfd, 0xdc, 0x0, 0xfc, 0x95, 0xee, 0x1,
    0xf9, 0x18, 0x80, 0x3c, 0x53, 0xbf, 0xed, 0x92,
    0x0, 0xa3, 0xff, 0xf1, 0x81, 0xff, 0xb1, 0x4d,
    0x23, 0xfd, 0xc0, 0x4, 0x60, 0xe, 0x7f, 0xf2,
    0x0, 0x7e, 0x2f, 0xf3, 0x80, 0x1e, 0xf7, 0xba,
    0xff, 0x9c, 0x77, 0xff, 0xf9, 0xe3, 0xfd, 0x2,
    0x1, 0xf, 0xf9, 0xf3, 0xf4, 0x3, 0x93, 0xfc,
    0xf7, 0xfa, 0x1, 0xd9, 0xfe, 0x77, 0x7f, 0x9c,
    0x0, 0x35, 0xff, 0x38, 0x67, 0xfd, 0xdf, 0xe7,
    0xff, 0x38, 0x1, 0xf3, 0xfd, 0x8a, 0x1d, 0xee,

    /* U+1EA4 "Ấ" */
    0x0, 0xff, 0xe0, 0x19, 0x80, 0x3f, 0xf8, 0x47,
    0xf8, 0x1, 0xff, 0xc2, 0xbf, 0x20, 0xf, 0xf9,
    0x80, 0xfd, 0xc0, 0x3f, 0xeb, 0xfa, 0x23, 0x0,
    0xff, 0xe, 0x73, 0x7d, 0x80, 0x7f, 0x8b, 0x78,
    0x80, 0xff, 0x4, 0x3, 0xff, 0xa1, 0x9f, 0x40,
    0x1f, 0xfc, 0x12, 0xff, 0x84, 0x3, 0xff, 0x81,
    0x3f, 0xf3, 0x80, 0x7f, 0xf0, 0x3b, 0xfe, 0xd0,
    0xf, 0xf9, 0x7f, 0xd1, 0xfe, 0x30, 0xf, 0xf6,
    0x7e, 0x87, 0x7c, 0x80, 0x7f, 0x17, 0xf9, 0xc2,
    0x7f, 0xc0, 0x1f, 0xd1, 0xfe, 0x10, 0x3f, 0xf3,
    0x0, 0x7e, 0xef, 0xb0, 0xb, 0x7f, 0x0, 0x3e,
    0x5f, 0xf3, 0x0, 0x4f, 0xfe, 0x20, 0xf, 0x5f,
    0xf8, 0x3, 0x17, 0xfa, 0x0, 0x38, 0x7f, 0xdc,
    0xab, 0xdf, 0xee, 0x0, 0xe7, 0xff, 0xff, 0x94,
    0x3, 0x6f, 0xff, 0xfd, 0x60, 0x12, 0x7f, 0xa0,
    0x3, 0xea, 0xff, 0x10, 0x2, 0xbf, 0xc6, 0x1,
    0xf2, 0xff, 0xa0, 0x7, 0xfd, 0xa0, 0x1f, 0xdd,
    0xfc, 0xf, 0xfe, 0x70, 0xf, 0xe9, 0xff, 0x20,

    /* U+1EA5 "ấ" */
    0x0, 0xff, 0x19, 0x0, 0x7f, 0x3f, 0xb8, 0x7,
    0xe1, 0xfc, 0x0, 0xf2, 0xc8, 0x47, 0x90, 0x7,
    0x2f, 0xfa, 0x4c, 0x80, 0x39, 0x7e, 0xe7, 0xe4,
    0x3, 0x97, 0xec, 0x1, 0x1f, 0x20, 0x1f, 0xfc,
    0x42, 0x9d, 0xff, 0x6c, 0x90, 0x5, 0x1f, 0xff,
    0x8c, 0xf, 0xfd, 0x8a, 0x69, 0x1f, 0xee, 0x0,
    0x23, 0x0, 0x73, 0xff, 0x90, 0x3, 0xf1, 0x7f,
    0x9c, 0x0, 0xf7, 0xbd, 0xd7, 0xfc, 0xe3, 0xbf,
    0xff, 0xcf, 0x1f, 0xe8, 0x10, 0x8, 0x7f, 0xcf,
    0x9f, 0xa0, 0x1c, 0x9f, 0xe7, 0xbf, 0xd0, 0xe,
    0xcf, 0xf3, 0xbb, 0xfc, 0xe0, 0x1, 0xaf, 0xf9,
    0xc3, 0x3f, 0xee, 0xff, 0x3f, 0xf9, 0xc0, 0xf,
    0x9f, 0xec, 0x50, 0xef, 0x70,

    /* U+1EA6 "Ầ" */
    0x0, 0xfe, 0x23, 0x10, 0xf, 0xfe, 0x12, 0xfd,
    0x0, 0x7f, 0xf0, 0xeb, 0xcc, 0x3, 0xff, 0x80,
    0xc0, 0x3d, 0x60, 0x1f, 0xf5, 0xfd, 0x1, 0x18,
    0x7, 0xf0, 0xe7, 0x37, 0xd8, 0x7, 0xf8, 0xb7,
    0x88, 0xf, 0xf0, 0x40, 0x3f, 0xfa, 0x19, 0xf4,
    0x1, 0xff, 0xc1, 0x2f, 0xf8, 0x40, 0x3f, 0xf8,
    0x13, 0xff, 0x38, 0x7, 0xff, 0x3, 0xbf, 0xed,
    0x0, 0xff, 0x97, 0xfd, 0x1f, 0xe3, 0x0, 0xff,
    0x67, 0xe8, 0x77, 0xc8, 0x7, 0xf1, 0x7f, 0x9c,
    0x27, 0xfc, 0x1, 0xfd, 0x1f, 0xe1, 0x3, 0xff,
    0x30, 0x7, 0xee, 0xfb, 0x0, 0xb7, 0xf0, 0x3,
    0xe5, 0xff, 0x30, 0x4, 0xff, 0xe2, 0x0, 0xf5,
    0xff, 0x80, 0x31, 0x7f, 0xa0, 0x3, 0x87, 0xfd,
    0xca, 0xbd, 0xfe, 0xe0, 0xe, 0x7f, 0xff, 0xf9,
    0x40, 0x36, 0xff, 0xff, 0xd6, 0x1, 0x27, 0xfa,
    0x0, 0x3e, 0xaf, 0xf1, 0x0, 0x2b, 0xfc, 0x60,
    0x1f, 0x2f, 0xfa, 0x0, 0x7f, 0xda, 0x1, 0xfd,
    0xdf, 0xc0, 0xff, 0xe7, 0x0, 0xfe, 0x9f, 0xf2,
    0x0,

    /* U+1EA7 "ầ" */
    0x0, 0xf8, 0xc8, 0x3, 0xfd, 0x5e, 0xa0, 0x1f,
    0xc3, 0xda, 0x1, 0xf2, 0xc8, 0x27, 0xb0, 0x7,
    0x2f, 0xfa, 0x40, 0xcc, 0x1, 0x97, 0xf2, 0x7e,
    0x40, 0x39, 0x7e, 0xc0, 0x11, 0xf2, 0x1, 0xff,
    0xc4, 0x29, 0xdf, 0xf6, 0xc9, 0x0, 0x51, 0xff,
    0xf8, 0xc0, 0xff, 0xd8, 0xa6, 0x91, 0xfe, 0xe0,
    0x2, 0x30, 0x7, 0x3f, 0xf9, 0x0, 0x3f, 0x17,
    0xf9, 0xc0, 0xf, 0x7b, 0xdd, 0x7f, 0xce, 0x3b,
    0xff, 0xfc, 0xf1, 0xfe, 0x81, 0x0, 0x87, 0xfc,
    0xf9, 0xfa, 0x1, 0xc9, 0xfe, 0x7b, 0xfd, 0x0,
    0xec, 0xff, 0x3b, 0xbf, 0xce, 0x0, 0x1a, 0xff,
    0x9c, 0x33, 0xfe, 0xef, 0xf3, 0xff, 0x9c, 0x0,
    0xf9, 0xfe, 0xc5, 0xe, 0xf7,

    /* U+1EA8 "Ẩ" */
    0x0, 0xff, 0xe7, 0xff, 0xa8, 0x40, 0x3f, 0xf8,
    0x28, 0xfd, 0x60, 0x1f, 0xf0, 0x80, 0x53, 0xc0,
    0x1f, 0xe5, 0xf4, 0x9, 0xf7, 0x0, 0xfe, 0x5f,
    0xef, 0x46, 0x20, 0xf, 0xe5, 0xfb, 0xc, 0xf3,
    0x0, 0xfe, 0x2b, 0x90, 0xa, 0xa8, 0x20, 0x1f,
    0xfd, 0xc, 0xfa, 0x0, 0xff, 0xe0, 0x97, 0xfc,
    0x20, 0x1f, 0xfc, 0x9, 0xff, 0x9c, 0x3, 0xff,
    0x81, 0xdf, 0xf6, 0x80, 0x7f, 0xcb, 0xfe, 0x8f,
    0xf1, 0x80, 0x7f, 0xb3, 0xf4, 0x3b, 0xe4, 0x3,
    0xf8, 0xbf, 0xce, 0x13, 0xfe, 0x0, 0xfe, 0x8f,
    0xf0, 0x81, 0xff, 0x98, 0x3, 0xf7, 0x7d, 0x80,
    0x5b, 0xf8, 0x1, 0xf2, 0xff, 0x98, 0x2, 0x7f,
    0xf1, 0x0, 0x7a, 0xff, 0xc0, 0x18, 0xbf, 0xd0,
    0x1, 0xc3, 0xfe, 0xe5, 0x5e, 0xff, 0x70, 0x7,
    0x3f, 0xff, 0xfc, 0xa0, 0x1b, 0x7f, 0xff, 0xeb,
    0x0, 0x93, 0xfd, 0x0, 0x1f, 0x57, 0xf8, 0x80,
    0x15, 0xfe, 0x30, 0xf, 0x97, 0xfd, 0x0, 0x3f,
    0xed, 0x0, 0xfe, 0xef, 0xe0, 0x7f, 0xf3, 0x80,
    0x7f, 0x4f, 0xf9, 0x0,

    /* U+1EA9 "ẩ" */
    0x0, 0xff, 0xe3, 0xc7, 0xea, 0x80, 0x7e, 0x26,
    0xbf, 0x20, 0xf, 0x8, 0x0, 0xfd, 0x0, 0x3a,
    0xb4, 0x5b, 0xb0, 0x3, 0xa7, 0xfd, 0x86, 0x60,
    0xe, 0x9f, 0x95, 0xfc, 0x0, 0xe6, 0xd8, 0x0,
    0x2e, 0xc8, 0x7, 0xff, 0x10, 0xa7, 0x7f, 0xdb,
    0x24, 0x1, 0x47, 0xff, 0xe3, 0x3, 0xff, 0x62,
    0x9a, 0x47, 0xfb, 0x80, 0x8, 0xc0, 0x1c, 0xff,
    0xe4, 0x0, 0xfc, 0x5f, 0xe7, 0x0, 0x3d, 0xef,
    0x75, 0xff, 0x38, 0xef, 0xff, 0xf3, 0xc7, 0xfa,
    0x4, 0x2, 0x1f, 0xf3, 0xe7, 0xe8, 0x7, 0x27,
    0xf9, 0xef, 0xf4, 0x3, 0xb3, 0xfc, 0xee, 0xff,
    0x38, 0x0, 0x6b, 0xfe, 0x70, 0xcf, 0xfb, 0xbf,
    0xcf, 0xfe, 0x70, 0x3, 0xe7, 0xfb, 0x14, 0x3b,
    0xdc,

    /* U+1EAA "Ẫ" */
    0x0, 0xff, 0xe5, 0x4f, 0xfa, 0xd1, 0xb9, 0x0,
    0x3f, 0x27, 0xbb, 0xbb, 0xfd, 0x80, 0x1f, 0xc4,
    0xa0, 0x2, 0x44, 0x0, 0x7f, 0xf0, 0x57, 0xd0,
    0x3, 0xff, 0x82, 0xbf, 0xde, 0x80, 0x1f, 0xf2,
    0xfd, 0x5, 0xfa, 0x0, 0x7f, 0x15, 0x48, 0x5,
    0x34, 0x20, 0x1f, 0xfd, 0xc, 0xfa, 0x0, 0xff,
    0xe0, 0x97, 0xfc, 0x20, 0x1f, 0xfc, 0x9, 0xff,
    0x9c, 0x3, 0xff, 0x81, 0xdf, 0xf6, 0x80, 0x7f,
    0xcb, 0xfe, 0x8f, 0xf1, 0x80, 0x7f, 0xb3, 0xf4,
    0x3b, 0xe4, 0x3, 0xf8, 0xbf, 0xce, 0x13, 0xfe,
    0x0, 0xfe, 0x8f, 0xf0, 0x81, 0xff, 0x98, 0x3,
    0xf7, 0x7d, 0x80, 0x5b, 0xf8, 0x1, 0xf2, 0xff,
    0x98, 0x2, 0x7f, 0xf1, 0x0, 0x7a, 0xff, 0xc0,
    0x18, 0xbf, 0xd0, 0x1, 0xc3, 0xfe, 0xe5, 0x5e,
    0xff, 0x70, 0x7, 0x3f, 0xff, 0xfc, 0xa0, 0x1b,
    0x7f, 0xff, 0xeb, 0x0, 0x93, 0xfd, 0x0, 0x1f,
    0x57, 0xf8, 0x80, 0x15, 0xfe, 0x30, 0xf, 0x97,
    0xfd, 0x0, 0x3f, 0xed, 0x0, 0xfe, 0xef, 0xe0,
    0x7f, 0xf3, 0x80, 0x7f, 0x4f, 0xf9, 0x0,

    /* U+1EAB "ẫ" */
    0x0, 0xff, 0xe1, 0xe, 0xff, 0x41, 0xd6, 0x80,
    0x69, 0xe5, 0x7f, 0xfa, 0x0, 0x32, 0x18, 0xa,
    0x20, 0xc0, 0x3f, 0x67, 0x10, 0x7, 0xeb, 0xfe,
    0xe0, 0x80, 0x7a, 0xbd, 0x8f, 0xf4, 0x40, 0x33,
    0x63, 0x80, 0xf, 0x24, 0x3, 0xff, 0x88, 0x53,
    0xbf, 0xed, 0x92, 0x0, 0xa3, 0xff, 0xf1, 0x81,
    0xff, 0xb1, 0x4d, 0x23, 0xfd, 0xc0, 0x4, 0x60,
    0xe, 0x7f, 0xf2, 0x0, 0x7e, 0x2f, 0xf3, 0x80,
    0x1e, 0xf7, 0xba, 0xff, 0x9c, 0x77, 0xff, 0xf9,
    0xe3, 0xfd, 0x2, 0x1, 0xf, 0xf9, 0xf3, 0xf4,
    0x3, 0x93, 0xfc, 0xf7, 0xfa, 0x1, 0xd9, 0xfe,
    0x77, 0x7f, 0x9c, 0x0, 0x35, 0xff, 0x38, 0x67,
    0xfd, 0xdf, 0xe7, 0xff, 0x38, 0x1, 0xf3, 0xfd,
    0x8a, 0x1d, 0xee,

    /* U+1EAC "Ậ" */
    0x0, 0xfd, 0x0, 0x1f, 0xfc, 0x3b, 0xfa, 0x0,
    0xff, 0xe0, 0xd7, 0xd7, 0xc8, 0x7, 0xfd, 0x3e,
    0xe1, 0x1e, 0xe0, 0x1f, 0xc5, 0xc, 0x1, 0x33,
    0x88, 0x7, 0xff, 0x43, 0x3e, 0x80, 0x3f, 0xf8,
    0x25, 0xff, 0x8, 0x7, 0xff, 0x2, 0x7f, 0xe7,
    0x0, 0xff, 0xe0, 0x77, 0xfd, 0xa0, 0x1f, 0xf2,
    0xff, 0xa3, 0xfc, 0x60, 0x1f, 0xec, 0xfd, 0xe,
    0xf9, 0x0, 0xfe, 0x2f, 0xf3, 0x84, 0xff, 0x80,
    0x3f, 0xa3, 0xfc, 0x20, 0x7f, 0xe6, 0x0, 0xfd,
    0xdf, 0x60, 0x16, 0xfe, 0x0, 0x7c, 0xbf, 0xe6,
    0x0, 0x9f, 0xfc, 0x40, 0x1e, 0xbf, 0xf0, 0x6,
    0x2f, 0xf4, 0x0, 0x70, 0xff, 0xb9, 0x57, 0xbf,
    0xdc, 0x1, 0xcf, 0xff, 0xff, 0x28, 0x6, 0xdf,
    0xff, 0xfa, 0xc0, 0x24, 0xff, 0x40, 0x7, 0xd5,
    0xfe, 0x20, 0x5, 0x7f, 0x8c, 0x3, 0xe5, 0xff,
    0x40, 0xf, 0xfb, 0x40, 0x3f, 0xbb, 0xf8, 0x1f,
    0xfc, 0xe0, 0x1f, 0xd3, 0xfe, 0x40, 0xf, 0xfe,
    0xef, 0xfb, 0x80, 0x3f, 0xf8, 0x5f, 0xee, 0x0,
    0xff, 0xe1, 0x66, 0x2c, 0x3, 0xe0,

    /* U+1EAD "ậ" */
    0x0, 0xf0, 0x80, 0x7f, 0xa7, 0x0, 0x3f, 0xa3,
    0xfd, 0x80, 0x1f, 0x3f, 0xca, 0xfd, 0x80, 0x73,
    0x7d, 0x0, 0x1b, 0xe8, 0x3, 0xff, 0x88, 0x53,
    0xbf, 0xed, 0x92, 0x0, 0xa3, 0xff, 0xf1, 0x81,
    0xff, 0xb1, 0x4d, 0x23, 0xfd, 0xc0, 0x4, 0x60,
    0xe, 0x7f, 0xf2, 0x0, 0x7e, 0x2f, 0xf3, 0x80,
    0x1e, 0xf7, 0xba, 0xff, 0x9c, 0x77, 0xff, 0xf9,
    0xe3, 0xfd, 0x2, 0x1, 0xf, 0xf9, 0xf3, 0xf4,
    0x3, 0x93, 0xfc, 0xf7, 0xfa, 0x1, 0xd9, 0xfe,
    0x77, 0x7f, 0x9c, 0x0, 0x35, 0xff, 0x38, 0x67,
    0xfd, 0xdf, 0xe7, 0xff, 0x38, 0x1, 0xf3, 0xfd,
    0x8a, 0x1d, 0xee, 0x1, 0xff, 0xd0, 0x5f, 0xf4,
    0x80, 0x7e, 0x5f, 0xf4, 0x80, 0x7e, 0x3c, 0xc3,
    0x80, 0x60,

    /* U+1EAE "Ắ" */
    0x0, 0xfc, 0x5f, 0x80, 0x1f, 0xfc, 0x29, 0xf3,
    0x0, 0xff, 0xe0, 0x8f, 0xc8, 0x7, 0xfc, 0x90,
    0x27, 0x2, 0x50, 0x60, 0x1f, 0x9b, 0xd8, 0x2,
    0x8f, 0x40, 0xf, 0xc3, 0xdf, 0x71, 0x7f, 0xa0,
    0x1f, 0xe2, 0xbe, 0xfd, 0x91, 0x0, 0xff, 0xe8,
    0xe7, 0xd0, 0x7, 0xff, 0x4, 0xbf, 0xe1, 0x0,
    0xff, 0xe0, 0x4f, 0xfc, 0xe0, 0x1f, 0xfc, 0xe,
    0xff, 0xb4, 0x3, 0xfe, 0x5f, 0xf4, 0x7f, 0x8c,
    0x3, 0xfd, 0x9f, 0xa1, 0xdf, 0x20, 0x1f, 0xc5,
    0xfe, 0x70, 0x9f, 0xf0, 0x7, 0xf4, 0x7f, 0x84,
    0xf, 0xfc, 0xc0, 0x1f, 0xbb, 0xec, 0x2, 0xdf,
    0xc0, 0xf, 0x97, 0xfc, 0xc0, 0x13, 0xff, 0x88,
    0x3, 0xd7, 0xfe, 0x0, 0xc5, 0xfe, 0x80, 0xe,
    0x1f, 0xf7, 0x2a, 0xf7, 0xfb, 0x80, 0x39, 0xff,
    0xff, 0xe5, 0x0, 0xdb, 0xff, 0xff, 0x58, 0x4,
    0x9f, 0xe8, 0x0, 0xfa, 0xbf, 0xc4, 0x0, 0xaf,
    0xf1, 0x80, 0x7c, 0xbf, 0xe8, 0x1, 0xff, 0x68,
    0x7, 0xf7, 0x7f, 0x3, 0xff, 0x9c, 0x3, 0xfa,
    0x7f, 0xc8,

    /* U+1EAF "ắ" */
    0x0, 0xf0, 0xc3, 0x0, 0x7f, 0x4f, 0xa8, 0x7,
    0xe1, 0xfa, 0x0, 0xfe, 0x9f, 0x10, 0xf, 0x67,
    0x0, 0x69, 0xf0, 0xd, 0x3f, 0x2, 0x9, 0xfa,
    0x1, 0x87, 0x7f, 0xf7, 0x18, 0x7, 0x91, 0xdc,
    0xa0, 0x1f, 0xfc, 0x62, 0x9d, 0xff, 0x6c, 0x90,
    0x5, 0x1f, 0xff, 0x8c, 0xf, 0xfd, 0x8a, 0x69,
    0x1f, 0xee, 0x0, 0x23, 0x0, 0x73, 0xff, 0x90,
    0x3, 0xf1, 0x7f, 0x9c, 0x0, 0xf7, 0xbd, 0xd7,
    0xfc, 0xe3, 0xbf, 0xff, 0xcf, 0x1f, 0xe8, 0x10,
    0x8, 0x7f, 0xcf, 0x9f, 0xa0, 0x1c, 0x9f, 0xe7,
    0xbf, 0xd0, 0xe, 0xcf, 0xf3, 0xbb, 0xfc, 0xe0,
    0x1, 0xaf, 0xf9, 0xc3, 0x3f, 0xee, 0xff, 0x3f,
    0xf9, 0xc0, 0xf, 0x9f, 0xec, 0x50, 0xef, 0x70,

    /* U+1EB0 "Ằ" */
    0x0, 0xf7, 0x78, 0x80, 0x7f, 0xf0, 0x97, 0xdc,
    0x3, 0xff, 0x87, 0x7c, 0x1, 0xff, 0xc0, 0x48,
    0x12, 0x82, 0x24, 0x18, 0x7, 0xe6, 0xf6, 0x0,
    0xa3, 0xd0, 0x3, 0xf0, 0xf7, 0xdc, 0x5f, 0xe8,
    0x7, 0xf8, 0xaf, 0xbf, 0x64, 0x40, 0x3f, 0xfa,
    0x39, 0xf4, 0x1, 0xff, 0xc1, 0x2f, 0xf8, 0x40,
    0x3f, 0xf8, 0x13, 0xff, 0x38, 0x7, 0xff, 0x3,
    0xbf, 0xed, 0x0, 0xff, 0x97, 0xfd, 0x1f, 0xe3,
    0x0, 0xff, 0x67, 0xe8, 0x77, 0xc8, 0x7, 0xf1,
    0x7f, 0x9c, 0x27, 0xfc, 0x1, 0xfd, 0x1f, 0xe1,
    0x3, 0xff, 0x30, 0x7, 0xee, 0xfb, 0x0, 0xb7,
    0xf0, 0x3, 0xe5, 0xff, 0x30, 0x4, 0xff, 0xe2,
    0x0, 0xf5, 0xff, 0x80, 0x31, 0x7f, 0xa0, 0x3,
    0x87, 0xfd, 0xca, 0xbd, 0xfe, 0xe0, 0xe, 0x7f,
    0xff, 0xf9, 0x40, 0x36, 0xff, 0xff, 0xd6, 0x1,
    0x27, 0xfa, 0x0, 0x3e, 0xaf, 0xf1, 0x0, 0x2b,
    0xfc, 0x60, 0x1f, 0x2f, 0xfa, 0x0, 0x7f, 0xda,
    0x1, 0xfd, 0xdf, 0xc0, 0xff, 0xe7, 0x0, 0xfe,
    0x9f, 0xf2, 0x0,

    /* U+1EB1 "ằ" */
    0x0, 0x92, 0x10, 0x3, 0xf8, 0x7b, 0x80, 0x1f,
    0xe6, 0xf6, 0x0, 0xff, 0x66, 0x80, 0x7d, 0x9c,
    0x1, 0xa7, 0xc0, 0x34, 0xfc, 0x8, 0x27, 0xe8,
    0x6, 0x1d, 0xff, 0xdc, 0x60, 0x1e, 0x47, 0x72,
    0x80, 0x7f, 0xf1, 0x8a, 0x77, 0xfd, 0xb2, 0x40,
    0x14, 0x7f, 0xfe, 0x30, 0x3f, 0xf6, 0x29, 0xa4,
    0x7f, 0xb8, 0x0, 0x8c, 0x1, 0xcf, 0xfe, 0x40,
    0xf, 0xc5, 0xfe, 0x70, 0x3, 0xde, 0xf7, 0x5f,
    0xf3, 0x8e, 0xff, 0xff, 0x3c, 0x7f, 0xa0, 0x40,
    0x21, 0xff, 0x3e, 0x7e, 0x80, 0x72, 0x7f, 0x9e,
    0xff, 0x40, 0x3b, 0x3f, 0xce, 0xef, 0xf3, 0x80,
    0x6, 0xbf, 0xe7, 0xc, 0xff, 0xbb, 0xfc, 0xff,
    0xe7, 0x0, 0x3e, 0x7f, 0xb1, 0x43, 0xbd, 0xc0,

    /* U+1EB2 "Ẳ" */
    0x0, 0xf2, 0x76, 0x30, 0x7, 0xff, 0x8, 0xdf,
    0xd8, 0x3, 0xff, 0x87, 0xee, 0x1, 0xfe, 0x49,
    0x14, 0xda, 0x39, 0x30, 0xf, 0xcb, 0xec, 0x1,
    0x47, 0x98, 0x7, 0xf7, 0x7d, 0xcd, 0xfe, 0x0,
    0x7f, 0x8a, 0xbb, 0xf6, 0x44, 0x3, 0xff, 0xa3,
    0x9f, 0x40, 0x1f, 0xfc, 0x12, 0xff, 0x84, 0x3,
    0xff, 0x81, 0x3f, 0xf3, 0x80, 0x7f, 0xf0, 0x3b,
    0xfe, 0xd0, 0xf, 0xf9, 0x7f, 0xd1, 0xfe, 0x30,
    0xf, 0xf6, 0x7e, 0x87, 0x7c, 0x80, 0x7f, 0x17,
    0xf9, 0xc2, 0x7f, 0xc0, 0x1f, 0xd1, 0xfe, 0x10,
    0x3f, 0xf3, 0x0, 0x7e, 0xef, 0xb0, 0xb, 0x7f,
    0x0, 0x3e, 0x5f, 0xf3, 0x0, 0x4f, 0xfe, 0x20,
    0xf, 0x5f, 0xf8, 0x3, 0x17, 0xfa, 0x0, 0x38,
    0x7f, 0xdc, 0xab, 0xdf, 0xee, 0x0, 0xe7, 0xff,
    0xff, 0x94, 0x3, 0x6f, 0xff, 0xfd, 0x60, 0x12,
    0x7f, 0xa0, 0x3, 0xea, 0xff, 0x10, 0x2, 0xbf,
    0xc6, 0x1, 0xf2, 0xff, 0xa0, 0x7, 0xfd, 0xa0,
    0x1f, 0xdd, 0xfc, 0xf, 0xfe, 0x70, 0xf, 0xe9,
    0xff, 0x20,

    /* U+1EB3 "ẳ" */
    0x0, 0xff, 0xe2, 0x4f, 0xea, 0x80, 0x7e, 0x25,
    0xcf, 0x10, 0xf, 0xe4, 0xf3, 0x0, 0xfc, 0xdd,
    0x60, 0x1e, 0xce, 0x3, 0x30, 0x4f, 0x80, 0x69,
    0xf8, 0x10, 0x4f, 0xd0, 0xc, 0x3b, 0xff, 0xb8,
    0xc0, 0x3c, 0x8e, 0xe5, 0x0, 0xff, 0xe3, 0x14,
    0xef, 0xfb, 0x64, 0x80, 0x28, 0xff, 0xfc, 0x60,
    0x7f, 0xec, 0x53, 0x48, 0xff, 0x70, 0x1, 0x18,
    0x3, 0x9f, 0xfc, 0x80, 0x1f, 0x8b, 0xfc, 0xe0,
    0x7, 0xbd, 0xee, 0xbf, 0xe7, 0x1d, 0xff, 0xfe,
    0x78, 0xff, 0x40, 0x80, 0x43, 0xfe, 0x7c, 0xfd,
    0x0, 0xe4, 0xff, 0x3d, 0xfe, 0x80, 0x76, 0x7f,
    0x9d, 0xdf, 0xe7, 0x0, 0xd, 0x7f, 0xce, 0x19,
    0xff, 0x77, 0xf9, 0xff, 0xce, 0x0, 0x7c, 0xff,
    0x62, 0x87, 0x7b, 0x80,

    /* U+1EB4 "Ẵ" */
    0x0, 0xff, 0xe5, 0x47, 0xfa, 0x8d, 0xbd, 0x40,
    0x3f, 0x27, 0xbb, 0x77, 0xfb, 0x0, 0x3f, 0x92,
    0x0, 0x23, 0x44, 0x8, 0x7, 0xe6, 0xf5, 0x0,
    0x9f, 0xd0, 0x3, 0xf0, 0xf7, 0xd4, 0x5f, 0xe8,
    0x7, 0xf8, 0xef, 0xbf, 0xa8, 0x80, 0x3f, 0xfa,
    0x39, 0xf4, 0x1, 0xff, 0xc1, 0x2f, 0xf8, 0x40,
    0x3f, 0xf8, 0x13, 0xff, 0x38, 0x7, 0xff, 0x3,
    0xbf, 0xed, 0x0, 0xff, 0x97, 0xfd, 0x1f, 0xe3,
    0x0, 0xff, 0x67, 0xe8, 0x77, 0xc8, 0x7, 0xf1,
    0x7f, 0x9c, 0x27, 0xfc, 0x1, 0xfd, 0x1f, 0xe1,
    0x3, 0xff, 0x30, 0x7, 0xee, 0xfb, 0x0, 0xb7,
    0xf0, 0x3, 0xe5, 0xff, 0x30, 0x4, 0xff, 0xe2,
    0x0, 0xf5, 0xff, 0x80, 0x31, 0x7f, 0xa0, 0x3,
    0x87, 0xfd, 0xca, 0xbd, 0xfe, 0xe0, 0xe, 0x7f,
    0xff, 0xf9, 0x40, 0x36, 0xff, 0xff, 0xd6, 0x1,
    0x27, 0xfa, 0x0, 0x3e, 0xaf, 0xf1, 0x0, 0x2b,
    0xfc, 0x60, 0x1f, 0x2f, 0xfa, 0x0, 0x7f, 0xda,
    0x1, 0xfd, 0xdf, 0xc0, 0xff, 0xe7, 0x0, 0xfe,
    0x9f, 0xf2, 0x0,

    /* U+1EB5 "ẵ" */
    0x0, 0xfe, 0x10, 0xc, 0x39, 0xfe, 0x83, 0xaf,
    0x0, 0xd3, 0xea, 0xfd, 0xfe, 0x80, 0xc, 0x66,
    0x0, 0x90, 0xc0, 0x3b, 0x38, 0x3, 0x4f, 0x80,
    0x69, 0xf8, 0x10, 0x4f, 0xd0, 0xc, 0x3b, 0xff,
    0xb8, 0xc0, 0x3c, 0x8e, 0xe5, 0x0, 0xff, 0xe3,
    0x14, 0xef, 0xfb, 0x64, 0x80, 0x28, 0xff, 0xfc,
    0x60, 0x7f, 0xec, 0x53, 0x48, 0xff, 0x70, 0x1,
    0x18, 0x3, 0x9f, 0xfc, 0x80, 0x1f, 0x8b, 0xfc,
    0xe0, 0x7, 0xbd, 0xee, 0xbf, 0xe7, 0x1d, 0xff,
    0xfe, 0x78, 0xff, 0x40, 0x80, 0x43, 0xfe, 0x7c,
    0xfd, 0x0, 0xe4, 0xff, 0x3d, 0xfe, 0x80, 0x76,
    0x7f, 0x9d, 0xdf, 0xe7, 0x0, 0xd, 0x7f, 0xce,
    0x19, 0xff, 0x77, 0xf9, 0xff, 0xce, 0x0, 0x7c,
    0xff, 0x62, 0x87, 0x7b, 0x80,

    /* U+1EB6 "Ặ" */
    0x0, 0xc9, 0x4, 0x1, 0x1c, 0x18, 0x7, 0xe6,
    0xf8, 0x0, 0xab, 0xd0, 0x3, 0xf0, 0xf7, 0xdc,
    0xe7, 0xe8, 0x7, 0xf8, 0xaf, 0xbf, 0x64, 0x40,
    0x3f, 0xfa, 0x39, 0xf4, 0x1, 0xff, 0xc1, 0x2f,
    0xf8, 0x40, 0x3f, 0xf8, 0x13, 0xff, 0x38, 0x7,
    0xff, 0x3, 0xbf, 0xed, 0x0, 0xff, 0x97, 0xfd,
    0x1f, 0xe3, 0x0, 0xff, 0x67, 0xe8, 0x77, 0xc8,
    0x7, 0xf1, 0x7f, 0x9c, 0x27, 0xfc, 0x1, 0xfd,
    0x1f, 0xe1, 0x3, 0xff, 0x30, 0x7, 0xee, 0xfb,
    0x0, 0xb7, 0xf0, 0x3, 0xe5, 0xff, 0x30, 0x4,
    0xff, 0xe2, 0x0, 0xf5, 0xff, 0x80, 0x31, 0x7f,
    0xa0, 0x3, 0x87, 0xfd, 0xca, 0xbd, 0xfe, 0xe0,
    0xe, 0x7f, 0xff, 0xf9, 0x40, 0x36, 0xff, 0xff,
    0xd6, 0x1, 0x27, 0xfa, 0x0, 0x3e, 0xaf, 0xf1,
    0x0, 0x2b, 0xfc, 0x60, 0x1f, 0x2f, 0xfa, 0x0,
    0x7f, 0xda, 0x1, 0xfd, 0xdf, 0xc0, 0xff, 0xe7,
    0x0, 0xfe, 0x9f, 0xf2, 0x0, 0x7f, 0xf7, 0x7f,
    0xdc, 0x1, 0xff, 0xc2, 0xff, 0x70, 0x7, 0xff,
    0xb, 0x31, 0x60, 0x1f, 0x0,

    /* U+1EB7 "ặ" */
    0x0, 0x67, 0x0, 0x69, 0xf0, 0xd, 0x3f, 0x2,
    0x9, 0xfa, 0x1, 0x87, 0x7f, 0xf7, 0x18, 0x7,
    0x91, 0xdc, 0xa0, 0x1f, 0xfc, 0x62, 0x9d, 0xff,
    0x6c, 0x90, 0x5, 0x1f, 0xff, 0x8c, 0xf, 0xfd,
    0x8a, 0x69, 0x1f, 0xee, 0x0, 0x23, 0x0, 0x73,
    0xff, 0x90, 0x3, 0xf1, 0x7f, 0x9c, 0x0, 0xf7,
    0xbd, 0xd7, 0xfc, 0xe3, 0xbf, 0xff, 0xcf, 0x1f,
    0xe8, 0x10, 0x8, 0x7f, 0xcf, 0x9f, 0xa0, 0x1c,
    0x9f, 0xe7, 0xbf, 0xd0, 0xe, 0xcf, 0xf3, 0xbb,
    0xfc, 0xe0, 0x1, 0xaf, 0xf9, 0xc3, 0x3f, 0xee,
    0xff, 0x3f, 0xf9, 0xc0, 0xf, 0x9f, 0xec, 0x50,
    0xef, 0x70, 0xf, 0xfe, 0x82, 0xff, 0xa4, 0x3,
    0xf2, 0xff, 0xa4, 0x3, 0xf1, 0xe6, 0x1c, 0x3,
    0x0,

    /* U+1EB8 "Ẹ" */
    0xf, 0xff, 0xfe, 0x0, 0x7f, 0xff, 0xf0, 0x3,
    0xfd, 0x6a, 0xbf, 0xc1, 0xfe, 0x90, 0xf, 0xf7,
    0xfa, 0x40, 0x3f, 0xdf, 0xe9, 0x0, 0xff, 0x7f,
    0xa4, 0x3, 0xfd, 0xfe, 0xb5, 0x5f, 0xc0, 0xf,
    0xff, 0xf8, 0x83, 0xff, 0xfe, 0x20, 0xff, 0x48,
    0x7, 0xfb, 0xfd, 0x20, 0x1f, 0xef, 0xf4, 0x80,
    0x7f, 0xbf, 0xd2, 0x1, 0xfe, 0xff, 0x48, 0x7,
    0xfb, 0xfd, 0x6a, 0xbf, 0xc1, 0xff, 0xff, 0xc0,
    0xf, 0xff, 0xfe, 0x0, 0x7, 0xff, 0x4e, 0x3f,
    0xcc, 0x1, 0xfd, 0x1f, 0xe6, 0x0, 0xfe, 0x6c,
    0xc2, 0x0, 0x60,

    /* U+1EB9 "ẹ" */
    0x0, 0x9b, 0x3f, 0xdb, 0x22, 0x1, 0xb3, 0xff,
    0xdc, 0x60, 0xa, 0xff, 0x41, 0x99, 0xbb, 0xf8,
    0xf, 0xfc, 0xa0, 0x18, 0x7f, 0xcd, 0x1f, 0xa0,
    0x1e, 0xaf, 0xbb, 0x7f, 0xbb, 0xbd, 0xfe, 0xdc,
    0xff, 0xff, 0x6e, 0x7e, 0x0, 0x7f, 0x4f, 0xf8,
    0x40, 0x3f, 0x1f, 0xfa, 0x80, 0x39, 0x8c, 0x1,
    0x7f, 0xec, 0x64, 0x6c, 0xfe, 0x20, 0x1c, 0xff,
    0xfa, 0x80, 0x33, 0x67, 0x7e, 0xd2, 0x0, 0x7f,
    0xf1, 0x87, 0x31, 0x20, 0x1f, 0x8b, 0xfd, 0x60,
    0x1f, 0x8b, 0xfd, 0x60, 0x18,

    /* U+1EBA "Ẻ" */
    0x0, 0xe1, 0x0, 0xff, 0xe0, 0x57, 0xf4, 0x0,
    0x7f, 0x1b, 0x5f, 0xd0, 0x7, 0xf8, 0x7e, 0xc0,
    0x3f, 0xa3, 0xb0, 0xc0, 0x3f, 0x8c, 0x80, 0x3d,
    0xff, 0xff, 0xc0, 0xf, 0xff, 0xfe, 0x0, 0x7f,
    0xad, 0x57, 0xf8, 0x3f, 0xd2, 0x1, 0xfe, 0xff,
    0x48, 0x7, 0xfb, 0xfd, 0x20, 0x1f, 0xef, 0xf4,
    0x80, 0x7f, 0xbf, 0xd6, 0xab, 0xf8, 0x1, 0xff,
    0xff, 0x10, 0x7f, 0xff, 0xc4, 0x1f, 0xe9, 0x0,
    0xff, 0x7f, 0xa4, 0x3, 0xfd, 0xfe, 0x90, 0xf,
    0xf7, 0xfa, 0x40, 0x3f, 0xdf, 0xe9, 0x0, 0xff,
    0x7f, 0xad, 0x57, 0xf8, 0x3f, 0xff, 0xf8, 0x1,
    0xff, 0xff, 0xc0,

    /* U+1EBB "ẻ" */
    0x0, 0xd1, 0xfa, 0xe0, 0x1f, 0x8e, 0x33, 0xec,
    0x3, 0xfd, 0xdc, 0x0, 0xfc, 0x97, 0xee, 0x1,
    0xf9, 0x14, 0x40, 0x3e, 0x6c, 0xff, 0x6c, 0x88,
    0x6, 0xcf, 0xff, 0x71, 0x80, 0x2b, 0xfd, 0x6,
    0x66, 0xef, 0xe0, 0x3f, 0xf2, 0x80, 0x61, 0xff,
    0x34, 0x7e, 0x80, 0x7a, 0xbe, 0xed, 0xfe, 0xee,
    0xf7, 0xfb, 0x73, 0xff, 0xfd, 0xb9, 0xf8, 0x1,
    0xfd, 0x3f, 0xe1, 0x0, 0xfc, 0x7f, 0xea, 0x0,
    0xe6, 0x30, 0x5, 0xff, 0xb1, 0x91, 0xb3, 0xf8,
    0x80, 0x73, 0xff, 0xea, 0x0, 0xcd, 0x9d, 0xfb,
    0x48, 0x0,

    /* U+1EBC "Ẽ" */
    0x0, 0xff, 0x8, 0x7, 0x2f, 0x7d, 0x0, 0x1f,
    0xc4, 0x3, 0x75, 0xbf, 0xe1, 0x67, 0x0, 0x63,
    0xf4, 0x4, 0xef, 0xf2, 0x80, 0x61, 0x40, 0x8,
    0x4c, 0x40, 0x3f, 0xf8, 0xbf, 0xff, 0xfc, 0x0,
    0xff, 0xff, 0xe0, 0x7, 0xfa, 0xd5, 0x7f, 0x83,
    0xfd, 0x20, 0x1f, 0xef, 0xf4, 0x80, 0x7f, 0xbf,
    0xd2, 0x1, 0xfe, 0xff, 0x48, 0x7, 0xfb, 0xfd,
    0x6a, 0xbf, 0x80, 0x1f, 0xff, 0xf1, 0x7, 0xff,
    0xfc, 0x41, 0xfe, 0x90, 0xf, 0xf7, 0xfa, 0x40,
    0x3f, 0xdf, 0xe9, 0x0, 0xff, 0x7f, 0xa4, 0x3,
    0xfd, 0xfe, 0x90, 0xf, 0xf7, 0xfa, 0xd5, 0x7f,
    0x83, 0xff, 0xff, 0x80, 0x1f, 0xff, 0xfc, 0x0,

    /* U+1EBD "ẽ" */
    0x0, 0x16, 0x7e, 0x18, 0x27, 0xa0, 0x5, 0xbd,
    0x7f, 0xea, 0xdf, 0x10, 0x0, 0xfb, 0x1, 0x5f,
    0xea, 0x0, 0x7f, 0xf4, 0x5b, 0x3f, 0xdb, 0x22,
    0x1, 0xb3, 0xff, 0xdc, 0x60, 0xa, 0xff, 0x41,
    0x99, 0xbb, 0xf8, 0xf, 0xfc, 0xa0, 0x18, 0x7f,
    0xcd, 0x1f, 0xa0, 0x1e, 0xaf, 0xbb, 0x7f, 0xbb,
    0xbd, 0xfe, 0xdc, 0xff, 0xff, 0x6e, 0x7e, 0x0,
    0x7f, 0x4f, 0xf8, 0x40, 0x3f, 0x1f, 0xfa, 0x80,
    0x39, 0x8c, 0x1, 0x7f, 0xec, 0x64, 0x6c, 0xfe,
    0x20, 0x1c, 0xff, 0xfa, 0x80, 0x33, 0x67, 0x7e,
    0xd2, 0x0, 0x0,

    /* U+1EBE "Ế" */
    0x0, 0xff, 0x9, 0x90, 0x7, 0xfa, 0xbd, 0x0,
    0x3f, 0x8f, 0xe4, 0x3, 0xe3, 0x20, 0xbe, 0x0,
    0xf9, 0x3f, 0x90, 0xc8, 0x3, 0xcd, 0xf3, 0x5e,
    0xa0, 0x1e, 0x7f, 0x90, 0x5, 0x7b, 0x0, 0x7f,
    0xf1, 0x3f, 0xff, 0xf8, 0x1, 0xff, 0xff, 0xc0,
    0xf, 0xf5, 0xaa, 0xff, 0x7, 0xfa, 0x40, 0x3f,
    0xdf, 0xe9, 0x0, 0xff, 0x7f, 0xa4, 0x3, 0xfd,
    0xfe, 0x90, 0xf, 0xf7, 0xfa, 0xd5, 0x7f, 0x0,
    0x3f, 0xff, 0xe2, 0xf, 0xff, 0xf8, 0x83, 0xfd,
    0x20, 0x1f, 0xef, 0xf4, 0x80, 0x7f, 0xbf, 0xd2,
    0x1, 0xfe, 0xff, 0x48, 0x7, 0xfb, 0xfd, 0x20,
    0x1f, 0xef, 0xf5, 0xaa, 0xff, 0x7, 0xff, 0xff,
    0x0, 0x3f, 0xff, 0xf8, 0x0,

    /* U+1EBF "ế" */
    0x0, 0xff, 0x19, 0x0, 0x7f, 0x47, 0xb8, 0x7,
    0xe1, 0xfc, 0x0, 0xf3, 0x48, 0x4f, 0x90, 0x7,
    0x37, 0xfa, 0x4c, 0x80, 0x39, 0xbe, 0xe7, 0xe4,
    0x3, 0x9b, 0xec, 0x1, 0x1f, 0x20, 0x1f, 0xfc,
    0x56, 0xcf, 0xf6, 0xc8, 0x80, 0x6c, 0xff, 0xf7,
    0x18, 0x2, 0xbf, 0xd0, 0x66, 0x6e, 0xfe, 0x3,
    0xff, 0x28, 0x6, 0x1f, 0xf3, 0x47, 0xe8, 0x7,
    0xab, 0xee, 0xdf, 0xee, 0xef, 0x7f, 0xb7, 0x3f,
    0xff, 0xdb, 0x9f, 0x80, 0x1f, 0xd3, 0xfe, 0x10,
    0xf, 0xc7, 0xfe, 0xa0, 0xe, 0x63, 0x0, 0x5f,
    0xfb, 0x19, 0x1b, 0x3f, 0x88, 0x7, 0x3f, 0xfe,
    0xa0, 0xc, 0xd9, 0xdf, 0xb4, 0x80, 0x0,

    /* U+1EC0 "Ề" */
    0x0, 0xfc, 0x66, 0x0, 0xff, 0xb3, 0xcc, 0x3,
    0xfc, 0x5f, 0x60, 0x1f, 0x8c, 0x81, 0xfc, 0xc0,
    0x3c, 0x9f, 0xc6, 0x6, 0x40, 0x1c, 0xdf, 0x35,
    0xea, 0x1, 0xe7, 0xf9, 0x0, 0x57, 0xb0, 0x7,
    0xff, 0x13, 0xff, 0xff, 0x80, 0x1f, 0xff, 0xfc,
    0x0, 0xff, 0x5a, 0xaf, 0xf0, 0x7f, 0xa4, 0x3,
    0xfd, 0xfe, 0x90, 0xf, 0xf7, 0xfa, 0x40, 0x3f,
    0xdf, 0xe9, 0x0, 0xff, 0x7f, 0xad, 0x57, 0xf0,
    0x3, 0xff, 0xfe, 0x20, 0xff, 0xff, 0x88, 0x3f,
    0xd2, 0x1, 0xfe, 0xff, 0x48, 0x7, 0xfb, 0xfd,
    0x20, 0x1f, 0xef, 0xf4, 0x80, 0x7f, 0xbf, 0xd2,
    0x1, 0xfe, 0xff, 0x5a, 0xaf, 0xf0, 0x7f, 0xff,
    0xf0, 0x3, 0xff, 0xff, 0x80,

    /* U+1EC1 "ề" */
    0x0, 0xf8, 0xc8, 0x3, 0xfd, 0x5e, 0x80, 0x1f,
    0xc3, 0xda, 0x1, 0xf3, 0x48, 0x2f, 0xa8, 0x7,
    0x37, 0xfa, 0x40, 0xc8, 0x3, 0x37, 0xdc, 0xfc,
    0x80, 0x73, 0x7d, 0x80, 0x23, 0xe4, 0x3, 0xff,
    0x8a, 0xd9, 0xfe, 0xd9, 0x10, 0xd, 0x9f, 0xfe,
    0xe3, 0x0, 0x57, 0xfa, 0xc, 0xcd, 0xdf, 0xc0,
    0x7f, 0xe5, 0x0, 0xc3, 0xfe, 0x68, 0xfd, 0x0,
    0xf5, 0x7d, 0xdb, 0xfd, 0xdd, 0xef, 0xf6, 0xe7,
    0xff, 0xfb, 0x73, 0xf0, 0x3, 0xfa, 0x7f, 0xc2,
    0x1, 0xf8, 0xff, 0xd4, 0x1, 0xcc, 0x60, 0xb,
    0xff, 0x63, 0x23, 0x67, 0xf1, 0x0, 0xe7, 0xff,
    0xd4, 0x1, 0x9b, 0x3b, 0xf6, 0x90, 0x0,

    /* U+1EC2 "Ể" */
    0x0, 0xff, 0xe4, 0xbf, 0xeb, 0x0, 0x7f, 0xa,
    0xd7, 0x98, 0x7, 0xf8, 0x7d, 0x80, 0x3d, 0x96,
    0x9, 0xba, 0x10, 0xe, 0xcf, 0xf5, 0x9a, 0x0,
    0x7b, 0x3c, 0xd3, 0xec, 0x3, 0xcf, 0x68, 0x0,
    0x5b, 0x60, 0xf, 0xfe, 0x27, 0xff, 0xff, 0x0,
    0x3f, 0xff, 0xf8, 0x1, 0xfe, 0xb5, 0x5f, 0xe0,
    0xff, 0x48, 0x7, 0xfb, 0xfd, 0x20, 0x1f, 0xef,
    0xf4, 0x80, 0x7f, 0xbf, 0xd2, 0x1, 0xfe, 0xff,
    0x5a, 0xaf, 0xe0, 0x7, 0xff, 0xfc, 0x41, 0xff,
    0xff, 0x10, 0x7f, 0xa4, 0x3, 0xfd, 0xfe, 0x90,
    0xf, 0xf7, 0xfa, 0x40, 0x3f, 0xdf, 0xe9, 0x0,
    0xff, 0x7f, 0xa4, 0x3, 0xfd, 0xfe, 0xb5, 0x5f,
    0xe0, 0xff, 0xff, 0xe0, 0x7, 0xff, 0xff, 0x0,

    /* U+1EC3 "ể" */
    0x0, 0xff, 0xe3, 0xc7, 0xea, 0x80, 0x7e, 0x26,
    0xbf, 0x20, 0xf, 0x8, 0x0, 0xfd, 0x0, 0x3a,
    0xb0, 0x1b, 0xac, 0x3, 0xab, 0xfd, 0x86, 0x60,
    0xe, 0x9f, 0x85, 0xfc, 0x0, 0xe6, 0xd8, 0x0,
    0x2e, 0xc0, 0x7, 0xff, 0x15, 0xb3, 0xfd, 0xb2,
    0x20, 0x1b, 0x3f, 0xfd, 0xc6, 0x0, 0xaf, 0xf4,
    0x19, 0x9b, 0xbf, 0x80, 0xff, 0xca, 0x1, 0x87,
    0xfc, 0xd1, 0xfa, 0x1, 0xea, 0xfb, 0xb7, 0xfb,
    0xbb, 0xdf, 0xed, 0xcf, 0xff, 0xf6, 0xe7, 0xe0,
    0x7, 0xf4, 0xff, 0x84, 0x3, 0xf1, 0xff, 0xa8,
    0x3, 0x98, 0xc0, 0x17, 0xfe, 0xc6, 0x46, 0xcf,
    0xe2, 0x1, 0xcf, 0xff, 0xa8, 0x3, 0x36, 0x77,
    0xed, 0x20, 0x0,

    /* U+1EC4 "Ễ" */
    0x0, 0xe1, 0x0, 0xff, 0x1f, 0x7f, 0x39, 0xe5,
    0x80, 0x76, 0x61, 0x6f, 0xfe, 0x50, 0xe, 0x52,
    0x0, 0x1a, 0x10, 0x7, 0xe1, 0xcb, 0x0, 0xfe,
    0x1c, 0xef, 0xb0, 0xf, 0x87, 0x3c, 0xd3, 0xec,
    0x3, 0xcf, 0x66, 0x0, 0x5b, 0x60, 0xf, 0xfe,
    0x27, 0xff, 0xff, 0x0, 0x3f, 0xff, 0xf8, 0x1,
    0xfe, 0xb5, 0x5f, 0xe0, 0xff, 0x48, 0x7, 0xfb,
    0xfd, 0x20, 0x1f, 0xef, 0xf4, 0x80, 0x7f, 0xbf,
    0xd2, 0x1, 0xfe, 0xff, 0x5a, 0xaf, 0xe0, 0x7,
    0xff, 0xfc, 0x41, 0xff, 0xff, 0x10, 0x7f, 0xa4,
    0x3, 0xfd, 0xfe, 0x90, 0xf, 0xf7, 0xfa, 0x40,
    0x3f, 0xdf, 0xe9, 0x0, 0xff, 0x7f, 0xa4, 0x3,
    0xfd, 0xfe, 0xb5, 0x5f, 0xe0, 0xff, 0xff, 0xe0,
    0x7, 0xff, 0xff, 0x0,

    /* U+1EC5 "ễ" */
    0x0, 0xff, 0xe1, 0x16, 0xff, 0x41, 0xd6, 0x80,
    0x6a, 0xe5, 0x8f, 0xfa, 0x0, 0x32, 0x18, 0x9,
    0xa1, 0x80, 0x7e, 0xce, 0x20, 0xf, 0xd7, 0xfd,
    0xa2, 0x1, 0xea, 0xf5, 0x3f, 0xd1, 0x0, 0xcd,
    0x8c, 0x0, 0x4c, 0x80, 0xf, 0xfe, 0x2b, 0x67,
    0xfb, 0x64, 0x40, 0x36, 0x7f, 0xfb, 0x8c, 0x1,
    0x5f, 0xe8, 0x33, 0x37, 0x7f, 0x1, 0xff, 0x94,
    0x3, 0xf, 0xf9, 0xa3, 0xf4, 0x3, 0xd5, 0xf7,
    0x6f, 0xf7, 0x77, 0xbf, 0xdb, 0x9f, 0xff, 0xed,
    0xcf, 0xc0, 0xf, 0xe9, 0xff, 0x8, 0x7, 0xe3,
    0xff, 0x50, 0x7, 0x31, 0x80, 0x2f, 0xfd, 0x8c,
    0x8d, 0x9f, 0xc4, 0x3, 0x9f, 0xff, 0x50, 0x6,
    0x6c, 0xef, 0xda, 0x40, 0x0,

    /* U+1EC6 "Ệ" */
    0x0, 0xf2, 0xa0, 0x7, 0xf9, 0x3f, 0xc6, 0x1,
    0xf8, 0xff, 0x37, 0x88, 0x3, 0xc5, 0xda, 0x25,
    0xdc, 0x10, 0xe, 0x68, 0x20, 0x1, 0x42, 0x80,
    0x7f, 0xf1, 0x3f, 0xff, 0xf8, 0x1, 0xff, 0xff,
    0xc0, 0xf, 0xf5, 0xaa, 0xff, 0x7, 0xfa, 0x40,
    0x3f, 0xdf, 0xe9, 0x0, 0xff, 0x7f, 0xa4, 0x3,
    0xfd, 0xfe, 0x90, 0xf, 0xf7, 0xfa, 0xd5, 0x7f,
    0x0, 0x3f, 0xff, 0xe2, 0xf, 0xff, 0xf8, 0x83,
    0xfd, 0x20, 0x1f, 0xef, 0xf4, 0x80, 0x7f, 0xbf,
    0xd2, 0x1, 0xfe, 0xff, 0x48, 0x7, 0xfb, 0xfd,
    0x20, 0x1f, 0xef, 0xf5, 0xaa, 0xff, 0x7, 0xff,
    0xff, 0x0, 0x3f, 0xff, 0xf8, 0x0, 0x1f, 0xfd,
    0x38, 0xff, 0x30, 0x7, 0xf4, 0x7f, 0x98, 0x3,
    0xf9, 0xb3, 0x8, 0x1, 0x80,

    /* U+1EC7 "ệ" */
    0x0, 0xe3, 0x50, 0xf, 0xe2, 0xef, 0x40, 0xf,
    0x8b, 0xb9, 0x9e, 0x80, 0x1c, 0x3b, 0xc4, 0x3b,
    0xe6, 0x1, 0x96, 0xc, 0x0, 0x2e, 0xc0, 0x1f,
    0xfc, 0x56, 0xcf, 0xf6, 0xc8, 0x80, 0x6c, 0xff,
    0xf7, 0x18, 0x2, 0xbf, 0xd0, 0x66, 0x6e, 0xfe,
    0x3, 0xff, 0x28, 0x6, 0x1f, 0xf3, 0x47, 0xe8,
    0x7, 0xab, 0xee, 0xdf, 0xee, 0xef, 0x7f, 0xb7,
    0x3f, 0xff, 0xdb, 0x9f, 0x80, 0x1f, 0xd3, 0xfe,
    0x10, 0xf, 0xc7, 0xfe, 0xa0, 0xe, 0x63, 0x0,
    0x5f, 0xfb, 0x19, 0x1b, 0x3f, 0x88, 0x7, 0x3f,
    0xfe, 0xa0, 0xc, 0xd9, 0xdf, 0xb4, 0x80, 0x1f,
    0xfc, 0x61, 0xcc, 0x48, 0x7, 0xe2, 0xff, 0x58,
    0x7, 0xe2, 0xff, 0x58, 0x6,

    /* U+1EC8 "Ỉ" */
    0x1, 0x0, 0xcb, 0xfe, 0xb3, 0x1, 0x58, 0xfe,
    0x0, 0xd7, 0xe2, 0x9, 0x9c, 0xe0, 0x1, 0x30,
    0xd, 0xfe, 0x90, 0xb, 0xfd, 0x20, 0x17, 0xfa,
    0x40, 0x2f, 0xf4, 0x80, 0x5f, 0xe9, 0x0, 0xbf,
    0xd2, 0x1, 0x7f, 0xa4, 0x2, 0xff, 0x48, 0x5,
    0xfe, 0x90, 0xb, 0xfd, 0x20, 0x17, 0xfa, 0x40,
    0x2f, 0xf4, 0x80, 0x5f, 0xe9, 0x0, 0xbf, 0xd2,
    0x1, 0x7f, 0xa4, 0x2, 0xff, 0x48, 0x5, 0xfe,
    0x90, 0xb, 0xfd, 0x20, 0x0,

    /* U+1EC9 "ỉ" */
    0x9e, 0xc7, 0x4, 0x8c, 0xfa, 0x0, 0xbf, 0x41,
    0xf7, 0x48, 0x6, 0x60, 0x2, 0x7f, 0x90, 0x13,
    0xfc, 0x80, 0x9f, 0xe4, 0x4, 0xff, 0x20, 0x27,
    0xf9, 0x1, 0x3f, 0xc8, 0x9, 0xfe, 0x40, 0x4f,
    0xf2, 0x2, 0x7f, 0x90, 0x13, 0xfc, 0x80, 0x9f,
    0xe4, 0x4, 0xff, 0x20, 0x27, 0xf9, 0x0,

    /* U+1ECA "Ị" */
    0xf, 0xf4, 0x87, 0xfa, 0x43, 0xfd, 0x21, 0xfe,
    0x90, 0xff, 0x48, 0x7f, 0xa4, 0x3f, 0xd2, 0x1f,
    0xe9, 0xf, 0xf4, 0x87, 0xfa, 0x43, 0xfd, 0x21,
    0xfe, 0x90, 0xff, 0x48, 0x7f, 0xa4, 0x3f, 0xd2,
    0x1f, 0xe9, 0xf, 0xf4, 0x87, 0xfa, 0x40, 0x3f,
    0x17, 0xfa, 0xcb, 0xfd, 0x63, 0x98, 0x90,

    /* U+1ECB "ị" */
    0x7f, 0xf3, 0xbb, 0xfc, 0xee, 0xff, 0x38, 0x8,
    0x80, 0x39, 0x3f, 0xc8, 0x8f, 0xf2, 0x23, 0xfc,
    0x88, 0xff, 0x22, 0x3f, 0xc8, 0x8f, 0xf2, 0x23,
    0xfc, 0x88, 0xff, 0x22, 0x3f, 0xc8, 0x8f, 0xf2,
    0x23, 0xfc, 0x88, 0xff, 0x22, 0x3f, 0xc8, 0x1,
    0xf9, 0xff, 0xce, 0xef, 0xf3, 0xae, 0x61, 0x40,

    /* U+1ECC "Ọ" */
    0x0, 0xc2, 0xf7, 0xdf, 0xed, 0x93, 0x0, 0xfc,
    0x9d, 0xff, 0xfa, 0x40, 0x3c, 0xdf, 0xf7, 0x54,
    0x4e, 0x7f, 0xd8, 0x1, 0x8f, 0xfe, 0x60, 0xe,
    0x3d, 0xff, 0x48, 0x5, 0xbf, 0xe4, 0x0, 0xfd,
    0xbf, 0xe3, 0x3, 0xff, 0x50, 0x7, 0xf2, 0x7f,
    0xa8, 0x23, 0xfc, 0x60, 0x1f, 0xed, 0xff, 0x5,
    0xff, 0x80, 0x3f, 0xe9, 0xff, 0xe, 0x7f, 0x0,
    0x7f, 0xd1, 0xfe, 0x3c, 0xfe, 0x0, 0xff, 0xa3,
    0xfc, 0x77, 0xfe, 0x0, 0xff, 0xa7, 0xfc, 0x31,
    0xfe, 0x30, 0xf, 0xf6, 0xff, 0x1, 0xff, 0xa8,
    0x3, 0xf9, 0x3f, 0xd4, 0x0, 0xdf, 0xf2, 0x0,
    0x7e, 0xdf, 0xf1, 0x80, 0xf, 0xfe, 0x60, 0xe,
    0x3d, 0xff, 0x48, 0x6, 0x6f, 0xfb, 0xaa, 0x27,
    0x3f, 0xec, 0x0, 0xf2, 0x77, 0xff, 0xe9, 0x0,
    0xfc, 0x2f, 0x7d, 0xfe, 0xd9, 0x30, 0xf, 0xfe,
    0x94, 0xe6, 0x4, 0x3, 0xff, 0x85, 0x9f, 0xe2,
    0x0, 0xff, 0xe1, 0x67, 0xf8, 0x80, 0x3e,

    /* U+1ECD "ọ" */
    0x0, 0x92, 0xbb, 0xf6, 0x8c, 0x3, 0xa7, 0xff,
    0xe8, 0x0, 0xa3, 0xfd, 0x8a, 0x8b, 0x9f, 0xe7,
    0x2, 0xff, 0x50, 0x7, 0x5f, 0xf8, 0x63, 0xfc,
    0x20, 0x1c, 0x5f, 0xe7, 0xbf, 0xd0, 0xf, 0xb7,
    0xeb, 0x3e, 0xc0, 0x3e, 0xcf, 0xcb, 0xfd, 0x0,
    0xfb, 0x7e, 0xa3, 0xfc, 0x20, 0x1c, 0x5f, 0xe7,
    0x2f, 0xf5, 0x80, 0x75, 0xff, 0x84, 0x23, 0xfd,
    0x8c, 0x8d, 0xbf, 0xe7, 0x0, 0xa7, 0xff, 0xe8,
    0x0, 0xe4, 0xae, 0xfe, 0xa3, 0x0, 0xff, 0xe4,
    0xe6, 0x2c, 0x3, 0xfd, 0xfe, 0xe0, 0xf, 0xf7,
    0xfb, 0x80, 0x38,

    /* U+1ECE "Ỏ" */
    0x0, 0xf8, 0x40, 0x3f, 0xf8, 0xbd, 0xf8, 0x80,
    0x1f, 0xfc, 0x24, 0x7e, 0xf3, 0x0, 0xff, 0xe1,
    0xaf, 0xc0, 0x7, 0xff, 0xe, 0x3d, 0x80, 0x3f,
    0xf8, 0x5d, 0xc8, 0x0, 0xff, 0xe1, 0x88, 0x7,
    0xff, 0x4, 0x5e, 0xfb, 0xfd, 0xb2, 0x60, 0x1f,
    0x93, 0xbf, 0xff, 0x48, 0x7, 0x9b, 0xfe, 0xea,
    0x89, 0xcf, 0xfb, 0x0, 0x31, 0xff, 0xcc, 0x1,
    0xc7, 0xbf, 0xe9, 0x0, 0xb7, 0xfc, 0x80, 0x1f,
    0xb7, 0xfc, 0x60, 0x7f, 0xea, 0x0, 0xfe, 0x4f,
    0xf5, 0x4, 0x7f, 0x8c, 0x3, 0xfd, 0xbf, 0xe0,
    0xbf, 0xf0, 0x7, 0xfd, 0x3f, 0xe1, 0xcf, 0xe0,
    0xf, 0xfa, 0x3f, 0xc7, 0x9f, 0xc0, 0x1f, 0xf4,
    0x7f, 0x8e, 0xff, 0xc0, 0x1f, 0xf4, 0xff, 0x86,
    0x3f, 0xc6, 0x1, 0xfe, 0xdf, 0xe0, 0x3f, 0xf5,
    0x0, 0x7f, 0x27, 0xfa, 0x80, 0x1b, 0xfe, 0x40,
    0xf, 0xdb, 0xfe, 0x30, 0x1, 0xff, 0xcc, 0x1,
    0xc7, 0xbf, 0xe9, 0x0, 0xcd, 0xff, 0x75, 0x44,
    0xe7, 0xfd, 0x80, 0x1e, 0x4e, 0xff, 0xfd, 0x20,
    0x1f, 0x85, 0xef, 0xbf, 0xdb, 0x26, 0x1, 0xc0,

    /* U+1ECF "ỏ" */
    0x0, 0xc5, 0xfd, 0x46, 0x1, 0xfc, 0xf5, 0xfe,
    0x20, 0xf, 0xf4, 0x7a, 0x0, 0x7e, 0x19, 0xec,
    0x0, 0xfe, 0x17, 0x30, 0xf, 0xc9, 0x5d, 0xfb,
    0x46, 0x1, 0xd3, 0xff, 0xf4, 0x0, 0x51, 0xfe,
    0xc5, 0x45, 0xcf, 0xf3, 0x81, 0x7f, 0xa8, 0x3,
    0xaf, 0xfc, 0x31, 0xfe, 0x10, 0xe, 0x2f, 0xf3,
    0xdf, 0xe8, 0x7, 0xdb, 0xf5, 0x9f, 0x60, 0x1f,
    0x67, 0xe5, 0xfe, 0x80, 0x7d, 0xbf, 0x51, 0xfe,
    0x10, 0xe, 0x2f, 0xf3, 0x97, 0xfa, 0xc0, 0x3a,
    0xff, 0xc2, 0x11, 0xfe, 0xc6, 0x46, 0xdf, 0xf3,
    0x80, 0x53, 0xff, 0xf4, 0x0, 0x72, 0x57, 0x7f,
    0x51, 0x80, 0x40,

    /* U+1ED0 "Ố" */
    0x0, 0xff, 0xe0, 0x6f, 0x98, 0x7, 0xff, 0x9,
    0x7e, 0x0, 0x3f, 0xf8, 0x4, 0x0, 0xdd, 0x0,
    0x7f, 0xf0, 0x13, 0xe8, 0x9c, 0x80, 0x3f, 0xe6,
    0xfa, 0xfb, 0x0, 0xff, 0xe0, 0x3f, 0xc0, 0x1f,
    0x60, 0x80, 0x7f, 0x8c, 0xc0, 0x10, 0x98, 0x80,
    0x7f, 0xf3, 0xc5, 0xef, 0xbf, 0xdb, 0x26, 0x1,
    0xf9, 0x3b, 0xff, 0xf4, 0x80, 0x79, 0xbf, 0xee,
    0xa8, 0x9c, 0xff, 0xb0, 0x3, 0x1f, 0xfc, 0xc0,
    0x1c, 0x7b, 0xfe, 0x90, 0xb, 0x7f, 0xc8, 0x1,
    0xfb, 0x7f, 0xc6, 0x7, 0xfe, 0xa0, 0xf, 0xe4,
    0xff, 0x50, 0x47, 0xf8, 0xc0, 0x3f, 0xdb, 0xfe,
    0xb, 0xff, 0x0, 0x7f, 0xd3, 0xfe, 0x1c, 0xfe,
    0x0, 0xff, 0xa3, 0xfc, 0x79, 0xfc, 0x1, 0xff,
    0x47, 0xf8, 0xef, 0xfc, 0x1, 0xff, 0x4f, 0xf8,
    0x63, 0xfc, 0x60, 0x1f, 0xed, 0xfe, 0x3, 0xff,
    0x50, 0x7, 0xf2, 0x7f, 0xa8, 0x1, 0xbf, 0xe4,
    0x0, 0xfd, 0xbf, 0xe3, 0x0, 0x1f, 0xfc, 0xc0,
    0x1c, 0x7b, 0xfe, 0x90, 0xc, 0xdf, 0xf7, 0x54,
    0x4e, 0x7f, 0xd8, 0x1, 0xe4, 0xef, 0xff, 0xd2,
    0x1, 0xf8, 0x5e, 0xfb, 0xfd, 0xb2, 0x60, 0x1c,

    /* U+1ED1 "ố" */
    0x0, 0xff, 0x11, 0x80, 0x7f, 0x8b, 0xf4, 0x3,
    0xfd, 0x5e, 0x60, 0x1e, 0x1b, 0x13, 0xf7, 0x0,
    0xf0, 0xef, 0xe9, 0xa0, 0x7, 0x87, 0x79, 0xbf,
    0x44, 0x3, 0x87, 0x78, 0xc0, 0xfb, 0x44, 0x3,
    0xff, 0x8c, 0x95, 0xdf, 0xb4, 0x60, 0x1d, 0x3f,
    0xff, 0x40, 0x5, 0x1f, 0xec, 0x54, 0x5c, 0xff,
    0x38, 0x17, 0xfa, 0x80, 0x3a, 0xff, 0xc3, 0x1f,
    0xe1, 0x0, 0xe2, 0xff, 0x3d, 0xfe, 0x80, 0x7d,
    0xbf, 0x59, 0xf6, 0x1, 0xf6, 0x7e, 0x5f, 0xe8,
    0x7, 0xdb, 0xf5, 0x1f, 0xe1, 0x0, 0xe2, 0xff,
    0x39, 0x7f, 0xac, 0x3, 0xaf, 0xfc, 0x21, 0x1f,
    0xec, 0x64, 0x6d, 0xff, 0x38, 0x5, 0x3f, 0xff,
    0x40, 0x7, 0x25, 0x77, 0xf5, 0x18, 0x4,

    /* U+1ED2 "Ồ" */
    0x0, 0xfe, 0x3f, 0xd0, 0xf, 0xfe, 0x24, 0x7a,
    0x80, 0x7f, 0xf0, 0x48, 0x1, 0xba, 0x0, 0xff,
    0xe0, 0x27, 0xd0, 0x13, 0x88, 0x7, 0xf9, 0xbe,
    0xbe, 0xc0, 0x3f, 0xf8, 0xf, 0xf0, 0x7, 0xd8,
    0x20, 0x1f, 0xe3, 0x30, 0x4, 0x26, 0x20, 0x1f,
    0xfc, 0xf1, 0x7b, 0xef, 0xf6, 0xc9, 0x80, 0x7e,
    0x4e, 0xff, 0xfd, 0x20, 0x1e, 0x6f, 0xfb, 0xaa,
    0x27, 0x3f, 0xec, 0x0, 0xc7, 0xff, 0x30, 0x7,
    0x1e, 0xff, 0xa4, 0x2, 0xdf, 0xf2, 0x0, 0x7e,
    0xdf, 0xf1, 0x81, 0xff, 0xa8, 0x3, 0xf9, 0x3f,
    0xd4, 0x11, 0xfe, 0x30, 0xf, 0xf6, 0xff, 0x82,
    0xff, 0xc0, 0x1f, 0xf4, 0xff, 0x87, 0x3f, 0x80,
    0x3f, 0xe8, 0xff, 0x1e, 0x7f, 0x0, 0x7f, 0xd1,
    0xfe, 0x3b, 0xff, 0x0, 0x7f, 0xd3, 0xfe, 0x18,
    0xff, 0x18, 0x7, 0xfb, 0x7f, 0x80, 0xff, 0xd4,
    0x1, 0xfc, 0x9f, 0xea, 0x0, 0x6f, 0xf9, 0x0,
    0x3f, 0x6f, 0xf8, 0xc0, 0x7, 0xff, 0x30, 0x7,
    0x1e, 0xff, 0xa4, 0x3, 0x37, 0xfd, 0xd5, 0x13,
    0x9f, 0xf6, 0x0, 0x79, 0x3b, 0xff, 0xf4, 0x80,
    0x7e, 0x17, 0xbe, 0xff, 0x6c, 0x98, 0x7, 0x0,

    /* U+1ED3 "ồ" */
    0x0, 0xf8, 0x8c, 0x40, 0x3f, 0xc9, 0xf6, 0x1,
    0xff, 0x4f, 0x98, 0x7, 0xc3, 0x62, 0x1d, 0x60,
    0x1e, 0x1d, 0xfd, 0x12, 0x40, 0xe, 0x1d, 0xf6,
    0xfd, 0x10, 0xe, 0x1d, 0xe3, 0x3, 0xed, 0x10,
    0xf, 0xfe, 0x32, 0x57, 0x7e, 0xd1, 0x80, 0x74,
    0xff, 0xfd, 0x0, 0x14, 0x7f, 0xb1, 0x51, 0x73,
    0xfc, 0xe0, 0x5f, 0xea, 0x0, 0xeb, 0xff, 0xc,
    0x7f, 0x84, 0x3, 0x8b, 0xfc, 0xf7, 0xfa, 0x1,
    0xf6, 0xfd, 0x67, 0xd8, 0x7, 0xd9, 0xf9, 0x7f,
    0xa0, 0x1f, 0x6f, 0xd4, 0x7f, 0x84, 0x3, 0x8b,
    0xfc, 0xe5, 0xfe, 0xb0, 0xe, 0xbf, 0xf0, 0x84,
    0x7f, 0xb1, 0x91, 0xb7, 0xfc, 0xe0, 0x14, 0xff,
    0xfd, 0x0, 0x1c, 0x95, 0xdf, 0xd4, 0x60, 0x10,

    /* U+1ED4 "Ổ" */
    0x0, 0xff, 0xe8, 0x5f, 0xe1, 0x80, 0x7f, 0xf0,
    0x8d, 0xb7, 0x80, 0x3f, 0xf8, 0x8b, 0xe4, 0x1,
    0xfe, 0x1d, 0x50, 0x5d, 0xc0, 0xf, 0xf0, 0xef,
    0xf9, 0x19, 0x40, 0x3f, 0xec, 0xf3, 0xbf, 0x40,
    0xf, 0xfa, 0xfd, 0x0, 0x1b, 0xe6, 0x1, 0xff,
    0xcf, 0x17, 0xbe, 0xff, 0x6c, 0x98, 0x7, 0xe4,
    0xef, 0xff, 0xd2, 0x1, 0xe6, 0xff, 0xba, 0xa2,
    0x73, 0xfe, 0xc0, 0xc, 0x7f, 0xf3, 0x0, 0x71,
    0xef, 0xfa, 0x40, 0x2d, 0xff, 0x20, 0x7, 0xed,
    0xff, 0x18, 0x1f, 0xfa, 0x80, 0x3f, 0x93, 0xfd,
    0x41, 0x1f, 0xe3, 0x0, 0xff, 0x6f, 0xf8, 0x2f,
    0xfc, 0x1, 0xff, 0x4f, 0xf8, 0x73, 0xf8, 0x3,
    0xfe, 0x8f, 0xf1, 0xe7, 0xf0, 0x7, 0xfd, 0x1f,
    0xe3, 0xbf, 0xf0, 0x7, 0xfd, 0x3f, 0xe1, 0x8f,
    0xf1, 0x80, 0x7f, 0xb7, 0xf8, 0xf, 0xfd, 0x40,
    0x1f, 0xc9, 0xfe, 0xa0, 0x6, 0xff, 0x90, 0x3,
    0xf6, 0xff, 0x8c, 0x0, 0x7f, 0xf3, 0x0, 0x71,
    0xef, 0xfa, 0x40, 0x33, 0x7f, 0xdd, 0x51, 0x39,
    0xff, 0x60, 0x7, 0x93, 0xbf, 0xff, 0x48, 0x7,
    0xe1, 0x7b, 0xef, 0xf6, 0xc9, 0x80, 0x70,

    /* U+1ED5 "ổ" */
    0x0, 0xff, 0xe4, 0x17, 0xfa, 0x40, 0x3f, 0xcb,
    0x1f, 0x0, 0x1f, 0x8, 0x5, 0xb4, 0x1, 0xe4,
    0xf4, 0x2c, 0xe4, 0x0, 0xe4, 0xff, 0x91, 0x0,
    0x1e, 0x3f, 0xd3, 0xdf, 0x30, 0xe, 0x1c, 0xc0,
    0x80, 0xe6, 0x4, 0x3, 0xff, 0x8c, 0x95, 0xdf,
    0xb4, 0x60, 0x1d, 0x3f, 0xff, 0x40, 0x5, 0x1f,
    0xec, 0x54, 0x5c, 0xff, 0x38, 0x17, 0xfa, 0x80,
    0x3a, 0xff, 0xc3, 0x1f, 0xe1, 0x0, 0xe2, 0xff,
    0x3d, 0xfe, 0x80, 0x7d, 0xbf, 0x59, 0xf6, 0x1,
    0xf6, 0x7e, 0x5f, 0xe8, 0x7, 0xdb, 0xf5, 0x1f,
    0xe1, 0x0, 0xe2, 0xff, 0x39, 0x7f, 0xac, 0x3,
    0xaf, 0xfc, 0x21, 0x1f, 0xec, 0x64, 0x6d, 0xff,
    0x38, 0x5, 0x3f, 0xff, 0x40, 0x7, 0x25, 0x77,
    0xf5, 0x18, 0x4,

    /* U+1ED6 "Ỗ" */
    0x0, 0xff, 0xe5, 0xb7, 0xfb, 0x14, 0xfa, 0x0,
    0x3f, 0x87, 0xe9, 0xb7, 0xfd, 0xc4, 0x1, 0xfc,
    0x2a, 0x20, 0x26, 0x82, 0x1, 0xff, 0xc1, 0x2e,
    0x60, 0xf, 0xfe, 0x10, 0xef, 0xf9, 0x40, 0x3f,
    0xf8, 0x3, 0xbc, 0x55, 0xe8, 0x1, 0xff, 0x67,
    0x98, 0x3, 0x3c, 0xc0, 0x3f, 0xf9, 0xe2, 0xf7,
    0xdf, 0xed, 0x93, 0x0, 0xfc, 0x9d, 0xff, 0xfa,
    0x40, 0x3c, 0xdf, 0xf7, 0x54, 0x4e, 0x7f, 0xd8,
    0x1, 0x8f, 0xfe, 0x60, 0xe, 0x3d, 0xff, 0x48,
    0x5, 0xbf, 0xe4, 0x0, 0xfd, 0xbf, 0xe3, 0x3,
    0xff, 0x50, 0x7, 0xf2, 0x7f, 0xa8, 0x23, 0xfc,
    0x60, 0x1f, 0xed, 0xff, 0x5, 0xff, 0x80, 0x3f,
    0xe9, 0xff, 0xe, 0x7f, 0x0, 0x7f, 0xd1, 0xfe,
    0x3c, 0xfe, 0x0, 0xff, 0xa3, 0xfc, 0x77, 0xfe,
    0x0, 0xff, 0xa7, 0xfc, 0x31, 0xfe, 0x30, 0xf,
    0xf6, 0xff, 0x1, 0xff, 0xa8, 0x3, 0xf9, 0x3f,
    0xd4, 0x0, 0xdf, 0xf2, 0x0, 0x7e, 0xdf, 0xf1,
    0x80, 0xf, 0xfe, 0x60, 0xe, 0x3d, 0xff, 0x48,
    0x6, 0x6f, 0xfb, 0xaa, 0x27, 0x3f, 0xec, 0x0,
    0xf2, 0x77, 0xff, 0xe9, 0x0, 0xfc, 0x2f, 0x7d,
    0xfe, 0xd9, 0x30, 0xe,

    /* U+1ED7 "ỗ" */
    0x0, 0xff, 0xe2, 0x4f, 0xfa, 0xd1, 0x79, 0x0,
    0x32, 0x7c, 0x2e, 0xff, 0xb4, 0x3, 0x89, 0x40,
    0x8, 0x68, 0x1, 0xfc, 0xfe, 0xc0, 0x1f, 0xcd,
    0xfd, 0xea, 0x1, 0xf2, 0xfd, 0x85, 0xfa, 0x0,
    0x71, 0x65, 0x80, 0x57, 0x61, 0x0, 0xff, 0xe3,
    0x25, 0x77, 0xed, 0x18, 0x7, 0x4f, 0xff, 0xd0,
    0x1, 0x47, 0xfb, 0x15, 0x17, 0x3f, 0xce, 0x5,
    0xfe, 0xa0, 0xe, 0xbf, 0xf0, 0xc7, 0xf8, 0x40,
    0x38, 0xbf, 0xcf, 0x7f, 0xa0, 0x1f, 0x6f, 0xd6,
    0x7d, 0x80, 0x7d, 0x9f, 0x97, 0xfa, 0x1, 0xf6,
    0xfd, 0x47, 0xf8, 0x40, 0x38, 0xbf, 0xce, 0x5f,
    0xeb, 0x0, 0xeb, 0xff, 0x8, 0x47, 0xfb, 0x19,
    0x1b, 0x7f, 0xce, 0x1, 0x4f, 0xff, 0xd0, 0x1,
    0xc9, 0x5d, 0xfd, 0x46, 0x1, 0x0,

    /* U+1ED8 "Ộ" */
    0x0, 0xfc, 0x20, 0x1f, 0xfc, 0x42, 0xe6, 0x0,
    0xff, 0xe1, 0xe, 0xff, 0x94, 0x3, 0xff, 0x80,
    0x3b, 0xe7, 0x7e, 0x80, 0x1f, 0xf6, 0x7a, 0x0,
    0x33, 0xcc, 0x3, 0xff, 0xc2, 0x2f, 0x7d, 0xfe,
    0xd9, 0x30, 0xf, 0xc9, 0xdf, 0xff, 0xa4, 0x3,
    0xcd, 0xff, 0x75, 0x44, 0xe7, 0xfd, 0x80, 0x18,
    0xff, 0xe6, 0x0, 0xe3, 0xdf, 0xf4, 0x80, 0x5b,
    0xfe, 0x40, 0xf, 0xdb, 0xfe, 0x30, 0x3f, 0xf5,
    0x0, 0x7f, 0x27, 0xfa, 0x82, 0x3f, 0xc6, 0x1,
    0xfe, 0xdf, 0xf0, 0x5f, 0xf8, 0x3, 0xfe, 0x9f,
    0xf0, 0xe7, 0xf0, 0x7, 0xfd, 0x1f, 0xe3, 0xcf,
    0xe0, 0xf, 0xfa, 0x3f, 0xc7, 0x7f, 0xe0, 0xf,
    0xfa, 0x7f, 0xc3, 0x1f, 0xe3, 0x0, 0xff, 0x6f,
    0xf0, 0x1f, 0xfa, 0x80, 0x3f, 0x93, 0xfd, 0x40,
    0xd, 0xff, 0x20, 0x7, 0xed, 0xff, 0x18, 0x0,
    0xff, 0xe6, 0x0, 0xe3, 0xdf, 0xf4, 0x80, 0x66,
    0xff, 0xba, 0xa2, 0x73, 0xfe, 0xc0, 0xf, 0x27,
    0x7f, 0xfe, 0x90, 0xf, 0xc2, 0xf7, 0xdf, 0xed,
    0x93, 0x0, 0xff, 0xe9, 0x4e, 0x60, 0x40, 0x3f,
    0xf8, 0x59, 0xfe, 0x20, 0xf, 0xfe, 0x16, 0x7f,
    0x88, 0x3, 0xe0,

    /* U+1ED9 "ộ" */
    0x0, 0xf4, 0x0, 0x7f, 0xd7, 0xf4, 0x1, 0xfd,
    0x5f, 0x5f, 0x20, 0x1f, 0x47, 0xb8, 0x47, 0xc0,
    0x7, 0x14, 0x30, 0x4, 0xd0, 0x20, 0x1f, 0xfc,
    0x64, 0xae, 0xfd, 0xa3, 0x0, 0xe9, 0xff, 0xfa,
    0x0, 0x28, 0xff, 0x62, 0xa2, 0xe7, 0xf9, 0xc0,
    0xbf, 0xd4, 0x1, 0xd7, 0xfe, 0x18, 0xff, 0x8,
    0x7, 0x17, 0xf9, 0xef, 0xf4, 0x3, 0xed, 0xfa,
    0xcf, 0xb0, 0xf, 0xb3, 0xf2, 0xff, 0x40, 0x3e,
    0xdf, 0xa8, 0xff, 0x8, 0x7, 0x17, 0xf9, 0xcb,
    0xfd, 0x60, 0x1d, 0x7f, 0xe1, 0x8, 0xff, 0x63,
    0x23, 0x6f, 0xf9, 0xc0, 0x29, 0xff, 0xfa, 0x0,
    0x39, 0x2b, 0xbf, 0xa8, 0xc0, 0x3f, 0xf9, 0x39,
    0x8b, 0x0, 0xff, 0x7f, 0xb8, 0x3, 0xfd, 0xfe,
    0xe0, 0xe,

    /* U+1EDA "Ớ" */
    0x0, 0xff, 0x24, 0x38, 0x7, 0xff, 0xc, 0xff,
    0xc8, 0x1, 0xff, 0xc2, 0x1e, 0xf4, 0x0, 0xff,
    0xe1, 0xef, 0x98, 0x7, 0xff, 0x98, 0x5e, 0xfb,
    0xfd, 0xb2, 0x60, 0x15, 0x79, 0x0, 0x49, 0xdf,
    0xff, 0xa4, 0x1, 0x9e, 0x20, 0x6, 0xff, 0xba,
    0xa2, 0x73, 0xfe, 0xd6, 0xfd, 0x0, 0x1f, 0xfc,
    0xc0, 0x1c, 0x7b, 0xff, 0x90, 0x1, 0xbf, 0xe4,
    0x0, 0xfd, 0xbf, 0xe6, 0x0, 0x1f, 0xfa, 0x80,
    0x3f, 0x93, 0xfd, 0x40, 0x8, 0xff, 0x18, 0x7,
    0xfb, 0x7f, 0xc0, 0xb, 0xff, 0x0, 0x7f, 0xd3,
    0xfe, 0x10, 0xcf, 0xe0, 0xf, 0xfa, 0x3f, 0xc6,
    0x19, 0xfc, 0x1, 0xff, 0x47, 0xf8, 0xc2, 0xff,
    0xc0, 0x1f, 0xf4, 0xff, 0x84, 0x23, 0xfc, 0x60,
    0x1f, 0xed, 0xfe, 0x0, 0x1f, 0xfa, 0x80, 0x3f,
    0x93, 0xfd, 0x40, 0x16, 0xff, 0x90, 0x3, 0xf6,
    0xff, 0x8c, 0x2, 0x3f, 0xf9, 0x80, 0x38, 0xf7,
    0xfd, 0x20, 0x1c, 0xdf, 0xf7, 0x54, 0x4e, 0x7f,
    0xd8, 0x1, 0xf2, 0x77, 0xff, 0xe9, 0x0, 0xfe,
    0x17, 0xbe, 0xff, 0x6c, 0x98, 0x7, 0x80,

    /* U+1EDB "ớ" */
    0x0, 0xf8, 0x7b, 0xe4, 0x3, 0xfe, 0xcf, 0x90,
    0xf, 0xfa, 0x7e, 0x0, 0x3f, 0xe2, 0x97, 0x0,
    0xc4, 0xa2, 0x1, 0xff, 0xc0, 0x8f, 0x40, 0x9,
    0x2b, 0xbf, 0x68, 0xc0, 0x15, 0xe6, 0x0, 0x9f,
    0xff, 0xa5, 0x3f, 0x80, 0x11, 0xfe, 0xc5, 0x45,
    0xcf, 0xfc, 0xa0, 0x5f, 0xea, 0x0, 0xeb, 0xff,
    0x20, 0x2, 0x3f, 0xc2, 0x1, 0xc5, 0xfe, 0x70,
    0x5, 0xfe, 0x80, 0x7d, 0xbf, 0x40, 0xc, 0xfb,
    0x0, 0xfb, 0x3f, 0x0, 0x17, 0xfa, 0x1, 0xf6,
    0xfd, 0x0, 0x23, 0xfc, 0x20, 0x1c, 0x5f, 0xe7,
    0x0, 0x17, 0xfa, 0xc0, 0x3a, 0xff, 0xc2, 0x1,
    0x47, 0xfb, 0x19, 0x1b, 0x7f, 0xce, 0x1, 0xd3,
    0xff, 0xf4, 0x0, 0x7c, 0x95, 0xdf, 0xd4, 0x60,
    0x1c,

    /* U+1EDC "Ờ" */
    0x0, 0xc9, 0xe, 0x20, 0x1f, 0xfc, 0x4b, 0xfb,
    0x0, 0xff, 0xe2, 0xdf, 0xb8, 0x7, 0xff, 0x16,
    0xfd, 0x0, 0x3f, 0xfc, 0xe2, 0xf7, 0xdf, 0xed,
    0x93, 0x0, 0xab, 0xc8, 0x2, 0x4e, 0xff, 0xfd,
    0x20, 0xc, 0xf1, 0x0, 0x37, 0xfd, 0xd5, 0x13,
    0x9f, 0xf6, 0xb7, 0xe8, 0x0, 0xff, 0xe6, 0x0,
    0xe3, 0xdf, 0xfc, 0x80, 0xd, 0xff, 0x20, 0x7,
    0xed, 0xff, 0x30, 0x0, 0xff, 0xd4, 0x1, 0xfc,
    0x9f, 0xea, 0x0, 0x47, 0xf8, 0xc0, 0x3f, 0xdb,
    0xfe, 0x0, 0x5f, 0xf8, 0x3, 0xfe, 0x9f, 0xf0,
    0x86, 0x7f, 0x0, 0x7f, 0xd1, 0xfe, 0x30, 0xcf,
    0xe0, 0xf, 0xfa, 0x3f, 0xc6, 0x17, 0xfe, 0x0,
    0xff, 0xa7, 0xfc, 0x21, 0x1f, 0xe3, 0x0, 0xff,
    0x6f, 0xf0, 0x0, 0xff, 0xd4, 0x1, 0xfc, 0x9f,
    0xea, 0x0, 0xb7, 0xfc, 0x80, 0x1f, 0xb7, 0xfc,
    0x60, 0x11, 0xff, 0xcc, 0x1, 0xc7, 0xbf, 0xe9,
    0x0, 0xe6, 0xff, 0xba, 0xa2, 0x73, 0xfe, 0xc0,
    0xf, 0x93, 0xbf, 0xff, 0x48, 0x7, 0xf0, 0xbd,
    0xf7, 0xfb, 0x64, 0xc0, 0x3c,

    /* U+1EDD "ờ" */
    0x0, 0x47, 0xf8, 0x80, 0x3f, 0xf8, 0x11, 0xf8,
    0x1, 0xff, 0xc1, 0x8f, 0x90, 0xf, 0xfe, 0xb,
    0xc8, 0x80, 0x62, 0x51, 0x0, 0xff, 0xe0, 0x47,
    0xa0, 0x4, 0x95, 0xdf, 0xb4, 0x60, 0xa, 0xf3,
    0x0, 0x4f, 0xff, 0xd2, 0x9f, 0xc0, 0x8, 0xff,
    0x62, 0xa2, 0xe7, 0xfe, 0x50, 0x2f, 0xf5, 0x0,
    0x75, 0xff, 0x90, 0x1, 0x1f, 0xe1, 0x0, 0xe2,
    0xff, 0x38, 0x2, 0xff, 0x40, 0x3e, 0xdf, 0xa0,
    0x6, 0x7d, 0x80, 0x7d, 0x9f, 0x80, 0xb, 0xfd,
    0x0, 0xfb, 0x7e, 0x80, 0x11, 0xfe, 0x10, 0xe,
    0x2f, 0xf3, 0x80, 0xb, 0xfd, 0x60, 0x1d, 0x7f,
    0xe1, 0x0, 0xa3, 0xfd, 0x8c, 0x8d, 0xbf, 0xe7,
    0x0, 0xe9, 0xff, 0xfa, 0x0, 0x3e, 0x4a, 0xef,
    0xea, 0x30, 0xe,

    /* U+1EDE "Ở" */
    0x0, 0xf8, 0x40, 0x3f, 0xf8, 0xdd, 0xf8, 0x80,
    0x1f, 0xfc, 0x34, 0x7e, 0xf3, 0x0, 0xff, 0xe2,
    0x2f, 0xc0, 0x7, 0xff, 0x12, 0x3d, 0x80, 0x3f,
    0xf8, 0x7d, 0xc8, 0x0, 0xff, 0xe2, 0x8, 0x7,
    0xff, 0x8, 0x5e, 0xfb, 0xfd, 0xb2, 0x60, 0x15,
    0x79, 0x0, 0x49, 0xdf, 0xff, 0xa4, 0x1, 0x9e,
    0x20, 0x6, 0xff, 0xba, 0xa2, 0x73, 0xfe, 0xd6,
    0xfd, 0x0, 0x1f, 0xfc, 0xc0, 0x1c, 0x7b, 0xff,
    0x90, 0x1, 0xbf, 0xe4, 0x0, 0xfd, 0xbf, 0xe6,
    0x0, 0x1f, 0xfa, 0x80, 0x3f, 0x93, 0xfd, 0x40,
    0x8, 0xff, 0x18, 0x7, 0xfb, 0x7f, 0xc0, 0xb,
    0xff, 0x0, 0x7f, 0xd3, 0xfe, 0x10, 0xcf, 0xe0,
    0xf, 0xfa, 0x3f, 0xc6, 0x19, 0xfc, 0x1, 0xff,
    0x47, 0xf8, 0xc2, 0xff, 0xc0, 0x1f, 0xf4, 0xff,
    0x84, 0x23, 0xfc, 0x60, 0x1f, 0xed, 0xfe, 0x0,
    0x1f, 0xfa, 0x80, 0x3f, 0x93, 0xfd, 0x40, 0x16,
    0xff, 0x90, 0x3, 0xf6, 0xff, 0x8c, 0x2, 0x3f,
    0xf9, 0x80, 0x38, 0xf7, 0xfd, 0x20, 0x1c, 0xdf,
    0xf7, 0x54, 0x4e, 0x7f, 0xd8, 0x1, 0xf2, 0x77,
    0xff, 0xe9, 0x0, 0xfe, 0x17, 0xbe, 0xff, 0x6c,
    0x98, 0x7, 0x80,

    /* U+1EDF "ở" */
    0x0, 0xc5, 0xfd, 0x46, 0x1, 0xff, 0x3d, 0x7f,
    0x88, 0x3, 0xff, 0x81, 0x1e, 0x80, 0x1f, 0xe1,
    0x9e, 0xc0, 0x8, 0x94, 0x40, 0x38, 0x5c, 0xc0,
    0x34, 0x7a, 0x0, 0x49, 0x5d, 0xfb, 0x46, 0x0,
    0xaf, 0x30, 0x4, 0xff, 0xfd, 0x29, 0xfc, 0x0,
    0x8f, 0xf6, 0x2a, 0x2e, 0x7f, 0xe5, 0x2, 0xff,
    0x50, 0x7, 0x5f, 0xf9, 0x0, 0x11, 0xfe, 0x10,
    0xe, 0x2f, 0xf3, 0x80, 0x2f, 0xf4, 0x3, 0xed,
    0xfa, 0x0, 0x67, 0xd8, 0x7, 0xd9, 0xf8, 0x0,
    0xbf, 0xd0, 0xf, 0xb7, 0xe8, 0x1, 0x1f, 0xe1,
    0x0, 0xe2, 0xff, 0x38, 0x0, 0xbf, 0xd6, 0x1,
    0xd7, 0xfe, 0x10, 0xa, 0x3f, 0xd8, 0xc8, 0xdb,
    0xfe, 0x70, 0xe, 0x9f, 0xff, 0xa0, 0x3, 0xe4,
    0xae, 0xfe, 0xa3, 0x0, 0xe0,

    /* U+1EE0 "Ỡ" */
    0x0, 0xff, 0x84, 0x40, 0x1f, 0xf3, 0xff, 0xa0,
    0x1, 0x7a, 0x1, 0xfe, 0x3f, 0x98, 0xf9, 0x3f,
    0xa0, 0xf, 0xf3, 0xf8, 0x1, 0xff, 0xdc, 0x40,
    0x1f, 0xe2, 0x40, 0x8, 0x4c, 0x3, 0xff, 0xa6,
    0x2f, 0x7d, 0xfe, 0xd9, 0x30, 0xa, 0xbc, 0x80,
    0x24, 0xef, 0xff, 0xd2, 0x0, 0xcf, 0x10, 0x3,
    0x7f, 0xdd, 0x51, 0x39, 0xff, 0x6b, 0x7e, 0x80,
    0xf, 0xfe, 0x60, 0xe, 0x3d, 0xff, 0xc8, 0x0,
    0xdf, 0xf2, 0x0, 0x7e, 0xdf, 0xf3, 0x0, 0xf,
    0xfd, 0x40, 0x1f, 0xc9, 0xfe, 0xa0, 0x4, 0x7f,
    0x8c, 0x3, 0xfd, 0xbf, 0xe0, 0x5, 0xff, 0x80,
    0x3f, 0xe9, 0xff, 0x8, 0x67, 0xf0, 0x7, 0xfd,
    0x1f, 0xe3, 0xc, 0xfe, 0x0, 0xff, 0xa3, 0xfc,
    0x61, 0x7f, 0xe0, 0xf, 0xfa, 0x7f, 0xc2, 0x11,
    0xfe, 0x30, 0xf, 0xf6, 0xff, 0x0, 0xf, 0xfd,
    0x40, 0x1f, 0xc9, 0xfe, 0xa0, 0xb, 0x7f, 0xc8,
    0x1, 0xfb, 0x7f, 0xc6, 0x1, 0x1f, 0xfc, 0xc0,
    0x1c, 0x7b, 0xfe, 0x90, 0xe, 0x6f, 0xfb, 0xaa,
    0x27, 0x3f, 0xec, 0x0, 0xf9, 0x3b, 0xff, 0xf4,
    0x80, 0x7f, 0xb, 0xdf, 0x7f, 0xb6, 0x4c, 0x3,
    0xc0,

    /* U+1EE1 "ỡ" */
    0x0, 0xa7, 0xb5, 0xc0, 0x1d, 0x40, 0x1e, 0x7f,
    0xbd, 0xfc, 0xbf, 0x60, 0xf, 0x5e, 0x80, 0x23,
    0xb9, 0x20, 0x1f, 0xfc, 0x56, 0xc3, 0x0, 0xff,
    0xe0, 0x47, 0xa0, 0x4, 0x95, 0xdf, 0xb4, 0x60,
    0xa, 0xf2, 0x0, 0x4f, 0xff, 0xd2, 0xbf, 0xa0,
    0x8, 0xff, 0x62, 0xa2, 0xe7, 0xfe, 0x40, 0x2f,
    0xf5, 0x0, 0x75, 0xff, 0x90, 0x1, 0x1f, 0xe1,
    0x0, 0xe2, 0xff, 0x38, 0x2, 0xff, 0x40, 0x3e,
    0xdf, 0xa0, 0x6, 0x7d, 0x80, 0x7d, 0x9f, 0x80,
    0xb, 0xfd, 0x0, 0xfb, 0x7e, 0x80, 0x11, 0xfe,
    0x10, 0xe, 0x2f, 0xf3, 0x80, 0xb, 0xfd, 0x60,
    0x1d, 0x7f, 0xe1, 0x0, 0xa3, 0xfd, 0x8c, 0x8d,
    0xbf, 0xe7, 0x0, 0xe9, 0xff, 0xfa, 0x0, 0x3e,
    0x4a, 0xef, 0xea, 0x30, 0xe,

    /* U+1EE2 "Ợ" */
    0x0, 0xc2, 0xf7, 0xdf, 0xed, 0x93, 0x0, 0xab,
    0xc8, 0x2, 0x4e, 0xff, 0xfd, 0x20, 0xc, 0xf1,
    0x0, 0x37, 0xfd, 0xd5, 0x13, 0x9f, 0xf6, 0xb7,
    0xe8, 0x0, 0xff, 0xe6, 0x0, 0xe3, 0xdf, 0xfc,
    0x80, 0xd, 0xff, 0x20, 0x7, 0xed, 0xff, 0x30,
    0x0, 0xff, 0xd4, 0x1, 0xfc, 0x9f, 0xea, 0x0,
    0x47, 0xf8, 0xc0, 0x3f, 0xdb, 0xfe, 0x0, 0x5f,
    0xf8, 0x3, 0xfe, 0x9f, 0xf0, 0x86, 0x7f, 0x0,
    0x7f, 0xd1, 0xfe, 0x30, 0xcf, 0xe0, 0xf, 0xfa,
    0x3f, 0xc6, 0x17, 0xfe, 0x0, 0xff, 0xa7, 0xfc,
    0x21, 0x1f, 0xe3, 0x0, 0xff, 0x6f, 0xf0, 0x0,
    0xff, 0xd4, 0x1, 0xfc, 0x9f, 0xea, 0x0, 0xb7,
    0xfc, 0x80, 0x1f, 0xb7, 0xfc, 0x60, 0x11, 0xff,
    0xcc, 0x1, 0xc7, 0xbf, 0xe9, 0x0, 0xe6, 0xff,
    0xba, 0xa2, 0x73, 0xfe, 0xc0, 0xf, 0x93, 0xbf,
    0xff, 0x48, 0x7, 0xf0, 0xbd, 0xf7, 0xfb, 0x64,
    0xc0, 0x3f, 0xfa, 0x93, 0x98, 0x10, 0xf, 0xfe,
    0x1e, 0x7f, 0x88, 0x3, 0xff, 0x87, 0x9f, 0xe2,
    0x0, 0xfc,

    /* U+1EE3 "ợ" */
    0x0, 0xff, 0xe0, 0x24, 0x10, 0x7, 0xff, 0x2,
    0x3d, 0x0, 0x24, 0xae, 0xfd, 0xa3, 0x0, 0x57,
    0x90, 0x2, 0x7f, 0xfe, 0x94, 0xfe, 0x0, 0x47,
    0xfb, 0x15, 0x17, 0x3f, 0xf2, 0x81, 0x7f, 0xa8,
    0x3, 0xaf, 0xfc, 0x80, 0x8, 0xff, 0x8, 0x7,
    0x17, 0xf9, 0xc0, 0x17, 0xfa, 0x1, 0xf6, 0xfd,
    0x0, 0x33, 0xec, 0x3, 0xec, 0xfc, 0x0, 0x5f,
    0xe8, 0x7, 0xdb, 0xf4, 0x0, 0x8f, 0xf0, 0x80,
    0x71, 0x7f, 0x9c, 0x0, 0x5f, 0xeb, 0x0, 0xeb,
    0xff, 0x8, 0x5, 0x1f, 0xec, 0x64, 0x6d, 0xff,
    0x38, 0x7, 0x4f, 0xff, 0xd0, 0x1, 0xf2, 0x57,
    0x7f, 0x51, 0x80, 0x7f, 0xf3, 0x73, 0x16, 0x1,
    0xff, 0xc0, 0xff, 0x70, 0x7, 0xff, 0x3, 0xfd,
    0xc0, 0x1f, 0x0,

    /* U+1EE4 "Ụ" */
    0x3f, 0xf3, 0x0, 0x7c, 0xbf, 0xe4, 0x3f, 0xf3,
    0x0, 0x7c, 0xbf, 0xe4, 0x3f, 0xf3, 0x0, 0x7c,
    0xbf, 0xe4, 0x3f, 0xf3, 0x0, 0x7c, 0xbf, 0xe4,
    0x3f, 0xf3, 0x0, 0x7c, 0xbf, 0xe4, 0x3f, 0xf3,
    0x0, 0x7c, 0xbf, 0xe4, 0x3f, 0xf3, 0x0, 0x7c,
    0xbf, 0xe4, 0x3f, 0xf3, 0x0, 0x7c, 0xbf, 0xe4,
    0x3f, 0xf3, 0x0, 0x7c, 0xbf, 0xe4, 0x3f, 0xf3,
    0x0, 0x7c, 0xbf, 0xe4, 0x3f, 0xf3, 0x0, 0x7c,
    0xbf, 0xe4, 0x3f, 0xf3, 0x80, 0x7c, 0xdf, 0xe3,
    0x2f, 0xf4, 0x80, 0x7d, 0x1f, 0xe2, 0xf, 0xf6,
    0x80, 0x7d, 0x9f, 0xe0, 0x5, 0x7f, 0x9c, 0x3,
    0x9f, 0xfd, 0x40, 0x2, 0xff, 0xb2, 0x1e, 0x33,
    0xfe, 0x20, 0x9, 0x3f, 0xff, 0x90, 0x3, 0x86,
    0x33, 0xbf, 0xb2, 0x4, 0x3, 0xff, 0x99, 0x79,
    0x80, 0xf, 0xfe, 0x7, 0x7f, 0x80, 0x3f, 0xf8,
    0x1d, 0xfe, 0x0, 0xf0,

    /* U+1EE5 "ụ" */
    0x6f, 0xf1, 0x0, 0x77, 0xfa, 0x5b, 0xfc, 0x40,
    0x1d, 0xfe, 0x96, 0xff, 0x10, 0x7, 0x7f, 0xa5,
    0xbf, 0xc4, 0x1, 0xdf, 0xe9, 0x6f, 0xf1, 0x0,
    0x77, 0xfa, 0x5b, 0xfc, 0x40, 0x1d, 0xfe, 0x96,
    0xff, 0x10, 0x7, 0x7f, 0xa5, 0xbf, 0xc4, 0x1,
    0x87, 0xfd, 0x2b, 0xfe, 0x40, 0xc, 0x9f, 0xe9,
    0x3f, 0xf4, 0x80, 0x6b, 0xff, 0x48, 0x77, 0xfa,
    0x51, 0x6f, 0xfe, 0x90, 0x5f, 0xff, 0x57, 0xfa,
    0x40, 0x9, 0x7d, 0xf8, 0xc1, 0xfe, 0x90, 0xf,
    0xfe, 0x21, 0x66, 0x20, 0x3, 0xf1, 0xff, 0xa8,
    0x3, 0xf1, 0xff, 0xa8, 0x3, 0x0,

    /* U+1EE6 "Ủ" */
    0x0, 0xf0, 0x80, 0x7f, 0xf0, 0x47, 0xfd, 0x66,
    0x1, 0xff, 0x2b, 0xf7, 0x90, 0x7, 0xff, 0x1,
    0xfd, 0x40, 0x3f, 0xe3, 0xcf, 0x20, 0xf, 0xf1,
    0x6c, 0x98, 0x7, 0xff, 0x20, 0xff, 0xcc, 0x1,
    0xf2, 0xff, 0x90, 0xff, 0xcc, 0x1, 0xf2, 0xff,
    0x90, 0xff, 0xcc, 0x1, 0xf2, 0xff, 0x90, 0xff,
    0xcc, 0x1, 0xf2, 0xff, 0x90, 0xff, 0xcc, 0x1,
    0xf2, 0xff, 0x90, 0xff, 0xcc, 0x1, 0xf2, 0xff,
    0x90, 0xff, 0xcc, 0x1, 0xf2, 0xff, 0x90, 0xff,
    0xcc, 0x1, 0xf2, 0xff, 0x90, 0xff, 0xcc, 0x1,
    0xf2, 0xff, 0x90, 0xff, 0xcc, 0x1, 0xf2, 0xff,
    0x90, 0xff, 0xcc, 0x1, 0xf2, 0xff, 0x90, 0xff,
    0xce, 0x1, 0xf3, 0x7f, 0x8c, 0xbf, 0xd2, 0x1,
    0xf4, 0x7f, 0x88, 0x3f, 0xda, 0x1, 0xf6, 0x7f,
    0x80, 0x15, 0xfe, 0x70, 0xe, 0x7f, 0xf5, 0x0,
    0xb, 0xfe, 0xc8, 0x78, 0xcf, 0xf8, 0x80, 0x24,
    0xff, 0xfe, 0x40, 0xe, 0x18, 0xce, 0xfe, 0xc8,
    0x10, 0x8,

    /* U+1EE7 "ủ" */
    0x0, 0xd1, 0xfb, 0x0, 0x1f, 0x8e, 0x2f, 0xec,
    0x3, 0xfd, 0xfc, 0x1, 0xf9, 0xb7, 0x94, 0x3,
    0xf1, 0x98, 0x3, 0x9b, 0xfc, 0x40, 0x1d, 0xfe,
    0x96, 0xff, 0x10, 0x7, 0x7f, 0xa5, 0xbf, 0xc4,
    0x1, 0xdf, 0xe9, 0x6f, 0xf1, 0x0, 0x77, 0xfa,
    0x5b, 0xfc, 0x40, 0x1d, 0xfe, 0x96, 0xff, 0x10,
    0x7, 0x7f, 0xa5, 0xbf, 0xc4, 0x1, 0xdf, 0xe9,
    0x6f, 0xf1, 0x0, 0x61, 0xff, 0x4a, 0xff, 0x90,
    0x3, 0x27, 0xfa, 0x4f, 0xfd, 0x20, 0x1a, 0xff,
    0xd2, 0x1d, 0xfe, 0x94, 0x5b, 0xff, 0xa4, 0x17,
    0xff, 0xd5, 0xfe, 0x90, 0x2, 0x5f, 0x7e, 0x30,
    0x7f, 0xa4,

    /* U+1EE8 "Ứ" */
    0x0, 0xfe, 0x68, 0x60, 0xf, 0xfe, 0x13, 0x7f,
    0x18, 0x7, 0xff, 0x4, 0xff, 0x88, 0x3, 0xff,
    0x82, 0x3d, 0xa4, 0x1, 0xff, 0xe0, 0x3f, 0xf3,
    0x0, 0x7c, 0xbf, 0xe4, 0x1f, 0xb3, 0xff, 0x30,
    0x7, 0xcb, 0xfe, 0x42, 0xfa, 0x3f, 0xf3, 0x0,
    0x7c, 0xbf, 0xe5, 0xaf, 0x63, 0xff, 0x30, 0x7,
    0xcb, 0xff, 0xb0, 0xf, 0xfc, 0xc0, 0x1f, 0x2f,
    0xfb, 0x58, 0x0, 0x7f, 0xe6, 0x0, 0xf9, 0x7f,
    0xc8, 0x1, 0x1f, 0xf9, 0x80, 0x3e, 0x5f, 0xf2,
    0x0, 0x47, 0xfe, 0x60, 0xf, 0x97, 0xfc, 0x80,
    0x11, 0xff, 0x98, 0x3, 0xe5, 0xff, 0x20, 0x4,
    0x7f, 0xe6, 0x0, 0xf9, 0x7f, 0xc8, 0x1, 0x1f,
    0xf9, 0x80, 0x3e, 0x5f, 0xf2, 0x0, 0x47, 0xfe,
    0x70, 0xf, 0x9b, 0xfc, 0x60, 0x11, 0x7f, 0xa4,
    0x3, 0xe8, 0xff, 0x10, 0x6, 0xff, 0x68, 0x7,
    0xd9, 0xfe, 0x0, 0xea, 0xff, 0x38, 0x7, 0x3f,
    0xfa, 0x80, 0x38, 0xbf, 0xec, 0x87, 0x8c, 0xff,
    0x88, 0x3, 0xc9, 0xff, 0xfc, 0x80, 0x1f, 0x86,
    0x33, 0xbf, 0xb2, 0x4, 0x3, 0xc0,

    /* U+1EE9 "ứ" */
    0x0, 0xf9, 0xff, 0xc6, 0x1, 0xfc, 0x9f, 0xc6,
    0x0, 0x54, 0x0, 0xe2, 0xfe, 0x20, 0x0, 0xfd,
    0x80, 0x72, 0xb8, 0x80, 0x47, 0xf4, 0x1, 0xfe,
    0x1b, 0xf5, 0x6f, 0xf1, 0x0, 0x77, 0xfd, 0x60,
    0xdf, 0xe2, 0x0, 0xef, 0xf8, 0x0, 0xdf, 0xe2,
    0x0, 0xef, 0xf4, 0x80, 0x1b, 0xfc, 0x40, 0x1d,
    0xfe, 0x90, 0x3, 0x7f, 0x88, 0x3, 0xbf, 0xd2,
    0x0, 0x6f, 0xf1, 0x0, 0x77, 0xfa, 0x40, 0xd,
    0xfe, 0x20, 0xe, 0xff, 0x48, 0x1, 0xbf, 0xc4,
    0x1, 0x87, 0xfd, 0x20, 0x5, 0xff, 0x20, 0x6,
    0x4f, 0xf4, 0x80, 0xf, 0xfd, 0x20, 0x1a, 0xff,
    0xd2, 0x1, 0x77, 0xfa, 0x51, 0x6f, 0xfe, 0x90,
    0x9, 0x7f, 0xfd, 0x5f, 0xe9, 0x0, 0xc9, 0x7d,
    0xf8, 0xc1, 0xfe, 0x90, 0x0,

    /* U+1EEA "Ừ" */
    0x0, 0x96, 0x1c, 0x3, 0xff, 0x86, 0x3b, 0xf0,
    0x1, 0xff, 0xc3, 0x1d, 0xf5, 0x0, 0xff, 0xe1,
    0x8e, 0xf9, 0x0, 0x7f, 0xf8, 0x4f, 0xfc, 0xc0,
    0x1f, 0x2f, 0xf9, 0x7, 0xec, 0xff, 0xcc, 0x1,
    0xf2, 0xff, 0x90, 0xbe, 0x8f, 0xfc, 0xc0, 0x1f,
    0x2f, 0xf9, 0x6b, 0xd8, 0xff, 0xcc, 0x1, 0xf2,
    0xff, 0xec, 0x3, 0xff, 0x30, 0x7, 0xcb, 0xfe,
    0xd6, 0x0, 0x1f, 0xf9, 0x80, 0x3e, 0x5f, 0xf2,
    0x0, 0x47, 0xfe, 0x60, 0xf, 0x97, 0xfc, 0x80,
    0x11, 0xff, 0x98, 0x3, 0xe5, 0xff, 0x20, 0x4,
    0x7f, 0xe6, 0x0, 0xf9, 0x7f, 0xc8, 0x1, 0x1f,
    0xf9, 0x80, 0x3e, 0x5f, 0xf2, 0x0, 0x47, 0xfe,
    0x60, 0xf, 0x97, 0xfc, 0x80, 0x11, 0xff, 0x9c,
    0x3, 0xe6, 0xff, 0x18, 0x4, 0x5f, 0xe9, 0x0,
    0xfa, 0x3f, 0xc4, 0x1, 0xbf, 0xda, 0x1, 0xf6,
    0x7f, 0x80, 0x3a, 0xbf, 0xce, 0x1, 0xcf, 0xfe,
    0xa0, 0xe, 0x2f, 0xfb, 0x21, 0xe3, 0x3f, 0xe2,
    0x0, 0xf2, 0x7f, 0xff, 0x20, 0x7, 0xe1, 0x8c,
    0xef, 0xec, 0x81, 0x0, 0xf0,

    /* U+1EEB "ừ" */
    0x1, 0xdf, 0xa0, 0xf, 0xf8, 0x73, 0xdc, 0x3,
    0xca, 0x80, 0x10, 0xe7, 0xa0, 0x6, 0x1f, 0xb0,
    0xe, 0x76, 0x0, 0xc7, 0xf4, 0x1, 0xfe, 0x1b,
    0xf5, 0x6f, 0xf1, 0x0, 0x77, 0xfd, 0x60, 0xdf,
    0xe2, 0x0, 0xef, 0xf8, 0x0, 0xdf, 0xe2, 0x0,
    0xef, 0xf4, 0x80, 0x1b, 0xfc, 0x40, 0x1d, 0xfe,
    0x90, 0x3, 0x7f, 0x88, 0x3, 0xbf, 0xd2, 0x0,
    0x6f, 0xf1, 0x0, 0x77, 0xfa, 0x40, 0xd, 0xfe,
    0x20, 0xe, 0xff, 0x48, 0x1, 0xbf, 0xc4, 0x1,
    0x87, 0xfd, 0x20, 0x5, 0xff, 0x20, 0x6, 0x4f,
    0xf4, 0x80, 0xf, 0xfd, 0x20, 0x1a, 0xff, 0xd2,
    0x1, 0x77, 0xfa, 0x51, 0x6f, 0xfe, 0x90, 0x9,
    0x7f, 0xfd, 0x5f, 0xe9, 0x0, 0xc9, 0x7d, 0xf8,
    0xc1, 0xfe, 0x90, 0x0,

    /* U+1EEC "Ử" */
    0x0, 0xf0, 0x80, 0x7f, 0xf1, 0x7, 0xfd, 0x66,
    0x1, 0xff, 0xc2, 0x57, 0xef, 0x20, 0xf, 0xfe,
    0x1b, 0xfa, 0x80, 0x7f, 0xf0, 0x8f, 0x3c, 0x80,
    0x3f, 0xf8, 0x25, 0xb2, 0x60, 0x1f, 0xfc, 0xe3,
    0xff, 0x30, 0x7, 0xcb, 0xfe, 0x41, 0xfb, 0x3f,
    0xf3, 0x0, 0x7c, 0xbf, 0xe4, 0x2f, 0xa3, 0xff,
    0x30, 0x7, 0xcb, 0xfe, 0x5a, 0xf6, 0x3f, 0xf3,
    0x0, 0x7c, 0xbf, 0xfb, 0x0, 0xff, 0xcc, 0x1,
    0xf2, 0xff, 0xb5, 0x80, 0x7, 0xfe, 0x60, 0xf,
    0x97, 0xfc, 0x80, 0x11, 0xff, 0x98, 0x3, 0xe5,
    0xff, 0x20, 0x4, 0x7f, 0xe6, 0x0, 0xf9, 0x7f,
    0xc8, 0x1, 0x1f, 0xf9, 0x80, 0x3e, 0x5f, 0xf2,
    0x0, 0x47, 0xfe, 0x60, 0xf, 0x97, 0xfc, 0x80,
    0x11, 0xff, 0x98, 0x3, 0xe5, 0xff, 0x20, 0x4,
    0x7f, 0xe7, 0x0, 0xf9, 0xbf, 0xc6, 0x1, 0x17,
    0xfa, 0x40, 0x3e, 0x8f, 0xf1, 0x0, 0x6f, 0xf6,
    0x80, 0x7d, 0x9f, 0xe0, 0xe, 0xaf, 0xf3, 0x80,
    0x73, 0xff, 0xa8, 0x3, 0x8b, 0xfe, 0xc8, 0x78,
    0xcf, 0xf8, 0x80, 0x3c, 0x9f, 0xff, 0xc8, 0x1,
    0xf8, 0x63, 0x3b, 0xfb, 0x20, 0x40, 0x3c,

    /* U+1EED "ử" */
    0x0, 0xd1, 0xfb, 0x0, 0x1f, 0xe3, 0x8b, 0xfb,
    0x0, 0x90, 0xc0, 0x3e, 0xfe, 0x0, 0xf, 0xd8,
    0x7, 0x36, 0xf2, 0x80, 0xf, 0xe8, 0x3, 0x8c,
    0xc0, 0x10, 0xdf, 0xb3, 0x3f, 0xc4, 0x1, 0xdf,
    0xf6, 0x3, 0x7f, 0x88, 0x3, 0xbf, 0xe0, 0x3,
    0x7f, 0x88, 0x3, 0xbf, 0xd2, 0x0, 0x6f, 0xf1,
    0x0, 0x77, 0xfa, 0x40, 0xd, 0xfe, 0x20, 0xe,
    0xff, 0x48, 0x1, 0xbf, 0xc4, 0x1, 0xdf, 0xe9,
    0x0, 0x37, 0xf8, 0x80, 0x3b, 0xfd, 0x20, 0x6,
    0xff, 0x10, 0x6, 0x1f, 0xf4, 0x80, 0x17, 0xfc,
    0x80, 0x19, 0x3f, 0xd2, 0x0, 0x3f, 0xf4, 0x80,
    0x6b, 0xff, 0x48, 0x5, 0xdf, 0xe9, 0x45, 0xbf,
    0xfa, 0x40, 0x25, 0xff, 0xf5, 0x7f, 0xa4, 0x3,
    0x25, 0xf7, 0xe3, 0x7, 0xfa, 0x40, 0x0,

    /* U+1EEE "Ữ" */
    0x0, 0xff, 0x8, 0x80, 0x3f, 0xd5, 0xfe, 0x50,
    0x6, 0xd8, 0x7, 0xf3, 0x7b, 0xd7, 0xba, 0x7b,
    0x80, 0x7f, 0x56, 0x80, 0x27, 0xfd, 0xa2, 0x1,
    0xfc, 0x66, 0x0, 0x88, 0xc0, 0x3f, 0xf9, 0xc7,
    0xfe, 0x60, 0xf, 0x97, 0xfc, 0x83, 0xf6, 0x7f,
    0xe6, 0x0, 0xf9, 0x7f, 0xc8, 0x5f, 0x47, 0xfe,
    0x60, 0xf, 0x97, 0xfc, 0xb5, 0xec, 0x7f, 0xe6,
    0x0, 0xf9, 0x7f, 0xf6, 0x1, 0xff, 0x98, 0x3,
    0xe5, 0xff, 0x6b, 0x0, 0xf, 0xfc, 0xc0, 0x1f,
    0x2f, 0xf9, 0x0, 0x23, 0xff, 0x30, 0x7, 0xcb,
    0xfe, 0x40, 0x8, 0xff, 0xcc, 0x1, 0xf2, 0xff,
    0x90, 0x2, 0x3f, 0xf3, 0x0, 0x7c, 0xbf, 0xe4,
    0x0, 0x8f, 0xfc, 0xc0, 0x1f, 0x2f, 0xf9, 0x0,
    0x23, 0xff, 0x30, 0x7, 0xcb, 0xfe, 0x40, 0x8,
    0xff, 0xce, 0x1, 0xf3, 0x7f, 0x8c, 0x2, 0x2f,
    0xf4, 0x80, 0x7d, 0x1f, 0xe2, 0x0, 0xdf, 0xed,
    0x0, 0xfb, 0x3f, 0xc0, 0x1d, 0x5f, 0xe7, 0x0,
    0xe7, 0xff, 0x50, 0x7, 0x17, 0xfd, 0x90, 0xf1,
    0x9f, 0xf1, 0x0, 0x79, 0x3f, 0xff, 0x90, 0x3,
    0xf0, 0xc6, 0x77, 0xf6, 0x40, 0x80, 0x78,

    /* U+1EEF "ữ" */
    0x0, 0x1e, 0x7e, 0x20, 0x2f, 0x98, 0x7, 0x6f,
    0x5f, 0xfb, 0x7f, 0x80, 0x19, 0x0, 0x3e, 0xc0,
    0x57, 0xfa, 0x80, 0x3f, 0x60, 0x1f, 0xf2, 0x7c,
    0x80, 0x7f, 0x8b, 0x3d, 0x5b, 0xfc, 0x40, 0x1d,
    0xff, 0x58, 0x37, 0xf8, 0x80, 0x3b, 0xfd, 0xc0,
    0x6, 0xff, 0x10, 0x7, 0x7f, 0xa4, 0x0, 0xdf,
    0xe2, 0x0, 0xef, 0xf4, 0x80, 0x1b, 0xfc, 0x40,
    0x1d, 0xfe, 0x90, 0x3, 0x7f, 0x88, 0x3, 0xbf,
    0xd2, 0x0, 0x6f, 0xf1, 0x0, 0x77, 0xfa, 0x40,
    0xd, 0xfe, 0x20, 0xc, 0x3f, 0xe9, 0x0, 0x2f,
    0xf9, 0x0, 0x32, 0x7f, 0xa4, 0x0, 0x7f, 0xe9,
    0x0, 0xd7, 0xfe, 0x90, 0xb, 0xbf, 0xd2, 0x8b,
    0x7f, 0xf4, 0x80, 0x4b, 0xff, 0xea, 0xff, 0x48,
    0x6, 0x4b, 0xef, 0xc6, 0xf, 0xf4, 0x80, 0x0,

    /* U+1EF0 "Ự" */
    0x3f, 0xf3, 0x0, 0x7c, 0xbf, 0xe4, 0x1f, 0xb3,
    0xff, 0x30, 0x7, 0xcb, 0xfe, 0x42, 0xfa, 0x3f,
    0xf3, 0x0, 0x7c, 0xbf, 0xe5, 0xaf, 0x63, 0xff,
    0x30, 0x7, 0xcb, 0xff, 0xb0, 0xf, 0xfc, 0xc0,
    0x1f, 0x2f, 0xfb, 0x58, 0x0, 0x7f, 0xe6, 0x0,
    0xf9, 0x7f, 0xc8, 0x1, 0x1f, 0xf9, 0x80, 0x3e,
    0x5f, 0xf2, 0x0, 0x47, 0xfe, 0x60, 0xf, 0x97,
    0xfc, 0x80, 0x11, 0xff, 0x98, 0x3, 0xe5, 0xff,
    0x20, 0x4, 0x7f, 0xe6, 0x0, 0xf9, 0x7f, 0xc8,
    0x1, 0x1f, 0xf9, 0x80, 0x3e, 0x5f, 0xf2, 0x0,
    0x47, 0xfe, 0x70, 0xf, 0x9b, 0xfc, 0x60, 0x11,
    0x7f, 0xa4, 0x3, 0xe8, 0xff, 0x10, 0x6, 0xff,
    0x68, 0x7, 0xd9, 0xfe, 0x0, 0xea, 0xff, 0x38,
    0x7, 0x3f, 0xfa, 0x80, 0x38, 0xbf, 0xec, 0x87,
    0x8c, 0xff, 0x88, 0x3, 0xc9, 0xff, 0xfc, 0x80,
    0x1f, 0x86, 0x33, 0xbf, 0xb2, 0x4, 0x3, 0xff,
    0xa5, 0x79, 0x80, 0xf, 0xfe, 0x1f, 0x7f, 0x80,
    0x3f, 0xf8, 0x7d, 0xfe, 0x0, 0xfe,

    /* U+1EF1 "ự" */
    0x0, 0xff, 0xe0, 0x42, 0x80, 0x7f, 0xc3, 0xf6,
    0x1, 0xff, 0x1f, 0xc8, 0x7, 0xf8, 0x6f, 0xd5,
    0xbf, 0xc4, 0x1, 0xdf, 0xf5, 0x83, 0x7f, 0x88,
    0x3, 0xbf, 0xdc, 0x0, 0x6f, 0xf1, 0x0, 0x77,
    0xfa, 0x40, 0xd, 0xfe, 0x20, 0xe, 0xff, 0x48,
    0x1, 0xbf, 0xc4, 0x1, 0xdf, 0xe9, 0x0, 0x37,
    0xf8, 0x80, 0x3b, 0xfd, 0x20, 0x6, 0xff, 0x10,
    0x7, 0x7f, 0xa4, 0x0, 0xdf, 0xe2, 0x0, 0xc3,
    0xfe, 0x90, 0x2, 0xff, 0x90, 0x3, 0x27, 0xfa,
    0x40, 0x7, 0xfe, 0x90, 0xd, 0x7f, 0xe9, 0x0,
    0xbb, 0xfd, 0x28, 0xb7, 0xff, 0x48, 0x4, 0xbf,
    0xfe, 0xaf, 0xf4, 0x80, 0x64, 0xbe, 0xfc, 0x60,
    0xff, 0x48, 0x7, 0xff, 0x20, 0xb3, 0x10, 0x1,
    0xfe, 0x3f, 0xf5, 0x0, 0x7f, 0x8f, 0xfd, 0x40,
    0x1e,

    /* U+1EF2 "Ỳ" */
    0x0, 0x8a, 0x20, 0x40, 0x1f, 0xfc, 0x1a, 0xfd,
    0x0, 0xff, 0xe1, 0x5f, 0xc0, 0x7, 0xff, 0xb,
    0x7c, 0xc0, 0x3f, 0xf8, 0x23, 0xa, 0x1, 0xff,
    0xcb, 0x7f, 0xf4, 0x0, 0x7e, 0xaf, 0xf2, 0x6,
    0xff, 0x84, 0x3, 0xc7, 0xfe, 0xb0, 0x2, 0xff,
    0xa8, 0x3, 0xd9, 0xfe, 0x20, 0xa, 0xff, 0xc4,
    0x1, 0x97, 0xfd, 0x20, 0x18, 0xbf, 0xd6, 0x1,
    0xbb, 0xf8, 0x40, 0x3a, 0x7f, 0xc8, 0x0, 0x7f,
    0xf3, 0x80, 0x78, 0x7b, 0xf4, 0x7, 0xfd, 0xa0,
    0x1f, 0x9b, 0xfc, 0xd5, 0xfe, 0x40, 0xf, 0xed,
    0xfe, 0xff, 0x58, 0x7, 0xf9, 0x3f, 0xf1, 0x0,
    0x7f, 0xd5, 0xfe, 0x90, 0xf, 0xfe, 0x3, 0x7f,
    0x90, 0x3, 0xff, 0x80, 0xdf, 0xe4, 0x0, 0xff,
    0xe0, 0x37, 0xf9, 0x0, 0x3f, 0xf8, 0xd, 0xfe,
    0x40, 0xf, 0xfe, 0x3, 0x7f, 0x90, 0x3, 0xff,
    0x80, 0xdf, 0xe4, 0x0, 0xff, 0xe0, 0x37, 0xf9,
    0x0, 0x3c,

    /* U+1EF3 "ỳ" */
    0x0, 0x17, 0x7b, 0x80, 0x7f, 0xc5, 0xde, 0x80,
    0x1f, 0xf1, 0x77, 0x4, 0x3, 0xfe, 0x27, 0x40,
    0xf, 0xfe, 0x42, 0x7f, 0xa0, 0x3, 0xdb, 0xfc,
    0x0, 0xdf, 0xd0, 0xe, 0x3f, 0xf3, 0x80, 0x1f,
    0xfc, 0x60, 0x1a, 0x7f, 0xc2, 0x0, 0x1f, 0xf4,
    0x80, 0x6e, 0xfa, 0x0, 0xd5, 0xfe, 0x0, 0x97,
    0xfc, 0x80, 0x18, 0xff, 0xca, 0x0, 0xbf, 0xd0,
    0xf, 0x67, 0xd8, 0xf, 0xf9, 0xc0, 0x3c, 0xdf,
    0xe1, 0x7f, 0xf0, 0x80, 0x7d, 0xfe, 0x7d, 0xfa,
    0x0, 0xfd, 0x3f, 0xdf, 0xe3, 0x0, 0xfc, 0x5f,
    0xf6, 0x80, 0x7f, 0xb3, 0xfc, 0xc0, 0x1f, 0xec,
    0xff, 0x0, 0x7f, 0x8b, 0xfd, 0x20, 0x1f, 0xe9,
    0xff, 0x10, 0x7, 0xfb, 0xfd, 0x80, 0x1f, 0xe6,
    0xff, 0x28, 0x7, 0xfb, 0x7f, 0x80, 0x3f, 0x0,

    /* U+1EF4 "Ỵ" */
    0x7f, 0xf4, 0x0, 0x7e, 0xaf, 0xf2, 0x6, 0xff,
    0x84, 0x3, 0xc7, 0xfe, 0xb0, 0x2, 0xff, 0xa8,
    0x3, 0xd9, 0xfe, 0x20, 0xa, 0xff, 0xc4, 0x1,
    0x97, 0xfd, 0x20, 0x18, 0xbf, 0xd6, 0x1, 0xbb,
    0xf8, 0x40, 0x3a, 0x7f, 0xc8, 0x0, 0x7f, 0xf3,
    0x80, 0x78, 0x7b, 0xf4, 0x7, 0xfd, 0xa0, 0x1f,
    0x9b, 0xfc, 0xd5, 0xfe, 0x40, 0xf, 0xed, 0xfe,
    0xff, 0x58, 0x7, 0xf9, 0x3f, 0xf1, 0x0, 0x7f,
    0xd5, 0xfe, 0x90, 0xf, 0xfe, 0x3, 0x7f, 0x90,
    0x3, 0xff, 0x80, 0xdf, 0xe4, 0x0, 0xff, 0xe0,
    0x37, 0xf9, 0x0, 0x3f, 0xf8, 0xd, 0xfe, 0x40,
    0xf, 0xfe, 0x3, 0x7f, 0x90, 0x3, 0xff, 0x80,
    0xdf, 0xe4, 0x0, 0xff, 0xe0, 0x37, 0xf9, 0x0,
    0x3f, 0xfc, 0x11, 0xfe, 0x60, 0xf, 0xfe, 0x4,
    0x7f, 0x98, 0x3, 0xff, 0x80, 0xd9, 0x84, 0x0,
    0xf0,

    /* U+1EF5 "ỵ" */
    0x4f, 0xf4, 0x0, 0x7b, 0x7f, 0x80, 0x1b, 0xfa,
    0x1, 0xc7, 0xfe, 0x70, 0x3, 0xff, 0x8c, 0x3,
    0x4f, 0xf8, 0x40, 0x3, 0xfe, 0x90, 0xd, 0xdf,
    0x40, 0x1a, 0xbf, 0xc0, 0x12, 0xff, 0x90, 0x3,
    0x1f, 0xf9, 0x40, 0x17, 0xfa, 0x1, 0xec, 0xfb,
    0x1, 0xff, 0x38, 0x7, 0x9b, 0xfc, 0x2f, 0xfe,
    0x10, 0xf, 0xbf, 0xcf, 0xbf, 0x40, 0x1f, 0xa7,
    0xfb, 0xfc, 0x60, 0x1f, 0x8b, 0xfe, 0xd0, 0xf,
    0xf5, 0xff, 0x98, 0x3, 0xfd, 0x9f, 0xe0, 0xf,
    0xf1, 0x7f, 0xa4, 0x3, 0xfd, 0x3f, 0xe2, 0x0,
    0xff, 0x7f, 0xb0, 0x0, 0xd9, 0x85, 0x0, 0xcd,
    0xfe, 0x50, 0x3, 0xff, 0x98, 0x3, 0x6f, 0xf0,
    0x4, 0xff, 0xe6, 0x0,

    /* U+1EF6 "Ỷ" */
    0x0, 0xf0, 0x80, 0x7f, 0xf0, 0xeb, 0xfa, 0x0,
    0x3f, 0xf8, 0x6, 0xd7, 0xf4, 0x1, 0xff, 0xc1,
    0x1f, 0xb0, 0xf, 0xfe, 0x4, 0x76, 0x18, 0x7,
    0xff, 0x0, 0xc8, 0x3, 0xe7, 0xff, 0x40, 0x7,
    0xea, 0xff, 0x20, 0x6f, 0xf8, 0x40, 0x3c, 0x7f,
    0xeb, 0x0, 0x2f, 0xfa, 0x80, 0x3d, 0x9f, 0xe2,
    0x0, 0xaf, 0xfc, 0x40, 0x19, 0x7f, 0xd2, 0x1,
    0x8b, 0xfd, 0x60, 0x1b, 0xbf, 0x84, 0x3, 0xa7,
    0xfc, 0x80, 0x7, 0xff, 0x38, 0x7, 0x87, 0xbf,
    0x40, 0x7f, 0xda, 0x1, 0xf9, 0xbf, 0xcd, 0x5f,
    0xe4, 0x0, 0xfe, 0xdf, 0xef, 0xf5, 0x80, 0x7f,
    0x93, 0xff, 0x10, 0x7, 0xfd, 0x5f, 0xe9, 0x0,
    0xff, 0xe0, 0x37, 0xf9, 0x0, 0x3f, 0xf8, 0xd,
    0xfe, 0x40, 0xf, 0xfe, 0x3, 0x7f, 0x90, 0x3,
    0xff, 0x80, 0xdf, 0xe4, 0x0, 0xff, 0xe0, 0x37,
    0xf9, 0x0, 0x3f, 0xf8, 0xd, 0xfe, 0x40, 0xf,
    0xfe, 0x3, 0x7f, 0x90, 0x3, 0xc0,

    /* U+1EF7 "ỷ" */
    0x0, 0xec, 0xec, 0x60, 0xf, 0xf2, 0xce, 0xfb,
    0x80, 0x7f, 0xc5, 0xf4, 0x1, 0xfe, 0x9e, 0xc2,
    0x0, 0xff, 0x21, 0x0, 0x79, 0x3f, 0xd0, 0x1,
    0xed, 0xfe, 0x0, 0x6f, 0xe8, 0x7, 0x1f, 0xf9,
    0xc0, 0xf, 0xfe, 0x30, 0xd, 0x3f, 0xe1, 0x0,
    0xf, 0xfa, 0x40, 0x37, 0x7d, 0x0, 0x6a, 0xff,
    0x0, 0x4b, 0xfe, 0x40, 0xc, 0x7f, 0xe5, 0x0,
    0x5f, 0xe8, 0x7, 0xb3, 0xec, 0x7, 0xfc, 0xe0,
    0x1e, 0x6f, 0xf0, 0xbf, 0xf8, 0x40, 0x3e, 0xff,
    0x3e, 0xfd, 0x0, 0x7e, 0x9f, 0xef, 0xf1, 0x80,
    0x7e, 0x2f, 0xfb, 0x40, 0x3f, 0xd9, 0xfe, 0x60,
    0xf, 0xf6, 0x7f, 0x80, 0x3f, 0xc5, 0xfe, 0x90,
    0xf, 0xf4, 0xff, 0x88, 0x3, 0xfd, 0xfe, 0xc0,
    0xf, 0xf3, 0x7f, 0x94, 0x3, 0xfd, 0xbf, 0xc0,
    0x1f, 0x80,

    /* U+1EF8 "Ỹ" */
    0x0, 0xff, 0x84, 0x3, 0xf2, 0xf7, 0xd0, 0x1,
    0xfc, 0x40, 0x3e, 0xeb, 0x7f, 0xc2, 0xce, 0x0,
    0xf8, 0xfd, 0x1, 0x3b, 0xfc, 0xa0, 0x1f, 0xa,
    0x0, 0x42, 0x62, 0x1, 0xff, 0xc9, 0x7f, 0xf4,
    0x0, 0x7e, 0xaf, 0xf2, 0x6, 0xff, 0x84, 0x3,
    0xc7, 0xfe, 0xb0, 0x2, 0xff, 0xa8, 0x3, 0xd9,
    0xfe, 0x20, 0xa, 0xff, 0xc4, 0x1, 0x97, 0xfd,
    0x20, 0x18, 0xbf, 0xd6, 0x1, 0xbb, 0xf8, 0x40,
    0x3a, 0x7f, 0xc8, 0x0, 0x7f, 0xf3, 0x80, 0x78,
    0x7b, 0xf4, 0x7, 0xfd, 0xa0, 0x1f, 0x9b, 0xfc,
    0xd5, 0xfe, 0x40, 0xf, 0xed, 0xfe, 0xff, 0x58,
    0x7, 0xf9, 0x3f, 0xf1, 0x0, 0x7f, 0xd5, 0xfe,
    0x90, 0xf, 0xfe, 0x3, 0x7f, 0x90, 0x3, 0xff,
    0x80, 0xdf, 0xe4, 0x0, 0xff, 0xe0, 0x37, 0xf9,
    0x0, 0x3f, 0xf8, 0xd, 0xfe, 0x40, 0xf, 0xfe,
    0x3, 0x7f, 0x90, 0x3, 0xff, 0x80, 0xdf, 0xe4,
    0x0, 0xff, 0xe0, 0x37, 0xf9, 0x0, 0x3c,

    /* U+1EF9 "ỹ" */
    0x0, 0x97, 0x7a, 0x84, 0x27, 0xc0, 0x38, 0x7f,
    0x6f, 0xfa, 0xbf, 0x0, 0x39, 0x7c, 0x81, 0x37,
    0xf0, 0x80, 0x3f, 0xfa, 0x69, 0xfe, 0x80, 0xf,
    0x6f, 0xf0, 0x3, 0x7f, 0x40, 0x38, 0xff, 0xce,
    0x0, 0x7f, 0xf1, 0x80, 0x69, 0xff, 0x8, 0x0,
    0x7f, 0xd2, 0x1, 0xbb, 0xe8, 0x3, 0x57, 0xf8,
    0x2, 0x5f, 0xf2, 0x0, 0x63, 0xff, 0x28, 0x2,
    0xff, 0x40, 0x3d, 0x9f, 0x60, 0x3f, 0xe7, 0x0,
    0xf3, 0x7f, 0x85, 0xff, 0xc2, 0x1, 0xf7, 0xf9,
    0xf7, 0xe8, 0x3, 0xf4, 0xff, 0x7f, 0x8c, 0x3,
    0xf1, 0x7f, 0xda, 0x1, 0xfe, 0xcf, 0xf3, 0x0,
    0x7f, 0xb3, 0xfc, 0x1, 0xfe, 0x2f, 0xf4, 0x80,
    0x7f, 0xa7, 0xfc, 0x40, 0x1f, 0xef, 0xf6, 0x0,
    0x7f, 0x9b, 0xfc, 0xa0, 0x1f, 0xed, 0xfe, 0x0,
    0xfc,

    /* U+2013 "–" */
    0x5e, 0xef, 0xe3, 0x6f, 0xff, 0xe3,

    /* U+2014 "—" */
    0x5e, 0xef, 0xfe, 0x6e, 0x37, 0xff, 0xff, 0x37,
    0x80,

    /* U+2015 "―" */
    0xce, 0xef, 0xfe, 0x27, 0xff, 0xff, 0xc,

    /* U+2018 "‘" */
    0x0, 0xdf, 0x80, 0x13, 0xfb, 0x80, 0x5d, 0xe6,
    0x0, 0x5f, 0xe0, 0xb, 0x7e, 0x80, 0x9, 0xfe,
    0x50, 0x5, 0xff, 0x84, 0x0, 0xf0, 0xc0, 0x0,

    /* U+2019 "’" */
    0x0, 0xf, 0xfb, 0x0, 0x25, 0xff, 0x28, 0x5,
    0x3f, 0xc0, 0x1b, 0xbd, 0xc0, 0x22, 0xff, 0x8,
    0x4, 0xff, 0x20, 0x1b, 0x3c, 0x80, 0x33, 0xb0,
    0x6,

    /* U+201A "‚" */
    0x0, 0x2c, 0x40, 0x40, 0x1d, 0xfa, 0x0, 0x3f,
    0xf3, 0x0, 0x1f, 0xf8, 0x2, 0xcf, 0x80, 0x0,
    0xff, 0x84, 0x0, 0xbf, 0x20, 0x14, 0xf9, 0x0,
    0x40,

    /* U+201C "“" */
    0x0, 0x87, 0xec, 0x0, 0xbe, 0xc0, 0x14, 0x7b,
    0x80, 0x37, 0xc8, 0x2, 0xef, 0x20, 0x4f, 0xd0,
    0x9, 0xbf, 0x40, 0x17, 0xf2, 0x1, 0x6f, 0xc8,
    0x17, 0xf9, 0x0, 0xb, 0xfe, 0x40, 0x9f, 0xf0,
    0x5, 0x9f, 0xe0, 0x1f, 0xf5, 0x80, 0x4a, 0xa4,
    0x1, 0x55, 0x10, 0x0,

    /* U+201D "”" */
    0x0, 0xf, 0xfb, 0x1, 0x7f, 0xd0, 0x0, 0x5f,
    0xf2, 0x84, 0xff, 0x84, 0x1, 0x5f, 0xa0, 0xe,
    0xf9, 0x0, 0xbb, 0xd8, 0xf, 0xfc, 0x40, 0x3,
    0xfe, 0x0, 0x3f, 0xd0, 0x5, 0x1e, 0xe0, 0xc,
    0xf3, 0x0, 0xb3, 0xc4, 0x7, 0xf0, 0x3, 0x21,
    0x80, 0x5, 0x8, 0x2,

    /* U+201E "„" */
    0x0, 0x1a, 0xa8, 0x40, 0xd5, 0x40, 0x16, 0xff,
    0x0, 0x3b, 0xf8, 0x0, 0x3f, 0xe8, 0x3, 0xff,
    0x38, 0x1, 0xbf, 0xc2, 0xf, 0xfc, 0x1, 0x57,
    0xc8, 0x3, 0x3e, 0x0, 0x2f, 0xf1, 0x0, 0xff,
    0x84, 0x0, 0x9f, 0x60, 0x5, 0xf9, 0x0, 0xa3,
    0xcc, 0x1, 0x5e, 0x40, 0x10,

    /* U+2020 "†" */
    0x0, 0xdf, 0xe0, 0xf, 0xdf, 0xe0, 0xf, 0xdf,
    0xe0, 0xf, 0xdf, 0xe0, 0xf, 0xdf, 0xe0, 0xc,
    0x5f, 0xff, 0x8c, 0xbb, 0xaf, 0xf7, 0x74, 0x40,
    0x1b, 0xfc, 0x1, 0xfb, 0xfc, 0x1, 0xfb, 0xfc,
    0x1, 0xfb, 0xfc, 0x1, 0xfb, 0xfc, 0x1, 0xfb,
    0xfc, 0x1, 0xfb, 0xfc, 0x1, 0xfb, 0xfc, 0x1,
    0xfb, 0xfc, 0x1, 0xfb, 0xfc, 0x1, 0xfb, 0xfc,
    0x1, 0xfb, 0xfc, 0x1, 0xfb, 0xfc, 0x1, 0xfa,
    0xa8, 0x1, 0x80,

    /* U+2021 "‡" */
    0x0, 0xaf, 0xc8, 0x3, 0xd7, 0xe4, 0x1, 0xeb,
    0xf2, 0x0, 0xf5, 0xf9, 0x0, 0x7a, 0xfc, 0x80,
    0x2f, 0xff, 0xcb, 0xbd, 0xcf, 0xf7, 0x74, 0x80,
    0x15, 0xf9, 0x0, 0x7a, 0xfc, 0x80, 0x3d, 0x7e,
    0x40, 0x1e, 0xbf, 0x20, 0xf, 0x5f, 0x90, 0x7,
    0xaf, 0xc8, 0x3, 0xd7, 0xe4, 0x1, 0x7f, 0xfe,
    0x5d, 0xee, 0x7f, 0xbb, 0xa4, 0x0, 0xaf, 0xc8,
    0x3, 0xd7, 0xe4, 0x1, 0xeb, 0xf2, 0x0, 0xf5,
    0xf9, 0x0, 0x79, 0xe8, 0x40, 0x20,

    /* U+2022 "•" */
    0x4f, 0xfe, 0xb4, 0xff, 0xeb, 0x4f, 0xfe, 0xb4,
    0xff, 0xeb, 0x4f, 0xfe, 0xb4, 0xff, 0xeb,

    /* U+2023 "‣" */
    0x0, 0xfe, 0x4b, 0x20, 0xf, 0x27, 0xfa, 0x44,
    0x3, 0x27, 0xfd, 0xce, 0x1, 0x27, 0xff, 0x6a,
    0x2, 0x7f, 0xfb, 0x89, 0x3f, 0xfa, 0x0, 0x9,
    0xff, 0x50, 0x80, 0x49, 0xf8, 0x60, 0x1c, 0x6c,
    0x1, 0xf0,

    /* U+2025 "‥" */
    0x2, 0x20, 0x80, 0x8, 0x82, 0xbf, 0xe8, 0x0,
    0x7f, 0xb5, 0x7f, 0xd0, 0x0, 0xff, 0x6a, 0xff,
    0xa0, 0x1, 0xfe, 0xd0,

    /* U+2026 "…" */
    0x2, 0x20, 0x4, 0x24, 0x40, 0x8, 0x48, 0x8b,
    0xfe, 0x50, 0x4, 0x7f, 0x84, 0x1, 0x9f, 0xcb,
    0xfe, 0x50, 0x4, 0x7f, 0x84, 0x1, 0x9f, 0xcb,
    0xfe, 0x50, 0x4, 0x7f, 0x84, 0x1, 0x9f, 0xc0,

    /* U+2030 "‰" */
    0x2, 0xbf, 0xe8, 0x0, 0xf4, 0xfa, 0x0, 0x7f,
    0x87, 0xbe, 0x6f, 0xe4, 0x3, 0x17, 0xd0, 0x7,
    0xfc, 0xfe, 0xa0, 0xb, 0xf1, 0x0, 0xaf, 0xc4,
    0x3, 0xfe, 0xbf, 0x0, 0x9b, 0xd4, 0x0, 0xbe,
    0xe0, 0x1f, 0xfc, 0xb, 0xf1, 0x0, 0x37, 0xa8,
    0x3, 0xb4, 0x3, 0xff, 0x82, 0xfe, 0xe0, 0xc,
    0xf2, 0x8, 0xf4, 0x0, 0xff, 0xe0, 0x8f, 0x7e,
    0x77, 0xd0, 0x17, 0xd8, 0x7, 0xff, 0xc, 0xaf,
    0xfa, 0x0, 0x17, 0xe4, 0x1, 0xff, 0xc9, 0x4f,
    0x80, 0xf, 0xfe, 0x56, 0xf0, 0x7, 0xff, 0x29,
    0xfd, 0x40, 0xaf, 0xf9, 0xc0, 0x21, 0x9e, 0xe4,
    0x88, 0x7, 0x87, 0xec, 0x7, 0xbf, 0x3b, 0xe4,
    0x1, 0x9f, 0xba, 0xfc, 0x0, 0xf5, 0x79, 0x4,
    0x7b, 0x80, 0x37, 0xc5, 0x3e, 0x80, 0x15, 0xea,
    0x1, 0x8f, 0xe4, 0x1, 0x7e, 0x20, 0x7, 0xf5,
    0x7f, 0x40, 0x2, 0x7c, 0x0, 0x6d, 0xe0, 0xa,
    0xfc, 0x2, 0x6f, 0x57, 0xf3, 0x0, 0x17, 0xc0,
    0x4, 0xde, 0xc0, 0x13, 0xfa, 0x80, 0x2f, 0xc5,
    0x3e, 0x0, 0xf, 0xea, 0x0, 0x1e, 0xc0, 0xc,
    0x3d, 0xf3, 0x7f, 0x20, 0xc, 0xfa, 0x9f, 0xc0,
    0xa, 0x7c, 0xc0, 0x38, 0xaf, 0xfa, 0x0, 0x21,
    0x9e, 0xfa, 0x10,

    /* U+2031 "‱" */
    0x2, 0xbf, 0xe8, 0x0, 0xf4, 0xfa, 0x0, 0x7f,
    0xf1, 0x87, 0xbe, 0x6f, 0xe4, 0x3, 0x17, 0xd0,
    0x7, 0xff, 0x1d, 0xfd, 0x40, 0x17, 0xe2, 0x1,
    0x5f, 0x88, 0x7, 0xff, 0x1e, 0xfc, 0x2, 0x6f,
    0x50, 0x2, 0xfb, 0x80, 0x7f, 0xf2, 0x2f, 0xc4,
    0x0, 0xde, 0xa0, 0xe, 0xd0, 0xf, 0xfe, 0x4b,
    0xfb, 0x80, 0x33, 0xc8, 0x23, 0xd0, 0x3, 0xff,
    0x92, 0x3d, 0xf9, 0xdf, 0x40, 0x5f, 0x60, 0x1f,
    0xfc, 0xb2, 0xbf, 0xe8, 0x0, 0x5f, 0x90, 0x7,
    0xff, 0x45, 0x3e, 0x0, 0x3f, 0xfa, 0x5b, 0xc0,
    0x1f, 0xfd, 0x27, 0xf5, 0x2, 0xbf, 0xe7, 0x0,
    0x86, 0x7b, 0x92, 0x20, 0x13, 0xf7, 0xd9, 0x0,
    0x78, 0x7e, 0xc0, 0x7b, 0xf3, 0xbe, 0x40, 0x19,
    0xfb, 0xaf, 0xc0, 0x4, 0xff, 0x67, 0xf0, 0x80,
    0x75, 0x79, 0x4, 0x7b, 0x80, 0x37, 0xc5, 0x3e,
    0x80, 0x15, 0xea, 0x3f, 0xa0, 0x7, 0xf8, 0x0,
    0xc7, 0xf2, 0x0, 0xbf, 0x10, 0x3, 0xfa, 0xbf,
    0xa0, 0x1, 0x3e, 0x13, 0xdc, 0x2, 0xfc, 0x0,
    0xdb, 0xc0, 0x15, 0xf8, 0x4, 0xde, 0xaf, 0xe6,
    0x0, 0x2f, 0x84, 0xf7, 0x0, 0xbf, 0x0, 0x26,
    0xf6, 0x0, 0x9f, 0xd4, 0x1, 0x7e, 0x29, 0xf0,
    0x0, 0x7f, 0x51, 0xfc, 0x0, 0x27, 0xc0, 0x0,
    0x7b, 0x0, 0x30, 0xf7, 0xcd, 0xfc, 0x80, 0x33,
    0xea, 0x7f, 0x0, 0x11, 0xf7, 0x3d, 0xc1, 0x0,
    0x4f, 0x98, 0x7, 0x15, 0xff, 0x40, 0x4, 0x33,
    0xdf, 0x42, 0x1, 0x3f, 0x7d, 0x90, 0x0,

    /* U+2039 "‹" */
    0x0, 0xe2, 0x10, 0xc, 0x7c, 0x60, 0x13, 0x7f,
    0x8c, 0x1, 0x1f, 0xe9, 0x0, 0x5f, 0xf9, 0x40,
    0x13, 0xfe, 0x60, 0xd, 0x5f, 0xe7, 0x0, 0xcf,
    0xfe, 0xa0, 0xc, 0xbf, 0xe3, 0x0, 0xc7, 0xc6,
    0x1, 0xc2, 0x20,

    /* U+203A "›" */
    0x30, 0xf, 0x46, 0x8, 0x6, 0x8f, 0xe2, 0x0,
    0x8b, 0x3f, 0xca, 0x1, 0xa7, 0xfc, 0xe0, 0x1a,
    0xff, 0xca, 0x0, 0xbf, 0xf3, 0x1, 0x6f, 0xf1,
    0x80, 0x23, 0xf4, 0x80, 0x28, 0xb0, 0xe, 0x30,
    0xf, 0x0,

    /* U+2044 "⁄" */
    0x0, 0xff, 0x1f, 0xc8, 0x7, 0xfb, 0x38, 0x40,
    0x3f, 0x9b, 0xd8, 0x3, 0xf8, 0x7b, 0x40, 0x3f,
    0xd3, 0xe6, 0x1, 0xfc, 0x5f, 0x40, 0x1f, 0xec,
    0xf1, 0x0, 0xfe, 0x5f, 0x70, 0xf, 0xf7, 0x68,
    0x7, 0xfa, 0x3d, 0x0, 0x3f, 0x8b, 0xec, 0x3,
    0xfd, 0x7e, 0x40, 0x1f, 0xc9, 0xf0, 0x1, 0xfe,
    0xde, 0x0, 0xff, 0x3f, 0xa8, 0x7, 0xf0, 0xfd,
    0x80, 0x7f, 0xab, 0xc8, 0x3, 0xf9, 0x3e, 0x0,
    0x3f, 0xc0,

    /* U+2074 "⁴" */
    0x0, 0xc9, 0xf6, 0x1, 0xc3, 0xdf, 0x60, 0x1d,
    0x76, 0xdb, 0x0, 0xcf, 0xc3, 0xb6, 0x1, 0x1f,
    0xa8, 0x6d, 0x80, 0x5b, 0x20, 0xd, 0xb0, 0x4,
    0xf1, 0x8, 0xb6, 0xc4, 0x3b, 0xff, 0xe7, 0x44,
    0xee, 0xc4, 0x20, 0xe, 0xdb, 0x0, 0xfb, 0x6c,
    0x0,

    /* U+20AB "₫" */
    0x0, 0xfc, 0xb0, 0x60, 0x1f, 0x84, 0x59, 0xf2,
    0x20, 0x1e, 0x8f, 0xff, 0x0, 0x78, 0x91, 0x1f,
    0xec, 0x40, 0xf, 0xeb, 0xf7, 0x0, 0xc7, 0x7d,
    0xf8, 0xb7, 0xee, 0x1, 0x2f, 0xff, 0xe7, 0x0,
    0xf, 0xfb, 0xc, 0xa, 0xff, 0xce, 0x0, 0x6f,
    0xe0, 0xe, 0xef, 0x70, 0x4, 0xfd, 0x0, 0x74,
    0xfb, 0x80, 0x27, 0xe8, 0x3, 0xa7, 0xdc, 0x0,
    0xdf, 0xc2, 0x1, 0xb7, 0xdc, 0x0, 0x3f, 0xec,
    0x30, 0x2b, 0xff, 0x38, 0x4, 0xbf, 0xfe, 0xaf,
    0x70, 0xc, 0x77, 0xfe, 0xb3, 0x6f, 0x70, 0xf,
    0xfe, 0x81, 0xc4, 0x7f, 0xc0, 0xff, 0xff, 0xf0,
    0x0,

    /* U+20AC "€" */
    0x0, 0xe2, 0x9d, 0xff, 0x75, 0x28, 0x7, 0x9f,
    0xff, 0xf5, 0x80, 0x67, 0xff, 0xa9, 0xda, 0x7b,
    0xd8, 0x2, 0x2f, 0xf7, 0x10, 0x7, 0x28, 0x6,
    0xbf, 0xf1, 0x80, 0x7f, 0xdf, 0xea, 0x0, 0xff,
    0x67, 0xff, 0xf8, 0x3, 0x4f, 0xfd, 0xd7, 0x7e,
    0x0, 0xe8, 0xff, 0x8, 0x7, 0xfc, 0xff, 0xe1,
    0x0, 0xff, 0x6f, 0xff, 0xf8, 0x3, 0x4f, 0xfe,
    0xbb, 0xea, 0x0, 0xf7, 0xfa, 0xc0, 0x3f, 0xf8,
    0x15, 0xfe, 0x30, 0xf, 0xf8, 0xbf, 0xdc, 0x40,
    0x1c, 0xe0, 0x1c, 0xff, 0xf5, 0x3b, 0x4f, 0x7c,
    0x80, 0x73, 0xff, 0xfe, 0xb0, 0xf, 0x1d, 0x77,
    0xfb, 0x69, 0x0, 0x0,

    /* U+20B1 "₱" */
    0x2, 0xff, 0xf6, 0xc9, 0x80, 0x71, 0x7f, 0xff,
    0x38, 0x6, 0x2f, 0xf5, 0xbb, 0xa2, 0xff, 0xe3,
    0x0, 0x8b, 0xfd, 0x0, 0x19, 0x7f, 0xd4, 0x0,
    0xaf, 0xfa, 0x0, 0x3b, 0x7f, 0xdc, 0x97, 0xff,
    0x40, 0x7, 0x67, 0xfc, 0x80, 0x5f, 0xe8, 0x0,
    0xc3, 0xfe, 0xc0, 0x8, 0xbf, 0xd0, 0x0, 0x14,
    0xcf, 0xf3, 0x0, 0x45, 0xff, 0xfd, 0x60, 0x18,
    0xbf, 0xff, 0x48, 0x7, 0x17, 0xfa, 0xdd, 0xcc,
    0x80, 0x1f, 0x17, 0xfa, 0x0, 0x3f, 0xe2, 0xff,
    0x40, 0x7, 0xfc, 0x5f, 0xe8, 0x0, 0xff, 0x8b,
    0xfd, 0x0, 0x1f, 0xf1, 0x7f, 0xa0, 0x3, 0xfe,
    0x2f, 0xf4, 0x0, 0x7f, 0xc5, 0xfe, 0x80, 0xf,
    0xf0,

    /* U+20B3 "₳" */
    0x0, 0xf6, 0xfb, 0x80, 0x7f, 0xc7, 0xfe, 0xc0,
    0xf, 0xfa, 0x3f, 0xe2, 0x0, 0xff, 0x6f, 0xfc,
    0xe0, 0x1f, 0xc5, 0xfe, 0x8f, 0xc0, 0xf, 0xe8,
    0xfc, 0x3f, 0xf0, 0x80, 0x7e, 0xdf, 0x80, 0xef,
    0x70, 0xf, 0x8b, 0xfc, 0x61, 0x5f, 0x80, 0x1a,
    0xae, 0xdf, 0xf5, 0xdb, 0xfe, 0xdb, 0xb2, 0xf7,
    0xff, 0xff, 0x5, 0xc0, 0x5, 0xfe, 0x60, 0xb,
    0x3e, 0xc0, 0x39, 0xff, 0xc2, 0x1, 0x47, 0xf8,
    0x40, 0x15, 0x7f, 0xf5, 0xde, 0xff, 0xd6, 0xbd,
    0xff, 0xff, 0xc1, 0x70, 0x7f, 0xf2, 0x0, 0x75,
    0xff, 0x84, 0x1, 0x9f, 0xe0, 0xf, 0x37, 0xf9,
    0x80, 0x7f, 0xd6, 0x1, 0xe2, 0xff, 0x58, 0x3f,
    0xf9, 0x80, 0x3e, 0xdf, 0xf0, 0x80,

    /* U+20B4 "₴" */
    0x0, 0xcb, 0x7d, 0xfd, 0x46, 0x1, 0xea, 0xff,
    0xf9, 0xc0, 0x34, 0xff, 0xb5, 0xd6, 0x3f, 0xe4,
    0x0, 0x97, 0x6c, 0x3, 0x1f, 0xfa, 0x80, 0x3f,
    0xed, 0xfc, 0x0, 0xff, 0x17, 0xfa, 0x42, 0x7f,
    0xff, 0xf8, 0x1c, 0xd5, 0x5f, 0xfc, 0x9, 0x0,
    0xff, 0xe1, 0x2d, 0x57, 0xff, 0x2, 0x27, 0xff,
    0xff, 0x81, 0xc0, 0xff, 0xe5, 0x0, 0xff, 0x4f,
    0xf8, 0x3, 0xfe, 0x8f, 0xf0, 0x80, 0x7b, 0xa8,
    0xc1, 0x3f, 0xd2, 0x1, 0xd5, 0xfe, 0x80, 0x6,
    0x7f, 0xb1, 0xda, 0x37, 0xfd, 0xa0, 0x10, 0xe7,
    0xff, 0xda, 0x40, 0x1c, 0xd7, 0xdf, 0xd6, 0xc0,
    0x10,

    /* U+20B8 "₸" */
    0x3f, 0xff, 0xfe, 0x6, 0x1f, 0xff, 0xff, 0x3,
    0x0, 0x8b, 0xff, 0x80, 0x20, 0x1f, 0xfc, 0x23,
    0xff, 0xff, 0xe0, 0x61, 0xff, 0xff, 0xf0, 0x30,
    0x8, 0xbb, 0xfd, 0x44, 0x58, 0x40, 0x3d, 0xfe,
    0x90, 0xf, 0xfb, 0xfd, 0x20, 0x1f, 0xf7, 0xfa,
    0x40, 0x3f, 0xef, 0xf4, 0x80, 0x7f, 0xdf, 0xe9,
    0x0, 0xff, 0xbf, 0xd2, 0x1, 0xff, 0x7f, 0xa4,
    0x3, 0xfe, 0xff, 0x48, 0x7, 0xfd, 0xfe, 0x90,
    0xf, 0xfb, 0xfd, 0x20, 0x1f, 0xf7, 0xfa, 0x40,
    0x38,

    /* U+20BD "₽" */
    0x0, 0x1f, 0xff, 0xba, 0xd8, 0x3, 0x8f, 0xff,
    0xfb, 0x4, 0x2, 0x3f, 0xf5, 0x3b, 0xa2, 0xbb,
    0xfd, 0x60, 0x11, 0xff, 0x98, 0x3, 0xb3, 0xfc,
    0x40, 0x3, 0xff, 0x30, 0x7, 0x27, 0xf9, 0x80,
    0x7, 0xfe, 0x60, 0xe, 0x3f, 0xf3, 0x0, 0xf,
    0xfc, 0xc0, 0x1c, 0xff, 0xe4, 0x0, 0x1f, 0xf9,
    0x80, 0x22, 0x7f, 0xf7, 0x4, 0x7f, 0xff, 0xf0,
    0x14, 0x23, 0xff, 0xfd, 0x66, 0x0, 0x24, 0x6f,
    0xf4, 0x22, 0xc, 0x80, 0x3e, 0x3f, 0xf3, 0x0,
    0x7f, 0x47, 0xff, 0xea, 0x0, 0xe8, 0xff, 0xfd,
    0x40, 0x1c, 0x24, 0xbf, 0xe7, 0x22, 0x84, 0x3,
    0xe3, 0xff, 0x30, 0x7, 0xfc, 0x7f, 0xe6, 0x0,
    0xff, 0x8f, 0xfc, 0xc0, 0x1f, 0xc0,

    /* U+2116 "№" */
    0x2, 0x20, 0x80, 0x7e, 0x12, 0x10, 0xf, 0xfe,
    0x17, 0xfc, 0x40, 0x1f, 0x77, 0xd8, 0x7, 0xff,
    0xb, 0xfe, 0xb0, 0xf, 0xbb, 0xec, 0x3, 0xff,
    0x85, 0xff, 0x94, 0x3, 0xdd, 0xf6, 0x1, 0xe1,
    0x20, 0xf, 0x7f, 0xee, 0x0, 0xf7, 0x7d, 0x80,
    0x67, 0xef, 0xfa, 0x44, 0x2, 0xff, 0x77, 0xfa,
    0x0, 0x3b, 0xbe, 0xc0, 0x2a, 0xff, 0x5d, 0xbb,
    0xf4, 0x40, 0x1f, 0xe9, 0xaf, 0xf1, 0x0, 0x6e,
    0xfb, 0x0, 0x37, 0xf1, 0x0, 0x57, 0xf6, 0x0,
    0xff, 0x48, 0xff, 0xb0, 0x3, 0x77, 0xd8, 0x3,
    0x3d, 0xc0, 0x31, 0x7f, 0x88, 0x3f, 0xd2, 0xf,
    0xfe, 0x60, 0xb, 0xbe, 0xc0, 0x1f, 0xe2, 0x0,
    0xed, 0xf5, 0xf, 0xf4, 0x80, 0x37, 0xf8, 0x40,
    0x1d, 0xf6, 0x0, 0xff, 0x8, 0x7, 0x67, 0xb0,
    0x7f, 0xa4, 0x0, 0x9f, 0xe9, 0x0, 0x77, 0xd8,
    0x3, 0xfc, 0x80, 0x1d, 0xde, 0x81, 0xfe, 0x90,
    0xa, 0xbf, 0xc6, 0x1d, 0xf6, 0x0, 0xaf, 0xa0,
    0xc, 0xbf, 0xc0, 0xf, 0xf4, 0x80, 0x43, 0xfe,
    0xd0, 0xef, 0xb0, 0x1, 0x7f, 0xa0, 0x41, 0x7f,
    0xcc, 0x0, 0xff, 0x48, 0x6, 0x7f, 0xf3, 0xf7,
    0xd8, 0x4, 0x9f, 0xfe, 0x80, 0xb, 0xfd, 0x20,
    0x1d, 0xbf, 0xfa, 0xc0, 0x30, 0xc5, 0xe4, 0x98,
    0x6, 0xff, 0x48, 0x7, 0x1f, 0xfe, 0xb0, 0xf,
    0xfe, 0x17, 0xfa, 0x40, 0x3d, 0x3f, 0xf5, 0x80,
    0x7f, 0xf0, 0xbf, 0xd2, 0x1, 0xe1, 0xef, 0xf5,
    0x80, 0x3f, 0xff, 0xc0, 0xf, 0xf4, 0x80, 0x7c,
    0xdf, 0xeb, 0x0, 0x7f, 0xff, 0x84,

    /* U+2122 "™" */
    0x2, 0x2f, 0x0, 0x8, 0x40, 0x31, 0x10, 0xb,
    0xff, 0xc0, 0x7f, 0xe2, 0x0, 0x27, 0xf8, 0x40,
    0x45, 0x74, 0x22, 0x3, 0xfe, 0x80, 0x4, 0xf7,
    0x88, 0x5, 0x72, 0x1, 0x1f, 0xc6, 0x80, 0x3a,
    0x3c, 0x40, 0x2b, 0x90, 0x8, 0xfc, 0xbc, 0xd3,
    0x93, 0xc4, 0x2, 0xb9, 0x0, 0x8f, 0xc6, 0xa6,
    0xa1, 0x3c, 0x40, 0x2b, 0x90, 0x8, 0xfc, 0x53,
    0xbc, 0x93, 0xc4, 0x2, 0xb9, 0x0, 0x8f, 0xc4,
    0x37, 0x1, 0x3c, 0x40, 0x2b, 0x90, 0x8, 0xfc,
    0x41, 0x50, 0x13, 0xc4, 0x2, 0x11, 0x0, 0x62,
    0x0, 0xf1, 0x0,

    /* U+2126 "Ω" */
    0x0, 0xf9, 0x19, 0x8a, 0x60, 0x1f, 0xf1, 0x57,
    0xff, 0xba, 0x0, 0x3f, 0x2f, 0xff, 0xfb, 0x8c,
    0x3, 0x93, 0xfe, 0xb5, 0x21, 0x26, 0xdf, 0xf8,
    0x80, 0x21, 0xff, 0x98, 0x3, 0xe9, 0xff, 0x68,
    0x5, 0x1f, 0xe9, 0x0, 0xfe, 0xcf, 0xf3, 0x0,
    0x37, 0xfc, 0x20, 0x1f, 0xc9, 0xfe, 0xb0, 0x1f,
    0xf5, 0x80, 0x7f, 0xdd, 0xfe, 0x3, 0xff, 0x48,
    0x7, 0xfd, 0x9f, 0xe1, 0x3f, 0xf4, 0x0, 0x7f,
    0xd7, 0xfe, 0x1, 0xff, 0x48, 0x7, 0xfd, 0x9f,
    0xe0, 0x6, 0xfe, 0x0, 0x7f, 0xdf, 0xeb, 0x0,
    0x47, 0xf8, 0x40, 0x3f, 0x93, 0xfc, 0xa0, 0x1,
    0xef, 0x90, 0xf, 0xec, 0xfc, 0x0, 0xc9, 0xfe,
    0x60, 0xf, 0xa3, 0xf8, 0x80, 0x39, 0x3f, 0xce,
    0x1, 0xd1, 0xfc, 0x40, 0x19, 0xe2, 0x13, 0xfe,
    0xc0, 0xb, 0x3f, 0xd1, 0x13, 0x0, 0x3f, 0xfe,
    0x10, 0x1f, 0xff, 0x60, 0x3, 0xff, 0xe1, 0x1,
    0xff, 0xf6, 0x0,

    /* U+215B "⅛" */
    0x0, 0xaf, 0xc0, 0x3f, 0x57, 0x90, 0x7, 0x9,
    0xf7, 0x80, 0x7c, 0x9f, 0x0, 0x1c, 0xff, 0xf8,
    0x3, 0xed, 0xe0, 0xf, 0x12, 0x23, 0xbc, 0x3,
    0xcf, 0xea, 0x1, 0xfd, 0x7e, 0x1, 0xc3, 0xf8,
    0x1, 0xfe, 0xbf, 0x0, 0xea, 0xf3, 0x0, 0xff,
    0x5f, 0x80, 0x63, 0xf9, 0x0, 0xff, 0xaf, 0xc0,
    0x36, 0x70, 0x81, 0xe7, 0xf4, 0x0, 0x75, 0xf8,
    0x4, 0xde, 0xc0, 0x7f, 0xea, 0xdf, 0x90, 0xd,
    0x7e, 0x0, 0x1e, 0xd0, 0x4, 0xfa, 0x0, 0x33,
    0xc0, 0x35, 0xf8, 0x2, 0x7c, 0xc0, 0x15, 0xe2,
    0x0, 0x9f, 0x10, 0xf, 0x17, 0xd0, 0x4, 0xdf,
    0x0, 0x5d, 0xa0, 0x1f, 0x67, 0x88, 0x6, 0xdf,
    0xfc, 0xa0, 0x1e, 0x5f, 0x70, 0xd, 0x9e, 0xe6,
    0x99, 0xe6, 0x1, 0xdd, 0xa0, 0x18, 0xbe, 0x40,
    0x22, 0xf9, 0x0, 0xd1, 0xe8, 0x1, 0x8b, 0xec,
    0x2, 0x4f, 0x90, 0x8, 0xbe, 0xc0, 0x3d, 0x7f,
    0x91, 0x3f, 0xe3, 0x0, 0xaf, 0xc8, 0x3, 0xe8,
    0xdf, 0xeb, 0x30,

    /* U+215C "⅜" */
    0x0, 0x1d, 0xff, 0x40, 0x7, 0xe9, 0xf3, 0x0,
    0xe2, 0xff, 0x5e, 0xfd, 0x0, 0x78, 0xfe, 0x80,
    0x3d, 0x1e, 0x80, 0xc, 0xf0, 0xf, 0x67, 0x88,
    0x7, 0x91, 0x80, 0x2a, 0xf1, 0x0, 0xcb, 0xee,
    0x1, 0xfe, 0x16, 0xfa, 0x0, 0xee, 0xd0, 0xf,
    0xfb, 0x3f, 0x8c, 0x3, 0x47, 0xa0, 0x7, 0xfc,
    0x6d, 0x9e, 0x80, 0x2, 0xfa, 0x0, 0xfc, 0x56,
    0xc0, 0x10, 0xfd, 0x80, 0x2f, 0xc8, 0xe, 0xff,
    0xa0, 0x2, 0xfe, 0x10, 0x1, 0xfd, 0x2, 0xfc,
    0x1, 0x7f, 0xaf, 0x3e, 0x80, 0x11, 0xfd, 0x76,
    0xff, 0x18, 0x77, 0x0, 0x11, 0xea, 0x0, 0xbf,
    0x10, 0x3, 0x6f, 0xf5, 0x98, 0x47, 0xa8, 0x2,
    0x7c, 0x80, 0x11, 0xe4, 0x1, 0xf8, 0xbe, 0xc0,
    0x24, 0xf9, 0x2, 0xde, 0x0, 0xfe, 0xbf, 0x20,
    0xd, 0x9f, 0xf9, 0xc0, 0x3f, 0x27, 0xc0, 0x6,
    0xaf, 0x83, 0x4c, 0xf4, 0x0, 0xfb, 0x78, 0x3,
    0xf, 0xd0, 0x4, 0x3f, 0x60, 0x1e, 0x7f, 0x50,
    0xe, 0xfc, 0x0, 0x8f, 0xe8, 0x3, 0x87, 0xf0,
    0x3, 0xd5, 0xfb, 0x13, 0xfe, 0x40, 0xe, 0xaf,
    0x30, 0xf, 0x9f, 0x7f, 0xd6, 0x80,

    /* U+215D "⅝" */
    0x0, 0x77, 0xff, 0x10, 0x7, 0xaf, 0xc8, 0x3,
    0x87, 0xfd, 0x33, 0x84, 0x3, 0x93, 0xe0, 0x3,
    0xc9, 0xec, 0x1, 0xfe, 0xde, 0x0, 0xf9, 0xfd,
    0xe2, 0x50, 0x3, 0xcf, 0xea, 0x1, 0xf5, 0x7f,
    0xf4, 0x80, 0x61, 0xfc, 0x0, 0xfd, 0x1c, 0xc2,
    0x59, 0xe8, 0x1, 0x57, 0x90, 0x7, 0xff, 0x5,
    0x3e, 0x0, 0x7, 0xf2, 0x1, 0xfc, 0xec, 0x1,
    0x27, 0xc8, 0x3, 0x78, 0x41, 0x33, 0xfa, 0x0,
    0x2e, 0xf2, 0x0, 0x5f, 0xa8, 0x37, 0xb0, 0x1f,
    0xfa, 0xb7, 0xe4, 0x0, 0xbf, 0xeb, 0xdf, 0xc0,
    0x1e, 0xc0, 0x4, 0xfa, 0x0, 0x37, 0xc0, 0x25,
    0xcf, 0xe8, 0x0, 0x4f, 0x98, 0x2, 0xbc, 0x40,
    0x15, 0xe2, 0x1, 0xf8, 0xfe, 0x40, 0x26, 0xf8,
    0x3, 0xec, 0x0, 0xfe, 0xcf, 0x10, 0xd, 0xbf,
    0xf9, 0x40, 0x3f, 0x37, 0xb8, 0x6, 0xcf, 0x73,
    0x4c, 0xf3, 0x0, 0xfb, 0xb4, 0x3, 0x17, 0xc0,
    0x4, 0x5f, 0x20, 0x1e, 0x8f, 0x40, 0xc, 0x5f,
    0x40, 0x12, 0x7c, 0x80, 0x71, 0x7d, 0x0, 0x7a,
    0xff, 0x22, 0xbf, 0xc4, 0x1, 0xd7, 0xe2, 0x1,
    0xf4, 0x6f, 0xf5, 0x98, 0x0,

    /* U+215E "⅞" */
    0x7f, 0xff, 0x98, 0x3, 0x2f, 0xb8, 0x7, 0x24,
    0xcf, 0x7f, 0x90, 0x3, 0x76, 0x80, 0x7f, 0xc5,
    0xf8, 0x1, 0xa3, 0xd0, 0x3, 0xfe, 0xaf, 0x40,
    0x8, 0xbe, 0xc0, 0x3f, 0xe2, 0xfc, 0x0, 0xd7,
    0xe4, 0x1, 0xff, 0x57, 0xa0, 0x4, 0x9f, 0x0,
    0x1f, 0xf1, 0x7e, 0x0, 0x6d, 0xe0, 0xf, 0xfe,
    0x5, 0x7a, 0x0, 0x4f, 0xea, 0x3, 0x5d, 0xf6,
    0x40, 0x18, 0xbf, 0x0, 0x21, 0xfc, 0x0, 0x6f,
    0xe5, 0xff, 0x0, 0x6b, 0xf4, 0x0, 0xab, 0xc8,
    0x13, 0xe4, 0x0, 0xfe, 0xa0, 0x3, 0xfc, 0x0,
    0x8f, 0xe4, 0x0, 0xbe, 0xc0, 0x4, 0xf6, 0x0,
    0xfd, 0xbc, 0x20, 0x1, 0xfc, 0x11, 0x5f, 0x98,
    0x7, 0xcd, 0xec, 0x1, 0xa7, 0xff, 0x50, 0x7,
    0xc3, 0xd8, 0x1, 0x9b, 0xe9, 0xe, 0x7e, 0x0,
    0x3d, 0x3e, 0x60, 0x1b, 0x78, 0x3, 0x67, 0x80,
    0x71, 0xfc, 0x80, 0x76, 0x78, 0x80, 0x5d, 0xc0,
    0xe, 0xcf, 0x10, 0xe, 0x5f, 0xe9, 0x8d, 0xf8,
    0x0, 0xcd, 0xec, 0x1, 0xf2, 0xe7, 0xfb, 0x18,
    0x0,

    /* U+2190 "←" */
    0x0, 0xff, 0xe1, 0x10, 0x7, 0xff, 0x39, 0x77,
    0x40, 0x1f, 0xfc, 0xc3, 0xcf, 0xf5, 0x88, 0x7,
    0xff, 0x24, 0xab, 0xfd, 0xa8, 0x1, 0xff, 0xc9,
    0x18, 0xff, 0x73, 0x0, 0x7f, 0xf2, 0x9f, 0xbf,
    0xd0, 0x1, 0xff, 0xca, 0x5d, 0xff, 0x50, 0x80,
    0x7f, 0xf2, 0x4f, 0x3f, 0xf6, 0xef, 0xff, 0x25,
    0xc1, 0x7b, 0xff, 0xff, 0x9b, 0x0, 0x13, 0xff,
    0xd0, 0x20, 0x1f, 0xfc, 0xc1, 0x9f, 0xf6, 0xa8,
    0x7, 0xff, 0x34, 0xaf, 0xfd, 0x86, 0x1, 0xff,
    0xcd, 0x4d, 0xff, 0x51, 0x0, 0x7f, 0xf3, 0x5b,
    0xbf, 0xd0, 0x1, 0xff, 0xce, 0x8f, 0xe0, 0xf,
    0xfe, 0x78, 0xa0, 0x7, 0xff, 0x8,

    /* U+2192 "→" */
    0x0, 0xff, 0xe1, 0x10, 0x7, 0xff, 0x42, 0xf9,
    0x80, 0x3f, 0xf9, 0xd5, 0xfe, 0xd4, 0x0, 0xff,
    0xe6, 0x9e, 0x7f, 0xb0, 0xc0, 0x3f, 0xf9, 0xab,
    0xbf, 0xea, 0x10, 0xf, 0xfe, 0x6b, 0xff, 0xd0,
    0x1, 0xff, 0xcd, 0x19, 0xff, 0x73, 0x0, 0x4b,
    0xbb, 0xff, 0xc9, 0xff, 0xda, 0x80, 0xdf, 0xff,
    0xfc, 0xe7, 0x0, 0xff, 0xe5, 0x37, 0xfd, 0x22,
    0x1, 0xff, 0xc9, 0x4d, 0xff, 0x59, 0x0, 0x7f,
    0xf2, 0x4a, 0xff, 0xd8, 0x60, 0x1f, 0xfc, 0x91,
    0x9f, 0xf7, 0x28, 0x7, 0xff, 0x29, 0xff, 0xe7,
    0x0, 0xff, 0xe6, 0x67, 0xc8, 0x80, 0x7f, 0xf3,
    0x4c, 0x80, 0x3f, 0xf8, 0x20,

    /* U+2202 "∂" */
    0x0, 0xf8, 0x40, 0x3f, 0xcd, 0xbf, 0xf6, 0x28,
    0x7, 0xb3, 0xfd, 0xb7, 0xdf, 0xe9, 0x0, 0xd3,
    0xf8, 0x40, 0x13, 0x7f, 0x94, 0x2, 0x7b, 0x10,
    0xe, 0x7f, 0xe0, 0xf, 0xfe, 0x7, 0xf9, 0x0,
    0x32, 0xd7, 0x73, 0x18, 0x33, 0xdc, 0x0, 0x39,
    0xff, 0xea, 0x9f, 0xa0, 0x1d, 0xff, 0x4a, 0x11,
    0xcf, 0xdf, 0xd8, 0x57, 0xf9, 0x0, 0x3a, 0x7f,
    0xd6, 0x3f, 0xe8, 0x0, 0xf0, 0xff, 0xad, 0xbf,
    0xc2, 0x1, 0xf6, 0xfc, 0xc7, 0xe8, 0x7, 0xed,
    0xf6, 0x9f, 0xc0, 0xf, 0x87, 0xfc, 0x4f, 0xfc,
    0x1, 0xf4, 0x7e, 0x1, 0xff, 0x98, 0x3, 0x93,
    0xfc, 0x80, 0xc, 0xff, 0x41, 0x9, 0xcf, 0xfa,
    0x80, 0x22, 0xdf, 0xff, 0xa8, 0x3, 0x86, 0x3b,
    0xfe, 0xb5, 0x0, 0xff, 0x8, 0x7, 0xc0,

    /* U+2205 "∅" */
    0x0, 0xfc, 0x20, 0x1c, 0x40, 0x1e, 0x29, 0xef,
    0xfb, 0x5c, 0x73, 0x40, 0x3a, 0x3f, 0xd7, 0xf,
    0x1b, 0xff, 0x10, 0x6, 0xaf, 0xa1, 0x0, 0xe8,
    0xff, 0x20, 0x4, 0xdf, 0x0, 0x1e, 0x2e, 0x9d,
    0xf1, 0x1, 0xec, 0x0, 0xfb, 0x30, 0x5, 0xf4,
    0xd, 0xe8, 0x1, 0xe9, 0xe1, 0x0, 0x57, 0x85,
    0x78, 0x7, 0x97, 0xd0, 0x2, 0x5f, 0x4c, 0xd0,
    0xe, 0x2f, 0x70, 0xc, 0x7e, 0xd7, 0xa0, 0x1d,
    0xb6, 0x1, 0xc7, 0xed, 0x5e, 0x1, 0xab, 0x84,
    0x3, 0x97, 0xd1, 0x7d, 0x40, 0xd, 0xe6, 0x1,
    0xeb, 0xf0, 0x7, 0x68, 0x1f, 0xb8, 0x7, 0x8f,
    0xe4, 0x0, 0xbf, 0x7b, 0x60, 0x1e, 0x2e, 0xe0,
    0x80, 0x51, 0xfe, 0x40, 0xe, 0x5e, 0xf3, 0x0,
    0xd1, 0xff, 0x64, 0xc5, 0x77, 0xe9, 0x0, 0x64,
    0xf5, 0x28, 0xdf, 0xfa, 0xd8, 0x3, 0xff, 0x94,

    /* U+2206 "∆" */
    0x0, 0xf8, 0x40, 0x3f, 0xf8, 0x7e, 0x40, 0x1f,
    0xfc, 0x16, 0xf8, 0x0, 0xff, 0xe0, 0xe7, 0xf0,
    0x7, 0xff, 0x0, 0xff, 0xe5, 0x0, 0xff, 0xa7,
    0xf3, 0xec, 0x3, 0xfe, 0xff, 0x17, 0x79, 0x0,
    0x7f, 0x37, 0xd8, 0x4f, 0xc0, 0x7, 0xf6, 0x7a,
    0x81, 0x7f, 0x0, 0x7e, 0x3f, 0xe0, 0xb, 0x3d,
    0x40, 0x3e, 0x9f, 0x90, 0x9, 0xbe, 0xc0, 0x3e,
    0xff, 0x18, 0x6, 0xff, 0x10, 0x7, 0x37, 0xe8,
    0x7, 0x57, 0xc0, 0x7, 0x67, 0xb0, 0x7, 0x27,
    0xf0, 0x6, 0x3f, 0xf0, 0x80, 0x7b, 0x7d, 0x40,
    0x29, 0xfa, 0x0, 0xf9, 0xfe, 0xc0, 0x2f, 0xf3,
    0x11, 0x7c, 0x9f, 0xe2, 0x6, 0xff, 0xff, 0xe0,
    0xc0, 0x67, 0xff, 0xff, 0x7, 0x80,

    /* U+220F "∏" */
    0x12, 0x2f, 0xfe, 0x0, 0x77, 0xff, 0xff, 0x0,
    0xbb, 0xff, 0xff, 0x80, 0x41, 0x9e, 0xc0, 0x1c,
    0x7f, 0xe0, 0xb, 0x3d, 0x80, 0x38, 0xff, 0xc0,
    0x16, 0x7b, 0x0, 0x71, 0xff, 0x80, 0x2c, 0xf6,
    0x0, 0xe3, 0xff, 0x0, 0x59, 0xec, 0x1, 0xc7,
    0xfe, 0x0, 0xb3, 0xd8, 0x3, 0x8f, 0xfc, 0x1,
    0x67, 0xb0, 0x7, 0x1f, 0xf8, 0x2, 0xcf, 0x60,
    0xe, 0x3f, 0xf0, 0x5, 0x9e, 0xc0, 0x1c, 0x7f,
    0xe0, 0xb, 0x3d, 0x80, 0x38, 0xff, 0xc0, 0x16,
    0x7b, 0x0, 0x71, 0xff, 0x80, 0x2c, 0xf6, 0x0,
    0xe3, 0xff, 0x0, 0x59, 0xec, 0x1, 0xc7, 0xfe,
    0x0, 0xb3, 0xd8, 0x3, 0x8f, 0xfc, 0x1, 0x67,
    0xb0, 0x7, 0x1f, 0xf8, 0x2, 0xcf, 0x60, 0xe,
    0x3f, 0xf0, 0x0,

    /* U+2211 "∑" */
    0x12, 0x2f, 0xfe, 0x8, 0x67, 0xff, 0xff, 0x4,
    0x23, 0xff, 0xff, 0x82, 0x0, 0x9f, 0xf7, 0x22,
    0x7f, 0x0, 0x55, 0xfe, 0x90, 0xf, 0xfe, 0x5,
    0x7f, 0xa4, 0x3, 0xff, 0x81, 0x7f, 0xe9, 0x0,
    0xff, 0xe0, 0x67, 0xfa, 0x0, 0x3f, 0xf8, 0x19,
    0xfe, 0x80, 0xf, 0xf8, 0x77, 0xfd, 0x0, 0x1f,
    0xe2, 0xef, 0xf3, 0x0, 0x7f, 0xe, 0xff, 0x9c,
    0x3, 0xf8, 0x77, 0xfc, 0xe0, 0x1f, 0xec, 0xff,
    0x38, 0x7, 0xfb, 0x3f, 0xce, 0x1, 0xfe, 0xbf,
    0xf3, 0x80, 0x7f, 0xab, 0xfd, 0xcc, 0xdf, 0xc1,
    0x3f, 0xff, 0xfc, 0x10, 0xcf, 0xff, 0xfe, 0x8,
    0x0,

    /* U+2212 "−" */
    0x33, 0xff, 0x7, 0x7f, 0xff, 0x25, 0xe6, 0x7f,
    0x18,

    /* U+2215 "∕" */
    0x0, 0xfc, 0x42, 0x1, 0xf2, 0x7d, 0x0, 0x7d,
    0x7e, 0x60, 0x1e, 0x1f, 0xd0, 0xf, 0x9f, 0xdc,
    0x3, 0xee, 0xf1, 0x0, 0xf2, 0x7d, 0x0, 0x7d,
    0x5e, 0x80, 0x1e, 0x1f, 0xd0, 0xf, 0x9f, 0xdc,
    0x3, 0xed, 0xf1, 0x0, 0xf2, 0x7d, 0x0, 0x7d,
    0x5e, 0x80, 0x1e, 0x1f, 0xd0, 0xf, 0x9f, 0xdc,
    0x3, 0xed, 0xf1, 0x0, 0xf1, 0xfd, 0x80, 0x7d,
    0x5e, 0x80, 0x1f, 0x7f, 0x0, 0x7c,

    /* U+221A "√" */
    0x0, 0xff, 0xe0, 0x90, 0x80, 0x7f, 0xf0, 0x2b,
    0xe8, 0x3, 0xfe, 0x1f, 0xf1, 0x80, 0x7f, 0xcf,
    0xfa, 0x1, 0xff, 0xc0, 0xdf, 0x60, 0xf, 0xf8,
    0xff, 0xc0, 0x1f, 0xfc, 0xa, 0xf9, 0x0, 0xff,
    0x87, 0xfc, 0x40, 0x1f, 0xf3, 0x7e, 0x0, 0x62,
    0x28, 0x40, 0x36, 0xfa, 0x80, 0x6f, 0xfa, 0xc0,
    0x23, 0xfe, 0x0, 0xef, 0xfc, 0x20, 0x9, 0xf8,
    0x0, 0xfb, 0x7d, 0x80, 0x1f, 0xe2, 0x0, 0xfa,
    0x3e, 0xc1, 0xbe, 0xc0, 0x3f, 0x17, 0xf8, 0x77,
    0xd4, 0x3, 0xfb, 0x3e, 0x7f, 0x80, 0x3f, 0xcd,
    0xff, 0x40, 0x7, 0xf8, 0x7f, 0xe1, 0x0, 0xff,
    0xab, 0xec, 0x3, 0xff, 0x80, 0x9e, 0x80, 0x1f,
    0xfc, 0x1c, 0x0, 0xff, 0xe1, 0x8, 0x7, 0xe0,

    /* U+221E "∞" */
    0x0, 0x9a, 0xf7, 0x52, 0x40, 0x1c, 0xd7, 0xdb,
    0x24, 0x1, 0xb3, 0xff, 0xd0, 0x0, 0x2d, 0xff,
    0xf2, 0x80, 0x27, 0xfd, 0x6, 0x68, 0xff, 0x51,
    0x77, 0xe2, 0x92, 0xef, 0xf8, 0x83, 0xfc, 0xe0,
    0x18, 0xfb, 0xfe, 0x90, 0xe, 0xef, 0x82, 0xff,
    0x8, 0x7, 0x27, 0xfa, 0xc0, 0x3d, 0x3f, 0x65,
    0xfe, 0x20, 0xe, 0x5f, 0xf6, 0x0, 0x7a, 0x7e,
    0xc3, 0xfd, 0x0, 0x18, 0xff, 0xf5, 0x0, 0x61,
    0xef, 0x80, 0x8f, 0xf4, 0xa2, 0x27, 0xfd, 0x25,
    0xdf, 0xac, 0x8d, 0xbf, 0xe2, 0x0, 0x5f, 0xff,
    0x9c, 0x0, 0x5b, 0xff, 0xe5, 0x0, 0xcb, 0x7b,
    0x90, 0x40, 0x1c, 0xb7, 0xb9, 0x4, 0x0,

    /* U+222B "∫" */
    0x0, 0xf8, 0x50, 0x80, 0x3f, 0x47, 0xfd, 0x84,
    0x1, 0xcd, 0xfe, 0xef, 0xd0, 0xf, 0x77, 0xc0,
    0x8, 0x80, 0x3d, 0xfe, 0x20, 0xf, 0xc3, 0xfe,
    0x10, 0xf, 0xc3, 0xfe, 0x10, 0xf, 0xc3, 0xfe,
    0x10, 0xf, 0xc3, 0xfe, 0x10, 0xf, 0xc3, 0xfe,
    0x10, 0xf, 0xc3, 0xfe, 0x10, 0xf, 0xc3, 0xfe,
    0x10, 0xf, 0xc3, 0xfe, 0x10, 0xf, 0xc3, 0xfe,
    0x10, 0xf, 0xc3, 0xfe, 0x10, 0xf, 0xc3, 0xfe,
    0x10, 0xf, 0xc3, 0xfe, 0x10, 0xf, 0xc3, 0xfe,
    0x10, 0xf, 0xc3, 0xfe, 0x10, 0xf, 0xc3, 0xfe,
    0x10, 0xf, 0xc7, 0xfe, 0x0, 0xfe, 0xaf, 0xb0,
    0xf, 0x1a, 0xdf, 0xf9, 0x0, 0x38, 0x7f, 0xf3,
    0x0, 0x78, 0x7b, 0x20, 0x80, 0x3e,

    /* U+2248 "≈" */
    0x0, 0x3e, 0x6c, 0x80, 0x67, 0x70, 0x1, 0xff,
    0xf6, 0x0, 0x7, 0xfc, 0x0, 0xef, 0x30, 0xbf,
    0x90, 0x7f, 0xb0, 0x2f, 0xd0, 0x0, 0xf7, 0xfe,
    0x40, 0x1, 0x90, 0x4, 0x37, 0xd8, 0x80, 0x1f,
    0xfc, 0x55, 0xbb, 0x38, 0x6, 0x66, 0x0, 0x1b,
    0xff, 0x50, 0x5, 0xfe, 0x0, 0x77, 0xa9, 0x6f,
    0xb8, 0x37, 0xe0, 0x17, 0xe8, 0x0, 0xbf, 0xdb,
    0xfe, 0x50, 0x15, 0x40, 0x8, 0xf7, 0xf9, 0x80,
    0x3f, 0xf8, 0x60,

    /* U+2260 "≠" */
    0x0, 0xe1, 0xa0, 0xf, 0xe7, 0xa0, 0xe, 0x11,
    0xde, 0xa2, 0x3a, 0x7f, 0xff, 0xba, 0x3f, 0xff,
    0xb8, 0x2, 0x2f, 0x0, 0xfe, 0x99, 0x0, 0x7f,
    0x79, 0x0, 0x79, 0xfb, 0xfd, 0xdd, 0xec, 0x9f,
    0xff, 0xee, 0x16, 0xf2, 0x2f, 0xc1, 0x50, 0x1,
    0xfd, 0x82, 0x1, 0xf8,

    /* U+2264 "≤" */
    0x0, 0xff, 0xe0, 0x12, 0x80, 0x7f, 0x1c, 0x6f,
    0xe8, 0x7, 0x8e, 0x3b, 0xfe, 0xe8, 0x0, 0x92,
    0x7b, 0xfe, 0xd8, 0x30, 0x0, 0xd7, 0xfe, 0xc7,
    0x20, 0xe, 0x2f, 0xf7, 0x28, 0x80, 0x7e, 0x2f,
    0xfb, 0xa5, 0x0, 0x3f, 0xb, 0x5f, 0xfe, 0xb6,
    0x10, 0xf, 0x85, 0xaf, 0xff, 0x63, 0x90, 0x7,
    0xe5, 0xaf, 0xfb, 0x40, 0x3f, 0xe5, 0xac, 0x0,
    0xff, 0xe1, 0x88, 0xff, 0xf0, 0x4b, 0xff, 0xff,
    0x81, 0xa5, 0xff, 0xff, 0xc0, 0xc0,

    /* U+2265 "≥" */
    0x6, 0x10, 0xf, 0xfe, 0x7, 0xfb, 0x1c, 0x80,
    0x3f, 0xaf, 0xff, 0x63, 0x90, 0x7, 0xe4, 0x9e,
    0xff, 0xb6, 0xc, 0x3, 0xf1, 0xc6, 0xff, 0xdd,
    0x0, 0x1f, 0xc4, 0xff, 0xf0, 0x7, 0xc2, 0xb5,
    0xff, 0x70, 0x6, 0x27, 0xcf, 0xfd, 0x4a, 0x0,
    0x48, 0xdf, 0xfd, 0x4a, 0x1, 0xdf, 0xf7, 0x4a,
    0x0, 0x7e, 0xe9, 0x40, 0xf, 0xfe, 0x68, 0x8f,
    0xff, 0x4, 0x3f, 0xff, 0xf8, 0x21, 0xff, 0xff,
    0xc0, 0xe0,

    /* U+25CA "◊" */
    0x0, 0xe2, 0x28, 0x3, 0xfc, 0xbf, 0xf5, 0x80,
    0x7f, 0x6f, 0xbf, 0xf9, 0x0, 0x3e, 0x6f, 0xd0,
    0x8f, 0xc0, 0xf, 0xbb, 0xd4, 0x7, 0xfc, 0xa0,
    0x1d, 0x1f, 0xa0, 0x13, 0xfe, 0x80, 0x61, 0xff,
    0x28, 0x6, 0xef, 0x60, 0xa, 0x7f, 0x40, 0x39,
    0xff, 0x80, 0x5, 0xfe, 0x50, 0xf, 0x77, 0xc0,
    0x57, 0xe8, 0x7, 0xcf, 0xfe, 0x19, 0xfd, 0x0,
    0xfa, 0x3f, 0x84, 0x5f, 0xe6, 0x0, 0xe1, 0xff,
    0x38, 0x2, 0x3f, 0x80, 0x3a, 0x3f, 0x80, 0x21,
    0xef, 0x60, 0x8, 0x7f, 0xcc, 0x1, 0x9f, 0xf8,
    0x2, 0x8f, 0xd0, 0xf, 0x77, 0xb0, 0xf, 0xf9,
    0x0, 0x3c, 0xbf, 0xc1, 0x3f, 0x80, 0x1f, 0xb7,
    0xe7, 0xfc, 0x60, 0x1f, 0x93, 0xfe, 0xa0, 0xe,

    /* U+FB01 "ﬁ" */
    0x0, 0xc7, 0x5d, 0xfe, 0xc7, 0x10, 0xc, 0xff,
    0xff, 0x60, 0x4, 0x5f, 0xec, 0x41, 0x35, 0xb2,
    0x0, 0x9f, 0xfc, 0x40, 0x1f, 0xd1, 0xfe, 0x0,
    0xfd, 0x7f, 0xff, 0xf0, 0x5f, 0xff, 0xfc, 0x1,
    0x47, 0xf8, 0x3, 0x47, 0xf8, 0x2, 0x8f, 0xf0,
    0x6, 0x8f, 0xf0, 0x5, 0x1f, 0xe0, 0xd, 0x1f,
    0xe0, 0xa, 0x3f, 0xc0, 0x1a, 0x3f, 0xc0, 0x14,
    0x7f, 0x80, 0x34, 0x7f, 0x80, 0x28, 0xff, 0x0,
    0x68, 0xff, 0x0, 0x51, 0xfe, 0x0, 0xd1, 0xfe,
    0x0, 0xa3, 0xfc, 0x1, 0xa3, 0xfc, 0x1, 0x47,
    0xf8, 0x3, 0x47, 0xf8, 0x2, 0x8f, 0xf0, 0x6,
    0x8f, 0xf0, 0x5, 0x1f, 0xe0, 0xd, 0x1f, 0xe0,

    /* U+FB02 "ﬂ" */
    0x0, 0xc9, 0x7d, 0xfd, 0x6c, 0x1, 0xf4, 0x7f,
    0xfd, 0xa0, 0x1c, 0x7f, 0xeb, 0x31, 0x3c, 0xff,
    0x0, 0x73, 0xff, 0x84, 0x2, 0x9f, 0xf0, 0x7,
    0x4f, 0xf8, 0x3, 0x4f, 0xf8, 0x2, 0xbf, 0xff,
    0x38, 0x4f, 0xf8, 0x2, 0xbf, 0xff, 0x38, 0x4f,
    0xf8, 0x3, 0xa7, 0xfc, 0x1, 0xa7, 0xfc, 0x1,
    0xd3, 0xfe, 0x0, 0xd3, 0xfe, 0x0, 0xe9, 0xff,
    0x0, 0x69, 0xff, 0x0, 0x74, 0xff, 0x80, 0x34,
    0xff, 0x80, 0x3a, 0x7f, 0xc0, 0x1a, 0x7f, 0xc0,
    0x1d, 0x3f, 0xe0, 0xd, 0x3f, 0xe0, 0xe, 0x9f,
    0xf0, 0x6, 0x9f, 0xf0, 0x7, 0x4f, 0xf8, 0x3,
    0x4f, 0xf8, 0x3, 0xa7, 0xfc, 0x1, 0xa3, 0xfd,
    0xc, 0x1, 0x4f, 0xf8, 0x3, 0x27, 0xfe, 0x10,
    0x4, 0xff, 0x80, 0x39, 0xfb, 0xf0, 0x0
};


/*---------------------
 *  GLYPH DESCRIPTION
 *--------------------*/

static const lv_font_fmt_txt_glyph_dsc_t glyph_dsc[] = {
    {.bitmap_index = 0, .adv_w = 0, .box_w = 0, .box_h = 0, .ofs_x = 0, .ofs_y = 0} /* id = 0 reserved */,
    {.bitmap_index = 0, .adv_w = 108, .box_w = 0, .box_h = 0, .ofs_x = 0, .ofs_y = 0},
    {.bitmap_index = 0, .adv_w = 102, .box_w = 4, .box_h = 18, .ofs_x = 1, .ofs_y = 0},
    {.bitmap_index = 37, .adv_w = 144, .box_w = 7, .box_h = 8, .ofs_x = 1, .ofs_y = 10},
    {.bitmap_index = 65, .adv_w = 290, .box_w = 16, .box_h = 18, .ofs_x = 1, .ofs_y = 0},
    {.bitmap_index = 175, .adv_w = 233, .box_w = 14, .box_h = 25, .ofs_x = 0, .ofs_y = -3},
    {.bitmap_index = 297, .adv_w = 309, .box_w = 18, .box_h = 18, .ofs_x = 1, .ofs_y = 0},
    {.bitmap_index = 429, .adv_w = 287, .box_w = 16, .box_h = 19, .ofs_x = 1, .ofs_y = -1},
    {.bitmap_index = 554, .adv_w = 75, .box_w = 3, .box_h = 8, .ofs_x = 1, .ofs_y = 10},
    {.bitmap_index = 566, .adv_w = 100, .box_w = 7, .box_h = 23, .ofs_x = 0, .ofs_y = -5},
    {.bitmap_index = 634, .adv_w = 100, .box_w = 6, .box_h = 23, .ofs_x = 0, .ofs_y = -5},
    {.bitmap_index = 699, .adv_w = 166, .box_w = 9, .box_h = 8, .ofs_x = 1, .ofs_y = 10},
    {.bitmap_index = 732, .adv_w = 233, .box_w = 13, .box_h = 13, .ofs_x = 1, .ofs_y = 0},
    {.bitmap_index = 781, .adv_w = 100, .box_w = 6, .box_h = 8, .ofs_x = 0, .ofs_y = -4},
    {.bitmap_index = 805, .adv_w = 136, .box_w = 7, .box_h = 2, .ofs_x = 1, .ofs_y = 7},
    {.bitmap_index = 810, .adv_w = 100, .box_w = 4, .box_h = 4, .ofs_x = 1, .ofs_y = 0},
    {.bitmap_index = 819, .adv_w = 174, .box_w = 13, .box_h = 23, .ofs_x = -2, .ofs_y = -5},
    {.bitmap_index = 902, .adv_w = 233, .box_w = 13, .box_h = 18, .ofs_x = 1, .ofs_y = 0},
    {.bitmap_index = 1003, .adv_w = 233, .box_w = 8, .box_h = 18, .ofs_x = 2, .ofs_y = 0},
    {.bitmap_index = 1058, .adv_w = 233, .box_w = 13, .box_h = 18, .ofs_x = 1, .ofs_y = 0},
    {.bitmap_index = 1144, .adv_w = 233, .box_w = 14, .box_h = 18, .ofs_x = 0, .ofs_y = 0},
    {.bitmap_index = 1239, .adv_w = 233, .box_w = 15, .box_h = 18, .ofs_x = 0, .ofs_y = 0},
    {.bitmap_index = 1335, .adv_w = 233, .box_w = 14, .box_h = 18, .ofs_x = 0, .ofs_y = 0},
    {.bitmap_index = 1430, .adv_w = 233, .box_w = 14, .box_h = 18, .ofs_x = 0, .ofs_y = 0},
    {.bitmap_index = 1527, .adv_w = 233, .box_w = 14, .box_h = 18, .ofs_x = 0, .ofs_y = 0},
    {.bitmap_index = 1603, .adv_w = 233, .box_w = 14, .box_h = 18, .ofs_x = 0, .ofs_y = 0},
    {.bitmap_index = 1711, .adv_w = 233, .box_w = 14, .box_h = 18, .ofs_x = 0, .ofs_y = 0},
    {.bitmap_index = 1808, .adv_w = 100, .box_w = 4, .box_h = 13, .ofs_x = 1, .ofs_y = 0},
    {.bitmap_index = 1828, .adv_w = 100, .box_w = 6, .box_h = 17, .ofs_x = 0, .ofs_y = -4},
    {.bitmap_index = 1865, .adv_w = 233, .box_w = 14, .box_h = 13, .ofs_x = 0, .ofs_y = 0},
    {.bitmap_index = 1929, .adv_w = 233, .box_w = 11, .box_h = 8, .ofs_x = 2, .ofs_y = 3},
    {.bitmap_index = 1943, .adv_w = 233, .box_w = 14, .box_h = 13, .ofs_x = 0, .ofs_y = 0},
    {.bitmap_index = 2006, .adv_w = 215, .box_w = 12, .box_h = 18, .ofs_x = 1, .ofs_y = 0},
    {.bitmap_index = 2083, .adv_w = 364, .box_w = 21, .box_h = 20, .ofs_x = 1, .ofs_y = -3},
    {.bitmap_index = 2254, .adv_w = 270, .box_w = 17, .box_h = 18, .ofs_x = 0, .ofs_y = 0},
    {.bitmap_index = 2362, .adv_w = 251, .box_w = 14, .box_h = 18, .ofs_x = 1, .ofs_y = 0},
    {.bitmap_index = 2464, .adv_w = 294, .box_w = 17, .box_h = 18, .ofs_x = 1, .ofs_y = 0},
    {.bitmap_index = 2574, .adv_w = 282, .box_w = 16, .box_h = 18, .ofs_x = 1, .ofs_y = 0},
    {.bitmap_index = 2685, .adv_w = 243, .box_w = 13, .box_h = 18, .ofs_x = 1, .ofs_y = 0},
    {.bitmap_index = 2753, .adv_w = 234, .box_w = 13, .box_h = 18, .ofs_x = 1, .ofs_y = 0},
    {.bitmap_index = 2822, .adv_w = 305, .box_w = 17, .box_h = 18, .ofs_x = 1, .ofs_y = 0},
    {.bitmap_index = 2941, .adv_w = 284, .box_w = 15, .box_h = 18, .ofs_x = 1, .ofs_y = 0},
    {.bitmap_index = 3038, .adv_w = 105, .box_w = 4, .box_h = 18, .ofs_x = 1, .ofs_y = 0},
    {.bitmap_index = 3077, .adv_w = 230, .box_w = 13, .box_h = 18, .ofs_x = 0, .ofs_y = 0},
    {.bitmap_index = 3158, .adv_w = 268, .box_w = 16, .box_h = 18, .ofs_x = 1, .ofs_y = 0},
    {.bitmap_index = 3273, .adv_w = 207, .box_w = 12, .box_h = 18, .ofs_x = 1, .ofs_y = 0},
    {.bitmap_index = 3338, .adv_w = 352, .box_w = 20, .box_h = 18, .ofs_x = 1, .ofs_y = 0},
    {.bitmap_index = 3501, .adv_w = 283, .box_w = 15, .box_h = 18, .ofs_x = 1, .ofs_y = 0},
    {.bitmap_index = 3621, .adv_w = 311, .box_w = 18, .box_h = 18, .ofs_x = 1, .ofs_y = 0},
    {.bitmap_index = 3740, .adv_w = 232, .box_w = 13, .box_h = 18, .ofs_x = 1, .ofs_y = 0},
    {.bitmap_index = 3824, .adv_w = 324, .box_w = 18, .box_h = 19, .ofs_x = 1, .ofs_y = -1},
    {.bitmap_index = 3956, .adv_w = 251, .box_w = 15, .box_h = 18, .ofs_x = 1, .ofs_y = 0},
    {.bitmap_index = 4066, .adv_w = 236, .box_w = 14, .box_h = 18, .ofs_x = 0, .ofs_y = 0},
    {.bitmap_index = 4162, .adv_w = 244, .box_w = 15, .box_h = 18, .ofs_x = 0, .ofs_y = 0},
    {.bitmap_index = 4247, .adv_w = 273, .box_w = 15, .box_h = 18, .ofs_x = 1, .ofs_y = 0},
    {.bitmap_index = 4356, .adv_w = 275, .box_w = 17, .box_h = 18, .ofs_x = 0, .ofs_y = 0},
    {.bitmap_index = 4468, .adv_w = 401, .box_w = 25, .box_h = 18, .ofs_x = 0, .ofs_y = 0},
    {.bitmap_index = 4649, .adv_w = 271, .box_w = 17, .box_h = 18, .ofs_x = 0, .ofs_y = 0},
    {.bitmap_index = 4766, .adv_w = 254, .box_w = 16, .box_h = 18, .ofs_x = 0, .ofs_y = 0},
    {.bitmap_index = 4871, .adv_w = 245, .box_w = 15, .box_h = 18, .ofs_x = 0, .ofs_y = 0},
    {.bitmap_index = 4954, .adv_w = 113, .box_w = 6, .box_h = 26, .ofs_x = 1, .ofs_y = -6},
    {.bitmap_index = 5025, .adv_w = 189, .box_w = 13, .box_h = 23, .ofs_x = 1, .ofs_y = -5},
    {.bitmap_index = 5107, .adv_w = 113, .box_w = 6, .box_h = 26, .ofs_x = 0, .ofs_y = -6},
    {.bitmap_index = 5178, .adv_w = 240, .box_w = 15, .box_h = 13, .ofs_x = 0, .ofs_y = 6},
    {.bitmap_index = 5254, .adv_w = 181, .box_w = 11, .box_h = 2, .ofs_x = 0, .ofs_y = -2},
    {.bitmap_index = 5260, .adv_w = 124, .box_w = 6, .box_h = 4, .ofs_x = 1, .ofs_y = 14},
    {.bitmap_index = 5271, .adv_w = 225, .box_w = 12, .box_h = 13, .ofs_x = 1, .ofs_y = 0},
    {.bitmap_index = 5341, .adv_w = 243, .box_w = 13, .box_h = 18, .ofs_x = 1, .ofs_y = 0},
    {.bitmap_index = 5436, .adv_w = 216, .box_w = 12, .box_h = 13, .ofs_x = 1, .ofs_y = 0},
    {.bitmap_index = 5501, .adv_w = 243, .box_w = 13, .box_h = 18, .ofs_x = 1, .ofs_y = 0},
    {.bitmap_index = 5596, .adv_w = 225, .box_w = 12, .box_h = 13, .ofs_x = 1, .ofs_y = 0},
    {.bitmap_index = 5660, .adv_w = 141, .box_w = 9, .box_h = 18, .ofs_x = 0, .ofs_y = 0},
    {.bitmap_index = 5727, .adv_w = 215, .box_w = 14, .box_h = 19, .ofs_x = 0, .ofs_y = -5},
    {.bitmap_index = 5838, .adv_w = 230, .box_w = 12, .box_h = 18, .ofs_x = 1, .ofs_y = 0},
    {.bitmap_index = 5927, .adv_w = 97, .box_w = 4, .box_h = 18, .ofs_x = 1, .ofs_y = 0},
    {.bitmap_index = 5966, .adv_w = 97, .box_w = 6, .box_h = 23, .ofs_x = -1, .ofs_y = -5},
    {.bitmap_index = 6037, .adv_w = 225, .box_w = 13, .box_h = 18, .ofs_x = 1, .ofs_y = 0},
    {.bitmap_index = 6138, .adv_w = 112, .box_w = 6, .box_h = 18, .ofs_x = 1, .ofs_y = 0},
    {.bitmap_index = 6196, .adv_w = 347, .box_w = 20, .box_h = 13, .ofs_x = 1, .ofs_y = 0},
    {.bitmap_index = 6315, .adv_w = 230, .box_w = 12, .box_h = 13, .ofs_x = 1, .ofs_y = 0},
    {.bitmap_index = 6384, .adv_w = 239, .box_w = 13, .box_h = 13, .ofs_x = 1, .ofs_y = 0},
    {.bitmap_index = 6455, .adv_w = 243, .box_w = 13, .box_h = 18, .ofs_x = 1, .ofs_y = -5},
    {.bitmap_index = 6551, .adv_w = 243, .box_w = 13, .box_h = 18, .ofs_x = 1, .ofs_y = -5},
    {.bitmap_index = 6646, .adv_w = 172, .box_w = 10, .box_h = 13, .ofs_x = 1, .ofs_y = 0},
    {.bitmap_index = 6698, .adv_w = 196, .box_w = 12, .box_h = 13, .ofs_x = 0, .ofs_y = 0},
    {.bitmap_index = 6764, .adv_w = 147, .box_w = 9, .box_h = 18, .ofs_x = 0, .ofs_y = 0},
    {.bitmap_index = 6829, .adv_w = 230, .box_w = 12, .box_h = 13, .ofs_x = 1, .ofs_y = 0},
    {.bitmap_index = 6900, .adv_w = 219, .box_w = 14, .box_h = 13, .ofs_x = 0, .ofs_y = 0},
    {.bitmap_index = 6973, .adv_w = 312, .box_w = 19, .box_h = 13, .ofs_x = 0, .ofs_y = 0},
    {.bitmap_index = 7084, .adv_w = 219, .box_w = 14, .box_h = 13, .ofs_x = 0, .ofs_y = 0},
    {.bitmap_index = 7160, .adv_w = 219, .box_w = 14, .box_h = 18, .ofs_x = 0, .ofs_y = -5},
    {.bitmap_index = 7253, .adv_w = 196, .box_w = 12, .box_h = 13, .ofs_x = 0, .ofs_y = 0},
    {.bitmap_index = 7305, .adv_w = 106, .box_w = 7, .box_h = 26, .ofs_x = 0, .ofs_y = -6},
    {.bitmap_index = 7386, .adv_w = 109, .box_w = 3, .box_h = 26, .ofs_x = 2, .ofs_y = -7},
    {.bitmap_index = 7425, .adv_w = 106, .box_w = 7, .box_h = 26, .ofs_x = 0, .ofs_y = -6},
    {.bitmap_index = 7505, .adv_w = 233, .box_w = 12, .box_h = 5, .ofs_x = 1, .ofs_y = 4},
    {.bitmap_index = 7535, .adv_w = 108, .box_w = 0, .box_h = 0, .ofs_x = 0, .ofs_y = 0},
    {.bitmap_index = 7535, .adv_w = 102, .box_w = 4, .box_h = 18, .ofs_x = 1, .ofs_y = -5},
    {.bitmap_index = 7572, .adv_w = 233, .box_w = 13, .box_h = 19, .ofs_x = 1, .ofs_y = -3},
    {.bitmap_index = 7662, .adv_w = 233, .box_w = 13, .box_h = 18, .ofs_x = 1, .ofs_y = 0},
    {.bitmap_index = 7740, .adv_w = 255, .box_w = 14, .box_h = 14, .ofs_x = 1, .ofs_y = 1},
    {.bitmap_index = 7821, .adv_w = 233, .box_w = 15, .box_h = 18, .ofs_x = 0, .ofs_y = 0},
    {.bitmap_index = 7918, .adv_w = 109, .box_w = 3, .box_h = 26, .ofs_x = 2, .ofs_y = -7},
    {.bitmap_index = 7955, .adv_w = 244, .box_w = 13, .box_h = 23, .ofs_x = 1, .ofs_y = -5},
    {.bitmap_index = 8081, .adv_w = 162, .box_w = 8, .box_h = 4, .ofs_x = 1, .ofs_y = 15},
    {.bitmap_index = 8098, .adv_w = 341, .box_w = 19, .box_h = 20, .ofs_x = 1, .ofs_y = -1},
    {.bitmap_index = 8248, .adv_w = 204, .box_w = 8, .box_h = 11, .ofs_x = 2, .ofs_y = 8},
    {.bitmap_index = 8288, .adv_w = 205, .box_w = 13, .box_h = 11, .ofs_x = 0, .ofs_y = 1},
    {.bitmap_index = 8356, .adv_w = 233, .box_w = 13, .box_h = 7, .ofs_x = 0, .ofs_y = 0},
    {.bitmap_index = 8381, .adv_w = 136, .box_w = 7, .box_h = 2, .ofs_x = 1, .ofs_y = 7},
    {.bitmap_index = 8386, .adv_w = 258, .box_w = 14, .box_h = 14, .ofs_x = 1, .ofs_y = 4},
    {.bitmap_index = 8475, .adv_w = 151, .box_w = 8, .box_h = 2, .ofs_x = 1, .ofs_y = 15},
    {.bitmap_index = 8481, .adv_w = 174, .box_w = 9, .box_h = 8, .ofs_x = 1, .ofs_y = 11},
    {.bitmap_index = 8517, .adv_w = 233, .box_w = 14, .box_h = 15, .ofs_x = 0, .ofs_y = -1},
    {.bitmap_index = 8571, .adv_w = 172, .box_w = 9, .box_h = 11, .ofs_x = 1, .ofs_y = 13},
    {.bitmap_index = 8611, .adv_w = 170, .box_w = 9, .box_h = 11, .ofs_x = 1, .ofs_y = 13},
    {.bitmap_index = 8656, .adv_w = 127, .box_w = 6, .box_h = 4, .ofs_x = 1, .ofs_y = 14},
    {.bitmap_index = 8669, .adv_w = 230, .box_w = 12, .box_h = 18, .ofs_x = 1, .ofs_y = -5},
    {.bitmap_index = 8758, .adv_w = 244, .box_w = 12, .box_h = 22, .ofs_x = 1, .ofs_y = -4},
    {.bitmap_index = 8870, .adv_w = 135, .box_w = 4, .box_h = 4, .ofs_x = 2, .ofs_y = 7},
    {.bitmap_index = 8879, .adv_w = 123, .box_w = 6, .box_h = 8, .ofs_x = 1, .ofs_y = -7},
    {.bitmap_index = 8903, .adv_w = 111, .box_w = 5, .box_h = 11, .ofs_x = 0, .ofs_y = 13},
    {.bitmap_index = 8928, .adv_w = 215, .box_w = 10, .box_h = 11, .ofs_x = 2, .ofs_y = 8},
    {.bitmap_index = 8976, .adv_w = 193, .box_w = 13, .box_h = 11, .ofs_x = -1, .ofs_y = 1},
    {.bitmap_index = 9044, .adv_w = 304, .box_w = 19, .box_h = 18, .ofs_x = 0, .ofs_y = 0},
    {.bitmap_index = 9172, .adv_w = 320, .box_w = 20, .box_h = 18, .ofs_x = 0, .ofs_y = 0},
    {.bitmap_index = 9301, .adv_w = 337, .box_w = 21, .box_h = 18, .ofs_x = 0, .ofs_y = 0},
    {.bitmap_index = 9448, .adv_w = 152, .box_w = 12, .box_h = 18, .ofs_x = 0, .ofs_y = -5},
    {.bitmap_index = 9525, .adv_w = 270, .box_w = 17, .box_h = 24, .ofs_x = 0, .ofs_y = 0},
    {.bitmap_index = 9657, .adv_w = 270, .box_w = 17, .box_h = 24, .ofs_x = 0, .ofs_y = 0},
    {.bitmap_index = 9790, .adv_w = 270, .box_w = 17, .box_h = 24, .ofs_x = 0, .ofs_y = 0},
    {.bitmap_index = 9924, .adv_w = 270, .box_w = 17, .box_h = 24, .ofs_x = 0, .ofs_y = 0},
    {.bitmap_index = 10061, .adv_w = 270, .box_w = 17, .box_h = 24, .ofs_x = 0, .ofs_y = 0},
    {.bitmap_index = 10195, .adv_w = 270, .box_w = 17, .box_h = 23, .ofs_x = 0, .ofs_y = 0},
    {.bitmap_index = 10326, .adv_w = 377, .box_w = 23, .box_h = 18, .ofs_x = 0, .ofs_y = 0},
    {.bitmap_index = 10456, .adv_w = 294, .box_w = 17, .box_h = 23, .ofs_x = 1, .ofs_y = -5},
    {.bitmap_index = 10589, .adv_w = 243, .box_w = 13, .box_h = 24, .ofs_x = 1, .ofs_y = 0},
    {.bitmap_index = 10678, .adv_w = 243, .box_w = 13, .box_h = 24, .ofs_x = 1, .ofs_y = 0},
    {.bitmap_index = 10767, .adv_w = 243, .box_w = 13, .box_h = 24, .ofs_x = 1, .ofs_y = 0},
    {.bitmap_index = 10861, .adv_w = 243, .box_w = 13, .box_h = 24, .ofs_x = 1, .ofs_y = 0},
    {.bitmap_index = 10953, .adv_w = 105, .box_w = 7, .box_h = 24, .ofs_x = -2, .ofs_y = 0},
    {.bitmap_index = 11023, .adv_w = 105, .box_w = 7, .box_h = 24, .ofs_x = 1, .ofs_y = 0},
    {.bitmap_index = 11095, .adv_w = 105, .box_w = 9, .box_h = 24, .ofs_x = -1, .ofs_y = 0},
    {.bitmap_index = 11176, .adv_w = 105, .box_w = 9, .box_h = 24, .ofs_x = -1, .ofs_y = 0},
    {.bitmap_index = 11256, .adv_w = 282, .box_w = 17, .box_h = 18, .ofs_x = 0, .ofs_y = 0},
    {.bitmap_index = 11373, .adv_w = 283, .box_w = 15, .box_h = 24, .ofs_x = 1, .ofs_y = 0},
    {.bitmap_index = 11522, .adv_w = 311, .box_w = 18, .box_h = 24, .ofs_x = 1, .ofs_y = 0},
    {.bitmap_index = 11660, .adv_w = 311, .box_w = 18, .box_h = 24, .ofs_x = 1, .ofs_y = 0},
    {.bitmap_index = 11800, .adv_w = 311, .box_w = 18, .box_h = 25, .ofs_x = 1, .ofs_y = 0},
    {.bitmap_index = 11947, .adv_w = 311, .box_w = 18, .box_h = 24, .ofs_x = 1, .ofs_y = 0},
    {.bitmap_index = 12096, .adv_w = 311, .box_w = 18, .box_h = 24, .ofs_x = 1, .ofs_y = 0},
    {.bitmap_index = 12242, .adv_w = 233, .box_w = 12, .box_h = 12, .ofs_x = 1, .ofs_y = 0},
    {.bitmap_index = 12303, .adv_w = 311, .box_w = 18, .box_h = 18, .ofs_x = 1, .ofs_y = 0},
    {.bitmap_index = 12439, .adv_w = 273, .box_w = 15, .box_h = 24, .ofs_x = 1, .ofs_y = 0},
    {.bitmap_index = 12570, .adv_w = 273, .box_w = 15, .box_h = 24, .ofs_x = 1, .ofs_y = 0},
    {.bitmap_index = 12699, .adv_w = 273, .box_w = 15, .box_h = 25, .ofs_x = 1, .ofs_y = 0},
    {.bitmap_index = 12835, .adv_w = 273, .box_w = 15, .box_h = 24, .ofs_x = 1, .ofs_y = 0},
    {.bitmap_index = 12972, .adv_w = 254, .box_w = 16, .box_h = 24, .ofs_x = 0, .ofs_y = 0},
    {.bitmap_index = 13103, .adv_w = 260, .box_w = 12, .box_h = 18, .ofs_x = 3, .ofs_y = 0},
    {.bitmap_index = 13181, .adv_w = 266, .box_w = 15, .box_h = 18, .ofs_x = 1, .ofs_y = 0},
    {.bitmap_index = 13304, .adv_w = 225, .box_w = 12, .box_h = 18, .ofs_x = 1, .ofs_y = 0},
    {.bitmap_index = 13390, .adv_w = 225, .box_w = 12, .box_h = 18, .ofs_x = 1, .ofs_y = 0},
    {.bitmap_index = 13476, .adv_w = 225, .box_w = 12, .box_h = 19, .ofs_x = 1, .ofs_y = 0},
    {.bitmap_index = 13567, .adv_w = 225, .box_w = 12, .box_h = 18, .ofs_x = 1, .ofs_y = 0},
    {.bitmap_index = 13660, .adv_w = 225, .box_w = 12, .box_h = 18, .ofs_x = 1, .ofs_y = 0},
    {.bitmap_index = 13753, .adv_w = 225, .box_w = 12, .box_h = 20, .ofs_x = 1, .ofs_y = 0},
    {.bitmap_index = 13850, .adv_w = 359, .box_w = 21, .box_h = 13, .ofs_x = 1, .ofs_y = 0},
    {.bitmap_index = 13961, .adv_w = 216, .box_w = 12, .box_h = 18, .ofs_x = 1, .ofs_y = -5},
    {.bitmap_index = 14046, .adv_w = 225, .box_w = 12, .box_h = 18, .ofs_x = 1, .ofs_y = 0},
    {.bitmap_index = 14126, .adv_w = 225, .box_w = 12, .box_h = 18, .ofs_x = 1, .ofs_y = 0},
    {.bitmap_index = 14206, .adv_w = 225, .box_w = 12, .box_h = 19, .ofs_x = 1, .ofs_y = 0},
    {.bitmap_index = 14294, .adv_w = 225, .box_w = 12, .box_h = 18, .ofs_x = 1, .ofs_y = 0},
    {.bitmap_index = 14381, .adv_w = 97, .box_w = 7, .box_h = 18, .ofs_x = -2, .ofs_y = 0},
    {.bitmap_index = 14438, .adv_w = 97, .box_w = 7, .box_h = 18, .ofs_x = 1, .ofs_y = 0},
    {.bitmap_index = 14497, .adv_w = 97, .box_w = 8, .box_h = 19, .ofs_x = -1, .ofs_y = 0},
    {.bitmap_index = 14561, .adv_w = 97, .box_w = 8, .box_h = 18, .ofs_x = -1, .ofs_y = 0},
    {.bitmap_index = 14626, .adv_w = 255, .box_w = 15, .box_h = 18, .ofs_x = 1, .ofs_y = 0},
    {.bitmap_index = 14736, .adv_w = 230, .box_w = 12, .box_h = 18, .ofs_x = 1, .ofs_y = 0},
    {.bitmap_index = 14830, .adv_w = 239, .box_w = 13, .box_h = 18, .ofs_x = 1, .ofs_y = 0},
    {.bitmap_index = 14917, .adv_w = 239, .box_w = 13, .box_h = 18, .ofs_x = 1, .ofs_y = 0},
    {.bitmap_index = 15004, .adv_w = 239, .box_w = 13, .box_h = 19, .ofs_x = 1, .ofs_y = 0},
    {.bitmap_index = 15098, .adv_w = 239, .box_w = 13, .box_h = 18, .ofs_x = 1, .ofs_y = 0},
    {.bitmap_index = 15187, .adv_w = 239, .box_w = 13, .box_h = 18, .ofs_x = 1, .ofs_y = 0},
    {.bitmap_index = 15283, .adv_w = 233, .box_w = 12, .box_h = 12, .ofs_x = 1, .ofs_y = 1},
    {.bitmap_index = 15325, .adv_w = 239, .box_w = 13, .box_h = 15, .ofs_x = 1, .ofs_y = -1},
    {.bitmap_index = 15411, .adv_w = 230, .box_w = 12, .box_h = 18, .ofs_x = 1, .ofs_y = 0},
    {.bitmap_index = 15499, .adv_w = 230, .box_w = 12, .box_h = 18, .ofs_x = 1, .ofs_y = 0},
    {.bitmap_index = 15588, .adv_w = 230, .box_w = 12, .box_h = 19, .ofs_x = 1, .ofs_y = 0},
    {.bitmap_index = 15684, .adv_w = 230, .box_w = 12, .box_h = 18, .ofs_x = 1, .ofs_y = 0},
    {.bitmap_index = 15780, .adv_w = 219, .box_w = 14, .box_h = 23, .ofs_x = 0, .ofs_y = -5},
    {.bitmap_index = 15891, .adv_w = 259, .box_w = 13, .box_h = 23, .ofs_x = 2, .ofs_y = -5},
    {.bitmap_index = 16007, .adv_w = 219, .box_w = 14, .box_h = 23, .ofs_x = 0, .ofs_y = -5},
    {.bitmap_index = 16126, .adv_w = 270, .box_w = 17, .box_h = 22, .ofs_x = 0, .ofs_y = 0},
    {.bitmap_index = 16243, .adv_w = 225, .box_w = 12, .box_h = 17, .ofs_x = 1, .ofs_y = 0},
    {.bitmap_index = 16322, .adv_w = 270, .box_w = 17, .box_h = 23, .ofs_x = 0, .ofs_y = 0},
    {.bitmap_index = 16455, .adv_w = 225, .box_w = 12, .box_h = 18, .ofs_x = 1, .ofs_y = 0},
    {.bitmap_index = 16545, .adv_w = 270, .box_w = 18, .box_h = 23, .ofs_x = 0, .ofs_y = -5},
    {.bitmap_index = 16682, .adv_w = 225, .box_w = 13, .box_h = 18, .ofs_x = 1, .ofs_y = -5},
    {.bitmap_index = 16776, .adv_w = 294, .box_w = 17, .box_h = 24, .ofs_x = 1, .ofs_y = 0},
    {.bitmap_index = 16906, .adv_w = 216, .box_w = 12, .box_h = 18, .ofs_x = 1, .ofs_y = 0},
    {.bitmap_index = 16988, .adv_w = 294, .box_w = 17, .box_h = 25, .ofs_x = 1, .ofs_y = 0},
    {.bitmap_index = 17124, .adv_w = 216, .box_w = 12, .box_h = 19, .ofs_x = 1, .ofs_y = 0},
    {.bitmap_index = 17213, .adv_w = 294, .box_w = 17, .box_h = 24, .ofs_x = 1, .ofs_y = 0},
    {.bitmap_index = 17343, .adv_w = 216, .box_w = 12, .box_h = 18, .ofs_x = 1, .ofs_y = 0},
    {.bitmap_index = 17425, .adv_w = 294, .box_w = 17, .box_h = 24, .ofs_x = 1, .ofs_y = 0},
    {.bitmap_index = 17560, .adv_w = 216, .box_w = 12, .box_h = 18, .ofs_x = 1, .ofs_y = 0},
    {.bitmap_index = 17644, .adv_w = 282, .box_w = 16, .box_h = 24, .ofs_x = 1, .ofs_y = 0},
    {.bitmap_index = 17782, .adv_w = 314, .box_w = 18, .box_h = 18, .ofs_x = 1, .ofs_y = 0},
    {.bitmap_index = 17906, .adv_w = 282, .box_w = 17, .box_h = 18, .ofs_x = 0, .ofs_y = 0},
    {.bitmap_index = 18023, .adv_w = 243, .box_w = 15, .box_h = 18, .ofs_x = 1, .ofs_y = 0},
    {.bitmap_index = 18133, .adv_w = 243, .box_w = 13, .box_h = 22, .ofs_x = 1, .ofs_y = 0},
    {.bitmap_index = 18212, .adv_w = 225, .box_w = 12, .box_h = 17, .ofs_x = 1, .ofs_y = 0},
    {.bitmap_index = 18285, .adv_w = 243, .box_w = 13, .box_h = 23, .ofs_x = 1, .ofs_y = 0},
    {.bitmap_index = 18376, .adv_w = 225, .box_w = 12, .box_h = 18, .ofs_x = 1, .ofs_y = 0},
    {.bitmap_index = 18460, .adv_w = 243, .box_w = 13, .box_h = 24, .ofs_x = 1, .ofs_y = 0},
    {.bitmap_index = 18546, .adv_w = 225, .box_w = 12, .box_h = 18, .ofs_x = 1, .ofs_y = 0},
    {.bitmap_index = 18626, .adv_w = 243, .box_w = 14, .box_h = 23, .ofs_x = 1, .ofs_y = -5},
    {.bitmap_index = 18721, .adv_w = 225, .box_w = 12, .box_h = 18, .ofs_x = 1, .ofs_y = -5},
    {.bitmap_index = 18805, .adv_w = 243, .box_w = 13, .box_h = 24, .ofs_x = 1, .ofs_y = 0},
    {.bitmap_index = 18898, .adv_w = 225, .box_w = 12, .box_h = 18, .ofs_x = 1, .ofs_y = 0},
    {.bitmap_index = 18980, .adv_w = 305, .box_w = 17, .box_h = 25, .ofs_x = 1, .ofs_y = 0},
    {.bitmap_index = 19125, .adv_w = 215, .box_w = 14, .box_h = 24, .ofs_x = 0, .ofs_y = -5},
    {.bitmap_index = 19260, .adv_w = 305, .box_w = 17, .box_h = 23, .ofs_x = 1, .ofs_y = 0},
    {.bitmap_index = 19402, .adv_w = 215, .box_w = 14, .box_h = 23, .ofs_x = 0, .ofs_y = -5},
    {.bitmap_index = 19531, .adv_w = 305, .box_w = 17, .box_h = 24, .ofs_x = 1, .ofs_y = 0},
    {.bitmap_index = 19670, .adv_w = 215, .box_w = 14, .box_h = 23, .ofs_x = 0, .ofs_y = -5},
    {.bitmap_index = 19797, .adv_w = 305, .box_w = 17, .box_h = 23, .ofs_x = 1, .ofs_y = -5},
    {.bitmap_index = 19936, .adv_w = 215, .box_w = 14, .box_h = 23, .ofs_x = 0, .ofs_y = -5},
    {.bitmap_index = 20062, .adv_w = 284, .box_w = 15, .box_h = 24, .ofs_x = 1, .ofs_y = 0},
    {.bitmap_index = 20186, .adv_w = 230, .box_w = 14, .box_h = 24, .ofs_x = -1, .ofs_y = 0},
    {.bitmap_index = 20315, .adv_w = 284, .box_w = 18, .box_h = 18, .ofs_x = 0, .ofs_y = 0},
    {.bitmap_index = 20427, .adv_w = 230, .box_w = 13, .box_h = 18, .ofs_x = 0, .ofs_y = 0},
    {.bitmap_index = 20524, .adv_w = 105, .box_w = 9, .box_h = 24, .ofs_x = -1, .ofs_y = 0},
    {.bitmap_index = 20605, .adv_w = 97, .box_w = 10, .box_h = 18, .ofs_x = -2, .ofs_y = 0},
    {.bitmap_index = 20676, .adv_w = 105, .box_w = 8, .box_h = 22, .ofs_x = -1, .ofs_y = 0},
    {.bitmap_index = 20741, .adv_w = 97, .box_w = 8, .box_h = 17, .ofs_x = -1, .ofs_y = 0},
    {.bitmap_index = 20795, .adv_w = 105, .box_w = 9, .box_h = 23, .ofs_x = -1, .ofs_y = 0},
    {.bitmap_index = 20874, .adv_w = 97, .box_w = 8, .box_h = 18, .ofs_x = -1, .ofs_y = 0},
    {.bitmap_index = 20937, .adv_w = 105, .box_w = 6, .box_h = 23, .ofs_x = 0, .ofs_y = -5},
    {.bitmap_index = 21004, .adv_w = 97, .box_w = 6, .box_h = 23, .ofs_x = 0, .ofs_y = -5},
    {.bitmap_index = 21074, .adv_w = 105, .box_w = 4, .box_h = 24, .ofs_x = 1, .ofs_y = 0},
    {.bitmap_index = 21123, .adv_w = 97, .box_w = 4, .box_h = 13, .ofs_x = 1, .ofs_y = 0},
    {.bitmap_index = 21153, .adv_w = 335, .box_w = 19, .box_h = 18, .ofs_x = 1, .ofs_y = 0},
    {.bitmap_index = 21285, .adv_w = 193, .box_w = 10, .box_h = 23, .ofs_x = 1, .ofs_y = -5},
    {.bitmap_index = 21398, .adv_w = 230, .box_w = 13, .box_h = 25, .ofs_x = 0, .ofs_y = 0},
    {.bitmap_index = 21503, .adv_w = 97, .box_w = 9, .box_h = 24, .ofs_x = -1, .ofs_y = -5},
    {.bitmap_index = 21593, .adv_w = 268, .box_w = 16, .box_h = 23, .ofs_x = 1, .ofs_y = -5},
    {.bitmap_index = 21729, .adv_w = 225, .box_w = 13, .box_h = 23, .ofs_x = 1, .ofs_y = -5},
    {.bitmap_index = 21847, .adv_w = 231, .box_w = 13, .box_h = 13, .ofs_x = 1, .ofs_y = 0},
    {.bitmap_index = 21927, .adv_w = 207, .box_w = 12, .box_h = 24, .ofs_x = 1, .ofs_y = 0},
    {.bitmap_index = 22013, .adv_w = 106, .box_w = 7, .box_h = 24, .ofs_x = 1, .ofs_y = 0},
    {.bitmap_index = 22090, .adv_w = 207, .box_w = 12, .box_h = 23, .ofs_x = 1, .ofs_y = -5},
    {.bitmap_index = 22173, .adv_w = 106, .box_w = 7, .box_h = 23, .ofs_x = 0, .ofs_y = -5},
    {.bitmap_index = 22248, .adv_w = 207, .box_w = 12, .box_h = 18, .ofs_x = 1, .ofs_y = 0},
    {.bitmap_index = 22325, .adv_w = 128, .box_w = 9, .box_h = 18, .ofs_x = 1, .ofs_y = 0},
    {.bitmap_index = 22398, .adv_w = 250, .box_w = 13, .box_h = 18, .ofs_x = 1, .ofs_y = 0},
    {.bitmap_index = 22473, .adv_w = 174, .box_w = 9, .box_h = 18, .ofs_x = 1, .ofs_y = 0},
    {.bitmap_index = 22544, .adv_w = 207, .box_w = 13, .box_h = 18, .ofs_x = 0, .ofs_y = 0},
    {.bitmap_index = 22618, .adv_w = 106, .box_w = 7, .box_h = 18, .ofs_x = 0, .ofs_y = 0},
    {.bitmap_index = 22680, .adv_w = 283, .box_w = 15, .box_h = 24, .ofs_x = 1, .ofs_y = 0},
    {.bitmap_index = 22823, .adv_w = 230, .box_w = 12, .box_h = 18, .ofs_x = 1, .ofs_y = 0},
    {.bitmap_index = 22910, .adv_w = 283, .box_w = 15, .box_h = 23, .ofs_x = 1, .ofs_y = -5},
    {.bitmap_index = 23048, .adv_w = 230, .box_w = 12, .box_h = 18, .ofs_x = 1, .ofs_y = -5},
    {.bitmap_index = 23134, .adv_w = 283, .box_w = 15, .box_h = 24, .ofs_x = 1, .ofs_y = 0},
    {.bitmap_index = 23280, .adv_w = 230, .box_w = 12, .box_h = 18, .ofs_x = 1, .ofs_y = 0},
    {.bitmap_index = 23369, .adv_w = 290, .box_w = 17, .box_h = 18, .ofs_x = 0, .ofs_y = 0},
    {.bitmap_index = 23482, .adv_w = 283, .box_w = 15, .box_h = 23, .ofs_x = 1, .ofs_y = -5},
    {.bitmap_index = 23624, .adv_w = 253, .box_w = 12, .box_h = 18, .ofs_x = 2, .ofs_y = -5},
    {.bitmap_index = 23715, .adv_w = 311, .box_w = 18, .box_h = 22, .ofs_x = 1, .ofs_y = 0},
    {.bitmap_index = 23845, .adv_w = 239, .box_w = 13, .box_h = 17, .ofs_x = 1, .ofs_y = 0},
    {.bitmap_index = 23924, .adv_w = 311, .box_w = 18, .box_h = 23, .ofs_x = 1, .ofs_y = 0},
    {.bitmap_index = 24067, .adv_w = 239, .box_w = 13, .box_h = 18, .ofs_x = 1, .ofs_y = 0},
    {.bitmap_index = 24159, .adv_w = 311, .box_w = 18, .box_h = 24, .ofs_x = 1, .ofs_y = 0},
    {.bitmap_index = 24310, .adv_w = 239, .box_w = 14, .box_h = 18, .ofs_x = 1, .ofs_y = 0},
    {.bitmap_index = 24414, .adv_w = 419, .box_w = 25, .box_h = 18, .ofs_x = 1, .ofs_y = 0},
    {.bitmap_index = 24551, .adv_w = 385, .box_w = 22, .box_h = 13, .ofs_x = 1, .ofs_y = 0},
    {.bitmap_index = 24662, .adv_w = 251, .box_w = 15, .box_h = 24, .ofs_x = 1, .ofs_y = 0},
    {.bitmap_index = 24794, .adv_w = 172, .box_w = 10, .box_h = 18, .ofs_x = 1, .ofs_y = 0},
    {.bitmap_index = 24863, .adv_w = 251, .box_w = 15, .box_h = 23, .ofs_x = 1, .ofs_y = -5},
    {.bitmap_index = 24991, .adv_w = 172, .box_w = 10, .box_h = 18, .ofs_x = 1, .ofs_y = -5},
    {.bitmap_index = 25058, .adv_w = 251, .box_w = 15, .box_h = 24, .ofs_x = 1, .ofs_y = 0},
    {.bitmap_index = 25193, .adv_w = 172, .box_w = 10, .box_h = 18, .ofs_x = 1, .ofs_y = 0},
    {.bitmap_index = 25264, .adv_w = 236, .box_w = 14, .box_h = 24, .ofs_x = 0, .ofs_y = 0},
    {.bitmap_index = 25377, .adv_w = 196, .box_w = 12, .box_h = 18, .ofs_x = 0, .ofs_y = 0},
    {.bitmap_index = 25460, .adv_w = 236, .box_w = 14, .box_h = 24, .ofs_x = 0, .ofs_y = 0},
    {.bitmap_index = 25581, .adv_w = 196, .box_w = 12, .box_h = 19, .ofs_x = 0, .ofs_y = 0},
    {.bitmap_index = 25671, .adv_w = 236, .box_w = 14, .box_h = 23, .ofs_x = 0, .ofs_y = -5},
    {.bitmap_index = 25788, .adv_w = 196, .box_w = 12, .box_h = 18, .ofs_x = 0, .ofs_y = -5},
    {.bitmap_index = 25874, .adv_w = 236, .box_w = 14, .box_h = 24, .ofs_x = 0, .ofs_y = 0},
    {.bitmap_index = 25994, .adv_w = 196, .box_w = 12, .box_h = 18, .ofs_x = 0, .ofs_y = 0},
    {.bitmap_index = 26078, .adv_w = 244, .box_w = 15, .box_h = 23, .ofs_x = 0, .ofs_y = -5},
    {.bitmap_index = 26187, .adv_w = 140, .box_w = 9, .box_h = 23, .ofs_x = 0, .ofs_y = -5},
    {.bitmap_index = 26271, .adv_w = 244, .box_w = 15, .box_h = 24, .ofs_x = 0, .ofs_y = 0},
    {.bitmap_index = 26382, .adv_w = 188, .box_w = 11, .box_h = 20, .ofs_x = 0, .ofs_y = 0},
    {.bitmap_index = 26465, .adv_w = 244, .box_w = 15, .box_h = 18, .ofs_x = 0, .ofs_y = 0},
    {.bitmap_index = 26551, .adv_w = 155, .box_w = 9, .box_h = 18, .ofs_x = 0, .ofs_y = 0},
    {.bitmap_index = 26612, .adv_w = 273, .box_w = 15, .box_h = 24, .ofs_x = 1, .ofs_y = 0},
    {.bitmap_index = 26751, .adv_w = 230, .box_w = 12, .box_h = 18, .ofs_x = 1, .ofs_y = 0},
    {.bitmap_index = 26842, .adv_w = 273, .box_w = 15, .box_h = 22, .ofs_x = 1, .ofs_y = 0},
    {.bitmap_index = 26962, .adv_w = 230, .box_w = 12, .box_h = 17, .ofs_x = 1, .ofs_y = 0},
    {.bitmap_index = 27044, .adv_w = 273, .box_w = 15, .box_h = 23, .ofs_x = 1, .ofs_y = 0},
    {.bitmap_index = 27177, .adv_w = 230, .box_w = 12, .box_h = 18, .ofs_x = 1, .ofs_y = 0},
    {.bitmap_index = 27270, .adv_w = 273, .box_w = 15, .box_h = 24, .ofs_x = 1, .ofs_y = 0},
    {.bitmap_index = 27411, .adv_w = 230, .box_w = 12, .box_h = 20, .ofs_x = 1, .ofs_y = 0},
    {.bitmap_index = 27510, .adv_w = 273, .box_w = 15, .box_h = 24, .ofs_x = 1, .ofs_y = 0},
    {.bitmap_index = 27652, .adv_w = 230, .box_w = 14, .box_h = 18, .ofs_x = 1, .ofs_y = 0},
    {.bitmap_index = 27764, .adv_w = 273, .box_w = 15, .box_h = 23, .ofs_x = 1, .ofs_y = -5},
    {.bitmap_index = 27896, .adv_w = 230, .box_w = 13, .box_h = 18, .ofs_x = 1, .ofs_y = -5},
    {.bitmap_index = 27994, .adv_w = 401, .box_w = 25, .box_h = 24, .ofs_x = 0, .ofs_y = 0},
    {.bitmap_index = 28206, .adv_w = 312, .box_w = 19, .box_h = 19, .ofs_x = 0, .ofs_y = 0},
    {.bitmap_index = 28347, .adv_w = 254, .box_w = 16, .box_h = 24, .ofs_x = 0, .ofs_y = 0},
    {.bitmap_index = 28481, .adv_w = 219, .box_w = 14, .box_h = 24, .ofs_x = 0, .ofs_y = -5},
    {.bitmap_index = 28601, .adv_w = 254, .box_w = 16, .box_h = 24, .ofs_x = 0, .ofs_y = 0},
    {.bitmap_index = 28732, .adv_w = 245, .box_w = 15, .box_h = 24, .ofs_x = 0, .ofs_y = 0},
    {.bitmap_index = 28838, .adv_w = 196, .box_w = 12, .box_h = 18, .ofs_x = 0, .ofs_y = 0},
    {.bitmap_index = 28907, .adv_w = 245, .box_w = 15, .box_h = 24, .ofs_x = 0, .ofs_y = 0},
    {.bitmap_index = 29010, .adv_w = 196, .box_w = 12, .box_h = 18, .ofs_x = 0, .ofs_y = 0},
    {.bitmap_index = 29079, .adv_w = 245, .box_w = 15, .box_h = 24, .ofs_x = 0, .ofs_y = 0},
    {.bitmap_index = 29187, .adv_w = 196, .box_w = 12, .box_h = 18, .ofs_x = 0, .ofs_y = 0},
    {.bitmap_index = 29258, .adv_w = 313, .box_w = 18, .box_h = 18, .ofs_x = 1, .ofs_y = 0},
    {.bitmap_index = 29372, .adv_w = 233, .box_w = 11, .box_h = 23, .ofs_x = 2, .ofs_y = -5},
    {.bitmap_index = 29457, .adv_w = 283, .box_w = 17, .box_h = 23, .ofs_x = -1, .ofs_y = -5},
    {.bitmap_index = 29616, .adv_w = 311, .box_w = 19, .box_h = 18, .ofs_x = 1, .ofs_y = 0},
    {.bitmap_index = 29746, .adv_w = 239, .box_w = 15, .box_h = 15, .ofs_x = 1, .ofs_y = 0},
    {.bitmap_index = 29838, .adv_w = 312, .box_w = 18, .box_h = 18, .ofs_x = 1, .ofs_y = 0},
    {.bitmap_index = 29966, .adv_w = 230, .box_w = 14, .box_h = 17, .ofs_x = 1, .ofs_y = 0},
    {.bitmap_index = 30065, .adv_w = 270, .box_w = 17, .box_h = 24, .ofs_x = 0, .ofs_y = 0},
    {.bitmap_index = 30198, .adv_w = 225, .box_w = 12, .box_h = 18, .ofs_x = 1, .ofs_y = 0},
    {.bitmap_index = 30286, .adv_w = 105, .box_w = 9, .box_h = 24, .ofs_x = -1, .ofs_y = 0},
    {.bitmap_index = 30365, .adv_w = 97, .box_w = 8, .box_h = 18, .ofs_x = -1, .ofs_y = 0},
    {.bitmap_index = 30427, .adv_w = 311, .box_w = 18, .box_h = 24, .ofs_x = 1, .ofs_y = 0},
    {.bitmap_index = 30573, .adv_w = 239, .box_w = 13, .box_h = 18, .ofs_x = 1, .ofs_y = 0},
    {.bitmap_index = 30664, .adv_w = 273, .box_w = 15, .box_h = 24, .ofs_x = 1, .ofs_y = 0},
    {.bitmap_index = 30799, .adv_w = 230, .box_w = 12, .box_h = 18, .ofs_x = 1, .ofs_y = 0},
    {.bitmap_index = 30890, .adv_w = 305, .box_w = 17, .box_h = 24, .ofs_x = 1, .ofs_y = 0},
    {.bitmap_index = 31034, .adv_w = 215, .box_w = 14, .box_h = 23, .ofs_x = 0, .ofs_y = -5},
    {.bitmap_index = 31163, .adv_w = 311, .box_w = 18, .box_h = 23, .ofs_x = 1, .ofs_y = -5},
    {.bitmap_index = 31309, .adv_w = 239, .box_w = 13, .box_h = 18, .ofs_x = 1, .ofs_y = -5},
    {.bitmap_index = 31400, .adv_w = 270, .box_w = 17, .box_h = 25, .ofs_x = 0, .ofs_y = 0},
    {.bitmap_index = 31545, .adv_w = 225, .box_w = 13, .box_h = 22, .ofs_x = 1, .ofs_y = 0},
    {.bitmap_index = 31657, .adv_w = 377, .box_w = 23, .box_h = 24, .ofs_x = 0, .ofs_y = 0},
    {.bitmap_index = 31812, .adv_w = 359, .box_w = 21, .box_h = 18, .ofs_x = 1, .ofs_y = 0},
    {.bitmap_index = 31944, .adv_w = 311, .box_w = 18, .box_h = 24, .ofs_x = 1, .ofs_y = 0},
    {.bitmap_index = 32100, .adv_w = 239, .box_w = 13, .box_h = 19, .ofs_x = 1, .ofs_y = -1},
    {.bitmap_index = 32201, .adv_w = 236, .box_w = 14, .box_h = 23, .ofs_x = 0, .ofs_y = -5},
    {.bitmap_index = 32314, .adv_w = 196, .box_w = 12, .box_h = 18, .ofs_x = 0, .ofs_y = -5},
    {.bitmap_index = 32396, .adv_w = 244, .box_w = 15, .box_h = 23, .ofs_x = 0, .ofs_y = -5},
    {.bitmap_index = 32498, .adv_w = 140, .box_w = 9, .box_h = 23, .ofs_x = 0, .ofs_y = -5},
    {.bitmap_index = 32578, .adv_w = 254, .box_w = 16, .box_h = 22, .ofs_x = 0, .ofs_y = 0},
    {.bitmap_index = 32695, .adv_w = 219, .box_w = 14, .box_h = 22, .ofs_x = 0, .ofs_y = -5},
    {.bitmap_index = 32799, .adv_w = 97, .box_w = 6, .box_h = 18, .ofs_x = -1, .ofs_y = -5},
    {.bitmap_index = 32857, .adv_w = 225, .box_w = 12, .box_h = 13, .ofs_x = 1, .ofs_y = 0},
    {.bitmap_index = 32921, .adv_w = 230, .box_w = 14, .box_h = 18, .ofs_x = -1, .ofs_y = -5},
    {.bitmap_index = 33026, .adv_w = 165, .box_w = 9, .box_h = 5, .ofs_x = 1, .ofs_y = 14},
    {.bitmap_index = 33045, .adv_w = 165, .box_w = 9, .box_h = 5, .ofs_x = 1, .ofs_y = 13},
    {.bitmap_index = 33063, .adv_w = 166, .box_w = 9, .box_h = 4, .ofs_x = 1, .ofs_y = 15},
    {.bitmap_index = 33081, .adv_w = 84, .box_w = 4, .box_h = 4, .ofs_x = 1, .ofs_y = 15},
    {.bitmap_index = 33090, .adv_w = 126, .box_w = 6, .box_h = 7, .ofs_x = 1, .ofs_y = 13},
    {.bitmap_index = 33110, .adv_w = 121, .box_w = 6, .box_h = 7, .ofs_x = 1, .ofs_y = -6},
    {.bitmap_index = 33131, .adv_w = 173, .box_w = 9, .box_h = 4, .ofs_x = 1, .ofs_y = 15},
    {.bitmap_index = 33149, .adv_w = 203, .box_w = 11, .box_h = 5, .ofs_x = 1, .ofs_y = 14},
    {.bitmap_index = 33177, .adv_w = 221, .box_w = 12, .box_h = 5, .ofs_x = 1, .ofs_y = 9},
    {.bitmap_index = 33205, .adv_w = 221, .box_w = 12, .box_h = 5, .ofs_x = 1, .ofs_y = 9},
    {.bitmap_index = 33234, .adv_w = 0, .box_w = 6, .box_h = 4, .ofs_x = 1, .ofs_y = 14},
    {.bitmap_index = 33245, .adv_w = 0, .box_w = 6, .box_h = 4, .ofs_x = 1, .ofs_y = 14},
    {.bitmap_index = 33258, .adv_w = 0, .box_w = 9, .box_h = 5, .ofs_x = 1, .ofs_y = 14},
    {.bitmap_index = 33277, .adv_w = 0, .box_w = 9, .box_h = 4, .ofs_x = 1, .ofs_y = 15},
    {.bitmap_index = 33295, .adv_w = 0, .box_w = 8, .box_h = 2, .ofs_x = 1, .ofs_y = 15},
    {.bitmap_index = 33301, .adv_w = 0, .box_w = 9, .box_h = 4, .ofs_x = 1, .ofs_y = 14},
    {.bitmap_index = 33319, .adv_w = 0, .box_w = 4, .box_h = 4, .ofs_x = 1, .ofs_y = 15},
    {.bitmap_index = 33328, .adv_w = 0, .box_w = 8, .box_h = 4, .ofs_x = 1, .ofs_y = 15},
    {.bitmap_index = 33345, .adv_w = 0, .box_w = 5, .box_h = 6, .ofs_x = 1, .ofs_y = 13},
    {.bitmap_index = 33360, .adv_w = 0, .box_w = 6, .box_h = 7, .ofs_x = 1, .ofs_y = 13},
    {.bitmap_index = 33380, .adv_w = 0, .box_w = 11, .box_h = 5, .ofs_x = 1, .ofs_y = 14},
    {.bitmap_index = 33408, .adv_w = 0, .box_w = 9, .box_h = 5, .ofs_x = 1, .ofs_y = 13},
    {.bitmap_index = 33426, .adv_w = 0, .box_w = 11, .box_h = 5, .ofs_x = 1, .ofs_y = 14},
    {.bitmap_index = 33452, .adv_w = 0, .box_w = 5, .box_h = 4, .ofs_x = 1, .ofs_y = 14},
    {.bitmap_index = 33463, .adv_w = 0, .box_w = 5, .box_h = 5, .ofs_x = 1, .ofs_y = 13},
    {.bitmap_index = 33476, .adv_w = 0, .box_w = 4, .box_h = 3, .ofs_x = 1, .ofs_y = -4},
    {.bitmap_index = 33483, .adv_w = 0, .box_w = 5, .box_h = 4, .ofs_x = 1, .ofs_y = -5},
    {.bitmap_index = 33494, .adv_w = 0, .box_w = 6, .box_h = 7, .ofs_x = 1, .ofs_y = -6},
    {.bitmap_index = 33515, .adv_w = 0, .box_w = 6, .box_h = 7, .ofs_x = 1, .ofs_y = -6},
    {.bitmap_index = 33536, .adv_w = 0, .box_w = 8, .box_h = 2, .ofs_x = 1, .ofs_y = 7},
    {.bitmap_index = 33541, .adv_w = 0, .box_w = 18, .box_h = 2, .ofs_x = 1, .ofs_y = 7},
    {.bitmap_index = 33550, .adv_w = 0, .box_w = 7, .box_h = 9, .ofs_x = 1, .ofs_y = 5},
    {.bitmap_index = 33575, .adv_w = 0, .box_w = 11, .box_h = 15, .ofs_x = 1, .ofs_y = 0},
    {.bitmap_index = 33623, .adv_w = 128, .box_w = 6, .box_h = 8, .ofs_x = 0, .ofs_y = 11},
    {.bitmap_index = 33647, .adv_w = 127, .box_w = 6, .box_h = 8, .ofs_x = 0, .ofs_y = 0},
    {.bitmap_index = 33671, .adv_w = 100, .box_w = 6, .box_h = 17, .ofs_x = 0, .ofs_y = -4},
    {.bitmap_index = 33708, .adv_w = 102, .box_w = 5, .box_h = 4, .ofs_x = 1, .ofs_y = 15},
    {.bitmap_index = 33719, .adv_w = 191, .box_w = 10, .box_h = 7, .ofs_x = 1, .ofs_y = 15},
    {.bitmap_index = 33748, .adv_w = 146, .box_w = 7, .box_h = 7, .ofs_x = 1, .ofs_y = 3},
    {.bitmap_index = 33766, .adv_w = 300, .box_w = 17, .box_h = 19, .ofs_x = 1, .ofs_y = 0},
    {.bitmap_index = 33881, .adv_w = 342, .box_w = 19, .box_h = 19, .ofs_x = 0, .ofs_y = 0},
    {.bitmap_index = 34016, .adv_w = 230, .box_w = 12, .box_h = 17, .ofs_x = 1, .ofs_y = -4},
    {.bitmap_index = 34102, .adv_w = 243, .box_w = 14, .box_h = 13, .ofs_x = 1, .ofs_y = 0},
    {.bitmap_index = 34185, .adv_w = 305, .box_w = 17, .box_h = 22, .ofs_x = 1, .ofs_y = 0},
    {.bitmap_index = 34314, .adv_w = 215, .box_w = 14, .box_h = 22, .ofs_x = 0, .ofs_y = -5},
    {.bitmap_index = 34434, .adv_w = 283, .box_w = 15, .box_h = 24, .ofs_x = 1, .ofs_y = 0},
    {.bitmap_index = 34574, .adv_w = 230, .box_w = 12, .box_h = 18, .ofs_x = 1, .ofs_y = 0},
    {.bitmap_index = 34661, .adv_w = 401, .box_w = 25, .box_h = 24, .ofs_x = 0, .ofs_y = 0},
    {.bitmap_index = 34868, .adv_w = 312, .box_w = 19, .box_h = 18, .ofs_x = 0, .ofs_y = 0},
    {.bitmap_index = 35001, .adv_w = 401, .box_w = 25, .box_h = 24, .ofs_x = 0, .ofs_y = 0},
    {.bitmap_index = 35209, .adv_w = 312, .box_w = 19, .box_h = 18, .ofs_x = 0, .ofs_y = 0},
    {.bitmap_index = 35341, .adv_w = 401, .box_w = 25, .box_h = 24, .ofs_x = 0, .ofs_y = 0},
    {.bitmap_index = 35554, .adv_w = 312, .box_w = 19, .box_h = 18, .ofs_x = 0, .ofs_y = 0},
    {.bitmap_index = 35694, .adv_w = 322, .box_w = 19, .box_h = 18, .ofs_x = 1, .ofs_y = 0},
    {.bitmap_index = 35830, .adv_w = 270, .box_w = 17, .box_h = 23, .ofs_x = 0, .ofs_y = -5},
    {.bitmap_index = 35954, .adv_w = 225, .box_w = 12, .box_h = 18, .ofs_x = 1, .ofs_y = -5},
    {.bitmap_index = 36038, .adv_w = 270, .box_w = 17, .box_h = 24, .ofs_x = 0, .ofs_y = 0},
    {.bitmap_index = 36174, .adv_w = 225, .box_w = 12, .box_h = 18, .ofs_x = 1, .ofs_y = 0},
    {.bitmap_index = 36262, .adv_w = 270, .box_w = 17, .box_h = 26, .ofs_x = 0, .ofs_y = 0},
    {.bitmap_index = 36406, .adv_w = 225, .box_w = 12, .box_h = 21, .ofs_x = 1, .ofs_y = 0},
    {.bitmap_index = 36507, .adv_w = 270, .box_w = 17, .box_h = 26, .ofs_x = 0, .ofs_y = 0},
    {.bitmap_index = 36652, .adv_w = 225, .box_w = 12, .box_h = 21, .ofs_x = 1, .ofs_y = 0},
    {.bitmap_index = 36753, .adv_w = 270, .box_w = 17, .box_h = 27, .ofs_x = 0, .ofs_y = 0},
    {.bitmap_index = 36901, .adv_w = 225, .box_w = 12, .box_h = 22, .ofs_x = 1, .ofs_y = 0},
    {.bitmap_index = 37006, .adv_w = 270, .box_w = 17, .box_h = 27, .ofs_x = 0, .ofs_y = 0},
    {.bitmap_index = 37157, .adv_w = 225, .box_w = 12, .box_h = 22, .ofs_x = 1, .ofs_y = 0},
    {.bitmap_index = 37264, .adv_w = 270, .box_w = 17, .box_h = 29, .ofs_x = 0, .ofs_y = -5},
    {.bitmap_index = 37414, .adv_w = 225, .box_w = 12, .box_h = 24, .ofs_x = 1, .ofs_y = -5},
    {.bitmap_index = 37520, .adv_w = 270, .box_w = 17, .box_h = 26, .ofs_x = 0, .ofs_y = 0},
    {.bitmap_index = 37666, .adv_w = 225, .box_w = 12, .box_h = 22, .ofs_x = 1, .ofs_y = 0},
    {.bitmap_index = 37770, .adv_w = 270, .box_w = 17, .box_h = 26, .ofs_x = 0, .ofs_y = 0},
    {.bitmap_index = 37917, .adv_w = 225, .box_w = 12, .box_h = 22, .ofs_x = 1, .ofs_y = 0},
    {.bitmap_index = 38021, .adv_w = 270, .box_w = 17, .box_h = 26, .ofs_x = 0, .ofs_y = 0},
    {.bitmap_index = 38167, .adv_w = 225, .box_w = 12, .box_h = 23, .ofs_x = 1, .ofs_y = 0},
    {.bitmap_index = 38275, .adv_w = 270, .box_w = 17, .box_h = 26, .ofs_x = 0, .ofs_y = 0},
    {.bitmap_index = 38422, .adv_w = 225, .box_w = 12, .box_h = 22, .ofs_x = 1, .ofs_y = 0},
    {.bitmap_index = 38531, .adv_w = 270, .box_w = 17, .box_h = 28, .ofs_x = 0, .ofs_y = -5},
    {.bitmap_index = 38680, .adv_w = 225, .box_w = 12, .box_h = 23, .ofs_x = 1, .ofs_y = -5},
    {.bitmap_index = 38785, .adv_w = 243, .box_w = 13, .box_h = 23, .ofs_x = 1, .ofs_y = -5},
    {.bitmap_index = 38868, .adv_w = 225, .box_w = 12, .box_h = 17, .ofs_x = 1, .ofs_y = -4},
    {.bitmap_index = 38945, .adv_w = 243, .box_w = 13, .box_h = 24, .ofs_x = 1, .ofs_y = 0},
    {.bitmap_index = 39036, .adv_w = 225, .box_w = 12, .box_h = 18, .ofs_x = 1, .ofs_y = 0},
    {.bitmap_index = 39118, .adv_w = 243, .box_w = 13, .box_h = 24, .ofs_x = 1, .ofs_y = 0},
    {.bitmap_index = 39214, .adv_w = 225, .box_w = 12, .box_h = 18, .ofs_x = 1, .ofs_y = 0},
    {.bitmap_index = 39297, .adv_w = 243, .box_w = 13, .box_h = 26, .ofs_x = 1, .ofs_y = 0},
    {.bitmap_index = 39398, .adv_w = 225, .box_w = 12, .box_h = 21, .ofs_x = 1, .ofs_y = 0},
    {.bitmap_index = 39493, .adv_w = 243, .box_w = 13, .box_h = 26, .ofs_x = 1, .ofs_y = 0},
    {.bitmap_index = 39594, .adv_w = 225, .box_w = 12, .box_h = 21, .ofs_x = 1, .ofs_y = 0},
    {.bitmap_index = 39689, .adv_w = 243, .box_w = 13, .box_h = 27, .ofs_x = 1, .ofs_y = 0},
    {.bitmap_index = 39793, .adv_w = 225, .box_w = 12, .box_h = 22, .ofs_x = 1, .ofs_y = 0},
    {.bitmap_index = 39892, .adv_w = 243, .box_w = 13, .box_h = 27, .ofs_x = 1, .ofs_y = 0},
    {.bitmap_index = 40000, .adv_w = 225, .box_w = 12, .box_h = 22, .ofs_x = 1, .ofs_y = 0},
    {.bitmap_index = 40101, .adv_w = 243, .box_w = 13, .box_h = 29, .ofs_x = 1, .ofs_y = -5},
    {.bitmap_index = 40210, .adv_w = 225, .box_w = 12, .box_h = 23, .ofs_x = 1, .ofs_y = -4},
    {.bitmap_index = 40311, .adv_w = 105, .box_w = 6, .box_h = 24, .ofs_x = 1, .ofs_y = 0},
    {.bitmap_index = 40380, .adv_w = 97, .box_w = 5, .box_h = 18, .ofs_x = 1, .ofs_y = 0},
    {.bitmap_index = 40427, .adv_w = 105, .box_w = 4, .box_h = 23, .ofs_x = 1, .ofs_y = -5},
    {.bitmap_index = 40474, .adv_w = 97, .box_w = 4, .box_h = 23, .ofs_x = 1, .ofs_y = -5},
    {.bitmap_index = 40522, .adv_w = 311, .box_w = 18, .box_h = 22, .ofs_x = 1, .ofs_y = -4},
    {.bitmap_index = 40657, .adv_w = 239, .box_w = 13, .box_h = 17, .ofs_x = 1, .ofs_y = -4},
    {.bitmap_index = 40740, .adv_w = 311, .box_w = 18, .box_h = 25, .ofs_x = 1, .ofs_y = 0},
    {.bitmap_index = 40892, .adv_w = 239, .box_w = 13, .box_h = 18, .ofs_x = 1, .ofs_y = 0},
    {.bitmap_index = 40983, .adv_w = 311, .box_w = 18, .box_h = 26, .ofs_x = 1, .ofs_y = 0},
    {.bitmap_index = 41143, .adv_w = 239, .box_w = 13, .box_h = 21, .ofs_x = 1, .ofs_y = 0},
    {.bitmap_index = 41246, .adv_w = 311, .box_w = 18, .box_h = 26, .ofs_x = 1, .ofs_y = 0},
    {.bitmap_index = 41406, .adv_w = 239, .box_w = 13, .box_h = 21, .ofs_x = 1, .ofs_y = 0},
    {.bitmap_index = 41510, .adv_w = 311, .box_w = 18, .box_h = 27, .ofs_x = 1, .ofs_y = 0},
    {.bitmap_index = 41669, .adv_w = 239, .box_w = 13, .box_h = 22, .ofs_x = 1, .ofs_y = 0},
    {.bitmap_index = 41776, .adv_w = 311, .box_w = 18, .box_h = 27, .ofs_x = 1, .ofs_y = 0},
    {.bitmap_index = 41940, .adv_w = 239, .box_w = 13, .box_h = 22, .ofs_x = 1, .ofs_y = 0},
    {.bitmap_index = 42050, .adv_w = 311, .box_w = 18, .box_h = 29, .ofs_x = 1, .ofs_y = -4},
    {.bitmap_index = 42213, .adv_w = 239, .box_w = 13, .box_h = 23, .ofs_x = 1, .ofs_y = -4},
    {.bitmap_index = 42319, .adv_w = 311, .box_w = 19, .box_h = 24, .ofs_x = 1, .ofs_y = 0},
    {.bitmap_index = 42470, .adv_w = 239, .box_w = 15, .box_h = 18, .ofs_x = 1, .ofs_y = 0},
    {.bitmap_index = 42575, .adv_w = 311, .box_w = 19, .box_h = 24, .ofs_x = 1, .ofs_y = 0},
    {.bitmap_index = 42724, .adv_w = 239, .box_w = 15, .box_h = 18, .ofs_x = 1, .ofs_y = 0},
    {.bitmap_index = 42831, .adv_w = 311, .box_w = 19, .box_h = 25, .ofs_x = 1, .ofs_y = 0},
    {.bitmap_index = 42994, .adv_w = 239, .box_w = 15, .box_h = 18, .ofs_x = 1, .ofs_y = 0},
    {.bitmap_index = 43103, .adv_w = 311, .box_w = 19, .box_h = 24, .ofs_x = 1, .ofs_y = 0},
    {.bitmap_index = 43264, .adv_w = 239, .box_w = 15, .box_h = 18, .ofs_x = 1, .ofs_y = 0},
    {.bitmap_index = 43373, .adv_w = 311, .box_w = 19, .box_h = 22, .ofs_x = 1, .ofs_y = -4},
    {.bitmap_index = 43519, .adv_w = 239, .box_w = 15, .box_h = 19, .ofs_x = 1, .ofs_y = -4},
    {.bitmap_index = 43626, .adv_w = 273, .box_w = 15, .box_h = 22, .ofs_x = 1, .ofs_y = -4},
    {.bitmap_index = 43750, .adv_w = 230, .box_w = 12, .box_h = 17, .ofs_x = 1, .ofs_y = -4},
    {.bitmap_index = 43836, .adv_w = 273, .box_w = 15, .box_h = 25, .ofs_x = 1, .ofs_y = 0},
    {.bitmap_index = 43974, .adv_w = 230, .box_w = 12, .box_h = 18, .ofs_x = 1, .ofs_y = 0},
    {.bitmap_index = 44064, .adv_w = 312, .box_w = 18, .box_h = 24, .ofs_x = 1, .ofs_y = 0},
    {.bitmap_index = 44214, .adv_w = 230, .box_w = 14, .box_h = 18, .ofs_x = 1, .ofs_y = 0},
    {.bitmap_index = 44323, .adv_w = 312, .box_w = 18, .box_h = 24, .ofs_x = 1, .ofs_y = 0},
    {.bitmap_index = 44472, .adv_w = 230, .box_w = 14, .box_h = 18, .ofs_x = 1, .ofs_y = 0},
    {.bitmap_index = 44580, .adv_w = 312, .box_w = 18, .box_h = 25, .ofs_x = 1, .ofs_y = 0},
    {.bitmap_index = 44739, .adv_w = 230, .box_w = 14, .box_h = 18, .ofs_x = 1, .ofs_y = 0},
    {.bitmap_index = 44850, .adv_w = 312, .box_w = 18, .box_h = 24, .ofs_x = 1, .ofs_y = 0},
    {.bitmap_index = 45009, .adv_w = 230, .box_w = 14, .box_h = 18, .ofs_x = 1, .ofs_y = 0},
    {.bitmap_index = 45121, .adv_w = 312, .box_w = 18, .box_h = 22, .ofs_x = 1, .ofs_y = -4},
    {.bitmap_index = 45263, .adv_w = 230, .box_w = 14, .box_h = 21, .ofs_x = 1, .ofs_y = -4},
    {.bitmap_index = 45376, .adv_w = 254, .box_w = 16, .box_h = 24, .ofs_x = 0, .ofs_y = 0},
    {.bitmap_index = 45506, .adv_w = 219, .box_w = 14, .box_h = 23, .ofs_x = 0, .ofs_y = -5},
    {.bitmap_index = 45618, .adv_w = 254, .box_w = 16, .box_h = 23, .ofs_x = 0, .ofs_y = -5},
    {.bitmap_index = 45739, .adv_w = 219, .box_w = 14, .box_h = 18, .ofs_x = 0, .ofs_y = -5},
    {.bitmap_index = 45839, .adv_w = 254, .box_w = 16, .box_h = 24, .ofs_x = 0, .ofs_y = 0},
    {.bitmap_index = 45973, .adv_w = 219, .box_w = 14, .box_h = 23, .ofs_x = 0, .ofs_y = -5},
    {.bitmap_index = 46087, .adv_w = 254, .box_w = 16, .box_h = 24, .ofs_x = 0, .ofs_y = 0},
    {.bitmap_index = 46222, .adv_w = 219, .box_w = 14, .box_h = 23, .ofs_x = 0, .ofs_y = -5},
    {.bitmap_index = 46335, .adv_w = 173, .box_w = 11, .box_h = 2, .ofs_x = 0, .ofs_y = 7},
    {.bitmap_index = 46341, .adv_w = 440, .box_w = 27, .box_h = 2, .ofs_x = 0, .ofs_y = 7},
    {.bitmap_index = 46350, .adv_w = 289, .box_w = 16, .box_h = 2, .ofs_x = 1, .ofs_y = 7},
    {.bitmap_index = 46357, .adv_w = 110, .box_w = 6, .box_h = 8, .ofs_x = 0, .ofs_y = 10},
    {.bitmap_index = 46381, .adv_w = 110, .box_w = 7, .box_h = 8, .ofs_x = 0, .ofs_y = 10},
    {.bitmap_index = 46406, .adv_w = 119, .box_w = 6, .box_h = 8, .ofs_x = 1, .ofs_y = -4},
    {.bitmap_index = 46431, .adv_w = 185, .box_w = 11, .box_h = 8, .ofs_x = 0, .ofs_y = 10},
    {.bitmap_index = 46475, .adv_w = 186, .box_w = 11, .box_h = 8, .ofs_x = 0, .ofs_y = 10},
    {.bitmap_index = 46519, .adv_w = 168, .box_w = 11, .box_h = 8, .ofs_x = 0, .ofs_y = -4},
    {.bitmap_index = 46564, .adv_w = 161, .box_w = 10, .box_h = 21, .ofs_x = 0, .ofs_y = -3},
    {.bitmap_index = 46631, .adv_w = 166, .box_w = 9, .box_h = 21, .ofs_x = 1, .ofs_y = -3},
    {.bitmap_index = 46701, .adv_w = 151, .box_w = 7, .box_h = 6, .ofs_x = 1, .ofs_y = 3},
    {.bitmap_index = 46716, .adv_w = 161, .box_w = 9, .box_h = 10, .ofs_x = 1, .ofs_y = 2},
    {.bitmap_index = 46750, .adv_w = 185, .box_w = 9, .box_h = 4, .ofs_x = 1, .ofs_y = 0},
    {.bitmap_index = 46770, .adv_w = 281, .box_w = 15, .box_h = 4, .ofs_x = 1, .ofs_y = 0},
    {.bitmap_index = 46802, .adv_w = 429, .box_w = 25, .box_h = 18, .ofs_x = 1, .ofs_y = 0},
    {.bitmap_index = 46973, .adv_w = 561, .box_w = 33, .box_h = 18, .ofs_x = 1, .ofs_y = 0},
    {.bitmap_index = 47180, .adv_w = 107, .box_w = 7, .box_h = 11, .ofs_x = 0, .ofs_y = 1},
    {.bitmap_index = 47215, .adv_w = 107, .box_w = 7, .box_h = 11, .ofs_x = 0, .ofs_y = 1},
    {.bitmap_index = 47249, .adv_w = 54, .box_w = 13, .box_h = 18, .ofs_x = -5, .ofs_y = 0},
    {.bitmap_index = 47315, .adv_w = 170, .box_w = 9, .box_h = 11, .ofs_x = 1, .ofs_y = 13},
    {.bitmap_index = 47356, .adv_w = 233, .box_w = 13, .box_h = 19, .ofs_x = 1, .ofs_y = 0},
    {.bitmap_index = 47445, .adv_w = 233, .box_w = 15, .box_h = 18, .ofs_x = 0, .ofs_y = 0},
    {.bitmap_index = 47537, .adv_w = 233, .box_w = 15, .box_h = 18, .ofs_x = 0, .ofs_y = 0},
    {.bitmap_index = 47634, .adv_w = 233, .box_w = 15, .box_h = 18, .ofs_x = 0, .ofs_y = 0},
    {.bitmap_index = 47736, .adv_w = 233, .box_w = 14, .box_h = 18, .ofs_x = 0, .ofs_y = 0},
    {.bitmap_index = 47825, .adv_w = 233, .box_w = 14, .box_h = 18, .ofs_x = 0, .ofs_y = 0},
    {.bitmap_index = 47898, .adv_w = 233, .box_w = 15, .box_h = 18, .ofs_x = 0, .ofs_y = 0},
    {.bitmap_index = 48000, .adv_w = 469, .box_w = 28, .box_h = 19, .ofs_x = 1, .ofs_y = 0},
    {.bitmap_index = 48214, .adv_w = 295, .box_w = 18, .box_h = 10, .ofs_x = 0, .ofs_y = 9},
    {.bitmap_index = 48297, .adv_w = 326, .box_w = 19, .box_h = 19, .ofs_x = 1, .ofs_y = 0},
    {.bitmap_index = 48428, .adv_w = 329, .box_w = 20, .box_h = 18, .ofs_x = 0, .ofs_y = 0},
    {.bitmap_index = 48567, .adv_w = 362, .box_w = 22, .box_h = 18, .ofs_x = 0, .ofs_y = 0},
    {.bitmap_index = 48725, .adv_w = 360, .box_w = 22, .box_h = 18, .ofs_x = 0, .ofs_y = 0},
    {.bitmap_index = 48882, .adv_w = 334, .box_w = 21, .box_h = 18, .ofs_x = 0, .ofs_y = 0},
    {.bitmap_index = 49027, .adv_w = 466, .box_w = 29, .box_h = 16, .ofs_x = 0, .ofs_y = 0},
    {.bitmap_index = 49121, .adv_w = 466, .box_w = 29, .box_h = 16, .ofs_x = 0, .ofs_y = 0},
    {.bitmap_index = 49214, .adv_w = 262, .box_w = 14, .box_h = 20, .ofs_x = 1, .ofs_y = -1},
    {.bitmap_index = 49325, .adv_w = 299, .box_w = 17, .box_h = 18, .ofs_x = 1, .ofs_y = 0},
    {.bitmap_index = 49445, .adv_w = 274, .box_w = 16, .box_h = 19, .ofs_x = 1, .ofs_y = 0},
    {.bitmap_index = 49547, .adv_w = 244, .box_w = 14, .box_h = 19, .ofs_x = 1, .ofs_y = 0},
    {.bitmap_index = 49654, .adv_w = 259, .box_w = 15, .box_h = 19, .ofs_x = 1, .ofs_y = 0},
    {.bitmap_index = 49743, .adv_w = 233, .box_w = 11, .box_h = 3, .ofs_x = 2, .ofs_y = 5},
    {.bitmap_index = 49752, .adv_w = 171, .box_w = 10, .box_h = 19, .ofs_x = 0, .ofs_y = 0},
    {.bitmap_index = 49814, .adv_w = 254, .box_w = 15, .box_h = 22, .ofs_x = 0, .ofs_y = -3},
    {.bitmap_index = 49918, .adv_w = 359, .box_w = 22, .box_h = 10, .ofs_x = 0, .ofs_y = 4},
    {.bitmap_index = 50013, .adv_w = 198, .box_w = 12, .box_h = 25, .ofs_x = 0, .ofs_y = -6},
    {.bitmap_index = 50115, .adv_w = 233, .box_w = 13, .box_h = 12, .ofs_x = 1, .ofs_y = 0},
    {.bitmap_index = 50182, .adv_w = 233, .box_w = 11, .box_h = 13, .ofs_x = 2, .ofs_y = 0},
    {.bitmap_index = 50226, .adv_w = 233, .box_w = 14, .box_h = 15, .ofs_x = 0, .ofs_y = -1},
    {.bitmap_index = 50296, .adv_w = 233, .box_w = 14, .box_h = 15, .ofs_x = 0, .ofs_y = -1},
    {.bitmap_index = 50362, .adv_w = 246, .box_w = 14, .box_h = 19, .ofs_x = 1, .ofs_y = 0},
    {.bitmap_index = 50466, .adv_w = 218, .box_w = 13, .box_h = 18, .ofs_x = 0, .ofs_y = 0},
    {.bitmap_index = 50562, .adv_w = 235, .box_w = 15, .box_h = 18, .ofs_x = 0, .ofs_y = 0}
};

/*---------------------
 *  CHARACTER MAPPING
 *--------------------*/

static const uint16_t unicode_list_2[] = {
    0x0, 0x3, 0xe, 0x11, 0x12, 0x20, 0x21, 0x3e,
    0x3f, 0x40, 0x41, 0x42, 0x43, 0x44, 0x45, 0x57,
    0x58, 0x5b, 0x5c, 0x6b, 0x6c, 0x6d, 0x6e, 0x6f,
    0x70, 0x89, 0x8a, 0x8b, 0x8c, 0xa3, 0xa4, 0xa8,
    0xca, 0xe3, 0x137, 0x138, 0x149, 0x14a, 0x14b, 0x14c,
    0x14d, 0x14e, 0x166, 0x167, 0x171, 0x172, 0x173, 0x174,
    0x175, 0x177, 0x178, 0x179, 0x17a, 0x17b, 0x17c, 0x17d,
    0x180, 0x183, 0x18c, 0x194, 0x197, 0x198, 0x199, 0x1a6,
    0x1a7, 0x1a8, 0x1a9, 0x1e5, 0x1e6, 0x1ef, 0x1f5, 0x1f6,
    0x1f8, 0x205, 0x21a, 0x22d, 0x231, 0x1c91, 0x1c92, 0x1cb5,
    0x1cb6, 0x1cf1, 0x1cf2, 0x1cf3, 0x1cf4, 0x1cf5, 0x1cf6, 0x1d0f
};

static const uint16_t unicode_list_4[] = {
    0x0, 0x1, 0x2, 0x5, 0x6, 0x7, 0x9, 0xa,
    0xb, 0xd, 0xe, 0xf, 0x10, 0x12, 0x13, 0x1d,
    0x1e, 0x26, 0x27, 0x31, 0x61, 0x98, 0x99, 0x9e,
    0xa0, 0xa1, 0xa5, 0xaa, 0x103, 0x10f, 0x113, 0x148,
    0x149, 0x14a, 0x14b, 0x17d, 0x17f, 0x1ef, 0x1f2, 0x1f3,
    0x1fc, 0x1fe, 0x1ff, 0x202, 0x207, 0x20b, 0x218, 0x235,
    0x24d, 0x251, 0x252, 0x5b7, 0xdaee, 0xdaef
};

/*Collect the unicode lists and glyph_id offsets*/
static const lv_font_fmt_txt_cmap_t cmaps[] =
{
    {
        .range_start = 32, .range_length = 95, .glyph_id_start = 1,
        .unicode_list = NULL, .glyph_id_ofs_list = NULL, .list_length = 0, .type = LV_FONT_FMT_TXT_CMAP_FORMAT0_TINY
    },
    {
        .range_start = 160, .range_length = 223, .glyph_id_start = 96,
        .unicode_list = NULL, .glyph_id_ofs_list = NULL, .list_length = 0, .type = LV_FONT_FMT_TXT_CMAP_FORMAT0_TINY
    },
    {
        .range_start = 399, .range_length = 7440, .glyph_id_start = 319,
        .unicode_list = unicode_list_2, .glyph_id_ofs_list = NULL, .list_length = 88, .type = LV_FONT_FMT_TXT_CMAP_SPARSE_TINY
    },
    {
        .range_start = 7840, .range_length = 90, .glyph_id_start = 407,
        .unicode_list = NULL, .glyph_id_ofs_list = NULL, .list_length = 0, .type = LV_FONT_FMT_TXT_CMAP_FORMAT0_TINY
    },
    {
        .range_start = 8211, .range_length = 56048, .glyph_id_start = 497,
        .unicode_list = unicode_list_4, .glyph_id_ofs_list = NULL, .list_length = 54, .type = LV_FONT_FMT_TXT_CMAP_SPARSE_TINY
    }
};

/*-----------------
 *    KERNING
 *----------------*/


/*Map glyph_ids to kern left classes*/
static const uint8_t kern_left_class_mapping[] =
{
    0, 0, 0, 0, 0, 0, 0, 0,
    0, 0, 0, 0, 0, 0, 0, 0,
    1, 0, 0, 0, 0, 0, 0, 0,
    2, 0, 0, 0, 0, 0, 0, 0,
    0, 0, 3, 4, 5, 6, 7, 8,
    9, 0, 0, 10, 11, 12, 0, 0,
    13, 14, 15, 16, 17, 18, 10, 19,
    20, 21, 22, 23, 0, 0, 0, 0,
    0, 0, 24, 25, 26, 0, 27, 28,
    29, 30, 0, 0, 31, 32, 24, 24,
    33, 34, 0, 35, 36, 37, 38, 39,
    40, 41, 39, 42, 0, 0, 0, 0,
    0, 0, 0, 0, 0, 0, 0, 0,
    0, 0, 0, 0, 0, 0, 0, 0,
    0, 0, 0, 0, 0, 0, 0, 0,
    0, 0, 0, 0, 0, 0, 0, 0,
    3, 3, 3, 3, 3, 3, 7, 5,
    7, 7, 7, 7, 0, 0, 0, 0,
    6, 0, 13, 13, 13, 13, 13, 0,
    13, 10, 10, 10, 10, 22, 0, 43,
    24, 24, 24, 24, 24, 24, 27, 26,
    27, 27, 27, 27, 0, 0, 0, 0,
    0, 24, 33, 33, 33, 33, 33, 0,
    33, 38, 38, 38, 38, 39, 33, 39,
    3, 24, 3, 24, 3, 24, 5, 26,
    5, 26, 5, 26, 5, 26, 6, 0,
    6, 0, 7, 27, 7, 27, 7, 27,
    7, 27, 7, 27, 9, 29, 9, 29,
    9, 29, 9, 29, 0, 30, 0, 30,
    0, 0, 0, 0, 0, 0, 0, 0,
    0, 0, 10, 0, 10, 0, 11, 31,
    31, 12, 32, 12, 32, 12, 32, 0,
    0, 12, 0, 0, 24, 0, 24, 0,
    24, 24, 0, 24, 13, 33, 13, 33,
    13, 33, 7, 27, 16, 35, 16, 35,
    16, 35, 17, 36, 17, 36, 17, 36,
    17, 36, 18, 37, 18, 37, 18, 37,
    10, 38, 10, 38, 10, 38, 10, 38,
    10, 38, 10, 38, 20, 40, 22, 39,
    22, 23, 42, 23, 42, 23, 42, 6,
    0, 0, 0, 33, 0, 38, 3, 24,
    0, 0, 13, 33, 10, 38, 9, 29,
    13, 33, 3, 24, 7, 27, 13, 33,
    17, 36, 18, 37, 22, 39, 0, 27,
    24, 0, 0, 0, 0, 0, 0, 0,
    0, 0, 0, 0, 0, 0, 0, 0,
    0, 0, 0, 0, 0, 0, 0, 0,
    0, 0, 0, 0, 0, 0, 0, 0,
    0, 0, 0, 0, 0, 0, 0, 0,
    3, 0, 0, 0, 9, 29, 0, 24,
    20, 40, 20, 40, 20, 40, 17, 3,
    24, 3, 24, 3, 24, 3, 24, 3,
    24, 3, 24, 3, 24, 3, 24, 3,
    24, 3, 24, 3, 24, 3, 24, 7,
    27, 7, 27, 7, 27, 7, 27, 7,
    27, 7, 27, 7, 27, 7, 27, 0,
    0, 0, 0, 13, 33, 13, 33, 13,
    33, 13, 33, 13, 33, 13, 33, 13,
    33, 0, 33, 0, 33, 0, 33, 0,
    33, 0, 33, 10, 38, 10, 38, 0,
    38, 0, 38, 0, 38, 0, 38, 0,
    38, 22, 39, 22, 39, 22, 39, 22,
    39, 0, 0, 0, 0, 0, 0, 0,
    0, 0, 0, 0, 0, 0, 0, 0,
    0, 0, 0, 0, 44, 0, 0, 0,
    0, 0, 0, 0, 0, 0, 0, 0,
    0, 0, 0, 0, 0, 0, 0, 0,
    3, 0, 0, 0, 0, 0, 0, 0,
    0, 0, 0, 0, 0, 0, 32
};

/*Map glyph_ids to kern right classes*/
static const uint8_t kern_right_class_mapping[] =
{
    0, 0, 1, 0, 0, 0, 0, 0,
    0, 0, 0, 2, 0, 3, 0, 4,
    5, 0, 0, 0, 0, 6, 0, 0,
    0, 0, 0, 0, 7, 0, 0, 0,
    8, 0, 9, 10, 11, 10, 10, 10,
    11, 10, 10, 12, 10, 10, 10, 10,
    11, 10, 11, 10, 13, 14, 15, 16,
    17, 18, 19, 20, 0, 21, 0, 0,
    0, 0, 22, 0, 23, 23, 23, 24,
    25, 0, 26, 0, 0, 27, 28, 28,
    23, 28, 23, 28, 29, 30, 31, 32,
    33, 34, 32, 35, 0, 0, 0, 0,
    0, 36, 22, 0, 0, 0, 0, 0,
    0, 0, 0, 0, 0, 0, 0, 0,
    0, 0, 0, 0, 0, 0, 0, 0,
    0, 0, 0, 0, 0, 0, 0, 37,
    9, 9, 9, 9, 9, 9, 9, 11,
    10, 10, 10, 10, 10, 10, 10, 10,
    0, 10, 11, 11, 11, 11, 11, 0,
    11, 15, 15, 15, 15, 19, 10, 38,
    22, 22, 22, 22, 22, 22, 22, 23,
    23, 23, 23, 23, 0, 0, 0, 0,
    23, 28, 23, 23, 23, 23, 23, 0,
    23, 31, 31, 31, 31, 33, 0, 33,
    9, 22, 9, 22, 9, 22, 11, 23,
    11, 23, 11, 23, 11, 23, 10, 23,
    10, 23, 10, 23, 10, 23, 10, 23,
    10, 23, 10, 23, 11, 25, 11, 25,
    11, 25, 11, 25, 10, 0, 10, 0,
    10, 0, 10, 0, 10, 0, 10, 0,
    10, 0, 10, 0, 12, 0, 10, 0,
    28, 10, 27, 10, 27, 10, 27, 10,
    27, 0, 0, 10, 28, 10, 28, 10,
    28, 39, 10, 28, 11, 23, 11, 23,
    11, 23, 11, 23, 10, 28, 10, 28,
    10, 28, 13, 29, 13, 29, 13, 29,
    13, 29, 14, 30, 14, 30, 14, 30,
    15, 31, 15, 31, 15, 31, 15, 31,
    15, 31, 15, 31, 17, 33, 19, 33,
    19, 20, 35, 20, 35, 20, 35, 11,
    0, 10, 11, 23, 15, 31, 9, 22,
    10, 0, 11, 23, 15, 31, 11, 25,
    11, 23, 9, 22, 9, 22, 11, 23,
    13, 29, 14, 30, 19, 33, 0, 23,
    28, 0, 0, 0, 0, 0, 0, 0,
    0, 0, 0, 0, 0, 0, 0, 0,
    0, 0, 0, 0, 0, 0, 0, 0,
    0, 0, 0, 0, 0, 0, 0, 0,
    0, 0, 0, 0, 0, 0, 0, 0,
    9, 0, 0, 0, 11, 25, 10, 28,
    17, 33, 17, 33, 17, 33, 13, 9,
    22, 9, 22, 9, 22, 9, 22, 9,
    22, 9, 22, 9, 22, 9, 22, 9,
    22, 9, 22, 9, 22, 9, 22, 10,
    23, 10, 23, 10, 23, 10, 23, 10,
    23, 10, 23, 10, 23, 10, 23, 10,
    0, 0, 0, 11, 23, 11, 23, 11,
    23, 11, 23, 11, 23, 11, 23, 11,
    23, 11, 23, 11, 23, 11, 23, 11,
    23, 11, 23, 15, 31, 15, 31, 15,
    31, 15, 31, 15, 31, 15, 31, 15,
    31, 19, 33, 19, 33, 19, 33, 19,
    33, 0, 0, 0, 39, 40, 0, 39,
    40, 0, 0, 0, 0, 0, 4, 4,
    0, 0, 0, 0, 41, 0, 0, 0,
    0, 0, 0, 0, 0, 0, 0, 0,
    0, 0, 0, 0, 0, 0, 22, 0,
    9, 0, 0, 0, 0, 0, 0, 0,
    0, 0, 0, 0, 0, 24, 24
};

/*Kern values between classes*/
static const int8_t kern_class_values[] =
{
    0, 0, 0, 0, -46, 0, 0, 0,
    0, 0, 0, 0, 0, 0, 0, 0,
    0, 0, 0, 0, 0, 0, 0, 0,
    0, 0, 0, 0, 0, 0, 0, 0,
    0, 0, 0, 0, 0, 0, 0, 0,
    0, 0, 0, 0, 0, 0, 0, 0,
    0, 0, 0, 0, 0, 0, 0, 0,
    0, 0, 0, 0, 0, 0, 0, 0,
    0, 0, 0, 0, 0, 0, 0, 0,
    0, 0, 0, 0, 0, 0, 0, 0,
    0, -17, 0, -20, 0, 0, 0, 0,
    0, -20, 0, 0, -13, 0, 0, -40,
    -11, -35, -31, 0, -38, 0, -4, 0,
    0, -17, 0, 0, -4, 0, 0, -20,
    0, -23, -20, 0, 0, 0, 0, 0,
    -21, -20, 0, -2, -4, 0, 0, -1,
    0, 0, -9, 0, 0, 0, 0, 0,
    -9, 0, -13, -10, -8, -17, 0, -3,
    0, 0, 0, 0, 0, 0, 0, 0,
    0, 0, -5, -2, -4, 0, 0, -5,
    0, -6, -3, 0, -2, 0, 0, 0,
    -2, 0, -4, 0, -4, 0, 0, 0,
    0, -3, 0, -5, 0, -8, -10, 0,
    -2, 0, 0, 0, 0, 0, 0, 0,
    -1, 0, 0, 0, 0, 0, -2, 0,
    -9, 0, 0, 0, 0, 0, -2, -10,
    0, -3, 0, 0, -6, -13, 0, 0,
    0, -2, -17, 0, -15, -9, -21, -22,
    -12, -3, 0, 0, 0, 0, 0, 0,
    0, 0, 0, 0, 0, 0, 0, 0,
    0, -15, 0, 0, 0, 0, 0, 0,
    0, 0, 0, 0, 0, -5, 0, 0,
    -2, -3, -3, 0, 0, 0, 0, 0,
    0, 0, 0, 0, -2, -4, 0, 0,
    0, 0, 0, -5, 0, -10, -6, 0,
    0, 0, 0, 0, -5, -2, 0, 0,
    0, -26, 0, -4, 0, -10, 0, -35,
    0, -3, -16, -10, 0, 0, 0, 0,
    0, 0, 0, 0, -17, -12, -5, -15,
    0, 0, -15, -16, -5, -11, -14, -12,
    -19, -15, -11, -22, -7, 0, 0, 0,
    0, -2, 0, 0, 0, 0, 0, -5,
    0, 0, 0, 0, 0, -12, 0, -14,
    -10, 0, -19, 0, -3, 0, 0, 0,
    0, 0, 0, 0, 0, 0, 0, -4,
    0, 0, 0, 0, 0, 0, -7, -4,
    0, -2, 0, -4, 0, -3, 0, 0,
    0, -11, 0, 0, 0, 0, 0, 0,
    0, 0, -2, 0, -2, 0, 0, 0,
    0, 0, 0, 0, 0, 0, 0, 0,
    0, 0, 0, 0, 0, -15, 0, 0,
    0, 0, 0, -2, 0, 0, 0, 0,
    0, -13, 0, 0, -20, -4, -6, 0,
    0, 0, 0, 0, 0, 0, 0, -1,
    -11, -18, 0, 0, 0, 0, 0, -21,
    -6, -29, -25, 0, 0, 0, 0, 0,
    -15, -9, 0, 0, -25, 0, 0, 0,
    0, 0, -24, 0, 0, -16, 0, 0,
    -49, -10, -45, -42, 0, -48, 0, -5,
    0, -3, -17, 0, 0, 0, 0, 0,
    -20, 0, -36, -23, 0, 0, 0, 0,
    0, -25, -25, 0, 0, -2, -10, 0,
    -3, 0, 0, -6, -13, 0, 0, 0,
    -2, -15, 0, -14, -9, -20, -21, -12,
    -3, 0, 0, 0, 0, 0, 0, 0,
    0, 0, 0, 0, 0, 0, 0, 0,
    -15, 0, 0, 0, 0, 0, 0, -26,
    0, -4, 0, 0, 0, -34, 0, 0,
    -25, -3, 0, 0, 0, 0, -8, -3,
    -7, 0, -5, -12, 0, -9, 0, 0,
    0, -7, 0, 0, 0, 0, 0, 0,
    0, -22, 0, 0, 0, 0, 0, -9,
    0, 0, 0, 0, 0, -12, 0, -2,
    0, -4, -6, -22, -1, -20, -15, 0,
    -27, 0, -4, 0, 0, 0, 0, 0,
    0, 0, 0, 0, 0, -1, 0, 0,
    0, 0, 0, 0, -1, -1, 0, 0,
    -1, 0, 0, 0, 0, 0, -7, 0,
    -2, -7, -6, -6, -8, -7, -13, -10,
    0, -17, 0, -4, 0, -9, -1, 0,
    0, -1, 0, 0, -1, -3, -4, -3,
    0, 0, 0, 0, 0, -1, 0, 0,
    -2, -3, 0, 0, -1, 0, 0, -12,
    0, 0, 0, 0, 0, -2, 0, -10,
    -7, -6, -13, 0, -3, 0, 0, -12,
    0, 0, 0, 0, 0, -12, 0, -14,
    -7, -6, 0, 0, -4, 0, -15, -12,
    0, 0, 0, -20, 0, -4, 0, -20,
    0, -40, 0, -15, -13, -7, 0, 0,
    0, 0, 0, 0, 0, 0, -38, -38,
    -15, -37, 0, 0, -35, -38, -16, -31,
    -27, -28, -29, -37, -20, -23, -9, -4,
    0, 0, 0, 0, -20, 0, -4, 0,
    -17, 0, -35, 0, -14, -15, -12, 0,
    0, 0, 0, 0, 0, 0, 0, -28,
    -29, -7, -28, 0, 0, -24, -29, -7,
    -18, -10, -11, -12, -20, -17, -21, -12,
    -4, 0, 0, 0, 0, -18, 0, -4,
    0, -14, 0, -31, 0, -9, -17, -9,
    0, 0, 0, 0, 0, 0, 0, 0,
    -20, -22, -1, -22, 0, 0, -16, -20,
    -1, -11, -4, -6, -7, -14, -11, -20,
    -8, 0, 0, 0, 0, 0, 0, 0,
    0, 0, 0, -9, 0, 0, -20, -5,
    -7, 0, -2, 0, 0, 0, 0, 0,
    0, -1, -12, -15, 0, 0, 0, 0,
    0, -17, -7, -27, -25, 0, 0, 0,
    0, 0, -14, -6, 0, 0, 0, -21,
    0, -5, 0, -19, -4, -38, 0, -20,
    -14, -15, 0, 0, 0, 0, 0, 0,
    0, 0, -34, -35, -15, -33, 0, 0,
    -32, -35, -15, -27, -18, -20, -21, -30,
    -19, -22, -16, -9, 0, 0, 0, 0,
    0, 0, 0, 0, 0, -3, 0, 0,
    -13, 0, -2, 0, 0, 0, 0, 0,
    0, 0, 0, 0, -6, -10, 0, 0,
    0, 0, 0, -11, -3, -19, -19, 0,
    0, 0, 0, 0, -9, -2, 0, 0,
    -13, 0, 0, 0, 0, 0, -17, 0,
    0, 0, 0, 0, 0, 0, 0, 0,
    0, 0, 0, -4, 0, 0, 0, 0,
    0, 0, 0, 0, 0, 0, -5, -3,
    0, 0, 0, 0, 0, 0, 0, 0,
    -4, -18, 0, 0, -2, 0, 0, -19,
    0, 0, 0, 0, 0, 0, 0, 0,
    0, 0, 0, 0, -4, 0, 0, -8,
    0, 0, 0, 0, 0, -7, 0, -6,
    -1, -10, -4, 0, -9, 0, -13, -15,
    0, 0, -5, 0, 0, 0, 0, 0,
    -17, 0, 0, 0, 0, 0, 0, 0,
    0, 0, 0, 0, 0, -4, 0, 0,
    0, 0, 0, 0, 0, 0, 0, 0,
    0, 0, -1, 0, 0, 0, 0, 0,
    0, 0, 0, -13, 0, 0, -1, 0,
    0, -18, 0, 0, 0, 0, 0, 0,
    0, 0, 0, 0, 0, 0, -4, 0,
    0, -2, 0, 0, 0, 0, 0, -2,
    0, -5, -1, -5, 0, 0, -3, 0,
    0, -1, 0, 0, 0, -25, -23, -3,
    0, 0, 0, 0, 0, 0, 0, 0,
    0, 0, 0, 0, 0, 0, 0, 0,
    0, -10, -35, -7, -4, -4, 0, -3,
    0, 0, 0, 0, 0, 0, 0, -23,
    0, 0, 0, 0, 0, 0, 0, 0,
    0, 0, 0, 0, 0, 0, 0, 0,
    0, 0, 0, 0, 0, 0, 0, 0,
    -4, -3, -4, 0, 0, 0, 0, 0,
    -5, 0, 0, 0, 0, 0, 0, 0,
    -4, 0, 0, 0, 0, -3, -17, 0,
    0, 0, 0, 0, -18, 0, 0, 0,
    0, 0, 0, 0, 0, 0, 0, 0,
    0, -4, 0, 0, -6, 0, 0, 0,
    0, 0, -4, 0, -5, -3, 0, 0,
    0, 0, 0, -10, -11, 0, 0, -7,
    0, 0, 0, 0, 0, 0, 0, 0,
    0, 0, 0, 0, 0, 0, 0, 0,
    0, 0, -4, -1, -11, 0, 0, 0,
    -11, 0, 0, 0, -3, 0, 0, 0,
    0, 0, 0, 0, 0, 0, 0, 0,
    -11, 0, 0, 0, 0, 0, -16, 0,
    0, 0, 0, 0, 0, 0, 0, 0,
    0, 0, 0, -2, 0, 0, -8, 0,
    0, 0, 0, 0, -3, 0, 0, 0,
    0, 0, 0, 0, 0, -13, -11, 0,
    0, -15, 0, 0, -2, 0, 0, -18,
    0, 0, 0, 0, 0, 0, 0, 0,
    0, 0, 0, 0, -4, 0, 0, -3,
    0, 0, 0, 0, 0, -4, 0, -6,
    -2, -11, -5, 0, -10, 0, -1, -1,
    0, 0, -3, 0, 0, -1, 0, 0,
    -3, 0, 0, 0, 0, 0, 0, 0,
    0, 0, 0, 0, 0, -4, 0, 0,
    0, 0, 0, 0, 0, 0, 0, 0,
    -1, -1, -2, 0, 0, -2, 0, 0,
    0, 0, 0, 0, -20, -42, -4, 0,
    0, 0, 0, 0, 0, 0, 0, 0,
    0, 0, 0, 0, 0, 0, -3, -5,
    -11, 0, -9, 0, -8, 0, -6, 0,
    0, 0, 0, 0, 0, 0, -21, 0,
    0, 0, 0, 0, -7, 0, 0, 0,
    0, 0, -18, 0, 0, 0, 0, 0,
    0, 0, 0, 0, 0, 0, 0, -4,
    0, 0, 0, 0, 0, 0, 0, 0,
    0, 0, -4, -1, -1, 0, 0, 0,
    0, 0, 0, 0, 0, 0, 0, 0,
    0, 0, 0, 0, 0, 0, 0, 0,
    0, 0, 0, 0, 0, 0, 0, 0,
    -3, 0, -4, 0, 0, 0, 0, 0,
    0, 0, 0, 0, 0, 0, 0, 0,
    0, 0, 0, 0, 0, 0, -4, 0,
    0, 0, 0, 0, -11, 0, 0, 0,
    0, 0, 0, 0, 0, 0, 0, 0,
    0, 0, 0, 0, 0, 0, 0, 0,
    0, 0, 0, 0, 0, 0, 0, 0,
    0, 0, 0, 0, 0, 0, 0, 0,
    -17, 0, -3, 0, 0, 0, 0, 0,
    0, 0, 0, 0, 0, 0, 0, 0,
    0, 0, -2, -2, -6, 0, -5, 0,
    0, 0, -3, 0, 0, 0, 0, 0,
    0, 0, -18, 0, 0, 0, 0, 0,
    0, -15, 0, -3, 0, 0, 0, 0,
    0, 0, 0, 0, 0, 0, 0, 0,
    0, 0, 0, -3, 0, -1, 0, -2,
    0, 0, 0, 0, 0, 0, 0, 0,
    0, 0, 0, -17, 0, 0, 0, 0,
    0, 0, 0, 0, 0, 0, 0, 0,
    0, 0, 0, 0, 0, 0, 0, 0,
    0, 0, 0, 0, -3, -1, -11, 0,
    -2, 0, 0, 0, 0, 0, 0, 0,
    0, 0, 0, 0, 0, 0, 0, 0,
    0, 0, 0, 0, 0, 0, 0, 0,
    0, 0, 0, 0, 0, 0, 0, 0,
    0, 0, 0, 0, 0, -4, 0, -4,
    0, 0, 0, 0, 0, 0, 0, 0,
    0, 0, 0, 0, 0, 0, 0, 0,
    0, 0, 0, -9, 0, 0, 0, 0,
    0, -15, 0, 0, 0, 0, 0, 0,
    0, 0, 0, 0, 0, 0, -3, 0,
    0, -9, 0, 0, 0, 0, 0, -8,
    0, -13, -8, 0, 0, 0, 0, 0,
    -13, -12, 0, 0, 0, 0, 0, 0,
    -25, 0, 0, 0, 0, 0, 0, 0,
    0, 0, 0, 0, 0, 0, 0, 0,
    0, 0, 0, 0, 0, 0, 0, 0,
    0, 0, 0, 0, 0, 0, 0, 0,
    0, 0, 0, 0
};


/*Collect the kern class' data in one place*/
static const lv_font_fmt_txt_kern_classes_t kern_classes =
{
    .class_pair_values   = kern_class_values,
    .left_class_mapping  = kern_left_class_mapping,
    .right_class_mapping = kern_right_class_mapping,
    .left_class_cnt      = 44,
    .right_class_cnt     = 41,
};

/*--------------------
 *  ALL CUSTOM DATA
 *--------------------*/

#if LVGL_VERSION_MAJOR == 8
/*Store all the custom data of the font*/
static  lv_font_fmt_txt_glyph_cache_t cache;
#endif

#if LVGL_VERSION_MAJOR >= 8
static const lv_font_fmt_txt_dsc_t font_dsc = {
#else
static lv_font_fmt_txt_dsc_t font_dsc = {
#endif
    .glyph_bitmap = glyph_bitmap,
    .glyph_dsc = glyph_dsc,
    .cmaps = cmaps,
    .kern_dsc = &kern_classes,
    .kern_scale = 16,
    .cmap_num = 5,
    .bpp = 4,
    .kern_classes = 1,
    .bitmap_format = 2,
#if LVGL_VERSION_MAJOR == 8
    .cache = &cache
#endif
};



/*-----------------
 *  PUBLIC FONT
 *----------------*/

/*Initialize a public general font descriptor*/
#if LVGL_VERSION_MAJOR >= 8
const lv_font_t ori_font_hanken_26 = {
#else
lv_font_t ori_font_hanken_26 = {
#endif
    .get_glyph_dsc = lv_font_get_glyph_dsc_fmt_txt,    /*Function pointer to get glyph's data*/
    .get_glyph_bitmap = lv_font_get_bitmap_fmt_txt,    /*Function pointer to get glyph's bitmap*/
    .line_height = 34,          /*The maximum line height required by the font*/
    .base_line = 7,             /*Baseline measured from the bottom of the line*/
#if !(LVGL_VERSION_MAJOR == 6 && LVGL_VERSION_MINOR == 0)
    .subpx = LV_FONT_SUBPX_NONE,
#endif
#if LV_VERSION_CHECK(7, 4, 0) || LVGL_VERSION_MAJOR >= 8
    .underline_position = -3,
    .underline_thickness = 1,
#endif
    .dsc = &font_dsc,          /*The custom font data. Will be accessed by `get_glyph_bitmap/dsc` */
#if LV_VERSION_CHECK(8, 2, 0) || LVGL_VERSION_MAJOR >= 9
    .fallback = NULL,
#endif
    .user_data = NULL,
};



#endif /*#if ORI_FONT_HANKEN_26*/

